date,low,high,open,close,volume,symbol,granularity
2021-03-18 12:00:00,1.239,1.88,1.6551,1.2902,77488617.65,ADA-USD,6h
2021-03-18 18:00:00,1.2155,1.318,1.2902,1.23,34896247.02,ADA-USD,6h
2021-03-19 00:00:00,1.1808,1.2645,1.2311,1.2645,20370583.18,ADA-USD,6h
2021-03-19 06:00:00,1.2348,1.2892,1.2645,1.2597,8217222.94,ADA-USD,6h
2021-03-19 12:00:00,1.2515,1.301,1.26,1.2677,13238040.79,ADA-USD,6h
2021-03-19 18:00:00,1.265,1.396,1.2673,1.3076,124832660.64,ADA-USD,6h
2021-03-20 00:00:00,1.2564,1.345,1.3065,1.2665,49410067.74,ADA-USD,6h
2021-03-20 06:00:00,1.2522,1.281,1.2655,1.2683,16504137.85,ADA-USD,6h
2021-03-20 12:00:00,1.23,1.2719,1.2671,1.2445,29543617.09,ADA-USD,6h
2021-03-20 18:00:00,1.2001,1.2565,1.2445,1.2013,25984207.84,ADA-USD,6h
2021-03-21 00:00:00,1.189,1.2463,1.2013,1.2036,20254031.17,ADA-USD,6h
2021-03-21 06:00:00,1.18,1.2224,1.2045,1.1856,7475301.36,ADA-USD,6h
2021-03-21 12:00:00,1.1607,1.2221,1.1853,1.2082,15080910.82,ADA-USD,6h
2021-03-21 18:00:00,1.1875,1.2183,1.2082,1.1885,12782399.72,ADA-USD,6h
2021-03-22 00:00:00,1.163,1.2035,1.1885,1.1966,15779467.47,ADA-USD,6h
2021-03-22 06:00:00,1.1734,1.2076,1.1966,1.1913,8666246.31,ADA-USD,6h
2021-03-22 12:00:00,1.1705,1.1914,1.1913,1.1796,17363450.4,ADA-USD,6h
2021-03-22 18:00:00,1.07,1.1802,1.1793,1.1027,38440819.63,ADA-USD,6h
2021-03-23 00:00:00,1.0939,1.1543,1.1027,1.1088,21622615.36,ADA-USD,6h
2021-03-23 06:00:00,1.082,1.1474,1.1088,1.1268,13612086.99,ADA-USD,6h
2021-03-23 12:00:00,1.1267,1.1742,1.1282,1.1517,14083826.72,ADA-USD,6h
2021-03-23 18:00:00,1.1,1.1562,1.1528,1.1178,14396098.91,ADA-USD,6h
2021-03-24 00:00:00,1.0941,1.124,1.1175,1.1135,12149148.03,ADA-USD,6h
2021-03-24 06:00:00,1.1051,1.16,1.1126,1.1501,9734930.69,ADA-USD,6h
2021-03-24 12:00:00,1.125,1.1686,1.1498,1.1307,12588469.46,ADA-USD,6h
2021-03-24 18:00:00,1.04,1.1348,1.1304,1.0674,25993137.7,ADA-USD,6h
2021-03-25 00:00:00,1.0442,1.1427,1.0691,1.1246,21221417.53,ADA-USD,6h
2021-03-25 06:00:00,1.0771,1.135,1.1247,1.1053,7831043.04,ADA-USD,6h
2021-03-25 12:00:00,1.067,1.152,1.1046,1.1495,22452581.52,ADA-USD,6h
2021-03-25 18:00:00,1.092,1.1547,1.1496,1.0963,23203010.88,ADA-USD,6h
2021-03-26 00:00:00,1.0944,1.134,1.0963,1.1298,12416803.42,ADA-USD,6h
2021-03-26 06:00:00,1.1238,1.2869,1.1298,1.2601,20345174.75,ADA-USD,6h
2021-03-26 12:00:00,1.1921,1.2601,1.26,1.2226,25507754.68,ADA-USD,6h
2021-03-26 18:00:00,1.1957,1.2297,1.2226,1.2144,15476024.22,ADA-USD,6h
2021-03-27 00:00:00,1.172,1.2415,1.2149,1.1942,16679227.51,ADA-USD,6h
2021-03-27 06:00:00,1.1696,1.2155,1.1944,1.1768,5433513.46,ADA-USD,6h
2021-03-27 12:00:00,1.1575,1.1998,1.1769,1.1854,10824943.08,ADA-USD,6h
2021-03-27 18:00:00,1.1721,1.2047,1.185,1.1768,14986033.57,ADA-USD,6h
2021-03-28 00:00:00,1.1666,1.1989,1.1775,1.1904,11946722.61,ADA-USD,6h
2021-03-28 06:00:00,1.1796,1.2188,1.1899,1.1895,5970896.25,ADA-USD,6h
2021-03-28 12:00:00,1.1751,1.1951,1.1895,1.191,9879831.16,ADA-USD,6h
2021-03-28 18:00:00,1.1701,1.1947,1.191,1.1903,11301716.71,ADA-USD,6h
2021-03-29 00:00:00,1.1777,1.1936,1.1904,1.1805,9776984.14,ADA-USD,6h
2021-03-29 06:00:00,1.1807,1.2294,1.1807,1.2079,9845360.98,ADA-USD,6h
2021-03-29 12:00:00,1.1935,1.2174,1.2074,1.2092,12284100.96,ADA-USD,6h
2021-03-29 18:00:00,1.1963,1.2136,1.2092,1.2032,11565156.12,ADA-USD,6h
2021-03-30 00:00:00,1.1888,1.2093,1.2032,1.2087,10553626.6,ADA-USD,6h
2021-03-30 06:00:00,1.2042,1.2365,1.2088,1.2313,9607756.65,ADA-USD,6h
2021-03-30 12:00:00,1.21,1.235,1.2315,1.2142,13251290.83,ADA-USD,6h
2021-03-30 18:00:00,1.2058,1.2319,1.2142,1.2135,11763993.03,ADA-USD,6h
2021-03-31 00:00:00,1.18,1.2138,1.2135,1.2046,11650181.11,ADA-USD,6h
2021-03-31 06:00:00,1.1526,1.2122,1.2046,1.1822,11403688.15,ADA-USD,6h
2021-03-31 12:00:00,1.1726,1.1992,1.1821,1.1825,12171648.78,ADA-USD,6h
2021-03-31 18:00:00,1.1795,1.2,1.1825,1.1934,10785860.89,ADA-USD,6h
2021-04-01 00:00:00,1.186,1.2039,1.1926,1.19,9261548.72,ADA-USD,6h
2021-04-01 06:00:00,1.1811,1.2079,1.19,1.1906,5808869.19,ADA-USD,6h
2021-04-01 12:00:00,1.1829,1.2,1.191,1.1877,11304075.3,ADA-USD,6h
2021-04-01 18:00:00,1.171,1.195,1.1877,1.1842,10467559.95,ADA-USD,6h
2021-04-02 00:00:00,1.18,1.1989,1.1842,1.1937,9805307.55,ADA-USD,6h
2021-04-02 06:00:00,1.1931,1.245,1.1946,1.2092,9124245.78,ADA-USD,6h
2021-04-02 12:00:00,1.1974,1.2225,1.2092,1.2063,14311741.01,ADA-USD,6h
2021-04-02 18:00:00,1.1825,1.2091,1.2059,1.1908,12465475.62,ADA-USD,6h
2021-04-03 00:00:00,1.1904,1.2413,1.1908,1.2147,13900044.11,ADA-USD,6h
2021-04-03 06:00:00,1.2044,1.2394,1.215,1.2171,9690683.38,ADA-USD,6h
2021-04-03 12:00:00,1.186,1.2361,1.2169,1.1871,12758588.66,ADA-USD,6h
2021-04-03 18:00:00,1.1605,1.2003,1.1878,1.1637,15332350.76,ADA-USD,6h
2021-04-04 00:00:00,1.1521,1.1849,1.1639,1.1745,8955167.43,ADA-USD,6h
2021-04-04 06:00:00,1.168,1.1887,1.1741,1.1733,2982658.04,ADA-USD,6h
2021-04-04 12:00:00,1.1701,1.1925,1.1737,1.1893,6601866.43,ADA-USD,6h
2021-04-04 18:00:00,1.1762,1.1941,1.1896,1.1817,7262024.46,ADA-USD,6h
2021-04-05 00:00:00,1.1693,1.188,1.1823,1.1697,9542971.71,ADA-USD,6h
2021-04-05 06:00:00,1.1608,1.1819,1.1694,1.1805,6879035.22,ADA-USD,6h
2021-04-05 12:00:00,1.1777,1.2175,1.1805,1.2051,13231457.55,ADA-USD,6h
2021-04-05 18:00:00,1.1917,1.2263,1.2044,1.2123,13610341.18,ADA-USD,6h
2021-04-06 00:00:00,1.1967,1.2161,1.2124,1.2091,9493453.18,ADA-USD,6h
2021-04-06 06:00:00,1.1913,1.2183,1.2091,1.2023,6275481.73,ADA-USD,6h
2021-04-06 12:00:00,1.1968,1.3423,1.2022,1.2706,59042930.94,ADA-USD,6h
2021-04-06 18:00:00,1.2318,1.2842,1.271,1.2566,16833090.33,ADA-USD,6h
2021-04-07 00:00:00,1.2223,1.2845,1.2578,1.2778,15355631.44,ADA-USD,6h
2021-04-07 06:00:00,1.1603,1.2909,1.2787,1.1913,14016241.54,ADA-USD,6h
2021-04-07 12:00:00,1.1601,1.2089,1.1915,1.1787,18939612.9,ADA-USD,6h
2021-04-07 18:00:00,1.1663,1.1965,1.1795,1.1745,12618670.27,ADA-USD,6h
2021-04-08 00:00:00,1.1703,1.1997,1.1745,1.1897,7908920.79,ADA-USD,6h
2021-04-08 06:00:00,1.18,1.2178,1.1897,1.1909,5827350.59,ADA-USD,6h
2021-04-08 12:00:00,1.1884,1.2289,1.1902,1.2182,11307932.18,ADA-USD,6h
2021-04-08 18:00:00,1.201,1.224,1.2175,1.2195,9856894.13,ADA-USD,6h
2021-04-09 00:00:00,1.2041,1.2299,1.219,1.205,8150577.57,ADA-USD,6h
2021-04-09 06:00:00,1.203,1.2221,1.2051,1.2143,5510534.61,ADA-USD,6h
2021-04-09 12:00:00,1.1922,1.2176,1.2142,1.2064,11671969.73,ADA-USD,6h
2021-04-09 18:00:00,1.196,1.2119,1.2069,1.2027,10919808.28,ADA-USD,6h
2021-04-10 00:00:00,1.195,1.2432,1.2027,1.2317,12913735.04,ADA-USD,6h
2021-04-10 06:00:00,1.2203,1.2516,1.2317,1.2236,7622292.57,ADA-USD,6h
2021-04-10 12:00:00,1.2073,1.2351,1.2237,1.2177,12233429.7,ADA-USD,6h
2021-04-10 18:00:00,1.1968,1.2203,1.2172,1.2176,10387209.84,ADA-USD,6h
2021-04-11 00:00:00,1.2057,1.234,1.2182,1.2099,10712616.01,ADA-USD,6h
2021-04-11 06:00:00,1.1986,1.2219,1.2099,1.2212,6244197.44,ADA-USD,6h
2021-04-11 12:00:00,1.2209,1.2891,1.2211,1.26,24076762.55,ADA-USD,6h
2021-04-11 18:00:00,1.2469,1.29,1.2597,1.2647,19535485.79,ADA-USD,6h
2021-04-12 00:00:00,1.2636,1.3476,1.2638,1.3267,30101537.07,ADA-USD,6h
2021-04-12 06:00:00,1.2635,1.3429,1.3267,1.3178,17121630.38,ADA-USD,6h
2021-04-12 12:00:00,1.2655,1.3174,1.3173,1.2953,18782344.29,ADA-USD,6h
2021-04-12 18:00:00,1.2885,1.334,1.2952,1.3153,15397338.22,ADA-USD,6h
2021-04-13 00:00:00,1.29,1.336,1.3153,1.2933,15249920.9,ADA-USD,6h
2021-04-13 06:00:00,1.2828,1.3619,1.2933,1.3406,16434563.42,ADA-USD,6h
2021-04-13 12:00:00,1.3401,1.4271,1.3406,1.4,43974703.39,ADA-USD,6h
2021-04-13 18:00:00,1.3846,1.4368,1.4,1.414,28512221.42,ADA-USD,6h
2021-04-14 00:00:00,1.4038,1.5443,1.414,1.5105,50935036.08,ADA-USD,6h
2021-04-14 06:00:00,1.3775,1.5591,1.511,1.4739,48517912.62,ADA-USD,6h
2021-04-14 12:00:00,1.3495,1.4792,1.4727,1.4041,46598319.92,ADA-USD,6h
2021-04-14 18:00:00,1.375,1.4787,1.4048,1.4512,32745203.38,ADA-USD,6h
2021-04-15 00:00:00,1.4111,1.4698,1.4528,1.4429,19733136.39,ADA-USD,6h
2021-04-15 06:00:00,1.43,1.4946,1.443,1.4524,14167536.42,ADA-USD,6h
2021-04-15 12:00:00,1.4507,1.492,1.452,1.4754,26141821.09,ADA-USD,6h
2021-04-15 18:00:00,1.4486,1.4975,1.4751,1.4803,26908836.07,ADA-USD,6h
2021-04-16 00:00:00,1.4071,1.5222,1.4806,1.4271,36986738.56,ADA-USD,6h
2021-04-16 06:00:00,1.35,1.4395,1.4278,1.4069,23214340.29,ADA-USD,6h
2021-04-16 12:00:00,1.34,1.4433,1.4071,1.4361,43938202.41,ADA-USD,6h
2021-04-16 18:00:00,1.4079,1.4425,1.4359,1.413,19701117.66,ADA-USD,6h
2021-04-17 00:00:00,1.4043,1.4599,1.413,1.44,19996678.94,ADA-USD,6h
2021-04-17 06:00:00,1.376,1.4499,1.4406,1.3922,9705829.38,ADA-USD,6h
2021-04-17 12:00:00,1.36,1.4122,1.3918,1.3687,20701058.48,ADA-USD,6h
2021-04-17 18:00:00,1.366,1.4284,1.3685,1.3772,17896432.59,ADA-USD,6h
2021-04-18 00:00:00,1.1609,1.3924,1.3773,1.2495,71540526.25,ADA-USD,6h
2021-04-18 06:00:00,1.13,1.275,1.2472,1.1373,35919985.36,ADA-USD,6h
2021-04-18 12:00:00,1.1363,1.295,1.139,1.236,34645629.34,ADA-USD,6h
2021-04-18 18:00:00,1.2289,1.2999,1.236,1.2804,20211909.46,ADA-USD,6h
2021-04-19 00:00:00,1.2582,1.3277,1.2804,1.2985,16646169.27,ADA-USD,6h
2021-04-19 06:00:00,1.2122,1.3086,1.2984,1.2706,14635805.29,ADA-USD,6h
2021-04-19 12:00:00,1.17,1.2729,1.27,1.2163,38643469.41,ADA-USD,6h
2021-04-19 18:00:00,1.1918,1.2474,1.2161,1.1963,19827563.87,ADA-USD,6h
2021-04-20 00:00:00,1.1239,1.208,1.1968,1.1847,42874161.51,ADA-USD,6h
2021-04-20 06:00:00,1.1301,1.2244,1.1848,1.216,19056939.71,ADA-USD,6h
2021-04-20 12:00:00,1.1753,1.2364,1.2165,1.207,19407264.7,ADA-USD,6h
2021-04-20 18:00:00,1.2018,1.2839,1.2076,1.2689,21050080.24,ADA-USD,6h
2021-04-21 00:00:00,1.2323,1.289,1.2685,1.2531,17129205.54,ADA-USD,6h
2021-04-21 06:00:00,1.2033,1.2804,1.2529,1.2173,12274028.18,ADA-USD,6h
2021-04-21 12:00:00,1.2074,1.2719,1.2171,1.2555,23359992.66,ADA-USD,6h
2021-04-21 18:00:00,1.1964,1.2693,1.2554,1.2042,21247179.62,ADA-USD,6h
2021-04-22 00:00:00,1.1809,1.23,1.2048,1.2258,25997768.35,ADA-USD,6h
2021-04-22 06:00:00,1.1801,1.2341,1.2252,1.2287,13735470.81,ADA-USD,6h
2021-04-22 12:00:00,1.2162,1.28,1.2285,1.2245,21672316.42,ADA-USD,6h
2021-04-22 18:00:00,1.12,1.24,1.2244,1.1456,41286020.83,ADA-USD,6h
2021-04-23 00:00:00,0.999,1.167,1.1456,1.0475,85233520.47,ADA-USD,6h
2021-04-23 06:00:00,0.991,1.1437,1.0473,1.1328,42286996.29,ADA-USD,6h
2021-04-23 12:00:00,1.0444,1.1439,1.1323,1.105,39493083.06,ADA-USD,6h
2021-04-23 18:00:00,1.0961,1.1691,1.1044,1.1599,25074224.92,ADA-USD,6h
2021-04-24 00:00:00,1.1067,1.179,1.16,1.1786,18980159.85,ADA-USD,6h
2021-04-24 06:00:00,1.1014,1.1985,1.1785,1.1201,17007992.01,ADA-USD,6h
2021-04-24 12:00:00,1.0944,1.145,1.1186,1.1287,16710265.55,ADA-USD,6h
2021-04-24 18:00:00,1.1002,1.1435,1.1289,1.1047,11961235.08,ADA-USD,6h
2021-04-25 00:00:00,1.0907,1.125,1.1047,1.1109,10363233.88,ADA-USD,6h
2021-04-25 06:00:00,1.0992,1.1289,1.1101,1.1168,5036709.27,ADA-USD,6h
2021-04-25 12:00:00,1.1137,1.1481,1.1165,1.1298,10583200.21,ADA-USD,6h
2021-04-25 18:00:00,1.02,1.1312,1.13,1.0927,25420522.03,ADA-USD,6h
2021-04-26 00:00:00,1.0808,1.1925,1.0923,1.1883,22748684.61,ADA-USD,6h
2021-04-26 06:00:00,1.1821,1.2434,1.1883,1.2393,14244344.59,ADA-USD,6h
2021-04-26 12:00:00,1.2042,1.2543,1.2393,1.2473,20904382.87,ADA-USD,6h
2021-04-26 18:00:00,1.1943,1.2481,1.2466,1.239,16717136.76,ADA-USD,6h
2021-04-27 00:00:00,1.2238,1.27,1.2385,1.2595,14895815.69,ADA-USD,6h
2021-04-27 06:00:00,1.2527,1.3356,1.2589,1.3309,11555225.34,ADA-USD,6h
2021-04-27 12:00:00,1.266,1.33,1.33,1.2996,25432396.75,ADA-USD,6h
2021-04-27 18:00:00,1.2832,1.3147,1.2996,1.3081,15751755.16,ADA-USD,6h
2021-04-28 00:00:00,1.2792,1.35,1.3081,1.2928,23717368.18,ADA-USD,6h
2021-04-28 06:00:00,1.235,1.3053,1.2919,1.2984,13922726.72,ADA-USD,6h
2021-04-28 12:00:00,1.2724,1.3164,1.2984,1.3132,14661646.71,ADA-USD,6h
2021-04-28 18:00:00,1.3073,1.35,1.3136,1.3383,19076365.9,ADA-USD,6h
2021-04-29 00:00:00,1.2952,1.3496,1.339,1.3299,15756054.3,ADA-USD,6h
2021-04-29 06:00:00,1.3237,1.4124,1.3299,1.3915,21731191.03,ADA-USD,6h
2021-04-29 12:00:00,1.2751,1.3974,1.3912,1.2964,33423352.05,ADA-USD,6h
2021-04-29 18:00:00,1.2685,1.3191,1.2958,1.3076,22468100.79,ADA-USD,6h
2021-04-30 00:00:00,1.2886,1.3669,1.3066,1.3611,17323455.49,ADA-USD,6h
2021-04-30 06:00:00,1.3247,1.372,1.3607,1.33,7810206.78,ADA-USD,6h
2021-04-30 12:00:00,1.3259,1.3698,1.3299,1.358,18558080.7,ADA-USD,6h
2021-04-30 18:00:00,1.34,1.3625,1.358,1.3556,11789750.87,ADA-USD,6h
2021-05-01 00:00:00,1.3285,1.37,1.3556,1.3614,13538987.37,ADA-USD,6h
2021-05-01 06:00:00,1.31,1.3609,1.3608,1.3434,8200387.85,ADA-USD,6h
2021-05-01 12:00:00,1.32,1.3466,1.3434,1.3329,10595486.63,ADA-USD,6h
2021-05-01 18:00:00,1.3301,1.3635,1.3328,1.3537,11392628.16,ADA-USD,6h
2021-05-02 00:00:00,1.297,1.3575,1.3537,1.3242,12048407.73,ADA-USD,6h
2021-05-02 06:00:00,1.296,1.3316,1.3229,1.3232,4232801.85,ADA-USD,6h
2021-05-02 12:00:00,1.3222,1.348,1.3234,1.3472,7413244.39,ADA-USD,6h
2021-05-02 18:00:00,1.32,1.35,1.3472,1.3284,7523528.91,ADA-USD,6h
2021-05-03 00:00:00,1.3223,1.355,1.3284,1.3444,10366774.43,ADA-USD,6h
2021-05-03 06:00:00,1.3417,1.3816,1.3443,1.3738,8239424.8,ADA-USD,6h
2021-05-03 12:00:00,1.333,1.3794,1.374,1.3689,18788293.31,ADA-USD,6h
2021-05-03 18:00:00,1.34,1.3698,1.3689,1.3634,18252667.51,ADA-USD,6h
2021-05-04 00:00:00,1.28,1.3681,1.3643,1.325,24656547.46,ADA-USD,6h
2021-05-04 06:00:00,1.2923,1.3458,1.3251,1.3411,8504041.74,ADA-USD,6h
2021-05-04 12:00:00,1.258,1.3499,1.342,1.2936,35719717.19,ADA-USD,6h
2021-05-04 18:00:00,1.2673,1.3172,1.2935,1.2719,17065233.77,ADA-USD,6h
2021-05-05 00:00:00,1.2609,1.3334,1.2716,1.3232,23597383.93,ADA-USD,6h
2021-05-05 06:00:00,1.298,1.3733,1.3232,1.3581,17178731.2,ADA-USD,6h
2021-05-05 12:00:00,1.3546,1.4424,1.3574,1.4167,51535969.72,ADA-USD,6h
2021-05-05 18:00:00,1.4084,1.5,1.4167,1.4827,51818871.86,ADA-USD,6h
2021-05-06 00:00:00,1.4302,1.5431,1.4827,1.5327,42209363.69,ADA-USD,6h
2021-05-06 06:00:00,1.4333,1.7,1.5327,1.6646,51342371.73,ADA-USD,6h
2021-05-06 12:00:00,1.6,1.6721,1.6662,1.6217,65424052.72,ADA-USD,6h
2021-05-06 18:00:00,1.5033,1.705,1.6212,1.6503,80412876.52,ADA-USD,6h
2021-05-07 00:00:00,1.53,1.6973,1.6509,1.6034,42904983.38,ADA-USD,6h
2021-05-07 06:00:00,1.5867,1.6954,1.6045,1.6922,19207942.45,ADA-USD,6h
2021-05-07 12:00:00,1.6666,1.7499,1.6921,1.6902,46635080.03,ADA-USD,6h
2021-05-07 18:00:00,1.5815,1.6921,1.6913,1.6551,37222323.41,ADA-USD,6h
2021-05-08 00:00:00,1.6021,1.6569,1.6559,1.6275,18904227.64,ADA-USD,6h
2021-05-08 06:00:00,1.5832,1.6534,1.6274,1.5862,11395883.96,ADA-USD,6h
2021-05-08 12:00:00,1.5652,1.622,1.5857,1.607,27761682.32,ADA-USD,6h
2021-05-08 18:00:00,1.59,1.655,1.6069,1.625,27127875.3,ADA-USD,6h
2021-05-09 00:00:00,1.5765,1.6907,1.6252,1.6792,27514102.42,ADA-USD,6h
2021-05-09 06:00:00,1.6793,1.79,1.68,1.732,31980836.09,ADA-USD,6h
2021-05-09 12:00:00,1.6712,1.8356,1.7315,1.8204,57611377.77,ADA-USD,6h
2021-05-09 18:00:00,1.7448,1.827,1.8203,1.7704,47815652.47,ADA-USD,6h
2021-05-10 00:00:00,1.713,1.7938,1.7698,1.7615,42948576.67,ADA-USD,6h
2021-05-10 06:00:00,1.7252,1.8274,1.7616,1.7548,24490206.4,ADA-USD,6h
2021-05-10 12:00:00,1.7001,1.7661,1.7553,1.7208,38771954.22,ADA-USD,6h
2021-05-10 18:00:00,1.5351,1.75,1.7206,1.6449,65287043.99,ADA-USD,6h
2021-05-11 00:00:00,1.598,1.6873,1.6447,1.6214,38573470.26,ADA-USD,6h
2021-05-11 06:00:00,1.6152,1.7782,1.6214,1.7179,26819712.32,ADA-USD,6h
2021-05-11 12:00:00,1.6733,1.78,1.7179,1.7594,47382808.84,ADA-USD,6h
2021-05-11 18:00:00,1.7222,1.77,1.7594,1.7661,30054257.75,ADA-USD,6h
2021-05-12 00:00:00,1.7511,1.8229,1.7669,1.8037,39825991.8,ADA-USD,6h
2021-05-12 06:00:00,1.7234,1.806,1.8036,1.7566,19475846.72,ADA-USD,6h
2021-05-12 12:00:00,1.6691,1.7673,1.7565,1.7135,44409101.64,ADA-USD,6h
2021-05-12 18:00:00,1.54,1.754,1.7141,1.5667,58054423.7,ADA-USD,6h
2021-05-13 00:00:00,1.5,1.7204,1.57,1.7086,55475782.98,ADA-USD,6h
2021-05-13 06:00:00,1.6011,1.85,1.7086,1.8099,56175007.25,ADA-USD,6h
2021-05-13 12:00:00,1.7918,2.1,1.8099,1.8981,171437131.45,ADA-USD,6h
2021-05-13 18:00:00,1.858,2.051,1.8996,1.9556,116300923.88,ADA-USD,6h
2021-05-14 00:00:00,1.838,1.9664,1.9556,1.8626,51153266.86,ADA-USD,6h
2021-05-14 06:00:00,1.8137,1.9091,1.8627,1.8674,31196509.77,ADA-USD,6h
2021-05-14 12:00:00,1.8544,1.9499,1.8672,1.901,51283467.31,ADA-USD,6h
2021-05-14 18:00:00,1.896,2.0463,1.9011,2.011,61394926.99,ADA-USD,6h
2021-05-15 00:00:00,1.9669,2.195,2.0109,2.1719,97689924.16,ADA-USD,6h
2021-05-15 06:00:00,2.0696,2.2,2.172,2.1647,47440352.83,ADA-USD,6h
2021-05-15 12:00:00,2.154,2.49,2.1651,2.3561,150185470.58,ADA-USD,6h
2021-05-15 18:00:00,2.19,2.44,2.3561,2.1935,85320274.85,ADA-USD,6h
2021-05-16 00:00:00,2.167,2.3592,2.1936,2.2918,50523752.65,ADA-USD,6h
2021-05-16 06:00:00,2.2913,2.47,2.2914,2.3895,41730154.54,ADA-USD,6h
2021-05-16 12:00:00,2.15,2.404,2.3895,2.2403,75483080.65,ADA-USD,6h
2021-05-16 18:00:00,2.002,2.3156,2.241,2.3101,155970598.9,ADA-USD,6h
2021-05-17 00:00:00,2.0214,2.3317,2.3103,2.15,110987416.31,ADA-USD,6h
2021-05-17 06:00:00,2.1298,2.2458,2.1507,2.1972,35058293.35,ADA-USD,6h
2021-05-17 12:00:00,1.91,2.2039,2.1982,1.9459,95328196.14,ADA-USD,6h
2021-05-17 18:00:00,1.9186,2.134,1.9459,2.0324,91145266.81,ADA-USD,6h
2021-05-18 00:00:00,2.0039,2.1308,2.033,2.1276,46236092.8,ADA-USD,6h
2021-05-18 06:00:00,2.067,2.152,2.1278,2.1117,23993575.76,ADA-USD,6h
2021-05-18 12:00:00,1.976,2.115,2.1115,2.0671,64628262.72,ADA-USD,6h
2021-05-18 18:00:00,1.98,2.0679,2.0679,2.0049,42665394.62,ADA-USD,6h
2021-05-19 00:00:00,1.5802,2.031,2.0045,1.7257,173602398.18,ADA-USD,6h
2021-05-19 06:00:00,1.4,1.8186,1.7257,1.5974,127544771.82,ADA-USD,6h
2021-05-19 12:00:00,1.05,1.9085,1.5961,1.7853,285077227.28,ADA-USD,6h
2021-05-19 18:00:00,1.481,1.7933,1.7866,1.4919,121902333.86,ADA-USD,6h
2021-05-20 00:00:00,1.3334,1.6617,1.4927,1.6498,103719653.41,ADA-USD,6h
2021-05-20 06:00:00,1.605,1.8131,1.65,1.8093,56553361.45,ADA-USD,6h
2021-05-20 12:00:00,1.669,1.9696,1.8078,1.8039,121821157.03,ADA-USD,6h
2021-05-20 18:00:00,1.7502,1.8539,1.8051,1.806,53401701.14,ADA-USD,6h
2021-05-21 00:00:00,1.7001,1.874,1.806,1.7186,44796309.77,ADA-USD,6h
2021-05-21 06:00:00,1.6693,1.7643,1.7196,1.7195,28460679.56,ADA-USD,6h
2021-05-21 12:00:00,1.488,1.7394,1.7192,1.5915,113099066.67,ADA-USD,6h
2021-05-21 18:00:00,1.3169,1.5915,1.5912,1.5525,120959700.9,ADA-USD,6h
2021-05-22 00:00:00,1.3674,1.5858,1.5524,1.4374,47193730.46,ADA-USD,6h
2021-05-22 06:00:00,1.3763,1.55,1.4384,1.5352,32689522.85,ADA-USD,6h
2021-05-22 12:00:00,1.4766,1.601,1.5349,1.4817,43864604.49,ADA-USD,6h
2021-05-22 18:00:00,1.4315,1.5142,1.4821,1.4652,31991073.17,ADA-USD,6h
2021-05-23 00:00:00,1.4351,1.54,1.4653,1.4555,30573323.43,ADA-USD,6h
2021-05-23 06:00:00,1.2444,1.4696,1.4555,1.2686,74133608.86,ADA-USD,6h
2021-05-23 12:00:00,1.06,1.2817,1.268,1.1595,167764185.62,ADA-USD,6h
2021-05-23 18:00:00,1.12,1.4,1.158,1.3178,90440796.07,ADA-USD,6h
2021-05-24 00:00:00,1.2586,1.399,1.3178,1.374,55713831.42,ADA-USD,6h
2021-05-24 06:00:00,1.347,1.5068,1.3739,1.4866,49118955.52,ADA-USD,6h
2021-05-24 12:00:00,1.44,1.55,1.4877,1.508,72962246.57,ADA-USD,6h
2021-05-24 18:00:00,1.4863,1.5999,1.5092,1.55,78166195.68,ADA-USD,6h
2021-05-25 00:00:00,1.4754,1.65,1.5499,1.5334,72257644.08,ADA-USD,6h
2021-05-25 06:00:00,1.4373,1.6217,1.5336,1.4481,36888462.05,ADA-USD,6h
2021-05-25 12:00:00,1.4405,1.57,1.4471,1.5526,51491204.45,ADA-USD,6h
2021-05-25 18:00:00,1.49,1.5654,1.5532,1.5549,33009150.02,ADA-USD,6h
2021-05-26 00:00:00,1.554,1.7411,1.5547,1.7079,74307536.79,ADA-USD,6h
2021-05-26 06:00:00,1.7081,1.81,1.7081,1.7765,43355452.26,ADA-USD,6h
2021-05-26 12:00:00,1.67,1.8332,1.7757,1.7468,73882591.57,ADA-USD,6h
2021-05-26 18:00:00,1.6892,1.7871,1.7484,1.7811,32784939.55,ADA-USD,6h
2021-05-27 00:00:00,1.61,1.79,1.7822,1.6982,51379125.11,ADA-USD,6h
2021-05-27 06:00:00,1.675,1.7525,1.6979,1.7391,17958454.05,ADA-USD,6h
2021-05-27 12:00:00,1.6875,1.7584,1.739,1.7068,28298160.56,ADA-USD,6h
2021-05-27 18:00:00,1.6251,1.7135,1.7075,1.6567,30591104.99,ADA-USD,6h
2021-05-28 00:00:00,1.555,1.68,1.6565,1.5751,32487423.87,ADA-USD,6h
2021-05-28 06:00:00,1.4501,1.5837,1.5735,1.4623,60855582.68,ADA-USD,6h
2021-05-28 12:00:00,1.451,1.5938,1.4622,1.5379,54624441.49,ADA-USD,6h
2021-05-28 18:00:00,1.453,1.569,1.538,1.5141,48848103.13,ADA-USD,6h
2021-05-29 00:00:00,1.5058,1.5615,1.5133,1.5428,28413573.33,ADA-USD,6h
2021-05-29 06:00:00,1.4482,1.5519,1.5435,1.4862,20936304.42,ADA-USD,6h
2021-05-29 12:00:00,1.35,1.4877,1.4877,1.3605,54316222.05,ADA-USD,6h
2021-05-29 18:00:00,1.3358,1.4385,1.3604,1.4051,52724251.41,ADA-USD,6h
2021-05-30 00:00:00,1.3468,1.55,1.4043,1.5455,47027759.43,ADA-USD,6h
2021-05-30 06:00:00,1.5449,1.6941,1.5454,1.692,48155592.86,ADA-USD,6h
2021-05-30 12:00:00,1.5934,1.7,1.6923,1.6436,40349844.61,ADA-USD,6h
2021-05-30 18:00:00,1.56,1.6539,1.6434,1.5769,29758355.54,ADA-USD,6h
2021-05-31 00:00:00,1.526,1.6248,1.5769,1.5653,41764933.47,ADA-USD,6h
2021-05-31 06:00:00,1.5645,1.69,1.5645,1.6666,29717316.13,ADA-USD,6h
2021-05-31 12:00:00,1.6134,1.6946,1.6666,1.6654,37750881.83,ADA-USD,6h
2021-05-31 18:00:00,1.6379,1.75,1.6654,1.7391,32967767.94,ADA-USD,6h
2021-06-01 00:00:00,1.6911,1.78,1.7383,1.7627,39436042.76,ADA-USD,6h
2021-06-01 06:00:00,1.6541,1.7654,1.7633,1.728,15664794.87,ADA-USD,6h
2021-06-01 12:00:00,1.6626,1.745,1.7281,1.7372,25217657.32,ADA-USD,6h
2021-06-01 18:00:00,1.7023,1.7619,1.7372,1.7349,28150199.8,ADA-USD,6h
2021-06-02 00:00:00,1.7184,1.7887,1.7349,1.7668,33390637.56,ADA-USD,6h
2021-06-02 06:00:00,1.743,1.8,1.7667,1.7544,16036034.13,ADA-USD,6h
2021-06-02 12:00:00,1.745,1.805,1.7544,1.7796,28293703.79,ADA-USD,6h
2021-06-02 18:00:00,1.726,1.7932,1.7796,1.7542,21712844.39,ADA-USD,6h
2021-06-03 00:00:00,1.711,1.795,1.7538,1.7948,17419906.88,ADA-USD,6h
2021-06-03 06:00:00,1.7707,1.889,1.795,1.8442,22308984.34,ADA-USD,6h
2021-06-03 12:00:00,1.8037,1.8719,1.8433,1.8458,23794649.88,ADA-USD,6h
2021-06-03 18:00:00,1.8161,1.85,1.8458,1.8456,16647776.63,ADA-USD,6h
2021-06-04 00:00:00,1.663,1.8483,1.8459,1.6757,55192821.69,ADA-USD,6h
2021-06-04 06:00:00,1.6083,1.7271,1.6754,1.6724,24858068.75,ADA-USD,6h
2021-06-04 12:00:00,1.62,1.7468,1.6723,1.7371,31673753.63,ADA-USD,6h
2021-06-04 18:00:00,1.6811,1.753,1.7368,1.7085,18657345.02,ADA-USD,6h
2021-06-05 00:00:00,1.6949,1.777,1.7087,1.7562,13450675.92,ADA-USD,6h
2021-06-05 06:00:00,1.6615,1.7833,1.7561,1.6744,14011614.25,ADA-USD,6h
2021-06-05 12:00:00,1.6467,1.7084,1.6746,1.6737,19731167.43,ADA-USD,6h
2021-06-05 18:00:00,1.6003,1.69,1.674,1.657,27114793.42,ADA-USD,6h
2021-06-06 00:00:00,1.6465,1.6972,1.6562,1.6969,8942626.02,ADA-USD,6h
2021-06-06 06:00:00,1.6708,1.708,1.6967,1.6756,5313483.18,ADA-USD,6h
2021-06-06 12:00:00,1.65,1.6917,1.6746,1.6751,9349287.93,ADA-USD,6h
2021-06-06 18:00:00,1.6521,1.6847,1.6749,1.6778,11641262.29,ADA-USD,6h
2021-06-07 00:00:00,1.661,1.7436,1.6778,1.7201,17730875.48,ADA-USD,6h
2021-06-07 06:00:00,1.6921,1.7365,1.72,1.7208,6026478.65,ADA-USD,6h
2021-06-07 12:00:00,1.6773,1.739,1.7207,1.6812,12878944.92,ADA-USD,6h
2021-06-07 18:00:00,1.5501,1.6856,1.6803,1.5665,36700880.97,ADA-USD,6h
2021-06-08 00:00:00,1.4727,1.5973,1.5665,1.525,44515056.78,ADA-USD,6h
2021-06-08 06:00:00,1.4791,1.5744,1.5262,1.5417,18317646.64,ADA-USD,6h
2021-06-08 12:00:00,1.4,1.5462,1.541,1.4962,56470687.11,ADA-USD,6h
2021-06-08 18:00:00,1.4892,1.5963,1.4961,1.5842,32883378.11,ADA-USD,6h
2021-06-09 00:00:00,1.4832,1.593,1.5837,1.5376,31911938.76,ADA-USD,6h
2021-06-09 06:00:00,1.5301,1.5846,1.5376,1.5748,14351451.29,ADA-USD,6h
2021-06-09 12:00:00,1.531,1.6349,1.5756,1.6135,30921878.65,ADA-USD,6h
2021-06-09 18:00:00,1.5555,1.628,1.6135,1.6279,17262545.28,ADA-USD,6h
2021-06-10 00:00:00,1.5647,1.6396,1.6281,1.5747,11094854.02,ADA-USD,6h
2021-06-10 06:00:00,1.538,1.6012,1.5734,1.5748,12432297.6,ADA-USD,6h
2021-06-10 12:00:00,1.5158,1.5795,1.574,1.5292,18850885.57,ADA-USD,6h
2021-06-10 18:00:00,1.5074,1.5632,1.5285,1.5321,13663395.87,ADA-USD,6h
2021-06-11 00:00:00,1.49,1.5479,1.5328,1.5225,15959233.65,ADA-USD,6h
2021-06-11 06:00:00,1.4944,1.5362,1.5227,1.5183,7882730.94,ADA-USD,6h
2021-06-11 12:00:00,1.4625,1.5327,1.5183,1.4812,16982523.93,ADA-USD,6h
2021-06-11 18:00:00,1.42,1.4815,1.4812,1.4378,22410916.5,ADA-USD,6h
2021-06-12 00:00:00,1.3574,1.4381,1.4377,1.374,32088329.32,ADA-USD,6h
2021-06-12 06:00:00,1.3705,1.4442,1.3742,1.434,10771956.49,ADA-USD,6h
2021-06-12 12:00:00,1.4289,1.4839,1.434,1.4665,13964207.29,ADA-USD,6h
2021-06-12 18:00:00,1.464,1.4941,1.4679,1.4781,9915023.08,ADA-USD,6h
2021-06-13 00:00:00,1.4251,1.505,1.4781,1.4375,11403132.91,ADA-USD,6h
2021-06-13 06:00:00,1.4328,1.4579,1.4369,1.4416,3796458.09,ADA-USD,6h
2021-06-13 12:00:00,1.4015,1.4749,1.4411,1.4732,14808008.79,ADA-USD,6h
2021-06-13 18:00:00,1.4719,1.582,1.4719,1.5573,26480786.23,ADA-USD,6h
2021-06-14 00:00:00,1.5255,1.5725,1.5568,1.54,14840837.88,ADA-USD,6h
2021-06-14 06:00:00,1.506,1.55,1.541,1.5167,7195135.75,ADA-USD,6h
2021-06-14 12:00:00,1.5124,1.5958,1.5166,1.5673,21658899.27,ADA-USD,6h
2021-06-14 18:00:00,1.5396,1.5773,1.5663,1.5772,15239879.39,ADA-USD,6h
2021-06-15 00:00:00,1.5501,1.5998,1.5772,1.5872,11767308.08,ADA-USD,6h
2021-06-15 06:00:00,1.567,1.6127,1.5861,1.5765,8243013.0,ADA-USD,6h
2021-06-15 12:00:00,1.5456,1.5886,1.5762,1.5776,12705867.33,ADA-USD,6h
2021-06-15 18:00:00,1.541,1.59,1.5768,1.5545,10552288.2,ADA-USD,6h
2021-06-16 00:00:00,1.5272,1.5626,1.5553,1.5601,7134844.45,ADA-USD,6h
2021-06-16 06:00:00,1.5112,1.5747,1.5601,1.5215,7487253.79,ADA-USD,6h
2021-06-16 12:00:00,1.4826,1.528,1.5215,1.5165,14864927.95,ADA-USD,6h
2021-06-16 18:00:00,1.4741,1.53,1.5158,1.485,12729598.45,ADA-USD,6h
2021-06-17 00:00:00,1.4802,1.5389,1.485,1.521,7175307.67,ADA-USD,6h
2021-06-17 06:00:00,1.5139,1.5385,1.5212,1.514,6899440.05,ADA-USD,6h
2021-06-17 12:00:00,1.4595,1.5153,1.514,1.4632,14489350.62,ADA-USD,6h
2021-06-17 18:00:00,1.4562,1.4875,1.4629,1.4824,9583278.5,ADA-USD,6h
2021-06-18 00:00:00,1.4482,1.4885,1.4824,1.4771,7552034.92,ADA-USD,6h
2021-06-18 06:00:00,1.4508,1.492,1.4766,1.4738,6286115.39,ADA-USD,6h
2021-06-18 12:00:00,1.4,1.4776,1.4738,1.4068,21382806.49,ADA-USD,6h
2021-06-18 18:00:00,1.3751,1.4227,1.4066,1.4169,21210585.2,ADA-USD,6h
2021-06-19 00:00:00,1.39,1.4422,1.4169,1.4302,9292216.01,ADA-USD,6h
2021-06-19 06:00:00,1.4133,1.4376,1.4307,1.4267,3505462.65,ADA-USD,6h
2021-06-19 12:00:00,1.4014,1.4406,1.4267,1.4027,6595976.31,ADA-USD,6h
2021-06-19 18:00:00,1.3843,1.4199,1.403,1.3844,8296900.45,ADA-USD,6h
2021-06-20 00:00:00,1.3678,1.4139,1.3848,1.4114,10309571.57,ADA-USD,6h
2021-06-20 06:00:00,1.3279,1.4149,1.4113,1.3311,11900107.08,ADA-USD,6h
2021-06-20 12:00:00,1.3062,1.4028,1.3311,1.399,18328775.83,ADA-USD,6h
2021-06-20 18:00:00,1.3987,1.4593,1.3992,1.4252,12203060.9,ADA-USD,6h
2021-06-21 00:00:00,1.3329,1.4364,1.4255,1.3758,15560997.1,ADA-USD,6h
2021-06-21 06:00:00,1.245,1.3838,1.3762,1.3011,40478585.46,ADA-USD,6h
2021-06-21 12:00:00,1.25,1.3382,1.3008,1.2532,35848564.36,ADA-USD,6h
2021-06-21 18:00:00,1.162,1.2898,1.2532,1.1734,44934767.83,ADA-USD,6h
2021-06-22 00:00:00,1.13,1.2678,1.1742,1.1948,45487577.33,ADA-USD,6h
2021-06-22 06:00:00,1.0826,1.2159,1.1943,1.093,42894429.97,ADA-USD,6h
2021-06-22 12:00:00,1.0009,1.243,1.0926,1.214,132627338.94,ADA-USD,6h
2021-06-22 18:00:00,1.1242,1.2336,1.2138,1.1586,35331858.96,ADA-USD,6h
2021-06-23 00:00:00,1.1088,1.2772,1.1584,1.277,35577883.32,ADA-USD,6h
2021-06-23 06:00:00,1.2416,1.2915,1.276,1.2516,18988964.92,ADA-USD,6h
2021-06-23 12:00:00,1.2216,1.31,1.2516,1.243,25105620.15,ADA-USD,6h
2021-06-23 18:00:00,1.1939,1.2519,1.243,1.2508,19144235.88,ADA-USD,6h
2021-06-24 00:00:00,1.201,1.3299,1.2513,1.3029,28073493.37,ADA-USD,6h
2021-06-24 06:00:00,1.2892,1.37,1.3028,1.368,13689262.08,ADA-USD,6h
2021-06-24 12:00:00,1.3373,1.3998,1.3666,1.3881,22145792.96,ADA-USD,6h
2021-06-24 18:00:00,1.34,1.398,1.3881,1.3602,17990188.79,ADA-USD,6h
2021-06-25 00:00:00,1.3438,1.3949,1.36,1.3527,21992380.8,ADA-USD,6h
2021-06-25 06:00:00,1.3022,1.3961,1.3523,1.322,15691564.71,ADA-USD,6h
2021-06-25 12:00:00,1.2409,1.3329,1.3197,1.2548,32241585.04,ADA-USD,6h
2021-06-25 18:00:00,1.2463,1.3021,1.2554,1.2529,26347659.56,ADA-USD,6h
2021-06-26 00:00:00,1.2343,1.2918,1.2529,1.2746,14195273.08,ADA-USD,6h
2021-06-26 06:00:00,1.2,1.2859,1.2742,1.256,15602605.64,ADA-USD,6h
2021-06-26 12:00:00,1.2108,1.2599,1.2566,1.2462,13614014.28,ADA-USD,6h
2021-06-26 18:00:00,1.213,1.2519,1.2469,1.2518,9400226.45,ADA-USD,6h
2021-06-27 00:00:00,1.2451,1.302,1.2519,1.2793,15589835.68,ADA-USD,6h
2021-06-27 06:00:00,1.2421,1.2926,1.2792,1.2557,6600006.29,ADA-USD,6h
2021-06-27 12:00:00,1.2513,1.2761,1.2558,1.2675,8602430.99,ADA-USD,6h
2021-06-27 18:00:00,1.2482,1.35,1.2675,1.3372,16093827.23,ADA-USD,6h
2021-06-28 00:00:00,1.307,1.3485,1.3386,1.3164,9508303.89,ADA-USD,6h
2021-06-28 06:00:00,1.308,1.35,1.3162,1.3134,7347345.71,ADA-USD,6h
2021-06-28 12:00:00,1.3043,1.348,1.3131,1.3198,11712008.94,ADA-USD,6h
2021-06-28 18:00:00,1.3101,1.344,1.3194,1.326,11548594.8,ADA-USD,6h
2021-06-29 00:00:00,1.3196,1.3447,1.3263,1.3324,11076430.0,ADA-USD,6h
2021-06-29 06:00:00,1.3305,1.3998,1.3321,1.389,24607035.24,ADA-USD,6h
2021-06-29 12:00:00,1.3748,1.4218,1.3886,1.3934,21204520.99,ADA-USD,6h
2021-06-29 18:00:00,1.3602,1.4,1.393,1.3736,11115269.17,ADA-USD,6h
2021-06-30 00:00:00,1.3191,1.381,1.3728,1.3334,13141734.63,ADA-USD,6h
2021-06-30 06:00:00,1.3229,1.3556,1.3332,1.3418,5979149.01,ADA-USD,6h
2021-06-30 12:00:00,1.2832,1.345,1.3423,1.3371,22599799.07,ADA-USD,6h
2021-06-30 18:00:00,1.3315,1.4019,1.3371,1.3863,24926794.85,ADA-USD,6h
2021-07-01 00:00:00,1.3305,1.3869,1.3861,1.3543,8669792.11,ADA-USD,6h
2021-07-01 06:00:00,1.303,1.3616,1.3542,1.3281,8433877.9,ADA-USD,6h
2021-07-01 12:00:00,1.3151,1.3538,1.3271,1.336,28673385.4,ADA-USD,6h
2021-07-01 18:00:00,1.3095,1.345,1.3358,1.3325,9098221.73,ADA-USD,6h
2021-07-02 00:00:00,1.29,1.3499,1.3322,1.2975,10718798.18,ADA-USD,6h
2021-07-02 06:00:00,1.285,1.32,1.2976,1.2972,6190221.48,ADA-USD,6h
2021-07-02 12:00:00,1.2915,1.3799,1.2972,1.3542,17795946.38,ADA-USD,6h
2021-07-02 18:00:00,1.3475,1.3963,1.3542,1.3956,16449390.5,ADA-USD,6h
2021-07-03 00:00:00,1.3589,1.3993,1.3957,1.3737,6792839.42,ADA-USD,6h
2021-07-03 06:00:00,1.3709,1.444,1.3737,1.4181,9495796.88,ADA-USD,6h
2021-07-03 12:00:00,1.414,1.4346,1.4178,1.4266,9829881.32,ADA-USD,6h
2021-07-03 18:00:00,1.3851,1.43,1.4269,1.4054,8045801.19,ADA-USD,6h
2021-07-04 00:00:00,1.383,1.439,1.4053,1.4358,7580170.06,ADA-USD,6h
2021-07-04 06:00:00,1.4247,1.4499,1.4358,1.4401,5319986.99,ADA-USD,6h
2021-07-04 12:00:00,1.4278,1.4537,1.44,1.4487,8863664.91,ADA-USD,6h
2021-07-04 18:00:00,1.44,1.496,1.4484,1.4623,15751127.95,ADA-USD,6h
2021-07-05 00:00:00,1.4059,1.4623,1.4621,1.4174,11158629.66,ADA-USD,6h
2021-07-05 06:00:00,1.3778,1.4385,1.4179,1.3844,5767453.31,ADA-USD,6h
2021-07-05 12:00:00,1.3775,1.4153,1.3844,1.4049,9153988.97,ADA-USD,6h
2021-07-05 18:00:00,1.4026,1.4358,1.405,1.4038,8835843.93,ADA-USD,6h
2021-07-06 00:00:00,1.4034,1.4575,1.4038,1.4543,7437041.16,ADA-USD,6h
2021-07-06 06:00:00,1.4058,1.4558,1.4539,1.4185,6158429.8,ADA-USD,6h
2021-07-06 12:00:00,1.3947,1.4448,1.4174,1.4105,12078017.64,ADA-USD,6h
2021-07-06 18:00:00,1.3901,1.4206,1.4105,1.4161,7081388.69,ADA-USD,6h
2021-07-07 00:00:00,1.404,1.4409,1.4163,1.4334,6905044.48,ADA-USD,6h
2021-07-07 06:00:00,1.4155,1.4404,1.4335,1.4314,4635091.88,ADA-USD,6h
2021-07-07 12:00:00,1.415,1.4412,1.4315,1.4202,7080657.89,ADA-USD,6h
2021-07-07 18:00:00,1.4,1.4256,1.4204,1.4049,6939645.67,ADA-USD,6h
2021-07-08 00:00:00,1.3659,1.4073,1.4049,1.3662,12805389.09,ADA-USD,6h
2021-07-08 06:00:00,1.3436,1.3908,1.3659,1.3722,9457431.43,ADA-USD,6h
2021-07-08 12:00:00,1.3422,1.3762,1.3721,1.3717,9746656.37,ADA-USD,6h
2021-07-08 18:00:00,1.3193,1.3757,1.3717,1.3276,9744507.46,ADA-USD,6h
2021-07-09 00:00:00,1.2872,1.346,1.3276,1.3321,11643532.72,ADA-USD,6h
2021-07-09 06:00:00,1.3151,1.34,1.3329,1.3239,3239386.58,ADA-USD,6h
2021-07-09 12:00:00,1.3134,1.3743,1.324,1.3519,7796992.54,ADA-USD,6h
2021-07-09 18:00:00,1.3371,1.3649,1.352,1.351,5576308.38,ADA-USD,6h
2021-07-10 00:00:00,1.329,1.3665,1.3509,1.3371,5945376.33,ADA-USD,6h
2021-07-10 06:00:00,1.3274,1.3489,1.3366,1.3324,1659116.39,ADA-USD,6h
2021-07-10 12:00:00,1.3201,1.3529,1.3313,1.323,6081872.82,ADA-USD,6h
2021-07-10 18:00:00,1.3178,1.3433,1.3224,1.3356,3984280.06,ADA-USD,6h
2021-07-11 00:00:00,1.3235,1.3472,1.3358,1.338,3044570.84,ADA-USD,6h
2021-07-11 06:00:00,1.3295,1.3478,1.338,1.3407,1583979.23,ADA-USD,6h
2021-07-11 12:00:00,1.3359,1.3515,1.3407,1.3425,2940811.79,ADA-USD,6h
2021-07-11 18:00:00,1.3335,1.3673,1.3426,1.3486,4575593.62,ADA-USD,6h
2021-07-12 00:00:00,1.3382,1.3649,1.3491,1.3584,4526404.46,ADA-USD,6h
2021-07-12 06:00:00,1.3356,1.3747,1.3579,1.3372,4901419.55,ADA-USD,6h
2021-07-12 12:00:00,1.302,1.3418,1.3372,1.3079,8705095.28,ADA-USD,6h
2021-07-12 18:00:00,1.2916,1.3213,1.308,1.3129,10138275.21,ADA-USD,6h
2021-07-13 00:00:00,1.289,1.3171,1.3122,1.2892,6627648.3,ADA-USD,6h
2021-07-13 06:00:00,1.2892,1.3202,1.2892,1.2952,5590670.75,ADA-USD,6h
2021-07-13 12:00:00,1.2663,1.2975,1.2951,1.2816,11668233.69,ADA-USD,6h
2021-07-13 18:00:00,1.25,1.2815,1.2815,1.2654,11986745.36,ADA-USD,6h
2021-07-14 00:00:00,1.2,1.27,1.2651,1.2033,18757278.12,ADA-USD,6h
2021-07-14 06:00:00,1.2005,1.2544,1.2036,1.2517,6317649.56,ADA-USD,6h
2021-07-14 12:00:00,1.2433,1.29,1.2514,1.2764,10846740.41,ADA-USD,6h
2021-07-14 18:00:00,1.2583,1.2845,1.2764,1.2633,6173315.99,ADA-USD,6h
2021-07-15 00:00:00,1.2375,1.29,1.2636,1.2433,8177259.28,ADA-USD,6h
2021-07-15 06:00:00,1.21,1.2543,1.2428,1.2185,6189499.93,ADA-USD,6h
2021-07-15 12:00:00,1.2051,1.2395,1.2185,1.2118,10252403.41,ADA-USD,6h
2021-07-15 18:00:00,1.2097,1.2389,1.2122,1.2249,7436726.65,ADA-USD,6h
2021-07-16 00:00:00,1.2105,1.2452,1.2249,1.2216,4189099.27,ADA-USD,6h
2021-07-16 06:00:00,1.1661,1.2222,1.2211,1.1675,11681402.51,ADA-USD,6h
2021-07-16 12:00:00,1.167,1.226,1.1675,1.2165,11055949.83,ADA-USD,6h
2021-07-16 18:00:00,1.1702,1.2165,1.2165,1.1714,9838456.96,ADA-USD,6h
2021-07-17 00:00:00,1.1503,1.1895,1.1714,1.1742,11953209.95,ADA-USD,6h
2021-07-17 06:00:00,1.1511,1.1917,1.1742,1.162,5933863.45,ADA-USD,6h
2021-07-17 12:00:00,1.1563,1.182,1.1619,1.1769,7292232.64,ADA-USD,6h
2021-07-17 18:00:00,1.1712,1.1954,1.1766,1.173,5306690.6,ADA-USD,6h
2021-07-18 00:00:00,1.1713,1.2193,1.1731,1.2016,7317071.73,ADA-USD,6h
2021-07-18 06:00:00,1.1905,1.2079,1.2015,1.2031,2356390.14,ADA-USD,6h
2021-07-18 12:00:00,1.1674,1.2052,1.2033,1.1853,5700834.84,ADA-USD,6h
2021-07-18 18:00:00,1.1707,1.1956,1.1851,1.1815,4829740.09,ADA-USD,6h
2021-07-19 00:00:00,1.1655,1.1922,1.1816,1.1889,7012358.93,ADA-USD,6h
2021-07-19 06:00:00,1.1569,1.1913,1.189,1.1586,3330214.99,ADA-USD,6h
2021-07-19 12:00:00,1.1159,1.1625,1.1585,1.1271,20651518.9,ADA-USD,6h
2021-07-19 18:00:00,1.1183,1.1343,1.1272,1.1226,7672437.24,ADA-USD,6h
2021-07-20 00:00:00,1.051,1.1365,1.1228,1.0659,34842600.53,ADA-USD,6h
2021-07-20 06:00:00,1.025,1.0731,1.0659,1.056,21255282.33,ADA-USD,6h
2021-07-20 12:00:00,1.0324,1.0799,1.0563,1.0634,26763835.55,ADA-USD,6h
2021-07-20 18:00:00,1.0526,1.0943,1.0636,1.0559,15921994.87,ADA-USD,6h
2021-07-21 00:00:00,1.038,1.1298,1.0559,1.1241,17803713.21,ADA-USD,6h
2021-07-21 06:00:00,1.1216,1.1685,1.124,1.1658,13718704.87,ADA-USD,6h
2021-07-21 12:00:00,1.1534,1.2261,1.1659,1.1837,20864021.1,ADA-USD,6h
2021-07-21 18:00:00,1.1393,1.2114,1.1835,1.1703,14771741.54,ADA-USD,6h
2021-07-22 00:00:00,1.1522,1.1974,1.1713,1.1574,9239263.88,ADA-USD,6h
2021-07-22 06:00:00,1.155,1.193,1.1574,1.1691,5069230.62,ADA-USD,6h
2021-07-22 12:00:00,1.1503,1.209,1.1683,1.1995,10507674.29,ADA-USD,6h
2021-07-22 18:00:00,1.1684,1.2029,1.1996,1.1858,7299942.44,ADA-USD,6h
2021-07-23 00:00:00,1.1745,1.2086,1.1858,1.1985,10503565.42,ADA-USD,6h
2021-07-23 06:00:00,1.17,1.1993,1.1985,1.1712,3474565.94,ADA-USD,6h
2021-07-23 12:00:00,1.1465,1.1856,1.171,1.1548,10134707.65,ADA-USD,6h
2021-07-23 18:00:00,1.15,1.2079,1.1548,1.2079,12211865.61,ADA-USD,6h
2021-07-24 00:00:00,1.2025,1.2217,1.208,1.2146,8849877.78,ADA-USD,6h
2021-07-24 06:00:00,1.1971,1.2259,1.2146,1.218,5588444.17,ADA-USD,6h
2021-07-24 12:00:00,1.205,1.2499,1.218,1.2402,10764343.33,ADA-USD,6h
2021-07-24 18:00:00,1.2095,1.2453,1.2402,1.2345,9253633.52,ADA-USD,6h
2021-07-25 00:00:00,1.2077,1.24,1.2341,1.2213,6159146.7,ADA-USD,6h
2021-07-25 06:00:00,1.2164,1.2391,1.2213,1.2215,5732913.58,ADA-USD,6h
2021-07-25 12:00:00,1.1909,1.2232,1.2214,1.2096,7840039.71,ADA-USD,6h
2021-07-25 18:00:00,1.2,1.23,1.2097,1.2295,8767531.25,ADA-USD,6h
2021-07-26 00:00:00,1.2233,1.3857,1.2296,1.3837,44288030.34,ADA-USD,6h
2021-07-26 06:00:00,1.3252,1.4,1.385,1.3456,17140028.22,ADA-USD,6h
2021-07-26 12:00:00,1.3114,1.3534,1.3462,1.3434,21772956.54,ADA-USD,6h
2021-07-26 18:00:00,1.2427,1.3704,1.3434,1.2554,32669929.83,ADA-USD,6h
2021-07-27 00:00:00,1.214,1.2706,1.2556,1.2465,13996620.1,ADA-USD,6h
2021-07-27 06:00:00,1.2421,1.3022,1.2464,1.3022,7828154.3,ADA-USD,6h
2021-07-27 12:00:00,1.241,1.317,1.3022,1.2484,17476380.93,ADA-USD,6h
2021-07-27 18:00:00,1.2354,1.2823,1.2484,1.2807,13535274.35,ADA-USD,6h
2021-07-28 00:00:00,1.258,1.2986,1.2805,1.2819,9673724.55,ADA-USD,6h
2021-07-28 06:00:00,1.2615,1.3183,1.2818,1.3115,6941979.66,ADA-USD,6h
2021-07-28 12:00:00,1.264,1.3144,1.3114,1.2657,12415579.81,ADA-USD,6h
2021-07-28 18:00:00,1.2602,1.3025,1.266,1.288,11859714.86,ADA-USD,6h
2021-07-29 00:00:00,1.2576,1.2896,1.288,1.2819,9160248.33,ADA-USD,6h
2021-07-29 06:00:00,1.2646,1.2912,1.2818,1.27,5295144.5,ADA-USD,6h
2021-07-29 12:00:00,1.2633,1.2902,1.27,1.2793,6281522.53,ADA-USD,6h
2021-07-29 18:00:00,1.2724,1.2986,1.2786,1.286,10571040.49,ADA-USD,6h
2021-07-30 00:00:00,1.2791,1.3183,1.2856,1.2978,11157550.1,ADA-USD,6h
2021-07-30 06:00:00,1.2489,1.3006,1.2978,1.2599,7447179.48,ADA-USD,6h
2021-07-30 12:00:00,1.2513,1.2796,1.2598,1.2729,7298963.67,ADA-USD,6h
2021-07-30 18:00:00,1.2658,1.3125,1.2724,1.3115,12713088.82,ADA-USD,6h
2021-07-31 00:00:00,1.2886,1.3297,1.3119,1.3012,10792100.86,ADA-USD,6h
2021-07-31 06:00:00,1.2947,1.325,1.3013,1.3083,7617210.59,ADA-USD,6h
2021-07-31 12:00:00,1.2957,1.3157,1.3083,1.2985,5905494.87,ADA-USD,6h
2021-07-31 18:00:00,1.2971,1.3339,1.2984,1.3206,9871429.61,ADA-USD,6h
2021-08-01 00:00:00,1.312,1.3893,1.3211,1.3673,20646479.54,ADA-USD,6h
2021-08-01 06:00:00,1.3469,1.3819,1.3673,1.3621,7138632.48,ADA-USD,6h
2021-08-01 12:00:00,1.3281,1.3719,1.3617,1.3387,13081337.77,ADA-USD,6h
2021-08-01 18:00:00,1.3,1.3629,1.3386,1.3147,16969649.39,ADA-USD,6h
2021-08-02 00:00:00,1.2941,1.3302,1.3141,1.3218,10265852.29,ADA-USD,6h
2021-08-02 06:00:00,1.3165,1.3504,1.3214,1.3234,8698153.22,ADA-USD,6h
2021-08-02 12:00:00,1.3047,1.3369,1.3234,1.3313,8535042.4,ADA-USD,6h
2021-08-02 18:00:00,1.3,1.3322,1.3312,1.3078,12774897.36,ADA-USD,6h
2021-08-03 00:00:00,1.262,1.3227,1.3082,1.2742,12076203.29,ADA-USD,6h
2021-08-03 06:00:00,1.2715,1.3086,1.2738,1.2939,5412462.15,ADA-USD,6h
2021-08-03 12:00:00,1.2806,1.3749,1.2944,1.3507,23181735.73,ADA-USD,6h
2021-08-03 18:00:00,1.3467,1.3815,1.3512,1.3692,18251334.3,ADA-USD,6h
2021-08-04 00:00:00,1.3303,1.3742,1.3689,1.3384,10062261.83,ADA-USD,6h
2021-08-04 06:00:00,1.3229,1.3534,1.3386,1.3448,6190435.21,ADA-USD,6h
2021-08-04 12:00:00,1.3438,1.3935,1.3447,1.3774,15303169.86,ADA-USD,6h
2021-08-04 18:00:00,1.3644,1.3932,1.3778,1.3767,15747421.43,ADA-USD,6h
2021-08-05 00:00:00,1.362,1.3868,1.3763,1.3809,7420405.06,ADA-USD,6h
2021-08-05 06:00:00,1.3475,1.381,1.381,1.3523,9525961.81,ADA-USD,6h
2021-08-05 12:00:00,1.3384,1.3932,1.352,1.3931,15024947.83,ADA-USD,6h
2021-08-05 18:00:00,1.383,1.3987,1.3931,1.3867,12549714.92,ADA-USD,6h
2021-08-06 00:00:00,1.3643,1.3928,1.3867,1.3755,9351956.11,ADA-USD,6h
2021-08-06 06:00:00,1.3654,1.3863,1.3755,1.3673,6345996.34,ADA-USD,6h
2021-08-06 12:00:00,1.3622,1.4248,1.3671,1.4248,21818602.32,ADA-USD,6h
2021-08-06 18:00:00,1.3922,1.4261,1.4248,1.4032,14135650.74,ADA-USD,6h
2021-08-07 00:00:00,1.3959,1.4537,1.403,1.4435,17180622.67,ADA-USD,6h
2021-08-07 06:00:00,1.4254,1.481,1.4437,1.4792,9438861.72,ADA-USD,6h
2021-08-07 12:00:00,1.4088,1.4866,1.4792,1.4377,22782091.15,ADA-USD,6h
2021-08-07 18:00:00,1.4262,1.4794,1.4371,1.4744,13077138.81,ADA-USD,6h
2021-08-08 00:00:00,1.4353,1.4865,1.4743,1.4697,11396567.73,ADA-USD,6h
2021-08-08 06:00:00,1.4554,1.4952,1.4702,1.4608,9073094.47,ADA-USD,6h
2021-08-08 12:00:00,1.4231,1.4812,1.4609,1.4294,14228163.67,ADA-USD,6h
2021-08-08 18:00:00,1.4075,1.4486,1.4295,1.4268,14500001.8,ADA-USD,6h
2021-08-09 00:00:00,1.3921,1.435,1.4265,1.4128,12259407.68,ADA-USD,6h
2021-08-09 06:00:00,1.4013,1.475,1.4128,1.4739,9162111.86,ADA-USD,6h
2021-08-09 12:00:00,1.4531,1.4877,1.4737,1.4846,15201000.13,ADA-USD,6h
2021-08-09 18:00:00,1.4504,1.5,1.4846,1.4752,21960029.09,ADA-USD,6h
2021-08-10 00:00:00,1.4581,1.483,1.4752,1.4689,8056138.7,ADA-USD,6h
2021-08-10 06:00:00,1.4626,1.588,1.4685,1.5756,22654294.34,ADA-USD,6h
2021-08-10 12:00:00,1.5286,1.5945,1.5754,1.5671,32845603.14,ADA-USD,6h
2021-08-10 18:00:00,1.5656,1.701,1.5671,1.6788,45336081.98,ADA-USD,6h
2021-08-11 00:00:00,1.6708,1.75,1.6788,1.7495,42103164.77,ADA-USD,6h
2021-08-11 06:00:00,1.7427,1.7997,1.7498,1.7673,33216707.19,ADA-USD,6h
2021-08-11 12:00:00,1.7588,1.898,1.7672,1.8786,62120213.53,ADA-USD,6h
2021-08-11 18:00:00,1.7643,1.8836,1.8786,1.7948,48980392.71,ADA-USD,6h
2021-08-12 00:00:00,1.7222,1.8694,1.7946,1.7803,35064722.4,ADA-USD,6h
2021-08-12 06:00:00,1.74,1.832,1.7795,1.7575,22109781.63,ADA-USD,6h
2021-08-12 12:00:00,1.68,1.7778,1.7579,1.7329,42519912.14,ADA-USD,6h
2021-08-12 18:00:00,1.724,1.8351,1.7324,1.8349,26871187.11,ADA-USD,6h
2021-08-13 00:00:00,1.8211,1.9989,1.8351,1.9402,67234067.51,ADA-USD,6h
2021-08-13 06:00:00,1.9344,2.0821,1.9397,2.0136,41911958.07,ADA-USD,6h
2021-08-13 12:00:00,1.9405,2.0599,2.0133,2.0264,51041897.03,ADA-USD,6h
2021-08-13 18:00:00,1.9771,2.15,2.0267,2.1398,44197210.99,ADA-USD,6h
2021-08-14 00:00:00,2.0911,2.1756,2.1398,2.1712,35328523.97,ADA-USD,6h
2021-08-14 06:00:00,2.0839,2.25,2.1708,2.1785,39430804.94,ADA-USD,6h
2021-08-14 12:00:00,2.1085,2.2309,2.1787,2.1643,43065752.79,ADA-USD,6h
2021-08-14 18:00:00,2.145,2.2165,2.1643,2.1906,31726649.1,ADA-USD,6h
2021-08-15 00:00:00,2.1325,2.2499,2.1906,2.1491,33396277.56,ADA-USD,6h
2021-08-15 06:00:00,2.0327,2.1656,2.1491,2.1244,24069043.1,ADA-USD,6h
2021-08-15 12:00:00,2.0665,2.1396,2.1243,2.1085,30385598.56,ADA-USD,6h
2021-08-15 18:00:00,2.1008,2.199,2.1082,2.1686,27194360.49,ADA-USD,6h
2021-08-16 00:00:00,2.1126,2.19,2.1684,2.1656,23105861.28,ADA-USD,6h
2021-08-16 06:00:00,2.134,2.1968,2.1651,2.1677,12979884.54,ADA-USD,6h
2021-08-16 12:00:00,2.0832,2.168,2.1677,2.1388,25956810.06,ADA-USD,6h
2021-08-16 18:00:00,2.0475,2.1446,2.1374,2.0725,30944939.14,ADA-USD,6h
2021-08-17 00:00:00,2.0325,2.1413,2.0717,2.0739,38676139.11,ADA-USD,6h
2021-08-17 06:00:00,2.051,2.1124,2.0745,2.0939,14690636.12,ADA-USD,6h
2021-08-17 12:00:00,2.0335,2.1133,2.0934,2.0601,23082887.93,ADA-USD,6h
2021-08-17 18:00:00,1.906,2.0772,2.0603,1.9223,66011360.74,ADA-USD,6h
2021-08-18 00:00:00,1.8703,2.046,1.9233,2.0447,42039940.13,ADA-USD,6h
2021-08-18 06:00:00,1.948,2.053,2.0446,1.9569,17260331.49,ADA-USD,6h
2021-08-18 12:00:00,1.9462,2.165,1.9565,2.1563,45465924.13,ADA-USD,6h
2021-08-18 18:00:00,2.0335,2.162,2.1571,2.1046,46424117.21,ADA-USD,6h
2021-08-19 00:00:00,2.0709,2.1848,2.1047,2.1309,34469348.56,ADA-USD,6h
2021-08-19 06:00:00,2.0566,2.1383,2.1307,2.0603,13248596.67,ADA-USD,6h
2021-08-19 12:00:00,2.0473,2.2738,2.0604,2.2706,60643454.77,ADA-USD,6h
2021-08-19 18:00:00,2.2544,2.4494,2.2708,2.4411,124032866.05,ADA-USD,6h
2021-08-20 00:00:00,2.3713,2.542,2.441,2.5295,77284085.79,ADA-USD,6h
2021-08-20 06:00:00,2.436,2.5485,2.5298,2.4852,36327111.05,ADA-USD,6h
2021-08-20 12:00:00,2.4612,2.5832,2.485,2.4816,54190541.16,ADA-USD,6h
2021-08-20 18:00:00,2.4,2.5089,2.4816,2.4567,46060394.05,ADA-USD,6h
2021-08-21 00:00:00,2.4068,2.5295,2.457,2.4991,25861988.19,ADA-USD,6h
2021-08-21 06:00:00,2.4115,2.5063,2.4991,2.4424,15753531.0,ADA-USD,6h
2021-08-21 12:00:00,2.4216,2.4782,2.4418,2.4406,17062988.03,ADA-USD,6h
2021-08-21 18:00:00,2.3828,2.4843,2.4406,2.4377,25489752.72,ADA-USD,6h
2021-08-22 00:00:00,2.4333,2.5484,2.4366,2.521,30632008.23,ADA-USD,6h
2021-08-22 06:00:00,2.521,2.6548,2.521,2.6266,34753974.04,ADA-USD,6h
2021-08-22 12:00:00,2.524,2.6321,2.6266,2.5779,36621100.47,ADA-USD,6h
2021-08-22 18:00:00,2.5352,2.7238,2.5779,2.711,35567341.53,ADA-USD,6h
2021-08-23 00:00:00,2.689,2.858,2.71,2.8225,70360333.55,ADA-USD,6h
2021-08-23 06:00:00,2.782,2.8799,2.8225,2.8252,22434148.77,ADA-USD,6h
2021-08-23 12:00:00,2.8116,2.968,2.8252,2.9225,65173480.25,ADA-USD,6h
2021-08-23 18:00:00,2.8527,2.97,2.9211,2.9179,48188686.2,ADA-USD,6h
2021-08-24 00:00:00,2.8261,2.9496,2.9176,2.863,38356225.71,ADA-USD,6h
2021-08-24 06:00:00,2.8483,2.9265,2.8638,2.89,14359827.2,ADA-USD,6h
2021-08-24 12:00:00,2.59,2.8905,2.89,2.7071,105554199.59,ADA-USD,6h
2021-08-24 18:00:00,2.698,2.8526,2.7076,2.7209,57219857.9,ADA-USD,6h
2021-08-25 00:00:00,2.7081,2.7918,2.7209,2.7901,27704211.75,ADA-USD,6h
2021-08-25 06:00:00,2.604,2.7938,2.7906,2.6711,28219310.86,ADA-USD,6h
2021-08-25 12:00:00,2.6227,2.8,2.6711,2.763,47695679.8,ADA-USD,6h
2021-08-25 18:00:00,2.7003,2.7897,2.763,2.7402,22596079.64,ADA-USD,6h
2021-08-26 00:00:00,2.58,2.785,2.7406,2.6221,40757444.87,ADA-USD,6h
2021-08-26 06:00:00,2.5263,2.6482,2.6202,2.5656,33230746.15,ADA-USD,6h
2021-08-26 12:00:00,2.5,2.6421,2.5666,2.5281,49568382.94,ADA-USD,6h
2021-08-26 18:00:00,2.4701,2.6349,2.528,2.5301,43072229.51,ADA-USD,6h
2021-08-27 00:00:00,2.4968,2.62,2.5313,2.5604,35901640.4,ADA-USD,6h
2021-08-27 06:00:00,2.5484,2.744,2.5603,2.718,31401757.38,ADA-USD,6h
2021-08-27 12:00:00,2.6931,2.8975,2.718,2.8493,64647708.06,ADA-USD,6h
2021-08-27 18:00:00,2.8161,2.9485,2.8492,2.9477,39837973.58,ADA-USD,6h
2021-08-28 00:00:00,2.8221,2.95,2.9485,2.8393,28686031.51,ADA-USD,6h
2021-08-28 06:00:00,2.8013,2.8741,2.839,2.8057,13741020.14,ADA-USD,6h
2021-08-28 12:00:00,2.7757,2.8723,2.8065,2.8399,28963801.71,ADA-USD,6h
2021-08-28 18:00:00,2.805,2.88,2.8403,2.8494,20844631.34,ADA-USD,6h
2021-08-29 00:00:00,2.7235,2.868,2.8494,2.7785,30821184.23,ADA-USD,6h
2021-08-29 06:00:00,2.7745,2.9371,2.7783,2.8687,24351163.4,ADA-USD,6h
2021-08-29 12:00:00,2.8363,2.921,2.87,2.8715,23594050.22,ADA-USD,6h
2021-08-29 18:00:00,2.852,2.903,2.8716,2.853,19267699.52,ADA-USD,6h
2021-08-30 00:00:00,2.7883,2.8867,2.8532,2.8339,28630382.72,ADA-USD,6h
2021-08-30 06:00:00,2.7918,2.8445,2.8336,2.812,13081954.51,ADA-USD,6h
2021-08-30 12:00:00,2.7522,2.8477,2.8121,2.8056,28457007.18,ADA-USD,6h
2021-08-30 18:00:00,2.7242,2.842,2.805,2.7368,34239193.65,ADA-USD,6h
2021-08-31 00:00:00,2.7021,2.8174,2.7367,2.7675,28932007.12,ADA-USD,6h
2021-08-31 06:00:00,2.7402,2.88,2.7682,2.8537,21287878.57,ADA-USD,6h
2021-08-31 12:00:00,2.74,2.8716,2.8532,2.7533,35134025.23,ADA-USD,6h
2021-08-31 18:00:00,2.7315,2.7957,2.7524,2.7698,18600065.78,ADA-USD,6h
2021-09-01 00:00:00,2.724,2.7988,2.7697,2.7889,16452818.29,ADA-USD,6h
2021-09-01 06:00:00,2.7737,2.8532,2.7886,2.8183,16815349.64,ADA-USD,6h
2021-09-01 12:00:00,2.8101,2.9052,2.8186,2.8742,34196061.02,ADA-USD,6h
2021-09-01 18:00:00,2.8215,2.8977,2.8741,2.8707,25914582.07,ADA-USD,6h
2021-09-02 00:00:00,2.8371,3.0987,2.8706,3.095,73394114.75,ADA-USD,6h
2021-09-02 06:00:00,3.0044,3.0994,3.095,3.0495,26459371.18,ADA-USD,6h
2021-09-02 12:00:00,2.9009,3.06,3.0493,2.9824,45618105.01,ADA-USD,6h
2021-09-02 18:00:00,2.937,3.0203,2.9823,2.9635,29343188.07,ADA-USD,6h
2021-09-03 00:00:00,2.9045,2.98,2.9634,2.9561,37884764.0,ADA-USD,6h
2021-09-03 06:00:00,2.9351,3.0227,2.9564,2.9834,19608433.26,ADA-USD,6h
2021-09-03 12:00:00,2.9641,3.0333,2.9834,2.9853,28694338.39,ADA-USD,6h
2021-09-03 18:00:00,2.9253,2.9921,2.985,2.9677,22665115.65,ADA-USD,6h
2021-09-04 00:00:00,2.915,2.968,2.968,2.9457,18818137.2,ADA-USD,6h
2021-09-04 06:00:00,2.9102,2.9509,2.9457,2.9172,9618950.41,ADA-USD,6h
2021-09-04 12:00:00,2.8033,2.9515,2.9171,2.8609,40243989.42,ADA-USD,6h
2021-09-04 18:00:00,2.824,2.8868,2.8605,2.833,25935741.88,ADA-USD,6h
2021-09-05 00:00:00,2.828,2.9213,2.8334,2.8584,18347755.67,ADA-USD,6h
2021-09-05 06:00:00,2.8255,2.9069,2.8586,2.8701,12189699.76,ADA-USD,6h
2021-09-05 12:00:00,2.8522,2.893,2.8708,2.8785,17242943.15,ADA-USD,6h
2021-09-05 18:00:00,2.8781,2.9594,2.8786,2.9135,28339024.35,ADA-USD,6h
2021-09-06 00:00:00,2.8709,2.9303,2.9135,2.8926,13687826.47,ADA-USD,6h
2021-09-06 06:00:00,2.84,2.9217,2.8926,2.8488,12304378.03,ADA-USD,6h
2021-09-06 12:00:00,2.8031,2.88,2.8489,2.8438,27129214.97,ADA-USD,6h
2021-09-06 18:00:00,2.815,2.8573,2.8436,2.8349,22266370.39,ADA-USD,6h
2021-09-07 00:00:00,2.801,2.8769,2.8346,2.8241,24498939.46,ADA-USD,6h
2021-09-07 06:00:00,2.531,2.8276,2.8241,2.646,76787856.65,ADA-USD,6h
2021-09-07 12:00:00,2.003,2.6693,2.6465,2.3632,140305488.97,ADA-USD,6h
2021-09-07 18:00:00,2.258,2.5361,2.3633,2.5238,71398911.02,ADA-USD,6h
2021-09-08 00:00:00,2.4342,2.58,2.5242,2.4383,52278778.22,ADA-USD,6h
2021-09-08 06:00:00,2.2007,2.4466,2.437,2.3935,68940297.88,ADA-USD,6h
2021-09-08 12:00:00,2.35,2.45,2.3932,2.4243,47401189.7,ADA-USD,6h
2021-09-08 18:00:00,2.3647,2.558,2.4243,2.47,55391446.65,ADA-USD,6h
2021-09-09 00:00:00,2.3852,2.5092,2.4708,2.4959,44664161.68,ADA-USD,6h
2021-09-09 06:00:00,2.493,2.6229,2.4961,2.5895,50197746.06,ADA-USD,6h
2021-09-09 12:00:00,2.4819,2.6147,2.5891,2.5474,49139105.01,ADA-USD,6h
2021-09-09 18:00:00,2.4875,2.5652,2.5473,2.5182,28190053.97,ADA-USD,6h
2021-09-10 00:00:00,2.4942,2.5862,2.5182,2.5579,21035316.72,ADA-USD,6h
2021-09-10 06:00:00,2.4235,2.561,2.5577,2.4889,26508825.32,ADA-USD,6h
2021-09-10 12:00:00,2.276,2.491,2.4892,2.4288,66188710.83,ADA-USD,6h
2021-09-10 18:00:00,2.3165,2.443,2.4287,2.3826,30861528.5,ADA-USD,6h
2021-09-11 00:00:00,2.3682,2.4424,2.3829,2.4315,22412795.48,ADA-USD,6h
2021-09-11 06:00:00,2.3776,2.7525,2.4317,2.7099,55452963.2,ADA-USD,6h
2021-09-11 12:00:00,2.6558,2.8,2.71,2.7125,70676372.09,ADA-USD,6h
2021-09-11 18:00:00,2.54,2.756,2.7129,2.6364,43548083.68,ADA-USD,6h
2021-09-12 00:00:00,2.5033,2.642,2.6384,2.5544,29093556.5,ADA-USD,6h
2021-09-12 06:00:00,2.5279,2.6446,2.5545,2.6079,16986046.74,ADA-USD,6h
2021-09-12 12:00:00,2.5943,2.7342,2.6083,2.7264,38174594.94,ADA-USD,6h
2021-09-12 18:00:00,2.5025,2.79,2.7264,2.5806,75831106.31,ADA-USD,6h
2021-09-13 00:00:00,2.404,2.5934,2.5812,2.4487,51999855.64,ADA-USD,6h
2021-09-13 06:00:00,2.3115,2.4492,2.4484,2.4353,35642671.64,ADA-USD,6h
2021-09-13 12:00:00,2.3111,2.51,2.4348,2.4336,52856147.4,ADA-USD,6h
2021-09-13 18:00:00,2.392,2.4619,2.4329,2.4022,22372525.07,ADA-USD,6h
2021-09-14 00:00:00,2.3724,2.4267,2.4021,2.3894,19316801.96,ADA-USD,6h
2021-09-14 06:00:00,2.3755,2.4305,2.3894,2.3838,15485835.46,ADA-USD,6h
2021-09-14 12:00:00,2.3217,2.4394,2.3838,2.3992,34456771.9,ADA-USD,6h
2021-09-14 18:00:00,2.355,2.41,2.3991,2.3987,21808136.8,ADA-USD,6h
2021-09-15 00:00:00,2.3632,2.408,2.3985,2.3843,13597130.32,ADA-USD,6h
2021-09-15 06:00:00,2.3583,2.4279,2.3842,2.3991,12990811.62,ADA-USD,6h
2021-09-15 12:00:00,2.3938,2.5862,2.3995,2.5298,56783906.97,ADA-USD,6h
2021-09-15 18:00:00,2.4731,2.5385,2.5297,2.5052,23281235.62,ADA-USD,6h
2021-09-16 00:00:00,2.42,2.5092,2.5053,2.4733,20877774.11,ADA-USD,6h
2021-09-16 06:00:00,2.4542,2.5249,2.474,2.4683,11149965.53,ADA-USD,6h
2021-09-16 12:00:00,2.39,2.4854,2.4682,2.4183,26641580.03,ADA-USD,6h
2021-09-16 18:00:00,2.3821,2.436,2.4185,2.4169,19147840.39,ADA-USD,6h
2021-09-17 00:00:00,2.4,2.4418,2.4169,2.4276,12839252.63,ADA-USD,6h
2021-09-17 06:00:00,2.3514,2.4324,2.4274,2.3642,15629299.13,ADA-USD,6h
2021-09-17 12:00:00,2.345,2.3916,2.3641,2.3568,18179939.45,ADA-USD,6h
2021-09-17 18:00:00,2.3142,2.3682,2.357,2.3509,18183610.62,ADA-USD,6h
2021-09-18 00:00:00,2.3118,2.413,2.3512,2.4075,14638486.69,ADA-USD,6h
2021-09-18 06:00:00,2.3889,2.4395,2.4075,2.3946,13113947.05,ADA-USD,6h
2021-09-18 12:00:00,2.3632,2.408,2.3947,2.3812,13776094.5,ADA-USD,6h
2021-09-18 18:00:00,2.355,2.3853,2.3811,2.3706,10942394.59,ADA-USD,6h
2021-09-19 00:00:00,2.3374,2.3719,2.371,2.3654,7114181.5,ADA-USD,6h
2021-09-19 06:00:00,2.3235,2.3969,2.3652,2.3282,6788017.33,ADA-USD,6h
2021-09-19 12:00:00,2.3216,2.3759,2.3281,2.3416,10399254.69,ADA-USD,6h
2021-09-19 18:00:00,2.2611,2.3571,2.3415,2.2833,22519611.07,ADA-USD,6h
2021-09-20 00:00:00,2.1173,2.2928,2.2835,2.188,48573624.66,ADA-USD,6h
2021-09-20 06:00:00,2.0258,2.1925,2.1885,2.0583,45169938.07,ADA-USD,6h
2021-09-20 12:00:00,1.977,2.1877,2.0589,2.1608,71039615.11,ADA-USD,6h
2021-09-20 18:00:00,2.0246,2.1697,2.1617,2.0812,58225187.38,ADA-USD,6h
2021-09-21 00:00:00,1.9716,2.1524,2.082,2.0762,49479857.95,ADA-USD,6h
2021-09-21 06:00:00,2.0764,2.178,2.0764,2.1741,24446036.94,ADA-USD,6h
2021-09-21 12:00:00,2.0476,2.229,2.1741,2.0543,44999578.9,ADA-USD,6h
2021-09-21 18:00:00,1.9111,2.104,2.0543,1.987,68469890.23,ADA-USD,6h
2021-09-22 00:00:00,1.9682,2.0796,1.9873,2.0584,32914454.33,ADA-USD,6h
2021-09-22 06:00:00,2.0342,2.1573,2.0587,2.0908,24322979.75,ADA-USD,6h
2021-09-22 12:00:00,2.0865,2.2174,2.0911,2.1836,38956783.27,ADA-USD,6h
2021-09-22 18:00:00,2.1744,2.2697,2.1836,2.2588,38800716.86,ADA-USD,6h
2021-09-23 00:00:00,2.1985,2.2914,2.2579,2.2602,25142725.63,ADA-USD,6h
2021-09-23 06:00:00,2.1863,2.2785,2.26,2.201,14717980.8,ADA-USD,6h
2021-09-23 12:00:00,2.1813,2.2712,2.2004,2.2617,20879057.33,ADA-USD,6h
2021-09-23 18:00:00,2.2412,2.3478,2.2625,2.3281,21004364.79,ADA-USD,6h
2021-09-24 00:00:00,2.2448,2.3469,2.3291,2.2646,23572132.09,ADA-USD,6h
2021-09-24 06:00:00,2.0636,2.3283,2.2653,2.267,61406459.45,ADA-USD,6h
2021-09-24 12:00:00,2.1261,2.2684,2.2679,2.2144,44290919.79,ADA-USD,6h
2021-09-24 18:00:00,2.2083,2.3195,2.2135,2.2802,25736417.15,ADA-USD,6h
2021-09-25 00:00:00,2.238,2.3834,2.2797,2.3343,29433398.2,ADA-USD,6h
2021-09-25 06:00:00,2.2609,2.375,2.3343,2.3362,18651259.95,ADA-USD,6h
2021-09-25 12:00:00,2.3286,2.4604,2.3356,2.39,38473999.23,ADA-USD,6h
2021-09-25 18:00:00,2.2831,2.4131,2.3901,2.3022,32713733.81,ADA-USD,6h
2021-09-26 00:00:00,2.21,2.3034,2.3014,2.2342,24277873.44,ADA-USD,6h
2021-09-26 06:00:00,2.15,2.2988,2.2341,2.2664,24887830.38,ADA-USD,6h
2021-09-26 12:00:00,2.247,2.3,2.2663,2.2483,20488678.41,ADA-USD,6h
2021-09-26 18:00:00,2.191,2.2823,2.2481,2.2075,18295040.1,ADA-USD,6h
2021-09-27 00:00:00,2.1886,2.2772,2.2069,2.2454,19807450.55,ADA-USD,6h
2021-09-27 06:00:00,2.2141,2.2611,2.2454,2.2266,10118545.2,ADA-USD,6h
2021-09-27 12:00:00,2.158,2.2363,2.2263,2.1682,23091821.87,ADA-USD,6h
2021-09-27 18:00:00,2.1303,2.2061,2.1676,2.1303,21493069.74,ADA-USD,6h
2021-09-28 00:00:00,2.1227,2.1738,2.1304,2.1536,14644198.99,ADA-USD,6h
2021-09-28 06:00:00,2.1036,2.1575,2.1541,2.1328,14953031.05,ADA-USD,6h
2021-09-28 12:00:00,2.0311,2.1454,2.1329,2.0439,26566558.36,ADA-USD,6h
2021-09-28 18:00:00,2.0291,2.0952,2.0437,2.0374,21586294.08,ADA-USD,6h
2021-09-29 00:00:00,2.0236,2.1043,2.0374,2.0893,19001337.78,ADA-USD,6h
2021-09-29 06:00:00,2.0861,2.1442,2.0891,2.1293,17772999.32,ADA-USD,6h
2021-09-29 12:00:00,2.032,2.1382,2.1292,2.0341,24067833.38,ADA-USD,6h
2021-09-29 18:00:00,2.02,2.0669,2.0339,2.066,20974286.06,ADA-USD,6h
2021-09-30 00:00:00,2.0512,2.1299,2.066,2.1001,22633634.76,ADA-USD,6h
2021-09-30 06:00:00,2.0615,2.1113,2.1006,2.0808,12481132.12,ADA-USD,6h
2021-09-30 12:00:00,2.0729,2.1155,2.0808,2.0971,19653573.21,ADA-USD,6h
2021-09-30 18:00:00,2.088,2.1369,2.0969,2.1155,18140160.47,ADA-USD,6h
2021-10-01 00:00:00,2.093,2.1347,2.1157,2.1144,12198923.57,ADA-USD,6h
2021-10-01 06:00:00,2.1011,2.2431,2.1144,2.2383,24659646.55,ADA-USD,6h
2021-10-01 12:00:00,2.185,2.2497,2.2382,2.2428,22295762.7,ADA-USD,6h
2021-10-01 18:00:00,2.2183,2.275,2.2429,2.2554,19932229.74,ADA-USD,6h
2021-10-02 00:00:00,2.195,2.2569,2.256,2.2107,12759524.75,ADA-USD,6h
2021-10-02 06:00:00,2.199,2.2282,2.2102,2.2192,6015314.06,ADA-USD,6h
2021-10-02 12:00:00,2.2152,2.3227,2.2191,2.3041,24015541.03,ADA-USD,6h
2021-10-02 18:00:00,2.2341,2.3171,2.3045,2.2489,19037714.69,ADA-USD,6h
2021-10-03 00:00:00,2.2224,2.2789,2.2485,2.2747,14368448.2,ADA-USD,6h
2021-10-03 06:00:00,2.2439,2.2901,2.2747,2.2753,7672791.42,ADA-USD,6h
2021-10-03 12:00:00,2.2574,2.2984,2.2758,2.2967,13839879.88,ADA-USD,6h
2021-10-03 18:00:00,2.2277,2.3093,2.2964,2.2531,17686181.43,ADA-USD,6h
2021-10-04 00:00:00,2.1555,2.2545,2.2529,2.1886,18287075.88,ADA-USD,6h
2021-10-04 06:00:00,2.1573,2.1982,2.1885,2.1736,9987489.7,ADA-USD,6h
2021-10-04 12:00:00,2.1502,2.229,2.1735,2.2112,25137220.14,ADA-USD,6h
2021-10-04 18:00:00,2.175,2.2192,2.2113,2.1915,19739529.36,ADA-USD,6h
2021-10-05 00:00:00,2.1821,2.2333,2.1922,2.2157,13989336.41,ADA-USD,6h
2021-10-05 06:00:00,2.208,2.2502,2.2157,2.2248,9725888.03,ADA-USD,6h
2021-10-05 12:00:00,2.1778,2.232,2.2247,2.1991,26424692.27,ADA-USD,6h
2021-10-05 18:00:00,2.1969,2.2589,2.1991,2.2331,20541536.42,ADA-USD,6h
2021-10-06 00:00:00,2.1924,2.2367,2.2339,2.2063,16506748.28,ADA-USD,6h
2021-10-06 06:00:00,2.1137,2.2123,2.2064,2.1338,25985463.42,ADA-USD,6h
2021-10-06 12:00:00,2.1308,2.2466,2.1339,2.2224,45276067.22,ADA-USD,6h
2021-10-06 18:00:00,2.2033,2.25,2.2229,2.2107,27782886.16,ADA-USD,6h
2021-10-07 00:00:00,2.151,2.2159,2.2111,2.1958,29697356.39,ADA-USD,6h
2021-10-07 06:00:00,2.1755,2.3749,2.1956,2.3238,38955346.78,ADA-USD,6h
2021-10-07 12:00:00,2.2604,2.3416,2.3246,2.2979,40048920.17,ADA-USD,6h
2021-10-07 18:00:00,2.2618,2.3112,2.2977,2.2783,23203370.44,ADA-USD,6h
2021-10-08 00:00:00,2.2537,2.2964,2.2784,2.2689,11949816.0,ADA-USD,6h
2021-10-08 06:00:00,2.2626,2.3129,2.269,2.2686,12904168.18,ADA-USD,6h
2021-10-08 12:00:00,2.2534,2.2875,2.2683,2.2643,23897117.34,ADA-USD,6h
2021-10-08 18:00:00,2.2157,2.2779,2.2642,2.238,18467914.25,ADA-USD,6h
2021-10-09 00:00:00,2.2199,2.2567,2.2382,2.2446,10980027.42,ADA-USD,6h
2021-10-09 06:00:00,2.2446,2.2868,2.2447,2.2724,18217351.86,ADA-USD,6h
2021-10-09 12:00:00,2.2567,2.3,2.2724,2.285,23911332.91,ADA-USD,6h
2021-10-09 18:00:00,2.2568,2.2916,2.2853,2.2689,13733712.68,ADA-USD,6h
2021-10-10 00:00:00,2.2245,2.2709,2.2691,2.2554,11915692.24,ADA-USD,6h
2021-10-10 06:00:00,2.2415,2.2776,2.2553,2.2526,5785413.5,ADA-USD,6h
2021-10-10 12:00:00,2.219,2.2574,2.2525,2.2354,8753597.01,ADA-USD,6h
2021-10-10 18:00:00,2.1628,2.2524,2.2355,2.1897,20289144.57,ADA-USD,6h
2021-10-11 00:00:00,2.17,2.2325,2.19,2.213,12237808.15,ADA-USD,6h
2021-10-11 06:00:00,2.1989,2.25,2.2134,2.2088,10724420.39,ADA-USD,6h
2021-10-11 12:00:00,2.1805,2.2199,2.2086,2.1865,19973747.49,ADA-USD,6h
2021-10-11 18:00:00,2.11,2.1935,2.1868,2.1715,28214640.32,ADA-USD,6h
2021-10-12 00:00:00,2.0742,2.1731,2.171,2.1332,22479270.0,ADA-USD,6h
2021-10-12 06:00:00,2.0718,2.1448,2.1345,2.108,13934066.12,ADA-USD,6h
2021-10-12 12:00:00,2.0733,2.1586,2.1084,2.1273,30693665.86,ADA-USD,6h
2021-10-12 18:00:00,2.1076,2.1441,2.1276,2.1176,13113588.07,ADA-USD,6h
2021-10-13 00:00:00,2.0825,2.1519,2.117,2.085,16387486.47,ADA-USD,6h
2021-10-13 06:00:00,2.081,2.1249,2.085,2.1236,12694389.95,ADA-USD,6h
2021-10-13 12:00:00,2.1,2.1513,2.1242,2.1429,14193587.91,ADA-USD,6h
2021-10-13 18:00:00,2.143,2.1993,2.143,2.1891,21342593.83,ADA-USD,6h
2021-10-14 00:00:00,2.1649,2.1988,2.1901,2.1734,12121721.26,ADA-USD,6h
2021-10-14 06:00:00,2.1573,2.1945,2.1727,2.1921,7257355.47,ADA-USD,6h
2021-10-14 12:00:00,2.1771,2.2245,2.1919,2.1904,18151319.32,ADA-USD,6h
2021-10-14 18:00:00,2.1589,2.198,2.1907,2.1743,12696456.43,ADA-USD,6h
2021-10-15 00:00:00,2.14,2.2148,2.174,2.2069,24607014.44,ADA-USD,6h
2021-10-15 06:00:00,2.1358,2.2098,2.2067,2.1618,19036705.19,ADA-USD,6h
2021-10-15 12:00:00,2.1465,2.2427,2.1617,2.2144,36328283.91,ADA-USD,6h
2021-10-15 18:00:00,2.2073,2.24,2.2148,2.2172,21771968.95,ADA-USD,6h
2021-10-16 00:00:00,2.2056,2.2377,2.2174,2.2111,15181525.96,ADA-USD,6h
2021-10-16 06:00:00,2.2,2.2499,2.2114,2.2426,11852492.58,ADA-USD,6h
2021-10-16 12:00:00,2.1805,2.25,2.2427,2.1925,17856094.58,ADA-USD,6h
2021-10-16 18:00:00,2.1704,2.1946,2.192,2.1784,10080472.88,ADA-USD,6h
2021-10-17 00:00:00,2.1522,2.19,2.1783,2.1659,10127906.46,ADA-USD,6h
2021-10-17 06:00:00,2.1644,2.1885,2.1657,2.1683,5272375.55,ADA-USD,6h
2021-10-17 12:00:00,2.1448,2.1776,2.1683,2.1599,8597591.25,ADA-USD,6h
2021-10-17 18:00:00,2.0923,2.1671,2.1596,2.1589,21058021.63,ADA-USD,6h
2021-10-18 00:00:00,2.1333,2.1632,2.1589,2.1545,11481766.98,ADA-USD,6h
2021-10-18 06:00:00,2.1194,2.1746,2.1545,2.1278,10438472.82,ADA-USD,6h
2021-10-18 12:00:00,2.105,2.1487,2.1279,2.1129,17415709.12,ADA-USD,6h
2021-10-18 18:00:00,2.1109,2.141,2.1129,2.1283,11680602.43,ADA-USD,6h
2021-10-19 00:00:00,2.1195,2.1568,2.1271,2.1276,11058264.96,ADA-USD,6h
2021-10-19 06:00:00,2.12,2.1382,2.128,2.1272,5542700.87,ADA-USD,6h
2021-10-19 12:00:00,2.1051,2.1432,2.1273,2.1206,13038914.44,ADA-USD,6h
2021-10-19 18:00:00,2.0925,2.121,2.1205,2.1094,22889045.38,ADA-USD,6h
2021-10-20 00:00:00,2.0918,2.1127,2.1099,2.0999,14624239.48,ADA-USD,6h
2021-10-20 06:00:00,2.0963,2.1492,2.0999,2.1438,8227325.25,ADA-USD,6h
2021-10-20 12:00:00,2.1437,2.213,2.1438,2.1862,39567364.16,ADA-USD,6h
2021-10-20 18:00:00,2.17,2.1992,2.1862,2.1898,16204366.51,ADA-USD,6h
2021-10-21 00:00:00,2.1806,2.2759,2.1897,2.2722,35547186.07,ADA-USD,6h
2021-10-21 06:00:00,2.009,2.2985,2.2719,2.2305,33072985.04,ADA-USD,6h
2021-10-21 12:00:00,2.1251,2.2655,2.2297,2.1473,37668161.44,ADA-USD,6h
2021-10-21 18:00:00,2.1313,2.1777,2.1474,2.1367,14431427.7,ADA-USD,6h
2021-10-22 00:00:00,2.135,2.1979,2.1367,2.1969,15260895.44,ADA-USD,6h
2021-10-22 06:00:00,2.175,2.2096,2.1973,2.1899,9421099.16,ADA-USD,6h
2021-10-22 12:00:00,2.1241,2.194,2.1898,2.1432,27182491.13,ADA-USD,6h
2021-10-22 18:00:00,2.1401,2.1681,2.143,2.1555,11941160.58,ADA-USD,6h
2021-10-23 00:00:00,2.139,2.1678,2.156,2.1509,7483004.86,ADA-USD,6h
2021-10-23 06:00:00,2.1321,2.1736,2.1503,2.1626,7533503.19,ADA-USD,6h
2021-10-23 12:00:00,2.1462,2.169,2.1626,2.1501,10778281.21,ADA-USD,6h
2021-10-23 18:00:00,2.1384,2.1682,2.1501,2.1661,10783771.34,ADA-USD,6h
2021-10-24 00:00:00,2.1467,2.1676,2.1661,2.1484,7677529.68,ADA-USD,6h
2021-10-24 06:00:00,2.1198,2.151,2.1484,2.12,10426810.56,ADA-USD,6h
2021-10-24 12:00:00,2.0941,2.1361,2.1201,2.1185,23880699.8,ADA-USD,6h
2021-10-24 18:00:00,2.0936,2.129,2.1188,2.1198,14814060.73,ADA-USD,6h
2021-10-25 00:00:00,2.1136,2.1423,2.1197,2.1382,13381781.96,ADA-USD,6h
2021-10-25 06:00:00,2.1325,2.161,2.1382,2.1443,9206386.83,ADA-USD,6h
2021-10-25 12:00:00,2.135,2.1777,2.1443,2.1648,18805999.06,ADA-USD,6h
2021-10-25 18:00:00,2.1414,2.1671,2.1653,2.145,16706364.68,ADA-USD,6h
2021-10-26 00:00:00,2.1413,2.2024,2.1449,2.1821,20567187.92,ADA-USD,6h
2021-10-26 06:00:00,2.1684,2.1935,2.1822,2.173,8595861.29,ADA-USD,6h
2021-10-26 12:00:00,2.1431,2.1787,2.1732,2.1718,22145759.79,ADA-USD,6h
2021-10-26 18:00:00,2.1213,2.1969,2.1718,2.1372,27973913.11,ADA-USD,6h
2021-10-27 00:00:00,2.1317,2.1551,2.1379,2.142,18348382.64,ADA-USD,6h
2021-10-27 06:00:00,1.848,2.1525,2.142,1.984,85300215.58,ADA-USD,6h
2021-10-27 12:00:00,1.9387,2.0113,1.9841,1.9698,65940534.55,ADA-USD,6h
2021-10-27 18:00:00,1.9064,1.9832,1.9702,1.9105,51122267.51,ADA-USD,6h
2021-10-28 00:00:00,1.9066,1.9551,1.912,1.9544,42666932.13,ADA-USD,6h
2021-10-28 06:00:00,1.9175,2.0601,1.9539,1.9998,41084387.09,ADA-USD,6h
2021-10-28 12:00:00,1.9949,2.0359,1.9996,2.0117,34501926.87,ADA-USD,6h
2021-10-28 18:00:00,1.955,2.0273,2.0117,1.9874,38581935.85,ADA-USD,6h
2021-10-29 00:00:00,1.9798,2.0479,1.9874,1.9957,30536322.04,ADA-USD,6h
2021-10-29 06:00:00,1.9846,2.0108,1.9958,2.0007,18213369.53,ADA-USD,6h
2021-10-29 12:00:00,1.9906,2.0355,2.0008,2.0137,33453352.23,ADA-USD,6h
2021-10-29 18:00:00,2.0,2.0206,2.0133,2.015,18789064.74,ADA-USD,6h
2021-10-30 00:00:00,1.9822,2.0181,2.0152,1.9947,16706531.51,ADA-USD,6h
2021-10-30 06:00:00,1.9811,2.0036,1.9947,1.9943,7290693.62,ADA-USD,6h
2021-10-30 12:00:00,1.9371,1.9943,1.9943,1.9596,23768457.35,ADA-USD,6h
2021-10-30 18:00:00,1.923,1.983,1.9595,1.9552,26442252.57,ADA-USD,6h
2021-10-31 00:00:00,1.9414,2.03,1.956,1.9832,30520942.83,ADA-USD,6h
2021-10-31 06:00:00,1.9338,1.987,1.9834,1.9389,12966349.03,ADA-USD,6h
2021-10-31 12:00:00,1.9191,1.9608,1.9387,1.9527,23875144.78,ADA-USD,6h
2021-10-31 18:00:00,1.9444,1.988,1.9527,1.9668,16428457.12,ADA-USD,6h
2021-11-01 00:00:00,1.913,1.9774,1.9665,1.9351,20861246.08,ADA-USD,6h
2021-11-01 06:00:00,1.927,2.0193,1.9354,1.9761,13725189.4,ADA-USD,6h
2021-11-01 12:00:00,1.9428,1.9887,1.9766,1.9476,20020773.76,ADA-USD,6h
2021-11-01 18:00:00,1.9279,1.9543,1.947,1.9493,19555492.77,ADA-USD,6h
2021-11-02 00:00:00,1.9346,1.9578,1.9492,1.9531,16558899.15,ADA-USD,6h
2021-11-02 06:00:00,1.949,1.988,1.9529,1.9659,14313227.22,ADA-USD,6h
2021-11-02 12:00:00,1.9633,1.9969,1.9657,1.9823,26952023.12,ADA-USD,6h
2021-11-02 18:00:00,1.957,1.9842,1.9823,1.972,18851936.57,ADA-USD,6h
2021-11-03 00:00:00,1.9511,2.088,1.9721,2.0291,38811035.25,ADA-USD,6h
2021-11-03 06:00:00,2.0186,2.1462,2.029,2.1175,49144050.99,ADA-USD,6h
2021-11-03 12:00:00,2.0169,2.1295,2.1172,2.0609,44042544.44,ADA-USD,6h
2021-11-03 18:00:00,2.036,2.1033,2.0609,2.0644,35788870.19,ADA-USD,6h
2021-11-04 00:00:00,2.0274,2.11,2.0644,2.0314,24788398.93,ADA-USD,6h
2021-11-04 06:00:00,2.005,2.0482,2.0315,2.0186,13031143.82,ADA-USD,6h
2021-11-04 12:00:00,1.938,2.029,2.0186,1.9609,39187273.09,ADA-USD,6h
2021-11-04 18:00:00,1.9553,1.9927,1.961,1.9826,18509665.33,ADA-USD,6h
2021-11-05 00:00:00,1.9634,2.0177,1.9827,2.0098,13470358.06,ADA-USD,6h
2021-11-05 06:00:00,1.9774,2.0195,2.0099,1.9781,11496919.08,ADA-USD,6h
2021-11-05 12:00:00,1.9605,2.01,1.978,1.9819,21226162.99,ADA-USD,6h
2021-11-05 18:00:00,1.9617,1.9977,1.9823,1.9833,15873594.8,ADA-USD,6h
2021-11-06 00:00:00,1.9734,2.0417,1.9833,2.0301,19076903.97,ADA-USD,6h
2021-11-06 06:00:00,1.9465,2.032,2.0301,1.964,11163351.35,ADA-USD,6h
2021-11-06 12:00:00,1.9445,1.9803,1.964,1.9722,14380871.18,ADA-USD,6h
2021-11-06 18:00:00,1.9696,2.0069,1.9724,2.0062,12513699.82,ADA-USD,6h
2021-11-07 00:00:00,1.9814,2.0066,2.0062,1.9895,8492881.82,ADA-USD,6h
2021-11-07 06:00:00,1.9762,2.0012,1.9893,1.994,5166587.91,ADA-USD,6h
2021-11-07 12:00:00,1.9887,2.0373,1.9948,2.0133,17066452.59,ADA-USD,6h
2021-11-07 18:00:00,2.0028,2.0249,2.0132,2.0228,13151641.49,ADA-USD,6h
2021-11-08 00:00:00,2.0105,2.0644,2.0226,2.0399,23645417.66,ADA-USD,6h
2021-11-08 06:00:00,2.022,2.0571,2.0399,2.0473,12038138.24,ADA-USD,6h
2021-11-08 12:00:00,2.0218,2.108,2.0471,2.1011,27931407.33,ADA-USD,6h
2021-11-08 18:00:00,2.0845,2.1426,2.1011,2.1271,42023513.66,ADA-USD,6h
2021-11-09 00:00:00,2.1063,2.197,2.1271,2.1801,40249930.82,ADA-USD,6h
2021-11-09 06:00:00,2.1655,2.3433,2.1803,2.2929,61371146.67,ADA-USD,6h
2021-11-09 12:00:00,2.2192,2.38,2.2929,2.2796,103772814.16,ADA-USD,6h
2021-11-09 18:00:00,2.2633,2.3271,2.2793,2.2687,48129762.41,ADA-USD,6h
2021-11-10 00:00:00,2.1918,2.3299,2.2692,2.2024,37385789.07,ADA-USD,6h
2021-11-10 06:00:00,2.2023,2.2475,2.2023,2.2303,16475794.28,ADA-USD,6h
2021-11-10 12:00:00,2.194,2.29,2.2303,2.2573,46959381.09,ADA-USD,6h
2021-11-10 18:00:00,1.9363,2.2595,2.2577,2.0996,101756976.98,ADA-USD,6h
2021-11-11 00:00:00,2.0602,2.1214,2.0996,2.1191,31751498.42,ADA-USD,6h
2021-11-11 06:00:00,2.0981,2.1532,2.1185,2.1278,21684831.31,ADA-USD,6h
2021-11-11 12:00:00,2.0738,2.1333,2.1271,2.0916,26024272.65,ADA-USD,6h
2021-11-11 18:00:00,2.0555,2.1069,2.0912,2.0792,19223316.83,ADA-USD,6h
2021-11-12 00:00:00,2.0405,2.0996,2.0796,2.0652,30193136.71,ADA-USD,6h
2021-11-12 06:00:00,2.0053,2.0779,2.0653,2.0122,33474131.67,ADA-USD,6h
2021-11-12 12:00:00,1.9921,2.0477,2.0122,2.0397,41148454.54,ADA-USD,6h
2021-11-12 18:00:00,2.031,2.0809,2.0397,2.0454,15414862.18,ADA-USD,6h
2021-11-13 00:00:00,2.0323,2.0698,2.0454,2.0467,11555582.74,ADA-USD,6h
2021-11-13 06:00:00,2.0335,2.08,2.0467,2.0397,7687369.42,ADA-USD,6h
2021-11-13 12:00:00,2.0217,2.0714,2.0398,2.0686,13849036.31,ADA-USD,6h
2021-11-13 18:00:00,2.0418,2.0689,2.0681,2.0508,9738777.37,ADA-USD,6h
2021-11-14 00:00:00,2.0362,2.07,2.0506,2.0402,9535449.78,ADA-USD,6h
2021-11-14 06:00:00,2.0265,2.0488,2.0403,2.0454,7786020.22,ADA-USD,6h
2021-11-14 12:00:00,2.011,2.0516,2.0458,2.0286,11845992.72,ADA-USD,6h
2021-11-14 18:00:00,2.0196,2.0432,2.029,2.0392,13008176.78,ADA-USD,6h
2021-11-15 00:00:00,2.0396,2.0653,2.0397,2.0547,11711866.71,ADA-USD,6h
2021-11-15 06:00:00,2.0432,2.0947,2.0546,2.0763,8810666.37,ADA-USD,6h
2021-11-15 12:00:00,2.0241,2.0773,2.0765,2.0292,17534217.06,ADA-USD,6h
2021-11-15 18:00:00,2.0125,2.0369,2.0291,2.0183,13358792.59,ADA-USD,6h
2021-11-16 00:00:00,1.9083,2.0186,2.0184,1.9447,59061065.0,ADA-USD,6h
2021-11-16 06:00:00,1.7626,1.97,1.9449,1.9014,52211916.28,ADA-USD,6h
2021-11-16 12:00:00,1.8661,1.9551,1.9014,1.9174,41770020.94,ADA-USD,6h
2021-11-16 18:00:00,1.8477,1.9314,1.917,1.8759,35100418.07,ADA-USD,6h
2021-11-17 00:00:00,1.8091,1.8937,1.8759,1.8475,34836068.16,ADA-USD,6h
2021-11-17 06:00:00,1.7967,1.8889,1.8475,1.884,28210148.53,ADA-USD,6h
2021-11-17 12:00:00,1.8375,1.89,1.8837,1.8754,24810804.63,ADA-USD,6h
2021-11-17 18:00:00,1.8502,1.8821,1.8752,1.8777,17138430.92,ADA-USD,6h
2021-11-18 00:00:00,1.8642,1.9091,1.8777,1.8674,22251208.29,ADA-USD,6h
2021-11-18 06:00:00,1.8201,1.8696,1.8673,1.8218,16485629.85,ADA-USD,6h
2021-11-18 12:00:00,1.7011,1.8402,1.8228,1.7779,61790014.09,ADA-USD,6h
2021-11-18 18:00:00,1.7701,1.8342,1.7781,1.7867,32136378.86,ADA-USD,6h
2021-11-19 00:00:00,1.74,1.8125,1.7877,1.8064,30584158.22,ADA-USD,6h
2021-11-19 06:00:00,1.7843,1.8328,1.8072,1.8181,14893144.06,ADA-USD,6h
2021-11-19 12:00:00,1.8153,1.8967,1.8183,1.877,26918090.76,ADA-USD,6h
2021-11-19 18:00:00,1.8537,1.8826,1.877,1.865,13927725.48,ADA-USD,6h
2021-11-20 00:00:00,1.8646,1.9012,1.8651,1.8728,10215515.66,ADA-USD,6h
2021-11-20 06:00:00,1.8621,1.9312,1.8728,1.9259,7086604.69,ADA-USD,6h
2021-11-20 12:00:00,1.8639,1.9577,1.926,1.8791,22744344.37,ADA-USD,6h
2021-11-20 18:00:00,1.8761,1.9285,1.8792,1.9236,13629288.16,ADA-USD,6h
2021-11-21 00:00:00,1.8766,1.9254,1.9238,1.8891,9509545.32,ADA-USD,6h
2021-11-21 06:00:00,1.8627,1.8897,1.889,1.8686,7343525.17,ADA-USD,6h
2021-11-21 12:00:00,1.8551,1.8856,1.8689,1.8728,12835980.48,ADA-USD,6h
2021-11-21 18:00:00,1.8343,1.879,1.8731,1.8355,13894239.12,ADA-USD,6h
2021-11-22 00:00:00,1.775,1.8397,1.8361,1.8005,25125341.39,ADA-USD,6h
2021-11-22 06:00:00,1.7868,1.8246,1.8001,1.8054,9966987.8,ADA-USD,6h
2021-11-22 12:00:00,1.7814,1.8373,1.8051,1.8015,19567994.13,ADA-USD,6h
2021-11-22 18:00:00,1.7587,1.8016,1.8014,1.7779,20295622.7,ADA-USD,6h
2021-11-23 00:00:00,1.7677,1.8169,1.7782,1.8023,13218687.18,ADA-USD,6h
2021-11-23 06:00:00,1.7553,1.8052,1.802,1.7683,14485281.58,ADA-USD,6h
2021-11-23 12:00:00,1.7635,1.802,1.7683,1.7813,19604941.03,ADA-USD,6h
2021-11-23 18:00:00,1.74,1.7862,1.7811,1.7505,27121259.41,ADA-USD,6h
2021-11-24 00:00:00,1.6724,1.7509,1.7505,1.6904,41779662.21,ADA-USD,6h
2021-11-24 06:00:00,1.67,1.7085,1.6904,1.6812,25025878.76,ADA-USD,6h
2021-11-24 12:00:00,1.5863,1.6829,1.6812,1.6257,61606311.38,ADA-USD,6h
2021-11-24 18:00:00,1.6015,1.6752,1.6189,1.666,37041540.29,ADA-USD,6h
2021-11-25 00:00:00,1.6523,1.7004,1.6663,1.6573,24233801.87,ADA-USD,6h
2021-11-25 06:00:00,1.6206,1.6848,1.6572,1.664,19909337.0,ADA-USD,6h
2021-11-25 12:00:00,1.6613,1.7504,1.6644,1.7226,33284187.13,ADA-USD,6h
2021-11-25 18:00:00,1.67,1.725,1.7226,1.6762,17469367.4,ADA-USD,6h
2021-11-26 00:00:00,1.6325,1.6862,1.6769,1.645,22921777.59,ADA-USD,6h
2021-11-26 06:00:00,1.502,1.6525,1.645,1.5088,65442168.78,ADA-USD,6h
2021-11-26 12:00:00,1.5,1.5921,1.509,1.5606,51648178.86,ADA-USD,6h
2021-11-26 18:00:00,1.5269,1.5837,1.5613,1.5345,24269521.36,ADA-USD,6h
2021-11-27 00:00:00,1.532,1.575,1.5333,1.5427,15199840.22,ADA-USD,6h
2021-11-27 06:00:00,1.5373,1.5733,1.5427,1.5546,8958556.37,ADA-USD,6h
2021-11-27 12:00:00,1.5492,1.5866,1.5547,1.5744,14550142.36,ADA-USD,6h
2021-11-27 18:00:00,1.5329,1.5777,1.5744,1.5447,15393330.2,ADA-USD,6h
2021-11-28 00:00:00,1.4781,1.5456,1.5447,1.499,28278825.4,ADA-USD,6h
2021-11-28 06:00:00,1.4867,1.5344,1.499,1.5152,12890037.9,ADA-USD,6h
2021-11-28 12:00:00,1.4672,1.5199,1.5152,1.4738,19210292.53,ADA-USD,6h
2021-11-28 18:00:00,1.419,1.601,1.4738,1.5953,49675977.18,ADA-USD,6h
2021-11-29 00:00:00,1.585,1.6137,1.5952,1.5865,19422174.56,ADA-USD,6h
2021-11-29 06:00:00,1.5592,1.6003,1.5863,1.5656,9647334.49,ADA-USD,6h
2021-11-29 12:00:00,1.5589,1.6376,1.5656,1.6192,20598454.51,ADA-USD,6h
2021-11-29 18:00:00,1.59,1.6333,1.6191,1.603,16592303.58,ADA-USD,6h
2021-11-30 00:00:00,1.5641,1.63,1.603,1.5655,23325182.79,ADA-USD,6h
2021-11-30 06:00:00,1.546,1.5916,1.5646,1.59,16248777.26,ADA-USD,6h
2021-11-30 12:00:00,1.5524,1.6257,1.5901,1.5761,32734262.67,ADA-USD,6h
2021-11-30 18:00:00,1.5517,1.5969,1.5758,1.5552,16690728.22,ADA-USD,6h
2021-12-01 00:00:00,1.5408,1.589,1.5552,1.5665,16924075.24,ADA-USD,6h
2021-12-01 06:00:00,1.5646,1.6099,1.5666,1.5939,12968756.22,ADA-USD,6h
2021-12-01 12:00:00,1.582,1.6241,1.5937,1.5921,20714042.44,ADA-USD,6h
2021-12-01 18:00:00,1.533,1.5953,1.5915,1.548,26999998.67,ADA-USD,6h
2021-12-02 00:00:00,1.5193,1.557,1.5479,1.5444,24145474.09,ADA-USD,6h
2021-12-02 06:00:00,1.5373,1.6717,1.5444,1.6659,19013881.15,ADA-USD,6h
2021-12-02 12:00:00,1.6644,1.7453,1.6646,1.7217,75162862.57,ADA-USD,6h
2021-12-02 18:00:00,1.704,1.7608,1.7227,1.7209,36366720.67,ADA-USD,6h
2021-12-03 00:00:00,1.6602,1.7301,1.721,1.6923,21819340.0,ADA-USD,6h
2021-12-03 06:00:00,1.6448,1.6934,1.6924,1.6641,15175344.82,ADA-USD,6h
2021-12-03 12:00:00,1.5765,1.6724,1.6636,1.5973,33016951.39,ADA-USD,6h
2021-12-03 18:00:00,1.5146,1.6087,1.5974,1.5573,36618816.81,ADA-USD,6h
2021-12-04 00:00:00,1.3,1.5593,1.5566,1.4305,54714951.71,ADA-USD,6h
2021-12-04 06:00:00,1.3,1.442,1.4306,1.3307,27882288.08,ADA-USD,6h
2021-12-04 12:00:00,1.3308,1.4252,1.3308,1.4091,43261727.0,ADA-USD,6h
2021-12-04 18:00:00,1.4033,1.4493,1.409,1.421,25577988.25,ADA-USD,6h
2021-12-05 00:00:00,1.3725,1.4372,1.4209,1.4085,29688497.18,ADA-USD,6h
2021-12-05 06:00:00,1.3635,1.4145,1.4085,1.3834,16799790.09,ADA-USD,6h
2021-12-05 12:00:00,1.2858,1.4039,1.3834,1.351,63637567.41,ADA-USD,6h
2021-12-05 18:00:00,1.3082,1.3995,1.3511,1.3805,42748752.11,ADA-USD,6h
2021-12-06 00:00:00,1.3249,1.3842,1.381,1.3354,36615121.05,ADA-USD,6h
2021-12-06 06:00:00,1.257,1.349,1.3354,1.3051,49809547.97,ADA-USD,6h
2021-12-06 12:00:00,1.2858,1.3476,1.3051,1.3391,41102190.52,ADA-USD,6h
2021-12-06 18:00:00,1.3267,1.4446,1.3393,1.4209,38801538.8,ADA-USD,6h
2021-12-07 00:00:00,1.4202,1.4785,1.4209,1.4565,35904056.71,ADA-USD,6h
2021-12-07 06:00:00,1.4353,1.4808,1.4566,1.45,23806828.04,ADA-USD,6h
2021-12-07 12:00:00,1.402,1.4567,1.4503,1.4139,38977074.28,ADA-USD,6h
2021-12-07 18:00:00,1.3659,1.4186,1.414,1.3798,29335737.03,ADA-USD,6h
2021-12-08 00:00:00,1.3506,1.3891,1.3798,1.3678,24623104.19,ADA-USD,6h
2021-12-08 06:00:00,1.3401,1.4038,1.3678,1.3646,23590522.26,ADA-USD,6h
2021-12-08 12:00:00,1.3509,1.4251,1.3646,1.3928,26307983.28,ADA-USD,6h
2021-12-08 18:00:00,1.3769,1.4193,1.393,1.3977,20834118.32,ADA-USD,6h
2021-12-09 00:00:00,1.3646,1.4096,1.3977,1.3758,17684847.55,ADA-USD,6h
2021-12-09 06:00:00,1.3436,1.3892,1.3755,1.3551,20776322.55,ADA-USD,6h
2021-12-09 12:00:00,1.315,1.3741,1.3557,1.3184,31544070.0,ADA-USD,6h
2021-12-09 18:00:00,1.2877,1.3276,1.3188,1.2894,33887814.9,ADA-USD,6h
2021-12-10 00:00:00,1.2884,1.3226,1.2894,1.3051,21504493.59,ADA-USD,6h
2021-12-10 06:00:00,1.2713,1.3134,1.3051,1.3127,20265091.29,ADA-USD,6h
2021-12-10 12:00:00,1.251,1.3345,1.3129,1.2582,39628068.13,ADA-USD,6h
2021-12-10 18:00:00,1.2063,1.2748,1.2582,1.2115,37472125.23,ADA-USD,6h
2021-12-11 00:00:00,1.1926,1.2538,1.2112,1.2426,32591213.98,ADA-USD,6h
2021-12-11 06:00:00,1.2356,1.2985,1.2427,1.2787,17354596.47,ADA-USD,6h
2021-12-11 12:00:00,1.271,1.3174,1.2793,1.2969,16850666.16,ADA-USD,6h
2021-12-11 18:00:00,1.2793,1.362,1.2972,1.3544,27387779.97,ADA-USD,6h
2021-12-12 00:00:00,1.3363,1.4154,1.3545,1.3416,23302714.25,ADA-USD,6h
2021-12-12 06:00:00,1.3202,1.357,1.3413,1.3406,10932299.45,ADA-USD,6h
2021-12-12 12:00:00,1.3254,1.3637,1.3406,1.3578,12114361.66,ADA-USD,6h
2021-12-12 18:00:00,1.345,1.3879,1.3578,1.3471,13321288.26,ADA-USD,6h
2021-12-13 00:00:00,1.2966,1.3582,1.347,1.3192,16093715.94,ADA-USD,6h
2021-12-13 06:00:00,1.2892,1.324,1.3186,1.3119,9446086.83,ADA-USD,6h
2021-12-13 12:00:00,1.228,1.3204,1.3117,1.2489,31453358.28,ADA-USD,6h
2021-12-13 18:00:00,1.2,1.2519,1.2489,1.2252,41167825.92,ADA-USD,6h
2021-12-14 00:00:00,1.2061,1.2444,1.2247,1.2071,20190097.65,ADA-USD,6h
2021-12-14 06:00:00,1.1993,1.262,1.2075,1.2576,17467323.38,ADA-USD,6h
2021-12-14 12:00:00,1.2116,1.2649,1.2572,1.2256,22639945.05,ADA-USD,6h
2021-12-14 18:00:00,1.2123,1.2853,1.2259,1.2675,21278644.84,ADA-USD,6h
2021-12-15 00:00:00,1.2404,1.2747,1.2671,1.2471,15811206.83,ADA-USD,6h
2021-12-15 06:00:00,1.2443,1.2745,1.2471,1.2511,8621792.78,ADA-USD,6h
2021-12-15 12:00:00,1.2045,1.2557,1.2511,1.2162,26383015.92,ADA-USD,6h
2021-12-15 18:00:00,1.2123,1.3325,1.2162,1.3114,41631427.24,ADA-USD,6h
2021-12-16 00:00:00,1.2848,1.3186,1.3118,1.2851,13077491.8,ADA-USD,6h
2021-12-16 06:00:00,1.2837,1.3313,1.2859,1.3236,11365179.33,ADA-USD,6h
2021-12-16 12:00:00,1.2852,1.3272,1.323,1.2862,14004903.7,ADA-USD,6h
2021-12-16 18:00:00,1.2354,1.2943,1.2862,1.2395,27458958.25,ADA-USD,6h
2021-12-17 00:00:00,1.2337,1.2589,1.2396,1.2516,15524765.6,ADA-USD,6h
2021-12-17 06:00:00,1.2286,1.2563,1.2516,1.2347,9685364.03,ADA-USD,6h
2021-12-17 12:00:00,1.1829,1.2588,1.2347,1.2241,33567620.78,ADA-USD,6h
2021-12-17 18:00:00,1.2051,1.2392,1.2241,1.2178,22007875.41,ADA-USD,6h
2021-12-18 00:00:00,1.2003,1.2466,1.2176,1.2383,19352456.77,ADA-USD,6h
2021-12-18 06:00:00,1.2281,1.2671,1.2386,1.2534,12418381.27,ADA-USD,6h
2021-12-18 12:00:00,1.24,1.2603,1.2534,1.2413,10001841.72,ADA-USD,6h
2021-12-18 18:00:00,1.2313,1.2534,1.241,1.243,8519730.22,ADA-USD,6h
2021-12-19 00:00:00,1.2414,1.3358,1.2431,1.2952,39152308.03,ADA-USD,6h
2021-12-19 06:00:00,1.261,1.2968,1.2951,1.2769,9171713.35,ADA-USD,6h
2021-12-19 12:00:00,1.2613,1.3016,1.2768,1.2645,13901777.62,ADA-USD,6h
2021-12-19 18:00:00,1.2405,1.2643,1.2643,1.2443,14352527.23,ADA-USD,6h
2021-12-20 00:00:00,1.2236,1.2575,1.2442,1.2253,16680494.5,ADA-USD,6h
2021-12-20 06:00:00,1.2081,1.2364,1.2249,1.2213,13756795.46,ADA-USD,6h
2021-12-20 12:00:00,1.2014,1.229,1.2218,1.2163,24712974.95,ADA-USD,6h
2021-12-20 18:00:00,1.2133,1.2609,1.2164,1.2381,20843643.36,ADA-USD,6h
2021-12-21 00:00:00,1.2278,1.2698,1.2378,1.2595,14939692.42,ADA-USD,6h
2021-12-21 06:00:00,1.2535,1.2748,1.2594,1.2604,8727422.37,ADA-USD,6h
2021-12-21 12:00:00,1.2451,1.2767,1.2601,1.2598,15742392.1,ADA-USD,6h
2021-12-21 18:00:00,1.249,1.29,1.2598,1.2801,13450539.78,ADA-USD,6h
2021-12-22 00:00:00,1.2764,1.3096,1.2801,1.293,15642090.81,ADA-USD,6h
2021-12-22 06:00:00,1.2925,1.3687,1.2931,1.3561,18724488.58,ADA-USD,6h
2021-12-22 12:00:00,1.3187,1.3681,1.3561,1.3216,27089906.8,ADA-USD,6h
2021-12-22 18:00:00,1.3209,1.3509,1.3216,1.3279,15163924.08,ADA-USD,6h
2021-12-23 00:00:00,1.3074,1.3548,1.3281,1.3388,16624566.84,ADA-USD,6h
2021-12-23 06:00:00,1.3224,1.3736,1.3382,1.3481,10615494.55,ADA-USD,6h
2021-12-23 12:00:00,1.3349,1.4397,1.3484,1.4323,31414923.04,ADA-USD,6h
2021-12-23 18:00:00,1.4322,1.4904,1.4324,1.4743,39189860.39,ADA-USD,6h
2021-12-24 00:00:00,1.43,1.4911,1.4748,1.4405,16364514.81,ADA-USD,6h
2021-12-24 06:00:00,1.4273,1.4746,1.4406,1.4533,7490073.77,ADA-USD,6h
2021-12-24 12:00:00,1.4066,1.4726,1.4528,1.4413,16742087.54,ADA-USD,6h
2021-12-24 18:00:00,1.3814,1.4459,1.4413,1.3935,16530917.73,ADA-USD,6h
2021-12-25 00:00:00,1.3813,1.4195,1.3935,1.4097,8991340.26,ADA-USD,6h
2021-12-25 06:00:00,1.3973,1.44,1.4098,1.4302,7285307.7,ADA-USD,6h
2021-12-25 12:00:00,1.4216,1.4555,1.4302,1.4439,10021467.02,ADA-USD,6h
2021-12-25 18:00:00,1.4339,1.4607,1.4442,1.4542,10153379.32,ADA-USD,6h
2021-12-26 00:00:00,1.4082,1.468,1.4542,1.4256,13416742.44,ADA-USD,6h
2021-12-26 06:00:00,1.4134,1.4545,1.4257,1.4357,8314817.21,ADA-USD,6h
2021-12-26 12:00:00,1.4226,1.4655,1.435,1.4626,10902396.58,ADA-USD,6h
2021-12-26 18:00:00,1.4379,1.4671,1.4626,1.4549,11406895.93,ADA-USD,6h
2021-12-27 00:00:00,1.4512,1.4836,1.4557,1.4778,11509417.23,ADA-USD,6h
2021-12-27 06:00:00,1.4736,1.5934,1.4778,1.5815,23130568.86,ADA-USD,6h
2021-12-27 12:00:00,1.5483,1.5822,1.5812,1.5636,22793784.17,ADA-USD,6h
2021-12-27 18:00:00,1.5108,1.5644,1.5635,1.5164,14512723.03,ADA-USD,6h
2021-12-28 00:00:00,1.4301,1.5165,1.5164,1.4592,26350148.92,ADA-USD,6h
2021-12-28 06:00:00,1.4526,1.5155,1.4587,1.5105,10695298.97,ADA-USD,6h
2021-12-28 12:00:00,1.4036,1.5397,1.5107,1.4191,30983242.86,ADA-USD,6h
2021-12-28 18:00:00,1.3761,1.4351,1.4188,1.3998,23024223.74,ADA-USD,6h
2021-12-29 00:00:00,1.3897,1.4378,1.3994,1.4087,11587659.4,ADA-USD,6h
2021-12-29 06:00:00,1.3909,1.4272,1.4087,1.4133,10353379.27,ADA-USD,6h
2021-12-29 12:00:00,1.3339,1.4141,1.4133,1.3665,26165165.17,ADA-USD,6h
2021-12-29 18:00:00,1.3218,1.3849,1.366,1.3322,23938784.43,ADA-USD,6h
2021-12-30 00:00:00,1.2979,1.3353,1.3321,1.3199,22126078.7,ADA-USD,6h
2021-12-30 06:00:00,1.3181,1.3654,1.3192,1.3625,11080693.7,ADA-USD,6h
2021-12-30 12:00:00,1.3408,1.3786,1.3623,1.362,15587479.78,ADA-USD,6h
2021-12-30 18:00:00,1.3312,1.3715,1.3623,1.3585,13547822.77,ADA-USD,6h
2021-12-31 00:00:00,1.3343,1.3676,1.3582,1.3354,10578331.37,ADA-USD,6h
2021-12-31 06:00:00,1.3159,1.3832,1.3352,1.3608,17558622.81,ADA-USD,6h
2021-12-31 12:00:00,1.318,1.369,1.3612,1.3242,17684474.99,ADA-USD,6h
2021-12-31 18:00:00,1.28,1.3272,1.3241,1.3082,29585811.9,ADA-USD,6h
2022-01-01 00:00:00,1.305,1.3382,1.3082,1.3273,19341333.76,ADA-USD,6h
2022-01-01 06:00:00,1.3104,1.3329,1.3269,1.3184,8487690.08,ADA-USD,6h
2022-01-01 12:00:00,1.3184,1.3498,1.3189,1.3463,7893810.37,ADA-USD,6h
2022-01-01 18:00:00,1.3369,1.3799,1.3465,1.3797,13566280.43,ADA-USD,6h
2022-01-02 00:00:00,1.3385,1.3827,1.3796,1.3558,10658061.94,ADA-USD,6h
2022-01-02 06:00:00,1.3487,1.3696,1.3555,1.3642,4965552.36,ADA-USD,6h
2022-01-02 12:00:00,1.3551,1.3917,1.364,1.3798,8815271.66,ADA-USD,6h
2022-01-02 18:00:00,1.3551,1.3804,1.38,1.3779,12019099.27,ADA-USD,6h
2022-01-03 00:00:00,1.3426,1.3782,1.3777,1.3562,10678453.83,ADA-USD,6h
2022-01-03 06:00:00,1.3463,1.3739,1.3561,1.3707,5411511.74,ADA-USD,6h
2022-01-03 12:00:00,1.3232,1.3745,1.3708,1.339,13662500.61,ADA-USD,6h
2022-01-03 18:00:00,1.3087,1.3483,1.3385,1.3186,28870246.25,ADA-USD,6h
2022-01-04 00:00:00,1.2947,1.3229,1.3189,1.3134,17946277.71,ADA-USD,6h
2022-01-04 06:00:00,1.3097,1.3422,1.3133,1.3402,8304178.58,ADA-USD,6h
2022-01-04 12:00:00,1.3277,1.3519,1.3406,1.3364,12333260.78,ADA-USD,6h
2022-01-04 18:00:00,1.301,1.3451,1.3369,1.3092,15244202.64,ADA-USD,6h
2022-01-05 00:00:00,1.3034,1.3359,1.3093,1.3324,10970036.13,ADA-USD,6h
2022-01-05 06:00:00,1.3228,1.3532,1.3324,1.3289,8202128.47,ADA-USD,6h
2022-01-05 12:00:00,1.3053,1.337,1.3286,1.3067,14808701.51,ADA-USD,6h
2022-01-05 18:00:00,1.194,1.3153,1.307,1.2304,54403912.99,ADA-USD,6h
2022-01-06 00:00:00,1.1968,1.2443,1.2303,1.2191,25894082.29,ADA-USD,6h
2022-01-06 06:00:00,1.1922,1.2276,1.2196,1.204,17906206.68,ADA-USD,6h
2022-01-06 12:00:00,1.186,1.2485,1.204,1.2388,22721043.91,ADA-USD,6h
2022-01-06 18:00:00,1.2374,1.2969,1.2388,1.2794,23660813.73,ADA-USD,6h
2022-01-07 00:00:00,1.1942,1.285,1.2792,1.2198,41610670.16,ADA-USD,6h
2022-01-07 06:00:00,1.189,1.2451,1.2196,1.2323,21193386.7,ADA-USD,6h
2022-01-07 12:00:00,1.1897,1.2498,1.2326,1.2313,32196708.3,ADA-USD,6h
2022-01-07 18:00:00,1.2011,1.2333,1.2311,1.2093,13192849.24,ADA-USD,6h
2022-01-08 00:00:00,1.2066,1.234,1.2096,1.2312,12334325.64,ADA-USD,6h
2022-01-08 06:00:00,1.2211,1.254,1.2311,1.2369,8720951.51,ADA-USD,6h
2022-01-08 12:00:00,1.153,1.2455,1.2369,1.1559,21277422.66,ADA-USD,6h
2022-01-08 18:00:00,1.126,1.2324,1.1564,1.1827,50459440.11,ADA-USD,6h
2022-01-09 00:00:00,1.1728,1.1993,1.1824,1.1781,15484261.47,ADA-USD,6h
2022-01-09 06:00:00,1.1515,1.187,1.1779,1.163,10188305.62,ADA-USD,6h
2022-01-09 12:00:00,1.1474,1.1959,1.1631,1.1895,16608935.21,ADA-USD,6h
2022-01-09 18:00:00,1.1672,1.2068,1.1894,1.1707,17426090.28,ADA-USD,6h
2022-01-10 00:00:00,1.1559,1.1813,1.1702,1.1789,13809088.35,ADA-USD,6h
2022-01-10 06:00:00,1.1475,1.1799,1.1782,1.152,9001522.32,ADA-USD,6h
2022-01-10 12:00:00,1.0706,1.1541,1.1524,1.1088,58935477.77,ADA-USD,6h
2022-01-10 18:00:00,1.1071,1.1456,1.1083,1.1235,20068470.76,ADA-USD,6h
2022-01-11 00:00:00,1.1222,1.17,1.1232,1.1509,18382079.35,ADA-USD,6h
2022-01-11 06:00:00,1.1338,1.1673,1.151,1.1424,11577087.91,ADA-USD,6h
2022-01-11 12:00:00,1.1355,1.1963,1.1424,1.1892,22985015.51,ADA-USD,6h
2022-01-11 18:00:00,1.1755,1.1953,1.1894,1.1879,12138808.78,ADA-USD,6h
2022-01-12 00:00:00,1.1874,1.2221,1.1877,1.2186,17262616.55,ADA-USD,6h
2022-01-12 06:00:00,1.1991,1.2571,1.2187,1.2447,16998088.16,ADA-USD,6h
2022-01-12 12:00:00,1.2433,1.2897,1.2444,1.2819,30584606.96,ADA-USD,6h
2022-01-12 18:00:00,1.269,1.3141,1.2822,1.313,20456738.91,ADA-USD,6h
2022-01-13 00:00:00,1.2787,1.3549,1.313,1.284,29679057.77,ADA-USD,6h
2022-01-13 06:00:00,1.2733,1.3089,1.2838,1.2747,9386986.44,ADA-USD,6h
2022-01-13 12:00:00,1.2412,1.3236,1.2749,1.2471,25705900.32,ADA-USD,6h
2022-01-13 18:00:00,1.2273,1.2551,1.2472,1.2328,15875731.59,ADA-USD,6h
2022-01-14 00:00:00,1.2233,1.2815,1.2323,1.2797,15363130.15,ADA-USD,6h
2022-01-14 06:00:00,1.2264,1.31,1.28,1.2344,26239781.89,ADA-USD,6h
2022-01-14 12:00:00,1.2186,1.2751,1.2344,1.2527,17813415.37,ADA-USD,6h
2022-01-14 18:00:00,1.2505,1.308,1.2527,1.2931,16572904.37,ADA-USD,6h
2022-01-15 00:00:00,1.2585,1.295,1.2931,1.2718,9849906.91,ADA-USD,6h
2022-01-15 06:00:00,1.2592,1.2845,1.2722,1.2668,4872004.87,ADA-USD,6h
2022-01-15 12:00:00,1.2517,1.2881,1.2669,1.2809,10183220.6,ADA-USD,6h
2022-01-15 18:00:00,1.2744,1.3193,1.2809,1.2922,12290774.97,ADA-USD,6h
2022-01-16 00:00:00,1.2867,1.3732,1.2923,1.369,26809568.5,ADA-USD,6h
2022-01-16 06:00:00,1.3565,1.4009,1.369,1.3916,21876545.63,ADA-USD,6h
2022-01-16 12:00:00,1.3833,1.4234,1.3916,1.4135,36530462.97,ADA-USD,6h
2022-01-16 18:00:00,1.384,1.4236,1.4136,1.4118,22513399.34,ADA-USD,6h
2022-01-17 00:00:00,1.3871,1.4956,1.4121,1.4908,55609660.09,ADA-USD,6h
2022-01-17 06:00:00,1.4909,1.562,1.491,1.5171,44506195.35,ADA-USD,6h
2022-01-17 12:00:00,1.4531,1.5481,1.5167,1.4913,53270203.79,ADA-USD,6h
2022-01-17 18:00:00,1.4699,1.6068,1.4914,1.6027,60249494.75,ADA-USD,6h
2022-01-18 00:00:00,1.5483,1.64,1.6031,1.558,62814101.72,ADA-USD,6h
2022-01-18 06:00:00,1.4741,1.5731,1.5585,1.4925,38382086.23,ADA-USD,6h
2022-01-18 12:00:00,1.4302,1.5096,1.4923,1.4409,43458517.51,ADA-USD,6h
2022-01-18 18:00:00,1.4102,1.508,1.4409,1.4589,39321056.32,ADA-USD,6h
2022-01-19 00:00:00,1.398,1.5346,1.4586,1.4094,54979469.17,ADA-USD,6h
2022-01-19 06:00:00,1.355,1.431,1.409,1.4292,43693388.86,ADA-USD,6h
2022-01-19 12:00:00,1.3817,1.4444,1.4286,1.3972,35222875.56,ADA-USD,6h
2022-01-19 18:00:00,1.3259,1.4096,1.3974,1.3366,38188756.47,ADA-USD,6h
2022-01-20 00:00:00,1.3162,1.3714,1.336,1.3598,38825135.63,ADA-USD,6h
2022-01-20 06:00:00,1.3334,1.3751,1.3597,1.3495,18177658.05,ADA-USD,6h
2022-01-20 12:00:00,1.3364,1.427,1.3495,1.3803,38027345.18,ADA-USD,6h
2022-01-20 18:00:00,1.25,1.4031,1.3804,1.2589,72801787.27,ADA-USD,6h
2022-01-21 00:00:00,1.2,1.2879,1.259,1.2327,99121838.15,ADA-USD,6h
2022-01-21 06:00:00,1.2079,1.245,1.2325,1.2173,28645814.88,ADA-USD,6h
2022-01-21 12:00:00,1.1658,1.2227,1.2173,1.1958,61365428.78,ADA-USD,6h
2022-01-21 18:00:00,1.101,1.2123,1.1959,1.1211,82608278.54,ADA-USD,6h
2022-01-22 00:00:00,1.0685,1.1562,1.1205,1.0851,56608066.1,ADA-USD,6h
2022-01-22 06:00:00,0.9235,1.0967,1.0852,1.0284,120793759.54,ADA-USD,6h
2022-01-22 12:00:00,1.0214,1.1462,1.028,1.0553,95451109.33,ADA-USD,6h
2022-01-22 18:00:00,1.0216,1.105,1.0554,1.0713,72573189.86,ADA-USD,6h
2022-01-23 00:00:00,1.0511,1.1145,1.0712,1.1071,44528336.37,ADA-USD,6h
2022-01-23 06:00:00,1.0973,1.17,1.1076,1.1208,41013830.68,ADA-USD,6h
2022-01-23 12:00:00,1.0776,1.1366,1.1209,1.1045,36161703.72,ADA-USD,6h
2022-01-23 18:00:00,1.0517,1.1403,1.1048,1.1249,47909045.61,ADA-USD,6h
2022-01-24 00:00:00,1.045,1.1253,1.125,1.0605,30564679.89,ADA-USD,6h
2022-01-24 06:00:00,0.9627,1.0688,1.0605,0.983,72326666.76,ADA-USD,6h
2022-01-24 12:00:00,0.951,1.0447,0.9832,1.0302,100519711.89,ADA-USD,6h
2022-01-24 18:00:00,1.02,1.11,1.0301,1.0664,63069401.54,ADA-USD,6h
2022-01-25 00:00:00,1.013,1.0697,1.0664,1.0195,29629859.83,ADA-USD,6h
2022-01-25 06:00:00,0.9921,1.0551,1.0202,1.031,25523423.69,ADA-USD,6h
2022-01-25 12:00:00,1.0032,1.0587,1.0313,1.0524,43493349.51,ADA-USD,6h
2022-01-25 18:00:00,1.0211,1.0748,1.0522,1.043,32137603.68,ADA-USD,6h
2022-01-26 00:00:00,1.0227,1.0651,1.043,1.0563,30313977.83,ADA-USD,6h
2022-01-26 06:00:00,1.0285,1.0722,1.0563,1.0714,19787078.92,ADA-USD,6h
2022-01-26 12:00:00,1.064,1.1321,1.0714,1.0943,54171517.83,ADA-USD,6h
2022-01-26 18:00:00,1.0291,1.1617,1.0948,1.0784,95647073.01,ADA-USD,6h
2022-01-27 00:00:00,1.0005,1.0809,1.0779,1.0259,44165613.22,ADA-USD,6h
2022-01-27 06:00:00,1.0195,1.0606,1.0257,1.0517,19851395.47,ADA-USD,6h
2022-01-27 12:00:00,1.0252,1.0786,1.0518,1.0332,32982806.54,ADA-USD,6h
2022-01-27 18:00:00,1.0052,1.0508,1.0329,1.0428,35115143.45,ADA-USD,6h
2022-01-28 00:00:00,1.0217,1.0595,1.0429,1.0443,25507397.7,ADA-USD,6h
2022-01-28 06:00:00,1.0092,1.0549,1.0444,1.0203,21202505.18,ADA-USD,6h
2022-01-28 12:00:00,1.0122,1.0467,1.0205,1.0285,32136986.71,ADA-USD,6h
2022-01-28 18:00:00,1.0257,1.0608,1.0288,1.0486,22654149.89,ADA-USD,6h
2022-01-29 00:00:00,1.0382,1.0599,1.0486,1.0507,11885427.08,ADA-USD,6h
2022-01-29 06:00:00,1.0496,1.077,1.0504,1.0643,14828539.47,ADA-USD,6h
2022-01-29 12:00:00,1.0416,1.0839,1.0641,1.0526,21143766.05,ADA-USD,6h
2022-01-29 18:00:00,1.0509,1.0762,1.0526,1.0603,16202068.91,ADA-USD,6h
2022-01-30 00:00:00,1.0505,1.075,1.0604,1.0732,9974559.78,ADA-USD,6h
2022-01-30 06:00:00,1.059,1.0776,1.073,1.0671,8180823.13,ADA-USD,6h
2022-01-30 12:00:00,1.0444,1.0691,1.067,1.0522,14822758.41,ADA-USD,6h
2022-01-30 18:00:00,1.024,1.0531,1.052,1.0359,19987025.85,ADA-USD,6h
2022-01-31 00:00:00,1.01,1.0383,1.0362,1.019,23230966.71,ADA-USD,6h
2022-01-31 06:00:00,1.0134,1.0273,1.0188,1.0237,9279619.1,ADA-USD,6h
2022-01-31 12:00:00,1.0127,1.0596,1.0237,1.0492,36262166.14,ADA-USD,6h
2022-01-31 18:00:00,1.0384,1.0556,1.0492,1.0524,23416649.78,ADA-USD,6h
2022-02-01 00:00:00,1.0352,1.0642,1.0525,1.053,21964155.88,ADA-USD,6h
2022-02-01 06:00:00,1.0448,1.0732,1.0528,1.0554,22419198.78,ADA-USD,6h
2022-02-01 12:00:00,1.0526,1.0798,1.055,1.0708,33249113.43,ADA-USD,6h
2022-02-01 18:00:00,1.0635,1.0968,1.071,1.0965,20584910.6,ADA-USD,6h
2022-02-02 00:00:00,1.0714,1.103,1.0966,1.0781,23365392.42,ADA-USD,6h
2022-02-02 06:00:00,1.0541,1.0816,1.0781,1.0688,17771379.38,ADA-USD,6h
2022-02-02 12:00:00,1.0311,1.0837,1.0689,1.0498,35240459.55,ADA-USD,6h
2022-02-02 18:00:00,1.0232,1.0596,1.0499,1.0268,19547832.23,ADA-USD,6h
2022-02-03 00:00:00,1.02,1.0426,1.0274,1.0384,16205559.3,ADA-USD,6h
2022-02-03 06:00:00,1.0174,1.0438,1.0386,1.0311,13933621.41,ADA-USD,6h
2022-02-03 12:00:00,1.0187,1.0541,1.0313,1.0515,29922593.82,ADA-USD,6h
2022-02-03 18:00:00,1.0371,1.0622,1.0514,1.061,21918296.1,ADA-USD,6h
2022-02-04 00:00:00,1.0458,1.071,1.0608,1.0677,14144139.56,ADA-USD,6h
2022-02-04 06:00:00,1.0574,1.0749,1.0679,1.0575,13591229.62,ADA-USD,6h
2022-02-04 12:00:00,1.0467,1.115,1.0576,1.1044,40668426.42,ADA-USD,6h
2022-02-04 18:00:00,1.0901,1.14,1.1045,1.1398,25832157.07,ADA-USD,6h
2022-02-05 00:00:00,1.1236,1.1724,1.1396,1.1667,26850995.59,ADA-USD,6h
2022-02-05 06:00:00,1.147,1.1785,1.1666,1.1583,15772275.81,ADA-USD,6h
2022-02-05 12:00:00,1.0972,1.1587,1.1583,1.1313,27750914.14,ADA-USD,6h
2022-02-05 18:00:00,1.1093,1.1345,1.1312,1.1255,13963799.12,ADA-USD,6h
2022-02-06 00:00:00,1.1119,1.1448,1.1259,1.1247,13742239.48,ADA-USD,6h
2022-02-06 06:00:00,1.1158,1.135,1.1247,1.1184,6738540.26,ADA-USD,6h
2022-02-06 12:00:00,1.0983,1.1379,1.1185,1.1221,15349446.68,ADA-USD,6h
2022-02-06 18:00:00,1.1112,1.1509,1.122,1.1436,15858808.04,ADA-USD,6h
2022-02-07 00:00:00,1.1261,1.1763,1.1438,1.1602,29514482.07,ADA-USD,6h
2022-02-07 06:00:00,1.155,1.1958,1.1603,1.1805,20926862.13,ADA-USD,6h
2022-02-07 12:00:00,1.1753,1.21,1.1808,1.2007,45468938.84,ADA-USD,6h
2022-02-07 18:00:00,1.1739,1.208,1.201,1.1991,28242212.59,ADA-USD,6h
2022-02-08 00:00:00,1.1842,1.2543,1.1991,1.2457,36923881.12,ADA-USD,6h
2022-02-08 06:00:00,1.1679,1.2639,1.2451,1.2,31994055.31,ADA-USD,6h
2022-02-08 12:00:00,1.1336,1.2,1.2,1.1473,32150608.85,ADA-USD,6h
2022-02-08 18:00:00,1.1336,1.184,1.1472,1.1764,20964978.84,ADA-USD,6h
2022-02-09 00:00:00,1.1523,1.1858,1.1764,1.1758,20813826.03,ADA-USD,6h
2022-02-09 06:00:00,1.1723,1.1973,1.1754,1.1949,13596315.73,ADA-USD,6h
2022-02-09 12:00:00,1.1875,1.216,1.1946,1.2024,25999852.09,ADA-USD,6h
2022-02-09 18:00:00,1.1917,1.2135,1.2024,1.1947,21313564.98,ADA-USD,6h
2022-02-10 00:00:00,1.1676,1.195,1.1947,1.1754,18303697.77,ADA-USD,6h
2022-02-10 06:00:00,1.1706,1.225,1.1755,1.2093,12981867.72,ADA-USD,6h
2022-02-10 12:00:00,1.1474,1.2151,1.2093,1.1946,50314361.52,ADA-USD,6h
2022-02-10 18:00:00,1.1445,1.198,1.1946,1.1515,25801768.37,ADA-USD,6h
2022-02-11 00:00:00,1.122,1.1517,1.1515,1.1363,21857472.35,ADA-USD,6h
2022-02-11 06:00:00,1.1351,1.164,1.1363,1.1528,13105928.94,ADA-USD,6h
2022-02-11 12:00:00,1.1441,1.1642,1.1527,1.1471,17893292.55,ADA-USD,6h
2022-02-11 18:00:00,1.0676,1.1516,1.1468,1.0803,34836188.23,ADA-USD,6h
2022-02-12 00:00:00,1.0659,1.0931,1.0804,1.0737,16672299.47,ADA-USD,6h
2022-02-12 06:00:00,1.0471,1.0793,1.0739,1.0734,14297656.75,ADA-USD,6h
2022-02-12 12:00:00,1.03,1.0809,1.0732,1.0666,26058856.09,ADA-USD,6h
2022-02-12 18:00:00,1.0436,1.081,1.0668,1.0596,15879449.45,ADA-USD,6h
2022-02-13 00:00:00,1.0436,1.0726,1.0595,1.0504,11625189.56,ADA-USD,6h
2022-02-13 06:00:00,1.0488,1.0733,1.0503,1.0646,7631931.0,ADA-USD,6h
2022-02-13 12:00:00,1.0406,1.0777,1.0646,1.0524,18080079.26,ADA-USD,6h
2022-02-13 18:00:00,1.0328,1.0561,1.0526,1.0431,14222718.66,ADA-USD,6h
2022-02-14 00:00:00,1.0184,1.0458,1.0429,1.0261,20080884.14,ADA-USD,6h
2022-02-14 06:00:00,1.0218,1.043,1.0259,1.0318,14067099.64,ADA-USD,6h
2022-02-14 12:00:00,1.0277,1.0553,1.0318,1.0475,18510387.82,ADA-USD,6h
2022-02-14 18:00:00,1.025,1.0543,1.0476,1.05,19708536.01,ADA-USD,6h
2022-02-15 00:00:00,1.0492,1.0849,1.0501,1.0699,20992031.72,ADA-USD,6h
2022-02-15 06:00:00,1.0565,1.0974,1.0699,1.0894,19888629.48,ADA-USD,6h
2022-02-15 12:00:00,1.0795,1.115,1.0892,1.0914,19923122.89,ADA-USD,6h
2022-02-15 18:00:00,1.0847,1.1163,1.0914,1.1087,13757151.94,ADA-USD,6h
2022-02-16 00:00:00,1.077,1.109,1.1085,1.0904,13097040.51,ADA-USD,6h
2022-02-16 06:00:00,1.087,1.1126,1.0906,1.0936,9639712.39,ADA-USD,6h
2022-02-16 12:00:00,1.066,1.0967,1.0933,1.0719,19268716.15,ADA-USD,6h
2022-02-16 18:00:00,1.0693,1.0989,1.0719,1.0833,12449503.29,ADA-USD,6h
2022-02-17 00:00:00,1.0621,1.0943,1.0834,1.0699,13840777.68,ADA-USD,6h
2022-02-17 06:00:00,1.0565,1.0852,1.0697,1.07,10166107.12,ADA-USD,6h
2022-02-17 12:00:00,1.0401,1.076,1.0697,1.0421,16758316.91,ADA-USD,6h
2022-02-17 18:00:00,1.009,1.0462,1.0418,1.0203,28237340.98,ADA-USD,6h
2022-02-18 00:00:00,1.0106,1.0386,1.0206,1.0326,13754566.39,ADA-USD,6h
2022-02-18 06:00:00,1.018,1.043,1.032,1.0194,8982522.56,ADA-USD,6h
2022-02-18 12:00:00,0.9926,1.0286,1.0199,1.004,39373962.35,ADA-USD,6h
2022-02-18 18:00:00,0.9847,1.0131,1.0043,0.9958,27914886.83,ADA-USD,6h
2022-02-19 00:00:00,0.9914,1.01,0.9959,1.0085,13830836.88,ADA-USD,6h
2022-02-19 06:00:00,0.9783,1.0196,1.0086,0.9838,16399247.26,ADA-USD,6h
2022-02-19 12:00:00,0.9739,1.0107,0.9837,0.9988,23986421.19,ADA-USD,6h
2022-02-19 18:00:00,0.9832,0.9997,0.9986,0.9969,13874112.38,ADA-USD,6h
2022-02-20 00:00:00,0.95,0.9983,0.9972,0.9504,26490236.55,ADA-USD,6h
2022-02-20 06:00:00,0.9252,0.9535,0.9504,0.943,32109863.96,ADA-USD,6h
2022-02-20 12:00:00,0.9191,0.9515,0.9432,0.9388,28096682.61,ADA-USD,6h
2022-02-20 18:00:00,0.9264,0.9591,0.9389,0.9319,24019641.45,ADA-USD,6h
2022-02-21 00:00:00,0.9244,0.9925,0.9317,0.9728,33328572.08,ADA-USD,6h
2022-02-21 06:00:00,0.918,0.9823,0.9722,0.9286,24908636.26,ADA-USD,6h
2022-02-21 12:00:00,0.8976,0.9639,0.9284,0.9334,54134127.18,ADA-USD,6h
2022-02-21 18:00:00,0.852,0.9406,0.9333,0.8572,54476247.96,ADA-USD,6h
2022-02-22 00:00:00,0.8139,0.87,0.8575,0.8272,68100056.28,ADA-USD,6h
2022-02-22 06:00:00,0.8246,0.8735,0.827,0.8635,39465481.68,ADA-USD,6h
2022-02-22 12:00:00,0.854,0.897,0.8631,0.8681,43146771.33,ADA-USD,6h
2022-02-22 18:00:00,0.8615,0.8962,0.868,0.8881,30261154.36,ADA-USD,6h
2022-02-23 00:00:00,0.8769,0.9207,0.8883,0.9143,33451180.53,ADA-USD,6h
2022-02-23 06:00:00,0.9039,0.9436,0.9143,0.9301,20966595.78,ADA-USD,6h
2022-02-23 12:00:00,0.9098,0.9604,0.93,0.9304,39516446.0,ADA-USD,6h
2022-02-23 18:00:00,0.8633,0.9375,0.9308,0.8664,29952814.16,ADA-USD,6h
2022-02-24 00:00:00,0.7474,0.8738,0.8666,0.7687,92039067.94,ADA-USD,6h
2022-02-24 06:00:00,0.7477,0.7975,0.7688,0.7642,49281547.6,ADA-USD,6h
2022-02-24 12:00:00,0.7541,0.8338,0.7641,0.8021,76697750.05,ADA-USD,6h
2022-02-24 18:00:00,0.8012,0.905,0.802,0.8533,54335881.22,ADA-USD,6h
2022-02-25 00:00:00,0.8316,0.868,0.8534,0.8422,29182319.79,ADA-USD,6h
2022-02-25 06:00:00,0.8241,0.856,0.8425,0.852,19644716.38,ADA-USD,6h
2022-02-25 12:00:00,0.8522,0.8956,0.8523,0.8757,37468624.6,ADA-USD,6h
2022-02-25 18:00:00,0.8644,0.91,0.8757,0.8997,24654985.82,ADA-USD,6h
2022-02-26 00:00:00,0.8959,0.9304,0.8997,0.9049,26608504.61,ADA-USD,6h
2022-02-26 06:00:00,0.882,0.9184,0.9046,0.8939,13039999.1,ADA-USD,6h
2022-02-26 12:00:00,0.8831,0.9081,0.8939,0.9008,11187602.79,ADA-USD,6h
2022-02-26 18:00:00,0.8817,0.9061,0.901,0.8873,11281472.59,ADA-USD,6h
2022-02-27 00:00:00,0.8511,0.8882,0.8875,0.8705,19566959.16,ADA-USD,6h
2022-02-27 06:00:00,0.8699,0.9078,0.8701,0.9028,10434533.72,ADA-USD,6h
2022-02-27 12:00:00,0.8765,0.9152,0.9027,0.8858,16682810.72,ADA-USD,6h
2022-02-27 18:00:00,0.8327,0.8869,0.8855,0.8569,27254177.48,ADA-USD,6h
2022-02-28 00:00:00,0.8425,0.889,0.8567,0.8697,23680850.11,ADA-USD,6h
2022-02-28 06:00:00,0.8545,0.897,0.8698,0.8779,16748226.06,ADA-USD,6h
2022-02-28 12:00:00,0.8737,0.9512,0.8779,0.9334,41485595.61,ADA-USD,6h
2022-02-28 18:00:00,0.9192,0.97,0.9339,0.964,29220098.92,ADA-USD,6h
2022-03-01 00:00:00,0.9583,0.9828,0.964,0.9649,28393879.41,ADA-USD,6h
2022-03-01 06:00:00,0.94,0.9727,0.9649,0.9567,19291153.57,ADA-USD,6h
2022-03-01 12:00:00,0.952,1.0142,0.9568,0.9719,50195928.64,ADA-USD,6h
2022-03-01 18:00:00,0.9516,0.9748,0.972,0.9643,16977142.73,ADA-USD,6h
2022-03-02 00:00:00,0.942,0.9774,0.9643,0.9636,25304088.52,ADA-USD,6h
2022-03-02 06:00:00,0.9475,0.9697,0.9633,0.9641,12064347.4,ADA-USD,6h
2022-03-02 12:00:00,0.9327,0.9742,0.9647,0.9401,30397646.76,ADA-USD,6h
2022-03-02 18:00:00,0.9276,0.9525,0.9403,0.9394,15256659.06,ADA-USD,6h
2022-03-03 00:00:00,0.9129,0.946,0.9395,0.9188,21687463.28,ADA-USD,6h
2022-03-03 06:00:00,0.9072,0.9308,0.9189,0.9162,12900722.7,ADA-USD,6h
2022-03-03 12:00:00,0.8837,0.9382,0.9164,0.8983,25016194.44,ADA-USD,6h
2022-03-03 18:00:00,0.8903,0.911,0.898,0.9021,12255696.61,ADA-USD,6h
2022-03-04 00:00:00,0.8621,0.9029,0.9019,0.867,24087042.85,ADA-USD,6h
2022-03-04 06:00:00,0.864,0.8905,0.8669,0.8865,10909047.17,ADA-USD,6h
2022-03-04 12:00:00,0.8629,0.894,0.8866,0.8791,17681237.94,ADA-USD,6h
2022-03-04 18:00:00,0.827,0.8806,0.8791,0.845,25258072.55,ADA-USD,6h
2022-03-05 00:00:00,0.819,0.8483,0.8448,0.8469,20419015.23,ADA-USD,6h
2022-03-05 06:00:00,0.844,0.8686,0.8466,0.8659,9738284.61,ADA-USD,6h
2022-03-05 12:00:00,0.8513,0.883,0.8659,0.87,21205880.76,ADA-USD,6h
2022-03-05 18:00:00,0.8604,0.8737,0.8703,0.8654,9531682.54,ADA-USD,6h
2022-03-06 00:00:00,0.8421,0.872,0.8652,0.8543,9789472.48,ADA-USD,6h
2022-03-06 06:00:00,0.8285,0.8593,0.8542,0.8359,10735041.65,ADA-USD,6h
2022-03-06 12:00:00,0.8338,0.851,0.8359,0.8415,11480057.58,ADA-USD,6h
2022-03-06 18:00:00,0.8196,0.8473,0.8413,0.823,12558689.6,ADA-USD,6h
2022-03-07 00:00:00,0.805,0.8289,0.823,0.8167,20225304.08,ADA-USD,6h
2022-03-07 06:00:00,0.8033,0.8199,0.8167,0.8171,13624408.48,ADA-USD,6h
2022-03-07 12:00:00,0.8173,0.8469,0.8173,0.8266,19865805.67,ADA-USD,6h
2022-03-07 18:00:00,0.7774,0.8265,0.8265,0.7932,36429569.29,ADA-USD,6h
2022-03-08 00:00:00,0.7879,0.8172,0.7931,0.8013,18958513.08,ADA-USD,6h
2022-03-08 06:00:00,0.7904,0.8164,0.8016,0.8115,13042732.83,ADA-USD,6h
2022-03-08 12:00:00,0.7876,0.8149,0.8117,0.806,25409326.08,ADA-USD,6h
2022-03-08 18:00:00,0.7905,0.8213,0.806,0.8021,19562783.13,ADA-USD,6h
2022-03-09 00:00:00,0.7993,0.8418,0.802,0.837,26343864.46,ADA-USD,6h
2022-03-09 06:00:00,0.8335,0.8565,0.8371,0.8516,14200765.46,ADA-USD,6h
2022-03-09 12:00:00,0.8365,0.8631,0.8514,0.8565,22110090.5,ADA-USD,6h
2022-03-09 18:00:00,0.8348,0.8565,0.8563,0.8495,14200439.29,ADA-USD,6h
2022-03-10 00:00:00,0.7976,0.8541,0.8495,0.8034,24280299.85,ADA-USD,6h
2022-03-10 06:00:00,0.7985,0.8138,0.8038,0.8077,16278584.85,ADA-USD,6h
2022-03-10 12:00:00,0.787,0.8227,0.8074,0.8025,19778022.44,ADA-USD,6h
2022-03-10 18:00:00,0.7996,0.8137,0.8024,0.807,8570609.42,ADA-USD,6h
2022-03-11 00:00:00,0.7845,0.8086,0.8068,0.7962,19628205.37,ADA-USD,6h
2022-03-11 06:00:00,0.7947,0.8194,0.796,0.8125,11509199.5,ADA-USD,6h
2022-03-11 12:00:00,0.7845,0.8193,0.8125,0.789,18920185.93,ADA-USD,6h
2022-03-11 18:00:00,0.7826,0.7989,0.7887,0.7884,14972662.73,ADA-USD,6h
2022-03-12 00:00:00,0.7856,0.8017,0.7885,0.7962,10872590.82,ADA-USD,6h
2022-03-12 06:00:00,0.7904,0.7996,0.7961,0.793,4490562.84,ADA-USD,6h
2022-03-12 12:00:00,0.7883,0.8018,0.7928,0.7976,11145341.73,ADA-USD,6h
2022-03-12 18:00:00,0.7877,0.7987,0.7976,0.7898,6516198.62,ADA-USD,6h
2022-03-13 00:00:00,0.7874,0.8,0.7896,0.7943,6313578.8,ADA-USD,6h
2022-03-13 06:00:00,0.7881,0.7972,0.7944,0.7891,5220042.67,ADA-USD,6h
2022-03-13 12:00:00,0.7807,0.8205,0.789,0.811,15744372.06,ADA-USD,6h
2022-03-13 18:00:00,0.7824,0.8121,0.8118,0.7875,15022679.9,ADA-USD,6h
2022-03-14 00:00:00,0.777,0.8116,0.7872,0.8053,17028252.07,ADA-USD,6h
2022-03-14 06:00:00,0.7988,0.813,0.8052,0.7991,8813902.29,ADA-USD,6h
2022-03-14 12:00:00,0.788,0.8026,0.7988,0.7906,12407189.79,ADA-USD,6h
2022-03-14 18:00:00,0.7837,0.8099,0.7906,0.8028,13809267.77,ADA-USD,6h
2022-03-15 00:00:00,0.7891,0.8069,0.8026,0.7945,12577926.36,ADA-USD,6h
2022-03-15 06:00:00,0.7828,0.8009,0.7945,0.791,7865646.08,ADA-USD,6h
2022-03-15 12:00:00,0.785,0.8094,0.791,0.8048,17416842.36,ADA-USD,6h
2022-03-15 18:00:00,0.7986,0.8172,0.8051,0.7992,16094380.83,ADA-USD,6h
2022-03-16 00:00:00,0.7941,0.8338,0.7992,0.8008,21170517.36,ADA-USD,6h
2022-03-16 06:00:00,0.7987,0.8164,0.8007,0.8112,10510565.36,ADA-USD,6h
2022-03-16 12:00:00,0.8065,0.8292,0.8114,0.8142,16316296.0,ADA-USD,6h
2022-03-16 18:00:00,0.7988,0.8401,0.8141,0.8393,23662674.27,ADA-USD,6h
2022-03-17 00:00:00,0.8315,0.858,0.8391,0.8488,17370350.58,ADA-USD,6h
2022-03-17 06:00:00,0.8373,0.8524,0.8488,0.8418,9782345.59,ADA-USD,6h
2022-03-17 12:00:00,0.8379,0.8563,0.8417,0.8413,13936554.04,ADA-USD,6h
2022-03-17 18:00:00,0.8283,0.8421,0.8414,0.8365,7982397.98,ADA-USD,6h
2022-03-18 00:00:00,0.8253,0.8429,0.8363,0.8341,8899104.9,ADA-USD,6h
2022-03-18 06:00:00,0.8216,0.8363,0.8344,0.8266,8524201.59,ADA-USD,6h
2022-03-18 12:00:00,0.8251,0.8571,0.8264,0.8533,17179121.02,ADA-USD,6h
2022-03-18 18:00:00,0.8484,0.86,0.8532,0.852,10277252.92,ADA-USD,6h
2022-03-19 00:00:00,0.851,0.88,0.8522,0.87,14402396.57,ADA-USD,6h
2022-03-19 06:00:00,0.86,0.8733,0.8699,0.8728,5592379.12,ADA-USD,6h
2022-03-19 12:00:00,0.8707,0.9004,0.8731,0.8957,17821675.39,ADA-USD,6h
2022-03-19 18:00:00,0.8875,0.9164,0.8957,0.903,23172219.7,ADA-USD,6h
2022-03-20 00:00:00,0.8829,0.9106,0.9029,0.9069,11709841.09,ADA-USD,6h
2022-03-20 06:00:00,0.8847,0.916,0.907,0.8873,8341446.37,ADA-USD,6h
2022-03-20 12:00:00,0.8643,0.8892,0.8875,0.868,13803719.75,ADA-USD,6h
2022-03-20 18:00:00,0.8647,0.8873,0.868,0.879,11653541.25,ADA-USD,6h
2022-03-21 00:00:00,0.8631,0.8929,0.8788,0.8858,9822222.43,ADA-USD,6h
2022-03-21 06:00:00,0.8812,0.9008,0.8858,0.8968,6205355.59,ADA-USD,6h
2022-03-21 12:00:00,0.891,0.93,0.8966,0.9211,32848464.98,ADA-USD,6h
2022-03-21 18:00:00,0.8983,0.9217,0.921,0.9179,13205387.14,ADA-USD,6h
2022-03-22 00:00:00,0.908,0.95,0.9179,0.9451,24250381.18,ADA-USD,6h
2022-03-22 06:00:00,0.9327,0.9625,0.9451,0.9569,18492906.65,ADA-USD,6h
2022-03-22 12:00:00,0.9513,0.9887,0.9566,0.9759,34774299.06,ADA-USD,6h
2022-03-22 18:00:00,0.9563,0.9842,0.9755,0.9753,20081013.62,ADA-USD,6h
2022-03-23 00:00:00,0.9575,1.0027,0.9752,0.9663,35980821.51,ADA-USD,6h
2022-03-23 06:00:00,0.9618,0.9966,0.9662,0.9826,16227288.72,ADA-USD,6h
2022-03-23 12:00:00,0.9715,1.1003,0.9827,1.0744,105546329.98,ADA-USD,6h
2022-03-23 18:00:00,1.05,1.1104,1.0744,1.1087,44708972.55,ADA-USD,6h
2022-03-24 00:00:00,1.0805,1.1198,1.1086,1.092,41408662.2,ADA-USD,6h
2022-03-24 06:00:00,1.0902,1.1496,1.0921,1.1391,39913880.29,ADA-USD,6h
2022-03-24 12:00:00,1.1355,1.19,1.1388,1.1695,65892939.78,ADA-USD,6h
2022-03-24 18:00:00,1.1218,1.1795,1.1695,1.1314,46523986.49,ADA-USD,6h
2022-03-25 00:00:00,1.108,1.1669,1.1314,1.1492,41154654.79,ADA-USD,6h
2022-03-25 06:00:00,1.1151,1.1602,1.1489,1.14,22655871.13,ADA-USD,6h
2022-03-25 12:00:00,1.0723,1.1417,1.1402,1.0924,48491610.35,ADA-USD,6h
2022-03-25 18:00:00,1.0848,1.1105,1.0924,1.0966,20590575.84,ADA-USD,6h
2022-03-26 00:00:00,1.08,1.1298,1.0969,1.1207,21102362.98,ADA-USD,6h
2022-03-26 06:00:00,1.1173,1.1425,1.1207,1.1288,21535405.18,ADA-USD,6h
2022-03-26 12:00:00,1.1166,1.1402,1.1285,1.1267,18761606.96,ADA-USD,6h
2022-03-26 18:00:00,1.1255,1.1595,1.1265,1.153,18165076.08,ADA-USD,6h
2022-03-27 00:00:00,1.1349,1.1554,1.1528,1.1388,13551056.76,ADA-USD,6h
2022-03-27 06:00:00,1.1259,1.1466,1.1387,1.1293,7109396.21,ADA-USD,6h
2022-03-27 12:00:00,1.1052,1.137,1.1294,1.1314,15029154.73,ADA-USD,6h
2022-03-27 18:00:00,1.1216,1.1872,1.1307,1.1845,30043808.41,ADA-USD,6h
2022-03-28 00:00:00,1.1617,1.2,1.1842,1.1957,26866062.27,ADA-USD,6h
2022-03-28 06:00:00,1.1717,1.1996,1.1956,1.195,22224414.33,ADA-USD,6h
2022-03-28 12:00:00,1.1936,1.2462,1.1948,1.2176,54217129.48,ADA-USD,6h
2022-03-28 18:00:00,1.158,1.2357,1.2174,1.1694,32725073.41,ADA-USD,6h
2022-03-29 00:00:00,1.1667,1.2277,1.1691,1.2242,29534532.5,ADA-USD,6h
2022-03-29 06:00:00,1.2049,1.2292,1.2239,1.2274,10542086.2,ADA-USD,6h
2022-03-29 12:00:00,1.1767,1.2426,1.2276,1.1878,30231351.62,ADA-USD,6h
2022-03-29 18:00:00,1.168,1.2076,1.1881,1.1909,21283762.98,ADA-USD,6h
2022-03-30 00:00:00,1.1628,1.1933,1.1911,1.1933,17058563.84,ADA-USD,6h
2022-03-30 06:00:00,1.1835,1.2042,1.1932,1.1898,14173176.64,ADA-USD,6h
2022-03-30 12:00:00,1.167,1.2179,1.19,1.2154,24280124.33,ADA-USD,6h
2022-03-30 18:00:00,1.1838,1.2182,1.2153,1.1906,17030423.19,ADA-USD,6h
2022-03-31 00:00:00,1.1728,1.2215,1.1903,1.2098,18692435.78,ADA-USD,6h
2022-03-31 06:00:00,1.2029,1.2287,1.2094,1.2088,15326829.03,ADA-USD,6h
2022-03-31 12:00:00,1.1405,1.2169,1.2093,1.1514,51098390.51,ADA-USD,6h
2022-03-31 18:00:00,1.1331,1.1639,1.1512,1.1417,28715573.88,ADA-USD,6h
2022-04-01 00:00:00,1.104,1.1504,1.1416,1.1241,27730644.37,ADA-USD,6h
2022-04-01 06:00:00,1.1191,1.165,1.1244,1.1316,14393937.55,ADA-USD,6h
2022-04-01 12:00:00,1.1178,1.175,1.1314,1.1697,28936531.25,ADA-USD,6h
2022-04-01 18:00:00,1.1608,1.1751,1.1697,1.1654,14979517.1,ADA-USD,6h
2022-04-02 00:00:00,1.1567,1.1961,1.1662,1.1863,14864314.35,ADA-USD,6h
2022-04-02 06:00:00,1.1786,1.1933,1.1859,1.1875,6957752.5,ADA-USD,6h
2022-04-02 12:00:00,1.1487,1.1924,1.1877,1.1667,22179294.59,ADA-USD,6h
2022-04-02 18:00:00,1.1476,1.174,1.1665,1.1562,12938024.55,ADA-USD,6h
2022-04-03 00:00:00,1.1436,1.1728,1.1564,1.1694,12477806.59,ADA-USD,6h
2022-04-03 06:00:00,1.1608,1.1748,1.1693,1.1712,4625215.88,ADA-USD,6h
2022-04-03 12:00:00,1.1686,1.1859,1.1711,1.182,9024175.69,ADA-USD,6h
2022-04-03 18:00:00,1.1763,1.2,1.1825,1.1865,11855361.49,ADA-USD,6h
2022-04-04 00:00:00,1.1612,1.1995,1.1863,1.1922,12475057.22,ADA-USD,6h
2022-04-04 06:00:00,1.1907,1.2328,1.1922,1.218,26168020.04,ADA-USD,6h
2022-04-04 12:00:00,1.1658,1.2458,1.2179,1.1741,39661570.92,ADA-USD,6h
2022-04-04 18:00:00,1.1608,1.2183,1.174,1.2117,20971399.79,ADA-USD,6h
2022-04-05 00:00:00,1.2016,1.2187,1.212,1.2019,8981546.3,ADA-USD,6h
2022-04-05 06:00:00,1.1959,1.2115,1.2017,1.2098,5172316.23,ADA-USD,6h
2022-04-05 12:00:00,1.1801,1.2183,1.2097,1.1973,17977817.66,ADA-USD,6h
2022-04-05 18:00:00,1.1637,1.2016,1.1973,1.1705,14424965.68,ADA-USD,6h
2022-04-06 00:00:00,1.1201,1.1733,1.1712,1.1583,24057758.69,ADA-USD,6h
2022-04-06 06:00:00,1.1074,1.1589,1.1581,1.1156,17929793.89,ADA-USD,6h
2022-04-06 12:00:00,1.0605,1.1226,1.1151,1.091,42436385.87,ADA-USD,6h
2022-04-06 18:00:00,1.0479,1.1072,1.0912,1.0525,29537626.56,ADA-USD,6h
2022-04-07 00:00:00,1.039,1.075,1.0524,1.0732,24907719.76,ADA-USD,6h
2022-04-07 06:00:00,1.066,1.1195,1.0733,1.091,12368081.7,ADA-USD,6h
2022-04-07 12:00:00,1.0583,1.0958,1.091,1.086,19685767.24,ADA-USD,6h
2022-04-07 18:00:00,1.0738,1.1013,1.086,1.0894,9059283.76,ADA-USD,6h
2022-04-08 00:00:00,1.081,1.0988,1.0887,1.0938,8347800.82,ADA-USD,6h
2022-04-08 06:00:00,1.068,1.0995,1.0939,1.0704,10318779.23,ADA-USD,6h
2022-04-08 12:00:00,1.0507,1.0867,1.0704,1.0619,18212089.45,ADA-USD,6h
2022-04-08 18:00:00,1.019,1.0647,1.0615,1.0245,19342956.65,ADA-USD,6h
2022-04-09 00:00:00,1.0227,1.0418,1.0247,1.0372,9072742.58,ADA-USD,6h
2022-04-09 06:00:00,1.0284,1.0456,1.0372,1.0378,5320320.59,ADA-USD,6h
2022-04-09 12:00:00,1.0213,1.0441,1.0378,1.0351,7238209.35,ADA-USD,6h
2022-04-09 18:00:00,1.027,1.0481,1.0354,1.0453,6863370.74,ADA-USD,6h
2022-04-10 00:00:00,1.0387,1.0565,1.0453,1.0403,5347810.06,ADA-USD,6h
2022-04-10 06:00:00,1.0277,1.0447,1.0399,1.0337,2927206.15,ADA-USD,6h
2022-04-10 12:00:00,1.0297,1.0614,1.0337,1.0592,6644244.25,ADA-USD,6h
2022-04-10 18:00:00,1.0231,1.0699,1.0591,1.0274,11397205.74,ADA-USD,6h
2022-04-11 00:00:00,1.0014,1.0329,1.0274,1.0189,20970963.92,ADA-USD,6h
2022-04-11 06:00:00,0.957,1.0201,1.019,0.9611,21243571.68,ADA-USD,6h
2022-04-11 12:00:00,0.9325,0.9692,0.9612,0.9531,31460110.53,ADA-USD,6h
2022-04-11 18:00:00,0.917,0.9612,0.9528,0.9198,23253502.88,ADA-USD,6h
2022-04-12 00:00:00,0.9157,0.9526,0.9199,0.9504,13198391.42,ADA-USD,6h
2022-04-12 06:00:00,0.9419,0.9686,0.9502,0.9671,10797742.16,ADA-USD,6h
2022-04-12 12:00:00,0.9454,0.9836,0.9672,0.9517,26409574.27,ADA-USD,6h
2022-04-12 18:00:00,0.9298,0.9585,0.9518,0.9545,11640199.68,ADA-USD,6h
2022-04-13 00:00:00,0.9427,0.962,0.9545,0.9608,8964322.42,ADA-USD,6h
2022-04-13 06:00:00,0.9385,0.9611,0.9609,0.9388,6382639.16,ADA-USD,6h
2022-04-13 12:00:00,0.9349,0.98,0.9387,0.9637,19526354.79,ADA-USD,6h
2022-04-13 18:00:00,0.9614,0.9799,0.9633,0.9748,7530074.01,ADA-USD,6h
2022-04-14 00:00:00,0.9681,0.9854,0.9748,0.9714,8535490.88,ADA-USD,6h
2022-04-14 06:00:00,0.9514,0.9749,0.9715,0.9541,8608822.33,ADA-USD,6h
2022-04-14 12:00:00,0.9263,0.9645,0.9536,0.9351,16083520.16,ADA-USD,6h
2022-04-14 18:00:00,0.9228,0.9396,0.9349,0.9325,9842099.5,ADA-USD,6h
2022-04-15 00:00:00,0.9293,0.9589,0.9322,0.9514,8849190.22,ADA-USD,6h
2022-04-15 06:00:00,0.9411,0.9544,0.9514,0.9499,4429801.48,ADA-USD,6h
2022-04-15 12:00:00,0.9383,0.9587,0.9501,0.9568,9268150.8,ADA-USD,6h
2022-04-15 18:00:00,0.9484,0.9584,0.9566,0.9553,5643674.68,ADA-USD,6h
2022-04-16 00:00:00,0.9488,0.963,0.9558,0.9575,5488174.29,ADA-USD,6h
2022-04-16 06:00:00,0.9495,0.9597,0.9574,0.9521,3606423.58,ADA-USD,6h
2022-04-16 12:00:00,0.9374,0.9579,0.9521,0.9417,5845913.17,ADA-USD,6h
2022-04-16 18:00:00,0.939,0.9584,0.9416,0.9514,5471746.93,ADA-USD,6h
2022-04-17 00:00:00,0.9407,0.9531,0.9514,0.9473,4045223.36,ADA-USD,6h
2022-04-17 06:00:00,0.9439,0.956,0.9481,0.956,2467089.58,ADA-USD,6h
2022-04-17 12:00:00,0.9442,0.9625,0.9558,0.9458,4983695.53,ADA-USD,6h
2022-04-17 18:00:00,0.912,0.9486,0.9452,0.9148,10800527.64,ADA-USD,6h
2022-04-18 00:00:00,0.8775,0.9269,0.9148,0.8869,14458993.83,ADA-USD,6h
2022-04-18 06:00:00,0.8744,0.8945,0.8869,0.8887,10327292.16,ADA-USD,6h
2022-04-18 12:00:00,0.8887,0.9241,0.8888,0.9208,17634093.99,ADA-USD,6h
2022-04-18 18:00:00,0.9204,0.9382,0.9212,0.9367,13632175.9,ADA-USD,6h
2022-04-19 00:00:00,0.9286,0.9467,0.9367,0.9303,7582569.65,ADA-USD,6h
2022-04-19 06:00:00,0.9272,0.9389,0.9301,0.932,3708786.46,ADA-USD,6h
2022-04-19 12:00:00,0.9304,0.957,0.9315,0.941,17648987.24,ADA-USD,6h
2022-04-19 18:00:00,0.939,0.9549,0.9411,0.9524,8176817.28,ADA-USD,6h
2022-04-20 00:00:00,0.9376,0.9536,0.9526,0.9477,7008664.33,ADA-USD,6h
2022-04-20 06:00:00,0.9439,0.9723,0.9475,0.9682,8049066.95,ADA-USD,6h
2022-04-20 12:00:00,0.9384,0.9755,0.9683,0.9455,16104969.48,ADA-USD,6h
2022-04-20 18:00:00,0.9309,0.9467,0.9452,0.9367,7872506.45,ADA-USD,6h
2022-04-21 00:00:00,0.9352,0.9515,0.9367,0.9379,6140973.34,ADA-USD,6h
2022-04-21 06:00:00,0.9348,0.962,0.9379,0.9557,5955935.99,ADA-USD,6h
2022-04-21 12:00:00,0.9425,0.9707,0.9555,0.9439,13106239.19,ADA-USD,6h
2022-04-21 18:00:00,0.8922,0.9451,0.9435,0.9102,19618933.7,ADA-USD,6h
2022-04-22 00:00:00,0.9059,0.9247,0.9101,0.9219,6551356.45,ADA-USD,6h
2022-04-22 06:00:00,0.9078,0.9246,0.9218,0.9195,5719014.62,ADA-USD,6h
2022-04-22 12:00:00,0.8908,0.9207,0.9194,0.9005,14296141.56,ADA-USD,6h
2022-04-22 18:00:00,0.897,0.91,0.9003,0.9064,6706126.75,ADA-USD,6h
2022-04-23 00:00:00,0.8821,0.9128,0.9064,0.8938,7041477.59,ADA-USD,6h
2022-04-23 06:00:00,0.8928,0.9031,0.8938,0.8995,2623846.14,ADA-USD,6h
2022-04-23 12:00:00,0.8952,0.9063,0.8995,0.903,4907941.78,ADA-USD,6h
2022-04-23 18:00:00,0.8858,0.9034,0.9031,0.8873,5435969.75,ADA-USD,6h
2022-04-24 00:00:00,0.8841,0.8985,0.8869,0.896,4021573.05,ADA-USD,6h
2022-04-24 06:00:00,0.8851,0.899,0.8963,0.8881,3348065.18,ADA-USD,6h
2022-04-24 12:00:00,0.8772,0.8963,0.8878,0.881,8680319.24,ADA-USD,6h
2022-04-24 18:00:00,0.8803,0.894,0.8807,0.886,5790417.06,ADA-USD,6h
2022-04-25 00:00:00,0.8537,0.8868,0.8859,0.8616,15822787.55,ADA-USD,6h
2022-04-25 06:00:00,0.8267,0.863,0.8619,0.8574,26978560.71,ADA-USD,6h
2022-04-25 12:00:00,0.8486,0.8776,0.8574,0.8704,18887297.01,ADA-USD,6h
2022-04-25 18:00:00,0.8671,0.9033,0.8705,0.8975,21062788.96,ADA-USD,6h
2022-04-26 00:00:00,0.883,0.9032,0.898,0.8942,7811933.87,ADA-USD,6h
2022-04-26 06:00:00,0.8812,0.8988,0.8941,0.8857,5669821.83,ADA-USD,6h
2022-04-26 12:00:00,0.8305,0.8893,0.8857,0.8404,31394561.52,ADA-USD,6h
2022-04-26 18:00:00,0.8166,0.8433,0.8403,0.8259,23726350.16,ADA-USD,6h
2022-04-27 00:00:00,0.8192,0.8408,0.8258,0.8361,12139482.95,ADA-USD,6h
2022-04-27 06:00:00,0.83,0.8545,0.836,0.8385,9325928.92,ADA-USD,6h
2022-04-27 12:00:00,0.8293,0.856,0.8387,0.838,18367752.07,ADA-USD,6h
2022-04-27 18:00:00,0.8244,0.8521,0.838,0.8405,10810670.51,ADA-USD,6h
2022-04-28 00:00:00,0.8334,0.8475,0.8405,0.8348,8715575.92,ADA-USD,6h
2022-04-28 06:00:00,0.8327,0.8522,0.8347,0.8471,7201317.1,ADA-USD,6h
2022-04-28 12:00:00,0.8257,0.85,0.847,0.8469,16364032.05,ADA-USD,6h
2022-04-28 18:00:00,0.8366,0.8529,0.8469,0.8433,13692496.7,ADA-USD,6h
2022-04-29 00:00:00,0.8302,0.8494,0.8432,0.8329,9299645.28,ADA-USD,6h
2022-04-29 06:00:00,0.8055,0.8398,0.8328,0.8124,14280841.68,ADA-USD,6h
2022-04-29 12:00:00,0.8055,0.8241,0.8124,0.8082,16030748.33,ADA-USD,6h
2022-04-29 18:00:00,0.7893,0.8119,0.8082,0.8049,19767626.96,ADA-USD,6h
2022-04-30 00:00:00,0.803,0.818,0.805,0.8151,9648668.95,ADA-USD,6h
2022-04-30 06:00:00,0.8043,0.8179,0.8151,0.8054,5686951.33,ADA-USD,6h
2022-04-30 12:00:00,0.7789,0.8106,0.8053,0.7809,15579558.18,ADA-USD,6h
2022-04-30 18:00:00,0.7357,0.79,0.7807,0.7558,33302928.41,ADA-USD,6h
2022-05-01 00:00:00,0.7452,0.7951,0.7558,0.7739,26830781.72,ADA-USD,6h
2022-05-01 06:00:00,0.7661,0.777,0.7737,0.7705,6568242.34,ADA-USD,6h
2022-05-01 12:00:00,0.7668,0.8002,0.7705,0.7925,12872272.3,ADA-USD,6h
2022-05-01 18:00:00,0.768,0.7935,0.7927,0.7896,17018774.51,ADA-USD,6h
2022-05-02 00:00:00,0.7797,0.7971,0.7895,0.7934,12465541.34,ADA-USD,6h
2022-05-02 06:00:00,0.7694,0.7965,0.7933,0.7716,7952842.2,ADA-USD,6h
2022-05-02 12:00:00,0.7661,0.786,0.7713,0.7703,18767843.53,ADA-USD,6h
2022-05-02 18:00:00,0.7636,0.7914,0.7703,0.7806,12705002.68,ADA-USD,6h
2022-05-03 00:00:00,0.7752,0.7943,0.7805,0.7899,8413704.43,ADA-USD,6h
2022-05-03 06:00:00,0.7823,0.7994,0.7896,0.797,5008499.71,ADA-USD,6h
2022-05-03 12:00:00,0.7785,0.798,0.797,0.7785,11495146.26,ADA-USD,6h
2022-05-03 18:00:00,0.76,0.7786,0.7784,0.7711,13496418.92,ADA-USD,6h
2022-05-04 00:00:00,0.7676,0.7851,0.7711,0.7771,7679118.32,ADA-USD,6h
2022-05-04 06:00:00,0.7771,0.8333,0.7772,0.822,18140252.29,ADA-USD,6h
2022-05-04 12:00:00,0.8145,0.8405,0.8221,0.8319,20698837.92,ADA-USD,6h
2022-05-04 18:00:00,0.8234,0.899,0.8318,0.8983,31024204.19,ADA-USD,6h
2022-05-05 00:00:00,0.861,0.9052,0.8983,0.8628,36407897.39,ADA-USD,6h
2022-05-05 06:00:00,0.8555,0.8785,0.863,0.8579,9401526.67,ADA-USD,6h
2022-05-05 12:00:00,0.7811,0.8646,0.8579,0.7828,43194957.4,ADA-USD,6h
2022-05-05 18:00:00,0.7717,0.8033,0.7828,0.7884,26813627.42,ADA-USD,6h
2022-05-06 00:00:00,0.7751,0.7969,0.7883,0.7926,12823701.57,ADA-USD,6h
2022-05-06 06:00:00,0.7716,0.7993,0.7925,0.7787,14569371.18,ADA-USD,6h
2022-05-06 12:00:00,0.7622,0.7958,0.7785,0.7798,27492188.76,ADA-USD,6h
2022-05-06 18:00:00,0.7752,0.7904,0.7797,0.7831,12650288.62,ADA-USD,6h
2022-05-07 00:00:00,0.763,0.7851,0.7833,0.7741,9839048.42,ADA-USD,6h
2022-05-07 06:00:00,0.7667,0.7851,0.774,0.7837,4987637.72,ADA-USD,6h
2022-05-07 12:00:00,0.7705,0.7859,0.7837,0.7741,8267872.92,ADA-USD,6h
2022-05-07 18:00:00,0.7467,0.7812,0.7739,0.7598,17564080.25,ADA-USD,6h
2022-05-08 00:00:00,0.7312,0.7659,0.7598,0.7391,19710406.38,ADA-USD,6h
2022-05-08 06:00:00,0.738,0.7502,0.7392,0.7451,9103602.14,ADA-USD,6h
2022-05-08 12:00:00,0.7256,0.7489,0.7449,0.7433,17128438.21,ADA-USD,6h
2022-05-08 18:00:00,0.7356,0.761,0.7436,0.7403,14579742.27,ADA-USD,6h
2022-05-09 00:00:00,0.701,0.754,0.7401,0.7027,32603934.93,ADA-USD,6h
2022-05-09 06:00:00,0.6509,0.706,0.7026,0.6719,38913247.48,ADA-USD,6h
2022-05-09 12:00:00,0.611,0.6779,0.6717,0.6428,75272497.28,ADA-USD,6h
2022-05-09 18:00:00,0.6,0.6598,0.6427,0.6018,66499458.62,ADA-USD,6h
2022-05-10 00:00:00,0.5829,0.6765,0.6028,0.6672,74129801.72,ADA-USD,6h
2022-05-10 06:00:00,0.6631,0.7021,0.6669,0.6794,36864494.6,ADA-USD,6h
2022-05-10 12:00:00,0.651,0.696,0.6792,0.6726,61979723.38,ADA-USD,6h
2022-05-10 18:00:00,0.6065,0.6731,0.6727,0.6283,56245413.8,ADA-USD,6h
2022-05-11 00:00:00,0.6106,0.6419,0.6282,0.6252,39083321.11,ADA-USD,6h
2022-05-11 06:00:00,0.5907,0.6629,0.6249,0.6194,55128404.01,ADA-USD,6h
2022-05-11 12:00:00,0.5208,0.6371,0.6196,0.5576,108009775.25,ADA-USD,6h
2022-05-11 18:00:00,0.4685,0.5642,0.5575,0.5161,109388366.22,ADA-USD,6h
2022-05-12 00:00:00,0.4,0.55,0.5161,0.4099,109494618.96,ADA-USD,6h
2022-05-12 06:00:00,0.39,0.4863,0.4099,0.4564,67030302.04,ADA-USD,6h
2022-05-12 12:00:00,0.4433,0.5139,0.4567,0.4898,79629287.21,ADA-USD,6h
2022-05-12 18:00:00,0.4505,0.4958,0.4899,0.4724,45958072.98,ADA-USD,6h
2022-05-13 00:00:00,0.4678,0.6069,0.4723,0.5808,65936423.52,ADA-USD,6h
2022-05-13 06:00:00,0.5625,0.5931,0.5812,0.5866,38731763.36,ADA-USD,6h
2022-05-13 12:00:00,0.5442,0.5905,0.5869,0.5458,54722421.38,ADA-USD,6h
2022-05-13 18:00:00,0.5224,0.5592,0.5458,0.5281,34793847.03,ADA-USD,6h
2022-05-14 00:00:00,0.5233,0.5565,0.5281,0.5333,24123735.91,ADA-USD,6h
2022-05-14 06:00:00,0.4972,0.5387,0.5336,0.5093,15753001.02,ADA-USD,6h
2022-05-14 12:00:00,0.4879,0.5235,0.5095,0.5203,31046014.64,ADA-USD,6h
2022-05-14 18:00:00,0.5102,0.5415,0.5202,0.5371,19829124.17,ADA-USD,6h
2022-05-15 00:00:00,0.5137,0.541,0.537,0.5294,15149325.26,ADA-USD,6h
2022-05-15 06:00:00,0.5264,0.5618,0.5297,0.5578,14020816.74,ADA-USD,6h
2022-05-15 12:00:00,0.5417,0.5666,0.5578,0.5543,20776207.61,ADA-USD,6h
2022-05-15 18:00:00,0.5518,0.5999,0.5544,0.598,34972570.29,ADA-USD,6h
2022-05-16 00:00:00,0.5686,0.6135,0.5977,0.5696,33609491.18,ADA-USD,6h
2022-05-16 06:00:00,0.5508,0.5773,0.5693,0.5642,19133328.32,ADA-USD,6h
2022-05-16 12:00:00,0.5436,0.5799,0.5643,0.5611,26518174.33,ADA-USD,6h
2022-05-16 18:00:00,0.5515,0.5732,0.5611,0.5561,16325220.57,ADA-USD,6h
2022-05-17 00:00:00,0.555,0.58,0.5561,0.5789,12424908.22,ADA-USD,6h
2022-05-17 06:00:00,0.5731,0.5891,0.5788,0.5803,11357493.11,ADA-USD,6h
2022-05-17 12:00:00,0.5631,0.5996,0.5804,0.5638,29470891.44,ADA-USD,6h
2022-05-17 18:00:00,0.55,0.5823,0.564,0.577,19055146.72,ADA-USD,6h
2022-05-18 00:00:00,0.5566,0.5859,0.577,0.5662,13192385.97,ADA-USD,6h
2022-05-18 06:00:00,0.5525,0.567,0.566,0.556,9215222.49,ADA-USD,6h
2022-05-18 12:00:00,0.5139,0.5564,0.5563,0.5217,41520998.15,ADA-USD,6h
2022-05-18 18:00:00,0.502,0.5334,0.5215,0.5053,23161826.12,ADA-USD,6h
2022-05-19 00:00:00,0.4909,0.5234,0.5051,0.5058,21551043.92,ADA-USD,6h
2022-05-19 06:00:00,0.5036,0.5309,0.5058,0.5285,14932830.98,ADA-USD,6h
2022-05-19 12:00:00,0.5161,0.5464,0.5286,0.5334,23250217.41,ADA-USD,6h
2022-05-19 18:00:00,0.52,0.5359,0.5336,0.5326,13402918.05,ADA-USD,6h
2022-05-20 00:00:00,0.5259,0.5442,0.5329,0.5345,16672942.75,ADA-USD,6h
2022-05-20 06:00:00,0.5212,0.5416,0.5342,0.5396,10749139.95,ADA-USD,6h
2022-05-20 12:00:00,0.5008,0.5398,0.5396,0.5071,31449632.83,ADA-USD,6h
2022-05-20 18:00:00,0.5029,0.5232,0.5071,0.5155,24906967.4,ADA-USD,6h
2022-05-21 00:00:00,0.5081,0.5291,0.5157,0.523,9908958.89,ADA-USD,6h
2022-05-21 06:00:00,0.521,0.531,0.5229,0.5272,6306569.33,ADA-USD,6h
2022-05-21 12:00:00,0.5239,0.538,0.5269,0.5304,12235633.97,ADA-USD,6h
2022-05-21 18:00:00,0.5209,0.534,0.5302,0.5279,6794394.03,ADA-USD,6h
2022-05-22 00:00:00,0.521,0.5314,0.5279,0.5246,6579318.15,ADA-USD,6h
2022-05-22 06:00:00,0.5245,0.5478,0.5246,0.5419,10655581.26,ADA-USD,6h
2022-05-22 12:00:00,0.5287,0.5474,0.5414,0.5335,9512343.08,ADA-USD,6h
2022-05-22 18:00:00,0.5312,0.5458,0.5333,0.5413,8533795.89,ADA-USD,6h
2022-05-23 00:00:00,0.5346,0.5467,0.5411,0.5418,9528123.51,ADA-USD,6h
2022-05-23 06:00:00,0.5414,0.5531,0.542,0.5511,11522653.39,ADA-USD,6h
2022-05-23 12:00:00,0.5396,0.5589,0.5511,0.5464,18879189.22,ADA-USD,6h
2022-05-23 18:00:00,0.5036,0.5491,0.5467,0.5129,26282259.13,ADA-USD,6h
2022-05-24 00:00:00,0.5102,0.5228,0.513,0.5179,11277714.17,ADA-USD,6h
2022-05-24 06:00:00,0.5086,0.521,0.5179,0.5142,11376672.96,ADA-USD,6h
2022-05-24 12:00:00,0.4921,0.5218,0.5142,0.5105,34353621.42,ADA-USD,6h
2022-05-24 18:00:00,0.5067,0.5246,0.5106,0.5214,18376769.33,ADA-USD,6h
2022-05-25 00:00:00,0.516,0.532,0.5213,0.5196,11225904.76,ADA-USD,6h
2022-05-25 06:00:00,0.5064,0.5213,0.5192,0.5086,13490479.26,ADA-USD,6h
2022-05-25 12:00:00,0.5066,0.5179,0.5085,0.5111,17441748.01,ADA-USD,6h
2022-05-25 18:00:00,0.5099,0.519,0.511,0.5139,11875057.34,ADA-USD,6h
2022-05-26 00:00:00,0.5014,0.5204,0.5138,0.5027,10705245.35,ADA-USD,6h
2022-05-26 06:00:00,0.4774,0.505,0.5027,0.4847,23962476.19,ADA-USD,6h
2022-05-26 12:00:00,0.461,0.5028,0.4845,0.4933,41168391.93,ADA-USD,6h
2022-05-26 18:00:00,0.4763,0.4938,0.4934,0.4785,17494256.2,ADA-USD,6h
2022-05-27 00:00:00,0.4483,0.4834,0.4785,0.4524,45610410.07,ADA-USD,6h
2022-05-27 06:00:00,0.448,0.4681,0.4523,0.4634,23223658.24,ADA-USD,6h
2022-05-27 12:00:00,0.4496,0.4786,0.4634,0.4515,42315917.6,ADA-USD,6h
2022-05-27 18:00:00,0.445,0.4626,0.4516,0.4562,22122492.53,ADA-USD,6h
2022-05-28 00:00:00,0.4455,0.4637,0.4561,0.4607,22406970.66,ADA-USD,6h
2022-05-28 06:00:00,0.453,0.4628,0.4608,0.457,7912897.71,ADA-USD,6h
2022-05-28 12:00:00,0.4547,0.4667,0.4568,0.4605,12547636.11,ADA-USD,6h
2022-05-28 18:00:00,0.46,0.4688,0.4603,0.4643,10042113.85,ADA-USD,6h
2022-05-29 00:00:00,0.4558,0.4674,0.4643,0.4619,11097240.58,ADA-USD,6h
2022-05-29 06:00:00,0.4605,0.4721,0.4619,0.4714,9358602.08,ADA-USD,6h
2022-05-29 12:00:00,0.4693,0.4778,0.4714,0.4733,13233313.33,ADA-USD,6h
2022-05-29 18:00:00,0.4705,0.4824,0.4734,0.4817,15410294.18,ADA-USD,6h
2022-05-30 00:00:00,0.4765,0.52,0.4818,0.5175,33413488.69,ADA-USD,6h
2022-05-30 06:00:00,0.5151,0.5271,0.5172,0.5226,17787564.58,ADA-USD,6h
2022-05-30 12:00:00,0.5165,0.5466,0.5223,0.5343,31627062.16,ADA-USD,6h
2022-05-30 18:00:00,0.5317,0.5779,0.5342,0.5697,41407338.61,ADA-USD,6h
2022-05-31 00:00:00,0.5677,0.689,0.5697,0.641,70694233.09,ADA-USD,6h
2022-05-31 06:00:00,0.6366,0.6855,0.6411,0.6537,74900521.75,ADA-USD,6h
2022-05-31 12:00:00,0.6078,0.6562,0.6535,0.6162,86680341.11,ADA-USD,6h
2022-05-31 18:00:00,0.5933,0.6404,0.6163,0.6263,53003736.21,ADA-USD,6h
2022-06-01 00:00:00,0.5937,0.631,0.6264,0.6012,30648075.43,ADA-USD,6h
2022-06-01 06:00:00,0.5995,0.6191,0.6009,0.6043,18851433.03,ADA-USD,6h
2022-06-01 12:00:00,0.5546,0.609,0.6043,0.5633,73775153.69,ADA-USD,6h
2022-06-01 18:00:00,0.5358,0.5655,0.5633,0.5515,53898722.16,ADA-USD,6h
2022-06-02 00:00:00,0.5483,0.5794,0.5514,0.5656,58923861.9,ADA-USD,6h
2022-06-02 06:00:00,0.5609,0.5863,0.5656,0.5836,34234324.68,ADA-USD,6h
2022-06-02 12:00:00,0.5535,0.598,0.5837,0.585,51333169.75,ADA-USD,6h
2022-06-02 18:00:00,0.5758,0.5912,0.5848,0.587,27842487.9,ADA-USD,6h
2022-06-03 00:00:00,0.5774,0.6049,0.5871,0.5939,29046229.33,ADA-USD,6h
2022-06-03 06:00:00,0.5499,0.5942,0.5939,0.5549,33734457.06,ADA-USD,6h
2022-06-03 12:00:00,0.5378,0.5608,0.5551,0.5534,47722403.87,ADA-USD,6h
2022-06-03 18:00:00,0.5515,0.5754,0.5532,0.5594,28721293.25,ADA-USD,6h
2022-06-04 00:00:00,0.5441,0.5655,0.5593,0.5634,25027822.93,ADA-USD,6h
2022-06-04 06:00:00,0.5515,0.5679,0.5635,0.554,13497557.26,ADA-USD,6h
2022-06-04 12:00:00,0.5494,0.5652,0.5538,0.5596,18469160.41,ADA-USD,6h
2022-06-04 18:00:00,0.5546,0.5714,0.5595,0.5662,15046661.57,ADA-USD,6h
2022-06-05 00:00:00,0.5558,0.5672,0.5663,0.5647,11545242.57,ADA-USD,6h
2022-06-05 06:00:00,0.5532,0.5651,0.5648,0.5583,8584235.35,ADA-USD,6h
2022-06-05 12:00:00,0.5557,0.5759,0.5584,0.573,17459842.79,ADA-USD,6h
2022-06-05 18:00:00,0.5642,0.5803,0.5731,0.5669,23174523.62,ADA-USD,6h
2022-06-06 00:00:00,0.5646,0.6293,0.567,0.6177,62153531.35,ADA-USD,6h
2022-06-06 06:00:00,0.6173,0.6454,0.6177,0.6241,44865247.6,ADA-USD,6h
2022-06-06 12:00:00,0.5903,0.6293,0.6242,0.5984,67163520.2,ADA-USD,6h
2022-06-06 18:00:00,0.5932,0.6192,0.5981,0.6087,36350966.92,ADA-USD,6h
2022-06-07 00:00:00,0.5706,0.61,0.6087,0.5853,53519553.96,ADA-USD,6h
2022-06-07 06:00:00,0.5783,0.5915,0.585,0.5831,18846913.27,ADA-USD,6h
2022-06-07 12:00:00,0.5795,0.6282,0.5832,0.6111,51176579.64,ADA-USD,6h
2022-06-07 18:00:00,0.6008,0.645,0.6109,0.6136,62512363.41,ADA-USD,6h
2022-06-08 00:00:00,0.6082,0.6582,0.6134,0.644,64450814.5,ADA-USD,6h
2022-06-08 06:00:00,0.6262,0.65,0.6438,0.6429,32612455.03,ADA-USD,6h
2022-06-08 12:00:00,0.634,0.6691,0.6427,0.6548,71084618.56,ADA-USD,6h
2022-06-08 18:00:00,0.6368,0.6573,0.6548,0.6405,37539791.24,ADA-USD,6h
2022-06-09 00:00:00,0.625,0.6499,0.6404,0.6441,43353791.62,ADA-USD,6h
2022-06-09 06:00:00,0.6402,0.6573,0.6441,0.6408,20861919.79,ADA-USD,6h
2022-06-09 12:00:00,0.6335,0.6529,0.6407,0.6469,31306598.74,ADA-USD,6h
2022-06-09 18:00:00,0.626,0.6478,0.6467,0.6321,27756577.31,ADA-USD,6h
2022-06-10 00:00:00,0.6113,0.6356,0.6321,0.6278,23535621.65,ADA-USD,6h
2022-06-10 06:00:00,0.6042,0.6293,0.6282,0.6132,18621296.98,ADA-USD,6h
2022-06-10 12:00:00,0.5702,0.6189,0.6135,0.5807,85466573.18,ADA-USD,6h
2022-06-10 18:00:00,0.5708,0.5875,0.5805,0.5737,35268921.84,ADA-USD,6h
2022-06-11 00:00:00,0.5719,0.5983,0.5736,0.588,16974849.97,ADA-USD,6h
2022-06-11 06:00:00,0.5754,0.617,0.5881,0.5791,34728040.54,ADA-USD,6h
2022-06-11 12:00:00,0.5424,0.5862,0.5792,0.5587,50376348.73,ADA-USD,6h
2022-06-11 18:00:00,0.5482,0.5732,0.5585,0.5535,26568784.05,ADA-USD,6h
2022-06-12 00:00:00,0.4986,0.5606,0.5538,0.5011,62318121.07,ADA-USD,6h
2022-06-12 06:00:00,0.4999,0.5288,0.5007,0.5144,34873777.45,ADA-USD,6h
2022-06-12 12:00:00,0.4967,0.549,0.5146,0.5317,61944228.35,ADA-USD,6h
2022-06-12 18:00:00,0.4885,0.5326,0.5319,0.4899,46285380.63,ADA-USD,6h
2022-06-13 00:00:00,0.4547,0.4983,0.4899,0.4605,109766842.84,ADA-USD,6h
2022-06-13 06:00:00,0.4357,0.4704,0.4606,0.4482,120614637.79,ADA-USD,6h
2022-06-13 12:00:00,0.4414,0.4875,0.4484,0.4707,107299575.0,ADA-USD,6h
2022-06-13 18:00:00,0.4467,0.4945,0.4704,0.4636,83780592.21,ADA-USD,6h
2022-06-14 00:00:00,0.4352,0.4968,0.4635,0.4891,123072874.45,ADA-USD,6h
2022-06-14 06:00:00,0.4796,0.5194,0.4891,0.4924,75171682.4,ADA-USD,6h
2022-06-14 12:00:00,0.478,0.5125,0.4926,0.4845,75057158.61,ADA-USD,6h
2022-06-14 18:00:00,0.46,0.4891,0.4847,0.4828,45636035.99,ADA-USD,6h
2022-06-15 00:00:00,0.4507,0.4897,0.4826,0.4591,46084148.65,ADA-USD,6h
2022-06-15 06:00:00,0.4478,0.4836,0.4593,0.4793,74222912.12,ADA-USD,6h
2022-06-15 12:00:00,0.4674,0.493,0.4794,0.4905,95048065.09,ADA-USD,6h
2022-06-15 18:00:00,0.4626,0.5388,0.4907,0.5343,122974317.34,ADA-USD,6h
2022-06-16 00:00:00,0.5104,0.5466,0.5339,0.5107,41285685.08,ADA-USD,6h
2022-06-16 06:00:00,0.4816,0.514,0.5105,0.4878,30857645.2,ADA-USD,6h
2022-06-16 12:00:00,0.4774,0.504,0.4878,0.4965,52499019.71,ADA-USD,6h
2022-06-16 18:00:00,0.4666,0.5012,0.4963,0.4756,35405314.59,ADA-USD,6h
2022-06-17 00:00:00,0.4708,0.4993,0.4754,0.4936,40010843.61,ADA-USD,6h
2022-06-17 06:00:00,0.4852,0.5032,0.4936,0.4908,30345657.51,ADA-USD,6h
2022-06-17 12:00:00,0.4785,0.4943,0.4908,0.4861,42553403.43,ADA-USD,6h
2022-06-17 18:00:00,0.4804,0.4924,0.4863,0.4868,17586120.56,ADA-USD,6h
2022-06-18 00:00:00,0.4789,0.4947,0.4868,0.484,16015303.84,ADA-USD,6h
2022-06-18 06:00:00,0.45,0.4859,0.4842,0.4655,52641075.6,ADA-USD,6h
2022-06-18 12:00:00,0.446,0.4682,0.4657,0.451,30248306.43,ADA-USD,6h
2022-06-18 18:00:00,0.4201,0.4624,0.4511,0.4544,79138832.92,ADA-USD,6h
2022-06-19 00:00:00,0.4352,0.4607,0.4543,0.4396,38487524.71,ADA-USD,6h
2022-06-19 06:00:00,0.4367,0.4755,0.4393,0.4651,45653847.64,ADA-USD,6h
2022-06-19 12:00:00,0.4564,0.4724,0.4651,0.4577,27061865.8,ADA-USD,6h
2022-06-19 18:00:00,0.4575,0.4895,0.4579,0.484,49159863.83,ADA-USD,6h
2022-06-20 00:00:00,0.4607,0.4877,0.484,0.4696,26110010.66,ADA-USD,6h
2022-06-20 06:00:00,0.4618,0.5088,0.4694,0.5034,39645803.78,ADA-USD,6h
2022-06-20 12:00:00,0.4811,0.506,0.5037,0.4815,39551025.18,ADA-USD,6h
2022-06-20 18:00:00,0.4788,0.4957,0.4813,0.4913,21963709.22,ADA-USD,6h
2022-06-21 00:00:00,0.4831,0.5008,0.491,0.4966,26425085.98,ADA-USD,6h
2022-06-21 06:00:00,0.4921,0.5103,0.4968,0.4943,24565403.56,ADA-USD,6h
2022-06-21 12:00:00,0.4919,0.5105,0.494,0.4932,59605268.52,ADA-USD,6h
2022-06-21 18:00:00,0.4741,0.4954,0.493,0.4808,37109445.61,ADA-USD,6h
2022-06-22 00:00:00,0.4618,0.4809,0.4808,0.4687,22673365.85,ADA-USD,6h
2022-06-22 06:00:00,0.4575,0.4768,0.4686,0.4719,23129046.63,ADA-USD,6h
2022-06-22 12:00:00,0.4633,0.4805,0.472,0.4698,34243544.39,ADA-USD,6h
2022-06-22 18:00:00,0.4556,0.4726,0.4698,0.4589,21420628.02,ADA-USD,6h
2022-06-23 00:00:00,0.456,0.4743,0.459,0.4707,21330910.35,ADA-USD,6h
2022-06-23 06:00:00,0.4676,0.4763,0.4707,0.4729,13854415.6,ADA-USD,6h
2022-06-23 12:00:00,0.463,0.4762,0.4727,0.468,30063550.18,ADA-USD,6h
2022-06-23 18:00:00,0.4657,0.483,0.4679,0.4798,30370905.32,ADA-USD,6h
2022-06-24 00:00:00,0.4757,0.5,0.4799,0.4865,30214875.43,ADA-USD,6h
2022-06-24 06:00:00,0.4851,0.503,0.4864,0.4978,20930493.39,ADA-USD,6h
2022-06-24 12:00:00,0.4866,0.5069,0.4976,0.492,30830999.92,ADA-USD,6h
2022-06-24 18:00:00,0.4908,0.5093,0.4922,0.4979,25728467.43,ADA-USD,6h
2022-06-25 00:00:00,0.4934,0.5034,0.498,0.4998,21814745.32,ADA-USD,6h
2022-06-25 06:00:00,0.496,0.5073,0.4992,0.4966,13454667.5,ADA-USD,6h
2022-06-25 12:00:00,0.4782,0.4982,0.4967,0.4858,26214501.19,ADA-USD,6h
2022-06-25 18:00:00,0.4831,0.5015,0.4858,0.4982,19456689.34,ADA-USD,6h
2022-06-26 00:00:00,0.493,0.5077,0.4981,0.5045,18361458.66,ADA-USD,6h
2022-06-26 06:00:00,0.5014,0.5255,0.5046,0.5207,29442226.12,ADA-USD,6h
2022-06-26 12:00:00,0.4988,0.5252,0.5206,0.5032,24414109.43,ADA-USD,6h
2022-06-26 18:00:00,0.4885,0.5071,0.503,0.4899,28503173.75,ADA-USD,6h
2022-06-27 00:00:00,0.488,0.5032,0.4897,0.4983,15521538.97,ADA-USD,6h
2022-06-27 06:00:00,0.4967,0.5086,0.4984,0.5019,9652121.9,ADA-USD,6h
2022-06-27 12:00:00,0.4825,0.5039,0.502,0.4832,32810239.15,ADA-USD,6h
2022-06-27 18:00:00,0.4755,0.4929,0.4832,0.4853,22525759.3,ADA-USD,6h
2022-06-28 00:00:00,0.4728,0.4881,0.4853,0.4817,22704148.93,ADA-USD,6h
2022-06-28 06:00:00,0.4817,0.4961,0.4817,0.4895,20731138.52,ADA-USD,6h
2022-06-28 12:00:00,0.4749,0.4971,0.4892,0.4777,30919904.53,ADA-USD,6h
2022-06-28 18:00:00,0.4665,0.4786,0.4775,0.469,19828406.56,ADA-USD,6h
2022-06-29 00:00:00,0.4654,0.4767,0.4688,0.4695,19326979.81,ADA-USD,6h
2022-06-29 06:00:00,0.4612,0.4745,0.4693,0.4686,22434108.48,ADA-USD,6h
2022-06-29 12:00:00,0.4583,0.4728,0.4684,0.4645,36201396.79,ADA-USD,6h
2022-06-29 18:00:00,0.4622,0.4737,0.4644,0.4658,21936528.81,ADA-USD,6h
2022-06-30 00:00:00,0.456,0.4672,0.4659,0.4587,18392771.51,ADA-USD,6h
2022-06-30 06:00:00,0.4365,0.4599,0.4584,0.4399,47750295.37,ADA-USD,6h
2022-06-30 12:00:00,0.4343,0.4514,0.4398,0.4469,38757722.46,ADA-USD,6h
2022-06-30 18:00:00,0.4369,0.4614,0.447,0.4598,28836795.59,ADA-USD,6h
2022-07-01 00:00:00,0.4469,0.474,0.46,0.4495,36818722.1,ADA-USD,6h
2022-07-01 06:00:00,0.4433,0.4602,0.4492,0.4452,22270318.98,ADA-USD,6h
2022-07-01 12:00:00,0.4422,0.4534,0.4452,0.4501,30261587.79,ADA-USD,6h
2022-07-01 18:00:00,0.4463,0.4557,0.4501,0.4479,15550155.34,ADA-USD,6h
2022-07-02 00:00:00,0.4435,0.4528,0.4482,0.4456,13482313.29,ADA-USD,6h
2022-07-02 06:00:00,0.44,0.4514,0.4458,0.4498,9053129.73,ADA-USD,6h
2022-07-02 12:00:00,0.4456,0.4536,0.4499,0.4515,11426498.12,ADA-USD,6h
2022-07-02 18:00:00,0.4502,0.4609,0.4515,0.4552,13103447.75,ADA-USD,6h
2022-07-03 00:00:00,0.4442,0.4564,0.4552,0.4457,12538034.45,ADA-USD,6h
2022-07-03 06:00:00,0.4455,0.4512,0.4462,0.4494,8537831.01,ADA-USD,6h
2022-07-03 12:00:00,0.4431,0.4504,0.4494,0.4497,6535926.25,ADA-USD,6h
2022-07-03 18:00:00,0.4484,0.4593,0.4498,0.4555,15039977.26,ADA-USD,6h
2022-07-04 00:00:00,0.4443,0.4564,0.4556,0.4493,13323262.59,ADA-USD,6h
2022-07-04 06:00:00,0.4459,0.469,0.4493,0.4666,10011246.02,ADA-USD,6h
2022-07-04 12:00:00,0.4508,0.4755,0.4666,0.4594,36288292.91,ADA-USD,6h
2022-07-04 18:00:00,0.4563,0.4699,0.4595,0.469,19565969.76,ADA-USD,6h
2022-07-05 00:00:00,0.4609,0.4711,0.4692,0.4679,19149155.9,ADA-USD,6h
2022-07-05 06:00:00,0.45,0.4697,0.4676,0.4512,18857483.25,ADA-USD,6h
2022-07-05 12:00:00,0.4442,0.4515,0.4513,0.4503,25292989.81,ADA-USD,6h
2022-07-05 18:00:00,0.4491,0.4629,0.4503,0.4567,30419188.45,ADA-USD,6h
2022-07-06 00:00:00,0.4465,0.4623,0.4567,0.4565,22044913.3,ADA-USD,6h
2022-07-06 06:00:00,0.4531,0.4612,0.4565,0.4551,11237485.3,ADA-USD,6h
2022-07-06 12:00:00,0.4522,0.4597,0.4551,0.4574,19463462.83,ADA-USD,6h
2022-07-06 18:00:00,0.4549,0.4648,0.4573,0.4619,24010663.9,ADA-USD,6h
2022-07-07 00:00:00,0.4604,0.4688,0.4619,0.4637,17361817.48,ADA-USD,6h
2022-07-07 06:00:00,0.4633,0.4679,0.4636,0.4656,11015622.18,ADA-USD,6h
2022-07-07 12:00:00,0.4615,0.4741,0.4656,0.4706,26773774.68,ADA-USD,6h
2022-07-07 18:00:00,0.4703,0.4824,0.4706,0.4774,28006476.41,ADA-USD,6h
2022-07-08 00:00:00,0.4754,0.4927,0.4775,0.4781,32931712.67,ADA-USD,6h
2022-07-08 06:00:00,0.4643,0.4788,0.478,0.4692,18277831.79,ADA-USD,6h
2022-07-08 12:00:00,0.46,0.4726,0.4692,0.466,28487291.88,ADA-USD,6h
2022-07-08 18:00:00,0.4641,0.4737,0.4661,0.4657,14144126.4,ADA-USD,6h
2022-07-09 00:00:00,0.4648,0.4809,0.4657,0.4784,13275150.94,ADA-USD,6h
2022-07-09 06:00:00,0.4746,0.4845,0.4785,0.4763,14447099.87,ADA-USD,6h
2022-07-09 12:00:00,0.473,0.4847,0.4761,0.4809,15733627.92,ADA-USD,6h
2022-07-09 18:00:00,0.477,0.483,0.4811,0.4777,17711272.83,ADA-USD,6h
2022-07-10 00:00:00,0.467,0.4797,0.4777,0.4715,14015775.43,ADA-USD,6h
2022-07-10 06:00:00,0.4659,0.4741,0.4717,0.4687,6454362.99,ADA-USD,6h
2022-07-10 12:00:00,0.4549,0.4708,0.4686,0.4606,20439635.79,ADA-USD,6h
2022-07-10 18:00:00,0.4581,0.4691,0.4606,0.4622,16713135.36,ADA-USD,6h
2022-07-11 00:00:00,0.4474,0.4626,0.4621,0.4508,17586956.36,ADA-USD,6h
2022-07-11 06:00:00,0.4482,0.4573,0.4507,0.4523,12153176.15,ADA-USD,6h
2022-07-11 12:00:00,0.4391,0.4524,0.4523,0.4483,27447620.25,ADA-USD,6h
2022-07-11 18:00:00,0.4312,0.4567,0.4482,0.4344,27854963.31,ADA-USD,6h
2022-07-12 00:00:00,0.4321,0.442,0.4342,0.437,16846947.3,ADA-USD,6h
2022-07-12 06:00:00,0.4254,0.4372,0.4371,0.4317,16197288.86,ADA-USD,6h
2022-07-12 12:00:00,0.428,0.4367,0.4317,0.4339,25614472.66,ADA-USD,6h
2022-07-12 18:00:00,0.415,0.4343,0.434,0.4165,28021374.65,ADA-USD,6h
2022-07-13 00:00:00,0.415,0.4266,0.4165,0.4231,24355823.29,ADA-USD,6h
2022-07-13 06:00:00,0.422,0.4326,0.423,0.4283,25099541.91,ADA-USD,6h
2022-07-13 12:00:00,0.4019,0.4352,0.4283,0.4259,81063126.88,ADA-USD,6h
2022-07-13 18:00:00,0.4193,0.44,0.4259,0.4382,34650864.75,ADA-USD,6h
2022-07-14 00:00:00,0.4287,0.44,0.4381,0.4304,23107131.84,ADA-USD,6h
2022-07-14 06:00:00,0.4171,0.4304,0.4304,0.4195,21349475.23,ADA-USD,6h
2022-07-14 12:00:00,0.4166,0.4417,0.4194,0.4405,49674394.07,ADA-USD,6h
2022-07-14 18:00:00,0.4359,0.446,0.4407,0.4414,29758637.94,ADA-USD,6h
2022-07-15 00:00:00,0.4364,0.4485,0.4414,0.4435,30059047.45,ADA-USD,6h
2022-07-15 06:00:00,0.4345,0.4448,0.4432,0.4351,23581903.45,ADA-USD,6h
2022-07-15 12:00:00,0.4326,0.4444,0.435,0.436,34130276.89,ADA-USD,6h
2022-07-15 18:00:00,0.4356,0.454,0.4361,0.4419,31274481.11,ADA-USD,6h
2022-07-16 00:00:00,0.4348,0.443,0.4419,0.4365,17658211.13,ADA-USD,6h
2022-07-16 06:00:00,0.4316,0.4372,0.4366,0.4347,7566133.99,ADA-USD,6h
2022-07-16 12:00:00,0.4341,0.4591,0.4348,0.4506,31622871.77,ADA-USD,6h
2022-07-16 18:00:00,0.4461,0.4585,0.4509,0.4579,18020800.7,ADA-USD,6h
2022-07-17 00:00:00,0.4492,0.4624,0.4578,0.4568,18977723.42,ADA-USD,6h
2022-07-17 06:00:00,0.4493,0.4658,0.4567,0.4533,26727946.31,ADA-USD,6h
2022-07-17 12:00:00,0.4417,0.4555,0.4533,0.4443,22800867.2,ADA-USD,6h
2022-07-17 18:00:00,0.4421,0.4546,0.4442,0.4477,17069537.09,ADA-USD,6h
2022-07-18 00:00:00,0.4456,0.4718,0.4477,0.4718,39023517.71,ADA-USD,6h
2022-07-18 06:00:00,0.4691,0.4982,0.4718,0.4886,75189859.93,ADA-USD,6h
2022-07-18 12:00:00,0.477,0.4994,0.4886,0.478,67533012.36,ADA-USD,6h
2022-07-18 18:00:00,0.4674,0.4945,0.4778,0.49,38973781.95,ADA-USD,6h
2022-07-19 00:00:00,0.4735,0.5012,0.4901,0.4834,43638608.81,ADA-USD,6h
2022-07-19 06:00:00,0.4763,0.4932,0.4832,0.4884,24014524.31,ADA-USD,6h
2022-07-19 12:00:00,0.4882,0.5131,0.4884,0.5081,61393140.11,ADA-USD,6h
2022-07-19 18:00:00,0.5039,0.5268,0.5084,0.5151,51656977.68,ADA-USD,6h
2022-07-20 00:00:00,0.5081,0.5357,0.5152,0.5326,43275604.64,ADA-USD,6h
2022-07-20 06:00:00,0.5211,0.5489,0.5327,0.5269,49334415.6,ADA-USD,6h
2022-07-20 12:00:00,0.506,0.5348,0.5268,0.507,48067083.88,ADA-USD,6h
2022-07-20 18:00:00,0.4866,0.5135,0.5071,0.4911,46544648.33,ADA-USD,6h
2022-07-21 00:00:00,0.4764,0.4983,0.4908,0.4869,32763262.19,ADA-USD,6h
2022-07-21 06:00:00,0.4792,0.4937,0.487,0.4835,23482315.92,ADA-USD,6h
2022-07-21 12:00:00,0.4751,0.4964,0.4833,0.4889,45141922.74,ADA-USD,6h
2022-07-21 18:00:00,0.4885,0.5027,0.489,0.4996,24430222.21,ADA-USD,6h
2022-07-22 00:00:00,0.489,0.5056,0.4996,0.4989,15776555.1,ADA-USD,6h
2022-07-22 06:00:00,0.4953,0.5116,0.4989,0.5088,19431416.15,ADA-USD,6h
2022-07-22 12:00:00,0.4885,0.5102,0.5088,0.4919,25087161.22,ADA-USD,6h
2022-07-22 18:00:00,0.4775,0.495,0.4918,0.483,17005885.27,ADA-USD,6h
2022-07-23 00:00:00,0.4787,0.496,0.4832,0.4927,13294637.46,ADA-USD,6h
2022-07-23 06:00:00,0.4759,0.4985,0.4928,0.4763,14281324.03,ADA-USD,6h
2022-07-23 12:00:00,0.4731,0.4863,0.4763,0.4787,20975472.08,ADA-USD,6h
2022-07-23 18:00:00,0.4754,0.5189,0.4786,0.5171,42884412.32,ADA-USD,6h
2022-07-24 00:00:00,0.5093,0.5256,0.5172,0.5155,23159825.73,ADA-USD,6h
2022-07-24 06:00:00,0.5136,0.5366,0.5154,0.5267,20363463.73,ADA-USD,6h
2022-07-24 12:00:00,0.5172,0.531,0.5265,0.5193,16949818.26,ADA-USD,6h
2022-07-24 18:00:00,0.5107,0.5267,0.519,0.512,15688899.75,ADA-USD,6h
2022-07-25 00:00:00,0.489,0.5158,0.5119,0.4963,22542310.26,ADA-USD,6h
2022-07-25 06:00:00,0.4912,0.4983,0.4962,0.4919,11188502.95,ADA-USD,6h
2022-07-25 12:00:00,0.4849,0.4953,0.4919,0.49,17588789.22,ADA-USD,6h
2022-07-25 18:00:00,0.474,0.4974,0.4898,0.4749,33026725.69,ADA-USD,6h
2022-07-26 00:00:00,0.4629,0.4775,0.475,0.4721,31064916.85,ADA-USD,6h
2022-07-26 06:00:00,0.4628,0.4726,0.4719,0.4668,12286338.79,ADA-USD,6h
2022-07-26 12:00:00,0.4508,0.4692,0.4671,0.4562,41183131.79,ADA-USD,6h
2022-07-26 18:00:00,0.451,0.4695,0.4562,0.4683,25076818.64,ADA-USD,6h
2022-07-27 00:00:00,0.4588,0.4698,0.4681,0.4691,12958358.14,ADA-USD,6h
2022-07-27 06:00:00,0.4623,0.4719,0.4693,0.4637,12627358.2,ADA-USD,6h
2022-07-27 12:00:00,0.4624,0.4768,0.4638,0.4678,26408517.71,ADA-USD,6h
2022-07-27 18:00:00,0.4678,0.5124,0.4678,0.5113,78142833.12,ADA-USD,6h
2022-07-28 00:00:00,0.5019,0.5189,0.5113,0.5108,25715483.61,ADA-USD,6h
2022-07-28 06:00:00,0.4956,0.511,0.5109,0.5024,16222671.76,ADA-USD,6h
2022-07-28 12:00:00,0.4885,0.5179,0.5025,0.5164,50160547.29,ADA-USD,6h
2022-07-28 18:00:00,0.5081,0.5242,0.516,0.5129,36405746.51,ADA-USD,6h
2022-07-29 00:00:00,0.5065,0.5391,0.513,0.5333,44348400.33,ADA-USD,6h
2022-07-29 06:00:00,0.5217,0.5455,0.5334,0.5242,37030232.25,ADA-USD,6h
2022-07-29 12:00:00,0.5142,0.538,0.5242,0.52,53852617.58,ADA-USD,6h
2022-07-29 18:00:00,0.5181,0.5361,0.5201,0.5222,28706022.94,ADA-USD,6h
2022-07-30 00:00:00,0.5089,0.5259,0.5222,0.5179,27920907.71,ADA-USD,6h
2022-07-30 06:00:00,0.5155,0.5334,0.5177,0.528,22223373.43,ADA-USD,6h
2022-07-30 12:00:00,0.5264,0.5558,0.528,0.5461,48231227.08,ADA-USD,6h
2022-07-30 18:00:00,0.5202,0.5484,0.5464,0.5267,29084562.48,ADA-USD,6h
2022-07-31 00:00:00,0.5226,0.5346,0.5267,0.5291,17384601.76,ADA-USD,6h
2022-07-31 06:00:00,0.5208,0.5356,0.529,0.5314,11025248.09,ADA-USD,6h
2022-07-31 12:00:00,0.5242,0.538,0.5313,0.5358,16379033.69,ADA-USD,6h
2022-07-31 18:00:00,0.5133,0.5444,0.5358,0.5165,34635790.33,ADA-USD,6h
2022-08-01 00:00:00,0.5146,0.5268,0.5165,0.5187,15968348.89,ADA-USD,6h
2022-08-01 06:00:00,0.5051,0.5208,0.5187,0.5122,12917396.4,ADA-USD,6h
2022-08-01 12:00:00,0.5012,0.5193,0.5123,0.5024,29042755.91,ADA-USD,6h
2022-08-01 18:00:00,0.5008,0.5154,0.502,0.5128,15807335.03,ADA-USD,6h
2022-08-02 00:00:00,0.4889,0.5158,0.5128,0.4939,24910584.74,ADA-USD,6h
2022-08-02 06:00:00,0.4891,0.4998,0.4939,0.497,12068352.59,ADA-USD,6h
2022-08-02 12:00:00,0.4911,0.5099,0.4971,0.5042,24982657.68,ADA-USD,6h
2022-08-02 18:00:00,0.4948,0.5064,0.504,0.4966,14493992.48,ADA-USD,6h
2022-08-03 00:00:00,0.4892,0.507,0.4967,0.5042,14765583.81,ADA-USD,6h
2022-08-03 06:00:00,0.5023,0.5134,0.5041,0.5108,9326449.13,ADA-USD,6h
2022-08-03 12:00:00,0.5057,0.5159,0.5108,0.5132,18412917.57,ADA-USD,6h
2022-08-03 18:00:00,0.4987,0.5172,0.5132,0.5009,14193652.98,ADA-USD,6h
2022-08-04 00:00:00,0.5004,0.5112,0.501,0.5091,8612092.15,ADA-USD,6h
2022-08-04 06:00:00,0.4985,0.5105,0.5092,0.4993,15394946.24,ADA-USD,6h
2022-08-04 12:00:00,0.4937,0.5062,0.4994,0.498,18974473.63,ADA-USD,6h
2022-08-04 18:00:00,0.4938,0.5006,0.498,0.4997,8394630.46,ADA-USD,6h
2022-08-05 00:00:00,0.4992,0.5129,0.4998,0.5125,11082836.45,ADA-USD,6h
2022-08-05 06:00:00,0.5079,0.5175,0.5124,0.5169,10078606.76,ADA-USD,6h
2022-08-05 12:00:00,0.504,0.5194,0.517,0.5069,19452996.24,ADA-USD,6h
2022-08-05 18:00:00,0.5062,0.5184,0.5068,0.5176,12861365.65,ADA-USD,6h
2022-08-06 00:00:00,0.5141,0.5235,0.5176,0.5197,10798369.12,ADA-USD,6h
2022-08-06 06:00:00,0.515,0.5211,0.5197,0.5165,7013847.73,ADA-USD,6h
2022-08-06 12:00:00,0.5113,0.5212,0.5165,0.5156,15486799.65,ADA-USD,6h
2022-08-06 18:00:00,0.5102,0.519,0.5156,0.5114,10452095.94,ADA-USD,6h
2022-08-07 00:00:00,0.5057,0.5177,0.5114,0.516,13768884.34,ADA-USD,6h
2022-08-07 06:00:00,0.5138,0.5187,0.516,0.5169,6676934.22,ADA-USD,6h
2022-08-07 12:00:00,0.5163,0.5218,0.5169,0.5203,11759521.97,ADA-USD,6h
2022-08-07 18:00:00,0.5197,0.538,0.5204,0.5277,23764613.91,ADA-USD,6h
2022-08-08 00:00:00,0.5229,0.5399,0.5277,0.5391,21770518.19,ADA-USD,6h
2022-08-08 06:00:00,0.5379,0.5497,0.5392,0.5466,19430679.82,ADA-USD,6h
2022-08-08 12:00:00,0.5313,0.5475,0.5465,0.5344,27182752.18,ADA-USD,6h
2022-08-08 18:00:00,0.5305,0.5418,0.5342,0.5372,14071379.5,ADA-USD,6h
2022-08-09 00:00:00,0.5279,0.5376,0.5372,0.5349,13397218.74,ADA-USD,6h
2022-08-09 06:00:00,0.5163,0.5358,0.535,0.5177,21465506.24,ADA-USD,6h
2022-08-09 12:00:00,0.5054,0.5228,0.5175,0.5128,28307266.43,ADA-USD,6h
2022-08-09 18:00:00,0.5107,0.5179,0.5125,0.513,10454855.55,ADA-USD,6h
2022-08-10 00:00:00,0.5022,0.5141,0.5131,0.51,21947942.27,ADA-USD,6h
2022-08-10 06:00:00,0.5072,0.5142,0.5101,0.5137,14841044.11,ADA-USD,6h
2022-08-10 12:00:00,0.513,0.539,0.5136,0.534,46821169.31,ADA-USD,6h
2022-08-10 18:00:00,0.5259,0.5378,0.5339,0.5376,18149941.85,ADA-USD,6h
2022-08-11 00:00:00,0.5371,0.5473,0.5377,0.543,29948290.04,ADA-USD,6h
2022-08-11 06:00:00,0.5335,0.5478,0.5433,0.5381,12342880.53,ADA-USD,6h
2022-08-11 12:00:00,0.5351,0.5482,0.5382,0.5396,21823375.22,ADA-USD,6h
2022-08-11 18:00:00,0.5287,0.5396,0.5395,0.5306,16937149.08,ADA-USD,6h
2022-08-12 00:00:00,0.5227,0.5346,0.5306,0.5292,11869883.34,ADA-USD,6h
2022-08-12 06:00:00,0.5209,0.5373,0.5291,0.5235,8989066.65,ADA-USD,6h
2022-08-12 12:00:00,0.5232,0.5342,0.5233,0.531,9473020.05,ADA-USD,6h
2022-08-12 18:00:00,0.5297,0.5425,0.531,0.5407,13180793.38,ADA-USD,6h
2022-08-13 00:00:00,0.5381,0.5535,0.5407,0.5531,19725505.36,ADA-USD,6h
2022-08-13 06:00:00,0.5528,0.5685,0.5531,0.5595,35593073.2,ADA-USD,6h
2022-08-13 12:00:00,0.5523,0.5669,0.5594,0.5591,19826229.91,ADA-USD,6h
2022-08-13 18:00:00,0.5535,0.5662,0.5591,0.5598,16591765.12,ADA-USD,6h
2022-08-14 00:00:00,0.5571,0.595,0.5597,0.5871,52799906.63,ADA-USD,6h
2022-08-14 06:00:00,0.5797,0.592,0.5873,0.5813,16776524.68,ADA-USD,6h
2022-08-14 12:00:00,0.5598,0.5832,0.5812,0.5657,26628672.47,ADA-USD,6h
2022-08-14 18:00:00,0.5626,0.5735,0.5656,0.5701,13757678.04,ADA-USD,6h
2022-08-15 00:00:00,0.5641,0.582,0.5703,0.5689,21806116.81,ADA-USD,6h
2022-08-15 06:00:00,0.5451,0.5696,0.5691,0.5553,22663200.06,ADA-USD,6h
2022-08-15 12:00:00,0.5502,0.5675,0.5551,0.5606,21247641.59,ADA-USD,6h
2022-08-15 18:00:00,0.5429,0.5625,0.5605,0.5501,21383147.86,ADA-USD,6h
2022-08-16 00:00:00,0.5474,0.5648,0.5502,0.5512,13391910.67,ADA-USD,6h
2022-08-16 06:00:00,0.5508,0.5701,0.5511,0.5665,14077135.54,ADA-USD,6h
2022-08-16 12:00:00,0.5497,0.5683,0.5663,0.563,19111984.03,ADA-USD,6h
2022-08-16 18:00:00,0.5539,0.5681,0.5632,0.5571,18838976.77,ADA-USD,6h
2022-08-17 00:00:00,0.554,0.5812,0.5568,0.5776,31741821.95,ADA-USD,6h
2022-08-17 06:00:00,0.5506,0.5828,0.5776,0.5547,30799948.58,ADA-USD,6h
2022-08-17 12:00:00,0.5282,0.555,0.5549,0.5401,46968106.1,ADA-USD,6h
2022-08-17 18:00:00,0.5316,0.5443,0.5398,0.5386,19443782.92,ADA-USD,6h
2022-08-18 00:00:00,0.5321,0.5421,0.5387,0.538,12917188.69,ADA-USD,6h
2022-08-18 06:00:00,0.535,0.5428,0.5379,0.5416,8514449.26,ADA-USD,6h
2022-08-18 12:00:00,0.5258,0.5442,0.5417,0.5267,16595186.67,ADA-USD,6h
2022-08-18 18:00:00,0.5079,0.5318,0.5269,0.5121,26693163.51,ADA-USD,6h
2022-08-19 00:00:00,0.4901,0.5121,0.5121,0.4949,46891076.03,ADA-USD,6h
2022-08-19 06:00:00,0.4574,0.495,0.4949,0.4652,59251272.08,ADA-USD,6h
2022-08-19 12:00:00,0.4575,0.4779,0.4651,0.4686,39926456.14,ADA-USD,6h
2022-08-19 18:00:00,0.4462,0.4707,0.4686,0.4497,69822069.62,ADA-USD,6h
2022-08-20 00:00:00,0.4497,0.4633,0.4499,0.4579,39231172.02,ADA-USD,6h
2022-08-20 06:00:00,0.4567,0.4633,0.4579,0.4598,17718759.78,ADA-USD,6h
2022-08-20 12:00:00,0.4487,0.4598,0.4596,0.4502,24558097.32,ADA-USD,6h
2022-08-20 18:00:00,0.435,0.4537,0.4503,0.4513,37063364.07,ADA-USD,6h
2022-08-21 00:00:00,0.4484,0.456,0.4513,0.4522,17399789.37,ADA-USD,6h
2022-08-21 06:00:00,0.4467,0.4667,0.4521,0.4629,24272946.99,ADA-USD,6h
2022-08-21 12:00:00,0.4548,0.469,0.4628,0.4656,19081238.56,ADA-USD,6h
2022-08-21 18:00:00,0.458,0.4728,0.4657,0.4624,26564058.59,ADA-USD,6h
2022-08-22 00:00:00,0.4537,0.463,0.4626,0.4575,17240750.41,ADA-USD,6h
2022-08-22 06:00:00,0.4373,0.4576,0.4574,0.4478,33118785.25,ADA-USD,6h
2022-08-22 12:00:00,0.4426,0.4557,0.4479,0.4501,30966940.02,ADA-USD,6h
2022-08-22 18:00:00,0.4454,0.4624,0.45,0.4615,21702799.88,ADA-USD,6h
2022-08-23 00:00:00,0.4457,0.4632,0.4615,0.446,11492017.07,ADA-USD,6h
2022-08-23 06:00:00,0.4458,0.4617,0.4459,0.4612,11729322.71,ADA-USD,6h
2022-08-23 12:00:00,0.4563,0.4674,0.4613,0.4571,17884273.18,ADA-USD,6h
2022-08-23 18:00:00,0.4569,0.47,0.457,0.466,14978889.12,ADA-USD,6h
2022-08-24 00:00:00,0.4535,0.4672,0.466,0.4582,15660559.3,ADA-USD,6h
2022-08-24 06:00:00,0.4539,0.4616,0.4582,0.4616,10444008.89,ADA-USD,6h
2022-08-24 12:00:00,0.4575,0.469,0.4613,0.4628,17445014.36,ADA-USD,6h
2022-08-24 18:00:00,0.4566,0.467,0.4628,0.4577,14564638.56,ADA-USD,6h
2022-08-25 00:00:00,0.4573,0.4637,0.4577,0.4616,9806844.48,ADA-USD,6h
2022-08-25 06:00:00,0.4612,0.4695,0.4616,0.465,15179091.81,ADA-USD,6h
2022-08-25 12:00:00,0.4586,0.4677,0.465,0.4652,18538089.43,ADA-USD,6h
2022-08-25 18:00:00,0.4621,0.4741,0.4652,0.4642,26898528.3,ADA-USD,6h
2022-08-26 00:00:00,0.4605,0.4735,0.4642,0.4673,15022167.23,ADA-USD,6h
2022-08-26 06:00:00,0.4625,0.4822,0.4672,0.4649,32266871.92,ADA-USD,6h
2022-08-26 12:00:00,0.4424,0.4801,0.4649,0.4431,75812038.66,ADA-USD,6h
2022-08-26 18:00:00,0.4256,0.4476,0.4429,0.4317,38009098.72,ADA-USD,6h
2022-08-27 00:00:00,0.4261,0.4363,0.4316,0.4314,26388675.2,ADA-USD,6h
2022-08-27 06:00:00,0.4298,0.4478,0.4314,0.4466,23253473.16,ADA-USD,6h
2022-08-27 12:00:00,0.438,0.4515,0.4467,0.4431,30644040.89,ADA-USD,6h
2022-08-27 18:00:00,0.4407,0.4515,0.443,0.45,16059499.86,ADA-USD,6h
2022-08-28 00:00:00,0.4436,0.4546,0.45,0.4471,15719829.66,ADA-USD,6h
2022-08-28 06:00:00,0.4423,0.4515,0.4472,0.4464,9804085.83,ADA-USD,6h
2022-08-28 12:00:00,0.4367,0.449,0.4464,0.4464,17441071.6,ADA-USD,6h
2022-08-28 18:00:00,0.4273,0.4471,0.4463,0.4291,25996254.75,ADA-USD,6h
2022-08-29 00:00:00,0.4239,0.4361,0.4292,0.4304,23561623.23,ADA-USD,6h
2022-08-29 06:00:00,0.4304,0.4362,0.4304,0.4342,13217521.13,ADA-USD,6h
2022-08-29 12:00:00,0.4338,0.4494,0.4342,0.4488,25785721.68,ADA-USD,6h
2022-08-29 18:00:00,0.4452,0.453,0.4488,0.4505,11092632.95,ADA-USD,6h
2022-08-30 00:00:00,0.4458,0.4557,0.4505,0.4518,9587513.8,ADA-USD,6h
2022-08-30 06:00:00,0.4509,0.4631,0.4519,0.4574,14856618.02,ADA-USD,6h
2022-08-30 12:00:00,0.4384,0.4597,0.4574,0.4405,32086161.64,ADA-USD,6h
2022-08-30 18:00:00,0.4393,0.4565,0.4403,0.453,21566612.2,ADA-USD,6h
2022-08-31 00:00:00,0.4531,0.4633,0.4532,0.4616,13922923.0,ADA-USD,6h
2022-08-31 06:00:00,0.4526,0.4634,0.4615,0.4564,12138657.5,ADA-USD,6h
2022-08-31 12:00:00,0.4483,0.463,0.4565,0.4508,16452967.26,ADA-USD,6h
2022-08-31 18:00:00,0.4434,0.4568,0.4507,0.4458,23142030.18,ADA-USD,6h
2022-09-01 00:00:00,0.4413,0.4516,0.4458,0.4489,11100522.58,ADA-USD,6h
2022-09-01 06:00:00,0.4408,0.4503,0.4488,0.4481,7447476.34,ADA-USD,6h
2022-09-01 12:00:00,0.4413,0.4622,0.4482,0.4502,26156309.3,ADA-USD,6h
2022-09-01 18:00:00,0.4495,0.459,0.4501,0.4576,12750825.31,ADA-USD,6h
2022-09-02 00:00:00,0.4532,0.4602,0.4577,0.4564,9298492.19,ADA-USD,6h
2022-09-02 06:00:00,0.4531,0.4599,0.4565,0.4555,8784964.13,ADA-USD,6h
2022-09-02 12:00:00,0.4536,0.4667,0.4555,0.4552,25645384.33,ADA-USD,6h
2022-09-02 18:00:00,0.4489,0.4576,0.4551,0.4544,12286112.52,ADA-USD,6h
2022-09-03 00:00:00,0.4534,0.4781,0.4544,0.4724,20638607.11,ADA-USD,6h
2022-09-03 06:00:00,0.4619,0.4728,0.4724,0.4721,18185824.17,ADA-USD,6h
2022-09-03 12:00:00,0.4688,0.486,0.472,0.4831,29674211.83,ADA-USD,6h
2022-09-03 18:00:00,0.477,0.4852,0.4831,0.4804,15640820.45,ADA-USD,6h
2022-09-04 00:00:00,0.4757,0.5,0.4802,0.4918,30116334.71,ADA-USD,6h
2022-09-04 06:00:00,0.49,0.51,0.4918,0.5055,23482513.06,ADA-USD,6h
2022-09-04 12:00:00,0.4949,0.5074,0.5054,0.5037,15220652.33,ADA-USD,6h
2022-09-04 18:00:00,0.4965,0.5044,0.5038,0.5035,15175745.39,ADA-USD,6h
2022-09-05 00:00:00,0.4886,0.5074,0.5032,0.4916,15208486.59,ADA-USD,6h
2022-09-05 06:00:00,0.4823,0.4939,0.4914,0.4868,8774051.45,ADA-USD,6h
2022-09-05 12:00:00,0.4849,0.4945,0.4868,0.4918,12132171.01,ADA-USD,6h
2022-09-05 18:00:00,0.487,0.5009,0.4918,0.4987,11166441.43,ADA-USD,6h
2022-09-06 00:00:00,0.4873,0.5104,0.4986,0.5063,27633914.46,ADA-USD,6h
2022-09-06 06:00:00,0.4963,0.512,0.5063,0.5006,13744056.38,ADA-USD,6h
2022-09-06 12:00:00,0.4653,0.5019,0.5008,0.472,34739451.43,ADA-USD,6h
2022-09-06 18:00:00,0.4598,0.472,0.472,0.4626,30388172.03,ADA-USD,6h
2022-09-07 00:00:00,0.4537,0.4641,0.4625,0.461,18752004.58,ADA-USD,6h
2022-09-07 06:00:00,0.4601,0.4661,0.461,0.4617,9921950.2,ADA-USD,6h
2022-09-07 12:00:00,0.4571,0.4726,0.4618,0.471,20223694.26,ADA-USD,6h
2022-09-07 18:00:00,0.4698,0.4821,0.471,0.4788,23010411.33,ADA-USD,6h
2022-09-08 00:00:00,0.4729,0.4808,0.4786,0.474,15565762.89,ADA-USD,6h
2022-09-08 06:00:00,0.4662,0.4777,0.474,0.4717,9536867.92,ADA-USD,6h
2022-09-08 12:00:00,0.4625,0.4757,0.4717,0.4711,18590804.81,ADA-USD,6h
2022-09-08 18:00:00,0.4706,0.4834,0.4711,0.479,14345281.18,ADA-USD,6h
2022-09-09 00:00:00,0.4783,0.4943,0.4791,0.491,17920997.75,ADA-USD,6h
2022-09-09 06:00:00,0.4889,0.4986,0.4909,0.4955,16874506.6,ADA-USD,6h
2022-09-09 12:00:00,0.4875,0.5049,0.4954,0.4899,26510481.2,ADA-USD,6h
2022-09-09 18:00:00,0.4888,0.5038,0.49,0.5022,17221574.13,ADA-USD,6h
2022-09-10 00:00:00,0.4947,0.5243,0.5022,0.515,48742550.86,ADA-USD,6h
2022-09-10 06:00:00,0.5058,0.5194,0.515,0.5146,15973027.75,ADA-USD,6h
2022-09-10 12:00:00,0.5088,0.522,0.5145,0.5105,19471457.31,ADA-USD,6h
2022-09-10 18:00:00,0.5078,0.5169,0.5103,0.5124,15245557.52,ADA-USD,6h
2022-09-11 00:00:00,0.5101,0.5182,0.5124,0.5135,13549990.71,ADA-USD,6h
2022-09-11 06:00:00,0.5018,0.5192,0.5135,0.5164,23174595.59,ADA-USD,6h
2022-09-11 12:00:00,0.5081,0.5203,0.5165,0.5113,21114429.37,ADA-USD,6h
2022-09-11 18:00:00,0.5,0.515,0.5113,0.5101,15251798.9,ADA-USD,6h
2022-09-12 00:00:00,0.499,0.5166,0.5101,0.5059,22137621.83,ADA-USD,6h
2022-09-12 06:00:00,0.5045,0.5185,0.5056,0.5158,20376231.37,ADA-USD,6h
2022-09-12 12:00:00,0.496,0.5203,0.5158,0.5079,34622726.87,ADA-USD,6h
2022-09-12 18:00:00,0.5002,0.5111,0.508,0.5014,16494768.44,ADA-USD,6h
2022-09-13 00:00:00,0.4915,0.5019,0.5016,0.5002,17373954.63,ADA-USD,6h
2022-09-13 06:00:00,0.499,0.5066,0.5005,0.5046,10722477.61,ADA-USD,6h
2022-09-13 12:00:00,0.4632,0.5094,0.5045,0.4758,46121149.28,ADA-USD,6h
2022-09-13 18:00:00,0.4615,0.4766,0.4756,0.4637,23362465.84,ADA-USD,6h
2022-09-14 00:00:00,0.462,0.4758,0.4636,0.4736,14810950.09,ADA-USD,6h
2022-09-14 06:00:00,0.4685,0.4764,0.4736,0.4722,9911369.83,ADA-USD,6h
2022-09-14 12:00:00,0.4685,0.4872,0.4724,0.4797,18728931.41,ADA-USD,6h
2022-09-14 18:00:00,0.4727,0.4839,0.4798,0.481,14313629.73,ADA-USD,6h
2022-09-15 00:00:00,0.4658,0.4812,0.4807,0.4724,14462527.33,ADA-USD,6h
2022-09-15 06:00:00,0.4645,0.4821,0.4723,0.4746,15626427.9,ADA-USD,6h
2022-09-15 12:00:00,0.4618,0.479,0.4748,0.4688,19343794.56,ADA-USD,6h
2022-09-15 18:00:00,0.462,0.4701,0.4688,0.466,9325472.26,ADA-USD,6h
2022-09-16 00:00:00,0.4614,0.4703,0.4661,0.4679,9179218.35,ADA-USD,6h
2022-09-16 06:00:00,0.4568,0.4688,0.4678,0.4648,7588427.45,ADA-USD,6h
2022-09-16 12:00:00,0.4541,0.4652,0.4649,0.4583,13736180.14,ADA-USD,6h
2022-09-16 18:00:00,0.4566,0.4748,0.4582,0.4748,8923871.47,ADA-USD,6h
2022-09-17 00:00:00,0.4724,0.4833,0.4746,0.4742,12165346.55,ADA-USD,6h
2022-09-17 06:00:00,0.4731,0.4774,0.4742,0.4768,3773810.67,ADA-USD,6h
2022-09-17 12:00:00,0.474,0.4868,0.4767,0.4828,9969876.43,ADA-USD,6h
2022-09-17 18:00:00,0.4797,0.4884,0.4826,0.486,6607576.18,ADA-USD,6h
2022-09-18 00:00:00,0.4806,0.4863,0.486,0.4839,7787858.01,ADA-USD,6h
2022-09-18 06:00:00,0.4743,0.4901,0.4838,0.4778,8546230.38,ADA-USD,6h
2022-09-18 12:00:00,0.4628,0.479,0.4778,0.4644,18135466.24,ADA-USD,6h
2022-09-18 18:00:00,0.4413,0.4684,0.4643,0.4478,28361012.08,ADA-USD,6h
2022-09-19 00:00:00,0.4338,0.4515,0.4477,0.4388,29721250.41,ADA-USD,6h
2022-09-19 06:00:00,0.4329,0.444,0.4389,0.4401,13825703.69,ADA-USD,6h
2022-09-19 12:00:00,0.4385,0.4531,0.4401,0.4463,14526941.06,ADA-USD,6h
2022-09-19 18:00:00,0.4453,0.4571,0.4461,0.4526,11568096.69,ADA-USD,6h
2022-09-20 00:00:00,0.4439,0.4545,0.4525,0.448,9711703.87,ADA-USD,6h
2022-09-20 06:00:00,0.4428,0.4517,0.4481,0.4445,7668206.71,ADA-USD,6h
2022-09-20 12:00:00,0.4374,0.4489,0.4444,0.441,25545667.45,ADA-USD,6h
2022-09-20 18:00:00,0.4375,0.4449,0.4412,0.4423,12168776.95,ADA-USD,6h
2022-09-21 00:00:00,0.4412,0.4635,0.4423,0.4502,31882174.99,ADA-USD,6h
2022-09-21 06:00:00,0.4414,0.453,0.4501,0.452,15941561.5,ADA-USD,6h
2022-09-21 12:00:00,0.4423,0.4542,0.4519,0.4525,20217631.98,ADA-USD,6h
2022-09-21 18:00:00,0.4254,0.4643,0.4522,0.4389,67321328.54,ADA-USD,6h
2022-09-22 00:00:00,0.4345,0.4455,0.4387,0.4428,17227234.15,ADA-USD,6h
2022-09-22 06:00:00,0.4417,0.4575,0.4427,0.4563,15755629.93,ADA-USD,6h
2022-09-22 12:00:00,0.4444,0.4595,0.4561,0.4542,22259746.35,ADA-USD,6h
2022-09-22 18:00:00,0.4529,0.4665,0.454,0.4583,22239946.34,ADA-USD,6h
2022-09-23 00:00:00,0.453,0.4823,0.4583,0.4694,29173004.14,ADA-USD,6h
2022-09-23 06:00:00,0.4514,0.4711,0.4693,0.4542,19886210.53,ADA-USD,6h
2022-09-23 12:00:00,0.4459,0.4604,0.4542,0.4517,23533420.94,ADA-USD,6h
2022-09-23 18:00:00,0.4471,0.4666,0.4515,0.4617,19716668.68,ADA-USD,6h
2022-09-24 00:00:00,0.4585,0.4665,0.4618,0.4641,11556130.3,ADA-USD,6h
2022-09-24 06:00:00,0.4557,0.4648,0.4642,0.4613,6943940.69,ADA-USD,6h
2022-09-24 12:00:00,0.4595,0.4688,0.4614,0.4614,11958239.0,ADA-USD,6h
2022-09-24 18:00:00,0.4503,0.4626,0.4612,0.4511,15378978.37,ADA-USD,6h
2022-09-25 00:00:00,0.4507,0.4571,0.4511,0.4555,7845932.59,ADA-USD,6h
2022-09-25 06:00:00,0.4541,0.4611,0.4556,0.4591,8900355.14,ADA-USD,6h
2022-09-25 12:00:00,0.4441,0.4628,0.459,0.4498,14317404.68,ADA-USD,6h
2022-09-25 18:00:00,0.4385,0.452,0.4497,0.4463,14148792.46,ADA-USD,6h
2022-09-26 00:00:00,0.4396,0.4496,0.4462,0.441,16089531.3,ADA-USD,6h
2022-09-26 06:00:00,0.4366,0.4508,0.4407,0.4408,18226907.05,ADA-USD,6h
2022-09-26 12:00:00,0.4385,0.4489,0.4409,0.4457,16569136.92,ADA-USD,6h
2022-09-26 18:00:00,0.4433,0.4484,0.4456,0.4471,9882008.61,ADA-USD,6h
2022-09-27 00:00:00,0.4462,0.4617,0.4471,0.4592,18832912.86,ADA-USD,6h
2022-09-27 06:00:00,0.4529,0.4631,0.4592,0.4543,10501481.38,ADA-USD,6h
2022-09-27 12:00:00,0.4375,0.4599,0.4543,0.4396,24860392.52,ADA-USD,6h
2022-09-27 18:00:00,0.4373,0.4437,0.4394,0.4412,12248627.66,ADA-USD,6h
2022-09-28 00:00:00,0.425,0.4432,0.4412,0.4323,20133134.57,ADA-USD,6h
2022-09-28 06:00:00,0.4253,0.4347,0.432,0.4322,11900524.72,ADA-USD,6h
2022-09-28 12:00:00,0.4301,0.4386,0.4324,0.4351,14878598.55,ADA-USD,6h
2022-09-28 18:00:00,0.4345,0.4409,0.4351,0.4362,14313041.42,ADA-USD,6h
2022-09-29 00:00:00,0.4333,0.4392,0.4361,0.4339,11562372.23,ADA-USD,6h
2022-09-29 06:00:00,0.4295,0.4383,0.4339,0.4349,8754170.68,ADA-USD,6h
2022-09-29 12:00:00,0.4277,0.4371,0.4349,0.4308,16216174.39,ADA-USD,6h
2022-09-29 18:00:00,0.4303,0.4387,0.4309,0.4381,10539219.82,ADA-USD,6h
2022-09-30 00:00:00,0.4353,0.4411,0.4382,0.4368,10541820.83,ADA-USD,6h
2022-09-30 06:00:00,0.432,0.4387,0.4368,0.4331,7838697.45,ADA-USD,6h
2022-09-30 12:00:00,0.4295,0.4414,0.4329,0.4331,21850664.31,ADA-USD,6h
2022-09-30 18:00:00,0.4293,0.4368,0.4329,0.4348,13524876.71,ADA-USD,6h
2022-10-01 00:00:00,0.4317,0.4365,0.4348,0.4331,6748176.88,ADA-USD,6h
2022-10-01 06:00:00,0.4305,0.435,0.433,0.4325,5464662.62,ADA-USD,6h
2022-10-01 12:00:00,0.4277,0.4326,0.4324,0.43,8920664.75,ADA-USD,6h
2022-10-01 18:00:00,0.4282,0.4321,0.4299,0.4302,5515866.8,ADA-USD,6h
2022-10-02 00:00:00,0.4296,0.4328,0.4302,0.4306,4601563.99,ADA-USD,6h
2022-10-02 06:00:00,0.4197,0.4319,0.4305,0.4243,9735393.21,ADA-USD,6h
2022-10-02 12:00:00,0.4204,0.4265,0.4242,0.4253,7806183.59,ADA-USD,6h
2022-10-02 18:00:00,0.4178,0.4293,0.4254,0.4196,13710118.24,ADA-USD,6h
2022-10-03 00:00:00,0.4158,0.4244,0.4196,0.4225,11271344.15,ADA-USD,6h
2022-10-03 06:00:00,0.4203,0.4239,0.4225,0.4222,6900950.27,ADA-USD,6h
2022-10-03 12:00:00,0.4204,0.4292,0.4221,0.4275,17442227.72,ADA-USD,6h
2022-10-03 18:00:00,0.4245,0.4288,0.4275,0.4276,13747052.93,ADA-USD,6h
2022-10-04 00:00:00,0.4254,0.4294,0.4276,0.4265,9892728.61,ADA-USD,6h
2022-10-04 06:00:00,0.4263,0.4354,0.4265,0.4318,11610278.64,ADA-USD,6h
2022-10-04 12:00:00,0.4301,0.4349,0.4318,0.4322,14503551.24,ADA-USD,6h
2022-10-04 18:00:00,0.4319,0.4379,0.4323,0.4357,16111585.64,ADA-USD,6h
2022-10-05 00:00:00,0.4308,0.4367,0.4356,0.4331,9948358.47,ADA-USD,6h
2022-10-05 06:00:00,0.4262,0.4342,0.4331,0.4273,10393523.14,ADA-USD,6h
2022-10-05 12:00:00,0.4235,0.4334,0.4273,0.4295,15710674.49,ADA-USD,6h
2022-10-05 18:00:00,0.4283,0.4342,0.4295,0.431,17251071.39,ADA-USD,6h
2022-10-06 00:00:00,0.431,0.4371,0.431,0.4349,14721305.75,ADA-USD,6h
2022-10-06 06:00:00,0.4283,0.4348,0.4348,0.4322,10268867.6,ADA-USD,6h
2022-10-06 12:00:00,0.427,0.4337,0.4321,0.4298,15545132.0,ADA-USD,6h
2022-10-06 18:00:00,0.4256,0.4306,0.4298,0.4287,12801545.92,ADA-USD,6h
2022-10-07 00:00:00,0.4265,0.4305,0.4287,0.4281,7253420.6,ADA-USD,6h
2022-10-07 06:00:00,0.4258,0.4292,0.4281,0.428,7635361.92,ADA-USD,6h
2022-10-07 12:00:00,0.4216,0.4281,0.428,0.4232,20852060.7,ADA-USD,6h
2022-10-07 18:00:00,0.4229,0.4257,0.4231,0.424,8639447.04,ADA-USD,6h
2022-10-08 00:00:00,0.4236,0.426,0.4241,0.425,7099131.21,ADA-USD,6h
2022-10-08 06:00:00,0.4243,0.427,0.425,0.4251,6222932.8,ADA-USD,6h
2022-10-08 12:00:00,0.4236,0.4264,0.4251,0.4257,4975606.98,ADA-USD,6h
2022-10-08 18:00:00,0.4193,0.4261,0.4256,0.4221,9571521.02,ADA-USD,6h
2022-10-09 00:00:00,0.4191,0.4223,0.422,0.4219,5379216.73,ADA-USD,6h
2022-10-09 06:00:00,0.4211,0.4235,0.4218,0.4232,6128905.82,ADA-USD,6h
2022-10-09 12:00:00,0.4225,0.4242,0.4233,0.4231,5467259.07,ADA-USD,6h
2022-10-09 18:00:00,0.4208,0.424,0.4231,0.423,8128096.57,ADA-USD,6h
2022-10-10 00:00:00,0.4217,0.4268,0.423,0.422,7234238.35,ADA-USD,6h
2022-10-10 06:00:00,0.4122,0.4226,0.422,0.4162,15893269.53,ADA-USD,6h
2022-10-10 12:00:00,0.4125,0.4182,0.4163,0.4158,16568284.31,ADA-USD,6h
2022-10-10 18:00:00,0.3989,0.416,0.4158,0.4012,25458875.2,ADA-USD,6h
2022-10-11 00:00:00,0.3838,0.4013,0.401,0.3962,42790535.64,ADA-USD,6h
2022-10-11 06:00:00,0.3943,0.399,0.3963,0.3989,12524575.7,ADA-USD,6h
2022-10-11 12:00:00,0.3934,0.4014,0.3989,0.3989,26103105.48,ADA-USD,6h
2022-10-11 18:00:00,0.3882,0.3994,0.3989,0.3906,20361756.07,ADA-USD,6h
2022-10-12 00:00:00,0.3897,0.3945,0.3906,0.3926,11233047.85,ADA-USD,6h
2022-10-12 06:00:00,0.3925,0.3955,0.3925,0.3928,6849692.3,ADA-USD,6h
2022-10-12 12:00:00,0.3853,0.3931,0.3928,0.3865,18069767.0,ADA-USD,6h
2022-10-12 18:00:00,0.376,0.3888,0.3867,0.3813,21570216.21,ADA-USD,6h
2022-10-13 00:00:00,0.3707,0.3822,0.3812,0.3731,23972150.43,ADA-USD,6h
2022-10-13 06:00:00,0.35,0.3733,0.3731,0.3613,61412527.21,ADA-USD,6h
2022-10-13 12:00:00,0.3522,0.3804,0.3612,0.3747,62934642.88,ADA-USD,6h
2022-10-13 18:00:00,0.3709,0.3824,0.3747,0.3769,35124096.9,ADA-USD,6h
2022-10-14 00:00:00,0.3759,0.3891,0.3768,0.3854,21531072.35,ADA-USD,6h
2022-10-14 06:00:00,0.3789,0.3859,0.3853,0.3791,12329954.38,ADA-USD,6h
2022-10-14 12:00:00,0.3679,0.384,0.3791,0.3708,27888397.77,ADA-USD,6h
2022-10-14 18:00:00,0.3607,0.3709,0.3709,0.3667,17987741.04,ADA-USD,6h
2022-10-15 00:00:00,0.3655,0.3701,0.3667,0.3693,13378991.53,ADA-USD,6h
2022-10-15 06:00:00,0.3623,0.3696,0.3693,0.3681,13669788.32,ADA-USD,6h
2022-10-15 12:00:00,0.3639,0.3693,0.3681,0.3651,15052240.53,ADA-USD,6h
2022-10-15 18:00:00,0.3613,0.3674,0.365,0.3641,13034667.7,ADA-USD,6h
2022-10-16 00:00:00,0.3638,0.3681,0.3642,0.3667,7860671.06,ADA-USD,6h
2022-10-16 06:00:00,0.3654,0.3696,0.3667,0.3676,6907029.16,ADA-USD,6h
2022-10-16 12:00:00,0.3644,0.3676,0.3675,0.3652,9285575.4,ADA-USD,6h
2022-10-16 18:00:00,0.3643,0.3749,0.3653,0.3704,13382743.6,ADA-USD,6h
2022-10-17 00:00:00,0.3661,0.3716,0.3703,0.3685,6081448.33,ADA-USD,6h
2022-10-17 06:00:00,0.3666,0.3725,0.3685,0.3717,6837497.06,ADA-USD,6h
2022-10-17 12:00:00,0.37,0.376,0.3716,0.3738,11559786.96,ADA-USD,6h
2022-10-17 18:00:00,0.3695,0.374,0.3737,0.3726,11173876.73,ADA-USD,6h
2022-10-18 00:00:00,0.3665,0.3744,0.3726,0.3706,11119258.77,ADA-USD,6h
2022-10-18 06:00:00,0.3637,0.3723,0.3706,0.3683,10135015.25,ADA-USD,6h
2022-10-18 12:00:00,0.363,0.3699,0.3684,0.3655,13756440.83,ADA-USD,6h
2022-10-18 18:00:00,0.3572,0.366,0.3655,0.3625,14924214.87,ADA-USD,6h
2022-10-19 00:00:00,0.3558,0.3625,0.3625,0.3575,12950491.43,ADA-USD,6h
2022-10-19 06:00:00,0.3526,0.3594,0.3574,0.3556,10425204.57,ADA-USD,6h
2022-10-19 12:00:00,0.3534,0.3585,0.3556,0.3577,13183692.48,ADA-USD,6h
2022-10-19 18:00:00,0.3472,0.3591,0.3576,0.3498,17118819.13,ADA-USD,6h
2022-10-20 00:00:00,0.3471,0.3558,0.3498,0.355,11095203.25,ADA-USD,6h
2022-10-20 06:00:00,0.3518,0.3554,0.355,0.3532,10338761.31,ADA-USD,6h
2022-10-20 12:00:00,0.3475,0.3557,0.3532,0.3478,12829664.83,ADA-USD,6h
2022-10-20 18:00:00,0.3363,0.3479,0.3479,0.3401,26795375.82,ADA-USD,6h
2022-10-21 00:00:00,0.3343,0.3415,0.3401,0.34,15628028.99,ADA-USD,6h
2022-10-21 06:00:00,0.3323,0.3412,0.3401,0.3343,18883308.16,ADA-USD,6h
2022-10-21 12:00:00,0.33,0.3471,0.3344,0.3445,28095588.09,ADA-USD,6h
2022-10-21 18:00:00,0.3439,0.3499,0.3444,0.3492,10758188.93,ADA-USD,6h
2022-10-22 00:00:00,0.343,0.3522,0.3491,0.3455,10840175.82,ADA-USD,6h
2022-10-22 06:00:00,0.3453,0.3539,0.3454,0.3513,8863493.21,ADA-USD,6h
2022-10-22 12:00:00,0.3476,0.353,0.3513,0.3499,8945690.0,ADA-USD,6h
2022-10-22 18:00:00,0.3482,0.3546,0.35,0.3514,8753863.51,ADA-USD,6h
2022-10-23 00:00:00,0.3499,0.3568,0.3515,0.3534,16199291.91,ADA-USD,6h
2022-10-23 06:00:00,0.346,0.3547,0.3533,0.347,8402926.42,ADA-USD,6h
2022-10-23 12:00:00,0.3461,0.3548,0.347,0.3546,8213051.96,ADA-USD,6h
2022-10-23 18:00:00,0.3529,0.3639,0.3546,0.3621,15370524.13,ADA-USD,6h
2022-10-24 00:00:00,0.3548,0.365,0.3621,0.3576,10450913.47,ADA-USD,6h
2022-10-24 06:00:00,0.3574,0.3652,0.3575,0.3637,10534755.75,ADA-USD,6h
2022-10-24 12:00:00,0.3533,0.364,0.3637,0.3581,14401328.13,ADA-USD,6h
2022-10-24 18:00:00,0.357,0.3621,0.3581,0.3574,10443795.86,ADA-USD,6h
2022-10-25 00:00:00,0.3574,0.3632,0.3574,0.3622,10145306.79,ADA-USD,6h
2022-10-25 06:00:00,0.3569,0.3627,0.3622,0.3609,7265217.75,ADA-USD,6h
2022-10-25 12:00:00,0.3606,0.43,0.3611,0.4136,95539417.18,ADA-USD,6h
2022-10-25 18:00:00,0.3996,0.42,0.4131,0.4001,63426836.82,ADA-USD,6h
2022-10-26 00:00:00,0.3946,0.4047,0.4002,0.4047,21605714.6,ADA-USD,6h
2022-10-26 06:00:00,0.3984,0.4109,0.4047,0.4052,21795337.56,ADA-USD,6h
2022-10-26 12:00:00,0.3975,0.4122,0.4051,0.4049,28638089.46,ADA-USD,6h
2022-10-26 18:00:00,0.4001,0.4061,0.405,0.403,13985033.16,ADA-USD,6h
2022-10-27 00:00:00,0.4023,0.419,0.4031,0.4116,26380879.23,ADA-USD,6h
2022-10-27 06:00:00,0.4029,0.4127,0.4116,0.4041,20112567.58,ADA-USD,6h
2022-10-27 12:00:00,0.3967,0.4092,0.4042,0.4001,26748183.25,ADA-USD,6h
2022-10-27 18:00:00,0.3863,0.4038,0.4001,0.3883,27132814.17,ADA-USD,6h
2022-10-28 00:00:00,0.3808,0.3899,0.3883,0.3865,18499913.06,ADA-USD,6h
2022-10-28 06:00:00,0.3789,0.3872,0.3864,0.3827,13522613.55,ADA-USD,6h
2022-10-28 12:00:00,0.378,0.4071,0.3828,0.401,34075185.13,ADA-USD,6h
2022-10-28 18:00:00,0.4007,0.4115,0.401,0.4046,21704302.66,ADA-USD,6h
2022-10-29 00:00:00,0.4015,0.4093,0.4045,0.4066,15777507.12,ADA-USD,6h
2022-10-29 06:00:00,0.4028,0.4133,0.4066,0.405,16801186.66,ADA-USD,6h
2022-10-29 12:00:00,0.4011,0.44,0.405,0.4228,44897576.71,ADA-USD,6h
2022-10-29 18:00:00,0.4129,0.4268,0.4229,0.4203,25597655.03,ADA-USD,6h
2022-10-30 00:00:00,0.4132,0.4211,0.4203,0.418,13319989.71,ADA-USD,6h
2022-10-30 06:00:00,0.4101,0.4217,0.4179,0.4135,23497716.15,ADA-USD,6h
2022-10-30 12:00:00,0.4012,0.4146,0.4134,0.405,26444071.62,ADA-USD,6h
2022-10-30 18:00:00,0.3983,0.41,0.4049,0.4058,16776244.35,ADA-USD,6h
2022-10-31 00:00:00,0.3977,0.4101,0.4058,0.4025,18974607.39,ADA-USD,6h
2022-10-31 06:00:00,0.3976,0.4164,0.4026,0.4126,23949019.61,ADA-USD,6h
2022-10-31 12:00:00,0.398,0.414,0.4127,0.404,32368063.64,ADA-USD,6h
2022-10-31 18:00:00,0.4016,0.4074,0.404,0.4056,16835192.14,ADA-USD,6h
2022-11-01 00:00:00,0.4039,0.4102,0.4056,0.4072,13593568.94,ADA-USD,6h
2022-11-01 06:00:00,0.4063,0.415,0.4073,0.4103,18112566.81,ADA-USD,6h
2022-11-01 12:00:00,0.3985,0.4105,0.4102,0.4041,24280817.53,ADA-USD,6h
2022-11-01 18:00:00,0.3992,0.4045,0.4041,0.4012,12275351.61,ADA-USD,6h
2022-11-02 00:00:00,0.3955,0.4016,0.4013,0.3987,21185638.01,ADA-USD,6h
2022-11-02 06:00:00,0.3875,0.4006,0.3987,0.3926,25389514.21,ADA-USD,6h
2022-11-02 12:00:00,0.3908,0.3975,0.3926,0.3953,17060803.8,ADA-USD,6h
2022-11-02 18:00:00,0.38,0.4119,0.3951,0.3857,59170654.23,ADA-USD,6h
2022-11-03 00:00:00,0.3842,0.3988,0.3858,0.3977,16868091.64,ADA-USD,6h
2022-11-03 06:00:00,0.3892,0.3991,0.3977,0.3912,14266431.47,ADA-USD,6h
2022-11-03 12:00:00,0.3876,0.3971,0.3911,0.3945,21191694.16,ADA-USD,6h
2022-11-03 18:00:00,0.3881,0.3968,0.3945,0.3895,15013356.0,ADA-USD,6h
2022-11-04 00:00:00,0.3881,0.4086,0.3894,0.4086,39791844.13,ADA-USD,6h
2022-11-04 06:00:00,0.404,0.4148,0.4085,0.4052,28271830.19,ADA-USD,6h
2022-11-04 12:00:00,0.401,0.4217,0.4052,0.4151,40102128.51,ADA-USD,6h
2022-11-04 18:00:00,0.4143,0.4264,0.4151,0.4217,25040145.03,ADA-USD,6h
2022-11-05 00:00:00,0.4201,0.4355,0.4217,0.4275,27745214.99,ADA-USD,6h
2022-11-05 06:00:00,0.4222,0.4311,0.4276,0.4286,18582111.08,ADA-USD,6h
2022-11-05 12:00:00,0.421,0.4377,0.4285,0.4315,25846440.79,ADA-USD,6h
2022-11-05 18:00:00,0.4224,0.4324,0.4314,0.4265,19296786.51,ADA-USD,6h
2022-11-06 00:00:00,0.4175,0.4311,0.4264,0.4203,18736809.52,ADA-USD,6h
2022-11-06 06:00:00,0.4193,0.4253,0.4202,0.422,9659152.67,ADA-USD,6h
2022-11-06 12:00:00,0.4198,0.4268,0.4221,0.4231,18088194.92,ADA-USD,6h
2022-11-06 18:00:00,0.4016,0.4233,0.4232,0.4022,24944192.8,ADA-USD,6h
2022-11-07 00:00:00,0.401,0.4106,0.4021,0.4075,20697953.18,ADA-USD,6h
2022-11-07 06:00:00,0.3976,0.409,0.4074,0.4081,17037823.43,ADA-USD,6h
2022-11-07 12:00:00,0.4044,0.4128,0.408,0.4076,21483511.53,ADA-USD,6h
2022-11-07 18:00:00,0.3982,0.4162,0.4077,0.4042,24674726.66,ADA-USD,6h
2022-11-08 00:00:00,0.3723,0.4061,0.4042,0.3801,43919997.5,ADA-USD,6h
2022-11-08 06:00:00,0.3757,0.3884,0.38,0.3839,26630418.41,ADA-USD,6h
2022-11-08 12:00:00,0.383,0.4154,0.3839,0.39,55441673.63,ADA-USD,6h
2022-11-08 18:00:00,0.3469,0.3936,0.3898,0.3723,98698798.34,ADA-USD,6h
2022-11-09 00:00:00,0.355,0.3756,0.3721,0.3677,48826383.29,ADA-USD,6h
2022-11-09 06:00:00,0.3435,0.3763,0.3676,0.3584,51306765.82,ADA-USD,6h
2022-11-09 12:00:00,0.3452,0.3667,0.3586,0.3472,59523568.17,ADA-USD,6h
2022-11-09 18:00:00,0.31,0.3486,0.3471,0.3178,86075610.89,ADA-USD,6h
2022-11-10 00:00:00,0.3114,0.354,0.3178,0.3503,62729842.14,ADA-USD,6h
2022-11-10 06:00:00,0.3403,0.3576,0.3502,0.3439,38559427.62,ADA-USD,6h
2022-11-10 12:00:00,0.3422,0.3774,0.3436,0.3595,43055680.67,ADA-USD,6h
2022-11-10 18:00:00,0.3592,0.3727,0.3595,0.3677,26995874.03,ADA-USD,6h
2022-11-11 00:00:00,0.3541,0.3731,0.3678,0.3611,22440242.67,ADA-USD,6h
2022-11-11 06:00:00,0.358,0.367,0.361,0.3593,14571663.48,ADA-USD,6h
2022-11-11 12:00:00,0.3412,0.3666,0.3594,0.3485,28979333.07,ADA-USD,6h
2022-11-11 18:00:00,0.3451,0.3553,0.3485,0.3543,20309152.04,ADA-USD,6h
2022-11-12 00:00:00,0.3354,0.3558,0.3545,0.3396,18252806.3,ADA-USD,6h
2022-11-12 06:00:00,0.3385,0.346,0.3395,0.343,14722081.48,ADA-USD,6h
2022-11-12 12:00:00,0.3411,0.349,0.343,0.3433,17712481.44,ADA-USD,6h
2022-11-12 18:00:00,0.3369,0.3446,0.3434,0.3392,14157837.82,ADA-USD,6h
2022-11-13 00:00:00,0.3371,0.3449,0.3391,0.3411,12261245.59,ADA-USD,6h
2022-11-13 06:00:00,0.3262,0.3414,0.3411,0.3322,20068733.92,ADA-USD,6h
2022-11-13 12:00:00,0.3309,0.3389,0.3322,0.3342,22148283.92,ADA-USD,6h
2022-11-13 18:00:00,0.3249,0.3352,0.3343,0.3292,22623058.46,ADA-USD,6h
2022-11-14 00:00:00,0.3138,0.3328,0.3291,0.3161,30521811.12,ADA-USD,6h
2022-11-14 06:00:00,0.3148,0.3363,0.3161,0.3328,23079071.23,ADA-USD,6h
2022-11-14 12:00:00,0.3221,0.3413,0.3329,0.3268,22609342.71,ADA-USD,6h
2022-11-14 18:00:00,0.3211,0.3332,0.327,0.3318,21247959.82,ADA-USD,6h
2022-11-15 00:00:00,0.3287,0.3358,0.3317,0.3324,17187810.16,ADA-USD,6h
2022-11-15 06:00:00,0.332,0.3414,0.3324,0.338,11169313.45,ADA-USD,6h
2022-11-15 12:00:00,0.3371,0.3443,0.3382,0.3427,19425638.68,ADA-USD,6h
2022-11-15 18:00:00,0.332,0.3431,0.3428,0.3369,16314650.98,ADA-USD,6h
2022-11-16 00:00:00,0.3354,0.344,0.3368,0.3427,11020240.9,ADA-USD,6h
2022-11-16 06:00:00,0.332,0.3434,0.3427,0.3331,11567619.0,ADA-USD,6h
2022-11-16 12:00:00,0.3235,0.3337,0.3331,0.3306,20397657.1,ADA-USD,6h
2022-11-16 18:00:00,0.327,0.3338,0.3305,0.3316,13170396.55,ADA-USD,6h
2022-11-17 00:00:00,0.3249,0.3342,0.3316,0.3296,12200780.33,ADA-USD,6h
2022-11-17 06:00:00,0.3214,0.3302,0.3295,0.3248,10854905.46,ADA-USD,6h
2022-11-17 12:00:00,0.3183,0.327,0.3249,0.3265,16719283.48,ADA-USD,6h
2022-11-17 18:00:00,0.3232,0.3272,0.3266,0.3248,8519872.91,ADA-USD,6h
2022-11-18 00:00:00,0.3241,0.3319,0.3249,0.3288,8670748.92,ADA-USD,6h
2022-11-18 06:00:00,0.3259,0.3323,0.3287,0.3306,9490918.8,ADA-USD,6h
2022-11-18 12:00:00,0.3206,0.3314,0.3306,0.321,12230926.4,ADA-USD,6h
2022-11-18 18:00:00,0.3203,0.3266,0.3209,0.3257,8915578.39,ADA-USD,6h
2022-11-19 00:00:00,0.3211,0.3263,0.3257,0.3237,8395723.97,ADA-USD,6h
2022-11-19 06:00:00,0.3222,0.3252,0.3236,0.3251,3919925.2,ADA-USD,6h
2022-11-19 12:00:00,0.3229,0.3285,0.3252,0.3263,7096234.94,ADA-USD,6h
2022-11-19 18:00:00,0.3262,0.332,0.3264,0.3277,8587004.01,ADA-USD,6h
2022-11-20 00:00:00,0.327,0.331,0.3276,0.3285,6173264.51,ADA-USD,6h
2022-11-20 06:00:00,0.3184,0.3295,0.3286,0.319,8070634.04,ADA-USD,6h
2022-11-20 12:00:00,0.3164,0.3205,0.3191,0.3169,9278999.69,ADA-USD,6h
2022-11-20 18:00:00,0.3094,0.3198,0.3169,0.3117,20523896.59,ADA-USD,6h
2022-11-21 00:00:00,0.3011,0.3131,0.3116,0.3081,22432151.55,ADA-USD,6h
2022-11-21 06:00:00,0.3015,0.3085,0.3084,0.3048,10224953.42,ADA-USD,6h
2022-11-21 12:00:00,0.3008,0.3119,0.3048,0.3022,18428658.9,ADA-USD,6h
2022-11-21 18:00:00,0.2953,0.3065,0.3021,0.3043,37775448.21,ADA-USD,6h
2022-11-22 00:00:00,0.3031,0.3087,0.3042,0.3038,16400417.6,ADA-USD,6h
2022-11-22 06:00:00,0.2978,0.3044,0.3039,0.2996,16661375.07,ADA-USD,6h
2022-11-22 12:00:00,0.298,0.3165,0.2996,0.3084,25534655.7,ADA-USD,6h
2022-11-22 18:00:00,0.3078,0.3131,0.3084,0.3122,12462483.95,ADA-USD,6h
2022-11-23 00:00:00,0.3088,0.3189,0.3122,0.3172,18353880.29,ADA-USD,6h
2022-11-23 06:00:00,0.3129,0.3187,0.3172,0.3153,9439656.42,ADA-USD,6h
2022-11-23 12:00:00,0.31,0.3159,0.3155,0.3141,11134334.9,ADA-USD,6h
2022-11-23 18:00:00,0.3139,0.32,0.3142,0.3181,13004785.54,ADA-USD,6h
2022-11-24 00:00:00,0.3155,0.3209,0.3182,0.3168,10549628.67,ADA-USD,6h
2022-11-24 06:00:00,0.3112,0.3196,0.3169,0.3128,8370325.36,ADA-USD,6h
2022-11-24 12:00:00,0.3118,0.3166,0.3128,0.315,9301100.52,ADA-USD,6h
2022-11-24 18:00:00,0.3133,0.3172,0.3149,0.3159,5633599.92,ADA-USD,6h
2022-11-25 00:00:00,0.3073,0.3163,0.3158,0.3095,8344313.45,ADA-USD,6h
2022-11-25 06:00:00,0.3092,0.3161,0.3095,0.314,6611195.56,ADA-USD,6h
2022-11-25 12:00:00,0.3116,0.3159,0.314,0.3136,6438339.36,ADA-USD,6h
2022-11-25 18:00:00,0.3133,0.317,0.3136,0.3145,7843895.11,ADA-USD,6h
2022-11-26 00:00:00,0.3143,0.322,0.3144,0.3185,9361397.24,ADA-USD,6h
2022-11-26 06:00:00,0.3164,0.3213,0.3187,0.3195,4030002.48,ADA-USD,6h
2022-11-26 12:00:00,0.3142,0.3226,0.3197,0.316,9833700.77,ADA-USD,6h
2022-11-26 18:00:00,0.3108,0.3169,0.316,0.3136,6492871.2,ADA-USD,6h
2022-11-27 00:00:00,0.3126,0.3166,0.3136,0.3154,4885477.0,ADA-USD,6h
2022-11-27 06:00:00,0.3152,0.3194,0.3152,0.3167,4439726.39,ADA-USD,6h
2022-11-27 12:00:00,0.3156,0.3191,0.3167,0.3175,4115610.43,ADA-USD,6h
2022-11-27 18:00:00,0.3113,0.319,0.3175,0.3125,10194286.69,ADA-USD,6h
2022-11-28 00:00:00,0.3,0.3138,0.3124,0.3041,19066626.79,ADA-USD,6h
2022-11-28 06:00:00,0.3033,0.3068,0.3041,0.3048,3865333.98,ADA-USD,6h
2022-11-28 12:00:00,0.3018,0.3109,0.3048,0.3073,15254692.09,ADA-USD,6h
2022-11-28 18:00:00,0.3049,0.3078,0.3072,0.3064,9604552.6,ADA-USD,6h
2022-11-29 00:00:00,0.3041,0.3117,0.3064,0.3109,14143013.6,ADA-USD,6h
2022-11-29 06:00:00,0.3102,0.3126,0.3109,0.3107,5482899.31,ADA-USD,6h
2022-11-29 12:00:00,0.3054,0.3113,0.3106,0.3069,9154399.38,ADA-USD,6h
2022-11-29 18:00:00,0.306,0.3116,0.3067,0.309,9729350.45,ADA-USD,6h
2022-11-30 00:00:00,0.3083,0.3191,0.309,0.3142,23385090.2,ADA-USD,6h
2022-11-30 06:00:00,0.3125,0.316,0.314,0.3147,7157015.87,ADA-USD,6h
2022-11-30 12:00:00,0.3084,0.3155,0.3147,0.3109,19310061.91,ADA-USD,6h
2022-11-30 18:00:00,0.309,0.3209,0.3109,0.3189,30484860.08,ADA-USD,6h
2022-12-01 00:00:00,0.3142,0.3197,0.3187,0.316,11298245.13,ADA-USD,6h
2022-12-01 06:00:00,0.3141,0.318,0.3159,0.3176,5273600.35,ADA-USD,6h
2022-12-01 12:00:00,0.3125,0.32,0.3175,0.3157,14416149.2,ADA-USD,6h
2022-12-01 18:00:00,0.3129,0.3169,0.3156,0.3145,9814428.59,ADA-USD,6h
2022-12-02 00:00:00,0.3106,0.3163,0.3144,0.313,11816135.58,ADA-USD,6h
2022-12-02 06:00:00,0.3119,0.3185,0.313,0.3169,6159600.26,ADA-USD,6h
2022-12-02 12:00:00,0.3133,0.3181,0.3169,0.3165,10186927.64,ADA-USD,6h
2022-12-02 18:00:00,0.3166,0.32,0.3166,0.3191,8345460.5,ADA-USD,6h
2022-12-03 00:00:00,0.3173,0.3213,0.3192,0.3183,7645729.59,ADA-USD,6h
2022-12-03 06:00:00,0.3163,0.3263,0.3184,0.3236,9872104.6,ADA-USD,6h
2022-12-03 12:00:00,0.3214,0.3261,0.3235,0.3244,8488796.82,ADA-USD,6h
2022-12-03 18:00:00,0.3169,0.3246,0.3245,0.3196,7605233.99,ADA-USD,6h
2022-12-04 00:00:00,0.3195,0.3239,0.3197,0.3218,6984712.45,ADA-USD,6h
2022-12-04 06:00:00,0.3183,0.3222,0.3218,0.3194,5809516.62,ADA-USD,6h
2022-12-04 12:00:00,0.3183,0.3233,0.3194,0.323,9004681.68,ADA-USD,6h
2022-12-04 18:00:00,0.3218,0.3242,0.323,0.3224,7889691.15,ADA-USD,6h
2022-12-05 00:00:00,0.3214,0.327,0.3222,0.3261,8490768.81,ADA-USD,6h
2022-12-05 06:00:00,0.3247,0.329,0.3261,0.3271,5920089.39,ADA-USD,6h
2022-12-05 12:00:00,0.3192,0.3271,0.327,0.3213,9523911.72,ADA-USD,6h
2022-12-05 18:00:00,0.3163,0.3221,0.3212,0.3195,8262815.15,ADA-USD,6h
2022-12-06 00:00:00,0.3178,0.321,0.3195,0.3182,5355208.07,ADA-USD,6h
2022-12-06 06:00:00,0.3143,0.3189,0.3181,0.3163,4617196.11,ADA-USD,6h
2022-12-06 12:00:00,0.3146,0.3176,0.3163,0.3154,5582694.96,ADA-USD,6h
2022-12-06 18:00:00,0.3137,0.3189,0.3155,0.3183,8231454.75,ADA-USD,6h
2022-12-07 00:00:00,0.3161,0.3198,0.3182,0.3176,7396539.68,ADA-USD,6h
2022-12-07 06:00:00,0.3071,0.3174,0.3174,0.3095,18701013.24,ADA-USD,6h
2022-12-07 12:00:00,0.3089,0.3126,0.3095,0.3093,8724308.74,ADA-USD,6h
2022-12-07 18:00:00,0.307,0.311,0.3092,0.3104,10316203.83,ADA-USD,6h
2022-12-08 00:00:00,0.3073,0.3109,0.3104,0.3091,10030855.07,ADA-USD,6h
2022-12-08 06:00:00,0.3077,0.3122,0.309,0.3105,6685788.68,ADA-USD,6h
2022-12-08 12:00:00,0.3091,0.3127,0.3106,0.3108,10157899.75,ADA-USD,6h
2022-12-08 18:00:00,0.3104,0.3158,0.3109,0.3145,9008075.0,ADA-USD,6h
2022-12-09 00:00:00,0.3135,0.3162,0.3144,0.3139,6876780.9,ADA-USD,6h
2022-12-09 06:00:00,0.3134,0.3166,0.3138,0.3142,4028153.09,ADA-USD,6h
2022-12-09 12:00:00,0.3108,0.3159,0.3142,0.3119,14365581.01,ADA-USD,6h
2022-12-09 18:00:00,0.3086,0.312,0.3118,0.3119,9630583.97,ADA-USD,6h
2022-12-10 00:00:00,0.311,0.3129,0.3119,0.3113,4526798.38,ADA-USD,6h
2022-12-10 06:00:00,0.3106,0.3133,0.3113,0.3132,3536134.44,ADA-USD,6h
2022-12-10 12:00:00,0.3116,0.3149,0.3132,0.312,4810144.0,ADA-USD,6h
2022-12-10 18:00:00,0.3116,0.313,0.312,0.3126,4749252.39,ADA-USD,6h
2022-12-11 00:00:00,0.3122,0.3143,0.3125,0.3132,4620145.51,ADA-USD,6h
2022-12-11 06:00:00,0.3115,0.3135,0.3132,0.3121,3723725.48,ADA-USD,6h
2022-12-11 12:00:00,0.3117,0.3132,0.3121,0.3131,4267599.24,ADA-USD,6h
2022-12-11 18:00:00,0.3053,0.315,0.3131,0.3075,13332559.47,ADA-USD,6h
2022-12-12 00:00:00,0.3007,0.308,0.3074,0.3035,14588600.75,ADA-USD,6h
2022-12-12 06:00:00,0.303,0.3064,0.3035,0.3061,6251663.75,ADA-USD,6h
2022-12-12 12:00:00,0.3029,0.3068,0.3062,0.3041,9639511.1,ADA-USD,6h
2022-12-12 18:00:00,0.3036,0.3078,0.3041,0.307,11392962.99,ADA-USD,6h
2022-12-13 00:00:00,0.3024,0.3077,0.307,0.3043,11672281.29,ADA-USD,6h
2022-12-13 06:00:00,0.2995,0.3086,0.3042,0.3086,19180239.66,ADA-USD,6h
2022-12-13 12:00:00,0.3065,0.32,0.3086,0.3078,32277728.44,ADA-USD,6h
2022-12-13 18:00:00,0.3076,0.3141,0.3078,0.3141,9184066.28,ADA-USD,6h
2022-12-14 00:00:00,0.308,0.3156,0.314,0.308,12414079.66,ADA-USD,6h
2022-12-14 06:00:00,0.3057,0.3117,0.3079,0.3104,13601481.42,ADA-USD,6h
2022-12-14 12:00:00,0.3098,0.3139,0.3103,0.312,14688203.33,ADA-USD,6h
2022-12-14 18:00:00,0.3052,0.3141,0.312,0.308,27708373.25,ADA-USD,6h
2022-12-15 00:00:00,0.301,0.3086,0.308,0.3041,11483842.87,ADA-USD,6h
2022-12-15 06:00:00,0.3003,0.3048,0.3041,0.302,8529900.08,ADA-USD,6h
2022-12-15 12:00:00,0.3002,0.3031,0.3019,0.301,11118580.34,ADA-USD,6h
2022-12-15 18:00:00,0.2967,0.302,0.3009,0.3003,12833904.34,ADA-USD,6h
2022-12-16 00:00:00,0.2989,0.3007,0.3003,0.2996,8586978.4,ADA-USD,6h
2022-12-16 06:00:00,0.2826,0.3013,0.2996,0.2867,21838456.97,ADA-USD,6h
2022-12-16 12:00:00,0.2804,0.2875,0.2867,0.2838,26871169.06,ADA-USD,6h
2022-12-16 18:00:00,0.2588,0.2862,0.2837,0.2637,39907003.62,ADA-USD,6h
2022-12-17 00:00:00,0.2589,0.2668,0.2636,0.2615,42788600.47,ADA-USD,6h
2022-12-17 06:00:00,0.2606,0.268,0.2615,0.2664,24720165.19,ADA-USD,6h
2022-12-17 12:00:00,0.2615,0.267,0.2664,0.2627,17350419.47,ADA-USD,6h
2022-12-17 18:00:00,0.2622,0.268,0.2627,0.2677,19127165.88,ADA-USD,6h
2022-12-18 00:00:00,0.2677,0.2719,0.2677,0.2681,14092203.28,ADA-USD,6h
2022-12-18 06:00:00,0.263,0.2682,0.2682,0.265,15163195.85,ADA-USD,6h
2022-12-18 12:00:00,0.2636,0.2662,0.265,0.2659,9517645.76,ADA-USD,6h
2022-12-18 18:00:00,0.2654,0.2687,0.2658,0.2661,15613899.75,ADA-USD,6h
2022-12-19 00:00:00,0.2633,0.2695,0.266,0.2645,9297890.59,ADA-USD,6h
2022-12-19 06:00:00,0.2626,0.2648,0.2644,0.2635,8347189.63,ADA-USD,6h
2022-12-19 12:00:00,0.2546,0.2651,0.2635,0.2574,25356479.15,ADA-USD,6h
2022-12-19 18:00:00,0.2499,0.2579,0.2573,0.2529,27960185.04,ADA-USD,6h
2022-12-20 00:00:00,0.2513,0.2583,0.2529,0.257,18605077.7,ADA-USD,6h
2022-12-20 06:00:00,0.2568,0.2594,0.257,0.259,6248877.43,ADA-USD,6h
2022-12-20 12:00:00,0.256,0.2622,0.2589,0.2582,16403413.03,ADA-USD,6h
2022-12-20 18:00:00,0.2578,0.2598,0.2582,0.2587,12218954.85,ADA-USD,6h
2022-12-21 00:00:00,0.2479,0.2593,0.2587,0.2514,22674828.6,ADA-USD,6h
2022-12-21 06:00:00,0.2509,0.2551,0.2514,0.2537,15679563.96,ADA-USD,6h
2022-12-21 12:00:00,0.2497,0.2543,0.2537,0.2507,15339768.31,ADA-USD,6h
2022-12-21 18:00:00,0.2492,0.2535,0.2506,0.2534,9803705.18,ADA-USD,6h
2022-12-22 00:00:00,0.2524,0.2542,0.2533,0.2526,7315738.98,ADA-USD,6h
2022-12-22 06:00:00,0.2511,0.2537,0.2525,0.2527,8312043.06,ADA-USD,6h
2022-12-22 12:00:00,0.2467,0.2537,0.2528,0.2501,18181480.54,ADA-USD,6h
2022-12-22 18:00:00,0.2494,0.2569,0.2501,0.2567,14139073.59,ADA-USD,6h
2022-12-23 00:00:00,0.2554,0.264,0.2566,0.2587,20572762.11,ADA-USD,6h
2022-12-23 06:00:00,0.2581,0.2612,0.2587,0.2586,8787651.4,ADA-USD,6h
2022-12-23 12:00:00,0.2559,0.2602,0.2586,0.2593,16553421.61,ADA-USD,6h
2022-12-23 18:00:00,0.2584,0.2606,0.2594,0.2594,8459077.91,ADA-USD,6h
2022-12-24 00:00:00,0.2584,0.2604,0.2593,0.2593,5360226.14,ADA-USD,6h
2022-12-24 06:00:00,0.2566,0.2595,0.2593,0.2577,7387239.88,ADA-USD,6h
2022-12-24 12:00:00,0.2574,0.2589,0.2576,0.2584,6319666.29,ADA-USD,6h
2022-12-24 18:00:00,0.2581,0.26,0.2584,0.2591,7092566.87,ADA-USD,6h
2022-12-25 00:00:00,0.2583,0.2599,0.2592,0.2593,5248179.76,ADA-USD,6h
2022-12-25 06:00:00,0.2572,0.2597,0.2594,0.2579,5897695.65,ADA-USD,6h
2022-12-25 12:00:00,0.2552,0.2589,0.2579,0.2556,10479082.59,ADA-USD,6h
2022-12-25 18:00:00,0.2545,0.2598,0.2556,0.2592,12082639.5,ADA-USD,6h
2022-12-26 00:00:00,0.2576,0.2625,0.2592,0.26,15322760.77,ADA-USD,6h
2022-12-26 06:00:00,0.2586,0.2613,0.26,0.2609,5250707.0,ADA-USD,6h
2022-12-26 12:00:00,0.2607,0.2632,0.2609,0.2614,11737975.93,ADA-USD,6h
2022-12-26 18:00:00,0.2612,0.2656,0.2614,0.2653,12761214.93,ADA-USD,6h
2022-12-27 00:00:00,0.263,0.2664,0.2654,0.2633,9785282.88,ADA-USD,6h
2022-12-27 06:00:00,0.2618,0.2649,0.2633,0.2628,7698150.82,ADA-USD,6h
2022-12-27 12:00:00,0.256,0.2629,0.2627,0.2571,13152299.69,ADA-USD,6h
2022-12-27 18:00:00,0.2567,0.2608,0.2571,0.2603,10583999.62,ADA-USD,6h
2022-12-28 00:00:00,0.25,0.2609,0.2603,0.2518,18842226.84,ADA-USD,6h
2022-12-28 06:00:00,0.2502,0.2524,0.2517,0.2519,13175650.95,ADA-USD,6h
2022-12-28 12:00:00,0.2498,0.2549,0.252,0.2521,18896543.27,ADA-USD,6h
2022-12-28 18:00:00,0.2466,0.2527,0.2521,0.2482,17448542.96,ADA-USD,6h
2022-12-29 00:00:00,0.2418,0.2483,0.2482,0.2457,25164022.16,ADA-USD,6h
2022-12-29 06:00:00,0.2432,0.2467,0.2457,0.2457,11108668.04,ADA-USD,6h
2022-12-29 12:00:00,0.2444,0.2466,0.2458,0.2447,16410553.28,ADA-USD,6h
2022-12-29 18:00:00,0.24,0.2456,0.2447,0.2438,28593553.54,ADA-USD,6h
2022-12-30 00:00:00,0.2419,0.2454,0.2438,0.2426,16895557.97,ADA-USD,6h
2022-12-30 06:00:00,0.2391,0.2427,0.2425,0.2414,16526211.93,ADA-USD,6h
2022-12-30 12:00:00,0.2396,0.2446,0.2414,0.244,23668001.68,ADA-USD,6h
2022-12-30 18:00:00,0.2434,0.2461,0.244,0.2455,19324979.35,ADA-USD,6h
2022-12-31 00:00:00,0.2439,0.2457,0.2455,0.2442,11535942.39,ADA-USD,6h
2022-12-31 06:00:00,0.244,0.2473,0.2442,0.2463,7883513.03,ADA-USD,6h
2022-12-31 12:00:00,0.2464,0.2519,0.2465,0.2476,20262583.14,ADA-USD,6h
2022-12-31 18:00:00,0.2449,0.2493,0.2476,0.2457,19296457.05,ADA-USD,6h
2023-01-01 00:00:00,0.2439,0.246,0.2456,0.2443,16756354.23,ADA-USD,6h
2023-01-01 06:00:00,0.2434,0.2458,0.2443,0.2458,6556488.23,ADA-USD,6h
2023-01-01 12:00:00,0.245,0.2489,0.2458,0.248,7755031.16,ADA-USD,6h
2023-01-01 18:00:00,0.2479,0.25,0.2479,0.2499,10759979.61,ADA-USD,6h
2023-01-02 00:00:00,0.2465,0.2505,0.2499,0.2499,10754921.26,ADA-USD,6h
2023-01-02 06:00:00,0.2494,0.256,0.2499,0.254,15805675.62,ADA-USD,6h
2023-01-02 12:00:00,0.2524,0.2553,0.254,0.2543,13320529.76,ADA-USD,6h
2023-01-02 18:00:00,0.2529,0.2564,0.2542,0.2537,10646742.42,ADA-USD,6h
2023-01-03 00:00:00,0.2517,0.2544,0.2538,0.2539,9055505.0,ADA-USD,6h
2023-01-03 06:00:00,0.252,0.2549,0.2539,0.2537,7641844.95,ADA-USD,6h
2023-01-03 12:00:00,0.2503,0.2553,0.2537,0.2511,16700835.04,ADA-USD,6h
2023-01-03 18:00:00,0.2501,0.253,0.2512,0.2527,8468037.46,ADA-USD,6h
2023-01-04 00:00:00,0.2518,0.2657,0.2527,0.2646,31978136.76,ADA-USD,6h
2023-01-04 06:00:00,0.2634,0.2676,0.2647,0.2643,15107106.11,ADA-USD,6h
2023-01-04 12:00:00,0.2633,0.2705,0.2643,0.2688,20454141.2,ADA-USD,6h
2023-01-04 18:00:00,0.262,0.2699,0.2688,0.2679,15215915.42,ADA-USD,6h
2023-01-05 00:00:00,0.2648,0.2712,0.2679,0.2685,11334142.73,ADA-USD,6h
2023-01-05 06:00:00,0.2632,0.2687,0.2686,0.2662,7603660.35,ADA-USD,6h
2023-01-05 12:00:00,0.2646,0.2673,0.2662,0.2655,10937912.82,ADA-USD,6h
2023-01-05 18:00:00,0.2655,0.2704,0.2655,0.2692,8682174.57,ADA-USD,6h
2023-01-06 00:00:00,0.2687,0.2771,0.2691,0.2734,23442316.3,ADA-USD,6h
2023-01-06 06:00:00,0.2683,0.2746,0.2733,0.2701,16792019.43,ADA-USD,6h
2023-01-06 12:00:00,0.2671,0.2745,0.2702,0.2732,20148098.57,ADA-USD,6h
2023-01-06 18:00:00,0.2728,0.2798,0.2733,0.2786,19962625.8,ADA-USD,6h
2023-01-07 00:00:00,0.2762,0.2805,0.2786,0.2772,11819354.66,ADA-USD,6h
2023-01-07 06:00:00,0.2733,0.2776,0.2772,0.2747,7695805.14,ADA-USD,6h
2023-01-07 12:00:00,0.2723,0.2757,0.2747,0.2745,10484749.7,ADA-USD,6h
2023-01-07 18:00:00,0.2744,0.2783,0.2744,0.2768,7151646.31,ADA-USD,6h
2023-01-08 00:00:00,0.2743,0.2789,0.2768,0.2758,11279750.95,ADA-USD,6h
2023-01-08 06:00:00,0.2757,0.2878,0.2758,0.2854,20341596.03,ADA-USD,6h
2023-01-08 12:00:00,0.2854,0.2938,0.2854,0.2893,31097108.43,ADA-USD,6h
2023-01-08 18:00:00,0.2877,0.299,0.2893,0.2974,25904886.69,ADA-USD,6h
2023-01-09 00:00:00,0.2956,0.3462,0.2974,0.3291,81430893.97,ADA-USD,6h
2023-01-09 06:00:00,0.3213,0.3296,0.3291,0.3215,24426453.69,ADA-USD,6h
2023-01-09 12:00:00,0.3163,0.3256,0.3215,0.3221,43466019.59,ADA-USD,6h
2023-01-09 18:00:00,0.3104,0.3223,0.3219,0.3167,51377306.65,ADA-USD,6h
2023-01-10 00:00:00,0.3067,0.3219,0.3167,0.3164,36072385.99,ADA-USD,6h
2023-01-10 06:00:00,0.3138,0.3206,0.3164,0.3177,17822300.42,ADA-USD,6h
2023-01-10 12:00:00,0.3132,0.3217,0.3177,0.3193,32068421.76,ADA-USD,6h
2023-01-10 18:00:00,0.3183,0.3251,0.3193,0.3224,24527784.16,ADA-USD,6h
2023-01-11 00:00:00,0.3121,0.3233,0.3223,0.3141,20251232.55,ADA-USD,6h
2023-01-11 06:00:00,0.3126,0.3168,0.3139,0.3146,8539982.18,ADA-USD,6h
2023-01-11 12:00:00,0.3076,0.3149,0.3146,0.3097,17915496.85,ADA-USD,6h
2023-01-11 18:00:00,0.3094,0.3235,0.3097,0.3231,31553509.26,ADA-USD,6h
2023-01-12 00:00:00,0.3203,0.3299,0.3231,0.3244,31457567.8,ADA-USD,6h
2023-01-12 06:00:00,0.3202,0.3254,0.3244,0.3218,13559561.94,ADA-USD,6h
2023-01-12 12:00:00,0.3156,0.335,0.3218,0.3309,48281325.78,ADA-USD,6h
2023-01-12 18:00:00,0.3275,0.3323,0.3309,0.3295,25584246.1,ADA-USD,6h
2023-01-13 00:00:00,0.3237,0.3308,0.3296,0.3266,14929943.66,ADA-USD,6h
2023-01-13 06:00:00,0.3266,0.3351,0.3268,0.3309,12360839.05,ADA-USD,6h
2023-01-13 12:00:00,0.326,0.3328,0.331,0.3314,22490471.49,ADA-USD,6h
2023-01-13 18:00:00,0.3301,0.3511,0.3315,0.3455,31277581.55,ADA-USD,6h
2023-01-14 00:00:00,0.3452,0.364,0.3455,0.3578,53012961.16,ADA-USD,6h
2023-01-14 06:00:00,0.3319,0.37,0.3578,0.3502,50070614.88,ADA-USD,6h
2023-01-14 12:00:00,0.3435,0.3564,0.3501,0.3496,25127194.67,ADA-USD,6h
2023-01-14 18:00:00,0.3459,0.3541,0.3497,0.3526,14878790.35,ADA-USD,6h
2023-01-15 00:00:00,0.3416,0.354,0.3525,0.3483,20498349.12,ADA-USD,6h
2023-01-15 06:00:00,0.3387,0.3483,0.3483,0.3453,12558370.9,ADA-USD,6h
2023-01-15 12:00:00,0.3433,0.3538,0.3453,0.35,16211761.14,ADA-USD,6h
2023-01-15 18:00:00,0.346,0.3516,0.3498,0.3508,12737809.32,ADA-USD,6h
2023-01-16 00:00:00,0.3479,0.364,0.3507,0.3618,23526825.96,ADA-USD,6h
2023-01-16 06:00:00,0.3458,0.3626,0.3618,0.3496,17563874.8,ADA-USD,6h
2023-01-16 12:00:00,0.3378,0.3507,0.3496,0.3491,20194189.98,ADA-USD,6h
2023-01-16 18:00:00,0.3477,0.3559,0.3491,0.3505,14340391.91,ADA-USD,6h
2023-01-17 00:00:00,0.343,0.3533,0.3505,0.3499,11084490.99,ADA-USD,6h
2023-01-17 06:00:00,0.3477,0.3539,0.3499,0.3539,7672827.95,ADA-USD,6h
2023-01-17 12:00:00,0.3501,0.3576,0.3539,0.3515,16570724.73,ADA-USD,6h
2023-01-17 18:00:00,0.344,0.3539,0.3515,0.3457,14634886.21,ADA-USD,6h
2023-01-18 00:00:00,0.3445,0.3528,0.3455,0.3526,14407860.9,ADA-USD,6h
2023-01-18 06:00:00,0.3439,0.3526,0.3526,0.3471,11377579.02,ADA-USD,6h
2023-01-18 12:00:00,0.3232,0.3555,0.3472,0.3365,42888586.48,ADA-USD,6h
2023-01-18 18:00:00,0.3254,0.3408,0.3365,0.3266,24251205.55,ADA-USD,6h
2023-01-19 00:00:00,0.3257,0.3337,0.3266,0.3324,10149044.86,ADA-USD,6h
2023-01-19 06:00:00,0.3297,0.3377,0.3325,0.3309,6347393.09,ADA-USD,6h
2023-01-19 12:00:00,0.3272,0.3383,0.3309,0.3345,14208164.69,ADA-USD,6h
2023-01-19 18:00:00,0.3337,0.3434,0.3346,0.3381,10694298.18,ADA-USD,6h
2023-01-20 00:00:00,0.3356,0.3412,0.3381,0.3361,8515726.22,ADA-USD,6h
2023-01-20 06:00:00,0.3336,0.3376,0.336,0.3352,6583152.63,ADA-USD,6h
2023-01-20 12:00:00,0.3347,0.3467,0.3351,0.3455,21052916.12,ADA-USD,6h
2023-01-20 18:00:00,0.345,0.3657,0.3455,0.3651,40277955.15,ADA-USD,6h
2023-01-21 00:00:00,0.3574,0.3685,0.3652,0.3609,18759518.5,ADA-USD,6h
2023-01-21 06:00:00,0.3574,0.3739,0.3609,0.364,27526898.26,ADA-USD,6h
2023-01-21 12:00:00,0.3638,0.3809,0.3639,0.3768,37058821.02,ADA-USD,6h
2023-01-21 18:00:00,0.3661,0.3786,0.3768,0.3688,18166618.26,ADA-USD,6h
2023-01-22 00:00:00,0.363,0.3762,0.3688,0.3697,14056993.92,ADA-USD,6h
2023-01-22 06:00:00,0.3692,0.3867,0.3695,0.3811,24848161.56,ADA-USD,6h
2023-01-22 12:00:00,0.3749,0.386,0.3813,0.3819,24787181.99,ADA-USD,6h
2023-01-22 18:00:00,0.3713,0.3871,0.3819,0.3765,28806790.34,ADA-USD,6h
2023-01-23 00:00:00,0.3686,0.3837,0.3765,0.3719,28193165.86,ADA-USD,6h
2023-01-23 06:00:00,0.3703,0.3805,0.3719,0.3777,13945159.12,ADA-USD,6h
2023-01-23 12:00:00,0.3712,0.3806,0.3778,0.3775,20091085.75,ADA-USD,6h
2023-01-23 18:00:00,0.3699,0.38,0.3775,0.375,13825620.66,ADA-USD,6h
2023-01-24 00:00:00,0.3727,0.3816,0.375,0.3801,12802628.66,ADA-USD,6h
2023-01-24 06:00:00,0.376,0.383,0.38,0.3779,7788615.07,ADA-USD,6h
2023-01-24 12:00:00,0.3715,0.3793,0.378,0.374,13265044.02,ADA-USD,6h
2023-01-24 18:00:00,0.355,0.3807,0.3741,0.3589,22078482.62,ADA-USD,6h
2023-01-25 00:00:00,0.3471,0.3589,0.3587,0.3541,19978142.9,ADA-USD,6h
2023-01-25 06:00:00,0.3529,0.3612,0.3541,0.3558,7451224.81,ADA-USD,6h
2023-01-25 12:00:00,0.3521,0.3617,0.3557,0.357,15559959.35,ADA-USD,6h
2023-01-25 18:00:00,0.3562,0.3797,0.3571,0.3733,21095607.0,ADA-USD,6h
2023-01-26 00:00:00,0.3734,0.3891,0.3734,0.3804,26998585.36,ADA-USD,6h
2023-01-26 06:00:00,0.3712,0.3829,0.3804,0.3743,12065999.69,ADA-USD,6h
2023-01-26 12:00:00,0.3725,0.3844,0.3741,0.3762,28256642.28,ADA-USD,6h
2023-01-26 18:00:00,0.3751,0.3829,0.3762,0.3796,12993748.75,ADA-USD,6h
2023-01-27 00:00:00,0.3678,0.3817,0.3797,0.3754,14314739.64,ADA-USD,6h
2023-01-27 06:00:00,0.3743,0.3811,0.3754,0.3767,6613726.47,ADA-USD,6h
2023-01-27 12:00:00,0.3729,0.3837,0.3767,0.3832,18729556.25,ADA-USD,6h
2023-01-27 18:00:00,0.3812,0.3911,0.3833,0.3899,23785222.37,ADA-USD,6h
2023-01-28 00:00:00,0.3869,0.3983,0.39,0.3943,26640962.18,ADA-USD,6h
2023-01-28 06:00:00,0.3841,0.3942,0.3942,0.3869,11536545.31,ADA-USD,6h
2023-01-28 12:00:00,0.3775,0.3871,0.387,0.3837,15603531.97,ADA-USD,6h
2023-01-28 18:00:00,0.3787,0.3857,0.3838,0.3819,9215253.11,ADA-USD,6h
2023-01-29 00:00:00,0.3768,0.3905,0.3819,0.3871,17710232.3,ADA-USD,6h
2023-01-29 06:00:00,0.3845,0.3911,0.3871,0.3909,8616036.23,ADA-USD,6h
2023-01-29 12:00:00,0.3871,0.3944,0.3907,0.3929,13415953.39,ADA-USD,6h
2023-01-29 18:00:00,0.3914,0.3991,0.3929,0.3975,19919085.03,ADA-USD,6h
2023-01-30 00:00:00,0.3892,0.3983,0.3978,0.3923,16870660.47,ADA-USD,6h
2023-01-30 06:00:00,0.3736,0.3933,0.3922,0.3803,23176992.64,ADA-USD,6h
2023-01-30 12:00:00,0.378,0.3857,0.3801,0.3805,15294366.27,ADA-USD,6h
2023-01-30 18:00:00,0.3655,0.3815,0.3805,0.3725,25758205.75,ADA-USD,6h
2023-01-31 00:00:00,0.3684,0.3737,0.3727,0.3687,10029266.83,ADA-USD,6h
2023-01-31 06:00:00,0.3686,0.3753,0.3686,0.3724,6897702.42,ADA-USD,6h
2023-01-31 12:00:00,0.3725,0.4,0.3726,0.387,34550339.74,ADA-USD,6h
2023-01-31 18:00:00,0.383,0.3943,0.3869,0.3902,19983911.48,ADA-USD,6h
2023-02-01 00:00:00,0.3848,0.3914,0.3901,0.3851,9046163.94,ADA-USD,6h
2023-02-01 06:00:00,0.3778,0.3875,0.3852,0.3822,10953433.72,ADA-USD,6h
2023-02-01 12:00:00,0.3714,0.3834,0.3822,0.3733,19531769.83,ADA-USD,6h
2023-02-01 18:00:00,0.3718,0.4018,0.3732,0.397,42031128.35,ADA-USD,6h
2023-02-02 00:00:00,0.3969,0.41,0.3969,0.4045,29804762.94,ADA-USD,6h
2023-02-02 06:00:00,0.3974,0.4068,0.4045,0.4061,15206322.69,ADA-USD,6h
2023-02-02 12:00:00,0.3989,0.4079,0.4062,0.4058,22139883.48,ADA-USD,6h
2023-02-02 18:00:00,0.3923,0.4137,0.4058,0.3981,29880826.0,ADA-USD,6h
2023-02-03 00:00:00,0.3961,0.4043,0.3983,0.4022,12965857.86,ADA-USD,6h
2023-02-03 06:00:00,0.3979,0.4037,0.4021,0.4033,8403795.33,ADA-USD,6h
2023-02-03 12:00:00,0.3944,0.4072,0.4032,0.4049,25415740.84,ADA-USD,6h
2023-02-03 18:00:00,0.4003,0.4063,0.4049,0.4037,15110135.27,ADA-USD,6h
2023-02-04 00:00:00,0.3982,0.4039,0.4037,0.399,10953358.65,ADA-USD,6h
2023-02-04 06:00:00,0.3975,0.4024,0.3989,0.4006,5646957.95,ADA-USD,6h
2023-02-04 12:00:00,0.4,0.4056,0.4006,0.4046,9871081.1,ADA-USD,6h
2023-02-04 18:00:00,0.3983,0.4053,0.4046,0.3995,10189151.12,ADA-USD,6h
2023-02-05 00:00:00,0.3941,0.4002,0.3995,0.3992,10608277.74,ADA-USD,6h
2023-02-05 06:00:00,0.3978,0.402,0.3992,0.3994,7118775.05,ADA-USD,6h
2023-02-05 12:00:00,0.3854,0.4002,0.3994,0.3863,23241735.21,ADA-USD,6h
2023-02-05 18:00:00,0.382,0.3935,0.3862,0.3926,18183359.87,ADA-USD,6h
2023-02-06 00:00:00,0.386,0.4034,0.3926,0.3907,19056087.12,ADA-USD,6h
2023-02-06 06:00:00,0.3884,0.3946,0.3907,0.3915,10346288.64,ADA-USD,6h
2023-02-06 12:00:00,0.3881,0.3966,0.3914,0.3942,17241629.0,ADA-USD,6h
2023-02-06 18:00:00,0.3796,0.3954,0.3942,0.3824,16928768.5,ADA-USD,6h
2023-02-07 00:00:00,0.3815,0.3873,0.3824,0.3863,10333424.43,ADA-USD,6h
2023-02-07 06:00:00,0.3835,0.3917,0.3864,0.3887,10510666.17,ADA-USD,6h
2023-02-07 12:00:00,0.384,0.3945,0.3888,0.394,17027665.15,ADA-USD,6h
2023-02-07 18:00:00,0.383,0.3999,0.3939,0.3991,19743803.27,ADA-USD,6h
2023-02-08 00:00:00,0.3975,0.404,0.399,0.398,19426646.5,ADA-USD,6h
2023-02-08 06:00:00,0.3962,0.4004,0.398,0.3986,7876573.07,ADA-USD,6h
2023-02-08 12:00:00,0.3855,0.4003,0.3986,0.3938,17550401.09,ADA-USD,6h
2023-02-08 18:00:00,0.3896,0.3953,0.3939,0.3942,9915428.26,ADA-USD,6h
2023-02-09 00:00:00,0.3775,0.3958,0.3943,0.3847,22308911.24,ADA-USD,6h
2023-02-09 06:00:00,0.3842,0.3893,0.3845,0.3862,8673322.42,ADA-USD,6h
2023-02-09 12:00:00,0.3808,0.3907,0.3862,0.3828,18320827.2,ADA-USD,6h
2023-02-09 18:00:00,0.3542,0.3843,0.3826,0.3621,50310621.93,ADA-USD,6h
2023-02-10 00:00:00,0.3539,0.3639,0.3622,0.3585,19489397.43,ADA-USD,6h
2023-02-10 06:00:00,0.3578,0.3653,0.3583,0.3601,11667856.75,ADA-USD,6h
2023-02-10 12:00:00,0.3569,0.3643,0.36,0.3611,22087388.54,ADA-USD,6h
2023-02-10 18:00:00,0.3546,0.3657,0.3611,0.3582,22943825.28,ADA-USD,6h
2023-02-11 00:00:00,0.3569,0.3621,0.3581,0.3599,14812808.15,ADA-USD,6h
2023-02-11 06:00:00,0.3582,0.3611,0.3599,0.3604,8421648.2,ADA-USD,6h
2023-02-11 12:00:00,0.359,0.3628,0.3603,0.3612,13504052.04,ADA-USD,6h
2023-02-11 18:00:00,0.3598,0.3703,0.3612,0.3686,13826207.01,ADA-USD,6h
2023-02-12 00:00:00,0.3645,0.3695,0.3687,0.3665,6519745.99,ADA-USD,6h
2023-02-12 06:00:00,0.3658,0.3701,0.3665,0.369,8631830.01,ADA-USD,6h
2023-02-12 12:00:00,0.3664,0.3735,0.369,0.3713,15687900.04,ADA-USD,6h
2023-02-12 18:00:00,0.3596,0.3738,0.3713,0.3641,16913454.85,ADA-USD,6h
2023-02-13 00:00:00,0.3566,0.3658,0.3642,0.3622,11949206.49,ADA-USD,6h
2023-02-13 06:00:00,0.3471,0.3645,0.3622,0.3521,22650606.28,ADA-USD,6h
2023-02-13 12:00:00,0.3454,0.3553,0.352,0.3481,21431099.92,ADA-USD,6h
2023-02-13 18:00:00,0.3479,0.3605,0.3479,0.3596,16650893.72,ADA-USD,6h
2023-02-14 00:00:00,0.3548,0.3598,0.3595,0.3556,6293526.47,ADA-USD,6h
2023-02-14 06:00:00,0.3555,0.3627,0.3555,0.3623,8171866.77,ADA-USD,6h
2023-02-14 12:00:00,0.3567,0.384,0.3624,0.3816,56236020.79,ADA-USD,6h
2023-02-14 18:00:00,0.3816,0.3936,0.3816,0.387,26924254.91,ADA-USD,6h
2023-02-15 00:00:00,0.3827,0.3902,0.387,0.385,10861390.08,ADA-USD,6h
2023-02-15 06:00:00,0.382,0.3901,0.385,0.3901,8335842.84,ADA-USD,6h
2023-02-15 12:00:00,0.3875,0.3956,0.3901,0.3887,17561821.58,ADA-USD,6h
2023-02-15 18:00:00,0.3878,0.4207,0.3888,0.4204,59397519.16,ADA-USD,6h
2023-02-16 00:00:00,0.4085,0.4221,0.4203,0.4099,22375175.37,ADA-USD,6h
2023-02-16 06:00:00,0.4035,0.4107,0.4097,0.4051,10852021.37,ADA-USD,6h
2023-02-16 12:00:00,0.3976,0.4145,0.405,0.4092,28414336.07,ADA-USD,6h
2023-02-16 18:00:00,0.3864,0.4101,0.4093,0.3874,25655747.88,ADA-USD,6h
2023-02-17 00:00:00,0.3855,0.3986,0.3874,0.3939,13803766.38,ADA-USD,6h
2023-02-17 06:00:00,0.3925,0.3975,0.3939,0.3962,7596130.96,ADA-USD,6h
2023-02-17 12:00:00,0.3949,0.407,0.3963,0.4037,19743469.82,ADA-USD,6h
2023-02-17 18:00:00,0.3974,0.4099,0.4035,0.4035,14623159.5,ADA-USD,6h
2023-02-18 00:00:00,0.4025,0.4068,0.4034,0.4038,7649656.88,ADA-USD,6h
2023-02-18 06:00:00,0.3979,0.4042,0.4038,0.3987,6329886.81,ADA-USD,6h
2023-02-18 12:00:00,0.3981,0.4185,0.3986,0.4059,19078190.92,ADA-USD,6h
2023-02-18 18:00:00,0.4021,0.4076,0.4059,0.406,6538313.55,ADA-USD,6h
2023-02-19 00:00:00,0.4008,0.4066,0.406,0.4042,10329362.23,ADA-USD,6h
2023-02-19 06:00:00,0.4011,0.4059,0.4042,0.4056,7259726.79,ADA-USD,6h
2023-02-19 12:00:00,0.3996,0.4125,0.4057,0.401,23600973.99,ADA-USD,6h
2023-02-19 18:00:00,0.397,0.4041,0.4008,0.3995,13596086.63,ADA-USD,6h
2023-02-20 00:00:00,0.3893,0.4039,0.3996,0.4035,15151858.73,ADA-USD,6h
2023-02-20 06:00:00,0.4031,0.4097,0.4036,0.4073,12592759.43,ADA-USD,6h
2023-02-20 12:00:00,0.4012,0.4089,0.4073,0.4052,14196886.43,ADA-USD,6h
2023-02-20 18:00:00,0.4021,0.408,0.4051,0.4036,15789627.0,ADA-USD,6h
2023-02-21 00:00:00,0.4003,0.4055,0.4035,0.4022,12076657.28,ADA-USD,6h
2023-02-21 06:00:00,0.3929,0.4061,0.4023,0.3948,17409381.76,ADA-USD,6h
2023-02-21 12:00:00,0.3896,0.3971,0.3948,0.3956,14950953.9,ADA-USD,6h
2023-02-21 18:00:00,0.3852,0.3966,0.3955,0.3927,17685823.51,ADA-USD,6h
2023-02-22 00:00:00,0.3808,0.393,0.3927,0.3859,22043665.0,ADA-USD,6h
2023-02-22 06:00:00,0.3785,0.3874,0.3859,0.3859,15126349.08,ADA-USD,6h
2023-02-22 12:00:00,0.3769,0.3877,0.3859,0.3797,19294306.92,ADA-USD,6h
2023-02-22 18:00:00,0.3793,0.3892,0.3795,0.3889,12586305.37,ADA-USD,6h
2023-02-23 00:00:00,0.3879,0.3951,0.3889,0.391,10544031.36,ADA-USD,6h
2023-02-23 06:00:00,0.383,0.3941,0.391,0.3845,9165772.54,ADA-USD,6h
2023-02-23 12:00:00,0.3807,0.3906,0.3844,0.381,14807234.51,ADA-USD,6h
2023-02-23 18:00:00,0.3795,0.3856,0.381,0.3823,10387516.69,ADA-USD,6h
2023-02-24 00:00:00,0.3783,0.3857,0.3824,0.38,10359617.4,ADA-USD,6h
2023-02-24 06:00:00,0.379,0.3841,0.3799,0.3837,6625014.52,ADA-USD,6h
2023-02-24 12:00:00,0.3618,0.3852,0.3837,0.3657,32904396.41,ADA-USD,6h
2023-02-24 18:00:00,0.3583,0.3698,0.3654,0.3659,18085685.4,ADA-USD,6h
2023-02-25 00:00:00,0.3616,0.3677,0.3657,0.3629,7588544.8,ADA-USD,6h
2023-02-25 06:00:00,0.3612,0.3673,0.3629,0.3626,6548719.31,ADA-USD,6h
2023-02-25 12:00:00,0.3597,0.3657,0.3626,0.3629,12012428.93,ADA-USD,6h
2023-02-25 18:00:00,0.3516,0.3631,0.3629,0.362,26732519.93,ADA-USD,6h
2023-02-26 00:00:00,0.3577,0.3623,0.362,0.3606,11584593.47,ADA-USD,6h
2023-02-26 06:00:00,0.36,0.3646,0.3605,0.3643,3924358.39,ADA-USD,6h
2023-02-26 12:00:00,0.3585,0.365,0.3642,0.3616,9910482.0,ADA-USD,6h
2023-02-26 18:00:00,0.3608,0.3703,0.3616,0.3691,15234251.01,ADA-USD,6h
2023-02-27 00:00:00,0.3621,0.3692,0.3691,0.363,9754435.69,ADA-USD,6h
2023-02-27 06:00:00,0.3596,0.3645,0.3629,0.3636,5791485.59,ADA-USD,6h
2023-02-27 12:00:00,0.3612,0.3702,0.3636,0.3626,13626790.61,ADA-USD,6h
2023-02-27 18:00:00,0.3576,0.3652,0.3627,0.3646,10926828.36,ADA-USD,6h
2023-02-28 00:00:00,0.3624,0.3681,0.3646,0.364,7697343.68,ADA-USD,6h
2023-02-28 06:00:00,0.3592,0.3651,0.3642,0.3628,4937637.6,ADA-USD,6h
2023-02-28 12:00:00,0.3604,0.3646,0.3628,0.3629,7250872.79,ADA-USD,6h
2023-02-28 18:00:00,0.3486,0.363,0.3629,0.3518,16057472.97,ADA-USD,6h
2023-03-01 00:00:00,0.3493,0.3636,0.3519,0.3614,15955283.44,ADA-USD,6h
2023-03-01 06:00:00,0.3593,0.364,0.3614,0.3629,12518664.27,ADA-USD,6h
2023-03-01 12:00:00,0.3585,0.3644,0.3629,0.3611,9981687.45,ADA-USD,6h
2023-03-01 18:00:00,0.3556,0.3617,0.3611,0.3602,13669799.47,ADA-USD,6h
2023-03-02 00:00:00,0.3536,0.3614,0.3601,0.3551,10221223.43,ADA-USD,6h
2023-03-02 06:00:00,0.3485,0.3562,0.3551,0.3512,13859400.58,ADA-USD,6h
2023-03-02 12:00:00,0.3445,0.3525,0.3514,0.3469,12998730.28,ADA-USD,6h
2023-03-02 18:00:00,0.346,0.3517,0.3468,0.3505,14530428.89,ADA-USD,6h
2023-03-03 00:00:00,0.321,0.3508,0.3504,0.3371,47160356.23,ADA-USD,6h
2023-03-03 06:00:00,0.3356,0.3401,0.3371,0.3389,8264831.08,ADA-USD,6h
2023-03-03 12:00:00,0.3347,0.3406,0.3388,0.3404,20603995.46,ADA-USD,6h
2023-03-03 18:00:00,0.3366,0.3438,0.3405,0.3432,13680089.14,ADA-USD,6h
2023-03-04 00:00:00,0.3391,0.3448,0.3431,0.3398,5359676.53,ADA-USD,6h
2023-03-04 06:00:00,0.3395,0.3423,0.3397,0.3419,2971009.16,ADA-USD,6h
2023-03-04 12:00:00,0.3315,0.3423,0.3418,0.3318,3062935.0,ADA-USD,6h
2023-03-04 18:00:00,0.3308,0.3369,0.3314,0.3367,712633.91,ADA-USD,6h
2023-03-05 00:00:00,0.3345,0.3431,0.3367,0.3399,9235593.39,ADA-USD,6h
2023-03-05 06:00:00,0.3372,0.3404,0.3401,0.3384,3234837.54,ADA-USD,6h
2023-03-05 12:00:00,0.3368,0.3413,0.3385,0.3372,4399427.96,ADA-USD,6h
2023-03-05 18:00:00,0.3347,0.3405,0.3371,0.3369,7385935.18,ADA-USD,6h
2023-03-06 00:00:00,0.3306,0.3387,0.337,0.3333,11875903.02,ADA-USD,6h
2023-03-06 06:00:00,0.3308,0.3346,0.3333,0.3313,6156789.44,ADA-USD,6h
2023-03-06 12:00:00,0.3292,0.337,0.3313,0.3341,13642821.59,ADA-USD,6h
2023-03-06 18:00:00,0.3293,0.3355,0.3341,0.3306,19171090.7,ADA-USD,6h
2023-03-07 00:00:00,0.3282,0.3349,0.3306,0.3327,12588046.96,ADA-USD,6h
2023-03-07 06:00:00,0.3257,0.3329,0.3324,0.3263,7124477.29,ADA-USD,6h
2023-03-07 12:00:00,0.3208,0.3297,0.3262,0.3294,18767796.86,ADA-USD,6h
2023-03-07 18:00:00,0.3249,0.3331,0.3294,0.3305,13743075.38,ADA-USD,6h
2023-03-08 00:00:00,0.3224,0.3327,0.3306,0.3228,11431220.5,ADA-USD,6h
2023-03-08 06:00:00,0.3213,0.3256,0.3227,0.324,11141515.74,ADA-USD,6h
2023-03-08 12:00:00,0.3167,0.3269,0.3242,0.3223,20701661.72,ADA-USD,6h
2023-03-08 18:00:00,0.3134,0.3249,0.3224,0.3176,15149844.25,ADA-USD,6h
2023-03-09 00:00:00,0.3149,0.3199,0.3175,0.3188,15404815.53,ADA-USD,6h
2023-03-09 06:00:00,0.3131,0.3196,0.3189,0.3174,10840933.1,ADA-USD,6h
2023-03-09 12:00:00,0.3141,0.3221,0.3175,0.3169,14759407.21,ADA-USD,6h
2023-03-09 18:00:00,0.303,0.3178,0.3169,0.3104,62405585.13,ADA-USD,6h
2023-03-10 00:00:00,0.305,0.3105,0.3104,0.3084,21851597.33,ADA-USD,6h
2023-03-10 06:00:00,0.2977,0.3089,0.3085,0.3038,34351333.21,ADA-USD,6h
2023-03-10 12:00:00,0.3016,0.3181,0.3037,0.3105,43907830.99,ADA-USD,6h
2023-03-10 18:00:00,0.308,0.319,0.3107,0.316,20613850.34,ADA-USD,6h
2023-03-11 00:00:00,0.3157,0.327,0.3159,0.3182,27587251.99,ADA-USD,6h
2023-03-11 06:00:00,0.3071,0.3197,0.3182,0.3095,19178844.18,ADA-USD,6h
2023-03-11 12:00:00,0.3045,0.3097,0.3094,0.3081,16438397.23,ADA-USD,6h
2023-03-11 18:00:00,0.3034,0.3098,0.3082,0.3074,14342071.67,ADA-USD,6h
2023-03-12 00:00:00,0.3043,0.3122,0.3074,0.3084,11547978.2,ADA-USD,6h
2023-03-12 06:00:00,0.3037,0.3092,0.3084,0.3089,7530079.13,ADA-USD,6h
2023-03-12 12:00:00,0.3053,0.3163,0.3089,0.3161,12645180.27,ADA-USD,6h
2023-03-12 18:00:00,0.3148,0.3336,0.3163,0.3325,28159592.18,ADA-USD,6h
2023-03-13 00:00:00,0.3317,0.3445,0.3324,0.3397,25916930.3,ADA-USD,6h
2023-03-13 06:00:00,0.3303,0.3434,0.3398,0.332,11683372.29,ADA-USD,6h
2023-03-13 12:00:00,0.328,0.3538,0.3319,0.3444,37672185.29,ADA-USD,6h
2023-03-13 18:00:00,0.3415,0.3484,0.3447,0.345,13345459.77,ADA-USD,6h
2023-03-14 00:00:00,0.3428,0.3495,0.345,0.3459,10925212.29,ADA-USD,6h
2023-03-14 06:00:00,0.3397,0.3462,0.3457,0.3434,9773486.23,ADA-USD,6h
2023-03-14 12:00:00,0.34,0.3695,0.3433,0.36,57889538.47,ADA-USD,6h
2023-03-14 18:00:00,0.3375,0.3607,0.3602,0.3445,37498488.78,ADA-USD,6h
2023-03-15 00:00:00,0.3404,0.3484,0.3442,0.3449,13346394.82,ADA-USD,6h
2023-03-15 06:00:00,0.3337,0.3457,0.3448,0.3388,14534886.08,ADA-USD,6h
2023-03-15 12:00:00,0.3166,0.3426,0.3387,0.3233,37217925.7,ADA-USD,6h
2023-03-15 18:00:00,0.321,0.33,0.3232,0.3255,18409955.53,ADA-USD,6h
2023-03-16 00:00:00,0.3184,0.3278,0.3255,0.3244,12521652.13,ADA-USD,6h
2023-03-16 06:00:00,0.3234,0.33,0.3245,0.3284,12518977.57,ADA-USD,6h
2023-03-16 12:00:00,0.3203,0.3288,0.3284,0.3238,15567620.36,ADA-USD,6h
2023-03-16 18:00:00,0.3199,0.33,0.3238,0.3255,33055375.97,ADA-USD,6h
2023-03-17 00:00:00,0.3219,0.3403,0.3255,0.3311,19904252.88,ADA-USD,6h
2023-03-17 06:00:00,0.3307,0.348,0.3313,0.347,12513436.25,ADA-USD,6h
2023-03-17 12:00:00,0.3315,0.3476,0.3472,0.339,16985721.47,ADA-USD,6h
2023-03-17 18:00:00,0.3363,0.3511,0.3388,0.3503,16647739.95,ADA-USD,6h
2023-03-18 00:00:00,0.3453,0.3579,0.3502,0.3536,14973949.91,ADA-USD,6h
2023-03-18 06:00:00,0.3469,0.3569,0.3536,0.3559,5893092.94,ADA-USD,6h
2023-03-18 12:00:00,0.3359,0.3573,0.3557,0.3427,18057176.71,ADA-USD,6h
2023-03-18 18:00:00,0.3362,0.3485,0.3427,0.3378,11718473.15,ADA-USD,6h
2023-03-19 00:00:00,0.3376,0.3453,0.3378,0.341,5863548.67,ADA-USD,6h
2023-03-19 06:00:00,0.3379,0.3451,0.3409,0.3443,4910227.09,ADA-USD,6h
2023-03-19 12:00:00,0.3428,0.3523,0.3443,0.3485,13669882.28,ADA-USD,6h
2023-03-19 18:00:00,0.3442,0.3536,0.3485,0.3461,15010002.09,ADA-USD,6h
2023-03-20 00:00:00,0.3356,0.3472,0.3461,0.3414,14004997.68,ADA-USD,6h
2023-03-20 06:00:00,0.3407,0.347,0.3412,0.3444,8351463.35,ADA-USD,6h
2023-03-20 12:00:00,0.3337,0.345,0.3445,0.3339,14591804.24,ADA-USD,6h
2023-03-20 18:00:00,0.3317,0.3387,0.334,0.3336,12037197.7,ADA-USD,6h
2023-03-21 00:00:00,0.3328,0.345,0.3333,0.3371,7951716.12,ADA-USD,6h
2023-03-21 06:00:00,0.3305,0.3419,0.337,0.3401,7346399.17,ADA-USD,6h
2023-03-21 12:00:00,0.3394,0.3597,0.34,0.3534,20078275.22,ADA-USD,6h
2023-03-21 18:00:00,0.3521,0.3877,0.3531,0.3708,39058799.39,ADA-USD,6h
2023-03-22 00:00:00,0.3664,0.3882,0.3707,0.3879,25767423.75,ADA-USD,6h
2023-03-22 06:00:00,0.3674,0.3881,0.3879,0.3712,16688091.31,ADA-USD,6h
2023-03-22 12:00:00,0.3699,0.3854,0.3713,0.373,19622402.58,ADA-USD,6h
2023-03-22 18:00:00,0.3499,0.3823,0.3729,0.3605,41410695.39,ADA-USD,6h
2023-03-23 00:00:00,0.3544,0.3638,0.3605,0.3629,10681575.52,ADA-USD,6h
2023-03-23 06:00:00,0.3621,0.376,0.3629,0.3735,10480137.6,ADA-USD,6h
2023-03-23 12:00:00,0.3671,0.3861,0.3737,0.3775,21434324.63,ADA-USD,6h
2023-03-23 18:00:00,0.368,0.3775,0.3775,0.3724,15433713.43,ADA-USD,6h
2023-03-24 00:00:00,0.3642,0.3734,0.3723,0.3669,9646519.45,ADA-USD,6h
2023-03-24 06:00:00,0.3575,0.3687,0.3669,0.3592,14132589.01,ADA-USD,6h
2023-03-24 12:00:00,0.357,0.3647,0.3592,0.3608,17450297.39,ADA-USD,6h
2023-03-24 18:00:00,0.3556,0.3649,0.3609,0.3602,13252815.36,ADA-USD,6h
2023-03-25 00:00:00,0.3577,0.3633,0.3602,0.3601,4834023.31,ADA-USD,6h
2023-03-25 06:00:00,0.3588,0.3625,0.3599,0.3594,2599513.29,ADA-USD,6h
2023-03-25 12:00:00,0.3532,0.3613,0.359,0.3562,5255100.52,ADA-USD,6h
2023-03-25 18:00:00,0.3491,0.3573,0.3561,0.3518,7981712.89,ADA-USD,6h
2023-03-26 00:00:00,0.349,0.3576,0.3517,0.3575,5330723.71,ADA-USD,6h
2023-03-26 06:00:00,0.3542,0.3598,0.3574,0.3588,4223502.32,ADA-USD,6h
2023-03-26 12:00:00,0.3519,0.3617,0.3589,0.355,7442284.07,ADA-USD,6h
2023-03-26 18:00:00,0.3517,0.3577,0.3551,0.3562,5065980.82,ADA-USD,6h
2023-03-27 00:00:00,0.3467,0.3576,0.3561,0.3482,5957492.25,ADA-USD,6h
2023-03-27 06:00:00,0.3467,0.3535,0.3481,0.3532,4846457.55,ADA-USD,6h
2023-03-27 12:00:00,0.3369,0.357,0.3532,0.3399,18838389.72,ADA-USD,6h
2023-03-27 18:00:00,0.3388,0.3462,0.3399,0.3458,6798554.17,ADA-USD,6h
2023-03-28 00:00:00,0.3429,0.3509,0.3457,0.3509,5663079.39,ADA-USD,6h
2023-03-28 06:00:00,0.3451,0.3536,0.3508,0.3521,7142676.33,ADA-USD,6h
2023-03-28 12:00:00,0.3506,0.3608,0.3521,0.3568,10887976.42,ADA-USD,6h
2023-03-28 18:00:00,0.356,0.3703,0.3567,0.3683,12068395.19,ADA-USD,6h
2023-03-29 00:00:00,0.3667,0.38,0.3682,0.3765,15047849.48,ADA-USD,6h
2023-03-29 06:00:00,0.3756,0.3899,0.3765,0.3889,25883862.26,ADA-USD,6h
2023-03-29 12:00:00,0.3784,0.3899,0.3889,0.3872,17043736.23,ADA-USD,6h
2023-03-29 18:00:00,0.3806,0.3883,0.3872,0.3811,8663662.24,ADA-USD,6h
2023-03-30 00:00:00,0.3725,0.389,0.3813,0.3784,19643235.05,ADA-USD,6h
2023-03-30 06:00:00,0.3744,0.3823,0.3782,0.382,6434301.98,ADA-USD,6h
2023-03-30 12:00:00,0.3697,0.3829,0.3822,0.3705,16857759.29,ADA-USD,6h
2023-03-30 18:00:00,0.3699,0.3787,0.3704,0.3762,9976842.61,ADA-USD,6h
2023-03-31 00:00:00,0.3742,0.3802,0.3762,0.3787,5675903.57,ADA-USD,6h
2023-03-31 06:00:00,0.3755,0.3979,0.3787,0.3935,15830462.48,ADA-USD,6h
2023-03-31 12:00:00,0.3915,0.4085,0.3936,0.4073,30787967.88,ADA-USD,6h
2023-03-31 18:00:00,0.398,0.4093,0.4074,0.3991,13121044.78,ADA-USD,6h
2023-04-01 00:00:00,0.3938,0.4029,0.399,0.3964,7607401.71,ADA-USD,6h
2023-04-01 06:00:00,0.3884,0.3965,0.3963,0.3903,6317106.57,ADA-USD,6h
2023-04-01 12:00:00,0.3887,0.3936,0.3902,0.3912,6129896.75,ADA-USD,6h
2023-04-01 18:00:00,0.391,0.3967,0.3912,0.3921,6946221.34,ADA-USD,6h
2023-04-02 00:00:00,0.3815,0.3932,0.3922,0.3892,8563053.66,ADA-USD,6h
2023-04-02 06:00:00,0.383,0.3892,0.3892,0.3837,3131718.01,ADA-USD,6h
2023-04-02 12:00:00,0.3774,0.3852,0.3837,0.3825,8749755.12,ADA-USD,6h
2023-04-02 18:00:00,0.3761,0.3828,0.3825,0.3818,6908593.08,ADA-USD,6h
2023-04-03 00:00:00,0.3711,0.3866,0.3816,0.3839,8223188.04,ADA-USD,6h
2023-04-03 06:00:00,0.3842,0.4049,0.3842,0.3964,21995582.7,ADA-USD,6h
2023-04-03 12:00:00,0.3815,0.3977,0.3964,0.3855,16078568.8,ADA-USD,6h
2023-04-03 18:00:00,0.3754,0.3981,0.3855,0.3871,24406586.33,ADA-USD,6h
2023-04-04 00:00:00,0.3846,0.3955,0.3874,0.3901,7993962.4,ADA-USD,6h
2023-04-04 06:00:00,0.3895,0.3992,0.3901,0.3981,9088458.01,ADA-USD,6h
2023-04-04 12:00:00,0.3882,0.4001,0.3982,0.392,19146419.75,ADA-USD,6h
2023-04-04 18:00:00,0.3878,0.3944,0.3919,0.3897,7692516.9,ADA-USD,6h
2023-04-05 00:00:00,0.387,0.3986,0.3897,0.3966,8875700.49,ADA-USD,6h
2023-04-05 06:00:00,0.3937,0.4,0.3965,0.3985,5325347.59,ADA-USD,6h
2023-04-05 12:00:00,0.3882,0.4003,0.3986,0.3919,11106942.28,ADA-USD,6h
2023-04-05 18:00:00,0.3901,0.3949,0.3919,0.3923,7337703.09,ADA-USD,6h
2023-04-06 00:00:00,0.3845,0.3923,0.3922,0.3887,7624310.11,ADA-USD,6h
2023-04-06 06:00:00,0.3766,0.3899,0.3886,0.3818,10423526.21,ADA-USD,6h
2023-04-06 12:00:00,0.3793,0.3868,0.3818,0.3862,9742499.39,ADA-USD,6h
2023-04-06 18:00:00,0.381,0.3865,0.3862,0.3833,4731165.24,ADA-USD,6h
2023-04-07 00:00:00,0.3796,0.3847,0.3832,0.3814,4078647.21,ADA-USD,6h
2023-04-07 06:00:00,0.3761,0.3818,0.3816,0.3792,5475096.37,ADA-USD,6h
2023-04-07 12:00:00,0.3775,0.3854,0.3792,0.3839,5909002.79,ADA-USD,6h
2023-04-07 18:00:00,0.3801,0.3875,0.3838,0.3839,6882932.3,ADA-USD,6h
2023-04-08 00:00:00,0.3807,0.3902,0.3838,0.3902,4397827.32,ADA-USD,6h
2023-04-08 06:00:00,0.3877,0.3906,0.3902,0.3889,3537129.51,ADA-USD,6h
2023-04-08 12:00:00,0.3865,0.3893,0.389,0.387,5732572.65,ADA-USD,6h
2023-04-08 18:00:00,0.3826,0.3878,0.3868,0.3857,4084156.0,ADA-USD,6h
2023-04-09 00:00:00,0.3855,0.39,0.3855,0.3875,4127204.78,ADA-USD,6h
2023-04-09 06:00:00,0.3845,0.3882,0.3876,0.388,4126634.89,ADA-USD,6h
2023-04-09 12:00:00,0.3867,0.39,0.3878,0.3874,4987610.99,ADA-USD,6h
2023-04-09 18:00:00,0.3871,0.3936,0.3872,0.3897,6589744.88,ADA-USD,6h
2023-04-10 00:00:00,0.385,0.3912,0.3897,0.388,4914980.03,ADA-USD,6h
2023-04-10 06:00:00,0.3866,0.389,0.388,0.3873,3023533.29,ADA-USD,6h
2023-04-10 12:00:00,0.3861,0.3941,0.3872,0.3918,10958713.3,ADA-USD,6h
2023-04-10 18:00:00,0.3881,0.3981,0.3918,0.3973,13314039.17,ADA-USD,6h
2023-04-11 00:00:00,0.396,0.4078,0.3973,0.4047,15763369.53,ADA-USD,6h
2023-04-11 06:00:00,0.4043,0.4134,0.4048,0.4079,10974882.23,ADA-USD,6h
2023-04-11 12:00:00,0.3973,0.41,0.4078,0.4019,28775907.88,ADA-USD,6h
2023-04-11 18:00:00,0.398,0.4042,0.402,0.4021,8414443.15,ADA-USD,6h
2023-04-12 00:00:00,0.3892,0.405,0.402,0.3933,15153676.61,ADA-USD,6h
2023-04-12 06:00:00,0.3919,0.3966,0.3932,0.3947,5024389.1,ADA-USD,6h
2023-04-12 12:00:00,0.3946,0.4067,0.3946,0.4012,18343799.92,ADA-USD,6h
2023-04-12 18:00:00,0.4002,0.4069,0.4011,0.4051,12079425.82,ADA-USD,6h
2023-04-13 00:00:00,0.403,0.41,0.4051,0.4067,7964987.28,ADA-USD,6h
2023-04-13 06:00:00,0.4,0.4171,0.4065,0.4117,15764794.09,ADA-USD,6h
2023-04-13 12:00:00,0.4089,0.4231,0.4117,0.4151,20797558.77,ADA-USD,6h
2023-04-13 18:00:00,0.4148,0.4293,0.415,0.4256,23710293.51,ADA-USD,6h
2023-04-14 00:00:00,0.4234,0.4438,0.4257,0.4419,34768289.67,ADA-USD,6h
2023-04-14 06:00:00,0.4339,0.4443,0.4419,0.4439,17039886.93,ADA-USD,6h
2023-04-14 12:00:00,0.4248,0.4446,0.4438,0.4326,39244385.9,ADA-USD,6h
2023-04-14 18:00:00,0.4298,0.4404,0.4326,0.4385,11892361.53,ADA-USD,6h
2023-04-15 00:00:00,0.4315,0.4403,0.4384,0.4398,10569150.69,ADA-USD,6h
2023-04-15 06:00:00,0.4387,0.4582,0.4398,0.456,25744761.25,ADA-USD,6h
2023-04-15 12:00:00,0.4501,0.4625,0.456,0.4519,25720878.14,ADA-USD,6h
2023-04-15 18:00:00,0.4471,0.4571,0.4518,0.4528,15886119.43,ADA-USD,6h
2023-04-16 00:00:00,0.4474,0.4582,0.4528,0.4526,13347517.84,ADA-USD,6h
2023-04-16 06:00:00,0.4438,0.4533,0.4524,0.4446,8106191.13,ADA-USD,6h
2023-04-16 12:00:00,0.4426,0.449,0.4446,0.4486,10286068.26,ADA-USD,6h
2023-04-16 18:00:00,0.4465,0.4547,0.4485,0.4516,12327479.02,ADA-USD,6h
2023-04-17 00:00:00,0.4386,0.4519,0.4514,0.4442,17189218.69,ADA-USD,6h
2023-04-17 06:00:00,0.4378,0.4461,0.4442,0.443,14006877.77,ADA-USD,6h
2023-04-17 12:00:00,0.4327,0.447,0.443,0.437,23164008.86,ADA-USD,6h
2023-04-17 18:00:00,0.4315,0.4393,0.4372,0.4345,7303292.9,ADA-USD,6h
2023-04-18 00:00:00,0.428,0.4428,0.4345,0.442,9916838.36,ADA-USD,6h
2023-04-18 06:00:00,0.4395,0.4479,0.4418,0.4476,11739516.67,ADA-USD,6h
2023-04-18 12:00:00,0.4367,0.4482,0.4478,0.4371,18944149.49,ADA-USD,6h
2023-04-18 18:00:00,0.4358,0.4442,0.4372,0.4436,12106436.47,ADA-USD,6h
2023-04-19 00:00:00,0.4353,0.4436,0.4436,0.4387,12702919.9,ADA-USD,6h
2023-04-19 06:00:00,0.41,0.4392,0.4386,0.4198,45856233.41,ADA-USD,6h
2023-04-19 12:00:00,0.4167,0.4255,0.4196,0.4208,28632028.3,ADA-USD,6h
2023-04-19 18:00:00,0.4076,0.4221,0.4208,0.4164,13981938.73,ADA-USD,6h
2023-04-20 00:00:00,0.4125,0.4223,0.4163,0.4183,10287342.64,ADA-USD,6h
2023-04-20 06:00:00,0.4115,0.4213,0.4183,0.4118,16370528.46,ADA-USD,6h
2023-04-20 12:00:00,0.3956,0.418,0.4118,0.3976,23246686.57,ADA-USD,6h
2023-04-20 18:00:00,0.396,0.4058,0.3975,0.4006,13733495.63,ADA-USD,6h
2023-04-21 00:00:00,0.3987,0.4058,0.4007,0.4036,7721507.02,ADA-USD,6h
2023-04-21 06:00:00,0.3988,0.4072,0.4033,0.4002,11184896.31,ADA-USD,6h
2023-04-21 12:00:00,0.3901,0.4046,0.4001,0.3931,25904075.86,ADA-USD,6h
2023-04-21 18:00:00,0.3789,0.3938,0.3932,0.3824,29817102.58,ADA-USD,6h
2023-04-22 00:00:00,0.3811,0.3885,0.3823,0.3885,5312244.44,ADA-USD,6h
2023-04-22 06:00:00,0.3842,0.3899,0.3886,0.3891,3422711.01,ADA-USD,6h
2023-04-22 12:00:00,0.3891,0.399,0.3894,0.3972,8717725.24,ADA-USD,6h
2023-04-22 18:00:00,0.3927,0.3978,0.3969,0.3957,7024315.47,ADA-USD,6h
2023-04-23 00:00:00,0.3881,0.3958,0.3956,0.3935,4621619.3,ADA-USD,6h
2023-04-23 06:00:00,0.3901,0.3952,0.3935,0.3913,3544683.39,ADA-USD,6h
2023-04-23 12:00:00,0.383,0.3931,0.3916,0.3843,5468757.12,ADA-USD,6h
2023-04-23 18:00:00,0.38,0.3902,0.3842,0.3889,7152027.96,ADA-USD,6h
2023-04-24 00:00:00,0.3856,0.3976,0.3887,0.3894,4888756.65,ADA-USD,6h
2023-04-24 06:00:00,0.382,0.3901,0.3893,0.3895,4201753.82,ADA-USD,6h
2023-04-24 12:00:00,0.3795,0.3941,0.3897,0.3851,6157276.94,ADA-USD,6h
2023-04-24 18:00:00,0.3812,0.388,0.3851,0.3837,5607703.77,ADA-USD,6h
2023-04-25 00:00:00,0.3763,0.3847,0.3837,0.3824,4488510.26,ADA-USD,6h
2023-04-25 06:00:00,0.3771,0.3834,0.3826,0.3796,3998536.69,ADA-USD,6h
2023-04-25 12:00:00,0.3775,0.3849,0.3798,0.3841,7490479.24,ADA-USD,6h
2023-04-25 18:00:00,0.3815,0.3954,0.3841,0.3948,11719434.99,ADA-USD,6h
2023-04-26 00:00:00,0.3928,0.3982,0.3944,0.397,6813423.08,ADA-USD,6h
2023-04-26 06:00:00,0.395,0.4074,0.397,0.4056,6174559.46,ADA-USD,6h
2023-04-26 12:00:00,0.4055,0.4173,0.4055,0.4128,12244498.6,ADA-USD,6h
2023-04-26 18:00:00,0.3782,0.4139,0.4126,0.4015,20836970.77,ADA-USD,6h
2023-04-27 00:00:00,0.401,0.413,0.4016,0.4095,6454184.7,ADA-USD,6h
2023-04-27 06:00:00,0.4041,0.4134,0.4095,0.4049,5366591.57,ADA-USD,6h
2023-04-27 12:00:00,0.4032,0.4162,0.4048,0.4146,9943469.31,ADA-USD,6h
2023-04-27 18:00:00,0.4052,0.4186,0.4145,0.4102,9592102.29,ADA-USD,6h
2023-04-28 00:00:00,0.4066,0.4111,0.41,0.4092,3346266.79,ADA-USD,6h
2023-04-28 06:00:00,0.4018,0.411,0.4094,0.4026,5521549.25,ADA-USD,6h
2023-04-28 12:00:00,0.3971,0.406,0.4024,0.404,10214916.82,ADA-USD,6h
2023-04-28 18:00:00,0.4021,0.4067,0.4041,0.4048,3859619.64,ADA-USD,6h
2023-04-29 00:00:00,0.4029,0.4064,0.4047,0.4045,3026002.11,ADA-USD,6h
2023-04-29 06:00:00,0.4022,0.4052,0.4043,0.4039,2157878.5,ADA-USD,6h
2023-04-29 12:00:00,0.4,0.408,0.4037,0.4032,5036580.49,ADA-USD,6h
2023-04-29 18:00:00,0.401,0.405,0.4032,0.4026,2822556.53,ADA-USD,6h
2023-04-30 00:00:00,0.3986,0.4028,0.4027,0.402,2918972.11,ADA-USD,6h
2023-04-30 06:00:00,0.3991,0.4031,0.402,0.3994,1441430.1,ADA-USD,6h
2023-04-30 12:00:00,0.3991,0.4152,0.3992,0.4081,7009800.97,ADA-USD,6h
2023-04-30 18:00:00,0.3949,0.4082,0.4081,0.3959,5672646.03,ADA-USD,6h
2023-05-01 00:00:00,0.3862,0.3983,0.396,0.3918,7287453.47,ADA-USD,6h
2023-05-01 06:00:00,0.3888,0.392,0.3918,0.389,1923034.68,ADA-USD,6h
2023-05-01 12:00:00,0.3825,0.3913,0.3887,0.386,8184227.88,ADA-USD,6h
2023-05-01 18:00:00,0.3803,0.388,0.386,0.3868,7493358.01,ADA-USD,6h
2023-05-02 00:00:00,0.3834,0.3878,0.3867,0.3859,3631113.96,ADA-USD,6h
2023-05-02 06:00:00,0.3844,0.3884,0.3859,0.3857,3176040.07,ADA-USD,6h
2023-05-02 12:00:00,0.3814,0.3915,0.3859,0.3903,8880136.94,ADA-USD,6h
2023-05-02 18:00:00,0.3889,0.395,0.3902,0.392,7520079.9,ADA-USD,6h
2023-05-03 00:00:00,0.385,0.3921,0.392,0.386,4820353.29,ADA-USD,6h
2023-05-03 06:00:00,0.3811,0.3885,0.3859,0.3817,5216213.74,ADA-USD,6h
2023-05-03 12:00:00,0.3785,0.385,0.3814,0.3821,8630653.16,ADA-USD,6h
2023-05-03 18:00:00,0.3817,0.3965,0.3821,0.3942,14100606.72,ADA-USD,6h
2023-05-04 00:00:00,0.3903,0.3965,0.3942,0.3959,5443769.77,ADA-USD,6h
2023-05-04 06:00:00,0.3914,0.3963,0.3959,0.3933,2919461.85,ADA-USD,6h
2023-05-04 12:00:00,0.3875,0.3942,0.3934,0.3886,4613132.48,ADA-USD,6h
2023-05-04 18:00:00,0.3851,0.3885,0.3885,0.3876,4093561.64,ADA-USD,6h
2023-05-05 00:00:00,0.3868,0.3935,0.3874,0.3911,5481986.07,ADA-USD,6h
2023-05-05 06:00:00,0.3873,0.392,0.3909,0.389,2628637.29,ADA-USD,6h
2023-05-05 12:00:00,0.3825,0.3973,0.3891,0.3932,11919244.11,ADA-USD,6h
2023-05-05 18:00:00,0.3912,0.3956,0.393,0.3947,5285897.52,ADA-USD,6h
2023-05-06 00:00:00,0.3891,0.3971,0.3945,0.3904,4767238.79,ADA-USD,6h
2023-05-06 06:00:00,0.3844,0.391,0.3903,0.3873,4275918.36,ADA-USD,6h
2023-05-06 12:00:00,0.3742,0.3874,0.3874,0.3801,10899201.43,ADA-USD,6h
2023-05-06 18:00:00,0.3783,0.3833,0.3801,0.3797,4949475.86,ADA-USD,6h
2023-05-07 00:00:00,0.3785,0.3833,0.3796,0.3818,4779887.17,ADA-USD,6h
2023-05-07 06:00:00,0.3798,0.3824,0.3818,0.381,2493476.21,ADA-USD,6h
2023-05-07 12:00:00,0.3792,0.3838,0.381,0.3802,3511102.87,ADA-USD,6h
2023-05-07 18:00:00,0.3745,0.3813,0.3801,0.3765,6646341.95,ADA-USD,6h
2023-05-08 00:00:00,0.3633,0.38,0.3765,0.3695,14621569.17,ADA-USD,6h
2023-05-08 06:00:00,0.3631,0.3708,0.3694,0.3698,5416663.76,ADA-USD,6h
2023-05-08 12:00:00,0.3614,0.376,0.3698,0.3614,9133546.56,ADA-USD,6h
2023-05-08 18:00:00,0.3539,0.3668,0.3614,0.3658,14460425.74,ADA-USD,6h
2023-05-09 00:00:00,0.3633,0.3708,0.3658,0.3648,6785263.1,ADA-USD,6h
2023-05-09 06:00:00,0.3613,0.3656,0.3648,0.3649,5906359.14,ADA-USD,6h
2023-05-09 12:00:00,0.36,0.3678,0.365,0.3633,8737148.6,ADA-USD,6h
2023-05-09 18:00:00,0.3605,0.366,0.3633,0.3636,6573401.45,ADA-USD,6h
2023-05-10 00:00:00,0.3634,0.3664,0.3636,0.3641,5319932.66,ADA-USD,6h
2023-05-10 06:00:00,0.3547,0.3642,0.3641,0.3584,8219921.94,ADA-USD,6h
2023-05-10 12:00:00,0.3565,0.3735,0.3585,0.3653,33422126.18,ADA-USD,6h
2023-05-10 18:00:00,0.3641,0.3728,0.3651,0.3695,13082007.74,ADA-USD,6h
2023-05-11 00:00:00,0.3637,0.3699,0.3696,0.367,5759842.28,ADA-USD,6h
2023-05-11 06:00:00,0.3592,0.3672,0.367,0.3594,6347451.25,ADA-USD,6h
2023-05-11 12:00:00,0.35,0.3625,0.3594,0.353,20783464.88,ADA-USD,6h
2023-05-11 18:00:00,0.3505,0.3612,0.3528,0.3602,8994682.72,ADA-USD,6h
2023-05-12 00:00:00,0.3543,0.3637,0.3602,0.3607,9875165.51,ADA-USD,6h
2023-05-12 06:00:00,0.3572,0.3675,0.3607,0.3646,9006201.86,ADA-USD,6h
2023-05-12 12:00:00,0.3582,0.3676,0.3647,0.3593,10987272.71,ADA-USD,6h
2023-05-12 18:00:00,0.3535,0.371,0.3592,0.3707,11017576.74,ADA-USD,6h
2023-05-13 00:00:00,0.3658,0.3712,0.3707,0.3668,4378192.35,ADA-USD,6h
2023-05-13 06:00:00,0.3641,0.3687,0.3668,0.365,2466223.29,ADA-USD,6h
2023-05-13 12:00:00,0.3625,0.3664,0.365,0.3639,3767604.66,ADA-USD,6h
2023-05-13 18:00:00,0.3626,0.3665,0.3638,0.3648,3951230.07,ADA-USD,6h
2023-05-14 00:00:00,0.3628,0.3692,0.3648,0.3681,3843050.32,ADA-USD,6h
2023-05-14 06:00:00,0.3665,0.369,0.3682,0.3672,1414282.88,ADA-USD,6h
2023-05-14 12:00:00,0.3663,0.3732,0.3672,0.3698,3991048.83,ADA-USD,6h
2023-05-14 18:00:00,0.3673,0.3712,0.3697,0.3711,3818491.13,ADA-USD,6h
2023-05-15 00:00:00,0.3663,0.376,0.3711,0.3725,7538811.49,ADA-USD,6h
2023-05-15 06:00:00,0.3688,0.3752,0.3725,0.3697,3626453.14,ADA-USD,6h
2023-05-15 12:00:00,0.3677,0.3727,0.3698,0.3713,7876106.37,ADA-USD,6h
2023-05-15 18:00:00,0.366,0.3719,0.3713,0.367,3871142.01,ADA-USD,6h
2023-05-16 00:00:00,0.3616,0.369,0.367,0.3647,5744872.85,ADA-USD,6h
2023-05-16 06:00:00,0.3639,0.3708,0.3647,0.3668,11245728.49,ADA-USD,6h
2023-05-16 12:00:00,0.3639,0.368,0.3668,0.3676,7975441.44,ADA-USD,6h
2023-05-16 18:00:00,0.3643,0.3687,0.3676,0.3684,6853358.96,ADA-USD,6h
2023-05-17 00:00:00,0.3664,0.3772,0.3684,0.3697,12181659.23,ADA-USD,6h
2023-05-17 06:00:00,0.3647,0.3699,0.3697,0.3651,8486639.25,ADA-USD,6h
2023-05-17 12:00:00,0.3646,0.3732,0.3651,0.3725,9073850.91,ADA-USD,6h
2023-05-17 18:00:00,0.3727,0.3805,0.3727,0.3757,16975203.41,ADA-USD,6h
2023-05-18 00:00:00,0.3738,0.3793,0.3757,0.3779,6558999.51,ADA-USD,6h
2023-05-18 06:00:00,0.375,0.3803,0.378,0.3792,6913809.81,ADA-USD,6h
2023-05-18 12:00:00,0.3663,0.3792,0.3791,0.3679,11126490.46,ADA-USD,6h
2023-05-18 18:00:00,0.3658,0.3756,0.3677,0.3713,11423578.53,ADA-USD,6h
2023-05-19 00:00:00,0.3661,0.3729,0.3714,0.3707,5124238.68,ADA-USD,6h
2023-05-19 06:00:00,0.3684,0.3716,0.3708,0.3689,2194352.73,ADA-USD,6h
2023-05-19 12:00:00,0.3674,0.3731,0.3689,0.37,6503653.23,ADA-USD,6h
2023-05-19 18:00:00,0.3662,0.37,0.3699,0.3683,4447094.77,ADA-USD,6h
2023-05-20 00:00:00,0.364,0.3685,0.3682,0.3649,4411738.15,ADA-USD,6h
2023-05-20 06:00:00,0.3636,0.3664,0.3649,0.3654,3049265.22,ADA-USD,6h
2023-05-20 12:00:00,0.3642,0.367,0.3653,0.3668,3446588.66,ADA-USD,6h
2023-05-20 18:00:00,0.3641,0.3672,0.3668,0.3665,2721571.74,ADA-USD,6h
2023-05-21 00:00:00,0.3647,0.3677,0.3663,0.3653,2656054.73,ADA-USD,6h
2023-05-21 06:00:00,0.3603,0.3655,0.3654,0.3615,2363765.83,ADA-USD,6h
2023-05-21 12:00:00,0.3579,0.3649,0.3613,0.3601,5993126.93,ADA-USD,6h
2023-05-21 18:00:00,0.3572,0.3616,0.3601,0.3604,3963300.08,ADA-USD,6h
2023-05-22 00:00:00,0.3564,0.3632,0.3603,0.3622,5119213.06,ADA-USD,6h
2023-05-22 06:00:00,0.3618,0.3742,0.3623,0.3681,8986497.48,ADA-USD,6h
2023-05-22 12:00:00,0.3662,0.3702,0.3681,0.3677,6169780.01,ADA-USD,6h
2023-05-22 18:00:00,0.3672,0.3707,0.3677,0.3678,5110752.34,ADA-USD,6h
2023-05-23 00:00:00,0.3659,0.3755,0.3679,0.3713,8755700.19,ADA-USD,6h
2023-05-23 06:00:00,0.369,0.3724,0.3714,0.3707,3399786.83,ADA-USD,6h
2023-05-23 12:00:00,0.3689,0.3718,0.3707,0.37,5119489.18,ADA-USD,6h
2023-05-23 18:00:00,0.3688,0.3725,0.3699,0.3703,4385260.31,ADA-USD,6h
2023-05-24 00:00:00,0.3619,0.3706,0.3703,0.3649,5731839.59,ADA-USD,6h
2023-05-24 06:00:00,0.3637,0.3693,0.3648,0.3653,5727678.88,ADA-USD,6h
2023-05-24 12:00:00,0.3602,0.366,0.3653,0.3626,9256834.52,ADA-USD,6h
2023-05-24 18:00:00,0.3616,0.3652,0.3626,0.364,5234230.83,ADA-USD,6h
2023-05-25 00:00:00,0.3551,0.3648,0.364,0.3597,7469645.82,ADA-USD,6h
2023-05-25 06:00:00,0.3559,0.3604,0.3597,0.3582,4873722.59,ADA-USD,6h
2023-05-25 12:00:00,0.3551,0.3602,0.3582,0.3569,5834532.83,ADA-USD,6h
2023-05-25 18:00:00,0.3564,0.3611,0.3569,0.3581,6300835.96,ADA-USD,6h
2023-05-26 00:00:00,0.3537,0.3587,0.3581,0.3559,7082887.54,ADA-USD,6h
2023-05-26 06:00:00,0.3554,0.3587,0.3559,0.3571,3294892.23,ADA-USD,6h
2023-05-26 12:00:00,0.3558,0.3635,0.357,0.3591,11063916.97,ADA-USD,6h
2023-05-26 18:00:00,0.3585,0.3671,0.359,0.3629,8655062.53,ADA-USD,6h
2023-05-27 00:00:00,0.3616,0.3672,0.3629,0.3644,4639805.88,ADA-USD,6h
2023-05-27 06:00:00,0.3625,0.3647,0.3645,0.3634,1513965.09,ADA-USD,6h
2023-05-27 12:00:00,0.3608,0.3645,0.3635,0.3637,3241400.07,ADA-USD,6h
2023-05-27 18:00:00,0.3633,0.3675,0.3636,0.3668,3433353.39,ADA-USD,6h
2023-05-28 00:00:00,0.3662,0.3745,0.3669,0.3737,6725500.47,ADA-USD,6h
2023-05-28 06:00:00,0.367,0.3785,0.3737,0.3755,7513381.71,ADA-USD,6h
2023-05-28 12:00:00,0.3747,0.3793,0.3756,0.3767,5696965.74,ADA-USD,6h
2023-05-28 18:00:00,0.3761,0.3849,0.3768,0.3827,9866680.44,ADA-USD,6h
2023-05-29 00:00:00,0.3785,0.3864,0.3829,0.3809,8550920.02,ADA-USD,6h
2023-05-29 06:00:00,0.3779,0.3815,0.3809,0.3796,2955576.64,ADA-USD,6h
2023-05-29 12:00:00,0.3756,0.3814,0.3795,0.3791,12491988.78,ADA-USD,6h
2023-05-29 18:00:00,0.3774,0.3805,0.3791,0.3788,4354450.86,ADA-USD,6h
2023-05-30 00:00:00,0.3779,0.3834,0.3788,0.3801,4264375.89,ADA-USD,6h
2023-05-30 06:00:00,0.379,0.3834,0.3802,0.3822,4356192.86,ADA-USD,6h
2023-05-30 12:00:00,0.3748,0.3822,0.3821,0.3777,9985160.01,ADA-USD,6h
2023-05-30 18:00:00,0.3765,0.3797,0.3777,0.378,5104715.36,ADA-USD,6h
2023-05-31 00:00:00,0.3726,0.3809,0.3779,0.3745,11429199.58,ADA-USD,6h
2023-05-31 06:00:00,0.3725,0.3762,0.3744,0.3735,4796559.38,ADA-USD,6h
2023-05-31 12:00:00,0.3702,0.3756,0.3734,0.3748,10520329.13,ADA-USD,6h
2023-05-31 18:00:00,0.3733,0.3774,0.3747,0.3744,5327258.16,ADA-USD,6h
2023-06-01 00:00:00,0.3632,0.3759,0.3744,0.3655,11899239.57,ADA-USD,6h
2023-06-01 06:00:00,0.361,0.3656,0.3652,0.3635,5022560.38,ADA-USD,6h
2023-06-01 12:00:00,0.3624,0.3672,0.3634,0.3657,10522335.31,ADA-USD,6h
2023-06-01 18:00:00,0.3632,0.3674,0.3656,0.3645,8248901.92,ADA-USD,6h
2023-06-02 00:00:00,0.362,0.3748,0.3646,0.3724,7041614.0,ADA-USD,6h
2023-06-02 06:00:00,0.3713,0.378,0.3724,0.3753,5597767.62,ADA-USD,6h
2023-06-02 12:00:00,0.3724,0.3779,0.3753,0.3756,7657607.88,ADA-USD,6h
2023-06-02 18:00:00,0.3752,0.3795,0.3756,0.3783,3991387.03,ADA-USD,6h
2023-06-03 00:00:00,0.3751,0.3783,0.3782,0.3766,2485349.55,ADA-USD,6h
2023-06-03 06:00:00,0.3752,0.3783,0.3766,0.376,1542653.54,ADA-USD,6h
2023-06-03 12:00:00,0.3753,0.3781,0.376,0.3755,2367231.57,ADA-USD,6h
2023-06-03 18:00:00,0.3731,0.3763,0.3754,0.3762,2848054.7,ADA-USD,6h
2023-06-04 00:00:00,0.3748,0.3798,0.3761,0.3791,2945625.07,ADA-USD,6h
2023-06-04 06:00:00,0.379,0.3819,0.379,0.38,2334143.13,ADA-USD,6h
2023-06-04 12:00:00,0.3795,0.382,0.3799,0.3804,2943798.4,ADA-USD,6h
2023-06-04 18:00:00,0.3771,0.382,0.3805,0.3774,4772906.43,ADA-USD,6h
2023-06-05 00:00:00,0.3733,0.3792,0.3775,0.3747,4252961.62,ADA-USD,6h
2023-06-05 06:00:00,0.3727,0.3756,0.3746,0.3738,1894777.07,ADA-USD,6h
2023-06-05 12:00:00,0.347,0.3738,0.3738,0.3516,27406458.18,ADA-USD,6h
2023-06-05 18:00:00,0.3478,0.3531,0.3515,0.3516,14541786.86,ADA-USD,6h
2023-06-06 00:00:00,0.3473,0.3526,0.3516,0.3514,5835088.29,ADA-USD,6h
2023-06-06 06:00:00,0.3508,0.355,0.3512,0.3524,3238713.21,ADA-USD,6h
2023-06-06 12:00:00,0.3364,0.3556,0.3525,0.3537,26608756.79,ADA-USD,6h
2023-06-06 18:00:00,0.3516,0.357,0.3537,0.3531,9492675.93,ADA-USD,6h
2023-06-07 00:00:00,0.3441,0.3531,0.3531,0.3461,13949341.32,ADA-USD,6h
2023-06-07 06:00:00,0.3344,0.3556,0.3461,0.3374,12090321.37,ADA-USD,6h
2023-06-07 12:00:00,0.3177,0.3388,0.3376,0.322,31988877.52,ADA-USD,6h
2023-06-07 18:00:00,0.3195,0.3282,0.322,0.3222,17733241.34,ADA-USD,6h
2023-06-08 00:00:00,0.3202,0.3265,0.3222,0.3246,8807883.69,ADA-USD,6h
2023-06-08 06:00:00,0.3228,0.3286,0.3245,0.3267,2976145.65,ADA-USD,6h
2023-06-08 12:00:00,0.3207,0.3309,0.3267,0.3212,7982795.56,ADA-USD,6h
2023-06-08 18:00:00,0.32,0.3258,0.3212,0.3229,6626675.04,ADA-USD,6h
2023-06-09 00:00:00,0.3164,0.3239,0.3229,0.3184,6783037.06,ADA-USD,6h
2023-06-09 06:00:00,0.3128,0.3187,0.3184,0.3179,11579704.29,ADA-USD,6h
2023-06-09 12:00:00,0.3026,0.3239,0.3179,0.3076,21624545.93,ADA-USD,6h
2023-06-09 18:00:00,0.29,0.3073,0.3073,0.295,40886411.89,ADA-USD,6h
2023-06-10 00:00:00,0.23,0.2952,0.295,0.2457,57738662.78,ADA-USD,6h
2023-06-10 06:00:00,0.2362,0.2531,0.2453,0.2515,39154652.06,ADA-USD,6h
2023-06-10 12:00:00,0.247,0.2683,0.2514,0.2655,44220200.89,ADA-USD,6h
2023-06-10 18:00:00,0.258,0.2809,0.2656,0.275,25450339.61,ADA-USD,6h
2023-06-11 00:00:00,0.2598,0.2757,0.2748,0.2654,13099692.03,ADA-USD,6h
2023-06-11 06:00:00,0.2591,0.2746,0.2653,0.2693,8509330.55,ADA-USD,6h
2023-06-11 12:00:00,0.264,0.2719,0.2692,0.2691,8963563.58,ADA-USD,6h
2023-06-11 18:00:00,0.2684,0.28,0.2689,0.2721,11647448.03,ADA-USD,6h
2023-06-12 00:00:00,0.2651,0.2759,0.2721,0.2722,7969771.5,ADA-USD,6h
2023-06-12 06:00:00,0.272,0.2865,0.2726,0.2824,8477743.62,ADA-USD,6h
2023-06-12 12:00:00,0.2727,0.2833,0.2823,0.2759,9900029.34,ADA-USD,6h
2023-06-12 18:00:00,0.2726,0.2782,0.2756,0.2748,8855049.49,ADA-USD,6h
2023-06-13 00:00:00,0.2732,0.28,0.2747,0.2789,8180744.81,ADA-USD,6h
2023-06-13 06:00:00,0.2781,0.2858,0.2792,0.2856,5514940.71,ADA-USD,6h
2023-06-13 12:00:00,0.2683,0.2895,0.2857,0.273,19939386.83,ADA-USD,6h
2023-06-13 18:00:00,0.2722,0.2766,0.2729,0.2752,7838414.42,ADA-USD,6h
2023-06-14 00:00:00,0.2728,0.2775,0.2751,0.273,3939889.14,ADA-USD,6h
2023-06-14 06:00:00,0.2698,0.2759,0.2727,0.2751,3942104.59,ADA-USD,6h
2023-06-14 12:00:00,0.2714,0.2774,0.275,0.274,10437525.79,ADA-USD,6h
2023-06-14 18:00:00,0.2565,0.2751,0.2738,0.2633,13727060.46,ADA-USD,6h
2023-06-15 00:00:00,0.2573,0.266,0.2634,0.2596,6608990.93,ADA-USD,6h
2023-06-15 06:00:00,0.2524,0.2597,0.2596,0.2586,7952716.14,ADA-USD,6h
2023-06-15 12:00:00,0.2522,0.2613,0.2584,0.2576,10430192.84,ADA-USD,6h
2023-06-15 18:00:00,0.2556,0.2655,0.2577,0.2618,8729713.59,ADA-USD,6h
2023-06-16 00:00:00,0.2595,0.2644,0.2618,0.2641,3700845.57,ADA-USD,6h
2023-06-16 06:00:00,0.2554,0.2638,0.2638,0.2568,4171061.0,ADA-USD,6h
2023-06-16 12:00:00,0.2533,0.2646,0.2567,0.2643,9507129.49,ADA-USD,6h
2023-06-16 18:00:00,0.2615,0.2673,0.2643,0.263,6949111.53,ADA-USD,6h
2023-06-17 00:00:00,0.2605,0.2735,0.263,0.2722,5004841.91,ADA-USD,6h
2023-06-17 06:00:00,0.2672,0.273,0.2723,0.2678,3233919.65,ADA-USD,6h
2023-06-17 12:00:00,0.2645,0.2688,0.2676,0.2675,4707886.03,ADA-USD,6h
2023-06-17 18:00:00,0.2659,0.2693,0.2671,0.2667,3527610.76,ADA-USD,6h
2023-06-18 00:00:00,0.2634,0.269,0.2666,0.2665,2501855.3,ADA-USD,6h
2023-06-18 06:00:00,0.265,0.2683,0.2666,0.2664,1635442.39,ADA-USD,6h
2023-06-18 12:00:00,0.2656,0.269,0.2665,0.268,2846782.16,ADA-USD,6h
2023-06-18 18:00:00,0.2589,0.2684,0.268,0.2609,5919344.48,ADA-USD,6h
2023-06-19 00:00:00,0.257,0.2622,0.2608,0.262,3874249.12,ADA-USD,6h
2023-06-19 06:00:00,0.2579,0.2624,0.262,0.2607,1386437.44,ADA-USD,6h
2023-06-19 12:00:00,0.257,0.2619,0.2607,0.2598,4552081.04,ADA-USD,6h
2023-06-19 18:00:00,0.2577,0.2635,0.2598,0.2632,5496533.59,ADA-USD,6h
2023-06-20 00:00:00,0.2584,0.2648,0.2631,0.2589,7424214.8,ADA-USD,6h
2023-06-20 06:00:00,0.2573,0.26,0.259,0.26,2891190.88,ADA-USD,6h
2023-06-20 12:00:00,0.2522,0.2667,0.26,0.2653,13446056.07,ADA-USD,6h
2023-06-20 18:00:00,0.2641,0.2708,0.2655,0.2707,9827798.22,ADA-USD,6h
2023-06-21 00:00:00,0.2687,0.2832,0.2705,0.2815,11103722.53,ADA-USD,6h
2023-06-21 06:00:00,0.2758,0.2821,0.2816,0.2787,4105123.53,ADA-USD,6h
2023-06-21 12:00:00,0.2757,0.2883,0.2789,0.2835,19655367.9,ADA-USD,6h
2023-06-21 18:00:00,0.2827,0.2891,0.2835,0.2863,13088266.81,ADA-USD,6h
2023-06-22 00:00:00,0.2857,0.3013,0.2863,0.2966,12168828.94,ADA-USD,6h
2023-06-22 06:00:00,0.29,0.305,0.2965,0.2927,13023454.21,ADA-USD,6h
2023-06-22 12:00:00,0.2871,0.2976,0.2926,0.2934,8635869.21,ADA-USD,6h
2023-06-22 18:00:00,0.2886,0.2948,0.2933,0.29,5450929.38,ADA-USD,6h
2023-06-23 00:00:00,0.2896,0.2942,0.2899,0.2932,3027341.93,ADA-USD,6h
2023-06-23 06:00:00,0.291,0.2963,0.2933,0.2928,2624216.76,ADA-USD,6h
2023-06-23 12:00:00,0.2869,0.3028,0.2927,0.3015,16874957.59,ADA-USD,6h
2023-06-23 18:00:00,0.2931,0.3024,0.3015,0.2968,9072607.16,ADA-USD,6h
2023-06-24 00:00:00,0.2922,0.2977,0.2968,0.2974,4803568.32,ADA-USD,6h
2023-06-24 06:00:00,0.2929,0.2973,0.2973,0.2952,1552572.67,ADA-USD,6h
2023-06-24 12:00:00,0.2845,0.2967,0.2954,0.2883,5456431.6,ADA-USD,6h
2023-06-24 18:00:00,0.2878,0.2943,0.2882,0.2896,7114952.62,ADA-USD,6h
2023-06-25 00:00:00,0.2886,0.2981,0.2896,0.2974,6365001.32,ADA-USD,6h
2023-06-25 06:00:00,0.2943,0.3051,0.2974,0.2982,4580624.96,ADA-USD,6h
2023-06-25 12:00:00,0.2916,0.2986,0.2982,0.2936,4959093.43,ADA-USD,6h
2023-06-25 18:00:00,0.2908,0.2944,0.2934,0.2923,3886892.61,ADA-USD,6h
2023-06-26 00:00:00,0.2858,0.2923,0.2921,0.2868,5865524.36,ADA-USD,6h
2023-06-26 06:00:00,0.2859,0.2914,0.2866,0.2892,3541474.8,ADA-USD,6h
2023-06-26 12:00:00,0.2759,0.292,0.2892,0.2796,9079897.7,ADA-USD,6h
2023-06-26 18:00:00,0.2773,0.2825,0.2794,0.2807,6262337.12,ADA-USD,6h
2023-06-27 00:00:00,0.279,0.2833,0.2806,0.2801,4075957.7,ADA-USD,6h
2023-06-27 06:00:00,0.2785,0.2846,0.2802,0.2845,4151997.31,ADA-USD,6h
2023-06-27 12:00:00,0.2791,0.2861,0.2845,0.2838,5930672.26,ADA-USD,6h
2023-06-27 18:00:00,0.2832,0.2897,0.2839,0.2868,9490508.92,ADA-USD,6h
2023-06-28 00:00:00,0.2779,0.2872,0.287,0.28,8560131.17,ADA-USD,6h
2023-06-28 06:00:00,0.2721,0.2799,0.2799,0.2742,6277777.14,ADA-USD,6h
2023-06-28 12:00:00,0.269,0.2762,0.2741,0.2702,10327304.71,ADA-USD,6h
2023-06-28 18:00:00,0.2602,0.2721,0.2702,0.2669,11947849.5,ADA-USD,6h
2023-06-29 00:00:00,0.2664,0.2724,0.2669,0.2711,3660483.07,ADA-USD,6h
2023-06-29 06:00:00,0.2709,0.2781,0.2711,0.2774,3738751.83,ADA-USD,6h
2023-06-29 12:00:00,0.2726,0.2782,0.2775,0.2733,5770927.92,ADA-USD,6h
2023-06-29 18:00:00,0.2729,0.2773,0.2734,0.275,5295851.4,ADA-USD,6h
2023-06-30 00:00:00,0.2727,0.288,0.2754,0.283,7121994.24,ADA-USD,6h
2023-06-30 06:00:00,0.2804,0.2997,0.2831,0.295,8710421.96,ADA-USD,6h
2023-06-30 12:00:00,0.2673,0.2988,0.295,0.2866,20187636.16,ADA-USD,6h
2023-06-30 18:00:00,0.2821,0.2887,0.2868,0.2868,6538913.19,ADA-USD,6h
2023-07-01 00:00:00,0.2811,0.2899,0.2871,0.2849,7504650.2,ADA-USD,6h
2023-07-01 06:00:00,0.2841,0.2887,0.2848,0.288,1869783.36,ADA-USD,6h
2023-07-01 12:00:00,0.2867,0.2935,0.2881,0.2878,6270561.06,ADA-USD,6h
2023-07-01 18:00:00,0.2874,0.2925,0.2879,0.2925,3492013.44,ADA-USD,6h
2023-07-02 00:00:00,0.2877,0.2937,0.2925,0.2892,3654121.23,ADA-USD,6h
2023-07-02 06:00:00,0.2869,0.2906,0.289,0.2905,1301018.46,ADA-USD,6h
2023-07-02 12:00:00,0.2853,0.2917,0.2904,0.2881,4819629.5,ADA-USD,6h
2023-07-02 18:00:00,0.2871,0.2934,0.288,0.2918,3758298.37,ADA-USD,6h
2023-07-03 00:00:00,0.2904,0.2965,0.2917,0.2932,5309290.72,ADA-USD,6h
2023-07-03 06:00:00,0.2909,0.2958,0.2932,0.2949,2732096.68,ADA-USD,6h
2023-07-03 12:00:00,0.2907,0.296,0.2946,0.2954,8646137.69,ADA-USD,6h
2023-07-03 18:00:00,0.2937,0.2995,0.2954,0.2967,5560439.22,ADA-USD,6h
2023-07-04 00:00:00,0.2948,0.3018,0.2968,0.2961,5886448.91,ADA-USD,6h
2023-07-04 06:00:00,0.2925,0.2985,0.2963,0.2967,4576580.62,ADA-USD,6h
2023-07-04 12:00:00,0.2923,0.2971,0.2968,0.2929,4912330.65,ADA-USD,6h
2023-07-04 18:00:00,0.2893,0.2969,0.2927,0.2924,4321857.79,ADA-USD,6h
2023-07-05 00:00:00,0.2914,0.2958,0.2925,0.2957,3139120.63,ADA-USD,6h
2023-07-05 06:00:00,0.2828,0.2964,0.2957,0.2861,4775502.65,ADA-USD,6h
2023-07-05 12:00:00,0.28,0.2868,0.2861,0.2845,7310667.59,ADA-USD,6h
2023-07-05 18:00:00,0.2816,0.2858,0.2846,0.284,4058044.69,ADA-USD,6h
2023-07-06 00:00:00,0.2814,0.2861,0.2841,0.2861,3806912.61,ADA-USD,6h
2023-07-06 06:00:00,0.2851,0.2938,0.2862,0.2879,4001989.25,ADA-USD,6h
2023-07-06 12:00:00,0.2763,0.2885,0.2878,0.2846,9535636.28,ADA-USD,6h
2023-07-06 18:00:00,0.2784,0.2879,0.2845,0.2784,7055689.4,ADA-USD,6h
2023-07-07 00:00:00,0.2761,0.2827,0.2785,0.2819,3976838.31,ADA-USD,6h
2023-07-07 06:00:00,0.2785,0.2836,0.2819,0.2822,2720818.76,ADA-USD,6h
2023-07-07 12:00:00,0.281,0.2854,0.2821,0.2836,6587264.36,ADA-USD,6h
2023-07-07 18:00:00,0.2811,0.2853,0.2837,0.2847,4286146.12,ADA-USD,6h
2023-07-08 00:00:00,0.2817,0.2867,0.2847,0.2833,2858198.36,ADA-USD,6h
2023-07-08 06:00:00,0.2828,0.2876,0.2833,0.2861,2188374.66,ADA-USD,6h
2023-07-08 12:00:00,0.2851,0.2933,0.2862,0.2898,8994272.94,ADA-USD,6h
2023-07-08 18:00:00,0.287,0.291,0.2898,0.2907,5219595.61,ADA-USD,6h
2023-07-09 00:00:00,0.2878,0.2918,0.2908,0.288,2831022.15,ADA-USD,6h
2023-07-09 06:00:00,0.2854,0.2882,0.288,0.2865,4903040.82,ADA-USD,6h
2023-07-09 12:00:00,0.2845,0.2887,0.2866,0.2859,3964054.09,ADA-USD,6h
2023-07-09 18:00:00,0.2831,0.2862,0.2859,0.2846,2950142.87,ADA-USD,6h
2023-07-10 00:00:00,0.2782,0.2865,0.2844,0.283,4506085.28,ADA-USD,6h
2023-07-10 06:00:00,0.2803,0.2866,0.283,0.2849,4845107.51,ADA-USD,6h
2023-07-10 12:00:00,0.2847,0.289,0.285,0.2883,5112353.48,ADA-USD,6h
2023-07-10 18:00:00,0.2864,0.2927,0.2882,0.2877,9069964.56,ADA-USD,6h
2023-07-11 00:00:00,0.2875,0.2915,0.2879,0.29,2753485.22,ADA-USD,6h
2023-07-11 06:00:00,0.2895,0.294,0.2901,0.2914,6168086.15,ADA-USD,6h
2023-07-11 12:00:00,0.2897,0.2925,0.2914,0.2902,3805750.19,ADA-USD,6h
2023-07-11 18:00:00,0.2884,0.293,0.2903,0.2928,4111874.42,ADA-USD,6h
2023-07-12 00:00:00,0.2923,0.2952,0.2928,0.2936,7218527.88,ADA-USD,6h
2023-07-12 06:00:00,0.2916,0.2946,0.2936,0.2924,2462220.64,ADA-USD,6h
2023-07-12 12:00:00,0.2878,0.295,0.2926,0.2889,8219439.19,ADA-USD,6h
2023-07-12 18:00:00,0.285,0.2898,0.2891,0.289,3880235.99,ADA-USD,6h
2023-07-13 00:00:00,0.2857,0.289,0.289,0.287,3408398.54,ADA-USD,6h
2023-07-13 06:00:00,0.286,0.2895,0.287,0.289,2721410.5,ADA-USD,6h
2023-07-13 12:00:00,0.2876,0.3335,0.289,0.3312,40274290.96,ADA-USD,6h
2023-07-13 18:00:00,0.3301,0.3676,0.3313,0.357,50219251.25,ADA-USD,6h
2023-07-14 00:00:00,0.3545,0.3801,0.357,0.3591,25926157.76,ADA-USD,6h
2023-07-14 06:00:00,0.3445,0.3642,0.3589,0.3517,13174563.57,ADA-USD,6h
2023-07-14 12:00:00,0.3306,0.3518,0.3518,0.3311,19255843.19,ADA-USD,6h
2023-07-14 18:00:00,0.317,0.3338,0.3312,0.328,14919777.87,ADA-USD,6h
2023-07-15 00:00:00,0.3243,0.3308,0.3281,0.3306,3852670.86,ADA-USD,6h
2023-07-15 06:00:00,0.33,0.3378,0.3305,0.3323,4026978.22,ADA-USD,6h
2023-07-15 12:00:00,0.328,0.3354,0.3324,0.3288,4752493.7,ADA-USD,6h
2023-07-15 18:00:00,0.3246,0.3323,0.3288,0.3263,3605071.74,ADA-USD,6h
2023-07-16 00:00:00,0.3175,0.328,0.3263,0.3207,6937615.44,ADA-USD,6h
2023-07-16 06:00:00,0.3175,0.3265,0.3206,0.3227,2769499.55,ADA-USD,6h
2023-07-16 12:00:00,0.319,0.3246,0.3226,0.3217,5595051.25,ADA-USD,6h
2023-07-16 18:00:00,0.3122,0.3232,0.3217,0.3148,5845238.29,ADA-USD,6h
2023-07-17 00:00:00,0.312,0.3199,0.3147,0.3171,3663504.15,ADA-USD,6h
2023-07-17 06:00:00,0.3058,0.319,0.3171,0.3115,4327045.39,ADA-USD,6h
2023-07-17 12:00:00,0.3073,0.3164,0.3115,0.3096,6319065.73,ADA-USD,6h
2023-07-17 18:00:00,0.3055,0.3139,0.3095,0.3119,11148503.0,ADA-USD,6h
2023-07-18 00:00:00,0.3078,0.3142,0.3119,0.3085,5376309.0,ADA-USD,6h
2023-07-18 06:00:00,0.303,0.3096,0.3086,0.3038,4032614.28,ADA-USD,6h
2023-07-18 12:00:00,0.3,0.3065,0.3035,0.3045,8016691.17,ADA-USD,6h
2023-07-18 18:00:00,0.3019,0.3096,0.3045,0.3094,7499491.92,ADA-USD,6h
2023-07-19 00:00:00,0.307,0.324,0.3095,0.3197,11367270.29,ADA-USD,6h
2023-07-19 06:00:00,0.3125,0.3203,0.3195,0.3167,3856071.35,ADA-USD,6h
2023-07-19 12:00:00,0.3102,0.3187,0.3168,0.3161,7088935.56,ADA-USD,6h
2023-07-19 18:00:00,0.3162,0.3261,0.3164,0.3227,11406356.54,ADA-USD,6h
2023-07-20 00:00:00,0.3218,0.3326,0.3228,0.3297,12901811.57,ADA-USD,6h
2023-07-20 06:00:00,0.3227,0.3298,0.3298,0.3254,4992699.66,ADA-USD,6h
2023-07-20 12:00:00,0.3156,0.3279,0.3255,0.316,7018819.87,ADA-USD,6h
2023-07-20 18:00:00,0.31,0.319,0.316,0.3162,16868316.4,ADA-USD,6h
2023-07-21 00:00:00,0.3129,0.3185,0.316,0.3141,2722707.26,ADA-USD,6h
2023-07-21 06:00:00,0.3105,0.3156,0.314,0.3131,2633462.35,ADA-USD,6h
2023-07-21 12:00:00,0.3124,0.316,0.3131,0.3158,5429852.01,ADA-USD,6h
2023-07-21 18:00:00,0.3119,0.3176,0.3158,0.3132,5437505.58,ADA-USD,6h
2023-07-22 00:00:00,0.312,0.3151,0.3132,0.3129,3481375.13,ADA-USD,6h
2023-07-22 06:00:00,0.3066,0.314,0.3128,0.3117,2204944.71,ADA-USD,6h
2023-07-22 12:00:00,0.311,0.3138,0.3116,0.3124,2292498.45,ADA-USD,6h
2023-07-22 18:00:00,0.3066,0.3135,0.3124,0.3101,3636460.95,ADA-USD,6h
2023-07-23 00:00:00,0.3073,0.3175,0.31,0.3164,3453448.79,ADA-USD,6h
2023-07-23 06:00:00,0.3142,0.3169,0.3164,0.3145,1192675.79,ADA-USD,6h
2023-07-23 12:00:00,0.3135,0.3179,0.3147,0.3175,3270511.63,ADA-USD,6h
2023-07-23 18:00:00,0.315,0.3191,0.3176,0.3172,3300851.11,ADA-USD,6h
2023-07-24 00:00:00,0.3097,0.319,0.3172,0.3142,3770993.71,ADA-USD,6h
2023-07-24 06:00:00,0.3019,0.3153,0.3143,0.3063,4170148.19,ADA-USD,6h
2023-07-24 12:00:00,0.3,0.3077,0.3063,0.3034,9895156.38,ADA-USD,6h
2023-07-24 18:00:00,0.3025,0.3063,0.3037,0.3054,7229937.41,ADA-USD,6h
2023-07-25 00:00:00,0.3026,0.3061,0.3051,0.3042,3633010.21,ADA-USD,6h
2023-07-25 06:00:00,0.302,0.3067,0.3043,0.3032,2037571.8,ADA-USD,6h
2023-07-25 12:00:00,0.3025,0.3078,0.3032,0.305,5366970.84,ADA-USD,6h
2023-07-25 18:00:00,0.3015,0.3058,0.3049,0.3037,4579960.57,ADA-USD,6h
2023-07-26 00:00:00,0.3008,0.3052,0.3037,0.3032,3900955.85,ADA-USD,6h
2023-07-26 06:00:00,0.3002,0.3035,0.3032,0.3012,2147372.45,ADA-USD,6h
2023-07-26 12:00:00,0.3007,0.306,0.3012,0.3035,4246429.93,ADA-USD,6h
2023-07-26 18:00:00,0.3032,0.3106,0.3036,0.3069,8612587.95,ADA-USD,6h
2023-07-27 00:00:00,0.3054,0.3132,0.307,0.3121,4106015.27,ADA-USD,6h
2023-07-27 06:00:00,0.3102,0.3134,0.3124,0.3109,2994361.19,ADA-USD,6h
2023-07-27 12:00:00,0.3065,0.3114,0.3109,0.3084,4406194.74,ADA-USD,6h
2023-07-27 18:00:00,0.3053,0.3087,0.3084,0.3078,5870019.34,ADA-USD,6h
2023-07-28 00:00:00,0.3059,0.3107,0.3077,0.3069,2919036.14,ADA-USD,6h
2023-07-28 06:00:00,0.3065,0.3123,0.3068,0.3109,2859082.61,ADA-USD,6h
2023-07-28 12:00:00,0.3093,0.313,0.3109,0.3105,4811476.8,ADA-USD,6h
2023-07-28 18:00:00,0.3097,0.3116,0.3103,0.31,2748469.19,ADA-USD,6h
2023-07-29 00:00:00,0.3094,0.3135,0.3099,0.3115,2284982.93,ADA-USD,6h
2023-07-29 06:00:00,0.3087,0.3115,0.3114,0.3091,1157678.96,ADA-USD,6h
2023-07-29 12:00:00,0.3089,0.3128,0.309,0.3128,2587255.85,ADA-USD,6h
2023-07-29 18:00:00,0.3116,0.3145,0.3129,0.3129,3482898.79,ADA-USD,6h
2023-07-30 00:00:00,0.312,0.3182,0.3131,0.3175,2211932.16,ADA-USD,6h
2023-07-30 06:00:00,0.3141,0.318,0.3175,0.3145,1707391.62,ADA-USD,6h
2023-07-30 12:00:00,0.312,0.316,0.3145,0.3152,2102958.63,ADA-USD,6h
2023-07-30 18:00:00,0.3054,0.3162,0.3151,0.3156,4348588.91,ADA-USD,6h
2023-07-31 00:00:00,0.3123,0.3189,0.3155,0.3124,2733281.53,ADA-USD,6h
2023-07-31 06:00:00,0.3116,0.3143,0.3125,0.3135,1527888.42,ADA-USD,6h
2023-07-31 12:00:00,0.3102,0.3151,0.3136,0.3121,4806163.46,ADA-USD,6h
2023-07-31 18:00:00,0.3063,0.3119,0.3119,0.3071,6151051.89,ADA-USD,6h
2023-08-01 00:00:00,0.295,0.3084,0.307,0.3048,7762061.44,ADA-USD,6h
2023-08-01 06:00:00,0.3036,0.3065,0.3044,0.3046,4249780.34,ADA-USD,6h
2023-08-01 12:00:00,0.3,0.3066,0.3045,0.3043,4948906.41,ADA-USD,6h
2023-08-01 18:00:00,0.3044,0.3105,0.3045,0.3102,4990487.8,ADA-USD,6h
2023-08-02 00:00:00,0.3053,0.3119,0.3102,0.3061,3202683.18,ADA-USD,6h
2023-08-02 06:00:00,0.3046,0.3082,0.3061,0.308,1496395.65,ADA-USD,6h
2023-08-02 12:00:00,0.2974,0.3081,0.308,0.3012,5461382.5,ADA-USD,6h
2023-08-02 18:00:00,0.2983,0.3025,0.3012,0.2992,5065516.7,ADA-USD,6h
2023-08-03 00:00:00,0.2977,0.3013,0.2991,0.299,2902851.85,ADA-USD,6h
2023-08-03 06:00:00,0.2925,0.2992,0.2991,0.2956,3741151.48,ADA-USD,6h
2023-08-03 12:00:00,0.2932,0.2982,0.2957,0.2953,4748777.98,ADA-USD,6h
2023-08-03 18:00:00,0.289,0.2966,0.2951,0.2922,4914727.61,ADA-USD,6h
2023-08-04 00:00:00,0.2914,0.2943,0.2922,0.2934,2812147.04,ADA-USD,6h
2023-08-04 06:00:00,0.2917,0.2946,0.2934,0.2927,1854096.94,ADA-USD,6h
2023-08-04 12:00:00,0.2921,0.297,0.2928,0.2954,3909249.51,ADA-USD,6h
2023-08-04 18:00:00,0.2902,0.2956,0.2955,0.2932,3909696.13,ADA-USD,6h
2023-08-05 00:00:00,0.2902,0.2938,0.2932,0.2922,2093477.29,ADA-USD,6h
2023-08-05 06:00:00,0.2901,0.2927,0.2923,0.2914,1229680.33,ADA-USD,6h
2023-08-05 12:00:00,0.2899,0.2923,0.2912,0.292,2219101.15,ADA-USD,6h
2023-08-05 18:00:00,0.2916,0.2939,0.292,0.2936,2947323.6,ADA-USD,6h
2023-08-06 00:00:00,0.2929,0.2953,0.2936,0.2951,2156362.43,ADA-USD,6h
2023-08-06 06:00:00,0.2934,0.2955,0.295,0.2946,989820.87,ADA-USD,6h
2023-08-06 12:00:00,0.2902,0.2949,0.2945,0.2918,1921891.2,ADA-USD,6h
2023-08-06 18:00:00,0.2912,0.2939,0.2918,0.2917,1876356.05,ADA-USD,6h
2023-08-07 00:00:00,0.2905,0.2956,0.2918,0.2933,1971143.65,ADA-USD,6h
2023-08-07 06:00:00,0.2902,0.2934,0.2933,0.2925,1467856.3,ADA-USD,6h
2023-08-07 12:00:00,0.2817,0.2947,0.2925,0.2866,6768781.72,ADA-USD,6h
2023-08-07 18:00:00,0.2865,0.2908,0.2867,0.2907,4081951.3,ADA-USD,6h
2023-08-08 00:00:00,0.2892,0.2928,0.2906,0.292,2701386.26,ADA-USD,6h
2023-08-08 06:00:00,0.2899,0.2932,0.2922,0.2931,2139188.23,ADA-USD,6h
2023-08-08 12:00:00,0.2922,0.3015,0.2932,0.301,5954478.75,ADA-USD,6h
2023-08-08 18:00:00,0.2962,0.3025,0.3009,0.2972,28467601.79,ADA-USD,6h
2023-08-09 00:00:00,0.2958,0.299,0.2972,0.2982,3166848.46,ADA-USD,6h
2023-08-09 06:00:00,0.2967,0.2995,0.2983,0.2985,1694897.17,ADA-USD,6h
2023-08-09 12:00:00,0.2968,0.3015,0.2985,0.2975,4576707.27,ADA-USD,6h
2023-08-09 18:00:00,0.2973,0.3022,0.2974,0.3011,3401651.19,ADA-USD,6h
2023-08-10 00:00:00,0.2972,0.3016,0.3012,0.298,3286225.21,ADA-USD,6h
2023-08-10 06:00:00,0.2967,0.2988,0.2979,0.2971,1584335.71,ADA-USD,6h
2023-08-10 12:00:00,0.2959,0.3009,0.2971,0.2971,4000687.99,ADA-USD,6h
2023-08-10 18:00:00,0.2955,0.298,0.2971,0.296,4868881.66,ADA-USD,6h
2023-08-11 00:00:00,0.2945,0.2972,0.2961,0.297,2552927.43,ADA-USD,6h
2023-08-11 06:00:00,0.2946,0.2971,0.2971,0.2963,2180625.12,ADA-USD,6h
2023-08-11 12:00:00,0.2929,0.2966,0.2963,0.2942,6576273.86,ADA-USD,6h
2023-08-11 18:00:00,0.2917,0.2945,0.294,0.2931,12982367.65,ADA-USD,6h
2023-08-12 00:00:00,0.2923,0.2941,0.2931,0.2927,1606767.68,ADA-USD,6h
2023-08-12 06:00:00,0.2925,0.2944,0.2927,0.294,783724.2,ADA-USD,6h
2023-08-12 12:00:00,0.2922,0.2944,0.2941,0.2923,5826858.22,ADA-USD,6h
2023-08-12 18:00:00,0.2904,0.2924,0.2923,0.2919,8350138.92,ADA-USD,6h
2023-08-13 00:00:00,0.2894,0.2924,0.2918,0.2903,6151527.0,ADA-USD,6h
2023-08-13 06:00:00,0.2897,0.2907,0.2903,0.2901,6028281.89,ADA-USD,6h
2023-08-13 12:00:00,0.2898,0.2922,0.2899,0.2919,2704199.0,ADA-USD,6h
2023-08-13 18:00:00,0.2867,0.2933,0.2918,0.2891,4334291.63,ADA-USD,6h
2023-08-14 00:00:00,0.2868,0.291,0.2891,0.291,6841481.04,ADA-USD,6h
2023-08-14 06:00:00,0.2894,0.291,0.2909,0.29,4262718.52,ADA-USD,6h
2023-08-14 12:00:00,0.2891,0.2923,0.29,0.2901,3735857.98,ADA-USD,6h
2023-08-14 18:00:00,0.2874,0.2912,0.29,0.2904,3520643.04,ADA-USD,6h
2023-08-15 00:00:00,0.2883,0.2908,0.2904,0.2888,1559909.47,ADA-USD,6h
2023-08-15 06:00:00,0.288,0.2904,0.2887,0.2881,3453048.34,ADA-USD,6h
2023-08-15 12:00:00,0.2875,0.2894,0.288,0.2883,4032281.59,ADA-USD,6h
2023-08-15 18:00:00,0.2756,0.2884,0.2884,0.2819,13534541.95,ADA-USD,6h
2023-08-16 00:00:00,0.2794,0.2826,0.2817,0.2796,5780403.12,ADA-USD,6h
2023-08-16 06:00:00,0.2756,0.2798,0.2797,0.2775,8268854.45,ADA-USD,6h
2023-08-16 12:00:00,0.2708,0.2776,0.2775,0.2751,14524293.56,ADA-USD,6h
2023-08-16 18:00:00,0.2655,0.2775,0.275,0.2745,15506414.45,ADA-USD,6h
2023-08-17 00:00:00,0.2693,0.278,0.2745,0.2779,5680607.07,ADA-USD,6h
2023-08-17 06:00:00,0.2745,0.2781,0.278,0.2753,3436987.14,ADA-USD,6h
2023-08-17 12:00:00,0.2665,0.2778,0.2754,0.2707,12777644.92,ADA-USD,6h
2023-08-17 18:00:00,0.252,0.2782,0.2707,0.256,28153303.0,ADA-USD,6h
2023-08-18 00:00:00,0.2554,0.2665,0.2559,0.2616,17000726.09,ADA-USD,6h
2023-08-18 06:00:00,0.2615,0.267,0.2616,0.2664,9389593.26,ADA-USD,6h
2023-08-18 12:00:00,0.2582,0.2674,0.2665,0.2627,11740849.14,ADA-USD,6h
2023-08-18 18:00:00,0.262,0.2663,0.2627,0.264,5890186.0,ADA-USD,6h
2023-08-19 00:00:00,0.2604,0.2644,0.2639,0.2611,3388504.39,ADA-USD,6h
2023-08-19 06:00:00,0.2607,0.2647,0.2611,0.2634,2652242.48,ADA-USD,6h
2023-08-19 12:00:00,0.2633,0.2699,0.2635,0.2679,4180225.47,ADA-USD,6h
2023-08-19 18:00:00,0.2664,0.2695,0.2679,0.2688,2841584.52,ADA-USD,6h
2023-08-20 00:00:00,0.2654,0.2706,0.2689,0.2658,1752446.93,ADA-USD,6h
2023-08-20 06:00:00,0.2648,0.2691,0.2656,0.2683,1495772.86,ADA-USD,6h
2023-08-20 12:00:00,0.2667,0.2731,0.2681,0.2699,5000422.91,ADA-USD,6h
2023-08-20 18:00:00,0.2694,0.273,0.27,0.2704,3615839.94,ADA-USD,6h
2023-08-21 00:00:00,0.2681,0.2724,0.2704,0.27,3311336.33,ADA-USD,6h
2023-08-21 06:00:00,0.2646,0.27,0.2699,0.2673,2545621.78,ADA-USD,6h
2023-08-21 12:00:00,0.2586,0.2687,0.2672,0.2629,6674660.9,ADA-USD,6h
2023-08-21 18:00:00,0.2625,0.2657,0.2629,0.2628,4416616.31,ADA-USD,6h
2023-08-22 00:00:00,0.2599,0.2633,0.2628,0.2605,2898746.28,ADA-USD,6h
2023-08-22 06:00:00,0.2578,0.2622,0.2606,0.2593,3768750.35,ADA-USD,6h
2023-08-22 12:00:00,0.2518,0.2607,0.2591,0.2533,9193436.12,ADA-USD,6h
2023-08-22 18:00:00,0.2502,0.2592,0.2532,0.2586,7333320.69,ADA-USD,6h
2023-08-23 00:00:00,0.2578,0.2602,0.2586,0.2594,3247016.21,ADA-USD,6h
2023-08-23 06:00:00,0.2592,0.2613,0.2594,0.2598,2119789.83,ADA-USD,6h
2023-08-23 12:00:00,0.2584,0.2682,0.2597,0.2676,4996605.02,ADA-USD,6h
2023-08-23 18:00:00,0.265,0.2698,0.2677,0.268,4754158.27,ADA-USD,6h
2023-08-24 00:00:00,0.268,0.2713,0.2681,0.2701,3281287.28,ADA-USD,6h
2023-08-24 06:00:00,0.2663,0.2702,0.2701,0.267,1841524.32,ADA-USD,6h
2023-08-24 12:00:00,0.2621,0.267,0.2669,0.2655,5069932.4,ADA-USD,6h
2023-08-24 18:00:00,0.2627,0.2663,0.2656,0.2657,2964386.37,ADA-USD,6h
2023-08-25 00:00:00,0.2597,0.2706,0.2657,0.2621,6578008.0,ADA-USD,6h
2023-08-25 06:00:00,0.2607,0.2637,0.262,0.2629,2727045.75,ADA-USD,6h
2023-08-25 12:00:00,0.259,0.2655,0.2628,0.261,6776892.01,ADA-USD,6h
2023-08-25 18:00:00,0.2592,0.262,0.2608,0.2611,3286450.65,ADA-USD,6h
2023-08-26 00:00:00,0.2591,0.2611,0.2611,0.2596,2624856.52,ADA-USD,6h
2023-08-26 06:00:00,0.2578,0.2605,0.2595,0.2589,2003884.48,ADA-USD,6h
2023-08-26 12:00:00,0.2581,0.2614,0.2589,0.2605,2664349.93,ADA-USD,6h
2023-08-26 18:00:00,0.2601,0.2619,0.2606,0.261,2508158.18,ADA-USD,6h
2023-08-27 00:00:00,0.26,0.2616,0.261,0.2615,2155257.01,ADA-USD,6h
2023-08-27 06:00:00,0.261,0.264,0.2616,0.2631,1773010.2,ADA-USD,6h
2023-08-27 12:00:00,0.2622,0.2653,0.2632,0.2624,2541398.99,ADA-USD,6h
2023-08-27 18:00:00,0.2614,0.2636,0.2625,0.2633,2935834.78,ADA-USD,6h
2023-08-28 00:00:00,0.2581,0.2635,0.2632,0.2598,2365316.56,ADA-USD,6h
2023-08-28 06:00:00,0.2575,0.2606,0.2597,0.2603,2428104.08,ADA-USD,6h
2023-08-28 12:00:00,0.2601,0.2673,0.2602,0.2652,4831173.67,ADA-USD,6h
2023-08-28 18:00:00,0.2634,0.2677,0.2652,0.2674,3293898.01,ADA-USD,6h
2023-08-29 00:00:00,0.2642,0.2682,0.2675,0.2648,2517143.76,ADA-USD,6h
2023-08-29 06:00:00,0.26,0.2648,0.2648,0.2609,2264953.81,ADA-USD,6h
2023-08-29 12:00:00,0.26,0.2799,0.2608,0.2774,14468877.41,ADA-USD,6h
2023-08-29 18:00:00,0.2715,0.2781,0.2773,0.2727,8852285.71,ADA-USD,6h
2023-08-30 00:00:00,0.2657,0.2731,0.2728,0.267,3110481.94,ADA-USD,6h
2023-08-30 06:00:00,0.2639,0.2669,0.2669,0.2646,2393152.83,ADA-USD,6h
2023-08-30 12:00:00,0.2605,0.2654,0.2644,0.2634,5833820.9,ADA-USD,6h
2023-08-30 18:00:00,0.2627,0.2666,0.2635,0.2656,3955874.94,ADA-USD,6h
2023-08-31 00:00:00,0.2636,0.266,0.2656,0.2652,3402918.76,ADA-USD,6h
2023-08-31 06:00:00,0.2639,0.2668,0.2651,0.2654,2411387.8,ADA-USD,6h
2023-08-31 12:00:00,0.25,0.2653,0.2651,0.2559,10450987.99,ADA-USD,6h
2023-08-31 18:00:00,0.2513,0.2567,0.2559,0.2553,7298205.97,ADA-USD,6h
2023-09-01 00:00:00,0.255,0.2582,0.2554,0.2563,3702868.51,ADA-USD,6h
2023-09-01 06:00:00,0.2555,0.2584,0.2564,0.2581,2255074.66,ADA-USD,6h
2023-09-01 12:00:00,0.2512,0.2588,0.2581,0.2527,6860356.67,ADA-USD,6h
2023-09-01 18:00:00,0.2526,0.2571,0.2527,0.2551,6064603.97,ADA-USD,6h
2023-09-02 00:00:00,0.2542,0.2568,0.255,0.2562,2267206.93,ADA-USD,6h
2023-09-02 06:00:00,0.2544,0.2565,0.2562,0.2548,2341988.21,ADA-USD,6h
2023-09-02 12:00:00,0.2547,0.2574,0.2548,0.2549,2707857.19,ADA-USD,6h
2023-09-02 18:00:00,0.2537,0.2566,0.2549,0.2562,1855029.94,ADA-USD,6h
2023-09-03 00:00:00,0.2546,0.2565,0.2562,0.2558,1672128.66,ADA-USD,6h
2023-09-03 06:00:00,0.2543,0.2568,0.2558,0.2549,1855370.14,ADA-USD,6h
2023-09-03 12:00:00,0.2531,0.256,0.2548,0.2543,2669839.05,ADA-USD,6h
2023-09-03 18:00:00,0.2539,0.2563,0.2542,0.2559,3255896.67,ADA-USD,6h
2023-09-04 00:00:00,0.2555,0.2599,0.2559,0.2562,2780213.35,ADA-USD,6h
2023-09-04 06:00:00,0.2552,0.2584,0.2562,0.2554,2076458.76,ADA-USD,6h
2023-09-04 12:00:00,0.2539,0.2576,0.2553,0.2569,2681370.17,ADA-USD,6h
2023-09-04 18:00:00,0.2533,0.257,0.2568,0.2561,2827589.36,ADA-USD,6h
2023-09-05 00:00:00,0.2538,0.2577,0.2561,0.2573,2686936.41,ADA-USD,6h
2023-09-05 06:00:00,0.2555,0.2577,0.2573,0.2571,1615340.23,ADA-USD,6h
2023-09-05 12:00:00,0.2551,0.2586,0.2571,0.2569,4877864.5,ADA-USD,6h
2023-09-05 18:00:00,0.2561,0.2579,0.257,0.2577,2946847.98,ADA-USD,6h
2023-09-06 00:00:00,0.2557,0.2594,0.2579,0.256,2858029.34,ADA-USD,6h
2023-09-06 06:00:00,0.2552,0.2568,0.256,0.2559,2593482.77,ADA-USD,6h
2023-09-06 12:00:00,0.2521,0.2608,0.2559,0.2585,5026815.06,ADA-USD,6h
2023-09-06 18:00:00,0.2557,0.2597,0.2584,0.2575,3256675.46,ADA-USD,6h
2023-09-07 00:00:00,0.2561,0.2583,0.2577,0.2569,3010729.97,ADA-USD,6h
2023-09-07 06:00:00,0.2538,0.2571,0.2569,0.2538,3709059.84,ADA-USD,6h
2023-09-07 12:00:00,0.253,0.2561,0.2539,0.2558,4486731.97,ADA-USD,6h
2023-09-07 18:00:00,0.255,0.2595,0.2558,0.258,4975514.54,ADA-USD,6h
2023-09-08 00:00:00,0.2564,0.2595,0.2579,0.2574,3496175.06,ADA-USD,6h
2023-09-08 06:00:00,0.2527,0.2584,0.2573,0.2538,3297554.77,ADA-USD,6h
2023-09-08 12:00:00,0.2531,0.2552,0.2537,0.2542,4189564.14,ADA-USD,6h
2023-09-08 18:00:00,0.2526,0.2547,0.2541,0.2542,3494230.08,ADA-USD,6h
2023-09-09 00:00:00,0.2536,0.2556,0.2543,0.2544,2210078.46,ADA-USD,6h
2023-09-09 06:00:00,0.2542,0.2558,0.2544,0.2549,1278904.03,ADA-USD,6h
2023-09-09 12:00:00,0.2533,0.255,0.2549,0.2538,2854044.63,ADA-USD,6h
2023-09-09 18:00:00,0.253,0.2539,0.2537,0.2532,2554702.63,ADA-USD,6h
2023-09-10 00:00:00,0.2455,0.2533,0.2532,0.2486,8801474.82,ADA-USD,6h
2023-09-10 06:00:00,0.2484,0.251,0.2485,0.2505,1320439.06,ADA-USD,6h
2023-09-10 12:00:00,0.2442,0.2509,0.2505,0.2466,4013748.48,ADA-USD,6h
2023-09-10 18:00:00,0.2456,0.2501,0.2465,0.2491,5652060.27,ADA-USD,6h
2023-09-11 00:00:00,0.2462,0.2497,0.2491,0.2485,2379168.54,ADA-USD,6h
2023-09-11 06:00:00,0.239,0.2487,0.2483,0.2432,5961536.39,ADA-USD,6h
2023-09-11 12:00:00,0.24,0.2458,0.2432,0.2418,8518174.2,ADA-USD,6h
2023-09-11 18:00:00,0.2368,0.2421,0.2418,0.2421,7761644.51,ADA-USD,6h
2023-09-12 00:00:00,0.2408,0.2496,0.2419,0.2458,5909354.98,ADA-USD,6h
2023-09-12 06:00:00,0.2446,0.2526,0.246,0.2486,3925542.3,ADA-USD,6h
2023-09-12 12:00:00,0.2456,0.2512,0.2485,0.2464,5960089.36,ADA-USD,6h
2023-09-12 18:00:00,0.2452,0.2495,0.2463,0.2456,4264966.42,ADA-USD,6h
2023-09-13 00:00:00,0.2434,0.2472,0.2456,0.2445,3493633.0,ADA-USD,6h
2023-09-13 06:00:00,0.244,0.2495,0.2444,0.2484,3806654.32,ADA-USD,6h
2023-09-13 12:00:00,0.247,0.25,0.2484,0.2478,5508215.68,ADA-USD,6h
2023-09-13 18:00:00,0.247,0.2496,0.2479,0.2487,2865817.12,ADA-USD,6h
2023-09-14 00:00:00,0.2465,0.252,0.2487,0.2469,6118849.5,ADA-USD,6h
2023-09-14 06:00:00,0.2466,0.2494,0.2468,0.249,3591994.34,ADA-USD,6h
2023-09-14 12:00:00,0.2481,0.252,0.2491,0.2512,6548125.33,ADA-USD,6h
2023-09-14 18:00:00,0.2501,0.2527,0.2512,0.2514,4785499.81,ADA-USD,6h
2023-09-15 00:00:00,0.2506,0.2554,0.2515,0.253,3960945.18,ADA-USD,6h
2023-09-15 06:00:00,0.2488,0.253,0.2529,0.249,3712929.93,ADA-USD,6h
2023-09-15 12:00:00,0.2463,0.2498,0.2492,0.2465,7034614.74,ADA-USD,6h
2023-09-15 18:00:00,0.2452,0.2524,0.2464,0.2506,6606522.41,ADA-USD,6h
2023-09-16 00:00:00,0.2499,0.2539,0.2506,0.2516,4739083.28,ADA-USD,6h
2023-09-16 06:00:00,0.2499,0.2523,0.2516,0.2512,2569359.47,ADA-USD,6h
2023-09-16 12:00:00,0.2489,0.2517,0.2512,0.2501,2742868.46,ADA-USD,6h
2023-09-16 18:00:00,0.2482,0.2506,0.2502,0.2504,2609239.59,ADA-USD,6h
2023-09-17 00:00:00,0.247,0.2505,0.2504,0.2486,3260217.04,ADA-USD,6h
2023-09-17 06:00:00,0.2482,0.2508,0.2486,0.2503,1515215.11,ADA-USD,6h
2023-09-17 12:00:00,0.2467,0.2513,0.2502,0.2468,2685026.92,ADA-USD,6h
2023-09-17 18:00:00,0.2447,0.2485,0.2468,0.2472,3467601.29,ADA-USD,6h
2023-09-18 00:00:00,0.2444,0.2501,0.2471,0.2487,3167274.36,ADA-USD,6h
2023-09-18 06:00:00,0.248,0.2545,0.2487,0.2541,4345879.77,ADA-USD,6h
2023-09-18 12:00:00,0.251,0.256,0.2541,0.2518,6083413.24,ADA-USD,6h
2023-09-18 18:00:00,0.2506,0.2531,0.2518,0.2516,3319302.29,ADA-USD,6h
2023-09-19 00:00:00,0.2508,0.2553,0.2515,0.2541,4047106.31,ADA-USD,6h
2023-09-19 06:00:00,0.2518,0.2579,0.2539,0.2563,3952861.54,ADA-USD,6h
2023-09-19 12:00:00,0.254,0.2575,0.2562,0.2552,5301970.52,ADA-USD,6h
2023-09-19 18:00:00,0.2543,0.2567,0.2553,0.2549,3313148.25,ADA-USD,6h
2023-09-20 00:00:00,0.2527,0.256,0.2548,0.2533,3715449.36,ADA-USD,6h
2023-09-20 06:00:00,0.251,0.254,0.2533,0.2529,3030763.15,ADA-USD,6h
2023-09-20 12:00:00,0.2513,0.2556,0.2529,0.2545,4631284.23,ADA-USD,6h
2023-09-20 18:00:00,0.2502,0.2565,0.2545,0.2517,6463473.2,ADA-USD,6h
2023-09-21 00:00:00,0.2496,0.2532,0.2518,0.2505,3254551.17,ADA-USD,6h
2023-09-21 06:00:00,0.2462,0.2504,0.2504,0.2481,5346023.55,ADA-USD,6h
2023-09-21 12:00:00,0.2459,0.249,0.2481,0.2481,5259021.67,ADA-USD,6h
2023-09-21 18:00:00,0.2449,0.2485,0.2482,0.245,4591844.14,ADA-USD,6h
2023-09-22 00:00:00,0.2435,0.2465,0.2449,0.246,3562191.46,ADA-USD,6h
2023-09-22 06:00:00,0.2444,0.2462,0.2459,0.245,4073102.23,ADA-USD,6h
2023-09-22 12:00:00,0.2427,0.2457,0.2451,0.2436,4816102.27,ADA-USD,6h
2023-09-22 18:00:00,0.2431,0.2454,0.2436,0.245,5066129.48,ADA-USD,6h
2023-09-23 00:00:00,0.2437,0.2461,0.245,0.2455,2584600.61,ADA-USD,6h
2023-09-23 06:00:00,0.2448,0.2468,0.2456,0.2466,1205496.51,ADA-USD,6h
2023-09-23 12:00:00,0.2444,0.2468,0.2467,0.246,2571921.58,ADA-USD,6h
2023-09-23 18:00:00,0.2453,0.2468,0.2461,0.2462,1613047.09,ADA-USD,6h
2023-09-24 00:00:00,0.2445,0.2462,0.2462,0.245,1514096.04,ADA-USD,6h
2023-09-24 06:00:00,0.2444,0.2461,0.245,0.2456,1288408.89,ADA-USD,6h
2023-09-24 12:00:00,0.2447,0.2462,0.2457,0.2459,2052973.87,ADA-USD,6h
2023-09-24 18:00:00,0.2418,0.2463,0.2459,0.2428,3425065.03,ADA-USD,6h
2023-09-25 00:00:00,0.2405,0.2455,0.2427,0.2444,3695588.03,ADA-USD,6h
2023-09-25 06:00:00,0.2429,0.2455,0.2444,0.2431,3306608.16,ADA-USD,6h
2023-09-25 12:00:00,0.2428,0.2461,0.2431,0.2452,4881201.68,ADA-USD,6h
2023-09-25 18:00:00,0.244,0.246,0.2453,0.2458,3516094.4,ADA-USD,6h
2023-09-26 00:00:00,0.2455,0.2477,0.2459,0.2461,2832101.81,ADA-USD,6h
2023-09-26 06:00:00,0.2453,0.2468,0.2461,0.2457,4000565.3,ADA-USD,6h
2023-09-26 12:00:00,0.2442,0.2462,0.2457,0.2447,3897955.25,ADA-USD,6h
2023-09-26 18:00:00,0.2431,0.2456,0.2446,0.2453,2618349.09,ADA-USD,6h
2023-09-27 00:00:00,0.2444,0.2462,0.2453,0.245,2055484.54,ADA-USD,6h
2023-09-27 06:00:00,0.2441,0.2481,0.2451,0.2474,3362716.67,ADA-USD,6h
2023-09-27 12:00:00,0.2427,0.248,0.2475,0.2439,4852639.07,ADA-USD,6h
2023-09-27 18:00:00,0.2424,0.2453,0.2439,0.2444,3098881.18,ADA-USD,6h
2023-09-28 00:00:00,0.2432,0.2456,0.2445,0.2443,4365379.38,ADA-USD,6h
2023-09-28 06:00:00,0.2437,0.2474,0.2443,0.2465,3475597.69,ADA-USD,6h
2023-09-28 12:00:00,0.2457,0.2506,0.2465,0.2498,6224096.15,ADA-USD,6h
2023-09-28 18:00:00,0.247,0.2503,0.2498,0.249,4025120.21,ADA-USD,6h
2023-09-29 00:00:00,0.2483,0.2513,0.249,0.2504,3287602.35,ADA-USD,6h
2023-09-29 06:00:00,0.2501,0.2534,0.2504,0.2514,2912074.6,ADA-USD,6h
2023-09-29 12:00:00,0.2505,0.2558,0.2514,0.2506,9215834.37,ADA-USD,6h
2023-09-29 18:00:00,0.2476,0.2505,0.2505,0.2493,4777941.49,ADA-USD,6h
2023-09-30 00:00:00,0.2489,0.2514,0.2494,0.2507,3587470.27,ADA-USD,6h
2023-09-30 06:00:00,0.25,0.252,0.2508,0.2511,1988575.25,ADA-USD,6h
2023-09-30 12:00:00,0.2498,0.2549,0.2511,0.2547,6010435.14,ADA-USD,6h
2023-09-30 18:00:00,0.2531,0.2549,0.2547,0.254,2827583.94,ADA-USD,6h
2023-10-01 00:00:00,0.2537,0.256,0.2541,0.2558,3800986.59,ADA-USD,6h
2023-10-01 06:00:00,0.2551,0.2636,0.2559,0.2625,7220006.67,ADA-USD,6h
2023-10-01 12:00:00,0.2579,0.2631,0.2625,0.2585,6758349.53,ADA-USD,6h
2023-10-01 18:00:00,0.2582,0.2678,0.2585,0.2659,6681627.01,ADA-USD,6h
2023-10-02 00:00:00,0.2629,0.2667,0.266,0.263,4846711.17,ADA-USD,6h
2023-10-02 06:00:00,0.2628,0.2697,0.2631,0.2672,5529991.69,ADA-USD,6h
2023-10-02 12:00:00,0.2632,0.2688,0.2671,0.2648,9927870.02,ADA-USD,6h
2023-10-02 18:00:00,0.2575,0.2648,0.2648,0.2591,6040084.88,ADA-USD,6h
2023-10-03 00:00:00,0.2583,0.264,0.2592,0.2612,3357584.01,ADA-USD,6h
2023-10-03 06:00:00,0.2601,0.2646,0.2611,0.261,3855564.27,ADA-USD,6h
2023-10-03 12:00:00,0.2599,0.2641,0.261,0.261,5224780.55,ADA-USD,6h
2023-10-03 18:00:00,0.2574,0.2624,0.2611,0.2609,7529044.81,ADA-USD,6h
2023-10-04 00:00:00,0.2527,0.2612,0.261,0.2564,7649816.89,ADA-USD,6h
2023-10-04 06:00:00,0.2555,0.2585,0.2564,0.2565,3847754.9,ADA-USD,6h
2023-10-04 12:00:00,0.2546,0.2578,0.2565,0.2565,6333623.94,ADA-USD,6h
2023-10-04 18:00:00,0.2554,0.2601,0.2566,0.2588,3743960.5,ADA-USD,6h
2023-10-05 00:00:00,0.2574,0.2601,0.259,0.2587,1883086.67,ADA-USD,6h
2023-10-05 06:00:00,0.2565,0.2623,0.2586,0.2612,2667343.59,ADA-USD,6h
2023-10-05 12:00:00,0.2589,0.264,0.2615,0.2611,8329396.04,ADA-USD,6h
2023-10-05 18:00:00,0.2594,0.2636,0.2611,0.2603,5621260.85,ADA-USD,6h
2023-10-06 00:00:00,0.2604,0.2641,0.2604,0.2631,2385138.58,ADA-USD,6h
2023-10-06 06:00:00,0.2616,0.2653,0.2633,0.2637,3018019.43,ADA-USD,6h
2023-10-06 12:00:00,0.2607,0.2663,0.2637,0.2661,5121920.58,ADA-USD,6h
2023-10-06 18:00:00,0.2642,0.2672,0.2661,0.2648,3330253.83,ADA-USD,6h
2023-10-07 00:00:00,0.2629,0.2659,0.2648,0.2631,2264846.35,ADA-USD,6h
2023-10-07 06:00:00,0.2576,0.2631,0.2631,0.2579,2788964.33,ADA-USD,6h
2023-10-07 12:00:00,0.2573,0.2597,0.2578,0.2594,2648644.39,ADA-USD,6h
2023-10-07 18:00:00,0.2567,0.26,0.2594,0.2589,1937755.47,ADA-USD,6h
2023-10-08 00:00:00,0.2573,0.2593,0.2588,0.2578,1508081.25,ADA-USD,6h
2023-10-08 06:00:00,0.2556,0.258,0.2578,0.2561,1432672.13,ADA-USD,6h
2023-10-08 12:00:00,0.2558,0.258,0.256,0.2572,1644848.1,ADA-USD,6h
2023-10-08 18:00:00,0.256,0.2577,0.257,0.2566,1701456.08,ADA-USD,6h
2023-10-09 00:00:00,0.2543,0.2588,0.2565,0.2573,1705170.18,ADA-USD,6h
2023-10-09 06:00:00,0.2503,0.258,0.2574,0.251,3231387.2,ADA-USD,6h
2023-10-09 12:00:00,0.249,0.2525,0.2508,0.2525,7761324.97,ADA-USD,6h
2023-10-09 18:00:00,0.2512,0.254,0.2525,0.2513,4535535.95,ADA-USD,6h
2023-10-10 00:00:00,0.2499,0.2525,0.2513,0.2521,2562468.74,ADA-USD,6h
2023-10-10 06:00:00,0.2495,0.2534,0.2521,0.2496,3268654.38,ADA-USD,6h
2023-10-10 12:00:00,0.2472,0.2504,0.2497,0.2482,9678854.95,ADA-USD,6h
2023-10-10 18:00:00,0.2468,0.2497,0.2483,0.2491,3665904.95,ADA-USD,6h
2023-10-11 00:00:00,0.245,0.2495,0.2491,0.247,2709603.35,ADA-USD,6h
2023-10-11 06:00:00,0.245,0.2484,0.247,0.2475,2919670.54,ADA-USD,6h
2023-10-11 12:00:00,0.2452,0.2488,0.2475,0.2465,3925236.0,ADA-USD,6h
2023-10-11 18:00:00,0.2458,0.2481,0.2464,0.2478,2427406.35,ADA-USD,6h
2023-10-12 00:00:00,0.2454,0.2481,0.248,0.2467,1931662.2,ADA-USD,6h
2023-10-12 06:00:00,0.2432,0.2474,0.2467,0.2455,2537488.27,ADA-USD,6h
2023-10-12 12:00:00,0.2424,0.2461,0.2456,0.244,5964270.83,ADA-USD,6h
2023-10-12 18:00:00,0.2429,0.2465,0.2439,0.2459,2105551.24,ADA-USD,6h
2023-10-13 00:00:00,0.2448,0.2469,0.2459,0.2458,1398440.25,ADA-USD,6h
2023-10-13 06:00:00,0.2452,0.2469,0.2458,0.246,1545602.86,ADA-USD,6h
2023-10-13 12:00:00,0.2457,0.2478,0.246,0.2464,3280510.76,ADA-USD,6h
2023-10-13 18:00:00,0.2455,0.2495,0.2464,0.2458,3671347.48,ADA-USD,6h
2023-10-14 00:00:00,0.2457,0.2468,0.2459,0.2461,1148878.18,ADA-USD,6h
2023-10-14 06:00:00,0.2449,0.2467,0.2461,0.2464,1191691.19,ADA-USD,6h
2023-10-14 12:00:00,0.2461,0.2477,0.2464,0.2469,1910113.01,ADA-USD,6h
2023-10-14 18:00:00,0.2462,0.2474,0.2469,0.2471,2117815.94,ADA-USD,6h
2023-10-15 00:00:00,0.2464,0.2481,0.2471,0.2472,1603300.14,ADA-USD,6h
2023-10-15 06:00:00,0.2465,0.2483,0.2472,0.2466,856391.55,ADA-USD,6h
2023-10-15 12:00:00,0.2454,0.247,0.2466,0.247,2433716.4,ADA-USD,6h
2023-10-15 18:00:00,0.2464,0.2484,0.247,0.2474,2556602.96,ADA-USD,6h
2023-10-16 00:00:00,0.2472,0.2531,0.2475,0.2523,3822611.38,ADA-USD,6h
2023-10-16 06:00:00,0.2512,0.253,0.2524,0.2523,2166172.62,ADA-USD,6h
2023-10-16 12:00:00,0.2493,0.2601,0.2523,0.2511,7922886.88,ADA-USD,6h
2023-10-16 18:00:00,0.25,0.2532,0.2511,0.2514,3012280.76,ADA-USD,6h
2023-10-17 00:00:00,0.2496,0.2515,0.2513,0.2502,2505259.56,ADA-USD,6h
2023-10-17 06:00:00,0.2496,0.2519,0.2502,0.2511,1498460.73,ADA-USD,6h
2023-10-17 12:00:00,0.245,0.2512,0.2511,0.2472,4295105.85,ADA-USD,6h
2023-10-17 18:00:00,0.2458,0.2474,0.2472,0.2465,2526712.98,ADA-USD,6h
2023-10-18 00:00:00,0.245,0.2483,0.2465,0.2469,2520572.05,ADA-USD,6h
2023-10-18 06:00:00,0.245,0.2474,0.2469,0.2468,1862806.76,ADA-USD,6h
2023-10-18 12:00:00,0.2447,0.2472,0.2469,0.2458,3364874.67,ADA-USD,6h
2023-10-18 18:00:00,0.2423,0.2461,0.2457,0.243,3589603.3,ADA-USD,6h
2023-10-19 00:00:00,0.24,0.2445,0.243,0.2427,4280844.56,ADA-USD,6h
2023-10-19 06:00:00,0.2411,0.2428,0.2427,0.2426,1785894.49,ADA-USD,6h
2023-10-19 12:00:00,0.2423,0.2466,0.2426,0.2437,4438000.04,ADA-USD,6h
2023-10-19 18:00:00,0.2434,0.2471,0.2437,0.2471,3715525.3,ADA-USD,6h
2023-10-20 00:00:00,0.2455,0.2502,0.2471,0.249,3613026.56,ADA-USD,6h
2023-10-20 06:00:00,0.2482,0.2535,0.249,0.2504,3786680.88,ADA-USD,6h
2023-10-20 12:00:00,0.2488,0.2517,0.2505,0.2506,4535143.7,ADA-USD,6h
2023-10-20 18:00:00,0.2503,0.2522,0.2508,0.2515,2491356.86,ADA-USD,6h
2023-10-21 00:00:00,0.2496,0.2523,0.2516,0.2508,1596637.55,ADA-USD,6h
2023-10-21 06:00:00,0.2507,0.257,0.2509,0.2566,3483549.61,ADA-USD,6h
2023-10-21 12:00:00,0.2557,0.2621,0.2566,0.2619,7167526.58,ADA-USD,6h
2023-10-21 18:00:00,0.2579,0.2629,0.2618,0.2588,6567717.07,ADA-USD,6h
2023-10-22 00:00:00,0.2583,0.2634,0.259,0.2629,4228002.94,ADA-USD,6h
2023-10-22 06:00:00,0.2557,0.2633,0.2627,0.257,2393897.87,ADA-USD,6h
2023-10-22 12:00:00,0.2565,0.2615,0.2569,0.2613,2527260.28,ADA-USD,6h
2023-10-22 18:00:00,0.2592,0.2646,0.2612,0.2641,3895513.29,ADA-USD,6h
2023-10-23 00:00:00,0.263,0.2688,0.2642,0.2665,9119615.86,ADA-USD,6h
2023-10-23 06:00:00,0.2615,0.2681,0.2669,0.2649,5566317.27,ADA-USD,6h
2023-10-23 12:00:00,0.2618,0.2678,0.265,0.2666,8605764.12,ADA-USD,6h
2023-10-23 18:00:00,0.2658,0.2816,0.2666,0.2809,19723992.96,ADA-USD,6h
2023-10-24 00:00:00,0.278,0.2899,0.2811,0.2801,15504899.58,ADA-USD,6h
2023-10-24 06:00:00,0.277,0.2868,0.2799,0.2866,6398550.51,ADA-USD,6h
2023-10-24 12:00:00,0.2734,0.2939,0.2868,0.2765,17785310.53,ADA-USD,6h
2023-10-24 18:00:00,0.274,0.2808,0.2765,0.2792,7700828.14,ADA-USD,6h
2023-10-25 00:00:00,0.2785,0.2849,0.2794,0.2804,5666630.33,ADA-USD,6h
2023-10-25 06:00:00,0.2763,0.2833,0.2804,0.2798,4011118.18,ADA-USD,6h
2023-10-25 12:00:00,0.2795,0.29,0.2795,0.284,9683502.06,ADA-USD,6h
2023-10-25 18:00:00,0.2783,0.2845,0.2839,0.2809,6356512.44,ADA-USD,6h
2023-10-26 00:00:00,0.2802,0.293,0.2808,0.288,13090742.24,ADA-USD,6h
2023-10-26 06:00:00,0.2864,0.2975,0.2881,0.2892,10235854.81,ADA-USD,6h
2023-10-26 12:00:00,0.2818,0.2966,0.2895,0.286,13065222.06,ADA-USD,6h
2023-10-26 18:00:00,0.2832,0.2888,0.2858,0.2872,7249356.66,ADA-USD,6h
2023-10-27 00:00:00,0.2805,0.2876,0.2871,0.2845,3614430.14,ADA-USD,6h
2023-10-27 06:00:00,0.2817,0.287,0.2843,0.2854,3703074.7,ADA-USD,6h
2023-10-27 12:00:00,0.2836,0.2928,0.2855,0.2863,9883150.42,ADA-USD,6h
2023-10-27 18:00:00,0.2832,0.2903,0.2863,0.2895,4007899.44,ADA-USD,6h
2023-10-28 00:00:00,0.2889,0.2977,0.2895,0.2949,6074118.35,ADA-USD,6h
2023-10-28 06:00:00,0.2925,0.2958,0.2949,0.2925,3619788.16,ADA-USD,6h
2023-10-28 12:00:00,0.2893,0.2935,0.2925,0.2918,3517182.94,ADA-USD,6h
2023-10-28 18:00:00,0.2899,0.2918,0.2916,0.2911,3115825.4,ADA-USD,6h
2023-10-29 00:00:00,0.2885,0.2933,0.2909,0.2921,2374909.24,ADA-USD,6h
2023-10-29 06:00:00,0.2912,0.2959,0.2922,0.2954,1622872.22,ADA-USD,6h
2023-10-29 12:00:00,0.2944,0.2988,0.2955,0.2972,7163383.66,ADA-USD,6h
2023-10-29 18:00:00,0.2944,0.2987,0.2973,0.2956,4167054.45,ADA-USD,6h
2023-10-30 00:00:00,0.2929,0.2969,0.2959,0.2931,3147727.35,ADA-USD,6h
2023-10-30 06:00:00,0.2922,0.3011,0.2932,0.3008,5416299.37,ADA-USD,6h
2023-10-30 12:00:00,0.295,0.3024,0.3009,0.2979,16046648.63,ADA-USD,6h
2023-10-30 18:00:00,0.2979,0.3033,0.2979,0.3032,6290524.05,ADA-USD,6h
2023-10-31 00:00:00,0.2987,0.3049,0.3032,0.3012,5624219.78,ADA-USD,6h
2023-10-31 06:00:00,0.2948,0.3024,0.3011,0.3009,7559750.05,ADA-USD,6h
2023-10-31 12:00:00,0.285,0.302,0.3009,0.2923,12158378.16,ADA-USD,6h
2023-10-31 18:00:00,0.2901,0.2948,0.2921,0.2931,6696667.3,ADA-USD,6h
2023-11-01 00:00:00,0.2851,0.2944,0.2931,0.2858,5348849.9,ADA-USD,6h
2023-11-01 06:00:00,0.2843,0.2885,0.2857,0.2879,4854532.69,ADA-USD,6h
2023-11-01 12:00:00,0.2864,0.2947,0.2881,0.2922,10243825.71,ADA-USD,6h
2023-11-01 18:00:00,0.2915,0.3089,0.2924,0.3074,16853704.41,ADA-USD,6h
2023-11-02 00:00:00,0.3036,0.3127,0.3074,0.3036,10139868.98,ADA-USD,6h
2023-11-02 06:00:00,0.3033,0.3118,0.304,0.3107,4915995.2,ADA-USD,6h
2023-11-02 12:00:00,0.2985,0.3165,0.3104,0.3157,16213264.26,ADA-USD,6h
2023-11-02 18:00:00,0.3128,0.3297,0.3155,0.3231,23019411.07,ADA-USD,6h
2023-11-03 00:00:00,0.3114,0.3269,0.3232,0.317,12755694.26,ADA-USD,6h
2023-11-03 06:00:00,0.3148,0.3258,0.3171,0.3183,9954095.03,ADA-USD,6h
2023-11-03 12:00:00,0.3146,0.3221,0.3184,0.3187,10313718.64,ADA-USD,6h
2023-11-03 18:00:00,0.318,0.3297,0.3188,0.3294,13705582.18,ADA-USD,6h
2023-11-04 00:00:00,0.3242,0.3305,0.3293,0.3256,8472984.96,ADA-USD,6h
2023-11-04 06:00:00,0.3242,0.3283,0.3254,0.3255,3705598.03,ADA-USD,6h
2023-11-04 12:00:00,0.321,0.3259,0.3255,0.325,6408208.64,ADA-USD,6h
2023-11-04 18:00:00,0.324,0.3307,0.3249,0.3281,4741837.46,ADA-USD,6h
2023-11-05 00:00:00,0.3263,0.3366,0.3281,0.3341,9650406.56,ADA-USD,6h
2023-11-05 06:00:00,0.3313,0.3446,0.3344,0.3434,6671141.64,ADA-USD,6h
2023-11-05 12:00:00,0.3349,0.3504,0.3434,0.3486,16076618.67,ADA-USD,6h
2023-11-05 18:00:00,0.3404,0.35,0.3485,0.3421,7907251.97,ADA-USD,6h
2023-11-06 00:00:00,0.338,0.3498,0.3425,0.341,10650986.34,ADA-USD,6h
2023-11-06 06:00:00,0.3397,0.3545,0.3409,0.3521,6797773.84,ADA-USD,6h
2023-11-06 12:00:00,0.3494,0.3572,0.3518,0.3568,14781332.6,ADA-USD,6h
2023-11-06 18:00:00,0.3547,0.3758,0.3569,0.3625,23206644.48,ADA-USD,6h
2023-11-07 00:00:00,0.3537,0.3658,0.3624,0.3569,13797614.2,ADA-USD,6h
2023-11-07 06:00:00,0.3429,0.357,0.3568,0.3452,9083763.96,ADA-USD,6h
2023-11-07 12:00:00,0.3334,0.348,0.3452,0.3427,14756680.22,ADA-USD,6h
2023-11-07 18:00:00,0.3425,0.3564,0.3426,0.3512,21382538.06,ADA-USD,6h
2023-11-08 00:00:00,0.3487,0.3562,0.3515,0.3541,7440994.39,ADA-USD,6h
2023-11-08 06:00:00,0.352,0.3597,0.354,0.3552,5496008.37,ADA-USD,6h
2023-11-08 12:00:00,0.3508,0.3589,0.3553,0.3574,15560303.91,ADA-USD,6h
2023-11-08 18:00:00,0.354,0.3605,0.3574,0.358,9969865.45,ADA-USD,6h
2023-11-09 00:00:00,0.3562,0.3687,0.3578,0.3662,12664874.94,ADA-USD,6h
2023-11-09 06:00:00,0.365,0.3747,0.3662,0.3738,10993579.84,ADA-USD,6h
2023-11-09 12:00:00,0.352,0.3868,0.3739,0.3698,31842571.25,ADA-USD,6h
2023-11-09 18:00:00,0.351,0.3703,0.3697,0.3685,16875694.17,ADA-USD,6h
2023-11-10 00:00:00,0.3663,0.3763,0.3687,0.3746,10788808.77,ADA-USD,6h
2023-11-10 06:00:00,0.3679,0.3802,0.3744,0.3784,11233138.62,ADA-USD,6h
2023-11-10 12:00:00,0.3629,0.3787,0.3786,0.3737,15811631.06,ADA-USD,6h
2023-11-10 18:00:00,0.3714,0.3886,0.3735,0.3863,20362726.01,ADA-USD,6h
2023-11-11 00:00:00,0.37,0.3888,0.3863,0.3775,14923536.29,ADA-USD,6h
2023-11-11 06:00:00,0.3758,0.3852,0.3775,0.3792,6431171.52,ADA-USD,6h
2023-11-11 12:00:00,0.3768,0.3955,0.3792,0.3891,18705017.3,ADA-USD,6h
2023-11-11 18:00:00,0.3803,0.3945,0.389,0.3845,11972305.53,ADA-USD,6h
2023-11-12 00:00:00,0.3709,0.3855,0.3846,0.3823,11031958.87,ADA-USD,6h
2023-11-12 06:00:00,0.3804,0.3915,0.382,0.3869,7882881.92,ADA-USD,6h
2023-11-12 12:00:00,0.3798,0.3876,0.3869,0.3823,7854614.67,ADA-USD,6h
2023-11-12 18:00:00,0.3781,0.3882,0.3825,0.3836,8440932.21,ADA-USD,6h
2023-11-13 00:00:00,0.3733,0.3888,0.3837,0.3754,13750261.86,ADA-USD,6h
2023-11-13 06:00:00,0.3652,0.38,0.3756,0.3681,7533488.16,ADA-USD,6h
2023-11-13 12:00:00,0.36,0.3735,0.3679,0.3647,16998989.88,ADA-USD,6h
2023-11-13 18:00:00,0.3529,0.3709,0.3646,0.3569,17372267.43,ADA-USD,6h
2023-11-14 00:00:00,0.35,0.3629,0.3568,0.3628,9502238.44,ADA-USD,6h
2023-11-14 06:00:00,0.3547,0.3697,0.363,0.357,8461406.69,ADA-USD,6h
2023-11-14 12:00:00,0.355,0.372,0.3568,0.3593,17955263.6,ADA-USD,6h
2023-11-14 18:00:00,0.3401,0.3601,0.3592,0.3579,16405075.72,ADA-USD,6h
2023-11-15 00:00:00,0.3537,0.3608,0.3578,0.3606,6151297.46,ADA-USD,6h
2023-11-15 06:00:00,0.359,0.3733,0.3605,0.3724,8794949.12,ADA-USD,6h
2023-11-15 12:00:00,0.366,0.3726,0.3722,0.369,17525129.09,ADA-USD,6h
2023-11-15 18:00:00,0.3671,0.3797,0.3689,0.3789,18327733.74,ADA-USD,6h
2023-11-16 00:00:00,0.3779,0.3846,0.3791,0.384,13643072.11,ADA-USD,6h
2023-11-16 06:00:00,0.3817,0.4097,0.3838,0.3925,31054304.8,ADA-USD,6h
2023-11-16 12:00:00,0.3786,0.3955,0.3928,0.3806,19780994.2,ADA-USD,6h
2023-11-16 18:00:00,0.3588,0.383,0.3806,0.3708,24968493.99,ADA-USD,6h
2023-11-17 00:00:00,0.3692,0.3782,0.3709,0.3741,6942501.55,ADA-USD,6h
2023-11-17 06:00:00,0.3633,0.3755,0.3742,0.3732,6150575.21,ADA-USD,6h
2023-11-17 12:00:00,0.3529,0.3751,0.3729,0.3668,13807696.7,ADA-USD,6h
2023-11-17 18:00:00,0.3614,0.3688,0.3668,0.3674,8929607.58,ADA-USD,6h
2023-11-18 00:00:00,0.3545,0.3678,0.3673,0.3547,8657038.79,ADA-USD,6h
2023-11-18 06:00:00,0.35,0.3608,0.3547,0.3586,6116840.26,ADA-USD,6h
2023-11-18 12:00:00,0.3546,0.3735,0.3585,0.3734,7639568.62,ADA-USD,6h
2023-11-18 18:00:00,0.3712,0.378,0.3733,0.3776,8982774.68,ADA-USD,6h
2023-11-19 00:00:00,0.369,0.3792,0.3776,0.3718,6668399.83,ADA-USD,6h
2023-11-19 06:00:00,0.3714,0.3784,0.3716,0.3749,3692190.56,ADA-USD,6h
2023-11-19 12:00:00,0.3731,0.3793,0.3746,0.3772,4119470.67,ADA-USD,6h
2023-11-19 18:00:00,0.3766,0.3857,0.3775,0.3842,8813754.74,ADA-USD,6h
2023-11-20 00:00:00,0.3805,0.3854,0.3843,0.3836,7882795.04,ADA-USD,6h
2023-11-20 06:00:00,0.383,0.3996,0.3836,0.3928,13521609.44,ADA-USD,6h
2023-11-20 12:00:00,0.3819,0.3953,0.3927,0.3898,14238471.1,ADA-USD,6h
2023-11-20 18:00:00,0.3767,0.3913,0.3899,0.3806,10376554.18,ADA-USD,6h
2023-11-21 00:00:00,0.379,0.3901,0.3804,0.3888,8336488.29,ADA-USD,6h
2023-11-21 06:00:00,0.3782,0.3896,0.389,0.3788,5166390.64,ADA-USD,6h
2023-11-21 12:00:00,0.3644,0.3801,0.3787,0.3676,15348924.79,ADA-USD,6h
2023-11-21 18:00:00,0.3557,0.3755,0.3676,0.3568,17042031.39,ADA-USD,6h
2023-11-22 00:00:00,0.3559,0.3725,0.3567,0.3678,7724980.58,ADA-USD,6h
2023-11-22 06:00:00,0.3677,0.3722,0.368,0.3687,3470855.41,ADA-USD,6h
2023-11-22 12:00:00,0.3661,0.3732,0.3686,0.3704,6816699.43,ADA-USD,6h
2023-11-22 18:00:00,0.3698,0.3878,0.3704,0.3803,12802053.53,ADA-USD,6h
2023-11-23 00:00:00,0.378,0.3838,0.3807,0.3819,4298939.53,ADA-USD,6h
2023-11-23 06:00:00,0.3799,0.3874,0.3819,0.383,4849800.01,ADA-USD,6h
2023-11-23 12:00:00,0.3761,0.386,0.3829,0.3828,6506623.03,ADA-USD,6h
2023-11-23 18:00:00,0.3795,0.3874,0.3828,0.3874,5781662.02,ADA-USD,6h
2023-11-24 00:00:00,0.3857,0.3979,0.3872,0.392,14723771.85,ADA-USD,6h
2023-11-24 06:00:00,0.3867,0.3928,0.392,0.3905,7688926.64,ADA-USD,6h
2023-11-24 12:00:00,0.386,0.3948,0.3904,0.3887,9337754.38,ADA-USD,6h
2023-11-24 18:00:00,0.384,0.3896,0.3886,0.3863,4931579.22,ADA-USD,6h
2023-11-25 00:00:00,0.3849,0.3923,0.3865,0.3903,4340524.93,ADA-USD,6h
2023-11-25 06:00:00,0.3871,0.3937,0.3901,0.3885,3304345.98,ADA-USD,6h
2023-11-25 12:00:00,0.3884,0.3965,0.3885,0.393,7490350.36,ADA-USD,6h
2023-11-25 18:00:00,0.3918,0.3961,0.393,0.3944,5525610.42,ADA-USD,6h
2023-11-26 00:00:00,0.3903,0.3959,0.3947,0.3927,3745288.56,ADA-USD,6h
2023-11-26 06:00:00,0.3908,0.3953,0.3928,0.3914,2687080.56,ADA-USD,6h
2023-11-26 12:00:00,0.3787,0.3929,0.3913,0.3836,10595808.46,ADA-USD,6h
2023-11-26 18:00:00,0.3817,0.3931,0.3837,0.3876,7700473.95,ADA-USD,6h
2023-11-27 00:00:00,0.3811,0.3922,0.3876,0.3845,5221487.13,ADA-USD,6h
2023-11-27 06:00:00,0.3784,0.3869,0.3845,0.3805,4053938.42,ADA-USD,6h
2023-11-27 12:00:00,0.3741,0.3816,0.3805,0.3767,9874125.11,ADA-USD,6h
2023-11-27 18:00:00,0.3712,0.3793,0.3767,0.3777,12899311.95,ADA-USD,6h
2023-11-28 00:00:00,0.3703,0.3805,0.3778,0.3707,4128480.17,ADA-USD,6h
2023-11-28 06:00:00,0.3695,0.3785,0.3707,0.3777,3349897.57,ADA-USD,6h
2023-11-28 12:00:00,0.375,0.3875,0.3778,0.3872,7220819.46,ADA-USD,6h
2023-11-28 18:00:00,0.383,0.3886,0.3872,0.3859,6150916.3,ADA-USD,6h
2023-11-29 00:00:00,0.3837,0.3877,0.3859,0.3855,3326083.76,ADA-USD,6h
2023-11-29 06:00:00,0.3813,0.3894,0.3855,0.3844,3868921.53,ADA-USD,6h
2023-11-29 12:00:00,0.3777,0.3876,0.3844,0.3868,7423085.5,ADA-USD,6h
2023-11-29 18:00:00,0.3807,0.3872,0.3866,0.3817,4994695.91,ADA-USD,6h
2023-11-30 00:00:00,0.3766,0.383,0.3818,0.3773,4929963.64,ADA-USD,6h
2023-11-30 06:00:00,0.3722,0.3787,0.3772,0.3768,5923378.59,ADA-USD,6h
2023-11-30 12:00:00,0.372,0.3772,0.377,0.3763,8827394.15,ADA-USD,6h
2023-11-30 18:00:00,0.3743,0.3772,0.3762,0.376,4670287.11,ADA-USD,6h
2023-12-01 00:00:00,0.3737,0.3814,0.376,0.3784,5551763.69,ADA-USD,6h
2023-12-01 06:00:00,0.3773,0.3834,0.3785,0.3821,4655839.36,ADA-USD,6h
2023-12-01 12:00:00,0.3789,0.385,0.3823,0.3838,8331157.37,ADA-USD,6h
2023-12-01 18:00:00,0.3819,0.3858,0.3838,0.3845,7008220.08,ADA-USD,6h
2023-12-02 00:00:00,0.383,0.3867,0.3846,0.3861,3533269.55,ADA-USD,6h
2023-12-02 06:00:00,0.3858,0.3914,0.3861,0.3891,3009165.44,ADA-USD,6h
2023-12-02 12:00:00,0.3855,0.3906,0.3892,0.3897,5180814.93,ADA-USD,6h
2023-12-02 18:00:00,0.3892,0.3981,0.3896,0.3979,10493668.49,ADA-USD,6h
2023-12-03 00:00:00,0.3958,0.4031,0.3977,0.3965,9012871.06,ADA-USD,6h
2023-12-03 06:00:00,0.3921,0.3975,0.3965,0.394,3690117.15,ADA-USD,6h
2023-12-03 12:00:00,0.3881,0.3941,0.3941,0.389,6430483.99,ADA-USD,6h
2023-12-03 18:00:00,0.3881,0.398,0.389,0.3951,7660717.75,ADA-USD,6h
2023-12-04 00:00:00,0.3945,0.4095,0.3951,0.4078,16586559.92,ADA-USD,6h
2023-12-04 06:00:00,0.3916,0.415,0.4078,0.4039,11716834.42,ADA-USD,6h
2023-12-04 12:00:00,0.3967,0.4074,0.4041,0.3999,14593527.89,ADA-USD,6h
2023-12-04 18:00:00,0.3989,0.4076,0.3998,0.4068,11071775.0,ADA-USD,6h
2023-12-05 00:00:00,0.4019,0.4108,0.4067,0.4049,8933247.51,ADA-USD,6h
2023-12-05 06:00:00,0.3969,0.4052,0.405,0.3994,6585763.51,ADA-USD,6h
2023-12-05 12:00:00,0.3973,0.4142,0.3995,0.4136,14337210.7,ADA-USD,6h
2023-12-05 18:00:00,0.4133,0.4261,0.4136,0.4258,21715973.4,ADA-USD,6h
2023-12-06 00:00:00,0.4168,0.4296,0.4261,0.4221,11617588.72,ADA-USD,6h
2023-12-06 06:00:00,0.417,0.438,0.4221,0.437,15682520.18,ADA-USD,6h
2023-12-06 12:00:00,0.4335,0.4512,0.4369,0.4476,28295244.14,ADA-USD,6h
2023-12-06 18:00:00,0.4404,0.455,0.4476,0.4429,14486100.61,ADA-USD,6h
2023-12-07 00:00:00,0.441,0.4555,0.443,0.4518,14508526.22,ADA-USD,6h
2023-12-07 06:00:00,0.431,0.4526,0.4518,0.4351,11432614.01,ADA-USD,6h
2023-12-07 12:00:00,0.4334,0.4595,0.4351,0.455,17737893.4,ADA-USD,6h
2023-12-07 18:00:00,0.4482,0.4595,0.4552,0.4557,15373810.63,ADA-USD,6h
2023-12-08 00:00:00,0.4522,0.47,0.4556,0.4698,12742152.66,ADA-USD,6h
2023-12-08 06:00:00,0.4679,0.5294,0.4699,0.52,28142121.73,ADA-USD,6h
2023-12-08 12:00:00,0.511,0.6,0.52,0.5392,57733345.06,ADA-USD,6h
2023-12-08 18:00:00,0.5316,0.5526,0.5391,0.5459,24648481.04,ADA-USD,6h
2023-12-09 00:00:00,0.5435,0.6,0.5458,0.5921,37745981.48,ADA-USD,6h
2023-12-09 06:00:00,0.5832,0.6488,0.5924,0.6234,41950163.96,ADA-USD,6h
2023-12-09 12:00:00,0.5686,0.6369,0.6236,0.5693,41280235.91,ADA-USD,6h
2023-12-09 18:00:00,0.569,0.5976,0.569,0.5792,24943374.45,ADA-USD,6h
2023-12-10 00:00:00,0.5772,0.6058,0.5792,0.5968,23015095.31,ADA-USD,6h
2023-12-10 06:00:00,0.57,0.6021,0.5964,0.5907,13069812.78,ADA-USD,6h
2023-12-10 12:00:00,0.5819,0.5989,0.5909,0.5921,16788781.54,ADA-USD,6h
2023-12-10 18:00:00,0.5889,0.6147,0.5921,0.5948,24722608.5,ADA-USD,6h
2023-12-11 00:00:00,0.5094,0.5986,0.5946,0.555,36981515.97,ADA-USD,6h
2023-12-11 06:00:00,0.5398,0.5625,0.5547,0.5523,19288499.09,ADA-USD,6h
2023-12-11 12:00:00,0.5355,0.556,0.5523,0.5373,22041541.82,ADA-USD,6h
2023-12-11 18:00:00,0.52,0.561,0.5372,0.5504,32899674.89,ADA-USD,6h
2023-12-12 00:00:00,0.5506,0.5693,0.5507,0.564,15711434.05,ADA-USD,6h
2023-12-12 06:00:00,0.5612,0.6064,0.5639,0.592,24216373.11,ADA-USD,6h
2023-12-12 12:00:00,0.5555,0.6045,0.5918,0.5555,27369378.41,ADA-USD,6h
2023-12-12 18:00:00,0.5556,0.5814,0.5556,0.5783,15474599.69,ADA-USD,6h
2023-12-13 00:00:00,0.5501,0.5874,0.5782,0.5599,15578692.41,ADA-USD,6h
2023-12-13 06:00:00,0.5422,0.587,0.5598,0.5776,10193673.55,ADA-USD,6h
2023-12-13 12:00:00,0.5748,0.6329,0.5778,0.6118,42022420.34,ADA-USD,6h
2023-12-13 18:00:00,0.6101,0.6819,0.6118,0.6675,52130983.57,ADA-USD,6h
2023-12-14 00:00:00,0.6464,0.695,0.6677,0.651,36101028.34,ADA-USD,6h
2023-12-14 06:00:00,0.6362,0.6626,0.6509,0.6573,17029387.56,ADA-USD,6h
2023-12-14 12:00:00,0.61,0.6626,0.6573,0.6402,31789430.88,ADA-USD,6h
2023-12-14 18:00:00,0.6311,0.6499,0.6402,0.6435,14454688.84,ADA-USD,6h
2023-12-15 00:00:00,0.6321,0.6542,0.6434,0.6373,12101042.2,ADA-USD,6h
2023-12-15 06:00:00,0.6273,0.651,0.637,0.6383,11045155.06,ADA-USD,6h
2023-12-15 12:00:00,0.6123,0.6426,0.6381,0.6165,19396810.64,ADA-USD,6h
2023-12-15 18:00:00,0.6,0.6282,0.6166,0.6004,16540484.28,ADA-USD,6h
2023-12-16 00:00:00,0.5863,0.6161,0.6007,0.6084,15843398.25,ADA-USD,6h
2023-12-16 06:00:00,0.6057,0.6169,0.6083,0.6159,4029186.69,ADA-USD,6h
2023-12-16 12:00:00,0.6096,0.6255,0.6159,0.62,10421462.04,ADA-USD,6h
2023-12-16 18:00:00,0.6022,0.62,0.62,0.6075,9275392.74,ADA-USD,6h
2023-12-17 00:00:00,0.5962,0.6177,0.6073,0.5999,5811022.67,ADA-USD,6h
2023-12-17 06:00:00,0.591,0.6055,0.6002,0.6006,5163016.45,ADA-USD,6h
2023-12-17 12:00:00,0.5845,0.6099,0.6003,0.6,10282546.43,ADA-USD,6h
2023-12-17 18:00:00,0.5763,0.6013,0.6001,0.5798,13532802.59,ADA-USD,6h
2023-12-18 00:00:00,0.561,0.5858,0.5802,0.5714,13068522.47,ADA-USD,6h
2023-12-18 06:00:00,0.5432,0.5773,0.5716,0.559,12223081.27,ADA-USD,6h
2023-12-18 12:00:00,0.5543,0.5762,0.5592,0.5714,10092723.1,ADA-USD,6h
2023-12-18 18:00:00,0.5697,0.6033,0.5712,0.6022,15389742.55,ADA-USD,6h
2023-12-19 00:00:00,0.5965,0.6162,0.6022,0.6117,13267527.11,ADA-USD,6h
2023-12-19 06:00:00,0.5927,0.6168,0.6122,0.5934,8249467.63,ADA-USD,6h
2023-12-19 12:00:00,0.5671,0.5975,0.5932,0.5676,14962512.66,ADA-USD,6h
2023-12-19 18:00:00,0.5658,0.5828,0.5674,0.576,9264803.23,ADA-USD,6h
2023-12-20 00:00:00,0.5683,0.5864,0.576,0.5841,8283393.21,ADA-USD,6h
2023-12-20 06:00:00,0.5818,0.5944,0.5844,0.5912,7319983.7,ADA-USD,6h
2023-12-20 12:00:00,0.5879,0.6072,0.591,0.6014,17014402.32,ADA-USD,6h
2023-12-20 18:00:00,0.5807,0.61,0.6016,0.5896,13925317.32,ADA-USD,6h
2023-12-21 00:00:00,0.582,0.5984,0.5896,0.5871,9075658.41,ADA-USD,6h
2023-12-21 06:00:00,0.5865,0.6145,0.587,0.6102,8412062.78,ADA-USD,6h
2023-12-21 12:00:00,0.5932,0.6249,0.6102,0.6191,14744342.05,ADA-USD,6h
2023-12-21 18:00:00,0.6111,0.6394,0.6196,0.6351,23066286.84,ADA-USD,6h
2023-12-22 00:00:00,0.6185,0.6513,0.6354,0.6335,24833607.63,ADA-USD,6h
2023-12-22 06:00:00,0.6061,0.6394,0.6332,0.6182,10154755.85,ADA-USD,6h
2023-12-22 12:00:00,0.6067,0.62,0.6185,0.6172,8518799.32,ADA-USD,6h
2023-12-22 18:00:00,0.6146,0.6255,0.6173,0.6232,8561321.23,ADA-USD,6h
2023-12-23 00:00:00,0.5969,0.6236,0.623,0.606,11157367.08,ADA-USD,6h
2023-12-23 06:00:00,0.6018,0.6089,0.606,0.6045,3204972.4,ADA-USD,6h
2023-12-23 12:00:00,0.6011,0.6094,0.6044,0.6015,4517646.03,ADA-USD,6h
2023-12-23 18:00:00,0.6001,0.6171,0.6013,0.6134,8932415.6,ADA-USD,6h
2023-12-24 00:00:00,0.605,0.6288,0.6132,0.6117,16950951.31,ADA-USD,6h
2023-12-24 06:00:00,0.6044,0.6215,0.6118,0.6145,8373423.46,ADA-USD,6h
2023-12-24 12:00:00,0.6093,0.6227,0.6146,0.6129,7252116.02,ADA-USD,6h
2023-12-24 18:00:00,0.5881,0.6211,0.613,0.5923,20769299.89,ADA-USD,6h
2023-12-25 00:00:00,0.5896,0.6099,0.5919,0.6078,7674008.66,ADA-USD,6h
2023-12-25 06:00:00,0.6,0.6108,0.6075,0.6067,4061373.8,ADA-USD,6h
2023-12-25 12:00:00,0.6057,0.6267,0.6068,0.6241,10669655.19,ADA-USD,6h
2023-12-25 18:00:00,0.612,0.6351,0.6241,0.6241,8045783.39,ADA-USD,6h
2023-12-26 00:00:00,0.6004,0.6281,0.6242,0.6042,7860880.28,ADA-USD,6h
2023-12-26 06:00:00,0.5942,0.6144,0.6042,0.6139,6745081.53,ADA-USD,6h
2023-12-26 12:00:00,0.5625,0.6237,0.6133,0.5867,19047641.99,ADA-USD,6h
2023-12-26 18:00:00,0.5825,0.6117,0.5873,0.6089,13454416.14,ADA-USD,6h
2023-12-27 00:00:00,0.5839,0.6097,0.6088,0.5977,7881680.97,ADA-USD,6h
2023-12-27 06:00:00,0.5934,0.6161,0.5977,0.6124,5655425.01,ADA-USD,6h
2023-12-27 12:00:00,0.6079,0.6409,0.6124,0.6312,21754718.25,ADA-USD,6h
2023-12-27 18:00:00,0.626,0.6435,0.6312,0.6338,19728792.32,ADA-USD,6h
2023-12-28 00:00:00,0.6325,0.6785,0.6339,0.6484,38688855.99,ADA-USD,6h
2023-12-28 06:00:00,0.641,0.6644,0.6483,0.6457,11991563.34,ADA-USD,6h
2023-12-28 12:00:00,0.6101,0.65,0.6458,0.6287,24837980.88,ADA-USD,6h
2023-12-28 18:00:00,0.6135,0.6327,0.6289,0.6161,10842376.5,ADA-USD,6h
2023-12-29 00:00:00,0.5987,0.6205,0.6166,0.6182,10973507.84,ADA-USD,6h
2023-12-29 06:00:00,0.6069,0.6257,0.6185,0.6222,6735230.49,ADA-USD,6h
2023-12-29 12:00:00,0.5965,0.626,0.6223,0.6002,17644005.48,ADA-USD,6h
2023-12-29 18:00:00,0.5916,0.6096,0.6006,0.6084,7591219.23,ADA-USD,6h
2023-12-30 00:00:00,0.6024,0.6132,0.6084,0.6084,5408661.95,ADA-USD,6h
2023-12-30 06:00:00,0.5932,0.6099,0.6084,0.5991,4437760.05,ADA-USD,6h
2023-12-30 12:00:00,0.5981,0.6128,0.5993,0.6081,6522928.15,ADA-USD,6h
2023-12-30 18:00:00,0.5983,0.6104,0.6079,0.601,7304705.37,ADA-USD,6h
2023-12-31 00:00:00,0.5951,0.6055,0.601,0.6029,4172709.78,ADA-USD,6h
2023-12-31 06:00:00,0.6029,0.6098,0.6033,0.6047,3360767.67,ADA-USD,6h
2023-12-31 12:00:00,0.5982,0.6091,0.6047,0.6016,5440433.02,ADA-USD,6h
2023-12-31 18:00:00,0.58,0.604,0.6017,0.5937,8868980.62,ADA-USD,6h
2024-01-01 00:00:00,0.5903,0.6029,0.5935,0.5921,6946794.75,ADA-USD,6h
2024-01-01 06:00:00,0.5918,0.6046,0.592,0.6032,2316793.6,ADA-USD,6h
2024-01-01 12:00:00,0.6002,0.6071,0.6033,0.6059,5447771.15,ADA-USD,6h
2024-01-01 18:00:00,0.606,0.6244,0.606,0.6236,8851395.86,ADA-USD,6h
2024-01-02 00:00:00,0.6219,0.6373,0.6236,0.6263,12162535.51,ADA-USD,6h
2024-01-02 06:00:00,0.622,0.635,0.6262,0.6266,5684328.89,ADA-USD,6h
2024-01-02 12:00:00,0.6081,0.6289,0.6262,0.6137,6882526.0,ADA-USD,6h
2024-01-02 18:00:00,0.6021,0.6182,0.6138,0.6053,9672921.58,ADA-USD,6h
2024-01-03 00:00:00,0.6029,0.6157,0.605,0.6145,5682023.35,ADA-USD,6h
2024-01-03 06:00:00,0.595,0.6187,0.6144,0.5955,7074748.82,ADA-USD,6h
2024-01-03 12:00:00,0.54,0.5964,0.5961,0.5599,38769504.17,ADA-USD,6h
2024-01-03 18:00:00,0.545,0.5635,0.56,0.5572,9481800.7,ADA-USD,6h
2024-01-04 00:00:00,0.5498,0.5665,0.5571,0.5629,6835593.0,ADA-USD,6h
2024-01-04 06:00:00,0.5517,0.5709,0.5633,0.5583,7620357.46,ADA-USD,6h
2024-01-04 12:00:00,0.5569,0.5777,0.5584,0.5714,12016658.13,ADA-USD,6h
2024-01-04 18:00:00,0.5684,0.5796,0.5716,0.5704,8478809.73,ADA-USD,6h
2024-01-05 00:00:00,0.541,0.5733,0.5708,0.5558,10753424.03,ADA-USD,6h
2024-01-05 06:00:00,0.5404,0.559,0.556,0.5423,6217045.56,ADA-USD,6h
2024-01-05 12:00:00,0.5223,0.5462,0.5424,0.5313,15110216.64,ADA-USD,6h
2024-01-05 18:00:00,0.5274,0.5422,0.5318,0.5419,7542687.03,ADA-USD,6h
2024-01-06 00:00:00,0.5173,0.5435,0.542,0.5206,5512007.41,ADA-USD,6h
2024-01-06 06:00:00,0.5073,0.5237,0.5208,0.5207,7751302.04,ADA-USD,6h
2024-01-06 12:00:00,0.5176,0.53,0.5209,0.5287,5187357.31,ADA-USD,6h
2024-01-06 18:00:00,0.5151,0.5301,0.529,0.5231,6603874.12,ADA-USD,6h
2024-01-07 00:00:00,0.5172,0.5298,0.5234,0.5258,4055320.0,ADA-USD,6h
2024-01-07 06:00:00,0.517,0.5303,0.526,0.5206,4121677.58,ADA-USD,6h
2024-01-07 12:00:00,0.5082,0.5256,0.5206,0.5173,5725379.34,ADA-USD,6h
2024-01-07 18:00:00,0.4882,0.5198,0.5174,0.4947,14088310.19,ADA-USD,6h
2024-01-08 00:00:00,0.465,0.5,0.4949,0.4847,19680923.26,ADA-USD,6h
2024-01-08 06:00:00,0.4826,0.5004,0.4847,0.4999,6856350.77,ADA-USD,6h
2024-01-08 12:00:00,0.5002,0.5193,0.5002,0.5188,14049678.97,ADA-USD,6h
2024-01-08 18:00:00,0.5188,0.5449,0.5188,0.5416,18863099.02,ADA-USD,6h
2024-01-09 00:00:00,0.5259,0.5441,0.5417,0.5316,6790581.19,ADA-USD,6h
2024-01-09 06:00:00,0.5142,0.5343,0.5316,0.5221,6082918.36,ADA-USD,6h
2024-01-09 12:00:00,0.5005,0.5255,0.5221,0.5059,13425467.7,ADA-USD,6h
2024-01-09 18:00:00,0.4965,0.517,0.506,0.5123,15873501.76,ADA-USD,6h
2024-01-10 00:00:00,0.5086,0.5195,0.5123,0.5116,5950205.52,ADA-USD,6h
2024-01-10 06:00:00,0.4992,0.5225,0.5118,0.5143,6511676.24,ADA-USD,6h
2024-01-10 12:00:00,0.4876,0.5155,0.5132,0.5121,10280244.53,ADA-USD,6h
2024-01-10 18:00:00,0.5055,0.5899,0.5123,0.5664,38514138.6,ADA-USD,6h
2024-01-11 00:00:00,0.5611,0.5856,0.5664,0.5701,14527431.84,ADA-USD,6h
2024-01-11 06:00:00,0.5607,0.6005,0.5703,0.5994,10692190.79,ADA-USD,6h
2024-01-11 12:00:00,0.5679,0.6196,0.5995,0.584,27191554.76,ADA-USD,6h
2024-01-11 18:00:00,0.5738,0.5886,0.5839,0.582,10596920.4,ADA-USD,6h
2024-01-12 00:00:00,0.5701,0.5874,0.582,0.5859,6314943.61,ADA-USD,6h
2024-01-12 06:00:00,0.5712,0.589,0.5859,0.581,4375630.18,ADA-USD,6h
2024-01-12 12:00:00,0.5403,0.5878,0.5813,0.5574,18727332.9,ADA-USD,6h
2024-01-12 18:00:00,0.5258,0.5658,0.5576,0.5475,14468888.18,ADA-USD,6h
2024-01-13 00:00:00,0.531,0.553,0.5477,0.553,5797362.23,ADA-USD,6h
2024-01-13 06:00:00,0.5453,0.5537,0.553,0.5487,4031687.72,ADA-USD,6h
2024-01-13 12:00:00,0.54,0.5524,0.5484,0.5451,5319438.37,ADA-USD,6h
2024-01-13 18:00:00,0.5429,0.5515,0.5451,0.5491,5000984.74,ADA-USD,6h
2024-01-14 00:00:00,0.5402,0.5495,0.5489,0.5476,3059778.69,ADA-USD,6h
2024-01-14 06:00:00,0.543,0.55,0.5477,0.544,1699680.97,ADA-USD,6h
2024-01-14 12:00:00,0.541,0.5484,0.544,0.5465,2784652.34,ADA-USD,6h
2024-01-14 18:00:00,0.5232,0.5481,0.5464,0.5246,9736736.2,ADA-USD,6h
2024-01-15 00:00:00,0.5239,0.5413,0.525,0.5389,4569336.97,ADA-USD,6h
2024-01-15 06:00:00,0.5337,0.54,0.5388,0.5359,1448852.85,ADA-USD,6h
2024-01-15 12:00:00,0.5231,0.5472,0.5361,0.5283,7362407.03,ADA-USD,6h
2024-01-15 18:00:00,0.5215,0.537,0.5282,0.5272,4104428.79,ADA-USD,6h
2024-01-16 00:00:00,0.5274,0.5357,0.5277,0.5312,3396045.13,ADA-USD,6h
2024-01-16 06:00:00,0.5295,0.5377,0.5311,0.5369,1222580.28,ADA-USD,6h
2024-01-16 12:00:00,0.525,0.548,0.5369,0.5395,7025075.97,ADA-USD,6h
2024-01-16 18:00:00,0.5345,0.545,0.5396,0.5353,4347868.87,ADA-USD,6h
2024-01-17 00:00:00,0.531,0.5395,0.5355,0.5312,3692679.96,ADA-USD,6h
2024-01-17 06:00:00,0.5256,0.5347,0.5309,0.5319,2575686.73,ADA-USD,6h
2024-01-17 12:00:00,0.5207,0.5342,0.5318,0.5271,5477787.17,ADA-USD,6h
2024-01-17 18:00:00,0.522,0.53,0.5273,0.5278,4464417.53,ADA-USD,6h
2024-01-18 00:00:00,0.5174,0.5278,0.5278,0.5221,4427578.49,ADA-USD,6h
2024-01-18 06:00:00,0.5143,0.5253,0.522,0.5166,1808112.78,ADA-USD,6h
2024-01-18 12:00:00,0.5045,0.5229,0.5166,0.5088,9116558.71,ADA-USD,6h
2024-01-18 18:00:00,0.495,0.51,0.5088,0.502,14997733.94,ADA-USD,6h
2024-01-19 00:00:00,0.487,0.5044,0.5019,0.4967,7856969.02,ADA-USD,6h
2024-01-19 06:00:00,0.4963,0.5014,0.4967,0.5003,5483126.13,ADA-USD,6h
2024-01-19 12:00:00,0.4704,0.5003,0.5003,0.4864,11022209.74,ADA-USD,6h
2024-01-19 18:00:00,0.483,0.5049,0.4864,0.504,9979858.87,ADA-USD,6h
2024-01-20 00:00:00,0.4982,0.5095,0.504,0.5055,4277016.59,ADA-USD,6h
2024-01-20 06:00:00,0.5047,0.5175,0.5057,0.5159,4485693.54,ADA-USD,6h
2024-01-20 12:00:00,0.5063,0.5173,0.5159,0.509,5382471.93,ADA-USD,6h
2024-01-20 18:00:00,0.5067,0.5163,0.5087,0.5156,5019251.52,ADA-USD,6h
2024-01-21 00:00:00,0.5121,0.5203,0.5154,0.5142,4179610.67,ADA-USD,6h
2024-01-21 06:00:00,0.5134,0.5199,0.5142,0.517,1806630.69,ADA-USD,6h
2024-01-21 12:00:00,0.509,0.52,0.5169,0.5136,4083986.62,ADA-USD,6h
2024-01-21 18:00:00,0.502,0.5143,0.5136,0.5028,3473512.95,ADA-USD,6h
2024-01-22 00:00:00,0.4907,0.5059,0.5029,0.4994,6553832.08,ADA-USD,6h
2024-01-22 06:00:00,0.485,0.5017,0.4994,0.4931,3547711.94,ADA-USD,6h
2024-01-22 12:00:00,0.4867,0.4993,0.4928,0.4917,6608849.35,ADA-USD,6h
2024-01-22 18:00:00,0.4743,0.4935,0.4916,0.4781,13531096.46,ADA-USD,6h
2024-01-23 00:00:00,0.4772,0.4858,0.478,0.4827,4658580.98,ADA-USD,6h
2024-01-23 06:00:00,0.4517,0.483,0.4827,0.458,10052058.88,ADA-USD,6h
2024-01-23 12:00:00,0.4473,0.4813,0.458,0.4669,20566250.7,ADA-USD,6h
2024-01-23 18:00:00,0.4621,0.4776,0.4669,0.477,6068047.53,ADA-USD,6h
2024-01-24 00:00:00,0.4639,0.4787,0.477,0.4669,15835886.41,ADA-USD,6h
2024-01-24 06:00:00,0.4642,0.4801,0.4667,0.4748,6378633.33,ADA-USD,6h
2024-01-24 12:00:00,0.4678,0.4783,0.4747,0.4757,5822592.67,ADA-USD,6h
2024-01-24 18:00:00,0.4679,0.4777,0.4755,0.4762,5753585.75,ADA-USD,6h
2024-01-25 00:00:00,0.4656,0.4773,0.4763,0.4681,4463315.45,ADA-USD,6h
2024-01-25 06:00:00,0.4681,0.4837,0.4683,0.4793,4051760.33,ADA-USD,6h
2024-01-25 12:00:00,0.4581,0.4811,0.479,0.4654,6329817.1,ADA-USD,6h
2024-01-25 18:00:00,0.4643,0.47,0.4655,0.4663,3633025.08,ADA-USD,6h
2024-01-26 00:00:00,0.4628,0.4711,0.466,0.4704,2493801.25,ADA-USD,6h
2024-01-26 06:00:00,0.4673,0.484,0.4705,0.4832,3679669.97,ADA-USD,6h
2024-01-26 12:00:00,0.4782,0.4902,0.4837,0.4866,6217405.55,ADA-USD,6h
2024-01-26 18:00:00,0.4804,0.4887,0.4866,0.4848,4452762.92,ADA-USD,6h
2024-01-27 00:00:00,0.4809,0.4882,0.4849,0.4817,2841297.28,ADA-USD,6h
2024-01-27 06:00:00,0.4753,0.4826,0.4813,0.4815,1646401.72,ADA-USD,6h
2024-01-27 12:00:00,0.4813,0.4867,0.4814,0.484,1824531.39,ADA-USD,6h
2024-01-27 18:00:00,0.4833,0.4899,0.4842,0.4861,4900256.46,ADA-USD,6h
2024-01-28 00:00:00,0.4854,0.5004,0.4862,0.4976,5412760.5,ADA-USD,6h
2024-01-28 06:00:00,0.4913,0.4999,0.4975,0.4957,2931577.25,ADA-USD,6h
2024-01-28 12:00:00,0.4886,0.4968,0.4956,0.4904,3368427.99,ADA-USD,6h
2024-01-28 18:00:00,0.4834,0.4922,0.4902,0.4903,3156356.28,ADA-USD,6h
2024-01-29 00:00:00,0.4868,0.4977,0.4904,0.4908,3694256.02,ADA-USD,6h
2024-01-29 06:00:00,0.4856,0.4922,0.4914,0.4879,1783706.22,ADA-USD,6h
2024-01-29 12:00:00,0.4837,0.5116,0.488,0.5068,7345979.54,ADA-USD,6h
2024-01-29 18:00:00,0.5068,0.528,0.5068,0.5261,11812064.92,ADA-USD,6h
2024-01-30 00:00:00,0.5229,0.5376,0.5263,0.5288,13694192.33,ADA-USD,6h
2024-01-30 06:00:00,0.5268,0.5323,0.5289,0.53,3530581.92,ADA-USD,6h
2024-01-30 12:00:00,0.5151,0.5315,0.53,0.519,10825050.14,ADA-USD,6h
2024-01-30 18:00:00,0.5123,0.5292,0.519,0.5137,5007741.93,ADA-USD,6h
2024-01-31 00:00:00,0.5049,0.516,0.5138,0.511,8848081.56,ADA-USD,6h
2024-01-31 06:00:00,0.4972,0.5129,0.511,0.5018,4510319.37,ADA-USD,6h
2024-01-31 12:00:00,0.4949,0.5186,0.5017,0.5173,7334601.24,ADA-USD,6h
2024-01-31 18:00:00,0.4931,0.5203,0.5168,0.4974,9177503.08,ADA-USD,6h
2024-02-01 00:00:00,0.4854,0.4994,0.4972,0.4899,4934927.98,ADA-USD,6h
2024-02-01 06:00:00,0.4872,0.4961,0.4898,0.4883,1784772.56,ADA-USD,6h
2024-02-01 12:00:00,0.4861,0.4983,0.4881,0.4958,3823112.32,ADA-USD,6h
2024-02-01 18:00:00,0.4927,0.5083,0.4962,0.5075,5116844.87,ADA-USD,6h
2024-02-02 00:00:00,0.5038,0.5123,0.5079,0.5045,4221140.52,ADA-USD,6h
2024-02-02 06:00:00,0.5045,0.524,0.5045,0.5177,5211675.54,ADA-USD,6h
2024-02-02 12:00:00,0.5062,0.5203,0.5179,0.5135,7648273.18,ADA-USD,6h
2024-02-02 18:00:00,0.5079,0.5149,0.5135,0.5144,6624233.81,ADA-USD,6h
2024-02-03 00:00:00,0.5145,0.5228,0.5145,0.5186,4597780.08,ADA-USD,6h
2024-02-03 06:00:00,0.5144,0.5254,0.5187,0.5215,4712278.81,ADA-USD,6h
2024-02-03 12:00:00,0.5116,0.5239,0.5214,0.5184,3072246.98,ADA-USD,6h
2024-02-03 18:00:00,0.5115,0.5184,0.5183,0.5123,1896312.61,ADA-USD,6h
2024-02-04 00:00:00,0.5058,0.5124,0.5122,0.5063,2208917.49,ADA-USD,6h
2024-02-04 06:00:00,0.5013,0.5083,0.5064,0.5068,2476974.65,ADA-USD,6h
2024-02-04 12:00:00,0.5018,0.5087,0.507,0.5039,2038710.2,ADA-USD,6h
2024-02-04 18:00:00,0.493,0.5045,0.5037,0.4931,4899876.65,ADA-USD,6h
2024-02-05 00:00:00,0.4881,0.4984,0.493,0.4968,4104964.91,ADA-USD,6h
2024-02-05 06:00:00,0.4959,0.5044,0.4966,0.5033,2100142.57,ADA-USD,6h
2024-02-05 12:00:00,0.4917,0.5057,0.5033,0.4931,3746668.41,ADA-USD,6h
2024-02-05 18:00:00,0.4867,0.4951,0.4932,0.4938,5341003.26,ADA-USD,6h
2024-02-06 00:00:00,0.4901,0.498,0.4938,0.491,4560710.71,ADA-USD,6h
2024-02-06 06:00:00,0.49,0.498,0.491,0.4918,2486398.95,ADA-USD,6h
2024-02-06 12:00:00,0.4884,0.4997,0.4915,0.4979,4831493.42,ADA-USD,6h
2024-02-06 18:00:00,0.4955,0.504,0.498,0.4982,4045526.06,ADA-USD,6h
2024-02-07 00:00:00,0.4824,0.5009,0.4981,0.49,6838732.1,ADA-USD,6h
2024-02-07 06:00:00,0.4738,0.4904,0.4898,0.4753,8057296.6,ADA-USD,6h
2024-02-07 12:00:00,0.4743,0.4936,0.4751,0.489,9184707.3,ADA-USD,6h
2024-02-07 18:00:00,0.4888,0.5024,0.4889,0.5022,7872240.66,ADA-USD,6h
2024-02-08 00:00:00,0.5019,0.5171,0.5022,0.5153,9182372.66,ADA-USD,6h
2024-02-08 06:00:00,0.5093,0.5354,0.5155,0.5316,12946498.36,ADA-USD,6h
2024-02-08 12:00:00,0.5216,0.5376,0.5317,0.5249,16018005.65,ADA-USD,6h
2024-02-08 18:00:00,0.5238,0.5324,0.525,0.5305,4623637.24,ADA-USD,6h
2024-02-09 00:00:00,0.5279,0.5411,0.5304,0.5383,9962226.54,ADA-USD,6h
2024-02-09 06:00:00,0.5345,0.5446,0.5383,0.5434,6022455.34,ADA-USD,6h
2024-02-09 12:00:00,0.5334,0.5478,0.5434,0.5395,13335768.12,ADA-USD,6h
2024-02-09 18:00:00,0.5378,0.5489,0.5396,0.5409,7278044.85,ADA-USD,6h
2024-02-10 00:00:00,0.5378,0.55,0.5411,0.5389,8438127.3,ADA-USD,6h
2024-02-10 06:00:00,0.5282,0.5396,0.539,0.5334,4092200.14,ADA-USD,6h
2024-02-10 12:00:00,0.5308,0.5413,0.5334,0.5379,5412270.52,ADA-USD,6h
2024-02-10 18:00:00,0.5372,0.5583,0.5376,0.5516,10535033.65,ADA-USD,6h
2024-02-11 00:00:00,0.5488,0.565,0.5517,0.5607,11570692.8,ADA-USD,6h
2024-02-11 06:00:00,0.5503,0.5656,0.5607,0.554,5295732.79,ADA-USD,6h
2024-02-11 12:00:00,0.5409,0.5545,0.554,0.5455,7381170.44,ADA-USD,6h
2024-02-11 18:00:00,0.5356,0.5455,0.5454,0.5418,6250664.0,ADA-USD,6h
2024-02-12 00:00:00,0.5335,0.5474,0.5417,0.5358,4222430.24,ADA-USD,6h
2024-02-12 06:00:00,0.5308,0.5406,0.5358,0.535,3659402.6,ADA-USD,6h
2024-02-12 12:00:00,0.5335,0.5687,0.5349,0.5623,12775677.43,ADA-USD,6h
2024-02-12 18:00:00,0.5539,0.5656,0.5622,0.5595,11029185.22,ADA-USD,6h
2024-02-13 00:00:00,0.5487,0.5647,0.5594,0.5561,8822593.76,ADA-USD,6h
2024-02-13 06:00:00,0.5503,0.5615,0.5562,0.554,3705252.11,ADA-USD,6h
2024-02-13 12:00:00,0.5341,0.5546,0.5539,0.5404,10301421.84,ADA-USD,6h
2024-02-13 18:00:00,0.5393,0.5471,0.5403,0.5452,5149471.1,ADA-USD,6h
2024-02-14 00:00:00,0.54,0.5507,0.5452,0.5494,4060051.58,ADA-USD,6h
2024-02-14 06:00:00,0.5485,0.5784,0.5497,0.5733,9338647.22,ADA-USD,6h
2024-02-14 12:00:00,0.566,0.5835,0.5735,0.568,12794506.69,ADA-USD,6h
2024-02-14 18:00:00,0.5655,0.58,0.5681,0.5776,7617514.25,ADA-USD,6h
2024-02-15 00:00:00,0.5712,0.5832,0.5774,0.5735,8181379.56,ADA-USD,6h
2024-02-15 06:00:00,0.5726,0.5955,0.5733,0.5897,5292448.59,ADA-USD,6h
2024-02-15 12:00:00,0.5879,0.6125,0.5899,0.6016,20233440.38,ADA-USD,6h
2024-02-15 18:00:00,0.5902,0.6098,0.6017,0.6094,12468619.88,ADA-USD,6h
2024-02-16 00:00:00,0.6012,0.6125,0.6092,0.6045,9639377.67,ADA-USD,6h
2024-02-16 06:00:00,0.5914,0.6066,0.6043,0.5991,8851128.68,ADA-USD,6h
2024-02-16 12:00:00,0.5824,0.6142,0.5992,0.5895,16112780.97,ADA-USD,6h
2024-02-16 18:00:00,0.5861,0.6,0.5896,0.5992,8799342.15,ADA-USD,6h
2024-02-17 00:00:00,0.587,0.6,0.599,0.5897,3353225.04,ADA-USD,6h
2024-02-17 06:00:00,0.581,0.5936,0.5897,0.5865,3778543.99,ADA-USD,6h
2024-02-17 12:00:00,0.5691,0.5893,0.5863,0.5832,8381701.58,ADA-USD,6h
2024-02-17 18:00:00,0.582,0.6109,0.583,0.6097,9515066.23,ADA-USD,6h
2024-02-18 00:00:00,0.6094,0.6279,0.6099,0.6226,15342053.45,ADA-USD,6h
2024-02-18 06:00:00,0.6167,0.639,0.6227,0.6346,9741573.34,ADA-USD,6h
2024-02-18 12:00:00,0.6163,0.6373,0.6345,0.6178,7606526.26,ADA-USD,6h
2024-02-18 18:00:00,0.6135,0.6258,0.6176,0.6196,6748068.73,ADA-USD,6h
2024-02-19 00:00:00,0.6188,0.6275,0.6197,0.6239,4018566.03,ADA-USD,6h
2024-02-19 06:00:00,0.6225,0.639,0.6236,0.6287,5415060.94,ADA-USD,6h
2024-02-19 12:00:00,0.615,0.6297,0.6289,0.6279,7744935.41,ADA-USD,6h
2024-02-19 18:00:00,0.6194,0.6356,0.6281,0.6308,7479112.24,ADA-USD,6h
2024-02-20 00:00:00,0.6196,0.6413,0.6309,0.6274,8754813.83,ADA-USD,6h
2024-02-20 06:00:00,0.6157,0.6357,0.627,0.6298,5459015.49,ADA-USD,6h
2024-02-20 12:00:00,0.5944,0.641,0.63,0.6035,14444558.38,ADA-USD,6h
2024-02-20 18:00:00,0.6001,0.63,0.6035,0.622,8084678.98,ADA-USD,6h
2024-02-21 00:00:00,0.6019,0.6237,0.6218,0.602,6961464.64,ADA-USD,6h
2024-02-21 06:00:00,0.5808,0.6034,0.6024,0.5858,5213759.63,ADA-USD,6h
2024-02-21 12:00:00,0.581,0.5945,0.5862,0.5815,8674905.87,ADA-USD,6h
2024-02-21 18:00:00,0.5746,0.5988,0.5814,0.5988,11793382.47,ADA-USD,6h
2024-02-22 00:00:00,0.5807,0.5989,0.5988,0.5874,4548459.09,ADA-USD,6h
2024-02-22 06:00:00,0.5874,0.6079,0.5875,0.5994,6145394.05,ADA-USD,6h
2024-02-22 12:00:00,0.5843,0.6019,0.5992,0.5953,5613107.05,ADA-USD,6h
2024-02-22 18:00:00,0.5846,0.6034,0.5952,0.5855,5797556.95,ADA-USD,6h
2024-02-23 00:00:00,0.5813,0.5948,0.5855,0.5898,4304441.81,ADA-USD,6h
2024-02-23 06:00:00,0.578,0.5918,0.5893,0.5842,2343593.78,ADA-USD,6h
2024-02-23 12:00:00,0.5681,0.5899,0.5842,0.5853,7886153.39,ADA-USD,6h
2024-02-23 18:00:00,0.5766,0.5938,0.5854,0.5823,4854789.98,ADA-USD,6h
2024-02-24 00:00:00,0.5695,0.5852,0.5822,0.5805,4659727.57,ADA-USD,6h
2024-02-24 06:00:00,0.5795,0.5898,0.5809,0.5874,2680655.79,ADA-USD,6h
2024-02-24 12:00:00,0.5846,0.5973,0.5875,0.5938,4627908.55,ADA-USD,6h
2024-02-24 18:00:00,0.5897,0.5999,0.5943,0.5969,4478389.8,ADA-USD,6h
2024-02-25 00:00:00,0.5893,0.6006,0.597,0.595,3484856.33,ADA-USD,6h
2024-02-25 06:00:00,0.5872,0.5989,0.5949,0.5892,1830246.22,ADA-USD,6h
2024-02-25 12:00:00,0.5804,0.5907,0.5893,0.5861,6467109.75,ADA-USD,6h
2024-02-25 18:00:00,0.5834,0.5936,0.5862,0.5913,4776458.7,ADA-USD,6h
2024-02-26 00:00:00,0.581,0.5918,0.5914,0.5866,5090957.22,ADA-USD,6h
2024-02-26 06:00:00,0.5734,0.5917,0.5866,0.5794,3854286.38,ADA-USD,6h
2024-02-26 12:00:00,0.5753,0.615,0.5795,0.6105,14883095.32,ADA-USD,6h
2024-02-26 18:00:00,0.6062,0.6229,0.6108,0.6197,13458501.84,ADA-USD,6h
2024-02-27 00:00:00,0.6156,0.631,0.6198,0.6237,14342223.12,ADA-USD,6h
2024-02-27 06:00:00,0.6148,0.6277,0.6237,0.6204,8969449.87,ADA-USD,6h
2024-02-27 12:00:00,0.6076,0.6295,0.6202,0.6111,12444143.52,ADA-USD,6h
2024-02-27 18:00:00,0.611,0.6299,0.6114,0.6242,13054147.15,ADA-USD,6h
2024-02-28 00:00:00,0.6157,0.6299,0.6243,0.6192,4624082.3,ADA-USD,6h
2024-02-28 06:00:00,0.6173,0.645,0.6192,0.6252,12961417.66,ADA-USD,6h
2024-02-28 12:00:00,0.6023,0.6619,0.6253,0.6273,28011342.74,ADA-USD,6h
2024-02-28 18:00:00,0.598,0.6372,0.6277,0.6293,20799116.6,ADA-USD,6h
2024-02-29 00:00:00,0.6232,0.6667,0.6295,0.6664,23323280.77,ADA-USD,6h
2024-02-29 06:00:00,0.6663,0.709,0.6665,0.6905,30423906.33,ADA-USD,6h
2024-02-29 12:00:00,0.6631,0.7036,0.6907,0.6696,19769640.96864434,ADA-USD,6h
2024-02-29 18:00:00,0.6401,0.6796,0.6697,0.6552,16168167.54704505,ADA-USD,6h
2024-03-01 00:00:00,0.6531,0.6839,0.6553,0.6686,11295037.4148204,ADA-USD,6h
2024-03-01 06:00:00,0.6623,0.6909,0.6686,0.6857,7645488.48412805,ADA-USD,6h
2024-03-01 12:00:00,0.6751,0.695,0.6861,0.6882,13455345.29810499,ADA-USD,6h
2024-03-01 18:00:00,0.6854,0.7214,0.6884,0.7203,14128296.33735874,ADA-USD,6h
2024-03-02 00:00:00,0.7179,0.7645,0.7204,0.747,29141941.50179555,ADA-USD,6h
2024-03-02 06:00:00,0.7201,0.753,0.7469,0.7345,12467495.82817756,ADA-USD,6h
2024-03-02 12:00:00,0.7239,0.7467,0.7342,0.7337,8999905.78789785,ADA-USD,6h
2024-03-02 18:00:00,0.7298,0.7449,0.7335,0.7422,8851057.11482219,ADA-USD,6h
2024-03-03 00:00:00,0.7262,0.7431,0.742,0.7275,8322761.19130277,ADA-USD,6h
2024-03-03 06:00:00,0.6899,0.7341,0.7275,0.7276,10201931.89465695,ADA-USD,6h
2024-03-03 12:00:00,0.7191,0.7357,0.7273,0.7289,5806071.18063681,ADA-USD,6h
2024-03-03 18:00:00,0.722,0.7399,0.7289,0.7285,6293406.4851225,ADA-USD,6h
2024-03-04 00:00:00,0.7237,0.777,0.7285,0.7621,18740770.93409673,ADA-USD,6h
2024-03-04 06:00:00,0.7595,0.7991,0.7623,0.7839,16020004.2447382,ADA-USD,6h
2024-03-04 12:00:00,0.766,0.7909,0.784,0.7666,19888270.88169521,ADA-USD,6h
2024-03-04 18:00:00,0.7569,0.7841,0.7666,0.7712,19159527.92990111,ADA-USD,6h
2024-03-05 00:00:00,0.7433,0.7826,0.7714,0.77,19593841.04769707,ADA-USD,6h
2024-03-05 06:00:00,0.7474,0.7834,0.77,0.7683,9126394.12855833,ADA-USD,6h
2024-03-05 12:00:00,0.7081,0.7807,0.7682,0.735,25240756.27588496,ADA-USD,6h
2024-03-05 18:00:00,0.58,0.7365,0.735,0.6932,45540992.62857118,ADA-USD,6h
2024-03-06 00:00:00,0.6656,0.73,0.6933,0.7228,16553287.08246405,ADA-USD,6h
2024-03-06 06:00:00,0.7152,0.757,0.7229,0.7324,12699162.89679617,ADA-USD,6h
2024-03-06 12:00:00,0.7019,0.7368,0.7328,0.7238,11376308.91488624,ADA-USD,6h
2024-03-06 18:00:00,0.7177,0.7385,0.7235,0.7355,11400095.03638523,ADA-USD,6h
2024-03-07 00:00:00,0.7201,0.7513,0.7354,0.7229,11943672.27800611,ADA-USD,6h
2024-03-07 06:00:00,0.7186,0.7417,0.7228,0.7391,6477094.92390222,ADA-USD,6h
2024-03-07 12:00:00,0.7253,0.753,0.7386,0.7473,12774039.23337233,ADA-USD,6h
2024-03-07 18:00:00,0.7413,0.756,0.7472,0.7439,8825228.01302787,ADA-USD,6h
2024-03-08 00:00:00,0.7302,0.7556,0.7439,0.7342,10110251.46592383,ADA-USD,6h
2024-03-08 06:00:00,0.7276,0.7375,0.7343,0.7371,4799631.24763293,ADA-USD,6h
2024-03-08 12:00:00,0.6998,0.7435,0.737,0.7276,19302485.05069131,ADA-USD,6h
2024-03-08 18:00:00,0.7178,0.7292,0.7282,0.7246,11902038.04552756,ADA-USD,6h
2024-03-09 00:00:00,0.7216,0.7355,0.7246,0.7333,5416769.2152327,ADA-USD,6h
2024-03-09 06:00:00,0.7226,0.7416,0.7327,0.732,4733183.00932778,ADA-USD,6h
2024-03-09 12:00:00,0.7295,0.7429,0.7318,0.7397,6539639.71568606,ADA-USD,6h
2024-03-09 18:00:00,0.7376,0.7473,0.7395,0.743,6191861.76268902,ADA-USD,6h
2024-03-10 00:00:00,0.7326,0.7456,0.7431,0.7336,6456272.03806858,ADA-USD,6h
2024-03-10 06:00:00,0.7275,0.7395,0.7336,0.7292,3714211.14844234,ADA-USD,6h
2024-03-10 12:00:00,0.7102,0.7317,0.7293,0.7192,8769079.37870481,ADA-USD,6h
2024-03-10 18:00:00,0.7011,0.7227,0.7195,0.7173,7283125.1106746,ADA-USD,6h
2024-03-11 00:00:00,0.6858,0.7199,0.7173,0.7121,10224720.0927777,ADA-USD,6h
2024-03-11 06:00:00,0.7068,0.7444,0.7119,0.7379,12242359.82451722,ADA-USD,6h
2024-03-11 12:00:00,0.7283,0.7788,0.7384,0.7669,21092554.86045249,ADA-USD,6h
2024-03-11 18:00:00,0.7666,0.7884,0.7671,0.7754,20610873.52016289,ADA-USD,6h
2024-03-12 00:00:00,0.7541,0.7761,0.7755,0.763,9705656.82063861,ADA-USD,6h
2024-03-12 06:00:00,0.7335,0.7628,0.7627,0.7485,10285017.50884109,ADA-USD,6h
2024-03-12 12:00:00,0.7042,0.7576,0.7491,0.7374,16462158.44698586,ADA-USD,6h
2024-03-12 18:00:00,0.7334,0.749,0.7375,0.7483,8186924.79047646,ADA-USD,6h
2024-03-13 00:00:00,0.7457,0.7567,0.7484,0.7555,10038667.2174833,ADA-USD,6h
2024-03-13 06:00:00,0.7521,0.7736,0.7552,0.7592,9834353.72850796,ADA-USD,6h
2024-03-13 12:00:00,0.7377,0.7651,0.7591,0.749,12111980.95087802,ADA-USD,6h
2024-03-13 18:00:00,0.7461,0.7669,0.749,0.7646,8878954.64038729,ADA-USD,6h
2024-03-14 00:00:00,0.7403,0.7812,0.7647,0.7548,14828695.95865538,ADA-USD,6h
2024-03-14 06:00:00,0.7545,0.8102,0.7556,0.7955,21312442.59944088,ADA-USD,6h
2024-03-14 12:00:00,0.7359,0.8022,0.7955,0.7552,25721899.89860039,ADA-USD,6h
2024-03-14 18:00:00,0.7129,0.7552,0.7552,0.7506,14686163.48820984,ADA-USD,6h
2024-03-15 00:00:00,0.7033,0.764,0.751,0.7076,20161560.41346867,ADA-USD,6h
2024-03-15 06:00:00,0.6703,0.7263,0.7075,0.7007,15311259.32990196,ADA-USD,6h
2024-03-15 12:00:00,0.6966,0.7246,0.7004,0.7153,9263313.91307852,ADA-USD,6h
2024-03-15 18:00:00,0.6987,0.7399,0.7156,0.7275,11936084.54017373,ADA-USD,6h
2024-03-16 00:00:00,0.7074,0.7302,0.7276,0.7141,4065143.05387439,ADA-USD,6h
2024-03-16 06:00:00,0.7118,0.7349,0.7139,0.7184,5437767.21977882,ADA-USD,6h
2024-03-16 12:00:00,0.68,0.7197,0.7183,0.6825,9580336.98957247,ADA-USD,6h
2024-03-16 18:00:00,0.6502,0.6849,0.6827,0.6585,15546101.64267742,ADA-USD,6h
2024-03-17 00:00:00,0.65,0.6732,0.6585,0.6637,6750002.5643143,ADA-USD,6h
2024-03-17 06:00:00,0.6286,0.683,0.6639,0.6766,8307440.28918052,ADA-USD,6h
2024-03-17 12:00:00,0.6621,0.6862,0.6774,0.683,8496387.62648102,ADA-USD,6h
2024-03-17 18:00:00,0.6734,0.7021,0.6832,0.6808,13723991.54147562,ADA-USD,6h
2024-03-18 00:00:00,0.656,0.6935,0.6809,0.6933,10399022.89949679,ADA-USD,6h
2024-03-18 06:00:00,0.6701,0.6988,0.6934,0.6816,4681805.40612885,ADA-USD,6h
2024-03-18 12:00:00,0.642,0.6858,0.6816,0.6516,10825289.73216555,ADA-USD,6h
2024-03-18 18:00:00,0.6445,0.6663,0.6517,0.6604,7537437.33185458,ADA-USD,6h
2024-03-19 00:00:00,0.617,0.6659,0.6601,0.6256,13935468.65604306,ADA-USD,6h
2024-03-19 06:00:00,0.591,0.6287,0.6258,0.6163,14830196.83603003,ADA-USD,6h
2024-03-19 12:00:00,0.6069,0.6366,0.6167,0.6212,14229380.21341745,ADA-USD,6h
2024-03-19 18:00:00,0.58,0.6242,0.6211,0.5862,18086794.47313614,ADA-USD,6h
2024-03-20 00:00:00,0.569,0.605,0.5862,0.5795,13417015.51384646,ADA-USD,6h
2024-03-20 06:00:00,0.5791,0.6138,0.5791,0.6109,7538077.78262531,ADA-USD,6h
2024-03-20 12:00:00,0.5757,0.6162,0.611,0.5999,9917041.6299575,ADA-USD,6h
2024-03-20 18:00:00,0.6002,0.6447,0.6002,0.6399,16934783.72840218,ADA-USD,6h
2024-03-21 00:00:00,0.6205,0.6461,0.6398,0.6314,7026766.75144435,ADA-USD,6h
2024-03-21 06:00:00,0.6277,0.638,0.6313,0.6323,4000520.34103132,ADA-USD,6h
2024-03-21 12:00:00,0.6283,0.6483,0.6321,0.6323,9616392.33961191,ADA-USD,6h
2024-03-21 18:00:00,0.6176,0.6405,0.6325,0.6315,5500170.82762892,ADA-USD,6h
2024-03-22 00:00:00,0.6201,0.6394,0.6314,0.6394,5302697.80095301,ADA-USD,6h
2024-03-22 06:00:00,0.6164,0.6426,0.6393,0.6186,3120843.50410827,ADA-USD,6h
2024-03-22 12:00:00,0.5988,0.6247,0.6187,0.6135,12069330.0542214,ADA-USD,6h
2024-03-22 18:00:00,0.6,0.6163,0.6138,0.6147,5027286.8770328,ADA-USD,6h
2024-03-23 00:00:00,0.6103,0.6261,0.6148,0.6206,3904564.03700624,ADA-USD,6h
2024-03-23 06:00:00,0.6192,0.6321,0.6209,0.6303,2727392.69478713,ADA-USD,6h
2024-03-23 12:00:00,0.629,0.6394,0.6303,0.6334,4328149.44839088,ADA-USD,6h
2024-03-23 18:00:00,0.6221,0.6349,0.6333,0.6231,2680508.47262762,ADA-USD,6h
2024-03-24 00:00:00,0.6224,0.6359,0.6231,0.6335,2892496.28305818,ADA-USD,6h
2024-03-24 06:00:00,0.6302,0.6403,0.6335,0.636,2704572.13414019,ADA-USD,6h
2024-03-24 12:00:00,0.6248,0.6448,0.6361,0.6295,4122463.28247369,ADA-USD,6h
2024-03-24 18:00:00,0.629,0.6481,0.629,0.6467,4891349.33495578,ADA-USD,6h
2024-03-25 00:00:00,0.6384,0.6558,0.6468,0.6528,5929034.79766454,ADA-USD,6h
2024-03-25 06:00:00,0.6414,0.6528,0.6525,0.6424,2739425.01256613,ADA-USD,6h
2024-03-25 12:00:00,0.6381,0.6684,0.6422,0.6644,12664697.73680666,ADA-USD,6h
2024-03-25 18:00:00,0.6538,0.6673,0.6643,0.6565,6746138.3964311,ADA-USD,6h
2024-03-26 00:00:00,0.6542,0.6731,0.6565,0.67,5548566.92385924,ADA-USD,6h
2024-03-26 06:00:00,0.6689,0.6839,0.6698,0.6763,5339619.25138432,ADA-USD,6h
2024-03-26 12:00:00,0.6515,0.678,0.6763,0.6592,11460616.99965727,ADA-USD,6h
2024-03-26 18:00:00,0.656,0.6684,0.6593,0.6651,6489464.94443267,ADA-USD,6h
2024-03-27 00:00:00,0.6586,0.671,0.6651,0.6612,3716444.72792918,ADA-USD,6h
2024-03-27 06:00:00,0.6392,0.6616,0.661,0.6573,7881139.75713008,ADA-USD,6h
2024-03-27 12:00:00,0.63,0.6655,0.6573,0.6383,14601844.82360122,ADA-USD,6h
2024-03-27 18:00:00,0.6343,0.6593,0.6383,0.6475,6586467.68031367,ADA-USD,6h
2024-03-28 00:00:00,0.6349,0.6526,0.6475,0.6426,4256219.33540765,ADA-USD,6h
2024-03-28 06:00:00,0.6409,0.654,0.6428,0.6515,4239014.77383324,ADA-USD,6h
2024-03-28 12:00:00,0.6429,0.6583,0.6515,0.6508,7603443.68618593,ADA-USD,6h
2024-03-28 18:00:00,0.6463,0.6536,0.6508,0.651,3970825.3160717,ADA-USD,6h
2024-03-29 00:00:00,0.6417,0.6521,0.6512,0.6453,4619783.43463227,ADA-USD,6h
2024-03-29 06:00:00,0.6352,0.6572,0.6454,0.6521,2287871.07980396,ADA-USD,6h
2024-03-29 12:00:00,0.6454,0.6682,0.6521,0.652,7579442.77588615,ADA-USD,6h
2024-03-29 18:00:00,0.6427,0.6667,0.652,0.6647,5138356.18458202,ADA-USD,6h
2024-03-30 00:00:00,0.6569,0.6694,0.6646,0.6579,4786984.1980577,ADA-USD,6h
2024-03-30 06:00:00,0.6479,0.6599,0.6577,0.6583,2473048.92178832,ADA-USD,6h
2024-03-30 12:00:00,0.6471,0.6589,0.6585,0.6498,3859654.88063379,ADA-USD,6h
2024-03-30 18:00:00,0.6419,0.6524,0.6498,0.6438,6403113.65611326,ADA-USD,6h
2024-03-31 00:00:00,0.6419,0.6529,0.6438,0.6524,2697326.78493875,ADA-USD,6h
2024-03-31 06:00:00,0.6462,0.6536,0.6523,0.6472,1702366.5851647,ADA-USD,6h
2024-03-31 12:00:00,0.6447,0.6488,0.6472,0.6451,3898359.77502991,ADA-USD,6h
2024-03-31 18:00:00,0.6424,0.6515,0.6451,0.6499,6069807.07487945,ADA-USD,6h
2024-04-01 00:00:00,0.62,0.6516,0.6499,0.6209,7965803.65874025,ADA-USD,6h
2024-04-01 06:00:00,0.6195,0.6341,0.6204,0.6274,4996429.5224161,ADA-USD,6h
2024-04-01 12:00:00,0.6052,0.6305,0.6273,0.6115,9253896.35529927,ADA-USD,6h
2024-04-01 18:00:00,0.6057,0.6232,0.6114,0.6216,6181747.25865132,ADA-USD,6h
2024-04-02 00:00:00,0.5877,0.6218,0.6216,0.5954,8750717.66377299,ADA-USD,6h
2024-04-02 06:00:00,0.5739,0.6016,0.5954,0.5853,6715390.11928671,ADA-USD,6h
2024-04-02 12:00:00,0.5747,0.5974,0.5852,0.5873,11456359.93737108,ADA-USD,6h
2024-04-02 18:00:00,0.5775,0.5897,0.5874,0.5809,6043474.17107208,ADA-USD,6h
2024-04-03 00:00:00,0.5628,0.5892,0.581,0.5874,5972828.84026039,ADA-USD,6h
2024-04-03 06:00:00,0.5828,0.595,0.5871,0.5854,3961768.69119906,ADA-USD,6h
2024-04-03 12:00:00,0.5755,0.5895,0.5857,0.58,5429666.33272941,ADA-USD,6h
2024-04-03 18:00:00,0.5677,0.5808,0.58,0.5693,7291518.0560088,ADA-USD,6h
2024-04-04 00:00:00,0.5592,0.5782,0.5694,0.5703,8098711.38372359,ADA-USD,6h
2024-04-04 06:00:00,0.5696,0.5846,0.5702,0.5811,2792551.85539816,ADA-USD,6h
2024-04-04 12:00:00,0.5805,0.5955,0.5811,0.5949,6707488.78600068,ADA-USD,6h
2024-04-04 18:00:00,0.5733,0.5971,0.5949,0.5833,7184545.14262859,ADA-USD,6h
2024-04-05 00:00:00,0.563,0.5852,0.5835,0.5699,4616359.06978198,ADA-USD,6h
2024-04-05 06:00:00,0.5627,0.581,0.5696,0.563,3979815.65677146,ADA-USD,6h
2024-04-05 12:00:00,0.5598,0.5787,0.5631,0.5731,7615340.21609717,ADA-USD,6h
2024-04-05 18:00:00,0.5716,0.5789,0.5732,0.5742,3782266.62131193,ADA-USD,6h
2024-04-06 00:00:00,0.5711,0.583,0.5745,0.5816,2465780.65130171,ADA-USD,6h
2024-04-06 06:00:00,0.5786,0.5857,0.5815,0.581,2231458.10701727,ADA-USD,6h
2024-04-06 12:00:00,0.5768,0.586,0.5809,0.5827,3324676.18780623,ADA-USD,6h
2024-04-06 18:00:00,0.58,0.5897,0.5828,0.5836,3319391.51396477,ADA-USD,6h
2024-04-07 00:00:00,0.5818,0.5912,0.584,0.5903,2727824.60159861,ADA-USD,6h
2024-04-07 06:00:00,0.5862,0.5952,0.5905,0.5934,2974299.73812626,ADA-USD,6h
2024-04-07 12:00:00,0.5895,0.5973,0.5934,0.5904,4565456.93309002,ADA-USD,6h
2024-04-07 18:00:00,0.5817,0.5905,0.5903,0.5888,3582878.36091353,ADA-USD,6h
2024-04-08 00:00:00,0.5792,0.5894,0.5888,0.5851,2991416.16867397,ADA-USD,6h
2024-04-08 06:00:00,0.5826,0.612,0.5849,0.608,6613633.49953268,ADA-USD,6h
2024-04-08 12:00:00,0.602,0.6139,0.6081,0.6123,6556275.68956226,ADA-USD,6h
2024-04-08 18:00:00,0.6114,0.617,0.6123,0.6138,5104067.37646707,ADA-USD,6h
2024-04-09 00:00:00,0.6056,0.6157,0.6138,0.6126,3693038.99367327,ADA-USD,6h
2024-04-09 06:00:00,0.5947,0.6128,0.6122,0.6119,4085515.24450311,ADA-USD,6h
2024-04-09 12:00:00,0.5921,0.6241,0.6118,0.602,10756358.09112462,ADA-USD,6h
2024-04-09 18:00:00,0.5896,0.6029,0.6019,0.591,3416341.39970663,ADA-USD,6h
2024-04-10 00:00:00,0.575,0.5939,0.5909,0.5853,6409585.76180936,ADA-USD,6h
2024-04-10 06:00:00,0.5737,0.5899,0.5851,0.5775,4284233.66371463,ADA-USD,6h
2024-04-10 12:00:00,0.558,0.5852,0.5776,0.5811,10741091.31185374,ADA-USD,6h
2024-04-10 18:00:00,0.5744,0.5897,0.5811,0.5861,4049586.74573352,ADA-USD,6h
2024-04-11 00:00:00,0.5833,0.5902,0.5863,0.5864,3066872.41257735,ADA-USD,6h
2024-04-11 06:00:00,0.5804,0.5945,0.5863,0.5815,2476484.86307254,ADA-USD,6h
2024-04-11 12:00:00,0.5753,0.5896,0.5814,0.5829,4139266.8119039,ADA-USD,6h
2024-04-11 18:00:00,0.5784,0.5908,0.5828,0.5857,4545963.7655339,ADA-USD,6h
2024-04-12 00:00:00,0.5853,0.5924,0.5859,0.588,2925282.58576112,ADA-USD,6h
2024-04-12 06:00:00,0.5802,0.5891,0.5879,0.585,3714496.31821408,ADA-USD,6h
2024-04-12 12:00:00,0.5201,0.5851,0.5848,0.5296,19887958.05230567,ADA-USD,6h
2024-04-12 18:00:00,0.47,0.5312,0.5293,0.503,44888774.99956881,ADA-USD,6h
2024-04-13 00:00:00,0.4853,0.5134,0.503,0.5068,11387320.53811006,ADA-USD,6h
2024-04-13 06:00:00,0.5024,0.5167,0.507,0.5098,4289603.10877933,ADA-USD,6h
2024-04-13 12:00:00,0.466,0.5144,0.5097,0.475,10868011.18262211,ADA-USD,6h
2024-04-13 18:00:00,0.4051,0.4869,0.4749,0.446,46378471.94133769,ADA-USD,6h
2024-04-14 00:00:00,0.4333,0.4676,0.4461,0.4647,14322033.28116603,ADA-USD,6h
2024-04-14 06:00:00,0.4557,0.4783,0.4645,0.4576,11089990.00961297,ADA-USD,6h
2024-04-14 12:00:00,0.4386,0.47,0.4577,0.4501,12482044.41734759,ADA-USD,6h
2024-04-14 18:00:00,0.4427,0.4741,0.4497,0.4682,14206424.96060037,ADA-USD,6h
2024-04-15 00:00:00,0.4572,0.4734,0.4682,0.4717,9294188.30644987,ADA-USD,6h
2024-04-15 06:00:00,0.4704,0.4957,0.4718,0.4858,10019621.96041754,ADA-USD,6h
2024-04-15 12:00:00,0.4524,0.4903,0.4855,0.456,14457861.53065426,ADA-USD,6h
2024-04-15 18:00:00,0.4392,0.4627,0.4564,0.4612,8721320.43536056,ADA-USD,6h
2024-04-16 00:00:00,0.446,0.4677,0.4612,0.4578,5888271.39673747,ADA-USD,6h
2024-04-16 06:00:00,0.452,0.4788,0.458,0.4648,6353030.7777155,ADA-USD,6h
2024-04-16 12:00:00,0.4393,0.4651,0.4646,0.4505,10299550.96753646,ADA-USD,6h
2024-04-16 18:00:00,0.447,0.463,0.4503,0.4586,4613967.4717577,ADA-USD,6h
2024-04-17 00:00:00,0.4528,0.4652,0.4585,0.4584,3602925.42923443,ADA-USD,6h
2024-04-17 06:00:00,0.4468,0.4595,0.4586,0.4468,3138941.26546963,ADA-USD,6h
2024-04-17 12:00:00,0.4274,0.4514,0.4475,0.4436,11689105.56776224,ADA-USD,6h
2024-04-17 18:00:00,0.4419,0.4549,0.4436,0.4441,5792717.65625413,ADA-USD,6h
2024-04-18 00:00:00,0.4362,0.4536,0.4442,0.4476,4472739.23013315,ADA-USD,6h
2024-04-18 06:00:00,0.4345,0.455,0.4475,0.451,5074420.31947926,ADA-USD,6h
2024-04-18 12:00:00,0.4422,0.4614,0.4508,0.4469,7286817.98804233,ADA-USD,6h
2024-04-18 18:00:00,0.4439,0.4602,0.4467,0.4583,4134009.30321163,ADA-USD,6h
2024-04-19 00:00:00,0.4228,0.4583,0.4583,0.4425,10114324.3928628,ADA-USD,6h
2024-04-19 06:00:00,0.4402,0.4717,0.4424,0.468,7215706.41302809,ADA-USD,6h
2024-04-19 12:00:00,0.4648,0.4763,0.4679,0.4721,8086880.8714765,ADA-USD,6h
2024-04-19 18:00:00,0.4617,0.4751,0.472,0.4683,7051304.61430274,ADA-USD,6h
2024-04-20 00:00:00,0.4647,0.4906,0.4683,0.4892,7868561.8897272,ADA-USD,6h
2024-04-20 06:00:00,0.4752,0.4994,0.4894,0.4764,6146919.15183721,ADA-USD,6h
2024-04-20 12:00:00,0.4761,0.505,0.4765,0.505,6709420.39580988,ADA-USD,6h
2024-04-20 18:00:00,0.4998,0.5089,0.505,0.5074,5463226.84341214,ADA-USD,6h
2024-04-21 00:00:00,0.4978,0.5128,0.5073,0.507,8498895.39924616,ADA-USD,6h
2024-04-21 06:00:00,0.4985,0.5104,0.5069,0.5044,2654716.05041274,ADA-USD,6h
2024-04-21 12:00:00,0.4877,0.5051,0.5045,0.4958,7382437.01391636,ADA-USD,6h
2024-04-21 18:00:00,0.4934,0.5051,0.496,0.4992,3056028.71848854,ADA-USD,6h
2024-04-22 00:00:00,0.495,0.5137,0.4995,0.5131,5690722.66550716,ADA-USD,6h
2024-04-22 06:00:00,0.5048,0.5168,0.5135,0.5104,5420071.90462026,ADA-USD,6h
2024-04-22 12:00:00,0.5081,0.5205,0.5104,0.5165,5939544.32734212,ADA-USD,6h
2024-04-22 18:00:00,0.5145,0.5227,0.5163,0.517,5699435.97575463,ADA-USD,6h
2024-04-23 00:00:00,0.5062,0.5196,0.5167,0.5142,4412267.12631234,ADA-USD,6h
2024-04-23 06:00:00,0.5056,0.5219,0.5144,0.5149,4703315.59894596,ADA-USD,6h
2024-04-23 12:00:00,0.5016,0.5163,0.5149,0.5063,11984823.82917277,ADA-USD,6h
2024-04-23 18:00:00,0.497,0.5065,0.5063,0.4999,4959821.83117369,ADA-USD,6h
2024-04-24 00:00:00,0.4979,0.5108,0.5,0.5078,4564898.1124625,ADA-USD,6h
2024-04-24 06:00:00,0.4935,0.5085,0.5079,0.4984,3559076.40628477,ADA-USD,6h
2024-04-24 12:00:00,0.471,0.4997,0.4984,0.4792,11832970.87894547,ADA-USD,6h
2024-04-24 18:00:00,0.4685,0.4816,0.4787,0.4746,5407354.19697385,ADA-USD,6h
2024-04-25 00:00:00,0.4666,0.4798,0.4745,0.476,4319489.01726365,ADA-USD,6h
2024-04-25 06:00:00,0.4629,0.4784,0.476,0.4693,3122923.64689021,ADA-USD,6h
2024-04-25 12:00:00,0.462,0.4745,0.4692,0.4739,7294852.39851988,ADA-USD,6h
2024-04-25 18:00:00,0.4696,0.4788,0.4738,0.4705,3960574.80752845,ADA-USD,6h
2024-04-26 00:00:00,0.4614,0.4788,0.4704,0.4788,2885967.29082815,ADA-USD,6h
2024-04-26 06:00:00,0.4653,0.4788,0.4787,0.4683,3378841.94007392,ADA-USD,6h
2024-04-26 12:00:00,0.4621,0.4758,0.4683,0.467,3533417.8213871,ADA-USD,6h
2024-04-26 18:00:00,0.4605,0.4688,0.4671,0.4628,2498957.14032715,ADA-USD,6h
2024-04-27 00:00:00,0.445,0.466,0.4629,0.4586,4573714.9670385,ADA-USD,6h
2024-04-27 06:00:00,0.4501,0.4606,0.4585,0.4526,1734119.75301631,ADA-USD,6h
2024-04-27 12:00:00,0.4517,0.4686,0.4526,0.4673,3089927.2502039,ADA-USD,6h
2024-04-27 18:00:00,0.4604,0.4696,0.4673,0.467,2748760.62412989,ADA-USD,6h
2024-04-28 00:00:00,0.4663,0.4768,0.4673,0.4727,1977659.40607952,ADA-USD,6h
2024-04-28 06:00:00,0.4666,0.478,0.4727,0.4677,1688868.26622662,ADA-USD,6h
2024-04-28 12:00:00,0.466,0.4726,0.4674,0.4708,2535271.14420735,ADA-USD,6h
2024-04-28 18:00:00,0.458,0.4724,0.4707,0.4596,4432138.59424698,ADA-USD,6h
2024-04-29 00:00:00,0.4509,0.4636,0.4599,0.456,2852730.51620323,ADA-USD,6h
2024-04-29 06:00:00,0.4464,0.4558,0.4555,0.4532,2468335.2547707,ADA-USD,6h
2024-04-29 12:00:00,0.4492,0.4591,0.4534,0.4546,4437027.29937415,ADA-USD,6h
2024-04-29 18:00:00,0.4501,0.4594,0.4545,0.457,4311471.16412934,ADA-USD,6h
2024-04-30 00:00:00,0.4508,0.4631,0.4571,0.4542,6868855.19435792,ADA-USD,6h
2024-04-30 06:00:00,0.4296,0.4559,0.4541,0.4318,6190809.83939685,ADA-USD,6h
2024-04-30 12:00:00,0.4255,0.4374,0.4315,0.4332,9575861.20014013,ADA-USD,6h
2024-04-30 18:00:00,0.4291,0.4441,0.4334,0.4409,7689625.57601354,ADA-USD,6h
2024-05-01 00:00:00,0.4341,0.444,0.4408,0.4418,4465160.03579839,ADA-USD,6h
2024-05-01 06:00:00,0.4179,0.4425,0.4422,0.4343,8605745.70163656,ADA-USD,6h
2024-05-01 12:00:00,0.4287,0.443,0.4344,0.4374,6953925.18170079,ADA-USD,6h
2024-05-01 18:00:00,0.4375,0.4573,0.4375,0.4493,12133418.87777458,ADA-USD,6h
2024-05-02 00:00:00,0.4383,0.4506,0.4494,0.4439,7007415.0855868,ADA-USD,6h
2024-05-02 06:00:00,0.4423,0.4559,0.4439,0.4528,8271637.11485014,ADA-USD,6h
2024-05-02 12:00:00,0.4505,0.4625,0.4529,0.4554,7944293.10377724,ADA-USD,6h
2024-05-02 18:00:00,0.4522,0.46,0.4553,0.4577,3642553.65670389,ADA-USD,6h
2024-05-03 00:00:00,0.4505,0.4631,0.4578,0.4536,3128304.69861252,ADA-USD,6h
2024-05-03 06:00:00,0.4463,0.454,0.454,0.4481,3790756.88606062,ADA-USD,6h
2024-05-03 12:00:00,0.4469,0.469,0.4479,0.4662,8559814.57527765,ADA-USD,6h
2024-05-03 18:00:00,0.4632,0.4738,0.4662,0.4675,3281092.35225429,ADA-USD,6h
2024-05-04 00:00:00,0.4648,0.4716,0.4676,0.4684,2473207.17491583,ADA-USD,6h
2024-05-04 06:00:00,0.4651,0.4772,0.4683,0.4687,2473379.37497625,ADA-USD,6h
2024-05-04 12:00:00,0.4658,0.4713,0.4689,0.4682,3658004.38187645,ADA-USD,6h
2024-05-04 18:00:00,0.4625,0.471,0.4678,0.4633,3465519.96991635,ADA-USD,6h
2024-05-05 00:00:00,0.4522,0.4639,0.4634,0.4539,3784579.45231996,ADA-USD,6h
2024-05-05 06:00:00,0.4537,0.4618,0.4542,0.4585,1183498.27541005,ADA-USD,6h
2024-05-05 12:00:00,0.4548,0.466,0.4586,0.4609,2802254.08892596,ADA-USD,6h
2024-05-05 18:00:00,0.4563,0.4614,0.4608,0.4581,2866155.42504103,ADA-USD,6h
2024-05-06 00:00:00,0.4543,0.4631,0.4581,0.4618,2547058.09709886,ADA-USD,6h
2024-05-06 06:00:00,0.4599,0.4753,0.4621,0.4655,4639361.47121906,ADA-USD,6h
2024-05-06 12:00:00,0.4515,0.4667,0.4655,0.4607,6592804.49013242,ADA-USD,6h
2024-05-06 18:00:00,0.4534,0.464,0.4608,0.4538,3185073.71408515,ADA-USD,6h
2024-05-07 00:00:00,0.4456,0.4559,0.4539,0.4492,4287747.41370502,ADA-USD,6h
2024-05-07 06:00:00,0.446,0.4565,0.4491,0.4488,3799803.12930738,ADA-USD,6h
2024-05-07 12:00:00,0.4477,0.4553,0.4489,0.4509,4990244.55547023,ADA-USD,6h
2024-05-07 18:00:00,0.4407,0.4509,0.4509,0.4414,4564848.89801344,ADA-USD,6h
2024-05-08 00:00:00,0.4364,0.4453,0.4414,0.442,4249255.19460923,ADA-USD,6h
2024-05-08 06:00:00,0.4375,0.444,0.4418,0.4393,3487551.27126382,ADA-USD,6h
2024-05-08 12:00:00,0.4364,0.4687,0.439,0.4608,9491254.78787032,ADA-USD,6h
2024-05-08 18:00:00,0.4507,0.4679,0.4609,0.4515,5731212.29052462,ADA-USD,6h
2024-05-09 00:00:00,0.4513,0.4643,0.4515,0.4582,4111702.08625152,ADA-USD,6h
2024-05-09 06:00:00,0.4467,0.4609,0.4583,0.4514,2550060.5219364,ADA-USD,6h
2024-05-09 12:00:00,0.4477,0.458,0.4514,0.4557,4419665.61578544,ADA-USD,6h
2024-05-09 18:00:00,0.4555,0.4645,0.4557,0.4635,3533612.18733306,ADA-USD,6h
2024-05-10 00:00:00,0.4607,0.468,0.4635,0.4638,3822191.11442184,ADA-USD,6h
2024-05-10 06:00:00,0.4617,0.4687,0.4636,0.4658,1732765.24575315,ADA-USD,6h
2024-05-10 12:00:00,0.443,0.4666,0.4658,0.4464,6052884.2693587,ADA-USD,6h
2024-05-10 18:00:00,0.4441,0.4493,0.4462,0.4477,3321648.94234246,ADA-USD,6h
2024-05-11 00:00:00,0.4453,0.451,0.4479,0.4467,1918576.89350123,ADA-USD,6h
2024-05-11 06:00:00,0.4401,0.4492,0.4467,0.4431,1188517.27971141,ADA-USD,6h
2024-05-11 12:00:00,0.4411,0.4464,0.4431,0.4415,3387956.35347809,ADA-USD,6h
2024-05-11 18:00:00,0.4378,0.4423,0.4415,0.4388,2623867.84495856,ADA-USD,6h
2024-05-12 00:00:00,0.4384,0.4421,0.4388,0.4409,1411403.17390323,ADA-USD,6h
2024-05-12 06:00:00,0.4367,0.4424,0.4407,0.4405,906358.14281287,ADA-USD,6h
2024-05-12 12:00:00,0.439,0.4434,0.4406,0.4401,1339925.65892508,ADA-USD,6h
2024-05-12 18:00:00,0.4329,0.4403,0.4401,0.4377,2302184.6392633,ADA-USD,6h
2024-05-13 00:00:00,0.4251,0.4401,0.4378,0.4263,4228602.06315972,ADA-USD,6h
2024-05-13 06:00:00,0.4257,0.4529,0.4263,0.4483,4868137.77257409,ADA-USD,6h
2024-05-13 12:00:00,0.4407,0.4492,0.4483,0.4416,3873757.06224006,ADA-USD,6h
2024-05-13 18:00:00,0.4357,0.4434,0.4418,0.4366,2142881.00968247,ADA-USD,6h
2024-05-14 00:00:00,0.4324,0.4383,0.4365,0.4368,2177324.35492922,ADA-USD,6h
2024-05-14 06:00:00,0.4277,0.4383,0.4365,0.4328,1974496.94302486,ADA-USD,6h
2024-05-14 12:00:00,0.4278,0.436,0.4325,0.4303,3984757.30381364,ADA-USD,6h
2024-05-14 18:00:00,0.426,0.4325,0.4302,0.4282,2229043.85817096,ADA-USD,6h
2024-05-15 00:00:00,0.4258,0.4306,0.4284,0.4285,1762673.28913645,ADA-USD,6h
2024-05-15 06:00:00,0.427,0.4363,0.4283,0.4309,2119251.98717905,ADA-USD,6h
2024-05-15 12:00:00,0.43,0.4495,0.431,0.4466,9190281.23403971,ADA-USD,6h
2024-05-15 18:00:00,0.4456,0.4554,0.4466,0.4527,6526150.17081848,ADA-USD,6h
2024-05-16 00:00:00,0.4526,0.4628,0.4528,0.4596,4603691.42714665,ADA-USD,6h
2024-05-16 06:00:00,0.4541,0.4609,0.4595,0.4554,2438819.59212882,ADA-USD,6h
2024-05-16 12:00:00,0.4486,0.4599,0.4552,0.4549,8232356.93285884,ADA-USD,6h
2024-05-16 18:00:00,0.4538,0.4618,0.4548,0.4597,2901129.04958583,ADA-USD,6h
2024-05-17 00:00:00,0.4552,0.4666,0.4597,0.4648,4729671.83231029,ADA-USD,6h
2024-05-17 06:00:00,0.4634,0.4908,0.4649,0.4878,7253022.90214377,ADA-USD,6h
2024-05-17 12:00:00,0.4783,0.4885,0.4884,0.483,6985847.32897133,ADA-USD,6h
2024-05-17 18:00:00,0.4798,0.4861,0.4827,0.4822,3429492.82954995,ADA-USD,6h
2024-05-18 00:00:00,0.4792,0.486,0.4826,0.4834,3293650.20256528,ADA-USD,6h
2024-05-18 06:00:00,0.4801,0.4859,0.4831,0.4843,1369959.81531738,ADA-USD,6h
2024-05-18 12:00:00,0.4757,0.4843,0.484,0.4837,2531994.00672334,ADA-USD,6h
2024-05-18 18:00:00,0.4806,0.4846,0.4833,0.4824,2202188.16299639,ADA-USD,6h
2024-05-19 00:00:00,0.4789,0.484,0.4821,0.4804,3018857.68334372,ADA-USD,6h
2024-05-19 06:00:00,0.4743,0.4808,0.4801,0.4776,2142816.43241848,ADA-USD,6h
2024-05-19 12:00:00,0.4648,0.478,0.4778,0.4676,2580407.87923435,ADA-USD,6h
2024-05-19 18:00:00,0.465,0.471,0.4675,0.4671,1750350.1663208,ADA-USD,6h
2024-05-20 00:00:00,0.4612,0.4778,0.4674,0.4748,2875469.56928316,ADA-USD,6h
2024-05-20 06:00:00,0.4607,0.4749,0.4748,0.467,2807293.83479812,ADA-USD,6h
2024-05-20 12:00:00,0.4637,0.4757,0.4671,0.4688,5176843.38158226,ADA-USD,6h
2024-05-20 18:00:00,0.4682,0.5032,0.4686,0.5021,15554556.37358527,ADA-USD,6h
2024-05-21 00:00:00,0.4943,0.5101,0.5022,0.4986,5724421.21314874,ADA-USD,6h
2024-05-21 06:00:00,0.4974,0.5049,0.4986,0.5011,3673587.12935597,ADA-USD,6h
2024-05-21 12:00:00,0.4954,0.5105,0.5011,0.5028,7408339.69194323,ADA-USD,6h
2024-05-21 18:00:00,0.4906,0.5049,0.5027,0.4945,4096544.17263362,ADA-USD,6h
2024-05-22 00:00:00,0.4816,0.4953,0.4946,0.4895,3089759.55886084,ADA-USD,6h
2024-05-22 06:00:00,0.4815,0.493,0.4894,0.4818,2633150.9707283,ADA-USD,6h
2024-05-22 12:00:00,0.4747,0.4868,0.4816,0.4815,6207514.84095307,ADA-USD,6h
2024-05-22 18:00:00,0.4764,0.4844,0.4815,0.4832,4288618.72317344,ADA-USD,6h
2024-05-23 00:00:00,0.4809,0.4877,0.4832,0.484,3370055.62606538,ADA-USD,6h
2024-05-23 06:00:00,0.4755,0.4867,0.4839,0.485,2317179.27375408,ADA-USD,6h
2024-05-23 12:00:00,0.4607,0.4884,0.4851,0.4615,8992135.9508839,ADA-USD,6h
2024-05-23 18:00:00,0.4453,0.4679,0.4613,0.4656,10933167.62698264,ADA-USD,6h
2024-05-24 00:00:00,0.4596,0.4696,0.4654,0.4612,2792785.9604191,ADA-USD,6h
2024-05-24 06:00:00,0.454,0.4639,0.4616,0.4636,1494162.53500236,ADA-USD,6h
2024-05-24 12:00:00,0.4545,0.4642,0.463,0.4601,6863692.01779225,ADA-USD,6h
2024-05-24 18:00:00,0.4576,0.4638,0.4599,0.46,3779674.26309262,ADA-USD,6h
2024-05-25 00:00:00,0.4573,0.4643,0.46,0.4634,1360651.03892625,ADA-USD,6h
2024-05-25 06:00:00,0.4607,0.4645,0.4637,0.4616,1304750.71106099,ADA-USD,6h
2024-05-25 12:00:00,0.457,0.4617,0.4615,0.4597,4054908.83346661,ADA-USD,6h
2024-05-25 18:00:00,0.4582,0.4626,0.4595,0.462,1598779.53082428,ADA-USD,6h
2024-05-26 00:00:00,0.4576,0.4626,0.4622,0.4597,2401295.86775422,ADA-USD,6h
2024-05-26 06:00:00,0.4573,0.4628,0.4599,0.461,1055256.90078854,ADA-USD,6h
2024-05-26 12:00:00,0.457,0.4627,0.4609,0.4584,3182130.33150657,ADA-USD,6h
2024-05-26 18:00:00,0.4547,0.4603,0.4588,0.458,1534687.29606964,ADA-USD,6h
2024-05-27 00:00:00,0.4572,0.4641,0.4581,0.4586,3447413.39727864,ADA-USD,6h
2024-05-27 06:00:00,0.4563,0.4618,0.4586,0.4609,1339405.54713499,ADA-USD,6h
2024-05-27 12:00:00,0.4601,0.4749,0.4611,0.4704,4591450.29118295,ADA-USD,6h
2024-05-27 18:00:00,0.4618,0.4712,0.4705,0.4681,4078584.62645919,ADA-USD,6h
2024-05-28 00:00:00,0.4532,0.4689,0.4681,0.4569,3445932.09910342,ADA-USD,6h
2024-05-28 06:00:00,0.4544,0.4629,0.4566,0.4592,1257443.79278792,ADA-USD,6h
2024-05-28 12:00:00,0.4519,0.4604,0.4592,0.4565,3497075.33803428,ADA-USD,6h
2024-05-28 18:00:00,0.4515,0.4587,0.4568,0.4572,2874263.90668002,ADA-USD,6h
2024-05-29 00:00:00,0.4566,0.4634,0.4573,0.4621,2071663.33404761,ADA-USD,6h
2024-05-29 06:00:00,0.4546,0.4638,0.4622,0.4599,2039687.61953727,ADA-USD,6h
2024-05-29 12:00:00,0.4517,0.4633,0.4597,0.4553,4965224.47165881,ADA-USD,6h
2024-05-29 18:00:00,0.4502,0.4556,0.4553,0.4507,3509999.23143575,ADA-USD,6h
2024-05-30 00:00:00,0.45,0.4554,0.4506,0.4515,3268962.18936982,ADA-USD,6h
2024-05-30 06:00:00,0.4429,0.4523,0.4515,0.4481,4447986.99196214,ADA-USD,6h
2024-05-30 12:00:00,0.44,0.4547,0.4478,0.4534,5054177.49198206,ADA-USD,6h
2024-05-30 18:00:00,0.4451,0.4684,0.4534,0.4464,3994081.44764832,ADA-USD,6h
2024-05-31 00:00:00,0.4445,0.4511,0.4465,0.4481,1890971.90799137,ADA-USD,6h
2024-05-31 06:00:00,0.4461,0.4516,0.448,0.4507,961736.78233072,ADA-USD,6h
2024-05-31 12:00:00,0.4433,0.4556,0.4507,0.4479,4223602.02807229,ADA-USD,6h
2024-05-31 18:00:00,0.4455,0.4503,0.4479,0.4464,2919650.20456585,ADA-USD,6h
2024-06-01 00:00:00,0.4445,0.4495,0.4467,0.4485,1804111.89723831,ADA-USD,6h
2024-06-01 06:00:00,0.447,0.4493,0.4486,0.4483,917852.63934865,ADA-USD,6h
2024-06-01 12:00:00,0.4478,0.4502,0.4482,0.4498,1460474.72514973,ADA-USD,6h
2024-06-01 18:00:00,0.4482,0.453,0.4497,0.4495,1700616.150008,ADA-USD,6h
2024-06-02 00:00:00,0.4492,0.4537,0.4496,0.4527,2069243.06698787,ADA-USD,6h
2024-06-02 06:00:00,0.4475,0.4535,0.453,0.4524,1131809.48419137,ADA-USD,6h
2024-06-02 12:00:00,0.4445,0.4531,0.4525,0.4446,2060450.69455169,ADA-USD,6h
2024-06-02 18:00:00,0.4402,0.4481,0.4446,0.4462,2249935.33864978,ADA-USD,6h
2024-06-03 00:00:00,0.4431,0.4528,0.4464,0.4502,1869209.43248564,ADA-USD,6h
2024-06-03 06:00:00,0.4499,0.4567,0.4509,0.453,1407168.93677223,ADA-USD,6h
2024-06-03 12:00:00,0.448,0.4557,0.4537,0.4518,3381990.34186654,ADA-USD,6h
2024-06-03 18:00:00,0.451,0.4633,0.4519,0.4574,5947021.53739494,ADA-USD,6h
2024-06-04 00:00:00,0.4561,0.4616,0.4574,0.4573,2839191.40633879,ADA-USD,6h
2024-06-04 06:00:00,0.4525,0.4573,0.4573,0.4556,2510830.46591508,ADA-USD,6h
2024-06-04 12:00:00,0.4543,0.4647,0.456,0.464,6088121.73066731,ADA-USD,6h
2024-06-04 18:00:00,0.4595,0.4661,0.4642,0.4616,5059597.65708491,ADA-USD,6h
2024-06-05 00:00:00,0.4603,0.4654,0.4616,0.4617,2800504.70134841,ADA-USD,6h
2024-06-05 06:00:00,0.4591,0.4642,0.4614,0.4603,1673172.35143375,ADA-USD,6h
2024-06-05 12:00:00,0.4571,0.463,0.4603,0.4627,3910818.43827801,ADA-USD,6h
2024-06-05 18:00:00,0.4597,0.469,0.4627,0.4614,4404907.78844282,ADA-USD,6h
2024-06-06 00:00:00,0.4583,0.4622,0.4613,0.4586,1951433.27731663,ADA-USD,6h
2024-06-06 06:00:00,0.4571,0.4594,0.4585,0.459,1378663.83570089,ADA-USD,6h
2024-06-06 12:00:00,0.446,0.462,0.4589,0.4585,6837724.09579264,ADA-USD,6h
2024-06-06 18:00:00,0.4504,0.4596,0.4583,0.4581,4526533.03048418,ADA-USD,6h
2024-06-07 00:00:00,0.4563,0.4645,0.4581,0.4618,3377490.4697189,ADA-USD,6h
2024-06-07 06:00:00,0.4606,0.4876,0.4617,0.4838,7066588.1612797,ADA-USD,6h
2024-06-07 12:00:00,0.467,0.49,0.484,0.467,14107753.62046322,ADA-USD,6h
2024-06-07 18:00:00,0.43,0.4678,0.467,0.4492,14367237.71647713,ADA-USD,6h
2024-06-08 00:00:00,0.4435,0.4492,0.4492,0.444,3794303.24668976,ADA-USD,6h
2024-06-08 06:00:00,0.4334,0.447,0.444,0.4346,3191476.71271541,ADA-USD,6h
2024-06-08 12:00:00,0.4321,0.4388,0.4343,0.4354,4493593.62391801,ADA-USD,6h
2024-06-08 18:00:00,0.4333,0.437,0.4353,0.4368,2201614.60973464,ADA-USD,6h
2024-06-09 00:00:00,0.4317,0.4386,0.4367,0.4351,1984519.30743318,ADA-USD,6h
2024-06-09 06:00:00,0.435,0.4434,0.435,0.4404,1210060.82123048,ADA-USD,6h
2024-06-09 12:00:00,0.4377,0.4422,0.4402,0.4421,2452589.10321401,ADA-USD,6h
2024-06-09 18:00:00,0.4421,0.4462,0.4421,0.444,2072103.55039332,ADA-USD,6h
2024-06-10 00:00:00,0.4394,0.445,0.4441,0.4406,1837431.01207739,ADA-USD,6h
2024-06-10 06:00:00,0.435,0.4511,0.4409,0.4465,3820901.20937569,ADA-USD,6h
2024-06-10 12:00:00,0.4386,0.4489,0.4464,0.4446,3739729.34407424,ADA-USD,6h
2024-06-10 18:00:00,0.4372,0.4449,0.4445,0.4403,3010202.97163381,ADA-USD,6h
2024-06-11 00:00:00,0.4293,0.4416,0.4404,0.4327,5666189.41209006,ADA-USD,6h
2024-06-11 06:00:00,0.4263,0.4337,0.4327,0.429,3418121.86891663,ADA-USD,6h
2024-06-11 12:00:00,0.4127,0.4302,0.4291,0.4189,8502311.260901,ADA-USD,6h
2024-06-11 18:00:00,0.4176,0.4229,0.4188,0.422,3143422.54130221,ADA-USD,6h
2024-06-12 00:00:00,0.4145,0.4258,0.422,0.4244,3019321.05668411,ADA-USD,6h
2024-06-12 06:00:00,0.4237,0.429,0.4244,0.4252,1846191.97576595,ADA-USD,6h
2024-06-12 12:00:00,0.4251,0.4442,0.4253,0.4438,6222762.72603675,ADA-USD,6h
2024-06-12 18:00:00,0.4314,0.444,0.4437,0.4377,4639263.21265492,ADA-USD,6h
2024-06-13 00:00:00,0.4265,0.4389,0.4377,0.4323,2978026.49164968,ADA-USD,6h
2024-06-13 06:00:00,0.428,0.434,0.4326,0.4293,1888592.72886259,ADA-USD,6h
2024-06-13 12:00:00,0.4187,0.4336,0.4293,0.4251,5991664.74176375,ADA-USD,6h
2024-06-13 18:00:00,0.4191,0.426,0.4248,0.4208,2894452.84792046,ADA-USD,6h
2024-06-14 00:00:00,0.4183,0.4245,0.4209,0.4239,2379388.9168525,ADA-USD,6h
2024-06-14 06:00:00,0.421,0.424,0.4237,0.4222,1606524.30809051,ADA-USD,6h
2024-06-14 12:00:00,0.4,0.4237,0.4222,0.4063,9632631.74308588,ADA-USD,6h
2024-06-14 18:00:00,0.402,0.4146,0.4062,0.4119,4850667.39826109,ADA-USD,6h
2024-06-15 00:00:00,0.4079,0.4139,0.4118,0.4132,2377543.37370548,ADA-USD,6h
2024-06-15 06:00:00,0.4097,0.4155,0.4132,0.411,1257216.74618034,ADA-USD,6h
2024-06-15 12:00:00,0.4093,0.4132,0.4108,0.4126,3222551.33462373,ADA-USD,6h
2024-06-15 18:00:00,0.4107,0.415,0.4126,0.4137,2053627.99723227,ADA-USD,6h
2024-06-16 00:00:00,0.4089,0.4143,0.4138,0.4128,1193474.03736382,ADA-USD,6h
2024-06-16 06:00:00,0.4112,0.4151,0.4129,0.4146,1030829.67752031,ADA-USD,6h
2024-06-16 12:00:00,0.414,0.4175,0.4142,0.4147,2024021.63847007,ADA-USD,6h
2024-06-16 18:00:00,0.4141,0.419,0.4148,0.4165,1847830.26713261,ADA-USD,6h
2024-06-17 00:00:00,0.4103,0.4183,0.4167,0.4114,1559390.29978214,ADA-USD,6h
2024-06-17 06:00:00,0.4006,0.4109,0.4106,0.4046,2641538.6743691,ADA-USD,6h
2024-06-17 12:00:00,0.39,0.4108,0.4044,0.4106,7880062.432586,ADA-USD,6h
2024-06-17 18:00:00,0.4007,0.4207,0.4107,0.401,4636616.72042081,ADA-USD,6h
2024-06-18 00:00:00,0.3682,0.4025,0.4012,0.3793,18172612.56610131,ADA-USD,6h
2024-06-18 06:00:00,0.3712,0.3814,0.3792,0.3748,4780077.24756426,ADA-USD,6h
2024-06-18 12:00:00,0.3661,0.3767,0.3748,0.3705,10133240.36889635,ADA-USD,6h
2024-06-18 18:00:00,0.3674,0.3859,0.3705,0.3833,11997815.19418801,ADA-USD,6h
2024-06-19 00:00:00,0.3801,0.3978,0.3837,0.3954,8062620.96109615,ADA-USD,6h
2024-06-19 06:00:00,0.3834,0.3968,0.3954,0.3854,10247385.97253108,ADA-USD,6h
2024-06-19 12:00:00,0.3808,0.39,0.3852,0.3873,5317569.56203593,ADA-USD,6h
2024-06-19 18:00:00,0.3822,0.3887,0.3873,0.3843,3137451.61832135,ADA-USD,6h
2024-06-20 00:00:00,0.3824,0.3918,0.3845,0.3917,4286446.61213504,ADA-USD,6h
2024-06-20 06:00:00,0.3899,0.3974,0.3919,0.3938,10192536.26901767,ADA-USD,6h
2024-06-20 12:00:00,0.377,0.3943,0.3935,0.3857,10171245.18499896,ADA-USD,6h
2024-06-20 18:00:00,0.3836,0.3883,0.3857,0.384,2169121.25008189,ADA-USD,6h
2024-06-21 00:00:00,0.3811,0.3908,0.3842,0.3893,2338383.10608622,ADA-USD,6h
2024-06-21 06:00:00,0.3793,0.3899,0.3894,0.3845,8070015.88928461,ADA-USD,6h
2024-06-21 12:00:00,0.3742,0.3851,0.3845,0.3749,6996841.24825882,ADA-USD,6h
2024-06-21 18:00:00,0.3734,0.381,0.3749,0.3759,2534426.68164893,ADA-USD,6h
2024-06-22 00:00:00,0.3711,0.3773,0.376,0.3753,3840494.34783116,ADA-USD,6h
2024-06-22 06:00:00,0.3739,0.3775,0.3753,0.3771,1332461.31303102,ADA-USD,6h
2024-06-22 12:00:00,0.3766,0.3909,0.3772,0.384,5618736.98258344,ADA-USD,6h
2024-06-22 18:00:00,0.3839,0.3869,0.384,0.3845,1893776.6117926,ADA-USD,6h
2024-06-23 00:00:00,0.3831,0.3909,0.3846,0.3892,2318261.02288666,ADA-USD,6h
2024-06-23 06:00:00,0.3866,0.393,0.3892,0.3874,1147964.25224484,ADA-USD,6h
2024-06-23 12:00:00,0.3829,0.3881,0.3874,0.386,1945290.50106712,ADA-USD,6h
2024-06-23 18:00:00,0.3784,0.3866,0.3862,0.3799,2313574.31856236,ADA-USD,6h
2024-06-24 00:00:00,0.37,0.3814,0.3798,0.3708,4388692.80607026,ADA-USD,6h
2024-06-24 06:00:00,0.3641,0.378,0.3709,0.3724,6426089.83159724,ADA-USD,6h
2024-06-24 12:00:00,0.3671,0.3799,0.3724,0.37,9868264.16930882,ADA-USD,6h
2024-06-24 18:00:00,0.3641,0.3784,0.3699,0.3776,5295552.46490825,ADA-USD,6h
2024-06-25 00:00:00,0.3766,0.3893,0.3775,0.3874,4334160.37401493,ADA-USD,6h
2024-06-25 06:00:00,0.3862,0.3934,0.3874,0.3931,2781332.13207261,ADA-USD,6h
2024-06-25 12:00:00,0.39,0.3967,0.393,0.394,5907723.52819173,ADA-USD,6h
2024-06-25 18:00:00,0.3909,0.3974,0.394,0.3917,2421813.17210242,ADA-USD,6h
2024-06-26 00:00:00,0.3888,0.3951,0.3918,0.389,1980333.72573209,ADA-USD,6h
2024-06-26 06:00:00,0.3868,0.392,0.3887,0.3882,1541095.4388294,ADA-USD,6h
2024-06-26 12:00:00,0.3825,0.3963,0.3882,0.3856,4826879.40875662,ADA-USD,6h
2024-06-26 18:00:00,0.3832,0.3922,0.3851,0.3847,2188179.9735111,ADA-USD,6h
2024-06-27 00:00:00,0.3774,0.3857,0.3848,0.3777,2954863.97494538,ADA-USD,6h
2024-06-27 06:00:00,0.3774,0.3822,0.378,0.3797,1510367.35739131,ADA-USD,6h
2024-06-27 12:00:00,0.3796,0.399,0.3796,0.3899,8233933.07612734,ADA-USD,6h
2024-06-27 18:00:00,0.3887,0.3927,0.39,0.3907,3517608.59766068,ADA-USD,6h
2024-06-28 00:00:00,0.3871,0.3956,0.3908,0.3877,2531202.03848536,ADA-USD,6h
2024-06-28 06:00:00,0.3847,0.3918,0.3877,0.3898,1684845.05384489,ADA-USD,6h
2024-06-28 12:00:00,0.3849,0.3963,0.3896,0.3899,9085699.41275516,ADA-USD,6h
2024-06-28 18:00:00,0.3844,0.3944,0.39,0.3851,2623853.52177381,ADA-USD,6h
2024-06-29 00:00:00,0.3848,0.4032,0.3851,0.3964,3396669.62163187,ADA-USD,6h
2024-06-29 06:00:00,0.393,0.3978,0.3964,0.3971,1410455.40021945,ADA-USD,6h
2024-06-29 12:00:00,0.3864,0.3973,0.3973,0.3864,1944556.39653216,ADA-USD,6h
2024-06-29 18:00:00,0.3827,0.3879,0.3864,0.3834,1917116.98801354,ADA-USD,6h
2024-06-30 00:00:00,0.3779,0.3845,0.3835,0.3807,2818079.84803752,ADA-USD,6h
2024-06-30 06:00:00,0.3799,0.3885,0.3807,0.3846,1722200.77448069,ADA-USD,6h
2024-06-30 12:00:00,0.3825,0.3868,0.3847,0.3854,1943103.10466018,ADA-USD,6h
2024-06-30 18:00:00,0.3835,0.3938,0.3853,0.3919,3530436.19321251,ADA-USD,6h
2024-07-01 00:00:00,0.3909,0.4021,0.3919,0.398,2918653.17196407,ADA-USD,6h
2024-07-01 06:00:00,0.3932,0.4024,0.3979,0.3988,3235371.52165237,ADA-USD,6h
2024-07-01 12:00:00,0.3973,0.4069,0.3989,0.4065,5908572.67948033,ADA-USD,6h
2024-07-01 18:00:00,0.4016,0.4081,0.4067,0.4027,3707710.52739943,ADA-USD,6h
2024-07-02 00:00:00,0.4024,0.4089,0.4029,0.4079,2004442.80072401,ADA-USD,6h
2024-07-02 06:00:00,0.4046,0.4156,0.4081,0.4152,3683950.30292832,ADA-USD,6h
2024-07-02 12:00:00,0.4109,0.4185,0.4149,0.4126,5260640.38067895,ADA-USD,6h
2024-07-02 18:00:00,0.4126,0.419,0.4126,0.4179,3183155.02014823,ADA-USD,6h
2024-07-03 00:00:00,0.4097,0.423,0.4177,0.4148,7600389.2327645,ADA-USD,6h
2024-07-03 06:00:00,0.4029,0.4175,0.4146,0.4073,2594955.22160833,ADA-USD,6h
2024-07-03 12:00:00,0.4015,0.4119,0.4072,0.4071,3891489.96386809,ADA-USD,6h
2024-07-03 18:00:00,0.3996,0.4096,0.4074,0.4065,5313093.4150831,ADA-USD,6h
2024-07-04 00:00:00,0.3861,0.4133,0.4066,0.3951,5406249.3846945,ADA-USD,6h
2024-07-04 06:00:00,0.3881,0.3957,0.395,0.3897,4206811.83523867,ADA-USD,6h
2024-07-04 12:00:00,0.3735,0.3897,0.3896,0.3803,9478045.38498375,ADA-USD,6h
2024-07-04 18:00:00,0.3614,0.3814,0.3804,0.362,5445903.06027674,ADA-USD,6h
2024-07-05 00:00:00,0.3171,0.3622,0.3622,0.3348,30331708.06306023,ADA-USD,6h
2024-07-05 06:00:00,0.32,0.3497,0.3347,0.3486,12119039.58891548,ADA-USD,6h
2024-07-05 12:00:00,0.3422,0.3558,0.3487,0.3519,10490396.29320171,ADA-USD,6h
2024-07-05 18:00:00,0.3473,0.355,0.3519,0.35,7981156.18007447,ADA-USD,6h
2024-07-06 00:00:00,0.3467,0.3586,0.35,0.3484,4023561.28524649,ADA-USD,6h
2024-07-06 06:00:00,0.3478,0.3595,0.3484,0.3578,3374759.6842902,ADA-USD,6h
2024-07-06 12:00:00,0.3545,0.3715,0.3575,0.3694,6245533.34006272,ADA-USD,6h
2024-07-06 18:00:00,0.3686,0.385,0.3694,0.3707,5440876.26348444,ADA-USD,6h
2024-07-07 00:00:00,0.3641,0.3713,0.3709,0.3673,2225633.30569124,ADA-USD,6h
2024-07-07 06:00:00,0.3631,0.369,0.3672,0.3658,1705318.33424182,ADA-USD,6h
2024-07-07 12:00:00,0.3518,0.3676,0.3658,0.3612,3783742.93796193,ADA-USD,6h
2024-07-07 18:00:00,0.3445,0.3625,0.3614,0.3466,3617469.53357744,ADA-USD,6h
2024-07-08 00:00:00,0.3309,0.3519,0.3466,0.3477,8649531.87983719,ADA-USD,6h
2024-07-08 06:00:00,0.3459,0.3791,0.3479,0.3768,7972608.57070926,ADA-USD,6h
2024-07-08 12:00:00,0.3575,0.3799,0.3766,0.3644,8817599.31584452,ADA-USD,6h
2024-07-08 18:00:00,0.3635,0.3719,0.3645,0.3691,3686032.38779127,ADA-USD,6h
2024-07-09 00:00:00,0.3626,0.3725,0.3691,0.3723,4399629.75059963,ADA-USD,6h
2024-07-09 06:00:00,0.3706,0.3766,0.3723,0.3741,2837319.11237548,ADA-USD,6h
2024-07-09 12:00:00,0.3685,0.378,0.3743,0.3746,3207680.82012458,ADA-USD,6h
2024-07-09 18:00:00,0.3733,0.3806,0.3747,0.3753,5026296.7357524,ADA-USD,6h
2024-07-10 00:00:00,0.3719,0.3862,0.3754,0.3821,3789785.09168781,ADA-USD,6h
2024-07-10 06:00:00,0.3808,0.3868,0.3822,0.3826,3325297.58800587,ADA-USD,6h
2024-07-10 12:00:00,0.3807,0.3877,0.3825,0.3858,5671362.13982367,ADA-USD,6h
2024-07-10 18:00:00,0.3827,0.3899,0.3858,0.3886,2428092.89245728,ADA-USD,6h
2024-07-11 00:00:00,0.3845,0.3957,0.3887,0.3917,4275542.68441119,ADA-USD,6h
2024-07-11 06:00:00,0.3915,0.397,0.3917,0.3959,2052715.81749542,ADA-USD,6h
2024-07-11 12:00:00,0.3903,0.405,0.3959,0.3966,9636336.09785287,ADA-USD,6h
2024-07-11 18:00:00,0.3916,0.4005,0.3966,0.3961,3321669.92437705,ADA-USD,6h
2024-07-12 00:00:00,0.3932,0.403,0.3962,0.3989,3770448.86660597,ADA-USD,6h
2024-07-12 06:00:00,0.3954,0.4023,0.3989,0.3985,3738825.68214418,ADA-USD,6h
2024-07-12 12:00:00,0.3978,0.4153,0.3986,0.4141,7027885.5132307,ADA-USD,6h
2024-07-12 18:00:00,0.4097,0.418,0.4141,0.4164,4707217.26050453,ADA-USD,6h
2024-07-13 00:00:00,0.4117,0.4196,0.4166,0.4184,2568734.67774703,ADA-USD,6h
2024-07-13 06:00:00,0.4163,0.4263,0.4182,0.4202,3549907.72443528,ADA-USD,6h
2024-07-13 12:00:00,0.4197,0.4376,0.4202,0.436,7337879.94598893,ADA-USD,6h
2024-07-13 18:00:00,0.4354,0.4471,0.4362,0.4419,6663497.2633667,ADA-USD,6h
2024-07-14 00:00:00,0.4281,0.4453,0.4419,0.4296,4535899.0513503,ADA-USD,6h
2024-07-14 06:00:00,0.4281,0.4385,0.4296,0.4301,2244719.43938716,ADA-USD,6h
2024-07-14 12:00:00,0.4239,0.433,0.4301,0.4305,3126695.15738716,ADA-USD,6h
2024-07-14 18:00:00,0.4297,0.4392,0.4304,0.4318,3252424.9067065,ADA-USD,6h
2024-07-15 00:00:00,0.4313,0.4399,0.4318,0.4377,4509987.01574105,ADA-USD,6h
2024-07-15 06:00:00,0.4314,0.4422,0.4375,0.4315,3005750.38748384,ADA-USD,6h
2024-07-15 12:00:00,0.4312,0.4437,0.4315,0.4345,6700268.47393757,ADA-USD,6h
2024-07-15 18:00:00,0.434,0.446,0.4346,0.4451,5762847.01754661,ADA-USD,6h
2024-07-16 00:00:00,0.4359,0.4528,0.4452,0.4378,6090244.51547851,ADA-USD,6h
2024-07-16 06:00:00,0.4266,0.4401,0.4377,0.4321,3932289.18243157,ADA-USD,6h
2024-07-16 12:00:00,0.4301,0.4483,0.4324,0.4453,6163412.47939835,ADA-USD,6h
2024-07-16 18:00:00,0.4342,0.4455,0.4453,0.4382,3816811.0751608,ADA-USD,6h
2024-07-17 00:00:00,0.4376,0.4497,0.4381,0.4459,4682358.30823914,ADA-USD,6h
2024-07-17 06:00:00,0.4406,0.4505,0.4457,0.4451,3338003.22371328,ADA-USD,6h
2024-07-17 12:00:00,0.4375,0.4568,0.4454,0.4396,7096244.71731898,ADA-USD,6h
2024-07-17 18:00:00,0.4355,0.4439,0.4398,0.436,3644536.81538314,ADA-USD,6h
2024-07-18 00:00:00,0.4346,0.4434,0.436,0.4386,2364016.82830702,ADA-USD,6h
2024-07-18 06:00:00,0.4357,0.4497,0.4386,0.4401,2944582.25403894,ADA-USD,6h
2024-07-18 12:00:00,0.4209,0.4424,0.4401,0.4249,4078619.48355169,ADA-USD,6h
2024-07-18 18:00:00,0.4198,0.4264,0.4249,0.4234,3315409.4360506,ADA-USD,6h
2024-07-19 00:00:00,0.4142,0.4283,0.4235,0.4244,3379161.03807631,ADA-USD,6h
2024-07-19 06:00:00,0.416,0.4286,0.4243,0.4209,1940669.91524764,ADA-USD,6h
2024-07-19 12:00:00,0.4188,0.4377,0.4208,0.4367,4122924.34781385,ADA-USD,6h
2024-07-19 18:00:00,0.4347,0.4433,0.4367,0.4392,3508288.32267444,ADA-USD,6h
2024-07-20 00:00:00,0.4346,0.4414,0.4393,0.439,2739590.1421733,ADA-USD,6h
2024-07-20 06:00:00,0.4321,0.4421,0.4387,0.4325,1200728.70123961,ADA-USD,6h
2024-07-20 12:00:00,0.4276,0.4401,0.4326,0.4383,2954493.81288451,ADA-USD,6h
2024-07-20 18:00:00,0.4346,0.4389,0.4386,0.4375,1856817.4750761,ADA-USD,6h
2024-07-21 00:00:00,0.432,0.4391,0.4376,0.4336,1815738.00232869,ADA-USD,6h
2024-07-21 06:00:00,0.4286,0.4341,0.4341,0.4309,765261.30724638,ADA-USD,6h
2024-07-21 12:00:00,0.4247,0.4346,0.4307,0.4272,2288767.03552187,ADA-USD,6h
2024-07-21 18:00:00,0.4169,0.4488,0.4266,0.447,5905474.26447933,ADA-USD,6h
2024-07-22 00:00:00,0.4308,0.4502,0.447,0.4328,5319788.54954361,ADA-USD,6h
2024-07-22 06:00:00,0.4294,0.4388,0.4327,0.4377,1975995.24487051,ADA-USD,6h
2024-07-22 12:00:00,0.4283,0.4471,0.4376,0.431,7953911.50852905,ADA-USD,6h
2024-07-22 18:00:00,0.4239,0.4337,0.4309,0.4263,5011181.34151503,ADA-USD,6h
2024-07-23 00:00:00,0.4181,0.4296,0.4263,0.4197,3205989.13840327,ADA-USD,6h
2024-07-23 06:00:00,0.4178,0.4274,0.4197,0.4256,3023660.15648438,ADA-USD,6h
2024-07-23 12:00:00,0.403,0.4298,0.4256,0.4095,5371588.39305908,ADA-USD,6h
2024-07-23 18:00:00,0.4079,0.4129,0.4093,0.4102,2800211.89747287,ADA-USD,6h
2024-07-24 00:00:00,0.404,0.411,0.4101,0.408,5094767.70573143,ADA-USD,6h
2024-07-24 06:00:00,0.4072,0.4213,0.4079,0.4192,7512040.45632003,ADA-USD,6h
2024-07-24 12:00:00,0.4094,0.4206,0.4195,0.4142,3308412.15461478,ADA-USD,6h
2024-07-24 18:00:00,0.4037,0.4148,0.4141,0.4062,6055193.79792635,ADA-USD,6h
2024-07-25 00:00:00,0.3907,0.4083,0.4062,0.3948,6666739.15040997,ADA-USD,6h
2024-07-25 06:00:00,0.3929,0.3979,0.3947,0.3951,1895585.81706443,ADA-USD,6h
2024-07-25 12:00:00,0.3872,0.397,0.3948,0.3942,6045190.1274427,ADA-USD,6h
2024-07-25 18:00:00,0.3816,0.3951,0.3943,0.3946,7933653.44964728,ADA-USD,6h
2024-07-26 00:00:00,0.3944,0.4095,0.3946,0.4086,3781048.59257135,ADA-USD,6h
2024-07-26 06:00:00,0.4082,0.4175,0.4084,0.4118,2092090.53598486,ADA-USD,6h
2024-07-26 12:00:00,0.4095,0.416,0.4122,0.4147,4423491.47815737,ADA-USD,6h
2024-07-26 18:00:00,0.4146,0.4199,0.4148,0.4172,4402343.15281326,ADA-USD,6h
2024-07-27 00:00:00,0.4129,0.4174,0.4173,0.4149,2771877.17187269,ADA-USD,6h
2024-07-27 06:00:00,0.4148,0.4185,0.415,0.4183,3129478.00879903,ADA-USD,6h
2024-07-27 12:00:00,0.4183,0.4292,0.4183,0.4235,4847001.58600626,ADA-USD,6h
2024-07-27 18:00:00,0.4128,0.4265,0.423,0.4173,5098703.18599211,ADA-USD,6h
2024-07-28 00:00:00,0.4088,0.4206,0.4176,0.4121,1480767.78473568,ADA-USD,6h
2024-07-28 06:00:00,0.4092,0.4132,0.4121,0.4112,755535.66293414,ADA-USD,6h
2024-07-28 12:00:00,0.4066,0.4126,0.4111,0.4098,1255962.9532798,ADA-USD,6h
2024-07-28 18:00:00,0.4045,0.4116,0.4098,0.4073,2287854.8739517,ADA-USD,6h
2024-07-29 00:00:00,0.4068,0.4272,0.4074,0.4243,4795346.81573648,ADA-USD,6h
2024-07-29 06:00:00,0.4176,0.4254,0.4242,0.4179,1706134.24101213,ADA-USD,6h
2024-07-29 12:00:00,0.4046,0.4193,0.4181,0.4115,5285230.62573008,ADA-USD,6h
2024-07-29 18:00:00,0.403,0.4124,0.4113,0.403,2792832.46607243,ADA-USD,6h
2024-07-30 00:00:00,0.3985,0.4076,0.4031,0.4022,2894100.15741012,ADA-USD,6h
2024-07-30 06:00:00,0.4005,0.4056,0.4023,0.4041,2183024.29523359,ADA-USD,6h
2024-07-30 12:00:00,0.3988,0.4067,0.404,0.4002,5385217.40771438,ADA-USD,6h
2024-07-30 18:00:00,0.394,0.403,0.4,0.4012,2407626.00438861,ADA-USD,6h
2024-07-31 00:00:00,0.399,0.4077,0.4014,0.4049,2737983.01670856,ADA-USD,6h
2024-07-31 06:00:00,0.3991,0.406,0.4049,0.403,3206883.30950955,ADA-USD,6h
2024-07-31 12:00:00,0.3996,0.4068,0.403,0.4035,4049803.39459307,ADA-USD,6h
2024-07-31 18:00:00,0.387,0.4043,0.4035,0.388,5633636.52664038,ADA-USD,6h
2024-08-01 00:00:00,0.3785,0.3915,0.388,0.3857,5757513.12268348,ADA-USD,6h
2024-08-01 06:00:00,0.3834,0.3917,0.3858,0.3914,1850509.51613384,ADA-USD,6h
2024-08-01 12:00:00,0.3705,0.3955,0.3911,0.3767,7890587.24619337,ADA-USD,6h
2024-08-01 18:00:00,0.368,0.3933,0.3768,0.3924,9415984.69300934,ADA-USD,6h
2024-08-02 00:00:00,0.3793,0.3949,0.3924,0.3797,3780667.25395822,ADA-USD,6h
2024-08-02 06:00:00,0.3752,0.3882,0.3796,0.384,4148786.51033625,ADA-USD,6h
2024-08-02 12:00:00,0.3587,0.3859,0.3839,0.3663,14241460.3658201,ADA-USD,6h
2024-08-02 18:00:00,0.3615,0.3699,0.3663,0.3632,7002677.20000961,ADA-USD,6h
2024-08-03 00:00:00,0.3537,0.3689,0.3633,0.3689,4036701.15962024,ADA-USD,6h
2024-08-03 06:00:00,0.3665,0.3726,0.3689,0.3692,1627358.80981668,ADA-USD,6h
2024-08-03 12:00:00,0.35,0.3721,0.3692,0.351,4434421.61150431,ADA-USD,6h
2024-08-03 18:00:00,0.349,0.3646,0.351,0.3644,5146128.57021283,ADA-USD,6h
2024-08-04 00:00:00,0.3607,0.3676,0.3646,0.3614,3618340.9949301,ADA-USD,6h
2024-08-04 06:00:00,0.3554,0.3615,0.3614,0.3579,995104.75765034,ADA-USD,6h
2024-08-04 12:00:00,0.3335,0.36,0.3577,0.3391,9025532.72690421,ADA-USD,6h
2024-08-04 18:00:00,0.3346,0.3541,0.3391,0.3441,11002711.32758593,ADA-USD,6h
2024-08-05 00:00:00,0.3,0.3457,0.3442,0.3035,33121563.19742983,ADA-USD,6h
2024-08-05 06:00:00,0.2774,0.3103,0.3036,0.2959,27332317.26484543,ADA-USD,6h
2024-08-05 12:00:00,0.2819,0.325,0.2958,0.3197,24106693.60320837,ADA-USD,6h
2024-08-05 18:00:00,0.3063,0.3199,0.3197,0.312,11329898.29742979,ADA-USD,6h
2024-08-06 00:00:00,0.3115,0.3326,0.3121,0.3318,7641569.0834855,ADA-USD,6h
2024-08-06 06:00:00,0.3215,0.3348,0.332,0.3243,3468802.04600257,ADA-USD,6h
2024-08-06 12:00:00,0.3195,0.3371,0.3241,0.3309,7783817.34581416,ADA-USD,6h
2024-08-06 18:00:00,0.329,0.3361,0.3308,0.3312,4790614.79576726,ADA-USD,6h
2024-08-07 00:00:00,0.327,0.3398,0.3313,0.3357,5090342.61517502,ADA-USD,6h
2024-08-07 06:00:00,0.3329,0.3411,0.3359,0.3331,2407000.3315579,ADA-USD,6h
2024-08-07 12:00:00,0.3125,0.338,0.3331,0.322,7805266.72835511,ADA-USD,6h
2024-08-07 18:00:00,0.3162,0.3293,0.3219,0.324,6543970.15795486,ADA-USD,6h
2024-08-08 00:00:00,0.3188,0.3395,0.3241,0.3354,5631843.59856554,ADA-USD,6h
2024-08-08 06:00:00,0.3323,0.3372,0.3352,0.3324,1646487.11653946,ADA-USD,6h
2024-08-08 12:00:00,0.3283,0.345,0.3323,0.34,6351849.90475826,ADA-USD,6h
2024-08-08 18:00:00,0.3393,0.3539,0.3402,0.3517,5397708.95566711,ADA-USD,6h
2024-08-09 00:00:00,0.3447,0.3546,0.3516,0.3488,4895111.26182488,ADA-USD,6h
2024-08-09 06:00:00,0.3405,0.3497,0.3486,0.3428,2718828.27766979,ADA-USD,6h
2024-08-09 12:00:00,0.3366,0.3485,0.3428,0.3457,5946765.45194625,ADA-USD,6h
2024-08-09 18:00:00,0.3441,0.3499,0.3455,0.3485,3590414.14263071,ADA-USD,6h
2024-08-10 00:00:00,0.3445,0.3523,0.3486,0.3458,1790231.21442862,ADA-USD,6h
2024-08-10 06:00:00,0.3455,0.3484,0.3458,0.3478,1083087.35408499,ADA-USD,6h
2024-08-10 12:00:00,0.3444,0.348,0.3478,0.3473,1693722.68150736,ADA-USD,6h
2024-08-10 18:00:00,0.3452,0.3489,0.3471,0.3458,2486042.89619749,ADA-USD,6h
2024-08-11 00:00:00,0.3449,0.3526,0.3459,0.3523,1348755.20077885,ADA-USD,6h
2024-08-11 06:00:00,0.3468,0.3565,0.3522,0.3478,1292137.12342387,ADA-USD,6h
2024-08-11 12:00:00,0.3389,0.3483,0.3476,0.3417,3261077.91837269,ADA-USD,6h
2024-08-11 18:00:00,0.3271,0.3417,0.3414,0.3276,4104680.57027044,ADA-USD,6h
2024-08-12 00:00:00,0.3265,0.3323,0.3278,0.3321,2111530.86288874,ADA-USD,6h
2024-08-12 06:00:00,0.3274,0.3433,0.332,0.3428,2039340.84481065,ADA-USD,6h
2024-08-12 12:00:00,0.3293,0.3445,0.3429,0.3386,4539395.72457106,ADA-USD,6h
2024-08-12 18:00:00,0.332,0.34,0.3386,0.339,2453095.50216958,ADA-USD,6h
2024-08-13 00:00:00,0.3338,0.3411,0.3392,0.3375,2598363.58602171,ADA-USD,6h
2024-08-13 06:00:00,0.3307,0.3395,0.3374,0.3336,1070349.65531402,ADA-USD,6h
2024-08-13 12:00:00,0.3337,0.3451,0.3337,0.3438,3417261.23101321,ADA-USD,6h
2024-08-13 18:00:00,0.3387,0.3438,0.3437,0.3399,2418709.0478418,ADA-USD,6h
2024-08-14 00:00:00,0.3364,0.342,0.3401,0.3404,2071484.42436856,ADA-USD,6h
2024-08-14 06:00:00,0.3384,0.3434,0.3402,0.3422,1874018.45423068,ADA-USD,6h
2024-08-14 12:00:00,0.3311,0.3458,0.342,0.3344,5689706.43525537,ADA-USD,6h
2024-08-14 18:00:00,0.3321,0.3363,0.3343,0.3353,2768664.60504349,ADA-USD,6h
2024-08-15 00:00:00,0.3354,0.3418,0.3355,0.336,2587832.23843587,ADA-USD,6h
2024-08-15 06:00:00,0.3338,0.3386,0.3359,0.3356,1365077.20897988,ADA-USD,6h
2024-08-15 12:00:00,0.33,0.3394,0.3355,0.3305,3303652.8562191,ADA-USD,6h
2024-08-15 18:00:00,0.3205,0.3301,0.3301,0.3248,7776658.74293666,ADA-USD,6h
2024-08-16 00:00:00,0.3204,0.3269,0.325,0.3259,2241214.87295741,ADA-USD,6h
2024-08-16 06:00:00,0.3253,0.3454,0.3259,0.3342,5139909.08623726,ADA-USD,6h
2024-08-16 12:00:00,0.3208,0.3362,0.3343,0.3326,5234093.27298976,ADA-USD,6h
2024-08-16 18:00:00,0.3296,0.3341,0.3328,0.3303,1874927.34678247,ADA-USD,6h
2024-08-17 00:00:00,0.3274,0.3309,0.3302,0.3294,1617013.47931545,ADA-USD,6h
2024-08-17 06:00:00,0.329,0.3328,0.3293,0.3317,1232623.46631731,ADA-USD,6h
2024-08-17 12:00:00,0.3318,0.3389,0.3318,0.3369,2060870.60481371,ADA-USD,6h
2024-08-17 18:00:00,0.3332,0.3374,0.337,0.3373,3508210.57925752,ADA-USD,6h
2024-08-18 00:00:00,0.3329,0.3376,0.3374,0.3344,1721080.35892063,ADA-USD,6h
2024-08-18 06:00:00,0.334,0.3385,0.3343,0.3375,1375652.15448495,ADA-USD,6h
2024-08-18 12:00:00,0.3359,0.3399,0.3374,0.3373,3774287.49325754,ADA-USD,6h
2024-08-18 18:00:00,0.3341,0.3398,0.3372,0.3342,2894534.41396195,ADA-USD,6h
2024-08-19 00:00:00,0.3323,0.3362,0.3342,0.3329,1949177.44406124,ADA-USD,6h
2024-08-19 06:00:00,0.3279,0.335,0.333,0.3315,1257328.38851026,ADA-USD,6h
2024-08-19 12:00:00,0.3291,0.3372,0.3311,0.3361,2951291.47026761,ADA-USD,6h
2024-08-19 18:00:00,0.3339,0.3377,0.3362,0.3367,2475603.5700364,ADA-USD,6h
2024-08-20 00:00:00,0.3359,0.3461,0.3367,0.3449,6202948.64542364,ADA-USD,6h
2024-08-20 06:00:00,0.3422,0.3454,0.345,0.3444,1738706.80314963,ADA-USD,6h
2024-08-20 12:00:00,0.3355,0.3465,0.3443,0.3413,4257006.15026221,ADA-USD,6h
2024-08-20 18:00:00,0.3411,0.3545,0.3414,0.3435,4912586.79067491,ADA-USD,6h
2024-08-21 00:00:00,0.343,0.3597,0.3434,0.3562,3925633.2238507,ADA-USD,6h
2024-08-21 06:00:00,0.3503,0.3606,0.3565,0.351,2241670.54661784,ADA-USD,6h
2024-08-21 12:00:00,0.3492,0.3743,0.351,0.3733,8213722.50052447,ADA-USD,6h
2024-08-21 18:00:00,0.3673,0.3776,0.3735,0.3689,6921754.44847064,ADA-USD,6h
2024-08-22 00:00:00,0.3653,0.3744,0.3689,0.366,3262434.99489087,ADA-USD,6h
2024-08-22 06:00:00,0.3644,0.3746,0.3659,0.374,3531888.27167372,ADA-USD,6h
2024-08-22 12:00:00,0.3683,0.3759,0.374,0.369,6652854.57474825,ADA-USD,6h
2024-08-22 18:00:00,0.369,0.3776,0.369,0.3763,5734971.10518185,ADA-USD,6h
2024-08-23 00:00:00,0.3743,0.3794,0.3764,0.3768,3878296.78503463,ADA-USD,6h
2024-08-23 06:00:00,0.3738,0.3878,0.3766,0.3798,5202132.03226175,ADA-USD,6h
2024-08-23 12:00:00,0.3743,0.3866,0.3798,0.3866,6869897.24206992,ADA-USD,6h
2024-08-23 18:00:00,0.3849,0.393,0.3866,0.3915,6586785.60913843,ADA-USD,6h
2024-08-24 00:00:00,0.3878,0.3944,0.3915,0.3904,3612902.1495198,ADA-USD,6h
2024-08-24 06:00:00,0.3882,0.3965,0.3904,0.393,2029596.63681945,ADA-USD,6h
2024-08-24 12:00:00,0.3918,0.3998,0.3932,0.3975,4672875.58319557,ADA-USD,6h
2024-08-24 18:00:00,0.3882,0.4016,0.3974,0.3939,3530157.18573447,ADA-USD,6h
2024-08-25 00:00:00,0.3828,0.3945,0.3938,0.386,3158546.24260713,ADA-USD,6h
2024-08-25 06:00:00,0.3776,0.3868,0.3862,0.3817,2169733.81609703,ADA-USD,6h
2024-08-25 12:00:00,0.3796,0.3915,0.382,0.3858,4894187.57627153,ADA-USD,6h
2024-08-25 18:00:00,0.384,0.3897,0.3859,0.385,3158772.47234816,ADA-USD,6h
2024-08-26 00:00:00,0.3787,0.3881,0.3851,0.384,2847825.14950721,ADA-USD,6h
2024-08-26 06:00:00,0.3725,0.3844,0.384,0.3756,2928177.98226529,ADA-USD,6h
2024-08-26 12:00:00,0.3673,0.3758,0.3758,0.3676,5690935.52240243,ADA-USD,6h
2024-08-26 18:00:00,0.3661,0.3715,0.3678,0.3662,4658409.62479232,ADA-USD,6h
2024-08-27 00:00:00,0.3661,0.3728,0.3661,0.3724,1744014.21304921,ADA-USD,6h
2024-08-27 06:00:00,0.3603,0.3724,0.3723,0.3636,2153134.63254532,ADA-USD,6h
2024-08-27 12:00:00,0.361,0.3668,0.3634,0.3649,4654298.63224963,ADA-USD,6h
2024-08-27 18:00:00,0.3419,0.3679,0.3649,0.3504,11149450.27622858,ADA-USD,6h
2024-08-28 00:00:00,0.3467,0.3546,0.3505,0.3534,4097208.92998333,ADA-USD,6h
2024-08-28 06:00:00,0.344,0.3593,0.3535,0.358,2468348.84487066,ADA-USD,6h
2024-08-28 12:00:00,0.3406,0.3606,0.3579,0.3475,8689578.02170608,ADA-USD,6h
2024-08-28 18:00:00,0.3463,0.3572,0.3475,0.3501,4140738.45033351,ADA-USD,6h
2024-08-29 00:00:00,0.3492,0.3567,0.3503,0.3558,2363945.71525153,ADA-USD,6h
2024-08-29 06:00:00,0.3553,0.3651,0.3556,0.3608,2467551.13246015,ADA-USD,6h
2024-08-29 12:00:00,0.3605,0.3677,0.3607,0.3621,4223155.09002031,ADA-USD,6h
2024-08-29 18:00:00,0.3458,0.3622,0.3622,0.3577,8858184.58381431,ADA-USD,6h
2024-08-30 00:00:00,0.3535,0.3621,0.3577,0.3555,2132408.28920714,ADA-USD,6h
2024-08-30 06:00:00,0.3509,0.3596,0.3556,0.3514,2573718.5108233,ADA-USD,6h
2024-08-30 12:00:00,0.3373,0.3545,0.3514,0.3428,7689156.12642192,ADA-USD,6h
2024-08-30 18:00:00,0.3427,0.3492,0.3429,0.3469,2749350.11147435,ADA-USD,6h
2024-08-31 00:00:00,0.3454,0.3504,0.3469,0.348,1584651.36719692,ADA-USD,6h
2024-08-31 06:00:00,0.3454,0.35,0.3479,0.3482,930750.43638814,ADA-USD,6h
2024-08-31 12:00:00,0.3448,0.3496,0.3476,0.3468,2366361.78234,ADA-USD,6h
2024-08-31 18:00:00,0.3444,0.3486,0.3467,0.3449,3022729.19904273,ADA-USD,6h
2024-09-01 00:00:00,0.3392,0.3456,0.345,0.3401,2375252.14470263,ADA-USD,6h
2024-09-01 06:00:00,0.3399,0.345,0.3399,0.3431,780543.83461216,ADA-USD,6h
2024-09-01 12:00:00,0.334,0.3435,0.343,0.3348,3528369.66293061,ADA-USD,6h
2024-09-01 18:00:00,0.327,0.342,0.3348,0.3311,4464454.87054128,ADA-USD,6h
2024-09-02 00:00:00,0.3271,0.3346,0.3309,0.3301,2900153.02992516,ADA-USD,6h
2024-09-02 06:00:00,0.3246,0.3364,0.33,0.3339,4703510.99526079,ADA-USD,6h
2024-09-02 12:00:00,0.3269,0.3348,0.334,0.3332,3779859.36437054,ADA-USD,6h
2024-09-02 18:00:00,0.3299,0.3373,0.3333,0.3364,2102380.30574786,ADA-USD,6h
2024-09-03 00:00:00,0.3329,0.3397,0.3361,0.334,2297285.42010875,ADA-USD,6h
2024-09-03 06:00:00,0.3281,0.3338,0.3338,0.3301,2701336.3205784,ADA-USD,6h
2024-09-03 12:00:00,0.32,0.332,0.3299,0.3232,7966701.24131062,ADA-USD,6h
2024-09-03 18:00:00,0.3174,0.3261,0.3232,0.3185,5028416.70527215,ADA-USD,6h
2024-09-04 00:00:00,0.3051,0.3201,0.3183,0.3128,15631366.19088998,ADA-USD,6h
2024-09-04 06:00:00,0.313,0.3248,0.313,0.3176,4511088.6655812,ADA-USD,6h
2024-09-04 12:00:00,0.3154,0.3293,0.3179,0.3224,7319312.12874081,ADA-USD,6h
2024-09-04 18:00:00,0.3211,0.3265,0.3224,0.3234,5830630.04141564,ADA-USD,6h
2024-09-05 00:00:00,0.3198,0.3255,0.3234,0.3214,3522071.70366933,ADA-USD,6h
2024-09-05 06:00:00,0.3195,0.3274,0.3212,0.3273,1694736.09705065,ADA-USD,6h
2024-09-05 12:00:00,0.3233,0.3399,0.3274,0.328,7809692.94601786,ADA-USD,6h
2024-09-05 18:00:00,0.3199,0.3299,0.3281,0.3249,3865667.17641205,ADA-USD,6h
2024-09-06 00:00:00,0.3232,0.3318,0.3251,0.3281,1780030.33524172,ADA-USD,6h
2024-09-06 06:00:00,0.3175,0.3284,0.3284,0.3216,2298807.90908437,ADA-USD,6h
2024-09-06 12:00:00,0.3127,0.3265,0.3217,0.3151,5333994.35525339,ADA-USD,6h
2024-09-06 18:00:00,0.3033,0.3154,0.315,0.3149,6001979.76175934,ADA-USD,6h
2024-09-07 00:00:00,0.3148,0.3239,0.3149,0.3239,2349710.54094629,ADA-USD,6h
2024-09-07 06:00:00,0.3203,0.3243,0.3239,0.3233,1496887.59663209,ADA-USD,6h
2024-09-07 12:00:00,0.3229,0.326,0.3233,0.3246,2284909.27373904,ADA-USD,6h
2024-09-07 18:00:00,0.3225,0.328,0.3244,0.3254,1841461.45669862,ADA-USD,6h
2024-09-08 00:00:00,0.3238,0.3339,0.3252,0.3331,2646446.38354826,ADA-USD,6h
2024-09-08 06:00:00,0.332,0.3402,0.3332,0.3389,1383102.91051169,ADA-USD,6h
2024-09-08 12:00:00,0.3313,0.3408,0.339,0.3391,2415683.09747869,ADA-USD,6h
2024-09-08 18:00:00,0.3339,0.3406,0.3393,0.339,1859733.90439095,ADA-USD,6h
2024-09-09 00:00:00,0.3391,0.3489,0.3391,0.3397,3344298.82634974,ADA-USD,6h
2024-09-09 06:00:00,0.339,0.3441,0.3395,0.3409,1781414.70318045,ADA-USD,6h
2024-09-09 12:00:00,0.3375,0.3448,0.3407,0.3429,5147681.78466559,ADA-USD,6h
2024-09-09 18:00:00,0.3415,0.3488,0.3429,0.3434,4598909.35367167,ADA-USD,6h
2024-09-10 00:00:00,0.3373,0.3436,0.3435,0.3418,1760546.29864755,ADA-USD,6h
2024-09-10 06:00:00,0.3397,0.3444,0.3418,0.3438,1100640.91400257,ADA-USD,6h
2024-09-10 12:00:00,0.3395,0.3451,0.3437,0.3427,2200566.31767816,ADA-USD,6h
2024-09-10 18:00:00,0.3415,0.3457,0.3428,0.343,1803424.71956423,ADA-USD,6h
2024-09-11 00:00:00,0.3348,0.3435,0.3429,0.3355,3121857.07652312,ADA-USD,6h
2024-09-11 06:00:00,0.3342,0.3399,0.3353,0.3366,2093226.74625513,ADA-USD,6h
2024-09-11 12:00:00,0.33,0.3458,0.3368,0.345,4862637.39486177,ADA-USD,6h
2024-09-11 18:00:00,0.3434,0.3574,0.3452,0.3531,7108330.45492261,ADA-USD,6h
2024-09-12 00:00:00,0.3532,0.3587,0.3532,0.3549,3362855.55025861,ADA-USD,6h
2024-09-12 06:00:00,0.3537,0.3608,0.355,0.3576,2846814.56810664,ADA-USD,6h
2024-09-12 12:00:00,0.3542,0.3614,0.3578,0.3565,4631825.45100698,ADA-USD,6h
2024-09-12 18:00:00,0.3519,0.357,0.3565,0.3562,3002073.78932144,ADA-USD,6h
2024-09-13 00:00:00,0.3533,0.3575,0.3565,0.3568,1364709.5840267,ADA-USD,6h
2024-09-13 06:00:00,0.3526,0.3579,0.3567,0.3526,1558011.13049396,ADA-USD,6h
2024-09-13 12:00:00,0.3502,0.365,0.3526,0.3619,5969329.19073105,ADA-USD,6h
2024-09-13 18:00:00,0.3587,0.3631,0.3618,0.3609,3013166.21385108,ADA-USD,6h
2024-09-14 00:00:00,0.3574,0.3621,0.3609,0.358,2486744.70265052,ADA-USD,6h
2024-09-14 06:00:00,0.3534,0.3603,0.358,0.354,967496.52225624,ADA-USD,6h
2024-09-14 12:00:00,0.353,0.3563,0.354,0.3538,2147967.54948266,ADA-USD,6h
2024-09-14 18:00:00,0.3513,0.3549,0.3538,0.3542,1685185.81757531,ADA-USD,6h
2024-09-15 00:00:00,0.3522,0.3564,0.3542,0.3525,1462269.4495201,ADA-USD,6h
2024-09-15 06:00:00,0.3478,0.3558,0.3525,0.3494,1222656.68955398,ADA-USD,6h
2024-09-15 12:00:00,0.3429,0.3519,0.3494,0.3437,5904905.41927299,ADA-USD,6h
2024-09-15 18:00:00,0.3342,0.3445,0.3437,0.3386,3193910.56232404,ADA-USD,6h
2024-09-16 00:00:00,0.3299,0.3386,0.3386,0.3356,4020386.24019007,ADA-USD,6h
2024-09-16 06:00:00,0.3313,0.3376,0.3356,0.3328,1679527.60694713,ADA-USD,6h
2024-09-16 12:00:00,0.3271,0.3332,0.3328,0.3312,3397217.01606113,ADA-USD,6h
2024-09-16 18:00:00,0.3263,0.3314,0.3312,0.3303,2798789.54169871,ADA-USD,6h
2024-09-17 00:00:00,0.3283,0.3359,0.3303,0.3349,1648276.03941414,ADA-USD,6h
2024-09-17 06:00:00,0.3308,0.3351,0.3349,0.3314,2422173.49441716,ADA-USD,6h
2024-09-17 12:00:00,0.3309,0.3432,0.3314,0.3365,3023087.66413039,ADA-USD,6h
2024-09-17 18:00:00,0.3315,0.3375,0.3365,0.3339,2441916.5732229,ADA-USD,6h
2024-09-18 00:00:00,0.3308,0.3388,0.3339,0.3342,2064211.63336501,ADA-USD,6h
2024-09-18 06:00:00,0.3283,0.3355,0.3342,0.3307,2112252.46322418,ADA-USD,6h
2024-09-18 12:00:00,0.3272,0.3324,0.3307,0.3311,3890345.39419941,ADA-USD,6h
2024-09-18 18:00:00,0.3304,0.3443,0.3311,0.3442,3842880.97230826,ADA-USD,6h
2024-09-19 00:00:00,0.3443,0.3517,0.3443,0.3478,5690283.19641741,ADA-USD,6h
2024-09-19 06:00:00,0.3452,0.3496,0.3478,0.3494,2947953.91519411,ADA-USD,6h
2024-09-19 12:00:00,0.3488,0.3566,0.3494,0.3553,8197981.07964655,ADA-USD,6h
2024-09-19 18:00:00,0.3501,0.3565,0.3553,0.3511,5146059.48567135,ADA-USD,6h
2024-09-20 00:00:00,0.349,0.3613,0.3511,0.3579,4165833.85041539,ADA-USD,6h
2024-09-20 06:00:00,0.3559,0.3606,0.3579,0.3565,3677029.91818418,ADA-USD,6h
2024-09-20 12:00:00,0.3501,0.3588,0.3565,0.3516,3757150.4983443,ADA-USD,6h
2024-09-20 18:00:00,0.3495,0.354,0.3516,0.3524,2632793.37975088,ADA-USD,6h
2024-09-21 00:00:00,0.3505,0.3556,0.3524,0.3539,2069953.13853715,ADA-USD,6h
2024-09-21 06:00:00,0.3529,0.356,0.3539,0.3539,1999971.015517,ADA-USD,6h
2024-09-21 12:00:00,0.3535,0.3599,0.3539,0.3569,5169135.11263873,ADA-USD,6h
2024-09-21 18:00:00,0.3558,0.3592,0.3569,0.3585,1793725.82466271,ADA-USD,6h
2024-09-22 00:00:00,0.3525,0.3594,0.3585,0.353,2045823.27776473,ADA-USD,6h
2024-09-22 06:00:00,0.3502,0.3548,0.353,0.3524,1390799.58496896,ADA-USD,6h
2024-09-22 12:00:00,0.3453,0.3547,0.3524,0.3511,2420385.22886737,ADA-USD,6h
2024-09-22 18:00:00,0.3427,0.3531,0.3511,0.3518,3080648.91489433,ADA-USD,6h
2024-09-23 00:00:00,0.3454,0.3606,0.3518,0.3557,4119634.31230657,ADA-USD,6h
2024-09-23 06:00:00,0.3508,0.3583,0.3557,0.3538,2473973.56734656,ADA-USD,6h
2024-09-23 12:00:00,0.3524,0.3584,0.3538,0.3576,5779541.07873886,ADA-USD,6h
2024-09-23 18:00:00,0.3576,0.3657,0.3576,0.3638,7428351.97993357,ADA-USD,6h
2024-09-24 00:00:00,0.3585,0.3641,0.3637,0.3617,2329174.68586486,ADA-USD,6h
2024-09-24 06:00:00,0.3616,0.371,0.3617,0.3693,3143562.2821862,ADA-USD,6h
2024-09-24 12:00:00,0.3655,0.3828,0.3695,0.3824,10210540.43041965,ADA-USD,6h
2024-09-24 18:00:00,0.3773,0.3916,0.3823,0.3877,12670066.55932588,ADA-USD,6h
2024-09-25 00:00:00,0.3849,0.3938,0.3879,0.385,4428981.29122165,ADA-USD,6h
2024-09-25 06:00:00,0.3799,0.3853,0.3848,0.3827,3272147.46574654,ADA-USD,6h
2024-09-25 12:00:00,0.3808,0.3874,0.3828,0.3829,5843503.16619333,ADA-USD,6h
2024-09-25 18:00:00,0.3788,0.3855,0.3828,0.3809,3515463.25673096,ADA-USD,6h
2024-09-26 00:00:00,0.378,0.3891,0.3809,0.3884,5072153.29968349,ADA-USD,6h
2024-09-26 06:00:00,0.388,0.3987,0.3885,0.3968,5711536.2710636,ADA-USD,6h
2024-09-26 12:00:00,0.3946,0.404,0.3967,0.3983,10887582.16443572,ADA-USD,6h
2024-09-26 18:00:00,0.395,0.4036,0.3981,0.4017,4011825.60443273,ADA-USD,6h
2024-09-27 00:00:00,0.4016,0.4158,0.4017,0.4139,5123497.97831214,ADA-USD,6h
2024-09-27 06:00:00,0.4004,0.4144,0.4142,0.4027,4754983.00976282,ADA-USD,6h
2024-09-27 12:00:00,0.4013,0.4098,0.4026,0.4044,5938278.68180866,ADA-USD,6h
2024-09-27 18:00:00,0.3995,0.4047,0.4045,0.4019,5021117.18727576,ADA-USD,6h
2024-09-28 00:00:00,0.3987,0.4063,0.402,0.3994,3644385.66851415,ADA-USD,6h
2024-09-28 06:00:00,0.3923,0.4026,0.3997,0.4007,2707393.5121604,ADA-USD,6h
2024-09-28 12:00:00,0.3996,0.4044,0.4011,0.4004,3091057.33440809,ADA-USD,6h
2024-09-28 18:00:00,0.396,0.4025,0.4006,0.4005,1678502.6634201,ADA-USD,6h
2024-09-29 00:00:00,0.3964,0.4014,0.4007,0.3979,1260428.88962515,ADA-USD,6h
2024-09-29 06:00:00,0.3932,0.3984,0.3981,0.3976,886819.29039805,ADA-USD,6h
2024-09-29 12:00:00,0.3927,0.4041,0.3975,0.4026,3129069.9393403,ADA-USD,6h
2024-09-29 18:00:00,0.3961,0.4044,0.4029,0.3978,3180772.90142024,ADA-USD,6h
2024-09-30 00:00:00,0.3862,0.3976,0.3976,0.3901,5085963.83579623,ADA-USD,6h
2024-09-30 06:00:00,0.3815,0.3926,0.39,0.3852,3545040.6639731,ADA-USD,6h
2024-09-30 12:00:00,0.3778,0.386,0.385,0.3816,4763095.74229489,ADA-USD,6h
2024-09-30 18:00:00,0.3707,0.382,0.3817,0.3732,6090987.78925889,ADA-USD,6h
2024-10-01 00:00:00,0.371,0.383,0.3733,0.3817,2841700.20247558,ADA-USD,6h
2024-10-01 06:00:00,0.3816,0.3898,0.3819,0.3844,2868420.97649657,ADA-USD,6h
2024-10-01 12:00:00,0.3425,0.3853,0.3843,0.3566,18602928.66100557,ADA-USD,6h
2024-10-01 18:00:00,0.3459,0.3597,0.3566,0.352,7870950.08230214,ADA-USD,6h
2024-10-02 00:00:00,0.3497,0.3634,0.3521,0.3564,4864012.72768068,ADA-USD,6h
2024-10-02 06:00:00,0.3483,0.3627,0.3564,0.3507,2980383.63831031,ADA-USD,6h
2024-10-02 12:00:00,0.3441,0.3555,0.3507,0.3468,7302476.42436108,ADA-USD,6h
2024-10-02 18:00:00,0.3357,0.347,0.3468,0.3432,6322156.95154655,ADA-USD,6h
2024-10-03 00:00:00,0.3406,0.3496,0.3432,0.3456,6308124.51312911,ADA-USD,6h
2024-10-03 06:00:00,0.3319,0.3489,0.3455,0.3393,5671725.83153359,ADA-USD,6h
2024-10-03 12:00:00,0.3332,0.344,0.3393,0.3381,8864049.05427353,ADA-USD,6h
2024-10-03 18:00:00,0.3364,0.3471,0.3381,0.3454,6557224.00279419,ADA-USD,6h
2024-10-04 00:00:00,0.3428,0.3501,0.3454,0.3498,5020642.83853221,ADA-USD,6h
2024-10-04 06:00:00,0.3461,0.3535,0.3498,0.3533,2985108.18666431,ADA-USD,6h
2024-10-04 12:00:00,0.3477,0.3562,0.3533,0.3518,4999942.56612401,ADA-USD,6h
2024-10-04 18:00:00,0.35,0.3538,0.3519,0.3516,2119249.31811055,ADA-USD,6h
2024-10-05 00:00:00,0.3486,0.3548,0.3517,0.3532,1882328.28173404,ADA-USD,6h
2024-10-05 06:00:00,0.3519,0.3557,0.3533,0.3531,1444528.08887239,ADA-USD,6h
2024-10-05 12:00:00,0.3487,0.3548,0.3531,0.3501,1751681.21509824,ADA-USD,6h
2024-10-05 18:00:00,0.3454,0.351,0.3502,0.3509,1584505.54706474,ADA-USD,6h
2024-10-06 00:00:00,0.3481,0.3526,0.3509,0.3497,986486.65655041,ADA-USD,6h
2024-10-06 06:00:00,0.3477,0.3511,0.3496,0.3493,764210.84165068,ADA-USD,6h
2024-10-06 12:00:00,0.3489,0.3554,0.3493,0.3526,3222875.42907375,ADA-USD,6h
2024-10-06 18:00:00,0.3525,0.3585,0.3527,0.3572,3238058.75594284,ADA-USD,6h
2024-10-07 00:00:00,0.3564,0.3683,0.3575,0.3628,5950974.14003108,ADA-USD,6h
2024-10-07 06:00:00,0.3532,0.3646,0.3627,0.3576,2160749.76344712,ADA-USD,6h
2024-10-07 12:00:00,0.3547,0.3651,0.3575,0.3589,4246214.45303038,ADA-USD,6h
2024-10-07 18:00:00,0.3503,0.359,0.3589,0.3515,5709642.92592941,ADA-USD,6h
2024-10-08 00:00:00,0.3507,0.3568,0.3515,0.3523,3807108.73571737,ADA-USD,6h
2024-10-08 06:00:00,0.3492,0.3532,0.3522,0.3517,1967522.14980252,ADA-USD,6h
2024-10-08 12:00:00,0.3417,0.3523,0.3518,0.3454,4341110.99413341,ADA-USD,6h
2024-10-08 18:00:00,0.3408,0.365,0.3454,0.3444,5827856.370388,ADA-USD,6h
2024-10-09 00:00:00,0.3419,0.3478,0.3446,0.3476,1735475.01381478,ADA-USD,6h
2024-10-09 06:00:00,0.3408,0.3476,0.3475,0.3425,1650343.98801382,ADA-USD,6h
2024-10-09 12:00:00,0.3372,0.3439,0.3423,0.341,3941488.93077258,ADA-USD,6h
2024-10-09 18:00:00,0.3337,0.3413,0.3408,0.3392,4200263.78031493,ADA-USD,6h
2024-10-10 00:00:00,0.3364,0.3415,0.3394,0.3399,1913537.23844586,ADA-USD,6h
2024-10-10 06:00:00,0.3339,0.34,0.3399,0.3388,2110865.15178558,ADA-USD,6h
2024-10-10 12:00:00,0.3327,0.339,0.3383,0.3342,3574687.43115388,ADA-USD,6h
2024-10-10 18:00:00,0.3311,0.3398,0.334,0.3395,2495161.74449943,ADA-USD,6h
2024-10-11 00:00:00,0.338,0.3432,0.3394,0.3429,2410131.63578152,ADA-USD,6h
2024-10-11 06:00:00,0.3416,0.3473,0.3428,0.346,2137944.02013554,ADA-USD,6h
2024-10-11 12:00:00,0.3447,0.3529,0.346,0.3522,3697710.14759519,ADA-USD,6h
2024-10-11 18:00:00,0.3504,0.3549,0.3524,0.3515,2765300.96861693,ADA-USD,6h
2024-10-12 00:00:00,0.3507,0.3537,0.3517,0.3535,2027603.17763885,ADA-USD,6h
2024-10-12 06:00:00,0.352,0.3564,0.3537,0.3546,1406572.79397659,ADA-USD,6h
2024-10-12 12:00:00,0.3531,0.3566,0.3546,0.3541,2128262.24634083,ADA-USD,6h
2024-10-12 18:00:00,0.3513,0.3548,0.3541,0.3529,2001451.09669016,ADA-USD,6h
2024-10-13 00:00:00,0.3515,0.3574,0.3531,0.3566,1508038.53708234,ADA-USD,6h
2024-10-13 06:00:00,0.3519,0.3595,0.3569,0.3521,2519962.8257146,ADA-USD,6h
2024-10-13 12:00:00,0.3443,0.3538,0.352,0.3461,3241300.870879,ADA-USD,6h
2024-10-13 18:00:00,0.3446,0.3495,0.3461,0.3486,2607442.7767016,ADA-USD,6h
2024-10-14 00:00:00,0.342,0.357,0.3484,0.3519,5309535.23773214,ADA-USD,6h
2024-10-14 06:00:00,0.351,0.3567,0.3522,0.3554,3379020.35181671,ADA-USD,6h
2024-10-14 12:00:00,0.3533,0.3653,0.3554,0.3615,8841904.86379299,ADA-USD,6h
2024-10-14 18:00:00,0.3614,0.3654,0.3617,0.3644,5784388.42361107,ADA-USD,6h
2024-10-15 00:00:00,0.3571,0.3659,0.3644,0.3578,3389639.34534231,ADA-USD,6h
2024-10-15 06:00:00,0.3536,0.3667,0.3576,0.3551,4209147.09589572,ADA-USD,6h
2024-10-15 12:00:00,0.3479,0.3712,0.3551,0.3594,10467519.87772507,ADA-USD,6h
2024-10-15 18:00:00,0.3507,0.3614,0.3595,0.359,4677373.18304795,ADA-USD,6h
2024-10-16 00:00:00,0.3528,0.3606,0.3591,0.3564,3473916.97879836,ADA-USD,6h
2024-10-16 06:00:00,0.351,0.361,0.3561,0.3592,4036420.98004784,ADA-USD,6h
2024-10-16 12:00:00,0.3513,0.3606,0.3591,0.3548,6432447.74559973,ADA-USD,6h
2024-10-16 18:00:00,0.3517,0.3564,0.3548,0.352,4334061.59378571,ADA-USD,6h
2024-10-17 00:00:00,0.3496,0.362,0.352,0.3505,8469008.30732896,ADA-USD,6h
2024-10-17 06:00:00,0.3421,0.352,0.3504,0.3432,3370355.48609959,ADA-USD,6h
2024-10-17 12:00:00,0.3427,0.3495,0.3432,0.3432,5001855.98841668,ADA-USD,6h
2024-10-17 18:00:00,0.3393,0.3445,0.3432,0.3432,3612180.51847742,ADA-USD,6h
2024-10-18 00:00:00,0.3424,0.35,0.3432,0.3468,3160011.75225615,ADA-USD,6h
2024-10-18 06:00:00,0.346,0.3487,0.3467,0.3461,1494931.28225664,ADA-USD,6h
2024-10-18 12:00:00,0.3437,0.353,0.3462,0.3512,7766774.76183869,ADA-USD,6h
2024-10-18 18:00:00,0.3471,0.3528,0.3511,0.3506,3298682.92564038,ADA-USD,6h
2024-10-19 00:00:00,0.3501,0.357,0.3507,0.3547,2002081.31866076,ADA-USD,6h
2024-10-19 06:00:00,0.3496,0.3556,0.3545,0.3496,1246828.76049011,ADA-USD,6h
2024-10-19 12:00:00,0.3494,0.3537,0.3495,0.3505,2428232.31987665,ADA-USD,6h
2024-10-19 18:00:00,0.3491,0.3528,0.3507,0.3513,3043347.21516414,ADA-USD,6h
2024-10-20 00:00:00,0.3481,0.3522,0.3514,0.35,1596330.75088648,ADA-USD,6h
2024-10-20 06:00:00,0.3493,0.354,0.35,0.3531,1786588.79180713,ADA-USD,6h
2024-10-20 12:00:00,0.3518,0.3621,0.3532,0.3592,6009793.93854743,ADA-USD,6h
2024-10-20 18:00:00,0.359,0.3656,0.3592,0.3649,4909494.84076074,ADA-USD,6h
2024-10-21 00:00:00,0.3646,0.3724,0.365,0.369,7005910.71456672,ADA-USD,6h
2024-10-21 06:00:00,0.3611,0.371,0.3689,0.362,3463553.20265762,ADA-USD,6h
2024-10-21 12:00:00,0.353,0.3633,0.3617,0.3586,7657008.43497105,ADA-USD,6h
2024-10-21 18:00:00,0.3562,0.3667,0.3585,0.3607,5153651.82836117,ADA-USD,6h
2024-10-22 00:00:00,0.3566,0.3679,0.3607,0.3658,3730840.59660405,ADA-USD,6h
2024-10-22 06:00:00,0.3579,0.3675,0.3659,0.3616,4326342.75993962,ADA-USD,6h
2024-10-22 12:00:00,0.3549,0.3653,0.3616,0.3642,6552519.98816239,ADA-USD,6h
2024-10-22 18:00:00,0.3617,0.3666,0.3643,0.3641,4733742.74622323,ADA-USD,6h
2024-10-23 00:00:00,0.3601,0.3656,0.3642,0.3642,1983508.9767557,ADA-USD,6h
2024-10-23 06:00:00,0.3535,0.3688,0.3644,0.3538,6367022.41028036,ADA-USD,6h
2024-10-23 12:00:00,0.345,0.3562,0.3537,0.3459,10270558.82622199,ADA-USD,6h
2024-10-23 18:00:00,0.3421,0.3515,0.3458,0.3493,5054837.44434219,ADA-USD,6h
2024-10-24 00:00:00,0.3478,0.3547,0.3495,0.3518,1980041.4909969,ADA-USD,6h
2024-10-24 06:00:00,0.3395,0.3527,0.3518,0.3425,5870277.13356782,ADA-USD,6h
2024-10-24 12:00:00,0.3411,0.3461,0.3425,0.3449,8270451.00092201,ADA-USD,6h
2024-10-24 18:00:00,0.3445,0.3507,0.3448,0.3463,6589658.57015794,ADA-USD,6h
2024-10-25 00:00:00,0.3401,0.3469,0.3463,0.3426,4783367.74367441,ADA-USD,6h
2024-10-25 06:00:00,0.3368,0.345,0.3425,0.3428,2950153.20683513,ADA-USD,6h
2024-10-25 12:00:00,0.3369,0.3469,0.3428,0.3374,8429259.30509153,ADA-USD,6h
2024-10-25 18:00:00,0.3173,0.3449,0.3373,0.3261,11673096.1096954,ADA-USD,6h
2024-10-26 00:00:00,0.3205,0.3333,0.3261,0.3318,7978679.45995185,ADA-USD,6h
2024-10-26 06:00:00,0.329,0.3332,0.3321,0.3303,3832743.63418304,ADA-USD,6h
2024-10-26 12:00:00,0.3234,0.3312,0.3304,0.3303,2111031.41501498,ADA-USD,6h
2024-10-26 18:00:00,0.329,0.3346,0.3305,0.3334,2923527.40235663,ADA-USD,6h
2024-10-27 00:00:00,0.3304,0.334,0.3334,0.3329,1991194.52901295,ADA-USD,6h
2024-10-27 06:00:00,0.3312,0.334,0.333,0.3334,1256592.77643523,ADA-USD,6h
2024-10-27 12:00:00,0.3335,0.3418,0.3335,0.3405,2853872.18885263,ADA-USD,6h
2024-10-27 18:00:00,0.338,0.342,0.3404,0.3394,2502209.38596728,ADA-USD,6h
2024-10-28 00:00:00,0.33,0.341,0.3395,0.3339,2656431.18213092,ADA-USD,6h
2024-10-28 06:00:00,0.3313,0.3396,0.3336,0.3385,2116955.2327904,ADA-USD,6h
2024-10-28 12:00:00,0.3311,0.3405,0.3387,0.3346,5786090.87123564,ADA-USD,6h
2024-10-28 18:00:00,0.3343,0.3478,0.3346,0.3434,6443834.40083311,ADA-USD,6h
2024-10-29 00:00:00,0.3425,0.3507,0.3435,0.3449,6481479.55734396,ADA-USD,6h
2024-10-29 06:00:00,0.3445,0.3481,0.3449,0.3478,3089397.78247304,ADA-USD,6h
2024-10-29 12:00:00,0.3462,0.355,0.3477,0.3531,7431831.52870137,ADA-USD,6h
2024-10-29 18:00:00,0.3492,0.3569,0.3532,0.3562,7056767.38589589,ADA-USD,6h
2024-10-30 00:00:00,0.3547,0.3639,0.3561,0.359,6731942.64636344,ADA-USD,6h
2024-10-30 06:00:00,0.3516,0.3609,0.359,0.3518,4583824.13510742,ADA-USD,6h
2024-10-30 12:00:00,0.3505,0.3578,0.3519,0.356,5843565.310362,ADA-USD,6h
2024-10-30 18:00:00,0.354,0.3591,0.3559,0.355,3468405.19049783,ADA-USD,6h
2024-10-31 00:00:00,0.3543,0.3597,0.3552,0.3564,2538222.09553944,ADA-USD,6h
2024-10-31 06:00:00,0.3526,0.3611,0.3563,0.3588,1998536.14084608,ADA-USD,6h
2024-10-31 12:00:00,0.3423,0.3612,0.3588,0.3439,8253534.7107228,ADA-USD,6h
2024-10-31 18:00:00,0.3401,0.3436,0.3435,0.3413,5809994.0671942,ADA-USD,6h
2024-11-01 00:00:00,0.3337,0.3428,0.3412,0.3423,4955065.07348082,ADA-USD,6h
2024-11-01 06:00:00,0.3375,0.3492,0.3422,0.347,1956713.35882448,ADA-USD,6h
2024-11-01 12:00:00,0.3469,0.3616,0.3469,0.3558,10754016.79964965,ADA-USD,6h
2024-11-01 18:00:00,0.3513,0.3582,0.3558,0.3574,4131595.46899286,ADA-USD,6h
2024-11-02 00:00:00,0.3545,0.3637,0.3571,0.3571,5124635.34238159,ADA-USD,6h
2024-11-02 06:00:00,0.3541,0.3592,0.3572,0.3582,1135904.00225464,ADA-USD,6h
2024-11-02 12:00:00,0.3484,0.3587,0.3582,0.3529,2811939.65182885,ADA-USD,6h
2024-11-02 18:00:00,0.3451,0.3534,0.3529,0.3481,2217777.0999641,ADA-USD,6h
2024-11-03 00:00:00,0.3355,0.3483,0.3482,0.3401,3717898.85151134,ADA-USD,6h
2024-11-03 06:00:00,0.3355,0.3434,0.3402,0.3356,1147913.54110667,ADA-USD,6h
2024-11-03 12:00:00,0.33,0.3374,0.3355,0.3319,5740590.29018684,ADA-USD,6h
2024-11-03 18:00:00,0.3273,0.3364,0.3319,0.3338,4457813.50853048,ADA-USD,6h
2024-11-04 00:00:00,0.3289,0.3367,0.3341,0.3294,3295952.25462978,ADA-USD,6h
2024-11-04 06:00:00,0.3288,0.3339,0.3294,0.3325,2305953.28355322,ADA-USD,6h
2024-11-04 12:00:00,0.32,0.3347,0.3326,0.3256,7627308.29716947,ADA-USD,6h
2024-11-04 18:00:00,0.32,0.3294,0.3256,0.3262,3958204.16822468,ADA-USD,6h
2024-11-05 00:00:00,0.3259,0.3314,0.3263,0.3307,2951408.65776197,ADA-USD,6h
2024-11-05 06:00:00,0.3293,0.3331,0.3307,0.3313,1376901.59374677,ADA-USD,6h
2024-11-05 12:00:00,0.3304,0.3382,0.3313,0.3356,6057509.0294031,ADA-USD,6h
2024-11-05 18:00:00,0.3287,0.3374,0.3357,0.3335,5437159.20654445,ADA-USD,6h
2024-11-06 00:00:00,0.3335,0.3639,0.3337,0.36,16412765.30199732,ADA-USD,6h
2024-11-06 06:00:00,0.3527,0.366,0.3601,0.3583,9803892.09679201,ADA-USD,6h
2024-11-06 12:00:00,0.3513,0.3601,0.3584,0.3537,9816557.43438462,ADA-USD,6h
2024-11-06 18:00:00,0.3537,0.3657,0.3537,0.3633,7824494.84790469,ADA-USD,6h
2024-11-07 00:00:00,0.3616,0.3787,0.3635,0.3711,13416229.76004064,ADA-USD,6h
2024-11-07 06:00:00,0.366,0.3732,0.3711,0.3701,3779430.26286703,ADA-USD,6h
2024-11-07 12:00:00,0.37,0.3942,0.37,0.3905,17834807.53171498,ADA-USD,6h
2024-11-07 18:00:00,0.3887,0.4071,0.3905,0.4069,15940893.468276,ADA-USD,6h
2024-11-08 00:00:00,0.4041,0.4358,0.407,0.435,24190729.47580611,ADA-USD,6h
2024-11-08 06:00:00,0.422,0.4438,0.4355,0.4354,16313977.91424649,ADA-USD,6h
2024-11-08 12:00:00,0.4337,0.4592,0.4358,0.4475,31607218.37166766,ADA-USD,6h
2024-11-08 18:00:00,0.4359,0.4511,0.448,0.4451,14708222.28540322,ADA-USD,6h
2024-11-09 00:00:00,0.4276,0.4453,0.4451,0.4352,10081140.92507737,ADA-USD,6h
2024-11-09 06:00:00,0.4332,0.442,0.4351,0.4418,5256693.41141823,ADA-USD,6h
2024-11-09 12:00:00,0.4314,0.4449,0.4418,0.4406,7591426.08154237,ADA-USD,6h
2024-11-09 18:00:00,0.4371,0.4986,0.4408,0.4965,25145341.17341432,ADA-USD,6h
2024-11-10 00:00:00,0.4881,0.5976,0.4972,0.5799,71952942.73114,ADA-USD,6h
2024-11-10 06:00:00,0.5645,0.5994,0.5794,0.5875,31843560.49730119,ADA-USD,6h
2024-11-10 12:00:00,0.5858,0.6899,0.5881,0.6242,78215232.2843015,ADA-USD,6h
2024-11-10 18:00:00,0.5358,0.6386,0.6244,0.5902,67265954.84456632,ADA-USD,6h
2024-11-11 00:00:00,0.5643,0.6135,0.5909,0.5739,30001897.26261917,ADA-USD,6h
2024-11-11 06:00:00,0.5655,0.5991,0.5735,0.5974,16831869.55668014,ADA-USD,6h
2024-11-11 12:00:00,0.5815,0.6247,0.5973,0.5995,43410219.21169271,ADA-USD,6h
2024-11-11 18:00:00,0.5887,0.6234,0.5998,0.6139,42532257.58107224,ADA-USD,6h
2024-11-12 00:00:00,0.5782,0.6142,0.6142,0.5874,28668507.55692165,ADA-USD,6h
2024-11-12 06:00:00,0.5586,0.655,0.5872,0.5862,51363626.3689333,ADA-USD,6h
2024-11-12 12:00:00,0.5556,0.5926,0.5859,0.5704,33169405.66152299,ADA-USD,6h
2024-11-12 18:00:00,0.5686,0.5889,0.5708,0.5715,25576562.39632605,ADA-USD,6h
2024-11-13 00:00:00,0.5222,0.5749,0.5716,0.5288,29548529.25601585,ADA-USD,6h
2024-11-13 06:00:00,0.5197,0.5443,0.5292,0.5389,12933513.38111267,ADA-USD,6h
2024-11-13 12:00:00,0.53,0.6108,0.5386,0.5849,42311604.08559913,ADA-USD,6h
2024-11-13 18:00:00,0.5567,0.5963,0.5855,0.5791,28781711.89967472,ADA-USD,6h
2024-11-14 00:00:00,0.5641,0.5825,0.579,0.5779,14441342.24816789,ADA-USD,6h
2024-11-14 06:00:00,0.5572,0.5974,0.5775,0.5684,12486137.44394816,ADA-USD,6h
2024-11-14 12:00:00,0.5418,0.5738,0.5681,0.5575,21107352.33934746,ADA-USD,6h
2024-11-14 18:00:00,0.5543,0.6,0.5575,0.579,30037287.98487267,ADA-USD,6h
2024-11-15 00:00:00,0.575,0.6052,0.579,0.6036,20415662.80630221,ADA-USD,6h
2024-11-15 06:00:00,0.5837,0.6298,0.6039,0.6138,28620037.0357033,ADA-USD,6h
2024-11-15 12:00:00,0.6134,0.7,0.6138,0.6658,94416367.85833764,ADA-USD,6h
2024-11-15 18:00:00,0.6579,0.7076,0.6658,0.7073,47931231.98342557,ADA-USD,6h
2024-11-16 00:00:00,0.7026,0.7586,0.7073,0.7406,55495539.47291601,ADA-USD,6h
2024-11-16 06:00:00,0.7087,0.7842,0.7404,0.7535,38885288.85489684,ADA-USD,6h
2024-11-16 12:00:00,0.7334,0.8199,0.7526,0.7517,68762177.385848,ADA-USD,6h
2024-11-16 18:00:00,0.731,0.7747,0.7532,0.742,26395749.73973643,ADA-USD,6h
2024-11-17 00:00:00,0.6904,0.7738,0.742,0.7092,35068600.72136666,ADA-USD,6h
2024-11-17 06:00:00,0.7065,0.7298,0.7092,0.7074,14546466.57140066,ADA-USD,6h
2024-11-17 12:00:00,0.7059,0.7487,0.7078,0.7432,13844770.23068465,ADA-USD,6h
2024-11-17 18:00:00,0.6974,0.7444,0.7426,0.7028,15529799.85955146,ADA-USD,6h
2024-11-18 00:00:00,0.7005,0.7641,0.7028,0.757,24116991.90908611,ADA-USD,6h
2024-11-18 06:00:00,0.7302,0.7837,0.7569,0.7346,22492291.36137393,ADA-USD,6h
2024-11-18 12:00:00,0.7172,0.7694,0.7346,0.7516,28869623.41486532,ADA-USD,6h
2024-11-18 18:00:00,0.7228,0.7547,0.7511,0.7332,15303237.47254809,ADA-USD,6h
2024-11-19 00:00:00,0.7293,0.757,0.7329,0.7545,14592451.81208003,ADA-USD,6h
2024-11-19 06:00:00,0.7306,0.7655,0.7543,0.7385,9028657.40935507,ADA-USD,6h
2024-11-19 12:00:00,0.723,0.7566,0.7385,0.732,18578816.65499204,ADA-USD,6h
2024-11-19 18:00:00,0.7212,0.7624,0.732,0.7397,18870576.51436845,ADA-USD,6h
2024-11-20 00:00:00,0.7393,0.8048,0.7396,0.7881,33832259.73994144,ADA-USD,6h
2024-11-20 06:00:00,0.7812,0.849,0.7885,0.8268,36676307.47208006,ADA-USD,6h
2024-11-20 12:00:00,0.8018,0.845,0.8268,0.8018,43309027.72026877,ADA-USD,6h
2024-11-20 18:00:00,0.7847,0.8226,0.8027,0.8007,26177799.7046549,ADA-USD,6h
2024-11-21 00:00:00,0.7676,0.82,0.8009,0.7853,26817506.81441458,ADA-USD,6h
2024-11-21 06:00:00,0.7717,0.7944,0.7857,0.7863,15012095.13124331,ADA-USD,6h
2024-11-21 12:00:00,0.7705,0.81,0.7861,0.802,24561451.42074033,ADA-USD,6h
2024-11-21 18:00:00,0.784,0.825,0.802,0.823,28160105.74944041,ADA-USD,6h
2024-11-22 00:00:00,0.8134,0.9015,0.8229,0.8809,61834687.46520886,ADA-USD,6h
2024-11-22 06:00:00,0.8521,0.92,0.8806,0.9143,28980488.42171212,ADA-USD,6h
2024-11-22 12:00:00,0.879,0.9824,0.9145,0.9602,80958440.28431064,ADA-USD,6h
2024-11-22 18:00:00,0.9436,1.0478,0.9599,1.019,82211000.662004,ADA-USD,6h
2024-11-23 00:00:00,1.0174,1.155,1.0191,1.0895,96344302.8282019,ADA-USD,6h
2024-11-23 06:00:00,1.0674,1.11,1.0892,1.0863,26827762.40927389,ADA-USD,6h
2024-11-23 12:00:00,1.0236,1.1498,1.0863,1.0642,68188429.87003098,ADA-USD,6h
2024-11-23 18:00:00,1.0301,1.0932,1.0637,1.067,31820424.20547989,ADA-USD,6h
2024-11-24 00:00:00,1.0468,1.0996,1.0668,1.0591,29850306.92185414,ADA-USD,6h
2024-11-24 06:00:00,1.0,1.0791,1.0591,1.0049,20980314.00962264,ADA-USD,6h
2024-11-24 12:00:00,0.9386,1.0218,1.005,0.9671,60242763.73820729,ADA-USD,6h
2024-11-24 18:00:00,0.9653,1.04,0.9671,1.0241,36846253.03703915,ADA-USD,6h
2024-11-25 00:00:00,0.9738,1.0793,1.0243,1.0469,28798608.48197979,ADA-USD,6h
2024-11-25 06:00:00,1.025,1.0741,1.0469,1.0496,17187602.24217107,ADA-USD,6h
2024-11-25 12:00:00,0.971,1.0613,1.0495,0.9888,38896409.08591337,ADA-USD,6h
2024-11-25 18:00:00,0.9264,1.0172,0.9889,0.9435,39656986.67170347,ADA-USD,6h
2024-11-26 00:00:00,0.938,0.9907,0.943,0.9844,17966841.43279976,ADA-USD,6h
2024-11-26 06:00:00,0.8723,0.9861,0.9845,0.9057,34852817.08705437,ADA-USD,6h
2024-11-26 12:00:00,0.8867,0.9466,0.905,0.9256,33598056.85036924,ADA-USD,6h
2024-11-26 18:00:00,0.8925,0.9654,0.9257,0.9599,24974175.95752252,ADA-USD,6h
2024-11-27 00:00:00,0.9312,0.9736,0.9599,0.9576,14936154.98213359,ADA-USD,6h
2024-11-27 06:00:00,0.9557,1.0248,0.9576,1.0073,22859823.58412359,ADA-USD,6h
2024-11-27 12:00:00,0.9774,1.0427,1.0071,1.0244,33504509.37522947,ADA-USD,6h
2024-11-27 18:00:00,1.0012,1.0399,1.0245,1.0123,20908545.25896082,ADA-USD,6h
2024-11-28 00:00:00,0.9889,1.0316,1.0132,1.0082,15106778.23955407,ADA-USD,6h
2024-11-28 06:00:00,0.9818,1.0128,1.0087,0.9976,8368607.42404949,ADA-USD,6h
2024-11-28 12:00:00,0.9705,1.0103,0.9972,0.9981,12975021.78365652,ADA-USD,6h
2024-11-28 18:00:00,0.9955,1.0492,0.9985,1.0323,14487428.33192073,ADA-USD,6h
2024-11-29 00:00:00,1.0278,1.062,1.0321,1.0382,17841925.06452388,ADA-USD,6h
2024-11-29 06:00:00,1.0371,1.0875,1.0384,1.0651,20821721.24342595,ADA-USD,6h
2024-11-29 12:00:00,1.0445,1.1,1.0645,1.0477,28194079.72252923,ADA-USD,6h
2024-11-29 18:00:00,1.039,1.0861,1.0466,1.0761,22091569.57088843,ADA-USD,6h
2024-11-30 00:00:00,1.0505,1.0895,1.0755,1.0782,20052337.7059148,ADA-USD,6h
2024-11-30 06:00:00,1.0766,1.15,1.0787,1.0956,31782246.11264478,ADA-USD,6h
2024-11-30 12:00:00,1.0716,1.0965,1.0956,1.0892,14404907.64209485,ADA-USD,6h
2024-11-30 18:00:00,1.0736,1.0978,1.0889,1.0797,15244300.81615333,ADA-USD,6h
2024-12-01 00:00:00,1.0373,1.0857,1.0796,1.0442,18165309.0962178,ADA-USD,6h
2024-12-01 06:00:00,1.0442,1.0788,1.0446,1.0722,7657234.12377281,ADA-USD,6h
2024-12-01 12:00:00,1.0565,1.0767,1.0721,1.0722,12511302.06324023,ADA-USD,6h
2024-12-01 18:00:00,1.0657,1.1647,1.072,1.1503,60418455.46139649,ADA-USD,6h
2024-12-02 00:00:00,1.1167,1.1913,1.1505,1.1529,55887248.77655228,ADA-USD,6h
2024-12-02 06:00:00,1.0568,1.161,1.153,1.0731,28752870.96483193,ADA-USD,6h
2024-12-02 12:00:00,1.0675,1.2428,1.0725,1.1646,84655319.944029,ADA-USD,6h
2024-12-02 18:00:00,1.1638,1.2339,1.1648,1.2024,34989016.46826465,ADA-USD,6h
2024-12-03 00:00:00,1.1841,1.3278,1.2028,1.2969,73038505.62607569,ADA-USD,6h
2024-12-03 06:00:00,1.231,1.314,1.2969,1.2858,34904667.51184482,ADA-USD,6h
2024-12-03 12:00:00,1.1402,1.3199,1.2858,1.202,63040289.46245033,ADA-USD,6h
2024-12-03 18:00:00,1.1686,1.2365,1.2018,1.192,33280875.89816486,ADA-USD,6h
2024-12-04 00:00:00,1.1809,1.2414,1.193,1.2395,22326005.22734036,ADA-USD,6h
2024-12-04 06:00:00,1.2173,1.242,1.2393,1.2243,13172202.49249292,ADA-USD,6h
2024-12-04 12:00:00,1.1407,1.2287,1.2242,1.1683,42612314.8352312,ADA-USD,6h
2024-12-04 18:00:00,1.1649,1.212,1.1681,1.1887,30556607.02301368,ADA-USD,6h
2024-12-05 00:00:00,1.1163,1.24,1.1886,1.1959,56986442.57744831,ADA-USD,6h
2024-12-05 06:00:00,1.1813,1.2384,1.1957,1.2249,19171887.68321911,ADA-USD,6h
2024-12-05 12:00:00,1.1857,1.2461,1.2248,1.2288,32163933.01631971,ADA-USD,6h
2024-12-05 18:00:00,1.1435,1.2387,1.2293,1.1612,33547549.34746912,ADA-USD,6h
2024-12-06 00:00:00,1.153,1.1994,1.1614,1.1896,18642519.15008305,ADA-USD,6h
2024-12-06 06:00:00,1.1502,1.2012,1.1892,1.1628,12286845.05453646,ADA-USD,6h
2024-12-06 12:00:00,1.1358,1.2256,1.1629,1.2122,37277577.69225125,ADA-USD,6h
2024-12-06 18:00:00,1.2109,1.2388,1.2121,1.2292,23742354.43671758,ADA-USD,6h
2024-12-07 00:00:00,1.2001,1.2383,1.2298,1.2069,14487588.52586435,ADA-USD,6h
2024-12-07 06:00:00,1.19,1.2184,1.2064,1.2075,10697817.65042431,ADA-USD,6h
2024-12-07 12:00:00,1.1951,1.2292,1.2075,1.1982,14175082.15616801,ADA-USD,6h
2024-12-07 18:00:00,1.198,1.2198,1.1985,1.2111,13513258.07316308,ADA-USD,6h
2024-12-08 00:00:00,1.183,1.2249,1.211,1.1869,18646110.99251398,ADA-USD,6h
2024-12-08 06:00:00,1.1733,1.2206,1.1868,1.208,13459798.81258159,ADA-USD,6h
2024-12-08 12:00:00,1.1769,1.2174,1.208,1.1931,21564981.56009479,ADA-USD,6h
2024-12-08 18:00:00,1.175,1.2,1.1931,1.1946,13699971.29554074,ADA-USD,6h
2024-12-09 00:00:00,1.1509,1.1946,1.1944,1.1777,15865442.08953408,ADA-USD,6h
2024-12-09 06:00:00,1.0983,1.178,1.1778,1.1027,31481657.11885562,ADA-USD,6h
2024-12-09 12:00:00,1.093,1.1512,1.1027,1.1142,23457213.88245666,ADA-USD,6h
2024-12-09 18:00:00,0.9,1.1266,1.1144,1.004,109157061.92972836,ADA-USD,6h
2024-12-10 00:00:00,0.9438,1.0438,1.0045,1.008,61349383.54225445,ADA-USD,6h
2024-12-10 06:00:00,0.9973,1.0385,1.0078,1.0195,34590659.6069626,ADA-USD,6h
2024-12-10 12:00:00,0.915,1.0232,1.0192,0.9154,67910132.28136835,ADA-USD,6h
2024-12-10 18:00:00,0.91,1.0294,0.9154,1.0223,44715411.03916289,ADA-USD,6h
2024-12-11 00:00:00,0.9721,1.0253,1.0222,1.0126,24976708.05358208,ADA-USD,6h
2024-12-11 06:00:00,0.9943,1.034,1.0128,1.0245,13297708.42513712,ADA-USD,6h
2024-12-11 12:00:00,1.0243,1.116,1.0246,1.0734,53820965.57063982,ADA-USD,6h
2024-12-11 18:00:00,1.0706,1.0987,1.0738,1.0873,17591110.71485341,ADA-USD,6h
2024-12-12 00:00:00,1.0728,1.1794,1.0874,1.1718,34335313.73811515,ADA-USD,6h
2024-12-12 06:00:00,1.131,1.1829,1.1723,1.1405,20769226.66222453,ADA-USD,6h
2024-12-12 12:00:00,1.1204,1.1607,1.1406,1.147,27161447.25773909,ADA-USD,6h
2024-12-12 18:00:00,1.1045,1.1552,1.1468,1.123,24545659.18368928,ADA-USD,6h
2024-12-13 00:00:00,1.0923,1.131,1.1232,1.0998,14789580.67991399,ADA-USD,6h
2024-12-13 06:00:00,1.0771,1.1079,1.0999,1.0946,12943202.1878798,ADA-USD,6h
2024-12-13 12:00:00,1.0811,1.1302,1.0946,1.1037,22603918.1455822,ADA-USD,6h
2024-12-13 18:00:00,1.093,1.1222,1.1039,1.1212,10294247.40416134,ADA-USD,6h
2024-12-14 00:00:00,1.1051,1.1295,1.1213,1.1249,10799585.55799199,ADA-USD,6h
2024-12-14 06:00:00,1.0953,1.1332,1.1248,1.0979,7880968.13987374,ADA-USD,6h
2024-12-14 12:00:00,1.055,1.1001,1.098,1.0586,16446176.36298139,ADA-USD,6h
2024-12-14 18:00:00,1.0429,1.0645,1.0579,1.0609,13749496.74258206,ADA-USD,6h
2024-12-15 00:00:00,1.0503,1.0778,1.0607,1.0721,7651494.21983867,ADA-USD,6h
2024-12-15 06:00:00,1.0388,1.0964,1.0721,1.0781,8758875.13149528,ADA-USD,6h
2024-12-15 12:00:00,1.0752,1.0943,1.078,1.088,8082806.12468107,ADA-USD,6h
2024-12-15 18:00:00,1.0516,1.112,1.0882,1.0989,16169007.02970916,ADA-USD,6h
2024-12-16 00:00:00,1.068,1.1157,1.099,1.0843,15044286.85013409,ADA-USD,6h
2024-12-16 06:00:00,1.0496,1.0979,1.0845,1.054,9839730.33486219,ADA-USD,6h
2024-12-16 12:00:00,1.047,1.1209,1.054,1.1103,26155776.34672331,ADA-USD,6h
2024-12-16 18:00:00,1.0759,1.1197,1.1104,1.0781,12920326.75306912,ADA-USD,6h
2024-12-17 00:00:00,1.0605,1.0795,1.0779,1.0645,9515601.86406778,ADA-USD,6h
2024-12-17 06:00:00,1.0554,1.1113,1.0643,1.098,13180966.77637322,ADA-USD,6h
2024-12-17 12:00:00,1.0627,1.1116,1.0982,1.0926,15584642.03326378,ADA-USD,6h
2024-12-17 18:00:00,1.0422,1.0976,1.0925,1.0523,15033393.26766401,ADA-USD,6h
2024-12-18 00:00:00,1.0155,1.061,1.0524,1.0239,13617733.40922351,ADA-USD,6h
2024-12-18 06:00:00,1.0138,1.0506,1.024,1.0502,7696163.19407879,ADA-USD,6h
2024-12-18 12:00:00,1.0086,1.0505,1.0499,1.036,11796413.5405074,ADA-USD,6h
2024-12-18 18:00:00,0.9635,1.0588,1.0358,0.9678,40073993.70581722,ADA-USD,6h
2024-12-19 00:00:00,0.9162,0.9858,0.9677,0.9837,31283559.53109309,ADA-USD,6h
2024-12-19 06:00:00,0.9632,0.9886,0.9838,0.985,8304988.30053355,ADA-USD,6h
2024-12-19 12:00:00,0.8837,0.9864,0.9851,0.904,37881068.37099122,ADA-USD,6h
2024-12-19 18:00:00,0.846,0.9051,0.9031,0.8799,52118912.22075884,ADA-USD,6h
2024-12-20 00:00:00,0.867,0.918,0.8801,0.8838,21459670.80654831,ADA-USD,6h
2024-12-20 06:00:00,0.7612,0.9047,0.8838,0.7612,64007572.76823078,ADA-USD,6h
2024-12-20 12:00:00,0.7606,0.8956,0.7611,0.8863,45242386.88669655,ADA-USD,6h
2024-12-20 18:00:00,0.8801,0.9594,0.8859,0.9498,36958481.45927089,ADA-USD,6h
2024-12-21 00:00:00,0.9354,0.9738,0.9495,0.9736,14933543.56086251,ADA-USD,6h
2024-12-21 06:00:00,0.9511,0.9976,0.9736,0.9595,18217972.11870154,ADA-USD,6h
2024-12-21 12:00:00,0.8913,0.9591,0.9591,0.9141,23562636.3988992,ADA-USD,6h
2024-12-21 18:00:00,0.8859,0.9335,0.9142,0.9047,19415832.10054047,ADA-USD,6h
2024-12-22 00:00:00,0.8691,0.9103,0.9047,0.8865,15027439.45998186,ADA-USD,6h
2024-12-22 06:00:00,0.8842,0.9243,0.8865,0.9119,7589724.54933003,ADA-USD,6h
2024-12-22 12:00:00,0.8751,0.9179,0.912,0.8909,10195116.2762898,ADA-USD,6h
2024-12-22 18:00:00,0.858,0.9021,0.8908,0.8824,15914208.24757212,ADA-USD,6h
2024-12-23 00:00:00,0.8612,0.915,0.8824,0.8975,16716164.51547765,ADA-USD,6h
2024-12-23 06:00:00,0.8722,0.9104,0.8974,0.8939,10568905.59259098,ADA-USD,6h
2024-12-23 12:00:00,0.8627,0.9021,0.8942,0.8797,20372607.5044716,ADA-USD,6h
2024-12-23 18:00:00,0.8717,0.9412,0.8799,0.9252,24298665.58755292,ADA-USD,6h
2024-12-24 00:00:00,0.8919,0.9297,0.9251,0.9119,9449210.52270409,ADA-USD,6h
2024-12-24 06:00:00,0.8905,0.9123,0.9117,0.9027,5670633.35914561,ADA-USD,6h
2024-12-24 12:00:00,0.8934,0.9497,0.9028,0.9415,16710128.40420826,ADA-USD,6h
2024-12-24 18:00:00,0.9136,0.9486,0.9415,0.9352,13469163.62861369,ADA-USD,6h
2024-12-25 00:00:00,0.9198,0.9394,0.9351,0.926,8379603.26572627,ADA-USD,6h
2024-12-25 06:00:00,0.9092,0.9393,0.9262,0.9109,6197582.42626903,ADA-USD,6h
2024-12-25 12:00:00,0.8991,0.9222,0.911,0.9124,9004689.51945362,ADA-USD,6h
2024-12-25 18:00:00,0.9038,0.9203,0.9124,0.9169,5128638.52454074,ADA-USD,6h
2024-12-26 00:00:00,0.8901,0.9274,0.9169,0.8964,7494263.14966899,ADA-USD,6h
2024-12-26 06:00:00,0.86,0.897,0.8965,0.871,7387245.97253709,ADA-USD,6h
2024-12-26 12:00:00,0.8514,0.8759,0.8706,0.8586,8935562.16494257,ADA-USD,6h
2024-12-26 18:00:00,0.85,0.866,0.8586,0.8601,8878989.92722428,ADA-USD,6h
2024-12-27 00:00:00,0.8541,0.8756,0.8601,0.8692,7679614.22760215,ADA-USD,6h
2024-12-27 06:00:00,0.856,0.9135,0.8693,0.9044,8675479.97284398,ADA-USD,6h
2024-12-27 12:00:00,0.8634,0.9071,0.9046,0.8926,13594553.26567993,ADA-USD,6h
2024-12-27 18:00:00,0.8687,0.897,0.892,0.8758,8332924.08384389,ADA-USD,6h
2024-12-28 00:00:00,0.865,0.8818,0.8758,0.8781,5279572.93612681,ADA-USD,6h
2024-12-28 06:00:00,0.8652,0.8799,0.878,0.8726,2080996.75897563,ADA-USD,6h
2024-12-28 12:00:00,0.8654,0.8922,0.8725,0.8886,7019481.47079528,ADA-USD,6h
2024-12-28 18:00:00,0.8795,0.8982,0.8882,0.8881,4224906.89217667,ADA-USD,6h
2024-12-29 00:00:00,0.8801,0.892,0.888,0.884,2995768.59427639,ADA-USD,6h
2024-12-29 06:00:00,0.8813,0.8981,0.8843,0.8946,3357508.50110787,ADA-USD,6h
2024-12-29 12:00:00,0.866,0.9106,0.8945,0.8693,10301174.31991536,ADA-USD,6h
2024-12-29 18:00:00,0.85,0.8737,0.8692,0.8572,13012286.1460606,ADA-USD,6h
2024-12-30 00:00:00,0.8535,0.903,0.8573,0.8664,12112466.69139935,ADA-USD,6h
2024-12-30 06:00:00,0.861,0.8785,0.8664,0.8698,3740543.93431487,ADA-USD,6h
2024-12-30 12:00:00,0.8279,0.8781,0.8696,0.8623,18797929.99870603,ADA-USD,6h
2024-12-30 18:00:00,0.8465,0.8803,0.8623,0.8598,25798580.16253681,ADA-USD,6h
2024-12-31 00:00:00,0.8408,0.8619,0.86,0.8429,8878006.99978423,ADA-USD,6h
2024-12-31 06:00:00,0.8386,0.8711,0.8431,0.857,7349086.29164877,ADA-USD,6h
2024-12-31 12:00:00,0.8402,0.8777,0.8572,0.8497,10593766.20144829,ADA-USD,6h
2024-12-31 18:00:00,0.8406,0.8542,0.8501,0.8434,9436768.69009658,ADA-USD,6h
2025-01-01 00:00:00,0.8416,0.859,0.8433,0.854,7258018.58789813,ADA-USD,6h
2025-01-01 06:00:00,0.8366,0.8576,0.8542,0.8516,5095910.24830635,ADA-USD,6h
2025-01-01 12:00:00,0.8515,0.8913,0.8515,0.8869,14635865.69315468,ADA-USD,6h
2025-01-01 18:00:00,0.882,0.9332,0.8872,0.9206,22559716.47448333,ADA-USD,6h
2025-01-02 00:00:00,0.9204,0.9549,0.9204,0.9309,12158157.95737779,ADA-USD,6h
2025-01-02 06:00:00,0.9229,0.9718,0.9309,0.9699,8305632.10571305,ADA-USD,6h
2025-01-02 12:00:00,0.9445,0.9813,0.9701,0.9517,15050961.325681,ADA-USD,6h
2025-01-02 18:00:00,0.95,0.9669,0.9519,0.9601,7191068.93512283,ADA-USD,6h
2025-01-03 00:00:00,0.9562,1.0299,0.9606,1.0205,18601063.016338,ADA-USD,6h
2025-01-03 06:00:00,1.0205,1.0867,1.0205,1.073,23248349.57059168,ADA-USD,6h
2025-01-03 12:00:00,1.059,1.1131,1.0731,1.0823,32973534.64823063,ADA-USD,6h
2025-01-03 18:00:00,1.0781,1.1187,1.0824,1.0889,23537749.91739042,ADA-USD,6h
2025-01-04 00:00:00,1.0753,1.1139,1.0888,1.0843,13323445.95473996,ADA-USD,6h
2025-01-04 06:00:00,1.0557,1.0903,1.0845,1.0609,10435063.57129929,ADA-USD,6h
2025-01-04 12:00:00,1.0585,1.0929,1.0609,1.073,11236793.62570106,ADA-USD,6h
2025-01-04 18:00:00,1.0663,1.0825,1.0729,1.0703,7188455.64229332,ADA-USD,6h
2025-01-05 00:00:00,1.0521,1.0799,1.0703,1.0753,9904630.65866664,ADA-USD,6h
2025-01-05 06:00:00,1.0692,1.1124,1.0749,1.0732,15081111.09875045,ADA-USD,6h
2025-01-05 12:00:00,1.0677,1.1024,1.0728,1.0874,14279617.1930209,ADA-USD,6h
2025-01-05 18:00:00,1.0794,1.1043,1.0875,1.0909,11555647.05066331,ADA-USD,6h
2025-01-06 00:00:00,1.0751,1.1076,1.0908,1.0869,15047831.94362365,ADA-USD,6h
2025-01-06 06:00:00,1.0714,1.0882,1.0873,1.0848,8182294.25823068,ADA-USD,6h
2025-01-06 12:00:00,1.0623,1.116,1.0845,1.0936,20840912.48982329,ADA-USD,6h
2025-01-06 18:00:00,1.0892,1.1131,1.0939,1.094,15391815.91131425,ADA-USD,6h
2025-01-07 00:00:00,1.0788,1.1015,1.094,1.0878,14747320.06700849,ADA-USD,6h
2025-01-07 06:00:00,1.0848,1.1515,1.0875,1.134,18919314.23491828,ADA-USD,6h
2025-01-07 12:00:00,1.0227,1.1414,1.1341,1.0289,37859060.97731789,ADA-USD,6h
2025-01-07 18:00:00,0.9873,1.0397,1.0282,0.9891,24773163.66999015,ADA-USD,6h
2025-01-08 00:00:00,0.9822,1.0243,0.9891,0.9881,16418200.95956378,ADA-USD,6h
2025-01-08 06:00:00,0.9617,1.0083,0.9883,0.9831,11748414.48083515,ADA-USD,6h
2025-01-08 12:00:00,0.9114,0.9993,0.9832,0.9437,24267890.0772399,ADA-USD,6h
2025-01-08 18:00:00,0.9094,0.9634,0.9435,0.9467,32068498.44154011,ADA-USD,6h
2025-01-09 00:00:00,0.9272,0.9628,0.9466,0.9336,14969057.58304928,ADA-USD,6h
2025-01-09 06:00:00,0.8967,0.9364,0.9337,0.9112,20728901.77197474,ADA-USD,6h
2025-01-09 12:00:00,0.8791,0.9367,0.9112,0.9119,26714969.21434821,ADA-USD,6h
2025-01-09 18:00:00,0.8833,0.924,0.912,0.9042,15296676.98001806,ADA-USD,6h
2025-01-10 00:00:00,0.904,0.9317,0.9042,0.9259,9242273.20274868,ADA-USD,6h
2025-01-10 06:00:00,0.9239,0.974,0.926,0.9548,13544990.90089807,ADA-USD,6h
2025-01-10 12:00:00,0.9045,0.9595,0.9548,0.9558,20292692.57251166,ADA-USD,6h
2025-01-10 18:00:00,0.9252,0.9554,0.9554,0.9303,7884565.595735,ADA-USD,6h
2025-01-11 00:00:00,0.9157,0.9321,0.9302,0.924,5381799.61314311,ADA-USD,6h
2025-01-11 06:00:00,0.9134,0.9499,0.9243,0.9437,6168374.60199666,ADA-USD,6h
2025-01-11 12:00:00,0.9291,0.954,0.9441,0.9458,7352565.09910099,ADA-USD,6h
2025-01-11 18:00:00,0.9427,1.0167,0.9454,0.9949,18837041.52367112,ADA-USD,6h
2025-01-12 00:00:00,0.9852,1.0362,0.9949,1.009,22319387.22970401,ADA-USD,6h
2025-01-12 06:00:00,0.9752,1.0121,1.009,0.988,8747990.66089076,ADA-USD,6h
2025-01-12 12:00:00,0.9826,1.004,0.9881,0.9896,8669320.57007603,ADA-USD,6h
2025-01-12 18:00:00,0.961,0.998,0.9894,0.9672,7073205.30533809,ADA-USD,6h
2025-01-13 00:00:00,0.9417,0.9934,0.9671,0.9438,13445978.8801952,ADA-USD,6h
2025-01-13 06:00:00,0.8923,0.9491,0.9439,0.8926,15209612.26393467,ADA-USD,6h
2025-01-13 12:00:00,0.8775,0.9417,0.8927,0.9128,25584156.1251585,ADA-USD,6h
2025-01-13 18:00:00,0.9001,0.9549,0.9127,0.9438,14709960.38496181,ADA-USD,6h
2025-01-14 00:00:00,0.9375,0.9637,0.9439,0.947,8720708.04190205,ADA-USD,6h
2025-01-14 06:00:00,0.9437,0.99,0.9472,0.965,17023432.72267654,ADA-USD,6h
2025-01-14 12:00:00,0.9548,0.9966,0.9649,0.991,21983660.57507277,ADA-USD,6h
2025-01-14 18:00:00,0.9859,1.01,0.991,0.9969,14390413.30200197,ADA-USD,6h
2025-01-15 00:00:00,0.9817,1.0344,0.9968,1.0209,20538739.19041993,ADA-USD,6h
2025-01-15 06:00:00,0.9925,1.0576,1.0208,1.002,16551903.72063092,ADA-USD,6h
2025-01-15 12:00:00,0.9913,1.0823,1.002,1.0516,32111144.44166277,ADA-USD,6h
2025-01-15 18:00:00,1.0499,1.0893,1.0518,1.0757,20742028.08411123,ADA-USD,6h
2025-01-16 00:00:00,1.0338,1.0785,1.0755,1.0514,17803907.72580423,ADA-USD,6h
2025-01-16 06:00:00,1.0269,1.0668,1.0516,1.0666,10417685.53535483,ADA-USD,6h
2025-01-16 12:00:00,1.0545,1.1448,1.0663,1.1279,49724281.17949633,ADA-USD,6h
2025-01-16 18:00:00,1.0793,1.1394,1.128,1.0891,21806762.88573342,ADA-USD,6h
2025-01-17 00:00:00,1.0854,1.1343,1.0895,1.1301,15807969.5169748,ADA-USD,6h
2025-01-17 06:00:00,1.107,1.1367,1.1301,1.1247,13367378.56827665,ADA-USD,6h
2025-01-17 12:00:00,1.0946,1.15,1.1246,1.1139,25640769.43156776,ADA-USD,6h
2025-01-17 18:00:00,1.1116,1.1667,1.1139,1.1337,26521347.74451661,ADA-USD,6h
2025-01-18 00:00:00,1.0568,1.1469,1.1337,1.0596,19826565.92150131,ADA-USD,6h
2025-01-18 06:00:00,1.0499,1.0818,1.0593,1.0705,16240939.06269854,ADA-USD,6h
2025-01-18 12:00:00,1.0503,1.0951,1.0704,1.0545,13931940.64633312,ADA-USD,6h
2025-01-18 18:00:00,1.05,1.1049,1.0544,1.1033,16477001.3378789,ADA-USD,6h
2025-01-19 00:00:00,1.0657,1.1509,1.1032,1.0784,29447265.97007267,ADA-USD,6h
2025-01-19 06:00:00,1.0044,1.0857,1.0783,1.0183,26863653.71310084,ADA-USD,6h
2025-01-19 12:00:00,1.0174,1.0896,1.0183,1.0852,18856008.9451581,ADA-USD,6h
2025-01-19 18:00:00,0.9623,1.0883,1.0852,0.9918,47678616.03928097,ADA-USD,6h
2025-01-20 00:00:00,0.96,1.0194,0.9918,1.0084,28974201.91178223,ADA-USD,6h
2025-01-20 06:00:00,1.008,1.0999,1.0082,1.0807,28716746.75409734,ADA-USD,6h
2025-01-20 12:00:00,0.9768,1.0855,1.081,1.0066,42519657.03168864,ADA-USD,6h
2025-01-20 18:00:00,0.9951,1.0435,1.0066,1.0082,18609842.63752766,ADA-USD,6h
2025-01-21 00:00:00,0.9704,1.0128,1.0085,0.9733,16993845.55043383,ADA-USD,6h
2025-01-21 06:00:00,0.9501,1.0016,0.9736,0.9991,22988759.84742984,ADA-USD,6h
2025-01-21 12:00:00,0.9768,1.0201,0.9995,1.018,17818374.867377,ADA-USD,6h
2025-01-21 18:00:00,0.997,1.0288,1.0177,1.0061,14124002.13885904,ADA-USD,6h
2025-01-22 00:00:00,0.9943,1.0199,1.0061,0.9975,9670659.39031741,ADA-USD,6h
2025-01-22 06:00:00,0.9783,1.0154,0.9977,1.0144,9934363.93821532,ADA-USD,6h
2025-01-22 12:00:00,0.9835,1.0197,1.0145,1.0007,15283956.72458516,ADA-USD,6h
2025-01-22 18:00:00,0.9748,1.0051,1.0006,0.9821,14467731.8833172,ADA-USD,6h
2025-01-23 00:00:00,0.9594,0.988,0.9822,0.9694,13862345.15464817,ADA-USD,6h
2025-01-23 06:00:00,0.9506,0.9748,0.9694,0.9661,10193977.02705206,ADA-USD,6h
2025-01-23 12:00:00,0.953,1.012,0.966,0.991,20314692.42014349,ADA-USD,6h
2025-01-23 18:00:00,0.9626,1.004,0.9912,0.9864,17744591.05137856,ADA-USD,6h
2025-01-24 00:00:00,0.9636,1.0074,0.9867,1.0073,16756597.64121227,ADA-USD,6h
2025-01-24 06:00:00,0.9921,1.0096,1.0074,0.9996,8022154.11521381,ADA-USD,6h
2025-01-24 12:00:00,0.9841,1.0071,0.9999,0.9949,10727774.71967503,ADA-USD,6h
2025-01-24 18:00:00,0.9667,0.9997,0.9946,0.9714,10356259.63513149,ADA-USD,6h
2025-01-25 00:00:00,0.9642,0.9896,0.971,0.9785,6732490.68054113,ADA-USD,6h
2025-01-25 06:00:00,0.9684,0.9814,0.9785,0.9797,4547384.689423,ADA-USD,6h
2025-01-25 12:00:00,0.9721,0.9916,0.9798,0.983,6805201.12190436,ADA-USD,6h
2025-01-25 18:00:00,0.9747,0.9885,0.983,0.9764,5516111.20202953,ADA-USD,6h
2025-01-26 00:00:00,0.9737,0.9896,0.9764,0.9871,6948540.89607939,ADA-USD,6h
2025-01-26 06:00:00,0.9788,0.9943,0.9871,0.9864,3803581.09965946,ADA-USD,6h
2025-01-26 12:00:00,0.9842,0.9966,0.9863,0.9941,6423214.55352404,ADA-USD,6h
2025-01-26 18:00:00,0.9514,1.0001,0.994,0.9528,12668534.35490329,ADA-USD,6h
2025-01-27 00:00:00,0.8978,0.9591,0.9527,0.9079,28987971.71054237,ADA-USD,6h
2025-01-27 06:00:00,0.8565,0.9135,0.9078,0.8802,29048249.86577178,ADA-USD,6h
2025-01-27 12:00:00,0.8799,0.9286,0.8806,0.9026,25352322.46942118,ADA-USD,6h
2025-01-27 18:00:00,0.8937,0.9463,0.9024,0.9343,11872208.95898535,ADA-USD,6h
2025-01-28 00:00:00,0.9242,0.9644,0.9344,0.9586,10817831.38126951,ADA-USD,6h
2025-01-28 06:00:00,0.9443,0.9682,0.9585,0.9608,7864230.85996061,ADA-USD,6h
2025-01-28 12:00:00,0.9383,0.9681,0.9609,0.9439,15246550.67085533,ADA-USD,6h
2025-01-28 18:00:00,0.9026,0.9481,0.9438,0.9164,10597237.7931974,ADA-USD,6h
2025-01-29 00:00:00,0.9148,0.95,0.916,0.9435,7699091.72788218,ADA-USD,6h
2025-01-29 06:00:00,0.9252,0.9481,0.9436,0.9326,5346473.35434163,ADA-USD,6h
2025-01-29 12:00:00,0.9115,0.9345,0.9328,0.924,8570792.53351822,ADA-USD,6h
2025-01-29 18:00:00,0.9018,0.9874,0.9239,0.94,29139492.35861654,ADA-USD,6h
2025-01-30 00:00:00,0.9364,0.971,0.9398,0.9599,10076074.48487534,ADA-USD,6h
2025-01-30 06:00:00,0.9561,0.9674,0.9599,0.9635,2972006.76998663,ADA-USD,6h
2025-01-30 12:00:00,0.9506,0.9884,0.9637,0.9689,11913399.06542746,ADA-USD,6h
2025-01-30 18:00:00,0.959,0.9747,0.9691,0.9595,6878308.27135641,ADA-USD,6h
2025-01-31 00:00:00,0.936,0.9621,0.96,0.9465,8107654.23059202,ADA-USD,6h
2025-01-31 06:00:00,0.9439,0.976,0.9462,0.9742,5237283.93004957,ADA-USD,6h
2025-01-31 12:00:00,0.9613,0.9836,0.9741,0.9639,10507981.50801047,ADA-USD,6h
2025-01-31 18:00:00,0.9342,0.9687,0.964,0.9423,13933874.19614262,ADA-USD,6h
2025-02-01 00:00:00,0.9388,0.9572,0.9422,0.9522,6077358.3388224,ADA-USD,6h
2025-02-01 06:00:00,0.9185,0.952,0.952,0.9327,5138072.21072661,ADA-USD,6h
2025-02-01 12:00:00,0.918,0.9364,0.9326,0.9305,4988421.09175165,ADA-USD,6h
2025-02-01 18:00:00,0.887,0.9309,0.9302,0.8946,16024639.27172671,ADA-USD,6h
2025-02-02 00:00:00,0.8655,0.9113,0.8946,0.8896,14388187.54300094,ADA-USD,6h
2025-02-02 06:00:00,0.8637,0.8971,0.8894,0.8689,9458402.07919609,ADA-USD,6h
2025-02-02 12:00:00,0.7931,0.8825,0.8688,0.8021,35422374.14974395,ADA-USD,6h
2025-02-02 18:00:00,0.7523,0.8273,0.8022,0.8047,63463521.60685997,ADA-USD,6h
2025-02-03 00:00:00,0.5569,0.8053,0.8048,0.6836,128265383.46001188,ADA-USD,6h
2025-02-03 06:00:00,0.6688,0.7222,0.6833,0.7131,61300997.71802141,ADA-USD,6h
2025-02-03 12:00:00,0.6731,0.7834,0.713,0.7793,79814784.14243327,ADA-USD,6h
2025-02-03 18:00:00,0.7675,0.8278,0.779,0.8129,54013908.38860943,ADA-USD,6h
2025-02-04 00:00:00,0.7405,0.8209,0.8127,0.7462,33242496.39958553,ADA-USD,6h
2025-02-04 06:00:00,0.7156,0.7601,0.7462,0.7477,21007237.57194756,ADA-USD,6h
2025-02-04 12:00:00,0.7472,0.78,0.748,0.7568,27962985.23326177,ADA-USD,6h
2025-02-04 18:00:00,0.7217,0.7911,0.7566,0.7439,37240678.04703732,ADA-USD,6h
2025-02-05 00:00:00,0.7382,0.7595,0.7442,0.7563,16163702.33307236,ADA-USD,6h
2025-02-05 06:00:00,0.7418,0.77,0.7562,0.7686,12288912.15411672,ADA-USD,6h
2025-02-05 12:00:00,0.7326,0.7765,0.769,0.7363,24834481.23438286,ADA-USD,6h
2025-02-05 18:00:00,0.7251,0.7534,0.7365,0.7324,15172820.78211354,ADA-USD,6h
2025-02-06 00:00:00,0.7312,0.7578,0.7322,0.7539,9261228.27510004,ADA-USD,6h
2025-02-06 06:00:00,0.7486,0.7659,0.7538,0.7561,6886330.5511763,ADA-USD,6h
2025-02-06 12:00:00,0.7025,0.7572,0.7562,0.7127,20872738.18090226,ADA-USD,6h
2025-02-06 18:00:00,0.6985,0.7217,0.7129,0.7052,19667784.51852714,ADA-USD,6h
2025-02-07 00:00:00,0.7042,0.7335,0.7054,0.7179,10946519.91698936,ADA-USD,6h
2025-02-07 06:00:00,0.7032,0.7379,0.7179,0.7333,10787023.04275527,ADA-USD,6h
2025-02-07 12:00:00,0.7159,0.7534,0.7331,0.7193,19676523.00460638,ADA-USD,6h
2025-02-07 18:00:00,0.6904,0.7314,0.7193,0.7076,17521386.38265736,ADA-USD,6h
2025-02-08 00:00:00,0.6898,0.7172,0.7076,0.6934,9217851.54213439,ADA-USD,6h
2025-02-08 06:00:00,0.6848,0.7034,0.6935,0.6912,7789743.70544758,ADA-USD,6h
2025-02-08 12:00:00,0.6816,0.7015,0.691,0.6992,9864433.62369332,ADA-USD,6h
2025-02-08 18:00:00,0.6942,0.7063,0.6992,0.7007,5690861.69107078,ADA-USD,6h
2025-02-09 00:00:00,0.6962,0.716,0.7007,0.7049,7862851.01111977,ADA-USD,6h
2025-02-09 06:00:00,0.6966,0.7078,0.7051,0.6976,7805792.78882541,ADA-USD,6h
2025-02-09 12:00:00,0.6773,0.7005,0.6976,0.6883,13309220.40053266,ADA-USD,6h
2025-02-09 18:00:00,0.6501,0.6915,0.6882,0.6818,26826481.91219161,ADA-USD,6h
2025-02-10 00:00:00,0.6636,0.7,0.6814,0.693,15571981.94008155,ADA-USD,6h
2025-02-10 06:00:00,0.6874,0.7059,0.6931,0.7007,4873058.95654087,ADA-USD,6h
2025-02-10 12:00:00,0.6923,0.7177,0.701,0.7037,10626490.79580865,ADA-USD,6h
2025-02-10 18:00:00,0.6985,0.7244,0.7035,0.7121,12538901.11758822,ADA-USD,6h
2025-02-11 00:00:00,0.7105,0.8146,0.7119,0.8046,43647942.54639267,ADA-USD,6h
2025-02-11 06:00:00,0.7893,0.8232,0.8051,0.808,24295702.81949961,ADA-USD,6h
2025-02-11 12:00:00,0.7653,0.8192,0.8082,0.7676,26527328.62284834,ADA-USD,6h
2025-02-11 18:00:00,0.7499,0.7977,0.7678,0.7782,35501028.66721085,ADA-USD,6h
2025-02-12 00:00:00,0.7531,0.7874,0.7781,0.7668,17430385.30323483,ADA-USD,6h
2025-02-12 06:00:00,0.7569,0.8,0.7669,0.7867,11100929.85016591,ADA-USD,6h
2025-02-12 12:00:00,0.7463,0.7995,0.7868,0.7884,29414890.7834798,ADA-USD,6h
2025-02-12 18:00:00,0.7744,0.8077,0.7888,0.7997,15024436.33982865,ADA-USD,6h
2025-02-13 00:00:00,0.7705,0.8042,0.8,0.7823,10545240.84265803,ADA-USD,6h
2025-02-13 06:00:00,0.7697,0.7886,0.7821,0.7831,9423918.81625613,ADA-USD,6h
2025-02-13 12:00:00,0.7706,0.795,0.783,0.7839,10946069.88985578,ADA-USD,6h
2025-02-13 18:00:00,0.7827,0.8309,0.784,0.8106,21648070.66342451,ADA-USD,6h
2025-02-14 00:00:00,0.7965,0.8153,0.8109,0.7982,7771982.88872031,ADA-USD,6h
2025-02-14 06:00:00,0.7949,0.8283,0.7981,0.8065,9698965.3759435,ADA-USD,6h
2025-02-14 12:00:00,0.7966,0.8275,0.8062,0.823,10675887.38896352,ADA-USD,6h
2025-02-14 18:00:00,0.79,0.8291,0.8229,0.8,14798787.00863842,ADA-USD,6h
2025-02-15 00:00:00,0.791,0.8141,0.7998,0.8058,7774956.62406409,ADA-USD,6h
2025-02-15 06:00:00,0.79,0.8057,0.8057,0.794,5247713.60590336,ADA-USD,6h
2025-02-15 12:00:00,0.7801,0.7971,0.7943,0.7833,7448374.31080251,ADA-USD,6h
2025-02-15 18:00:00,0.7748,0.7915,0.7832,0.7811,7895170.69109175,ADA-USD,6h
2025-02-16 00:00:00,0.772,0.7895,0.7811,0.7858,5736275.22969045,ADA-USD,6h
2025-02-16 06:00:00,0.7723,0.7869,0.7856,0.7836,3693447.25155488,ADA-USD,6h
2025-02-16 12:00:00,0.7618,0.7849,0.7836,0.7725,6722341.56669109,ADA-USD,6h
2025-02-16 18:00:00,0.7634,0.7844,0.7727,0.7712,8403203.84305058,ADA-USD,6h
2025-02-17 00:00:00,0.7706,0.8178,0.7714,0.8023,17872524.0975794,ADA-USD,6h
2025-02-17 06:00:00,0.7876,0.8143,0.8023,0.8004,14015811.25670772,ADA-USD,6h
2025-02-17 12:00:00,0.7923,0.8287,0.8007,0.7955,26315042.40044511,ADA-USD,6h
2025-02-17 18:00:00,0.7835,0.8183,0.7952,0.809,17467748.4879022,ADA-USD,6h
2025-02-18 00:00:00,0.7865,0.8139,0.8091,0.7893,11821246.74573055,ADA-USD,6h
2025-02-18 06:00:00,0.7659,0.7908,0.7893,0.7734,12975179.37251564,ADA-USD,6h
2025-02-18 12:00:00,0.735,0.7987,0.7732,0.75,22240135.96971488,ADA-USD,6h
2025-02-18 18:00:00,0.7382,0.7573,0.7499,0.7538,13937867.18704094,ADA-USD,6h
2025-02-19 00:00:00,0.7314,0.7578,0.7539,0.7416,9795867.9993878,ADA-USD,6h
2025-02-19 06:00:00,0.7416,0.7761,0.7417,0.7745,9733329.3764474,ADA-USD,6h
2025-02-19 12:00:00,0.7502,0.7748,0.7745,0.7663,11927993.17264874,ADA-USD,6h
2025-02-19 18:00:00,0.7519,0.7762,0.7664,0.7737,11580628.87073324,ADA-USD,6h
2025-02-20 00:00:00,0.7702,0.7881,0.7741,0.7768,8777580.01908116,ADA-USD,6h
2025-02-20 06:00:00,0.7763,0.7953,0.777,0.7912,6258327.74895629,ADA-USD,6h
2025-02-20 12:00:00,0.7823,0.8015,0.7916,0.8007,12236738.82365946,ADA-USD,6h
2025-02-20 18:00:00,0.7984,0.8112,0.8006,0.8037,10100381.59482807,ADA-USD,6h
2025-02-21 00:00:00,0.7965,0.8071,0.8036,0.8024,5232572.457845,ADA-USD,6h
2025-02-21 06:00:00,0.7942,0.8136,0.8023,0.7983,4570159.37153016,ADA-USD,6h
2025-02-21 12:00:00,0.7689,0.8191,0.7985,0.7697,26800758.77554232,ADA-USD,6h
2025-02-21 18:00:00,0.75,0.7833,0.7697,0.7618,18991192.25682224,ADA-USD,6h
2025-02-22 00:00:00,0.757,0.7769,0.7616,0.7702,6949710.46427482,ADA-USD,6h
2025-02-22 06:00:00,0.7584,0.7743,0.7702,0.7689,3682702.49054989,ADA-USD,6h
2025-02-22 12:00:00,0.7663,0.7831,0.7687,0.7821,6774404.83497885,ADA-USD,6h
2025-02-22 18:00:00,0.7724,0.7844,0.782,0.7736,5084801.10486035,ADA-USD,6h
2025-02-23 00:00:00,0.7646,0.7783,0.7735,0.7721,6639369.60030068,ADA-USD,6h
2025-02-23 06:00:00,0.7714,0.7883,0.7723,0.773,3287045.75057969,ADA-USD,6h
2025-02-23 12:00:00,0.76,0.7792,0.7728,0.7664,6716719.71388399,ADA-USD,6h
2025-02-23 18:00:00,0.7616,0.7738,0.7663,0.7695,6310814.62095804,ADA-USD,6h
2025-02-24 00:00:00,0.7257,0.7774,0.7696,0.7438,15072425.08110063,ADA-USD,6h
2025-02-24 06:00:00,0.7257,0.7486,0.7439,0.7355,7056655.24718918,ADA-USD,6h
2025-02-24 12:00:00,0.7072,0.7421,0.7356,0.7293,14024452.91602149,ADA-USD,6h
2025-02-24 18:00:00,0.6697,0.7342,0.7291,0.6813,32899421.21837091,ADA-USD,6h
2025-02-25 00:00:00,0.6653,0.694,0.6813,0.6891,23712845.83119854,ADA-USD,6h
2025-02-25 06:00:00,0.63,0.6903,0.6892,0.6597,28030160.53881667,ADA-USD,6h
2025-02-25 12:00:00,0.6338,0.6668,0.6597,0.6613,36272441.17452364,ADA-USD,6h
2025-02-25 18:00:00,0.6536,0.6958,0.6613,0.6823,23055674.94540312,ADA-USD,6h
2025-02-26 00:00:00,0.6752,0.6946,0.6825,0.6798,12351826.17547107,ADA-USD,6h
2025-02-26 06:00:00,0.6732,0.6898,0.6801,0.6797,6170379.06803296,ADA-USD,6h
2025-02-26 12:00:00,0.6527,0.6871,0.68,0.6566,22276676.28084222,ADA-USD,6h
2025-02-26 18:00:00,0.6305,0.6651,0.6565,0.6463,27112487.93461143,ADA-USD,6h
2025-02-27 00:00:00,0.6403,0.6637,0.6461,0.6625,7432702.07993678,ADA-USD,6h
2025-02-27 06:00:00,0.6607,0.6779,0.6624,0.6751,6252856.40750856,ADA-USD,6h
2025-02-27 12:00:00,0.6492,0.6792,0.6751,0.6544,11340711.25729261,ADA-USD,6h
2025-02-27 18:00:00,0.6245,0.6602,0.6543,0.6449,14032928.91717151,ADA-USD,6h
2025-02-28 00:00:00,0.5865,0.6463,0.6449,0.595,33799370.77989362,ADA-USD,6h
2025-02-28 06:00:00,0.5794,0.6078,0.5946,0.5992,13391731.12314574,ADA-USD,6h
2025-02-28 12:00:00,0.5939,0.637,0.5989,0.6267,20423758.26285315,ADA-USD,6h
2025-02-28 18:00:00,0.6253,0.6391,0.6265,0.6325,11570240.70916613,ADA-USD,6h
2025-03-01 00:00:00,0.6283,0.6547,0.6325,0.6502,9946285.30518857,ADA-USD,6h
2025-03-01 06:00:00,0.6302,0.6513,0.6503,0.6359,4350958.22139617,ADA-USD,6h
2025-03-01 12:00:00,0.6247,0.6375,0.6359,0.6331,6234994.92482838,ADA-USD,6h
2025-03-01 18:00:00,0.6308,0.6767,0.6328,0.6588,11889688.53755736,ADA-USD,6h
2025-03-02 00:00:00,0.6538,0.6758,0.659,0.6623,8788550.32903881,ADA-USD,6h
2025-03-02 06:00:00,0.6596,0.669,0.6623,0.6627,4276365.33385735,ADA-USD,6h
2025-03-02 12:00:00,0.6447,1.19,0.6627,1.0315,254797751.56714812,ADA-USD,6h
2025-03-02 18:00:00,0.9757,1.1451,1.0321,1.1356,157814825.80583912,ADA-USD,6h
2025-03-03 00:00:00,1.0414,1.1739,1.1352,1.0602,86494496.06621395,ADA-USD,6h
2025-03-03 06:00:00,0.9262,1.0607,1.0604,0.9643,72256152.6118023,ADA-USD,6h
2025-03-03 12:00:00,0.9301,1.0332,0.9641,0.9685,79090646.41836172,ADA-USD,6h
2025-03-03 18:00:00,0.8222,0.9719,0.9686,0.8571,132692793.22719409,ADA-USD,6h
2025-03-04 00:00:00,0.757,0.8629,0.8571,0.8232,116538316.02787808,ADA-USD,6h
2025-03-04 06:00:00,0.7961,0.8349,0.8234,0.8132,41211575.33962863,ADA-USD,6h
2025-03-04 12:00:00,0.7817,0.952,0.8131,0.9261,158310043.23633865,ADA-USD,6h
2025-03-04 18:00:00,0.902,0.9561,0.9257,0.9408,103740179.40062314,ADA-USD,6h
2025-03-05 00:00:00,0.9135,0.983,0.9405,0.923,89928209.3869827,ADA-USD,6h
2025-03-05 06:00:00,0.9155,1.0276,0.923,0.981,42810359.57782444,ADA-USD,6h
2025-03-05 12:00:00,0.9293,1.0112,0.981,0.9648,73206814.4663273,ADA-USD,6h
2025-03-05 18:00:00,0.9637,0.9989,0.9647,0.9742,46191127.39115647,ADA-USD,6h
2025-03-06 00:00:00,0.9342,0.9895,0.9742,0.9425,55987085.63395522,ADA-USD,6h
2025-03-06 06:00:00,0.9345,0.9696,0.9428,0.9525,27857013.67008825,ADA-USD,6h
2025-03-06 12:00:00,0.885,0.9527,0.9525,0.8939,54428165.7358048,ADA-USD,6h
2025-03-06 18:00:00,0.8862,0.929,0.8936,0.9065,42967015.36525771,ADA-USD,6h
2025-03-07 00:00:00,0.8166,0.9207,0.9064,0.8747,75309634.34200469,ADA-USD,6h
2025-03-07 06:00:00,0.8653,0.89,0.8748,0.8798,26941493.43857211,ADA-USD,6h
2025-03-07 12:00:00,0.8104,0.8978,0.8797,0.8411,65303948.37815769,ADA-USD,6h
2025-03-07 18:00:00,0.8062,0.8668,0.8413,0.818,53592294.28008458,ADA-USD,6h
2025-03-08 00:00:00,0.8118,0.8388,0.8178,0.8165,25539422.16252286,ADA-USD,6h
2025-03-08 06:00:00,0.793,0.832,0.8166,0.8003,15153017.80557483,ADA-USD,6h
2025-03-08 12:00:00,0.7933,0.8252,0.8004,0.8085,18992087.3023004,ADA-USD,6h
2025-03-08 18:00:00,0.8005,0.8236,0.8083,0.8049,13372111.23063283,ADA-USD,6h
2025-03-09 00:00:00,0.7914,0.8169,0.805,0.8102,21502319.5771507,ADA-USD,6h
2025-03-09 06:00:00,0.7712,0.8173,0.8106,0.7806,15063657.43961608,ADA-USD,6h
2025-03-09 12:00:00,0.7231,0.7808,0.7805,0.7245,35927206.79749689,ADA-USD,6h
2025-03-09 18:00:00,0.7086,0.7426,0.7243,0.7212,46415108.18754994,ADA-USD,6h
2025-03-10 00:00:00,0.7023,0.7529,0.7213,0.741,36084943.39358306,ADA-USD,6h
2025-03-10 06:00:00,0.7298,0.7786,0.7412,0.7571,21743577.38653105,ADA-USD,6h
2025-03-10 12:00:00,0.67,0.7632,0.7571,0.6757,68384072.68668947,ADA-USD,6h
2025-03-10 18:00:00,0.6578,0.695,0.6754,0.6706,39160937.47663236,ADA-USD,6h
2025-03-11 00:00:00,0.6472,0.7266,0.6708,0.7217,60867646.56569728,ADA-USD,6h
2025-03-11 06:00:00,0.7147,0.7384,0.7217,0.731,30528265.60184485,ADA-USD,6h
2025-03-11 12:00:00,0.6967,0.7343,0.7311,0.7113,53789593.60312363,ADA-USD,6h
2025-03-11 18:00:00,0.7111,0.745,0.7112,0.7238,34785565.59990445,ADA-USD,6h
2025-03-12 00:00:00,0.711,0.7474,0.7238,0.7241,21755304.39959265,ADA-USD,6h
2025-03-12 06:00:00,0.7139,0.75,0.7239,0.7422,18174057.31952306,ADA-USD,6h
2025-03-12 12:00:00,0.7123,0.7688,0.7422,0.7181,46629792.21722725,ADA-USD,6h
2025-03-12 18:00:00,0.7171,0.7368,0.7181,0.7358,18165620.42416674,ADA-USD,6h
2025-03-13 00:00:00,0.7177,0.7395,0.7358,0.7206,21224900.80571461,ADA-USD,6h
2025-03-13 06:00:00,0.7087,0.7337,0.7203,0.728,20064343.40855878,ADA-USD,6h
2025-03-13 12:00:00,0.6952,0.7415,0.728,0.6982,45059643.91091057,ADA-USD,6h
2025-03-13 18:00:00,0.6872,0.7098,0.6982,0.7026,21958169.48583567,ADA-USD,6h
2025-03-14 00:00:00,0.696,0.7137,0.7026,0.7137,13594995.65796654,ADA-USD,6h
2025-03-14 06:00:00,0.7068,0.7241,0.7137,0.719,8882550.54567038,ADA-USD,6h
2025-03-14 12:00:00,0.7145,0.7514,0.7188,0.7336,29230519.64102248,ADA-USD,6h
2025-03-14 18:00:00,0.7284,0.7471,0.7335,0.7374,17761079.86623585,ADA-USD,6h
2025-03-15 00:00:00,0.7348,0.7577,0.7373,0.7448,9435177.08626817,ADA-USD,6h
2025-03-15 06:00:00,0.7309,0.7456,0.7449,0.7434,7658201.93377655,ADA-USD,6h
2025-03-15 12:00:00,0.7421,0.7575,0.7434,0.7522,9959711.06510733,ADA-USD,6h
2025-03-15 18:00:00,0.7442,0.7595,0.7522,0.7466,8491384.57561683,ADA-USD,6h
2025-03-16 00:00:00,0.7329,0.7472,0.7467,0.744,8785913.86968936,ADA-USD,6h
2025-03-16 06:00:00,0.7043,0.7443,0.7441,0.7059,9505429.23142274,ADA-USD,6h
2025-03-16 12:00:00,0.6953,0.7169,0.706,0.7062,33008121.10784287,ADA-USD,6h
2025-03-16 18:00:00,0.6941,0.7099,0.7061,0.7047,16412945.18779457,ADA-USD,6h
2025-03-17 00:00:00,0.7039,0.7199,0.7046,0.7105,11817530.68968381,ADA-USD,6h
2025-03-17 06:00:00,0.7024,0.7297,0.7106,0.7237,22446847.90755331,ADA-USD,6h
2025-03-17 12:00:00,0.7132,0.7299,0.7235,0.7231,17145633.29139546,ADA-USD,6h
2025-03-17 18:00:00,0.7148,0.7302,0.723,0.7176,9837293.37562734,ADA-USD,6h
2025-03-18 00:00:00,0.702,0.7184,0.7176,0.709,10957521.25139498,ADA-USD,6h
2025-03-18 06:00:00,0.6985,0.7126,0.7088,0.7016,6212675.72533181,ADA-USD,6h
2025-03-18 12:00:00,0.6815,0.7041,0.7015,0.6852,22194790.43339501,ADA-USD,6h
2025-03-18 18:00:00,0.6847,0.706,0.6855,0.7015,10800887.60551431,ADA-USD,6h
2025-03-19 00:00:00,0.7002,0.7125,0.7016,0.711,5949410.37218391,ADA-USD,6h
2025-03-19 06:00:00,0.7074,0.727,0.7111,0.7235,9274775.35705781,ADA-USD,6h
2025-03-19 12:00:00,0.716,0.7458,0.7237,0.7265,41656341.53667789,ADA-USD,6h
2025-03-19 18:00:00,0.7188,0.7477,0.7265,0.7439,29321932.1977115,ADA-USD,6h
2025-03-20 00:00:00,0.7242,0.7476,0.7441,0.7285,10507166.07925492,ADA-USD,6h
2025-03-20 06:00:00,0.72,0.7367,0.7285,0.7276,5991250.62310674,ADA-USD,6h
2025-03-20 12:00:00,0.7117,0.755,0.7277,0.7176,29465490.42551017,ADA-USD,6h
2025-03-20 18:00:00,0.7125,0.7243,0.7175,0.7175,9556098.78283067,ADA-USD,6h
2025-03-21 00:00:00,0.7147,0.7275,0.7175,0.7194,7505473.72078729,ADA-USD,6h
2025-03-21 06:00:00,0.7004,0.7209,0.7191,0.7072,10653716.18827282,ADA-USD,6h
2025-03-21 12:00:00,0.7002,0.7176,0.7071,0.7132,13998940.58553263,ADA-USD,6h
2025-03-21 18:00:00,0.703,0.7162,0.7132,0.7047,9644705.55029223,ADA-USD,6h
2025-03-22 00:00:00,0.7035,0.7117,0.7045,0.7103,4834624.31934782,ADA-USD,6h
2025-03-22 06:00:00,0.7088,0.7159,0.7098,0.7113,2947678.55118222,ADA-USD,6h
2025-03-22 12:00:00,0.7,0.7113,0.7113,0.7057,7559837.95216118,ADA-USD,6h
2025-03-22 18:00:00,0.697,0.7094,0.7056,0.7013,5557510.26040905,ADA-USD,6h
2025-03-23 00:00:00,0.7004,0.7128,0.7013,0.7116,5038734.64722411,ADA-USD,6h
2025-03-23 06:00:00,0.7083,0.7159,0.7117,0.7117,3669764.05535135,ADA-USD,6h
2025-03-23 12:00:00,0.7018,0.7135,0.7116,0.7041,5461935.74002427,ADA-USD,6h
2025-03-23 18:00:00,0.6917,0.7108,0.7043,0.7105,11372499.25183401,ADA-USD,6h
2025-03-24 00:00:00,0.7055,0.7272,0.7106,0.7223,14580372.82751138,ADA-USD,6h
2025-03-24 06:00:00,0.7213,0.7385,0.7222,0.7319,12317998.00987246,ADA-USD,6h
2025-03-24 12:00:00,0.7249,0.742,0.7319,0.7358,17304727.21769764,ADA-USD,6h
2025-03-24 18:00:00,0.725,0.7458,0.7356,0.7321,16868246.09617402,ADA-USD,6h
2025-03-25 00:00:00,0.7209,0.7425,0.7321,0.7414,13811502.50291809,ADA-USD,6h
2025-03-25 06:00:00,0.7339,0.7631,0.7419,0.7571,19553162.89702272,ADA-USD,6h
2025-03-25 12:00:00,0.7472,0.7665,0.7573,0.7522,26433427.9733502,ADA-USD,6h
2025-03-25 18:00:00,0.7396,0.7547,0.752,0.7447,15833353.63339295,ADA-USD,6h
2025-03-26 00:00:00,0.7387,0.755,0.7447,0.7503,10977762.38857852,ADA-USD,6h
2025-03-26 06:00:00,0.748,0.7744,0.7503,0.7687,12681799.25648834,ADA-USD,6h
2025-03-26 12:00:00,0.7273,0.7716,0.7689,0.7302,18301226.42239316,ADA-USD,6h
2025-03-26 18:00:00,0.7197,0.7347,0.7299,0.7289,11388638.37540417,ADA-USD,6h
2025-03-27 00:00:00,0.7263,0.7443,0.729,0.7351,8020829.13895501,ADA-USD,6h
2025-03-27 06:00:00,0.7307,0.7431,0.7351,0.732,5805990.13966821,ADA-USD,6h
2025-03-27 12:00:00,0.7208,0.7414,0.7319,0.7298,9399864.25655427,ADA-USD,6h
2025-03-27 18:00:00,0.7294,0.7432,0.7299,0.738,6327496.92540685,ADA-USD,6h
2025-03-28 00:00:00,0.7062,0.7462,0.7379,0.7084,13400365.90792577,ADA-USD,6h
2025-03-28 06:00:00,0.6942,0.714,0.7082,0.704,13452433.55474631,ADA-USD,6h
2025-03-28 12:00:00,0.6892,0.7084,0.7039,0.6968,15572126.53587855,ADA-USD,6h
2025-03-28 18:00:00,0.6937,0.7087,0.6967,0.7059,7670818.13942419,ADA-USD,6h
2025-03-29 00:00:00,0.69,0.7119,0.706,0.6946,6755640.85200987,ADA-USD,6h
2025-03-29 06:00:00,0.659,0.6947,0.6945,0.6664,16175675.86179734,ADA-USD,6h
2025-03-29 12:00:00,0.6586,0.6775,0.6665,0.6674,13409265.55394728,ADA-USD,6h
2025-03-29 18:00:00,0.6651,0.6748,0.6674,0.6729,6050854.0125332,ADA-USD,6h
2025-03-30 00:00:00,0.6675,0.6849,0.673,0.6802,5107594.01913348,ADA-USD,6h
2025-03-30 06:00:00,0.6734,0.6872,0.6801,0.6755,3610885.07998843,ADA-USD,6h
2025-03-30 12:00:00,0.656,0.6772,0.6755,0.6649,8245074.53397259,ADA-USD,6h
2025-03-30 18:00:00,0.6512,0.6751,0.6648,0.661,9914937.89822644,ADA-USD,6h
2025-03-31 00:00:00,0.6469,0.6623,0.6614,0.6572,12510858.66592592,ADA-USD,6h
2025-03-31 06:00:00,0.6296,0.6592,0.6574,0.644,11640147.79244486,ADA-USD,6h
2025-03-31 12:00:00,0.6346,0.6648,0.6441,0.6547,18850965.16679569,ADA-USD,6h
2025-03-31 18:00:00,0.6542,0.6655,0.6547,0.6616,9447760.25235874,ADA-USD,6h
2025-04-01 00:00:00,0.6576,0.675,0.6617,0.6684,10653889.38605932,ADA-USD,6h
2025-04-01 06:00:00,0.6674,0.6845,0.6682,0.6733,7881540.94435791,ADA-USD,6h
2025-04-01 12:00:00,0.6668,0.6945,0.6734,0.6826,16462182.24790998,ADA-USD,6h
2025-04-01 18:00:00,0.6731,0.684,0.6827,0.6771,7930372.19259206,ADA-USD,6h
2025-04-02 00:00:00,0.6635,0.6774,0.6773,0.6642,7016162.11384392,ADA-USD,6h
2025-04-02 06:00:00,0.6631,0.6845,0.664,0.6768,6849605.40037534,ADA-USD,6h
2025-04-02 12:00:00,0.6747,0.6985,0.6768,0.6838,14141366.51788654,ADA-USD,6h
2025-04-02 18:00:00,0.6346,0.7098,0.6838,0.64,33551890.77342575,ADA-USD,6h
2025-04-03 00:00:00,0.6357,0.6574,0.6399,0.6505,11335541.66744904,ADA-USD,6h
2025-04-03 06:00:00,0.6378,0.6542,0.6503,0.643,8965646.77691368,ADA-USD,6h
2025-04-03 12:00:00,0.6129,0.6443,0.6429,0.6316,27805732.69512668,ADA-USD,6h
2025-04-03 18:00:00,0.628,0.6527,0.6316,0.6505,8402924.4733993,ADA-USD,6h
2025-04-04 00:00:00,0.6422,0.6554,0.6506,0.6553,6275985.44827532,ADA-USD,6h
2025-04-04 06:00:00,0.6269,0.6663,0.6553,0.6361,14866104.73073602,ADA-USD,6h
2025-04-04 12:00:00,0.629,0.6713,0.6358,0.6648,24614269.77797283,ADA-USD,6h
2025-04-04 18:00:00,0.6554,0.6687,0.6649,0.6601,8714808.85512043,ADA-USD,6h
2025-04-05 00:00:00,0.6554,0.6673,0.66,0.6562,3991464.5826597,ADA-USD,6h
2025-04-05 06:00:00,0.6526,0.6642,0.6565,0.6611,2503158.0759353,ADA-USD,6h
2025-04-05 12:00:00,0.6446,0.6624,0.6612,0.6501,6016881.50182438,ADA-USD,6h
2025-04-05 18:00:00,0.6451,0.6561,0.6499,0.6544,5619410.55672497,ADA-USD,6h
2025-04-06 00:00:00,0.6428,0.6549,0.6546,0.6476,5081015.2260369,ADA-USD,6h
2025-04-06 06:00:00,0.6353,0.6479,0.6478,0.6383,4657938.47846052,ADA-USD,6h
2025-04-06 12:00:00,0.6081,0.6388,0.6382,0.6087,19163760.66174691,ADA-USD,6h
2025-04-06 18:00:00,0.5596,0.6092,0.6086,0.5732,61306712.71890973,ADA-USD,6h
2025-04-07 00:00:00,0.5442,0.5858,0.5735,0.548,28264525.56570339,ADA-USD,6h
2025-04-07 06:00:00,0.5107,0.5603,0.5479,0.5418,54300443.28991568,ADA-USD,6h
2025-04-07 12:00:00,0.5352,0.6057,0.5419,0.5819,72040432.39775538,ADA-USD,6h
2025-04-07 18:00:00,0.5735,0.5949,0.582,0.586,21959395.86755558,ADA-USD,6h
2025-04-08 00:00:00,0.5795,0.6046,0.586,0.5903,12588402.55256719,ADA-USD,6h
2025-04-08 06:00:00,0.5772,0.6078,0.5903,0.6057,16463356.71615875,ADA-USD,6h
2025-04-08 12:00:00,0.5606,0.6198,0.6058,0.5734,50719004.91650007,ADA-USD,6h
2025-04-08 18:00:00,0.5522,0.5821,0.5733,0.5579,18653481.35079606,ADA-USD,6h
2025-04-09 00:00:00,0.5347,0.5694,0.5579,0.5654,36996573.58354912,ADA-USD,6h
2025-04-09 06:00:00,0.5549,0.5782,0.5653,0.5587,14973199.84920065,ADA-USD,6h
2025-04-09 12:00:00,0.5543,0.638,0.5587,0.6366,47636146.86601308,ADA-USD,6h
2025-04-09 18:00:00,0.6253,0.646,0.6364,0.6311,33266093.82118283,ADA-USD,6h
2025-04-10 00:00:00,0.6061,0.6334,0.6312,0.6237,16979742.82060201,ADA-USD,6h
2025-04-10 06:00:00,0.6154,0.6331,0.6236,0.6206,9310175.27874114,ADA-USD,6h
2025-04-10 12:00:00,0.5852,0.6319,0.6204,0.5928,36699337.14855102,ADA-USD,6h
2025-04-10 18:00:00,0.5914,0.6113,0.5928,0.6091,8903012.96451373,ADA-USD,6h
2025-04-11 00:00:00,0.6055,0.6294,0.6091,0.6286,9491015.5828155,ADA-USD,6h
2025-04-11 06:00:00,0.6209,0.6446,0.6287,0.6226,18219873.09147904,ADA-USD,6h
2025-04-11 12:00:00,0.6147,0.6327,0.6229,0.6306,15718040.60937845,ADA-USD,6h
2025-04-11 18:00:00,0.6221,0.6336,0.6307,0.6238,7086279.97912194,ADA-USD,6h
2025-04-12 00:00:00,0.6168,0.6302,0.6236,0.6286,5036389.0615773,ADA-USD,6h
2025-04-12 06:00:00,0.6286,0.641,0.6286,0.6368,6659860.05262812,ADA-USD,6h
2025-04-12 12:00:00,0.6353,0.6673,0.6369,0.6486,19506712.95970125,ADA-USD,6h
2025-04-12 18:00:00,0.6472,0.6652,0.6484,0.6593,7473290.80508563,ADA-USD,6h
2025-04-13 00:00:00,0.6403,0.6633,0.6596,0.6444,7027004.82773099,ADA-USD,6h
2025-04-13 06:00:00,0.6405,0.6687,0.6445,0.6516,9292488.55095356,ADA-USD,6h
2025-04-13 12:00:00,0.6369,0.6606,0.6515,0.6577,8331036.45174306,ADA-USD,6h
2025-04-13 18:00:00,0.6292,0.6618,0.6577,0.638,13208670.34866304,ADA-USD,6h
2025-04-14 00:00:00,0.6355,0.6615,0.6382,0.6452,15790191.57271217,ADA-USD,6h
2025-04-14 06:00:00,0.6341,0.6506,0.6454,0.6494,6034181.85413156,ADA-USD,6h
2025-04-14 12:00:00,0.6278,0.6571,0.6496,0.6401,12402887.52884904,ADA-USD,6h
2025-04-14 18:00:00,0.6306,0.6436,0.6401,0.6351,5513041.69243153,ADA-USD,6h
2025-04-15 00:00:00,0.631,0.6455,0.6354,0.6418,7564676.85997318,ADA-USD,6h
2025-04-15 06:00:00,0.6343,0.6485,0.6415,0.6373,4058068.54821332,ADA-USD,6h
2025-04-15 12:00:00,0.6177,0.6462,0.6373,0.6193,17189000.60854921,ADA-USD,6h
2025-04-15 18:00:00,0.607,0.6224,0.6192,0.6091,8166253.44397561,ADA-USD,6h
2025-04-16 00:00:00,0.603,0.6178,0.6089,0.6054,6778145.23226674,ADA-USD,6h
2025-04-16 06:00:00,0.6,0.6114,0.6054,0.6068,4479083.117173,ADA-USD,6h
2025-04-16 12:00:00,0.5947,0.6182,0.6069,0.5963,12059166.1227227,ADA-USD,6h
2025-04-16 18:00:00,0.5959,0.6244,0.5959,0.6107,10022850.70893473,ADA-USD,6h
2025-04-17 00:00:00,0.6089,0.6209,0.6107,0.6189,3713749.95275199,ADA-USD,6h
2025-04-17 06:00:00,0.6127,0.6239,0.6191,0.6188,2704680.48387312,ADA-USD,6h
2025-04-17 12:00:00,0.6099,0.6297,0.619,0.6274,8947500.72207737,ADA-USD,6h
2025-04-17 18:00:00,0.6146,0.6293,0.6275,0.6168,4643866.9115342,ADA-USD,6h
2025-04-18 00:00:00,0.6102,0.6177,0.6169,0.615,3126566.28826673,ADA-USD,6h
2025-04-18 06:00:00,0.6115,0.6185,0.6148,0.6162,2400401.07951946,ADA-USD,6h
2025-04-18 12:00:00,0.6134,0.6265,0.6162,0.626,4310637.97424158,ADA-USD,6h
2025-04-18 18:00:00,0.6246,0.6319,0.626,0.6272,5321682.98325361,ADA-USD,6h
2025-04-19 00:00:00,0.6274,0.635,0.6274,0.6314,3759990.43912497,ADA-USD,6h
2025-04-19 06:00:00,0.626,0.6323,0.6318,0.6269,1896786.68972576,ADA-USD,6h
2025-04-19 12:00:00,0.619,0.6283,0.6271,0.6249,6411310.63260537,ADA-USD,6h
2025-04-19 18:00:00,0.6247,0.6317,0.625,0.6281,3631837.42524296,ADA-USD,6h
2025-04-20 00:00:00,0.6279,0.6347,0.6279,0.6308,5017908.72826403,ADA-USD,6h
2025-04-20 06:00:00,0.6121,0.6317,0.6307,0.615,3245520.98261797,ADA-USD,6h
2025-04-20 12:00:00,0.61,0.6182,0.6149,0.616,3038899.47913877,ADA-USD,6h
2025-04-20 18:00:00,0.6143,0.6258,0.616,0.62,3211653.55166435,ADA-USD,6h
2025-04-21 00:00:00,0.62,0.6449,0.6202,0.6434,8867912.61731231,ADA-USD,6h
2025-04-21 06:00:00,0.6375,0.649,0.6439,0.6389,6136703.11044431,ADA-USD,6h
2025-04-21 12:00:00,0.6161,0.6508,0.6394,0.6212,8048034.74841058,ADA-USD,6h
2025-04-21 18:00:00,0.6183,0.6246,0.6205,0.6241,4526143.03216729,ADA-USD,6h
2025-04-22 00:00:00,0.6156,0.6312,0.6242,0.6262,4708476.47951549,ADA-USD,6h
2025-04-22 06:00:00,0.6224,0.6433,0.6263,0.6405,4171446.6640703,ADA-USD,6h
2025-04-22 12:00:00,0.6369,0.6669,0.6404,0.6577,17879730.71309696,ADA-USD,6h
2025-04-22 18:00:00,0.6534,0.6849,0.6578,0.6795,19172500.85598408,ADA-USD,6h
2025-04-23 00:00:00,0.6775,0.701,0.6799,0.6933,9911144.38153438,ADA-USD,6h
2025-04-23 06:00:00,0.6915,0.7109,0.6932,0.7016,8175869.02703566,ADA-USD,6h
2025-04-23 12:00:00,0.6842,0.7183,0.7015,0.7061,22145131.2029066,ADA-USD,6h
2025-04-23 18:00:00,0.6946,0.7104,0.7059,0.6979,5302559.24737347,ADA-USD,6h
2025-04-24 00:00:00,0.6796,0.6998,0.6978,0.6861,6614771.33461126,ADA-USD,6h
2025-04-24 06:00:00,0.6702,0.6912,0.6862,0.6873,4207788.2767674,ADA-USD,6h
2025-04-24 12:00:00,0.6848,0.7462,0.6873,0.7232,26732714.38317206,ADA-USD,6h
2025-04-24 18:00:00,0.7127,0.732,0.7233,0.7221,7321711.67887366,ADA-USD,6h
2025-04-25 00:00:00,0.7022,0.7261,0.7221,0.7138,6218824.34600905,ADA-USD,6h
2025-04-25 06:00:00,0.7109,0.7239,0.7138,0.721,6298518.84331241,ADA-USD,6h
2025-04-25 12:00:00,0.7056,0.7296,0.7214,0.7167,17718649.90111835,ADA-USD,6h
2025-04-25 18:00:00,0.7072,0.7332,0.7168,0.7138,12009606.5082866,ADA-USD,6h
2025-04-26 00:00:00,0.7122,0.727,0.7139,0.7192,4338311.52988914,ADA-USD,6h
2025-04-26 06:00:00,0.7051,0.7348,0.7192,0.7078,5102824.67530215,ADA-USD,6h
2025-04-26 12:00:00,0.7,0.713,0.708,0.708,8324639.17869033,ADA-USD,6h
2025-04-26 18:00:00,0.7034,0.7132,0.7075,0.7072,3485683.93947513,ADA-USD,6h
2025-04-27 00:00:00,0.692,0.718,0.7074,0.6946,5162743.79813051,ADA-USD,6h
2025-04-27 06:00:00,0.6946,0.7036,0.695,0.6972,2140014.59055385,ADA-USD,6h
2025-04-27 12:00:00,0.6904,0.7089,0.6971,0.6989,9885336.84535927,ADA-USD,6h
2025-04-27 18:00:00,0.6989,0.7171,0.699,0.7033,7266529.5483839,ADA-USD,6h
2025-04-28 00:00:00,0.6823,0.7184,0.7034,0.7138,10546885.62253369,ADA-USD,6h
2025-04-28 06:00:00,0.7117,0.7292,0.7142,0.7227,6179534.03393834,ADA-USD,6h
2025-04-28 12:00:00,0.6848,0.7234,0.7229,0.6992,18128540.50997288,ADA-USD,6h
2025-04-28 18:00:00,0.6955,0.7101,0.6992,0.7058,5326716.92954294,ADA-USD,6h
2025-04-29 00:00:00,0.6971,0.7104,0.7059,0.7007,5509830.72343566,ADA-USD,6h
2025-04-29 06:00:00,0.7004,0.7175,0.7005,0.7141,3967030.44746212,ADA-USD,6h
2025-04-29 12:00:00,0.704,0.7188,0.7144,0.7121,8140105.53967486,ADA-USD,6h
2025-04-29 18:00:00,0.689,0.7139,0.7124,0.696,7193160.26905529,ADA-USD,6h
2025-04-30 00:00:00,0.6916,0.7038,0.696,0.6983,5985840.63966794,ADA-USD,6h
2025-04-30 06:00:00,0.6926,0.7013,0.6985,0.7002,1865463.06050723,ADA-USD,6h
2025-04-30 12:00:00,0.665,0.7006,0.7002,0.6832,15357787.92351233,ADA-USD,6h
2025-04-30 18:00:00,0.6765,0.6907,0.6832,0.6817,7865257.70518406,ADA-USD,6h
2025-05-01 00:00:00,0.6816,0.6937,0.6818,0.6928,6779264.10539683,ADA-USD,6h
2025-05-01 06:00:00,0.6888,0.7094,0.6929,0.7069,4559573.14790423,ADA-USD,6h
2025-05-01 12:00:00,0.6947,0.71,0.7071,0.7042,12433680.52503833,ADA-USD,6h
2025-05-01 18:00:00,0.6995,0.7148,0.7046,0.7051,6925245.12856009,ADA-USD,6h
2025-05-02 00:00:00,0.7014,0.7255,0.7052,0.71,9958151.51315905,ADA-USD,6h
2025-05-02 06:00:00,0.7007,0.7148,0.71,0.7061,3349696.33296703,ADA-USD,6h
2025-05-02 12:00:00,0.7017,0.716,0.7062,0.7026,8723196.96797267,ADA-USD,6h
2025-05-02 18:00:00,0.6889,0.7042,0.7025,0.6986,9344752.61986387,ADA-USD,6h
2025-05-03 00:00:00,0.6921,0.7023,0.6986,0.7004,3476909.47890996,ADA-USD,6h
2025-05-03 06:00:00,0.6941,0.7043,0.7005,0.6962,4451598.42281866,ADA-USD,6h
2025-05-03 12:00:00,0.6963,0.7296,0.6963,0.7155,19428359.68731135,ADA-USD,6h
2025-05-03 18:00:00,0.6993,0.7214,0.7151,0.7,6218756.41605208,ADA-USD,6h
2025-05-04 00:00:00,0.6937,0.7147,0.6998,0.7043,8237011.05083212,ADA-USD,6h
2025-05-04 06:00:00,0.6875,0.7064,0.7042,0.6902,3578080.06796007,ADA-USD,6h
2025-05-04 12:00:00,0.6804,0.6941,0.69,0.685,8203087.80766017,ADA-USD,6h
2025-05-04 18:00:00,0.672,0.6901,0.685,0.6763,6264880.87608662,ADA-USD,6h
2025-05-05 00:00:00,0.6665,0.6897,0.6763,0.6896,6865398.68149978,ADA-USD,6h
2025-05-05 06:00:00,0.6624,0.692,0.6895,0.6639,5751139.24034977,ADA-USD,6h
2025-05-05 12:00:00,0.6546,0.669,0.6637,0.6653,12805434.8922016,ADA-USD,6h
2025-05-05 18:00:00,0.6539,0.6728,0.6653,0.6623,4381436.99769313,ADA-USD,6h
2025-05-06 00:00:00,0.653,0.666,0.6622,0.658,7175195.63130768,ADA-USD,6h
2025-05-06 06:00:00,0.644,0.6672,0.6582,0.6479,6175180.25768207,ADA-USD,6h
2025-05-06 12:00:00,0.6425,0.6573,0.6481,0.6523,9206055.13046969,ADA-USD,6h
2025-05-06 18:00:00,0.6522,0.6806,0.6525,0.6789,10553092.62676878,ADA-USD,6h
2025-05-07 00:00:00,0.6717,0.6892,0.6789,0.6741,6753002.28084399,ADA-USD,6h
2025-05-07 06:00:00,0.6738,0.6872,0.6743,0.683,4105124.20834498,ADA-USD,6h
2025-05-07 12:00:00,0.6569,0.6836,0.6831,0.6595,5329317.13172312,ADA-USD,6h
2025-05-07 18:00:00,0.655,0.6754,0.6593,0.6716,6261679.11820602,ADA-USD,6h
2025-05-08 00:00:00,0.67,0.7098,0.6718,0.6991,14097489.13651514,ADA-USD,6h
2025-05-08 06:00:00,0.699,0.7242,0.699,0.7193,8796827.22856074,ADA-USD,6h
2025-05-08 12:00:00,0.7151,0.7435,0.7194,0.732,21703171.23549977,ADA-USD,6h
2025-05-08 18:00:00,0.7304,0.7708,0.732,0.7693,23164403.77813588,ADA-USD,6h
2025-05-09 00:00:00,0.7511,0.7817,0.7691,0.7607,19570173.15225446,ADA-USD,6h
2025-05-09 06:00:00,0.76,0.8182,0.761,0.7938,24088178.19903993,ADA-USD,6h
2025-05-09 12:00:00,0.7716,0.7997,0.7937,0.79,16240197.76601049,ADA-USD,6h
2025-05-09 18:00:00,0.7722,0.7901,0.7898,0.7773,6877374.48089118,ADA-USD,6h
2025-05-10 00:00:00,0.7701,0.7914,0.7771,0.7851,7023317.76672004,ADA-USD,6h
2025-05-10 06:00:00,0.7847,0.8129,0.7853,0.7889,13834559.58712884,ADA-USD,6h
2025-05-10 12:00:00,0.789,0.84,0.789,0.8197,21729006.21444886,ADA-USD,6h
2025-05-10 18:00:00,0.8052,0.8445,0.8195,0.841,18105509.33353354,ADA-USD,6h
2025-05-11 00:00:00,0.8066,0.8471,0.8411,0.8125,15755073.7448523,ADA-USD,6h
2025-05-11 06:00:00,0.7838,0.8127,0.8123,0.8041,11091430.45271104,ADA-USD,6h
2025-05-11 12:00:00,0.7805,0.806,0.804,0.8004,10888581.59122742,ADA-USD,6h
2025-05-11 18:00:00,0.7967,0.8165,0.8,0.8054,10393472.97971241,ADA-USD,6h
2025-05-12 00:00:00,0.7964,0.8226,0.8057,0.8119,13080928.57764568,ADA-USD,6h
2025-05-12 06:00:00,0.8079,0.8448,0.8122,0.8246,17746068.5924374,ADA-USD,6h
2025-05-12 12:00:00,0.8089,0.8645,0.8242,0.8136,41751694.13539242,ADA-USD,6h
2025-05-12 18:00:00,0.7803,0.8247,0.8138,0.8171,20084072.89283269,ADA-USD,6h
2025-05-13 00:00:00,0.7718,0.8175,0.8171,0.7863,13613914.07662452,ADA-USD,6h
2025-05-13 06:00:00,0.7865,0.8042,0.7865,0.7987,7544739.56296694,ADA-USD,6h
2025-05-13 12:00:00,0.7908,0.8238,0.7987,0.8194,16020195.66748396,ADA-USD,6h
2025-05-13 18:00:00,0.8189,0.842,0.8196,0.8301,15810234.59160681,ADA-USD,6h
2025-05-14 00:00:00,0.8124,0.8336,0.83,0.8291,9132309.87067893,ADA-USD,6h
2025-05-14 06:00:00,0.7991,0.8309,0.8291,0.8209,13737547.85002074,ADA-USD,6h
2025-05-14 12:00:00,0.7883,0.8288,0.821,0.8,18156713.75399971,ADA-USD,6h
2025-05-14 18:00:00,0.7918,0.8046,0.7998,0.7989,7615215.98835291,ADA-USD,6h
2025-05-15 00:00:00,0.7826,0.8105,0.7988,0.7843,10781012.39905792,ADA-USD,6h
2025-05-15 06:00:00,0.7592,0.7901,0.7842,0.7722,15427544.44461568,ADA-USD,6h
2025-05-15 12:00:00,0.7447,0.7939,0.7721,0.7859,23574336.5245087,ADA-USD,6h
2025-05-15 18:00:00,0.749,0.7875,0.7856,0.7624,22067284.46600949,ADA-USD,6h
2025-05-16 00:00:00,0.7597,0.7862,0.7627,0.7834,8223167.48593234,ADA-USD,6h
2025-05-16 06:00:00,0.7635,0.7859,0.784,0.7795,5906916.17380321,ADA-USD,6h
2025-05-16 12:00:00,0.7685,0.7854,0.7796,0.771,8037598.63618255,ADA-USD,6h
2025-05-16 18:00:00,0.7508,0.7749,0.7709,0.759,7950588.26502121,ADA-USD,6h
2025-05-17 00:00:00,0.7353,0.7667,0.7591,0.7577,13370084.19944972,ADA-USD,6h
2025-05-17 06:00:00,0.7567,0.7814,0.7579,0.7605,9184166.74282443,ADA-USD,6h
2025-05-17 12:00:00,0.7272,0.7622,0.7603,0.7367,12860078.53764108,ADA-USD,6h
2025-05-17 18:00:00,0.733,0.754,0.7363,0.7432,8775260.14011476,ADA-USD,6h
2025-05-18 00:00:00,0.7358,0.7573,0.7433,0.7563,6831517.1037317,ADA-USD,6h
2025-05-18 06:00:00,0.7509,0.7665,0.7561,0.7559,4908238.17483521,ADA-USD,6h
2025-05-18 12:00:00,0.7511,0.7768,0.7558,0.7548,16598528.5795882,ADA-USD,6h
2025-05-18 18:00:00,0.7181,0.763,0.7547,0.7601,21179263.57390653,ADA-USD,6h
2025-05-19 00:00:00,0.7173,0.7652,0.7603,0.7227,13091221.17898665,ADA-USD,6h
2025-05-19 06:00:00,0.7105,0.7301,0.7224,0.7285,5645688.00036015,ADA-USD,6h
2025-05-19 12:00:00,0.7176,0.7476,0.7284,0.7396,10950756.51173878,ADA-USD,6h
2025-05-19 18:00:00,0.7317,0.745,0.7395,0.7427,7262241.36526857,ADA-USD,6h
2025-05-20 00:00:00,0.7394,0.7539,0.7429,0.7431,6779881.01706567,ADA-USD,6h
2025-05-20 06:00:00,0.7243,0.7443,0.7431,0.7293,5527075.27445417,ADA-USD,6h
2025-05-20 12:00:00,0.7228,0.7387,0.729,0.737,5671081.22895673,ADA-USD,6h
2025-05-20 18:00:00,0.725,0.7502,0.737,0.7461,8918300.88657326,ADA-USD,6h
2025-05-21 00:00:00,0.7369,0.7638,0.7463,0.7604,7573656.09048365,ADA-USD,6h
2025-05-21 06:00:00,0.7451,0.7669,0.7605,0.7558,5968299.26457153,ADA-USD,6h
2025-05-21 12:00:00,0.7427,0.7843,0.7556,0.7484,19917234.33015373,ADA-USD,6h
2025-05-21 18:00:00,0.7453,0.7789,0.7486,0.7694,12271318.27560058,ADA-USD,6h
2025-05-22 00:00:00,0.7688,0.7949,0.7697,0.7838,11319014.53715763,ADA-USD,6h
2025-05-22 06:00:00,0.7834,0.8106,0.7841,0.8025,9561593.55716429,ADA-USD,6h
2025-05-22 12:00:00,0.7953,0.809,0.8027,0.8047,11856664.02096533,ADA-USD,6h
2025-05-22 18:00:00,0.7976,0.8094,0.8045,0.8093,9820879.91193259,ADA-USD,6h
2025-05-23 00:00:00,0.8068,0.8413,0.8094,0.8223,17114868.4991502,ADA-USD,6h
2025-05-23 06:00:00,0.7775,0.825,0.8222,0.7817,13450877.61169975,ADA-USD,6h
2025-05-23 12:00:00,0.7602,0.7908,0.7818,0.7813,22164100.09846269,ADA-USD,6h
2025-05-23 18:00:00,0.7434,0.783,0.7812,0.7474,15495041.65226225,ADA-USD,6h
2025-05-24 00:00:00,0.743,0.7671,0.7472,0.7601,9224830.37614683,ADA-USD,6h
2025-05-24 06:00:00,0.7536,0.7661,0.7602,0.7611,3130776.83733675,ADA-USD,6h
2025-05-24 12:00:00,0.7535,0.7625,0.7611,0.757,2975413.08531251,ADA-USD,6h
2025-05-24 18:00:00,0.7413,0.7609,0.757,0.747,3184671.64009401,ADA-USD,6h
2025-05-25 00:00:00,0.7318,0.7495,0.7472,0.7428,5994109.23454912,ADA-USD,6h
2025-05-25 06:00:00,0.7281,0.7428,0.7426,0.7394,4036149.97658705,ADA-USD,6h
2025-05-25 12:00:00,0.7312,0.7524,0.7393,0.7439,7581551.67818837,ADA-USD,6h
2025-05-25 18:00:00,0.7413,0.7608,0.744,0.7603,8092602.7176499,ADA-USD,6h
2025-05-26 00:00:00,0.7552,0.7671,0.7604,0.7664,5415360.69074115,ADA-USD,6h
2025-05-26 06:00:00,0.762,0.7775,0.7664,0.7673,4602402.51532268,ADA-USD,6h
2025-05-26 12:00:00,0.7526,0.7728,0.7674,0.7537,6600391.5566077,ADA-USD,6h
2025-05-26 18:00:00,0.7513,0.7632,0.7536,0.7604,4078832.58730804,ADA-USD,6h
2025-05-27 00:00:00,0.7435,0.7637,0.7605,0.756,4655750.33132006,ADA-USD,6h
2025-05-27 06:00:00,0.7557,0.7733,0.7558,0.7697,4188108.72810974,ADA-USD,6h
2025-05-27 12:00:00,0.756,0.7759,0.7695,0.7714,9110151.21687389,ADA-USD,6h
2025-05-27 18:00:00,0.7546,0.7734,0.7713,0.7587,8163869.24001589,ADA-USD,6h
2025-05-28 00:00:00,0.7506,0.7608,0.7587,0.7525,5329304.8494282,ADA-USD,6h
2025-05-28 06:00:00,0.7461,0.7605,0.7526,0.7592,2485746.63252937,ADA-USD,6h
2025-05-28 12:00:00,0.7407,0.7616,0.7594,0.7468,7049584.80123166,ADA-USD,6h
2025-05-28 18:00:00,0.7321,0.75,0.7467,0.7479,9153827.88971206,ADA-USD,6h
2025-05-29 00:00:00,0.744,0.7654,0.748,0.7499,8461076.25782291,ADA-USD,6h
2025-05-29 06:00:00,0.7469,0.757,0.7496,0.7564,3737010.16562883,ADA-USD,6h
2025-05-29 12:00:00,0.7333,0.7568,0.7564,0.7378,8337968.1932861,ADA-USD,6h
2025-05-29 18:00:00,0.72,0.7398,0.7378,0.7223,10560532.38456846,ADA-USD,6h
2025-05-30 00:00:00,0.6851,0.7281,0.7222,0.7114,17045042.71930649,ADA-USD,6h
2025-05-30 06:00:00,0.6945,0.7117,0.7114,0.7094,6390285.50609419,ADA-USD,6h
2025-05-30 12:00:00,0.6823,0.7119,0.7092,0.6974,14966587.18006498,ADA-USD,6h
2025-05-30 18:00:00,0.6832,0.7155,0.6974,0.6893,9765540.2817079,ADA-USD,6h
2025-05-31 00:00:00,0.6567,0.6913,0.6895,0.6663,15697900.04242861,ADA-USD,6h
2025-05-31 06:00:00,0.6631,0.673,0.6663,0.6643,5533903.05381455,ADA-USD,6h
2025-05-31 12:00:00,0.6636,0.6888,0.6643,0.6819,9560933.44735696,ADA-USD,6h
2025-05-31 18:00:00,0.6817,0.6954,0.6818,0.6863,5961645.05353561,ADA-USD,6h
2025-06-01 00:00:00,0.6723,0.6866,0.6863,0.6801,3213656.85924203,ADA-USD,6h
2025-06-01 06:00:00,0.6547,0.6801,0.6798,0.6644,7049615.03104721,ADA-USD,6h
2025-06-01 12:00:00,0.6576,0.6858,0.6644,0.6827,6657413.13335405,ADA-USD,6h
2025-06-01 18:00:00,0.6699,0.6884,0.6826,0.6857,7905072.49160829,ADA-USD,6h
2025-06-02 00:00:00,0.6744,0.6901,0.6859,0.679,4438793.51043714,ADA-USD,6h
2025-06-02 06:00:00,0.664,0.6848,0.679,0.6668,4885985.06180409,ADA-USD,6h
2025-06-02 12:00:00,0.6647,0.677,0.6667,0.6743,7755247.52091167,ADA-USD,6h
2025-06-02 18:00:00,0.6698,0.6924,0.6742,0.69,7894279.29256057,ADA-USD,6h
2025-06-03 00:00:00,0.6879,0.7077,0.6901,0.6963,7248841.57394864,ADA-USD,6h
2025-06-03 06:00:00,0.6886,0.6989,0.6962,0.6923,3811836.53985704,ADA-USD,6h
2025-06-03 12:00:00,0.6833,0.6976,0.6922,0.6895,9633419.69742842,ADA-USD,6h
2025-06-03 18:00:00,0.6743,0.6933,0.6895,0.6842,7038199.56981127,ADA-USD,6h
2025-06-04 00:00:00,0.683,0.703,0.6841,0.692,7555010.72235522,ADA-USD,6h
2025-06-04 06:00:00,0.6913,0.7022,0.692,0.6934,3994214.45243527,ADA-USD,6h
2025-06-04 12:00:00,0.6777,0.6941,0.6936,0.6811,5289037.67710931,ADA-USD,6h
2025-06-04 18:00:00,0.6623,0.6826,0.6813,0.6657,6877458.130578,ADA-USD,6h
2025-06-05 00:00:00,0.6656,0.6815,0.6659,0.6739,4147134.64265648,ADA-USD,6h
2025-06-05 06:00:00,0.6736,0.6847,0.6741,0.6815,5543440.06863774,ADA-USD,6h
2025-06-05 12:00:00,0.6595,0.6901,0.6814,0.6625,11227524.74244698,ADA-USD,6h
2025-06-05 18:00:00,0.619,0.6639,0.6625,0.626,30958789.3265501,ADA-USD,6h
2025-06-06 00:00:00,0.6214,0.6418,0.6261,0.6404,9622042.27836733,ADA-USD,6h
2025-06-06 06:00:00,0.638,0.6532,0.6402,0.6511,7731118.8328432,ADA-USD,6h
2025-06-06 12:00:00,0.6512,0.6728,0.6516,0.6651,11929373.22072679,ADA-USD,6h
2025-06-06 18:00:00,0.6534,0.6668,0.6652,0.6559,6055388.91889363,ADA-USD,6h
2025-06-07 00:00:00,0.65,0.6654,0.6558,0.6646,4027431.16954946,ADA-USD,6h
2025-06-07 06:00:00,0.6616,0.6709,0.6647,0.6684,2410280.71454952,ADA-USD,6h
2025-06-07 12:00:00,0.6624,0.6713,0.6686,0.6625,3340758.63951014,ADA-USD,6h
2025-06-07 18:00:00,0.6623,0.6703,0.6623,0.6648,2499723.94772898,ADA-USD,6h
2025-06-08 00:00:00,0.656,0.6652,0.6646,0.6586,3115743.37325802,ADA-USD,6h
2025-06-08 06:00:00,0.6522,0.6665,0.6588,0.6649,3624811.92621807,ADA-USD,6h
2025-06-08 12:00:00,0.6634,0.6799,0.6649,0.6713,7756154.88760105,ADA-USD,6h
2025-06-08 18:00:00,0.6679,0.6794,0.6713,0.6706,4939255.70250796,ADA-USD,6h
2025-06-09 00:00:00,0.6577,0.6723,0.6704,0.6578,2980697.27642395,ADA-USD,6h
2025-06-09 06:00:00,0.6568,0.678,0.658,0.676,4573452.06919737,ADA-USD,6h
2025-06-09 12:00:00,0.666,0.6868,0.6762,0.6828,7893648.21641119,ADA-USD,6h
2025-06-09 18:00:00,0.6796,0.7082,0.6832,0.7052,9388160.00272166,ADA-USD,6h
2025-06-10 00:00:00,0.6962,0.716,0.7052,0.6982,8001805.15378448,ADA-USD,6h
2025-06-10 06:00:00,0.6864,0.7076,0.698,0.7051,5086929.37430966,ADA-USD,6h
2025-06-10 12:00:00,0.688,0.7129,0.7051,0.702,12418942.82776981,ADA-USD,6h
2025-06-10 18:00:00,0.6994,0.7205,0.7021,0.7169,10631413.31407149,ADA-USD,6h
2025-06-11 00:00:00,0.7092,0.7229,0.7167,0.7196,6070102.30688721,ADA-USD,6h
2025-06-11 06:00:00,0.7113,0.7289,0.7198,0.7148,8307453.97863129,ADA-USD,6h
2025-06-11 12:00:00,0.71,0.7316,0.715,0.7107,11639928.74134643,ADA-USD,6h
2025-06-11 18:00:00,0.691,0.7128,0.7105,0.6982,9488886.82349089,ADA-USD,6h
2025-06-12 00:00:00,0.6872,0.7004,0.6981,0.6932,6353219.87311783,ADA-USD,6h
2025-06-12 06:00:00,0.6755,0.6943,0.6931,0.6774,4728190.03019777,ADA-USD,6h
2025-06-12 12:00:00,0.6764,0.6904,0.6775,0.6869,7070965.02535588,ADA-USD,6h
2025-06-12 18:00:00,0.657,0.6943,0.6868,0.6617,12786815.80413864,ADA-USD,6h
2025-06-13 00:00:00,0.618,0.6618,0.6617,0.6322,26197986.07429049,ADA-USD,6h
2025-06-13 06:00:00,0.6255,0.6428,0.6322,0.642,8937956.02132684,ADA-USD,6h
2025-06-13 12:00:00,0.628,0.6454,0.642,0.6378,11212625.13799242,ADA-USD,6h
2025-06-13 18:00:00,0.6283,0.6429,0.6377,0.6424,5873247.97721916,ADA-USD,6h
2025-06-14 00:00:00,0.6338,0.6431,0.6424,0.6387,4023664.81148844,ADA-USD,6h
2025-06-14 06:00:00,0.6317,0.639,0.6385,0.6364,2426283.41729697,ADA-USD,6h
2025-06-14 12:00:00,0.615,0.6378,0.6363,0.6225,6158580.53269348,ADA-USD,6h
2025-06-14 18:00:00,0.6135,0.6276,0.6223,0.6251,4696039.15837865,ADA-USD,6h
2025-06-15 00:00:00,0.6239,0.6345,0.6251,0.6345,2396748.27379993,ADA-USD,6h
2025-06-15 06:00:00,0.6217,0.6352,0.6346,0.6264,2493249.65315143,ADA-USD,6h
2025-06-15 12:00:00,0.6259,0.6361,0.6265,0.6304,4463283.47831884,ADA-USD,6h
2025-06-15 18:00:00,0.6209,0.635,0.6305,0.6335,3016082.56502998,ADA-USD,6h
2025-06-16 00:00:00,0.6248,0.646,0.6336,0.6444,6419767.53366692,ADA-USD,6h
2025-06-16 06:00:00,0.6391,0.6506,0.6445,0.646,3182891.75962762,ADA-USD,6h
2025-06-16 12:00:00,0.6432,0.6574,0.6462,0.6518,7987614.87067058,ADA-USD,6h
2025-06-16 18:00:00,0.628,0.6579,0.6517,0.6305,10010131.64280841,ADA-USD,6h
2025-06-17 00:00:00,0.6192,0.6427,0.6303,0.6335,7594514.72038799,ADA-USD,6h
2025-06-17 06:00:00,0.6206,0.6357,0.6334,0.6219,3438376.39072837,ADA-USD,6h
2025-06-17 12:00:00,0.6,0.628,0.6219,0.6042,10990860.31315383,ADA-USD,6h
2025-06-17 18:00:00,0.6038,0.6223,0.6041,0.6091,6738616.99269634,ADA-USD,6h
2025-06-18 00:00:00,0.6085,0.6219,0.6092,0.6184,3161222.79198782,ADA-USD,6h
2025-06-18 06:00:00,0.6,0.6189,0.6186,0.6072,4022592.49119241,ADA-USD,6h
2025-06-18 12:00:00,0.5884,0.6081,0.6072,0.5957,15789527.54675319,ADA-USD,6h
2025-06-18 18:00:00,0.5882,0.6101,0.5958,0.6042,8969811.30989494,ADA-USD,6h
2025-06-19 00:00:00,0.5988,0.6118,0.6042,0.602,4877102.33111816,ADA-USD,6h
2025-06-19 06:00:00,0.5969,0.604,0.6019,0.599,2286150.69777757,ADA-USD,6h
2025-06-19 12:00:00,0.5901,0.6012,0.5989,0.5981,5857049.63281086,ADA-USD,6h
2025-06-19 18:00:00,0.5969,0.6039,0.5979,0.6021,4626422.88408658,ADA-USD,6h
2025-06-20 00:00:00,0.5872,0.6042,0.6023,0.5921,3939202.84926496,ADA-USD,6h
2025-06-20 06:00:00,0.5902,0.607,0.5925,0.6025,4159808.53212584,ADA-USD,6h
2025-06-20 12:00:00,0.5613,0.6057,0.6025,0.5761,15341423.14815059,ADA-USD,6h
2025-06-20 18:00:00,0.5712,0.5842,0.576,0.5776,6511474.40546854,ADA-USD,6h
2025-06-21 00:00:00,0.5772,0.5872,0.5776,0.5858,3786156.66352907,ADA-USD,6h
2025-06-21 06:00:00,0.5816,0.5885,0.5859,0.5842,2498998.64447067,ADA-USD,6h
2025-06-21 12:00:00,0.5679,0.5856,0.5841,0.5696,4819336.24502749,ADA-USD,6h
2025-06-21 18:00:00,0.5446,0.5746,0.5696,0.5564,16008734.4019652,ADA-USD,6h
2025-06-22 00:00:00,0.5453,0.5644,0.5566,0.5557,8653213.27867481,ADA-USD,6h
2025-06-22 06:00:00,0.5388,0.5582,0.5558,0.5466,6033527.54593421,ADA-USD,6h
2025-06-22 12:00:00,0.5205,0.5515,0.5464,0.533,27803376.38932467,ADA-USD,6h
2025-06-22 18:00:00,0.5101,0.5423,0.5329,0.5421,18174768.75191894,ADA-USD,6h
2025-06-23 00:00:00,0.5396,0.5502,0.542,0.5488,6950434.73639902,ADA-USD,6h
2025-06-23 06:00:00,0.5402,0.5525,0.5489,0.5435,4299339.94793908,ADA-USD,6h
2025-06-23 12:00:00,0.5291,0.5573,0.5435,0.5487,17359905.83712914,ADA-USD,6h
2025-06-23 18:00:00,0.5488,0.5871,0.5489,0.5827,23053020.14804661,ADA-USD,6h
2025-06-24 00:00:00,0.5767,0.5938,0.5827,0.5932,6738761.73568701,ADA-USD,6h
2025-06-24 06:00:00,0.5775,0.594,0.5933,0.5852,7021665.6562792,ADA-USD,6h
2025-06-24 12:00:00,0.5798,0.593,0.5852,0.5864,10995128.8935654,ADA-USD,6h
2025-06-24 18:00:00,0.5794,0.5883,0.5865,0.5877,5071095.33122488,ADA-USD,6h
2025-06-25 00:00:00,0.5806,0.5912,0.5879,0.5816,4735507.04271637,ADA-USD,6h
2025-06-25 06:00:00,0.5748,0.5867,0.5817,0.5807,5528250.91121223,ADA-USD,6h
2025-06-25 12:00:00,0.564,0.5859,0.5807,0.5698,12513261.03165961,ADA-USD,6h
2025-06-25 18:00:00,0.5632,0.575,0.5697,0.5673,5254962.92982061,ADA-USD,6h
2025-06-26 00:00:00,0.5662,0.582,0.5673,0.5702,5263734.57397132,ADA-USD,6h
2025-06-26 06:00:00,0.5631,0.5755,0.5701,0.5638,3513374.67916877,ADA-USD,6h
2025-06-26 12:00:00,0.55,0.5643,0.5637,0.554,7501675.86448789,ADA-USD,6h
2025-06-26 18:00:00,0.5512,0.5685,0.5541,0.5547,7235538.98293539,ADA-USD,6h
2025-06-27 00:00:00,0.5483,0.5618,0.5547,0.5551,3431337.44322365,ADA-USD,6h
2025-06-27 06:00:00,0.5527,0.5605,0.555,0.5546,2590423.67631831,ADA-USD,6h
2025-06-27 12:00:00,0.5473,0.5633,0.5547,0.5502,8424075.20098616,ADA-USD,6h
2025-06-27 18:00:00,0.5452,0.5615,0.5501,0.559,5323890.26364034,ADA-USD,6h
2025-06-28 00:00:00,0.5565,0.5637,0.5589,0.5588,4884899.34233982,ADA-USD,6h
2025-06-28 06:00:00,0.5587,0.5647,0.559,0.5594,1961888.14872056,ADA-USD,6h
2025-06-28 12:00:00,0.5557,0.5684,0.5594,0.5684,4035995.09494785,ADA-USD,6h
2025-06-28 18:00:00,0.5627,0.5689,0.5685,0.5659,2611943.56927872,ADA-USD,6h
2025-06-29 00:00:00,0.5608,0.5688,0.5658,0.5622,3313096.07915398,ADA-USD,6h
2025-06-29 06:00:00,0.5593,0.5668,0.5623,0.5655,2029888.78646601,ADA-USD,6h
2025-06-29 12:00:00,0.5552,0.5672,0.5655,0.5576,5834204.97428571,ADA-USD,6h
2025-06-29 18:00:00,0.5556,0.5857,0.5574,0.5774,12974864.1895225,ADA-USD,6h
2025-06-30 00:00:00,0.5652,0.5799,0.5777,0.5698,7952643.88536038,ADA-USD,6h
2025-06-30 06:00:00,0.5591,0.5701,0.5697,0.5642,5571181.51256356,ADA-USD,6h
2025-06-30 12:00:00,0.5563,0.5725,0.5642,0.57,10204587.90839967,ADA-USD,6h
2025-06-30 18:00:00,0.5699,0.5906,0.57,0.5724,11089355.15186788,ADA-USD,6h
2025-07-01 00:00:00,0.5611,0.5768,0.5724,0.5634,5281838.12831535,ADA-USD,6h
2025-07-01 06:00:00,0.5585,0.5681,0.5632,0.5605,3736987.65139149,ADA-USD,6h
2025-07-01 12:00:00,0.5431,0.561,0.5605,0.5461,10945387.83105813,ADA-USD,6h
2025-07-01 18:00:00,0.5367,0.5461,0.5461,0.5423,8066410.99422145,ADA-USD,6h
2025-07-02 00:00:00,0.5388,0.5551,0.5423,0.5547,6005283.07951133,ADA-USD,6h
2025-07-02 06:00:00,0.5538,0.565,0.5547,0.5611,4320902.26358972,ADA-USD,6h
2025-07-02 12:00:00,0.557,0.5999,0.5612,0.594,17775123.98646712,ADA-USD,6h
2025-07-02 18:00:00,0.5831,0.5994,0.5939,0.5841,12363964.03887901,ADA-USD,6h
2025-07-03 00:00:00,0.5827,0.6024,0.5842,0.6019,8014751.67589933,ADA-USD,6h
2025-07-03 06:00:00,0.5997,0.611,0.6018,0.6038,8569226.83952342,ADA-USD,6h
2025-07-03 12:00:00,0.587,0.6118,0.604,0.5937,11915088.64369659,ADA-USD,6h
2025-07-03 18:00:00,0.5937,0.6034,0.5937,0.5995,4321476.15079436,ADA-USD,6h
2025-07-04 00:00:00,0.5884,0.6037,0.5996,0.5911,5200623.9027588,ADA-USD,6h
2025-07-04 06:00:00,0.5744,0.591,0.591,0.5818,5403243.74708172,ADA-USD,6h
2025-07-04 12:00:00,0.5632,0.5834,0.5818,0.572,7652239.60426911,ADA-USD,6h
2025-07-04 18:00:00,0.5657,0.5766,0.5719,0.5725,3084517.17716975,ADA-USD,6h
2025-07-05 00:00:00,0.5689,0.5797,0.5726,0.5782,3562598.64306643,ADA-USD,6h
2025-07-05 06:00:00,0.5709,0.5835,0.5781,0.5754,2301056.08204763,ADA-USD,6h
2025-07-05 12:00:00,0.5715,0.5776,0.5755,0.5755,2235345.49295234,ADA-USD,6h
2025-07-05 18:00:00,0.5698,0.5769,0.5755,0.5757,2149025.14243286,ADA-USD,6h
2025-07-06 00:00:00,0.5708,0.5768,0.5757,0.5733,2085035.0246919,ADA-USD,6h
2025-07-06 06:00:00,0.572,0.5797,0.5732,0.5783,1848496.36275373,ADA-USD,6h
2025-07-06 12:00:00,0.5769,0.5907,0.5785,0.5852,4620881.18094902,ADA-USD,6h
2025-07-06 18:00:00,0.5786,0.5932,0.5852,0.5859,4712848.09247636,ADA-USD,6h
2025-07-07 00:00:00,0.5821,0.5946,0.586,0.5866,5427587.29301088,ADA-USD,6h
2025-07-07 06:00:00,0.5817,0.5909,0.5866,0.5875,3449719.49228696,ADA-USD,6h
2025-07-07 12:00:00,0.5784,0.5909,0.5875,0.5803,8760034.35285421,ADA-USD,6h
2025-07-07 18:00:00,0.5736,0.5852,0.5803,0.5804,6478070.77573759,ADA-USD,6h
2025-07-08 00:00:00,0.5727,0.5839,0.5806,0.5749,4967578.25006353,ADA-USD,6h
2025-07-08 06:00:00,0.5722,0.5875,0.5747,0.5857,4781656.31608109,ADA-USD,6h
2025-07-08 12:00:00,0.5793,0.5906,0.5856,0.5904,8528624.32912513,ADA-USD,6h
2025-07-08 18:00:00,0.5852,0.592,0.5905,0.5885,4110366.10870943,ADA-USD,6h
2025-07-09 00:00:00,0.5841,0.5998,0.5885,0.5961,6350904.48616479,ADA-USD,6h
2025-07-09 06:00:00,0.5924,0.6109,0.5959,0.6095,7924581.2676463,ADA-USD,6h
2025-07-09 12:00:00,0.6011,0.6209,0.6096,0.6073,13802611.57325069,ADA-USD,6h
2025-07-09 18:00:00,0.6072,0.6278,0.6074,0.6234,19864508.71808411,ADA-USD,6h
2025-07-10 00:00:00,0.6176,0.6268,0.6236,0.6206,6050262.61454992,ADA-USD,6h
2025-07-10 06:00:00,0.6187,0.6411,0.6206,0.6307,10771624.26682157,ADA-USD,6h
2025-07-10 12:00:00,0.6215,0.6601,0.6307,0.658,17073968.12641081,ADA-USD,6h
2025-07-10 18:00:00,0.6483,0.6803,0.6583,0.6776,22778537.78280526,ADA-USD,6h
2025-07-11 00:00:00,0.6681,0.7014,0.6776,0.6959,16775045.00498847,ADA-USD,6h
2025-07-11 06:00:00,0.6855,0.7375,0.696,0.7278,23462607.14365885,ADA-USD,6h
2025-07-11 12:00:00,0.7232,0.7771,0.7278,0.734,76380722.6482079,ADA-USD,6h
2025-07-11 18:00:00,0.6932,0.7461,0.7339,0.7093,30966151.14931774,ADA-USD,6h
2025-07-12 00:00:00,0.6992,0.7373,0.7094,0.7178,20217980.88731026,ADA-USD,6h
2025-07-12 06:00:00,0.7114,0.7352,0.7176,0.7233,10360448.90339009,ADA-USD,6h
2025-07-12 12:00:00,0.6883,0.7253,0.7234,0.7072,20721526.0092078,ADA-USD,6h
2025-07-12 18:00:00,0.6957,0.7107,0.7073,0.7092,7317872.95029821,ADA-USD,6h
2025-07-13 00:00:00,0.7051,0.729,0.7092,0.7219,10504493.4274977,ADA-USD,6h
2025-07-13 06:00:00,0.7216,0.7486,0.7219,0.7296,19424310.86951394,ADA-USD,6h
2025-07-13 12:00:00,0.7277,0.7565,0.7294,0.7416,23764999.48983961,ADA-USD,6h
2025-07-13 18:00:00,0.7268,0.7531,0.7418,0.737,15227074.59622866,ADA-USD,6h
2025-07-14 00:00:00,0.7347,0.7687,0.7372,0.7557,34079914.32612366,ADA-USD,6h
2025-07-14 06:00:00,0.7432,0.766,0.7557,0.7469,15490523.91017264,ADA-USD,6h
2025-07-14 12:00:00,0.7277,0.7614,0.747,0.739,25167381.63942352,ADA-USD,6h
2025-07-14 18:00:00,0.7212,0.7399,0.739,0.7353,12095913.83810069,ADA-USD,6h
2025-07-15 00:00:00,0.7106,0.7396,0.7352,0.7254,18654893.24810151,ADA-USD,6h
2025-07-15 06:00:00,0.7136,0.7371,0.7253,0.7273,10747289.37907888,ADA-USD,6h
2025-07-15 12:00:00,0.7111,0.7595,0.7273,0.7462,23344544.88161711,ADA-USD,6h
2025-07-15 18:00:00,0.7191,0.7496,0.7462,0.7468,15989348.1618018,ADA-USD,6h
2025-07-16 00:00:00,0.733,0.7512,0.7468,0.7414,10232697.20849328,ADA-USD,6h
2025-07-16 06:00:00,0.739,0.755,0.7414,0.7447,7813876.70650445,ADA-USD,6h
2025-07-16 12:00:00,0.7428,0.7695,0.7448,0.7645,26152351.83923197,ADA-USD,6h
2025-07-16 18:00:00,0.7592,0.7849,0.7647,0.7647,24539615.3410945,ADA-USD,6h
2025-07-17 00:00:00,0.7399,0.7729,0.7649,0.7698,16650421.23358688,ADA-USD,6h
2025-07-17 06:00:00,0.7649,0.8255,0.7697,0.8157,28506362.2744463,ADA-USD,6h
2025-07-17 12:00:00,0.7857,0.8193,0.8157,0.8027,29605600.3072326,ADA-USD,6h
2025-07-17 18:00:00,0.7885,0.8393,0.8028,0.8223,37511435.1083478,ADA-USD,6h
2025-07-18 00:00:00,0.8197,0.8804,0.8225,0.879,42812116.39282082,ADA-USD,6h
2025-07-18 06:00:00,0.8406,0.8961,0.879,0.8511,30629983.10537587,ADA-USD,6h
2025-07-18 12:00:00,0.8113,0.8632,0.8512,0.8311,36418309.02202969,ADA-USD,6h
2025-07-18 18:00:00,0.7961,0.8314,0.8312,0.8166,21012857.42443043,ADA-USD,6h
2025-07-19 00:00:00,0.8022,0.838,0.8164,0.8294,10350928.39821544,ADA-USD,6h
2025-07-19 06:00:00,0.8179,0.8359,0.8293,0.8197,8500446.29506737,ADA-USD,6h
2025-07-19 12:00:00,0.8109,0.83,0.8196,0.8216,9194969.98061293,ADA-USD,6h
2025-07-19 18:00:00,0.8168,0.8357,0.8214,0.8312,9200136.6682139,ADA-USD,6h
2025-07-20 00:00:00,0.8236,0.8478,0.8313,0.8414,12641956.26357674,ADA-USD,6h
2025-07-20 06:00:00,0.8354,0.8629,0.8411,0.8514,13707738.68839634,ADA-USD,6h
2025-07-20 12:00:00,0.847,0.8766,0.8511,0.8588,20436025.40830257,ADA-USD,6h
2025-07-20 18:00:00,0.8375,0.8789,0.859,0.8584,22375152.89458229,ADA-USD,6h
2025-07-21 00:00:00,0.8417,0.8808,0.8585,0.8808,16887432.77733233,ADA-USD,6h
2025-07-21 06:00:00,0.8786,0.9116,0.8809,0.9085,19427551.05557853,ADA-USD,6h
2025-07-21 12:00:00,0.888,0.935,0.9087,0.9002,44245311.47112305,ADA-USD,6h
2025-07-21 18:00:00,0.8728,0.9043,0.9,0.8896,20669023.46517369,ADA-USD,6h
2025-07-22 00:00:00,0.8556,0.9102,0.8898,0.8714,27365201.18681504,ADA-USD,6h
2025-07-22 06:00:00,0.8528,0.884,0.8716,0.8784,12707943.35484467,ADA-USD,6h
2025-07-22 12:00:00,0.8568,0.8977,0.8784,0.8836,25500963.73854496,ADA-USD,6h
2025-07-22 18:00:00,0.8755,0.9047,0.8836,0.9039,17099169.1345576,ADA-USD,6h
2025-07-23 00:00:00,0.8791,0.9042,0.9041,0.8834,11491055.87329017,ADA-USD,6h
2025-07-23 06:00:00,0.8552,0.8839,0.8835,0.8629,10523449.5691655,ADA-USD,6h
2025-07-23 12:00:00,0.7993,0.8632,0.8629,0.8134,38201748.61533179,ADA-USD,6h
2025-07-23 18:00:00,0.786,0.8215,0.8139,0.8164,25627568.12891925,ADA-USD,6h
2025-07-24 00:00:00,0.7783,0.8259,0.8164,0.7794,17138992.03226679,ADA-USD,6h
2025-07-24 06:00:00,0.7618,0.8173,0.7794,0.8158,22890946.26758915,ADA-USD,6h
2025-07-24 12:00:00,0.7972,0.8389,0.8157,0.8239,31028273.63374889,ADA-USD,6h
2025-07-24 18:00:00,0.8011,0.8281,0.8238,0.8063,15307802.18576484,ADA-USD,6h
2025-07-25 00:00:00,0.7831,0.8124,0.8064,0.7967,17057869.49936662,ADA-USD,6h
2025-07-25 06:00:00,0.7857,0.8176,0.7969,0.8105,11148486.69200868,ADA-USD,6h
2025-07-25 12:00:00,0.7748,0.8187,0.8107,0.7953,19543090.98976995,ADA-USD,6h
2025-07-25 18:00:00,0.7895,0.8182,0.7954,0.8159,11475081.35310763,ADA-USD,6h
2025-07-26 00:00:00,0.8122,0.828,0.8161,0.8255,7202979.03901451,ADA-USD,6h
2025-07-26 06:00:00,0.8178,0.8296,0.8254,0.8238,4088254.10843863,ADA-USD,6h
2025-07-26 12:00:00,0.8213,0.839,0.8238,0.8271,9448318.51295372,ADA-USD,6h
2025-07-26 18:00:00,0.8188,0.8327,0.8274,0.82,7712453.57577356,ADA-USD,6h
2025-07-27 00:00:00,0.8174,0.8397,0.82,0.8341,7771076.00928426,ADA-USD,6h
2025-07-27 06:00:00,0.8146,0.8348,0.8343,0.8237,5314346.65416313,ADA-USD,6h
2025-07-27 12:00:00,0.8148,0.834,0.8236,0.827,8592653.35987657,ADA-USD,6h
2025-07-27 18:00:00,0.8233,0.8396,0.8269,0.8323,10038260.25297386,ADA-USD,6h
2025-07-28 00:00:00,0.8243,0.856,0.8323,0.8526,13799285.32876749,ADA-USD,6h
2025-07-28 06:00:00,0.8239,0.8546,0.8527,0.8297,9455692.87404678,ADA-USD,6h
2025-07-28 12:00:00,0.7985,0.8347,0.8298,0.8006,18947536.79283747,ADA-USD,6h
2025-07-28 18:00:00,0.7856,0.822,0.8004,0.7932,12289436.33169882,ADA-USD,6h
2025-07-29 00:00:00,0.78,0.8006,0.7933,0.7965,10484215.87939735,ADA-USD,6h
2025-07-29 06:00:00,0.7896,0.8098,0.7966,0.7961,6091140.86041521,ADA-USD,6h
2025-07-29 12:00:00,0.7687,0.8053,0.7962,0.7822,14151050.33207672,ADA-USD,6h
2025-07-29 18:00:00,0.7699,0.7857,0.7822,0.7828,8397265.70542525,ADA-USD,6h
2025-07-30 00:00:00,0.7734,0.7897,0.7828,0.7836,5820173.563218,ADA-USD,6h
2025-07-30 06:00:00,0.7522,0.7868,0.7837,0.7565,8098600.45880131,ADA-USD,6h
2025-07-30 12:00:00,0.7523,0.7792,0.7563,0.7751,11067917.96975796,ADA-USD,6h
2025-07-30 18:00:00,0.7296,0.7788,0.7751,0.7633,18544781.02389285,ADA-USD,6h
2025-07-31 00:00:00,0.7621,0.7841,0.7633,0.7816,6933375.92177687,ADA-USD,6h
2025-07-31 06:00:00,0.7752,0.7896,0.7815,0.7785,5320589.63876058,ADA-USD,6h
2025-07-31 12:00:00,0.7526,0.7794,0.7784,0.7573,10522870.7705238,ADA-USD,6h
2025-07-31 18:00:00,0.7356,0.7615,0.7571,0.7391,10517616.62113208,ADA-USD,6h
2025-08-01 00:00:00,0.7172,0.741,0.739,0.7253,17237481.73810603,ADA-USD,6h
2025-08-01 06:00:00,0.71,0.7285,0.7252,0.727,10490651.41449392,ADA-USD,6h
2025-08-01 12:00:00,0.7086,0.738,0.7268,0.7224,17827812.00906297,ADA-USD,6h
2025-08-01 18:00:00,0.6955,0.7335,0.7223,0.7139,20111437.16041876,ADA-USD,6h
2025-08-02 00:00:00,0.7107,0.7275,0.7138,0.7244,5503311.53289121,ADA-USD,6h
2025-08-02 06:00:00,0.7055,0.7248,0.7243,0.7146,5128393.47670541,ADA-USD,6h
2025-08-02 12:00:00,0.6903,0.7171,0.7145,0.6934,10636042.47211763,ADA-USD,6h
2025-08-02 18:00:00,0.6841,0.7051,0.6935,0.6972,12546733.95561188,ADA-USD,6h
2025-08-03 00:00:00,0.6868,0.718,0.6974,0.7135,9072201.84921432,ADA-USD,6h
2025-08-03 06:00:00,0.7123,0.7296,0.7138,0.7243,3727468.25511763,ADA-USD,6h
2025-08-03 12:00:00,0.7177,0.7292,0.7244,0.7278,5766748.51011601,ADA-USD,6h
2025-08-03 18:00:00,0.7221,0.7312,0.7278,0.7271,4213715.36014563,ADA-USD,6h
2025-08-04 00:00:00,0.7252,0.7435,0.7274,0.7351,7526669.0588325,ADA-USD,6h
2025-08-04 06:00:00,0.7298,0.7432,0.735,0.7383,3749381.34767077,ADA-USD,6h
2025-08-04 12:00:00,0.7363,0.7591,0.7383,0.7511,11240552.69182113,ADA-USD,6h
2025-08-04 18:00:00,0.7413,0.7578,0.7509,0.755,7082667.58858191,ADA-USD,6h
2025-08-05 00:00:00,0.7446,0.76,0.755,0.7496,5011955.26867007,ADA-USD,6h
2025-08-05 06:00:00,0.7328,0.7584,0.7497,0.752,5442679.85249158,ADA-USD,6h
2025-08-05 12:00:00,0.7192,0.7523,0.752,0.7283,12691337.42264185,ADA-USD,6h
2025-08-05 18:00:00,0.7119,0.7294,0.7285,0.7256,6383550.42557763,ADA-USD,6h
2025-08-06 00:00:00,0.7107,0.7301,0.7258,0.7254,4449578.03689414,ADA-USD,6h
2025-08-06 06:00:00,0.7196,0.7296,0.7253,0.7262,2991432.03829627,ADA-USD,6h
2025-08-06 12:00:00,0.7197,0.7447,0.7263,0.7436,7677793.98163598,ADA-USD,6h
2025-08-06 18:00:00,0.7378,0.7481,0.7435,0.7413,3838683.71733618,ADA-USD,6h
2025-08-07 00:00:00,0.734,0.7461,0.7415,0.7401,3005235.97595901,ADA-USD,6h
2025-08-07 06:00:00,0.7393,0.7702,0.7401,0.7676,8154138.41467764,ADA-USD,6h
2025-08-07 12:00:00,0.7417,0.7741,0.7676,0.7539,10874064.96399555,ADA-USD,6h
2025-08-07 18:00:00,0.7506,0.7889,0.754,0.7877,14301604.38550326,ADA-USD,6h
2025-08-08 00:00:00,0.7781,0.8014,0.7876,0.7897,16541446.08376376,ADA-USD,6h
2025-08-08 06:00:00,0.7887,0.8054,0.7897,0.7999,8369957.19172862,ADA-USD,6h
2025-08-08 12:00:00,0.776,0.8074,0.7999,0.7993,14550474.99854577,ADA-USD,6h
2025-08-08 18:00:00,0.79,0.8009,0.7994,0.7912,6313938.29292985,ADA-USD,6h
2025-08-09 00:00:00,0.7898,0.8172,0.7913,0.8115,5860177.88388579,ADA-USD,6h
2025-08-09 06:00:00,0.8009,0.8177,0.8114,0.807,7337904.82348662,ADA-USD,6h
2025-08-09 12:00:00,0.7967,0.8208,0.8072,0.8182,12154266.00586084,ADA-USD,6h
2025-08-09 18:00:00,0.8016,0.8212,0.8182,0.8029,9000392.44506374,ADA-USD,6h
2025-08-10 00:00:00,0.8011,0.8343,0.8032,0.8132,11992672.20483997,ADA-USD,6h
2025-08-10 06:00:00,0.7844,0.8134,0.8129,0.7904,6794816.98938217,ADA-USD,6h
2025-08-10 12:00:00,0.7873,0.8058,0.7905,0.8033,5698340.70138201,ADA-USD,6h
2025-08-10 18:00:00,0.7911,0.8086,0.8033,0.8015,5997310.80429243,ADA-USD,6h
2025-08-11 00:00:00,0.7969,0.8336,0.8016,0.8219,12990367.23120807,ADA-USD,6h
2025-08-11 06:00:00,0.7862,0.8255,0.8219,0.7907,8785169.90506471,ADA-USD,6h
2025-08-11 12:00:00,0.7829,0.8046,0.7907,0.7906,14129315.57317028,ADA-USD,6h
2025-08-11 18:00:00,0.7664,0.7947,0.7904,0.773,11182115.21358008,ADA-USD,6h
2025-08-12 00:00:00,0.7719,0.7888,0.773,0.7772,6912300.72696019,ADA-USD,6h
2025-08-12 06:00:00,0.7657,0.7852,0.7771,0.7752,5838996.84215837,ADA-USD,6h
2025-08-12 12:00:00,0.7732,0.8349,0.7749,0.8268,27608704.22986716,ADA-USD,6h
2025-08-12 18:00:00,0.8267,0.8575,0.827,0.841,24232655.22988444,ADA-USD,6h
2025-08-13 00:00:00,0.8326,0.8622,0.8408,0.842,14566623.20762395,ADA-USD,6h
2025-08-13 06:00:00,0.8378,0.8875,0.8418,0.8798,14141838.29632466,ADA-USD,6h
2025-08-13 12:00:00,0.8617,0.8968,0.8797,0.8728,22707382.57529569,ADA-USD,6h
2025-08-13 18:00:00,0.8669,0.9225,0.8726,0.9045,26216462.19120208,ADA-USD,6h
2025-08-14 00:00:00,0.9042,1.0084,0.9045,0.9946,70818062.82697833,ADA-USD,6h
2025-08-14 06:00:00,0.9601,1.0196,0.9945,0.9629,46111507.44920783,ADA-USD,6h
2025-08-14 12:00:00,0.8871,0.9759,0.9629,0.9074,78333012.39174986,ADA-USD,6h
2025-08-14 18:00:00,0.8784,0.9373,0.9071,0.9264,34402380.86362964,ADA-USD,6h
2025-08-15 00:00:00,0.9114,0.9462,0.9264,0.9391,27217915.74856857,ADA-USD,6h
2025-08-15 06:00:00,0.9382,0.9668,0.9389,0.9429,23297456.27467629,ADA-USD,6h
2025-08-15 12:00:00,0.9109,0.9597,0.943,0.9424,47289560.42392531,ADA-USD,6h
2025-08-15 18:00:00,0.9251,0.9636,0.9423,0.946,25565778.72908035,ADA-USD,6h
2025-08-16 00:00:00,0.9427,0.9784,0.9458,0.9469,24959249.77531495,ADA-USD,6h
2025-08-16 06:00:00,0.9019,0.9707,0.9465,0.9038,23755103.00144124,ADA-USD,6h
2025-08-16 12:00:00,0.9035,0.9246,0.9038,0.9113,15407345.25964873,ADA-USD,6h
2025-08-16 18:00:00,0.9092,0.924,0.9112,0.9217,7276730.90593134,ADA-USD,6h
2025-08-17 00:00:00,0.9051,0.9608,0.9217,0.954,18573654.41658607,ADA-USD,6h
2025-08-17 06:00:00,0.9382,0.9875,0.9541,0.9724,21536177.67223773,ADA-USD,6h
2025-08-17 12:00:00,0.9573,0.9798,0.9725,0.9597,18386486.8142772,ADA-USD,6h
2025-08-17 18:00:00,0.9439,0.9688,0.9597,0.9612,16068714.64509577,ADA-USD,6h
2025-08-18 00:00:00,0.9118,0.9688,0.9614,0.9206,31308130.02670675,ADA-USD,6h
2025-08-18 06:00:00,0.8918,0.9247,0.9206,0.898,15450583.70240007,ADA-USD,6h
2025-08-18 12:00:00,0.8922,0.9357,0.8978,0.9248,24619274.33468507,ADA-USD,6h
2025-08-18 18:00:00,0.909,0.9334,0.9249,0.9237,15342582.68907891,ADA-USD,6h
2025-08-19 00:00:00,0.8955,0.9415,0.9236,0.9221,24251346.26550476,ADA-USD,6h
2025-08-19 06:00:00,0.9167,0.9539,0.9221,0.9316,23461827.04233696,ADA-USD,6h
2025-08-19 12:00:00,0.8611,0.9353,0.9317,0.866,47090645.15360722,ADA-USD,6h
2025-08-19 18:00:00,0.8432,0.8661,0.8658,0.8464,26046638.15191968,ADA-USD,6h
2025-08-20 00:00:00,0.8421,0.8568,0.8463,0.8526,13331124.45475302,ADA-USD,6h
2025-08-20 06:00:00,0.8372,0.8652,0.8526,0.8493,19336234.25641505,ADA-USD,6h
2025-08-20 12:00:00,0.839,0.8877,0.8494,0.8853,33458749.02472937,ADA-USD,6h
2025-08-20 18:00:00,0.868,0.8928,0.8853,0.8811,17782120.68341762,ADA-USD,6h
2025-08-21 00:00:00,0.8696,0.8925,0.881,0.879,10742026.69440953,ADA-USD,6h
2025-08-21 06:00:00,0.8646,0.8792,0.8788,0.8672,6943342.36702312,ADA-USD,6h
2025-08-21 12:00:00,0.8513,0.8794,0.867,0.8531,13556253.72293909,ADA-USD,6h
2025-08-21 18:00:00,0.8464,0.8667,0.853,0.8516,11262555.6870286,ADA-USD,6h
2025-08-22 00:00:00,0.8443,0.8668,0.8514,0.8572,10609131.21153519,ADA-USD,6h
2025-08-22 06:00:00,0.8334,0.8635,0.8571,0.8341,8388021.67172947,ADA-USD,6h
2025-08-22 12:00:00,0.8215,0.94,0.8342,0.9285,70507584.73756658,ADA-USD,6h
2025-08-22 18:00:00,0.9203,0.9415,0.9287,0.9309,20101770.01046935,ADA-USD,6h
2025-08-23 00:00:00,0.8906,0.9384,0.931,0.9295,19888829.1958519,ADA-USD,6h
2025-08-23 06:00:00,0.9098,0.9366,0.9296,0.9151,10086954.09570864,ADA-USD,6h
2025-08-23 12:00:00,0.9075,0.9212,0.9152,0.9093,8487854.37914068,ADA-USD,6h
2025-08-23 18:00:00,0.9056,0.9171,0.9094,0.9137,5412862.47411819,ADA-USD,6h
2025-08-24 00:00:00,0.91,0.9213,0.914,0.9144,8282300.16168494,ADA-USD,6h
2025-08-24 06:00:00,0.8882,0.9146,0.9146,0.8923,9058533.40720633,ADA-USD,6h
2025-08-24 12:00:00,0.8915,0.9265,0.8922,0.9222,13382813.00494584,ADA-USD,6h
2025-08-24 18:00:00,0.8976,0.9639,0.9222,0.9086,50128863.55335841,ADA-USD,6h
2025-08-25 00:00:00,0.8874,0.94,0.9087,0.8979,24825390.03546913,ADA-USD,6h
2025-08-25 06:00:00,0.8551,0.8984,0.8978,0.8664,22096401.43201472,ADA-USD,6h
2025-08-25 12:00:00,0.855,0.8797,0.8659,0.8712,14581666.98517391,ADA-USD,6h
2025-08-25 18:00:00,0.83,0.874,0.8712,0.8373,26122365.03661645,ADA-USD,6h
2025-08-26 00:00:00,0.8274,0.8474,0.8374,0.8406,15242957.61290371,ADA-USD,6h
2025-08-26 06:00:00,0.8349,0.8499,0.8405,0.8386,6723650.95705576,ADA-USD,6h
2025-08-26 12:00:00,0.8318,0.861,0.8387,0.8589,19545532.36769656,ADA-USD,6h
2025-08-26 18:00:00,0.8585,0.8748,0.8588,0.8665,13497544.30665045,ADA-USD,6h
2025-08-27 00:00:00,0.8569,0.8763,0.8665,0.8669,8108483.26288266,ADA-USD,6h
2025-08-27 06:00:00,0.8529,0.8672,0.8664,0.864,6071616.98888942,ADA-USD,6h
2025-08-27 12:00:00,0.8555,0.8785,0.8639,0.8714,15403465.36252115,ADA-USD,6h
2025-08-27 18:00:00,0.8467,0.8756,0.8715,0.8503,20758326.52387727,ADA-USD,6h
2025-08-28 00:00:00,0.8443,0.8737,0.8505,0.8695,9958082.72444323,ADA-USD,6h
2025-08-28 06:00:00,0.863,0.8796,0.8695,0.8679,5253630.52112299,ADA-USD,6h
2025-08-28 12:00:00,0.8468,0.8739,0.8678,0.8522,14752746.24255384,ADA-USD,6h
2025-08-28 18:00:00,0.8418,0.8631,0.8522,0.8577,9065357.20761233,ADA-USD,6h
2025-08-29 00:00:00,0.8398,0.8663,0.8578,0.8448,9629060.49141279,ADA-USD,6h
2025-08-29 06:00:00,0.8155,0.8462,0.8449,0.824,16636895.01593992,ADA-USD,6h
2025-08-29 12:00:00,0.812,0.8486,0.8238,0.8183,23869422.26670956,ADA-USD,6h
2025-08-29 18:00:00,0.81,0.8298,0.8184,0.8266,10453005.40072247,ADA-USD,6h
2025-08-30 00:00:00,0.8132,0.8443,0.8267,0.8342,7204643.31478835,ADA-USD,6h
2025-08-30 06:00:00,0.825,0.8386,0.8343,0.8273,3058588.52671037,ADA-USD,6h
2025-08-30 12:00:00,0.806,0.8275,0.8273,0.8185,8174390.16118322,ADA-USD,6h
2025-08-30 18:00:00,0.8152,0.824,0.8186,0.8222,4222444.34141432,ADA-USD,6h
2025-08-31 00:00:00,0.8221,0.838,0.8226,0.8304,5994397.99355784,ADA-USD,6h
2025-08-31 06:00:00,0.8176,0.8321,0.8305,0.8244,2918648.94047718,ADA-USD,6h
2025-08-31 12:00:00,0.8168,0.8278,0.8243,0.8217,4999036.04443963,ADA-USD,6h
2025-08-31 18:00:00,0.8096,0.829,0.8217,0.8114,5623727.78331901,ADA-USD,6h
2025-09-01 00:00:00,0.7947,0.8145,0.8112,0.8038,13075795.33172538,ADA-USD,6h
2025-09-01 06:00:00,0.7972,0.8451,0.8039,0.82,17269254.62590724,ADA-USD,6h
2025-09-01 12:00:00,0.8013,0.8262,0.82,0.8031,9571560.42604812,ADA-USD,6h
2025-09-01 18:00:00,0.782,0.8122,0.8031,0.8016,16029086.21958542,ADA-USD,6h
2025-09-02 00:00:00,0.798,0.8223,0.8015,0.8206,11161352.47340138,ADA-USD,6h
2025-09-02 06:00:00,0.8142,0.8257,0.8207,0.8163,4561239.79961227,ADA-USD,6h
2025-09-02 12:00:00,0.7992,0.8281,0.8162,0.8183,16761726.235835,ADA-USD,6h
2025-09-02 18:00:00,0.8097,0.8356,0.8182,0.8349,10561897.99258972,ADA-USD,6h
2025-09-03 00:00:00,0.8264,0.8402,0.835,0.8302,8052125.61543968,ADA-USD,6h
2025-09-03 06:00:00,0.8259,0.8369,0.8303,0.8329,5353433.33912664,ADA-USD,6h
2025-09-03 12:00:00,0.8289,0.8425,0.8333,0.8401,8737924.23274931,ADA-USD,6h
2025-09-03 18:00:00,0.8355,0.844,0.8403,0.8369,5903053.83789387,ADA-USD,6h
2025-09-04 00:00:00,0.8178,0.842,0.8369,0.8201,6202195.47107322,ADA-USD,6h
2025-09-04 06:00:00,0.8142,0.8243,0.8199,0.8179,4827614.02430377,ADA-USD,6h
2025-09-04 12:00:00,0.8046,0.8219,0.818,0.8079,9437699.40564405,ADA-USD,6h
2025-09-04 18:00:00,0.8028,0.8188,0.8078,0.8093,5523239.61958911,ADA-USD,6h
2025-09-05 00:00:00,0.8048,0.8199,0.8093,0.8173,4784944.91521719,ADA-USD,6h
2025-09-05 06:00:00,0.8147,0.8321,0.8171,0.832,5556894.91649733,ADA-USD,6h
2025-09-05 12:00:00,0.8182,0.8496,0.8321,0.8221,19014813.69925318,ADA-USD,6h
2025-09-05 18:00:00,0.8206,0.8388,0.8221,0.8304,6512393.84726612,ADA-USD,6h
2025-09-06 00:00:00,0.8234,0.8359,0.8305,0.8239,2857149.79964966,ADA-USD,6h
2025-09-06 06:00:00,0.8188,0.8263,0.8241,0.823,1287701.17379742,ADA-USD,6h
2025-09-06 12:00:00,0.8183,0.828,0.823,0.8191,4671151.54744526,ADA-USD,6h
2025-09-06 18:00:00,0.8144,0.822,0.819,0.8184,3893392.18066652,ADA-USD,6h
2025-09-07 00:00:00,0.8182,0.8297,0.8186,0.8279,3072126.35121362,ADA-USD,6h
2025-09-07 06:00:00,0.8238,0.833,0.828,0.8325,2710586.81348299,ADA-USD,6h
2025-09-07 12:00:00,0.8264,0.8383,0.8324,0.8272,6355831.72461965,ADA-USD,6h
2025-09-07 18:00:00,0.8227,0.8417,0.8271,0.8349,5270791.80984729,ADA-USD,6h
2025-09-08 00:00:00,0.8299,0.8478,0.8349,0.8379,6959286.09998572,ADA-USD,6h
2025-09-08 06:00:00,0.8341,0.8563,0.838,0.8523,12626495.28902797,ADA-USD,6h
2025-09-08 12:00:00,0.8504,0.8687,0.8524,0.8612,19186327.61432087,ADA-USD,6h
2025-09-08 18:00:00,0.8574,0.869,0.8613,0.865,9029855.90481988,ADA-USD,6h
2025-09-09 00:00:00,0.8555,0.8747,0.865,0.8688,8783579.85173507,ADA-USD,6h
2025-09-09 06:00:00,0.8679,0.8958,0.869,0.8842,17223773.11605029,ADA-USD,6h
2025-09-09 12:00:00,0.8524,0.8925,0.8843,0.8614,16744511.10863325,ADA-USD,6h
2025-09-09 18:00:00,0.8591,0.8678,0.8613,0.8651,5156144.0830577,ADA-USD,6h
2025-09-10 00:00:00,0.8594,0.8796,0.8652,0.873,6582392.78332459,ADA-USD,6h
2025-09-10 06:00:00,0.8698,0.8827,0.8727,0.8749,3658631.09140537,ADA-USD,6h
2025-09-10 12:00:00,0.875,0.8967,0.875,0.8879,20882322.4542451,ADA-USD,6h
2025-09-10 18:00:00,0.8726,0.8896,0.8878,0.8852,13549815.82088296,ADA-USD,6h
2025-09-11 00:00:00,0.8828,0.8946,0.8852,0.8861,21151101.48450358,ADA-USD,6h
2025-09-11 06:00:00,0.8823,0.8917,0.886,0.8838,4599408.13014685,ADA-USD,6h
2025-09-11 12:00:00,0.8657,0.897,0.8837,0.8821,22936196.978591,ADA-USD,6h
2025-09-11 18:00:00,0.8786,0.8968,0.882,0.894,6861987.19374411,ADA-USD,6h
2025-09-12 00:00:00,0.8912,0.9098,0.8942,0.9061,13813192.51221419,ADA-USD,6h
2025-09-12 06:00:00,0.8877,0.9062,0.9061,0.8881,5853458.78956527,ADA-USD,6h
2025-09-12 12:00:00,0.8827,0.9053,0.8882,0.9032,13606877.49374681,ADA-USD,6h
2025-09-12 18:00:00,0.901,0.9186,0.9031,0.9176,15188914.16430131,ADA-USD,6h
2025-09-13 00:00:00,0.9169,0.9376,0.9177,0.9259,21595717.28214119,ADA-USD,6h
2025-09-13 06:00:00,0.9243,0.9543,0.9258,0.9505,13407477.8405218,ADA-USD,6h
2025-09-13 12:00:00,0.915,0.9523,0.9506,0.9253,19995500.88122905,ADA-USD,6h
2025-09-13 18:00:00,0.9203,0.9359,0.9252,0.9298,6874525.23254857,ADA-USD,6h
2025-09-14 00:00:00,0.9108,0.9316,0.9297,0.9229,7195305.02714072,ADA-USD,6h
2025-09-14 06:00:00,0.9017,0.9237,0.923,0.9032,6379606.4603057,ADA-USD,6h
2025-09-14 12:00:00,0.8795,0.906,0.9031,0.8952,15353293.02420353,ADA-USD,6h
2025-09-14 18:00:00,0.886,0.8983,0.8952,0.8884,6197223.19335479,ADA-USD,6h
2025-09-15 00:00:00,0.88,0.9028,0.8883,0.9022,8628531.92335976,ADA-USD,6h
2025-09-15 06:00:00,0.8533,0.9025,0.9021,0.8648,18764632.18768841,ADA-USD,6h
2025-09-15 12:00:00,0.8531,0.8705,0.8647,0.862,13216615.5960621,ADA-USD,6h
2025-09-15 18:00:00,0.8561,0.8664,0.8619,0.8635,6572075.50090449,ADA-USD,6h
2025-09-16 00:00:00,0.8534,0.8663,0.8634,0.8639,4745220.27016269,ADA-USD,6h
2025-09-16 06:00:00,0.8594,0.8752,0.8639,0.8705,5137457.43419478,ADA-USD,6h
2025-09-16 12:00:00,0.8567,0.8808,0.8706,0.8769,12446999.53283691,ADA-USD,6h
2025-09-16 18:00:00,0.8733,0.8843,0.8771,0.8805,5552798.58128941,ADA-USD,6h
2025-09-17 00:00:00,0.8672,0.8839,0.8805,0.8788,5967417.65322227,ADA-USD,6h
2025-09-17 06:00:00,0.8695,0.8874,0.8788,0.8723,5533364.65695612,ADA-USD,6h
2025-09-17 12:00:00,0.8617,0.8848,0.8724,0.8634,8472105.11910838,ADA-USD,6h
2025-09-17 18:00:00,0.862,0.9197,0.8634,0.9137,29588739.68416162,ADA-USD,6h
2025-09-18 00:00:00,0.9072,0.9258,0.914,0.9094,12020653.50244161,ADA-USD,6h
2025-09-18 06:00:00,0.8997,0.9208,0.9095,0.9138,9189874.20315638,ADA-USD,6h
2025-09-18 12:00:00,0.9084,0.9336,0.9138,0.9319,15013788.38511241,ADA-USD,6h
2025-09-18 18:00:00,0.916,0.9387,0.9319,0.9247,12783081.11881967,ADA-USD,6h
2025-09-19 00:00:00,0.9095,0.9377,0.9247,0.9159,9456380.68441917,ADA-USD,6h
2025-09-19 06:00:00,0.8937,0.9158,0.9157,0.8965,14361270.15926419,ADA-USD,6h
2025-09-19 12:00:00,0.8915,0.9092,0.8965,0.8978,10694513.73106529,ADA-USD,6h
2025-09-19 18:00:00,0.8851,0.8995,0.8978,0.8901,7231528.81449163,ADA-USD,6h
2025-09-20 00:00:00,0.8889,0.9003,0.89,0.8995,4431355.18885603,ADA-USD,6h
2025-09-20 06:00:00,0.8876,0.9068,0.8994,0.8958,3380122.55627039,ADA-USD,6h
2025-09-20 12:00:00,0.8919,0.9052,0.8957,0.8941,4220304.14869584,ADA-USD,6h
2025-09-20 18:00:00,0.8902,0.8984,0.8941,0.8936,3691122.36243804,ADA-USD,6h
2025-09-21 00:00:00,0.8901,0.9012,0.8935,0.9,3836155.75965913,ADA-USD,6h
2025-09-21 06:00:00,0.8778,0.9031,0.8999,0.8825,4635003.51188383,ADA-USD,6h
2025-09-21 12:00:00,0.8757,0.8903,0.8825,0.8873,4898096.06602745,ADA-USD,6h
2025-09-21 18:00:00,0.8801,0.89,0.8873,0.8846,3614395.83666918,ADA-USD,6h
2025-09-22 00:00:00,0.8342,0.888,0.8844,0.8352,19594695.55753474,ADA-USD,6h
2025-09-22 06:00:00,0.7883,0.8375,0.8349,0.823,22383266.97319029,ADA-USD,6h
2025-09-22 12:00:00,0.8185,0.8339,0.8231,0.8227,16045899.06748055,ADA-USD,6h
2025-09-22 18:00:00,0.8138,0.8282,0.8226,0.8264,9502484.35542176,ADA-USD,6h
2025-09-23 00:00:00,0.8037,0.8299,0.8262,0.8194,9969826.70083313,ADA-USD,6h
2025-09-23 06:00:00,0.8178,0.8292,0.8192,0.8229,5887273.67698549,ADA-USD,6h
2025-09-23 12:00:00,0.8134,0.8297,0.8226,0.8144,7574627.99826725,ADA-USD,6h
2025-09-23 18:00:00,0.8051,0.8171,0.8147,0.8063,6493768.93326221,ADA-USD,6h
2025-09-24 00:00:00,0.7905,0.8162,0.8062,0.814,10622963.8122246,ADA-USD,6h
2025-09-24 06:00:00,0.8116,0.823,0.8139,0.8198,2999846.91846624,ADA-USD,6h
2025-09-24 12:00:00,0.8171,0.8304,0.8198,0.8243,7705321.76675847,ADA-USD,6h
2025-09-24 18:00:00,0.8117,0.8257,0.8245,0.813,6236552.70956107,ADA-USD,6h
2025-09-25 00:00:00,0.7869,0.8148,0.8128,0.7974,14328109.00692884,ADA-USD,6h
2025-09-25 06:00:00,0.7802,0.7981,0.7973,0.7815,16088137.10111027,ADA-USD,6h
2025-09-25 12:00:00,0.7546,0.8003,0.7813,0.7585,31517733.42607594,ADA-USD,6h
2025-09-25 18:00:00,0.7558,0.7824,0.7582,0.764,16174563.76637254,ADA-USD,6h
2025-09-26 00:00:00,0.7641,0.7818,0.7641,0.7723,8162889.43711114,ADA-USD,6h
2025-09-26 06:00:00,0.7581,0.7785,0.7725,0.7641,8216787.02588311,ADA-USD,6h
2025-09-26 12:00:00,0.7579,0.7913,0.7639,0.7903,19718006.26018708,ADA-USD,6h
2025-09-26 18:00:00,0.7856,0.7969,0.7904,0.7924,7380193.33534157,ADA-USD,6h
2025-09-27 00:00:00,0.7887,0.7946,0.7923,0.7917,2771831.73371579,ADA-USD,6h
2025-09-27 06:00:00,0.7769,0.7919,0.7917,0.7835,2968456.44464568,ADA-USD,6h
2025-09-27 12:00:00,0.7774,0.7873,0.7836,0.7811,5196217.04225956,ADA-USD,6h
2025-09-27 18:00:00,0.7785,0.7884,0.781,0.7814,2729731.37764849,ADA-USD,6h
2025-09-28 00:00:00,0.7724,0.7827,0.7814,0.7743,4196117.06658035,ADA-USD,6h
2025-09-28 06:00:00,0.7658,0.775,0.7743,0.7691,3070187.75310329,ADA-USD,6h
2025-09-28 12:00:00,0.7649,0.7923,0.7691,0.7911,5761397.08581756,ADA-USD,6h
2025-09-28 18:00:00,0.7879,0.8121,0.7912,0.8088,10184168.9842822,ADA-USD,6h
2025-09-29 00:00:00,0.7961,0.8092,0.8088,0.7996,5371406.85884448,ADA-USD,6h
2025-09-29 06:00:00,0.7898,0.8048,0.7995,0.7947,4040592.82970347,ADA-USD,6h
2025-09-29 12:00:00,0.7882,0.8165,0.7947,0.801,13062453.80110609,ADA-USD,6h
2025-09-29 18:00:00,0.796,0.8151,0.8008,0.8063,7689420.05413736,ADA-USD,6h
2025-09-30 00:00:00,0.796,0.8089,0.8063,0.8008,5948085.49410739,ADA-USD,6h
2025-09-30 06:00:00,0.7846,0.8058,0.8007,0.7914,5662730.3897789,ADA-USD,6h
2025-09-30 12:00:00,0.7781,0.7962,0.7913,0.7841,10558355.98593719,ADA-USD,6h
2025-09-30 18:00:00,0.782,0.8131,0.7842,0.8072,11287461.72267534,ADA-USD,6h
2025-10-01 00:00:00,0.7964,0.8115,0.8074,0.8035,4984591.10259595,ADA-USD,6h
2025-10-01 06:00:00,0.7988,0.838,0.8038,0.8367,14941796.00366121,ADA-USD,6h
2025-10-01 12:00:00,0.8325,0.8442,0.8367,0.8356,12244034.13006857,ADA-USD,6h
2025-10-01 18:00:00,0.8357,0.8517,0.8357,0.8512,11888768.75697401,ADA-USD,6h
2025-10-02 00:00:00,0.8482,0.8607,0.8512,0.8544,12956320.08489887,ADA-USD,6h
2025-10-02 06:00:00,0.849,0.8645,0.8547,0.8506,5807132.23445524,ADA-USD,6h
2025-10-02 12:00:00,0.8364,0.8651,0.8506,0.8616,16027771.47329731,ADA-USD,6h
2025-10-02 18:00:00,0.8618,0.8785,0.8618,0.8712,13299012.48798895,ADA-USD,6h
2025-10-03 00:00:00,0.8553,0.8717,0.8712,0.8612,6562618.52415717,ADA-USD,6h
2025-10-03 06:00:00,0.8519,0.864,0.8613,0.8548,4857395.53585458,ADA-USD,6h
2025-10-03 12:00:00,0.8499,0.8929,0.8548,0.8622,28113513.14297176,ADA-USD,6h
2025-10-03 18:00:00,0.8583,0.8769,0.8626,0.8659,7778854.83584074,ADA-USD,6h
2025-10-04 00:00:00,0.8498,0.8693,0.866,0.857,8910725.06903087,ADA-USD,6h
2025-10-04 06:00:00,0.8412,0.8592,0.857,0.8436,7035754.90452924,ADA-USD,6h
2025-10-04 12:00:00,0.8334,0.8501,0.8436,0.8373,12363921.6648403,ADA-USD,6h
2025-10-04 18:00:00,0.8355,0.8442,0.8373,0.8396,5015573.2640951,ADA-USD,6h
2025-10-05 00:00:00,0.8355,0.8744,0.8396,0.8728,13800179.22360019,ADA-USD,6h
2025-10-05 06:00:00,0.8578,0.8829,0.8728,0.8633,11346094.00945671,ADA-USD,6h
2025-10-05 12:00:00,0.8429,0.8632,0.8632,0.8445,6998441.95471916,ADA-USD,6h
2025-10-05 18:00:00,0.8277,0.8463,0.8442,0.8375,9708485.10004344,ADA-USD,6h
2025-10-06 00:00:00,0.8324,0.8459,0.8374,0.8429,7190278.18879499,ADA-USD,6h
2025-10-06 06:00:00,0.8397,0.8551,0.8428,0.8512,4709349.56908197,ADA-USD,6h
2025-10-06 12:00:00,0.8513,0.8813,0.8515,0.8761,18958876.89335402,ADA-USD,6h
2025-10-06 18:00:00,0.867,0.8811,0.8763,0.8716,13052314.87121017,ADA-USD,6h
2025-10-07 00:00:00,0.8623,0.8782,0.8717,0.8726,5439447.57573519,ADA-USD,6h
2025-10-07 06:00:00,0.8484,0.874,0.8727,0.8602,5496109.52396812,ADA-USD,6h
2025-10-07 12:00:00,0.8269,0.8727,0.86,0.8291,21423481.35082355,ADA-USD,6h
2025-10-07 18:00:00,0.8178,0.8357,0.8292,0.8204,13015952.95644608,ADA-USD,6h
2025-10-08 00:00:00,0.8083,0.8303,0.8204,0.8145,7512409.64284946,ADA-USD,6h
2025-10-08 06:00:00,0.8116,0.828,0.8144,0.8221,5109776.59146297,ADA-USD,6h
2025-10-08 12:00:00,0.8128,0.8517,0.8222,0.8434,18304442.84028104,ADA-USD,6h
2025-10-08 18:00:00,0.8344,0.8451,0.8433,0.8393,9429175.97495201,ADA-USD,6h
2025-10-09 00:00:00,0.813,0.8398,0.8394,0.8211,9084682.48216786,ADA-USD,6h
2025-10-09 06:00:00,0.8022,0.8211,0.821,0.8127,8578313.03194184,ADA-USD,6h
2025-10-09 12:00:00,0.7947,0.8217,0.8126,0.8089,16721712.32197037,ADA-USD,6h
2025-10-09 18:00:00,0.8043,0.8193,0.809,0.8157,5310563.51494955,ADA-USD,6h
2025-10-10 00:00:00,0.8093,0.8223,0.8158,0.8218,5142987.72271612,ADA-USD,6h
2025-10-10 06:00:00,0.8084,0.8226,0.8217,0.8177,4156655.46015408,ADA-USD,6h
2025-10-10 12:00:00,0.7755,0.8245,0.8178,0.7784,26569450.8017697,ADA-USD,6h
2025-10-10 18:00:00,0.6177,0.785,0.7784,0.6582,99858914.44449386,ADA-USD,6h
2025-10-11 00:00:00,0.6307,0.6763,0.6583,0.6481,54500591.57548863,ADA-USD,6h
2025-10-11 06:00:00,0.647,0.6837,0.6482,0.6669,19645773.93991967,ADA-USD,6h
2025-10-11 12:00:00,0.6416,0.6672,0.6666,0.6575,22972042.00609649,ADA-USD,6h
2025-10-11 18:00:00,0.61,0.6576,0.6575,0.6324,36038417.68630825,ADA-USD,6h
2025-10-12 00:00:00,0.6183,0.6496,0.6324,0.6475,15452213.86080501,ADA-USD,6h
2025-10-12 06:00:00,0.6387,0.6517,0.6474,0.6442,8658262.71059474,ADA-USD,6h
2025-10-12 12:00:00,0.6374,0.697,0.644,0.6919,43258575.86287598,ADA-USD,6h
2025-10-12 18:00:00,0.6848,0.71,0.6922,0.7008,27340991.73579303,ADA-USD,6h
2025-10-13 00:00:00,0.6959,0.7169,0.701,0.702,13999706.53181246,ADA-USD,6h
2025-10-13 06:00:00,0.6931,0.7304,0.7014,0.7073,19226459.21260386,ADA-USD,6h
2025-10-13 12:00:00,0.702,0.7278,0.7071,0.726,26489453.43355022,ADA-USD,6h
2025-10-13 18:00:00,0.7187,0.7365,0.7258,0.7291,16629929.24380207,ADA-USD,6h
2025-10-14 00:00:00,0.6923,0.734,0.7292,0.6974,24732633.31594509,ADA-USD,6h
2025-10-14 06:00:00,0.6631,0.7007,0.6971,0.6776,21815558.45633923,ADA-USD,6h
2025-10-14 12:00:00,0.6626,0.7103,0.6776,0.6989,31164316.46276113,ADA-USD,6h
2025-10-14 18:00:00,0.6883,0.7069,0.699,0.6992,15519945.12929402,ADA-USD,6h
2025-10-15 00:00:00,0.6875,0.7043,0.699,0.6994,10362131.71154939,ADA-USD,6h
2025-10-15 06:00:00,0.6869,0.7164,0.6994,0.6914,9711138.46733895,ADA-USD,6h
2025-10-15 12:00:00,0.664,0.6944,0.6912,0.674,24610881.63344461,ADA-USD,6h
2025-10-15 18:00:00,0.6577,0.677,0.6738,0.6688,12730819.99630313,ADA-USD,6h
2025-10-16 00:00:00,0.6651,0.676,0.6688,0.6681,6509648.60855266,ADA-USD,6h
2025-10-16 06:00:00,0.6513,0.6818,0.6684,0.6804,12933805.17292561,ADA-USD,6h
2025-10-16 12:00:00,0.6461,0.6851,0.6803,0.655,37341269.68829249,ADA-USD,6h
2025-10-16 18:00:00,0.6332,0.6555,0.6551,0.6453,16520133.06452691,ADA-USD,6h
2025-10-17 00:00:00,0.6413,0.6561,0.6452,0.6425,10585760.43510478,ADA-USD,6h
2025-10-17 06:00:00,0.5922,0.6442,0.6426,0.617,51175299.7802548,ADA-USD,6h
2025-10-17 12:00:00,0.608,0.6341,0.6169,0.626,34581788.23852454,ADA-USD,6h
2025-10-17 18:00:00,0.6208,0.6353,0.626,0.6246,10248626.33814978,ADA-USD,6h
2025-10-18 00:00:00,0.6233,0.637,0.6249,0.6294,5861483.45077905,ADA-USD,6h
2025-10-18 06:00:00,0.6269,0.6392,0.6295,0.6386,5187943.30551955,ADA-USD,6h
2025-10-18 12:00:00,0.6262,0.6411,0.6383,0.6368,6487396.97699022,ADA-USD,6h
2025-10-18 18:00:00,0.6319,0.6394,0.6369,0.6343,3275690.96060482,ADA-USD,6h
2025-10-19 00:00:00,0.628,0.6365,0.6342,0.6322,5608082.15812698,ADA-USD,6h
2025-10-19 06:00:00,0.6226,0.6499,0.6322,0.6428,12152439.40689294,ADA-USD,6h
2025-10-19 12:00:00,0.6384,0.6655,0.643,0.6585,15733837.95582699,ADA-USD,6h
2025-10-19 18:00:00,0.6513,0.6624,0.6586,0.653,7020572.12937604,ADA-USD,6h
2025-10-20 00:00:00,0.6395,0.6696,0.653,0.6681,10674732.06500599,ADA-USD,6h
2025-10-20 06:00:00,0.6627,0.6761,0.6682,0.6667,5346488.15744815,ADA-USD,6h
2025-10-20 12:00:00,0.6541,0.6716,0.6667,0.6599,8831778.32596829,ADA-USD,6h
2025-10-20 18:00:00,0.6585,0.6708,0.6599,0.6627,5470993.89174223,ADA-USD,6h
2025-10-21 00:00:00,0.6383,0.6636,0.6625,0.6411,12602541.89307627,ADA-USD,6h
2025-10-21 06:00:00,0.637,0.6489,0.6414,0.6458,7579777.50053639,ADA-USD,6h
2025-10-21 12:00:00,0.6441,0.6857,0.6457,0.6695,34156395.6659702,ADA-USD,6h
2025-10-21 18:00:00,0.6406,0.6724,0.6697,0.6431,11989179.65196396,ADA-USD,6h
2025-10-22 00:00:00,0.6328,0.6469,0.643,0.6363,7716356.66729405,ADA-USD,6h
2025-10-22 06:00:00,0.6236,0.645,0.6362,0.6362,11153936.87173912,ADA-USD,6h
2025-10-22 12:00:00,0.6267,0.6436,0.6362,0.6287,15049557.00796905,ADA-USD,6h
2025-10-22 18:00:00,0.6071,0.6331,0.6288,0.6238,17008457.37484649,ADA-USD,6h
2025-10-23 00:00:00,0.623,0.6332,0.6239,0.6328,7583591.12804927,ADA-USD,6h
2025-10-23 06:00:00,0.6321,0.6435,0.6329,0.6359,5379869.18513165,ADA-USD,6h
2025-10-23 12:00:00,0.6311,0.6543,0.6358,0.6527,17406689.00318139,ADA-USD,6h
2025-10-23 18:00:00,0.6369,0.6534,0.6528,0.643,6776969.68909513,ADA-USD,6h
2025-10-24 00:00:00,0.639,0.6535,0.6432,0.6526,6913499.44553019,ADA-USD,6h
2025-10-24 06:00:00,0.6435,0.6551,0.6526,0.6508,4781480.79461399,ADA-USD,6h
2025-10-24 12:00:00,0.6427,0.6643,0.6508,0.648,14483619.52191451,ADA-USD,6h
2025-10-24 18:00:00,0.6476,0.6591,0.648,0.6561,7064721.4938696,ADA-USD,6h
2025-10-25 00:00:00,0.653,0.6594,0.656,0.6554,3302222.69512226,ADA-USD,6h
2025-10-25 06:00:00,0.6482,0.6563,0.6555,0.6541,2026896.47348817,ADA-USD,6h
2025-10-25 12:00:00,0.6512,0.6571,0.654,0.6523,1858818.84288349,ADA-USD,6h
2025-10-25 18:00:00,0.6526,0.6573,0.6556,0.6543,1695813.40560351,ADA-USD,6h
2025-10-26 00:00:00,0.6467,0.6564,0.6542,0.6534,3623378.84411874,ADA-USD,6h
2025-10-26 06:00:00,0.6521,0.6734,0.6535,0.6734,3971716.98341356,ADA-USD,6h
2025-10-26 12:00:00,0.6725,0.6804,0.6734,0.6742,9249583.31944978,ADA-USD,6h
2025-10-26 18:00:00,0.6683,0.6879,0.6742,0.6813,9475634.54991444,ADA-USD,6h
2025-10-27 00:00:00,0.6798,0.6938,0.6813,0.6851,8047321.68949702,ADA-USD,6h
2025-10-27 06:00:00,0.6717,0.6885,0.685,0.6776,6395986.51907251,ADA-USD,6h
2025-10-27 12:00:00,0.6658,0.685,0.6776,0.6827,11813999.91516517,ADA-USD,6h
2025-10-27 18:00:00,0.6636,0.6842,0.6825,0.667,6900264.78883396,ADA-USD,6h
2025-10-28 00:00:00,0.6577,0.6721,0.6667,0.6582,6955289.02537698,ADA-USD,6h
2025-10-28 06:00:00,0.6564,0.6711,0.6583,0.6622,4991084.4669206,ADA-USD,6h
2025-10-28 12:00:00,0.6521,0.6756,0.6623,0.6697,9204551.56757071,ADA-USD,6h
2025-10-28 18:00:00,0.6358,0.6705,0.6697,0.646,13182950.90347425,ADA-USD,6h
2025-10-29 00:00:00,0.6411,0.6476,0.646,0.6453,4795382.05837354,ADA-USD,6h
2025-10-29 06:00:00,0.6401,0.6512,0.6452,0.6501,2742152.56012172,ADA-USD,6h
2025-10-29 12:00:00,0.6365,0.6563,0.6501,0.6562,10495956.03415577,ADA-USD,6h
2025-10-29 18:00:00,0.6261,0.6603,0.6561,0.6401,18726918.86364773,ADA-USD,6h
2025-10-30 00:00:00,0.6206,0.6487,0.6401,0.6402,10222579.35401374,ADA-USD,6h
2025-10-30 06:00:00,0.6289,0.6482,0.6401,0.6291,4219658.25764581,ADA-USD,6h
2025-10-30 12:00:00,0.5939,0.6299,0.6291,0.6017,25465661.30512801,ADA-USD,6h
2025-10-30 18:00:00,0.5863,0.6029,0.6018,0.6016,19178053.96205999,ADA-USD,6h
2025-10-31 00:00:00,0.6004,0.6156,0.6016,0.6124,10363130.08895068,ADA-USD,6h
2025-10-31 06:00:00,0.6082,0.6169,0.6125,0.6165,5648824.9111063,ADA-USD,6h
2025-10-31 12:00:00,0.5973,0.6197,0.6165,0.6017,19080011.32942231,ADA-USD,6h
2025-10-31 18:00:00,0.5996,0.6132,0.602,0.6091,6599640.63569986,ADA-USD,6h
2025-11-01 00:00:00,0.6031,0.6131,0.6092,0.6086,4111352.68634502,ADA-USD,6h
2025-11-01 06:00:00,0.6069,0.6174,0.6086,0.6128,2440332.13556721,ADA-USD,6h
2025-11-01 12:00:00,0.605,0.6146,0.6127,0.6108,6596561.94108526,ADA-USD,6h
2025-11-01 18:00:00,0.6078,0.6154,0.6108,0.6126,2995136.99337536,ADA-USD,6h
2025-11-02 00:00:00,0.6078,0.6163,0.6125,0.6156,3020454.04845867,ADA-USD,6h
2025-11-02 06:00:00,0.6051,0.6187,0.6153,0.614,5095815.34869346,ADA-USD,6h
2025-11-02 12:00:00,0.5922,0.6141,0.6141,0.5996,7760893.58945667,ADA-USD,6h
2025-11-02 18:00:00,0.5943,0.6117,0.5996,0.6105,6592881.2182721,ADA-USD,6h
2025-11-03 00:00:00,0.5688,0.6121,0.6105,0.5728,22435051.62846001,ADA-USD,6h
2025-11-03 06:00:00,0.5667,0.5853,0.5725,0.5757,16295812.182893,ADA-USD,6h
2025-11-03 12:00:00,0.525,0.5803,0.5756,0.5664,42793713.68217059,ADA-USD,6h
2025-11-03 18:00:00,0.5419,0.5673,0.5664,0.5526,19640146.57716029,ADA-USD,6h
2025-11-04 00:00:00,0.5317,0.5632,0.5528,0.534,17467918.53135372,ADA-USD,6h
2025-11-04 06:00:00,0.5303,0.5497,0.5338,0.546,25105201.9027536,ADA-USD,6h
2025-11-04 12:00:00,0.5154,0.5535,0.5459,0.5243,33805644.10854237,ADA-USD,6h
2025-11-04 18:00:00,0.49,0.5284,0.5242,0.5205,74635084.48461697,ADA-USD,6h
2025-11-05 00:00:00,0.4946,0.5377,0.5207,0.5337,43753623.57445403,ADA-USD,6h
2025-11-05 06:00:00,0.5231,0.536,0.5336,0.535,14418019.71596158,ADA-USD,6h
2025-11-05 12:00:00,0.5339,0.5492,0.535,0.5466,27660961.74139844,ADA-USD,6h
2025-11-05 18:00:00,0.539,0.5503,0.5465,0.5451,19826263.03883712,ADA-USD,6h
2025-11-06 00:00:00,0.5337,0.5454,0.5451,0.5349,13784233.59418693,ADA-USD,6h
2025-11-06 06:00:00,0.5315,0.5405,0.5349,0.5351,10986048.54726537,ADA-USD,6h
2025-11-06 12:00:00,0.5165,0.5392,0.535,0.5278,20688461.40802751,ADA-USD,6h
2025-11-06 18:00:00,0.5204,0.5345,0.5277,0.5315,17044413.47555566,ADA-USD,6h
2025-11-07 00:00:00,0.5285,0.5459,0.5317,0.545,15156219.64655984,ADA-USD,6h
2025-11-07 06:00:00,0.5256,0.5495,0.545,0.5308,12282697.88990087,ADA-USD,6h
2025-11-07 12:00:00,0.5192,0.5789,0.5308,0.5779,36182101.44789699,ADA-USD,6h
2025-11-07 18:00:00,0.5734,0.5861,0.5782,0.576,26526458.9576174,ADA-USD,6h
2025-11-08 00:00:00,0.5734,0.5928,0.5759,0.5778,14036820.92768856,ADA-USD,6h
2025-11-08 06:00:00,0.5714,0.5858,0.578,0.5745,7300327.87481221,ADA-USD,6h
2025-11-08 12:00:00,0.5537,0.5779,0.5745,0.5606,12315050.78037569,ADA-USD,6h
2025-11-08 18:00:00,0.5556,0.5692,0.5608,0.5687,7205163.40665339,ADA-USD,6h
2025-11-09 00:00:00,0.5478,0.5688,0.5686,0.5556,9740015.70731205,ADA-USD,6h
2025-11-09 06:00:00,0.5499,0.5635,0.5555,0.5626,7237768.94080191,ADA-USD,6h
2025-11-09 12:00:00,0.5607,0.5792,0.5625,0.5718,15258406.52095032,ADA-USD,6h
2025-11-09 18:00:00,0.5695,0.5846,0.5717,0.5787,13792718.21690052,ADA-USD,6h
2025-11-10 00:00:00,0.5736,0.5917,0.5787,0.5895,15935113.27786071,ADA-USD,6h
2025-11-10 06:00:00,0.5837,0.6028,0.5895,0.5958,7239597.12078579,ADA-USD,6h
2025-11-10 12:00:00,0.5778,0.6008,0.5958,0.5868,17751932.30910602,ADA-USD,6h
2025-11-10 18:00:00,0.5837,0.598,0.5868,0.5927,8855534.21786734,ADA-USD,6h
2025-11-11 00:00:00,0.5819,0.6069,0.5928,0.5827,23613561.28254372,ADA-USD,6h
2025-11-11 06:00:00,0.5745,0.5841,0.5825,0.5804,7606412.10010569,ADA-USD,6h
2025-11-11 12:00:00,0.5665,0.5841,0.5802,0.5705,14897333.88811959,ADA-USD,6h
2025-11-11 18:00:00,0.5532,0.5721,0.5706,0.5562,15222430.26177715,ADA-USD,6h
2025-11-12 00:00:00,0.5526,0.5631,0.5563,0.5608,9888916.89226459,ADA-USD,6h
2025-11-12 06:00:00,0.5559,0.5746,0.5609,0.5738,5580970.50411819,ADA-USD,6h
2025-11-12 12:00:00,0.5422,0.5808,0.5738,0.5491,20090111.99666474,ADA-USD,6h
2025-11-12 18:00:00,0.5389,0.5526,0.5491,0.5456,11737344.93467764,ADA-USD,6h
2025-11-13 00:00:00,0.5435,0.5679,0.5456,0.5667,12555017.11140341,ADA-USD,6h
2025-11-13 06:00:00,0.562,0.5715,0.5668,0.5647,6045536.05754254,ADA-USD,6h
2025-11-13 12:00:00,0.5276,0.5686,0.5648,0.529,19753243.82254524,ADA-USD,6h
2025-11-13 18:00:00,0.5141,0.5345,0.529,0.5294,22844511.67022832,ADA-USD,6h
2025-11-14 00:00:00,0.5065,0.5334,0.5295,0.5216,18726529.14926404,ADA-USD,6h
2025-11-14 06:00:00,0.51,0.5276,0.5215,0.5129,12592961.1655401,ADA-USD,6h
2025-11-14 12:00:00,0.4995,0.5204,0.5129,0.51,31550961.47123788,ADA-USD,6h
2025-11-14 18:00:00,0.4897,0.5172,0.5097,0.4979,18341664.35088,ADA-USD,6h
2025-11-15 00:00:00,0.4975,0.5143,0.498,0.5087,12872898.03791906,ADA-USD,6h
2025-11-15 06:00:00,0.4997,0.5149,0.5087,0.5016,7150263.06892072,ADA-USD,6h
2025-11-15 12:00:00,0.5003,0.517,0.5015,0.5097,15707490.73831555,ADA-USD,6h
2025-11-15 18:00:00,0.4985,0.5103,0.5101,0.5034,9674564.18614703,ADA-USD,6h
2025-11-16 00:00:00,0.492,0.5059,0.5032,0.5017,11250733.34394033,ADA-USD,6h
2025-11-16 06:00:00,0.4955,0.5089,0.5017,0.497,7036844.61134529,ADA-USD,6h
2025-11-16 12:00:00,0.4753,0.4996,0.4969,0.4809,37109438.43457626,ADA-USD,6h
2025-11-16 18:00:00,0.473,0.4902,0.4808,0.4843,30504956.07520743,ADA-USD,6h
2025-11-17 00:00:00,0.4787,0.4953,0.4842,0.4911,22696296.96935186,ADA-USD,6h
2025-11-17 06:00:00,0.4899,0.4985,0.4912,0.4951,12249197.04976696,ADA-USD,6h
2025-11-17 12:00:00,0.4685,0.4989,0.4952,0.47,41473575.04621684,ADA-USD,6h
2025-11-17 18:00:00,0.457,0.4742,0.4702,0.4658,34363261.30984921,ADA-USD,6h
2025-11-18 00:00:00,0.4554,0.4711,0.4659,0.4656,35567389.31580229,ADA-USD,6h
2025-11-18 06:00:00,0.4574,0.4706,0.4657,0.4684,10550723.15218444,ADA-USD,6h
2025-11-18 12:00:00,0.4593,0.4822,0.4685,0.4761,34554415.35419528,ADA-USD,6h
2025-11-18 18:00:00,0.4713,0.4812,0.4761,0.475,11310166.43944994,ADA-USD,6h
2025-11-19 00:00:00,0.4528,0.4771,0.4751,0.4568,13313160.09836547,ADA-USD,6h
2025-11-19 06:00:00,0.4554,0.4703,0.4565,0.4655,8331081.94471174,ADA-USD,6h
2025-11-19 12:00:00,0.4399,0.4732,0.4654,0.4462,47425687.59289487,ADA-USD,6h
2025-11-19 18:00:00,0.4376,0.4639,0.4459,0.4639,29969783.16708385,ADA-USD,6h
2025-11-20 00:00:00,0.4608,0.4698,0.4634,0.467,15321508.9531265,ADA-USD,6h
2025-11-20 06:00:00,0.463,0.4704,0.4669,0.4657,8594913.41794128,ADA-USD,6h
2025-11-20 12:00:00,0.4299,0.4717,0.4657,0.4335,39643115.39358529,ADA-USD,6h
2025-11-20 18:00:00,0.4285,0.4447,0.4334,0.4319,21972514.94294874,ADA-USD,6h
2025-11-21 00:00:00,0.421,0.4391,0.4318,0.4238,26311880.53023955,ADA-USD,6h
2025-11-21 06:00:00,0.3909,0.4246,0.4238,0.3982,38259312.52069943,ADA-USD,6h
2025-11-21 12:00:00,0.3868,0.4173,0.3983,0.4133,68138271.04207207,ADA-USD,6h
2025-11-21 18:00:00,0.3976,0.4168,0.4134,0.409,25980967.10290883,ADA-USD,6h
2025-11-22 00:00:00,0.3978,0.4131,0.409,0.4012,10609601.05173774,ADA-USD,6h
2025-11-22 06:00:00,0.3958,0.4066,0.4012,0.4016,8025888.14480514,ADA-USD,6h
2025-11-22 12:00:00,0.3904,0.4035,0.4016,0.4001,13692861.00091717,ADA-USD,6h
2025-11-22 18:00:00,0.3991,0.4114,0.4002,0.4045,9245451.89192701,ADA-USD,6h
2025-11-23 00:00:00,0.4014,0.4155,0.4045,0.4128,14624084.7728148,ADA-USD,6h
2025-11-23 06:00:00,0.4061,0.4135,0.4129,0.409,8276311.07236342,ADA-USD,6h
2025-11-23 12:00:00,0.4086,0.4185,0.4089,0.4092,20962040.51485976,ADA-USD,6h
2025-11-23 18:00:00,0.408,0.417,0.4093,0.4086,12096449.97442255,ADA-USD,6h
2025-11-24 00:00:00,0.4041,0.4217,0.4084,0.4182,10717403.07031385,ADA-USD,6h
2025-11-24 06:00:00,0.405,0.4186,0.4184,0.4081,7464210.56675952,ADA-USD,6h
2025-11-24 12:00:00,0.4018,0.4288,0.4081,0.4283,21458648.62450812,ADA-USD,6h
2025-11-24 18:00:00,0.4259,0.4347,0.4285,0.4275,21754712.90245356,ADA-USD,6h
2025-11-25 00:00:00,0.422,0.4291,0.4276,0.4235,9362707.72297524,ADA-USD,6h
2025-11-25 06:00:00,0.413,0.4236,0.4235,0.4148,12287200.40032163,ADA-USD,6h
2025-11-25 12:00:00,0.4045,0.4204,0.4146,0.4175,19641873.91259727,ADA-USD,6h
2025-11-25 18:00:00,0.4104,0.4261,0.4174,0.4216,21648089.91828934,ADA-USD,6h
2025-11-26 00:00:00,0.4183,0.4282,0.4217,0.4221,14119101.7497201,ADA-USD,6h
2025-11-26 06:00:00,0.4137,0.4248,0.4221,0.4149,4739676.39730495,ADA-USD,6h
2025-11-26 12:00:00,0.4102,0.4315,0.4149,0.4307,11531282.44858085,ADA-USD,6h
2025-11-26 18:00:00,0.4294,0.4372,0.431,0.4356,11323928.90839158,ADA-USD,6h
2025-11-27 00:00:00,0.4301,0.4389,0.4357,0.4309,10778902.63135911,ADA-USD,6h
2025-11-27 06:00:00,0.4287,0.4371,0.4309,0.4302,6777678.39093438,ADA-USD,6h
2025-11-27 12:00:00,0.4265,0.4366,0.4301,0.4322,7741012.76636265,ADA-USD,6h
2025-11-27 18:00:00,0.4315,0.439,0.4321,0.4331,5927948.0273386,ADA-USD,6h
2025-11-28 00:00:00,0.4217,0.4333,0.4331,0.4267,8022615.38557404,ADA-USD,6h
2025-11-28 06:00:00,0.4226,0.4369,0.4267,0.4258,8747876.37391386,ADA-USD,6h
2025-11-28 12:00:00,0.4179,0.4348,0.4257,0.419,20237384.34688135,ADA-USD,6h
2025-11-28 18:00:00,0.4148,0.423,0.419,0.4201,8022126.62903621,ADA-USD,6h
2025-11-29 00:00:00,0.415,0.422,0.4201,0.4166,5387662.69345021,ADA-USD,6h
2025-11-29 06:00:00,0.4136,0.4192,0.4166,0.4186,3454975.05841356,ADA-USD,6h
2025-11-29 12:00:00,0.4142,0.4217,0.4186,0.4145,4530119.15948076,ADA-USD,6h
2025-11-29 18:00:00,0.4116,0.4185,0.4149,0.4147,8335703.14854343,ADA-USD,6h
2025-11-30 00:00:00,0.4136,0.4204,0.4147,0.4167,4005417.3661385,ADA-USD,6h
2025-11-30 06:00:00,0.4155,0.4218,0.4167,0.4176,4388795.59594715,ADA-USD,6h
2025-11-30 12:00:00,0.4172,0.4275,0.4176,0.425,5469093.1618286,ADA-USD,6h
2025-11-30 18:00:00,0.4142,0.4269,0.4249,0.4143,6792376.45791969,ADA-USD,6h
2025-12-01 00:00:00,0.3827,0.4157,0.4143,0.3846,34365961.140328,ADA-USD,6h
2025-12-01 06:00:00,0.3811,0.389,0.3845,0.3826,9465194.98095595,ADA-USD,6h
2025-12-01 12:00:00,0.3711,0.3844,0.3827,0.3746,33883495.21952679,ADA-USD,6h
2025-12-01 18:00:00,0.3746,0.3877,0.3746,0.3856,18619382.24827573,ADA-USD,6h
2025-12-02 00:00:00,0.3849,0.3937,0.3857,0.391,9264419.79153444,ADA-USD,6h
2025-12-02 06:00:00,0.3855,0.3952,0.3911,0.3939,5116959.19512491,ADA-USD,6h
2025-12-02 12:00:00,0.3929,0.4341,0.3938,0.4288,36470357.51676346,ADA-USD,6h
2025-12-02 18:00:00,0.4284,0.439,0.4289,0.4337,15360969.96929158,ADA-USD,6h
2025-12-03 00:00:00,0.4299,0.4446,0.4336,0.4404,17213098.50877236,ADA-USD,6h
2025-12-03 06:00:00,0.4357,0.4472,0.4404,0.437,11664918.44252194,ADA-USD,6h
2025-12-03 12:00:00,0.42,0.4441,0.437,0.4428,34109749.0106337,ADA-USD,6h
2025-12-03 18:00:00,0.4401,0.4541,0.4429,0.4501,16800306.04833754,ADA-USD,6h
2025-12-04 00:00:00,0.4451,0.4559,0.4499,0.448,8810642.42338328,ADA-USD,6h
2025-12-04 06:00:00,0.4444,0.4538,0.4481,0.4465,6596266.7963888,ADA-USD,6h
2025-12-04 12:00:00,0.4398,0.4524,0.4462,0.4452,13367335.56633775,ADA-USD,6h
2025-12-04 18:00:00,0.4346,0.4468,0.4451,0.4394,8648188.13300274,ADA-USD,6h
2025-12-05 00:00:00,0.4361,0.4429,0.4394,0.4369,6037639.74605064,ADA-USD,6h
2025-12-05 06:00:00,0.4281,0.4424,0.437,0.4305,6443795.36993745,ADA-USD,6h
2025-12-05 12:00:00,0.4096,0.4326,0.4303,0.415,15150739.53239151,ADA-USD,6h
2025-12-05 18:00:00,0.4093,0.4183,0.4147,0.4158,5642914.85290257,ADA-USD,6h
2025-12-06 00:00:00,0.4122,0.4178,0.4157,0.4144,3072872.51249855,ADA-USD,6h
2025-12-06 06:00:00,0.41,0.4155,0.4144,0.4148,3465668.19191565,ADA-USD,6h
2025-12-06 12:00:00,0.4119,0.4194,0.4147,0.4192,5588993.05072426,ADA-USD,6h
2025-12-06 18:00:00,0.4112,0.4214,0.4189,0.4138,5814706.5426484,ADA-USD,6h
2025-12-07 00:00:00,0.4136,0.42,0.4137,0.4159,5015676.71930269,ADA-USD,6h
2025-12-07 06:00:00,0.4143,0.4207,0.416,0.415,5666081.33371102,ADA-USD,6h
2025-12-07 12:00:00,0.4061,0.4319,0.4151,0.431,19182518.45987774,ADA-USD,6h
2025-12-07 18:00:00,0.4111,0.4352,0.4309,0.4171,11701911.93642946,ADA-USD,6h
2025-12-08 00:00:00,0.4144,0.4275,0.417,0.4258,4514078.15104306,ADA-USD,6h
2025-12-08 06:00:00,0.4248,0.439,0.426,0.4318,6653198.96372689,ADA-USD,6h
2025-12-08 12:00:00,0.4302,0.4413,0.432,0.4379,16227853.02984497,ADA-USD,6h
2025-12-08 18:00:00,0.4296,0.4384,0.4378,0.4329,6318901.59655277,ADA-USD,6h
2025-12-09 00:00:00,0.424,0.4347,0.4328,0.4269,6112874.29729006,ADA-USD,6h
2025-12-09 06:00:00,0.4239,0.4439,0.4269,0.4379,7138133.5774506,ADA-USD,6h
2025-12-09 12:00:00,0.4368,0.4804,0.4379,0.4782,37228185.15320377,ADA-USD,6h
2025-12-09 18:00:00,0.4647,0.484,0.4783,0.4702,19894893.35896347,ADA-USD,6h
2025-12-10 00:00:00,0.4615,0.4718,0.4703,0.4641,7313173.43205144,ADA-USD,6h
2025-12-10 06:00:00,0.4583,0.4759,0.464,0.4658,8802155.27157643,ADA-USD,6h
2025-12-10 12:00:00,0.4604,0.4665,0.4658,0.4626,8505439.99829099,ADA-USD,6h
2025-12-10 18:00:00,0.4525,0.4749,0.4626,0.4536,16529511.57696686,ADA-USD,6h
2025-12-11 00:00:00,0.428,0.455,0.4534,0.431,13924213.65447492,ADA-USD,6h
2025-12-11 06:00:00,0.4201,0.4326,0.4309,0.4208,8515943.52430858,ADA-USD,6h
2025-12-11 12:00:00,0.4107,0.4217,0.4208,0.4111,20977100.33981804,ADA-USD,6h
2025-12-11 18:00:00,0.4096,0.4282,0.4111,0.4255,14587922.33115552,ADA-USD,6h
2025-12-12 00:00:00,0.4178,0.4272,0.4255,0.4253,9509884.91936155,ADA-USD,6h
2025-12-12 06:00:00,0.4214,0.4293,0.4254,0.4245,6085538.13386202,ADA-USD,6h
2025-12-12 12:00:00,0.4036,0.4273,0.4245,0.4084,15901740.46052531,ADA-USD,6h
2025-12-12 18:00:00,0.408,0.4159,0.4085,0.4091,6859974.95210276,ADA-USD,6h
2025-12-13 00:00:00,0.4088,0.412,0.4091,0.4103,3382067.74228317,ADA-USD,6h
2025-12-13 06:00:00,0.4082,0.4157,0.4102,0.4123,3630604.21119098,ADA-USD,6h
2025-12-13 12:00:00,0.409,0.4148,0.4123,0.4109,3734811.99860002,ADA-USD,6h
2025-12-13 18:00:00,0.4063,0.412,0.4109,0.4108,3375534.03676257,ADA-USD,6h
2025-12-14 00:00:00,0.4065,0.4117,0.4107,0.4077,2827809.75559896,ADA-USD,6h
2025-12-14 06:00:00,0.3979,0.4096,0.4076,0.4029,5667216.0510953,ADA-USD,6h
2025-12-14 12:00:00,0.396,0.4051,0.4028,0.3971,12236188.49476474,ADA-USD,6h
2025-12-14 18:00:00,0.3921,0.4004,0.3972,0.3965,11052053.1064579,ADA-USD,6h
2025-12-15 00:00:00,0.3956,0.4076,0.3964,0.4043,6394055.51928857,ADA-USD,6h
2025-12-15 06:00:00,0.4005,0.4065,0.4043,0.403,3850693.58115846,ADA-USD,6h
2025-12-15 12:00:00,0.3792,0.4053,0.403,0.381,29325932.42084298,ADA-USD,6h
2025-12-15 18:00:00,0.377,0.3884,0.3809,0.3882,13635717.73016508,ADA-USD,6h
2025-12-16 00:00:00,0.3775,0.39,0.3882,0.3814,7718911.2162748,ADA-USD,6h
2025-12-16 06:00:00,0.3798,0.3905,0.3815,0.3883,7377331.06224823,ADA-USD,6h
2025-12-16 12:00:00,0.3783,0.3915,0.3884,0.3848,16262618.08211731,ADA-USD,6h
2025-12-16 18:00:00,0.3838,0.3896,0.3847,0.3858,4362831.38084242,ADA-USD,6h
2025-12-17 00:00:00,0.3762,0.3878,0.3857,0.3801,5413525.26898628,ADA-USD,6h
2025-12-17 06:00:00,0.3767,0.3821,0.3801,0.3806,5983628.61028291,ADA-USD,6h
2025-12-17 12:00:00,0.3676,0.4006,0.3806,0.3693,28955187.63173906,ADA-USD,6h
2025-12-17 18:00:00,0.3638,0.3729,0.3693,0.3672,14946884.51929783,ADA-USD,6h
2025-12-18 00:00:00,0.3606,0.3687,0.3669,0.361,7973430.85871281,ADA-USD,6h
2025-12-18 06:00:00,0.3605,0.3658,0.3609,0.3646,13095086.45673484,ADA-USD,6h
2025-12-18 12:00:00,0.3505,0.3791,0.3646,0.3584,23998491.21739947,ADA-USD,6h
2025-12-18 18:00:00,0.3459,0.3621,0.3583,0.3512,23494706.73668582,ADA-USD,6h
2025-12-19 00:00:00,0.3464,0.3627,0.3512,0.3602,14026600.33354869,ADA-USD,6h
2025-12-19 06:00:00,0.3597,0.3694,0.3603,0.366,5559808.20722839,ADA-USD,6h
2025-12-19 12:00:00,0.3649,0.3797,0.3662,0.3691,13202088.45233707,ADA-USD,6h
2025-12-19 18:00:00,0.3691,0.3805,0.3692,0.3767,9824684.4744355,ADA-USD,6h
2025-12-20 00:00:00,0.3721,0.3769,0.3766,0.3732,2757849.88822886,ADA-USD,6h
2025-12-20 06:00:00,0.3724,0.3802,0.3732,0.3784,3124988.9437347,ADA-USD,6h
2025-12-20 12:00:00,0.3744,0.3793,0.3783,0.3751,4823405.79621829,ADA-USD,6h
2025-12-20 18:00:00,0.3726,0.3772,0.3761,0.3728,3117584.19935419,ADA-USD,6h
2025-12-21 00:00:00,0.3674,0.3737,0.3728,0.3679,3128504.96725371,ADA-USD,6h
2025-12-21 06:00:00,0.3666,0.3745,0.3679,0.3698,2371499.93639418,ADA-USD,6h
2025-12-21 12:00:00,0.3575,0.3724,0.3697,0.3631,13594568.79349309,ADA-USD,6h
2025-12-21 18:00:00,0.3589,0.3682,0.3631,0.366,11942958.91478684,ADA-USD,6h
2025-12-22 00:00:00,0.3616,0.3751,0.3662,0.3655,8746917.36432717,ADA-USD,6h
2025-12-22 06:00:00,0.3649,0.3721,0.3656,0.3711,5633819.08318345,ADA-USD,6h
2025-12-22 12:00:00,0.371,0.382,0.3711,0.378,13681842.44611508,ADA-USD,6h
2025-12-22 18:00:00,0.3657,0.38,0.3779,0.3709,9752309.02687695,ADA-USD,6h
2025-12-23 00:00:00,0.3634,0.3741,0.371,0.3659,4718876.26189452,ADA-USD,6h
2025-12-23 06:00:00,0.3621,0.3688,0.3658,0.3672,4060528.7627463,ADA-USD,6h
2025-12-23 12:00:00,0.355,0.3671,0.3671,0.3599,10699266.88265053,ADA-USD,6h
2025-12-23 18:00:00,0.3594,0.3659,0.3597,0.3626,7036824.29495075,ADA-USD,6h
2025-12-24 00:00:00,0.3549,0.3649,0.3626,0.3549,8735010.63078747,ADA-USD,6h
2025-12-24 06:00:00,0.3538,0.3594,0.355,0.3585,3360790.48081116,ADA-USD,6h
2025-12-24 12:00:00,0.3521,0.3594,0.3583,0.3548,8701203.03503464,ADA-USD,6h
2025-12-24 18:00:00,0.3541,0.3591,0.3547,0.3564,8244127.60997701,ADA-USD,6h
2025-12-25 00:00:00,0.3547,0.3625,0.3565,0.3595,4544306.38903827,ADA-USD,6h
2025-12-25 06:00:00,0.3496,0.3609,0.3596,0.3507,4708136.91250805,ADA-USD,6h
2025-12-25 12:00:00,0.3494,0.3592,0.3507,0.3546,8366197.92654043,ADA-USD,6h
2025-12-25 18:00:00,0.3401,0.3598,0.3547,0.3435,12101104.95988886,ADA-USD,6h
2025-12-26 00:00:00,0.3418,0.3582,0.3433,0.3538,11118619.09768139,ADA-USD,6h
2025-12-26 06:00:00,0.351,0.3571,0.3539,0.355,5367469.25182773,ADA-USD,6h
2025-12-26 12:00:00,0.344,0.3577,0.355,0.348,10952748.35868391,ADA-USD,6h
2025-12-26 18:00:00,0.348,0.3511,0.348,0.3494,6027787.40775265,ADA-USD,6h
2025-12-27 00:00:00,0.3485,0.3555,0.3493,0.3537,3956777.34245915,ADA-USD,6h
2025-12-27 06:00:00,0.3518,0.3581,0.3537,0.3581,3220077.38726794,ADA-USD,6h
2025-12-27 12:00:00,0.3553,0.3586,0.3582,0.3574,4211312.51464893,ADA-USD,6h
2025-12-27 18:00:00,0.356,0.3707,0.3575,0.3696,13118887.43631668,ADA-USD,6h
2025-12-28 00:00:00,0.3674,0.3723,0.3697,0.3705,7051367.69375702,ADA-USD,6h
2025-12-28 06:00:00,0.3696,0.3766,0.3705,0.3712,8045675.70014959,ADA-USD,6h
2025-12-28 12:00:00,0.3683,0.372,0.3711,0.3693,5584053.00550853,ADA-USD,6h
2025-12-28 18:00:00,0.3611,0.3695,0.3694,0.3684,11354704.40298524,ADA-USD,6h
2025-12-29 00:00:00,0.3666,0.3842,0.3685,0.3794,19507266.20602732,ADA-USD,6h
2025-12-29 06:00:00,0.3669,0.3795,0.3794,0.3688,11141167.12488465,ADA-USD,6h
2025-12-29 12:00:00,0.3574,0.3693,0.3688,0.359,18172901.84674639,ADA-USD,6h
2025-12-29 18:00:00,0.35,0.3593,0.3589,0.3529,15955067.11881782,ADA-USD,6h
2025-12-30 00:00:00,0.348,0.3548,0.3526,0.3504,11145790.89008661,ADA-USD,6h
2025-12-30 06:00:00,0.3503,0.3563,0.3504,0.3518,7284676.08169293,ADA-USD,6h
2025-12-30 12:00:00,0.35,0.3564,0.3518,0.3524,12840930.69643998,ADA-USD,6h
2025-12-30 18:00:00,0.3484,0.3529,0.3523,0.3509,9684598.26758036,ADA-USD,6h
2025-12-31 00:00:00,0.349,0.3533,0.3508,0.3527,9777589.49882141,ADA-USD,6h
2025-12-31 06:00:00,0.3485,0.3531,0.3528,0.3516,7040432.05902944,ADA-USD,6h
2025-12-31 12:00:00,0.3301,0.3517,0.3515,0.3335,30651008.5370037,ADA-USD,6h
2025-12-31 18:00:00,0.3297,0.336,0.3335,0.3329,30069576.7759446,ADA-USD,6h
2026-01-01 00:00:00,0.3314,0.338,0.3329,0.3363,24562683.42397848,ADA-USD,6h
2026-01-01 06:00:00,0.3353,0.3404,0.3363,0.3402,6941614.93045395,ADA-USD,6h
2026-01-01 12:00:00,0.3385,0.3529,0.3402,0.3511,16400601.9072375,ADA-USD,6h
2026-01-01 18:00:00,0.3493,0.3601,0.3511,0.3561,13145132.75580831,ADA-USD,6h
2026-01-02 00:00:00,0.354,0.3635,0.3561,0.3577,10024394.65947445,ADA-USD,6h
2026-01-02 06:00:00,0.3548,0.3671,0.3578,0.3602,9519874.84824635,ADA-USD,6h
2026-01-02 12:00:00,0.358,0.3933,0.3603,0.3884,26030202.52796809,ADA-USD,6h
2026-01-02 18:00:00,0.3801,0.3961,0.3884,0.3952,14590069.92497711,ADA-USD,6h
2026-01-03 00:00:00,0.3912,0.399,0.3952,0.3927,7583713.49171036,ADA-USD,6h
2026-01-03 06:00:00,0.3825,0.3951,0.3928,0.3842,10488204.42061422,ADA-USD,6h
2026-01-03 12:00:00,0.3831,0.3907,0.3842,0.388,6264410.97972984,ADA-USD,6h
2026-01-03 18:00:00,0.3857,0.3906,0.388,0.3892,4934688.54993542,ADA-USD,6h
2026-01-04 00:00:00,0.3885,0.4019,0.3891,0.3985,14380076.68884839,ADA-USD,6h
2026-01-04 06:00:00,0.3928,0.4055,0.3984,0.4012,10712154.88564748,ADA-USD,6h
2026-01-04 12:00:00,0.3958,0.4043,0.4012,0.403,9544415.45902477,ADA-USD,6h
2026-01-04 18:00:00,0.3952,0.4034,0.403,0.4006,9456307.72449881,ADA-USD,6h
2026-01-05 00:00:00,0.3938,0.408,0.4005,0.3979,16539736.3002905,ADA-USD,6h
2026-01-05 06:00:00,0.3954,0.4038,0.398,0.3998,6424551.83922661,ADA-USD,6h
2026-01-05 12:00:00,0.3968,0.4164,0.3997,0.4138,21225575.77040967,ADA-USD,6h
2026-01-05 18:00:00,0.4122,0.4251,0.4138,0.4211,24521034.68778491,ADA-USD,6h
2026-01-06 00:00:00,0.4178,0.4309,0.4212,0.4229,15045303.35351784,ADA-USD,6h
2026-01-06 06:00:00,0.4139,0.4256,0.4228,0.4221,9092344.58417322,ADA-USD,6h
2026-01-06 12:00:00,0.4013,0.4374,0.422,0.4022,29408239.68716613,ADA-USD,6h
2026-01-06 18:00:00,0.4008,0.422,0.402,0.4192,12652639.49540162,ADA-USD,6h
2026-01-07 00:00:00,0.4088,0.4191,0.4191,0.4098,6609897.94047716,ADA-USD,6h
2026-01-07 06:00:00,0.409,0.4224,0.41,0.4147,9585148.86385743,ADA-USD,6h
2026-01-07 12:00:00,0.4,0.4153,0.4146,0.4035,16866065.26468051,ADA-USD,6h
2026-01-07 18:00:00,0.3973,0.4056,0.4034,0.402,8863448.18548747,ADA-USD,6h
2026-01-08 00:00:00,0.3951,0.4044,0.4019,0.3987,7183530.86573364,ADA-USD,6h
2026-01-08 06:00:00,0.3864,0.3988,0.3988,0.39,15564156.54535017,ADA-USD,6h
2026-01-08 12:00:00,0.3841,0.3975,0.3899,0.3967,18442519.81038853,ADA-USD,6h
2026-01-08 18:00:00,0.3891,0.3985,0.3966,0.3953,9876135.05837309,ADA-USD,6h
2026-01-09 00:00:00,0.3935,0.4003,0.3954,0.3964,9647622.88352872,ADA-USD,6h
2026-01-09 06:00:00,0.3891,0.3992,0.3962,0.3914,10279201.80110634,ADA-USD,6h
2026-01-09 12:00:00,0.3873,0.4048,0.3912,0.396,22302036.57375209,ADA-USD,6h
2026-01-09 18:00:00,0.3885,0.3969,0.3959,0.391,8507860.10432598,ADA-USD,6h
2026-01-10 00:00:00,0.3861,0.3911,0.3911,0.387,3414566.14082249,ADA-USD,6h
2026-01-10 06:00:00,0.3841,0.3911,0.3871,0.3907,3645776.96450744,ADA-USD,6h
2026-01-10 12:00:00,0.3881,0.392,0.3906,0.3888,3048411.98988988,ADA-USD,6h
2026-01-10 18:00:00,0.3851,0.391,0.3887,0.3881,3284059.01327699,ADA-USD,6h
2026-01-11 00:00:00,0.3872,0.3915,0.388,0.3909,2907326.59505,ADA-USD,6h
2026-01-11 06:00:00,0.3884,0.3928,0.3909,0.3914,2480148.68366526,ADA-USD,6h
2026-01-11 12:00:00,0.3882,0.3967,0.3915,0.3945,10617857.61265275,ADA-USD,6h
2026-01-11 18:00:00,0.3834,0.3944,0.3944,0.3904,8603240.21461135,ADA-USD,6h
2026-01-12 00:00:00,0.3852,0.403,0.3903,0.3979,12324513.83584419,ADA-USD,6h
2026-01-12 06:00:00,0.3842,0.3991,0.3978,0.3869,7528791.01239995,ADA-USD,6h
2026-01-12 12:00:00,0.381,0.3991,0.3868,0.3927,15330555.59541418,ADA-USD,6h
2026-01-12 18:00:00,0.3835,0.3965,0.3928,0.3855,10187886.72561952,ADA-USD,6h
2026-01-13 00:00:00,0.3845,0.3953,0.3856,0.3914,6685055.46244817,ADA-USD,6h
2026-01-13 06:00:00,0.3893,0.395,0.3915,0.3919,8062995.13594927,ADA-USD,6h
2026-01-13 12:00:00,0.3905,0.4109,0.3919,0.4061,23012421.94063698,ADA-USD,6h
2026-01-13 18:00:00,0.4049,0.4265,0.4059,0.4217,22640858.98077739,ADA-USD,6h
2026-01-14 00:00:00,0.4196,0.427,0.4217,0.4217,11859158.08537522,ADA-USD,6h
2026-01-14 06:00:00,0.4132,0.4269,0.4216,0.4137,9070275.13110931,ADA-USD,6h
2026-01-14 12:00:00,0.4112,0.424,0.4137,0.4164,24567346.60911186,ADA-USD,6h
2026-01-14 18:00:00,0.4095,0.4204,0.4162,0.4142,17614799.49973122,ADA-USD,6h
2026-01-15 00:00:00,0.399,0.4144,0.4144,0.4023,12409597.92932815,ADA-USD,6h
2026-01-15 06:00:00,0.4003,0.4065,0.4022,0.4048,6465572.4055456,ADA-USD,6h
2026-01-15 12:00:00,0.3932,0.4106,0.4047,0.396,18585557.71524873,ADA-USD,6h
2026-01-15 18:00:00,0.389,0.3969,0.3962,0.3932,10797802.53694886,ADA-USD,6h
2026-01-16 00:00:00,0.3883,0.3942,0.3931,0.393,7259629.41285296,ADA-USD,6h
2026-01-16 06:00:00,0.3902,0.3943,0.3928,0.3926,2752825.5906802,ADA-USD,6h
2026-01-16 12:00:00,0.379,0.3927,0.3926,0.3865,9214839.8566564,ADA-USD,6h
2026-01-16 18:00:00,0.3843,0.3984,0.3865,0.3958,7828970.00601159,ADA-USD,6h
2026-01-17 00:00:00,0.3934,0.3973,0.3959,0.3959,3784152.60028471,ADA-USD,6h
2026-01-17 06:00:00,0.3935,0.3968,0.3959,0.3946,2882265.60028974,ADA-USD,6h
2026-01-17 12:00:00,0.3944,0.4041,0.3945,0.4004,4734571.26458959,ADA-USD,6h
2026-01-17 18:00:00,0.3949,0.4021,0.4004,0.3967,4080350.32985856,ADA-USD,6h
2026-01-18 00:00:00,0.3928,0.3987,0.3967,0.3951,3198391.82043267,ADA-USD,6h
2026-01-18 06:00:00,0.3919,0.3959,0.3951,0.3927,2320662.97322657,ADA-USD,6h
2026-01-18 12:00:00,0.3892,0.3951,0.3927,0.3919,5706029.95970911,ADA-USD,6h
2026-01-18 18:00:00,0.3747,0.3969,0.392,0.3757,8443867.40937196,ADA-USD,6h
2026-01-19 00:00:00,0.345,0.3755,0.3755,0.3637,38358667.12785337,ADA-USD,6h
2026-01-19 06:00:00,0.3608,0.3725,0.3638,0.3689,14426590.97336042,ADA-USD,6h
2026-01-19 12:00:00,0.3649,0.3717,0.369,0.3685,11674197.81848513,ADA-USD,6h
2026-01-19 18:00:00,0.3666,0.3727,0.3686,0.3701,10959259.9353795,ADA-USD,6h
2026-01-20 00:00:00,0.3637,0.3702,0.37,0.3674,12179682.91584736,ADA-USD,6h
2026-01-20 06:00:00,0.3571,0.3677,0.3673,0.3575,9197734.77381407,ADA-USD,6h
2026-01-20 12:00:00,0.3494,0.3634,0.3574,0.3516,24339348.37231974,ADA-USD,6h
2026-01-20 18:00:00,0.3466,0.3538,0.3516,0.3503,9379957.88476356,ADA-USD,6h
2026-01-21 00:00:00,0.35,0.362,0.3503,0.3609,8762302.86751307,ADA-USD,6h
2026-01-21 06:00:00,0.354,0.3626,0.3608,0.3544,5560041.20411702,ADA-USD,6h
2026-01-21 12:00:00,0.3464,0.3635,0.3545,0.3507,13141893.18421266,ADA-USD,6h
2026-01-21 18:00:00,0.349,0.3737,0.3506,0.3657,14657962.26696283,ADA-USD,6h
2026-01-22 00:00:00,0.3629,0.3687,0.3657,0.365,5071796.06128942,ADA-USD,6h
2026-01-22 06:00:00,0.3626,0.3662,0.3649,0.3634,6473663.92125873,ADA-USD,6h
2026-01-22 12:00:00,0.3552,0.3659,0.3633,0.3621,9667332.90474275,ADA-USD,6h
2026-01-22 18:00:00,0.3573,0.3623,0.3621,0.359,5578248.69735315,ADA-USD,6h
2026-01-23 00:00:00,0.3582,0.3648,0.3589,0.3602,4334533.80188452,ADA-USD,6h
2026-01-23 06:00:00,0.3572,0.3623,0.3602,0.3596,5456013.88769685,ADA-USD,6h
2026-01-23 12:00:00,0.3521,0.3703,0.3597,0.3653,11911426.03957733,ADA-USD,6h
2026-01-23 18:00:00,0.357,0.3681,0.3653,0.3598,7125588.15886902,ADA-USD,6h
2026-01-24 00:00:00,0.3578,0.362,0.3601,0.3601,2523459.24887745,ADA-USD,6h
2026-01-24 06:00:00,0.3582,0.3602,0.36,0.3594,1814732.79325672,ADA-USD,6h
2026-01-24 12:00:00,0.3558,0.36,0.3593,0.3582,3069342.14767168,ADA-USD,6h
2026-01-24 18:00:00,0.3572,0.3596,0.3582,0.3579,3019762.4543945,ADA-USD,6h
2026-01-25 00:00:00,0.3538,0.359,0.3577,0.3564,3795559.74088479,ADA-USD,6h
2026-01-25 06:00:00,0.3533,0.3597,0.3562,0.3556,3726818.25211885,ADA-USD,6h
2026-01-25 12:00:00,0.341,0.3567,0.3556,0.341,13753968.87037737,ADA-USD,6h
2026-01-25 18:00:00,0.3323,0.342,0.341,0.3386,21524300.69274566,ADA-USD,6h
2026-01-26 00:00:00,0.3384,0.3493,0.3387,0.3471,10139585.11468877,ADA-USD,6h
2026-01-26 06:00:00,0.3445,0.3513,0.3473,0.3468,5013224.63418849,ADA-USD,6h
2026-01-26 12:00:00,0.3464,0.358,0.3467,0.3522,10795888.8587705,ADA-USD,6h
2026-01-26 18:00:00,0.3486,0.3555,0.3522,0.3517,7938170.55900914,ADA-USD,6h
2026-01-27 00:00:00,0.3506,0.3548,0.3518,0.3521,6133256.56407346,ADA-USD,6h
2026-01-27 06:00:00,0.3484,0.3524,0.3521,0.3499,3165523.60004174,ADA-USD,6h
2026-01-27 12:00:00,0.3472,0.3573,0.35,0.3498,12231310.92060621,ADA-USD,6h
2026-01-27 18:00:00,0.3493,0.363,0.3499,0.3601,11723242.06687907,ADA-USD,6h
2026-01-28 00:00:00,0.3541,0.3609,0.3603,0.3571,11469058.66715842,ADA-USD,6h
2026-01-28 06:00:00,0.3559,0.3641,0.3572,0.364,7835597.35281315,ADA-USD,6h
2026-01-28 12:00:00,0.3541,0.3646,0.364,0.3596,15127014.23116773,ADA-USD,6h
2026-01-28 18:00:00,0.3546,0.361,0.3596,0.3579,11819557.01243642,ADA-USD,6h
2026-01-29 00:00:00,0.3474,0.3586,0.3579,0.35,12388441.41994183,ADA-USD,6h
2026-01-29 06:00:00,0.3454,0.3519,0.35,0.3457,5421269.0642357,ADA-USD,6h
2026-01-29 12:00:00,0.3294,0.3466,0.3456,0.3337,27679007.35904211,ADA-USD,6h
2026-01-29 18:00:00,0.3266,0.3359,0.3337,0.3341,16567775.87861858,ADA-USD,6h
2026-01-30 00:00:00,0.3185,0.3353,0.3341,0.3264,23874659.47373617,ADA-USD,6h
2026-01-30 06:00:00,0.3192,0.3287,0.3263,0.3274,12296204.49721878,ADA-USD,6h
2026-01-30 12:00:00,0.3204,0.328,0.3274,0.3248,18295738.45935238,ADA-USD,6h
2026-01-30 18:00:00,0.3156,0.3314,0.3247,0.3202,25162590.79080333,ADA-USD,6h
2026-01-31 00:00:00,0.3121,0.322,0.3203,0.3153,14691792.8200777,ADA-USD,6h
2026-01-31 06:00:00,0.3064,0.3159,0.3153,0.3097,21726128.21261597,ADA-USD,6h
2026-01-31 12:00:00,0.2773,0.3103,0.3097,0.284,64662688.04472824,ADA-USD,6h
2026-01-31 18:00:00,0.269,0.2957,0.284,0.2934,50644090.85408085,ADA-USD,6h
