date,low,high,open,close,volume,symbol,granularity
2021-06-17 12:00:00,38.219,40.5,40.5,38.455,65432.249,SOL-USD,6h
2021-06-17 18:00:00,38.379,39.64,38.379,39.25,136685.705,SOL-USD,6h
2021-06-18 00:00:00,38.291,39.45,39.321,38.96,93588.552,SOL-USD,6h
2021-06-18 06:00:00,37.85,39.184,38.975,38.28,57167.676,SOL-USD,6h
2021-06-18 12:00:00,35.5,38.342,38.281,35.791,194601.956,SOL-USD,6h
2021-06-18 18:00:00,35.0,36.906,35.777,36.842,126003.528,SOL-USD,6h
2021-06-19 00:00:00,35.05,37.361,36.875,36.158,91511.646,SOL-USD,6h
2021-06-19 06:00:00,35.801,36.456,36.127,36.337,21472.034,SOL-USD,6h
2021-06-19 12:00:00,35.63,36.989,36.292,35.73,81261.082,SOL-USD,6h
2021-06-19 18:00:00,34.977,36.01,35.693,35.2,68757.853,SOL-USD,6h
2021-06-20 00:00:00,34.349,35.645,35.2,35.514,54328.177,SOL-USD,6h
2021-06-20 06:00:00,32.25,35.598,35.57,32.566,43087.528,SOL-USD,6h
2021-06-20 12:00:00,31.324,34.527,32.5,33.757,110960.913,SOL-USD,6h
2021-06-20 18:00:00,33.658,35.954,33.791,35.271,78812.405,SOL-USD,6h
2021-06-21 00:00:00,31.23,35.532,35.286,33.029,142012.253,SOL-USD,6h
2021-06-21 06:00:00,28.414,33.362,33.031,30.547,168625.029,SOL-USD,6h
2021-06-21 12:00:00,27.502,31.387,30.5,27.765,244978.611,SOL-USD,6h
2021-06-21 18:00:00,26.0,29.026,27.765,26.625,280758.487,SOL-USD,6h
2021-06-22 00:00:00,25.0,28.773,26.631,26.602,285242.148,SOL-USD,6h
2021-06-22 06:00:00,22.0,27.049,26.765,22.035,157345.104,SOL-USD,6h
2021-06-22 12:00:00,20.181,28.386,22.021,27.55,791406.941,SOL-USD,6h
2021-06-22 18:00:00,25.78,28.182,27.593,26.982,204743.52,SOL-USD,6h
2021-06-23 00:00:00,25.682,31.261,26.979,30.771,384785.762,SOL-USD,6h
2021-06-23 06:00:00,29.985,31.912,30.831,31.063,123932.955,SOL-USD,6h
2021-06-23 12:00:00,28.91,32.957,31.03,29.599,324071.235,SOL-USD,6h
2021-06-23 18:00:00,28.293,31.061,29.55,30.838,312817.037,SOL-USD,6h
2021-06-24 00:00:00,28.477,31.25,30.851,29.379,369065.272,SOL-USD,6h
2021-06-24 06:00:00,28.666,30.797,29.379,30.797,96600.513,SOL-USD,6h
2021-06-24 12:00:00,30.016,33.0,30.813,32.766,256314.677,SOL-USD,6h
2021-06-24 18:00:00,31.165,32.98,32.863,31.187,161050.446,SOL-USD,6h
2021-06-25 00:00:00,31.096,32.98,31.201,31.719,174919.229,SOL-USD,6h
2021-06-25 06:00:00,29.421,32.199,31.69,29.567,96513.58,SOL-USD,6h
2021-06-25 12:00:00,27.93,30.789,29.623,28.302,236078.509,SOL-USD,6h
2021-06-25 18:00:00,28.201,29.763,28.334,28.646,139251.611,SOL-USD,6h
2021-06-26 00:00:00,28.35,30.121,28.6,29.625,103732.735,SOL-USD,6h
2021-06-26 06:00:00,26.72,29.974,29.664,28.806,113692.733,SOL-USD,6h
2021-06-26 12:00:00,27.095,28.933,28.771,28.426,144309.391,SOL-USD,6h
2021-06-26 18:00:00,27.68,29.766,28.423,29.739,108024.235,SOL-USD,6h
2021-06-27 00:00:00,29.205,30.951,29.739,30.08,122351.625,SOL-USD,6h
2021-06-27 06:00:00,29.632,30.851,30.074,30.506,52425.858,SOL-USD,6h
2021-06-27 12:00:00,29.871,31.179,30.587,30.143,117583.84,SOL-USD,6h
2021-06-27 18:00:00,29.604,31.98,30.123,31.92,139129.845,SOL-USD,6h
2021-06-28 00:00:00,31.01,32.0,31.935,31.507,70706.826,SOL-USD,6h
2021-06-28 06:00:00,31.286,32.963,31.507,31.618,99123.715,SOL-USD,6h
2021-06-28 12:00:00,31.322,34.139,31.593,33.203,153346.207,SOL-USD,6h
2021-06-28 18:00:00,32.538,34.323,33.225,33.013,136581.139,SOL-USD,6h
2021-06-29 00:00:00,32.655,33.919,33.033,33.358,88244.263,SOL-USD,6h
2021-06-29 06:00:00,33.11,34.494,33.339,34.326,83412.75,SOL-USD,6h
2021-06-29 12:00:00,34.238,35.829,34.336,35.221,229717.532,SOL-USD,6h
2021-06-29 18:00:00,33.69,35.259,35.221,33.963,151630.824,SOL-USD,6h
2021-06-30 00:00:00,31.833,34.23,33.951,32.4,179572.308,SOL-USD,6h
2021-06-30 06:00:00,32.119,33.779,32.372,33.042,70067.044,SOL-USD,6h
2021-06-30 12:00:00,31.602,33.294,32.99,32.635,194935.87,SOL-USD,6h
2021-06-30 18:00:00,32.43,36.0,32.697,35.565,310145.35,SOL-USD,6h
2021-07-01 00:00:00,33.55,35.601,35.545,34.487,115830.363,SOL-USD,6h
2021-07-01 06:00:00,32.182,35.043,34.468,34.306,175540.421,SOL-USD,6h
2021-07-01 12:00:00,32.9,34.339,34.307,34.121,156972.227,SOL-USD,6h
2021-07-01 18:00:00,33.13,34.278,34.084,33.29,93575.046,SOL-USD,6h
2021-07-02 00:00:00,31.538,34.0,33.28,31.83,111141.89,SOL-USD,6h
2021-07-02 06:00:00,31.408,32.756,31.838,31.85,85540.475,SOL-USD,6h
2021-07-02 12:00:00,31.764,33.226,31.821,32.888,138752.376,SOL-USD,6h
2021-07-02 18:00:00,32.673,34.1,32.891,33.991,123142.747,SOL-USD,6h
2021-07-03 00:00:00,33.26,34.273,33.991,34.109,68160.175,SOL-USD,6h
2021-07-03 06:00:00,33.66,35.392,34.11,35.157,57646.0,SOL-USD,6h
2021-07-03 12:00:00,34.504,35.305,35.157,35.124,68189.459,SOL-USD,6h
2021-07-03 18:00:00,33.848,35.164,35.104,34.558,67806.707,SOL-USD,6h
2021-07-04 00:00:00,33.582,35.171,34.536,35.058,40733.971,SOL-USD,6h
2021-07-04 06:00:00,34.87,35.504,35.101,35.18,46067.85,SOL-USD,6h
2021-07-04 12:00:00,34.373,35.328,35.191,35.122,91727.088,SOL-USD,6h
2021-07-04 18:00:00,34.091,35.358,35.143,34.332,65059.129,SOL-USD,6h
2021-07-05 00:00:00,33.284,34.396,34.304,33.997,41817.893,SOL-USD,6h
2021-07-05 06:00:00,32.89,34.479,33.997,33.225,36727.872,SOL-USD,6h
2021-07-05 12:00:00,32.45,33.647,33.15,33.064,122097.21,SOL-USD,6h
2021-07-05 18:00:00,32.833,33.63,33.119,32.92,50222.958,SOL-USD,6h
2021-07-06 00:00:00,32.909,34.405,32.922,34.341,78428.717,SOL-USD,6h
2021-07-06 06:00:00,33.366,35.048,34.386,33.76,54020.335,SOL-USD,6h
2021-07-06 12:00:00,33.215,34.6,33.67,33.451,143079.726,SOL-USD,6h
2021-07-06 18:00:00,33.264,34.396,33.35,34.217,72494.321,SOL-USD,6h
2021-07-07 00:00:00,33.83,34.879,34.213,34.812,99488.833,SOL-USD,6h
2021-07-07 06:00:00,34.441,37.242,34.84,37.001,179526.256,SOL-USD,6h
2021-07-07 12:00:00,36.134,37.624,36.994,37.308,363501.935,SOL-USD,6h
2021-07-07 18:00:00,36.351,38.1,37.31,36.718,260318.989,SOL-USD,6h
2021-07-08 00:00:00,34.657,36.962,36.678,34.657,253149.362,SOL-USD,6h
2021-07-08 06:00:00,33.833,35.696,34.696,34.993,77608.741,SOL-USD,6h
2021-07-08 12:00:00,33.623,35.297,34.953,33.933,205529.833,SOL-USD,6h
2021-07-08 18:00:00,32.586,34.056,33.933,33.161,119807.563,SOL-USD,6h
2021-07-09 00:00:00,32.0,33.789,33.163,33.19,116114.739,SOL-USD,6h
2021-07-09 06:00:00,32.384,33.368,33.184,32.448,32734.163,SOL-USD,6h
2021-07-09 12:00:00,32.25,34.43,32.444,33.814,128345.307,SOL-USD,6h
2021-07-09 18:00:00,32.82,33.81,33.798,33.335,65771.088,SOL-USD,6h
2021-07-10 00:00:00,32.783,34.223,33.3,33.137,59076.859,SOL-USD,6h
2021-07-10 06:00:00,32.47,33.661,33.087,32.764,28827.706,SOL-USD,6h
2021-07-10 12:00:00,31.635,33.318,32.682,31.8,151700.665,SOL-USD,6h
2021-07-10 18:00:00,31.069,32.015,31.777,31.722,78204.365,SOL-USD,6h
2021-07-11 00:00:00,31.368,32.172,31.716,31.815,48008.892,SOL-USD,6h
2021-07-11 06:00:00,31.375,32.33,31.824,32.229,38899.703,SOL-USD,6h
2021-07-11 12:00:00,31.84,32.551,32.229,32.05,65195.935,SOL-USD,6h
2021-07-11 18:00:00,31.87,32.55,32.05,32.2,76980.488,SOL-USD,6h
2021-07-12 00:00:00,31.949,32.686,32.191,32.18,48283.368,SOL-USD,6h
2021-07-12 06:00:00,31.281,32.375,32.221,31.35,33944.549,SOL-USD,6h
2021-07-12 12:00:00,30.253,31.663,31.34,30.354,122743.404,SOL-USD,6h
2021-07-12 18:00:00,30.0,30.987,30.318,30.749,125915.716,SOL-USD,6h
2021-07-13 00:00:00,30.041,31.09,30.792,30.06,71942.362,SOL-USD,6h
2021-07-13 06:00:00,30.061,30.725,30.062,30.12,21988.751,SOL-USD,6h
2021-07-13 12:00:00,29.119,30.326,30.11,29.991,99694.051,SOL-USD,6h
2021-07-13 18:00:00,28.831,29.982,29.982,29.15,145115.644,SOL-USD,6h
2021-07-14 00:00:00,27.52,29.283,29.173,27.661,135946.488,SOL-USD,6h
2021-07-14 06:00:00,27.442,29.394,27.748,29.051,60524.794,SOL-USD,6h
2021-07-14 12:00:00,28.79,31.189,29.092,30.625,91393.412,SOL-USD,6h
2021-07-14 18:00:00,30.495,31.468,30.636,31.349,96694.936,SOL-USD,6h
2021-07-15 00:00:00,30.0,31.5,31.33,30.49,80671.025,SOL-USD,6h
2021-07-15 06:00:00,29.059,30.844,30.42,29.138,105820.491,SOL-USD,6h
2021-07-15 12:00:00,28.0,29.557,29.138,28.455,211430.348,SOL-USD,6h
2021-07-15 18:00:00,28.111,29.032,28.458,28.594,90298.909,SOL-USD,6h
2021-07-16 00:00:00,28.159,29.48,28.575,28.676,59577.88,SOL-USD,6h
2021-07-16 06:00:00,27.054,28.72,28.644,27.152,81678.669,SOL-USD,6h
2021-07-16 12:00:00,27.176,28.43,27.176,27.57,89428.279,SOL-USD,6h
2021-07-16 18:00:00,26.204,27.63,27.57,26.296,106228.189,SOL-USD,6h
2021-07-17 00:00:00,26.02,26.84,26.291,26.526,164124.596,SOL-USD,6h
2021-07-17 06:00:00,26.0,27.145,26.531,26.429,49075.327,SOL-USD,6h
2021-07-17 12:00:00,26.24,26.838,26.466,26.6,54988.371,SOL-USD,6h
2021-07-17 18:00:00,26.484,27.822,26.632,26.764,103313.458,SOL-USD,6h
2021-07-18 00:00:00,26.681,27.753,26.743,27.318,79362.42,SOL-USD,6h
2021-07-18 06:00:00,26.76,27.513,27.342,27.395,25864.898,SOL-USD,6h
2021-07-18 12:00:00,26.265,27.496,27.388,26.789,49509.891,SOL-USD,6h
2021-07-18 18:00:00,26.379,27.224,26.76,26.696,32960.381,SOL-USD,6h
2021-07-19 00:00:00,25.686,26.711,26.711,26.177,106752.903,SOL-USD,6h
2021-07-19 06:00:00,24.8,26.216,26.15,24.83,83823.415,SOL-USD,6h
2021-07-19 12:00:00,24.0,24.952,24.82,24.283,361887.836,SOL-USD,6h
2021-07-19 18:00:00,24.05,24.866,24.286,24.524,151766.673,SOL-USD,6h
2021-07-20 00:00:00,22.707,24.993,24.539,22.841,308980.142,SOL-USD,6h
2021-07-20 06:00:00,22.139,23.248,22.845,22.894,96535.856,SOL-USD,6h
2021-07-20 12:00:00,22.6,23.943,22.922,23.465,163840.687,SOL-USD,6h
2021-07-20 18:00:00,23.246,24.138,23.465,23.472,115585.761,SOL-USD,6h
2021-07-21 00:00:00,22.818,25.343,23.489,25.256,212374.48,SOL-USD,6h
2021-07-21 06:00:00,25.173,26.492,25.252,26.22,111175.089,SOL-USD,6h
2021-07-21 12:00:00,25.761,27.476,26.257,26.83,190667.465,SOL-USD,6h
2021-07-21 18:00:00,25.296,27.33,26.844,26.691,134216.012,SOL-USD,6h
2021-07-22 00:00:00,25.935,27.152,26.702,26.378,119139.068,SOL-USD,6h
2021-07-22 06:00:00,26.336,27.585,26.346,26.735,83801.373,SOL-USD,6h
2021-07-22 12:00:00,26.35,28.193,26.69,27.98,184946.122,SOL-USD,6h
2021-07-22 18:00:00,27.318,28.11,28.004,27.713,146107.474,SOL-USD,6h
2021-07-23 00:00:00,27.317,28.704,27.706,28.369,146539.875,SOL-USD,6h
2021-07-23 06:00:00,27.139,28.402,28.387,27.565,86652.825,SOL-USD,6h
2021-07-23 12:00:00,26.404,27.879,27.521,26.8,124804.639,SOL-USD,6h
2021-07-23 18:00:00,26.51,28.552,26.787,28.539,115685.136,SOL-USD,6h
2021-07-24 00:00:00,28.276,29.247,28.554,28.905,120303.766,SOL-USD,6h
2021-07-24 06:00:00,28.272,29.5,28.907,28.705,84835.431,SOL-USD,6h
2021-07-24 12:00:00,28.27,29.508,28.626,29.234,113634.613,SOL-USD,6h
2021-07-24 18:00:00,28.036,29.483,29.228,28.65,88928.035,SOL-USD,6h
2021-07-25 00:00:00,27.652,28.896,28.652,28.126,156524.367,SOL-USD,6h
2021-07-25 06:00:00,27.94,28.79,28.131,28.017,59971.102,SOL-USD,6h
2021-07-25 12:00:00,26.556,28.004,28.004,27.709,149590.698,SOL-USD,6h
2021-07-25 18:00:00,27.384,28.26,27.705,28.253,84093.541,SOL-USD,6h
2021-07-26 00:00:00,28.055,31.103,28.26,30.253,416340.774,SOL-USD,6h
2021-07-26 06:00:00,29.303,30.929,30.239,30.073,109873.668,SOL-USD,6h
2021-07-26 12:00:00,29.575,30.55,30.093,30.34,310421.042,SOL-USD,6h
2021-07-26 18:00:00,27.883,30.95,30.349,28.196,372552.934,SOL-USD,6h
2021-07-27 00:00:00,27.14,28.592,28.2,27.827,143767.089,SOL-USD,6h
2021-07-27 06:00:00,27.705,28.806,27.85,28.687,69657.104,SOL-USD,6h
2021-07-27 12:00:00,26.996,29.013,28.684,27.244,290095.774,SOL-USD,6h
2021-07-27 18:00:00,26.909,28.209,27.267,28.158,200509.742,SOL-USD,6h
2021-07-28 00:00:00,27.566,28.616,28.152,27.956,191623.492,SOL-USD,6h
2021-07-28 06:00:00,27.38,28.782,27.959,28.641,96031.385,SOL-USD,6h
2021-07-28 12:00:00,27.521,28.777,28.662,27.521,159622.225,SOL-USD,6h
2021-07-28 18:00:00,27.441,28.273,27.52,27.899,152781.868,SOL-USD,6h
2021-07-29 00:00:00,27.33,28.313,27.894,28.296,85361.752,SOL-USD,6h
2021-07-29 06:00:00,27.952,28.688,28.304,28.157,68045.254,SOL-USD,6h
2021-07-29 12:00:00,27.93,30.349,28.165,29.909,173395.372,SOL-USD,6h
2021-07-29 18:00:00,29.79,31.935,29.928,31.295,277999.122,SOL-USD,6h
2021-07-30 00:00:00,30.74,33.082,31.309,31.977,257899.876,SOL-USD,6h
2021-07-30 06:00:00,29.998,32.308,32.008,30.965,186155.833,SOL-USD,6h
2021-07-30 12:00:00,30.22,31.643,30.96,31.643,228405.124,SOL-USD,6h
2021-07-30 18:00:00,31.088,32.585,31.643,32.41,323197.943,SOL-USD,6h
2021-07-31 00:00:00,31.705,33.797,32.389,32.312,220616.713,SOL-USD,6h
2021-07-31 06:00:00,31.929,34.79,32.312,34.65,138966.427,SOL-USD,6h
2021-07-31 12:00:00,33.623,34.973,34.649,33.796,210719.909,SOL-USD,6h
2021-07-31 18:00:00,33.778,37.0,33.787,36.759,336315.295,SOL-USD,6h
2021-08-01 00:00:00,35.22,36.866,36.8,35.447,218108.852,SOL-USD,6h
2021-08-01 06:00:00,34.786,36.014,35.383,35.105,84779.987,SOL-USD,6h
2021-08-01 12:00:00,34.307,35.991,35.105,35.15,164403.336,SOL-USD,6h
2021-08-01 18:00:00,33.276,36.264,35.134,34.198,192318.496,SOL-USD,6h
2021-08-02 00:00:00,33.331,35.089,34.162,34.661,248976.268,SOL-USD,6h
2021-08-02 06:00:00,34.53,35.93,34.631,34.594,121494.366,SOL-USD,6h
2021-08-02 12:00:00,33.594,34.721,34.594,33.914,201723.605,SOL-USD,6h
2021-08-02 18:00:00,33.03,34.077,33.914,33.187,158997.481,SOL-USD,6h
2021-08-03 00:00:00,32.36,33.715,33.227,32.909,179890.808,SOL-USD,6h
2021-08-03 06:00:00,32.841,34.621,32.906,34.356,151683.378,SOL-USD,6h
2021-08-03 12:00:00,33.696,35.878,34.396,34.717,349304.789,SOL-USD,6h
2021-08-03 18:00:00,33.84,34.984,34.717,34.116,115024.518,SOL-USD,6h
2021-08-04 00:00:00,33.521,34.424,34.116,33.82,114057.309,SOL-USD,6h
2021-08-04 06:00:00,33.268,34.4,33.801,34.35,93941.377,SOL-USD,6h
2021-08-04 12:00:00,34.325,36.401,34.356,35.528,346316.452,SOL-USD,6h
2021-08-04 18:00:00,35.36,36.662,35.568,35.794,178799.697,SOL-USD,6h
2021-08-05 00:00:00,35.483,37.453,35.779,36.903,198466.631,SOL-USD,6h
2021-08-05 06:00:00,35.932,37.191,36.891,36.84,107232.404,SOL-USD,6h
2021-08-05 12:00:00,35.988,38.28,36.821,37.166,414048.822,SOL-USD,6h
2021-08-05 18:00:00,36.76,37.799,37.174,37.398,111216.252,SOL-USD,6h
2021-08-06 00:00:00,35.672,37.538,37.427,36.368,123955.267,SOL-USD,6h
2021-08-06 06:00:00,36.342,37.259,36.363,36.971,62085.13,SOL-USD,6h
2021-08-06 12:00:00,36.726,40.453,36.971,39.942,318330.955,SOL-USD,6h
2021-08-06 18:00:00,38.983,40.415,39.942,39.513,205205.153,SOL-USD,6h
2021-08-07 00:00:00,38.772,40.159,39.52,39.64,112847.048,SOL-USD,6h
2021-08-07 06:00:00,38.868,40.496,39.635,40.046,95739.149,SOL-USD,6h
2021-08-07 12:00:00,37.571,40.36,40.058,38.076,202684.255,SOL-USD,6h
2021-08-07 18:00:00,37.854,39.598,38.054,39.516,189576.193,SOL-USD,6h
2021-08-08 00:00:00,38.0,39.594,39.506,38.827,96407.005,SOL-USD,6h
2021-08-08 06:00:00,38.262,39.434,38.837,38.262,73853.184,SOL-USD,6h
2021-08-08 12:00:00,37.209,38.868,38.26,37.297,106368.316,SOL-USD,6h
2021-08-08 18:00:00,36.92,38.471,37.293,37.689,106612.777,SOL-USD,6h
2021-08-09 00:00:00,36.382,37.933,37.69,37.516,82078.198,SOL-USD,6h
2021-08-09 06:00:00,36.978,39.369,37.561,39.281,75010.205,SOL-USD,6h
2021-08-09 12:00:00,38.74,40.023,39.291,39.622,130288.989,SOL-USD,6h
2021-08-09 18:00:00,37.978,39.879,39.639,38.676,193198.129,SOL-USD,6h
2021-08-10 00:00:00,38.222,40.74,38.679,39.617,216529.357,SOL-USD,6h
2021-08-10 06:00:00,39.236,40.881,39.605,40.796,77247.348,SOL-USD,6h
2021-08-10 12:00:00,39.151,41.768,40.835,39.972,200919.427,SOL-USD,6h
2021-08-10 18:00:00,39.73,41.383,39.979,40.691,143161.153,SOL-USD,6h
2021-08-11 00:00:00,40.634,42.527,40.691,42.179,258604.995,SOL-USD,6h
2021-08-11 06:00:00,41.958,43.017,42.215,42.572,78611.305,SOL-USD,6h
2021-08-11 12:00:00,42.223,43.496,42.542,42.945,172763.345,SOL-USD,6h
2021-08-11 18:00:00,41.415,43.749,42.954,41.65,195590.827,SOL-USD,6h
2021-08-12 00:00:00,40.386,43.49,41.653,40.74,216518.27,SOL-USD,6h
2021-08-12 06:00:00,40.257,41.934,40.733,40.714,90598.249,SOL-USD,6h
2021-08-12 12:00:00,39.286,41.259,40.713,40.632,237762.04,SOL-USD,6h
2021-08-12 18:00:00,39.61,41.38,40.636,41.102,227009.551,SOL-USD,6h
2021-08-13 00:00:00,40.702,43.0,41.126,42.671,146821.782,SOL-USD,6h
2021-08-13 06:00:00,42.477,44.654,42.637,43.587,206362.451,SOL-USD,6h
2021-08-13 12:00:00,42.86,44.349,43.608,43.691,264078.513,SOL-USD,6h
2021-08-13 18:00:00,43.254,44.963,43.686,44.9,282120.251,SOL-USD,6h
2021-08-14 00:00:00,43.7,44.901,44.885,44.249,92173.881,SOL-USD,6h
2021-08-14 06:00:00,42.8,44.906,44.253,43.804,95816.766,SOL-USD,6h
2021-08-14 12:00:00,43.082,44.224,43.797,43.815,88287.514,SOL-USD,6h
2021-08-14 18:00:00,43.061,44.319,43.815,44.178,80591.948,SOL-USD,6h
2021-08-15 00:00:00,43.921,45.819,44.201,45.234,129506.329,SOL-USD,6h
2021-08-15 06:00:00,43.427,47.157,45.225,46.784,134440.923,SOL-USD,6h
2021-08-15 12:00:00,46.04,52.771,46.781,51.985,731152.138,SOL-USD,6h
2021-08-15 18:00:00,50.641,54.778,51.987,53.556,1008702.972,SOL-USD,6h
2021-08-16 00:00:00,52.3,64.892,53.565,62.089,1189213.469,SOL-USD,6h
2021-08-16 06:00:00,60.448,64.336,62.085,61.931,398444.839,SOL-USD,6h
2021-08-16 12:00:00,61.0,69.8,61.886,65.793,1451221.15,SOL-USD,6h
2021-08-16 18:00:00,61.415,66.617,65.826,62.055,944614.728,SOL-USD,6h
2021-08-17 00:00:00,61.33,74.639,62.087,69.796,1565733.902,SOL-USD,6h
2021-08-17 06:00:00,69.05,75.0,69.797,70.256,644464.794,SOL-USD,6h
2021-08-17 12:00:00,64.54,71.531,70.239,66.622,861384.859,SOL-USD,6h
2021-08-17 18:00:00,58.677,68.249,66.565,64.169,1583198.346,SOL-USD,6h
2021-08-18 00:00:00,59.772,69.5,64.209,69.445,1177132.745,SOL-USD,6h
2021-08-18 06:00:00,67.0,78.19,69.483,75.019,1242661.623,SOL-USD,6h
2021-08-18 12:00:00,73.513,80.55,74.935,77.157,1584099.835,SOL-USD,6h
2021-08-18 18:00:00,70.1,77.552,77.093,72.736,1281068.428,SOL-USD,6h
2021-08-19 00:00:00,69.093,75.496,72.703,71.638,965922.948,SOL-USD,6h
2021-08-19 06:00:00,69.516,73.554,71.638,69.604,367082.749,SOL-USD,6h
2021-08-19 12:00:00,68.339,74.486,69.648,71.63,752481.828,SOL-USD,6h
2021-08-19 18:00:00,70.945,74.815,71.647,72.831,695215.304,SOL-USD,6h
2021-08-20 00:00:00,71.259,74.152,72.803,71.963,506537.054,SOL-USD,6h
2021-08-20 06:00:00,70.926,72.875,72.025,71.525,184677.286,SOL-USD,6h
2021-08-20 12:00:00,71.393,77.22,71.536,75.782,728248.424,SOL-USD,6h
2021-08-20 18:00:00,75.236,80.0,75.706,78.746,817980.189,SOL-USD,6h
2021-08-21 00:00:00,76.361,82.044,78.72,79.288,659386.815,SOL-USD,6h
2021-08-21 06:00:00,73.899,80.367,79.276,75.949,287531.939,SOL-USD,6h
2021-08-21 12:00:00,73.1,77.18,75.94,74.725,293199.737,SOL-USD,6h
2021-08-21 18:00:00,72.672,75.883,74.7,73.937,321081.903,SOL-USD,6h
2021-08-22 00:00:00,73.501,75.8,73.896,74.576,197157.872,SOL-USD,6h
2021-08-22 06:00:00,74.32,77.64,74.627,77.154,160748.158,SOL-USD,6h
2021-08-22 12:00:00,73.5,77.407,77.181,74.204,222645.026,SOL-USD,6h
2021-08-22 18:00:00,71.321,74.165,74.135,72.809,339225.975,SOL-USD,6h
2021-08-23 00:00:00,72.089,75.95,72.811,73.725,444869.385,SOL-USD,6h
2021-08-23 06:00:00,71.814,74.434,73.741,72.8,172351.53,SOL-USD,6h
2021-08-23 12:00:00,71.548,73.578,72.801,72.512,281315.166,SOL-USD,6h
2021-08-23 18:00:00,71.819,76.783,72.5,75.655,455249.937,SOL-USD,6h
2021-08-24 00:00:00,73.462,79.467,75.655,77.938,668593.158,SOL-USD,6h
2021-08-24 06:00:00,76.088,79.0,77.898,77.835,229770.641,SOL-USD,6h
2021-08-24 12:00:00,68.595,77.91,77.835,70.861,875907.437,SOL-USD,6h
2021-08-24 18:00:00,69.69,72.719,70.849,70.591,438908.424,SOL-USD,6h
2021-08-25 00:00:00,70.317,72.4,70.503,72.39,327257.822,SOL-USD,6h
2021-08-25 06:00:00,66.151,72.82,72.39,67.71,404990.455,SOL-USD,6h
2021-08-25 12:00:00,66.421,71.566,67.708,70.94,627998.765,SOL-USD,6h
2021-08-25 18:00:00,70.039,71.986,70.94,71.986,303838.989,SOL-USD,6h
2021-08-26 00:00:00,68.0,74.077,72.0,68.387,587755.626,SOL-USD,6h
2021-08-26 06:00:00,66.254,69.142,68.352,67.254,342756.433,SOL-USD,6h
2021-08-26 12:00:00,66.488,78.372,67.256,75.164,1438583.714,SOL-USD,6h
2021-08-26 18:00:00,73.76,77.25,75.165,74.823,738681.301,SOL-USD,6h
2021-08-27 00:00:00,72.577,83.683,74.905,81.21,1477486.225,SOL-USD,6h
2021-08-27 06:00:00,80.062,84.0,81.21,82.381,332780.77,SOL-USD,6h
2021-08-27 12:00:00,80.5,85.959,82.322,84.702,583876.27,SOL-USD,6h
2021-08-27 18:00:00,84.531,88.881,84.702,88.053,544127.083,SOL-USD,6h
2021-08-28 00:00:00,85.634,88.883,88.087,86.509,286840.399,SOL-USD,6h
2021-08-28 06:00:00,85.869,92.874,86.528,92.434,358501.06,SOL-USD,6h
2021-08-28 12:00:00,91.543,96.5,92.436,95.531,838833.178,SOL-USD,6h
2021-08-28 18:00:00,93.215,98.0,95.531,96.246,608680.083,SOL-USD,6h
2021-08-29 00:00:00,92.138,97.836,96.254,95.106,571176.069,SOL-USD,6h
2021-08-29 06:00:00,91.445,95.112,95.112,91.868,196414.742,SOL-USD,6h
2021-08-29 12:00:00,90.403,94.422,91.868,92.622,347542.077,SOL-USD,6h
2021-08-29 18:00:00,92.35,95.238,92.595,94.287,267398.818,SOL-USD,6h
2021-08-30 00:00:00,93.722,102.0,94.305,98.131,1026597.216,SOL-USD,6h
2021-08-30 06:00:00,96.666,102.143,98.131,101.082,350971.956,SOL-USD,6h
2021-08-30 12:00:00,98.169,108.4,101.057,107.603,1345606.662,SOL-USD,6h
2021-08-30 18:00:00,107.337,116.6,107.588,110.347,2068259.095,SOL-USD,6h
2021-08-31 00:00:00,108.692,119.363,110.347,117.944,1259332.156,SOL-USD,6h
2021-08-31 06:00:00,115.505,124.999,117.944,124.803,740250.086,SOL-USD,6h
2021-08-31 12:00:00,107.335,130.066,124.822,110.281,2663712.562,SOL-USD,6h
2021-08-31 18:00:00,103.099,117.506,110.274,108.29,1894223.671,SOL-USD,6h
2021-09-01 00:00:00,105.96,114.974,108.29,110.948,871077.31,SOL-USD,6h
2021-09-01 06:00:00,107.35,117.0,110.925,116.169,608559.804,SOL-USD,6h
2021-09-01 12:00:00,113.213,119.68,116.18,114.848,1124455.737,SOL-USD,6h
2021-09-01 18:00:00,110.001,115.743,114.848,110.671,838456.946,SOL-USD,6h
2021-09-02 00:00:00,109.203,114.595,110.674,113.049,618888.474,SOL-USD,6h
2021-09-02 06:00:00,112.904,117.99,112.99,115.003,329180.927,SOL-USD,6h
2021-09-02 12:00:00,114.545,129.0,115.003,126.763,1214679.788,SOL-USD,6h
2021-09-02 18:00:00,122.951,132.162,126.835,128.346,1148678.587,SOL-USD,6h
2021-09-03 00:00:00,128.174,139.0,128.339,138.813,1430038.957,SOL-USD,6h
2021-09-03 06:00:00,136.105,146.377,138.847,139.376,1268186.228,SOL-USD,6h
2021-09-03 12:00:00,137.9,143.5,139.41,140.767,878593.51,SOL-USD,6h
2021-09-03 18:00:00,138.426,149.062,140.724,146.524,1002198.538,SOL-USD,6h
2021-09-04 00:00:00,145.0,150.721,146.487,145.714,896321.271,SOL-USD,6h
2021-09-04 06:00:00,140.578,148.919,145.74,141.756,364824.02,SOL-USD,6h
2021-09-04 12:00:00,135.681,144.49,141.704,140.349,830909.789,SOL-USD,6h
2021-09-04 18:00:00,136.79,142.25,140.368,138.998,489490.277,SOL-USD,6h
2021-09-05 00:00:00,137.918,145.258,139.01,139.439,454486.546,SOL-USD,6h
2021-09-05 06:00:00,138.882,141.996,139.437,140.55,182303.126,SOL-USD,6h
2021-09-05 12:00:00,135.011,140.586,140.509,136.7,583845.7,SOL-USD,6h
2021-09-05 18:00:00,136.399,144.837,136.701,142.138,627773.277,SOL-USD,6h
2021-09-06 00:00:00,139.425,143.595,142.137,142.82,376260.921,SOL-USD,6h
2021-09-06 06:00:00,141.316,147.0,142.799,142.564,320218.734,SOL-USD,6h
2021-09-06 12:00:00,137.512,159.0,142.602,157.622,1338772.903,SOL-USD,6h
2021-09-06 18:00:00,154.507,166.206,157.664,164.316,1077129.884,SOL-USD,6h
2021-09-07 00:00:00,162.218,189.336,164.377,186.136,1866911.58,SOL-USD,6h
2021-09-07 06:00:00,174.682,195.7,186.123,182.73,1804517.945,SOL-USD,6h
2021-09-07 12:00:00,134.242,200.0,182.729,173.436,3516526.652,SOL-USD,6h
2021-09-07 18:00:00,160.5,179.99,173.463,173.4,2011980.864,SOL-USD,6h
2021-09-08 00:00:00,161.5,180.0,173.4,161.546,1143561.606,SOL-USD,6h
2021-09-08 06:00:00,146.69,166.638,161.5,160.745,1243354.344,SOL-USD,6h
2021-09-08 12:00:00,152.163,176.397,160.73,174.309,1603140.11,SOL-USD,6h
2021-09-08 18:00:00,173.568,198.0,174.315,191.03,2766682.464,SOL-USD,6h
2021-09-09 00:00:00,188.914,216.47,190.927,210.237,2594060.672,SOL-USD,6h
2021-09-09 06:00:00,202.88,213.821,210.152,206.728,754076.764,SOL-USD,6h
2021-09-09 12:00:00,189.881,208.672,206.746,191.163,1672725.442,SOL-USD,6h
2021-09-09 18:00:00,180.901,199.568,191.167,187.908,1515872.945,SOL-USD,6h
2021-09-10 00:00:00,182.641,197.489,187.907,190.796,794332.545,SOL-USD,6h
2021-09-10 06:00:00,175.171,192.62,190.854,184.327,785186.522,SOL-USD,6h
2021-09-10 12:00:00,167.808,184.549,184.397,178.725,1377591.405,SOL-USD,6h
2021-09-10 18:00:00,170.5,184.078,178.576,179.51,1056425.552,SOL-USD,6h
2021-09-11 00:00:00,176.2,193.775,179.557,180.381,1051705.496,SOL-USD,6h
2021-09-11 06:00:00,175.3,187.356,180.388,181.252,461677.225,SOL-USD,6h
2021-09-11 12:00:00,180.326,191.537,181.348,187.946,565217.275,SOL-USD,6h
2021-09-11 18:00:00,175.727,188.022,187.998,179.122,560039.873,SOL-USD,6h
2021-09-12 00:00:00,173.065,180.701,179.122,176.9,468627.355,SOL-USD,6h
2021-09-12 06:00:00,174.757,181.675,176.857,179.05,172411.281,SOL-USD,6h
2021-09-12 12:00:00,175.0,180.428,179.05,175.505,388277.46,SOL-USD,6h
2021-09-12 18:00:00,170.175,179.99,175.506,174.272,591654.154,SOL-USD,6h
2021-09-13 00:00:00,154.168,174.601,174.288,161.763,1561364.164,SOL-USD,6h
2021-09-13 06:00:00,150.331,161.642,161.641,160.212,615868.682,SOL-USD,6h
2021-09-13 12:00:00,151.0,167.8,160.202,158.877,1008826.298,SOL-USD,6h
2021-09-13 18:00:00,158.408,175.153,158.88,169.797,903748.957,SOL-USD,6h
2021-09-14 00:00:00,163.651,171.95,169.57,167.557,536766.359,SOL-USD,6h
2021-09-14 06:00:00,163.312,171.466,167.568,165.141,330239.977,SOL-USD,6h
2021-09-14 12:00:00,155.0,165.881,165.104,155.775,1015548.615,SOL-USD,6h
2021-09-14 18:00:00,142.0,159.999,155.774,158.64,2359857.389,SOL-USD,6h
2021-09-15 00:00:00,153.75,163.878,158.64,161.293,1128381.418,SOL-USD,6h
2021-09-15 06:00:00,156.019,166.386,161.351,157.565,391594.081,SOL-USD,6h
2021-09-15 12:00:00,154.66,164.55,157.565,161.444,645025.725,SOL-USD,6h
2021-09-15 18:00:00,155.266,162.364,161.484,158.433,439814.194,SOL-USD,6h
2021-09-16 00:00:00,152.0,159.868,158.478,158.162,450588.429,SOL-USD,6h
2021-09-16 06:00:00,157.317,162.95,158.257,158.357,308053.413,SOL-USD,6h
2021-09-16 12:00:00,153.063,159.594,158.373,153.884,601761.253,SOL-USD,6h
2021-09-16 18:00:00,147.254,155.341,153.975,152.043,696541.963,SOL-USD,6h
2021-09-17 00:00:00,146.0,153.341,152.018,149.27,657534.395,SOL-USD,6h
2021-09-17 06:00:00,134.1,149.387,149.318,138.819,1058459.767,SOL-USD,6h
2021-09-17 12:00:00,137.03,146.192,138.854,141.255,1034470.631,SOL-USD,6h
2021-09-17 18:00:00,138.635,149.0,141.255,147.592,1004164.912,SOL-USD,6h
2021-09-18 00:00:00,144.2,149.114,147.619,146.45,690076.751,SOL-USD,6h
2021-09-18 06:00:00,146.098,164.826,146.45,161.091,1206287.05,SOL-USD,6h
2021-09-18 12:00:00,160.254,165.503,161.028,163.989,1056252.109,SOL-USD,6h
2021-09-18 18:00:00,157.67,171.726,163.989,169.336,997603.424,SOL-USD,6h
2021-09-19 00:00:00,161.239,171.06,169.391,164.379,785247.894,SOL-USD,6h
2021-09-19 06:00:00,155.015,164.423,164.355,156.147,514258.082,SOL-USD,6h
2021-09-19 12:00:00,155.532,162.259,156.123,157.01,560984.946,SOL-USD,6h
2021-09-19 18:00:00,150.66,159.189,156.988,152.842,504864.451,SOL-USD,6h
2021-09-20 00:00:00,141.553,153.432,152.81,145.182,966320.334,SOL-USD,6h
2021-09-20 06:00:00,135.0,146.105,145.201,137.404,791759.598,SOL-USD,6h
2021-09-20 12:00:00,130.275,147.461,137.466,144.698,1371810.809,SOL-USD,6h
2021-09-20 18:00:00,131.358,145.027,144.714,132.567,1446635.766,SOL-USD,6h
2021-09-21 00:00:00,125.0,141.78,132.622,137.486,1312309.336,SOL-USD,6h
2021-09-21 06:00:00,137.194,144.653,137.509,142.817,517707.496,SOL-USD,6h
2021-09-21 12:00:00,129.291,143.423,142.819,130.449,868055.274,SOL-USD,6h
2021-09-21 18:00:00,116.0,134.022,130.449,124.3,1949148.16,SOL-USD,6h
2021-09-22 00:00:00,122.105,132.313,124.219,129.915,1083486.57,SOL-USD,6h
2021-09-22 06:00:00,127.7,134.168,129.899,128.746,597081.992,SOL-USD,6h
2021-09-22 12:00:00,128.107,145.431,128.705,143.517,1550290.622,SOL-USD,6h
2021-09-22 18:00:00,142.556,152.408,143.557,148.197,1365623.907,SOL-USD,6h
2021-09-23 00:00:00,144.705,151.74,148.19,147.16,608630.927,SOL-USD,6h
2021-09-23 06:00:00,143.021,152.477,147.167,144.482,397375.397,SOL-USD,6h
2021-09-23 12:00:00,143.613,152.113,144.461,150.977,663305.296,SOL-USD,6h
2021-09-23 18:00:00,146.316,151.434,150.968,150.034,534265.519,SOL-USD,6h
2021-09-24 00:00:00,141.0,151.421,150.0,142.901,519419.537,SOL-USD,6h
2021-09-24 06:00:00,128.0,146.44,142.919,134.989,904269.543,SOL-USD,6h
2021-09-24 12:00:00,131.003,141.33,134.983,139.241,968487.555,SOL-USD,6h
2021-09-24 18:00:00,137.427,144.368,139.188,139.308,556804.462,SOL-USD,6h
2021-09-25 00:00:00,136.772,142.557,139.272,141.378,382002.644,SOL-USD,6h
2021-09-25 06:00:00,135.5,144.09,141.338,140.131,255193.26,SOL-USD,6h
2021-09-25 12:00:00,136.455,140.833,140.154,138.244,304556.769,SOL-USD,6h
2021-09-25 18:00:00,133.554,139.3,138.248,136.117,223070.516,SOL-USD,6h
2021-09-26 00:00:00,128.4,136.379,136.109,130.585,443707.668,SOL-USD,6h
2021-09-26 06:00:00,125.0,137.45,130.595,135.201,445142.663,SOL-USD,6h
2021-09-26 12:00:00,134.722,140.888,135.241,136.748,323230.088,SOL-USD,6h
2021-09-26 18:00:00,133.352,139.478,136.766,135.698,278047.44,SOL-USD,6h
2021-09-27 00:00:00,133.75,143.249,135.632,141.283,350572.379,SOL-USD,6h
2021-09-27 06:00:00,137.695,149.0,141.31,147.391,424951.839,SOL-USD,6h
2021-09-27 12:00:00,140.519,148.368,147.367,143.167,522356.532,SOL-USD,6h
2021-09-27 18:00:00,135.55,144.49,143.129,136.35,428697.022,SOL-USD,6h
2021-09-28 00:00:00,135.141,139.484,136.378,136.991,271491.323,SOL-USD,6h
2021-09-28 06:00:00,132.412,137.446,136.991,135.755,260680.676,SOL-USD,6h
2021-09-28 12:00:00,128.7,136.387,135.885,129.279,525173.86,SOL-USD,6h
2021-09-28 18:00:00,128.167,134.623,129.206,132.182,295166.79,SOL-USD,6h
2021-09-29 00:00:00,132.092,139.964,132.214,139.937,451690.513,SOL-USD,6h
2021-09-29 06:00:00,136.888,140.098,139.904,139.574,324212.966,SOL-USD,6h
2021-09-29 12:00:00,132.761,140.156,139.587,133.191,462460.01,SOL-USD,6h
2021-09-29 18:00:00,131.101,135.439,133.178,135.304,389415.585,SOL-USD,6h
2021-09-30 00:00:00,134.848,141.32,135.241,139.077,517033.355,SOL-USD,6h
2021-09-30 06:00:00,134.069,140.038,139.075,137.344,259496.582,SOL-USD,6h
2021-09-30 12:00:00,136.167,139.58,137.354,137.67,297888.66,SOL-USD,6h
2021-09-30 18:00:00,137.472,142.951,137.671,141.358,391148.884,SOL-USD,6h
2021-10-01 00:00:00,138.242,144.98,141.358,141.619,316274.712,SOL-USD,6h
2021-10-01 06:00:00,140.222,156.247,141.651,153.44,378032.743,SOL-USD,6h
2021-10-01 12:00:00,149.469,162.188,153.425,160.776,855703.161,SOL-USD,6h
2021-10-01 18:00:00,156.861,165.0,160.831,161.649,666523.051,SOL-USD,6h
2021-10-02 00:00:00,156.24,161.753,161.682,157.574,392543.757,SOL-USD,6h
2021-10-02 06:00:00,156.671,160.357,157.529,159.174,148583.299,SOL-USD,6h
2021-10-02 12:00:00,158.763,175.064,159.148,173.153,673937.84,SOL-USD,6h
2021-10-02 18:00:00,166.054,175.108,173.096,168.979,483429.092,SOL-USD,6h
2021-10-03 00:00:00,165.537,173.993,169.057,172.673,342589.997,SOL-USD,6h
2021-10-03 06:00:00,168.84,173.447,172.693,170.979,163790.157,SOL-USD,6h
2021-10-03 12:00:00,170.55,177.935,170.949,176.955,400062.582,SOL-USD,6h
2021-10-03 18:00:00,167.801,177.2,177.011,173.129,420419.46,SOL-USD,6h
2021-10-04 00:00:00,164.003,173.151,173.15,167.83,339458.947,SOL-USD,6h
2021-10-04 06:00:00,164.923,169.827,167.857,165.921,201562.633,SOL-USD,6h
2021-10-04 12:00:00,162.102,172.7,165.952,171.934,498725.743,SOL-USD,6h
2021-10-04 18:00:00,165.423,172.413,171.952,167.212,402580.31,SOL-USD,6h
2021-10-05 00:00:00,164.215,170.25,167.231,166.542,283308.739,SOL-USD,6h
2021-10-05 06:00:00,165.427,170.0,166.584,168.462,222673.23,SOL-USD,6h
2021-10-05 12:00:00,160.0,169.79,168.45,161.947,556957.152,SOL-USD,6h
2021-10-05 18:00:00,160.579,167.146,161.959,164.623,437332.458,SOL-USD,6h
2021-10-06 00:00:00,156.482,165.527,164.679,157.718,484015.652,SOL-USD,6h
2021-10-06 06:00:00,150.29,158.948,157.664,152.978,418287.971,SOL-USD,6h
2021-10-06 12:00:00,152.116,162.9,152.938,159.63,681908.1,SOL-USD,6h
2021-10-06 18:00:00,152.604,160.8,159.64,153.922,554374.526,SOL-USD,6h
2021-10-07 00:00:00,150.35,157.665,153.949,155.519,525025.235,SOL-USD,6h
2021-10-07 06:00:00,153.243,160.209,155.468,157.894,304168.967,SOL-USD,6h
2021-10-07 12:00:00,153.6,161.5,157.841,155.121,496685.639,SOL-USD,6h
2021-10-07 18:00:00,153.14,159.0,155.099,154.338,383929.601,SOL-USD,6h
2021-10-08 00:00:00,152.368,157.152,154.355,155.186,233392.777,SOL-USD,6h
2021-10-08 06:00:00,153.587,166.661,155.153,162.332,309755.943,SOL-USD,6h
2021-10-08 12:00:00,160.158,169.0,162.297,163.451,794850.891,SOL-USD,6h
2021-10-08 18:00:00,157.19,165.684,163.451,158.833,341953.436,SOL-USD,6h
2021-10-09 00:00:00,156.166,161.581,158.858,160.157,227662.79,SOL-USD,6h
2021-10-09 06:00:00,157.493,161.28,160.194,158.342,139773.537,SOL-USD,6h
2021-10-09 12:00:00,156.123,160.249,158.36,157.038,346262.572,SOL-USD,6h
2021-10-09 18:00:00,154.23,158.2,157.127,156.827,325425.631,SOL-USD,6h
2021-10-10 00:00:00,152.551,157.0,156.783,155.989,257995.248,SOL-USD,6h
2021-10-10 06:00:00,154.012,158.554,156.051,154.693,70633.6,SOL-USD,6h
2021-10-10 12:00:00,152.051,154.945,154.687,153.601,181636.338,SOL-USD,6h
2021-10-10 18:00:00,145.67,154.73,153.599,147.624,358490.237,SOL-USD,6h
2021-10-11 00:00:00,145.51,152.969,147.637,151.132,315660.569,SOL-USD,6h
2021-10-11 06:00:00,147.216,154.0,151.12,148.624,170526.082,SOL-USD,6h
2021-10-11 12:00:00,145.413,150.06,148.658,146.232,375714.65,SOL-USD,6h
2021-10-11 18:00:00,140.175,146.356,146.232,144.853,518576.803,SOL-USD,6h
2021-10-12 00:00:00,140.806,145.901,144.854,144.446,308204.084,SOL-USD,6h
2021-10-12 06:00:00,140.27,145.265,144.523,142.562,206151.655,SOL-USD,6h
2021-10-12 12:00:00,137.66,149.996,142.535,146.79,804565.178,SOL-USD,6h
2021-10-12 18:00:00,146.726,153.626,146.79,152.452,954926.784,SOL-USD,6h
2021-10-13 00:00:00,146.062,155.549,152.441,146.12,418357.136,SOL-USD,6h
2021-10-13 06:00:00,144.584,147.723,146.158,146.869,191281.397,SOL-USD,6h
2021-10-13 12:00:00,144.344,147.852,146.91,146.871,233055.248,SOL-USD,6h
2021-10-13 18:00:00,144.591,149.121,146.877,148.039,330250.293,SOL-USD,6h
2021-10-14 00:00:00,147.318,150.978,148.068,149.472,278008.63,SOL-USD,6h
2021-10-14 06:00:00,149.335,154.132,149.444,153.94,226631.546,SOL-USD,6h
2021-10-14 12:00:00,150.108,155.65,153.939,151.76,412543.093,SOL-USD,6h
2021-10-14 18:00:00,148.61,151.791,151.761,150.016,230580.72,SOL-USD,6h
2021-10-15 00:00:00,146.75,156.143,150.026,154.821,402353.704,SOL-USD,6h
2021-10-15 06:00:00,154.676,165.268,154.816,157.933,560521.863,SOL-USD,6h
2021-10-15 12:00:00,157.088,163.221,157.909,161.077,377549.972,SOL-USD,6h
2021-10-15 18:00:00,159.074,164.297,161.171,163.214,404770.246,SOL-USD,6h
2021-10-16 00:00:00,158.126,163.5,163.193,158.974,221178.082,SOL-USD,6h
2021-10-16 06:00:00,157.577,164.766,158.947,162.319,134555.98,SOL-USD,6h
2021-10-16 12:00:00,158.25,162.907,162.252,158.989,179833.774,SOL-USD,6h
2021-10-16 18:00:00,156.578,159.348,158.965,157.562,128227.594,SOL-USD,6h
2021-10-17 00:00:00,156.777,164.66,157.615,160.987,228295.862,SOL-USD,6h
2021-10-17 06:00:00,160.92,167.5,161.017,163.598,185356.493,SOL-USD,6h
2021-10-17 12:00:00,159.179,165.484,163.592,160.025,207570.746,SOL-USD,6h
2021-10-17 18:00:00,153.2,160.839,160.028,160.097,313135.464,SOL-USD,6h
2021-10-18 00:00:00,159.1,162.952,160.132,160.726,192743.555,SOL-USD,6h
2021-10-18 06:00:00,156.0,161.465,160.707,156.995,142560.982,SOL-USD,6h
2021-10-18 12:00:00,155.416,159.748,156.902,155.433,249939.249,SOL-USD,6h
2021-10-18 18:00:00,155.0,158.233,155.38,157.15,185411.092,SOL-USD,6h
2021-10-19 00:00:00,156.07,159.4,157.125,158.505,139088.848,SOL-USD,6h
2021-10-19 06:00:00,156.1,158.81,158.543,157.038,67317.395,SOL-USD,6h
2021-10-19 12:00:00,154.863,157.99,157.076,156.158,207761.42,SOL-USD,6h
2021-10-19 18:00:00,153.183,157.295,156.186,155.85,287296.473,SOL-USD,6h
2021-10-20 00:00:00,155.144,157.528,155.852,155.682,115162.887,SOL-USD,6h
2021-10-20 06:00:00,155.507,160.2,155.636,160.12,107379.549,SOL-USD,6h
2021-10-20 12:00:00,159.525,174.717,160.108,172.475,804283.863,SOL-USD,6h
2021-10-20 18:00:00,170.0,176.89,172.453,176.787,517116.172,SOL-USD,6h
2021-10-21 00:00:00,176.759,190.0,176.759,183.33,1130793.887,SOL-USD,6h
2021-10-21 06:00:00,180.424,194.415,183.308,187.045,525366.142,SOL-USD,6h
2021-10-21 12:00:00,178.0,191.166,187.098,181.464,827356.143,SOL-USD,6h
2021-10-21 18:00:00,181.159,191.14,181.389,190.473,675739.123,SOL-USD,6h
2021-10-22 00:00:00,188.025,208.233,190.501,205.189,1161351.902,SOL-USD,6h
2021-10-22 06:00:00,200.734,206.047,205.222,204.295,275581.633,SOL-USD,6h
2021-10-22 12:00:00,201.887,215.0,204.294,202.424,1187506.175,SOL-USD,6h
2021-10-22 18:00:00,191.726,204.306,202.44,196.247,764094.826,SOL-USD,6h
2021-10-23 00:00:00,192.017,205.719,196.246,200.965,386331.577,SOL-USD,6h
2021-10-23 06:00:00,196.89,203.124,200.877,202.294,203786.085,SOL-USD,6h
2021-10-23 12:00:00,195.16,202.675,202.35,195.452,359603.678,SOL-USD,6h
2021-10-23 18:00:00,192.78,198.231,195.505,197.707,393469.956,SOL-USD,6h
2021-10-24 00:00:00,194.0,200.183,197.71,194.187,254594.361,SOL-USD,6h
2021-10-24 06:00:00,188.67,196.36,194.183,188.745,235190.096,SOL-USD,6h
2021-10-24 12:00:00,185.313,192.591,188.731,189.292,421461.309,SOL-USD,6h
2021-10-24 18:00:00,186.433,205.0,189.292,202.304,630490.974,SOL-USD,6h
2021-10-25 00:00:00,198.127,208.238,202.303,207.908,422882.645,SOL-USD,6h
2021-10-25 06:00:00,205.564,212.69,207.951,208.002,335561.864,SOL-USD,6h
2021-10-25 12:00:00,204.824,218.97,208.004,213.937,733252.073,SOL-USD,6h
2021-10-25 18:00:00,207.677,214.418,213.895,209.6,490779.429,SOL-USD,6h
2021-10-26 00:00:00,205.58,214.163,209.585,206.851,298996.417,SOL-USD,6h
2021-10-26 06:00:00,205.751,211.696,206.825,207.292,198391.566,SOL-USD,6h
2021-10-26 12:00:00,202.373,208.678,207.3,208.58,529213.609,SOL-USD,6h
2021-10-26 18:00:00,196.446,209.688,208.518,199.857,659785.623,SOL-USD,6h
2021-10-27 00:00:00,198.1,205.599,199.911,202.661,414696.855,SOL-USD,6h
2021-10-27 06:00:00,179.761,203.14,202.664,190.045,866341.609,SOL-USD,6h
2021-10-27 12:00:00,186.311,194.337,190.068,188.615,577815.417,SOL-USD,6h
2021-10-27 18:00:00,181.525,192.313,188.609,184.682,550845.306,SOL-USD,6h
2021-10-28 00:00:00,181.75,191.334,184.682,191.131,491373.346,SOL-USD,6h
2021-10-28 06:00:00,184.845,199.32,191.107,195.59,448847.38,SOL-USD,6h
2021-10-28 12:00:00,194.782,201.561,195.568,196.974,467094.419,SOL-USD,6h
2021-10-28 18:00:00,191.5,201.0,196.994,195.377,447421.605,SOL-USD,6h
2021-10-29 00:00:00,194.627,205.307,195.481,199.158,398420.718,SOL-USD,6h
2021-10-29 06:00:00,195.59,201.287,199.158,196.407,162907.209,SOL-USD,6h
2021-10-29 12:00:00,195.647,204.98,196.349,202.725,431645.748,SOL-USD,6h
2021-10-29 18:00:00,199.196,203.884,202.723,200.439,270219.559,SOL-USD,6h
2021-10-30 00:00:00,196.251,200.687,200.428,196.593,199652.542,SOL-USD,6h
2021-10-30 06:00:00,195.17,199.07,196.605,197.143,99482.41,SOL-USD,6h
2021-10-30 12:00:00,190.348,197.411,197.178,192.061,277849.7,SOL-USD,6h
2021-10-30 18:00:00,187.51,196.004,192.095,195.913,313550.813,SOL-USD,6h
2021-10-31 00:00:00,190.225,197.064,195.924,191.167,265774.742,SOL-USD,6h
2021-10-31 06:00:00,186.01,191.433,191.154,186.518,155752.853,SOL-USD,6h
2021-10-31 12:00:00,185.584,202.0,186.474,196.004,434986.139,SOL-USD,6h
2021-10-31 18:00:00,194.46,205.264,196.002,202.673,405046.211,SOL-USD,6h
2021-11-01 00:00:00,197.85,210.203,202.673,203.455,606741.62,SOL-USD,6h
2021-11-01 06:00:00,202.181,211.687,203.449,204.87,339641.774,SOL-USD,6h
2021-11-01 12:00:00,200.0,206.587,204.952,201.611,340729.942,SOL-USD,6h
2021-11-01 18:00:00,198.919,206.373,201.598,204.035,341931.68,SOL-USD,6h
2021-11-02 00:00:00,201.024,205.798,204.061,205.486,191350.849,SOL-USD,6h
2021-11-02 06:00:00,202.637,208.193,205.462,204.548,199501.708,SOL-USD,6h
2021-11-02 12:00:00,203.896,214.66,204.555,214.1,515597.989,SOL-USD,6h
2021-11-02 18:00:00,211.943,222.428,214.029,221.168,681807.072,SOL-USD,6h
2021-11-03 00:00:00,216.003,232.0,221.031,229.685,800009.393,SOL-USD,6h
2021-11-03 06:00:00,226.78,235.236,229.761,231.857,356845.66,SOL-USD,6h
2021-11-03 12:00:00,221.075,232.327,231.881,225.994,570541.075,SOL-USD,6h
2021-11-03 18:00:00,223.0,246.884,225.994,243.553,956320.13,SOL-USD,6h
2021-11-04 00:00:00,235.776,247.98,243.525,236.116,443312.479,SOL-USD,6h
2021-11-04 06:00:00,236.04,244.3,236.202,239.204,278921.046,SOL-USD,6h
2021-11-04 12:00:00,234.421,245.59,239.209,237.59,676590.736,SOL-USD,6h
2021-11-04 18:00:00,236.931,250.566,237.545,247.244,506406.286,SOL-USD,6h
2021-11-05 00:00:00,240.667,248.622,247.202,242.728,315007.955,SOL-USD,6h
2021-11-05 06:00:00,236.5,244.485,242.687,236.707,205071.941,SOL-USD,6h
2021-11-05 12:00:00,230.537,238.977,236.673,236.106,402095.623,SOL-USD,6h
2021-11-05 18:00:00,231.523,239.0,236.08,236.364,278814.262,SOL-USD,6h
2021-11-06 00:00:00,235.016,245.959,236.306,245.775,261359.228,SOL-USD,6h
2021-11-06 06:00:00,240.205,252.946,245.871,242.433,278736.61,SOL-USD,6h
2021-11-06 12:00:00,237.87,255.0,242.466,252.396,439317.001,SOL-USD,6h
2021-11-06 18:00:00,250.417,260.0,252.396,258.763,419186.902,SOL-USD,6h
2021-11-07 00:00:00,251.496,258.926,258.764,256.575,306182.181,SOL-USD,6h
2021-11-07 06:00:00,250.116,258.829,256.554,252.872,165680.363,SOL-USD,6h
2021-11-07 12:00:00,249.538,254.71,252.872,251.02,258873.048,SOL-USD,6h
2021-11-07 18:00:00,245.8,251.598,250.978,249.808,301820.049,SOL-USD,6h
2021-11-08 00:00:00,240.583,250.149,249.807,247.772,666574.303,SOL-USD,6h
2021-11-08 06:00:00,242.686,247.907,247.813,244.078,139565.546,SOL-USD,6h
2021-11-08 12:00:00,242.979,253.391,243.982,249.898,375491.189,SOL-USD,6h
2021-11-08 18:00:00,242.9,250.19,249.9,248.422,269390.951,SOL-USD,6h
2021-11-09 00:00:00,245.209,253.259,248.354,246.075,361087.212,SOL-USD,6h
2021-11-09 06:00:00,245.0,249.123,246.075,246.029,227624.799,SOL-USD,6h
2021-11-09 12:00:00,237.536,246.441,246.069,242.113,484223.386,SOL-USD,6h
2021-11-09 18:00:00,238.766,243.5,242.116,239.045,226822.66,SOL-USD,6h
2021-11-10 00:00:00,235.405,241.279,239.045,237.437,271835.299,SOL-USD,6h
2021-11-10 06:00:00,237.434,243.935,237.45,240.54,154231.787,SOL-USD,6h
2021-11-10 12:00:00,236.452,248.163,240.585,242.916,401146.825,SOL-USD,6h
2021-11-10 18:00:00,217.0,243.164,242.906,233.277,886191.952,SOL-USD,6h
2021-11-11 00:00:00,229.508,243.097,233.2,243.053,305716.287,SOL-USD,6h
2021-11-11 06:00:00,239.975,246.49,243.054,239.975,201607.166,SOL-USD,6h
2021-11-11 12:00:00,237.319,243.252,239.975,238.02,420484.008,SOL-USD,6h
2021-11-11 18:00:00,233.401,238.89,238.062,233.498,259972.2,SOL-USD,6h
2021-11-12 00:00:00,230.111,239.0,233.477,230.547,301904.645,SOL-USD,6h
2021-11-12 06:00:00,224.932,231.709,230.602,226.126,243146.101,SOL-USD,6h
2021-11-12 12:00:00,221.0,230.356,226.096,230.0,453591.985,SOL-USD,6h
2021-11-12 18:00:00,228.0,233.471,230.086,228.53,243301.451,SOL-USD,6h
2021-11-13 00:00:00,224.919,232.822,228.486,226.156,194340.743,SOL-USD,6h
2021-11-13 06:00:00,225.089,228.93,226.175,226.981,96012.381,SOL-USD,6h
2021-11-13 12:00:00,226.428,239.442,226.938,238.741,374467.585,SOL-USD,6h
2021-11-13 18:00:00,234.4,242.098,238.803,241.776,307976.031,SOL-USD,6h
2021-11-14 00:00:00,236.27,242.07,241.718,237.717,206688.282,SOL-USD,6h
2021-11-14 06:00:00,233.732,237.871,237.681,236.603,167954.957,SOL-USD,6h
2021-11-14 12:00:00,230.481,239.049,236.552,233.761,244920.968,SOL-USD,6h
2021-11-14 18:00:00,231.342,239.043,233.796,238.702,263598.444,SOL-USD,6h
2021-11-15 00:00:00,237.738,244.73,238.735,242.427,326094.37,SOL-USD,6h
2021-11-15 06:00:00,240.02,244.0,242.436,243.029,139485.003,SOL-USD,6h
2021-11-15 12:00:00,238.502,246.382,243.013,240.0,291898.809,SOL-USD,6h
2021-11-15 18:00:00,234.316,240.538,239.999,238.218,349453.746,SOL-USD,6h
2021-11-16 00:00:00,224.294,238.219,238.217,227.899,542008.067,SOL-USD,6h
2021-11-16 06:00:00,214.469,229.71,227.922,224.999,399400.985,SOL-USD,6h
2021-11-16 12:00:00,220.443,227.891,224.999,224.722,368195.57,SOL-USD,6h
2021-11-16 18:00:00,217.006,227.056,224.722,219.155,434693.484,SOL-USD,6h
2021-11-17 00:00:00,210.873,221.4,219.191,214.264,516313.649,SOL-USD,6h
2021-11-17 06:00:00,209.943,220.495,214.288,220.297,312547.115,SOL-USD,6h
2021-11-17 12:00:00,210.025,222.525,220.296,214.53,428563.019,SOL-USD,6h
2021-11-17 18:00:00,212.769,219.071,214.54,219.044,278501.438,SOL-USD,6h
2021-11-18 00:00:00,212.605,222.886,219.04,213.542,382925.64,SOL-USD,6h
2021-11-18 06:00:00,207.466,214.046,213.47,207.857,241037.872,SOL-USD,6h
2021-11-18 12:00:00,186.77,209.612,207.905,196.811,1277739.156,SOL-USD,6h
2021-11-18 18:00:00,192.635,203.052,196.775,195.252,640359.181,SOL-USD,6h
2021-11-19 00:00:00,189.266,202.87,195.265,199.441,574079.108,SOL-USD,6h
2021-11-19 06:00:00,194.241,206.627,199.475,203.068,247516.353,SOL-USD,6h
2021-11-19 12:00:00,202.149,220.0,203.069,217.034,618192.623,SOL-USD,6h
2021-11-19 18:00:00,212.92,218.843,217.09,215.385,295726.533,SOL-USD,6h
2021-11-20 00:00:00,213.513,221.374,215.441,214.353,282636.699,SOL-USD,6h
2021-11-20 06:00:00,212.56,217.3,214.338,215.691,114154.92,SOL-USD,6h
2021-11-20 12:00:00,206.0,216.295,215.707,209.951,277295.751,SOL-USD,6h
2021-11-20 18:00:00,209.164,219.0,209.929,217.865,238887.118,SOL-USD,6h
2021-11-21 00:00:00,211.135,218.422,217.865,213.515,179188.264,SOL-USD,6h
2021-11-21 06:00:00,210.868,215.32,213.515,211.676,138127.094,SOL-USD,6h
2021-11-21 12:00:00,210.622,222.0,211.643,221.784,281510.534,SOL-USD,6h
2021-11-21 18:00:00,220.938,235.584,221.823,230.785,664446.942,SOL-USD,6h
2021-11-22 00:00:00,215.623,232.269,230.752,222.5,497393.987,SOL-USD,6h
2021-11-22 06:00:00,216.113,224.625,222.472,219.115,249327.719,SOL-USD,6h
2021-11-22 12:00:00,214.575,225.545,219.12,223.491,349918.613,SOL-USD,6h
2021-11-22 18:00:00,211.757,223.717,223.516,215.788,419574.649,SOL-USD,6h
2021-11-23 00:00:00,214.422,221.913,215.768,218.122,233241.341,SOL-USD,6h
2021-11-23 06:00:00,211.0,218.962,218.117,212.232,223244.456,SOL-USD,6h
2021-11-23 12:00:00,211.138,224.788,212.301,221.573,273137.425,SOL-USD,6h
2021-11-23 18:00:00,220.372,226.193,221.574,221.97,267127.739,SOL-USD,6h
2021-11-24 00:00:00,214.101,222.073,221.971,218.287,204767.16,SOL-USD,6h
2021-11-24 06:00:00,214.093,219.825,218.248,214.604,154440.254,SOL-USD,6h
2021-11-24 12:00:00,207.055,215.328,214.596,207.225,462662.759,SOL-USD,6h
2021-11-24 18:00:00,200.14,207.992,204.001,205.685,420061.463,SOL-USD,6h
2021-11-25 00:00:00,204.857,211.68,205.752,205.653,310683.58,SOL-USD,6h
2021-11-25 06:00:00,202.054,209.918,205.648,208.564,262475.014,SOL-USD,6h
2021-11-25 12:00:00,208.124,216.5,208.579,214.579,382026.913,SOL-USD,6h
2021-11-25 18:00:00,207.71,214.884,214.594,210.139,185260.576,SOL-USD,6h
2021-11-26 00:00:00,203.737,210.647,210.124,204.058,174712.488,SOL-USD,6h
2021-11-26 06:00:00,184.32,204.822,203.967,185.27,597853.606,SOL-USD,6h
2021-11-26 12:00:00,182.91,198.453,185.362,194.768,647321.057,SOL-USD,6h
2021-11-26 18:00:00,191.412,200.957,194.784,192.541,375919.622,SOL-USD,6h
2021-11-27 00:00:00,191.478,198.614,192.481,193.88,244080.13,SOL-USD,6h
2021-11-27 06:00:00,192.77,198.789,193.896,196.324,209717.592,SOL-USD,6h
2021-11-27 12:00:00,196.03,199.511,196.346,199.135,218889.723,SOL-USD,6h
2021-11-27 18:00:00,190.627,199.302,199.127,192.952,227744.133,SOL-USD,6h
2021-11-28 00:00:00,185.0,193.251,192.942,189.649,359072.54,SOL-USD,6h
2021-11-28 06:00:00,187.5,191.621,189.649,190.198,121497.753,SOL-USD,6h
2021-11-28 12:00:00,184.558,191.521,190.198,186.074,198590.718,SOL-USD,6h
2021-11-28 18:00:00,181.067,203.009,186.102,200.907,431915.883,SOL-USD,6h
2021-11-29 00:00:00,199.863,204.054,200.838,203.766,321893.232,SOL-USD,6h
2021-11-29 06:00:00,201.437,206.891,203.757,203.593,258017.496,SOL-USD,6h
2021-11-29 12:00:00,203.34,212.993,203.621,210.906,430562.523,SOL-USD,6h
2021-11-29 18:00:00,203.86,211.42,210.94,204.187,348223.966,SOL-USD,6h
2021-11-30 00:00:00,201.35,206.734,204.205,201.8,260302.583,SOL-USD,6h
2021-11-30 06:00:00,199.711,207.678,201.8,207.341,183838.219,SOL-USD,6h
2021-11-30 12:00:00,207.353,218.549,207.359,212.725,602101.163,SOL-USD,6h
2021-11-30 18:00:00,208.432,216.351,212.692,208.676,427080.749,SOL-USD,6h
2021-12-01 00:00:00,207.821,218.0,208.716,215.622,393455.86,SOL-USD,6h
2021-12-01 06:00:00,214.771,224.634,215.612,221.553,414040.909,SOL-USD,6h
2021-12-01 12:00:00,220.883,231.9,221.554,226.714,501123.214,SOL-USD,6h
2021-12-01 18:00:00,220.27,232.492,226.778,229.928,607490.518,SOL-USD,6h
2021-12-02 00:00:00,220.113,236.387,229.928,223.302,523054.221,SOL-USD,6h
2021-12-02 06:00:00,221.657,229.89,223.302,227.006,142028.946,SOL-USD,6h
2021-12-02 12:00:00,222.0,232.812,226.889,230.221,391875.878,SOL-USD,6h
2021-12-02 18:00:00,227.683,243.564,230.273,233.845,662299.893,SOL-USD,6h
2021-12-03 00:00:00,226.569,236.541,233.808,231.136,311125.843,SOL-USD,6h
2021-12-03 06:00:00,230.01,238.592,231.108,237.873,175961.394,SOL-USD,6h
2021-12-03 12:00:00,216.812,239.609,237.925,218.806,718592.54,SOL-USD,6h
2021-12-03 18:00:00,204.12,220.614,218.703,211.757,765883.732,SOL-USD,6h
2021-12-04 00:00:00,176.0,212.7,211.701,198.391,1057641.974,SOL-USD,6h
2021-12-04 06:00:00,185.85,210.0,197.891,188.623,654666.424,SOL-USD,6h
2021-12-04 12:00:00,188.521,208.0,188.599,203.356,605402.488,SOL-USD,6h
2021-12-04 18:00:00,198.533,213.0,203.356,201.114,330635.343,SOL-USD,6h
2021-12-05 00:00:00,191.359,204.78,201.102,199.958,430889.896,SOL-USD,6h
2021-12-05 06:00:00,195.604,203.825,199.909,196.402,166434.097,SOL-USD,6h
2021-12-05 12:00:00,181.5,200.775,196.43,190.516,697948.877,SOL-USD,6h
2021-12-05 18:00:00,186.551,198.094,190.55,196.687,415512.776,SOL-USD,6h
2021-12-06 00:00:00,187.583,197.466,196.758,190.582,352560.223,SOL-USD,6h
2021-12-06 06:00:00,176.45,192.942,190.682,182.088,538795.596,SOL-USD,6h
2021-12-06 12:00:00,179.201,192.333,182.156,188.318,573277.036,SOL-USD,6h
2021-12-06 18:00:00,185.784,197.875,188.414,193.751,597995.448,SOL-USD,6h
2021-12-07 00:00:00,193.421,198.3,193.721,197.218,420561.475,SOL-USD,6h
2021-12-07 06:00:00,197.223,204.338,197.223,203.48,328510.119,SOL-USD,6h
2021-12-07 12:00:00,194.345,203.808,203.468,196.989,594365.33,SOL-USD,6h
2021-12-07 18:00:00,188.06,197.89,197.004,190.366,394736.914,SOL-USD,6h
2021-12-08 00:00:00,186.295,193.551,190.417,187.972,459841.447,SOL-USD,6h
2021-12-08 06:00:00,183.76,191.19,187.915,186.466,427652.247,SOL-USD,6h
2021-12-08 12:00:00,185.0,196.506,186.499,193.485,417011.727,SOL-USD,6h
2021-12-08 18:00:00,191.174,194.897,193.477,194.792,403034.057,SOL-USD,6h
2021-12-09 00:00:00,188.458,196.818,194.792,190.546,298889.083,SOL-USD,6h
2021-12-09 06:00:00,186.836,191.793,190.551,187.775,184354.985,SOL-USD,6h
2021-12-09 12:00:00,182.3,189.724,187.743,182.481,374160.813,SOL-USD,6h
2021-12-09 18:00:00,178.775,184.41,182.525,181.45,488954.457,SOL-USD,6h
2021-12-10 00:00:00,177.28,184.72,181.46,178.49,275596.251,SOL-USD,6h
2021-12-10 06:00:00,175.21,179.4,178.49,178.79,200227.476,SOL-USD,6h
2021-12-10 12:00:00,170.0,183.86,178.79,172.01,509812.242,SOL-USD,6h
2021-12-10 18:00:00,167.45,175.77,172.01,167.77,350145.829,SOL-USD,6h
2021-12-11 00:00:00,161.51,172.0,167.63,170.28,547504.684,SOL-USD,6h
2021-12-11 06:00:00,167.5,172.51,170.28,170.08,201206.067,SOL-USD,6h
2021-12-11 12:00:00,167.83,173.88,170.24,170.36,251175.741,SOL-USD,6h
2021-12-11 18:00:00,167.65,172.5,170.33,172.16,259229.021,SOL-USD,6h
2021-12-12 00:00:00,168.12,172.73,172.27,168.52,183142.507,SOL-USD,6h
2021-12-12 06:00:00,167.8,171.0,168.51,169.18,94750.335,SOL-USD,6h
2021-12-12 12:00:00,168.79,175.68,169.19,175.47,205569.281,SOL-USD,6h
2021-12-12 18:00:00,172.84,176.95,175.49,172.93,308957.412,SOL-USD,6h
2021-12-13 00:00:00,166.25,172.98,172.93,167.16,361218.361,SOL-USD,6h
2021-12-13 06:00:00,162.87,167.89,167.17,167.84,226184.68,SOL-USD,6h
2021-12-13 12:00:00,155.69,168.91,167.8,157.75,653421.426,SOL-USD,6h
2021-12-13 18:00:00,148.03,160.0,157.75,155.19,983302.451,SOL-USD,6h
2021-12-14 00:00:00,151.4,158.84,155.19,151.64,397183.2,SOL-USD,6h
2021-12-14 06:00:00,149.65,158.45,151.63,158.18,280791.928,SOL-USD,6h
2021-12-14 12:00:00,153.71,161.81,158.18,153.92,679323.021,SOL-USD,6h
2021-12-14 18:00:00,152.7,163.36,153.92,161.38,405963.526,SOL-USD,6h
2021-12-15 00:00:00,158.62,163.7,161.34,162.36,334928.932,SOL-USD,6h
2021-12-15 06:00:00,162.28,168.77,162.37,165.91,244782.568,SOL-USD,6h
2021-12-15 12:00:00,156.94,167.9,165.91,166.48,588319.525,SOL-USD,6h
2021-12-15 18:00:00,164.39,186.0,166.52,178.57,1050235.474,SOL-USD,6h
2021-12-16 00:00:00,174.11,179.97,178.59,174.55,347713.391,SOL-USD,6h
2021-12-16 06:00:00,174.56,186.27,174.56,185.96,258336.268,SOL-USD,6h
2021-12-16 12:00:00,181.71,189.61,186.0,182.64,462347.966,SOL-USD,6h
2021-12-16 18:00:00,175.97,185.1,182.59,176.94,387716.651,SOL-USD,6h
2021-12-17 00:00:00,176.46,181.73,176.92,181.23,306016.686,SOL-USD,6h
2021-12-17 06:00:00,174.92,182.51,181.21,176.0,173336.328,SOL-USD,6h
2021-12-17 12:00:00,168.03,181.71,175.97,176.34,667115.051,SOL-USD,6h
2021-12-17 18:00:00,172.83,179.16,176.3,175.55,315560.462,SOL-USD,6h
2021-12-18 00:00:00,171.01,177.03,175.58,175.75,275379.466,SOL-USD,6h
2021-12-18 06:00:00,174.86,181.19,175.81,180.07,151694.839,SOL-USD,6h
2021-12-18 12:00:00,179.23,183.67,180.11,181.72,186225.612,SOL-USD,6h
2021-12-18 18:00:00,179.85,184.39,181.68,182.91,149411.674,SOL-USD,6h
2021-12-19 00:00:00,179.92,187.91,182.91,185.8,241880.304,SOL-USD,6h
2021-12-19 06:00:00,182.97,189.42,185.78,185.0,120900.476,SOL-USD,6h
2021-12-19 12:00:00,181.86,189.16,184.95,182.89,157135.04,SOL-USD,6h
2021-12-19 18:00:00,178.31,184.0,182.92,179.95,188683.574,SOL-USD,6h
2021-12-20 00:00:00,175.17,181.32,179.99,175.42,242211.412,SOL-USD,6h
2021-12-20 06:00:00,171.4,176.64,175.43,172.55,178487.243,SOL-USD,6h
2021-12-20 12:00:00,168.3,174.11,172.56,172.1,425198.732,SOL-USD,6h
2021-12-20 18:00:00,171.52,178.17,172.1,174.06,338583.463,SOL-USD,6h
2021-12-21 00:00:00,170.27,179.81,174.06,178.55,367493.506,SOL-USD,6h
2021-12-21 06:00:00,177.84,181.19,178.52,179.81,169038.014,SOL-USD,6h
2021-12-21 12:00:00,176.62,182.78,179.83,177.14,232167.516,SOL-USD,6h
2021-12-21 18:00:00,176.04,181.58,177.12,179.75,327043.705,SOL-USD,6h
2021-12-22 00:00:00,177.48,185.0,179.75,184.27,441800.292,SOL-USD,6h
2021-12-22 06:00:00,182.95,187.56,184.28,185.57,221237.436,SOL-USD,6h
2021-12-22 12:00:00,180.27,186.25,185.71,180.34,398383.611,SOL-USD,6h
2021-12-22 18:00:00,177.12,181.72,180.31,178.45,359138.388,SOL-USD,6h
2021-12-23 00:00:00,175.66,183.05,178.45,179.35,271665.373,SOL-USD,6h
2021-12-23 06:00:00,177.12,180.65,179.35,179.12,144162.562,SOL-USD,6h
2021-12-23 12:00:00,177.69,188.1,179.06,187.93,341471.164,SOL-USD,6h
2021-12-23 18:00:00,187.1,193.76,187.94,190.07,446205.934,SOL-USD,6h
2021-12-24 00:00:00,187.1,191.96,190.11,187.6,231339.069,SOL-USD,6h
2021-12-24 06:00:00,186.35,191.48,187.59,188.88,152051.485,SOL-USD,6h
2021-12-24 12:00:00,184.1,197.59,188.91,194.69,363556.495,SOL-USD,6h
2021-12-24 18:00:00,188.55,197.21,194.74,190.65,392152.89,SOL-USD,6h
2021-12-25 00:00:00,190.11,195.5,190.66,193.9,351963.216,SOL-USD,6h
2021-12-25 06:00:00,189.26,194.92,193.94,190.38,120488.455,SOL-USD,6h
2021-12-25 12:00:00,189.34,193.0,190.39,191.62,117238.074,SOL-USD,6h
2021-12-25 18:00:00,190.0,194.41,191.58,193.06,139254.031,SOL-USD,6h
2021-12-26 00:00:00,190.31,196.84,193.1,191.71,219448.609,SOL-USD,6h
2021-12-26 06:00:00,191.46,198.771,191.65,196.65,114175.569,SOL-USD,6h
2021-12-26 12:00:00,195.36,200.69,196.54,198.35,164537.754,SOL-USD,6h
2021-12-26 18:00:00,196.14,199.73,198.4,198.0,153364.84,SOL-USD,6h
2021-12-27 00:00:00,196.81,201.9,198.0,198.85,148628.402,SOL-USD,6h
2021-12-27 06:00:00,194.83,201.14,198.89,200.37,102603.436,SOL-USD,6h
2021-12-27 12:00:00,199.05,204.9,200.43,203.68,228153.724,SOL-USD,6h
2021-12-27 18:00:00,195.32,204.18,203.67,195.74,204772.018,SOL-USD,6h
2021-12-28 00:00:00,185.91,195.77,195.77,191.18,546732.056,SOL-USD,6h
2021-12-28 06:00:00,188.38,193.56,191.13,192.18,161043.059,SOL-USD,6h
2021-12-28 12:00:00,177.0,192.98,192.19,180.52,575614.726,SOL-USD,6h
2021-12-28 18:00:00,176.23,182.74,180.51,177.27,361776.714,SOL-USD,6h
2021-12-29 00:00:00,175.15,180.65,177.32,176.56,227167.479,SOL-USD,6h
2021-12-29 06:00:00,174.59,177.93,176.56,175.6,121543.544,SOL-USD,6h
2021-12-29 12:00:00,170.69,176.92,175.48,174.48,371694.544,SOL-USD,6h
2021-12-29 18:00:00,170.05,177.63,174.46,170.64,332228.697,SOL-USD,6h
2021-12-30 00:00:00,168.07,172.27,170.63,171.18,301160.82,SOL-USD,6h
2021-12-30 06:00:00,170.23,175.26,171.17,174.71,146001.912,SOL-USD,6h
2021-12-30 12:00:00,172.9,175.79,174.69,174.71,226321.396,SOL-USD,6h
2021-12-30 18:00:00,170.88,175.33,174.7,172.52,159104.181,SOL-USD,6h
2021-12-31 00:00:00,170.31,173.78,172.52,170.83,230119.602,SOL-USD,6h
2021-12-31 06:00:00,170.1,177.7,170.82,175.14,167996.298,SOL-USD,6h
2021-12-31 12:00:00,171.27,176.14,175.16,172.69,229020.103,SOL-USD,6h
2021-12-31 18:00:00,167.63,172.76,172.69,169.88,400045.496,SOL-USD,6h
2022-01-01 00:00:00,169.93,174.33,169.98,173.31,203096.037,SOL-USD,6h
2022-01-01 06:00:00,170.86,174.02,173.28,171.56,78431.868,SOL-USD,6h
2022-01-01 12:00:00,171.44,175.55,171.59,175.06,96037.388,SOL-USD,6h
2022-01-01 18:00:00,174.76,179.25,175.08,179.21,291236.625,SOL-USD,6h
2022-01-02 00:00:00,175.0,179.56,179.19,176.66,184790.994,SOL-USD,6h
2022-01-02 06:00:00,174.56,176.86,176.67,175.67,61846.629,SOL-USD,6h
2022-01-02 12:00:00,175.06,178.74,175.67,177.78,99792.857,SOL-USD,6h
2022-01-02 18:00:00,174.41,177.76,177.76,176.32,108324.056,SOL-USD,6h
2022-01-03 00:00:00,172.01,176.46,176.33,173.54,145190.439,SOL-USD,6h
2022-01-03 06:00:00,172.37,175.01,173.51,174.75,63657.299,SOL-USD,6h
2022-01-03 12:00:00,169.0,175.95,174.76,170.68,204826.152,SOL-USD,6h
2022-01-03 18:00:00,166.73,171.5,170.66,170.13,202506.381,SOL-USD,6h
2022-01-04 00:00:00,166.5,170.35,170.19,167.5,165250.219,SOL-USD,6h
2022-01-04 06:00:00,167.03,172.27,167.5,171.59,109422.657,SOL-USD,6h
2022-01-04 12:00:00,170.01,173.88,171.62,170.05,177520.343,SOL-USD,6h
2022-01-04 18:00:00,167.0,170.88,170.11,167.72,157124.848,SOL-USD,6h
2022-01-05 00:00:00,167.12,169.38,167.72,169.0,117329.913,SOL-USD,6h
2022-01-05 06:00:00,168.01,171.34,169.0,168.51,75769.659,SOL-USD,6h
2022-01-05 12:00:00,163.06,169.27,168.51,163.59,245867.783,SOL-USD,6h
2022-01-05 18:00:00,145.0,165.39,163.59,154.44,989559.636,SOL-USD,6h
2022-01-06 00:00:00,147.07,154.82,154.47,149.36,383932.634,SOL-USD,6h
2022-01-06 06:00:00,145.76,150.93,149.36,147.51,237842.028,SOL-USD,6h
2022-01-06 12:00:00,146.22,152.75,147.47,152.28,444610.629,SOL-USD,6h
2022-01-06 18:00:00,150.05,154.6,152.23,150.23,269526.148,SOL-USD,6h
2022-01-07 00:00:00,135.5,150.73,150.26,139.93,785953.871,SOL-USD,6h
2022-01-07 06:00:00,134.68,143.0,139.97,139.2,359382.227,SOL-USD,6h
2022-01-07 12:00:00,133.31,142.89,139.22,140.18,528336.203,SOL-USD,6h
2022-01-07 18:00:00,135.89,143.67,140.17,136.37,312055.226,SOL-USD,6h
2022-01-08 00:00:00,135.77,141.96,136.38,141.88,240596.896,SOL-USD,6h
2022-01-08 06:00:00,140.4,148.14,141.87,146.44,241439.136,SOL-USD,6h
2022-01-08 12:00:00,135.02,146.83,146.46,135.47,393574.717,SOL-USD,6h
2022-01-08 18:00:00,133.0,146.99,135.47,142.17,607358.128,SOL-USD,6h
2022-01-09 00:00:00,140.75,145.61,142.11,141.24,210471.052,SOL-USD,6h
2022-01-09 06:00:00,137.87,142.23,141.17,140.6,108031.241,SOL-USD,6h
2022-01-09 12:00:00,137.94,144.77,140.61,144.61,167279.453,SOL-USD,6h
2022-01-09 18:00:00,140.0,145.71,144.64,140.83,289167.926,SOL-USD,6h
2022-01-10 00:00:00,138.9,143.63,140.82,142.99,181977.83,SOL-USD,6h
2022-01-10 06:00:00,138.94,143.76,142.99,139.42,140948.155,SOL-USD,6h
2022-01-10 12:00:00,130.0,139.72,139.48,132.94,807845.978,SOL-USD,6h
2022-01-10 18:00:00,131.92,136.21,132.98,135.89,275601.799,SOL-USD,6h
2022-01-11 00:00:00,133.6,137.95,135.89,135.69,215721.128,SOL-USD,6h
2022-01-11 06:00:00,134.34,138.5,135.69,135.45,145890.133,SOL-USD,6h
2022-01-11 12:00:00,135.11,143.25,135.45,141.71,404211.493,SOL-USD,6h
2022-01-11 18:00:00,139.74,143.57,141.71,140.27,316351.53,SOL-USD,6h
2022-01-12 00:00:00,139.21,141.59,140.27,140.33,125979.197,SOL-USD,6h
2022-01-12 06:00:00,138.29,144.12,140.33,141.47,257818.417,SOL-USD,6h
2022-01-12 12:00:00,141.27,152.29,141.4,151.1,600865.562,SOL-USD,6h
2022-01-12 18:00:00,149.23,153.4,151.11,151.56,279851.971,SOL-USD,6h
2022-01-13 00:00:00,148.24,152.28,151.56,149.61,176566.474,SOL-USD,6h
2022-01-13 06:00:00,149.44,152.89,149.61,150.42,99516.165,SOL-USD,6h
2022-01-13 12:00:00,147.85,157.94,150.4,150.67,482029.17,SOL-USD,6h
2022-01-13 18:00:00,145.56,151.81,150.67,146.24,293879.465,SOL-USD,6h
2022-01-14 00:00:00,144.54,149.49,146.21,149.36,160117.361,SOL-USD,6h
2022-01-14 06:00:00,142.0,150.65,149.38,143.5,195567.223,SOL-USD,6h
2022-01-14 12:00:00,142.05,148.69,143.49,145.94,264260.747,SOL-USD,6h
2022-01-14 18:00:00,145.45,149.97,145.95,146.17,303496.594,SOL-USD,6h
2022-01-15 00:00:00,144.7,147.39,146.17,145.19,220286.862,SOL-USD,6h
2022-01-15 06:00:00,144.77,146.85,145.16,146.46,146747.811,SOL-USD,6h
2022-01-15 12:00:00,144.0,148.89,146.45,148.47,155489.301,SOL-USD,6h
2022-01-15 18:00:00,147.26,149.6,148.5,147.78,131769.711,SOL-USD,6h
2022-01-16 00:00:00,146.22,148.34,147.71,146.65,136857.979,SOL-USD,6h
2022-01-16 06:00:00,146.48,150.8,146.61,148.23,99819.625,SOL-USD,6h
2022-01-16 12:00:00,147.13,152.0,148.24,149.64,142425.212,SOL-USD,6h
2022-01-16 18:00:00,146.16,150.03,149.67,147.98,179040.695,SOL-USD,6h
2022-01-17 00:00:00,141.77,148.3,148.02,143.1,312931.865,SOL-USD,6h
2022-01-17 06:00:00,142.36,143.93,143.1,142.54,118432.024,SOL-USD,6h
2022-01-17 12:00:00,139.21,143.89,142.53,139.98,197155.283,SOL-USD,6h
2022-01-17 18:00:00,137.14,140.39,140.0,139.85,205497.051,SOL-USD,6h
2022-01-18 00:00:00,138.17,141.91,139.86,139.13,185215.538,SOL-USD,6h
2022-01-18 06:00:00,136.12,140.98,139.13,137.67,129077.195,SOL-USD,6h
2022-01-18 12:00:00,134.34,138.31,137.64,136.46,260195.792,SOL-USD,6h
2022-01-18 18:00:00,135.67,143.04,136.44,141.35,214469.623,SOL-USD,6h
2022-01-19 00:00:00,137.01,142.79,141.4,138.33,230786.657,SOL-USD,6h
2022-01-19 06:00:00,132.8,138.82,138.32,136.24,223431.41,SOL-USD,6h
2022-01-19 12:00:00,135.38,138.72,136.25,137.4,241525.974,SOL-USD,6h
2022-01-19 18:00:00,135.11,137.83,137.4,135.33,174871.286,SOL-USD,6h
2022-01-20 00:00:00,134.58,137.4,135.34,137.12,119611.492,SOL-USD,6h
2022-01-20 06:00:00,135.72,138.28,137.11,137.96,82871.019,SOL-USD,6h
2022-01-20 12:00:00,137.05,143.96,137.99,140.25,286815.785,SOL-USD,6h
2022-01-20 18:00:00,126.0,141.55,140.25,127.52,544168.449,SOL-USD,6h
2022-01-21 00:00:00,121.1,129.02,127.52,125.92,1030778.078,SOL-USD,6h
2022-01-21 06:00:00,121.35,126.94,125.9,122.24,261352.019,SOL-USD,6h
2022-01-21 12:00:00,115.36,131.95,122.26,123.87,1203855.671,SOL-USD,6h
2022-01-21 18:00:00,106.0,125.76,123.85,112.32,1168923.041,SOL-USD,6h
2022-01-22 00:00:00,103.62,114.27,112.34,104.36,698708.158,SOL-USD,6h
2022-01-22 06:00:00,88.25,105.16,104.35,98.82,1180209.851,SOL-USD,6h
2022-01-22 12:00:00,91.56,103.62,98.85,92.27,965740.347,SOL-USD,6h
2022-01-22 18:00:00,88.65,98.0,92.26,94.78,974942.554,SOL-USD,6h
2022-01-23 00:00:00,93.36,99.37,94.79,97.39,567098.693,SOL-USD,6h
2022-01-23 06:00:00,96.55,104.83,97.42,101.96,412114.517,SOL-USD,6h
2022-01-23 12:00:00,96.25,103.44,101.94,98.55,521635.81,SOL-USD,6h
2022-01-23 18:00:00,94.01,101.99,98.53,99.82,575574.588,SOL-USD,6h
2022-01-24 00:00:00,88.6,99.95,99.79,88.66,715423.215,SOL-USD,6h
2022-01-24 06:00:00,81.86,90.28,88.63,84.01,748959.734,SOL-USD,6h
2022-01-24 12:00:00,80.83,90.36,84.01,89.06,1563898.297,SOL-USD,6h
2022-01-24 18:00:00,87.71,96.28,89.08,91.96,971879.178,SOL-USD,6h
2022-01-25 00:00:00,87.45,92.07,91.95,89.16,471302.153,SOL-USD,6h
2022-01-25 06:00:00,88.04,94.52,89.18,91.65,397273.754,SOL-USD,6h
2022-01-25 12:00:00,90.47,98.0,91.65,96.7,814224.774,SOL-USD,6h
2022-01-25 18:00:00,92.02,100.24,96.63,94.76,663930.06,SOL-USD,6h
2022-01-26 00:00:00,91.45,97.22,94.77,95.63,466737.708,SOL-USD,6h
2022-01-26 06:00:00,93.72,98.36,95.62,98.12,292974.704,SOL-USD,6h
2022-01-26 12:00:00,96.12,102.26,98.1,98.46,718070.887,SOL-USD,6h
2022-01-26 18:00:00,89.26,104.85,98.47,92.18,1311014.528,SOL-USD,6h
2022-01-27 00:00:00,85.76,93.73,92.17,88.48,736106.723,SOL-USD,6h
2022-01-27 06:00:00,87.31,91.41,88.49,91.26,247009.512,SOL-USD,6h
2022-01-27 12:00:00,89.39,94.7,91.26,90.37,658463.432,SOL-USD,6h
2022-01-27 18:00:00,85.65,91.77,90.35,89.55,661206.594,SOL-USD,6h
2022-01-28 00:00:00,88.71,93.49,89.55,93.05,576922.119,SOL-USD,6h
2022-01-28 06:00:00,87.6,93.58,93.01,88.7,238098.571,SOL-USD,6h
2022-01-28 12:00:00,87.21,92.71,88.7,90.69,567921.543,SOL-USD,6h
2022-01-28 18:00:00,90.24,93.55,90.66,91.35,565520.228,SOL-USD,6h
2022-01-29 00:00:00,90.59,95.34,91.34,95.33,316839.55,SOL-USD,6h
2022-01-29 06:00:00,94.78,97.73,95.3,96.32,241331.364,SOL-USD,6h
2022-01-29 12:00:00,93.5,99.01,96.32,94.11,443110.941,SOL-USD,6h
2022-01-29 18:00:00,94.05,96.92,94.12,96.25,392450.632,SOL-USD,6h
2022-01-30 00:00:00,93.77,96.4,96.24,96.0,258920.393,SOL-USD,6h
2022-01-30 06:00:00,95.12,97.63,95.98,96.42,143499.767,SOL-USD,6h
2022-01-30 12:00:00,93.95,96.61,96.46,95.09,158978.401,SOL-USD,6h
2022-01-30 18:00:00,91.46,95.2,95.08,93.31,307704.882,SOL-USD,6h
2022-01-31 00:00:00,88.95,93.68,93.29,90.32,324540.972,SOL-USD,6h
2022-01-31 06:00:00,89.75,91.82,90.34,91.41,118191.953,SOL-USD,6h
2022-01-31 12:00:00,90.35,98.71,91.4,97.68,705801.498,SOL-USD,6h
2022-01-31 18:00:00,97.0,101.41,97.72,99.52,701162.62,SOL-USD,6h
2022-02-01 00:00:00,99.04,108.74,99.57,105.12,912238.435,SOL-USD,6h
2022-02-01 06:00:00,103.85,109.0,105.1,106.42,395014.47,SOL-USD,6h
2022-02-01 12:00:00,106.08,113.89,106.38,111.65,1000285.107,SOL-USD,6h
2022-02-01 18:00:00,107.67,112.78,111.67,110.1,616118.178,SOL-USD,6h
2022-02-02 00:00:00,108.26,112.48,110.11,109.8,442389.626,SOL-USD,6h
2022-02-02 06:00:00,107.68,110.61,109.77,110.03,226632.76,SOL-USD,6h
2022-02-02 12:00:00,103.54,112.37,110.11,105.99,642200.083,SOL-USD,6h
2022-02-02 18:00:00,96.87,111.96,105.98,101.99,1625581.46,SOL-USD,6h
2022-02-03 00:00:00,96.62,103.22,101.97,98.89,543581.557,SOL-USD,6h
2022-02-03 06:00:00,94.07,100.03,98.91,97.43,389778.153,SOL-USD,6h
2022-02-03 12:00:00,94.27,99.29,97.45,97.98,560804.709,SOL-USD,6h
2022-02-03 18:00:00,95.88,102.33,97.95,101.93,503735.342,SOL-USD,6h
2022-02-04 00:00:00,100.36,105.73,101.93,105.03,359741.866,SOL-USD,6h
2022-02-04 06:00:00,104.56,107.08,105.04,104.81,334682.304,SOL-USD,6h
2022-02-04 12:00:00,101.68,111.75,104.81,109.7,868274.949,SOL-USD,6h
2022-02-04 18:00:00,108.12,112.9,109.71,112.69,510326.174,SOL-USD,6h
2022-02-05 00:00:00,110.29,117.98,112.68,116.49,519547.878,SOL-USD,6h
2022-02-05 06:00:00,114.37,118.69,116.52,115.01,263102.915,SOL-USD,6h
2022-02-05 12:00:00,110.84,117.31,115.05,114.18,438375.29,SOL-USD,6h
2022-02-05 18:00:00,111.98,115.83,114.15,113.8,232856.6,SOL-USD,6h
2022-02-06 00:00:00,112.22,115.84,113.78,113.44,171871.164,SOL-USD,6h
2022-02-06 06:00:00,112.3,116.11,113.44,114.46,123824.962,SOL-USD,6h
2022-02-06 12:00:00,111.51,115.96,114.52,113.85,208153.828,SOL-USD,6h
2022-02-06 18:00:00,112.0,115.6,113.77,115.32,225632.251,SOL-USD,6h
2022-02-07 00:00:00,112.81,120.08,115.37,118.29,433445.136,SOL-USD,6h
2022-02-07 06:00:00,115.55,118.74,118.32,117.6,186714.349,SOL-USD,6h
2022-02-07 12:00:00,116.67,121.99,117.6,121.03,557348.362,SOL-USD,6h
2022-02-07 18:00:00,116.61,121.66,121.02,117.62,448940.719,SOL-USD,6h
2022-02-08 00:00:00,115.62,119.7,117.64,118.91,364938.147,SOL-USD,6h
2022-02-08 06:00:00,112.2,120.4,118.92,114.48,321330.128,SOL-USD,6h
2022-02-08 12:00:00,110.39,114.4,114.38,111.59,443724.528,SOL-USD,6h
2022-02-08 18:00:00,109.68,114.91,111.59,113.58,467109.42,SOL-USD,6h
2022-02-09 00:00:00,109.35,115.16,113.56,110.59,273377.721,SOL-USD,6h
2022-02-09 06:00:00,110.4,113.81,110.56,113.36,144107.715,SOL-USD,6h
2022-02-09 12:00:00,112.63,117.22,113.34,114.45,346535.387,SOL-USD,6h
2022-02-09 18:00:00,113.19,116.55,114.46,114.04,321157.84,SOL-USD,6h
2022-02-10 00:00:00,110.66,114.16,114.07,111.63,232500.316,SOL-USD,6h
2022-02-10 06:00:00,111.25,114.98,111.69,113.83,123122.185,SOL-USD,6h
2022-02-10 12:00:00,105.64,114.24,113.86,111.52,650646.106,SOL-USD,6h
2022-02-10 18:00:00,105.8,112.01,111.56,106.25,350408.546,SOL-USD,6h
2022-02-11 00:00:00,103.31,107.03,106.24,103.38,368430.313,SOL-USD,6h
2022-02-11 06:00:00,103.27,106.57,103.39,105.6,139460.183,SOL-USD,6h
2022-02-11 12:00:00,105.02,108.59,105.6,105.61,252712.29,SOL-USD,6h
2022-02-11 18:00:00,95.17,106.0,105.58,96.5,1203174.901,SOL-USD,6h
2022-02-12 00:00:00,95.44,98.57,96.5,96.09,249859.707,SOL-USD,6h
2022-02-12 06:00:00,92.78,96.28,96.12,96.14,204554.72,SOL-USD,6h
2022-02-12 12:00:00,93.59,97.91,96.15,97.73,238834.723,SOL-USD,6h
2022-02-12 18:00:00,94.0,99.93,97.83,95.95,263974.602,SOL-USD,6h
2022-02-13 00:00:00,95.14,97.41,95.99,95.79,151328.572,SOL-USD,6h
2022-02-13 06:00:00,95.49,97.01,95.78,96.23,89728.778,SOL-USD,6h
2022-02-13 12:00:00,92.81,96.98,96.21,93.52,237458.973,SOL-USD,6h
2022-02-13 18:00:00,91.38,94.17,93.51,92.92,254405.136,SOL-USD,6h
2022-02-14 00:00:00,90.79,94.09,92.89,92.92,252893.532,SOL-USD,6h
2022-02-14 06:00:00,91.6,94.97,92.93,93.2,209907.708,SOL-USD,6h
2022-02-14 12:00:00,92.38,97.97,93.19,96.78,401033.127,SOL-USD,6h
2022-02-14 18:00:00,93.35,97.22,96.77,96.43,338763.806,SOL-USD,6h
2022-02-15 00:00:00,96.35,102.58,96.43,100.52,343293.37,SOL-USD,6h
2022-02-15 06:00:00,100.4,103.75,100.51,102.51,233372.992,SOL-USD,6h
2022-02-15 12:00:00,100.81,103.37,102.51,101.5,324625.776,SOL-USD,6h
2022-02-15 18:00:00,100.99,105.86,101.5,105.61,340120.952,SOL-USD,6h
2022-02-16 00:00:00,100.77,105.67,105.63,102.79,289568.628,SOL-USD,6h
2022-02-16 06:00:00,101.51,104.49,102.78,102.57,165692.004,SOL-USD,6h
2022-02-16 12:00:00,98.28,102.81,102.57,99.15,303503.613,SOL-USD,6h
2022-02-16 18:00:00,98.79,103.73,99.14,101.94,353586.731,SOL-USD,6h
2022-02-17 00:00:00,98.0,102.88,101.92,99.57,230484.132,SOL-USD,6h
2022-02-17 06:00:00,97.81,101.13,99.56,99.14,171860.614,SOL-USD,6h
2022-02-17 12:00:00,95.41,99.76,99.16,95.83,317834.116,SOL-USD,6h
2022-02-17 18:00:00,92.38,96.2,95.83,93.56,327817.156,SOL-USD,6h
2022-02-18 00:00:00,92.82,95.59,93.62,94.57,176542.103,SOL-USD,6h
2022-02-18 06:00:00,93.68,96.45,94.57,93.99,106578.284,SOL-USD,6h
2022-02-18 12:00:00,90.0,94.89,93.99,90.41,457768.735,SOL-USD,6h
2022-02-18 18:00:00,89.29,91.44,90.43,89.9,267556.027,SOL-USD,6h
2022-02-19 00:00:00,89.82,92.5,89.88,92.28,102938.237,SOL-USD,6h
2022-02-19 06:00:00,88.7,92.79,92.21,89.54,155593.377,SOL-USD,6h
2022-02-19 12:00:00,88.69,92.2,89.54,91.17,161718.965,SOL-USD,6h
2022-02-19 18:00:00,89.56,91.78,91.15,91.34,124116.293,SOL-USD,6h
2022-02-20 00:00:00,86.34,91.47,91.34,86.67,237654.282,SOL-USD,6h
2022-02-20 06:00:00,85.62,90.18,86.68,89.15,222347.673,SOL-USD,6h
2022-02-20 12:00:00,87.33,91.56,89.2,91.07,258224.794,SOL-USD,6h
2022-02-20 18:00:00,90.28,93.96,91.06,90.78,329773.462,SOL-USD,6h
2022-02-21 00:00:00,90.48,95.34,90.77,94.18,320605.421,SOL-USD,6h
2022-02-21 06:00:00,88.21,96.16,94.15,89.22,224923.933,SOL-USD,6h
2022-02-21 12:00:00,86.94,92.26,89.2,88.31,516167.074,SOL-USD,6h
2022-02-21 18:00:00,82.69,88.77,88.29,82.97,520328.74,SOL-USD,6h
2022-02-22 00:00:00,81.0,84.66,83.0,82.48,450666.515,SOL-USD,6h
2022-02-22 06:00:00,81.62,86.06,82.49,85.25,282261.821,SOL-USD,6h
2022-02-22 12:00:00,83.8,87.71,85.2,84.9,386798.878,SOL-USD,6h
2022-02-22 18:00:00,84.47,87.14,84.9,86.43,261731.729,SOL-USD,6h
2022-02-23 00:00:00,86.15,89.71,86.46,89.47,265284.871,SOL-USD,6h
2022-02-23 06:00:00,88.78,93.35,89.47,92.08,309895.586,SOL-USD,6h
2022-02-23 12:00:00,88.55,93.42,92.11,89.08,466866.544,SOL-USD,6h
2022-02-23 18:00:00,84.41,89.38,89.09,84.64,353250.482,SOL-USD,6h
2022-02-24 00:00:00,75.36,85.85,84.64,80.79,1095327.255,SOL-USD,6h
2022-02-24 06:00:00,78.55,84.58,80.79,81.41,582291.642,SOL-USD,6h
2022-02-24 12:00:00,79.48,86.88,81.42,84.26,631939.431,SOL-USD,6h
2022-02-24 18:00:00,83.96,93.69,84.23,89.41,583421.238,SOL-USD,6h
2022-02-25 00:00:00,86.87,90.85,89.41,87.89,282150.555,SOL-USD,6h
2022-02-25 06:00:00,86.97,89.5,87.92,89.26,225231.173,SOL-USD,6h
2022-02-25 12:00:00,87.91,92.28,89.26,90.34,682371.264,SOL-USD,6h
2022-02-25 18:00:00,88.88,95.04,90.36,92.84,432712.99,SOL-USD,6h
2022-02-26 00:00:00,91.18,95.2,92.81,91.49,263277.7,SOL-USD,6h
2022-02-26 06:00:00,90.11,93.0,91.47,90.69,167981.879,SOL-USD,6h
2022-02-26 12:00:00,89.84,92.15,90.65,90.58,225907.712,SOL-USD,6h
2022-02-26 18:00:00,89.28,92.72,90.56,90.32,244752.821,SOL-USD,6h
2022-02-27 00:00:00,86.29,90.75,90.32,87.85,222745.465,SOL-USD,6h
2022-02-27 06:00:00,87.74,90.97,87.79,90.85,124621.358,SOL-USD,6h
2022-02-27 12:00:00,87.92,92.24,90.91,88.41,262585.501,SOL-USD,6h
2022-02-27 18:00:00,84.1,88.69,88.42,85.7,422061.28,SOL-USD,6h
2022-02-28 00:00:00,84.19,88.09,85.68,86.64,234471.131,SOL-USD,6h
2022-02-28 06:00:00,84.76,91.16,86.66,90.78,234880.799,SOL-USD,6h
2022-02-28 12:00:00,88.92,97.25,90.77,96.3,787731.454,SOL-USD,6h
2022-02-28 18:00:00,95.67,102.65,96.32,99.74,688947.25,SOL-USD,6h
2022-03-01 00:00:00,95.61,101.13,99.76,96.34,774328.811,SOL-USD,6h
2022-03-01 06:00:00,94.29,98.54,96.31,97.85,237740.005,SOL-USD,6h
2022-03-01 12:00:00,96.11,102.1,97.87,97.6,616444.572,SOL-USD,6h
2022-03-01 18:00:00,96.45,99.45,97.59,98.7,268831.354,SOL-USD,6h
2022-03-02 00:00:00,96.81,105.4,98.7,103.63,749309.584,SOL-USD,6h
2022-03-02 06:00:00,101.2,106.45,103.61,104.62,276192.119,SOL-USD,6h
2022-03-02 12:00:00,100.2,105.29,104.61,101.77,489222.793,SOL-USD,6h
2022-03-02 18:00:00,99.86,102.32,101.76,100.73,366747.83,SOL-USD,6h
2022-03-03 00:00:00,97.75,101.73,100.75,99.06,327732.872,SOL-USD,6h
2022-03-03 06:00:00,97.87,101.21,99.05,99.75,136955.781,SOL-USD,6h
2022-03-03 12:00:00,93.99,101.0,99.71,95.35,385668.33,SOL-USD,6h
2022-03-03 18:00:00,94.03,96.4,95.32,95.61,289439.433,SOL-USD,6h
2022-03-04 00:00:00,90.44,95.97,95.6,91.66,364381.465,SOL-USD,6h
2022-03-04 06:00:00,90.53,93.93,91.62,93.18,140541.566,SOL-USD,6h
2022-03-04 12:00:00,90.63,93.87,93.2,92.15,328901.536,SOL-USD,6h
2022-03-04 18:00:00,86.95,92.43,92.2,88.32,333682.369,SOL-USD,6h
2022-03-05 00:00:00,86.0,88.42,88.34,88.19,202243.822,SOL-USD,6h
2022-03-05 06:00:00,87.83,89.25,88.2,88.77,89505.428,SOL-USD,6h
2022-03-05 12:00:00,87.82,91.24,88.76,89.97,166018.897,SOL-USD,6h
2022-03-05 18:00:00,89.05,90.55,89.98,89.62,159981.765,SOL-USD,6h
2022-03-06 00:00:00,86.62,89.95,89.61,88.19,140373.38,SOL-USD,6h
2022-03-06 06:00:00,85.77,88.95,88.2,86.99,96607.371,SOL-USD,6h
2022-03-06 12:00:00,86.48,88.29,87.02,87.26,100411.527,SOL-USD,6h
2022-03-06 18:00:00,84.09,87.59,87.23,84.57,229491.613,SOL-USD,6h
2022-03-07 00:00:00,81.43,84.75,84.59,82.78,297009.115,SOL-USD,6h
2022-03-07 06:00:00,81.1,83.54,82.77,83.19,123849.667,SOL-USD,6h
2022-03-07 12:00:00,83.15,86.73,83.15,83.81,293477.084,SOL-USD,6h
2022-03-07 18:00:00,80.0,83.79,83.79,81.66,387749.797,SOL-USD,6h
2022-03-08 00:00:00,81.31,84.63,81.65,83.55,240286.308,SOL-USD,6h
2022-03-08 06:00:00,82.5,84.95,83.54,83.93,136146.596,SOL-USD,6h
2022-03-08 12:00:00,81.35,84.57,83.94,83.41,302310.397,SOL-USD,6h
2022-03-08 18:00:00,81.38,85.35,83.42,82.35,249502.079,SOL-USD,6h
2022-03-09 00:00:00,81.92,88.78,82.34,87.33,444579.117,SOL-USD,6h
2022-03-09 06:00:00,87.1,89.93,87.33,88.2,170963.244,SOL-USD,6h
2022-03-09 12:00:00,86.55,89.44,88.2,88.36,351363.916,SOL-USD,6h
2022-03-09 18:00:00,86.08,88.85,88.32,88.1,316980.39,SOL-USD,6h
2022-03-10 00:00:00,82.13,88.65,88.07,82.76,378868.862,SOL-USD,6h
2022-03-10 06:00:00,81.92,83.23,82.76,82.11,145913.446,SOL-USD,6h
2022-03-10 12:00:00,80.77,83.99,82.12,82.25,338600.904,SOL-USD,6h
2022-03-10 18:00:00,81.73,84.05,82.26,82.92,194258.069,SOL-USD,6h
2022-03-11 00:00:00,80.22,83.23,82.92,81.45,260309.345,SOL-USD,6h
2022-03-11 06:00:00,81.24,83.92,81.44,83.32,132083.516,SOL-USD,6h
2022-03-11 12:00:00,80.5,84.37,83.31,80.97,290142.822,SOL-USD,6h
2022-03-11 18:00:00,80.09,81.62,80.99,80.7,217843.047,SOL-USD,6h
2022-03-12 00:00:00,80.57,82.78,80.71,82.09,136564.121,SOL-USD,6h
2022-03-12 06:00:00,80.63,82.31,82.08,81.13,72343.685,SOL-USD,6h
2022-03-12 12:00:00,80.94,82.41,81.12,82.14,87121.055,SOL-USD,6h
2022-03-12 18:00:00,81.27,82.36,82.15,81.44,75613.047,SOL-USD,6h
2022-03-13 00:00:00,81.04,83.33,81.44,82.19,97852.533,SOL-USD,6h
2022-03-13 06:00:00,80.84,82.48,82.19,81.1,68028.091,SOL-USD,6h
2022-03-13 12:00:00,80.05,81.7,81.08,81.15,120464.194,SOL-USD,6h
2022-03-13 18:00:00,77.74,81.24,81.15,78.75,271733.516,SOL-USD,6h
2022-03-14 00:00:00,78.02,81.68,78.75,80.27,185507.208,SOL-USD,6h
2022-03-14 06:00:00,80.09,82.28,80.19,80.94,111036.588,SOL-USD,6h
2022-03-14 12:00:00,78.94,81.48,80.89,79.22,224553.544,SOL-USD,6h
2022-03-14 18:00:00,78.5,81.44,79.2,81.24,254002.222,SOL-USD,6h
2022-03-15 00:00:00,79.33,81.6,81.22,79.88,132791.306,SOL-USD,6h
2022-03-15 06:00:00,78.78,80.43,79.86,80.14,86165.286,SOL-USD,6h
2022-03-15 12:00:00,79.62,82.91,80.14,82.81,203691.045,SOL-USD,6h
2022-03-15 18:00:00,82.3,86.02,82.8,82.85,430795.547,SOL-USD,6h
2022-03-16 00:00:00,81.53,86.4,82.85,82.0,350149.135,SOL-USD,6h
2022-03-16 06:00:00,81.89,84.62,82.0,84.32,175226.439,SOL-USD,6h
2022-03-16 12:00:00,82.75,84.98,84.28,84.09,249948.778,SOL-USD,6h
2022-03-16 18:00:00,82.18,88.02,84.06,87.82,351154.919,SOL-USD,6h
2022-03-17 00:00:00,86.95,89.25,87.84,87.87,220782.324,SOL-USD,6h
2022-03-17 06:00:00,86.62,88.14,87.86,87.71,107126.352,SOL-USD,6h
2022-03-17 12:00:00,87.57,90.79,87.71,89.77,411164.864,SOL-USD,6h
2022-03-17 18:00:00,87.67,91.09,89.76,87.88,366996.204,SOL-USD,6h
2022-03-18 00:00:00,85.59,88.18,87.89,86.62,292777.496,SOL-USD,6h
2022-03-18 06:00:00,84.5,87.19,86.62,84.99,151139.467,SOL-USD,6h
2022-03-18 12:00:00,84.65,92.45,84.97,90.8,485002.089,SOL-USD,6h
2022-03-18 18:00:00,88.92,91.79,90.79,89.87,247463.804,SOL-USD,6h
2022-03-19 00:00:00,89.35,92.4,89.88,89.85,277345.768,SOL-USD,6h
2022-03-19 06:00:00,89.28,91.05,89.83,90.8,84051.512,SOL-USD,6h
2022-03-19 12:00:00,90.45,94.63,90.78,93.13,361114.477,SOL-USD,6h
2022-03-19 18:00:00,91.23,93.5,93.13,92.39,221335.461,SOL-USD,6h
2022-03-20 00:00:00,90.39,92.61,92.38,91.27,165168.36,SOL-USD,6h
2022-03-20 06:00:00,89.65,91.69,91.27,89.95,83937.461,SOL-USD,6h
2022-03-20 12:00:00,87.87,90.71,89.98,88.45,216105.599,SOL-USD,6h
2022-03-20 18:00:00,88.24,90.36,88.4,88.64,202195.986,SOL-USD,6h
2022-03-21 00:00:00,86.79,89.22,88.64,88.65,175701.432,SOL-USD,6h
2022-03-21 06:00:00,88.07,91.18,88.65,89.89,129765.316,SOL-USD,6h
2022-03-21 12:00:00,87.46,91.32,89.89,88.19,438759.054,SOL-USD,6h
2022-03-21 18:00:00,87.69,89.25,88.21,88.62,153645.324,SOL-USD,6h
2022-03-22 00:00:00,88.0,92.46,88.6,91.45,303185.542,SOL-USD,6h
2022-03-22 06:00:00,89.53,92.26,91.45,92.05,164055.559,SOL-USD,6h
2022-03-22 12:00:00,91.04,94.0,92.05,93.0,326940.103,SOL-USD,6h
2022-03-22 18:00:00,90.28,93.04,93.02,90.48,198326.09,SOL-USD,6h
2022-03-23 00:00:00,89.17,91.38,90.47,90.86,212657.426,SOL-USD,6h
2022-03-23 06:00:00,90.62,91.82,90.9,91.34,140325.831,SOL-USD,6h
2022-03-23 12:00:00,90.93,96.34,91.38,93.64,605642.748,SOL-USD,6h
2022-03-23 18:00:00,92.58,95.24,93.64,94.87,302041.227,SOL-USD,6h
2022-03-24 00:00:00,93.43,97.04,94.9,97.03,429994.575,SOL-USD,6h
2022-03-24 06:00:00,96.31,101.87,97.04,100.09,514769.149,SOL-USD,6h
2022-03-24 12:00:00,98.24,102.75,100.08,100.67,726410.813,SOL-USD,6h
2022-03-24 18:00:00,100.64,103.77,100.69,102.38,391771.718,SOL-USD,6h
2022-03-25 00:00:00,100.89,104.89,102.38,104.19,352817.948,SOL-USD,6h
2022-03-25 06:00:00,101.58,104.74,104.16,104.27,186881.222,SOL-USD,6h
2022-03-25 12:00:00,96.75,104.55,104.28,97.95,657687.799,SOL-USD,6h
2022-03-25 18:00:00,97.46,99.29,97.97,98.63,318796.955,SOL-USD,6h
2022-03-26 00:00:00,97.65,101.46,98.62,100.94,187263.723,SOL-USD,6h
2022-03-26 06:00:00,100.0,101.55,100.97,100.49,127374.882,SOL-USD,6h
2022-03-26 12:00:00,99.77,103.35,100.45,102.75,230401.694,SOL-USD,6h
2022-03-26 18:00:00,101.27,103.43,102.73,101.79,171367.304,SOL-USD,6h
2022-03-27 00:00:00,101.14,103.08,101.81,101.56,113931.837,SOL-USD,6h
2022-03-27 06:00:00,100.23,102.52,101.54,100.44,74162.523,SOL-USD,6h
2022-03-27 12:00:00,98.82,102.07,100.44,102.0,168551.446,SOL-USD,6h
2022-03-27 18:00:00,101.84,107.5,102.0,107.09,481674.375,SOL-USD,6h
2022-03-28 00:00:00,105.14,111.94,107.09,111.16,409291.911,SOL-USD,6h
2022-03-28 06:00:00,107.66,111.74,111.17,110.06,271035.312,SOL-USD,6h
2022-03-28 12:00:00,108.9,113.87,110.09,111.31,555932.535,SOL-USD,6h
2022-03-28 18:00:00,105.51,113.11,111.28,105.84,505622.298,SOL-USD,6h
2022-03-29 00:00:00,105.52,111.8,105.83,110.56,403444.714,SOL-USD,6h
2022-03-29 06:00:00,109.35,113.72,110.54,113.4,242897.479,SOL-USD,6h
2022-03-29 12:00:00,108.92,115.7,113.43,110.43,613979.398,SOL-USD,6h
2022-03-29 18:00:00,109.05,114.17,110.43,111.64,387364.723,SOL-USD,6h
2022-03-30 00:00:00,107.07,112.7,111.66,112.02,363677.749,SOL-USD,6h
2022-03-30 06:00:00,110.73,112.95,112.03,112.23,167893.38,SOL-USD,6h
2022-03-30 12:00:00,111.52,125.27,112.23,123.68,1217435.768,SOL-USD,6h
2022-03-30 18:00:00,119.11,123.95,123.68,120.79,441224.768,SOL-USD,6h
2022-03-31 00:00:00,119.96,124.0,120.8,121.77,345257.722,SOL-USD,6h
2022-03-31 06:00:00,121.41,128.04,121.78,127.29,276600.368,SOL-USD,6h
2022-03-31 12:00:00,121.39,129.6,127.32,123.0,977742.658,SOL-USD,6h
2022-03-31 18:00:00,121.77,125.66,122.99,122.86,387054.601,SOL-USD,6h
2022-04-01 00:00:00,117.5,124.95,122.83,120.69,570415.5,SOL-USD,6h
2022-04-01 06:00:00,120.0,127.13,120.72,124.43,237589.496,SOL-USD,6h
2022-04-01 12:00:00,122.14,135.6,124.41,135.45,933957.662,SOL-USD,6h
2022-04-01 18:00:00,133.46,138.46,135.45,134.55,494732.687,SOL-USD,6h
2022-04-02 00:00:00,133.07,137.32,134.55,135.14,329945.921,SOL-USD,6h
2022-04-02 06:00:00,134.9,138.43,135.13,137.72,196816.285,SOL-USD,6h
2022-04-02 12:00:00,136.29,143.57,137.73,137.53,615337.277,SOL-USD,6h
2022-04-02 18:00:00,131.31,138.17,137.53,132.61,415032.032,SOL-USD,6h
2022-04-03 00:00:00,130.62,139.0,132.55,138.6,330417.81,SOL-USD,6h
2022-04-03 06:00:00,136.36,141.05,138.6,139.12,183973.703,SOL-USD,6h
2022-04-03 12:00:00,134.15,140.06,139.11,135.8,283625.408,SOL-USD,6h
2022-04-03 18:00:00,135.02,139.53,135.88,136.94,292888.658,SOL-USD,6h
2022-04-04 00:00:00,134.14,137.46,136.93,136.03,192253.577,SOL-USD,6h
2022-04-04 06:00:00,132.97,138.28,136.04,134.74,199680.823,SOL-USD,6h
2022-04-04 12:00:00,125.84,135.53,134.81,127.49,526064.685,SOL-USD,6h
2022-04-04 18:00:00,126.15,133.15,127.49,132.16,567444.6,SOL-USD,6h
2022-04-05 00:00:00,129.78,134.24,132.19,133.0,190453.664,SOL-USD,6h
2022-04-05 06:00:00,131.48,134.88,133.04,134.53,119855.47,SOL-USD,6h
2022-04-05 12:00:00,129.19,136.68,134.53,132.08,575516.073,SOL-USD,6h
2022-04-05 18:00:00,126.01,132.49,132.08,126.9,321325.749,SOL-USD,6h
2022-04-06 00:00:00,120.13,126.98,126.9,126.65,369749.138,SOL-USD,6h
2022-04-06 06:00:00,119.17,127.44,126.62,121.65,301280.761,SOL-USD,6h
2022-04-06 12:00:00,114.6,123.23,121.65,117.45,866583.028,SOL-USD,6h
2022-04-06 18:00:00,112.14,120.02,117.5,112.94,543192.839,SOL-USD,6h
2022-04-07 00:00:00,110.93,114.93,112.9,114.24,430383.395,SOL-USD,6h
2022-04-07 06:00:00,113.55,117.71,114.23,117.49,176384.024,SOL-USD,6h
2022-04-07 12:00:00,111.67,118.6,117.5,115.86,507117.82,SOL-USD,6h
2022-04-07 18:00:00,115.56,119.96,115.84,118.52,269759.873,SOL-USD,6h
2022-04-08 00:00:00,117.98,122.48,118.44,121.4,323772.706,SOL-USD,6h
2022-04-08 06:00:00,114.94,121.48,121.4,115.31,219773.655,SOL-USD,6h
2022-04-08 12:00:00,112.86,118.55,115.34,114.47,415777.468,SOL-USD,6h
2022-04-08 18:00:00,108.11,115.37,114.45,109.97,362922.448,SOL-USD,6h
2022-04-09 00:00:00,108.3,111.9,109.98,111.03,256928.146,SOL-USD,6h
2022-04-09 06:00:00,109.0,111.19,111.03,110.52,70132.76,SOL-USD,6h
2022-04-09 12:00:00,109.3,111.84,110.52,110.87,163698.585,SOL-USD,6h
2022-04-09 18:00:00,109.55,113.71,110.88,112.99,141467.502,SOL-USD,6h
2022-04-10 00:00:00,111.17,114.1,113.02,111.77,149793.073,SOL-USD,6h
2022-04-10 06:00:00,109.81,112.71,111.77,111.13,72649.024,SOL-USD,6h
2022-04-10 12:00:00,110.53,114.92,111.14,114.75,161585.609,SOL-USD,6h
2022-04-10 18:00:00,110.5,116.07,114.74,111.07,262961.586,SOL-USD,6h
2022-04-11 00:00:00,108.35,111.99,111.05,110.63,272221.071,SOL-USD,6h
2022-04-11 06:00:00,103.3,111.86,110.62,103.92,363306.813,SOL-USD,6h
2022-04-11 12:00:00,101.23,104.79,103.95,102.87,586428.306,SOL-USD,6h
2022-04-11 18:00:00,98.13,103.39,102.84,99.7,469725.288,SOL-USD,6h
2022-04-12 00:00:00,98.39,103.0,99.64,102.83,286982.006,SOL-USD,6h
2022-04-12 06:00:00,101.71,105.75,102.83,105.57,220494.528,SOL-USD,6h
2022-04-12 12:00:00,103.28,109.44,105.6,103.56,676935.365,SOL-USD,6h
2022-04-12 18:00:00,100.3,104.2,103.52,103.31,371639.459,SOL-USD,6h
2022-04-13 00:00:00,101.92,105.1,103.29,104.66,190284.941,SOL-USD,6h
2022-04-13 06:00:00,101.06,104.85,104.63,101.08,118148.77,SOL-USD,6h
2022-04-13 12:00:00,100.03,106.08,101.11,104.04,379998.995,SOL-USD,6h
2022-04-13 18:00:00,103.69,105.85,104.05,104.95,276339.655,SOL-USD,6h
2022-04-14 00:00:00,104.51,107.71,104.98,106.63,217584.816,SOL-USD,6h
2022-04-14 06:00:00,103.23,107.28,106.68,103.67,123762.677,SOL-USD,6h
2022-04-14 12:00:00,99.23,105.81,103.64,100.8,451034.194,SOL-USD,6h
2022-04-14 18:00:00,98.56,101.3,100.8,100.76,256463.13,SOL-USD,6h
2022-04-15 00:00:00,99.54,102.49,100.78,101.99,137250.776,SOL-USD,6h
2022-04-15 06:00:00,100.56,102.24,102.0,101.76,81256.36,SOL-USD,6h
2022-04-15 12:00:00,99.86,102.9,101.74,102.27,171470.162,SOL-USD,6h
2022-04-15 18:00:00,100.01,102.51,102.27,101.39,165866.855,SOL-USD,6h
2022-04-16 00:00:00,100.91,102.05,101.39,101.56,87138.685,SOL-USD,6h
2022-04-16 06:00:00,101.12,102.78,101.57,101.93,67784.537,SOL-USD,6h
2022-04-16 12:00:00,100.8,103.49,101.92,101.5,120941.408,SOL-USD,6h
2022-04-16 18:00:00,101.37,102.99,101.46,102.08,139320.122,SOL-USD,6h
2022-04-17 00:00:00,101.03,102.39,102.08,101.97,62247.597,SOL-USD,6h
2022-04-17 06:00:00,101.65,102.54,101.98,102.48,30426.436,SOL-USD,6h
2022-04-17 12:00:00,102.34,105.47,102.48,103.8,164771.563,SOL-USD,6h
2022-04-17 18:00:00,99.66,104.6,103.8,100.18,251487.596,SOL-USD,6h
2022-04-18 00:00:00,95.03,101.77,100.15,96.97,285508.481,SOL-USD,6h
2022-04-18 06:00:00,94.69,97.76,96.91,96.84,135845.427,SOL-USD,6h
2022-04-18 12:00:00,96.81,101.17,96.83,101.02,305385.486,SOL-USD,6h
2022-04-18 18:00:00,100.49,102.68,101.06,102.39,246524.325,SOL-USD,6h
2022-04-19 00:00:00,101.08,103.76,102.36,101.5,184518.879,SOL-USD,6h
2022-04-19 06:00:00,101.32,103.56,101.53,102.38,108323.795,SOL-USD,6h
2022-04-19 12:00:00,102.28,108.6,102.33,106.24,465745.66,SOL-USD,6h
2022-04-19 18:00:00,105.77,108.88,106.24,108.55,259458.646,SOL-USD,6h
2022-04-20 00:00:00,107.0,109.5,108.53,108.03,193962.468,SOL-USD,6h
2022-04-20 06:00:00,106.61,110.95,108.05,110.48,184913.612,SOL-USD,6h
2022-04-20 12:00:00,104.69,110.8,110.48,106.45,418830.724,SOL-USD,6h
2022-04-20 18:00:00,104.27,107.61,106.45,105.59,225660.142,SOL-USD,6h
2022-04-21 00:00:00,105.4,107.63,105.6,105.88,216704.532,SOL-USD,6h
2022-04-21 06:00:00,105.3,109.02,105.89,108.38,210721.744,SOL-USD,6h
2022-04-21 12:00:00,105.43,110.0,108.35,106.15,482403.851,SOL-USD,6h
2022-04-21 18:00:00,99.93,106.64,106.12,101.78,523045.305,SOL-USD,6h
2022-04-22 00:00:00,101.44,103.43,101.78,103.05,225069.503,SOL-USD,6h
2022-04-22 06:00:00,100.08,103.55,103.05,102.25,159474.994,SOL-USD,6h
2022-04-22 12:00:00,99.18,102.81,102.22,100.19,325098.316,SOL-USD,6h
2022-04-22 18:00:00,99.85,101.99,100.19,100.55,132358.516,SOL-USD,6h
2022-04-23 00:00:00,98.38,101.05,100.54,100.21,135615.971,SOL-USD,6h
2022-04-23 06:00:00,100.04,102.06,100.22,101.59,70546.598,SOL-USD,6h
2022-04-23 12:00:00,100.83,102.94,101.62,102.58,103543.723,SOL-USD,6h
2022-04-23 18:00:00,100.29,102.72,102.56,100.66,90556.167,SOL-USD,6h
2022-04-24 00:00:00,100.25,101.88,100.66,101.5,80738.0,SOL-USD,6h
2022-04-24 06:00:00,100.83,102.26,101.52,101.11,46166.07,SOL-USD,6h
2022-04-24 12:00:00,98.62,101.55,101.11,99.28,158683.077,SOL-USD,6h
2022-04-24 18:00:00,99.03,101.28,99.29,99.25,101195.18,SOL-USD,6h
2022-04-25 00:00:00,96.22,99.46,99.26,97.2,231740.55,SOL-USD,6h
2022-04-25 06:00:00,94.42,97.43,97.26,96.74,186965.042,SOL-USD,6h
2022-04-25 12:00:00,95.88,99.29,96.79,98.83,235641.895,SOL-USD,6h
2022-04-25 18:00:00,98.41,101.64,98.83,100.99,215132.286,SOL-USD,6h
2022-04-26 00:00:00,100.24,102.0,100.99,101.24,106958.78,SOL-USD,6h
2022-04-26 06:00:00,99.75,101.57,101.23,100.51,110172.944,SOL-USD,6h
2022-04-26 12:00:00,96.0,101.1,100.52,97.56,283251.526,SOL-USD,6h
2022-04-26 18:00:00,94.66,97.75,97.53,95.74,249646.546,SOL-USD,6h
2022-04-27 00:00:00,94.9,97.87,95.74,97.32,136298.718,SOL-USD,6h
2022-04-27 06:00:00,97.28,100.14,97.32,99.2,170055.403,SOL-USD,6h
2022-04-27 12:00:00,96.85,100.76,99.21,98.26,293829.584,SOL-USD,6h
2022-04-27 18:00:00,96.8,98.89,98.22,98.35,147463.288,SOL-USD,6h
2022-04-28 00:00:00,97.98,99.94,98.35,98.92,119904.589,SOL-USD,6h
2022-04-28 06:00:00,98.57,100.55,98.93,99.89,98226.247,SOL-USD,6h
2022-04-28 12:00:00,96.32,100.1,99.89,100.06,269989.423,SOL-USD,6h
2022-04-28 18:00:00,97.27,100.2,100.05,98.22,218935.529,SOL-USD,6h
2022-04-29 00:00:00,96.76,98.67,98.2,97.53,109897.844,SOL-USD,6h
2022-04-29 06:00:00,95.09,98.02,97.53,95.62,143842.615,SOL-USD,6h
2022-04-29 12:00:00,94.16,97.0,95.61,94.94,287822.934,SOL-USD,6h
2022-04-29 18:00:00,92.28,95.1,94.94,93.91,296711.594,SOL-USD,6h
2022-04-30 00:00:00,93.65,94.96,93.91,94.75,98794.834,SOL-USD,6h
2022-04-30 06:00:00,93.6,94.84,94.78,93.85,61400.405,SOL-USD,6h
2022-04-30 12:00:00,90.32,94.21,93.86,90.55,197271.374,SOL-USD,6h
2022-04-30 18:00:00,82.08,91.8,90.53,84.69,448129.273,SOL-USD,6h
2022-05-01 00:00:00,84.19,89.93,84.69,89.35,348391.383,SOL-USD,6h
2022-05-01 06:00:00,87.75,89.92,89.34,88.26,133720.087,SOL-USD,6h
2022-05-01 12:00:00,87.01,93.11,88.24,89.85,273512.286,SOL-USD,6h
2022-05-01 18:00:00,87.05,90.46,89.84,89.65,215094.469,SOL-USD,6h
2022-05-02 00:00:00,88.66,90.88,89.65,90.3,154720.472,SOL-USD,6h
2022-05-02 06:00:00,86.25,90.77,90.33,86.76,161355.407,SOL-USD,6h
2022-05-02 12:00:00,85.07,88.93,86.73,85.68,385969.204,SOL-USD,6h
2022-05-02 18:00:00,85.06,88.46,85.66,87.45,226264.619,SOL-USD,6h
2022-05-03 00:00:00,86.67,88.79,87.47,88.67,124444.167,SOL-USD,6h
2022-05-03 06:00:00,87.2,88.78,88.65,88.46,73697.515,SOL-USD,6h
2022-05-03 12:00:00,86.17,88.57,88.45,86.43,206276.366,SOL-USD,6h
2022-05-03 18:00:00,84.47,86.58,86.4,85.85,232876.162,SOL-USD,6h
2022-05-04 00:00:00,85.46,86.77,85.85,85.93,88702.554,SOL-USD,6h
2022-05-04 06:00:00,85.9,88.73,85.93,88.47,114410.01,SOL-USD,6h
2022-05-04 12:00:00,86.25,88.74,88.45,86.94,268725.364,SOL-USD,6h
2022-05-04 18:00:00,86.5,93.08,86.93,92.76,483287.854,SOL-USD,6h
2022-05-05 00:00:00,92.69,95.18,92.76,93.31,244713.878,SOL-USD,6h
2022-05-05 06:00:00,92.03,93.91,93.31,92.27,116998.757,SOL-USD,6h
2022-05-05 12:00:00,82.88,92.97,92.27,83.13,615893.704,SOL-USD,6h
2022-05-05 18:00:00,81.24,85.38,83.12,84.52,487799.753,SOL-USD,6h
2022-05-06 00:00:00,81.28,84.82,84.52,83.15,419085.631,SOL-USD,6h
2022-05-06 06:00:00,80.37,83.59,83.14,81.22,308449.018,SOL-USD,6h
2022-05-06 12:00:00,80.0,83.19,81.22,81.56,657809.817,SOL-USD,6h
2022-05-06 18:00:00,80.96,82.4,81.53,81.66,219381.867,SOL-USD,6h
2022-05-07 00:00:00,79.08,81.95,81.66,80.84,174446.218,SOL-USD,6h
2022-05-07 06:00:00,79.35,82.0,80.84,81.77,119954.021,SOL-USD,6h
2022-05-07 12:00:00,80.85,82.3,81.75,81.43,182067.135,SOL-USD,6h
2022-05-07 18:00:00,77.12,81.94,81.41,78.83,304830.492,SOL-USD,6h
2022-05-08 00:00:00,75.9,79.39,78.85,77.68,403669.313,SOL-USD,6h
2022-05-08 06:00:00,77.67,79.33,77.71,79.08,105986.103,SOL-USD,6h
2022-05-08 12:00:00,73.68,79.3,79.05,75.01,402071.546,SOL-USD,6h
2022-05-08 18:00:00,74.53,76.83,75.02,75.34,254586.279,SOL-USD,6h
2022-05-09 00:00:00,73.71,77.19,75.33,74.37,309777.599,SOL-USD,6h
2022-05-09 06:00:00,70.71,75.24,74.35,72.27,386835.169,SOL-USD,6h
2022-05-09 12:00:00,65.01,73.09,72.27,67.05,1300806.398,SOL-USD,6h
2022-05-09 18:00:00,61.69,68.47,67.02,62.13,1290738.994,SOL-USD,6h
2022-05-10 00:00:00,60.06,71.95,62.11,70.95,1312959.707,SOL-USD,6h
2022-05-10 06:00:00,68.43,72.98,70.93,71.63,642855.766,SOL-USD,6h
2022-05-10 12:00:00,67.23,74.09,71.6,70.81,1073705.699,SOL-USD,6h
2022-05-10 18:00:00,63.19,70.87,70.81,66.86,926137.382,SOL-USD,6h
2022-05-11 00:00:00,64.97,68.42,66.88,65.91,598370.032,SOL-USD,6h
2022-05-11 06:00:00,60.69,66.43,65.88,61.39,769261.381,SOL-USD,6h
2022-05-11 12:00:00,48.0,63.9,61.4,51.98,2288735.106,SOL-USD,6h
2022-05-11 18:00:00,43.1,52.58,51.95,50.82,2495272.217,SOL-USD,6h
2022-05-12 00:00:00,40.2,55.77,50.81,41.64,1884637.619,SOL-USD,6h
2022-05-12 06:00:00,36.34,47.24,41.68,43.68,1214402.182,SOL-USD,6h
2022-05-12 12:00:00,42.36,49.3,43.67,44.97,1371366.2,SOL-USD,6h
2022-05-12 18:00:00,41.33,45.73,45.0,44.65,1135955.895,SOL-USD,6h
2022-05-13 00:00:00,43.82,54.0,44.65,52.23,1087467.327,SOL-USD,6h
2022-05-13 06:00:00,48.78,53.28,52.28,53.21,728622.528,SOL-USD,6h
2022-05-13 12:00:00,49.93,57.0,53.27,49.97,1471974.845,SOL-USD,6h
2022-05-13 18:00:00,48.12,52.4,49.96,48.89,832647.249,SOL-USD,6h
2022-05-14 00:00:00,48.57,53.8,48.89,51.8,467831.461,SOL-USD,6h
2022-05-14 06:00:00,47.32,52.33,51.83,47.92,316859.205,SOL-USD,6h
2022-05-14 12:00:00,45.82,49.06,47.94,48.74,649451.124,SOL-USD,6h
2022-05-14 18:00:00,48.42,52.88,48.75,52.37,458038.109,SOL-USD,6h
2022-05-15 00:00:00,49.56,52.64,52.39,50.95,391702.744,SOL-USD,6h
2022-05-15 06:00:00,50.54,53.62,50.96,53.43,232444.051,SOL-USD,6h
2022-05-15 12:00:00,52.16,54.73,53.42,54.4,399055.234,SOL-USD,6h
2022-05-15 18:00:00,53.69,59.24,54.41,58.82,748331.729,SOL-USD,6h
2022-05-16 00:00:00,54.73,58.78,58.78,55.5,538070.239,SOL-USD,6h
2022-05-16 06:00:00,52.48,55.5,55.5,53.76,401003.608,SOL-USD,6h
2022-05-16 12:00:00,51.76,55.49,53.78,54.66,657844.547,SOL-USD,6h
2022-05-16 18:00:00,53.03,55.76,54.69,53.69,536344.014,SOL-USD,6h
2022-05-17 00:00:00,53.59,56.98,53.74,56.81,347564.757,SOL-USD,6h
2022-05-17 06:00:00,55.34,57.62,56.82,55.62,243936.169,SOL-USD,6h
2022-05-17 12:00:00,53.97,58.19,55.58,54.79,553805.551,SOL-USD,6h
2022-05-17 18:00:00,53.0,57.57,54.8,57.02,607092.435,SOL-USD,6h
2022-05-18 00:00:00,54.81,57.82,56.98,55.9,359859.256,SOL-USD,6h
2022-05-18 06:00:00,53.77,56.2,55.9,54.18,283706.843,SOL-USD,6h
2022-05-18 12:00:00,49.61,54.28,54.16,50.58,1046350.194,SOL-USD,6h
2022-05-18 18:00:00,49.36,52.03,50.59,49.87,535919.731,SOL-USD,6h
2022-05-19 00:00:00,48.2,51.44,49.86,50.36,538024.816,SOL-USD,6h
2022-05-19 06:00:00,48.19,52.19,50.35,51.14,619220.732,SOL-USD,6h
2022-05-19 12:00:00,50.25,54.0,51.2,53.08,890729.525,SOL-USD,6h
2022-05-19 18:00:00,50.65,53.37,53.05,52.13,414558.307,SOL-USD,6h
2022-05-20 00:00:00,50.55,53.5,52.14,52.04,421596.547,SOL-USD,6h
2022-05-20 06:00:00,50.62,53.59,51.97,53.14,374412.148,SOL-USD,6h
2022-05-20 12:00:00,47.75,53.19,53.13,49.0,1000706.517,SOL-USD,6h
2022-05-20 18:00:00,48.3,50.75,48.98,49.37,521710.799,SOL-USD,6h
2022-05-21 00:00:00,48.35,50.18,49.37,49.63,251630.518,SOL-USD,6h
2022-05-21 06:00:00,48.89,50.31,49.67,49.39,234906.334,SOL-USD,6h
2022-05-21 12:00:00,48.91,51.17,49.38,50.02,365743.63,SOL-USD,6h
2022-05-21 18:00:00,49.39,50.58,50.01,50.25,176675.431,SOL-USD,6h
2022-05-22 00:00:00,49.62,50.67,50.24,50.03,174766.852,SOL-USD,6h
2022-05-22 06:00:00,49.81,51.97,50.02,51.43,252100.014,SOL-USD,6h
2022-05-22 12:00:00,51.08,52.87,51.42,51.37,363948.241,SOL-USD,6h
2022-05-22 18:00:00,51.11,53.11,51.36,52.44,270080.226,SOL-USD,6h
2022-05-23 00:00:00,51.75,53.13,52.42,52.38,202627.585,SOL-USD,6h
2022-05-23 06:00:00,52.29,54.65,52.4,53.96,339872.144,SOL-USD,6h
2022-05-23 12:00:00,52.18,54.63,53.97,52.91,667951.247,SOL-USD,6h
2022-05-23 18:00:00,48.57,53.19,52.88,49.11,811441.653,SOL-USD,6h
2022-05-24 00:00:00,48.84,50.3,49.11,49.68,324405.424,SOL-USD,6h
2022-05-24 06:00:00,48.6,50.01,49.68,49.48,377296.893,SOL-USD,6h
2022-05-24 12:00:00,47.01,50.8,49.46,49.42,1267359.838,SOL-USD,6h
2022-05-24 18:00:00,48.58,50.08,49.42,49.64,623059.715,SOL-USD,6h
2022-05-25 00:00:00,48.95,50.5,49.62,49.13,314964.334,SOL-USD,6h
2022-05-25 06:00:00,47.51,49.34,49.12,47.64,350122.325,SOL-USD,6h
2022-05-25 12:00:00,47.52,48.84,47.62,48.31,448877.786,SOL-USD,6h
2022-05-25 18:00:00,47.79,49.1,48.3,47.94,426264.793,SOL-USD,6h
2022-05-26 00:00:00,46.34,48.6,47.91,46.72,345031.84,SOL-USD,6h
2022-05-26 06:00:00,43.09,46.83,46.72,43.69,824917.085,SOL-USD,6h
2022-05-26 12:00:00,41.65,46.68,43.68,45.9,1367404.382,SOL-USD,6h
2022-05-26 18:00:00,43.26,45.92,45.89,43.42,555098.003,SOL-USD,6h
2022-05-27 00:00:00,39.93,43.91,43.4,40.52,1491851.348,SOL-USD,6h
2022-05-27 06:00:00,40.03,42.26,40.51,41.58,890780.874,SOL-USD,6h
2022-05-27 12:00:00,40.83,43.58,41.57,41.02,1036563.337,SOL-USD,6h
2022-05-27 18:00:00,40.38,42.58,41.02,41.09,589881.212,SOL-USD,6h
2022-05-28 00:00:00,40.19,42.43,41.13,42.08,551449.875,SOL-USD,6h
2022-05-28 06:00:00,41.08,42.14,42.08,41.57,308967.578,SOL-USD,6h
2022-05-28 12:00:00,41.43,43.74,41.55,42.97,559306.412,SOL-USD,6h
2022-05-28 18:00:00,42.89,45.04,42.97,44.2,421174.585,SOL-USD,6h
2022-05-29 00:00:00,41.76,44.38,44.18,42.39,611342.695,SOL-USD,6h
2022-05-29 06:00:00,42.21,44.15,42.39,44.02,667777.528,SOL-USD,6h
2022-05-29 12:00:00,44.04,45.62,44.04,44.53,603318.699,SOL-USD,6h
2022-05-29 18:00:00,44.0,45.12,44.52,44.91,426874.943,SOL-USD,6h
2022-05-30 00:00:00,44.22,46.66,44.94,46.39,739140.867,SOL-USD,6h
2022-05-30 06:00:00,45.83,47.34,46.41,46.03,592721.351,SOL-USD,6h
2022-05-30 12:00:00,44.88,46.63,46.02,46.1,723618.614,SOL-USD,6h
2022-05-30 18:00:00,45.34,48.37,46.08,47.2,762703.248,SOL-USD,6h
2022-05-31 00:00:00,46.17,48.18,47.18,47.33,640518.002,SOL-USD,6h
2022-05-31 06:00:00,45.86,47.49,47.31,46.56,633339.551,SOL-USD,6h
2022-05-31 12:00:00,44.53,46.79,46.56,46.16,1141085.753,SOL-USD,6h
2022-05-31 18:00:00,45.12,46.35,46.15,45.75,424873.997,SOL-USD,6h
2022-06-01 00:00:00,44.29,46.16,45.75,44.73,456749.563,SOL-USD,6h
2022-06-01 06:00:00,44.17,45.25,44.73,44.55,317385.487,SOL-USD,6h
2022-06-01 12:00:00,41.2,45.64,44.56,41.73,1220297.402,SOL-USD,6h
2022-06-01 18:00:00,39.56,41.9,41.73,40.1,984820.809,SOL-USD,6h
2022-06-02 00:00:00,38.1,40.24,40.1,39.28,975497.815,SOL-USD,6h
2022-06-02 06:00:00,39.08,41.18,39.27,41.02,526145.372,SOL-USD,6h
2022-06-02 12:00:00,39.61,41.21,41.01,40.43,932796.446,SOL-USD,6h
2022-06-02 18:00:00,39.87,41.61,40.43,40.82,597073.676,SOL-USD,6h
2022-06-03 00:00:00,40.4,41.51,40.83,40.98,456375.35,SOL-USD,6h
2022-06-03 06:00:00,37.92,41.03,40.97,38.23,720969.682,SOL-USD,6h
2022-06-03 12:00:00,37.59,38.67,38.24,37.97,906392.929,SOL-USD,6h
2022-06-03 18:00:00,37.78,38.94,37.95,38.23,602462.891,SOL-USD,6h
2022-06-04 00:00:00,35.66,38.35,38.24,37.1,871752.962,SOL-USD,6h
2022-06-04 06:00:00,36.83,37.86,37.09,36.97,261693.026,SOL-USD,6h
2022-06-04 12:00:00,36.52,38.24,36.97,37.69,607757.136,SOL-USD,6h
2022-06-04 18:00:00,37.41,39.48,37.69,38.99,450526.292,SOL-USD,6h
2022-06-05 00:00:00,37.81,39.46,38.98,38.67,294170.441,SOL-USD,6h
2022-06-05 06:00:00,38.48,39.92,38.67,39.41,429979.201,SOL-USD,6h
2022-06-05 12:00:00,38.72,40.21,39.42,39.69,422987.97,SOL-USD,6h
2022-06-05 18:00:00,38.29,40.05,39.69,38.49,592537.31,SOL-USD,6h
2022-06-06 00:00:00,38.29,42.03,38.48,41.56,1068499.899,SOL-USD,6h
2022-06-06 06:00:00,41.47,44.84,41.57,43.89,908668.426,SOL-USD,6h
2022-06-06 12:00:00,41.6,44.1,43.89,42.14,1171364.445,SOL-USD,6h
2022-06-06 18:00:00,41.07,43.2,42.14,42.35,644069.991,SOL-USD,6h
2022-06-07 00:00:00,38.68,42.5,42.35,39.14,1227122.18,SOL-USD,6h
2022-06-07 06:00:00,37.4,39.64,39.15,38.05,583019.196,SOL-USD,6h
2022-06-07 12:00:00,37.63,39.66,38.04,39.12,768100.133,SOL-USD,6h
2022-06-07 18:00:00,38.36,41.34,39.13,39.28,1041237.742,SOL-USD,6h
2022-06-08 00:00:00,38.26,40.92,39.29,39.27,836825.606,SOL-USD,6h
2022-06-08 06:00:00,38.6,39.72,39.27,39.28,383813.845,SOL-USD,6h
2022-06-08 12:00:00,38.71,40.13,39.28,39.21,675371.262,SOL-USD,6h
2022-06-08 18:00:00,38.39,39.38,39.18,38.79,400136.949,SOL-USD,6h
2022-06-09 00:00:00,38.41,39.25,38.81,39.06,371294.867,SOL-USD,6h
2022-06-09 06:00:00,38.88,41.92,39.05,41.18,624091.069,SOL-USD,6h
2022-06-09 12:00:00,39.8,42.04,41.18,40.92,684551.222,SOL-USD,6h
2022-06-09 18:00:00,39.35,41.0,40.91,39.93,392069.534,SOL-USD,6h
2022-06-10 00:00:00,39.0,40.88,39.92,40.49,412407.567,SOL-USD,6h
2022-06-10 06:00:00,38.86,40.69,40.48,39.29,354911.804,SOL-USD,6h
2022-06-10 12:00:00,36.96,39.69,39.29,37.35,1114503.043,SOL-USD,6h
2022-06-10 18:00:00,36.71,38.05,37.33,37.14,477015.403,SOL-USD,6h
2022-06-11 00:00:00,36.95,37.9,37.14,37.2,230505.842,SOL-USD,6h
2022-06-11 06:00:00,35.1,37.75,37.18,35.44,507601.91,SOL-USD,6h
2022-06-11 12:00:00,33.14,35.75,35.43,33.88,1074163.235,SOL-USD,6h
2022-06-11 18:00:00,33.58,34.77,33.87,33.91,445361.263,SOL-USD,6h
2022-06-12 00:00:00,31.04,34.29,33.9,31.71,952211.478,SOL-USD,6h
2022-06-12 06:00:00,31.68,33.8,31.71,32.7,490391.237,SOL-USD,6h
2022-06-12 12:00:00,31.34,34.62,32.71,33.35,836600.234,SOL-USD,6h
2022-06-12 18:00:00,30.52,33.42,33.35,30.56,751607.893,SOL-USD,6h
2022-06-13 00:00:00,27.62,31.07,30.55,27.79,1955839.553,SOL-USD,6h
2022-06-13 06:00:00,26.0,28.6,27.78,26.77,2049969.701,SOL-USD,6h
2022-06-13 12:00:00,26.06,29.4,26.76,28.12,2103139.28,SOL-USD,6h
2022-06-13 18:00:00,26.95,29.82,28.09,28.58,1359706.238,SOL-USD,6h
2022-06-14 00:00:00,25.84,30.93,28.56,30.41,2095779.911,SOL-USD,6h
2022-06-14 06:00:00,28.6,32.23,30.41,29.04,1057572.772,SOL-USD,6h
2022-06-14 12:00:00,28.34,31.36,29.06,29.34,1531915.543,SOL-USD,6h
2022-06-14 18:00:00,28.0,30.07,29.34,29.54,857841.389,SOL-USD,6h
2022-06-15 00:00:00,27.33,30.28,29.55,28.0,875967.277,SOL-USD,6h
2022-06-15 06:00:00,26.74,29.16,27.98,28.84,1082120.636,SOL-USD,6h
2022-06-15 12:00:00,28.36,29.96,28.88,29.63,1053991.891,SOL-USD,6h
2022-06-15 18:00:00,28.07,34.79,29.65,34.72,2278685.383,SOL-USD,6h
2022-06-16 00:00:00,33.44,36.0,34.72,33.64,966714.308,SOL-USD,6h
2022-06-16 06:00:00,30.68,33.83,33.62,31.24,869778.197,SOL-USD,6h
2022-06-16 12:00:00,30.01,32.67,31.24,31.68,1439182.31,SOL-USD,6h
2022-06-16 18:00:00,29.5,32.52,31.69,30.1,908032.859,SOL-USD,6h
2022-06-17 00:00:00,29.23,31.37,30.07,30.85,826460.808,SOL-USD,6h
2022-06-17 06:00:00,30.5,32.1,30.84,31.55,446072.577,SOL-USD,6h
2022-06-17 12:00:00,30.76,32.03,31.53,31.56,732291.779,SOL-USD,6h
2022-06-17 18:00:00,30.53,32.09,31.58,30.69,514688.657,SOL-USD,6h
2022-06-18 00:00:00,29.74,31.28,30.69,30.03,352425.984,SOL-USD,6h
2022-06-18 06:00:00,27.79,30.65,30.05,29.96,758356.112,SOL-USD,6h
2022-06-18 12:00:00,29.3,30.6,29.95,29.52,503298.327,SOL-USD,6h
2022-06-18 18:00:00,27.1,32.04,29.52,32.01,1510380.432,SOL-USD,6h
2022-06-19 00:00:00,29.01,32.38,32.03,29.27,655254.136,SOL-USD,6h
2022-06-19 06:00:00,28.67,32.98,29.27,32.36,551910.662,SOL-USD,6h
2022-06-19 12:00:00,31.47,33.6,32.38,32.27,590023.34,SOL-USD,6h
2022-06-19 18:00:00,32.22,35.32,32.25,34.15,809416.816,SOL-USD,6h
2022-06-20 00:00:00,31.67,34.51,34.16,32.32,665020.929,SOL-USD,6h
2022-06-20 06:00:00,31.79,36.86,32.3,36.27,786379.6,SOL-USD,6h
2022-06-20 12:00:00,34.13,36.67,36.28,34.33,860200.685,SOL-USD,6h
2022-06-20 18:00:00,33.72,35.72,34.31,35.22,689891.866,SOL-USD,6h
2022-06-21 00:00:00,34.18,37.45,35.22,37.14,800438.939,SOL-USD,6h
2022-06-21 06:00:00,34.95,38.51,37.13,37.11,574179.219,SOL-USD,6h
2022-06-21 12:00:00,36.91,39.2,37.11,37.26,796390.003,SOL-USD,6h
2022-06-21 18:00:00,35.55,37.89,37.25,36.36,639321.205,SOL-USD,6h
2022-06-22 00:00:00,34.24,36.68,36.39,34.55,637289.196,SOL-USD,6h
2022-06-22 06:00:00,33.59,36.1,34.56,35.44,655067.729,SOL-USD,6h
2022-06-22 12:00:00,34.1,36.86,35.45,34.9,936699.66,SOL-USD,6h
2022-06-22 18:00:00,33.83,35.13,34.89,34.1,502456.769,SOL-USD,6h
2022-06-23 00:00:00,33.89,36.23,34.11,35.87,519642.46,SOL-USD,6h
2022-06-23 06:00:00,35.68,37.41,35.86,36.89,559443.459,SOL-USD,6h
2022-06-23 12:00:00,36.06,38.43,36.86,37.37,908439.507,SOL-USD,6h
2022-06-23 18:00:00,36.4,38.6,37.34,38.13,793320.938,SOL-USD,6h
2022-06-24 00:00:00,37.64,39.58,38.13,38.12,598309.14,SOL-USD,6h
2022-06-24 06:00:00,37.71,40.47,38.17,40.26,465256.954,SOL-USD,6h
2022-06-24 12:00:00,39.39,41.29,40.26,39.69,717652.139,SOL-USD,6h
2022-06-24 18:00:00,39.63,42.9,39.71,41.88,779267.87,SOL-USD,6h
2022-06-25 00:00:00,40.65,42.44,41.85,41.28,451816.602,SOL-USD,6h
2022-06-25 06:00:00,41.04,42.6,41.27,41.82,235984.239,SOL-USD,6h
2022-06-25 12:00:00,39.71,42.03,41.81,40.26,456656.27,SOL-USD,6h
2022-06-25 18:00:00,40.01,42.56,40.25,42.2,405293.217,SOL-USD,6h
2022-06-26 00:00:00,40.72,42.46,42.22,41.16,361568.165,SOL-USD,6h
2022-06-26 06:00:00,40.5,42.18,41.14,42.06,276365.667,SOL-USD,6h
2022-06-26 12:00:00,39.9,42.44,42.07,40.27,470574.156,SOL-USD,6h
2022-06-26 18:00:00,39.15,41.39,40.25,39.39,719111.167,SOL-USD,6h
2022-06-27 00:00:00,38.83,40.67,39.39,39.96,438185.579,SOL-USD,6h
2022-06-27 06:00:00,39.61,41.25,39.95,40.3,331700.092,SOL-USD,6h
2022-06-27 12:00:00,38.15,40.45,40.3,38.4,760781.056,SOL-USD,6h
2022-06-27 18:00:00,37.85,39.17,38.4,38.5,440583.554,SOL-USD,6h
2022-06-28 00:00:00,36.94,38.93,38.46,37.67,488252.476,SOL-USD,6h
2022-06-28 06:00:00,37.68,39.69,37.68,39.19,379790.562,SOL-USD,6h
2022-06-28 12:00:00,36.19,39.86,39.17,36.34,742562.734,SOL-USD,6h
2022-06-28 18:00:00,35.04,36.64,36.32,35.3,863234.958,SOL-USD,6h
2022-06-29 00:00:00,34.67,36.07,35.29,35.1,586420.124,SOL-USD,6h
2022-06-29 06:00:00,34.25,35.71,35.11,34.88,634141.811,SOL-USD,6h
2022-06-29 12:00:00,33.04,35.11,34.89,34.06,914492.674,SOL-USD,6h
2022-06-29 18:00:00,33.47,35.1,34.07,33.95,880086.233,SOL-USD,6h
2022-06-30 00:00:00,32.21,34.16,34.03,32.42,627552.474,SOL-USD,6h
2022-06-30 06:00:00,31.18,32.56,32.43,31.62,904146.202,SOL-USD,6h
2022-06-30 12:00:00,30.79,32.82,31.61,32.21,844795.167,SOL-USD,6h
2022-06-30 18:00:00,31.44,33.89,32.22,33.74,859572.09,SOL-USD,6h
2022-07-01 00:00:00,32.29,35.38,33.75,32.57,1201618.283,SOL-USD,6h
2022-07-01 06:00:00,31.78,33.54,32.56,32.29,601635.03,SOL-USD,6h
2022-07-01 12:00:00,31.99,33.22,32.29,33.11,887450.594,SOL-USD,6h
2022-07-01 18:00:00,32.52,34.03,33.11,32.82,510201.948,SOL-USD,6h
2022-07-02 00:00:00,32.03,33.4,32.81,32.46,468436.954,SOL-USD,6h
2022-07-02 06:00:00,31.82,32.85,32.46,32.73,235273.893,SOL-USD,6h
2022-07-02 12:00:00,32.56,33.39,32.75,33.13,258941.631,SOL-USD,6h
2022-07-02 18:00:00,32.85,34.1,33.11,33.33,249614.81,SOL-USD,6h
2022-07-03 00:00:00,32.29,33.65,33.33,32.62,289270.468,SOL-USD,6h
2022-07-03 06:00:00,32.43,33.09,32.62,32.86,122983.758,SOL-USD,6h
2022-07-03 12:00:00,32.11,32.97,32.86,32.68,191128.258,SOL-USD,6h
2022-07-03 18:00:00,32.56,33.64,32.68,33.36,240724.385,SOL-USD,6h
2022-07-04 00:00:00,32.4,33.83,33.35,32.85,256205.298,SOL-USD,6h
2022-07-04 06:00:00,32.56,34.36,32.83,34.36,245688.361,SOL-USD,6h
2022-07-04 12:00:00,33.71,35.12,34.36,34.88,503835.633,SOL-USD,6h
2022-07-04 18:00:00,34.48,36.92,34.88,36.69,600779.768,SOL-USD,6h
2022-07-05 00:00:00,35.13,36.94,36.68,35.91,588213.511,SOL-USD,6h
2022-07-05 06:00:00,33.71,36.24,35.87,33.93,472542.001,SOL-USD,6h
2022-07-05 12:00:00,33.1,34.21,33.93,34.05,802222.823,SOL-USD,6h
2022-07-05 18:00:00,33.83,36.42,34.04,35.37,908507.799,SOL-USD,6h
2022-07-06 00:00:00,34.74,36.41,35.37,35.89,608211.954,SOL-USD,6h
2022-07-06 06:00:00,35.24,36.64,35.89,35.58,300588.311,SOL-USD,6h
2022-07-06 12:00:00,35.29,36.48,35.58,36.15,555226.661,SOL-USD,6h
2022-07-06 18:00:00,35.72,37.61,36.14,37.01,713587.09,SOL-USD,6h
2022-07-07 00:00:00,36.43,37.4,37.02,36.54,392347.2,SOL-USD,6h
2022-07-07 06:00:00,36.35,37.41,36.54,37.25,223127.57,SOL-USD,6h
2022-07-07 12:00:00,36.75,39.25,37.24,38.28,703995.196,SOL-USD,6h
2022-07-07 18:00:00,38.1,39.29,38.29,38.43,611259.788,SOL-USD,6h
2022-07-08 00:00:00,37.64,39.7,38.45,37.9,512208.028,SOL-USD,6h
2022-07-08 06:00:00,36.58,38.03,37.89,37.2,385383.769,SOL-USD,6h
2022-07-08 12:00:00,36.42,38.98,37.19,38.69,831357.063,SOL-USD,6h
2022-07-08 18:00:00,37.99,39.32,38.69,38.1,374811.835,SOL-USD,6h
2022-07-09 00:00:00,37.77,38.84,38.12,38.28,318285.597,SOL-USD,6h
2022-07-09 06:00:00,38.03,38.83,38.3,38.17,193196.34,SOL-USD,6h
2022-07-09 12:00:00,37.73,38.74,38.18,38.61,249890.612,SOL-USD,6h
2022-07-09 18:00:00,37.95,38.91,38.61,38.08,241814.264,SOL-USD,6h
2022-07-10 00:00:00,37.07,38.17,38.05,37.47,265615.841,SOL-USD,6h
2022-07-10 06:00:00,36.63,37.49,37.48,36.9,140030.564,SOL-USD,6h
2022-07-10 12:00:00,36.15,37.17,36.9,36.98,245614.017,SOL-USD,6h
2022-07-10 18:00:00,36.49,37.41,36.99,36.69,211562.163,SOL-USD,6h
2022-07-11 00:00:00,35.3,36.73,36.69,35.34,546423.945,SOL-USD,6h
2022-07-11 06:00:00,34.75,35.63,35.34,35.11,353200.02,SOL-USD,6h
2022-07-11 12:00:00,34.58,35.76,35.1,35.56,437238.167,SOL-USD,6h
2022-07-11 18:00:00,33.22,35.65,35.56,33.41,523602.638,SOL-USD,6h
2022-07-12 00:00:00,33.24,34.1,33.4,33.86,388917.425,SOL-USD,6h
2022-07-12 06:00:00,33.11,34.14,33.87,33.9,262441.413,SOL-USD,6h
2022-07-12 12:00:00,33.7,34.58,33.89,34.11,456374.599,SOL-USD,6h
2022-07-12 18:00:00,32.57,34.14,34.13,32.66,433139.955,SOL-USD,6h
2022-07-13 00:00:00,32.35,33.39,32.66,33.21,230462.204,SOL-USD,6h
2022-07-13 06:00:00,33.1,34.11,33.23,33.94,282499.548,SOL-USD,6h
2022-07-13 12:00:00,31.75,34.45,33.94,33.9,1242398.907,SOL-USD,6h
2022-07-13 18:00:00,33.46,35.07,33.9,34.94,579270.084,SOL-USD,6h
2022-07-14 00:00:00,34.31,35.3,34.93,34.44,490302.879,SOL-USD,6h
2022-07-14 06:00:00,33.55,34.5,34.44,33.79,432316.868,SOL-USD,6h
2022-07-14 12:00:00,33.57,36.73,33.78,36.61,1079160.795,SOL-USD,6h
2022-07-14 18:00:00,36.32,37.28,36.61,37.12,805758.982,SOL-USD,6h
2022-07-15 00:00:00,36.54,37.86,37.11,37.17,475813.499,SOL-USD,6h
2022-07-15 06:00:00,36.49,38.48,37.17,37.71,514929.883,SOL-USD,6h
2022-07-15 12:00:00,37.06,38.62,37.71,37.1,653421.551,SOL-USD,6h
2022-07-15 18:00:00,36.99,39.09,37.1,37.37,663676.944,SOL-USD,6h
2022-07-16 00:00:00,36.69,37.52,37.36,36.78,323299.325,SOL-USD,6h
2022-07-16 06:00:00,36.35,36.9,36.79,36.74,217564.036,SOL-USD,6h
2022-07-16 12:00:00,36.61,40.55,36.74,39.36,905812.379,SOL-USD,6h
2022-07-16 18:00:00,38.81,40.19,39.36,39.6,505062.873,SOL-USD,6h
2022-07-17 00:00:00,39.27,40.49,39.57,39.99,517449.702,SOL-USD,6h
2022-07-17 06:00:00,39.29,41.08,39.97,39.76,438693.68,SOL-USD,6h
2022-07-17 12:00:00,38.28,39.89,39.77,38.46,601180.799,SOL-USD,6h
2022-07-17 18:00:00,38.31,39.57,38.45,38.63,426594.046,SOL-USD,6h
2022-07-18 00:00:00,38.54,42.12,38.59,41.96,750014.281,SOL-USD,6h
2022-07-18 06:00:00,41.29,42.68,41.95,41.62,548034.817,SOL-USD,6h
2022-07-18 12:00:00,40.6,42.57,41.63,40.68,842712.117,SOL-USD,6h
2022-07-18 18:00:00,39.69,44.08,40.66,43.55,805708.552,SOL-USD,6h
2022-07-19 00:00:00,42.55,46.09,43.56,43.6,1199903.616,SOL-USD,6h
2022-07-19 06:00:00,42.81,45.9,43.57,45.54,669099.046,SOL-USD,6h
2022-07-19 12:00:00,45.26,47.4,45.54,46.52,1186024.359,SOL-USD,6h
2022-07-19 18:00:00,44.59,46.64,46.53,44.88,680747.166,SOL-USD,6h
2022-07-20 00:00:00,44.1,45.8,44.86,45.44,677023.018,SOL-USD,6h
2022-07-20 06:00:00,43.74,46.05,45.42,45.35,764218.601,SOL-USD,6h
2022-07-20 12:00:00,43.14,46.34,45.33,43.27,1182538.175,SOL-USD,6h
2022-07-20 18:00:00,41.05,44.1,43.27,42.05,1204393.447,SOL-USD,6h
2022-07-21 00:00:00,39.65,42.46,42.03,40.92,1157924.736,SOL-USD,6h
2022-07-21 06:00:00,40.54,41.89,40.92,41.79,561934.803,SOL-USD,6h
2022-07-21 12:00:00,40.83,43.71,41.75,42.98,1286783.133,SOL-USD,6h
2022-07-21 18:00:00,42.47,44.06,42.98,43.1,725857.2,SOL-USD,6h
2022-07-22 00:00:00,42.06,43.53,43.09,43.12,527230.66,SOL-USD,6h
2022-07-22 06:00:00,42.76,44.34,43.12,44.17,502393.528,SOL-USD,6h
2022-07-22 12:00:00,40.94,44.21,44.15,41.3,902172.699,SOL-USD,6h
2022-07-22 18:00:00,40.03,41.67,41.32,40.55,582978.585,SOL-USD,6h
2022-07-23 00:00:00,40.11,41.94,40.55,41.57,273906.786,SOL-USD,6h
2022-07-23 06:00:00,39.53,41.85,41.54,39.6,285513.786,SOL-USD,6h
2022-07-23 12:00:00,39.08,40.48,39.6,39.16,662958.86,SOL-USD,6h
2022-07-23 18:00:00,38.58,40.24,39.18,39.98,520816.92,SOL-USD,6h
2022-07-24 00:00:00,39.47,41.17,39.98,41.0,315837.46,SOL-USD,6h
2022-07-24 06:00:00,40.25,41.4,40.99,40.89,257980.992,SOL-USD,6h
2022-07-24 12:00:00,40.11,41.37,40.92,41.02,290224.964,SOL-USD,6h
2022-07-24 18:00:00,40.66,42.12,41.02,40.94,444431.665,SOL-USD,6h
2022-07-25 00:00:00,37.72,41.11,40.93,38.52,936027.404,SOL-USD,6h
2022-07-25 06:00:00,38.21,39.27,38.53,38.9,306712.234,SOL-USD,6h
2022-07-25 12:00:00,38.19,39.38,38.9,38.4,535736.228,SOL-USD,6h
2022-07-25 18:00:00,36.56,38.97,38.39,36.64,717642.325,SOL-USD,6h
2022-07-26 00:00:00,35.54,36.83,36.66,35.94,779334.489,SOL-USD,6h
2022-07-26 06:00:00,35.32,36.25,35.95,35.82,403327.457,SOL-USD,6h
2022-07-26 12:00:00,34.93,36.29,35.81,35.28,615344.28,SOL-USD,6h
2022-07-26 18:00:00,34.68,36.36,35.27,36.29,461241.731,SOL-USD,6h
2022-07-27 00:00:00,35.69,37.11,36.29,37.04,313027.87,SOL-USD,6h
2022-07-27 06:00:00,36.31,37.2,37.01,36.4,292124.383,SOL-USD,6h
2022-07-27 12:00:00,36.21,37.57,36.41,36.84,574793.187,SOL-USD,6h
2022-07-27 18:00:00,36.85,40.57,36.85,40.24,1386177.551,SOL-USD,6h
2022-07-28 00:00:00,39.06,40.48,40.23,39.93,531143.706,SOL-USD,6h
2022-07-28 06:00:00,39.25,40.86,39.94,40.54,395980.87,SOL-USD,6h
2022-07-28 12:00:00,39.21,42.99,40.52,42.84,1390680.584,SOL-USD,6h
2022-07-28 18:00:00,41.75,44.19,42.85,42.93,834810.185,SOL-USD,6h
2022-07-29 00:00:00,42.4,44.14,42.94,43.87,472926.143,SOL-USD,6h
2022-07-29 06:00:00,41.38,44.46,43.87,41.95,434751.201,SOL-USD,6h
2022-07-29 12:00:00,41.13,43.65,41.93,41.9,795699.991,SOL-USD,6h
2022-07-29 18:00:00,41.54,43.13,41.9,41.94,534103.703,SOL-USD,6h
2022-07-30 00:00:00,41.45,42.52,41.92,41.92,492977.938,SOL-USD,6h
2022-07-30 06:00:00,41.79,43.07,41.91,42.42,347134.881,SOL-USD,6h
2022-07-30 12:00:00,42.22,46.72,42.42,46.4,1076540.323,SOL-USD,6h
2022-07-30 18:00:00,43.42,46.46,46.4,43.84,553095.717,SOL-USD,6h
2022-07-31 00:00:00,42.99,44.43,43.86,43.76,377750.871,SOL-USD,6h
2022-07-31 06:00:00,43.28,44.81,43.78,44.45,268586.49,SOL-USD,6h
2022-07-31 12:00:00,43.64,44.64,44.43,44.09,202893.169,SOL-USD,6h
2022-07-31 18:00:00,42.25,45.25,44.12,42.38,573824.682,SOL-USD,6h
2022-08-01 00:00:00,42.11,43.29,42.37,42.77,262730.865,SOL-USD,6h
2022-08-01 06:00:00,41.65,43.14,42.75,42.26,267760.104,SOL-USD,6h
2022-08-01 12:00:00,40.96,42.99,42.23,41.17,625190.509,SOL-USD,6h
2022-08-01 18:00:00,40.58,41.91,41.17,41.67,372157.378,SOL-USD,6h
2022-08-02 00:00:00,39.94,42.13,41.67,40.35,352977.009,SOL-USD,6h
2022-08-02 06:00:00,39.82,40.82,40.35,40.56,220287.583,SOL-USD,6h
2022-08-02 12:00:00,39.92,42.46,40.56,41.8,609365.008,SOL-USD,6h
2022-08-02 18:00:00,39.5,42.02,41.77,39.81,425974.72,SOL-USD,6h
2022-08-03 00:00:00,37.48,40.13,39.81,38.78,1898209.847,SOL-USD,6h
2022-08-03 06:00:00,38.25,39.97,38.78,39.67,690835.799,SOL-USD,6h
2022-08-03 12:00:00,39.58,41.11,39.65,40.15,843722.95,SOL-USD,6h
2022-08-03 18:00:00,38.2,40.43,40.15,38.55,613525.682,SOL-USD,6h
2022-08-04 00:00:00,38.43,39.73,38.54,39.48,462363.245,SOL-USD,6h
2022-08-04 06:00:00,38.52,39.6,39.48,38.61,395325.657,SOL-USD,6h
2022-08-04 12:00:00,37.91,39.84,38.61,38.45,585657.831,SOL-USD,6h
2022-08-04 18:00:00,38.0,39.03,38.44,38.82,242812.266,SOL-USD,6h
2022-08-05 00:00:00,38.7,40.19,38.83,40.15,273778.484,SOL-USD,6h
2022-08-05 06:00:00,39.85,41.08,40.13,41.01,300159.046,SOL-USD,6h
2022-08-05 12:00:00,39.44,41.37,41.03,39.74,588502.862,SOL-USD,6h
2022-08-05 18:00:00,39.5,40.78,39.75,40.54,476736.12,SOL-USD,6h
2022-08-06 00:00:00,40.17,40.72,40.57,40.42,176129.019,SOL-USD,6h
2022-08-06 06:00:00,40.29,40.89,40.42,40.31,126273.097,SOL-USD,6h
2022-08-06 12:00:00,39.82,40.63,40.31,40.38,188528.393,SOL-USD,6h
2022-08-06 18:00:00,39.94,40.92,40.36,40.07,223103.887,SOL-USD,6h
2022-08-07 00:00:00,39.22,40.28,40.07,39.91,192731.501,SOL-USD,6h
2022-08-07 06:00:00,39.69,40.21,39.91,40.15,117408.553,SOL-USD,6h
2022-08-07 12:00:00,40.09,40.79,40.17,40.66,209727.531,SOL-USD,6h
2022-08-07 18:00:00,40.46,41.58,40.67,40.62,284280.108,SOL-USD,6h
2022-08-08 00:00:00,40.56,42.49,40.62,42.43,375580.452,SOL-USD,6h
2022-08-08 06:00:00,42.42,43.44,42.43,43.42,325462.802,SOL-USD,6h
2022-08-08 12:00:00,42.07,43.71,43.42,42.3,485157.211,SOL-USD,6h
2022-08-08 18:00:00,41.8,43.17,42.31,42.2,236631.883,SOL-USD,6h
2022-08-09 00:00:00,41.54,42.75,42.18,42.58,213018.98,SOL-USD,6h
2022-08-09 06:00:00,40.68,42.76,42.58,40.85,380537.649,SOL-USD,6h
2022-08-09 12:00:00,39.75,41.46,40.87,40.34,490098.403,SOL-USD,6h
2022-08-09 18:00:00,39.92,40.76,40.34,40.35,238463.821,SOL-USD,6h
2022-08-10 00:00:00,39.16,40.35,40.34,39.52,430612.535,SOL-USD,6h
2022-08-10 06:00:00,39.14,40.2,39.52,40.06,246928.545,SOL-USD,6h
2022-08-10 12:00:00,39.86,42.49,40.05,42.02,902213.918,SOL-USD,6h
2022-08-10 18:00:00,41.22,42.86,42.02,42.5,368464.872,SOL-USD,6h
2022-08-11 00:00:00,42.32,44.55,42.48,44.42,524550.733,SOL-USD,6h
2022-08-11 06:00:00,43.74,45.1,44.41,44.1,402393.184,SOL-USD,6h
2022-08-11 12:00:00,43.36,45.4,44.08,43.68,612589.064,SOL-USD,6h
2022-08-11 18:00:00,42.37,43.8,43.68,42.8,336038.049,SOL-USD,6h
2022-08-12 00:00:00,42.22,43.69,42.8,43.3,273211.841,SOL-USD,6h
2022-08-12 06:00:00,42.15,43.82,43.29,42.33,271208.913,SOL-USD,6h
2022-08-12 12:00:00,42.3,43.49,42.33,43.1,292727.573,SOL-USD,6h
2022-08-12 18:00:00,42.96,45.53,43.11,45.5,702288.801,SOL-USD,6h
2022-08-13 00:00:00,45.3,48.02,45.53,48.0,1009590.221,SOL-USD,6h
2022-08-13 06:00:00,46.4,48.39,47.98,46.74,459101.337,SOL-USD,6h
2022-08-13 12:00:00,46.06,47.17,46.76,46.77,403533.23,SOL-USD,6h
2022-08-13 18:00:00,46.17,47.4,46.78,46.63,229093.448,SOL-USD,6h
2022-08-14 00:00:00,46.11,47.69,46.64,47.08,387188.306,SOL-USD,6h
2022-08-14 06:00:00,46.61,48.09,47.08,46.73,329476.38,SOL-USD,6h
2022-08-14 12:00:00,44.65,46.75,46.71,44.69,470126.311,SOL-USD,6h
2022-08-14 18:00:00,44.49,45.84,44.72,44.89,316595.668,SOL-USD,6h
2022-08-15 00:00:00,44.38,47.25,44.87,45.91,592960.207,SOL-USD,6h
2022-08-15 06:00:00,43.25,45.92,45.9,43.82,489832.666,SOL-USD,6h
2022-08-15 12:00:00,43.3,44.78,43.8,44.06,573630.33,SOL-USD,6h
2022-08-15 18:00:00,42.67,44.18,44.06,43.72,447495.37,SOL-USD,6h
2022-08-16 00:00:00,42.55,44.21,43.73,43.13,420403.934,SOL-USD,6h
2022-08-16 06:00:00,43.04,44.32,43.13,43.98,243450.017,SOL-USD,6h
2022-08-16 12:00:00,42.61,44.25,43.99,43.18,492459.389,SOL-USD,6h
2022-08-16 18:00:00,42.55,43.6,43.16,43.09,316308.943,SOL-USD,6h
2022-08-17 00:00:00,42.95,44.39,43.08,44.38,359905.959,SOL-USD,6h
2022-08-17 06:00:00,42.62,44.74,44.38,42.78,451009.723,SOL-USD,6h
2022-08-17 12:00:00,40.73,42.81,42.78,41.57,969959.555,SOL-USD,6h
2022-08-17 18:00:00,40.18,41.9,41.58,40.55,819269.319,SOL-USD,6h
2022-08-18 00:00:00,40.09,41.06,40.54,40.81,404397.538,SOL-USD,6h
2022-08-18 06:00:00,40.67,41.43,40.82,41.35,261105.391,SOL-USD,6h
2022-08-18 12:00:00,40.52,41.68,41.32,40.58,511588.085,SOL-USD,6h
2022-08-18 18:00:00,39.34,41.26,40.56,39.51,599996.904,SOL-USD,6h
2022-08-19 00:00:00,37.74,39.6,39.5,38.33,988897.098,SOL-USD,6h
2022-08-19 06:00:00,35.25,38.35,38.31,36.37,1188516.716,SOL-USD,6h
2022-08-19 12:00:00,36.07,37.81,36.38,37.58,853315.579,SOL-USD,6h
2022-08-19 18:00:00,35.62,37.58,37.58,35.82,1073989.38,SOL-USD,6h
2022-08-20 00:00:00,35.77,36.99,35.8,36.6,782330.612,SOL-USD,6h
2022-08-20 06:00:00,36.4,37.27,36.6,36.59,587607.76,SOL-USD,6h
2022-08-20 12:00:00,35.55,36.97,36.57,35.85,667028.798,SOL-USD,6h
2022-08-20 18:00:00,34.21,36.06,35.85,35.29,1048570.18,SOL-USD,6h
2022-08-21 00:00:00,34.67,35.68,35.29,35.16,518021.139,SOL-USD,6h
2022-08-21 06:00:00,34.5,36.29,35.17,36.2,661135.788,SOL-USD,6h
2022-08-21 12:00:00,35.61,36.57,36.19,36.29,480714.376,SOL-USD,6h
2022-08-21 18:00:00,35.93,37.05,36.29,36.48,597212.439,SOL-USD,6h
2022-08-22 00:00:00,35.75,36.55,36.48,36.13,474485.737,SOL-USD,6h
2022-08-22 06:00:00,33.76,36.15,36.13,34.65,797823.981,SOL-USD,6h
2022-08-22 12:00:00,33.9,35.1,34.65,34.49,751150.78,SOL-USD,6h
2022-08-22 18:00:00,33.99,35.59,34.49,35.43,456015.326,SOL-USD,6h
2022-08-23 00:00:00,34.24,35.57,35.43,34.28,315878.94,SOL-USD,6h
2022-08-23 06:00:00,34.24,35.74,34.26,35.66,320932.326,SOL-USD,6h
2022-08-23 12:00:00,35.18,36.1,35.68,35.25,494644.269,SOL-USD,6h
2022-08-23 18:00:00,35.18,35.9,35.24,35.67,342606.362,SOL-USD,6h
2022-08-24 00:00:00,34.3,35.72,35.67,34.95,456397.219,SOL-USD,6h
2022-08-24 06:00:00,34.64,35.46,34.95,35.39,331229.398,SOL-USD,6h
2022-08-24 12:00:00,35.17,36.42,35.39,35.84,467547.821,SOL-USD,6h
2022-08-24 18:00:00,34.86,36.28,35.84,34.88,364905.744,SOL-USD,6h
2022-08-25 00:00:00,34.86,35.68,34.89,35.65,349084.724,SOL-USD,6h
2022-08-25 06:00:00,35.6,36.37,35.65,36.31,303088.65,SOL-USD,6h
2022-08-25 12:00:00,35.38,36.49,36.31,35.73,475870.715,SOL-USD,6h
2022-08-25 18:00:00,35.05,35.99,35.73,35.25,224101.04,SOL-USD,6h
2022-08-26 00:00:00,34.41,35.26,35.25,34.64,323614.641,SOL-USD,6h
2022-08-26 06:00:00,33.88,34.86,34.62,34.25,293139.625,SOL-USD,6h
2022-08-26 12:00:00,32.77,35.81,34.24,33.2,1067220.3,SOL-USD,6h
2022-08-26 18:00:00,31.38,33.23,33.17,31.74,609482.565,SOL-USD,6h
2022-08-27 00:00:00,31.15,32.05,31.75,31.58,440714.711,SOL-USD,6h
2022-08-27 06:00:00,31.53,32.27,31.58,32.01,324945.184,SOL-USD,6h
2022-08-27 12:00:00,30.88,32.07,32.0,31.22,364494.742,SOL-USD,6h
2022-08-27 18:00:00,31.04,31.68,31.2,31.54,220844.642,SOL-USD,6h
2022-08-28 00:00:00,31.17,31.82,31.53,31.65,184060.346,SOL-USD,6h
2022-08-28 06:00:00,31.52,32.04,31.66,31.78,184827.456,SOL-USD,6h
2022-08-28 12:00:00,31.22,32.22,31.78,31.81,288497.367,SOL-USD,6h
2022-08-28 18:00:00,30.19,31.98,31.8,30.45,416941.096,SOL-USD,6h
2022-08-29 00:00:00,30.01,30.97,30.42,30.15,530726.107,SOL-USD,6h
2022-08-29 06:00:00,30.17,30.77,30.17,30.7,343408.238,SOL-USD,6h
2022-08-29 12:00:00,30.65,32.31,30.69,31.82,677146.913,SOL-USD,6h
2022-08-29 18:00:00,31.42,32.67,31.82,32.41,376736.258,SOL-USD,6h
2022-08-30 00:00:00,31.87,33.01,32.42,32.66,397860.616,SOL-USD,6h
2022-08-30 06:00:00,32.58,33.16,32.64,32.75,297935.568,SOL-USD,6h
2022-08-30 12:00:00,30.63,32.88,32.76,30.97,791082.615,SOL-USD,6h
2022-08-30 18:00:00,30.95,32.13,30.96,31.48,447756.26,SOL-USD,6h
2022-08-31 00:00:00,31.45,32.66,31.48,32.56,356972.653,SOL-USD,6h
2022-08-31 06:00:00,31.94,32.89,32.57,32.58,310505.079,SOL-USD,6h
2022-08-31 12:00:00,31.43,32.97,32.57,31.63,450827.959,SOL-USD,6h
2022-08-31 18:00:00,31.18,32.5,31.63,31.5,298283.526,SOL-USD,6h
2022-09-01 00:00:00,30.97,31.76,31.5,31.33,242649.675,SOL-USD,6h
2022-09-01 06:00:00,30.83,31.58,31.32,31.47,215746.079,SOL-USD,6h
2022-09-01 12:00:00,30.33,31.5,31.47,30.77,353508.635,SOL-USD,6h
2022-09-01 18:00:00,30.7,31.79,30.77,31.62,237196.204,SOL-USD,6h
2022-09-02 00:00:00,31.11,31.96,31.62,31.58,197628.625,SOL-USD,6h
2022-09-02 06:00:00,31.25,31.7,31.58,31.57,143048.259,SOL-USD,6h
2022-09-02 12:00:00,31.13,32.4,31.57,31.19,527308.373,SOL-USD,6h
2022-09-02 18:00:00,30.77,31.35,31.17,31.24,262631.07,SOL-USD,6h
2022-09-03 00:00:00,30.87,31.29,31.24,31.25,146978.276,SOL-USD,6h
2022-09-03 06:00:00,30.81,31.27,31.24,31.05,118767.898,SOL-USD,6h
2022-09-03 12:00:00,31.01,31.29,31.04,31.16,138024.569,SOL-USD,6h
2022-09-03 18:00:00,30.83,31.22,31.16,31.12,149482.779,SOL-USD,6h
2022-09-04 00:00:00,31.08,31.71,31.12,31.45,138706.86,SOL-USD,6h
2022-09-04 06:00:00,31.03,31.87,31.45,31.86,114217.289,SOL-USD,6h
2022-09-04 12:00:00,31.45,32.02,31.87,31.77,161789.026,SOL-USD,6h
2022-09-04 18:00:00,31.64,32.2,31.76,32.17,164750.191,SOL-USD,6h
2022-09-05 00:00:00,31.47,32.52,32.16,31.67,207203.736,SOL-USD,6h
2022-09-05 06:00:00,31.14,31.86,31.67,31.28,152986.191,SOL-USD,6h
2022-09-05 12:00:00,31.17,32.01,31.27,31.87,196464.985,SOL-USD,6h
2022-09-05 18:00:00,31.69,32.43,31.88,32.18,193217.438,SOL-USD,6h
2022-09-06 00:00:00,32.15,33.56,32.18,32.89,404866.991,SOL-USD,6h
2022-09-06 06:00:00,32.74,33.33,32.89,33.24,166159.049,SOL-USD,6h
2022-09-06 12:00:00,31.31,33.88,33.23,31.53,607978.251,SOL-USD,6h
2022-09-06 18:00:00,30.44,31.51,31.49,30.87,503685.869,SOL-USD,6h
2022-09-07 00:00:00,30.31,31.21,30.88,31.02,237039.442,SOL-USD,6h
2022-09-07 06:00:00,30.89,31.34,31.01,31.15,176602.412,SOL-USD,6h
2022-09-07 12:00:00,30.84,32.37,31.16,32.14,275701.708,SOL-USD,6h
2022-09-07 18:00:00,31.93,32.96,32.16,32.7,369087.109,SOL-USD,6h
2022-09-08 00:00:00,32.23,32.84,32.69,32.51,172573.862,SOL-USD,6h
2022-09-08 06:00:00,32.0,33.31,32.51,32.92,174377.144,SOL-USD,6h
2022-09-08 12:00:00,32.17,33.98,32.92,33.22,518730.919,SOL-USD,6h
2022-09-08 18:00:00,32.88,33.83,33.23,33.62,242803.787,SOL-USD,6h
2022-09-09 00:00:00,33.59,35.64,33.62,35.32,641230.604,SOL-USD,6h
2022-09-09 06:00:00,35.05,35.99,35.33,35.38,345620.552,SOL-USD,6h
2022-09-09 12:00:00,34.46,35.93,35.37,34.71,439325.727,SOL-USD,6h
2022-09-09 18:00:00,34.28,35.21,34.71,34.69,307995.493,SOL-USD,6h
2022-09-10 00:00:00,34.31,35.1,34.69,34.95,270430.277,SOL-USD,6h
2022-09-10 06:00:00,34.28,35.19,34.96,34.77,226868.858,SOL-USD,6h
2022-09-10 12:00:00,34.31,34.95,34.77,34.64,158663.912,SOL-USD,6h
2022-09-10 18:00:00,34.63,35.43,34.64,35.07,257928.872,SOL-USD,6h
2022-09-11 00:00:00,34.64,35.33,35.07,34.71,191729.252,SOL-USD,6h
2022-09-11 06:00:00,34.07,34.83,34.71,34.79,141582.494,SOL-USD,6h
2022-09-11 12:00:00,34.54,36.03,34.78,35.33,341704.575,SOL-USD,6h
2022-09-11 18:00:00,34.33,35.57,35.33,35.01,271775.778,SOL-USD,6h
2022-09-12 00:00:00,34.42,36.3,35.0,34.79,404652.159,SOL-USD,6h
2022-09-12 06:00:00,34.6,38.16,34.79,37.7,581656.863,SOL-USD,6h
2022-09-12 12:00:00,36.82,38.37,37.7,37.62,690927.135,SOL-USD,6h
2022-09-12 18:00:00,37.19,37.89,37.63,37.46,299119.835,SOL-USD,6h
2022-09-13 00:00:00,36.71,38.99,37.43,38.37,449045.884,SOL-USD,6h
2022-09-13 06:00:00,38.15,38.93,38.35,38.46,265046.392,SOL-USD,6h
2022-09-13 12:00:00,34.44,38.88,38.47,34.98,1181551.69,SOL-USD,6h
2022-09-13 18:00:00,32.93,34.99,34.98,33.01,615835.076,SOL-USD,6h
2022-09-14 00:00:00,32.7,33.91,33.01,33.63,403956.482,SOL-USD,6h
2022-09-14 06:00:00,32.8,33.69,33.63,33.23,169619.686,SOL-USD,6h
2022-09-14 12:00:00,32.95,33.72,33.23,33.33,305543.794,SOL-USD,6h
2022-09-14 18:00:00,32.73,34.35,33.34,34.12,281554.399,SOL-USD,6h
2022-09-15 00:00:00,32.84,34.15,34.11,33.39,201581.316,SOL-USD,6h
2022-09-15 06:00:00,32.78,34.92,33.39,33.93,291866.635,SOL-USD,6h
2022-09-15 12:00:00,32.42,34.06,33.92,33.42,422564.513,SOL-USD,6h
2022-09-15 18:00:00,32.76,33.81,33.42,33.07,220758.374,SOL-USD,6h
2022-09-16 00:00:00,32.5,33.26,33.08,32.92,228771.922,SOL-USD,6h
2022-09-16 06:00:00,32.34,33.13,32.92,33.08,116612.136,SOL-USD,6h
2022-09-16 12:00:00,31.5,33.11,33.1,31.77,470676.036,SOL-USD,6h
2022-09-16 18:00:00,31.53,32.39,31.77,32.23,292133.745,SOL-USD,6h
2022-09-17 00:00:00,32.21,33.07,32.23,32.7,154356.848,SOL-USD,6h
2022-09-17 06:00:00,32.54,32.99,32.69,32.62,63229.574,SOL-USD,6h
2022-09-17 12:00:00,32.52,33.62,32.62,33.25,181025.483,SOL-USD,6h
2022-09-17 18:00:00,33.11,33.89,33.24,33.69,116654.779,SOL-USD,6h
2022-09-18 00:00:00,33.23,33.87,33.71,33.74,165550.133,SOL-USD,6h
2022-09-18 06:00:00,32.98,33.99,33.75,33.34,141098.379,SOL-USD,6h
2022-09-18 12:00:00,32.26,33.48,33.34,32.36,211898.738,SOL-USD,6h
2022-09-18 18:00:00,30.87,32.5,32.36,31.1,335167.075,SOL-USD,6h
2022-09-19 00:00:00,30.5,31.77,31.1,31.07,420284.237,SOL-USD,6h
2022-09-19 06:00:00,30.62,31.47,31.06,31.26,226049.919,SOL-USD,6h
2022-09-19 12:00:00,31.18,32.55,31.27,31.87,342784.539,SOL-USD,6h
2022-09-19 18:00:00,31.82,33.09,31.87,32.65,316800.595,SOL-USD,6h
2022-09-20 00:00:00,31.94,32.89,32.64,32.32,225395.138,SOL-USD,6h
2022-09-20 06:00:00,31.9,32.74,32.3,32.19,198110.115,SOL-USD,6h
2022-09-20 12:00:00,31.45,32.56,32.19,31.54,345486.192,SOL-USD,6h
2022-09-20 18:00:00,31.3,32.09,31.53,31.42,285730.991,SOL-USD,6h
2022-09-21 00:00:00,31.32,32.05,31.43,31.71,161100.002,SOL-USD,6h
2022-09-21 06:00:00,31.42,32.1,31.7,32.06,153546.396,SOL-USD,6h
2022-09-21 12:00:00,31.25,32.34,32.05,32.26,325079.446,SOL-USD,6h
2022-09-21 18:00:00,30.04,33.48,32.28,30.68,1006461.101,SOL-USD,6h
2022-09-22 00:00:00,30.58,31.34,30.67,31.15,262885.542,SOL-USD,6h
2022-09-22 06:00:00,31.13,32.46,31.15,32.36,218352.133,SOL-USD,6h
2022-09-22 12:00:00,31.55,32.49,32.37,32.03,325671.28,SOL-USD,6h
2022-09-22 18:00:00,31.9,32.86,32.03,32.42,296091.121,SOL-USD,6h
2022-09-23 00:00:00,32.15,33.29,32.41,32.95,241589.374,SOL-USD,6h
2022-09-23 06:00:00,31.54,33.18,32.95,31.75,245290.574,SOL-USD,6h
2022-09-23 12:00:00,31.2,32.28,31.74,31.75,434755.752,SOL-USD,6h
2022-09-23 18:00:00,31.43,33.96,31.74,33.66,707562.501,SOL-USD,6h
2022-09-24 00:00:00,33.41,34.48,33.67,33.92,349769.606,SOL-USD,6h
2022-09-24 06:00:00,33.49,34.76,33.92,34.47,316964.158,SOL-USD,6h
2022-09-24 12:00:00,33.34,34.58,34.46,33.48,326347.78,SOL-USD,6h
2022-09-24 18:00:00,33.13,34.17,33.47,33.38,358886.375,SOL-USD,6h
2022-09-25 00:00:00,33.36,34.04,33.39,33.79,212927.229,SOL-USD,6h
2022-09-25 06:00:00,33.47,34.0,33.79,33.64,173104.96,SOL-USD,6h
2022-09-25 12:00:00,32.59,33.79,33.64,33.05,294433.966,SOL-USD,6h
2022-09-25 18:00:00,31.87,33.05,33.04,32.33,360505.186,SOL-USD,6h
2022-09-26 00:00:00,32.04,32.72,32.32,32.15,282507.035,SOL-USD,6h
2022-09-26 06:00:00,31.86,33.32,32.15,32.55,330012.144,SOL-USD,6h
2022-09-26 12:00:00,32.27,33.43,32.56,33.08,389045.363,SOL-USD,6h
2022-09-26 18:00:00,33.06,33.97,33.07,33.89,557775.496,SOL-USD,6h
2022-09-27 00:00:00,33.72,35.0,33.89,34.79,528513.433,SOL-USD,6h
2022-09-27 06:00:00,34.32,35.04,34.8,34.66,253188.489,SOL-USD,6h
2022-09-27 12:00:00,32.52,35.44,34.66,32.63,813407.909,SOL-USD,6h
2022-09-27 18:00:00,32.06,32.94,32.61,32.68,487706.423,SOL-USD,6h
2022-09-28 00:00:00,31.62,32.94,32.69,32.45,442423.522,SOL-USD,6h
2022-09-28 06:00:00,31.83,32.86,32.44,32.49,355633.103,SOL-USD,6h
2022-09-28 12:00:00,32.38,33.31,32.49,32.99,373971.319,SOL-USD,6h
2022-09-28 18:00:00,32.86,33.81,33.0,33.24,432960.866,SOL-USD,6h
2022-09-29 00:00:00,32.98,33.98,33.25,33.51,255075.685,SOL-USD,6h
2022-09-29 06:00:00,33.13,33.93,33.51,33.76,191973.185,SOL-USD,6h
2022-09-29 12:00:00,32.64,34.43,33.76,33.89,601085.086,SOL-USD,6h
2022-09-29 18:00:00,33.36,34.13,33.89,33.93,506126.976,SOL-USD,6h
2022-09-30 00:00:00,33.73,34.33,33.94,33.91,326868.828,SOL-USD,6h
2022-09-30 06:00:00,33.88,34.65,33.91,33.95,302922.482,SOL-USD,6h
2022-09-30 12:00:00,33.34,35.22,33.94,34.05,842179.226,SOL-USD,6h
2022-09-30 18:00:00,32.62,34.21,34.04,33.26,540054.584,SOL-USD,6h
2022-10-01 00:00:00,32.69,33.25,33.25,32.94,240082.713,SOL-USD,6h
2022-10-01 06:00:00,32.76,33.17,32.94,33.03,161506.579,SOL-USD,6h
2022-10-01 12:00:00,32.36,33.1,33.03,32.68,187982.696,SOL-USD,6h
2022-10-01 18:00:00,32.4,32.77,32.67,32.44,140630.42,SOL-USD,6h
2022-10-02 00:00:00,32.41,33.03,32.44,32.86,189110.688,SOL-USD,6h
2022-10-02 06:00:00,32.12,32.98,32.86,32.53,176609.262,SOL-USD,6h
2022-10-02 12:00:00,32.21,32.61,32.54,32.53,220333.148,SOL-USD,6h
2022-10-02 18:00:00,31.9,32.85,32.52,32.05,351718.889,SOL-USD,6h
2022-10-03 00:00:00,31.74,32.52,32.05,32.31,287890.956,SOL-USD,6h
2022-10-03 06:00:00,32.09,32.52,32.31,32.52,165555.533,SOL-USD,6h
2022-10-03 12:00:00,32.42,33.18,32.52,33.13,406259.399,SOL-USD,6h
2022-10-03 18:00:00,32.69,33.27,33.13,32.9,372208.459,SOL-USD,6h
2022-10-04 00:00:00,32.84,33.21,32.9,33.04,187901.946,SOL-USD,6h
2022-10-04 06:00:00,33.01,33.88,33.04,33.7,261492.86,SOL-USD,6h
2022-10-04 12:00:00,33.56,34.43,33.68,34.01,478172.198,SOL-USD,6h
2022-10-04 18:00:00,33.87,34.41,34.01,34.1,237714.586,SOL-USD,6h
2022-10-05 00:00:00,33.9,34.39,34.11,34.12,235219.838,SOL-USD,6h
2022-10-05 06:00:00,33.44,34.33,34.12,33.53,241774.842,SOL-USD,6h
2022-10-05 12:00:00,33.2,34.06,33.53,33.81,461069.782,SOL-USD,6h
2022-10-05 18:00:00,33.67,34.3,33.8,34.05,364638.666,SOL-USD,6h
2022-10-06 00:00:00,34.03,34.5,34.04,34.38,359917.139,SOL-USD,6h
2022-10-06 06:00:00,33.85,34.37,34.37,34.15,290810.852,SOL-USD,6h
2022-10-06 12:00:00,33.58,34.31,34.14,33.76,498916.251,SOL-USD,6h
2022-10-06 18:00:00,33.24,33.82,33.76,33.37,288807.347,SOL-USD,6h
2022-10-07 00:00:00,33.33,33.78,33.36,33.49,193722.838,SOL-USD,6h
2022-10-07 06:00:00,33.14,33.51,33.49,33.37,208721.547,SOL-USD,6h
2022-10-07 12:00:00,32.43,33.38,33.37,32.92,482108.388,SOL-USD,6h
2022-10-07 18:00:00,32.74,33.16,32.92,32.96,223292.977,SOL-USD,6h
2022-10-08 00:00:00,32.72,33.07,32.96,32.91,169280.625,SOL-USD,6h
2022-10-08 06:00:00,32.84,33.01,32.92,32.96,99314.354,SOL-USD,6h
2022-10-08 12:00:00,32.68,32.98,32.97,32.89,154021.969,SOL-USD,6h
2022-10-08 18:00:00,32.36,32.96,32.89,32.57,189641.47,SOL-USD,6h
2022-10-09 00:00:00,32.45,32.64,32.58,32.61,90938.113,SOL-USD,6h
2022-10-09 06:00:00,32.6,32.94,32.6,32.84,105449.363,SOL-USD,6h
2022-10-09 12:00:00,32.81,33.14,32.85,33.08,125077.616,SOL-USD,6h
2022-10-09 18:00:00,32.61,33.11,33.09,32.93,150963.132,SOL-USD,6h
2022-10-10 00:00:00,32.82,33.46,32.92,32.89,133463.503,SOL-USD,6h
2022-10-10 06:00:00,32.36,33.01,32.88,32.69,155438.846,SOL-USD,6h
2022-10-10 12:00:00,32.26,32.91,32.69,32.54,372809.184,SOL-USD,6h
2022-10-10 18:00:00,31.88,32.6,32.54,31.95,232280.661,SOL-USD,6h
2022-10-11 00:00:00,31.07,31.95,31.95,31.38,362252.517,SOL-USD,6h
2022-10-11 06:00:00,31.26,31.64,31.39,31.55,117383.582,SOL-USD,6h
2022-10-11 12:00:00,31.08,31.87,31.56,31.68,287162.649,SOL-USD,6h
2022-10-11 18:00:00,30.42,31.7,31.66,30.8,367536.421,SOL-USD,6h
2022-10-12 00:00:00,30.67,31.31,30.79,31.28,175204.706,SOL-USD,6h
2022-10-12 06:00:00,31.15,31.54,31.27,31.25,113709.944,SOL-USD,6h
2022-10-12 12:00:00,30.9,31.35,31.24,30.99,176385.616,SOL-USD,6h
2022-10-12 18:00:00,30.85,31.29,30.98,31.16,115885.071,SOL-USD,6h
2022-10-13 00:00:00,30.47,31.21,31.15,30.68,173819.675,SOL-USD,6h
2022-10-13 06:00:00,28.25,30.69,30.69,28.79,745205.645,SOL-USD,6h
2022-10-13 12:00:00,27.75,30.28,28.79,30.2,1100238.767,SOL-USD,6h
2022-10-13 18:00:00,30.17,30.94,30.19,30.49,252036.067,SOL-USD,6h
2022-10-14 00:00:00,30.38,31.98,30.49,31.7,286299.556,SOL-USD,6h
2022-10-14 06:00:00,31.15,31.72,31.71,31.22,206290.252,SOL-USD,6h
2022-10-14 12:00:00,30.41,31.8,31.23,30.59,434234.503,SOL-USD,6h
2022-10-14 18:00:00,29.62,30.62,30.58,29.99,359886.245,SOL-USD,6h
2022-10-15 00:00:00,29.88,30.21,29.99,30.1,160113.019,SOL-USD,6h
2022-10-15 06:00:00,29.56,30.14,30.11,29.99,155783.666,SOL-USD,6h
2022-10-15 12:00:00,29.72,30.09,29.99,29.85,173482.153,SOL-USD,6h
2022-10-15 18:00:00,29.43,29.92,29.86,29.6,142015.537,SOL-USD,6h
2022-10-16 00:00:00,29.56,29.94,29.59,29.84,79399.051,SOL-USD,6h
2022-10-16 06:00:00,29.68,30.05,29.84,29.95,51061.64,SOL-USD,6h
2022-10-16 12:00:00,29.83,30.05,29.95,29.9,79543.085,SOL-USD,6h
2022-10-16 18:00:00,29.83,30.53,29.89,30.15,181927.122,SOL-USD,6h
2022-10-17 00:00:00,29.83,30.36,30.16,30.32,106296.969,SOL-USD,6h
2022-10-17 06:00:00,30.13,30.78,30.35,30.51,120607.937,SOL-USD,6h
2022-10-17 12:00:00,30.42,31.21,30.52,30.88,392285.33,SOL-USD,6h
2022-10-17 18:00:00,30.57,31.29,30.88,31.22,171168.968,SOL-USD,6h
2022-10-18 00:00:00,30.91,31.49,31.22,31.01,145519.209,SOL-USD,6h
2022-10-18 06:00:00,30.41,31.18,31.02,30.85,182686.638,SOL-USD,6h
2022-10-18 12:00:00,30.1,31.02,30.84,30.31,444074.418,SOL-USD,6h
2022-10-18 18:00:00,29.73,30.47,30.3,30.15,295360.196,SOL-USD,6h
2022-10-19 00:00:00,29.84,30.27,30.14,29.89,201182.963,SOL-USD,6h
2022-10-19 06:00:00,29.76,30.18,29.88,29.93,163146.148,SOL-USD,6h
2022-10-19 12:00:00,29.52,30.01,29.92,29.76,243662.834,SOL-USD,6h
2022-10-19 18:00:00,28.61,29.86,29.77,28.85,267885.85,SOL-USD,6h
2022-10-20 00:00:00,28.4,29.36,28.86,29.29,354873.565,SOL-USD,6h
2022-10-20 06:00:00,29.13,29.47,29.29,29.33,100937.665,SOL-USD,6h
2022-10-20 12:00:00,28.47,29.47,29.34,28.63,382456.625,SOL-USD,6h
2022-10-20 18:00:00,27.97,28.64,28.63,28.01,373687.588,SOL-USD,6h
2022-10-21 00:00:00,27.51,28.25,28.01,28.11,221951.74,SOL-USD,6h
2022-10-21 06:00:00,27.22,28.21,28.1,27.48,248691.034,SOL-USD,6h
2022-10-21 12:00:00,26.84,28.02,27.48,27.94,568507.161,SOL-USD,6h
2022-10-21 18:00:00,27.83,28.3,27.94,28.11,303307.109,SOL-USD,6h
2022-10-22 00:00:00,27.49,28.18,28.11,27.64,165668.392,SOL-USD,6h
2022-10-22 06:00:00,27.61,28.02,27.63,27.99,67698.46,SOL-USD,6h
2022-10-22 12:00:00,27.73,28.24,27.98,27.77,141535.238,SOL-USD,6h
2022-10-22 18:00:00,27.64,28.2,27.75,28.02,101030.22,SOL-USD,6h
2022-10-23 00:00:00,27.92,28.58,28.02,28.31,127867.245,SOL-USD,6h
2022-10-23 06:00:00,27.94,28.56,28.3,27.96,124857.927,SOL-USD,6h
2022-10-23 12:00:00,27.74,28.52,27.97,28.49,134515.284,SOL-USD,6h
2022-10-23 18:00:00,28.5,29.43,28.5,29.29,344717.972,SOL-USD,6h
2022-10-24 00:00:00,28.49,29.49,29.29,28.62,184036.265,SOL-USD,6h
2022-10-24 06:00:00,28.37,29.2,28.62,29.13,131962.538,SOL-USD,6h
2022-10-24 12:00:00,28.16,29.18,29.13,28.23,339977.687,SOL-USD,6h
2022-10-24 18:00:00,28.2,28.6,28.23,28.31,168457.704,SOL-USD,6h
2022-10-25 00:00:00,28.09,28.56,28.31,28.46,169890.006,SOL-USD,6h
2022-10-25 06:00:00,28.05,28.6,28.46,28.22,152413.761,SOL-USD,6h
2022-10-25 12:00:00,28.1,32.32,28.22,32.2,1243920.923,SOL-USD,6h
2022-10-25 18:00:00,30.72,32.38,32.2,30.87,663401.922,SOL-USD,6h
2022-10-26 00:00:00,30.81,31.37,30.87,31.13,328079.068,SOL-USD,6h
2022-10-26 06:00:00,31.01,31.94,31.13,31.26,352088.393,SOL-USD,6h
2022-10-26 12:00:00,30.64,32.25,31.26,31.34,624744.924,SOL-USD,6h
2022-10-26 18:00:00,30.95,31.65,31.33,31.29,299593.724,SOL-USD,6h
2022-10-27 00:00:00,31.06,32.18,31.28,32.0,387640.812,SOL-USD,6h
2022-10-27 06:00:00,31.2,32.36,32.02,31.38,378063.875,SOL-USD,6h
2022-10-27 12:00:00,31.1,32.09,31.37,31.28,501485.116,SOL-USD,6h
2022-10-27 18:00:00,30.46,31.62,31.29,30.58,424489.469,SOL-USD,6h
2022-10-28 00:00:00,30.38,30.87,30.58,30.66,186971.125,SOL-USD,6h
2022-10-28 06:00:00,30.12,30.72,30.67,30.42,205327.32,SOL-USD,6h
2022-10-28 12:00:00,30.12,32.28,30.42,31.9,609359.4,SOL-USD,6h
2022-10-28 18:00:00,31.57,32.56,31.89,32.07,453342.024,SOL-USD,6h
2022-10-29 00:00:00,31.86,33.01,32.07,32.79,379175.134,SOL-USD,6h
2022-10-29 06:00:00,32.7,33.85,32.79,32.99,438200.781,SOL-USD,6h
2022-10-29 12:00:00,32.75,33.75,32.99,32.99,498755.338,SOL-USD,6h
2022-10-29 18:00:00,32.6,33.29,32.98,32.87,275399.643,SOL-USD,6h
2022-10-30 00:00:00,32.73,33.27,32.88,32.93,179428.657,SOL-USD,6h
2022-10-30 06:00:00,32.4,33.54,32.93,32.68,305586.42,SOL-USD,6h
2022-10-30 12:00:00,32.01,32.72,32.68,32.33,209732.974,SOL-USD,6h
2022-10-30 18:00:00,31.94,33.15,32.33,32.94,282707.489,SOL-USD,6h
2022-10-31 00:00:00,32.42,33.41,32.94,33.39,344886.089,SOL-USD,6h
2022-10-31 06:00:00,32.89,34.39,33.4,34.03,486207.832,SOL-USD,6h
2022-10-31 12:00:00,32.61,34.16,34.03,32.7,638265.3,SOL-USD,6h
2022-10-31 18:00:00,32.2,32.96,32.69,32.56,264967.607,SOL-USD,6h
2022-11-01 00:00:00,32.5,33.0,32.56,32.76,205044.173,SOL-USD,6h
2022-11-01 06:00:00,32.71,33.39,32.77,32.9,258853.453,SOL-USD,6h
2022-11-01 12:00:00,32.16,33.14,32.91,32.21,312582.654,SOL-USD,6h
2022-11-01 18:00:00,32.15,32.53,32.21,32.2,222396.894,SOL-USD,6h
2022-11-02 00:00:00,31.92,32.41,32.2,32.12,224975.038,SOL-USD,6h
2022-11-02 06:00:00,31.09,32.14,32.12,31.3,182584.387,SOL-USD,6h
2022-11-02 12:00:00,31.06,31.64,31.3,31.38,216817.309,SOL-USD,6h
2022-11-02 18:00:00,30.23,32.95,31.38,30.83,993445.734,SOL-USD,6h
2022-11-03 00:00:00,30.62,32.25,30.82,32.02,331608.738,SOL-USD,6h
2022-11-03 06:00:00,31.13,32.08,32.02,31.26,208846.77,SOL-USD,6h
2022-11-03 12:00:00,30.86,31.57,31.26,31.22,285152.074,SOL-USD,6h
2022-11-03 18:00:00,30.61,31.44,31.22,30.86,168248.517,SOL-USD,6h
2022-11-04 00:00:00,30.66,32.06,30.85,31.95,267054.621,SOL-USD,6h
2022-11-04 06:00:00,31.96,32.77,31.96,32.31,279511.7,SOL-USD,6h
2022-11-04 12:00:00,31.86,33.99,32.31,32.83,855255.433,SOL-USD,6h
2022-11-04 18:00:00,32.7,34.21,32.83,33.74,599511.632,SOL-USD,6h
2022-11-05 00:00:00,33.67,35.04,33.73,34.61,492270.597,SOL-USD,6h
2022-11-05 06:00:00,34.58,35.58,34.6,35.43,296780.537,SOL-USD,6h
2022-11-05 12:00:00,34.38,38.79,35.42,36.88,1407766.588,SOL-USD,6h
2022-11-05 18:00:00,35.76,37.34,36.86,36.9,539485.54,SOL-USD,6h
2022-11-06 00:00:00,35.51,37.06,36.9,35.6,346518.851,SOL-USD,6h
2022-11-06 06:00:00,35.53,36.41,35.61,35.75,196288.875,SOL-USD,6h
2022-11-06 12:00:00,34.51,36.0,35.75,34.78,487507.356,SOL-USD,6h
2022-11-06 18:00:00,32.32,34.8,34.78,32.61,722656.151,SOL-USD,6h
2022-11-07 00:00:00,32.0,33.14,32.6,32.26,641159.308,SOL-USD,6h
2022-11-07 06:00:00,30.68,32.37,32.26,31.62,644775.598,SOL-USD,6h
2022-11-07 12:00:00,30.87,32.91,31.61,32.14,990740.486,SOL-USD,6h
2022-11-07 18:00:00,28.17,32.84,32.13,29.64,1460734.372,SOL-USD,6h
2022-11-08 00:00:00,24.81,29.7,29.63,26.17,4692942.452,SOL-USD,6h
2022-11-08 06:00:00,25.8,29.08,26.17,28.01,1595915.759,SOL-USD,6h
2022-11-08 12:00:00,25.17,31.78,28.0,25.51,2857710.317,SOL-USD,6h
2022-11-08 18:00:00,22.51,26.22,25.53,24.33,3057932.59,SOL-USD,6h
2022-11-09 00:00:00,20.14,24.65,24.33,20.51,2294646.859,SOL-USD,6h
2022-11-09 06:00:00,16.07,21.97,20.5,20.25,3943750.895,SOL-USD,6h
2022-11-09 12:00:00,14.8,21.13,20.21,14.8,4037678.587,SOL-USD,6h
2022-11-09 18:00:00,12.09,15.52,14.8,13.97,5550030.679,SOL-USD,6h
2022-11-10 00:00:00,13.12,15.85,13.95,15.11,2968017.881,SOL-USD,6h
2022-11-10 06:00:00,12.68,15.96,15.11,14.09,2273255.983,SOL-USD,6h
2022-11-10 12:00:00,13.9,19.16,14.1,16.71,3383628.82,SOL-USD,6h
2022-11-10 18:00:00,16.47,18.41,16.73,17.6,1756317.093,SOL-USD,6h
2022-11-11 00:00:00,15.64,18.05,17.6,17.09,1294716.277,SOL-USD,6h
2022-11-11 06:00:00,16.77,18.27,17.08,18.1,749568.401,SOL-USD,6h
2022-11-11 12:00:00,15.11,18.23,18.09,16.34,1637690.799,SOL-USD,6h
2022-11-11 18:00:00,15.29,16.62,16.32,16.31,1647467.469,SOL-USD,6h
2022-11-12 00:00:00,14.74,16.36,16.31,14.95,824272.108,SOL-USD,6h
2022-11-12 06:00:00,14.85,15.87,14.94,15.29,627699.303,SOL-USD,6h
2022-11-12 12:00:00,14.74,15.51,15.29,15.09,753069.031,SOL-USD,6h
2022-11-12 18:00:00,14.44,15.22,15.1,14.57,556035.195,SOL-USD,6h
2022-11-13 00:00:00,14.02,14.71,14.57,14.45,933004.733,SOL-USD,6h
2022-11-13 06:00:00,13.32,14.49,14.45,13.77,701682.908,SOL-USD,6h
2022-11-13 12:00:00,13.59,14.4,13.75,13.85,718327.544,SOL-USD,6h
2022-11-13 18:00:00,13.0,14.0,13.85,13.18,931202.97,SOL-USD,6h
2022-11-14 00:00:00,12.22,13.32,13.17,12.5,1231222.42,SOL-USD,6h
2022-11-14 06:00:00,12.46,14.97,12.49,14.22,1107228.589,SOL-USD,6h
2022-11-14 12:00:00,13.4,14.99,14.21,13.72,1078121.901,SOL-USD,6h
2022-11-14 18:00:00,13.54,14.21,13.72,13.98,1092720.123,SOL-USD,6h
2022-11-15 00:00:00,13.79,14.43,13.98,13.97,836292.978,SOL-USD,6h
2022-11-15 06:00:00,13.95,14.89,13.96,14.53,473654.671,SOL-USD,6h
2022-11-15 12:00:00,14.05,15.1,14.54,14.43,1073325.805,SOL-USD,6h
2022-11-15 18:00:00,13.98,14.43,14.43,14.29,885939.534,SOL-USD,6h
2022-11-16 00:00:00,14.06,14.57,14.28,14.48,576896.486,SOL-USD,6h
2022-11-16 06:00:00,14.06,14.61,14.48,14.17,362533.206,SOL-USD,6h
2022-11-16 12:00:00,13.62,14.18,14.16,14.1,603418.957,SOL-USD,6h
2022-11-16 18:00:00,14.05,14.41,14.09,14.26,441012.62,SOL-USD,6h
2022-11-17 00:00:00,14.06,14.52,14.26,14.25,510659.601,SOL-USD,6h
2022-11-17 06:00:00,14.07,14.42,14.24,14.2,238243.886,SOL-USD,6h
2022-11-17 12:00:00,12.92,14.23,14.2,13.7,1733891.377,SOL-USD,6h
2022-11-17 18:00:00,13.32,13.78,13.69,13.64,956316.699,SOL-USD,6h
2022-11-18 00:00:00,13.52,13.87,13.64,13.6,509796.879,SOL-USD,6h
2022-11-18 06:00:00,13.44,13.72,13.6,13.53,354743.096,SOL-USD,6h
2022-11-18 12:00:00,13.0,13.62,13.54,13.08,657057.215,SOL-USD,6h
2022-11-18 18:00:00,12.97,13.27,13.06,13.25,446433.109,SOL-USD,6h
2022-11-19 00:00:00,12.63,13.26,13.24,12.85,479140.565,SOL-USD,6h
2022-11-19 06:00:00,12.77,12.98,12.84,12.84,198792.379,SOL-USD,6h
2022-11-19 12:00:00,12.57,12.89,12.83,12.7,411379.694,SOL-USD,6h
2022-11-19 18:00:00,12.65,12.96,12.69,12.82,308956.444,SOL-USD,6h
2022-11-20 00:00:00,12.68,13.57,12.84,13.12,446701.515,SOL-USD,6h
2022-11-20 06:00:00,12.53,13.18,13.12,12.55,267516.646,SOL-USD,6h
2022-11-20 12:00:00,12.46,13.11,12.54,12.69,526165.031,SOL-USD,6h
2022-11-20 18:00:00,12.11,12.8,12.68,12.26,597244.979,SOL-USD,6h
2022-11-21 00:00:00,11.54,12.28,12.25,11.96,823596.979,SOL-USD,6h
2022-11-21 06:00:00,11.52,11.99,11.95,11.81,421648.068,SOL-USD,6h
2022-11-21 12:00:00,11.62,12.16,11.81,11.69,777530.22,SOL-USD,6h
2022-11-21 18:00:00,11.26,11.99,11.68,11.82,1058995.368,SOL-USD,6h
2022-11-22 00:00:00,11.56,12.04,11.81,11.6,515305.34,SOL-USD,6h
2022-11-22 06:00:00,11.0,11.63,11.59,11.02,629374.864,SOL-USD,6h
2022-11-22 12:00:00,10.94,12.15,11.02,11.69,1385506.957,SOL-USD,6h
2022-11-22 18:00:00,11.65,12.5,11.69,12.43,787771.392,SOL-USD,6h
2022-11-23 00:00:00,12.38,13.43,12.43,12.83,1096138.282,SOL-USD,6h
2022-11-23 06:00:00,12.83,13.46,12.83,13.33,703558.848,SOL-USD,6h
2022-11-23 12:00:00,12.7,13.43,13.32,13.15,1152701.041,SOL-USD,6h
2022-11-23 18:00:00,13.12,14.5,13.15,14.32,1889172.65,SOL-USD,6h
2022-11-24 00:00:00,13.97,14.94,14.32,14.24,1172021.726,SOL-USD,6h
2022-11-24 06:00:00,13.84,14.59,14.25,14.06,574744.587,SOL-USD,6h
2022-11-24 12:00:00,13.98,14.78,14.08,14.52,910082.367,SOL-USD,6h
2022-11-24 18:00:00,14.27,14.68,14.5,14.59,496646.902,SOL-USD,6h
2022-11-25 00:00:00,13.89,14.6,14.59,13.98,720613.008,SOL-USD,6h
2022-11-25 06:00:00,13.96,14.48,13.98,14.32,419775.014,SOL-USD,6h
2022-11-25 12:00:00,13.95,14.43,14.31,14.04,427227.114,SOL-USD,6h
2022-11-25 18:00:00,14.0,14.3,14.04,14.02,407333.148,SOL-USD,6h
2022-11-26 00:00:00,13.98,14.58,14.03,14.42,416818.414,SOL-USD,6h
2022-11-26 06:00:00,14.23,14.96,14.41,14.75,537790.449,SOL-USD,6h
2022-11-26 12:00:00,14.13,14.75,14.75,14.2,423304.275,SOL-USD,6h
2022-11-26 18:00:00,13.95,14.26,14.2,14.17,389477.303,SOL-USD,6h
2022-11-27 00:00:00,14.06,14.44,14.17,14.29,353387.509,SOL-USD,6h
2022-11-27 06:00:00,14.14,14.43,14.29,14.35,433196.238,SOL-USD,6h
2022-11-27 12:00:00,14.16,14.43,14.35,14.26,336040.401,SOL-USD,6h
2022-11-27 18:00:00,14.04,14.44,14.25,14.11,420713.95,SOL-USD,6h
2022-11-28 00:00:00,12.78,14.17,14.11,13.38,1671581.728,SOL-USD,6h
2022-11-28 06:00:00,13.26,13.6,13.38,13.46,445394.224,SOL-USD,6h
2022-11-28 12:00:00,12.94,13.75,13.45,13.4,869306.543,SOL-USD,6h
2022-11-28 18:00:00,13.21,13.46,13.4,13.33,395916.443,SOL-USD,6h
2022-11-29 00:00:00,13.14,13.89,13.32,13.69,562511.742,SOL-USD,6h
2022-11-29 06:00:00,13.6,13.95,13.71,13.65,278101.333,SOL-USD,6h
2022-11-29 12:00:00,13.27,13.67,13.65,13.34,417344.685,SOL-USD,6h
2022-11-29 18:00:00,13.26,13.47,13.33,13.35,480848.804,SOL-USD,6h
2022-11-30 00:00:00,13.32,13.93,13.34,13.59,841190.783,SOL-USD,6h
2022-11-30 06:00:00,13.58,13.81,13.59,13.72,326250.56,SOL-USD,6h
2022-11-30 12:00:00,13.22,13.73,13.71,13.37,479433.849,SOL-USD,6h
2022-11-30 18:00:00,13.24,14.33,13.38,14.17,920391.016,SOL-USD,6h
2022-12-01 00:00:00,13.8,14.19,14.18,13.9,330021.272,SOL-USD,6h
2022-12-01 06:00:00,13.75,13.93,13.9,13.83,199215.182,SOL-USD,6h
2022-12-01 12:00:00,13.45,13.95,13.83,13.63,592201.067,SOL-USD,6h
2022-12-01 18:00:00,13.4,13.64,13.63,13.52,316918.234,SOL-USD,6h
2022-12-02 00:00:00,13.33,13.68,13.52,13.48,250751.619,SOL-USD,6h
2022-12-02 06:00:00,13.44,13.68,13.48,13.61,208991.464,SOL-USD,6h
2022-12-02 12:00:00,13.37,13.83,13.61,13.59,453247.562,SOL-USD,6h
2022-12-02 18:00:00,13.59,13.8,13.59,13.72,262135.229,SOL-USD,6h
2022-12-03 00:00:00,13.57,13.77,13.71,13.65,147316.844,SOL-USD,6h
2022-12-03 06:00:00,13.45,13.66,13.65,13.5,143833.12,SOL-USD,6h
2022-12-03 12:00:00,13.48,13.62,13.49,13.57,167587.827,SOL-USD,6h
2022-12-03 18:00:00,13.22,13.58,13.57,13.3,215404.53,SOL-USD,6h
2022-12-04 00:00:00,13.27,13.54,13.29,13.46,157314.301,SOL-USD,6h
2022-12-04 06:00:00,13.35,13.5,13.46,13.38,85010.356,SOL-USD,6h
2022-12-04 12:00:00,13.35,13.55,13.38,13.5,181569.126,SOL-USD,6h
2022-12-04 18:00:00,13.5,13.75,13.51,13.71,242988.477,SOL-USD,6h
2022-12-05 00:00:00,13.66,14.17,13.71,14.01,517705.047,SOL-USD,6h
2022-12-05 06:00:00,13.84,14.1,14.01,13.99,171770.255,SOL-USD,6h
2022-12-05 12:00:00,13.64,14.01,13.99,13.91,425029.836,SOL-USD,6h
2022-12-05 18:00:00,13.58,14.0,13.91,13.82,346724.709,SOL-USD,6h
2022-12-06 00:00:00,13.81,14.39,13.82,14.04,706049.29,SOL-USD,6h
2022-12-06 06:00:00,13.88,14.19,14.04,14.01,243688.429,SOL-USD,6h
2022-12-06 12:00:00,13.91,14.12,14.02,14.06,313212.495,SOL-USD,6h
2022-12-06 18:00:00,13.93,14.32,14.06,14.29,324573.032,SOL-USD,6h
2022-12-07 00:00:00,13.97,14.33,14.3,13.97,321714.997,SOL-USD,6h
2022-12-07 06:00:00,13.42,13.99,13.97,13.61,569048.06,SOL-USD,6h
2022-12-07 12:00:00,13.59,13.74,13.61,13.6,282783.118,SOL-USD,6h
2022-12-07 18:00:00,13.46,13.65,13.6,13.5,207413.018,SOL-USD,6h
2022-12-08 00:00:00,13.31,13.55,13.5,13.35,233941.751,SOL-USD,6h
2022-12-08 06:00:00,13.27,13.57,13.34,13.5,173824.881,SOL-USD,6h
2022-12-08 12:00:00,13.44,13.62,13.5,13.56,218805.312,SOL-USD,6h
2022-12-08 18:00:00,13.56,13.78,13.56,13.69,282305.245,SOL-USD,6h
2022-12-09 00:00:00,13.62,13.79,13.68,13.65,173022.461,SOL-USD,6h
2022-12-09 06:00:00,13.64,14.02,13.66,13.86,251566.554,SOL-USD,6h
2022-12-09 12:00:00,13.62,13.93,13.86,13.65,358453.458,SOL-USD,6h
2022-12-09 18:00:00,13.49,13.65,13.65,13.58,258159.215,SOL-USD,6h
2022-12-10 00:00:00,13.54,13.73,13.58,13.63,113584.153,SOL-USD,6h
2022-12-10 06:00:00,13.56,13.67,13.63,13.59,73218.966,SOL-USD,6h
2022-12-10 12:00:00,13.56,13.71,13.6,13.62,115048.591,SOL-USD,6h
2022-12-10 18:00:00,13.55,13.69,13.62,13.57,123310.223,SOL-USD,6h
2022-12-11 00:00:00,13.53,13.67,13.57,13.66,92508.959,SOL-USD,6h
2022-12-11 06:00:00,13.62,13.67,13.66,13.64,51141.967,SOL-USD,6h
2022-12-11 12:00:00,13.61,13.76,13.64,13.71,147181.186,SOL-USD,6h
2022-12-11 18:00:00,13.38,13.8,13.71,13.42,335456.831,SOL-USD,6h
2022-12-12 00:00:00,12.81,13.49,13.42,13.02,697486.418,SOL-USD,6h
2022-12-12 06:00:00,12.96,13.23,13.03,13.17,177243.785,SOL-USD,6h
2022-12-12 12:00:00,13.0,13.22,13.17,13.17,452364.006,SOL-USD,6h
2022-12-12 18:00:00,13.14,13.39,13.17,13.33,346957.688,SOL-USD,6h
2022-12-13 00:00:00,12.97,13.39,13.33,13.11,277615.387,SOL-USD,6h
2022-12-13 06:00:00,12.78,13.36,13.11,13.35,404638.194,SOL-USD,6h
2022-12-13 12:00:00,13.18,14.16,13.36,13.6,1049406.241,SOL-USD,6h
2022-12-13 18:00:00,13.58,13.9,13.6,13.89,302606.162,SOL-USD,6h
2022-12-14 00:00:00,13.79,14.03,13.89,13.83,318073.399,SOL-USD,6h
2022-12-14 06:00:00,13.82,14.02,13.83,13.97,239405.775,SOL-USD,6h
2022-12-14 12:00:00,13.95,14.83,13.97,14.71,1149830.955,SOL-USD,6h
2022-12-14 18:00:00,14.06,14.96,14.7,14.12,1478100.936,SOL-USD,6h
2022-12-15 00:00:00,13.86,14.53,14.13,14.26,598922.343,SOL-USD,6h
2022-12-15 06:00:00,14.02,14.31,14.25,14.11,331245.574,SOL-USD,6h
2022-12-15 12:00:00,13.87,14.16,14.1,13.94,561028.854,SOL-USD,6h
2022-12-15 18:00:00,13.9,14.21,13.93,14.05,443749.295,SOL-USD,6h
2022-12-16 00:00:00,13.89,14.17,14.04,14.0,359225.277,SOL-USD,6h
2022-12-16 06:00:00,13.35,14.1,13.99,13.51,723422.68,SOL-USD,6h
2022-12-16 12:00:00,12.63,13.5,13.5,12.91,1491722.211,SOL-USD,6h
2022-12-16 18:00:00,11.98,13.1,12.91,12.24,1101636.993,SOL-USD,6h
2022-12-17 00:00:00,11.93,12.38,12.25,12.27,1065140.152,SOL-USD,6h
2022-12-17 06:00:00,12.18,12.56,12.27,12.32,588799.96,SOL-USD,6h
2022-12-17 12:00:00,12.15,12.36,12.31,12.2,460693.98,SOL-USD,6h
2022-12-17 18:00:00,12.16,12.55,12.21,12.51,356070.63,SOL-USD,6h
2022-12-18 00:00:00,12.38,12.6,12.51,12.47,234787.24,SOL-USD,6h
2022-12-18 06:00:00,12.27,12.51,12.48,12.39,293430.4,SOL-USD,6h
2022-12-18 12:00:00,12.28,12.46,12.4,12.4,208495.357,SOL-USD,6h
2022-12-18 18:00:00,12.34,12.61,12.4,12.37,479057.914,SOL-USD,6h
2022-12-19 00:00:00,12.17,12.59,12.37,12.26,479332.74,SOL-USD,6h
2022-12-19 06:00:00,12.18,12.36,12.25,12.28,303861.035,SOL-USD,6h
2022-12-19 12:00:00,11.93,12.34,12.28,12.07,857590.129,SOL-USD,6h
2022-12-19 18:00:00,11.67,12.14,12.06,11.94,944931.196,SOL-USD,6h
2022-12-20 00:00:00,11.83,12.45,11.93,12.32,753019.478,SOL-USD,6h
2022-12-20 06:00:00,12.31,12.45,12.33,12.37,296649.8,SOL-USD,6h
2022-12-20 12:00:00,12.14,12.48,12.38,12.16,624539.798,SOL-USD,6h
2022-12-20 18:00:00,12.12,12.32,12.16,12.26,401434.739,SOL-USD,6h
2022-12-21 00:00:00,11.93,12.29,12.26,12.09,467004.17,SOL-USD,6h
2022-12-21 06:00:00,11.97,12.16,12.09,12.1,324453.743,SOL-USD,6h
2022-12-21 12:00:00,11.94,12.12,12.09,12.06,422098.382,SOL-USD,6h
2022-12-21 18:00:00,11.9,12.22,12.06,12.14,428895.312,SOL-USD,6h
2022-12-22 00:00:00,12.04,12.19,12.14,12.07,237463.239,SOL-USD,6h
2022-12-22 06:00:00,11.98,12.17,12.07,12.12,246392.181,SOL-USD,6h
2022-12-22 12:00:00,11.72,12.16,12.11,11.73,662623.157,SOL-USD,6h
2022-12-22 18:00:00,11.67,12.08,11.74,11.8,797482.518,SOL-USD,6h
2022-12-23 00:00:00,11.71,12.11,11.8,11.95,454416.798,SOL-USD,6h
2022-12-23 06:00:00,11.8,11.97,11.95,11.88,282444.077,SOL-USD,6h
2022-12-23 12:00:00,11.76,11.96,11.88,11.82,512064.146,SOL-USD,6h
2022-12-23 18:00:00,11.73,11.87,11.83,11.78,223567.233,SOL-USD,6h
2022-12-24 00:00:00,11.1,11.79,11.78,11.38,782220.627,SOL-USD,6h
2022-12-24 06:00:00,11.17,11.39,11.38,11.32,788745.001,SOL-USD,6h
2022-12-24 12:00:00,11.27,11.46,11.32,11.45,366750.484,SOL-USD,6h
2022-12-24 18:00:00,11.35,11.61,11.45,11.45,398105.672,SOL-USD,6h
2022-12-25 00:00:00,11.4,11.5,11.45,11.46,148977.784,SOL-USD,6h
2022-12-25 06:00:00,11.37,11.55,11.46,11.4,192335.726,SOL-USD,6h
2022-12-25 12:00:00,11.23,11.44,11.39,11.31,249789.985,SOL-USD,6h
2022-12-25 18:00:00,11.27,11.45,11.3,11.39,222202.569,SOL-USD,6h
2022-12-26 00:00:00,11.25,11.49,11.39,11.34,302270.817,SOL-USD,6h
2022-12-26 06:00:00,11.26,11.37,11.34,11.35,293933.769,SOL-USD,6h
2022-12-26 12:00:00,11.06,11.37,11.34,11.18,442567.244,SOL-USD,6h
2022-12-26 18:00:00,11.13,11.35,11.18,11.33,260912.507,SOL-USD,6h
2022-12-27 00:00:00,11.19,11.45,11.34,11.19,377247.386,SOL-USD,6h
2022-12-27 06:00:00,11.1,11.26,11.2,11.13,247443.085,SOL-USD,6h
2022-12-27 12:00:00,10.71,11.16,11.13,10.79,868778.259,SOL-USD,6h
2022-12-27 18:00:00,10.72,11.16,10.79,11.09,557875.251,SOL-USD,6h
2022-12-28 00:00:00,9.66,11.12,11.1,9.94,1552218.949,SOL-USD,6h
2022-12-28 06:00:00,9.84,10.2,9.94,10.02,1128728.297,SOL-USD,6h
2022-12-28 12:00:00,9.86,10.37,10.01,10.03,2066669.482,SOL-USD,6h
2022-12-28 18:00:00,9.41,10.09,10.03,9.76,1878900.211,SOL-USD,6h
2022-12-29 00:00:00,9.52,9.88,9.77,9.72,1016385.114,SOL-USD,6h
2022-12-29 06:00:00,9.26,9.74,9.71,9.44,1033632.433,SOL-USD,6h
2022-12-29 12:00:00,9.31,9.52,9.45,9.35,1105571.433,SOL-USD,6h
2022-12-29 18:00:00,8.0,10.89,9.35,9.64,5752165.327,SOL-USD,6h
2022-12-30 00:00:00,9.3,10.27,9.64,9.33,5548655.177,SOL-USD,6h
2022-12-30 06:00:00,9.03,9.49,9.32,9.13,1234819.293,SOL-USD,6h
2022-12-30 12:00:00,9.11,10.03,9.12,9.82,2256105.403,SOL-USD,6h
2022-12-30 18:00:00,9.7,10.07,9.83,9.92,1833095.236,SOL-USD,6h
2022-12-31 00:00:00,9.66,10.06,9.91,9.72,974935.034,SOL-USD,6h
2022-12-31 06:00:00,9.71,9.92,9.72,9.86,492217.443,SOL-USD,6h
2022-12-31 12:00:00,9.86,10.2,9.87,9.97,932395.9,SOL-USD,6h
2022-12-31 18:00:00,9.85,10.16,9.97,9.97,773437.036,SOL-USD,6h
2023-01-01 00:00:00,9.71,10.08,9.96,9.79,848103.146,SOL-USD,6h
2023-01-01 06:00:00,9.68,9.98,9.79,9.92,554718.55,SOL-USD,6h
2023-01-01 12:00:00,9.8,9.96,9.93,9.95,470585.448,SOL-USD,6h
2023-01-01 18:00:00,9.93,10.06,9.95,9.99,419972.701,SOL-USD,6h
2023-01-02 00:00:00,9.79,10.03,9.98,9.99,484992.893,SOL-USD,6h
2023-01-02 06:00:00,9.95,12.0,9.99,11.02,2969333.482,SOL-USD,6h
2023-01-02 12:00:00,11.0,11.23,11.01,11.15,1220368.444,SOL-USD,6h
2023-01-02 18:00:00,11.12,11.49,11.14,11.29,953046.981,SOL-USD,6h
2023-01-03 00:00:00,11.0,11.81,11.28,11.8,1089755.553,SOL-USD,6h
2023-01-03 06:00:00,11.71,12.05,11.79,11.84,1163116.579,SOL-USD,6h
2023-01-03 12:00:00,11.79,13.91,11.85,12.88,3746953.022,SOL-USD,6h
2023-01-03 18:00:00,12.71,13.49,12.89,13.39,2002851.298,SOL-USD,6h
2023-01-04 00:00:00,13.25,14.07,13.38,13.72,2946576.669,SOL-USD,6h
2023-01-04 06:00:00,13.57,14.25,13.71,13.64,1533369.743,SOL-USD,6h
2023-01-04 12:00:00,13.17,13.73,13.64,13.45,1590503.454,SOL-USD,6h
2023-01-04 18:00:00,12.81,13.66,13.45,13.42,2022725.128,SOL-USD,6h
2023-01-05 00:00:00,13.04,13.48,13.41,13.31,981751.604,SOL-USD,6h
2023-01-05 06:00:00,12.94,13.35,13.31,13.26,709268.33,SOL-USD,6h
2023-01-05 12:00:00,13.03,13.39,13.26,13.08,811974.54,SOL-USD,6h
2023-01-05 18:00:00,13.06,13.87,13.08,13.43,1240734.6,SOL-USD,6h
2023-01-06 00:00:00,13.09,13.57,13.42,13.18,920326.488,SOL-USD,6h
2023-01-06 06:00:00,12.87,13.25,13.18,13.0,769464.89,SOL-USD,6h
2023-01-06 12:00:00,12.68,13.31,13.0,13.2,1222179.301,SOL-USD,6h
2023-01-06 18:00:00,13.16,13.6,13.2,13.5,836095.463,SOL-USD,6h
2023-01-07 00:00:00,13.2,13.51,13.5,13.31,490860.826,SOL-USD,6h
2023-01-07 06:00:00,13.13,13.33,13.31,13.15,351258.031,SOL-USD,6h
2023-01-07 12:00:00,13.14,13.28,13.15,13.22,259172.702,SOL-USD,6h
2023-01-07 18:00:00,13.01,13.25,13.21,13.1,280276.269,SOL-USD,6h
2023-01-08 00:00:00,12.85,13.43,13.09,13.32,805631.601,SOL-USD,6h
2023-01-08 06:00:00,13.26,13.77,13.32,13.51,544727.515,SOL-USD,6h
2023-01-08 12:00:00,13.44,13.93,13.5,13.57,994090.38,SOL-USD,6h
2023-01-08 18:00:00,13.47,14.89,13.57,14.47,1279364.972,SOL-USD,6h
2023-01-09 00:00:00,14.27,16.81,14.45,16.08,4408729.2,SOL-USD,6h
2023-01-09 06:00:00,15.93,16.81,16.09,16.37,2044968.585,SOL-USD,6h
2023-01-09 12:00:00,16.1,17.56,16.37,16.8,3542308.432,SOL-USD,6h
2023-01-09 18:00:00,16.01,16.96,16.79,16.25,2219208.93,SOL-USD,6h
2023-01-10 00:00:00,15.57,16.59,16.25,16.18,1587612.444,SOL-USD,6h
2023-01-10 06:00:00,15.82,16.35,16.18,16.04,1281446.176,SOL-USD,6h
2023-01-10 12:00:00,15.82,16.5,16.03,16.36,1610935.222,SOL-USD,6h
2023-01-10 18:00:00,16.14,16.73,16.36,16.21,1020830.316,SOL-USD,6h
2023-01-11 00:00:00,15.85,16.33,16.2,15.99,968242.458,SOL-USD,6h
2023-01-11 06:00:00,15.95,16.16,15.98,16.04,350915.033,SOL-USD,6h
2023-01-11 12:00:00,15.28,16.03,16.03,15.55,1135849.168,SOL-USD,6h
2023-01-11 18:00:00,15.54,16.61,15.55,16.36,1334582.408,SOL-USD,6h
2023-01-12 00:00:00,16.14,17.0,16.37,16.22,1311818.26,SOL-USD,6h
2023-01-12 06:00:00,15.9,16.34,16.23,16.08,572554.565,SOL-USD,6h
2023-01-12 12:00:00,15.57,16.63,16.08,16.6,1788009.415,SOL-USD,6h
2023-01-12 18:00:00,16.3,16.81,16.6,16.6,1230706.796,SOL-USD,6h
2023-01-13 00:00:00,16.3,17.36,16.59,16.81,1347919.807,SOL-USD,6h
2023-01-13 06:00:00,16.55,17.11,16.81,16.67,922711.524,SOL-USD,6h
2023-01-13 12:00:00,16.47,16.97,16.68,16.89,908619.832,SOL-USD,6h
2023-01-13 18:00:00,16.73,18.63,16.9,18.3,2203367.325,SOL-USD,6h
2023-01-14 00:00:00,18.21,24.44,18.3,23.78,5612112.714,SOL-USD,6h
2023-01-14 06:00:00,21.31,24.75,23.8,22.38,3676785.381,SOL-USD,6h
2023-01-14 12:00:00,21.81,23.62,22.38,22.87,2600273.625,SOL-USD,6h
2023-01-14 18:00:00,22.49,24.73,22.85,24.25,1810018.974,SOL-USD,6h
2023-01-15 00:00:00,22.52,25.0,24.26,22.99,2075929.255,SOL-USD,6h
2023-01-15 06:00:00,21.97,23.09,22.98,22.88,1002628.701,SOL-USD,6h
2023-01-15 12:00:00,22.7,23.88,22.89,23.3,1665846.413,SOL-USD,6h
2023-01-15 18:00:00,22.65,23.42,23.31,22.88,1062343.272,SOL-USD,6h
2023-01-16 00:00:00,22.45,24.19,22.9,23.52,1571722.407,SOL-USD,6h
2023-01-16 06:00:00,22.88,25.0,23.53,23.4,2002644.8,SOL-USD,6h
2023-01-16 12:00:00,22.25,23.55,23.39,23.29,1381605.527,SOL-USD,6h
2023-01-16 18:00:00,23.09,24.22,23.29,23.59,1395386.649,SOL-USD,6h
2023-01-17 00:00:00,22.79,23.82,23.58,23.54,815626.941,SOL-USD,6h
2023-01-17 06:00:00,23.24,23.92,23.54,23.74,502919.137,SOL-USD,6h
2023-01-17 12:00:00,23.04,23.98,23.75,23.36,1134364.695,SOL-USD,6h
2023-01-17 18:00:00,22.7,23.69,23.36,22.86,704503.195,SOL-USD,6h
2023-01-18 00:00:00,22.62,23.32,22.86,23.24,971521.703,SOL-USD,6h
2023-01-18 06:00:00,22.07,23.26,23.24,22.52,660921.327,SOL-USD,6h
2023-01-18 12:00:00,20.22,23.64,22.52,21.82,2367236.994,SOL-USD,6h
2023-01-18 18:00:00,20.67,22.26,21.82,20.78,1297198.768,SOL-USD,6h
2023-01-19 00:00:00,20.77,21.8,20.77,21.45,833728.7,SOL-USD,6h
2023-01-19 06:00:00,20.8,21.53,21.45,20.94,468078.305,SOL-USD,6h
2023-01-19 12:00:00,20.41,21.3,20.94,20.98,1005300.066,SOL-USD,6h
2023-01-19 18:00:00,20.89,21.88,20.97,21.39,838757.597,SOL-USD,6h
2023-01-20 00:00:00,20.97,21.63,21.39,21.07,903244.05,SOL-USD,6h
2023-01-20 06:00:00,20.93,21.24,21.06,21.14,431932.508,SOL-USD,6h
2023-01-20 12:00:00,21.08,22.58,21.13,22.5,989107.074,SOL-USD,6h
2023-01-20 18:00:00,22.48,25.83,22.51,25.51,2887631.065,SOL-USD,6h
2023-01-21 00:00:00,24.32,25.86,25.5,24.78,1393566.436,SOL-USD,6h
2023-01-21 06:00:00,24.33,26.47,24.77,25.2,2382803.574,SOL-USD,6h
2023-01-21 12:00:00,25.07,26.09,25.19,25.42,1397350.884,SOL-USD,6h
2023-01-21 18:00:00,24.51,25.84,25.41,24.56,1051927.081,SOL-USD,6h
2023-01-22 00:00:00,24.4,25.44,24.56,25.15,941933.482,SOL-USD,6h
2023-01-22 06:00:00,24.79,25.37,25.15,24.9,673720.016,SOL-USD,6h
2023-01-22 12:00:00,24.65,25.42,24.91,25.18,941917.727,SOL-USD,6h
2023-01-22 18:00:00,23.49,25.22,25.18,24.22,1541792.865,SOL-USD,6h
2023-01-23 00:00:00,24.09,24.93,24.23,24.49,707391.771,SOL-USD,6h
2023-01-23 06:00:00,24.18,24.8,24.49,24.62,621175.92,SOL-USD,6h
2023-01-23 12:00:00,23.71,24.74,24.63,24.66,1264532.244,SOL-USD,6h
2023-01-23 18:00:00,23.96,24.75,24.66,24.34,779243.45,SOL-USD,6h
2023-01-24 00:00:00,24.06,25.23,24.34,24.87,718139.818,SOL-USD,6h
2023-01-24 06:00:00,24.3,24.97,24.86,24.48,451456.71,SOL-USD,6h
2023-01-24 12:00:00,24.01,24.61,24.48,24.31,505093.806,SOL-USD,6h
2023-01-24 18:00:00,22.36,24.53,24.31,22.77,985241.005,SOL-USD,6h
2023-01-25 00:00:00,22.21,23.09,22.76,23.0,712028.078,SOL-USD,6h
2023-01-25 06:00:00,22.91,23.44,23.01,23.14,318471.271,SOL-USD,6h
2023-01-25 12:00:00,22.7,24.58,23.14,23.57,1407195.626,SOL-USD,6h
2023-01-25 18:00:00,23.5,25.43,23.56,24.53,1369467.55,SOL-USD,6h
2023-01-26 00:00:00,24.43,25.23,24.53,24.81,642657.169,SOL-USD,6h
2023-01-26 06:00:00,24.09,24.95,24.81,24.33,375225.345,SOL-USD,6h
2023-01-26 12:00:00,23.77,25.12,24.32,24.36,833441.38,SOL-USD,6h
2023-01-26 18:00:00,24.2,24.72,24.36,24.35,360958.568,SOL-USD,6h
2023-01-27 00:00:00,23.32,24.52,24.35,23.99,584440.657,SOL-USD,6h
2023-01-27 06:00:00,23.59,24.05,23.99,23.72,259771.925,SOL-USD,6h
2023-01-27 12:00:00,23.32,24.58,23.71,24.51,933435.09,SOL-USD,6h
2023-01-27 18:00:00,24.02,24.96,24.51,24.44,793495.797,SOL-USD,6h
2023-01-28 00:00:00,24.3,25.21,24.42,24.6,498967.831,SOL-USD,6h
2023-01-28 06:00:00,24.18,24.68,24.6,24.31,212103.895,SOL-USD,6h
2023-01-28 12:00:00,23.72,24.32,24.32,24.15,373127.74,SOL-USD,6h
2023-01-28 18:00:00,23.75,24.16,24.15,24.01,258886.706,SOL-USD,6h
2023-01-29 00:00:00,23.72,24.68,24.01,24.18,428803.107,SOL-USD,6h
2023-01-29 06:00:00,24.06,24.5,24.17,24.35,192241.95,SOL-USD,6h
2023-01-29 12:00:00,24.21,26.46,24.35,26.26,1144545.379,SOL-USD,6h
2023-01-29 18:00:00,25.81,26.77,26.27,26.07,1149186.229,SOL-USD,6h
2023-01-30 00:00:00,25.18,26.33,26.07,25.57,742702.386,SOL-USD,6h
2023-01-30 06:00:00,23.77,25.58,25.58,24.03,843160.393,SOL-USD,6h
2023-01-30 12:00:00,23.86,24.77,24.02,24.27,722859.684,SOL-USD,6h
2023-01-30 18:00:00,23.29,24.38,24.26,23.96,951699.913,SOL-USD,6h
2023-01-31 00:00:00,23.65,24.28,23.96,23.67,388230.96,SOL-USD,6h
2023-01-31 06:00:00,23.48,24.14,23.67,23.75,230626.472,SOL-USD,6h
2023-01-31 12:00:00,23.64,24.46,23.74,24.23,451641.201,SOL-USD,6h
2023-01-31 18:00:00,23.62,24.25,24.24,23.93,632749.801,SOL-USD,6h
2023-02-01 00:00:00,23.66,24.04,23.92,23.84,316467.6,SOL-USD,6h
2023-02-01 06:00:00,23.16,23.85,23.83,23.54,384721.131,SOL-USD,6h
2023-02-01 12:00:00,22.49,23.67,23.53,22.66,884725.415,SOL-USD,6h
2023-02-01 18:00:00,22.59,25.21,22.67,25.0,1678204.755,SOL-USD,6h
2023-02-02 00:00:00,24.95,25.79,25.0,25.08,727404.937,SOL-USD,6h
2023-02-02 06:00:00,24.73,25.16,25.08,25.01,335943.994,SOL-USD,6h
2023-02-02 12:00:00,24.59,25.66,25.01,25.43,934412.259,SOL-USD,6h
2023-02-02 18:00:00,24.04,26.15,25.42,24.32,1154174.856,SOL-USD,6h
2023-02-03 00:00:00,24.05,24.49,24.33,24.47,338450.282,SOL-USD,6h
2023-02-03 06:00:00,24.11,24.54,24.47,24.52,302280.147,SOL-USD,6h
2023-02-03 12:00:00,24.06,25.31,24.52,24.77,917643.574,SOL-USD,6h
2023-02-03 18:00:00,24.24,24.82,24.76,24.69,466927.091,SOL-USD,6h
2023-02-04 00:00:00,24.31,24.82,24.69,24.42,136011.986,SOL-USD,6h
2023-02-04 06:00:00,24.29,24.61,24.4,24.58,78541.911,SOL-USD,6h
2023-02-04 12:00:00,24.52,24.95,24.58,24.74,172748.705,SOL-USD,6h
2023-02-04 18:00:00,24.18,24.8,24.73,24.34,215596.649,SOL-USD,6h
2023-02-05 00:00:00,24.08,24.44,24.33,24.43,171929.75,SOL-USD,6h
2023-02-05 06:00:00,24.15,24.48,24.42,24.2,96362.388,SOL-USD,6h
2023-02-05 12:00:00,23.23,24.24,24.2,23.36,641382.365,SOL-USD,6h
2023-02-05 18:00:00,23.03,23.68,23.34,23.48,334479.709,SOL-USD,6h
2023-02-06 00:00:00,22.9,23.74,23.47,23.13,311186.4,SOL-USD,6h
2023-02-06 06:00:00,23.05,23.42,23.11,23.34,87103.11,SOL-USD,6h
2023-02-06 12:00:00,22.81,23.61,23.34,23.3,374727.073,SOL-USD,6h
2023-02-06 18:00:00,22.5,23.48,23.29,22.65,313112.727,SOL-USD,6h
2023-02-07 00:00:00,22.54,23.18,22.65,23.12,180232.214,SOL-USD,6h
2023-02-07 06:00:00,23.09,23.45,23.11,23.34,158886.183,SOL-USD,6h
2023-02-07 12:00:00,22.77,23.86,23.34,23.79,396962.787,SOL-USD,6h
2023-02-07 18:00:00,22.6,23.97,23.8,23.84,818404.03,SOL-USD,6h
2023-02-08 00:00:00,23.61,24.2,23.83,23.67,239390.999,SOL-USD,6h
2023-02-08 06:00:00,23.53,23.81,23.68,23.74,113191.341,SOL-USD,6h
2023-02-08 12:00:00,22.8,23.97,23.75,23.31,632999.098,SOL-USD,6h
2023-02-08 18:00:00,22.87,23.37,23.31,23.23,205395.413,SOL-USD,6h
2023-02-09 00:00:00,21.97,23.35,23.22,22.68,562751.742,SOL-USD,6h
2023-02-09 06:00:00,22.62,22.98,22.7,22.8,170117.548,SOL-USD,6h
2023-02-09 12:00:00,22.23,22.99,22.79,22.43,294646.363,SOL-USD,6h
2023-02-09 18:00:00,19.99,22.59,22.42,20.48,1101406.758,SOL-USD,6h
2023-02-10 00:00:00,20.29,20.94,20.49,20.76,465684.065,SOL-USD,6h
2023-02-10 06:00:00,20.63,21.23,20.75,20.7,372216.416,SOL-USD,6h
2023-02-10 12:00:00,20.44,21.03,20.7,20.78,361882.379,SOL-USD,6h
2023-02-10 18:00:00,19.71,20.98,20.78,20.11,527303.544,SOL-USD,6h
2023-02-11 00:00:00,20.11,20.5,20.11,20.26,325268.537,SOL-USD,6h
2023-02-11 06:00:00,20.21,20.39,20.26,20.32,79750.983,SOL-USD,6h
2023-02-11 12:00:00,20.27,20.63,20.32,20.38,172796.774,SOL-USD,6h
2023-02-11 18:00:00,20.29,20.93,20.36,20.83,173908.83,SOL-USD,6h
2023-02-12 00:00:00,20.63,20.84,20.82,20.82,88856.88,SOL-USD,6h
2023-02-12 06:00:00,20.81,21.08,20.82,21.05,147783.849,SOL-USD,6h
2023-02-12 12:00:00,20.78,21.86,21.05,21.75,412654.719,SOL-USD,6h
2023-02-12 18:00:00,21.1,22.53,21.76,21.49,638641.37,SOL-USD,6h
2023-02-13 00:00:00,20.47,21.61,21.51,20.98,492377.407,SOL-USD,6h
2023-02-13 06:00:00,20.07,21.32,20.98,20.48,413915.711,SOL-USD,6h
2023-02-13 12:00:00,19.76,20.7,20.48,19.96,537227.075,SOL-USD,6h
2023-02-13 18:00:00,19.94,20.89,19.95,20.8,445121.669,SOL-USD,6h
2023-02-14 00:00:00,20.68,21.11,20.8,20.94,235450.746,SOL-USD,6h
2023-02-14 06:00:00,20.78,21.63,20.95,21.38,301764.012,SOL-USD,6h
2023-02-14 12:00:00,20.73,22.4,21.38,21.74,1121002.609,SOL-USD,6h
2023-02-14 18:00:00,21.55,22.08,21.74,21.84,463576.702,SOL-USD,6h
2023-02-15 00:00:00,21.46,21.94,21.84,21.64,193813.549,SOL-USD,6h
2023-02-15 06:00:00,21.47,22.23,21.65,22.12,150123.587,SOL-USD,6h
2023-02-15 12:00:00,22.12,22.75,22.12,22.42,630676.09,SOL-USD,6h
2023-02-15 18:00:00,22.34,23.99,22.41,23.87,913121.532,SOL-USD,6h
2023-02-16 00:00:00,23.55,24.17,23.87,23.83,508669.068,SOL-USD,6h
2023-02-16 06:00:00,23.49,23.99,23.84,23.57,259131.839,SOL-USD,6h
2023-02-16 12:00:00,23.06,24.15,23.57,23.75,850549.379,SOL-USD,6h
2023-02-16 18:00:00,22.2,23.98,23.76,22.25,899264.145,SOL-USD,6h
2023-02-17 00:00:00,22.03,22.8,22.25,22.6,342653.766,SOL-USD,6h
2023-02-17 06:00:00,22.47,22.81,22.6,22.6,237074.344,SOL-USD,6h
2023-02-17 12:00:00,22.41,23.16,22.59,22.97,412733.798,SOL-USD,6h
2023-02-17 18:00:00,22.73,23.56,22.96,23.16,530002.698,SOL-USD,6h
2023-02-18 00:00:00,23.14,23.63,23.16,23.44,178918.318,SOL-USD,6h
2023-02-18 06:00:00,22.93,23.49,23.44,23.06,131828.233,SOL-USD,6h
2023-02-18 12:00:00,23.01,23.94,23.05,23.57,275110.263,SOL-USD,6h
2023-02-18 18:00:00,23.27,23.82,23.56,23.46,298843.087,SOL-USD,6h
2023-02-19 00:00:00,23.21,24.0,23.47,23.94,191589.335,SOL-USD,6h
2023-02-19 06:00:00,23.47,23.97,23.95,23.69,154991.803,SOL-USD,6h
2023-02-19 12:00:00,23.71,25.37,23.72,24.34,1088125.039,SOL-USD,6h
2023-02-19 18:00:00,24.03,25.65,24.33,24.85,857716.806,SOL-USD,6h
2023-02-20 00:00:00,24.12,26.91,24.83,26.44,1300409.972,SOL-USD,6h
2023-02-20 06:00:00,26.03,27.12,26.46,26.38,730900.776,SOL-USD,6h
2023-02-20 12:00:00,25.64,26.73,26.38,25.68,814435.674,SOL-USD,6h
2023-02-20 18:00:00,25.55,26.48,25.69,26.27,552831.643,SOL-USD,6h
2023-02-21 00:00:00,25.72,26.62,26.26,25.84,553339.605,SOL-USD,6h
2023-02-21 06:00:00,24.9,26.31,25.85,25.06,519397.35,SOL-USD,6h
2023-02-21 12:00:00,24.7,25.43,25.06,25.43,522585.525,SOL-USD,6h
2023-02-21 18:00:00,24.48,25.5,25.43,24.98,473056.147,SOL-USD,6h
2023-02-22 00:00:00,23.87,25.24,24.98,24.03,535064.143,SOL-USD,6h
2023-02-22 06:00:00,23.22,24.11,24.03,23.56,782731.932,SOL-USD,6h
2023-02-22 12:00:00,23.25,23.8,23.56,23.73,573326.029,SOL-USD,6h
2023-02-22 18:00:00,23.47,24.35,23.73,24.17,414667.613,SOL-USD,6h
2023-02-23 00:00:00,23.96,24.71,24.17,24.38,303374.514,SOL-USD,6h
2023-02-23 06:00:00,23.6,24.64,24.38,23.76,271838.581,SOL-USD,6h
2023-02-23 12:00:00,23.61,24.39,23.76,23.79,395637.426,SOL-USD,6h
2023-02-23 18:00:00,23.62,24.22,23.82,23.92,229767.957,SOL-USD,6h
2023-02-24 00:00:00,23.7,24.15,23.92,23.83,191653.49,SOL-USD,6h
2023-02-24 06:00:00,23.53,24.11,23.83,23.79,172972.904,SOL-USD,6h
2023-02-24 12:00:00,22.51,24.01,23.79,22.88,627753.375,SOL-USD,6h
2023-02-24 18:00:00,22.45,23.36,22.87,23.07,342172.052,SOL-USD,6h
2023-02-25 00:00:00,22.84,23.34,23.07,22.91,147879.253,SOL-USD,6h
2023-02-25 06:00:00,22.62,23.19,22.91,22.78,147191.246,SOL-USD,6h
2023-02-25 12:00:00,22.03,22.81,22.78,22.3,242773.956,SOL-USD,6h
2023-02-25 18:00:00,21.43,22.51,22.31,22.38,388282.595,SOL-USD,6h
2023-02-26 00:00:00,22.22,22.75,22.38,22.58,129259.389,SOL-USD,6h
2023-02-26 06:00:00,22.52,22.99,22.58,22.85,107748.014,SOL-USD,6h
2023-02-26 12:00:00,22.56,22.99,22.85,22.9,132543.485,SOL-USD,6h
2023-02-26 18:00:00,22.84,23.54,22.88,23.27,371235.459,SOL-USD,6h
2023-02-27 00:00:00,22.76,23.3,23.26,22.81,322114.849,SOL-USD,6h
2023-02-27 06:00:00,22.63,23.01,22.82,22.77,158285.833,SOL-USD,6h
2023-02-27 12:00:00,22.65,23.41,22.78,22.73,552193.505,SOL-USD,6h
2023-02-27 18:00:00,22.32,22.79,22.72,22.66,375060.022,SOL-USD,6h
2023-02-28 00:00:00,22.24,22.75,22.67,22.27,184570.371,SOL-USD,6h
2023-02-28 06:00:00,22.04,22.37,22.3,22.2,193085.408,SOL-USD,6h
2023-02-28 12:00:00,22.2,22.7,22.2,22.6,275183.639,SOL-USD,6h
2023-02-28 18:00:00,21.75,22.65,22.6,21.89,506155.075,SOL-USD,6h
2023-03-01 00:00:00,21.65,22.67,21.89,22.53,318642.145,SOL-USD,6h
2023-03-01 06:00:00,22.5,22.92,22.53,22.7,152316.0,SOL-USD,6h
2023-03-01 12:00:00,22.38,22.86,22.69,22.54,232518.094,SOL-USD,6h
2023-03-01 18:00:00,22.1,22.58,22.53,22.51,220335.927,SOL-USD,6h
2023-03-02 00:00:00,21.89,22.66,22.5,21.95,222043.543,SOL-USD,6h
2023-03-02 06:00:00,21.85,22.11,21.96,22.08,181954.344,SOL-USD,6h
2023-03-02 12:00:00,21.67,22.1,22.08,21.8,292676.835,SOL-USD,6h
2023-03-02 18:00:00,21.78,22.16,21.8,22.0,245569.811,SOL-USD,6h
2023-03-03 00:00:00,20.35,22.01,22.01,21.02,929311.0,SOL-USD,6h
2023-03-03 06:00:00,20.96,21.23,21.02,21.14,177467.211,SOL-USD,6h
2023-03-03 12:00:00,21.01,21.45,21.14,21.33,307762.352,SOL-USD,6h
2023-03-03 18:00:00,21.17,21.53,21.32,21.42,279408.747,SOL-USD,6h
2023-03-04 00:00:00,21.02,21.62,21.43,21.14,184100.812,SOL-USD,6h
2023-03-04 06:00:00,21.07,21.26,21.13,21.16,105936.077,SOL-USD,6h
2023-03-04 12:00:00,20.8,21.2,21.16,20.86,126695.497,SOL-USD,6h
2023-03-04 18:00:00,20.32,21.01,20.86,20.98,24909.293,SOL-USD,6h
2023-03-05 00:00:00,20.94,21.71,20.99,21.32,453108.082,SOL-USD,6h
2023-03-05 06:00:00,21.16,21.38,21.33,21.19,186510.628,SOL-USD,6h
2023-03-05 12:00:00,21.03,21.36,21.2,21.11,269916.958,SOL-USD,6h
2023-03-05 18:00:00,20.84,21.32,21.1,20.96,415007.254,SOL-USD,6h
2023-03-06 00:00:00,20.6,21.09,20.96,20.76,504427.208,SOL-USD,6h
2023-03-06 06:00:00,20.63,20.88,20.77,20.69,196414.7,SOL-USD,6h
2023-03-06 12:00:00,20.56,21.18,20.7,20.94,382546.38,SOL-USD,6h
2023-03-06 18:00:00,20.47,21.03,20.93,20.62,405658.429,SOL-USD,6h
2023-03-07 00:00:00,20.44,20.96,20.63,20.81,319029.954,SOL-USD,6h
2023-03-07 06:00:00,20.28,20.82,20.81,20.3,287982.275,SOL-USD,6h
2023-03-07 12:00:00,19.93,20.65,20.3,20.42,1025353.195,SOL-USD,6h
2023-03-07 18:00:00,19.71,20.46,20.42,20.24,497206.18,SOL-USD,6h
2023-03-08 00:00:00,19.5,20.38,20.24,19.65,520397.638,SOL-USD,6h
2023-03-08 06:00:00,19.13,19.71,19.64,19.32,505616.176,SOL-USD,6h
2023-03-08 12:00:00,18.64,19.41,19.33,18.83,1293369.064,SOL-USD,6h
2023-03-08 18:00:00,18.11,18.96,18.82,18.42,1177952.63,SOL-USD,6h
2023-03-09 00:00:00,18.37,18.67,18.41,18.54,506303.906,SOL-USD,6h
2023-03-09 06:00:00,18.24,18.77,18.53,18.53,498434.762,SOL-USD,6h
2023-03-09 12:00:00,18.02,18.66,18.54,18.13,1007533.02,SOL-USD,6h
2023-03-09 18:00:00,16.7,18.18,18.13,17.35,2676082.993,SOL-USD,6h
2023-03-10 00:00:00,16.79,17.37,17.34,17.14,975766.215,SOL-USD,6h
2023-03-10 06:00:00,16.01,17.18,17.14,16.71,1393168.073,SOL-USD,6h
2023-03-10 12:00:00,16.61,17.97,16.7,17.67,2759960.687,SOL-USD,6h
2023-03-10 18:00:00,17.42,18.43,17.66,18.23,1229878.847,SOL-USD,6h
2023-03-11 00:00:00,17.97,19.15,18.23,18.27,908784.398,SOL-USD,6h
2023-03-11 06:00:00,17.04,18.36,18.28,17.49,658029.646,SOL-USD,6h
2023-03-11 12:00:00,17.15,17.88,17.48,17.82,489679.649,SOL-USD,6h
2023-03-11 18:00:00,17.8,18.36,17.82,18.21,611375.801,SOL-USD,6h
2023-03-12 00:00:00,17.94,18.31,18.22,18.14,474597.804,SOL-USD,6h
2023-03-12 06:00:00,17.87,18.41,18.14,18.25,320835.7,SOL-USD,6h
2023-03-12 12:00:00,17.96,18.88,18.26,18.8,307702.964,SOL-USD,6h
2023-03-12 18:00:00,18.63,20.67,18.79,20.35,1385612.47,SOL-USD,6h
2023-03-13 00:00:00,19.49,20.73,20.34,19.76,1663906.679,SOL-USD,6h
2023-03-13 06:00:00,18.96,19.92,19.75,19.25,744232.564,SOL-USD,6h
2023-03-13 12:00:00,18.89,21.5,19.24,20.5,2598991.317,SOL-USD,6h
2023-03-13 18:00:00,20.21,20.79,20.5,20.47,1082200.133,SOL-USD,6h
2023-03-14 00:00:00,20.24,20.76,20.47,20.41,749499.768,SOL-USD,6h
2023-03-14 06:00:00,19.84,20.53,20.41,20.21,618528.337,SOL-USD,6h
2023-03-14 12:00:00,20.13,22.21,20.21,21.61,2371487.28,SOL-USD,6h
2023-03-14 18:00:00,20.33,21.66,21.61,20.93,1322551.106,SOL-USD,6h
2023-03-15 00:00:00,20.66,21.56,20.93,21.28,594087.971,SOL-USD,6h
2023-03-15 06:00:00,20.28,21.36,21.29,20.67,520406.845,SOL-USD,6h
2023-03-15 12:00:00,18.76,21.1,20.67,19.08,2018182.145,SOL-USD,6h
2023-03-15 18:00:00,18.81,19.57,19.08,19.33,848732.457,SOL-USD,6h
2023-03-16 00:00:00,18.95,19.55,19.33,19.34,548919.977,SOL-USD,6h
2023-03-16 06:00:00,19.31,19.89,19.33,19.73,568104.417,SOL-USD,6h
2023-03-16 12:00:00,19.08,19.77,19.72,19.45,767893.125,SOL-USD,6h
2023-03-16 18:00:00,19.31,19.96,19.45,19.72,351359.208,SOL-USD,6h
2023-03-17 00:00:00,19.47,20.33,19.71,20.05,796117.252,SOL-USD,6h
2023-03-17 06:00:00,20.0,20.78,20.06,20.73,597679.688,SOL-USD,6h
2023-03-17 12:00:00,19.84,20.75,20.74,20.17,882802.962,SOL-USD,6h
2023-03-17 18:00:00,19.93,21.72,20.18,21.65,1044515.837,SOL-USD,6h
2023-03-18 00:00:00,21.31,22.97,21.63,22.61,1332976.278,SOL-USD,6h
2023-03-18 06:00:00,21.84,22.64,22.6,22.55,424337.833,SOL-USD,6h
2023-03-18 12:00:00,21.27,22.57,22.55,21.97,900090.295,SOL-USD,6h
2023-03-18 18:00:00,21.12,22.25,21.97,21.27,510920.383,SOL-USD,6h
2023-03-19 00:00:00,21.25,21.98,21.27,21.79,301890.651,SOL-USD,6h
2023-03-19 06:00:00,21.29,21.84,21.8,21.76,314519.4,SOL-USD,6h
2023-03-19 12:00:00,21.52,22.5,21.76,22.15,572124.334,SOL-USD,6h
2023-03-19 18:00:00,21.79,22.46,22.14,21.92,623894.843,SOL-USD,6h
2023-03-20 00:00:00,21.43,23.03,21.94,22.42,1131727.515,SOL-USD,6h
2023-03-20 06:00:00,22.16,23.65,22.42,23.41,1195473.118,SOL-USD,6h
2023-03-20 12:00:00,22.53,23.99,23.41,22.57,1497175.543,SOL-USD,6h
2023-03-20 18:00:00,21.88,22.95,22.57,22.2,1289659.873,SOL-USD,6h
2023-03-21 00:00:00,22.08,22.81,22.2,22.39,745790.008,SOL-USD,6h
2023-03-21 06:00:00,21.6,22.59,22.39,22.52,677896.299,SOL-USD,6h
2023-03-21 12:00:00,22.43,23.39,22.52,22.64,1145493.868,SOL-USD,6h
2023-03-21 18:00:00,22.19,22.75,22.66,22.6,826108.211,SOL-USD,6h
2023-03-22 00:00:00,22.09,22.63,22.59,22.62,640416.85,SOL-USD,6h
2023-03-22 06:00:00,22.17,22.75,22.61,22.54,638876.724,SOL-USD,6h
2023-03-22 12:00:00,22.37,23.13,22.54,22.65,883298.274,SOL-USD,6h
2023-03-22 18:00:00,21.0,23.1,22.65,21.46,1623758.236,SOL-USD,6h
2023-03-23 00:00:00,21.15,21.69,21.47,21.63,500612.673,SOL-USD,6h
2023-03-23 06:00:00,21.56,21.88,21.64,21.82,285424.469,SOL-USD,6h
2023-03-23 12:00:00,21.43,22.8,21.82,22.32,1231432.566,SOL-USD,6h
2023-03-23 18:00:00,21.75,22.38,22.32,22.2,660202.645,SOL-USD,6h
2023-03-24 00:00:00,21.91,22.31,22.2,21.99,349725.535,SOL-USD,6h
2023-03-24 06:00:00,21.18,22.07,21.99,21.43,543143.884,SOL-USD,6h
2023-03-24 12:00:00,20.33,21.78,21.44,20.44,1559577.024,SOL-USD,6h
2023-03-24 18:00:00,20.29,20.83,20.44,20.67,554232.577,SOL-USD,6h
2023-03-25 00:00:00,20.53,20.95,20.66,20.63,186028.429,SOL-USD,6h
2023-03-25 06:00:00,20.43,20.74,20.64,20.69,130763.142,SOL-USD,6h
2023-03-25 12:00:00,20.56,20.99,20.71,20.68,234983.011,SOL-USD,6h
2023-03-25 18:00:00,20.12,20.74,20.67,20.44,223261.92,SOL-USD,6h
2023-03-26 00:00:00,20.31,20.86,20.43,20.84,93896.382,SOL-USD,6h
2023-03-26 06:00:00,20.72,20.97,20.87,20.89,92730.097,SOL-USD,6h
2023-03-26 12:00:00,20.66,21.16,20.9,20.88,220324.371,SOL-USD,6h
2023-03-26 18:00:00,20.78,21.11,20.88,20.96,122769.199,SOL-USD,6h
2023-03-27 00:00:00,20.45,21.01,20.96,20.53,140465.491,SOL-USD,6h
2023-03-27 06:00:00,20.37,20.68,20.51,20.64,147659.943,SOL-USD,6h
2023-03-27 12:00:00,19.35,20.74,20.63,19.7,668281.42,SOL-USD,6h
2023-03-27 18:00:00,19.6,19.96,19.69,19.9,205174.345,SOL-USD,6h
2023-03-28 00:00:00,19.62,20.0,19.92,19.9,158778.741,SOL-USD,6h
2023-03-28 06:00:00,19.62,20.19,19.9,20.09,162288.967,SOL-USD,6h
2023-03-28 12:00:00,19.82,20.41,20.1,20.12,590245.813,SOL-USD,6h
2023-03-28 18:00:00,20.08,20.88,20.11,20.45,448459.146,SOL-USD,6h
2023-03-29 00:00:00,20.43,21.01,20.47,20.87,243202.125,SOL-USD,6h
2023-03-29 06:00:00,20.81,21.56,20.87,21.21,332936.03,SOL-USD,6h
2023-03-29 12:00:00,20.95,21.38,21.21,21.15,289180.849,SOL-USD,6h
2023-03-29 18:00:00,20.93,21.33,21.14,21.1,199284.757,SOL-USD,6h
2023-03-30 00:00:00,20.61,21.68,21.11,21.09,494667.805,SOL-USD,6h
2023-03-30 06:00:00,20.53,21.14,21.09,20.68,204396.389,SOL-USD,6h
2023-03-30 12:00:00,20.16,20.71,20.69,20.35,636046.554,SOL-USD,6h
2023-03-30 18:00:00,20.28,20.74,20.37,20.55,273441.604,SOL-USD,6h
2023-03-31 00:00:00,20.4,20.75,20.54,20.45,209091.725,SOL-USD,6h
2023-03-31 06:00:00,20.04,20.47,20.45,20.33,137039.323,SOL-USD,6h
2023-03-31 12:00:00,20.22,21.03,20.33,20.77,371196.875,SOL-USD,6h
2023-03-31 18:00:00,20.69,21.49,20.76,21.17,235822.364,SOL-USD,6h
2023-04-01 00:00:00,20.92,21.34,21.17,21.16,140407.186,SOL-USD,6h
2023-04-01 06:00:00,20.85,21.15,21.15,21.03,65145.321,SOL-USD,6h
2023-04-01 12:00:00,20.76,21.1,21.04,20.91,101254.11,SOL-USD,6h
2023-04-01 18:00:00,20.88,21.24,20.92,21.09,109700.081,SOL-USD,6h
2023-04-02 00:00:00,20.89,21.16,21.09,21.02,75734.71,SOL-USD,6h
2023-04-02 06:00:00,20.98,21.31,21.03,21.0,79439.575,SOL-USD,6h
2023-04-02 12:00:00,20.43,21.0,20.99,20.64,158023.336,SOL-USD,6h
2023-04-02 18:00:00,20.24,20.66,20.63,20.53,145987.825,SOL-USD,6h
2023-04-03 00:00:00,19.97,20.56,20.52,20.1,410200.669,SOL-USD,6h
2023-04-03 06:00:00,20.08,20.58,20.1,20.41,305807.302,SOL-USD,6h
2023-04-03 12:00:00,20.08,20.61,20.41,20.29,202526.877,SOL-USD,6h
2023-04-03 18:00:00,20.06,21.01,20.3,20.47,799272.194,SOL-USD,6h
2023-04-04 00:00:00,20.3,20.58,20.47,20.4,103514.069,SOL-USD,6h
2023-04-04 06:00:00,20.39,21.0,20.39,20.99,174061.067,SOL-USD,6h
2023-04-04 12:00:00,20.69,21.27,20.98,20.99,348437.942,SOL-USD,6h
2023-04-04 18:00:00,20.83,21.09,21.0,20.92,166491.265,SOL-USD,6h
2023-04-05 00:00:00,20.84,21.35,20.92,21.25,323331.338,SOL-USD,6h
2023-04-05 06:00:00,21.09,21.31,21.24,21.19,85694.347,SOL-USD,6h
2023-04-05 12:00:00,20.57,21.25,21.19,20.74,418499.21,SOL-USD,6h
2023-04-05 18:00:00,20.66,21.04,20.73,20.97,149205.388,SOL-USD,6h
2023-04-06 00:00:00,20.54,21.0,20.96,20.76,153928.097,SOL-USD,6h
2023-04-06 06:00:00,20.47,20.83,20.75,20.69,190460.96,SOL-USD,6h
2023-04-06 12:00:00,20.45,20.86,20.69,20.75,190923.931,SOL-USD,6h
2023-04-06 18:00:00,20.53,20.79,20.74,20.63,123622.563,SOL-USD,6h
2023-04-07 00:00:00,20.35,20.78,20.62,20.46,187896.408,SOL-USD,6h
2023-04-07 06:00:00,20.24,20.47,20.47,20.33,119821.185,SOL-USD,6h
2023-04-07 12:00:00,20.29,20.66,20.31,20.52,113101.781,SOL-USD,6h
2023-04-07 18:00:00,20.37,20.59,20.51,20.45,122021.437,SOL-USD,6h
2023-04-08 00:00:00,20.3,20.73,20.46,20.7,92334.156,SOL-USD,6h
2023-04-08 06:00:00,20.53,20.74,20.7,20.58,57297.83,SOL-USD,6h
2023-04-08 12:00:00,20.22,20.59,20.58,20.28,88769.465,SOL-USD,6h
2023-04-08 18:00:00,19.87,20.28,20.28,20.04,548297.679,SOL-USD,6h
2023-04-09 00:00:00,20.03,20.25,20.05,20.12,63310.648,SOL-USD,6h
2023-04-09 06:00:00,19.89,20.21,20.12,20.21,58535.585,SOL-USD,6h
2023-04-09 12:00:00,20.03,20.33,20.2,20.11,65507.493,SOL-USD,6h
2023-04-09 18:00:00,20.1,20.45,20.12,20.3,126971.204,SOL-USD,6h
2023-04-10 00:00:00,20.15,20.36,20.3,20.26,71166.922,SOL-USD,6h
2023-04-10 06:00:00,20.22,20.38,20.26,20.29,38176.979,SOL-USD,6h
2023-04-10 12:00:00,20.08,20.63,20.29,20.55,262010.764,SOL-USD,6h
2023-04-10 18:00:00,20.55,20.97,20.55,20.92,508150.373,SOL-USD,6h
2023-04-11 00:00:00,20.83,22.63,20.92,22.0,902577.69,SOL-USD,6h
2023-04-11 06:00:00,22.0,22.72,22.0,22.25,528093.339,SOL-USD,6h
2023-04-11 12:00:00,22.15,23.74,22.24,23.21,1492677.471,SOL-USD,6h
2023-04-11 18:00:00,22.87,23.68,23.21,23.01,756890.976,SOL-USD,6h
2023-04-12 00:00:00,22.34,23.57,23.02,22.72,584497.04,SOL-USD,6h
2023-04-12 06:00:00,22.7,24.05,22.72,23.52,619134.489,SOL-USD,6h
2023-04-12 12:00:00,23.3,24.49,23.52,24.17,1602060.431,SOL-USD,6h
2023-04-12 18:00:00,23.64,24.39,24.16,23.82,674188.878,SOL-USD,6h
2023-04-13 00:00:00,23.67,24.13,23.82,24.0,290625.211,SOL-USD,6h
2023-04-13 06:00:00,23.93,24.56,24.01,24.34,273019.537,SOL-USD,6h
2023-04-13 12:00:00,24.3,25.29,24.34,24.66,1008838.814,SOL-USD,6h
2023-04-13 18:00:00,24.34,24.93,24.66,24.47,290993.462,SOL-USD,6h
2023-04-14 00:00:00,24.24,25.5,24.47,25.45,883139.927,SOL-USD,6h
2023-04-14 06:00:00,24.83,25.53,25.44,25.05,372464.23,SOL-USD,6h
2023-04-14 12:00:00,23.76,25.13,25.05,24.24,884613.868,SOL-USD,6h
2023-04-14 18:00:00,24.22,25.0,24.24,24.74,430011.764,SOL-USD,6h
2023-04-15 00:00:00,24.03,24.81,24.74,24.29,250747.709,SOL-USD,6h
2023-04-15 06:00:00,24.11,24.54,24.28,24.37,176240.013,SOL-USD,6h
2023-04-15 12:00:00,24.05,24.55,24.37,24.12,275030.465,SOL-USD,6h
2023-04-15 18:00:00,23.83,24.19,24.12,24.07,237341.637,SOL-USD,6h
2023-04-16 00:00:00,23.85,24.52,24.07,24.36,222138.014,SOL-USD,6h
2023-04-16 06:00:00,24.02,24.41,24.35,24.07,121780.834,SOL-USD,6h
2023-04-16 12:00:00,24.01,24.46,24.06,24.36,135958.922,SOL-USD,6h
2023-04-16 18:00:00,24.34,25.5,24.36,25.37,637449.533,SOL-USD,6h
2023-04-17 00:00:00,24.81,26.03,25.36,25.5,1021746.176,SOL-USD,6h
2023-04-17 06:00:00,24.7,25.55,25.5,24.93,469370.04,SOL-USD,6h
2023-04-17 12:00:00,24.32,25.48,24.93,24.68,681875.217,SOL-USD,6h
2023-04-17 18:00:00,24.49,24.91,24.67,24.6,196629.882,SOL-USD,6h
2023-04-18 00:00:00,23.99,24.8,24.59,24.73,455046.742,SOL-USD,6h
2023-04-18 06:00:00,24.74,25.45,24.74,25.35,329306.646,SOL-USD,6h
2023-04-18 12:00:00,24.47,25.41,25.36,24.52,467258.64,SOL-USD,6h
2023-04-18 18:00:00,24.44,24.92,24.53,24.83,288971.571,SOL-USD,6h
2023-04-19 00:00:00,24.52,24.99,24.83,24.66,256038.017,SOL-USD,6h
2023-04-19 06:00:00,22.0,24.68,24.65,23.23,927748.238,SOL-USD,6h
2023-04-19 12:00:00,22.88,23.58,23.22,23.23,910366.655,SOL-USD,6h
2023-04-19 18:00:00,22.14,23.26,23.23,22.68,639480.965,SOL-USD,6h
2023-04-20 00:00:00,22.38,23.1,22.68,22.79,332608.795,SOL-USD,6h
2023-04-20 06:00:00,22.22,23.03,22.78,22.33,259778.302,SOL-USD,6h
2023-04-20 12:00:00,21.7,23.18,22.33,22.08,1032629.202,SOL-USD,6h
2023-04-20 18:00:00,21.55,22.31,22.07,22.2,646763.523,SOL-USD,6h
2023-04-21 00:00:00,21.99,22.41,22.19,22.17,154408.012,SOL-USD,6h
2023-04-21 06:00:00,21.82,22.4,22.17,22.03,241883.113,SOL-USD,6h
2023-04-21 12:00:00,21.37,22.3,22.03,21.61,546051.808,SOL-USD,6h
2023-04-21 18:00:00,20.98,21.88,21.62,21.25,905218.802,SOL-USD,6h
2023-04-22 00:00:00,21.05,21.48,21.25,21.48,122033.0,SOL-USD,6h
2023-04-22 06:00:00,21.21,21.51,21.49,21.38,85750.56,SOL-USD,6h
2023-04-22 12:00:00,21.37,21.96,21.38,21.85,157206.805,SOL-USD,6h
2023-04-22 18:00:00,21.63,22.01,21.85,21.8,243494.946,SOL-USD,6h
2023-04-23 00:00:00,21.46,21.99,21.8,21.96,151695.172,SOL-USD,6h
2023-04-23 06:00:00,21.87,22.22,21.96,22.15,146031.8,SOL-USD,6h
2023-04-23 12:00:00,21.29,22.26,22.14,21.37,180524.377,SOL-USD,6h
2023-04-23 18:00:00,20.95,21.55,21.37,21.47,239376.073,SOL-USD,6h
2023-04-24 00:00:00,21.25,22.02,21.47,21.57,154373.541,SOL-USD,6h
2023-04-24 06:00:00,21.14,21.74,21.58,21.74,143324.166,SOL-USD,6h
2023-04-24 12:00:00,21.0,21.99,21.74,21.34,303029.343,SOL-USD,6h
2023-04-24 18:00:00,21.23,21.55,21.34,21.38,119775.753,SOL-USD,6h
2023-04-25 00:00:00,20.81,21.47,21.38,21.02,194660.841,SOL-USD,6h
2023-04-25 06:00:00,20.74,21.13,21.03,21.0,177470.861,SOL-USD,6h
2023-04-25 12:00:00,20.77,21.24,21.01,21.22,291727.418,SOL-USD,6h
2023-04-25 18:00:00,21.03,21.97,21.21,21.94,305366.948,SOL-USD,6h
2023-04-26 00:00:00,21.75,22.1,21.93,22.05,160614.96,SOL-USD,6h
2023-04-26 06:00:00,21.83,22.64,22.05,22.46,219643.895,SOL-USD,6h
2023-04-26 12:00:00,22.45,22.97,22.46,22.7,493512.307,SOL-USD,6h
2023-04-26 18:00:00,20.36,22.8,22.7,21.28,902129.77,SOL-USD,6h
2023-04-27 00:00:00,21.18,22.09,21.29,21.85,369334.219,SOL-USD,6h
2023-04-27 06:00:00,21.52,21.88,21.86,21.67,131134.481,SOL-USD,6h
2023-04-27 12:00:00,21.33,22.46,21.66,22.27,393626.57,SOL-USD,6h
2023-04-27 18:00:00,22.13,22.59,22.26,22.32,374917.4,SOL-USD,6h
2023-04-28 00:00:00,22.19,22.68,22.33,22.34,211074.856,SOL-USD,6h
2023-04-28 06:00:00,22.32,22.87,22.34,22.51,129383.473,SOL-USD,6h
2023-04-28 12:00:00,22.18,23.38,22.49,23.17,694335.943,SOL-USD,6h
2023-04-28 18:00:00,23.08,23.52,23.18,23.36,601182.324,SOL-USD,6h
2023-04-29 00:00:00,23.21,23.51,23.36,23.24,138065.86,SOL-USD,6h
2023-04-29 06:00:00,23.16,23.37,23.25,23.31,70065.503,SOL-USD,6h
2023-04-29 12:00:00,22.93,23.9,23.33,23.19,482412.092,SOL-USD,6h
2023-04-29 18:00:00,22.93,23.39,23.19,23.2,156261.894,SOL-USD,6h
2023-04-30 00:00:00,22.99,23.31,23.19,23.3,70024.972,SOL-USD,6h
2023-04-30 06:00:00,23.27,23.75,23.31,23.5,95486.325,SOL-USD,6h
2023-04-30 12:00:00,23.34,24.0,23.5,23.53,214754.851,SOL-USD,6h
2023-04-30 18:00:00,22.68,23.54,23.53,22.73,569476.065,SOL-USD,6h
2023-05-01 00:00:00,21.93,22.88,22.72,22.19,433501.225,SOL-USD,6h
2023-05-01 06:00:00,22.14,22.38,22.19,22.23,79415.619,SOL-USD,6h
2023-05-01 12:00:00,21.59,22.32,22.23,21.94,420333.567,SOL-USD,6h
2023-05-01 18:00:00,21.54,22.09,21.95,21.96,294864.972,SOL-USD,6h
2023-05-02 00:00:00,21.75,22.03,21.96,21.84,82248.384,SOL-USD,6h
2023-05-02 06:00:00,21.79,22.01,21.84,21.99,55716.335,SOL-USD,6h
2023-05-02 12:00:00,21.76,22.32,22.01,22.19,304674.965,SOL-USD,6h
2023-05-02 18:00:00,22.14,22.39,22.19,22.26,264968.887,SOL-USD,6h
2023-05-03 00:00:00,21.76,22.28,22.26,21.85,135385.994,SOL-USD,6h
2023-05-03 06:00:00,21.35,22.02,21.85,21.41,144903.9,SOL-USD,6h
2023-05-03 12:00:00,21.24,21.63,21.39,21.47,215526.43,SOL-USD,6h
2023-05-03 18:00:00,21.38,22.31,21.46,22.24,446436.477,SOL-USD,6h
2023-05-04 00:00:00,22.14,22.5,22.26,22.32,233555.442,SOL-USD,6h
2023-05-04 06:00:00,22.09,22.45,22.32,22.26,95563.544,SOL-USD,6h
2023-05-04 12:00:00,21.72,22.34,22.26,21.75,205922.744,SOL-USD,6h
2023-05-04 18:00:00,21.62,21.81,21.75,21.75,141634.177,SOL-USD,6h
2023-05-05 00:00:00,21.67,22.13,21.75,21.79,188987.657,SOL-USD,6h
2023-05-05 06:00:00,21.73,22.05,21.79,22.01,83111.552,SOL-USD,6h
2023-05-05 12:00:00,21.6,22.84,22.03,22.67,659560.184,SOL-USD,6h
2023-05-05 18:00:00,22.6,23.08,22.67,22.85,392597.387,SOL-USD,6h
2023-05-06 00:00:00,22.6,23.3,22.84,22.63,411997.606,SOL-USD,6h
2023-05-06 06:00:00,22.47,22.77,22.63,22.7,154042.813,SOL-USD,6h
2023-05-06 12:00:00,21.6,22.73,22.7,22.01,332740.883,SOL-USD,6h
2023-05-06 18:00:00,21.88,22.21,22.01,21.96,123665.006,SOL-USD,6h
2023-05-07 00:00:00,21.76,22.07,21.96,21.99,129705.229,SOL-USD,6h
2023-05-07 06:00:00,21.95,22.27,22.01,22.13,61286.603,SOL-USD,6h
2023-05-07 12:00:00,22.13,22.8,22.13,22.63,165507.048,SOL-USD,6h
2023-05-07 18:00:00,21.66,22.78,22.63,21.68,517267.767,SOL-USD,6h
2023-05-08 00:00:00,20.77,21.84,21.66,21.38,561131.361,SOL-USD,6h
2023-05-08 06:00:00,20.96,21.45,21.36,21.28,187787.751,SOL-USD,6h
2023-05-08 12:00:00,20.53,21.42,21.29,20.54,371229.547,SOL-USD,6h
2023-05-08 18:00:00,19.99,20.77,20.53,20.66,628347.071,SOL-USD,6h
2023-05-09 00:00:00,20.52,20.82,20.66,20.65,141232.711,SOL-USD,6h
2023-05-09 06:00:00,20.43,20.83,20.65,20.83,146358.128,SOL-USD,6h
2023-05-09 12:00:00,20.47,21.02,20.83,20.67,339308.106,SOL-USD,6h
2023-05-09 18:00:00,20.42,20.73,20.67,20.68,224057.345,SOL-USD,6h
2023-05-10 00:00:00,20.62,20.9,20.67,20.73,139019.496,SOL-USD,6h
2023-05-10 06:00:00,20.5,20.77,20.74,20.76,82502.304,SOL-USD,6h
2023-05-10 12:00:00,19.89,21.33,20.76,20.76,795003.076,SOL-USD,6h
2023-05-10 18:00:00,20.6,21.3,20.76,20.94,444696.147,SOL-USD,6h
2023-05-11 00:00:00,20.54,20.95,20.94,20.67,135096.769,SOL-USD,6h
2023-05-11 06:00:00,20.33,20.7,20.66,20.51,111318.671,SOL-USD,6h
2023-05-11 12:00:00,19.8,20.77,20.51,20.02,592741.268,SOL-USD,6h
2023-05-11 18:00:00,19.84,20.32,20.01,20.19,220591.971,SOL-USD,6h
2023-05-12 00:00:00,19.81,20.29,20.18,19.97,186807.095,SOL-USD,6h
2023-05-12 06:00:00,19.83,20.38,19.97,20.3,208957.626,SOL-USD,6h
2023-05-12 12:00:00,20.23,20.75,20.3,20.34,436546.431,SOL-USD,6h
2023-05-12 18:00:00,19.92,20.96,20.34,20.93,453904.401,SOL-USD,6h
2023-05-13 00:00:00,20.81,21.27,20.92,21.01,186466.588,SOL-USD,6h
2023-05-13 06:00:00,20.99,21.29,21.0,21.09,64097.438,SOL-USD,6h
2023-05-13 12:00:00,20.79,21.15,21.09,20.87,146332.16,SOL-USD,6h
2023-05-13 18:00:00,20.81,21.13,20.85,20.85,80849.325,SOL-USD,6h
2023-05-14 00:00:00,20.63,21.14,20.84,21.04,169511.941,SOL-USD,6h
2023-05-14 06:00:00,20.95,21.2,21.06,20.97,46031.008,SOL-USD,6h
2023-05-14 12:00:00,20.86,21.29,20.98,21.0,129101.627,SOL-USD,6h
2023-05-14 18:00:00,20.84,21.01,21.0,20.94,72476.905,SOL-USD,6h
2023-05-15 00:00:00,20.61,21.3,20.94,21.25,220458.784,SOL-USD,6h
2023-05-15 06:00:00,21.22,21.53,21.25,21.3,160019.325,SOL-USD,6h
2023-05-15 12:00:00,21.19,21.49,21.29,21.31,455336.551,SOL-USD,6h
2023-05-15 18:00:00,20.94,21.36,21.32,20.98,236181.493,SOL-USD,6h
2023-05-16 00:00:00,20.68,21.14,20.98,20.83,268145.751,SOL-USD,6h
2023-05-16 06:00:00,20.77,21.1,20.85,20.89,185477.096,SOL-USD,6h
2023-05-16 12:00:00,20.64,20.9,20.88,20.76,285829.761,SOL-USD,6h
2023-05-16 18:00:00,20.44,20.78,20.76,20.68,305785.691,SOL-USD,6h
2023-05-17 00:00:00,20.59,21.08,20.67,20.73,192718.127,SOL-USD,6h
2023-05-17 06:00:00,20.47,20.77,20.73,20.52,148423.268,SOL-USD,6h
2023-05-17 12:00:00,20.43,20.84,20.52,20.79,261766.601,SOL-USD,6h
2023-05-17 18:00:00,20.79,21.21,20.79,21.06,275704.96,SOL-USD,6h
2023-05-18 00:00:00,20.85,21.09,21.06,20.87,228000.316,SOL-USD,6h
2023-05-18 06:00:00,20.74,20.96,20.86,20.82,241764.997,SOL-USD,6h
2023-05-18 12:00:00,20.08,20.83,20.82,20.21,330369.812,SOL-USD,6h
2023-05-18 18:00:00,20.15,20.52,20.21,20.34,246476.282,SOL-USD,6h
2023-05-19 00:00:00,20.28,20.45,20.34,20.41,84431.543,SOL-USD,6h
2023-05-19 06:00:00,20.37,20.52,20.43,20.46,60077.142,SOL-USD,6h
2023-05-19 12:00:00,20.21,20.58,20.45,20.48,219160.482,SOL-USD,6h
2023-05-19 18:00:00,20.32,20.51,20.49,20.35,80001.701,SOL-USD,6h
2023-05-20 00:00:00,20.11,20.36,20.35,20.19,122825.158,SOL-USD,6h
2023-05-20 06:00:00,20.16,20.26,20.18,20.21,55059.817,SOL-USD,6h
2023-05-20 12:00:00,20.18,20.35,20.22,20.35,144826.321,SOL-USD,6h
2023-05-20 18:00:00,20.2,20.36,20.33,20.28,102941.976,SOL-USD,6h
2023-05-21 00:00:00,20.22,20.39,20.27,20.26,103138.861,SOL-USD,6h
2023-05-21 06:00:00,20.09,20.34,20.26,20.15,68437.869,SOL-USD,6h
2023-05-21 12:00:00,19.84,20.19,20.14,19.94,178539.231,SOL-USD,6h
2023-05-21 18:00:00,19.37,20.07,19.93,19.62,239950.497,SOL-USD,6h
2023-05-22 00:00:00,19.29,19.68,19.62,19.6,195443.545,SOL-USD,6h
2023-05-22 06:00:00,19.59,19.92,19.59,19.87,165211.183,SOL-USD,6h
2023-05-22 12:00:00,19.57,20.03,19.86,19.65,355189.195,SOL-USD,6h
2023-05-22 18:00:00,19.5,19.76,19.66,19.53,244705.55,SOL-USD,6h
2023-05-23 00:00:00,19.42,20.18,19.53,19.95,284837.79,SOL-USD,6h
2023-05-23 06:00:00,19.72,19.99,19.95,19.93,115062.169,SOL-USD,6h
2023-05-23 12:00:00,19.81,20.15,19.92,19.98,264922.649,SOL-USD,6h
2023-05-23 18:00:00,19.88,20.12,19.99,20.02,146869.833,SOL-USD,6h
2023-05-24 00:00:00,19.44,20.07,20.03,19.55,172081.614,SOL-USD,6h
2023-05-24 06:00:00,19.33,19.56,19.55,19.42,81532.353,SOL-USD,6h
2023-05-24 12:00:00,18.71,19.49,19.42,19.24,562717.83,SOL-USD,6h
2023-05-24 18:00:00,19.11,19.37,19.24,19.22,198733.572,SOL-USD,6h
2023-05-25 00:00:00,18.77,19.48,19.21,19.39,233156.964,SOL-USD,6h
2023-05-25 06:00:00,19.24,19.43,19.39,19.38,91169.82,SOL-USD,6h
2023-05-25 12:00:00,19.19,19.58,19.39,19.26,238967.393,SOL-USD,6h
2023-05-25 18:00:00,19.2,19.42,19.26,19.25,115454.826,SOL-USD,6h
2023-05-26 00:00:00,19.11,19.37,19.25,19.14,69663.212,SOL-USD,6h
2023-05-26 06:00:00,19.09,19.36,19.13,19.29,60469.241,SOL-USD,6h
2023-05-26 12:00:00,19.21,19.56,19.29,19.34,191972.532,SOL-USD,6h
2023-05-26 18:00:00,19.3,19.51,19.33,19.36,85827.384,SOL-USD,6h
2023-05-27 00:00:00,19.33,19.56,19.36,19.5,39670.778,SOL-USD,6h
2023-05-27 06:00:00,19.44,19.65,19.5,19.49,37802.481,SOL-USD,6h
2023-05-27 12:00:00,19.44,19.69,19.48,19.65,74286.964,SOL-USD,6h
2023-05-27 18:00:00,19.57,20.54,19.65,20.43,286006.958,SOL-USD,6h
2023-05-28 00:00:00,20.29,20.79,20.43,20.48,224039.762,SOL-USD,6h
2023-05-28 06:00:00,20.41,20.67,20.48,20.53,53111.041,SOL-USD,6h
2023-05-28 12:00:00,20.43,20.7,20.54,20.69,93466.487,SOL-USD,6h
2023-05-28 18:00:00,20.64,21.19,20.67,20.82,289414.796,SOL-USD,6h
2023-05-29 00:00:00,20.55,21.0,20.82,20.76,254945.183,SOL-USD,6h
2023-05-29 06:00:00,20.62,20.79,20.76,20.76,55440.073,SOL-USD,6h
2023-05-29 12:00:00,20.27,20.79,20.75,20.54,208465.405,SOL-USD,6h
2023-05-29 18:00:00,20.44,20.7,20.53,20.59,101797.913,SOL-USD,6h
2023-05-30 00:00:00,20.48,21.17,20.59,20.71,272204.529,SOL-USD,6h
2023-05-30 06:00:00,20.7,21.37,20.71,21.3,223588.751,SOL-USD,6h
2023-05-30 12:00:00,20.79,21.4,21.3,21.28,545825.77,SOL-USD,6h
2023-05-30 18:00:00,21.14,21.47,21.29,21.27,228303.46,SOL-USD,6h
2023-05-31 00:00:00,20.53,21.34,21.27,20.59,240322.57,SOL-USD,6h
2023-05-31 06:00:00,20.5,20.82,20.56,20.63,149746.437,SOL-USD,6h
2023-05-31 12:00:00,20.37,20.71,20.62,20.67,262274.045,SOL-USD,6h
2023-05-31 18:00:00,20.6,20.84,20.67,20.83,140748.476,SOL-USD,6h
2023-06-01 00:00:00,20.43,21.0,20.83,20.64,210905.068,SOL-USD,6h
2023-06-01 06:00:00,20.56,20.74,20.64,20.72,66477.071,SOL-USD,6h
2023-06-01 12:00:00,20.57,20.91,20.72,20.69,157537.367,SOL-USD,6h
2023-06-01 18:00:00,20.42,20.82,20.7,20.51,124332.832,SOL-USD,6h
2023-06-02 00:00:00,20.3,21.15,20.5,21.08,186855.902,SOL-USD,6h
2023-06-02 06:00:00,20.98,21.31,21.07,21.26,121488.015,SOL-USD,6h
2023-06-02 12:00:00,20.96,21.32,21.25,21.14,151745.645,SOL-USD,6h
2023-06-02 18:00:00,21.07,21.38,21.13,21.27,134799.797,SOL-USD,6h
2023-06-03 00:00:00,20.99,21.32,21.26,21.07,87852.783,SOL-USD,6h
2023-06-03 06:00:00,21.06,21.25,21.06,21.18,62660.737,SOL-USD,6h
2023-06-03 12:00:00,21.09,21.37,21.18,21.15,129670.32,SOL-USD,6h
2023-06-03 18:00:00,20.96,21.21,21.14,21.21,69068.74,SOL-USD,6h
2023-06-04 00:00:00,21.04,21.38,21.21,21.33,68685.984,SOL-USD,6h
2023-06-04 06:00:00,21.29,21.81,21.33,21.71,149917.688,SOL-USD,6h
2023-06-04 12:00:00,21.69,22.3,21.7,22.12,342745.115,SOL-USD,6h
2023-06-04 18:00:00,21.78,22.33,22.13,21.82,254047.772,SOL-USD,6h
2023-06-05 00:00:00,21.41,22.06,21.83,21.49,217577.618,SOL-USD,6h
2023-06-05 06:00:00,21.37,21.7,21.49,21.62,169686.088,SOL-USD,6h
2023-06-05 12:00:00,19.2,21.61,21.6,20.08,1413708.824,SOL-USD,6h
2023-06-05 18:00:00,19.68,20.15,20.07,20.02,357221.836,SOL-USD,6h
2023-06-06 00:00:00,19.71,20.05,20.02,19.98,160927.611,SOL-USD,6h
2023-06-06 06:00:00,19.84,20.13,19.98,19.89,69172.841,SOL-USD,6h
2023-06-06 12:00:00,19.24,20.32,19.88,20.16,777721.958,SOL-USD,6h
2023-06-06 18:00:00,20.12,20.71,20.16,20.39,373411.493,SOL-USD,6h
2023-06-07 00:00:00,20.02,20.53,20.38,20.14,179439.249,SOL-USD,6h
2023-06-07 06:00:00,19.58,20.22,20.15,19.95,268426.808,SOL-USD,6h
2023-06-07 12:00:00,18.59,19.96,19.95,19.07,764897.234,SOL-USD,6h
2023-06-07 18:00:00,18.52,19.18,19.07,18.63,345524.711,SOL-USD,6h
2023-06-08 00:00:00,18.25,18.89,18.64,18.52,147355.821,SOL-USD,6h
2023-06-08 06:00:00,18.39,18.84,18.52,18.8,94534.92,SOL-USD,6h
2023-06-08 12:00:00,18.58,19.01,18.81,18.6,147698.236,SOL-USD,6h
2023-06-08 18:00:00,18.56,19.11,18.61,18.9,87212.111,SOL-USD,6h
2023-06-09 00:00:00,18.6,18.93,18.89,18.73,55052.722,SOL-USD,6h
2023-06-09 06:00:00,18.49,19.38,18.72,19.3,185729.97,SOL-USD,6h
2023-06-09 12:00:00,18.24,19.35,19.29,18.29,496197.129,SOL-USD,6h
2023-06-09 18:00:00,17.11,18.34,18.29,17.4,710833.4,SOL-USD,6h
2023-06-10 00:00:00,13.21,17.42,17.39,14.27,1414927.281,SOL-USD,6h
2023-06-10 06:00:00,13.45,15.09,14.3,14.92,673375.169,SOL-USD,6h
2023-06-10 12:00:00,14.43,15.87,14.92,15.54,750886.675,SOL-USD,6h
2023-06-10 18:00:00,14.96,15.91,15.53,15.64,637544.755,SOL-USD,6h
2023-06-11 00:00:00,15.31,15.8,15.63,15.66,409510.547,SOL-USD,6h
2023-06-11 06:00:00,15.29,15.74,15.68,15.53,106151.647,SOL-USD,6h
2023-06-11 12:00:00,15.13,15.69,15.56,15.48,157782.164,SOL-USD,6h
2023-06-11 18:00:00,15.38,16.19,15.47,15.54,300155.312,SOL-USD,6h
2023-06-12 00:00:00,14.91,15.6,15.56,15.05,155876.201,SOL-USD,6h
2023-06-12 06:00:00,15.03,15.69,15.04,15.41,130266.525,SOL-USD,6h
2023-06-12 12:00:00,14.74,15.47,15.41,14.99,315427.749,SOL-USD,6h
2023-06-12 18:00:00,14.77,15.4,14.97,15.18,293734.973,SOL-USD,6h
2023-06-13 00:00:00,15.02,15.52,15.19,15.39,133570.815,SOL-USD,6h
2023-06-13 06:00:00,15.34,15.68,15.38,15.64,113737.603,SOL-USD,6h
2023-06-13 12:00:00,14.76,15.99,15.62,14.88,508942.617,SOL-USD,6h
2023-06-13 18:00:00,14.83,15.15,14.88,15.03,198930.012,SOL-USD,6h
2023-06-14 00:00:00,14.91,15.3,15.02,15.03,112195.561,SOL-USD,6h
2023-06-14 06:00:00,15.01,15.25,15.04,15.21,77404.717,SOL-USD,6h
2023-06-14 12:00:00,15.02,15.36,15.2,15.33,173668.511,SOL-USD,6h
2023-06-14 18:00:00,14.07,15.35,15.33,14.48,474341.089,SOL-USD,6h
2023-06-15 00:00:00,14.41,15.06,14.49,14.79,182005.661,SOL-USD,6h
2023-06-15 06:00:00,14.42,14.9,14.79,14.62,92354.917,SOL-USD,6h
2023-06-15 12:00:00,14.15,14.77,14.64,14.44,193687.752,SOL-USD,6h
2023-06-15 18:00:00,14.27,15.05,14.45,14.77,206607.756,SOL-USD,6h
2023-06-16 00:00:00,14.61,14.9,14.77,14.88,68334.462,SOL-USD,6h
2023-06-16 06:00:00,14.51,14.96,14.88,14.55,81204.34,SOL-USD,6h
2023-06-16 12:00:00,14.37,15.3,14.54,15.23,424182.576,SOL-USD,6h
2023-06-16 18:00:00,15.13,15.47,15.24,15.32,554790.081,SOL-USD,6h
2023-06-17 00:00:00,15.16,16.1,15.31,16.04,235360.849,SOL-USD,6h
2023-06-17 06:00:00,15.7,16.11,16.05,15.76,160150.93,SOL-USD,6h
2023-06-17 12:00:00,15.56,15.91,15.75,15.67,148123.342,SOL-USD,6h
2023-06-17 18:00:00,15.58,15.76,15.66,15.65,76087.172,SOL-USD,6h
2023-06-18 00:00:00,15.42,15.66,15.65,15.57,55764.344,SOL-USD,6h
2023-06-18 06:00:00,15.48,15.75,15.57,15.71,64631.063,SOL-USD,6h
2023-06-18 12:00:00,15.61,15.83,15.72,15.76,106423.98,SOL-USD,6h
2023-06-18 18:00:00,15.29,15.84,15.77,15.43,112914.196,SOL-USD,6h
2023-06-19 00:00:00,15.34,15.58,15.43,15.46,66776.569,SOL-USD,6h
2023-06-19 06:00:00,15.41,15.56,15.45,15.55,47432.026,SOL-USD,6h
2023-06-19 12:00:00,15.44,15.81,15.56,15.74,145202.598,SOL-USD,6h
2023-06-19 18:00:00,15.56,16.15,15.74,16.1,256696.327,SOL-USD,6h
2023-06-20 00:00:00,15.95,16.29,16.11,15.98,256722.836,SOL-USD,6h
2023-06-20 06:00:00,15.77,16.03,15.98,15.92,103344.374,SOL-USD,6h
2023-06-20 12:00:00,15.72,16.45,15.92,16.31,263639.293,SOL-USD,6h
2023-06-20 18:00:00,16.22,16.69,16.32,16.66,467398.861,SOL-USD,6h
2023-06-21 00:00:00,16.57,17.21,16.66,16.96,364965.626,SOL-USD,6h
2023-06-21 06:00:00,16.65,16.96,16.94,16.79,157834.448,SOL-USD,6h
2023-06-21 12:00:00,16.55,17.27,16.8,16.99,535012.495,SOL-USD,6h
2023-06-21 18:00:00,16.96,17.41,17.0,17.23,324866.1,SOL-USD,6h
2023-06-22 00:00:00,17.17,17.75,17.23,17.4,256999.235,SOL-USD,6h
2023-06-22 06:00:00,16.63,17.41,17.39,16.86,159768.745,SOL-USD,6h
2023-06-22 12:00:00,16.67,17.16,16.86,17.11,213583.723,SOL-USD,6h
2023-06-22 18:00:00,16.57,17.11,17.11,16.63,152329.474,SOL-USD,6h
2023-06-23 00:00:00,16.51,16.8,16.63,16.78,257887.528,SOL-USD,6h
2023-06-23 06:00:00,16.54,16.86,16.78,16.6,80023.68,SOL-USD,6h
2023-06-23 12:00:00,16.17,17.28,16.6,17.11,848869.618,SOL-USD,6h
2023-06-23 18:00:00,16.88,17.55,17.12,17.14,385367.038,SOL-USD,6h
2023-06-24 00:00:00,17.07,17.55,17.15,17.3,277929.283,SOL-USD,6h
2023-06-24 06:00:00,17.03,17.33,17.29,17.23,57209.977,SOL-USD,6h
2023-06-24 12:00:00,16.42,17.4,17.23,16.62,174276.406,SOL-USD,6h
2023-06-24 18:00:00,16.39,16.79,16.61,16.66,107073.814,SOL-USD,6h
2023-06-25 00:00:00,16.58,17.18,16.66,17.06,146923.711,SOL-USD,6h
2023-06-25 06:00:00,16.94,17.39,17.06,17.24,176896.776,SOL-USD,6h
2023-06-25 12:00:00,16.77,17.3,17.24,17.15,244850.589,SOL-USD,6h
2023-06-25 18:00:00,16.8,17.16,17.14,16.97,162187.044,SOL-USD,6h
2023-06-26 00:00:00,16.56,16.97,16.96,16.78,121854.248,SOL-USD,6h
2023-06-26 06:00:00,16.73,17.05,16.77,16.92,169788.112,SOL-USD,6h
2023-06-26 12:00:00,16.13,17.12,16.93,16.25,324169.41,SOL-USD,6h
2023-06-26 18:00:00,15.91,16.38,16.24,16.28,307496.137,SOL-USD,6h
2023-06-27 00:00:00,16.14,16.57,16.28,16.49,241089.516,SOL-USD,6h
2023-06-27 06:00:00,16.34,16.77,16.49,16.7,129940.732,SOL-USD,6h
2023-06-27 12:00:00,16.35,16.83,16.7,16.66,292330.958,SOL-USD,6h
2023-06-27 18:00:00,16.5,16.94,16.67,16.63,238102.197,SOL-USD,6h
2023-06-28 00:00:00,16.12,16.65,16.63,16.24,378240.482,SOL-USD,6h
2023-06-28 06:00:00,15.9,16.24,16.23,16.21,228546.402,SOL-USD,6h
2023-06-28 12:00:00,16.09,16.53,16.22,16.18,304004.531,SOL-USD,6h
2023-06-28 18:00:00,15.7,16.3,16.18,15.98,365642.716,SOL-USD,6h
2023-06-29 00:00:00,15.87,16.18,15.97,16.04,127156.822,SOL-USD,6h
2023-06-29 06:00:00,16.02,18.29,16.04,18.05,674188.883,SOL-USD,6h
2023-06-29 12:00:00,17.27,18.24,18.05,17.64,535713.461,SOL-USD,6h
2023-06-29 18:00:00,17.44,18.08,17.64,17.99,283808.485,SOL-USD,6h
2023-06-30 00:00:00,17.86,19.09,17.99,18.75,649804.842,SOL-USD,6h
2023-06-30 06:00:00,18.42,19.03,18.77,18.88,196482.495,SOL-USD,6h
2023-06-30 12:00:00,17.12,19.99,18.88,19.53,838301.035,SOL-USD,6h
2023-06-30 18:00:00,18.82,19.64,19.53,18.85,428402.124,SOL-USD,6h
2023-07-01 00:00:00,17.9,19.01,18.84,18.07,243206.704,SOL-USD,6h
2023-07-01 06:00:00,18.05,18.5,18.06,18.33,126271.822,SOL-USD,6h
2023-07-01 12:00:00,18.26,18.57,18.35,18.33,101109.151,SOL-USD,6h
2023-07-01 18:00:00,18.31,18.75,18.33,18.7,90627.813,SOL-USD,6h
2023-07-02 00:00:00,18.54,19.49,18.69,18.93,237796.358,SOL-USD,6h
2023-07-02 06:00:00,18.88,19.4,18.93,19.04,118629.195,SOL-USD,6h
2023-07-02 12:00:00,18.8,19.49,19.04,19.16,405372.562,SOL-USD,6h
2023-07-02 18:00:00,19.08,19.73,19.16,19.46,338029.228,SOL-USD,6h
2023-07-03 00:00:00,19.19,19.65,19.46,19.43,125051.696,SOL-USD,6h
2023-07-03 06:00:00,19.23,19.54,19.42,19.47,95824.64,SOL-USD,6h
2023-07-03 12:00:00,18.95,19.5,19.46,19.19,294751.31,SOL-USD,6h
2023-07-03 18:00:00,18.85,19.36,19.18,19.27,208642.799,SOL-USD,6h
2023-07-04 00:00:00,19.11,19.51,19.26,19.22,119413.013,SOL-USD,6h
2023-07-04 06:00:00,19.07,19.27,19.21,19.25,74535.785,SOL-USD,6h
2023-07-04 12:00:00,19.21,19.94,19.25,19.54,360092.355,SOL-USD,6h
2023-07-04 18:00:00,19.14,19.58,19.55,19.15,217406.492,SOL-USD,6h
2023-07-05 00:00:00,19.11,19.37,19.16,19.37,91701.466,SOL-USD,6h
2023-07-05 06:00:00,18.6,19.4,19.37,18.71,290971.83,SOL-USD,6h
2023-07-05 12:00:00,18.45,18.92,18.71,18.8,228916.068,SOL-USD,6h
2023-07-05 18:00:00,18.55,19.04,18.8,19.0,167093.799,SOL-USD,6h
2023-07-06 00:00:00,18.95,19.75,18.99,19.51,415547.325,SOL-USD,6h
2023-07-06 06:00:00,19.43,20.34,19.5,19.91,315492.707,SOL-USD,6h
2023-07-06 12:00:00,18.66,20.06,19.89,20.06,838206.832,SOL-USD,6h
2023-07-06 18:00:00,19.6,20.98,20.07,19.6,759575.69,SOL-USD,6h
2023-07-07 00:00:00,19.45,20.51,19.59,20.17,450381.993,SOL-USD,6h
2023-07-07 06:00:00,19.26,20.34,20.16,20.18,273739.917,SOL-USD,6h
2023-07-07 12:00:00,20.16,21.5,20.17,21.27,743894.353,SOL-USD,6h
2023-07-07 18:00:00,21.06,21.75,21.26,21.51,298421.878,SOL-USD,6h
2023-07-08 00:00:00,21.32,22.0,21.51,21.42,277643.617,SOL-USD,6h
2023-07-08 06:00:00,21.35,22.49,21.43,21.94,252762.482,SOL-USD,6h
2023-07-08 12:00:00,21.39,22.01,21.94,21.87,470916.164,SOL-USD,6h
2023-07-08 18:00:00,21.42,21.98,21.86,21.81,284892.577,SOL-USD,6h
2023-07-09 00:00:00,21.53,22.38,21.83,21.77,303094.326,SOL-USD,6h
2023-07-09 06:00:00,21.42,21.89,21.79,21.62,62261.889,SOL-USD,6h
2023-07-09 12:00:00,21.14,21.85,21.61,21.35,218056.64,SOL-USD,6h
2023-07-09 18:00:00,20.99,21.48,21.36,21.33,137992.609,SOL-USD,6h
2023-07-10 00:00:00,20.8,21.38,21.33,20.91,209350.663,SOL-USD,6h
2023-07-10 06:00:00,20.49,21.03,20.9,20.8,98594.483,SOL-USD,6h
2023-07-10 12:00:00,20.65,21.3,20.81,21.03,194603.315,SOL-USD,6h
2023-07-10 18:00:00,20.97,21.8,21.03,21.3,575731.67,SOL-USD,6h
2023-07-11 00:00:00,21.21,22.08,21.29,21.94,260559.027,SOL-USD,6h
2023-07-11 06:00:00,21.84,22.23,21.94,22.04,144303.011,SOL-USD,6h
2023-07-11 12:00:00,21.86,22.37,22.04,22.11,363321.061,SOL-USD,6h
2023-07-11 18:00:00,21.74,22.11,22.1,22.07,147874.278,SOL-USD,6h
2023-07-12 00:00:00,21.86,22.28,22.07,22.0,121357.691,SOL-USD,6h
2023-07-12 06:00:00,21.95,22.17,22.01,22.13,74403.442,SOL-USD,6h
2023-07-12 12:00:00,21.98,22.79,22.12,22.18,895808.805,SOL-USD,6h
2023-07-12 18:00:00,21.74,22.3,22.18,21.93,272902.829,SOL-USD,6h
2023-07-13 00:00:00,21.43,22.02,21.94,21.68,177485.969,SOL-USD,6h
2023-07-13 06:00:00,21.67,22.48,21.69,22.41,143893.426,SOL-USD,6h
2023-07-13 12:00:00,22.12,26.26,22.42,25.99,1911512.453,SOL-USD,6h
2023-07-13 18:00:00,25.26,26.82,26.01,26.03,886037.502,SOL-USD,6h
2023-07-14 00:00:00,25.63,32.4,26.03,28.73,1703014.252,SOL-USD,6h
2023-07-14 06:00:00,27.6,29.68,28.71,28.06,480501.488,SOL-USD,6h
2023-07-14 12:00:00,26.9,28.37,28.06,27.14,992112.249,SOL-USD,6h
2023-07-14 18:00:00,25.23,27.57,27.16,26.7,1019296.165,SOL-USD,6h
2023-07-15 00:00:00,26.49,28.12,26.7,28.02,604319.159,SOL-USD,6h
2023-07-15 06:00:00,27.91,29.11,28.02,28.93,346566.86,SOL-USD,6h
2023-07-15 12:00:00,27.06,29.03,28.93,27.6,708561.82,SOL-USD,6h
2023-07-15 18:00:00,27.2,28.2,27.6,27.47,227785.883,SOL-USD,6h
2023-07-16 00:00:00,26.5,27.95,27.48,27.71,283849.236,SOL-USD,6h
2023-07-16 06:00:00,27.58,28.3,27.72,28.07,141405.215,SOL-USD,6h
2023-07-16 12:00:00,27.84,28.6,28.07,28.03,677043.588,SOL-USD,6h
2023-07-16 18:00:00,27.09,28.07,28.03,27.43,298615.454,SOL-USD,6h
2023-07-17 00:00:00,27.24,28.48,27.42,27.87,341593.177,SOL-USD,6h
2023-07-17 06:00:00,26.55,27.99,27.86,27.14,281008.991,SOL-USD,6h
2023-07-17 12:00:00,25.88,27.4,27.14,26.04,737260.482,SOL-USD,6h
2023-07-17 18:00:00,25.63,27.02,26.05,26.81,563683.422,SOL-USD,6h
2023-07-18 00:00:00,26.29,27.1,26.81,26.43,300608.518,SOL-USD,6h
2023-07-18 06:00:00,24.9,26.54,26.42,25.01,413307.91,SOL-USD,6h
2023-07-18 12:00:00,24.75,25.68,25.02,25.43,752527.644,SOL-USD,6h
2023-07-18 18:00:00,25.04,25.78,25.43,25.56,324748.013,SOL-USD,6h
2023-07-19 00:00:00,25.36,26.58,25.56,26.5,397085.184,SOL-USD,6h
2023-07-19 06:00:00,25.71,26.53,26.49,26.48,162778.316,SOL-USD,6h
2023-07-19 12:00:00,25.85,26.77,26.48,26.68,586585.392,SOL-USD,6h
2023-07-19 18:00:00,26.25,26.99,26.68,26.3,367663.607,SOL-USD,6h
2023-07-20 00:00:00,26.13,26.83,26.3,26.83,117361.202,SOL-USD,6h
2023-07-20 06:00:00,26.72,27.35,26.83,27.16,273907.692,SOL-USD,6h
2023-07-20 12:00:00,25.2,27.25,27.16,25.56,649788.9,SOL-USD,6h
2023-07-20 18:00:00,25.03,25.66,25.56,25.37,351095.683,SOL-USD,6h
2023-07-21 00:00:00,25.09,25.63,25.36,25.26,176445.11,SOL-USD,6h
2023-07-21 06:00:00,25.07,25.48,25.26,25.27,94879.439,SOL-USD,6h
2023-07-21 12:00:00,25.18,25.6,25.28,25.5,208773.654,SOL-USD,6h
2023-07-21 18:00:00,25.45,26.03,25.5,25.52,461189.327,SOL-USD,6h
2023-07-22 00:00:00,25.45,25.97,25.52,25.68,111775.244,SOL-USD,6h
2023-07-22 06:00:00,25.41,25.89,25.68,25.61,57692.276,SOL-USD,6h
2023-07-22 12:00:00,25.51,25.76,25.6,25.53,98644.85,SOL-USD,6h
2023-07-22 18:00:00,24.06,25.53,25.53,24.54,340364.03,SOL-USD,6h
2023-07-23 00:00:00,24.16,24.91,24.53,24.84,374835.654,SOL-USD,6h
2023-07-23 06:00:00,24.62,24.89,24.84,24.67,103303.922,SOL-USD,6h
2023-07-23 12:00:00,24.52,25.18,24.67,25.09,143988.633,SOL-USD,6h
2023-07-23 18:00:00,24.52,25.26,25.09,24.77,172908.33,SOL-USD,6h
2023-07-24 00:00:00,24.07,24.84,24.76,24.45,188473.787,SOL-USD,6h
2023-07-24 06:00:00,23.25,24.69,24.44,23.63,233128.658,SOL-USD,6h
2023-07-24 12:00:00,22.83,23.68,23.62,23.23,559735.401,SOL-USD,6h
2023-07-24 18:00:00,23.17,23.61,23.23,23.37,200829.793,SOL-USD,6h
2023-07-25 00:00:00,23.15,23.53,23.37,23.31,128401.778,SOL-USD,6h
2023-07-25 06:00:00,22.96,23.4,23.31,23.17,105590.95,SOL-USD,6h
2023-07-25 12:00:00,22.74,23.59,23.16,23.37,355599.259,SOL-USD,6h
2023-07-25 18:00:00,23.12,23.46,23.36,23.28,242337.134,SOL-USD,6h
2023-07-26 00:00:00,23.17,23.71,23.28,23.56,228595.097,SOL-USD,6h
2023-07-26 06:00:00,23.4,23.97,23.56,23.82,186389.283,SOL-USD,6h
2023-07-26 12:00:00,23.8,25.0,23.82,24.68,502158.79,SOL-USD,6h
2023-07-26 18:00:00,24.61,25.67,24.7,25.18,547858.129,SOL-USD,6h
2023-07-27 00:00:00,24.67,25.53,25.18,25.32,366870.061,SOL-USD,6h
2023-07-27 06:00:00,24.92,25.49,25.31,25.39,139777.718,SOL-USD,6h
2023-07-27 12:00:00,25.03,25.66,25.39,25.19,288962.982,SOL-USD,6h
2023-07-27 18:00:00,24.71,25.24,25.18,25.1,268580.732,SOL-USD,6h
2023-07-28 00:00:00,24.55,25.38,25.09,24.67,189971.484,SOL-USD,6h
2023-07-28 06:00:00,24.48,24.82,24.66,24.63,145713.224,SOL-USD,6h
2023-07-28 12:00:00,24.62,25.54,24.62,25.0,379595.437,SOL-USD,6h
2023-07-28 18:00:00,24.81,25.14,25.01,24.81,153876.912,SOL-USD,6h
2023-07-29 00:00:00,24.74,25.24,24.82,25.2,156831.432,SOL-USD,6h
2023-07-29 06:00:00,24.93,25.2,25.2,24.96,89417.627,SOL-USD,6h
2023-07-29 12:00:00,24.92,25.35,24.96,25.27,116880.161,SOL-USD,6h
2023-07-29 18:00:00,25.12,25.39,25.27,25.17,123739.171,SOL-USD,6h
2023-07-30 00:00:00,24.94,25.21,25.16,25.05,108864.805,SOL-USD,6h
2023-07-30 06:00:00,24.83,25.06,25.06,24.97,85951.446,SOL-USD,6h
2023-07-30 12:00:00,24.72,25.07,24.96,24.97,111227.77,SOL-USD,6h
2023-07-30 18:00:00,23.53,24.99,24.98,24.25,446042.125,SOL-USD,6h
2023-07-31 00:00:00,24.11,24.81,24.25,24.42,193360.253,SOL-USD,6h
2023-07-31 06:00:00,24.36,24.6,24.41,24.45,101172.428,SOL-USD,6h
2023-07-31 12:00:00,23.87,24.69,24.45,24.11,317552.999,SOL-USD,6h
2023-07-31 18:00:00,23.51,24.11,24.11,23.73,209144.544,SOL-USD,6h
2023-08-01 00:00:00,22.85,23.98,23.72,23.52,319121.454,SOL-USD,6h
2023-08-01 06:00:00,23.29,23.63,23.5,23.32,137252.306,SOL-USD,6h
2023-08-01 12:00:00,22.8,23.46,23.33,23.37,230733.772,SOL-USD,6h
2023-08-01 18:00:00,23.37,24.06,23.37,24.05,249576.006,SOL-USD,6h
2023-08-02 00:00:00,23.57,24.27,24.05,23.68,334396.026,SOL-USD,6h
2023-08-02 06:00:00,23.42,23.8,23.66,23.67,83269.077,SOL-USD,6h
2023-08-02 12:00:00,22.86,23.71,23.68,23.12,369151.367,SOL-USD,6h
2023-08-02 18:00:00,22.98,23.31,23.12,23.14,117907.434,SOL-USD,6h
2023-08-03 00:00:00,23.05,23.38,23.13,23.17,98225.738,SOL-USD,6h
2023-08-03 06:00:00,22.5,23.19,23.18,22.73,192133.362,SOL-USD,6h
2023-08-03 12:00:00,22.58,23.08,22.73,22.84,182624.1,SOL-USD,6h
2023-08-03 18:00:00,22.5,23.1,22.83,22.62,179544.121,SOL-USD,6h
2023-08-04 00:00:00,22.5,22.99,22.63,22.9,133202.943,SOL-USD,6h
2023-08-04 06:00:00,22.77,23.05,22.9,22.89,92522.606,SOL-USD,6h
2023-08-04 12:00:00,22.83,23.55,22.88,23.25,352851.188,SOL-USD,6h
2023-08-04 18:00:00,22.5,23.26,23.25,22.77,259608.749,SOL-USD,6h
2023-08-05 00:00:00,22.46,22.8,22.77,22.79,123433.856,SOL-USD,6h
2023-08-05 06:00:00,22.68,22.91,22.79,22.76,65781.403,SOL-USD,6h
2023-08-05 12:00:00,22.21,22.79,22.76,22.55,112205.687,SOL-USD,6h
2023-08-05 18:00:00,22.47,22.68,22.55,22.63,74758.391,SOL-USD,6h
2023-08-06 00:00:00,22.56,23.02,22.63,23.01,130199.85,SOL-USD,6h
2023-08-06 06:00:00,22.84,23.44,23.0,23.18,124380.306,SOL-USD,6h
2023-08-06 12:00:00,22.81,23.23,23.21,23.09,67153.1,SOL-USD,6h
2023-08-06 18:00:00,23.04,23.36,23.09,23.17,84793.029,SOL-USD,6h
2023-08-07 00:00:00,22.99,23.63,23.16,23.24,90868.138,SOL-USD,6h
2023-08-07 06:00:00,22.93,23.25,23.25,23.06,100422.58,SOL-USD,6h
2023-08-07 12:00:00,22.3,23.12,23.06,22.78,179442.907,SOL-USD,6h
2023-08-07 18:00:00,22.74,23.11,22.78,23.11,106954.873,SOL-USD,6h
2023-08-08 00:00:00,23.0,23.29,23.1,23.23,149467.541,SOL-USD,6h
2023-08-08 06:00:00,23.13,23.36,23.23,23.36,48069.951,SOL-USD,6h
2023-08-08 12:00:00,23.17,24.26,23.36,24.18,478442.354,SOL-USD,6h
2023-08-08 18:00:00,23.99,24.78,24.19,24.21,593947.169,SOL-USD,6h
2023-08-09 00:00:00,24.16,24.54,24.2,24.38,125914.962,SOL-USD,6h
2023-08-09 06:00:00,24.3,24.97,24.38,24.87,194758.244,SOL-USD,6h
2023-08-09 12:00:00,24.33,25.01,24.87,24.45,370013.119,SOL-USD,6h
2023-08-09 18:00:00,24.09,24.57,24.46,24.37,151543.976,SOL-USD,6h
2023-08-10 00:00:00,24.11,24.53,24.37,24.28,116841.196,SOL-USD,6h
2023-08-10 06:00:00,24.19,24.48,24.29,24.38,65023.441,SOL-USD,6h
2023-08-10 12:00:00,24.34,25.02,24.37,24.46,237142.963,SOL-USD,6h
2023-08-10 18:00:00,24.4,24.73,24.46,24.6,107458.921,SOL-USD,6h
2023-08-11 00:00:00,24.6,24.9,24.6,24.71,124555.348,SOL-USD,6h
2023-08-11 06:00:00,24.35,24.72,24.7,24.51,117486.513,SOL-USD,6h
2023-08-11 12:00:00,24.35,24.84,24.5,24.42,187448.391,SOL-USD,6h
2023-08-11 18:00:00,24.31,24.62,24.43,24.61,85805.297,SOL-USD,6h
2023-08-12 00:00:00,24.38,24.75,24.61,24.47,110701.482,SOL-USD,6h
2023-08-12 06:00:00,24.4,24.55,24.48,24.53,30959.631,SOL-USD,6h
2023-08-12 12:00:00,24.5,24.8,24.53,24.68,118688.451,SOL-USD,6h
2023-08-12 18:00:00,24.63,25.19,24.67,24.91,175897.089,SOL-USD,6h
2023-08-13 00:00:00,24.64,24.95,24.92,24.7,69235.566,SOL-USD,6h
2023-08-13 06:00:00,24.64,24.86,24.69,24.68,32025.898,SOL-USD,6h
2023-08-13 12:00:00,24.41,24.76,24.68,24.48,119014.858,SOL-USD,6h
2023-08-13 18:00:00,24.18,24.68,24.48,24.21,103112.312,SOL-USD,6h
2023-08-14 00:00:00,24.05,24.5,24.21,24.45,97105.297,SOL-USD,6h
2023-08-14 06:00:00,24.35,24.56,24.46,24.5,57479.104,SOL-USD,6h
2023-08-14 12:00:00,24.3,25.29,24.5,24.79,382117.667,SOL-USD,6h
2023-08-14 18:00:00,24.52,25.23,24.79,25.18,191388.881,SOL-USD,6h
2023-08-15 00:00:00,24.86,25.39,25.18,24.97,150048.32,SOL-USD,6h
2023-08-15 06:00:00,24.7,25.04,24.96,24.79,85460.056,SOL-USD,6h
2023-08-15 12:00:00,24.64,24.97,24.79,24.7,125046.888,SOL-USD,6h
2023-08-15 18:00:00,23.71,24.7,24.7,23.87,635712.496,SOL-USD,6h
2023-08-16 00:00:00,23.33,24.01,23.87,23.44,207773.069,SOL-USD,6h
2023-08-16 06:00:00,23.19,23.55,23.45,23.48,141677.905,SOL-USD,6h
2023-08-16 12:00:00,22.87,23.48,23.48,23.41,389595.113,SOL-USD,6h
2023-08-16 18:00:00,22.37,23.62,23.4,22.79,395432.706,SOL-USD,6h
2023-08-17 00:00:00,22.44,23.41,22.79,23.33,207543.83,SOL-USD,6h
2023-08-17 06:00:00,22.96,23.36,23.34,23.06,84933.311,SOL-USD,6h
2023-08-17 12:00:00,22.55,23.4,23.06,23.13,326314.436,SOL-USD,6h
2023-08-17 18:00:00,20.5,23.3,23.13,21.68,782396.029,SOL-USD,6h
2023-08-18 00:00:00,21.31,22.03,21.67,21.87,266698.557,SOL-USD,6h
2023-08-18 06:00:00,21.8,22.2,21.87,22.02,160457.609,SOL-USD,6h
2023-08-18 12:00:00,20.9,22.05,22.02,21.36,339110.233,SOL-USD,6h
2023-08-18 18:00:00,21.2,21.67,21.35,21.33,182062.482,SOL-USD,6h
2023-08-19 00:00:00,21.29,21.66,21.33,21.45,90509.058,SOL-USD,6h
2023-08-19 06:00:00,21.43,21.87,21.44,21.64,73523.498,SOL-USD,6h
2023-08-19 12:00:00,21.62,22.17,21.64,21.9,152633.724,SOL-USD,6h
2023-08-19 18:00:00,21.71,21.97,21.9,21.89,98016.148,SOL-USD,6h
2023-08-20 00:00:00,21.66,21.96,21.9,21.68,55795.307,SOL-USD,6h
2023-08-20 06:00:00,21.57,22.03,21.67,21.97,57755.781,SOL-USD,6h
2023-08-20 12:00:00,21.58,21.98,21.97,21.78,86178.583,SOL-USD,6h
2023-08-20 18:00:00,21.71,21.95,21.78,21.78,84062.817,SOL-USD,6h
2023-08-21 00:00:00,21.34,21.78,21.78,21.55,117405.949,SOL-USD,6h
2023-08-21 06:00:00,20.96,21.58,21.55,21.22,119180.012,SOL-USD,6h
2023-08-21 12:00:00,20.31,21.4,21.22,21.11,316303.389,SOL-USD,6h
2023-08-21 18:00:00,21.01,21.41,21.11,21.2,166120.646,SOL-USD,6h
2023-08-22 00:00:00,20.95,21.27,21.2,21.01,82426.275,SOL-USD,6h
2023-08-22 06:00:00,20.92,21.2,21.01,20.93,66288.874,SOL-USD,6h
2023-08-22 12:00:00,20.1,21.07,20.92,20.16,284463.74,SOL-USD,6h
2023-08-22 18:00:00,19.29,20.68,20.16,20.58,432453.119,SOL-USD,6h
2023-08-23 00:00:00,20.46,20.75,20.57,20.58,177926.703,SOL-USD,6h
2023-08-23 06:00:00,20.58,20.91,20.58,20.61,91965.846,SOL-USD,6h
2023-08-23 12:00:00,20.34,21.49,20.61,21.29,286261.407,SOL-USD,6h
2023-08-23 18:00:00,21.24,21.81,21.3,21.73,334577.621,SOL-USD,6h
2023-08-24 00:00:00,21.59,22.03,21.74,21.79,147324.659,SOL-USD,6h
2023-08-24 06:00:00,21.62,21.91,21.79,21.78,80681.184,SOL-USD,6h
2023-08-24 12:00:00,20.73,21.78,21.78,20.99,295043.534,SOL-USD,6h
2023-08-24 18:00:00,20.67,21.08,20.98,21.05,120459.24,SOL-USD,6h
2023-08-25 00:00:00,20.42,21.05,21.04,20.69,124844.113,SOL-USD,6h
2023-08-25 06:00:00,20.54,20.76,20.7,20.67,72291.071,SOL-USD,6h
2023-08-25 12:00:00,20.21,20.88,20.68,20.27,239471.989,SOL-USD,6h
2023-08-25 18:00:00,20.08,20.43,20.27,20.42,189464.607,SOL-USD,6h
2023-08-26 00:00:00,20.21,20.42,20.41,20.25,46948.216,SOL-USD,6h
2023-08-26 06:00:00,20.2,20.43,20.25,20.3,41038.521,SOL-USD,6h
2023-08-26 12:00:00,20.17,20.39,20.3,20.27,56895.516,SOL-USD,6h
2023-08-26 18:00:00,20.19,20.37,20.27,20.27,49969.884,SOL-USD,6h
2023-08-27 00:00:00,20.23,20.39,20.27,20.34,28500.756,SOL-USD,6h
2023-08-27 06:00:00,20.32,20.73,20.34,20.57,49551.572,SOL-USD,6h
2023-08-27 12:00:00,20.54,20.91,20.57,20.59,113788.109,SOL-USD,6h
2023-08-27 18:00:00,20.55,20.83,20.58,20.79,75762.014,SOL-USD,6h
2023-08-28 00:00:00,20.2,20.78,20.78,20.36,80458.386,SOL-USD,6h
2023-08-28 06:00:00,20.03,20.44,20.35,20.36,140375.434,SOL-USD,6h
2023-08-28 12:00:00,20.33,20.78,20.36,20.6,172161.187,SOL-USD,6h
2023-08-28 18:00:00,20.36,20.68,20.59,20.55,89271.355,SOL-USD,6h
2023-08-29 00:00:00,20.39,20.75,20.55,20.4,68719.94,SOL-USD,6h
2023-08-29 06:00:00,20.11,20.39,20.39,20.14,78693.096,SOL-USD,6h
2023-08-29 12:00:00,20.11,22.02,20.14,21.68,733430.83,SOL-USD,6h
2023-08-29 18:00:00,21.52,21.97,21.68,21.79,460592.099,SOL-USD,6h
2023-08-30 00:00:00,21.5,21.99,21.79,21.75,154056.659,SOL-USD,6h
2023-08-30 06:00:00,21.39,21.75,21.75,21.42,95244.533,SOL-USD,6h
2023-08-30 12:00:00,20.6,21.52,21.41,20.71,356346.165,SOL-USD,6h
2023-08-30 18:00:00,20.62,20.9,20.7,20.82,98702.319,SOL-USD,6h
2023-08-31 00:00:00,20.61,20.82,20.81,20.68,95863.709,SOL-USD,6h
2023-08-31 06:00:00,20.68,21.07,20.69,20.88,87606.318,SOL-USD,6h
2023-08-31 12:00:00,19.42,20.89,20.89,19.86,961175.304,SOL-USD,6h
2023-08-31 18:00:00,19.44,20.02,19.86,19.73,333137.694,SOL-USD,6h
2023-09-01 00:00:00,19.69,19.93,19.72,19.87,118203.521,SOL-USD,6h
2023-09-01 06:00:00,19.72,19.91,19.87,19.84,127578.539,SOL-USD,6h
2023-09-01 12:00:00,19.02,19.93,19.84,19.11,373569.566,SOL-USD,6h
2023-09-01 18:00:00,19.06,19.5,19.1,19.33,188395.162,SOL-USD,6h
2023-09-02 00:00:00,19.31,19.65,19.32,19.54,86001.225,SOL-USD,6h
2023-09-02 06:00:00,19.44,19.66,19.54,19.57,54427.969,SOL-USD,6h
2023-09-02 12:00:00,19.2,19.69,19.57,19.25,93703.516,SOL-USD,6h
2023-09-02 18:00:00,19.13,19.55,19.27,19.49,75169.422,SOL-USD,6h
2023-09-03 00:00:00,19.46,19.67,19.49,19.57,82869.369,SOL-USD,6h
2023-09-03 06:00:00,19.32,19.62,19.56,19.42,35613.89,SOL-USD,6h
2023-09-03 12:00:00,19.23,19.57,19.43,19.42,96058.452,SOL-USD,6h
2023-09-03 18:00:00,19.4,19.64,19.41,19.57,97489.857,SOL-USD,6h
2023-09-04 00:00:00,19.56,20.03,19.57,19.67,114097.277,SOL-USD,6h
2023-09-04 06:00:00,19.58,19.88,19.67,19.58,98539.314,SOL-USD,6h
2023-09-04 12:00:00,19.23,19.63,19.57,19.41,128888.378,SOL-USD,6h
2023-09-04 18:00:00,19.16,19.52,19.42,19.52,69616.77,SOL-USD,6h
2023-09-05 00:00:00,19.03,19.56,19.51,19.28,110182.54,SOL-USD,6h
2023-09-05 06:00:00,19.22,19.61,19.28,19.54,83377.254,SOL-USD,6h
2023-09-05 12:00:00,19.47,20.6,19.54,20.38,430000.554,SOL-USD,6h
2023-09-05 18:00:00,20.06,20.4,20.38,20.26,253660.757,SOL-USD,6h
2023-09-06 00:00:00,19.76,20.37,20.26,19.8,157849.28,SOL-USD,6h
2023-09-06 06:00:00,19.68,19.9,19.79,19.75,119100.718,SOL-USD,6h
2023-09-06 12:00:00,19.14,19.86,19.74,19.64,284366.0,SOL-USD,6h
2023-09-06 18:00:00,19.34,19.75,19.64,19.64,109077.352,SOL-USD,6h
2023-09-07 00:00:00,19.56,19.82,19.63,19.69,98126.264,SOL-USD,6h
2023-09-07 06:00:00,19.35,19.7,19.69,19.39,147012.254,SOL-USD,6h
2023-09-07 12:00:00,19.32,19.75,19.38,19.7,116876.367,SOL-USD,6h
2023-09-07 18:00:00,19.58,20.0,19.71,19.91,178289.727,SOL-USD,6h
2023-09-08 00:00:00,19.84,20.28,19.92,19.87,142728.496,SOL-USD,6h
2023-09-08 06:00:00,19.37,19.94,19.89,19.55,116543.393,SOL-USD,6h
2023-09-08 12:00:00,19.39,19.69,19.54,19.51,128738.94,SOL-USD,6h
2023-09-08 18:00:00,19.42,19.64,19.5,19.61,72378.81,SOL-USD,6h
2023-09-09 00:00:00,19.47,19.61,19.61,19.5,56461.083,SOL-USD,6h
2023-09-09 06:00:00,19.44,19.57,19.51,19.57,50880.097,SOL-USD,6h
2023-09-09 12:00:00,19.47,19.58,19.57,19.49,44240.241,SOL-USD,6h
2023-09-09 18:00:00,19.37,19.54,19.49,19.44,50162.383,SOL-USD,6h
2023-09-10 00:00:00,18.01,19.44,19.44,18.39,313329.486,SOL-USD,6h
2023-09-10 06:00:00,18.25,18.65,18.39,18.34,132896.843,SOL-USD,6h
2023-09-10 12:00:00,17.8,18.45,18.33,17.99,533436.19,SOL-USD,6h
2023-09-10 18:00:00,17.94,18.6,17.99,18.23,245684.957,SOL-USD,6h
2023-09-11 00:00:00,17.99,18.46,18.23,18.41,222274.601,SOL-USD,6h
2023-09-11 06:00:00,17.37,18.43,18.41,17.66,202488.053,SOL-USD,6h
2023-09-11 12:00:00,17.34,18.0,17.66,17.78,555552.784,SOL-USD,6h
2023-09-11 18:00:00,17.42,17.78,17.77,17.72,282833.161,SOL-USD,6h
2023-09-12 00:00:00,17.56,18.5,17.72,17.98,335218.455,SOL-USD,6h
2023-09-12 06:00:00,17.89,18.8,17.98,18.3,180478.51,SOL-USD,6h
2023-09-12 12:00:00,17.71,18.41,18.31,17.72,456633.875,SOL-USD,6h
2023-09-12 18:00:00,17.69,18.07,17.72,17.92,150720.5,SOL-USD,6h
2023-09-13 00:00:00,17.69,18.18,17.92,17.8,110607.107,SOL-USD,6h
2023-09-13 06:00:00,17.72,18.57,17.79,18.17,145491.263,SOL-USD,6h
2023-09-13 12:00:00,17.89,18.54,18.19,17.96,441759.933,SOL-USD,6h
2023-09-13 18:00:00,17.96,18.52,17.97,18.4,362368.443,SOL-USD,6h
2023-09-14 00:00:00,18.39,19.32,18.4,18.67,464133.778,SOL-USD,6h
2023-09-14 06:00:00,18.54,18.91,18.67,18.85,187312.476,SOL-USD,6h
2023-09-14 12:00:00,18.76,19.19,18.85,18.96,206555.743,SOL-USD,6h
2023-09-14 18:00:00,18.79,19.12,18.96,18.86,120023.884,SOL-USD,6h
2023-09-15 00:00:00,18.73,19.3,18.86,19.21,229096.764,SOL-USD,6h
2023-09-15 06:00:00,19.0,19.25,19.2,19.02,69526.722,SOL-USD,6h
2023-09-15 12:00:00,18.63,19.07,19.01,18.64,242319.11,SOL-USD,6h
2023-09-15 18:00:00,18.56,19.49,18.64,19.14,279213.041,SOL-USD,6h
2023-09-16 00:00:00,19.06,19.46,19.15,19.28,150382.769,SOL-USD,6h
2023-09-16 06:00:00,19.03,19.32,19.29,19.15,59501.095,SOL-USD,6h
2023-09-16 12:00:00,18.88,19.2,19.15,19.1,118948.162,SOL-USD,6h
2023-09-16 18:00:00,18.93,19.15,19.1,19.13,80850.857,SOL-USD,6h
2023-09-17 00:00:00,18.75,19.14,19.13,18.99,75631.857,SOL-USD,6h
2023-09-17 06:00:00,18.88,19.11,18.99,19.02,38079.031,SOL-USD,6h
2023-09-17 12:00:00,18.8,19.09,19.04,18.8,46193.096,SOL-USD,6h
2023-09-17 18:00:00,18.65,18.95,18.79,18.81,81454.34,SOL-USD,6h
2023-09-18 00:00:00,18.6,19.31,18.82,19.11,155894.826,SOL-USD,6h
2023-09-18 06:00:00,19.06,19.74,19.12,19.59,173575.655,SOL-USD,6h
2023-09-18 12:00:00,19.55,20.16,19.6,19.69,593937.271,SOL-USD,6h
2023-09-18 18:00:00,19.51,19.89,19.7,19.66,214561.044,SOL-USD,6h
2023-09-19 00:00:00,19.58,19.99,19.64,19.76,116890.731,SOL-USD,6h
2023-09-19 06:00:00,19.75,20.4,19.76,20.22,192951.685,SOL-USD,6h
2023-09-19 12:00:00,19.83,20.22,20.21,19.94,243533.391,SOL-USD,6h
2023-09-19 18:00:00,19.84,20.1,19.94,20.04,97217.79,SOL-USD,6h
2023-09-20 00:00:00,19.84,20.24,20.03,19.89,136349.498,SOL-USD,6h
2023-09-20 06:00:00,19.81,20.17,19.89,20.06,79753.947,SOL-USD,6h
2023-09-20 12:00:00,19.9,20.38,20.06,20.31,315514.014,SOL-USD,6h
2023-09-20 18:00:00,19.89,20.5,20.32,20.29,312034.064,SOL-USD,6h
2023-09-21 00:00:00,19.92,20.3,20.3,19.97,159223.766,SOL-USD,6h
2023-09-21 06:00:00,19.35,19.97,19.96,19.58,349895.007,SOL-USD,6h
2023-09-21 12:00:00,19.27,19.7,19.58,19.62,444551.601,SOL-USD,6h
2023-09-21 18:00:00,19.43,19.71,19.63,19.46,112126.506,SOL-USD,6h
2023-09-22 00:00:00,19.25,19.73,19.45,19.68,218677.694,SOL-USD,6h
2023-09-22 06:00:00,19.54,19.79,19.68,19.69,51345.333,SOL-USD,6h
2023-09-22 12:00:00,19.3,19.7,19.68,19.37,106753.206,SOL-USD,6h
2023-09-22 18:00:00,19.16,19.5,19.37,19.42,123049.014,SOL-USD,6h
2023-09-23 00:00:00,19.29,19.58,19.42,19.41,54965.368,SOL-USD,6h
2023-09-23 06:00:00,19.41,19.54,19.41,19.52,104577.047,SOL-USD,6h
2023-09-23 12:00:00,19.28,19.54,19.52,19.43,70621.824,SOL-USD,6h
2023-09-23 18:00:00,19.39,19.5,19.43,19.48,43449.796,SOL-USD,6h
2023-09-24 00:00:00,19.43,19.65,19.48,19.55,95035.2,SOL-USD,6h
2023-09-24 06:00:00,19.53,19.67,19.54,19.6,25200.95,SOL-USD,6h
2023-09-24 12:00:00,19.44,19.65,19.6,19.62,63153.361,SOL-USD,6h
2023-09-24 18:00:00,19.21,19.65,19.61,19.36,53987.572,SOL-USD,6h
2023-09-25 00:00:00,19.09,19.61,19.36,19.44,174960.769,SOL-USD,6h
2023-09-25 06:00:00,19.34,19.57,19.43,19.53,55873.128,SOL-USD,6h
2023-09-25 12:00:00,19.44,19.74,19.54,19.58,245429.827,SOL-USD,6h
2023-09-25 18:00:00,19.35,19.6,19.58,19.39,60605.053,SOL-USD,6h
2023-09-26 00:00:00,19.28,19.52,19.39,19.41,93902.594,SOL-USD,6h
2023-09-26 06:00:00,19.24,19.43,19.4,19.37,73611.658,SOL-USD,6h
2023-09-26 12:00:00,19.11,19.4,19.38,19.17,148256.438,SOL-USD,6h
2023-09-26 18:00:00,18.83,19.25,19.16,19.01,206409.661,SOL-USD,6h
2023-09-27 00:00:00,18.88,19.12,19.01,18.95,95610.103,SOL-USD,6h
2023-09-27 06:00:00,18.85,19.46,18.96,19.38,150333.985,SOL-USD,6h
2023-09-27 12:00:00,18.76,19.46,19.38,18.91,571446.518,SOL-USD,6h
2023-09-27 18:00:00,18.73,19.15,18.91,19.12,126471.236,SOL-USD,6h
2023-09-28 00:00:00,19.08,19.4,19.12,19.21,251994.987,SOL-USD,6h
2023-09-28 06:00:00,19.1,19.27,19.2,19.15,337592.345,SOL-USD,6h
2023-09-28 12:00:00,19.14,19.69,19.15,19.65,273143.169,SOL-USD,6h
2023-09-28 18:00:00,19.44,20.05,19.65,19.98,307703.292,SOL-USD,6h
2023-09-29 00:00:00,19.86,20.33,19.98,20.11,196922.51,SOL-USD,6h
2023-09-29 06:00:00,20.03,20.35,20.1,20.08,70297.334,SOL-USD,6h
2023-09-29 12:00:00,20.02,20.5,20.07,20.14,191593.664,SOL-USD,6h
2023-09-29 18:00:00,20.08,20.38,20.13,20.27,106227.692,SOL-USD,6h
2023-09-30 00:00:00,20.08,20.45,20.28,20.18,88265.365,SOL-USD,6h
2023-09-30 06:00:00,20.17,20.39,20.18,20.28,40323.831,SOL-USD,6h
2023-09-30 12:00:00,20.29,21.8,20.29,21.5,584270.975,SOL-USD,6h
2023-09-30 18:00:00,21.24,21.54,21.48,21.36,134996.946,SOL-USD,6h
2023-10-01 00:00:00,21.13,21.43,21.36,21.29,104720.093,SOL-USD,6h
2023-10-01 06:00:00,21.22,24.2,21.29,22.99,253180.114,SOL-USD,6h
2023-10-01 12:00:00,22.45,23.45,22.98,22.52,503198.097,SOL-USD,6h
2023-10-01 18:00:00,22.48,24.49,22.51,23.87,489098.078,SOL-USD,6h
2023-10-02 00:00:00,23.57,24.34,23.88,24.14,446110.059,SOL-USD,6h
2023-10-02 06:00:00,23.78,24.8,24.15,23.83,386612.612,SOL-USD,6h
2023-10-02 12:00:00,23.6,24.49,23.83,24.06,492265.801,SOL-USD,6h
2023-10-02 18:00:00,22.9,24.06,24.05,23.36,354285.477,SOL-USD,6h
2023-10-03 00:00:00,23.3,23.79,23.39,23.64,134128.281,SOL-USD,6h
2023-10-03 06:00:00,23.64,24.42,23.64,23.92,179554.322,SOL-USD,6h
2023-10-03 12:00:00,23.77,24.76,23.93,24.11,504672.397,SOL-USD,6h
2023-10-03 18:00:00,23.22,24.19,24.12,23.62,319629.041,SOL-USD,6h
2023-10-04 00:00:00,22.8,23.66,23.62,23.06,212428.303,SOL-USD,6h
2023-10-04 06:00:00,22.79,23.85,23.08,23.58,136861.257,SOL-USD,6h
2023-10-04 12:00:00,22.58,23.64,23.59,23.04,281584.388,SOL-USD,6h
2023-10-04 18:00:00,22.81,23.36,23.02,23.14,252671.89,SOL-USD,6h
2023-10-05 00:00:00,23.03,23.97,23.14,23.21,293287.372,SOL-USD,6h
2023-10-05 06:00:00,22.84,23.35,23.22,23.22,76224.755,SOL-USD,6h
2023-10-05 12:00:00,22.64,23.59,23.23,22.72,236550.586,SOL-USD,6h
2023-10-05 18:00:00,22.55,22.87,22.7,22.7,151559.816,SOL-USD,6h
2023-10-06 00:00:00,22.67,23.34,22.7,23.03,129092.673,SOL-USD,6h
2023-10-06 06:00:00,22.98,23.56,23.02,23.19,104821.038,SOL-USD,6h
2023-10-06 12:00:00,22.71,23.76,23.18,23.68,329419.121,SOL-USD,6h
2023-10-06 18:00:00,23.31,23.79,23.68,23.43,184134.402,SOL-USD,6h
2023-10-07 00:00:00,23.35,24.2,23.42,23.75,153723.37,SOL-USD,6h
2023-10-07 06:00:00,23.4,23.85,23.76,23.5,123169.602,SOL-USD,6h
2023-10-07 12:00:00,23.18,23.59,23.5,23.29,96983.417,SOL-USD,6h
2023-10-07 18:00:00,23.1,23.37,23.28,23.31,108134.639,SOL-USD,6h
2023-10-08 00:00:00,23.18,23.64,23.3,23.4,91965.386,SOL-USD,6h
2023-10-08 06:00:00,23.18,23.54,23.38,23.24,44903.723,SOL-USD,6h
2023-10-08 12:00:00,23.09,23.57,23.25,23.39,77070.338,SOL-USD,6h
2023-10-08 18:00:00,23.18,23.5,23.4,23.24,59310.303,SOL-USD,6h
2023-10-09 00:00:00,23.1,23.38,23.23,23.24,119640.799,SOL-USD,6h
2023-10-09 06:00:00,22.1,23.26,23.23,22.18,210754.378,SOL-USD,6h
2023-10-09 12:00:00,21.61,22.4,22.19,22.25,260439.927,SOL-USD,6h
2023-10-09 18:00:00,22.01,22.44,22.26,22.1,94212.788,SOL-USD,6h
2023-10-10 00:00:00,21.9,22.26,22.11,22.17,114641.07,SOL-USD,6h
2023-10-10 06:00:00,22.12,22.45,22.18,22.12,47040.916,SOL-USD,6h
2023-10-10 12:00:00,21.71,22.48,22.13,21.75,195656.177,SOL-USD,6h
2023-10-10 18:00:00,21.72,22.2,21.74,22.11,113396.894,SOL-USD,6h
2023-10-11 00:00:00,21.78,22.37,22.11,22.13,274751.127,SOL-USD,6h
2023-10-11 06:00:00,21.98,22.42,22.13,22.14,176657.128,SOL-USD,6h
2023-10-11 12:00:00,21.76,22.34,22.14,21.79,246704.784,SOL-USD,6h
2023-10-11 18:00:00,21.61,22.02,21.78,22.01,117273.337,SOL-USD,6h
2023-10-12 00:00:00,21.5,22.04,22.01,21.79,83109.717,SOL-USD,6h
2023-10-12 06:00:00,21.16,21.83,21.79,21.5,115095.174,SOL-USD,6h
2023-10-12 12:00:00,20.93,21.53,21.5,21.27,204158.162,SOL-USD,6h
2023-10-12 18:00:00,21.13,21.36,21.28,21.28,71673.354,SOL-USD,6h
2023-10-13 00:00:00,21.11,21.46,21.28,21.19,53590.965,SOL-USD,6h
2023-10-13 06:00:00,21.16,21.56,21.2,21.48,102740.313,SOL-USD,6h
2023-10-13 12:00:00,21.35,21.61,21.48,21.58,166200.72,SOL-USD,6h
2023-10-13 18:00:00,21.49,22.22,21.59,21.84,247831.142,SOL-USD,6h
2023-10-14 00:00:00,21.8,22.13,21.85,22.1,115892.83,SOL-USD,6h
2023-10-14 06:00:00,21.92,22.25,22.1,21.97,62969.707,SOL-USD,6h
2023-10-14 12:00:00,21.85,22.1,21.98,22.04,40438.483,SOL-USD,6h
2023-10-14 18:00:00,21.92,22.06,22.04,22.0,24155.095,SOL-USD,6h
2023-10-15 00:00:00,21.83,22.18,22.0,21.92,48665.746,SOL-USD,6h
2023-10-15 06:00:00,21.82,22.02,21.92,21.87,52760.892,SOL-USD,6h
2023-10-15 12:00:00,21.67,21.94,21.87,21.91,85384.665,SOL-USD,6h
2023-10-15 18:00:00,21.79,22.11,21.91,21.94,172601.563,SOL-USD,6h
2023-10-16 00:00:00,21.9,22.77,21.93,22.72,177750.2,SOL-USD,6h
2023-10-16 06:00:00,22.53,23.18,22.73,23.17,208374.17,SOL-USD,6h
2023-10-16 12:00:00,22.92,24.78,23.18,23.55,951272.414,SOL-USD,6h
2023-10-16 18:00:00,23.51,24.21,23.55,23.97,362026.574,SOL-USD,6h
2023-10-17 00:00:00,23.79,24.38,23.97,23.94,273453.481,SOL-USD,6h
2023-10-17 06:00:00,23.77,24.57,23.94,24.1,195330.215,SOL-USD,6h
2023-10-17 12:00:00,23.46,24.41,24.1,24.05,383598.897,SOL-USD,6h
2023-10-17 18:00:00,23.74,24.25,24.05,23.95,209861.288,SOL-USD,6h
2023-10-18 00:00:00,23.82,24.44,23.94,24.2,420833.55,SOL-USD,6h
2023-10-18 06:00:00,23.79,24.24,24.2,23.82,69590.493,SOL-USD,6h
2023-10-18 12:00:00,23.57,23.92,23.82,23.63,229984.153,SOL-USD,6h
2023-10-18 18:00:00,23.36,23.78,23.63,23.42,287176.344,SOL-USD,6h
2023-10-19 00:00:00,23.13,23.77,23.41,23.76,162895.964,SOL-USD,6h
2023-10-19 06:00:00,23.73,24.3,23.77,24.28,188225.299,SOL-USD,6h
2023-10-19 12:00:00,24.06,25.79,24.29,24.82,1055639.296,SOL-USD,6h
2023-10-19 18:00:00,24.74,25.31,24.83,24.94,301749.905,SOL-USD,6h
2023-10-20 00:00:00,24.74,26.62,24.94,26.39,655813.785,SOL-USD,6h
2023-10-20 06:00:00,26.09,27.4,26.39,26.9,511569.182,SOL-USD,6h
2023-10-20 12:00:00,26.32,27.11,26.9,26.84,860048.48,SOL-USD,6h
2023-10-20 18:00:00,26.68,27.37,26.82,27.05,418446.1,SOL-USD,6h
2023-10-21 00:00:00,26.66,27.15,27.05,26.93,120095.152,SOL-USD,6h
2023-10-21 06:00:00,26.86,29.95,26.91,29.51,550153.503,SOL-USD,6h
2023-10-21 12:00:00,28.61,29.81,29.53,29.78,676238.502,SOL-USD,6h
2023-10-21 18:00:00,29.18,30.33,29.76,29.32,549310.544,SOL-USD,6h
2023-10-22 00:00:00,29.2,30.03,29.32,29.46,258026.049,SOL-USD,6h
2023-10-22 06:00:00,28.11,29.59,29.45,28.36,250322.769,SOL-USD,6h
2023-10-22 12:00:00,28.32,28.91,28.35,28.71,225940.178,SOL-USD,6h
2023-10-22 18:00:00,28.63,29.34,28.71,29.06,245623.247,SOL-USD,6h
2023-10-23 00:00:00,28.75,31.38,29.06,30.82,754903.221,SOL-USD,6h
2023-10-23 06:00:00,29.33,31.17,30.82,29.73,405416.458,SOL-USD,6h
2023-10-23 12:00:00,28.82,29.88,29.72,29.41,667125.181,SOL-USD,6h
2023-10-23 18:00:00,29.37,32.69,29.41,31.91,1065189.18,SOL-USD,6h
2023-10-24 00:00:00,30.9,32.58,31.9,31.13,748199.926,SOL-USD,6h
2023-10-24 06:00:00,30.65,31.99,31.08,31.85,264950.288,SOL-USD,6h
2023-10-24 12:00:00,29.99,32.59,31.85,30.47,1013479.339,SOL-USD,6h
2023-10-24 18:00:00,29.51,30.83,30.47,30.18,586226.234,SOL-USD,6h
2023-10-25 00:00:00,30.0,32.22,30.19,31.32,423848.681,SOL-USD,6h
2023-10-25 06:00:00,30.4,32.5,31.34,32.27,470824.696,SOL-USD,6h
2023-10-25 12:00:00,32.27,33.9,32.27,32.63,1068694.554,SOL-USD,6h
2023-10-25 18:00:00,31.87,33.29,32.63,32.43,628464.358,SOL-USD,6h
2023-10-26 00:00:00,31.74,32.91,32.44,32.23,631483.977,SOL-USD,6h
2023-10-26 06:00:00,31.6,33.27,32.21,31.84,666665.195,SOL-USD,6h
2023-10-26 12:00:00,30.71,32.41,31.83,31.2,709759.007,SOL-USD,6h
2023-10-26 18:00:00,31.17,33.25,31.2,32.78,585193.69,SOL-USD,6h
2023-10-27 00:00:00,31.83,32.86,32.79,32.5,429012.906,SOL-USD,6h
2023-10-27 06:00:00,32.17,33.09,32.51,32.59,311672.661,SOL-USD,6h
2023-10-27 12:00:00,31.27,33.36,32.59,31.84,466557.818,SOL-USD,6h
2023-10-27 18:00:00,31.43,32.28,31.84,31.74,394084.637,SOL-USD,6h
2023-10-28 00:00:00,31.66,32.48,31.75,32.29,143997.579,SOL-USD,6h
2023-10-28 06:00:00,32.06,32.52,32.29,32.19,88696.977,SOL-USD,6h
2023-10-28 12:00:00,31.61,32.23,32.21,31.84,142002.694,SOL-USD,6h
2023-10-28 18:00:00,31.4,32.0,31.84,31.64,157884.487,SOL-USD,6h
2023-10-29 00:00:00,31.3,32.09,31.64,32.05,132322.089,SOL-USD,6h
2023-10-29 06:00:00,31.91,32.44,32.05,32.27,191465.416,SOL-USD,6h
2023-10-29 12:00:00,32.19,33.15,32.27,32.93,465841.589,SOL-USD,6h
2023-10-29 18:00:00,32.5,33.0,32.92,32.84,399943.167,SOL-USD,6h
2023-10-30 00:00:00,32.45,33.0,32.85,32.51,321872.586,SOL-USD,6h
2023-10-30 06:00:00,32.51,35.16,32.51,34.95,708957.763,SOL-USD,6h
2023-10-30 12:00:00,34.24,35.34,34.96,34.92,540017.57,SOL-USD,6h
2023-10-30 18:00:00,34.5,35.0,34.91,34.95,425563.21,SOL-USD,6h
2023-10-31 00:00:00,34.79,36.48,34.95,36.19,1035525.123,SOL-USD,6h
2023-10-31 06:00:00,35.7,36.97,36.18,36.59,534725.831,SOL-USD,6h
2023-10-31 12:00:00,35.47,36.7,36.61,36.18,668321.667,SOL-USD,6h
2023-10-31 18:00:00,36.11,38.6,36.18,38.43,1257729.15,SOL-USD,6h
2023-11-01 00:00:00,37.94,38.8,38.42,38.05,679771.652,SOL-USD,6h
2023-11-01 06:00:00,38.0,39.8,38.04,39.31,716128.701,SOL-USD,6h
2023-11-01 12:00:00,38.9,44.44,39.29,44.44,1996213.998,SOL-USD,6h
2023-11-01 18:00:00,40.07,46.97,44.44,41.18,2229112.384,SOL-USD,6h
2023-11-02 00:00:00,40.97,42.85,41.16,41.86,575575.147,SOL-USD,6h
2023-11-02 06:00:00,41.82,44.6,41.84,44.5,542401.186,SOL-USD,6h
2023-11-02 12:00:00,38.64,44.51,44.48,40.23,1558357.369,SOL-USD,6h
2023-11-02 18:00:00,39.53,42.14,40.23,40.25,768457.659,SOL-USD,6h
2023-11-03 00:00:00,38.02,40.26,40.26,38.99,654915.656,SOL-USD,6h
2023-11-03 06:00:00,38.1,39.76,38.99,39.16,626057.96,SOL-USD,6h
2023-11-03 12:00:00,38.64,40.21,39.15,39.02,946964.316,SOL-USD,6h
2023-11-03 18:00:00,38.52,39.92,39.0,39.48,345996.448,SOL-USD,6h
2023-11-04 00:00:00,39.0,41.61,39.46,40.7,552188.909,SOL-USD,6h
2023-11-04 06:00:00,40.64,42.73,40.7,41.55,345999.866,SOL-USD,6h
2023-11-04 12:00:00,41.0,42.23,41.54,41.39,377234.346,SOL-USD,6h
2023-11-04 18:00:00,41.06,42.8,41.39,42.44,457682.112,SOL-USD,6h
2023-11-05 00:00:00,41.53,42.89,42.43,41.81,453366.053,SOL-USD,6h
2023-11-05 06:00:00,41.13,41.97,41.81,41.68,267156.141,SOL-USD,6h
2023-11-05 12:00:00,40.53,41.9,41.67,41.09,559998.71,SOL-USD,6h
2023-11-05 18:00:00,40.29,41.82,41.07,41.2,381507.724,SOL-USD,6h
2023-11-06 00:00:00,39.69,41.87,41.21,39.97,552007.894,SOL-USD,6h
2023-11-06 06:00:00,39.72,40.72,39.95,40.32,376978.099,SOL-USD,6h
2023-11-06 12:00:00,39.89,40.75,40.33,40.26,504978.019,SOL-USD,6h
2023-11-06 18:00:00,39.98,42.25,40.26,42.16,778056.019,SOL-USD,6h
2023-11-07 00:00:00,40.11,42.25,42.17,41.45,528783.965,SOL-USD,6h
2023-11-07 06:00:00,40.51,41.75,41.41,41.11,186489.967,SOL-USD,6h
2023-11-07 12:00:00,40.74,43.15,41.1,43.07,1365742.602,SOL-USD,6h
2023-11-07 18:00:00,42.78,44.75,43.06,42.95,1366827.167,SOL-USD,6h
2023-11-08 00:00:00,42.27,43.69,42.94,43.19,337498.72,SOL-USD,6h
2023-11-08 06:00:00,43.04,43.89,43.19,43.33,127569.91,SOL-USD,6h
2023-11-08 12:00:00,42.32,43.61,43.36,42.72,345479.346,SOL-USD,6h
2023-11-08 18:00:00,42.3,43.62,42.72,43.13,608283.075,SOL-USD,6h
2023-11-09 00:00:00,42.52,44.63,43.16,44.5,749366.832,SOL-USD,6h
2023-11-09 06:00:00,43.84,47.45,44.49,47.13,612797.776,SOL-USD,6h
2023-11-09 12:00:00,43.45,48.93,47.14,45.5,2132860.883,SOL-USD,6h
2023-11-09 18:00:00,43.09,45.76,45.5,45.3,762591.624,SOL-USD,6h
2023-11-10 00:00:00,45.08,48.0,45.31,47.38,764248.079,SOL-USD,6h
2023-11-10 06:00:00,46.58,51.14,47.36,50.71,853337.467,SOL-USD,6h
2023-11-10 12:00:00,48.64,52.97,50.72,52.63,1296283.001,SOL-USD,6h
2023-11-10 18:00:00,52.47,57.74,52.6,56.72,1651494.073,SOL-USD,6h
2023-11-11 00:00:00,53.75,57.73,56.7,54.63,903080.547,SOL-USD,6h
2023-11-11 06:00:00,53.6,56.0,54.63,55.27,459359.806,SOL-USD,6h
2023-11-11 12:00:00,55.06,63.98,55.29,58.99,2108266.473,SOL-USD,6h
2023-11-11 18:00:00,55.33,60.6,58.98,56.35,1392669.416,SOL-USD,6h
2023-11-12 00:00:00,54.42,59.29,56.36,58.72,921888.04,SOL-USD,6h
2023-11-12 06:00:00,57.75,61.89,58.7,60.0,624451.145,SOL-USD,6h
2023-11-12 12:00:00,56.95,60.43,60.01,57.21,604886.765,SOL-USD,6h
2023-11-12 18:00:00,54.85,57.92,57.2,56.28,1139037.36,SOL-USD,6h
2023-11-13 00:00:00,55.17,59.45,56.25,58.42,919914.244,SOL-USD,6h
2023-11-13 06:00:00,56.5,59.63,58.43,57.06,373944.834,SOL-USD,6h
2023-11-13 12:00:00,52.18,59.88,57.05,53.67,1090846.431,SOL-USD,6h
2023-11-13 18:00:00,51.54,54.95,53.63,51.6,1000647.873,SOL-USD,6h
2023-11-14 00:00:00,51.26,54.87,51.59,54.82,811260.926,SOL-USD,6h
2023-11-14 06:00:00,52.0,55.8,54.82,52.68,424058.737,SOL-USD,6h
2023-11-14 12:00:00,52.05,58.0,52.67,53.74,1030523.836,SOL-USD,6h
2023-11-14 18:00:00,52.38,57.5,53.73,56.84,920088.381,SOL-USD,6h
2023-11-15 00:00:00,56.16,58.83,56.84,58.65,523799.027,SOL-USD,6h
2023-11-15 06:00:00,57.77,64.11,58.65,63.0,902783.119,SOL-USD,6h
2023-11-15 12:00:00,60.59,63.85,63.0,61.64,929943.47,SOL-USD,6h
2023-11-15 18:00:00,61.33,67.13,61.65,65.48,1234235.838,SOL-USD,6h
2023-11-16 00:00:00,64.43,66.76,65.49,66.14,640144.777,SOL-USD,6h
2023-11-16 06:00:00,63.28,68.18,66.15,64.04,615898.17,SOL-USD,6h
2023-11-16 12:00:00,60.5,64.73,64.03,61.86,1263110.225,SOL-USD,6h
2023-11-16 18:00:00,56.39,62.91,61.85,57.8,1940990.508,SOL-USD,6h
2023-11-17 00:00:00,57.6,60.55,57.82,59.35,767067.626,SOL-USD,6h
2023-11-17 06:00:00,56.57,59.98,59.38,58.17,515140.931,SOL-USD,6h
2023-11-17 12:00:00,54.11,59.63,58.16,57.4,962551.602,SOL-USD,6h
2023-11-17 18:00:00,57.19,59.47,57.4,58.55,495449.284,SOL-USD,6h
2023-11-18 00:00:00,56.11,58.62,58.53,56.23,400284.586,SOL-USD,6h
2023-11-18 06:00:00,54.77,57.66,56.24,56.98,241532.755,SOL-USD,6h
2023-11-18 12:00:00,55.54,59.06,56.99,58.41,705694.684,SOL-USD,6h
2023-11-18 18:00:00,58.03,59.4,58.42,58.59,464629.915,SOL-USD,6h
2023-11-19 00:00:00,56.66,58.73,58.59,58.41,297458.993,SOL-USD,6h
2023-11-19 06:00:00,58.33,62.0,58.41,59.86,583786.329,SOL-USD,6h
2023-11-19 12:00:00,59.07,60.43,59.88,60.04,411264.542,SOL-USD,6h
2023-11-19 18:00:00,60.02,62.28,60.07,61.15,785673.242,SOL-USD,6h
2023-11-20 00:00:00,59.41,61.35,61.14,59.73,395177.054,SOL-USD,6h
2023-11-20 06:00:00,59.14,61.1,59.74,60.16,213315.264,SOL-USD,6h
2023-11-20 12:00:00,57.32,60.66,60.11,58.33,571361.212,SOL-USD,6h
2023-11-20 18:00:00,56.04,58.53,58.39,56.61,611480.039,SOL-USD,6h
2023-11-21 00:00:00,55.05,57.4,56.59,56.09,402407.888,SOL-USD,6h
2023-11-21 06:00:00,55.33,57.15,56.1,56.29,202182.423,SOL-USD,6h
2023-11-21 12:00:00,52.81,56.65,56.29,53.8,812274.739,SOL-USD,6h
2023-11-21 18:00:00,51.28,55.75,53.77,51.65,801172.739,SOL-USD,6h
2023-11-22 00:00:00,51.47,54.64,51.68,54.11,479590.609,SOL-USD,6h
2023-11-22 06:00:00,54.13,55.3,54.13,54.5,235297.41,SOL-USD,6h
2023-11-22 12:00:00,54.04,55.73,54.51,55.29,434006.67,SOL-USD,6h
2023-11-22 18:00:00,55.08,58.96,55.3,57.58,770518.768,SOL-USD,6h
2023-11-23 00:00:00,57.02,58.5,57.6,58.02,349791.464,SOL-USD,6h
2023-11-23 06:00:00,57.16,58.99,58.0,57.99,297023.839,SOL-USD,6h
2023-11-23 12:00:00,56.44,59.59,57.98,56.73,404703.285,SOL-USD,6h
2023-11-23 18:00:00,56.15,57.3,56.72,56.52,251408.072,SOL-USD,6h
2023-11-24 00:00:00,56.2,57.6,56.52,57.21,262379.416,SOL-USD,6h
2023-11-24 06:00:00,56.64,58.78,57.21,58.05,314480.326,SOL-USD,6h
2023-11-24 12:00:00,57.21,58.5,58.05,57.65,476063.251,SOL-USD,6h
2023-11-24 18:00:00,56.5,58.05,57.64,56.89,322309.834,SOL-USD,6h
2023-11-25 00:00:00,56.0,59.8,56.89,58.93,554431.774,SOL-USD,6h
2023-11-25 06:00:00,57.38,58.94,58.93,57.87,155283.782,SOL-USD,6h
2023-11-25 12:00:00,57.75,59.44,57.83,59.07,242879.759,SOL-USD,6h
2023-11-25 18:00:00,58.65,59.7,59.05,58.83,267148.017,SOL-USD,6h
2023-11-26 00:00:00,58.02,59.08,58.83,58.49,285298.309,SOL-USD,6h
2023-11-26 06:00:00,57.77,58.65,58.49,57.83,178184.187,SOL-USD,6h
2023-11-26 12:00:00,56.17,58.06,57.84,56.85,352121.609,SOL-USD,6h
2023-11-26 18:00:00,56.64,58.64,56.86,57.59,325645.717,SOL-USD,6h
2023-11-27 00:00:00,56.25,58.07,57.58,56.87,331975.79,SOL-USD,6h
2023-11-27 06:00:00,54.72,57.32,56.87,55.02,363677.231,SOL-USD,6h
2023-11-27 12:00:00,53.81,55.21,55.01,54.47,523468.204,SOL-USD,6h
2023-11-27 18:00:00,53.47,55.2,54.47,55.07,326407.175,SOL-USD,6h
2023-11-28 00:00:00,54.0,55.4,55.06,54.03,232249.614,SOL-USD,6h
2023-11-28 06:00:00,53.95,56.28,54.04,56.18,172422.533,SOL-USD,6h
2023-11-28 12:00:00,55.41,58.25,56.2,58.12,517711.168,SOL-USD,6h
2023-11-28 18:00:00,57.53,58.69,58.12,58.22,547561.893,SOL-USD,6h
2023-11-29 00:00:00,57.68,58.89,58.22,58.62,317259.498,SOL-USD,6h
2023-11-29 06:00:00,58.52,61.81,58.61,60.67,587950.097,SOL-USD,6h
2023-11-29 12:00:00,58.86,61.66,60.71,59.88,594981.482,SOL-USD,6h
2023-11-29 18:00:00,58.59,60.41,59.87,59.3,583671.049,SOL-USD,6h
2023-11-30 00:00:00,58.76,61.0,59.32,60.22,272062.594,SOL-USD,6h
2023-11-30 06:00:00,59.14,61.25,60.22,60.78,209489.098,SOL-USD,6h
2023-11-30 12:00:00,58.92,61.73,60.79,59.37,378038.527,SOL-USD,6h
2023-11-30 18:00:00,58.96,60.2,59.37,59.29,218065.429,SOL-USD,6h
2023-12-01 00:00:00,58.62,61.13,59.31,60.38,405776.723,SOL-USD,6h
2023-12-01 06:00:00,60.22,61.92,60.38,61.07,225340.37,SOL-USD,6h
2023-12-01 12:00:00,59.76,61.23,61.09,60.75,347697.789,SOL-USD,6h
2023-12-01 18:00:00,59.61,61.06,60.75,59.77,255380.963,SOL-USD,6h
2023-12-02 00:00:00,59.69,61.65,59.77,61.62,247347.767,SOL-USD,6h
2023-12-02 06:00:00,61.29,62.65,61.63,62.19,255893.492,SOL-USD,6h
2023-12-02 12:00:00,61.49,62.59,62.2,61.86,275357.015,SOL-USD,6h
2023-12-02 18:00:00,61.85,63.94,61.86,63.7,611673.435,SOL-USD,6h
2023-12-03 00:00:00,63.54,65.56,63.69,64.16,626129.359,SOL-USD,6h
2023-12-03 06:00:00,63.07,64.19,64.17,63.56,289567.69,SOL-USD,6h
2023-12-03 12:00:00,62.23,63.71,63.54,62.55,422438.707,SOL-USD,6h
2023-12-03 18:00:00,62.32,64.13,62.55,63.01,502453.568,SOL-USD,6h
2023-12-04 00:00:00,62.95,65.26,63.02,64.83,670032.358,SOL-USD,6h
2023-12-04 06:00:00,59.8,65.07,64.83,62.15,694295.536,SOL-USD,6h
2023-12-04 12:00:00,59.96,62.25,62.16,60.81,722823.526,SOL-USD,6h
2023-12-04 18:00:00,60.32,62.09,60.82,61.59,621230.578,SOL-USD,6h
2023-12-05 00:00:00,59.67,62.16,61.62,60.36,511815.64,SOL-USD,6h
2023-12-05 06:00:00,59.13,60.47,60.37,60.17,237865.582,SOL-USD,6h
2023-12-05 12:00:00,60.0,61.8,60.17,61.61,427871.44,SOL-USD,6h
2023-12-05 18:00:00,60.2,62.57,61.62,61.03,513571.687,SOL-USD,6h
2023-12-06 00:00:00,61.04,64.67,61.04,63.13,1124033.695,SOL-USD,6h
2023-12-06 06:00:00,62.0,66.63,63.15,63.05,652497.151,SOL-USD,6h
2023-12-06 12:00:00,62.41,63.89,63.03,63.63,495182.205,SOL-USD,6h
2023-12-06 18:00:00,61.53,64.61,63.63,61.85,435539.127,SOL-USD,6h
2023-12-07 00:00:00,61.62,64.01,61.86,63.45,338349.83,SOL-USD,6h
2023-12-07 06:00:00,61.87,64.32,63.43,64.22,285381.124,SOL-USD,6h
2023-12-07 12:00:00,63.63,67.5,64.22,66.34,956283.686,SOL-USD,6h
2023-12-07 18:00:00,64.52,69.45,66.35,67.77,1295828.32,SOL-USD,6h
2023-12-08 00:00:00,67.79,72.77,67.79,71.16,973381.405,SOL-USD,6h
2023-12-08 06:00:00,70.5,73.75,71.16,72.97,509194.879,SOL-USD,6h
2023-12-08 12:00:00,71.71,74.25,72.96,73.63,634552.133,SOL-USD,6h
2023-12-08 18:00:00,72.01,75.31,73.62,74.95,722592.938,SOL-USD,6h
2023-12-09 00:00:00,72.8,75.5,74.94,74.74,544930.69,SOL-USD,6h
2023-12-09 06:00:00,74.67,77.77,74.74,77.17,681816.708,SOL-USD,6h
2023-12-09 12:00:00,72.85,77.47,77.12,72.96,742590.233,SOL-USD,6h
2023-12-09 18:00:00,71.56,74.5,72.97,72.24,554152.937,SOL-USD,6h
2023-12-10 00:00:00,72.25,74.0,72.27,73.33,435886.04,SOL-USD,6h
2023-12-10 06:00:00,70.66,73.4,73.36,71.42,389853.106,SOL-USD,6h
2023-12-10 12:00:00,71.36,74.67,71.43,72.38,454923.233,SOL-USD,6h
2023-12-10 18:00:00,72.36,74.91,72.37,74.87,487760.161,SOL-USD,6h
2023-12-11 00:00:00,66.0,74.97,74.86,70.1,1007918.249,SOL-USD,6h
2023-12-11 06:00:00,67.75,70.12,70.07,69.63,534153.479,SOL-USD,6h
2023-12-11 12:00:00,66.9,70.75,69.59,69.6,733250.101,SOL-USD,6h
2023-12-11 18:00:00,67.68,70.56,69.56,70.22,627947.399,SOL-USD,6h
2023-12-12 00:00:00,69.99,72.48,70.2,70.51,577194.242,SOL-USD,6h
2023-12-12 06:00:00,69.6,72.18,70.54,70.63,250160.297,SOL-USD,6h
2023-12-12 12:00:00,65.84,72.9,70.59,65.85,858757.285,SOL-USD,6h
2023-12-12 18:00:00,65.71,69.05,65.88,68.54,467015.425,SOL-USD,6h
2023-12-13 00:00:00,65.0,68.73,68.55,65.97,435064.803,SOL-USD,6h
2023-12-13 06:00:00,63.75,66.55,65.97,65.35,297152.447,SOL-USD,6h
2023-12-13 12:00:00,65.08,68.13,65.35,67.6,367157.303,SOL-USD,6h
2023-12-13 18:00:00,67.57,72.64,67.62,70.62,931791.66,SOL-USD,6h
2023-12-14 00:00:00,69.67,71.35,70.63,71.29,415926.03,SOL-USD,6h
2023-12-14 06:00:00,71.07,73.6,71.28,73.51,316527.185,SOL-USD,6h
2023-12-14 12:00:00,68.27,74.49,73.53,73.58,687060.863,SOL-USD,6h
2023-12-14 18:00:00,72.67,76.23,73.59,75.68,543901.486,SOL-USD,6h
2023-12-15 00:00:00,74.0,77.0,75.68,74.83,516570.107,SOL-USD,6h
2023-12-15 06:00:00,74.71,79.24,74.85,79.12,502147.063,SOL-USD,6h
2023-12-15 12:00:00,73.59,79.45,79.12,75.03,645037.278,SOL-USD,6h
2023-12-15 18:00:00,72.03,77.53,75.02,72.52,677527.986,SOL-USD,6h
2023-12-16 00:00:00,71.11,74.53,72.52,74.35,548392.177,SOL-USD,6h
2023-12-16 06:00:00,73.61,75.16,74.35,75.12,127519.727,SOL-USD,6h
2023-12-16 12:00:00,74.87,77.18,75.11,75.94,402945.115,SOL-USD,6h
2023-12-16 18:00:00,72.47,75.94,75.94,73.67,620780.895,SOL-USD,6h
2023-12-17 00:00:00,72.29,74.16,73.66,72.79,202803.162,SOL-USD,6h
2023-12-17 06:00:00,71.8,73.23,72.78,73.02,153861.082,SOL-USD,6h
2023-12-17 12:00:00,71.33,74.5,73.01,73.94,489113.966,SOL-USD,6h
2023-12-17 18:00:00,70.44,74.93,73.96,70.79,550647.927,SOL-USD,6h
2023-12-18 00:00:00,68.5,71.91,70.79,69.44,548892.791,SOL-USD,6h
2023-12-18 06:00:00,67.0,70.08,69.46,68.97,387275.849,SOL-USD,6h
2023-12-18 12:00:00,68.18,72.15,68.96,71.32,433424.192,SOL-USD,6h
2023-12-18 18:00:00,71.16,75.44,71.35,74.42,581237.022,SOL-USD,6h
2023-12-19 00:00:00,73.83,76.27,74.42,76.04,408934.215,SOL-USD,6h
2023-12-19 06:00:00,74.47,76.33,76.02,74.59,195184.531,SOL-USD,6h
2023-12-19 12:00:00,71.9,75.09,74.61,71.96,443629.1,SOL-USD,6h
2023-12-19 18:00:00,71.76,75.35,71.97,73.01,505966.176,SOL-USD,6h
2023-12-20 00:00:00,72.93,75.37,72.98,74.98,301545.173,SOL-USD,6h
2023-12-20 06:00:00,74.65,78.5,74.99,77.05,383839.415,SOL-USD,6h
2023-12-20 12:00:00,76.34,83.88,77.06,83.19,1169644.552,SOL-USD,6h
2023-12-20 18:00:00,78.99,84.14,83.22,82.26,1041016.137,SOL-USD,6h
2023-12-21 00:00:00,81.07,84.99,82.25,83.97,675468.053,SOL-USD,6h
2023-12-21 06:00:00,83.73,88.32,83.96,87.02,468319.488,SOL-USD,6h
2023-12-21 12:00:00,85.63,95.0,87.05,92.51,1056147.524,SOL-USD,6h
2023-12-21 18:00:00,90.96,96.0,92.5,93.89,981288.117,SOL-USD,6h
2023-12-22 00:00:00,93.06,99.99,93.9,98.73,1037366.404,SOL-USD,6h
2023-12-22 06:00:00,90.28,98.92,98.72,93.79,701176.563,SOL-USD,6h
2023-12-22 12:00:00,91.96,96.88,93.73,95.31,717198.874,SOL-USD,6h
2023-12-22 18:00:00,95.09,98.45,95.31,97.98,617522.419,SOL-USD,6h
2023-12-23 00:00:00,92.89,98.29,98.0,95.38,430547.942,SOL-USD,6h
2023-12-23 06:00:00,94.73,96.59,95.36,95.94,190424.976,SOL-USD,6h
2023-12-23 12:00:00,95.34,98.4,95.93,98.3,319886.416,SOL-USD,6h
2023-12-23 18:00:00,97.79,110.0,98.3,107.94,1246141.862,SOL-USD,6h
2023-12-24 00:00:00,107.36,118.0,107.96,113.3,1485076.314,SOL-USD,6h
2023-12-24 06:00:00,107.74,114.82,113.29,110.41,588921.034,SOL-USD,6h
2023-12-24 12:00:00,109.09,116.49,110.43,114.49,671801.492,SOL-USD,6h
2023-12-24 18:00:00,109.32,117.5,114.49,112.57,817528.653,SOL-USD,6h
2023-12-25 00:00:00,108.0,113.48,112.52,113.2,471182.21,SOL-USD,6h
2023-12-25 06:00:00,109.8,114.44,113.19,111.8,257508.669,SOL-USD,6h
2023-12-25 12:00:00,110.33,124.73,111.79,123.69,1058816.863,SOL-USD,6h
2023-12-25 18:00:00,116.47,125.97,123.69,120.95,841567.175,SOL-USD,6h
2023-12-26 00:00:00,113.79,121.42,120.94,114.93,644745.039,SOL-USD,6h
2023-12-26 06:00:00,110.76,116.12,114.88,114.76,607668.547,SOL-USD,6h
2023-12-26 12:00:00,102.0,117.1,114.72,106.46,1098553.676,SOL-USD,6h
2023-12-26 18:00:00,104.41,113.0,106.53,112.5,769018.571,SOL-USD,6h
2023-12-27 00:00:00,107.86,113.67,112.5,111.44,449465.629,SOL-USD,6h
2023-12-27 06:00:00,110.94,115.33,111.43,112.78,378779.847,SOL-USD,6h
2023-12-27 12:00:00,104.76,113.25,112.76,108.1,933890.277,SOL-USD,6h
2023-12-27 18:00:00,106.49,110.91,108.2,106.95,509685.54,SOL-USD,6h
2023-12-28 00:00:00,103.18,109.66,106.99,105.18,686662.016,SOL-USD,6h
2023-12-28 06:00:00,102.3,106.48,105.12,104.88,388951.935,SOL-USD,6h
2023-12-28 12:00:00,96.55,105.11,104.87,99.99,984538.567,SOL-USD,6h
2023-12-28 18:00:00,98.56,104.0,99.93,101.81,663138.184,SOL-USD,6h
2023-12-29 00:00:00,99.34,106.78,101.86,106.37,572824.096,SOL-USD,6h
2023-12-29 06:00:00,104.81,109.97,106.34,107.62,548140.578,SOL-USD,6h
2023-12-29 12:00:00,102.61,109.86,107.62,103.7,781075.986,SOL-USD,6h
2023-12-29 18:00:00,102.75,106.65,103.7,106.18,400162.879,SOL-USD,6h
2023-12-30 00:00:00,102.95,107.46,106.16,104.66,193293.642,SOL-USD,6h
2023-12-30 06:00:00,100.69,104.85,104.69,102.18,195488.165,SOL-USD,6h
2023-12-30 12:00:00,102.06,104.95,102.12,103.58,177690.314,SOL-USD,6h
2023-12-30 18:00:00,101.21,104.26,103.57,101.92,184443.211,SOL-USD,6h
2023-12-31 00:00:00,99.29,102.95,101.91,101.24,304490.882,SOL-USD,6h
2023-12-31 06:00:00,101.22,105.1,101.24,104.21,162753.008,SOL-USD,6h
2023-12-31 12:00:00,102.12,105.17,104.2,104.25,187763.867,SOL-USD,6h
2023-12-31 18:00:00,99.84,105.0,104.25,101.69,359611.812,SOL-USD,6h
2024-01-01 00:00:00,101.47,104.69,101.7,101.63,266528.851,SOL-USD,6h
2024-01-01 06:00:00,101.52,104.85,101.64,104.34,186167.954,SOL-USD,6h
2024-01-01 12:00:00,103.89,108.5,104.49,107.13,307914.499,SOL-USD,6h
2024-01-01 18:00:00,107.12,110.44,107.12,110.11,425962.744,SOL-USD,6h
2024-01-02 00:00:00,108.63,113.25,110.11,112.7,519813.199,SOL-USD,6h
2024-01-02 06:00:00,111.9,117.0,112.69,113.96,410814.146,SOL-USD,6h
2024-01-02 12:00:00,106.8,114.42,113.96,107.74,541013.56,SOL-USD,6h
2024-01-02 18:00:00,106.0,109.1,107.74,106.74,353932.116,SOL-USD,6h
2024-01-03 00:00:00,106.55,108.91,106.77,108.38,196924.182,SOL-USD,6h
2024-01-03 06:00:00,102.49,109.97,108.37,103.46,272321.387,SOL-USD,6h
2024-01-03 12:00:00,85.5,103.46,103.46,97.9,1982721.625,SOL-USD,6h
2024-01-03 18:00:00,95.3,101.37,97.88,98.59,482263.732,SOL-USD,6h
2024-01-04 00:00:00,97.7,102.0,98.57,101.28,245827.713,SOL-USD,6h
2024-01-04 06:00:00,96.74,101.59,101.3,98.61,205883.42,SOL-USD,6h
2024-01-04 12:00:00,98.24,105.75,98.57,103.23,488261.71,SOL-USD,6h
2024-01-04 18:00:00,102.77,108.23,103.26,105.01,554472.967,SOL-USD,6h
2024-01-05 00:00:00,98.63,105.57,105.01,101.53,385607.879,SOL-USD,6h
2024-01-05 06:00:00,99.24,103.19,101.5,99.7,212300.597,SOL-USD,6h
2024-01-05 12:00:00,95.36,102.12,99.7,97.93,452765.795,SOL-USD,6h
2024-01-05 18:00:00,97.12,100.57,97.94,100.02,253757.715,SOL-USD,6h
2024-01-06 00:00:00,93.4,100.35,100.02,94.5,259361.622,SOL-USD,6h
2024-01-06 06:00:00,91.57,95.76,94.51,94.5,299502.838,SOL-USD,6h
2024-01-06 12:00:00,92.89,97.35,94.53,96.84,202355.799,SOL-USD,6h
2024-01-06 18:00:00,92.27,97.3,96.9,93.84,263548.643,SOL-USD,6h
2024-01-07 00:00:00,91.51,96.36,93.84,94.03,352979.777,SOL-USD,6h
2024-01-07 06:00:00,93.0,95.65,94.07,94.59,147914.46,SOL-USD,6h
2024-01-07 12:00:00,93.1,96.88,94.6,94.35,248319.674,SOL-USD,6h
2024-01-07 18:00:00,87.65,95.35,94.35,89.48,542897.879,SOL-USD,6h
2024-01-08 00:00:00,85.46,90.94,89.52,89.34,797490.906,SOL-USD,6h
2024-01-08 06:00:00,88.6,92.29,89.33,92.27,272655.952,SOL-USD,6h
2024-01-08 12:00:00,92.26,96.78,92.28,96.75,857435.952,SOL-USD,6h
2024-01-08 18:00:00,96.06,99.99,96.78,98.0,680884.12,SOL-USD,6h
2024-01-09 00:00:00,95.38,104.0,98.0,102.22,653334.497,SOL-USD,6h
2024-01-09 06:00:00,99.6,102.84,102.21,101.89,211401.944,SOL-USD,6h
2024-01-09 12:00:00,96.0,102.41,101.92,99.93,386164.152,SOL-USD,6h
2024-01-09 18:00:00,95.55,104.16,99.92,99.42,587245.098,SOL-USD,6h
2024-01-10 00:00:00,97.55,100.42,99.36,99.37,215903.773,SOL-USD,6h
2024-01-10 06:00:00,96.29,99.39,99.39,97.38,165997.432,SOL-USD,6h
2024-01-10 12:00:00,92.03,97.69,97.34,96.86,698631.326,SOL-USD,6h
2024-01-10 18:00:00,93.1,105.55,96.86,102.01,1051808.895,SOL-USD,6h
2024-01-11 00:00:00,99.03,102.14,102.02,99.83,433789.204,SOL-USD,6h
2024-01-11 06:00:00,98.0,104.62,99.83,104.48,430525.822,SOL-USD,6h
2024-01-11 12:00:00,97.5,107.25,104.5,100.79,1052759.402,SOL-USD,6h
2024-01-11 18:00:00,99.0,102.35,100.81,99.91,505802.084,SOL-USD,6h
2024-01-12 00:00:00,97.5,100.32,99.9,99.55,252149.338,SOL-USD,6h
2024-01-12 06:00:00,97.61,100.47,99.51,98.25,110998.272,SOL-USD,6h
2024-01-12 12:00:00,92.65,99.33,98.22,95.31,544618.923,SOL-USD,6h
2024-01-12 18:00:00,86.77,96.1,95.31,92.1,584094.132,SOL-USD,6h
2024-01-13 00:00:00,89.5,92.62,92.11,92.5,295262.412,SOL-USD,6h
2024-01-13 06:00:00,91.49,93.28,92.53,92.2,149487.3,SOL-USD,6h
2024-01-13 12:00:00,91.06,93.32,92.18,92.84,162462.93,SOL-USD,6h
2024-01-13 18:00:00,92.31,97.51,92.83,95.87,560648.738,SOL-USD,6h
2024-01-14 00:00:00,94.18,98.21,95.86,97.48,357312.743,SOL-USD,6h
2024-01-14 06:00:00,96.59,98.78,97.48,96.69,98741.92,SOL-USD,6h
2024-01-14 12:00:00,96.25,105.44,96.7,100.58,622172.126,SOL-USD,6h
2024-01-14 18:00:00,93.61,101.07,100.59,93.77,830083.373,SOL-USD,6h
2024-01-15 00:00:00,93.75,96.91,93.75,95.94,293681.263,SOL-USD,6h
2024-01-15 06:00:00,94.38,96.32,95.94,95.47,147777.569,SOL-USD,6h
2024-01-15 12:00:00,93.01,95.77,95.47,95.19,211654.976,SOL-USD,6h
2024-01-15 18:00:00,93.2,96.67,95.2,94.32,229654.967,SOL-USD,6h
2024-01-16 00:00:00,94.3,96.34,94.3,95.39,154261.745,SOL-USD,6h
2024-01-16 06:00:00,95.23,98.16,95.39,96.61,158163.303,SOL-USD,6h
2024-01-16 12:00:00,94.09,97.83,96.61,96.98,253338.082,SOL-USD,6h
2024-01-16 18:00:00,96.05,98.69,96.98,97.59,240967.483,SOL-USD,6h
2024-01-17 00:00:00,96.23,101.0,97.59,97.86,388918.177,SOL-USD,6h
2024-01-17 06:00:00,96.6,102.7,97.9,101.92,243413.796,SOL-USD,6h
2024-01-17 12:00:00,97.22,102.65,101.92,99.06,544277.962,SOL-USD,6h
2024-01-17 18:00:00,98.51,102.25,99.08,102.04,596684.762,SOL-USD,6h
2024-01-18 00:00:00,99.44,103.49,102.01,100.6,435353.466,SOL-USD,6h
2024-01-18 06:00:00,98.22,101.39,100.58,98.85,176107.219,SOL-USD,6h
2024-01-18 12:00:00,94.12,99.16,98.88,95.39,426098.656,SOL-USD,6h
2024-01-18 18:00:00,91.37,95.52,95.38,94.31,485262.179,SOL-USD,6h
2024-01-19 00:00:00,91.38,94.69,94.33,93.94,236207.01,SOL-USD,6h
2024-01-19 06:00:00,93.7,95.35,93.91,94.7,136161.305,SOL-USD,6h
2024-01-19 12:00:00,87.0,94.67,94.67,91.33,645921.373,SOL-USD,6h
2024-01-19 18:00:00,90.52,94.86,91.34,93.6,397533.915,SOL-USD,6h
2024-01-20 00:00:00,91.94,94.15,93.56,92.55,147684.121,SOL-USD,6h
2024-01-20 06:00:00,91.05,92.93,92.57,91.92,96970.124,SOL-USD,6h
2024-01-20 12:00:00,90.15,92.52,91.92,92.02,152120.076,SOL-USD,6h
2024-01-20 18:00:00,91.73,93.4,92.07,92.82,129130.949,SOL-USD,6h
2024-01-21 00:00:00,91.76,93.23,92.82,92.1,117199.531,SOL-USD,6h
2024-01-21 06:00:00,91.79,93.88,92.08,93.1,62784.436,SOL-USD,6h
2024-01-21 12:00:00,91.59,93.63,93.09,92.43,88470.627,SOL-USD,6h
2024-01-21 18:00:00,90.74,92.88,92.41,91.02,131402.976,SOL-USD,6h
2024-01-22 00:00:00,88.14,91.84,91.03,89.84,275277.09,SOL-USD,6h
2024-01-22 06:00:00,86.2,90.07,89.84,88.32,217704.323,SOL-USD,6h
2024-01-22 12:00:00,85.51,89.89,88.27,86.72,363067.257,SOL-USD,6h
2024-01-22 18:00:00,81.94,87.22,86.72,83.75,750708.467,SOL-USD,6h
2024-01-23 00:00:00,83.53,85.88,83.74,85.27,219323.255,SOL-USD,6h
2024-01-23 06:00:00,78.92,85.35,85.29,80.1,461883.256,SOL-USD,6h
2024-01-23 12:00:00,78.14,83.79,80.12,82.48,746168.774,SOL-USD,6h
2024-01-23 18:00:00,80.33,84.39,82.5,84.3,361194.559,SOL-USD,6h
2024-01-24 00:00:00,83.25,85.73,84.34,84.77,314758.571,SOL-USD,6h
2024-01-24 06:00:00,83.86,88.45,84.74,87.16,276300.201,SOL-USD,6h
2024-01-24 12:00:00,85.19,87.92,87.15,87.16,338444.134,SOL-USD,6h
2024-01-24 18:00:00,85.56,89.4,87.13,88.74,359613.703,SOL-USD,6h
2024-01-25 00:00:00,86.69,89.59,88.74,87.12,259515.711,SOL-USD,6h
2024-01-25 06:00:00,86.52,89.24,87.13,88.98,115572.159,SOL-USD,6h
2024-01-25 12:00:00,85.03,89.29,88.98,86.02,305125.476,SOL-USD,6h
2024-01-25 18:00:00,86.04,88.13,86.04,86.86,190865.039,SOL-USD,6h
2024-01-26 00:00:00,85.8,88.4,86.87,87.62,167587.54,SOL-USD,6h
2024-01-26 06:00:00,86.7,92.34,87.61,91.88,215757.386,SOL-USD,6h
2024-01-26 12:00:00,90.07,93.5,91.91,93.19,399024.878,SOL-USD,6h
2024-01-26 18:00:00,91.66,93.7,93.19,92.24,294102.922,SOL-USD,6h
2024-01-27 00:00:00,91.32,93.8,92.27,91.56,181112.577,SOL-USD,6h
2024-01-27 06:00:00,90.68,92.27,91.56,91.96,99286.496,SOL-USD,6h
2024-01-27 12:00:00,91.63,93.43,91.99,92.56,157475.988,SOL-USD,6h
2024-01-27 18:00:00,92.54,94.57,92.56,94.27,219141.062,SOL-USD,6h
2024-01-28 00:00:00,93.5,97.35,94.28,96.14,307930.118,SOL-USD,6h
2024-01-28 06:00:00,95.25,99.44,96.16,98.42,183792.417,SOL-USD,6h
2024-01-28 12:00:00,95.76,99.25,98.41,96.15,239122.282,SOL-USD,6h
2024-01-28 18:00:00,93.43,96.35,96.14,95.98,290897.724,SOL-USD,6h
2024-01-29 00:00:00,95.06,98.99,95.96,96.28,266929.364,SOL-USD,6h
2024-01-29 06:00:00,96.26,97.95,96.31,97.42,115703.898,SOL-USD,6h
2024-01-29 12:00:00,95.47,101.74,97.44,100.5,594635.883,SOL-USD,6h
2024-01-29 18:00:00,99.65,101.98,100.49,101.69,288003.595,SOL-USD,6h
2024-01-30 00:00:00,100.96,103.81,101.69,102.74,341990.876,SOL-USD,6h
2024-01-30 06:00:00,102.24,106.45,102.73,106.09,325656.743,SOL-USD,6h
2024-01-30 12:00:00,103.25,106.43,106.09,104.85,460662.061,SOL-USD,6h
2024-01-30 18:00:00,101.01,105.66,104.85,101.4,405843.157,SOL-USD,6h
2024-01-31 00:00:00,98.69,101.95,101.38,101.05,447261.266,SOL-USD,6h
2024-01-31 06:00:00,97.25,101.87,101.05,99.08,197455.821,SOL-USD,6h
2024-01-31 12:00:00,97.51,102.7,99.08,102.62,517416.335,SOL-USD,6h
2024-01-31 18:00:00,95.88,102.67,102.59,96.91,554926.46,SOL-USD,6h
2024-02-01 00:00:00,92.44,97.63,96.88,94.1,957897.942,SOL-USD,6h
2024-02-01 06:00:00,93.94,96.65,94.09,95.38,181091.396,SOL-USD,6h
2024-02-01 12:00:00,94.63,97.48,95.36,97.01,436251.23,SOL-USD,6h
2024-02-01 18:00:00,96.33,98.07,97.05,97.78,255080.103,SOL-USD,6h
2024-02-02 00:00:00,97.36,99.99,97.81,99.21,343553.023,SOL-USD,6h
2024-02-02 06:00:00,99.11,102.29,99.2,101.91,180183.488,SOL-USD,6h
2024-02-02 12:00:00,98.22,102.49,101.91,99.18,545960.109,SOL-USD,6h
2024-02-02 18:00:00,98.3,100.8,99.2,100.55,173780.149,SOL-USD,6h
2024-02-03 00:00:00,99.12,101.2,100.55,100.0,199964.035,SOL-USD,6h
2024-02-03 06:00:00,98.33,100.0,99.99,98.57,122760.224,SOL-USD,6h
2024-02-03 12:00:00,96.58,98.91,98.59,98.36,268571.523,SOL-USD,6h
2024-02-03 18:00:00,97.21,98.46,98.36,97.93,137135.124,SOL-USD,6h
2024-02-04 00:00:00,96.83,98.57,97.92,97.59,84867.032,SOL-USD,6h
2024-02-04 06:00:00,95.9,98.21,97.55,97.86,90579.644,SOL-USD,6h
2024-02-04 12:00:00,96.95,98.37,97.87,96.97,121475.3,SOL-USD,6h
2024-02-04 18:00:00,95.06,97.35,96.97,95.44,194526.074,SOL-USD,6h
2024-02-05 00:00:00,94.14,96.87,95.42,96.07,207011.388,SOL-USD,6h
2024-02-05 06:00:00,95.98,98.13,96.05,97.78,106713.773,SOL-USD,6h
2024-02-05 12:00:00,95.1,98.6,97.81,95.53,263921.393,SOL-USD,6h
2024-02-05 18:00:00,94.1,96.43,95.51,95.5,189138.843,SOL-USD,6h
2024-02-06 00:00:00,94.81,96.67,95.52,95.42,113711.527,SOL-USD,6h
2024-02-06 06:00:00,93.04,96.21,95.41,94.19,282339.151,SOL-USD,6h
2024-02-06 12:00:00,93.1,96.04,94.13,95.86,270363.043,SOL-USD,6h
2024-02-06 18:00:00,95.29,97.9,95.84,96.86,423100.573,SOL-USD,6h
2024-02-07 00:00:00,94.95,97.4,96.86,95.85,156776.785,SOL-USD,6h
2024-02-07 06:00:00,94.57,95.95,95.84,95.08,58523.822,SOL-USD,6h
2024-02-07 12:00:00,95.0,98.0,95.09,97.35,243182.084,SOL-USD,6h
2024-02-07 18:00:00,96.74,101.54,97.38,101.13,580560.022,SOL-USD,6h
2024-02-08 00:00:00,100.91,102.52,101.14,101.24,428075.02,SOL-USD,6h
2024-02-08 06:00:00,100.51,102.32,101.24,101.24,357733.898,SOL-USD,6h
2024-02-08 12:00:00,101.02,105.22,101.24,102.42,893185.213,SOL-USD,6h
2024-02-08 18:00:00,101.77,103.43,102.42,102.79,236574.842,SOL-USD,6h
2024-02-09 00:00:00,102.81,105.78,102.81,105.02,308493.528,SOL-USD,6h
2024-02-09 06:00:00,104.26,106.39,105.05,105.88,207022.193,SOL-USD,6h
2024-02-09 12:00:00,104.07,106.98,105.88,105.32,422378.101,SOL-USD,6h
2024-02-09 18:00:00,104.9,109.2,105.33,106.97,483082.196,SOL-USD,6h
2024-02-10 00:00:00,106.9,110.99,106.96,110.19,415473.809,SOL-USD,6h
2024-02-10 06:00:00,107.3,110.19,110.18,108.2,168174.396,SOL-USD,6h
2024-02-10 12:00:00,107.21,108.86,108.2,107.89,124683.718,SOL-USD,6h
2024-02-10 18:00:00,107.87,110.47,107.88,109.0,233618.129,SOL-USD,6h
2024-02-11 00:00:00,107.83,110.0,109.02,109.07,187149.862,SOL-USD,6h
2024-02-11 06:00:00,108.6,110.34,109.06,109.76,115384.218,SOL-USD,6h
2024-02-11 12:00:00,108.13,110.78,109.73,108.91,179094.441,SOL-USD,6h
2024-02-11 18:00:00,107.33,108.94,108.92,107.5,145579.356,SOL-USD,6h
2024-02-12 00:00:00,104.63,109.38,107.5,105.5,234184.95,SOL-USD,6h
2024-02-12 06:00:00,103.43,106.42,105.49,104.23,143740.676,SOL-USD,6h
2024-02-12 12:00:00,103.84,110.86,104.21,109.8,385932.516,SOL-USD,6h
2024-02-12 18:00:00,109.48,112.27,109.78,111.7,417782.211,SOL-USD,6h
2024-02-13 00:00:00,111.71,115.0,111.72,114.17,422053.056,SOL-USD,6h
2024-02-13 06:00:00,112.9,115.17,114.16,114.15,147366.79,SOL-USD,6h
2024-02-13 12:00:00,108.29,114.21,114.15,110.27,410620.11,SOL-USD,6h
2024-02-13 18:00:00,110.14,113.8,110.27,112.55,291097.256,SOL-USD,6h
2024-02-14 00:00:00,110.66,113.36,112.54,112.97,157038.858,SOL-USD,6h
2024-02-14 06:00:00,112.41,116.35,112.98,115.7,250712.659,SOL-USD,6h
2024-02-14 12:00:00,115.06,118.71,115.69,115.92,448493.317,SOL-USD,6h
2024-02-14 18:00:00,115.09,117.45,115.92,117.14,260725.123,SOL-USD,6h
2024-02-15 00:00:00,115.15,118.48,117.12,115.46,270638.501,SOL-USD,6h
2024-02-15 06:00:00,114.71,117.11,115.45,116.16,131039.905,SOL-USD,6h
2024-02-15 12:00:00,113.0,117.5,116.17,113.4,391343.014,SOL-USD,6h
2024-02-15 18:00:00,111.6,114.54,113.39,113.62,266570.815,SOL-USD,6h
2024-02-16 00:00:00,112.26,114.35,113.62,113.18,146818.357,SOL-USD,6h
2024-02-16 06:00:00,110.14,113.45,113.17,112.18,201997.762,SOL-USD,6h
2024-02-16 12:00:00,108.04,113.34,112.14,108.97,326981.471,SOL-USD,6h
2024-02-16 18:00:00,108.23,110.79,108.99,110.41,152899.664,SOL-USD,6h
2024-02-17 00:00:00,108.67,111.16,110.41,109.53,88424.653,SOL-USD,6h
2024-02-17 06:00:00,108.41,110.86,109.51,109.42,76013.585,SOL-USD,6h
2024-02-17 12:00:00,105.69,109.58,109.4,107.7,189232.992,SOL-USD,6h
2024-02-17 18:00:00,107.22,109.73,107.72,108.95,93388.518,SOL-USD,6h
2024-02-18 00:00:00,107.54,109.81,108.97,109.51,80171.385,SOL-USD,6h
2024-02-18 06:00:00,108.0,113.0,109.5,111.81,117424.346,SOL-USD,6h
2024-02-18 12:00:00,110.62,114.08,111.81,113.26,156410.466,SOL-USD,6h
2024-02-18 18:00:00,111.9,113.64,113.26,112.25,133178.231,SOL-USD,6h
2024-02-19 00:00:00,111.15,112.94,112.26,111.79,142390.853,SOL-USD,6h
2024-02-19 06:00:00,110.81,113.64,111.77,112.71,145380.288,SOL-USD,6h
2024-02-19 12:00:00,111.75,114.86,112.67,112.5,316727.523,SOL-USD,6h
2024-02-19 18:00:00,111.11,113.07,112.5,111.57,170356.084,SOL-USD,6h
2024-02-20 00:00:00,109.01,112.14,111.57,110.78,223263.938,SOL-USD,6h
2024-02-20 06:00:00,108.0,111.06,110.77,110.42,90239.223,SOL-USD,6h
2024-02-20 12:00:00,104.0,110.74,110.41,105.43,658496.785,SOL-USD,6h
2024-02-20 18:00:00,105.16,109.7,105.4,108.32,294590.962,SOL-USD,6h
2024-02-21 00:00:00,106.15,108.42,108.35,106.43,149273.39,SOL-USD,6h
2024-02-21 06:00:00,102.28,106.9,106.4,102.75,176579.998,SOL-USD,6h
2024-02-21 12:00:00,101.0,104.49,102.73,102.07,345543.462,SOL-USD,6h
2024-02-21 18:00:00,100.15,105.71,102.08,105.05,544646.311,SOL-USD,6h
2024-02-22 00:00:00,102.04,105.09,105.05,103.77,132855.019,SOL-USD,6h
2024-02-22 06:00:00,103.72,107.11,103.79,105.8,180302.756,SOL-USD,6h
2024-02-22 12:00:00,103.08,106.14,105.8,104.15,247646.591,SOL-USD,6h
2024-02-22 18:00:00,101.46,105.3,104.13,101.69,320325.113,SOL-USD,6h
2024-02-23 00:00:00,100.97,102.84,101.68,102.5,129800.826,SOL-USD,6h
2024-02-23 06:00:00,101.23,103.07,102.48,102.64,72810.899,SOL-USD,6h
2024-02-23 12:00:00,98.67,102.89,102.64,101.57,301541.357,SOL-USD,6h
2024-02-23 18:00:00,98.86,101.75,101.54,99.91,186413.527,SOL-USD,6h
2024-02-24 00:00:00,98.46,101.39,99.89,101.25,160955.709,SOL-USD,6h
2024-02-24 06:00:00,100.98,102.77,101.27,102.1,77633.459,SOL-USD,6h
2024-02-24 12:00:00,101.67,103.85,102.12,103.47,128011.783,SOL-USD,6h
2024-02-24 18:00:00,103.15,104.79,103.48,104.01,135360.771,SOL-USD,6h
2024-02-25 00:00:00,102.1,104.41,104.01,103.32,130402.61,SOL-USD,6h
2024-02-25 06:00:00,102.01,103.65,103.31,102.8,45022.94,SOL-USD,6h
2024-02-25 12:00:00,102.17,103.8,102.79,103.37,66395.373,SOL-USD,6h
2024-02-25 18:00:00,102.76,104.34,103.38,103.47,132361.996,SOL-USD,6h
2024-02-26 00:00:00,102.28,104.72,103.47,103.95,134238.413,SOL-USD,6h
2024-02-26 06:00:00,100.6,104.27,103.98,100.95,102951.557,SOL-USD,6h
2024-02-26 12:00:00,100.3,109.92,100.92,109.65,543922.646,SOL-USD,6h
2024-02-26 18:00:00,108.38,110.85,109.65,110.0,475088.449,SOL-USD,6h
2024-02-27 00:00:00,108.36,112.37,110.0,110.33,558188.516,SOL-USD,6h
2024-02-27 06:00:00,110.2,112.16,110.33,111.55,135167.121,SOL-USD,6h
2024-02-27 12:00:00,105.36,111.89,111.55,107.22,491761.245,SOL-USD,6h
2024-02-27 18:00:00,106.94,109.45,107.22,108.41,199026.154,SOL-USD,6h
2024-02-28 00:00:00,107.32,109.36,108.44,108.75,139570.121,SOL-USD,6h
2024-02-28 06:00:00,108.42,115.0,108.73,111.46,440965.78,SOL-USD,6h
2024-02-28 12:00:00,107.6,117.0,111.45,114.77,904177.162,SOL-USD,6h
2024-02-28 18:00:00,108.13,119.0,114.77,119.0,778544.088,SOL-USD,6h
2024-02-29 00:00:00,117.31,125.76,119.0,123.86,862517.127,SOL-USD,6h
2024-02-29 06:00:00,122.17,132.88,123.86,129.17,637737.87,SOL-USD,6h
2024-02-29 12:00:00,126.28,134.75,129.16,128.6,749331.53228481,SOL-USD,6h
2024-02-29 18:00:00,122.61,131.97,128.63,125.73,591434.05908714,SOL-USD,6h
2024-03-01 00:00:00,125.68,137.84,125.74,134.08,637300.26142867,SOL-USD,6h
2024-03-01 06:00:00,130.78,135.54,134.08,135.45,160300.43918143,SOL-USD,6h
2024-03-01 12:00:00,129.37,135.46,135.46,131.99,469505.52705651,SOL-USD,6h
2024-03-01 18:00:00,129.47,133.44,132.02,129.53,369753.82832069,SOL-USD,6h
2024-03-02 00:00:00,127.35,131.8,129.55,128.51,296408.65429446,SOL-USD,6h
2024-03-02 06:00:00,127.49,130.67,128.46,128.89,140129.85884661,SOL-USD,6h
2024-03-02 12:00:00,127.5,130.57,128.84,128.07,226076.18210458,SOL-USD,6h
2024-03-02 18:00:00,128.0,131.5,128.04,130.22,223093.80452911,SOL-USD,6h
2024-03-03 00:00:00,128.32,130.84,130.13,129.7,171828.18651964,SOL-USD,6h
2024-03-03 06:00:00,124.73,131.37,129.69,128.75,276756.7072944,SOL-USD,6h
2024-03-03 12:00:00,127.59,131.09,128.76,130.51,212077.65112732,SOL-USD,6h
2024-03-03 18:00:00,129.54,132.18,130.54,130.22,186860.63581058,SOL-USD,6h
2024-03-04 00:00:00,128.55,133.01,130.22,128.95,256202.72670259,SOL-USD,6h
2024-03-04 06:00:00,128.62,134.98,128.95,132.65,275505.14322323,SOL-USD,6h
2024-03-04 12:00:00,127.51,133.76,132.64,127.6,505648.13572341,SOL-USD,6h
2024-03-04 18:00:00,127.58,133.58,127.61,133.49,487044.40965247,SOL-USD,6h
2024-03-05 00:00:00,128.0,134.0,133.48,132.75,561853.53906143,SOL-USD,6h
2024-03-05 06:00:00,129.03,132.78,132.7,130.71,211980.9536148,SOL-USD,6h
2024-03-05 12:00:00,128.0,143.0,130.72,135.12,1344055.52476868,SOL-USD,6h
2024-03-05 18:00:00,110.0,135.17,135.12,125.55,1073038.12016708,SOL-USD,6h
2024-03-06 00:00:00,120.08,129.86,125.48,129.71,478832.1450725,SOL-USD,6h
2024-03-06 06:00:00,129.22,134.95,129.69,131.98,294008.28076721,SOL-USD,6h
2024-03-06 12:00:00,125.45,132.28,131.97,130.0,491137.09279943,SOL-USD,6h
2024-03-06 18:00:00,128.62,132.49,130.0,130.88,352371.55042537,SOL-USD,6h
2024-03-07 00:00:00,130.64,141.75,130.91,137.37,834311.8879875,SOL-USD,6h
2024-03-07 06:00:00,136.16,144.47,137.38,140.34,395314.29428972,SOL-USD,6h
2024-03-07 12:00:00,139.14,150.0,140.37,146.83,871169.82663006,SOL-USD,6h
2024-03-07 18:00:00,143.76,149.48,146.84,144.06,746150.88502862,SOL-USD,6h
2024-03-08 00:00:00,142.22,146.68,144.05,142.94,240924.51123993,SOL-USD,6h
2024-03-08 06:00:00,142.28,149.41,142.94,149.13,229051.12630213,SOL-USD,6h
2024-03-08 12:00:00,142.09,153.0,149.13,149.84,729601.68590043,SOL-USD,6h
2024-03-08 18:00:00,143.8,150.11,149.81,145.12,477816.17913278,SOL-USD,6h
2024-03-09 00:00:00,144.88,148.53,145.12,148.41,181956.12739922,SOL-USD,6h
2024-03-09 06:00:00,145.38,149.49,148.38,147.11,114232.06132366,SOL-USD,6h
2024-03-09 12:00:00,144.0,147.63,147.15,145.36,162417.17041176,SOL-USD,6h
2024-03-09 18:00:00,144.0,147.03,145.32,144.58,163882.25898632,SOL-USD,6h
2024-03-10 00:00:00,144.07,148.61,144.58,147.86,254585.84091849,SOL-USD,6h
2024-03-10 06:00:00,145.26,148.73,147.87,145.7,162485.34053373,SOL-USD,6h
2024-03-10 12:00:00,141.91,146.13,145.7,144.63,223772.83233106,SOL-USD,6h
2024-03-10 18:00:00,140.61,145.63,144.63,144.56,341988.64671294,SOL-USD,6h
2024-03-11 00:00:00,137.0,144.64,144.58,140.83,441430.58677664,SOL-USD,6h
2024-03-11 06:00:00,139.71,150.18,140.83,148.41,512329.39595701,SOL-USD,6h
2024-03-11 12:00:00,144.47,150.11,148.39,147.31,610724.88461801,SOL-USD,6h
2024-03-11 18:00:00,146.51,149.29,147.28,148.9,286955.99567513,SOL-USD,6h
2024-03-12 00:00:00,147.21,155.0,148.91,154.11,576850.45915656,SOL-USD,6h
2024-03-12 06:00:00,148.14,154.48,154.1,150.5,274449.10550916,SOL-USD,6h
2024-03-12 12:00:00,141.72,152.02,150.52,147.5,773698.06567681,SOL-USD,6h
2024-03-12 18:00:00,146.92,151.29,147.5,151.06,485809.89571745,SOL-USD,6h
2024-03-13 00:00:00,148.78,153.0,151.1,151.72,209294.64521391,SOL-USD,6h
2024-03-13 06:00:00,150.38,154.75,151.74,153.8,204923.79366316,SOL-USD,6h
2024-03-13 12:00:00,150.0,159.65,153.83,159.23,795999.24169604,SOL-USD,6h
2024-03-13 18:00:00,158.69,167.0,159.23,163.95,768075.56609116,SOL-USD,6h
2024-03-14 00:00:00,163.05,169.33,163.95,166.71,538006.13102687,SOL-USD,6h
2024-03-14 06:00:00,166.23,174.61,166.71,173.17,388402.0613116,SOL-USD,6h
2024-03-14 12:00:00,163.75,173.53,173.24,166.65,763834.45787495,SOL-USD,6h
2024-03-14 18:00:00,159.2,178.35,166.64,176.69,729542.81588179,SOL-USD,6h
2024-03-15 00:00:00,169.64,186.66,176.69,174.13,995749.80261483,SOL-USD,6h
2024-03-15 06:00:00,164.58,181.78,174.13,169.85,615951.99645559,SOL-USD,6h
2024-03-15 12:00:00,167.89,184.77,169.85,181.39,857490.04084591,SOL-USD,6h
2024-03-15 18:00:00,175.01,188.88,181.4,183.91,811561.73063704,SOL-USD,6h
2024-03-16 00:00:00,180.44,192.77,184.0,192.26,526103.08066694,SOL-USD,6h
2024-03-16 06:00:00,188.29,197.86,192.28,192.73,437998.10397614,SOL-USD,6h
2024-03-16 12:00:00,183.1,195.99,192.69,188.5,558177.08666541,SOL-USD,6h
2024-03-16 18:00:00,176.71,189.27,188.44,181.99,906102.63320574,SOL-USD,6h
2024-03-17 00:00:00,181.3,189.17,181.98,187.85,438413.63361004,SOL-USD,6h
2024-03-17 06:00:00,178.55,193.41,187.88,191.71,382620.79063791,SOL-USD,6h
2024-03-17 12:00:00,188.22,195.99,191.73,195.75,474894.40860229,SOL-USD,6h
2024-03-17 18:00:00,194.4,204.12,195.8,201.69,611208.65738139,SOL-USD,6h
2024-03-18 00:00:00,193.6,205.0,201.7,203.43,485064.38490751,SOL-USD,6h
2024-03-18 06:00:00,198.2,209.9,203.38,207.86,523011.30437474,SOL-USD,6h
2024-03-18 12:00:00,195.4,209.19,207.86,197.63,757343.66300899,SOL-USD,6h
2024-03-18 18:00:00,195.34,205.01,197.63,195.96,461854.51118605,SOL-USD,6h
2024-03-19 00:00:00,179.89,198.7,195.9,185.57,765134.96996582,SOL-USD,6h
2024-03-19 06:00:00,170.81,186.84,185.48,177.75,813033.52760163,SOL-USD,6h
2024-03-19 12:00:00,174.4,186.47,177.79,183.27,764654.25752504,SOL-USD,6h
2024-03-19 18:00:00,165.37,183.86,183.22,169.76,721506.80391672,SOL-USD,6h
2024-03-20 00:00:00,162.41,176.92,169.76,166.0,556437.09514674,SOL-USD,6h
2024-03-20 06:00:00,165.22,175.17,165.99,171.96,379457.64474295,SOL-USD,6h
2024-03-20 12:00:00,165.55,176.73,171.95,172.12,640362.49360816,SOL-USD,6h
2024-03-20 18:00:00,172.04,193.33,172.07,191.91,918899.40722849,SOL-USD,6h
2024-03-21 00:00:00,184.79,195.79,191.81,189.1,378153.22288982,SOL-USD,6h
2024-03-21 06:00:00,186.26,192.35,189.1,189.0,154284.08275052,SOL-USD,6h
2024-03-21 12:00:00,180.04,191.45,189.11,181.0,368875.88592699,SOL-USD,6h
2024-03-21 18:00:00,175.5,181.9,180.93,179.4,397552.72910882,SOL-USD,6h
2024-03-22 00:00:00,173.9,181.89,179.41,179.65,287009.43641406,SOL-USD,6h
2024-03-22 06:00:00,171.57,180.83,179.61,172.0,202446.0066565,SOL-USD,6h
2024-03-22 12:00:00,167.6,173.96,172.0,172.12,470580.68383798,SOL-USD,6h
2024-03-22 18:00:00,168.21,175.24,172.11,175.24,211233.02110339,SOL-USD,6h
2024-03-23 00:00:00,170.33,178.68,175.24,172.6,231780.04315853,SOL-USD,6h
2024-03-23 06:00:00,171.9,177.62,172.75,175.92,112827.83774546,SOL-USD,6h
2024-03-23 12:00:00,173.7,179.03,175.91,176.04,285585.89978115,SOL-USD,6h
2024-03-23 18:00:00,172.5,180.0,176.03,172.7,159060.50471233,SOL-USD,6h
2024-03-24 00:00:00,171.32,177.45,172.68,173.38,154430.25917563,SOL-USD,6h
2024-03-24 06:00:00,171.9,176.0,173.38,174.85,77580.64159468,SOL-USD,6h
2024-03-24 12:00:00,172.46,177.2,174.87,174.15,137153.45848767,SOL-USD,6h
2024-03-24 18:00:00,174.06,186.8,174.11,183.88,403999.4290727,SOL-USD,6h
2024-03-25 00:00:00,180.96,187.29,183.87,185.92,295621.10179281,SOL-USD,6h
2024-03-25 06:00:00,185.54,192.0,185.95,187.98,285480.06574922,SOL-USD,6h
2024-03-25 12:00:00,186.42,194.6,187.98,193.1,498399.99541727,SOL-USD,6h
2024-03-25 18:00:00,188.32,193.38,193.1,188.99,301023.29686991,SOL-USD,6h
2024-03-26 00:00:00,184.56,198.03,189.04,194.97,316690.94347408,SOL-USD,6h
2024-03-26 06:00:00,192.09,196.66,194.97,194.81,203509.62748461,SOL-USD,6h
2024-03-26 12:00:00,185.55,195.3,194.81,188.72,357763.15878772,SOL-USD,6h
2024-03-26 18:00:00,187.51,192.63,188.67,190.48,298997.6294113,SOL-USD,6h
2024-03-27 00:00:00,188.61,192.59,190.48,190.14,224111.7670649,SOL-USD,6h
2024-03-27 06:00:00,182.41,190.51,190.13,188.57,260971.30450291,SOL-USD,6h
2024-03-27 12:00:00,180.0,191.2,188.53,183.09,599562.74450881,SOL-USD,6h
2024-03-27 18:00:00,181.04,186.95,183.09,186.24,263453.86642731,SOL-USD,6h
2024-03-28 00:00:00,180.72,187.87,186.23,183.55,280467.560753,SOL-USD,6h
2024-03-28 06:00:00,183.03,188.38,183.57,185.27,141801.48448151,SOL-USD,6h
2024-03-28 12:00:00,182.52,189.54,185.27,185.41,332939.37294577,SOL-USD,6h
2024-03-28 18:00:00,185.23,191.0,185.42,189.68,221997.97702281,SOL-USD,6h
2024-03-29 00:00:00,185.8,190.75,189.66,186.04,167449.64410575,SOL-USD,6h
2024-03-29 06:00:00,183.23,186.98,186.07,185.84,250621.50658184,SOL-USD,6h
2024-03-29 12:00:00,184.23,189.85,185.86,186.05,257209.86286888,SOL-USD,6h
2024-03-29 18:00:00,185.45,193.08,186.03,192.15,254280.3380865,SOL-USD,6h
2024-03-30 00:00:00,190.85,199.98,192.14,198.72,319649.43582409,SOL-USD,6h
2024-03-30 06:00:00,193.4,199.56,198.75,197.89,156122.94401012,SOL-USD,6h
2024-03-30 12:00:00,194.73,198.61,197.89,197.08,171996.50812965,SOL-USD,6h
2024-03-30 18:00:00,193.43,197.2,197.06,194.26,174573.99558856,SOL-USD,6h
2024-03-31 00:00:00,193.76,197.27,194.28,196.54,150923.46367404,SOL-USD,6h
2024-03-31 06:00:00,194.76,197.34,196.54,195.83,100815.90209919,SOL-USD,6h
2024-03-31 12:00:00,195.46,197.71,195.84,196.85,180654.8546146,SOL-USD,6h
2024-03-31 18:00:00,195.96,203.15,196.86,202.38,424961.21277046,SOL-USD,6h
2024-04-01 00:00:00,193.46,204.25,202.41,195.0,296112.09416171,SOL-USD,6h
2024-04-01 06:00:00,194.26,199.4,194.87,195.24,162635.6720604,SOL-USD,6h
2024-04-01 12:00:00,186.91,197.82,195.21,190.31,487352.13073422,SOL-USD,6h
2024-04-01 18:00:00,187.5,194.19,190.32,192.35,283744.0023871,SOL-USD,6h
2024-04-02 00:00:00,181.07,192.39,192.37,184.61,447527.45836023,SOL-USD,6h
2024-04-02 06:00:00,177.5,186.47,184.6,179.86,246870.18811556,SOL-USD,6h
2024-04-02 12:00:00,175.89,182.69,179.86,182.63,487045.9605654,SOL-USD,6h
2024-04-02 18:00:00,180.72,186.98,182.59,181.54,357857.94636262,SOL-USD,6h
2024-04-03 00:00:00,177.0,189.0,181.58,188.62,295114.65434825,SOL-USD,6h
2024-04-03 06:00:00,186.51,191.96,188.59,187.89,140422.52454195,SOL-USD,6h
2024-04-03 12:00:00,186.5,191.31,187.9,187.93,198510.46593183,SOL-USD,6h
2024-04-03 18:00:00,182.19,187.92,187.91,185.11,208210.91561875,SOL-USD,6h
2024-04-04 00:00:00,180.27,187.47,185.12,182.77,186128.93207762,SOL-USD,6h
2024-04-04 06:00:00,182.64,186.27,182.78,185.59,82184.80484706,SOL-USD,6h
2024-04-04 12:00:00,185.36,189.6,185.59,189.19,275858.93328899,SOL-USD,6h
2024-04-04 18:00:00,181.0,190.22,189.18,184.15,339737.24095214,SOL-USD,6h
2024-04-05 00:00:00,173.25,185.23,184.11,175.6,322870.92857408,SOL-USD,6h
2024-04-05 06:00:00,169.17,177.14,175.6,169.87,249998.74197682,SOL-USD,6h
2024-04-05 12:00:00,168.0,177.58,169.86,173.29,426852.63610423,SOL-USD,6h
2024-04-05 18:00:00,172.46,177.0,173.31,174.46,196163.54836202,SOL-USD,6h
2024-04-06 00:00:00,173.45,178.27,174.46,177.55,167201.39751011,SOL-USD,6h
2024-04-06 06:00:00,175.36,178.48,177.58,175.77,96441.7552436,SOL-USD,6h
2024-04-06 12:00:00,173.83,179.0,175.79,177.53,134874.33727298,SOL-USD,6h
2024-04-06 18:00:00,176.77,179.87,177.54,178.73,184912.18032179,SOL-USD,6h
2024-04-07 00:00:00,177.34,182.73,178.71,181.1,236606.01749745,SOL-USD,6h
2024-04-07 06:00:00,178.7,181.18,181.09,180.75,118413.72308146,SOL-USD,6h
2024-04-07 12:00:00,179.54,182.62,180.73,180.06,164996.79946585,SOL-USD,6h
2024-04-07 18:00:00,176.84,180.15,180.06,179.53,161031.11672391,SOL-USD,6h
2024-04-08 00:00:00,175.27,179.54,179.52,177.13,168807.63852512,SOL-USD,6h
2024-04-08 06:00:00,176.25,184.63,177.13,182.62,231642.96746075,SOL-USD,6h
2024-04-08 12:00:00,179.31,183.49,182.63,180.47,314695.70704025,SOL-USD,6h
2024-04-08 18:00:00,178.54,181.45,180.47,180.66,208924.97559601,SOL-USD,6h
2024-04-09 00:00:00,176.71,180.9,180.65,178.24,195075.93843779,SOL-USD,6h
2024-04-09 06:00:00,173.51,178.47,178.24,176.19,133580.00098839,SOL-USD,6h
2024-04-09 12:00:00,168.89,177.6,176.19,175.48,437001.02810881,SOL-USD,6h
2024-04-09 18:00:00,172.1,175.99,175.49,172.31,186916.69061175,SOL-USD,6h
2024-04-10 00:00:00,169.22,173.0,172.27,171.57,168078.21160697,SOL-USD,6h
2024-04-10 06:00:00,168.33,173.6,171.56,170.16,122454.09190752,SOL-USD,6h
2024-04-10 12:00:00,162.27,173.17,170.17,171.04,433490.24025471,SOL-USD,6h
2024-04-10 18:00:00,167.74,175.52,171.05,173.34,298083.80580534,SOL-USD,6h
2024-04-11 00:00:00,171.1,174.0,173.33,173.79,126915.67248003,SOL-USD,6h
2024-04-11 06:00:00,170.13,175.96,173.79,170.48,126129.30215581,SOL-USD,6h
2024-04-11 12:00:00,170.04,175.57,170.48,174.75,222392.13334348,SOL-USD,6h
2024-04-11 18:00:00,171.92,176.34,174.74,172.35,178211.63313952,SOL-USD,6h
2024-04-12 00:00:00,172.3,175.72,172.34,175.69,106560.7693751,SOL-USD,6h
2024-04-12 06:00:00,171.28,175.99,175.7,172.61,75806.95189903,SOL-USD,6h
2024-04-12 12:00:00,159.29,172.65,172.61,163.42,352037.04350756,SOL-USD,6h
2024-04-12 18:00:00,143.0,163.59,163.38,153.24,966497.96288871,SOL-USD,6h
2024-04-13 00:00:00,145.55,154.99,153.22,152.65,428209.98163605,SOL-USD,6h
2024-04-13 06:00:00,149.54,153.88,152.64,151.27,152604.22099371,SOL-USD,6h
2024-04-13 12:00:00,136.91,153.04,151.24,139.47,581856.294335,SOL-USD,6h
2024-04-13 18:00:00,121.88,144.43,139.45,138.48,1946688.55707892,SOL-USD,6h
2024-04-14 00:00:00,130.0,143.58,138.59,142.57,737648.5369546,SOL-USD,6h
2024-04-14 06:00:00,138.34,145.62,142.61,138.96,293053.71810831,SOL-USD,6h
2024-04-14 12:00:00,133.54,143.45,138.91,137.79,470186.75968371,SOL-USD,6h
2024-04-14 18:00:00,137.35,152.95,137.81,151.44,609227.51292626,SOL-USD,6h
2024-04-15 00:00:00,146.22,152.1,151.42,151.92,222389.50194598,SOL-USD,6h
2024-04-15 06:00:00,151.0,156.27,151.9,151.12,284928.0273902,SOL-USD,6h
2024-04-15 12:00:00,137.65,152.47,151.1,139.55,651506.02436353,SOL-USD,6h
2024-04-15 18:00:00,133.7,140.26,139.54,138.56,392762.05251112,SOL-USD,6h
2024-04-16 00:00:00,130.5,140.69,138.56,133.84,282969.99994784,SOL-USD,6h
2024-04-16 06:00:00,130.0,138.97,133.84,136.21,220604.25097998,SOL-USD,6h
2024-04-16 12:00:00,126.51,136.22,136.22,132.31,753896.95824266,SOL-USD,6h
2024-04-16 18:00:00,131.59,138.06,132.3,136.26,301753.8241041,SOL-USD,6h
2024-04-17 00:00:00,134.95,142.77,136.28,139.57,249024.2935526,SOL-USD,6h
2024-04-17 06:00:00,134.11,141.13,139.55,134.38,153918.92965197,SOL-USD,6h
2024-04-17 12:00:00,126.68,135.09,134.38,132.52,740989.27064563,SOL-USD,6h
2024-04-17 18:00:00,131.62,137.91,132.53,131.84,472722.40717692,SOL-USD,6h
2024-04-18 00:00:00,129.7,136.79,131.83,133.13,248524.11290563,SOL-USD,6h
2024-04-18 06:00:00,127.7,137.0,133.15,135.84,243625.69510635,SOL-USD,6h
2024-04-18 12:00:00,132.0,141.68,135.76,136.96,419578.07436937,SOL-USD,6h
2024-04-18 18:00:00,135.69,143.94,136.98,142.14,242194.90324921,SOL-USD,6h
2024-04-19 00:00:00,128.47,142.14,142.14,139.08,867849.4697177,SOL-USD,6h
2024-04-19 06:00:00,137.63,146.89,139.02,144.56,373104.78748647,SOL-USD,6h
2024-04-19 12:00:00,141.74,147.63,144.56,146.49,402540.78952811,SOL-USD,6h
2024-04-19 18:00:00,139.85,146.62,146.48,142.56,358920.78666053,SOL-USD,6h
2024-04-20 00:00:00,139.7,145.07,142.54,143.69,159954.36111645,SOL-USD,6h
2024-04-20 06:00:00,140.14,145.0,143.76,141.6,77634.80857758,SOL-USD,6h
2024-04-20 12:00:00,141.0,151.0,141.6,150.7,274278.55645275,SOL-USD,6h
2024-04-20 18:00:00,149.16,152.48,150.7,151.33,203626.68250321,SOL-USD,6h
2024-04-21 00:00:00,148.16,153.59,151.28,150.48,178419.10427317,SOL-USD,6h
2024-04-21 06:00:00,149.64,152.73,150.48,151.52,71812.38411573,SOL-USD,6h
2024-04-21 12:00:00,146.8,151.8,151.53,149.01,174971.68225122,SOL-USD,6h
2024-04-21 18:00:00,147.52,150.91,148.99,148.82,142043.65063666,SOL-USD,6h
2024-04-22 00:00:00,146.7,153.32,148.81,153.26,294414.31873501,SOL-USD,6h
2024-04-22 06:00:00,152.39,156.71,153.28,153.35,155407.76115051,SOL-USD,6h
2024-04-22 12:00:00,151.66,156.2,153.34,155.05,251677.95130634,SOL-USD,6h
2024-04-22 18:00:00,153.44,158.5,155.07,157.02,208274.3150115,SOL-USD,6h
2024-04-23 00:00:00,154.27,159.4,157.02,155.81,169602.25215596,SOL-USD,6h
2024-04-23 06:00:00,153.15,156.0,155.8,154.14,98894.34897744,SOL-USD,6h
2024-04-23 12:00:00,153.68,160.0,154.14,159.26,295400.18355085,SOL-USD,6h
2024-04-23 18:00:00,154.53,159.75,159.29,154.69,246932.58430202,SOL-USD,6h
2024-04-24 00:00:00,154.42,159.78,154.69,158.03,261488.48159674,SOL-USD,6h
2024-04-24 06:00:00,156.5,159.38,158.02,159.37,102954.97663755,SOL-USD,6h
2024-04-24 12:00:00,150.56,159.64,159.33,152.25,398525.02336024,SOL-USD,6h
2024-04-24 18:00:00,145.25,152.25,152.25,147.71,361574.24281238,SOL-USD,6h
2024-04-25 00:00:00,144.75,149.49,147.71,147.83,182293.88274274,SOL-USD,6h
2024-04-25 06:00:00,143.13,148.52,147.81,144.79,172590.68127913,SOL-USD,6h
2024-04-25 12:00:00,142.04,149.3,144.78,148.41,384279.0405271,SOL-USD,6h
2024-04-25 18:00:00,144.68,148.92,148.41,144.83,236857.49101401,SOL-USD,6h
2024-04-26 00:00:00,141.41,145.12,144.84,144.76,156203.69088358,SOL-USD,6h
2024-04-26 06:00:00,142.23,144.85,144.71,143.16,70380.65594963,SOL-USD,6h
2024-04-26 12:00:00,141.11,146.11,143.11,143.33,227320.97043397,SOL-USD,6h
2024-04-26 18:00:00,138.73,144.23,143.34,139.22,159668.00746286,SOL-USD,6h
2024-04-27 00:00:00,133.0,140.17,139.19,136.16,267602.40058125,SOL-USD,6h
2024-04-27 06:00:00,135.19,136.9,136.17,135.83,81045.10043458,SOL-USD,6h
2024-04-27 12:00:00,135.61,142.16,135.82,141.6,172631.88475199,SOL-USD,6h
2024-04-27 18:00:00,139.39,142.97,141.56,141.22,167987.08963303,SOL-USD,6h
2024-04-28 00:00:00,140.71,144.6,141.24,143.43,139604.20501629,SOL-USD,6h
2024-04-28 06:00:00,140.85,144.3,143.44,141.17,92342.37551516,SOL-USD,6h
2024-04-28 12:00:00,141.08,143.0,141.15,142.94,67529.30037499,SOL-USD,6h
2024-04-28 18:00:00,137.02,143.91,142.95,137.98,187206.21715939,SOL-USD,6h
2024-04-29 00:00:00,134.23,138.9,137.98,136.72,174223.11455986,SOL-USD,6h
2024-04-29 06:00:00,133.63,136.76,136.73,134.67,142386.98054472,SOL-USD,6h
2024-04-29 12:00:00,133.37,137.53,134.57,135.08,241979.3687088,SOL-USD,6h
2024-04-29 18:00:00,133.52,138.68,135.06,137.73,236601.28647886,SOL-USD,6h
2024-04-30 00:00:00,134.64,139.74,137.73,135.3,203614.20103109,SOL-USD,6h
2024-04-30 06:00:00,128.24,136.3,135.31,128.72,320519.2914364,SOL-USD,6h
2024-04-30 12:00:00,122.6,130.31,128.71,124.54,572786.82221406,SOL-USD,6h
2024-04-30 18:00:00,121.0,128.7,124.52,126.66,410657.07673348,SOL-USD,6h
2024-05-01 00:00:00,123.39,127.39,126.63,125.03,209334.52370893,SOL-USD,6h
2024-05-01 06:00:00,118.68,125.26,125.06,122.91,376434.0752258,SOL-USD,6h
2024-05-01 12:00:00,121.36,127.54,122.89,126.63,464350.11211309,SOL-USD,6h
2024-05-01 18:00:00,126.39,135.86,126.62,134.46,594025.90326493,SOL-USD,6h
2024-05-02 00:00:00,128.16,134.89,134.45,129.49,222050.19903561,SOL-USD,6h
2024-05-02 06:00:00,129.26,140.0,129.52,138.75,312114.81119677,SOL-USD,6h
2024-05-02 12:00:00,135.04,140.43,138.75,139.11,339007.30293796,SOL-USD,6h
2024-05-02 18:00:00,135.61,141.0,139.12,137.57,217507.40515332,SOL-USD,6h
2024-05-03 00:00:00,136.61,141.76,137.57,139.25,174197.75847321,SOL-USD,6h
2024-05-03 06:00:00,132.1,139.52,139.21,136.87,202129.43771365,SOL-USD,6h
2024-05-03 12:00:00,136.45,144.0,136.86,142.22,436618.6568039,SOL-USD,6h
2024-05-03 18:00:00,141.16,145.03,142.22,143.73,200180.56773298,SOL-USD,6h
2024-05-04 00:00:00,142.25,146.4,143.75,145.16,155994.69823849,SOL-USD,6h
2024-05-04 06:00:00,143.77,149.11,145.16,146.58,130491.73433384,SOL-USD,6h
2024-05-04 12:00:00,145.28,148.34,146.56,146.35,133055.43893871,SOL-USD,6h
2024-05-04 18:00:00,145.81,148.0,146.35,146.06,109211.93257131,SOL-USD,6h
2024-05-05 00:00:00,143.0,147.3,146.07,144.51,193441.30453372,SOL-USD,6h
2024-05-05 06:00:00,144.2,146.7,144.48,146.64,43936.06921064,SOL-USD,6h
2024-05-05 12:00:00,145.33,148.0,146.65,146.79,109197.2202166,SOL-USD,6h
2024-05-05 18:00:00,144.68,146.78,146.77,145.74,114832.9193942,SOL-USD,6h
2024-05-06 00:00:00,145.44,148.96,145.74,148.76,131718.09630501,SOL-USD,6h
2024-05-06 06:00:00,147.64,157.03,148.76,154.06,280925.97116498,SOL-USD,6h
2024-05-06 12:00:00,149.74,156.29,154.06,151.57,398598.89494571,SOL-USD,6h
2024-05-06 18:00:00,151.0,155.98,151.58,152.83,190648.58311068,SOL-USD,6h
2024-05-07 00:00:00,151.83,158.0,152.85,154.96,223782.90741261,SOL-USD,6h
2024-05-07 06:00:00,153.16,159.18,154.95,154.98,155155.25187502,SOL-USD,6h
2024-05-07 12:00:00,152.18,157.0,154.95,153.31,219345.19770539,SOL-USD,6h
2024-05-07 18:00:00,148.0,153.35,153.3,148.05,239838.00675887,SOL-USD,6h
2024-05-08 00:00:00,146.35,149.95,148.04,147.22,192031.09706253,SOL-USD,6h
2024-05-08 06:00:00,144.8,148.33,147.2,145.32,154703.8162776,SOL-USD,6h
2024-05-08 12:00:00,144.37,148.85,145.35,146.52,231317.33175121,SOL-USD,6h
2024-05-08 18:00:00,140.0,149.06,146.54,142.13,321483.68841824,SOL-USD,6h
2024-05-09 00:00:00,141.9,144.91,142.14,144.46,226983.48008556,SOL-USD,6h
2024-05-09 06:00:00,140.53,145.74,144.45,142.75,106217.55223455,SOL-USD,6h
2024-05-09 12:00:00,141.55,148.65,142.75,146.56,298662.44582744,SOL-USD,6h
2024-05-09 18:00:00,146.36,153.37,146.56,152.54,286916.56255169,SOL-USD,6h
2024-05-10 00:00:00,151.33,154.66,152.55,153.22,152155.5860472,SOL-USD,6h
2024-05-10 06:00:00,152.96,155.74,153.24,154.97,114488.18756024,SOL-USD,6h
2024-05-10 12:00:00,145.24,155.4,155.0,146.57,688564.65888882,SOL-USD,6h
2024-05-10 18:00:00,144.41,148.57,146.54,146.01,262450.02871677,SOL-USD,6h
2024-05-11 00:00:00,143.29,147.66,146.01,145.42,301626.65747629,SOL-USD,6h
2024-05-11 06:00:00,143.05,146.42,145.39,144.18,89809.57009028,SOL-USD,6h
2024-05-11 12:00:00,143.81,146.95,144.17,145.71,105305.08045415,SOL-USD,6h
2024-05-11 18:00:00,145.02,146.69,145.71,145.37,78009.55719052,SOL-USD,6h
2024-05-12 00:00:00,145.19,147.49,145.37,147.46,65272.64479816,SOL-USD,6h
2024-05-12 06:00:00,143.65,147.69,147.46,144.96,149277.45512882,SOL-USD,6h
2024-05-12 12:00:00,144.0,146.33,144.97,145.28,70118.67111002,SOL-USD,6h
2024-05-12 18:00:00,142.57,145.69,145.25,143.35,84500.60136876,SOL-USD,6h
2024-05-13 00:00:00,137.82,145.85,143.36,138.2,255986.46195557,SOL-USD,6h
2024-05-13 06:00:00,138.08,147.34,138.23,145.56,212382.00946266,SOL-USD,6h
2024-05-13 12:00:00,144.74,150.8,145.57,147.46,337153.36743987,SOL-USD,6h
2024-05-13 18:00:00,145.8,149.74,147.45,147.49,264798.04919748,SOL-USD,6h
2024-05-14 00:00:00,145.65,151.5,147.5,148.5,320644.12553519,SOL-USD,6h
2024-05-14 06:00:00,143.65,148.55,148.5,146.49,96678.92940945,SOL-USD,6h
2024-05-14 12:00:00,141.75,148.33,146.49,142.76,270753.67132962,SOL-USD,6h
2024-05-14 18:00:00,141.86,144.57,142.75,141.96,131762.77367434,SOL-USD,6h
2024-05-15 00:00:00,141.22,144.5,141.98,144.02,120546.09071705,SOL-USD,6h
2024-05-15 06:00:00,143.1,146.04,144.05,144.21,133489.41590334,SOL-USD,6h
2024-05-15 12:00:00,143.67,154.55,144.22,153.83,699028.31047658,SOL-USD,6h
2024-05-15 18:00:00,152.59,158.86,153.85,158.6,368949.79336983,SOL-USD,6h
2024-05-16 00:00:00,158.22,163.87,158.6,161.72,369497.03704598,SOL-USD,6h
2024-05-16 06:00:00,161.33,164.75,161.72,163.77,162957.2477212,SOL-USD,6h
2024-05-16 12:00:00,156.7,163.82,163.73,159.41,495058.54283799,SOL-USD,6h
2024-05-16 18:00:00,157.5,160.36,159.41,159.37,139909.8361434,SOL-USD,6h
2024-05-17 00:00:00,159.34,163.9,159.37,163.51,171070.63249005,SOL-USD,6h
2024-05-17 06:00:00,162.54,170.0,163.54,167.46,225123.28900761,SOL-USD,6h
2024-05-17 12:00:00,165.86,172.08,167.48,167.4,315744.18371664,SOL-USD,6h
2024-05-17 18:00:00,166.31,169.89,167.4,169.48,183825.25634731,SOL-USD,6h
2024-05-18 00:00:00,168.7,174.49,169.51,172.82,163365.11856931,SOL-USD,6h
2024-05-18 06:00:00,172.09,175.99,172.84,174.42,137457.87853471,SOL-USD,6h
2024-05-18 12:00:00,169.79,174.71,174.42,171.47,222677.22318175,SOL-USD,6h
2024-05-18 18:00:00,171.38,173.72,171.47,172.46,112192.68648776,SOL-USD,6h
2024-05-19 00:00:00,172.02,175.51,172.45,174.03,109979.15451338,SOL-USD,6h
2024-05-19 06:00:00,170.88,174.52,174.05,171.81,88737.5685454,SOL-USD,6h
2024-05-19 12:00:00,166.01,171.88,171.81,170.11,188273.99779961,SOL-USD,6h
2024-05-19 18:00:00,168.32,171.65,170.12,169.92,110672.41670031,SOL-USD,6h
2024-05-20 00:00:00,167.7,178.5,169.92,178.23,189436.51349182,SOL-USD,6h
2024-05-20 06:00:00,175.19,179.3,178.23,177.72,132900.74356888,SOL-USD,6h
2024-05-20 12:00:00,175.26,181.72,177.72,181.57,247992.62683036,SOL-USD,6h
2024-05-20 18:00:00,179.5,188.41,181.56,186.74,603982.80850972,SOL-USD,6h
2024-05-21 00:00:00,181.36,188.9,186.71,182.06,256748.98312413,SOL-USD,6h
2024-05-21 06:00:00,180.27,183.76,182.07,180.35,177307.27156495,SOL-USD,6h
2024-05-21 12:00:00,175.89,181.21,180.37,177.47,502130.96030995,SOL-USD,6h
2024-05-21 18:00:00,174.26,178.57,177.47,178.12,310161.74985753,SOL-USD,6h
2024-05-22 00:00:00,175.0,181.56,178.12,181.41,248157.79315167,SOL-USD,6h
2024-05-22 06:00:00,178.05,182.83,181.41,178.05,178497.20612267,SOL-USD,6h
2024-05-22 12:00:00,176.22,183.46,178.06,179.73,387176.74438709,SOL-USD,6h
2024-05-22 18:00:00,176.16,180.7,179.74,176.84,381190.31144625,SOL-USD,6h
2024-05-23 00:00:00,175.54,179.21,176.85,177.29,362577.77730647,SOL-USD,6h
2024-05-23 06:00:00,169.01,177.9,177.22,175.6,319707.90214584,SOL-USD,6h
2024-05-23 12:00:00,168.99,176.91,175.58,171.99,480329.96192354,SOL-USD,6h
2024-05-23 18:00:00,165.61,180.96,171.99,176.11,619601.51291667,SOL-USD,6h
2024-05-24 00:00:00,166.03,176.07,176.07,167.32,272752.00554802,SOL-USD,6h
2024-05-24 06:00:00,162.45,168.02,167.29,166.26,200080.40612554,SOL-USD,6h
2024-05-24 12:00:00,164.62,169.01,166.2,168.57,481327.23665969,SOL-USD,6h
2024-05-24 18:00:00,166.65,170.29,168.56,167.68,269153.03906598,SOL-USD,6h
2024-05-25 00:00:00,165.89,170.11,167.68,169.46,91989.32762347,SOL-USD,6h
2024-05-25 06:00:00,168.07,170.49,169.45,168.57,75944.46316284,SOL-USD,6h
2024-05-25 12:00:00,166.59,168.86,168.58,166.7,142898.34468864,SOL-USD,6h
2024-05-25 18:00:00,166.35,168.62,166.71,168.33,107577.5680809,SOL-USD,6h
2024-05-26 00:00:00,164.72,168.39,168.33,166.63,189794.85901039,SOL-USD,6h
2024-05-26 06:00:00,162.18,166.89,166.63,163.88,237876.01180479,SOL-USD,6h
2024-05-26 12:00:00,161.5,165.67,163.87,161.91,350500.05059925,SOL-USD,6h
2024-05-26 18:00:00,160.36,164.05,161.92,163.24,236825.93765682,SOL-USD,6h
2024-05-27 00:00:00,163.17,166.32,163.25,164.6,175660.03400405,SOL-USD,6h
2024-05-27 06:00:00,163.95,167.94,164.61,167.64,65883.81842876,SOL-USD,6h
2024-05-27 12:00:00,166.55,172.12,167.63,171.02,176805.19157153,SOL-USD,6h
2024-05-27 18:00:00,166.52,171.55,171.02,170.02,168442.00149615,SOL-USD,6h
2024-05-28 00:00:00,164.82,171.99,170.02,166.73,166206.17163702,SOL-USD,6h
2024-05-28 06:00:00,165.52,170.19,166.72,169.67,78223.10196969,SOL-USD,6h
2024-05-28 12:00:00,165.85,173.11,169.65,166.77,262133.44354475,SOL-USD,6h
2024-05-28 18:00:00,165.91,170.6,166.78,168.5,157093.62987364,SOL-USD,6h
2024-05-29 00:00:00,167.25,172.7,168.5,171.76,133685.52770712,SOL-USD,6h
2024-05-29 06:00:00,167.5,173.8,171.78,168.1,129849.95529991,SOL-USD,6h
2024-05-29 12:00:00,167.01,171.66,168.11,170.15,381700.09604874,SOL-USD,6h
2024-05-29 18:00:00,167.72,171.29,170.15,168.13,170053.74531972,SOL-USD,6h
2024-05-30 00:00:00,167.7,170.77,168.11,168.53,106766.86027419,SOL-USD,6h
2024-05-30 06:00:00,163.48,168.56,168.54,166.06,153694.25678288,SOL-USD,6h
2024-05-30 12:00:00,165.85,172.54,166.06,171.27,478363.53241329,SOL-USD,6h
2024-05-30 18:00:00,166.2,171.79,171.32,166.83,205988.19271381,SOL-USD,6h
2024-05-31 00:00:00,165.0,167.6,166.81,165.9,127320.76390164,SOL-USD,6h
2024-05-31 06:00:00,165.56,168.82,165.9,168.62,117066.90535669,SOL-USD,6h
2024-05-31 12:00:00,163.75,170.88,168.62,165.91,386090.0305868,SOL-USD,6h
2024-05-31 18:00:00,164.89,166.85,165.89,165.51,117896.11304105,SOL-USD,6h
2024-06-01 00:00:00,165.49,167.66,165.5,166.94,111377.185611,SOL-USD,6h
2024-06-01 06:00:00,166.31,167.22,166.94,166.77,28273.87086059,SOL-USD,6h
2024-06-01 12:00:00,166.65,167.81,166.74,167.21,61811.49588158,SOL-USD,6h
2024-06-01 18:00:00,165.55,167.64,167.2,165.99,87058.83999916,SOL-USD,6h
2024-06-02 00:00:00,165.0,166.97,165.99,166.0,110617.84032811,SOL-USD,6h
2024-06-02 06:00:00,163.89,166.35,166.0,165.9,90186.57109511,SOL-USD,6h
2024-06-02 12:00:00,162.07,166.12,165.9,162.14,179597.85115532,SOL-USD,6h
2024-06-02 18:00:00,161.27,163.6,162.13,163.02,194316.9674293,SOL-USD,6h
2024-06-03 00:00:00,161.5,165.11,163.03,164.51,173805.02089848,SOL-USD,6h
2024-06-03 06:00:00,164.27,166.76,164.51,164.79,63988.98853744,SOL-USD,6h
2024-06-03 12:00:00,163.0,167.14,164.79,165.35,307689.64887314,SOL-USD,6h
2024-06-03 18:00:00,164.4,167.12,165.36,164.88,200133.5888499,SOL-USD,6h
2024-06-04 00:00:00,164.3,166.94,164.88,165.33,95333.77485257,SOL-USD,6h
2024-06-04 06:00:00,164.4,165.91,165.31,165.45,42564.71642155,SOL-USD,6h
2024-06-04 12:00:00,165.23,169.99,165.44,169.17,366164.96530241,SOL-USD,6h
2024-06-04 18:00:00,168.31,171.88,169.19,171.81,176524.65438363,SOL-USD,6h
2024-06-05 00:00:00,171.06,174.94,171.81,173.41,229659.0702045,SOL-USD,6h
2024-06-05 06:00:00,172.03,174.15,173.41,172.81,103030.60157117,SOL-USD,6h
2024-06-05 12:00:00,171.21,175.62,172.81,174.74,296793.696017,SOL-USD,6h
2024-06-05 18:00:00,172.5,175.18,174.73,173.58,137188.63143516,SOL-USD,6h
2024-06-06 00:00:00,172.31,174.6,173.57,172.42,79633.12418293,SOL-USD,6h
2024-06-06 06:00:00,171.55,173.38,172.37,173.06,62222.52990982,SOL-USD,6h
2024-06-06 12:00:00,170.9,173.67,173.08,171.78,196736.11579906,SOL-USD,6h
2024-06-06 18:00:00,167.59,172.01,171.78,170.1,171589.78104118,SOL-USD,6h
2024-06-07 00:00:00,168.95,172.45,170.1,172.03,91947.82208991,SOL-USD,6h
2024-06-07 06:00:00,170.86,172.51,172.03,172.09,65818.98535662,SOL-USD,6h
2024-06-07 12:00:00,165.2,172.72,172.08,165.24,201531.82310382,SOL-USD,6h
2024-06-07 18:00:00,153.75,165.39,165.19,162.47,525985.19612931,SOL-USD,6h
2024-06-08 00:00:00,161.28,163.08,162.46,162.29,70838.81229282,SOL-USD,6h
2024-06-08 06:00:00,160.02,163.72,162.29,160.4,64370.43379798,SOL-USD,6h
2024-06-08 12:00:00,158.24,161.33,160.39,160.24,180949.22070032,SOL-USD,6h
2024-06-08 18:00:00,157.3,161.01,160.24,157.79,96450.02887473,SOL-USD,6h
2024-06-09 00:00:00,156.51,158.95,157.79,158.88,71695.81083509,SOL-USD,6h
2024-06-09 06:00:00,158.66,159.8,158.84,159.42,26116.24476445,SOL-USD,6h
2024-06-09 12:00:00,159.2,161.87,159.41,160.83,92621.29046631,SOL-USD,6h
2024-06-09 18:00:00,160.55,163.0,160.82,162.12,71239.14900744,SOL-USD,6h
2024-06-10 00:00:00,159.31,162.21,162.12,159.77,54723.27266022,SOL-USD,6h
2024-06-10 06:00:00,157.48,160.16,159.77,159.4,73792.21954599,SOL-USD,6h
2024-06-10 12:00:00,157.67,163.18,159.38,162.59,120503.57494579,SOL-USD,6h
2024-06-10 18:00:00,158.24,162.88,162.57,158.98,100320.83259503,SOL-USD,6h
2024-06-11 00:00:00,152.62,159.67,158.99,154.25,196823.97269585,SOL-USD,6h
2024-06-11 06:00:00,152.39,155.17,154.25,153.74,97678.11527136,SOL-USD,6h
2024-06-11 12:00:00,144.95,154.39,153.77,147.58,747725.69580288,SOL-USD,6h
2024-06-11 18:00:00,147.15,150.31,147.57,149.32,297556.39089767,SOL-USD,6h
2024-06-12 00:00:00,145.46,151.88,149.32,150.13,155550.68827035,SOL-USD,6h
2024-06-12 06:00:00,150.12,153.52,150.12,151.71,73846.80193587,SOL-USD,6h
2024-06-12 12:00:00,151.61,161.85,151.74,159.63,345710.13193811,SOL-USD,6h
2024-06-12 18:00:00,150.84,159.61,159.61,155.18,359533.17358221,SOL-USD,6h
2024-06-13 00:00:00,149.65,155.18,155.18,152.3,177419.7953858,SOL-USD,6h
2024-06-13 06:00:00,149.08,152.44,152.31,149.63,106747.46539743,SOL-USD,6h
2024-06-13 12:00:00,146.05,152.15,149.6,148.57,373197.33087825,SOL-USD,6h
2024-06-13 18:00:00,145.97,148.9,148.57,147.23,146475.06456866,SOL-USD,6h
2024-06-14 00:00:00,145.83,148.75,147.23,148.56,201255.24919399,SOL-USD,6h
2024-06-14 06:00:00,147.05,148.73,148.59,147.94,79274.75015934,SOL-USD,6h
2024-06-14 12:00:00,140.0,148.94,148.0,141.54,396552.4805004,SOL-USD,6h
2024-06-14 18:00:00,139.56,145.02,141.53,142.98,267419.39437918,SOL-USD,6h
2024-06-15 00:00:00,142.84,145.45,142.98,144.81,84547.6405935,SOL-USD,6h
2024-06-15 06:00:00,142.87,145.32,144.81,144.38,57181.19375995,SOL-USD,6h
2024-06-15 12:00:00,143.92,145.68,144.39,145.36,76270.69151757,SOL-USD,6h
2024-06-15 18:00:00,143.77,145.6,145.37,145.45,67002.71373377,SOL-USD,6h
2024-06-16 00:00:00,142.97,145.5,145.45,144.29,59349.29858624,SOL-USD,6h
2024-06-16 06:00:00,143.72,145.6,144.3,144.91,35964.13466229,SOL-USD,6h
2024-06-16 12:00:00,144.69,149.25,144.92,147.84,109851.20626562,SOL-USD,6h
2024-06-16 18:00:00,147.5,151.26,147.82,151.22,143189.90539894,SOL-USD,6h
2024-06-17 00:00:00,146.6,151.73,151.22,147.9,145743.65879663,SOL-USD,6h
2024-06-17 06:00:00,141.57,147.94,147.9,143.81,150005.30331292,SOL-USD,6h
2024-06-17 12:00:00,139.77,144.95,143.81,144.65,230097.96625065,SOL-USD,6h
2024-06-17 18:00:00,141.35,146.72,144.62,143.25,218227.671931,SOL-USD,6h
2024-06-18 00:00:00,128.0,143.76,143.24,136.5,668480.1514385,SOL-USD,6h
2024-06-18 06:00:00,135.5,138.85,136.5,137.12,178445.28671197,SOL-USD,6h
2024-06-18 12:00:00,132.55,137.73,137.12,132.71,404208.52186268,SOL-USD,6h
2024-06-18 18:00:00,130.34,138.43,132.69,137.37,471337.11321798,SOL-USD,6h
2024-06-19 00:00:00,136.04,141.44,137.34,139.94,275285.82165264,SOL-USD,6h
2024-06-19 06:00:00,136.93,141.88,139.94,137.91,127299.09699435,SOL-USD,6h
2024-06-19 12:00:00,135.46,138.98,137.9,137.82,187001.46584492,SOL-USD,6h
2024-06-19 18:00:00,134.41,138.53,137.84,135.59,184266.42012681,SOL-USD,6h
2024-06-20 00:00:00,132.5,137.17,135.59,135.94,348209.61256481,SOL-USD,6h
2024-06-20 06:00:00,135.29,141.28,135.93,139.27,228885.50750546,SOL-USD,6h
2024-06-20 12:00:00,131.81,139.67,139.27,134.62,369573.7727911,SOL-USD,6h
2024-06-20 18:00:00,133.34,135.72,134.59,133.49,176137.69892936,SOL-USD,6h
2024-06-21 00:00:00,131.63,134.73,133.49,132.92,247138.09211914,SOL-USD,6h
2024-06-21 06:00:00,129.59,133.1,132.92,131.98,200858.69216465,SOL-USD,6h
2024-06-21 12:00:00,128.89,133.7,131.97,129.01,371071.66217624,SOL-USD,6h
2024-06-21 18:00:00,128.61,135.34,129.01,134.54,325699.5276872,SOL-USD,6h
2024-06-22 00:00:00,132.91,135.88,134.56,135.87,103168.40962406,SOL-USD,6h
2024-06-22 06:00:00,133.65,136.64,135.88,134.42,68928.78256962,SOL-USD,6h
2024-06-22 12:00:00,133.82,134.94,134.43,133.94,84460.6922662,SOL-USD,6h
2024-06-22 18:00:00,133.08,134.58,133.95,133.65,62491.07147825,SOL-USD,6h
2024-06-23 00:00:00,133.52,135.05,133.64,134.38,62923.43374022,SOL-USD,6h
2024-06-23 06:00:00,133.41,134.74,134.37,133.97,30689.68538773,SOL-USD,6h
2024-06-23 12:00:00,130.34,134.31,133.96,131.09,134625.3877658,SOL-USD,6h
2024-06-23 18:00:00,128.0,132.45,131.07,128.59,225763.46128625,SOL-USD,6h
2024-06-24 00:00:00,123.13,129.68,128.58,123.85,325820.4075503,SOL-USD,6h
2024-06-24 06:00:00,122.18,127.4,123.84,127.0,490917.8043228,SOL-USD,6h
2024-06-24 12:00:00,125.58,129.8,127.0,128.13,749576.98886379,SOL-USD,6h
2024-06-24 18:00:00,125.7,132.57,128.13,132.26,649248.06481044,SOL-USD,6h
2024-06-25 00:00:00,131.14,136.79,132.27,135.64,413079.29027461,SOL-USD,6h
2024-06-25 06:00:00,133.43,139.14,135.65,137.74,506451.41778522,SOL-USD,6h
2024-06-25 12:00:00,136.38,139.89,137.74,137.3,301557.14138311,SOL-USD,6h
2024-06-25 18:00:00,135.86,139.44,137.27,136.53,231437.08052392,SOL-USD,6h
2024-06-26 00:00:00,136.1,140.37,136.54,136.76,153232.57460782,SOL-USD,6h
2024-06-26 06:00:00,136.0,138.14,136.75,137.28,73881.04701163,SOL-USD,6h
2024-06-26 12:00:00,134.76,139.52,137.28,136.22,242548.4761579,SOL-USD,6h
2024-06-26 18:00:00,135.06,138.4,136.21,136.72,157535.44495109,SOL-USD,6h
2024-06-27 00:00:00,135.53,137.83,136.73,136.08,91236.84456189,SOL-USD,6h
2024-06-27 06:00:00,135.06,139.33,136.07,138.88,96236.13232625,SOL-USD,6h
2024-06-27 12:00:00,138.37,151.15,138.85,148.15,672594.94829909,SOL-USD,6h
2024-06-27 18:00:00,147.39,150.21,148.14,149.48,245013.95827927,SOL-USD,6h
2024-06-28 00:00:00,143.63,150.62,149.48,144.08,226229.91256677,SOL-USD,6h
2024-06-28 06:00:00,143.91,146.01,144.07,145.29,73559.45330839,SOL-USD,6h
2024-06-28 12:00:00,140.1,146.75,145.31,141.08,508739.4201393,SOL-USD,6h
2024-06-28 18:00:00,138.72,141.9,141.1,139.75,270248.99154338,SOL-USD,6h
2024-06-29 00:00:00,139.69,142.31,139.75,140.38,200416.44966021,SOL-USD,6h
2024-06-29 06:00:00,140.37,142.97,140.37,142.42,124329.72575426,SOL-USD,6h
2024-06-29 12:00:00,141.09,142.76,142.42,142.11,187056.73459654,SOL-USD,6h
2024-06-29 18:00:00,139.45,142.17,142.1,140.0,221796.05607215,SOL-USD,6h
2024-06-30 00:00:00,136.89,140.86,140.0,137.43,207837.23959434,SOL-USD,6h
2024-06-30 06:00:00,137.17,141.54,137.43,140.87,179526.91945392,SOL-USD,6h
2024-06-30 12:00:00,140.29,144.0,140.88,143.84,157532.32531737,SOL-USD,6h
2024-06-30 18:00:00,143.59,147.44,143.85,146.37,213655.94421743,SOL-USD,6h
2024-07-01 00:00:00,145.75,148.9,146.36,147.85,196166.07434717,SOL-USD,6h
2024-07-01 06:00:00,145.67,148.99,147.84,145.95,81450.88609569,SOL-USD,6h
2024-07-01 12:00:00,145.86,149.11,145.94,147.84,325001.96210159,SOL-USD,6h
2024-07-01 18:00:00,145.8,148.69,147.84,146.52,243807.3764869,SOL-USD,6h
2024-07-02 00:00:00,145.98,149.76,146.51,148.91,119375.13049143,SOL-USD,6h
2024-07-02 06:00:00,146.69,149.84,148.9,149.46,97555.18232206,SOL-USD,6h
2024-07-02 12:00:00,147.0,151.67,149.47,149.75,244328.44018166,SOL-USD,6h
2024-07-02 18:00:00,149.75,154.8,149.75,153.81,269755.22454348,SOL-USD,6h
2024-07-03 00:00:00,147.53,154.26,153.81,149.2,211754.05720388,SOL-USD,6h
2024-07-03 06:00:00,142.56,149.44,149.18,143.85,248388.16761249,SOL-USD,6h
2024-07-03 12:00:00,140.72,144.13,143.85,141.89,601284.34428484,SOL-USD,6h
2024-07-03 18:00:00,138.91,142.41,141.88,140.69,345954.05545616,SOL-USD,6h
2024-07-04 00:00:00,132.44,142.61,140.69,135.93,428681.8044591,SOL-USD,6h
2024-07-04 06:00:00,132.17,135.98,135.93,132.61,234600.25732059,SOL-USD,6h
2024-07-04 12:00:00,129.6,135.86,132.62,135.17,318979.11841999,SOL-USD,6h
2024-07-04 18:00:00,127.14,135.9,135.18,127.83,301924.46232172,SOL-USD,6h
2024-07-05 00:00:00,121.01,129.22,127.83,127.3,687782.02717695,SOL-USD,6h
2024-07-05 06:00:00,122.08,131.0,127.28,130.09,386627.01034029,SOL-USD,6h
2024-07-05 12:00:00,128.33,136.45,130.08,134.93,524763.33960545,SOL-USD,6h
2024-07-05 18:00:00,133.83,136.0,134.94,134.31,199514.51963373,SOL-USD,6h
2024-07-06 00:00:00,132.36,137.9,134.31,134.43,154658.21185553,SOL-USD,6h
2024-07-06 06:00:00,134.34,140.65,134.43,138.73,127347.07573605,SOL-USD,6h
2024-07-06 12:00:00,137.79,143.57,138.75,142.45,260229.58896422,SOL-USD,6h
2024-07-06 18:00:00,141.73,144.31,142.45,143.07,149252.89946871,SOL-USD,6h
2024-07-07 00:00:00,138.5,143.37,143.05,140.14,202045.13510948,SOL-USD,6h
2024-07-07 06:00:00,138.06,141.01,140.13,139.87,65287.1509535,SOL-USD,6h
2024-07-07 12:00:00,135.51,140.81,139.86,138.68,198003.959576,SOL-USD,6h
2024-07-07 18:00:00,131.17,139.62,138.7,131.61,195961.66488456,SOL-USD,6h
2024-07-08 00:00:00,127.75,133.97,131.59,132.79,340262.11235575,SOL-USD,6h
2024-07-08 06:00:00,131.58,141.87,132.79,140.57,280331.00062088,SOL-USD,6h
2024-07-08 12:00:00,133.54,141.93,140.55,136.97,471805.91237677,SOL-USD,6h
2024-07-08 18:00:00,136.32,141.08,136.99,139.77,215920.14393953,SOL-USD,6h
2024-07-09 00:00:00,136.44,141.68,139.78,141.59,217094.90153036,SOL-USD,6h
2024-07-09 06:00:00,140.28,144.28,141.56,141.92,163712.45734799,SOL-USD,6h
2024-07-09 12:00:00,138.6,143.1,141.86,141.44,284538.91384748,SOL-USD,6h
2024-07-09 18:00:00,140.85,143.5,141.43,141.44,162218.50833294,SOL-USD,6h
2024-07-10 00:00:00,138.58,146.31,141.45,144.05,249405.09374708,SOL-USD,6h
2024-07-10 06:00:00,142.28,145.07,144.04,142.78,95071.74810437,SOL-USD,6h
2024-07-10 12:00:00,139.94,143.17,142.78,141.03,196575.20235768,SOL-USD,6h
2024-07-10 18:00:00,140.09,142.46,141.02,141.99,95481.54522338,SOL-USD,6h
2024-07-11 00:00:00,139.09,143.2,141.98,141.16,124268.42780982,SOL-USD,6h
2024-07-11 06:00:00,140.81,143.98,141.16,143.52,76070.68508193,SOL-USD,6h
2024-07-11 12:00:00,137.32,146.0,143.52,138.2,402958.54215993,SOL-USD,6h
2024-07-11 18:00:00,135.68,138.88,138.21,135.7,245177.94110077,SOL-USD,6h
2024-07-12 00:00:00,134.04,138.21,135.7,135.62,178153.73290953,SOL-USD,6h
2024-07-12 06:00:00,133.91,137.06,135.62,135.67,86822.56081078,SOL-USD,6h
2024-07-12 12:00:00,135.49,139.5,135.66,138.95,304400.18192811,SOL-USD,6h
2024-07-12 18:00:00,136.66,140.63,138.97,139.55,162965.68804112,SOL-USD,6h
2024-07-13 00:00:00,137.99,139.96,139.55,139.22,54619.39490805,SOL-USD,6h
2024-07-13 06:00:00,138.48,140.99,139.22,140.13,38596.89361404,SOL-USD,6h
2024-07-13 12:00:00,139.22,140.89,140.14,139.7,109416.94921856,SOL-USD,6h
2024-07-13 18:00:00,139.14,143.64,139.72,141.93,189942.9703406,SOL-USD,6h
2024-07-14 00:00:00,141.92,146.04,141.92,145.66,268561.20893713,SOL-USD,6h
2024-07-14 06:00:00,144.36,147.0,145.66,144.93,119573.78658934,SOL-USD,6h
2024-07-14 12:00:00,143.45,146.08,144.94,145.18,141684.26980706,SOL-USD,6h
2024-07-14 18:00:00,144.6,148.6,145.18,147.69,153409.30436867,SOL-USD,6h
2024-07-15 00:00:00,147.07,152.24,147.7,152.07,329608.55612671,SOL-USD,6h
2024-07-15 06:00:00,150.95,154.17,152.07,151.69,120139.69234975,SOL-USD,6h
2024-07-15 12:00:00,151.67,155.0,151.67,154.32,217477.86812834,SOL-USD,6h
2024-07-15 18:00:00,153.8,160.13,154.32,159.55,336550.07884159,SOL-USD,6h
2024-07-16 00:00:00,154.76,160.3,159.5,155.55,249360.42603862,SOL-USD,6h
2024-07-16 06:00:00,152.61,157.68,155.55,157.39,133504.79316924,SOL-USD,6h
2024-07-16 12:00:00,154.49,162.5,157.4,162.23,323037.22393961,SOL-USD,6h
2024-07-16 18:00:00,159.0,162.62,162.21,160.69,343809.76611827,SOL-USD,6h
2024-07-17 00:00:00,160.16,163.84,160.69,161.48,278160.34465145,SOL-USD,6h
2024-07-17 06:00:00,159.62,163.72,161.48,160.88,117797.54498815,SOL-USD,6h
2024-07-17 12:00:00,154.5,162.14,160.86,156.5,278310.7728058,SOL-USD,6h
2024-07-17 18:00:00,154.88,157.57,156.51,155.51,153804.86471508,SOL-USD,6h
2024-07-18 00:00:00,155.51,159.96,155.51,159.14,125630.06425813,SOL-USD,6h
2024-07-18 06:00:00,158.14,160.0,159.12,159.46,58292.81670006,SOL-USD,6h
2024-07-18 12:00:00,155.18,161.63,159.46,156.03,225357.05030254,SOL-USD,6h
2024-07-18 18:00:00,155.38,160.35,156.02,159.21,174181.38027238,SOL-USD,6h
2024-07-19 00:00:00,156.16,162.46,159.19,162.21,137139.71536648,SOL-USD,6h
2024-07-19 06:00:00,158.84,165.57,162.22,162.64,367052.60032653,SOL-USD,6h
2024-07-19 12:00:00,162.26,172.57,162.64,170.62,688448.69300216,SOL-USD,6h
2024-07-19 18:00:00,167.95,171.08,170.6,169.21,175165.11320334,SOL-USD,6h
2024-07-20 00:00:00,168.37,171.91,169.21,170.04,93366.41689557,SOL-USD,6h
2024-07-20 06:00:00,167.74,170.4,170.01,168.13,51514.28264109,SOL-USD,6h
2024-07-20 12:00:00,167.27,174.59,168.15,174.32,255530.15847857,SOL-USD,6h
2024-07-20 18:00:00,172.25,175.0,174.35,173.68,173954.28179475,SOL-USD,6h
2024-07-21 00:00:00,172.53,175.57,173.68,173.21,94182.4249104,SOL-USD,6h
2024-07-21 06:00:00,171.02,173.47,173.2,172.92,94936.57813973,SOL-USD,6h
2024-07-21 12:00:00,171.43,177.35,172.92,173.66,176711.63249991,SOL-USD,6h
2024-07-21 18:00:00,170.38,185.0,173.66,184.51,504766.00876192,SOL-USD,6h
2024-07-22 00:00:00,178.3,184.99,184.52,179.28,188668.34150544,SOL-USD,6h
2024-07-22 06:00:00,176.75,180.98,179.29,180.63,95988.84938327,SOL-USD,6h
2024-07-22 12:00:00,176.94,181.9,180.62,181.24,228917.877161,SOL-USD,6h
2024-07-22 18:00:00,177.13,183.45,181.25,178.98,180244.09165215,SOL-USD,6h
2024-07-23 00:00:00,173.82,180.67,178.95,174.45,161397.06163522,SOL-USD,6h
2024-07-23 06:00:00,174.05,178.77,174.44,175.65,128060.33045126,SOL-USD,6h
2024-07-23 12:00:00,170.2,179.5,175.66,173.83,300227.89256622,SOL-USD,6h
2024-07-23 18:00:00,171.19,174.8,173.83,173.03,184604.15775476,SOL-USD,6h
2024-07-24 00:00:00,170.94,174.51,173.05,173.08,110402.65186569,SOL-USD,6h
2024-07-24 06:00:00,172.72,178.53,173.12,177.79,83818.10867088,SOL-USD,6h
2024-07-24 12:00:00,176.23,182.5,177.79,181.58,357508.60093484,SOL-USD,6h
2024-07-24 18:00:00,175.55,181.75,181.57,178.0,225022.97268104,SOL-USD,6h
2024-07-25 00:00:00,168.25,179.81,178.03,170.49,410948.0119421,SOL-USD,6h
2024-07-25 06:00:00,166.79,172.05,170.49,168.76,259439.83629315,SOL-USD,6h
2024-07-25 12:00:00,165.65,172.64,168.76,170.21,332361.82270811,SOL-USD,6h
2024-07-25 18:00:00,165.36,172.87,170.29,171.82,292802.76306306,SOL-USD,6h
2024-07-26 00:00:00,171.67,177.72,171.81,177.03,199555.78008726,SOL-USD,6h
2024-07-26 06:00:00,176.65,180.0,177.02,178.8,137861.14448535,SOL-USD,6h
2024-07-26 12:00:00,177.46,183.57,178.78,181.8,438187.74417149,SOL-USD,6h
2024-07-26 18:00:00,181.12,183.68,181.79,183.06,178589.40159275,SOL-USD,6h
2024-07-27 00:00:00,181.32,185.0,183.08,183.74,153144.89717431,SOL-USD,6h
2024-07-27 06:00:00,183.58,187.36,183.74,185.44,174401.05325261,SOL-USD,6h
2024-07-27 12:00:00,180.28,188.31,185.44,180.83,246406.02661925,SOL-USD,6h
2024-07-27 18:00:00,178.06,186.8,180.85,183.56,463137.58623665,SOL-USD,6h
2024-07-28 00:00:00,180.99,186.67,183.56,182.65,182622.17075729,SOL-USD,6h
2024-07-28 06:00:00,181.67,185.85,182.64,185.25,92292.09521896,SOL-USD,6h
2024-07-28 12:00:00,183.11,186.59,185.27,183.92,137151.96118616,SOL-USD,6h
2024-07-28 18:00:00,182.55,185.54,183.93,184.9,108812.94956516,SOL-USD,6h
2024-07-29 00:00:00,184.39,193.89,184.91,193.44,412581.82589087,SOL-USD,6h
2024-07-29 06:00:00,190.3,193.72,193.44,190.81,150308.21912464,SOL-USD,6h
2024-07-29 12:00:00,184.09,193.23,190.81,186.61,417539.96400249,SOL-USD,6h
2024-07-29 18:00:00,181.57,187.38,186.61,182.52,252706.26827487,SOL-USD,6h
2024-07-30 00:00:00,179.27,184.72,182.52,181.96,375639.18750723,SOL-USD,6h
2024-07-30 06:00:00,180.04,183.66,181.96,180.98,85246.60046079,SOL-USD,6h
2024-07-30 12:00:00,177.12,182.66,180.98,177.33,393708.43569862,SOL-USD,6h
2024-07-30 18:00:00,175.35,180.0,177.32,179.11,213823.00855894,SOL-USD,6h
2024-07-31 00:00:00,178.0,181.72,179.11,181.64,164008.6551284,SOL-USD,6h
2024-07-31 06:00:00,181.16,184.43,181.67,181.6,159462.13900975,SOL-USD,6h
2024-07-31 12:00:00,179.35,184.25,181.59,181.81,284567.42620158,SOL-USD,6h
2024-07-31 18:00:00,171.53,182.28,181.82,171.62,547377.3702782,SOL-USD,6h
2024-08-01 00:00:00,165.9,172.93,171.61,168.96,560671.58856803,SOL-USD,6h
2024-08-01 06:00:00,167.81,169.83,168.95,169.63,119726.83005326,SOL-USD,6h
2024-08-01 12:00:00,159.4,171.37,169.63,162.09,788721.35884198,SOL-USD,6h
2024-08-01 18:00:00,157.67,168.35,162.09,167.22,485272.67224763,SOL-USD,6h
2024-08-02 00:00:00,161.36,169.34,167.23,162.28,208271.37004994,SOL-USD,6h
2024-08-02 06:00:00,158.95,165.26,162.29,164.24,343452.76857019,SOL-USD,6h
2024-08-02 12:00:00,152.62,167.51,164.22,154.28,826804.20119547,SOL-USD,6h
2024-08-02 18:00:00,149.78,154.88,154.29,152.57,470019.32039587,SOL-USD,6h
2024-08-03 00:00:00,148.4,153.82,152.57,151.73,274290.0177759,SOL-USD,6h
2024-08-03 06:00:00,148.21,153.35,151.73,152.28,159005.41573768,SOL-USD,6h
2024-08-03 12:00:00,141.81,153.46,152.29,142.36,461627.33989649,SOL-USD,6h
2024-08-03 18:00:00,139.73,143.88,142.32,142.45,430068.62798777,SOL-USD,6h
2024-08-04 00:00:00,141.81,145.99,142.44,143.55,164103.44009637,SOL-USD,6h
2024-08-04 06:00:00,139.49,144.45,143.53,143.46,151316.76944589,SOL-USD,6h
2024-08-04 12:00:00,131.11,145.05,143.44,134.96,792386.1982918,SOL-USD,6h
2024-08-04 18:00:00,134.45,143.98,134.96,138.25,695513.10831659,SOL-USD,6h
2024-08-05 00:00:00,114.0,139.27,138.26,118.58,2089071.80696553,SOL-USD,6h
2024-08-05 06:00:00,110.0,124.99,118.6,115.98,1479736.84081008,SOL-USD,6h
2024-08-05 12:00:00,110.03,135.74,115.99,134.48,1857966.08011865,SOL-USD,6h
2024-08-05 18:00:00,126.79,135.36,134.48,129.81,824108.17628323,SOL-USD,6h
2024-08-06 00:00:00,129.37,143.49,129.84,143.25,668723.13050767,SOL-USD,6h
2024-08-06 06:00:00,136.44,144.11,143.23,139.49,298021.15330119,SOL-USD,6h
2024-08-06 12:00:00,136.13,148.44,139.5,145.23,712225.67853508,SOL-USD,6h
2024-08-06 18:00:00,143.31,149.61,145.21,144.46,488598.78189855,SOL-USD,6h
2024-08-07 00:00:00,142.41,155.06,144.46,153.35,695828.20570213,SOL-USD,6h
2024-08-07 06:00:00,150.62,154.99,153.33,151.73,349854.04714701,SOL-USD,6h
2024-08-07 12:00:00,145.35,154.61,151.73,146.04,765538.89481422,SOL-USD,6h
2024-08-07 18:00:00,142.32,147.56,146.07,144.77,490532.59906942,SOL-USD,6h
2024-08-08 00:00:00,141.43,156.34,144.78,152.94,686478.90428,SOL-USD,6h
2024-08-08 06:00:00,151.92,155.72,152.96,154.16,373763.08371557,SOL-USD,6h
2024-08-08 12:00:00,152.59,162.9,154.16,157.07,823625.55078033,SOL-USD,6h
2024-08-08 18:00:00,155.27,163.7,157.08,163.18,555808.06918062,SOL-USD,6h
2024-08-09 00:00:00,154.65,163.58,163.16,157.19,574048.01554395,SOL-USD,6h
2024-08-09 06:00:00,155.3,159.7,157.19,156.65,217465.74380777,SOL-USD,6h
2024-08-09 12:00:00,150.79,157.39,156.66,153.08,505848.07796899,SOL-USD,6h
2024-08-09 18:00:00,151.48,157.4,153.09,156.32,312823.81049206,SOL-USD,6h
2024-08-10 00:00:00,152.54,158.83,156.35,154.08,258615.20494993,SOL-USD,6h
2024-08-10 06:00:00,153.61,155.91,154.08,154.89,83996.32713873,SOL-USD,6h
2024-08-10 12:00:00,152.8,155.27,154.88,154.36,107345.61054,SOL-USD,6h
2024-08-10 18:00:00,153.58,155.36,154.35,154.05,89079.47395411,SOL-USD,6h
2024-08-11 00:00:00,153.69,157.01,154.06,155.58,89820.65273562,SOL-USD,6h
2024-08-11 06:00:00,153.08,158.0,155.59,153.73,62762.88067455,SOL-USD,6h
2024-08-11 12:00:00,147.99,153.84,153.73,149.14,247570.15499987,SOL-USD,6h
2024-08-11 18:00:00,141.2,149.28,149.13,141.57,484768.37621748,SOL-USD,6h
2024-08-12 00:00:00,141.21,144.85,141.56,143.26,196367.10471646,SOL-USD,6h
2024-08-12 06:00:00,142.21,151.19,143.25,150.32,302294.43404894,SOL-USD,6h
2024-08-12 12:00:00,143.02,150.53,150.33,145.18,385609.75842026,SOL-USD,6h
2024-08-12 18:00:00,141.79,147.5,145.19,146.31,231829.36832305,SOL-USD,6h
2024-08-13 00:00:00,142.89,147.37,146.31,145.79,134161.26919212,SOL-USD,6h
2024-08-13 06:00:00,143.28,147.08,145.79,145.89,98954.22663534,SOL-USD,6h
2024-08-13 12:00:00,144.71,149.98,145.91,148.3,234049.32039566,SOL-USD,6h
2024-08-13 18:00:00,144.88,148.43,148.29,146.7,164078.46629917,SOL-USD,6h
2024-08-14 00:00:00,143.65,147.33,146.71,144.8,117719.28420644,SOL-USD,6h
2024-08-14 06:00:00,144.21,150.07,144.79,148.1,200761.77399434,SOL-USD,6h
2024-08-14 12:00:00,144.0,152.21,148.09,144.64,544934.04740193,SOL-USD,6h
2024-08-14 18:00:00,142.34,145.32,144.63,143.73,140502.75434175,SOL-USD,6h
2024-08-15 00:00:00,142.67,145.43,143.74,142.96,118658.06995034,SOL-USD,6h
2024-08-15 06:00:00,140.95,143.53,142.95,143.13,200380.2241519,SOL-USD,6h
2024-08-15 12:00:00,142.01,147.61,143.12,143.27,263167.7608414,SOL-USD,6h
2024-08-15 18:00:00,137.8,144.92,143.29,142.57,652716.15447875,SOL-USD,6h
2024-08-16 00:00:00,140.72,144.39,142.57,143.08,236812.48223673,SOL-USD,6h
2024-08-16 06:00:00,141.83,144.9,143.1,142.0,92450.45693511,SOL-USD,6h
2024-08-16 12:00:00,136.02,142.66,142.02,139.66,403158.83808478,SOL-USD,6h
2024-08-16 18:00:00,138.55,141.95,139.61,139.08,191569.99792468,SOL-USD,6h
2024-08-17 00:00:00,137.66,140.35,139.07,139.58,85409.14074349,SOL-USD,6h
2024-08-17 06:00:00,138.14,140.19,139.57,139.15,42896.32516251,SOL-USD,6h
2024-08-17 12:00:00,138.93,141.79,139.14,140.46,115811.82047836,SOL-USD,6h
2024-08-17 18:00:00,140.12,142.0,140.47,141.96,64760.31246543,SOL-USD,6h
2024-08-18 00:00:00,140.55,143.3,141.96,141.27,100323.7788542,SOL-USD,6h
2024-08-18 06:00:00,141.1,147.15,141.26,144.63,225933.86165582,SOL-USD,6h
2024-08-18 12:00:00,144.01,146.74,144.62,144.55,561070.37684794,SOL-USD,6h
2024-08-18 18:00:00,142.32,147.09,144.59,142.45,118549.44042217,SOL-USD,6h
2024-08-19 00:00:00,141.57,143.47,142.41,142.28,100642.31102521,SOL-USD,6h
2024-08-19 06:00:00,140.38,143.53,142.31,142.38,80443.8191468,SOL-USD,6h
2024-08-19 12:00:00,141.71,146.25,142.37,143.7,229229.91894895,SOL-USD,6h
2024-08-19 18:00:00,142.56,144.64,143.7,144.31,162172.13317359,SOL-USD,6h
2024-08-20 00:00:00,143.5,148.9,144.3,147.64,307907.80091099,SOL-USD,6h
2024-08-20 06:00:00,145.23,147.79,147.64,145.47,96988.89460939,SOL-USD,6h
2024-08-20 12:00:00,141.01,146.48,145.43,143.36,268087.78695295,SOL-USD,6h
2024-08-20 18:00:00,142.21,144.5,143.36,142.28,148867.26846142,SOL-USD,6h
2024-08-21 00:00:00,141.57,143.44,142.27,143.3,85364.13835149,SOL-USD,6h
2024-08-21 06:00:00,141.0,143.89,143.29,141.33,135302.39118117,SOL-USD,6h
2024-08-21 12:00:00,138.81,142.49,141.32,141.46,329002.54806782,SOL-USD,6h
2024-08-21 18:00:00,141.22,144.41,141.49,142.82,269554.39411322,SOL-USD,6h
2024-08-22 00:00:00,140.64,143.29,142.83,142.24,105916.41523808,SOL-USD,6h
2024-08-22 06:00:00,142.16,144.79,142.24,144.58,102469.58163158,SOL-USD,6h
2024-08-22 12:00:00,142.05,144.9,144.54,142.6,182806.31828371,SOL-USD,6h
2024-08-22 18:00:00,142.41,143.77,142.59,143.25,71246.10196719,SOL-USD,6h
2024-08-23 00:00:00,143.19,145.94,143.24,145.47,138373.55040875,SOL-USD,6h
2024-08-23 06:00:00,143.41,145.93,145.48,143.49,97270.08570499,SOL-USD,6h
2024-08-23 12:00:00,142.75,148.74,143.49,148.24,347944.50175239,SOL-USD,6h
2024-08-23 18:00:00,147.59,154.16,148.23,153.39,382509.48597599,SOL-USD,6h
2024-08-24 00:00:00,152.03,155.45,153.38,154.62,191137.26670775,SOL-USD,6h
2024-08-24 06:00:00,154.09,158.79,154.62,157.4,164228.3146294,SOL-USD,6h
2024-08-24 12:00:00,156.99,162.36,157.4,160.89,322263.06667909,SOL-USD,6h
2024-08-24 18:00:00,157.33,162.12,160.89,160.72,332794.1457429,SOL-USD,6h
2024-08-25 00:00:00,157.36,160.79,160.71,158.39,115541.63907603,SOL-USD,6h
2024-08-25 06:00:00,155.27,158.41,158.39,157.35,125418.60005364,SOL-USD,6h
2024-08-25 12:00:00,157.0,160.42,157.32,159.54,113978.64087557,SOL-USD,6h
2024-08-25 18:00:00,158.49,162.01,159.53,158.99,149981.06260375,SOL-USD,6h
2024-08-26 00:00:00,157.48,161.17,158.98,159.59,127755.2560163,SOL-USD,6h
2024-08-26 06:00:00,158.38,162.0,159.59,160.41,112721.13118333,SOL-USD,6h
2024-08-26 12:00:00,155.63,161.69,160.42,157.47,283860.84296447,SOL-USD,6h
2024-08-26 18:00:00,156.34,159.39,157.45,157.12,160955.68688512,SOL-USD,6h
2024-08-27 00:00:00,157.03,159.73,157.12,159.37,104938.94507728,SOL-USD,6h
2024-08-27 06:00:00,153.35,159.39,159.36,154.24,113496.47843519,SOL-USD,6h
2024-08-27 12:00:00,152.8,155.8,154.24,155.01,289096.66162608,SOL-USD,6h
2024-08-27 18:00:00,145.0,155.57,154.99,146.81,428083.91321248,SOL-USD,6h
2024-08-28 00:00:00,145.36,148.89,146.81,147.41,152893.91539474,SOL-USD,6h
2024-08-28 06:00:00,142.73,148.12,147.43,147.16,174526.68301881,SOL-USD,6h
2024-08-28 12:00:00,140.55,148.7,147.15,142.19,403684.85913585,SOL-USD,6h
2024-08-28 18:00:00,141.51,146.61,142.18,143.94,177205.11655222,SOL-USD,6h
2024-08-29 00:00:00,143.0,145.05,143.97,144.28,86948.14155017,SOL-USD,6h
2024-08-29 06:00:00,144.08,146.98,144.27,145.68,97791.95029846,SOL-USD,6h
2024-08-29 12:00:00,143.61,147.38,145.63,144.46,156035.90267616,SOL-USD,6h
2024-08-29 18:00:00,138.1,144.48,144.45,140.04,362955.20733723,SOL-USD,6h
2024-08-30 00:00:00,137.03,141.1,140.04,138.06,182879.67362695,SOL-USD,6h
2024-08-30 06:00:00,137.42,140.03,138.09,138.66,55238.87247343,SOL-USD,6h
2024-08-30 12:00:00,132.03,140.71,138.66,134.44,384158.75068679,SOL-USD,6h
2024-08-30 18:00:00,134.38,138.49,134.44,137.96,182140.33630716,SOL-USD,6h
2024-08-31 00:00:00,137.5,139.22,138.0,137.63,53512.37212633,SOL-USD,6h
2024-08-31 06:00:00,135.79,138.33,137.65,136.99,35719.0372681,SOL-USD,6h
2024-08-31 12:00:00,134.9,137.35,136.99,135.71,60233.64264006,SOL-USD,6h
2024-08-31 18:00:00,134.49,136.52,135.73,135.32,63004.96642842,SOL-USD,6h
2024-09-01 00:00:00,131.06,135.6,135.33,131.59,118053.98464118,SOL-USD,6h
2024-09-01 06:00:00,130.21,132.96,131.59,131.89,221746.25057961,SOL-USD,6h
2024-09-01 12:00:00,130.0,134.84,131.88,132.66,147058.68727675,SOL-USD,6h
2024-09-01 18:00:00,127.79,136.15,132.65,128.5,286042.69360689,SOL-USD,6h
2024-09-02 00:00:00,127.3,130.68,128.5,129.08,304076.60503483,SOL-USD,6h
2024-09-02 06:00:00,127.0,132.91,129.06,131.8,118223.84851211,SOL-USD,6h
2024-09-02 12:00:00,130.0,133.67,131.82,133.33,132294.63007287,SOL-USD,6h
2024-09-02 18:00:00,132.5,135.44,133.3,134.97,126994.98899661,SOL-USD,6h
2024-09-03 00:00:00,134.12,137.47,134.95,135.0,144754.33436642,SOL-USD,6h
2024-09-03 06:00:00,132.75,135.0,135.0,134.36,82426.25531584,SOL-USD,6h
2024-09-03 12:00:00,129.28,135.48,134.35,130.1,248695.81501101,SOL-USD,6h
2024-09-03 18:00:00,126.97,132.22,130.13,127.5,174752.81680044,SOL-USD,6h
2024-09-04 00:00:00,122.3,128.85,127.49,126.82,359655.71359537,SOL-USD,6h
2024-09-04 06:00:00,126.82,131.38,126.82,128.41,253658.90032247,SOL-USD,6h
2024-09-04 12:00:00,127.89,135.0,128.41,132.65,425081.54484371,SOL-USD,6h
2024-09-04 18:00:00,132.61,134.63,132.64,133.61,154975.60904504,SOL-USD,6h
2024-09-05 00:00:00,131.22,134.42,133.61,132.36,77292.75451628,SOL-USD,6h
2024-09-05 06:00:00,130.82,133.79,132.36,132.8,64210.33870768,SOL-USD,6h
2024-09-05 12:00:00,129.43,135.51,132.8,130.77,262148.22593021,SOL-USD,6h
2024-09-05 18:00:00,127.89,131.08,130.77,129.36,197457.09008199,SOL-USD,6h
2024-09-06 00:00:00,128.61,131.53,129.36,130.17,101879.03352943,SOL-USD,6h
2024-09-06 06:00:00,126.98,131.03,130.17,130.21,240860.62799576,SOL-USD,6h
2024-09-06 12:00:00,125.32,134.45,130.22,126.67,626131.06447297,SOL-USD,6h
2024-09-06 18:00:00,120.51,126.81,126.67,125.01,510245.54240717,SOL-USD,6h
2024-09-07 00:00:00,124.1,127.24,125.01,126.85,96203.56155693,SOL-USD,6h
2024-09-07 06:00:00,126.72,128.44,126.86,126.98,60420.76642539,SOL-USD,6h
2024-09-07 12:00:00,126.63,129.49,126.98,126.82,101570.30916733,SOL-USD,6h
2024-09-07 18:00:00,126.25,128.85,126.78,127.71,66773.29478672,SOL-USD,6h
2024-09-08 00:00:00,126.87,128.72,127.71,127.86,58894.14210623,SOL-USD,6h
2024-09-08 06:00:00,127.84,131.02,127.86,130.09,100611.46122013,SOL-USD,6h
2024-09-08 12:00:00,126.6,130.26,130.12,129.21,83928.4324228,SOL-USD,6h
2024-09-08 18:00:00,128.33,131.67,129.19,130.13,90838.96177906,SOL-USD,6h
2024-09-09 00:00:00,127.52,131.02,130.12,127.81,92802.4904922,SOL-USD,6h
2024-09-09 06:00:00,127.68,130.98,127.8,129.42,50696.9898893,SOL-USD,6h
2024-09-09 12:00:00,127.0,133.86,129.41,132.88,309935.72017859,SOL-USD,6h
2024-09-09 18:00:00,132.2,137.1,132.91,135.09,286144.35742935,SOL-USD,6h
2024-09-10 00:00:00,132.56,135.22,135.1,134.58,124101.96752945,SOL-USD,6h
2024-09-10 06:00:00,133.71,135.5,134.57,135.23,72650.09758003,SOL-USD,6h
2024-09-10 12:00:00,133.33,136.48,135.22,135.73,166439.03383836,SOL-USD,6h
2024-09-10 18:00:00,135.16,138.0,135.77,135.61,188663.72174478,SOL-USD,6h
2024-09-11 00:00:00,131.27,135.91,135.64,131.37,150406.11438612,SOL-USD,6h
2024-09-11 06:00:00,130.35,132.56,131.35,132.0,67291.85109114,SOL-USD,6h
2024-09-11 12:00:00,128.14,133.51,131.97,133.13,274566.51831671,SOL-USD,6h
2024-09-11 18:00:00,131.66,133.59,133.1,132.42,153202.28561807,SOL-USD,6h
2024-09-12 00:00:00,132.39,136.26,132.42,134.94,193484.10352416,SOL-USD,6h
2024-09-12 06:00:00,134.16,135.44,134.95,134.82,47370.67678053,SOL-USD,6h
2024-09-12 12:00:00,133.41,136.76,134.79,135.27,162821.64495002,SOL-USD,6h
2024-09-12 18:00:00,134.63,136.77,135.27,136.05,266564.12062303,SOL-USD,6h
2024-09-13 00:00:00,134.13,136.2,136.05,134.7,58342.88302352,SOL-USD,6h
2024-09-13 06:00:00,132.52,134.71,134.67,132.58,85857.62365859,SOL-USD,6h
2024-09-13 12:00:00,131.71,137.68,132.6,136.71,248376.40194016,SOL-USD,6h
2024-09-13 18:00:00,136.58,139.96,136.73,139.13,272679.26570561,SOL-USD,6h
2024-09-14 00:00:00,138.06,139.9,139.13,138.07,78580.20020452,SOL-USD,6h
2024-09-14 06:00:00,136.57,138.35,138.07,136.86,109307.45628554,SOL-USD,6h
2024-09-14 12:00:00,136.57,138.23,136.86,136.98,65069.54393239,SOL-USD,6h
2024-09-14 18:00:00,135.67,137.39,136.98,137.15,61681.79951374,SOL-USD,6h
2024-09-15 00:00:00,136.86,137.99,137.15,137.13,50396.1040763,SOL-USD,6h
2024-09-15 06:00:00,135.17,137.51,137.14,135.6,55788.38207407,SOL-USD,6h
2024-09-15 12:00:00,132.97,136.37,135.56,133.39,135451.38863918,SOL-USD,6h
2024-09-15 18:00:00,130.42,134.4,133.4,131.4,202570.49878709,SOL-USD,6h
2024-09-16 00:00:00,129.25,131.86,131.4,131.29,109216.30560743,SOL-USD,6h
2024-09-16 06:00:00,130.4,132.37,131.27,131.87,51377.78472859,SOL-USD,6h
2024-09-16 12:00:00,128.84,132.36,131.87,131.43,197444.61453791,SOL-USD,6h
2024-09-16 18:00:00,129.91,131.91,131.44,131.46,108738.25137608,SOL-USD,6h
2024-09-17 00:00:00,130.32,132.82,131.45,132.57,73579.23980178,SOL-USD,6h
2024-09-17 06:00:00,131.76,133.4,132.56,131.94,102945.03984051,SOL-USD,6h
2024-09-17 12:00:00,130.93,135.55,131.95,133.13,275724.45451434,SOL-USD,6h
2024-09-17 18:00:00,131.06,133.51,133.13,131.56,113332.29241959,SOL-USD,6h
2024-09-18 00:00:00,130.24,132.15,131.56,130.98,87000.79872581,SOL-USD,6h
2024-09-18 06:00:00,128.11,131.52,130.96,129.41,74925.63660877,SOL-USD,6h
2024-09-18 12:00:00,127.08,130.34,129.43,129.24,204760.22201722,SOL-USD,6h
2024-09-18 18:00:00,128.39,134.47,129.23,134.35,398213.11518969,SOL-USD,6h
2024-09-19 00:00:00,134.3,139.17,134.37,138.39,414167.09458673,SOL-USD,6h
2024-09-19 06:00:00,137.66,139.7,138.39,139.51,214730.94462782,SOL-USD,6h
2024-09-19 12:00:00,139.49,143.99,139.49,143.19,467944.51151525,SOL-USD,6h
2024-09-19 18:00:00,141.1,144.03,143.19,142.89,243577.12961156,SOL-USD,6h
2024-09-20 00:00:00,141.21,149.61,142.88,148.4,264624.76737287,SOL-USD,6h
2024-09-20 06:00:00,147.82,152.41,148.4,150.58,195005.68280867,SOL-USD,6h
2024-09-20 12:00:00,145.77,151.15,150.59,145.86,348858.36828131,SOL-USD,6h
2024-09-20 18:00:00,144.7,147.99,145.85,146.66,164730.14001557,SOL-USD,6h
2024-09-21 00:00:00,144.59,148.0,146.66,145.95,93343.79080452,SOL-USD,6h
2024-09-21 06:00:00,145.74,147.93,145.95,147.21,45170.14323391,SOL-USD,6h
2024-09-21 12:00:00,146.72,149.46,147.22,148.12,132157.14378004,SOL-USD,6h
2024-09-21 18:00:00,147.22,149.87,148.12,149.45,80174.79443319,SOL-USD,6h
2024-09-22 00:00:00,147.13,149.94,149.45,147.28,76035.03015021,SOL-USD,6h
2024-09-22 06:00:00,144.12,147.6,147.26,144.85,71417.44398178,SOL-USD,6h
2024-09-22 12:00:00,142.43,145.44,144.86,145.02,155392.21624178,SOL-USD,6h
2024-09-22 18:00:00,141.04,145.8,145.02,144.64,139561.22139049,SOL-USD,6h
2024-09-23 00:00:00,142.13,149.1,144.65,146.7,202623.64813567,SOL-USD,6h
2024-09-23 06:00:00,143.1,147.36,146.69,143.58,106776.16986643,SOL-USD,6h
2024-09-23 12:00:00,142.57,145.45,143.58,143.49,231266.0434165,SOL-USD,6h
2024-09-23 18:00:00,142.42,145.33,143.49,144.78,203079.62697704,SOL-USD,6h
2024-09-24 00:00:00,143.11,146.92,144.79,146.23,320914.75817862,SOL-USD,6h
2024-09-24 06:00:00,145.76,149.05,146.22,146.46,144631.59866817,SOL-USD,6h
2024-09-24 12:00:00,144.16,148.54,146.46,147.37,195035.33797006,SOL-USD,6h
2024-09-24 18:00:00,146.54,153.95,147.37,152.74,345083.98325717,SOL-USD,6h
2024-09-25 00:00:00,150.2,153.96,152.74,150.3,198769.32378688,SOL-USD,6h
2024-09-25 06:00:00,148.97,151.0,150.29,150.93,81374.62623581,SOL-USD,6h
2024-09-25 12:00:00,148.86,152.96,150.94,149.43,194401.49755823,SOL-USD,6h
2024-09-25 18:00:00,147.25,151.18,149.43,147.93,131828.88796361,SOL-USD,6h
2024-09-26 00:00:00,146.52,150.3,147.95,150.0,122735.88735843,SOL-USD,6h
2024-09-26 06:00:00,149.87,153.15,149.99,152.94,122590.71419138,SOL-USD,6h
2024-09-26 12:00:00,151.33,158.03,152.91,155.59,442402.95218991,SOL-USD,6h
2024-09-26 18:00:00,153.95,156.83,155.59,155.57,164220.23498667,SOL-USD,6h
2024-09-27 00:00:00,154.0,157.49,155.56,157.3,162921.60643026,SOL-USD,6h
2024-09-27 06:00:00,155.77,159.24,157.31,156.1,121812.61268889,SOL-USD,6h
2024-09-27 12:00:00,155.5,161.36,156.08,157.92,360027.89548327,SOL-USD,6h
2024-09-27 18:00:00,157.11,158.83,157.89,157.66,122588.28083092,SOL-USD,6h
2024-09-28 00:00:00,157.61,159.44,157.67,157.65,73177.1339932,SOL-USD,6h
2024-09-28 06:00:00,155.02,157.85,157.65,157.17,84803.38311561,SOL-USD,6h
2024-09-28 12:00:00,156.23,158.04,157.2,156.79,78586.84064989,SOL-USD,6h
2024-09-28 18:00:00,155.62,157.27,156.78,156.77,91944.33581455,SOL-USD,6h
2024-09-29 00:00:00,156.23,158.55,156.78,156.27,113598.26087149,SOL-USD,6h
2024-09-29 06:00:00,155.02,156.91,156.28,156.78,92458.44913587,SOL-USD,6h
2024-09-29 12:00:00,155.68,158.19,156.77,157.75,101279.27687423,SOL-USD,6h
2024-09-29 18:00:00,157.62,161.8,157.77,158.49,182895.0718858,SOL-USD,6h
2024-09-30 00:00:00,155.12,159.77,158.49,156.92,132040.8436047,SOL-USD,6h
2024-09-30 06:00:00,153.67,157.74,156.92,155.59,90866.2837557,SOL-USD,6h
2024-09-30 12:00:00,154.04,157.33,155.58,155.56,142819.84879242,SOL-USD,6h
2024-09-30 18:00:00,151.65,156.92,155.57,152.5,175954.26692429,SOL-USD,6h
2024-10-01 00:00:00,151.39,155.83,152.5,155.42,260505.41363908,SOL-USD,6h
2024-10-01 06:00:00,155.38,157.32,155.44,156.47,91932.07194406,SOL-USD,6h
2024-10-01 12:00:00,142.5,156.65,156.46,147.62,766425.63811173,SOL-USD,6h
2024-10-01 18:00:00,142.22,149.45,147.61,145.1,274069.17718568,SOL-USD,6h
2024-10-02 00:00:00,143.39,148.0,145.08,146.68,143357.88993512,SOL-USD,6h
2024-10-02 06:00:00,145.05,149.03,146.66,146.12,148020.72066199,SOL-USD,6h
2024-10-02 12:00:00,142.68,148.52,146.12,145.7,305575.97653831,SOL-USD,6h
2024-10-02 18:00:00,138.55,145.89,145.69,140.16,501323.04285826,SOL-USD,6h
2024-10-03 00:00:00,138.6,142.97,140.15,141.28,162448.04630909,SOL-USD,6h
2024-10-03 06:00:00,135.25,142.22,141.27,136.83,198871.83161438,SOL-USD,6h
2024-10-03 12:00:00,133.1,138.55,136.82,135.91,437829.8672085,SOL-USD,6h
2024-10-03 18:00:00,135.13,137.93,135.91,136.8,132668.64991694,SOL-USD,6h
2024-10-04 00:00:00,135.91,139.47,136.81,139.27,122977.12404834,SOL-USD,6h
2024-10-04 06:00:00,138.25,141.01,139.26,140.08,100366.29257476,SOL-USD,6h
2024-10-04 12:00:00,138.08,144.5,140.09,142.79,381965.59432767,SOL-USD,6h
2024-10-04 18:00:00,142.3,144.66,142.81,143.22,164219.87899195,SOL-USD,6h
2024-10-05 00:00:00,141.55,144.04,143.24,143.53,80324.7687379,SOL-USD,6h
2024-10-05 06:00:00,143.07,144.9,143.51,143.43,53924.59056057,SOL-USD,6h
2024-10-05 12:00:00,142.11,144.17,143.47,142.73,67785.75744455,SOL-USD,6h
2024-10-05 18:00:00,140.99,142.98,142.73,142.59,52477.97295152,SOL-USD,6h
2024-10-06 00:00:00,142.0,143.65,142.61,142.63,34252.12451608,SOL-USD,6h
2024-10-06 06:00:00,142.54,144.31,142.63,144.01,25574.35544606,SOL-USD,6h
2024-10-06 12:00:00,143.94,146.64,144.03,145.15,119658.83167457,SOL-USD,6h
2024-10-06 18:00:00,144.3,146.76,145.14,146.48,112944.9427833,SOL-USD,6h
2024-10-07 00:00:00,145.87,150.99,146.47,148.85,240979.09310621,SOL-USD,6h
2024-10-07 06:00:00,145.64,149.51,148.83,147.37,102467.18096788,SOL-USD,6h
2024-10-07 12:00:00,146.33,152.27,147.3,149.05,265982.80713015,SOL-USD,6h
2024-10-07 18:00:00,143.41,149.08,149.04,143.94,242152.47765244,SOL-USD,6h
2024-10-08 00:00:00,142.86,145.54,143.95,143.71,100112.25100151,SOL-USD,6h
2024-10-08 06:00:00,142.03,144.56,143.71,144.42,77602.17284695,SOL-USD,6h
2024-10-08 12:00:00,141.11,145.46,144.44,143.28,202636.08903892,SOL-USD,6h
2024-10-08 18:00:00,142.16,144.61,143.27,143.4,91316.23967096,SOL-USD,6h
2024-10-09 00:00:00,142.96,145.28,143.41,144.13,108733.95019446,SOL-USD,6h
2024-10-09 06:00:00,141.94,144.16,144.12,143.06,164671.27874082,SOL-USD,6h
2024-10-09 12:00:00,140.09,143.21,143.07,141.05,206378.79622957,SOL-USD,6h
2024-10-09 18:00:00,138.54,141.31,141.05,139.21,143598.03905213,SOL-USD,6h
2024-10-10 00:00:00,137.55,140.75,139.21,140.41,90483.29845833,SOL-USD,6h
2024-10-10 06:00:00,137.31,140.55,140.4,140.25,76185.86431474,SOL-USD,6h
2024-10-10 12:00:00,136.05,140.58,140.25,136.46,169160.825946,SOL-USD,6h
2024-10-10 18:00:00,135.36,138.97,136.45,138.95,170449.97735962,SOL-USD,6h
2024-10-11 00:00:00,138.58,141.41,138.95,140.84,125796.71826449,SOL-USD,6h
2024-10-11 06:00:00,140.84,142.61,140.84,141.9,106001.05115695,SOL-USD,6h
2024-10-11 12:00:00,141.79,146.2,141.9,145.88,416957.36268533,SOL-USD,6h
2024-10-11 18:00:00,145.05,146.5,145.87,145.46,115686.78200647,SOL-USD,6h
2024-10-12 00:00:00,144.55,146.64,145.46,145.86,85948.29919223,SOL-USD,6h
2024-10-12 06:00:00,145.28,147.19,145.88,146.21,70722.04858441,SOL-USD,6h
2024-10-12 12:00:00,145.69,147.32,146.24,147.0,113596.18504217,SOL-USD,6h
2024-10-12 18:00:00,146.16,147.29,146.98,146.35,59999.58382331,SOL-USD,6h
2024-10-13 00:00:00,145.1,147.0,146.37,146.49,58375.94070896,SOL-USD,6h
2024-10-13 06:00:00,145.89,148.3,146.5,146.44,43613.24404053,SOL-USD,6h
2024-10-13 12:00:00,144.41,148.0,146.44,145.37,106037.02352554,SOL-USD,6h
2024-10-13 18:00:00,144.66,148.81,145.39,147.69,108921.41099674,SOL-USD,6h
2024-10-14 00:00:00,146.73,153.28,147.72,151.37,237426.0572373,SOL-USD,6h
2024-10-14 06:00:00,150.92,153.85,151.37,153.07,124552.36810837,SOL-USD,6h
2024-10-14 12:00:00,152.49,157.99,153.06,155.55,380081.90400347,SOL-USD,6h
2024-10-14 18:00:00,155.26,158.0,155.54,157.52,160153.48144476,SOL-USD,6h
2024-10-15 00:00:00,153.93,158.21,157.53,154.27,172160.66991734,SOL-USD,6h
2024-10-15 06:00:00,151.63,155.38,154.28,152.32,137360.06495199,SOL-USD,6h
2024-10-15 12:00:00,150.33,159.5,152.34,154.75,481280.160448,SOL-USD,6h
2024-10-15 18:00:00,152.3,156.31,154.75,154.72,144190.57977997,SOL-USD,6h
2024-10-16 00:00:00,152.84,156.05,154.74,154.2,160340.9886804,SOL-USD,6h
2024-10-16 06:00:00,153.0,158.39,154.19,155.85,179340.92565967,SOL-USD,6h
2024-10-16 12:00:00,153.8,156.92,155.84,155.07,264946.54952734,SOL-USD,6h
2024-10-16 18:00:00,153.54,155.23,155.07,154.24,136769.68625478,SOL-USD,6h
2024-10-17 00:00:00,152.3,155.69,154.25,152.65,92776.81280241,SOL-USD,6h
2024-10-17 06:00:00,151.03,153.41,152.64,151.26,90061.15415935,SOL-USD,6h
2024-10-17 12:00:00,149.01,153.21,151.26,149.41,287024.04387777,SOL-USD,6h
2024-10-17 18:00:00,147.63,150.91,149.44,150.44,180263.38106231,SOL-USD,6h
2024-10-18 00:00:00,149.55,153.24,150.43,152.97,127612.42608309,SOL-USD,6h
2024-10-18 06:00:00,152.74,154.27,152.96,152.95,68077.42932223,SOL-USD,6h
2024-10-18 12:00:00,152.09,156.44,152.96,155.5,242349.78454549,SOL-USD,6h
2024-10-18 18:00:00,153.78,156.69,155.5,154.92,106134.75488968,SOL-USD,6h
2024-10-19 00:00:00,154.0,155.99,154.92,154.96,81424.20362228,SOL-USD,6h
2024-10-19 06:00:00,153.6,155.1,154.94,153.78,34979.53824537,SOL-USD,6h
2024-10-19 12:00:00,153.71,157.47,153.83,155.65,98233.61323475,SOL-USD,6h
2024-10-19 18:00:00,155.59,159.75,155.65,159.71,140945.80614161,SOL-USD,6h
2024-10-20 00:00:00,158.15,160.68,159.72,159.31,140768.48442863,SOL-USD,6h
2024-10-20 06:00:00,158.37,159.43,159.31,159.17,26939.2163811,SOL-USD,6h
2024-10-20 12:00:00,157.58,161.43,159.18,160.17,119266.20836813,SOL-USD,6h
2024-10-20 18:00:00,159.51,167.9,160.18,167.37,309079.91165719,SOL-USD,6h
2024-10-21 00:00:00,167.15,171.62,167.34,169.54,311793.51620862,SOL-USD,6h
2024-10-21 06:00:00,165.58,171.0,169.53,166.27,130721.74213706,SOL-USD,6h
2024-10-21 12:00:00,161.31,166.95,166.3,165.61,397269.81083946,SOL-USD,6h
2024-10-21 18:00:00,164.73,168.05,165.62,166.13,205744.33837861,SOL-USD,6h
2024-10-22 00:00:00,162.95,168.8,166.07,168.36,151287.36713648,SOL-USD,6h
2024-10-22 06:00:00,163.43,169.0,168.38,167.79,126671.96698154,SOL-USD,6h
2024-10-22 12:00:00,164.73,170.98,167.73,167.14,344948.66806205,SOL-USD,6h
2024-10-22 18:00:00,166.72,169.11,167.14,167.48,131998.81597263,SOL-USD,6h
2024-10-23 00:00:00,164.15,167.85,167.48,164.96,177916.9447668,SOL-USD,6h
2024-10-23 06:00:00,164.04,166.81,164.96,166.27,85380.74278474,SOL-USD,6h
2024-10-23 12:00:00,164.82,169.42,166.25,165.98,258306.27560261,SOL-USD,6h
2024-10-23 18:00:00,164.48,174.0,166.0,170.65,389890.21461332,SOL-USD,6h
2024-10-24 00:00:00,170.27,175.0,170.65,173.01,218288.63346214,SOL-USD,6h
2024-10-24 06:00:00,170.85,174.17,172.98,173.68,98779.13394758,SOL-USD,6h
2024-10-24 12:00:00,173.52,177.16,173.68,175.26,310501.71291569,SOL-USD,6h
2024-10-24 18:00:00,175.14,179.12,175.26,177.07,251355.97324218,SOL-USD,6h
2024-10-25 00:00:00,172.26,177.35,177.07,173.7,190153.4013536,SOL-USD,6h
2024-10-25 06:00:00,170.67,174.37,173.7,173.54,119935.75662662,SOL-USD,6h
2024-10-25 12:00:00,166.92,177.5,173.55,167.79,298750.44379093,SOL-USD,6h
2024-10-25 18:00:00,159.05,171.38,167.79,164.6,535884.12803531,SOL-USD,6h
2024-10-26 00:00:00,162.2,167.49,164.58,166.64,203055.27785423,SOL-USD,6h
2024-10-26 06:00:00,166.22,170.0,166.63,168.46,89202.04138069,SOL-USD,6h
2024-10-26 12:00:00,167.01,170.0,168.46,169.84,78250.80155441,SOL-USD,6h
2024-10-26 18:00:00,169.31,173.0,169.85,170.66,200101.13276128,SOL-USD,6h
2024-10-27 00:00:00,170.01,172.98,170.66,172.33,77123.71868814,SOL-USD,6h
2024-10-27 06:00:00,171.96,175.4,172.35,173.78,67653.45719433,SOL-USD,6h
2024-10-27 12:00:00,173.82,177.54,173.82,175.95,207647.87660381,SOL-USD,6h
2024-10-27 18:00:00,175.42,178.0,175.96,176.44,153612.61142978,SOL-USD,6h
2024-10-28 00:00:00,172.87,176.95,176.43,174.15,154564.46751423,SOL-USD,6h
2024-10-28 06:00:00,173.15,178.35,174.16,176.76,110048.86158054,SOL-USD,6h
2024-10-28 12:00:00,172.27,177.74,176.76,174.67,249889.59538519,SOL-USD,6h
2024-10-28 18:00:00,174.5,179.6,174.62,178.2,289119.1457152,SOL-USD,6h
2024-10-29 00:00:00,176.97,182.58,178.17,180.74,339533.85801533,SOL-USD,6h
2024-10-29 06:00:00,179.17,181.8,180.73,180.67,124669.60333703,SOL-USD,6h
2024-10-29 12:00:00,178.09,183.3,180.67,180.86,391088.29572855,SOL-USD,6h
2024-10-29 18:00:00,176.25,182.08,180.86,179.39,258571.94858575,SOL-USD,6h
2024-10-30 00:00:00,176.93,181.2,179.35,179.93,120798.5806912,SOL-USD,6h
2024-10-30 06:00:00,174.93,180.52,179.92,175.5,134722.07582456,SOL-USD,6h
2024-10-30 12:00:00,173.11,177.27,175.5,175.31,267200.18376502,SOL-USD,6h
2024-10-30 18:00:00,173.12,177.02,175.31,174.85,155927.92772615,SOL-USD,6h
2024-10-31 00:00:00,174.1,176.46,174.82,175.12,85495.64520463,SOL-USD,6h
2024-10-31 06:00:00,173.15,176.32,175.1,175.0,63449.01925139,SOL-USD,6h
2024-10-31 12:00:00,169.22,175.41,174.99,170.2,290883.47725365,SOL-USD,6h
2024-10-31 18:00:00,167.31,170.25,170.2,168.43,216486.45314363,SOL-USD,6h
2024-11-01 00:00:00,165.2,169.16,168.42,166.81,106997.2823773,SOL-USD,6h
2024-11-01 06:00:00,164.88,168.73,166.79,167.75,73282.64624375,SOL-USD,6h
2024-11-01 12:00:00,163.6,173.94,167.75,166.45,407888.5811051,SOL-USD,6h
2024-11-01 18:00:00,163.83,167.0,166.43,166.02,141847.04750986,SOL-USD,6h
2024-11-02 00:00:00,165.58,168.55,166.0,166.78,59316.65847124,SOL-USD,6h
2024-11-02 06:00:00,165.72,167.79,166.79,165.97,25506.84561939,SOL-USD,6h
2024-11-02 12:00:00,162.01,166.33,165.95,163.95,105749.62276221,SOL-USD,6h
2024-11-02 18:00:00,162.98,166.91,163.95,166.12,87815.66630305,SOL-USD,6h
2024-11-03 00:00:00,160.83,166.55,166.11,161.94,131232.01221959,SOL-USD,6h
2024-11-03 06:00:00,161.75,164.72,161.95,163.57,39757.67042497,SOL-USD,6h
2024-11-03 12:00:00,157.8,164.58,163.56,160.89,213705.13696061,SOL-USD,6h
2024-11-03 18:00:00,157.97,163.8,160.96,162.46,199166.77114364,SOL-USD,6h
2024-11-04 00:00:00,160.39,164.92,162.43,161.38,87236.42060269,SOL-USD,6h
2024-11-04 06:00:00,159.97,164.75,161.38,163.95,58241.68197985,SOL-USD,6h
2024-11-04 12:00:00,159.67,164.9,163.95,160.49,175729.85362647,SOL-USD,6h
2024-11-04 18:00:00,155.01,161.26,160.49,157.86,237329.26029491,SOL-USD,6h
2024-11-05 00:00:00,156.69,160.94,157.86,160.67,106859.92328249,SOL-USD,6h
2024-11-05 06:00:00,159.87,162.98,160.69,162.29,54458.54549765,SOL-USD,6h
2024-11-05 12:00:00,161.77,169.39,162.29,166.7,298646.82893123,SOL-USD,6h
2024-11-05 18:00:00,163.28,167.86,166.75,166.64,211703.24454359,SOL-USD,6h
2024-11-06 00:00:00,166.42,188.38,166.63,185.22,1093022.92098322,SOL-USD,6h
2024-11-06 06:00:00,180.01,188.2,185.23,186.74,393612.30669351,SOL-USD,6h
2024-11-06 12:00:00,184.33,188.74,186.79,185.78,394975.22136578,SOL-USD,6h
2024-11-06 18:00:00,185.69,190.07,185.78,186.76,361748.05059327,SOL-USD,6h
2024-11-07 00:00:00,186.02,192.0,186.76,188.93,232344.17685882,SOL-USD,6h
2024-11-07 06:00:00,186.06,189.35,188.92,186.14,110062.41560329,SOL-USD,6h
2024-11-07 12:00:00,186.01,196.39,186.13,196.16,458405.17816013,SOL-USD,6h
2024-11-07 18:00:00,194.29,198.0,196.17,196.44,397939.88163034,SOL-USD,6h
2024-11-08 00:00:00,195.79,201.19,196.45,199.31,338399.06845778,SOL-USD,6h
2024-11-08 06:00:00,197.53,205.0,199.33,203.22,264245.464708,SOL-USD,6h
2024-11-08 12:00:00,196.32,205.2,203.25,199.3,345812.05907686,SOL-USD,6h
2024-11-08 18:00:00,197.31,202.32,199.32,199.99,276546.02369588,SOL-USD,6h
2024-11-09 00:00:00,197.34,201.99,200.0,201.02,178964.0683945,SOL-USD,6h
2024-11-09 06:00:00,198.0,203.49,201.02,202.3,220536.13568463,SOL-USD,6h
2024-11-09 12:00:00,195.05,202.65,202.29,198.1,213954.61712181,SOL-USD,6h
2024-11-09 18:00:00,197.26,202.09,198.1,200.0,222025.20477228,SOL-USD,6h
2024-11-10 00:00:00,198.78,209.0,200.0,206.94,412548.65830358,SOL-USD,6h
2024-11-10 06:00:00,204.05,207.48,206.96,206.72,189126.91985066,SOL-USD,6h
2024-11-10 12:00:00,203.2,215.62,206.7,213.17,495028.24114207,SOL-USD,6h
2024-11-10 18:00:00,199.25,215.1,213.04,210.22,516465.26490793,SOL-USD,6h
2024-11-11 00:00:00,204.32,212.55,210.22,206.31,252485.80327458,SOL-USD,6h
2024-11-11 06:00:00,205.2,217.89,206.27,217.81,216558.41098438,SOL-USD,6h
2024-11-11 12:00:00,214.65,222.22,217.82,219.5,587251.01628714,SOL-USD,6h
2024-11-11 18:00:00,216.65,225.0,219.5,222.42,605119.63812502,SOL-USD,6h
2024-11-12 00:00:00,215.53,222.78,222.41,218.04,386620.11426141,SOL-USD,6h
2024-11-12 06:00:00,208.75,225.37,218.02,211.42,415432.0492465,SOL-USD,6h
2024-11-12 12:00:00,205.0,214.12,211.28,209.85,536021.26358814,SOL-USD,6h
2024-11-12 18:00:00,209.84,215.73,209.86,211.87,310725.8552591,SOL-USD,6h
2024-11-13 00:00:00,201.0,213.5,211.88,204.8,332790.71950785,SOL-USD,6h
2024-11-13 06:00:00,201.81,209.55,204.82,207.99,180355.99069945,SOL-USD,6h
2024-11-13 12:00:00,206.21,220.84,208.01,219.28,807519.2366464,SOL-USD,6h
2024-11-13 18:00:00,206.2,220.53,219.31,215.46,512223.50820411,SOL-USD,6h
2024-11-14 00:00:00,212.36,220.42,215.45,219.0,296112.2605639,SOL-USD,6h
2024-11-14 06:00:00,213.66,222.83,219.0,216.21,244856.50495904,SOL-USD,6h
2024-11-14 12:00:00,209.24,218.0,216.17,215.47,475054.6646273,SOL-USD,6h
2024-11-14 18:00:00,206.75,216.9,215.45,209.58,339276.57896893,SOL-USD,6h
2024-11-15 00:00:00,204.57,212.97,209.57,208.57,271728.58055272,SOL-USD,6h
2024-11-15 06:00:00,207.92,213.94,208.55,213.58,131091.508212,SOL-USD,6h
2024-11-15 12:00:00,206.72,215.35,213.58,210.76,261709.45063926,SOL-USD,6h
2024-11-15 18:00:00,208.96,220.46,210.77,218.53,368689.88572689,SOL-USD,6h
2024-11-16 00:00:00,215.96,221.95,218.51,220.96,260550.96353987,SOL-USD,6h
2024-11-16 06:00:00,216.59,221.0,220.98,218.96,106249.54681465,SOL-USD,6h
2024-11-16 12:00:00,213.4,221.78,218.96,215.61,242237.04830571,SOL-USD,6h
2024-11-16 18:00:00,214.13,217.47,215.65,215.81,178899.52579774,SOL-USD,6h
2024-11-17 00:00:00,212.21,239.54,215.81,236.56,594196.05433901,SOL-USD,6h
2024-11-17 06:00:00,234.12,241.99,236.57,234.81,322832.79025508,SOL-USD,6h
2024-11-17 12:00:00,229.7,236.0,234.76,233.88,223936.68330306,SOL-USD,6h
2024-11-17 18:00:00,231.25,238.41,233.87,237.53,286611.19807289,SOL-USD,6h
2024-11-18 00:00:00,234.03,245.0,237.5,243.05,351880.44813063,SOL-USD,6h
2024-11-18 06:00:00,239.46,248.52,243.1,242.45,232795.85864104,SOL-USD,6h
2024-11-18 12:00:00,237.5,245.15,242.55,239.97,372476.81120019,SOL-USD,6h
2024-11-18 18:00:00,234.39,241.88,239.98,239.94,301463.94897221,SOL-USD,6h
2024-11-19 00:00:00,237.67,243.48,239.95,241.12,178106.02500263,SOL-USD,6h
2024-11-19 06:00:00,240.74,247.1,241.09,246.23,132944.32858566,SOL-USD,6h
2024-11-19 12:00:00,238.51,247.75,246.22,243.25,281021.14735228,SOL-USD,6h
2024-11-19 18:00:00,233.74,244.84,243.25,237.99,332283.90310888,SOL-USD,6h
2024-11-20 00:00:00,230.66,238.2,237.99,235.19,220862.98908474,SOL-USD,6h
2024-11-20 06:00:00,234.35,239.05,235.15,237.82,168759.29901134,SOL-USD,6h
2024-11-20 12:00:00,232.0,242.72,237.81,232.12,341157.78815901,SOL-USD,6h
2024-11-20 18:00:00,231.17,238.3,232.12,235.68,277688.51428184,SOL-USD,6h
2024-11-21 00:00:00,230.02,242.12,235.68,239.24,356429.0478025,SOL-USD,6h
2024-11-21 06:00:00,236.97,243.55,239.24,240.02,200922.40533598,SOL-USD,6h
2024-11-21 12:00:00,239.98,259.0,240.0,257.49,891465.51380517,SOL-USD,6h
2024-11-21 18:00:00,253.1,259.89,257.45,256.65,473077.27424074,SOL-USD,6h
2024-11-22 00:00:00,252.69,264.63,256.65,260.84,379473.20762245,SOL-USD,6h
2024-11-22 06:00:00,256.38,261.4,260.81,259.49,158545.06857995,SOL-USD,6h
2024-11-22 12:00:00,252.59,260.64,259.49,254.7,297637.74958876,SOL-USD,6h
2024-11-22 18:00:00,251.75,258.3,254.7,257.23,266447.56638505,SOL-USD,6h
2024-11-23 00:00:00,253.65,264.32,257.23,260.23,282479.32646405,SOL-USD,6h
2024-11-23 06:00:00,256.12,260.83,260.22,256.4,97885.27982265,SOL-USD,6h
2024-11-23 12:00:00,255.2,263.98,256.42,257.71,267429.43236035,SOL-USD,6h
2024-11-23 18:00:00,253.01,257.7,257.69,255.12,187102.3491204,SOL-USD,6h
2024-11-24 00:00:00,254.5,260.0,255.11,255.46,140361.9485049,SOL-USD,6h
2024-11-24 06:00:00,248.32,257.02,255.46,248.79,115032.82853355,SOL-USD,6h
2024-11-24 12:00:00,241.2,250.48,248.74,247.7,277731.52017358,SOL-USD,6h
2024-11-24 18:00:00,247.22,254.99,247.64,253.03,174653.6192788,SOL-USD,6h
2024-11-25 00:00:00,246.0,254.33,253.03,253.49,138785.77158664,SOL-USD,6h
2024-11-25 06:00:00,251.44,256.82,253.5,252.36,107217.51427302,SOL-USD,6h
2024-11-25 12:00:00,233.65,252.73,252.36,239.8,721806.34606718,SOL-USD,6h
2024-11-25 18:00:00,231.16,242.07,239.87,234.18,407510.70457018,SOL-USD,6h
2024-11-26 00:00:00,233.53,239.56,234.14,238.8,180822.40445922,SOL-USD,6h
2024-11-26 06:00:00,221.57,239.91,238.8,227.75,280968.00210786,SOL-USD,6h
2024-11-26 12:00:00,225.72,232.81,227.75,230.27,387897.63611482,SOL-USD,6h
2024-11-26 18:00:00,223.5,232.09,230.27,230.6,229431.70146554,SOL-USD,6h
2024-11-27 00:00:00,227.5,233.83,230.6,228.73,164397.94913783,SOL-USD,6h
2024-11-27 06:00:00,228.72,237.12,228.73,235.06,126442.32665015,SOL-USD,6h
2024-11-27 12:00:00,232.65,241.3,235.04,240.08,283238.37877366,SOL-USD,6h
2024-11-27 18:00:00,238.91,243.56,240.08,242.24,316219.77400443,SOL-USD,6h
2024-11-28 00:00:00,237.95,245.49,242.24,238.54,173980.25048168,SOL-USD,6h
2024-11-28 06:00:00,234.48,239.72,238.54,236.98,82485.25925961,SOL-USD,6h
2024-11-28 12:00:00,232.89,237.84,236.98,235.25,122575.62033457,SOL-USD,6h
2024-11-28 18:00:00,234.65,238.51,235.26,237.65,89045.82590351,SOL-USD,6h
2024-11-29 00:00:00,236.6,243.12,237.64,240.65,131865.3589868,SOL-USD,6h
2024-11-29 06:00:00,237.56,245.52,240.65,245.29,102145.51443572,SOL-USD,6h
2024-11-29 12:00:00,240.4,246.87,245.34,240.42,253973.6068313,SOL-USD,6h
2024-11-29 18:00:00,240.13,245.5,240.41,243.43,227949.55344303,SOL-USD,6h
2024-11-30 00:00:00,239.06,243.98,243.43,243.79,127762.49566095,SOL-USD,6h
2024-11-30 06:00:00,240.16,245.43,243.79,241.58,107178.83143941,SOL-USD,6h
2024-11-30 12:00:00,238.64,243.15,241.58,239.93,127571.44441475,SOL-USD,6h
2024-11-30 18:00:00,237.61,241.27,239.94,237.74,150195.21697691,SOL-USD,6h
2024-12-01 00:00:00,234.24,240.0,237.74,235.44,153527.0971745,SOL-USD,6h
2024-12-01 06:00:00,235.19,238.81,235.44,237.23,77283.39391038,SOL-USD,6h
2024-12-01 12:00:00,236.29,239.59,237.24,237.16,138986.51958129,SOL-USD,6h
2024-12-01 18:00:00,234.46,239.29,237.15,236.95,240983.85209958,SOL-USD,6h
2024-12-02 00:00:00,226.37,238.5,236.92,228.62,521245.87083671,SOL-USD,6h
2024-12-02 06:00:00,222.9,229.28,228.6,224.79,257897.53302066,SOL-USD,6h
2024-12-02 12:00:00,220.03,230.08,224.79,220.49,581811.13982458,SOL-USD,6h
2024-12-02 18:00:00,220.37,225.93,220.49,225.79,480787.76755129,SOL-USD,6h
2024-12-03 00:00:00,223.19,229.33,225.8,228.17,270508.41731365,SOL-USD,6h
2024-12-03 06:00:00,222.95,231.01,228.17,225.53,165262.00507989,SOL-USD,6h
2024-12-03 12:00:00,215.0,226.46,225.59,224.67,456850.67696762,SOL-USD,6h
2024-12-03 18:00:00,223.81,240.09,224.66,234.1,699787.37298556,SOL-USD,6h
2024-12-04 00:00:00,234.13,240.99,234.13,238.09,343892.52261228,SOL-USD,6h
2024-12-04 06:00:00,235.2,238.52,238.08,236.12,146275.83555663,SOL-USD,6h
2024-12-04 12:00:00,224.69,236.26,236.09,229.22,445457.48562229,SOL-USD,6h
2024-12-04 18:00:00,226.1,236.79,229.23,229.49,651005.78024564,SOL-USD,6h
2024-12-05 00:00:00,223.19,238.8,229.47,235.1,627138.52042892,SOL-USD,6h
2024-12-05 06:00:00,231.5,242.53,235.1,241.96,264004.27210284,SOL-USD,6h
2024-12-05 12:00:00,236.47,244.99,241.98,240.13,522660.61472581,SOL-USD,6h
2024-12-05 18:00:00,226.0,241.0,240.13,236.13,551350.38446225,SOL-USD,6h
2024-12-06 00:00:00,234.69,247.1,236.13,238.79,372792.98343722,SOL-USD,6h
2024-12-06 06:00:00,233.82,240.72,238.77,234.34,148366.77364607,SOL-USD,6h
2024-12-06 12:00:00,231.11,240.74,234.26,239.29,324951.82385913,SOL-USD,6h
2024-12-06 18:00:00,235.72,241.2,239.33,237.21,263107.04457078,SOL-USD,6h
2024-12-07 00:00:00,234.32,237.72,237.21,235.7,192025.94193101,SOL-USD,6h
2024-12-07 06:00:00,234.98,239.55,235.72,238.39,98168.26026861,SOL-USD,6h
2024-12-07 12:00:00,237.53,243.4,238.39,241.22,199331.04015582,SOL-USD,6h
2024-12-07 18:00:00,238.08,243.8,241.22,238.35,239311.9939233,SOL-USD,6h
2024-12-08 00:00:00,236.76,241.72,238.35,237.39,144346.99274355,SOL-USD,6h
2024-12-08 06:00:00,233.32,239.01,237.42,236.13,97183.13931411,SOL-USD,6h
2024-12-08 12:00:00,234.65,237.82,236.12,236.77,120641.26518954,SOL-USD,6h
2024-12-08 18:00:00,234.19,237.99,236.77,237.19,121113.59703974,SOL-USD,6h
2024-12-09 00:00:00,230.3,237.45,237.19,232.69,177591.76411592,SOL-USD,6h
2024-12-09 06:00:00,225.32,232.75,232.68,225.99,133268.24946745,SOL-USD,6h
2024-12-09 12:00:00,222.98,231.81,225.98,222.99,324865.72689313,SOL-USD,6h
2024-12-09 18:00:00,205.0,225.47,222.99,216.72,644763.15569195,SOL-USD,6h
2024-12-10 00:00:00,207.1,221.09,216.71,216.42,499820.83582681,SOL-USD,6h
2024-12-10 06:00:00,215.21,218.79,216.42,216.29,143983.33055303,SOL-USD,6h
2024-12-10 12:00:00,203.77,218.7,216.3,203.81,840556.97594417,SOL-USD,6h
2024-12-10 18:00:00,203.27,216.47,203.81,213.75,468828.21584969,SOL-USD,6h
2024-12-11 00:00:00,211.62,220.0,213.75,218.46,281150.53789212,SOL-USD,6h
2024-12-11 06:00:00,218.0,225.58,218.47,224.94,177769.05248406,SOL-USD,6h
2024-12-11 12:00:00,224.17,230.76,224.94,228.21,469678.3296578,SOL-USD,6h
2024-12-11 18:00:00,226.83,230.84,228.2,227.42,279005.45727752,SOL-USD,6h
2024-12-12 00:00:00,225.78,233.0,227.42,231.36,208372.91169286,SOL-USD,6h
2024-12-12 06:00:00,228.39,233.57,231.37,229.62,111231.8649056,SOL-USD,6h
2024-12-12 12:00:00,228.78,234.42,229.63,234.17,360233.31638492,SOL-USD,6h
2024-12-12 18:00:00,225.61,234.79,234.17,227.0,256760.10591204,SOL-USD,6h
2024-12-13 00:00:00,224.33,228.47,226.99,225.69,155699.50820736,SOL-USD,6h
2024-12-13 06:00:00,223.21,227.25,225.69,225.6,77343.85873778,SOL-USD,6h
2024-12-13 12:00:00,220.6,226.7,225.6,223.36,587490.84065595,SOL-USD,6h
2024-12-13 18:00:00,221.48,224.95,223.35,224.82,251870.97218541,SOL-USD,6h
2024-12-14 00:00:00,223.69,227.16,224.8,226.21,138336.09157038,SOL-USD,6h
2024-12-14 06:00:00,224.15,227.48,226.21,224.36,59196.85978269,SOL-USD,6h
2024-12-14 12:00:00,218.11,224.64,224.35,218.33,169844.09656715,SOL-USD,6h
2024-12-14 18:00:00,215.15,220.86,218.35,219.88,192083.77734134,SOL-USD,6h
2024-12-15 00:00:00,218.82,221.8,219.9,220.09,96315.88032379,SOL-USD,6h
2024-12-15 06:00:00,215.67,220.26,220.09,218.3,187420.59238031,SOL-USD,6h
2024-12-15 12:00:00,217.29,222.34,218.31,221.27,171963.44679872,SOL-USD,6h
2024-12-15 18:00:00,216.18,225.44,221.27,224.25,187044.66081725,SOL-USD,6h
2024-12-16 00:00:00,220.26,227.0,224.2,222.26,175985.27963794,SOL-USD,6h
2024-12-16 06:00:00,213.53,223.81,222.25,214.01,222195.14388729,SOL-USD,6h
2024-12-16 12:00:00,213.11,221.01,214.04,219.45,342618.16215494,SOL-USD,6h
2024-12-16 18:00:00,215.92,221.9,219.45,216.27,276760.31248431,SOL-USD,6h
2024-12-17 00:00:00,211.5,216.76,216.27,214.97,200215.44010659,SOL-USD,6h
2024-12-17 06:00:00,213.81,223.77,214.99,221.62,184992.46848825,SOL-USD,6h
2024-12-17 12:00:00,217.0,228.46,221.59,227.46,511454.18498157,SOL-USD,6h
2024-12-17 18:00:00,221.65,229.03,227.46,223.2,351644.46696132,SOL-USD,6h
2024-12-18 00:00:00,215.34,226.0,223.2,215.77,190992.70283285,SOL-USD,6h
2024-12-18 06:00:00,213.58,218.89,215.74,217.82,100664.17086378,SOL-USD,6h
2024-12-18 12:00:00,214.02,218.74,217.8,216.63,204555.52428196,SOL-USD,6h
2024-12-18 18:00:00,204.77,218.27,216.63,206.39,616505.83695799,SOL-USD,6h
2024-12-19 00:00:00,199.21,209.93,206.41,209.81,386212.46470772,SOL-USD,6h
2024-12-19 06:00:00,207.87,212.03,209.81,210.31,101745.48068986,SOL-USD,6h
2024-12-19 12:00:00,194.48,210.93,210.37,196.82,430628.77229297,SOL-USD,6h
2024-12-19 18:00:00,186.77,198.43,196.87,193.66,828687.99508723,SOL-USD,6h
2024-12-20 00:00:00,191.5,199.53,193.66,192.52,323589.58898069,SOL-USD,6h
2024-12-20 06:00:00,175.01,194.24,192.53,175.74,800668.97909059,SOL-USD,6h
2024-12-20 12:00:00,175.54,192.83,175.75,192.06,636354.24478337,SOL-USD,6h
2024-12-20 18:00:00,187.69,194.5,192.06,194.43,360612.72372814,SOL-USD,6h
2024-12-21 00:00:00,192.97,199.19,194.44,199.16,196287.76124668,SOL-USD,6h
2024-12-21 06:00:00,192.15,202.14,199.12,192.86,176183.2329221,SOL-USD,6h
2024-12-21 12:00:00,181.6,193.01,192.88,183.93,341746.62041802,SOL-USD,6h
2024-12-21 18:00:00,178.36,185.22,183.97,181.34,417340.90717797,SOL-USD,6h
2024-12-22 00:00:00,177.77,183.86,181.36,180.5,198347.47643062,SOL-USD,6h
2024-12-22 06:00:00,179.93,186.88,180.51,186.59,128362.94412604,SOL-USD,6h
2024-12-22 12:00:00,178.87,187.73,186.6,181.5,180936.08224074,SOL-USD,6h
2024-12-22 18:00:00,176.71,183.9,181.5,180.35,203274.83652581,SOL-USD,6h
2024-12-23 00:00:00,176.33,187.51,180.33,183.8,304954.89462028,SOL-USD,6h
2024-12-23 06:00:00,179.73,186.43,183.82,183.36,139213.79136718,SOL-USD,6h
2024-12-23 12:00:00,180.5,185.9,183.36,184.39,226803.34851061,SOL-USD,6h
2024-12-23 18:00:00,184.05,193.22,184.39,189.88,343047.78560371,SOL-USD,6h
2024-12-24 00:00:00,185.86,191.61,189.88,191.55,140969.61480409,SOL-USD,6h
2024-12-24 06:00:00,189.23,193.69,191.55,192.65,87773.36002342,SOL-USD,6h
2024-12-24 12:00:00,190.99,198.93,192.67,196.62,251490.01126569,SOL-USD,6h
2024-12-24 18:00:00,193.09,198.5,196.62,196.95,152810.05283892,SOL-USD,6h
2024-12-25 00:00:00,196.17,201.74,196.95,199.2,167972.3929695,SOL-USD,6h
2024-12-25 06:00:00,195.0,200.41,199.17,195.59,98414.18953515,SOL-USD,6h
2024-12-25 12:00:00,194.9,199.29,195.64,198.63,91841.40406544,SOL-USD,6h
2024-12-25 18:00:00,195.27,199.93,198.62,197.31,101510.70926935,SOL-USD,6h
2024-12-26 00:00:00,194.13,199.59,197.33,194.5,175629.73359488,SOL-USD,6h
2024-12-26 06:00:00,188.01,194.95,194.51,189.57,146849.22716334,SOL-USD,6h
2024-12-26 12:00:00,187.24,190.91,189.58,188.12,133897.3585238,SOL-USD,6h
2024-12-26 18:00:00,186.42,189.84,188.13,188.24,146529.92156019,SOL-USD,6h
2024-12-27 00:00:00,187.05,190.6,188.21,188.99,98640.42404509,SOL-USD,6h
2024-12-27 06:00:00,185.53,194.12,188.99,191.11,143603.5177582,SOL-USD,6h
2024-12-27 12:00:00,182.51,191.22,191.09,185.86,179071.23228548,SOL-USD,6h
2024-12-27 18:00:00,182.91,187.07,185.85,183.95,177304.46138409,SOL-USD,6h
2024-12-28 00:00:00,183.55,185.96,183.94,185.51,107393.43770596,SOL-USD,6h
2024-12-28 06:00:00,184.57,187.05,185.51,186.85,67849.23504111,SOL-USD,6h
2024-12-28 12:00:00,186.19,194.98,186.84,194.53,187240.94812104,SOL-USD,6h
2024-12-28 18:00:00,192.29,195.71,194.47,195.15,181605.28977094,SOL-USD,6h
2024-12-29 00:00:00,192.08,195.38,195.16,195.01,158420.59839681,SOL-USD,6h
2024-12-29 06:00:00,194.26,196.99,195.02,195.81,76924.79310971,SOL-USD,6h
2024-12-29 12:00:00,191.78,197.37,195.8,193.0,145950.5507485,SOL-USD,6h
2024-12-29 18:00:00,188.19,193.3,192.98,189.6,132611.01316401,SOL-USD,6h
2024-12-30 00:00:00,188.7,194.02,189.6,190.81,148666.13699573,SOL-USD,6h
2024-12-30 06:00:00,190.42,193.76,190.8,193.15,87690.82802137,SOL-USD,6h
2024-12-30 12:00:00,185.54,194.52,193.15,191.25,246484.12156121,SOL-USD,6h
2024-12-30 18:00:00,188.82,196.22,191.24,191.01,309818.78834788,SOL-USD,6h
2024-12-31 00:00:00,187.72,191.69,191.0,188.23,135148.86978201,SOL-USD,6h
2024-12-31 06:00:00,187.89,194.63,188.25,193.5,120200.218721,SOL-USD,6h
2024-12-31 12:00:00,192.71,198.89,193.49,195.78,422581.91894102,SOL-USD,6h
2024-12-31 18:00:00,188.03,196.39,195.81,188.82,248036.72464877,SOL-USD,6h
2025-01-01 00:00:00,188.58,192.3,188.82,189.69,213663.84977611,SOL-USD,6h
2025-01-01 06:00:00,187.6,191.46,189.68,190.99,138365.56302136,SOL-USD,6h
2025-01-01 12:00:00,188.76,191.83,190.97,190.15,147193.79960569,SOL-USD,6h
2025-01-01 18:00:00,189.44,194.99,190.15,193.84,211368.93608072,SOL-USD,6h
2025-01-02 00:00:00,193.04,205.16,193.84,204.24,331390.18407047,SOL-USD,6h
2025-01-02 06:00:00,203.61,208.64,204.24,208.32,190653.50001908,SOL-USD,6h
2025-01-02 12:00:00,204.54,210.23,208.3,205.86,290449.30812763,SOL-USD,6h
2025-01-02 18:00:00,204.75,208.39,205.85,208.09,151836.20979077,SOL-USD,6h
2025-01-03 00:00:00,205.43,209.38,208.1,208.69,124758.40556573,SOL-USD,6h
2025-01-03 06:00:00,206.95,214.94,208.69,214.33,150158.62254924,SOL-USD,6h
2025-01-03 12:00:00,211.92,219.69,214.35,217.24,328741.45862166,SOL-USD,6h
2025-01-03 18:00:00,215.67,218.53,217.24,217.93,163037.87893513,SOL-USD,6h
2025-01-04 00:00:00,215.51,218.0,217.89,217.16,121095.09012106,SOL-USD,6h
2025-01-04 06:00:00,214.34,217.92,217.17,216.37,62322.36893414,SOL-USD,6h
2025-01-04 12:00:00,213.52,217.59,216.37,215.71,109484.47025943,SOL-USD,6h
2025-01-04 18:00:00,215.11,217.26,215.73,216.64,98991.10679915,SOL-USD,6h
2025-01-05 00:00:00,215.23,219.0,216.64,216.39,118273.7789908,SOL-USD,6h
2025-01-05 06:00:00,212.73,217.01,216.38,213.87,78479.42262225,SOL-USD,6h
2025-01-05 12:00:00,211.55,214.56,213.87,212.61,118651.85265168,SOL-USD,6h
2025-01-05 18:00:00,211.47,214.53,212.6,213.35,101007.72132841,SOL-USD,6h
2025-01-06 00:00:00,211.5,216.92,213.35,215.51,148907.40671993,SOL-USD,6h
2025-01-06 06:00:00,213.18,216.19,215.52,216.17,74193.57952467,SOL-USD,6h
2025-01-06 12:00:00,215.68,223.18,216.19,218.79,297409.23146671,SOL-USD,6h
2025-01-06 18:00:00,217.68,220.6,218.79,218.34,153640.14637026,SOL-USD,6h
2025-01-07 00:00:00,215.67,219.23,218.33,216.5,117027.32305405,SOL-USD,6h
2025-01-07 06:00:00,212.91,216.8,216.49,214.05,104937.93712671,SOL-USD,6h
2025-01-07 12:00:00,205.31,214.35,214.05,206.39,308590.77738237,SOL-USD,6h
2025-01-07 18:00:00,201.75,207.09,206.36,202.13,264549.89130484,SOL-USD,6h
2025-01-08 00:00:00,195.72,203.23,202.13,196.05,320254.88737615,SOL-USD,6h
2025-01-08 06:00:00,193.12,197.94,196.07,195.46,154982.34127726,SOL-USD,6h
2025-01-08 12:00:00,188.25,199.53,195.47,193.16,402439.85432575,SOL-USD,6h
2025-01-08 18:00:00,192.67,198.26,193.17,197.42,263316.77605646,SOL-USD,6h
2025-01-09 00:00:00,193.57,199.0,197.43,194.18,109990.02729251,SOL-USD,6h
2025-01-09 06:00:00,189.02,194.85,194.19,191.06,132887.62002932,SOL-USD,6h
2025-01-09 12:00:00,185.0,193.04,191.06,187.29,347998.3493856,SOL-USD,6h
2025-01-09 18:00:00,182.01,189.42,187.28,184.96,346777.10912171,SOL-USD,6h
2025-01-10 00:00:00,184.94,191.44,184.96,189.88,149105.77270352,SOL-USD,6h
2025-01-10 06:00:00,189.35,193.01,189.87,191.97,99187.93538334,SOL-USD,6h
2025-01-10 12:00:00,183.49,192.19,191.97,191.58,354446.80549962,SOL-USD,6h
2025-01-10 18:00:00,186.53,191.94,191.58,187.63,273005.14711428,SOL-USD,6h
2025-01-11 00:00:00,185.05,188.75,187.62,186.12,222070.84454334,SOL-USD,6h
2025-01-11 06:00:00,184.0,187.1,186.13,186.55,189071.44017688,SOL-USD,6h
2025-01-11 12:00:00,185.57,188.14,186.55,186.54,104168.24511995,SOL-USD,6h
2025-01-11 18:00:00,186.32,191.79,186.5,188.03,190117.79899251,SOL-USD,6h
2025-01-12 00:00:00,186.33,188.5,188.03,186.6,106588.90058614,SOL-USD,6h
2025-01-12 06:00:00,185.07,186.86,186.6,186.58,64003.79501892,SOL-USD,6h
2025-01-12 12:00:00,186.05,190.91,186.58,189.81,111003.5358552,SOL-USD,6h
2025-01-12 18:00:00,186.48,190.35,189.8,188.4,87973.76663162,SOL-USD,6h
2025-01-13 00:00:00,183.19,191.85,188.4,183.81,240390.65468519,SOL-USD,6h
2025-01-13 06:00:00,175.0,184.38,183.8,175.2,207534.59352537,SOL-USD,6h
2025-01-13 12:00:00,169.22,180.31,175.2,176.31,513588.12978549,SOL-USD,6h
2025-01-13 18:00:00,174.34,183.71,176.3,182.75,283291.72886867,SOL-USD,6h
2025-01-14 00:00:00,181.77,186.6,182.76,185.12,147260.18371557,SOL-USD,6h
2025-01-14 06:00:00,185.13,190.0,185.14,186.97,145981.39404586,SOL-USD,6h
2025-01-14 12:00:00,185.51,190.05,186.96,186.5,231134.22289118,SOL-USD,6h
2025-01-14 18:00:00,185.67,188.76,186.53,187.49,196986.10107846,SOL-USD,6h
2025-01-15 00:00:00,186.85,189.95,187.49,189.53,162063.7318289,SOL-USD,6h
2025-01-15 06:00:00,185.76,190.74,189.53,186.93,84465.58565096,SOL-USD,6h
2025-01-15 12:00:00,185.91,199.3,186.9,197.74,656607.1386973,SOL-USD,6h
2025-01-15 18:00:00,197.75,206.06,197.75,205.9,483884.150506,SOL-USD,6h
2025-01-16 00:00:00,201.21,206.31,205.9,202.96,188786.79810565,SOL-USD,6h
2025-01-16 06:00:00,198.43,212.75,202.95,212.75,180690.84654511,SOL-USD,6h
2025-01-16 12:00:00,205.2,217.07,212.68,214.43,627491.55042714,SOL-USD,6h
2025-01-16 18:00:00,208.5,215.15,214.45,211.08,372537.27926349,SOL-USD,6h
2025-01-17 00:00:00,209.82,215.25,211.13,212.48,306054.78630499,SOL-USD,6h
2025-01-17 06:00:00,212.06,219.62,212.49,218.69,238115.88297141,SOL-USD,6h
2025-01-17 12:00:00,216.21,222.0,218.68,216.57,559538.15412715,SOL-USD,6h
2025-01-17 18:00:00,215.72,221.27,216.58,219.56,291837.25475552,SOL-USD,6h
2025-01-18 00:00:00,217.33,231.73,219.55,226.11,1212148.34013389,SOL-USD,6h
2025-01-18 06:00:00,226.07,244.86,226.15,238.81,1288895.79088385,SOL-USD,6h
2025-01-18 12:00:00,238.79,270.0,238.82,251.91,2015965.11840235,SOL-USD,6h
2025-01-18 18:00:00,246.9,264.77,251.89,261.99,999295.90415031,SOL-USD,6h
2025-01-19 00:00:00,251.94,275.0,261.9,266.31,1158097.63084813,SOL-USD,6h
2025-01-19 06:00:00,265.91,295.0,266.53,285.84,1527052.42025078,SOL-USD,6h
2025-01-19 12:00:00,263.24,289.22,285.74,271.92,1250486.9604918,SOL-USD,6h
2025-01-19 18:00:00,237.12,280.43,271.86,252.34,2114417.04586392,SOL-USD,6h
2025-01-20 00:00:00,229.19,252.5,252.33,244.64,1471262.27195164,SOL-USD,6h
2025-01-20 06:00:00,242.33,273.29,244.65,259.83,1004686.56188497,SOL-USD,6h
2025-01-20 12:00:00,234.26,261.13,259.83,243.49,1100797.35372356,SOL-USD,6h
2025-01-20 18:00:00,241.0,250.46,243.55,241.65,767531.01561203,SOL-USD,6h
2025-01-21 00:00:00,231.15,244.51,241.7,232.06,614370.13898453,SOL-USD,6h
2025-01-21 06:00:00,230.0,241.79,232.06,239.09,314470.24510375,SOL-USD,6h
2025-01-21 12:00:00,235.49,249.7,239.1,249.09,515510.80442939,SOL-USD,6h
2025-01-21 18:00:00,246.47,260.24,249.09,250.32,810699.19542286,SOL-USD,6h
2025-01-22 00:00:00,248.36,258.19,250.33,255.99,641129.9587435,SOL-USD,6h
2025-01-22 06:00:00,252.21,259.71,256.01,257.71,255749.72924561,SOL-USD,6h
2025-01-22 12:00:00,254.15,264.89,257.73,259.29,549398.26967436,SOL-USD,6h
2025-01-22 18:00:00,253.25,271.96,259.28,257.23,922472.61683057,SOL-USD,6h
2025-01-23 00:00:00,244.91,258.35,257.26,249.18,446158.41010123,SOL-USD,6h
2025-01-23 06:00:00,242.28,250.54,249.18,244.1,238352.94680182,SOL-USD,6h
2025-01-23 12:00:00,241.98,256.39,244.11,252.36,656181.28205801,SOL-USD,6h
2025-01-23 18:00:00,243.7,258.42,252.36,253.12,813625.08707976,SOL-USD,6h
2025-01-24 00:00:00,247.23,261.35,253.17,261.23,449255.86490023,SOL-USD,6h
2025-01-24 06:00:00,259.62,267.28,261.21,266.84,377498.783703,SOL-USD,6h
2025-01-24 12:00:00,260.84,270.0,266.85,264.64,511327.34641064,SOL-USD,6h
2025-01-24 18:00:00,252.74,265.58,264.64,253.37,421463.87397485,SOL-USD,6h
2025-01-25 00:00:00,248.01,253.68,253.35,248.72,337167.48268233,SOL-USD,6h
2025-01-25 06:00:00,246.25,250.68,248.72,249.96,197910.79311246,SOL-USD,6h
2025-01-25 12:00:00,248.22,258.18,249.96,257.89,307927.59943229,SOL-USD,6h
2025-01-25 18:00:00,255.53,260.76,257.89,256.36,308002.08850939,SOL-USD,6h
2025-01-26 00:00:00,253.51,259.96,256.31,257.68,245889.66622358,SOL-USD,6h
2025-01-26 06:00:00,252.81,259.91,257.68,255.54,132643.47308675,SOL-USD,6h
2025-01-26 12:00:00,253.03,257.5,255.52,256.19,230084.10559588,SOL-USD,6h
2025-01-26 18:00:00,240.1,257.5,256.18,240.39,435276.08537205,SOL-USD,6h
2025-01-27 00:00:00,229.25,242.54,240.36,231.93,908936.89154761,SOL-USD,6h
2025-01-27 06:00:00,220.82,232.71,231.88,225.71,487251.0210468,SOL-USD,6h
2025-01-27 12:00:00,223.57,237.75,225.74,227.05,710229.72385609,SOL-USD,6h
2025-01-27 18:00:00,223.84,237.83,227.05,234.87,509156.58171104,SOL-USD,6h
2025-01-28 00:00:00,232.8,243.95,234.89,242.49,389969.25529889,SOL-USD,6h
2025-01-28 06:00:00,235.45,242.67,242.49,238.25,202369.05396977,SOL-USD,6h
2025-01-28 12:00:00,232.1,240.1,238.25,234.31,402336.4247261,SOL-USD,6h
2025-01-28 18:00:00,224.93,236.0,234.31,226.89,567229.99453546,SOL-USD,6h
2025-01-29 00:00:00,226.65,231.92,226.91,230.8,204979.64845298,SOL-USD,6h
2025-01-29 06:00:00,230.08,235.78,230.8,231.86,170681.57010608,SOL-USD,6h
2025-01-29 12:00:00,226.01,231.93,231.86,228.88,368040.30014408,SOL-USD,6h
2025-01-29 18:00:00,222.57,238.44,228.94,228.16,715890.76032099,SOL-USD,6h
2025-01-30 00:00:00,226.79,242.0,228.15,240.37,483383.7391001,SOL-USD,6h
2025-01-30 06:00:00,237.21,241.86,240.37,241.75,162427.25862953,SOL-USD,6h
2025-01-30 12:00:00,239.07,244.7,241.75,241.09,417323.43457283,SOL-USD,6h
2025-01-30 18:00:00,238.27,242.25,241.09,238.32,266389.35736888,SOL-USD,6h
2025-01-31 00:00:00,235.0,239.18,238.3,237.5,187064.19044008,SOL-USD,6h
2025-01-31 06:00:00,234.23,239.03,237.53,238.74,130378.03661109,SOL-USD,6h
2025-01-31 12:00:00,235.31,241.82,238.78,235.33,391464.61926736,SOL-USD,6h
2025-01-31 18:00:00,228.08,235.64,235.31,231.71,354672.87713992,SOL-USD,6h
2025-02-01 00:00:00,230.58,234.12,231.69,232.21,151842.9538316,SOL-USD,6h
2025-02-01 06:00:00,226.27,232.21,232.2,228.02,90777.10103115,SOL-USD,6h
2025-02-01 12:00:00,224.72,229.42,228.02,227.21,178222.58666074,SOL-USD,6h
2025-02-01 18:00:00,212.67,227.59,227.21,212.94,473024.53665284,SOL-USD,6h
2025-02-02 00:00:00,206.31,218.82,212.94,212.23,538239.31222201,SOL-USD,6h
2025-02-02 06:00:00,207.65,215.69,212.22,208.61,323778.30838945,SOL-USD,6h
2025-02-02 12:00:00,202.16,214.18,208.58,202.98,481281.12539213,SOL-USD,6h
2025-02-02 18:00:00,192.7,206.72,203.05,203.45,1019315.55525406,SOL-USD,6h
2025-02-03 00:00:00,176.0,203.84,203.49,197.04,1299092.00796483,SOL-USD,6h
2025-02-03 06:00:00,193.5,202.31,196.94,198.78,346247.1271987,SOL-USD,6h
2025-02-03 12:00:00,190.01,210.35,198.78,207.12,1105795.38871732,SOL-USD,6h
2025-02-03 18:00:00,205.51,218.97,207.07,216.48,651914.568361,SOL-USD,6h
2025-02-04 00:00:00,202.08,220.14,216.48,204.13,519414.41207267,SOL-USD,6h
2025-02-04 06:00:00,202.64,210.94,204.19,207.82,292691.3154268,SOL-USD,6h
2025-02-04 12:00:00,207.85,218.04,207.85,213.97,426036.97928646,SOL-USD,6h
2025-02-04 18:00:00,202.53,218.59,213.95,206.7,624862.24357449,SOL-USD,6h
2025-02-05 00:00:00,203.56,209.47,206.73,206.55,222879.94375803,SOL-USD,6h
2025-02-05 06:00:00,203.01,208.38,206.52,206.38,121433.79225567,SOL-USD,6h
2025-02-05 12:00:00,196.61,207.69,206.4,197.47,414355.48422766,SOL-USD,6h
2025-02-05 18:00:00,195.15,200.67,197.48,196.13,256147.06545639,SOL-USD,6h
2025-02-06 00:00:00,195.95,202.6,196.13,201.74,217085.92082409,SOL-USD,6h
2025-02-06 06:00:00,198.72,204.0,201.73,200.35,122118.58358276,SOL-USD,6h
2025-02-06 12:00:00,188.75,200.7,200.37,190.08,478337.65244606,SOL-USD,6h
2025-02-06 18:00:00,187.5,194.72,190.08,189.57,462946.34791015,SOL-USD,6h
2025-02-07 00:00:00,189.2,195.88,189.59,192.84,237396.08137507,SOL-USD,6h
2025-02-07 06:00:00,189.19,198.7,192.84,198.54,173934.89893044,SOL-USD,6h
2025-02-07 12:00:00,194.75,203.62,198.54,196.53,472145.07250158,SOL-USD,6h
2025-02-07 18:00:00,188.15,199.28,196.53,192.06,361366.68873658,SOL-USD,6h
2025-02-08 00:00:00,190.12,194.29,192.04,190.62,200209.5821919,SOL-USD,6h
2025-02-08 06:00:00,189.76,194.93,190.62,194.38,104168.35503557,SOL-USD,6h
2025-02-08 12:00:00,192.72,196.9,194.38,196.85,189818.78963644,SOL-USD,6h
2025-02-08 18:00:00,195.87,200.97,196.84,199.41,247912.92465854,SOL-USD,6h
2025-02-09 00:00:00,198.56,207.43,199.41,206.38,350872.03137849,SOL-USD,6h
2025-02-09 06:00:00,201.32,206.57,206.38,201.54,357954.64382021,SOL-USD,6h
2025-02-09 12:00:00,196.55,202.92,201.54,200.07,381009.1221993,SOL-USD,6h
2025-02-09 18:00:00,193.55,200.99,200.07,200.51,260843.85002841,SOL-USD,6h
2025-02-10 00:00:00,195.95,205.1,200.51,202.43,269051.77691436,SOL-USD,6h
2025-02-10 06:00:00,201.57,206.0,202.48,204.5,134610.12639691,SOL-USD,6h
2025-02-10 12:00:00,201.57,209.2,204.49,203.62,287427.73519494,SOL-USD,6h
2025-02-10 18:00:00,199.24,203.77,203.61,200.53,172212.54298169,SOL-USD,6h
2025-02-11 00:00:00,199.99,205.6,200.51,205.1,207336.3761172,SOL-USD,6h
2025-02-11 06:00:00,201.3,206.22,205.14,203.43,142441.20645459,SOL-USD,6h
2025-02-11 12:00:00,196.68,203.43,203.43,198.61,194931.39910232,SOL-USD,6h
2025-02-11 18:00:00,195.06,199.44,198.61,197.93,290707.88075326,SOL-USD,6h
2025-02-12 00:00:00,193.25,198.5,197.94,195.68,253357.80585493,SOL-USD,6h
2025-02-12 06:00:00,193.04,197.99,195.71,197.33,115726.54163943,SOL-USD,6h
2025-02-12 12:00:00,188.42,198.58,197.36,195.15,497449.5799567,SOL-USD,6h
2025-02-12 18:00:00,191.25,198.47,195.16,196.8,303533.45595706,SOL-USD,6h
2025-02-13 00:00:00,194.57,198.49,196.82,195.16,211964.6583183,SOL-USD,6h
2025-02-13 06:00:00,191.18,195.58,195.17,191.95,179852.00048587,SOL-USD,6h
2025-02-13 12:00:00,188.93,193.15,191.95,191.68,246065.04649808,SOL-USD,6h
2025-02-13 18:00:00,191.17,195.5,191.68,194.29,288300.4225805,SOL-USD,6h
2025-02-14 00:00:00,194.17,197.45,194.29,195.5,245211.29317427,SOL-USD,6h
2025-02-14 06:00:00,195.33,201.43,195.51,199.6,237593.29615453,SOL-USD,6h
2025-02-14 12:00:00,196.45,205.32,199.6,204.65,418210.86651696,SOL-USD,6h
2025-02-14 18:00:00,198.12,205.37,204.67,199.43,286802.10702667,SOL-USD,6h
2025-02-15 00:00:00,196.8,200.32,199.42,197.34,158786.03508416,SOL-USD,6h
2025-02-15 06:00:00,194.0,197.37,197.34,194.9,109971.73902569,SOL-USD,6h
2025-02-15 12:00:00,193.35,196.09,194.9,193.69,154694.67604627,SOL-USD,6h
2025-02-15 18:00:00,192.64,195.27,193.68,194.53,147738.16501476,SOL-USD,6h
2025-02-16 00:00:00,193.06,195.7,194.53,195.16,197147.79471442,SOL-USD,6h
2025-02-16 06:00:00,192.25,196.25,195.17,193.75,93122.57149174,SOL-USD,6h
2025-02-16 12:00:00,189.28,193.84,193.77,190.05,175193.42916057,SOL-USD,6h
2025-02-16 18:00:00,186.01,190.13,190.05,188.29,253373.87290256,SOL-USD,6h
2025-02-17 00:00:00,180.81,189.73,188.29,184.15,327307.24330535,SOL-USD,6h
2025-02-17 06:00:00,180.8,185.46,184.19,184.25,201420.87580286,SOL-USD,6h
2025-02-17 12:00:00,177.36,186.93,184.25,177.43,544479.17291429,SOL-USD,6h
2025-02-17 18:00:00,174.71,181.32,177.42,177.52,377536.28104883,SOL-USD,6h
2025-02-18 00:00:00,171.54,179.07,177.52,172.21,390525.29029306,SOL-USD,6h
2025-02-18 06:00:00,163.14,172.32,172.23,168.65,601655.76618272,SOL-USD,6h
2025-02-18 12:00:00,160.78,171.46,168.64,163.44,698462.19407659,SOL-USD,6h
2025-02-18 18:00:00,162.75,170.52,163.44,169.2,535617.38709561,SOL-USD,6h
2025-02-19 00:00:00,163.67,170.78,169.23,167.02,287789.67723896,SOL-USD,6h
2025-02-19 06:00:00,166.41,174.26,167.02,173.87,224276.15408606,SOL-USD,6h
2025-02-19 12:00:00,168.15,174.1,173.87,170.83,296956.05527303,SOL-USD,6h
2025-02-19 18:00:00,166.36,171.46,170.82,168.89,387162.99226584,SOL-USD,6h
2025-02-20 00:00:00,167.64,174.97,168.93,172.37,214153.51393834,SOL-USD,6h
2025-02-20 06:00:00,170.85,175.12,172.39,173.99,197264.07949757,SOL-USD,6h
2025-02-20 12:00:00,171.24,176.7,173.99,173.4,311825.75506086,SOL-USD,6h
2025-02-20 18:00:00,173.24,176.58,173.39,176.05,193764.32643894,SOL-USD,6h
2025-02-21 00:00:00,173.01,176.52,176.05,175.16,128452.39215424,SOL-USD,6h
2025-02-21 06:00:00,174.84,180.25,175.14,177.22,152497.68060118,SOL-USD,6h
2025-02-21 12:00:00,170.0,180.61,177.21,171.72,578511.72277028,SOL-USD,6h
2025-02-21 18:00:00,166.99,172.39,171.69,168.82,311904.45072718,SOL-USD,6h
2025-02-22 00:00:00,167.98,172.79,168.82,172.04,161203.90317521,SOL-USD,6h
2025-02-22 06:00:00,170.75,174.08,172.04,173.55,104565.65065428,SOL-USD,6h
2025-02-22 12:00:00,172.32,174.67,173.54,173.25,125618.65329443,SOL-USD,6h
2025-02-22 18:00:00,171.89,174.1,173.25,172.08,93487.61930698,SOL-USD,6h
2025-02-23 00:00:00,170.0,172.3,172.09,170.75,112589.55502185,SOL-USD,6h
2025-02-23 06:00:00,169.53,173.1,170.75,169.65,54873.15653815,SOL-USD,6h
2025-02-23 12:00:00,166.61,169.95,169.66,168.2,137085.66182331,SOL-USD,6h
2025-02-23 18:00:00,166.4,168.83,168.21,167.95,112721.63605144,SOL-USD,6h
2025-02-24 00:00:00,157.2,169.65,167.95,159.88,465014.57548285,SOL-USD,6h
2025-02-24 06:00:00,155.34,161.76,159.88,159.33,249406.95561641,SOL-USD,6h
2025-02-24 12:00:00,150.61,160.42,159.3,154.15,750325.96449736,SOL-USD,6h
2025-02-24 18:00:00,137.77,154.59,154.15,141.79,943412.58667887,SOL-USD,6h
2025-02-25 00:00:00,136.05,144.47,141.79,140.89,813346.94519151,SOL-USD,6h
2025-02-25 06:00:00,131.89,141.78,140.91,141.22,609132.92526467,SOL-USD,6h
2025-02-25 12:00:00,134.4,144.77,141.23,142.52,849229.53528834,SOL-USD,6h
2025-02-25 18:00:00,140.08,146.95,142.5,144.16,467096.7347993,SOL-USD,6h
2025-02-26 00:00:00,141.06,144.99,144.17,141.07,318343.57345927,SOL-USD,6h
2025-02-26 06:00:00,137.9,142.4,141.06,138.01,322415.54346241,SOL-USD,6h
2025-02-26 12:00:00,133.05,140.29,138.04,133.84,690266.283975,SOL-USD,6h
2025-02-26 18:00:00,130.43,137.66,133.82,135.12,931705.5395218,SOL-USD,6h
2025-02-27 00:00:00,134.77,139.7,135.14,139.5,310055.7480907,SOL-USD,6h
2025-02-27 06:00:00,139.13,142.73,139.51,140.36,278636.24053008,SOL-USD,6h
2025-02-27 12:00:00,136.16,141.14,140.35,138.64,445268.27742108,SOL-USD,6h
2025-02-27 18:00:00,134.52,139.61,138.62,137.54,496698.37014854,SOL-USD,6h
2025-02-28 00:00:00,125.36,137.83,137.55,127.96,818781.70981709,SOL-USD,6h
2025-02-28 06:00:00,125.75,134.61,127.97,133.42,322385.96641089,SOL-USD,6h
2025-02-28 12:00:00,132.85,147.95,133.42,144.19,821536.80704955,SOL-USD,6h
2025-02-28 18:00:00,144.19,148.61,144.2,148.09,427821.82055703,SOL-USD,6h
2025-03-01 00:00:00,144.52,151.1,148.09,144.59,313656.29029806,SOL-USD,6h
2025-03-01 06:00:00,139.49,144.77,144.59,140.3,229640.07561493,SOL-USD,6h
2025-03-01 12:00:00,138.49,141.63,140.29,139.92,300129.65732574,SOL-USD,6h
2025-03-01 18:00:00,139.57,143.79,139.9,143.59,239181.58558271,SOL-USD,6h
2025-03-02 00:00:00,142.5,145.9,143.63,142.91,242016.98635088,SOL-USD,6h
2025-03-02 06:00:00,142.17,145.08,142.91,143.44,139415.94366229,SOL-USD,6h
2025-03-02 12:00:00,139.98,180.0,143.44,171.47,2469205.21827308,SOL-USD,6h
2025-03-02 18:00:00,165.19,179.27,171.5,178.72,1061478.10654508,SOL-USD,6h
2025-03-03 00:00:00,168.05,179.45,178.72,169.72,685938.00802226,SOL-USD,6h
2025-03-03 06:00:00,156.74,169.72,169.72,161.03,454536.85516366,SOL-USD,6h
2025-03-03 12:00:00,154.04,167.09,161.02,156.11,921306.09064769,SOL-USD,6h
2025-03-03 18:00:00,139.01,156.58,156.11,142.05,1367863.87669335,SOL-USD,6h
2025-03-04 00:00:00,132.34,144.97,142.05,137.96,656256.86081034,SOL-USD,6h
2025-03-04 06:00:00,134.56,138.78,137.95,136.91,221157.35208308,SOL-USD,6h
2025-03-04 12:00:00,130.66,143.19,136.91,140.81,1023339.09460052,SOL-USD,6h
2025-03-04 18:00:00,139.91,146.92,140.81,144.78,835875.71730495,SOL-USD,6h
2025-03-05 00:00:00,140.77,145.47,144.75,142.14,427530.30117153,SOL-USD,6h
2025-03-05 06:00:00,140.89,149.72,142.15,147.13,243550.52372081,SOL-USD,6h
2025-03-05 12:00:00,140.18,149.25,147.14,142.61,672354.52640908,SOL-USD,6h
2025-03-05 18:00:00,141.79,146.81,142.62,146.31,320076.91592756,SOL-USD,6h
2025-03-06 00:00:00,144.54,150.64,146.29,150.01,389758.66040397,SOL-USD,6h
2025-03-06 06:00:00,148.33,152.9,150.01,151.71,221992.43087534,SOL-USD,6h
2025-03-06 12:00:00,142.68,151.87,151.71,143.82,494162.55405634,SOL-USD,6h
2025-03-06 18:00:00,142.42,145.88,143.82,143.29,315347.18140291,SOL-USD,6h
2025-03-07 00:00:00,135.02,145.55,143.3,143.18,501950.03820657,SOL-USD,6h
2025-03-07 06:00:00,142.21,146.2,143.17,143.58,164229.20430501,SOL-USD,6h
2025-03-07 12:00:00,141.22,148.11,143.57,143.34,480511.67451144,SOL-USD,6h
2025-03-07 18:00:00,137.4,150.82,143.35,139.33,768737.86137208,SOL-USD,6h
2025-03-08 00:00:00,137.72,141.0,139.31,139.24,148188.64479712,SOL-USD,6h
2025-03-08 06:00:00,136.63,139.97,139.24,137.52,70065.14218862,SOL-USD,6h
2025-03-08 12:00:00,135.22,138.69,137.53,136.97,173833.96711137,SOL-USD,6h
2025-03-08 18:00:00,136.32,138.83,136.97,136.95,119987.11588877,SOL-USD,6h
2025-03-09 00:00:00,136.49,139.49,136.97,138.77,100713.9034951,SOL-USD,6h
2025-03-09 06:00:00,135.62,139.82,138.76,136.29,137549.35405707,SOL-USD,6h
2025-03-09 12:00:00,126.29,136.4,136.29,126.47,470300.33421231,SOL-USD,6h
2025-03-09 18:00:00,124.7,130.56,126.5,126.45,575722.33926558,SOL-USD,6h
2025-03-10 00:00:00,124.12,129.18,126.48,127.66,305973.27475871,SOL-USD,6h
2025-03-10 06:00:00,125.93,131.52,127.66,129.85,156528.82916625,SOL-USD,6h
2025-03-10 12:00:00,116.51,130.89,129.94,117.5,1113786.9960281,SOL-USD,6h
2025-03-10 18:00:00,115.4,120.16,117.48,118.24,662044.93394927,SOL-USD,6h
2025-03-11 00:00:00,112.0,123.86,118.25,123.27,750219.44115421,SOL-USD,6h
2025-03-11 06:00:00,122.42,125.8,123.24,124.69,252612.97923543,SOL-USD,6h
2025-03-11 12:00:00,118.51,126.81,124.68,124.04,760000.61762788,SOL-USD,6h
2025-03-11 18:00:00,123.93,128.41,124.03,125.34,450236.17930441,SOL-USD,6h
2025-03-12 00:00:00,121.2,127.07,125.32,122.02,282539.54233496,SOL-USD,6h
2025-03-12 06:00:00,121.38,126.79,122.03,126.73,189695.61542261,SOL-USD,6h
2025-03-12 12:00:00,123.02,131.62,126.73,123.75,686899.48982893,SOL-USD,6h
2025-03-12 18:00:00,123.28,127.06,123.75,126.6,323312.33187409,SOL-USD,6h
2025-03-13 00:00:00,123.03,127.39,126.59,123.5,198210.32973631,SOL-USD,6h
2025-03-13 06:00:00,123.19,128.0,123.51,126.83,184353.97973789,SOL-USD,6h
2025-03-13 12:00:00,121.06,128.75,126.83,121.7,428061.4585357,SOL-USD,6h
2025-03-13 18:00:00,120.69,124.31,121.68,123.3,262650.46399657,SOL-USD,6h
2025-03-14 00:00:00,122.92,125.42,123.33,125.04,199557.24374622,SOL-USD,6h
2025-03-14 06:00:00,124.47,126.56,125.04,126.14,85722.45385902,SOL-USD,6h
2025-03-14 12:00:00,125.44,133.78,126.14,132.48,673453.43437149,SOL-USD,6h
2025-03-14 18:00:00,132.36,136.09,132.48,133.55,343449.23436352,SOL-USD,6h
2025-03-15 00:00:00,132.91,135.38,133.52,133.52,172214.89579479,SOL-USD,6h
2025-03-15 06:00:00,132.45,134.1,133.53,133.39,103478.37737072,SOL-USD,6h
2025-03-15 12:00:00,133.13,136.55,133.38,134.82,164075.45813251,SOL-USD,6h
2025-03-15 18:00:00,133.58,136.56,134.8,135.91,141160.84737383,SOL-USD,6h
2025-03-16 00:00:00,134.15,136.71,135.88,135.11,149038.76127657,SOL-USD,6h
2025-03-16 06:00:00,129.64,136.24,135.12,129.9,221399.41149527,SOL-USD,6h
2025-03-16 12:00:00,127.44,131.24,129.92,129.92,309107.99952653,SOL-USD,6h
2025-03-16 18:00:00,125.17,129.98,129.91,126.1,298509.73026907,SOL-USD,6h
2025-03-17 00:00:00,125.87,129.36,126.09,128.06,246225.78318274,SOL-USD,6h
2025-03-17 06:00:00,126.52,129.6,128.06,129.17,142459.4786327,SOL-USD,6h
2025-03-17 12:00:00,125.53,130.09,129.17,128.36,408408.08974968,SOL-USD,6h
2025-03-17 18:00:00,127.75,130.65,128.35,128.03,227938.34296958,SOL-USD,6h
2025-03-18 00:00:00,123.57,128.21,128.03,124.6,323283.83348317,SOL-USD,6h
2025-03-18 06:00:00,123.18,125.98,124.59,123.52,228086.01474686,SOL-USD,6h
2025-03-18 12:00:00,121.69,124.0,123.51,123.27,259540.64456681,SOL-USD,6h
2025-03-18 18:00:00,123.03,125.69,123.28,125.29,164622.27785686,SOL-USD,6h
2025-03-19 00:00:00,124.19,126.86,125.31,125.76,169548.60567041,SOL-USD,6h
2025-03-19 06:00:00,125.6,129.5,125.76,128.67,150416.89183309,SOL-USD,6h
2025-03-19 12:00:00,126.94,132.76,128.67,130.25,535392.61736547,SOL-USD,6h
2025-03-19 18:00:00,128.18,136.13,130.22,135.39,486610.65374933,SOL-USD,6h
2025-03-20 00:00:00,132.81,136.18,135.38,133.93,213986.0107027,SOL-USD,6h
2025-03-20 06:00:00,130.3,134.97,133.93,130.6,191241.97580527,SOL-USD,6h
2025-03-20 12:00:00,126.6,132.23,130.61,127.69,441342.53474408,SOL-USD,6h
2025-03-20 18:00:00,127.07,128.43,127.71,127.5,163199.40130959,SOL-USD,6h
2025-03-21 00:00:00,127.26,129.0,127.51,128.24,136990.81604007,SOL-USD,6h
2025-03-21 06:00:00,125.69,129.03,128.24,126.36,144878.34795757,SOL-USD,6h
2025-03-21 12:00:00,124.81,127.71,126.35,126.85,282017.80680395,SOL-USD,6h
2025-03-21 18:00:00,126.03,130.14,126.85,128.44,321703.35907985,SOL-USD,6h
2025-03-22 00:00:00,127.76,129.47,128.42,129.05,91177.06036982,SOL-USD,6h
2025-03-22 06:00:00,128.48,131.8,129.05,130.31,131254.37207913,SOL-USD,6h
2025-03-22 12:00:00,128.62,130.51,130.31,129.43,120148.6652746,SOL-USD,6h
2025-03-22 18:00:00,128.07,130.27,129.42,128.47,121728.09574542,SOL-USD,6h
2025-03-23 00:00:00,128.2,130.92,128.47,130.43,92124.84377356,SOL-USD,6h
2025-03-23 06:00:00,130.22,134.05,130.42,133.07,148278.39910794,SOL-USD,6h
2025-03-23 12:00:00,130.9,133.8,133.07,131.27,205730.22810569,SOL-USD,6h
2025-03-23 18:00:00,130.17,132.87,131.26,132.85,167055.37588803,SOL-USD,6h
2025-03-24 00:00:00,132.06,139.35,132.85,138.04,493137.00459679,SOL-USD,6h
2025-03-24 06:00:00,137.76,144.13,138.07,143.42,503318.55997024,SOL-USD,6h
2025-03-24 12:00:00,141.76,145.2,143.43,142.42,644923.63840033,SOL-USD,6h
2025-03-24 18:00:00,139.65,143.66,142.43,141.0,291225.02588442,SOL-USD,6h
2025-03-25 00:00:00,138.16,142.32,141.02,139.63,215421.34363185,SOL-USD,6h
2025-03-25 06:00:00,139.23,143.42,139.63,142.21,173562.47986414,SOL-USD,6h
2025-03-25 12:00:00,141.14,147.6,142.15,144.98,657888.06936277,SOL-USD,6h
2025-03-25 18:00:00,142.51,146.13,144.99,143.69,375969.66895028,SOL-USD,6h
2025-03-26 00:00:00,141.51,144.63,143.68,142.98,226999.77782149,SOL-USD,6h
2025-03-26 06:00:00,142.6,145.55,142.97,144.66,143096.24160628,SOL-USD,6h
2025-03-26 12:00:00,137.87,145.12,144.67,137.95,408537.39353539,SOL-USD,6h
2025-03-26 18:00:00,135.9,138.72,137.95,137.38,301400.86138874,SOL-USD,6h
2025-03-27 00:00:00,136.82,140.25,137.38,138.59,224128.35172869,SOL-USD,6h
2025-03-27 06:00:00,137.14,139.45,138.59,137.43,191597.79712071,SOL-USD,6h
2025-03-27 12:00:00,135.64,139.8,137.41,137.53,283781.09620221,SOL-USD,6h
2025-03-27 18:00:00,137.4,139.94,137.5,138.4,195353.13287867,SOL-USD,6h
2025-03-28 00:00:00,133.3,139.02,138.39,133.36,296736.04640308,SOL-USD,6h
2025-03-28 06:00:00,130.32,134.56,133.34,131.89,286261.06803331,SOL-USD,6h
2025-03-28 12:00:00,128.94,132.39,131.88,129.99,414170.62014603,SOL-USD,6h
2025-03-28 18:00:00,127.67,130.35,129.97,129.44,211926.19966883,SOL-USD,6h
2025-03-29 00:00:00,126.53,130.49,129.44,127.73,192236.78208469,SOL-USD,6h
2025-03-29 06:00:00,124.29,127.75,127.73,125.22,153413.36161729,SOL-USD,6h
2025-03-29 12:00:00,123.6,126.77,125.23,124.48,190850.19344928,SOL-USD,6h
2025-03-29 18:00:00,122.68,125.65,124.48,124.54,179972.5938489,SOL-USD,6h
2025-03-30 00:00:00,123.46,126.6,124.54,125.92,163165.59548175,SOL-USD,6h
2025-03-30 06:00:00,124.63,126.38,125.92,125.1,100743.99673983,SOL-USD,6h
2025-03-30 12:00:00,122.99,125.56,125.1,124.47,181235.59718898,SOL-USD,6h
2025-03-30 18:00:00,123.11,127.02,124.47,124.8,196103.14433461,SOL-USD,6h
2025-03-31 00:00:00,122.72,127.59,124.81,125.98,289952.73675911,SOL-USD,6h
2025-03-31 06:00:00,123.03,127.0,125.99,124.27,213597.98879584,SOL-USD,6h
2025-03-31 12:00:00,123.23,127.82,124.27,124.09,399845.65784425,SOL-USD,6h
2025-03-31 18:00:00,124.1,126.57,124.11,124.54,271483.60794633,SOL-USD,6h
2025-04-01 00:00:00,123.74,126.84,124.51,125.97,225727.94191306,SOL-USD,6h
2025-04-01 06:00:00,125.62,129.98,125.97,127.58,281229.67376292,SOL-USD,6h
2025-04-01 12:00:00,124.66,130.44,127.6,127.28,480665.50979212,SOL-USD,6h
2025-04-01 18:00:00,125.24,127.53,127.27,126.69,217905.8788565,SOL-USD,6h
2025-04-02 00:00:00,123.47,126.95,126.69,123.74,284395.16300524,SOL-USD,6h
2025-04-02 06:00:00,123.68,126.72,123.74,125.68,181949.22693832,SOL-USD,6h
2025-04-02 12:00:00,125.1,131.78,125.68,129.66,699323.08668459,SOL-USD,6h
2025-04-02 18:00:00,117.23,136.18,129.66,117.4,1402094.97307772,SOL-USD,6h
2025-04-03 00:00:00,116.18,120.94,117.41,118.96,523405.82933214,SOL-USD,6h
2025-04-03 06:00:00,115.14,119.32,118.96,115.72,540730.30539601,SOL-USD,6h
2025-04-03 12:00:00,112.22,116.0,115.71,114.2,898874.67013552,SOL-USD,6h
2025-04-03 18:00:00,113.75,117.4,114.2,117.12,341489.90270111,SOL-USD,6h
2025-04-04 00:00:00,114.58,117.4,117.14,116.48,263824.98679139,SOL-USD,6h
2025-04-04 06:00:00,113.26,119.92,116.48,114.52,465412.25021034,SOL-USD,6h
2025-04-04 12:00:00,113.94,124.81,114.5,123.07,1254281.62233948,SOL-USD,6h
2025-04-04 18:00:00,121.31,124.0,123.06,122.74,398622.82092776,SOL-USD,6h
2025-04-05 00:00:00,120.32,122.81,122.74,120.65,202325.43945629,SOL-USD,6h
2025-04-05 06:00:00,119.79,121.93,120.64,120.25,113105.01655488,SOL-USD,6h
2025-04-05 12:00:00,115.81,120.29,120.25,117.91,314765.11629675,SOL-USD,6h
2025-04-05 18:00:00,117.82,120.5,117.91,120.25,188913.79134963,SOL-USD,6h
2025-04-06 00:00:00,119.36,121.05,120.25,120.23,181771.880649,SOL-USD,6h
2025-04-06 06:00:00,118.11,120.55,120.24,118.53,125028.98507413,SOL-USD,6h
2025-04-06 12:00:00,110.54,118.79,118.53,111.36,549036.96410018,SOL-USD,6h
2025-04-06 18:00:00,103.71,111.42,111.37,105.82,1295328.37913895,SOL-USD,6h
2025-04-07 00:00:00,101.05,107.75,105.81,101.86,857295.60811364,SOL-USD,6h
2025-04-07 06:00:00,95.16,102.59,101.85,100.22,1304301.52809888,SOL-USD,6h
2025-04-07 12:00:00,99.69,113.05,100.23,107.56,2260500.65640191,SOL-USD,6h
2025-04-07 18:00:00,105.2,109.28,107.56,106.94,698257.35622005,SOL-USD,6h
2025-04-08 00:00:00,106.63,112.57,106.93,110.49,646305.42185683,SOL-USD,6h
2025-04-08 06:00:00,107.13,111.81,110.49,111.55,388500.80070632,SOL-USD,6h
2025-04-08 12:00:00,102.86,112.16,111.55,105.06,1090539.57173098,SOL-USD,6h
2025-04-08 18:00:00,103.29,106.88,105.06,105.35,859487.30198872,SOL-USD,6h
2025-04-09 00:00:00,101.16,106.51,105.36,105.26,978042.95932802,SOL-USD,6h
2025-04-09 06:00:00,102.69,108.21,105.25,103.37,579776.65579315,SOL-USD,6h
2025-04-09 12:00:00,102.25,120.0,103.35,119.3,1041385.26356084,SOL-USD,6h
2025-04-09 18:00:00,117.49,121.29,119.31,119.04,691186.14128926,SOL-USD,6h
2025-04-10 00:00:00,114.47,119.29,119.02,116.09,334922.87795091,SOL-USD,6h
2025-04-10 06:00:00,113.37,116.94,116.12,113.91,183972.8354009,SOL-USD,6h
2025-04-10 12:00:00,108.31,115.69,113.89,110.4,1018992.85008906,SOL-USD,6h
2025-04-10 18:00:00,110.11,113.34,110.41,112.75,462553.87810468,SOL-USD,6h
2025-04-11 00:00:00,112.07,116.25,112.73,115.98,300923.62218112,SOL-USD,6h
2025-04-11 06:00:00,115.83,119.35,115.98,117.94,316915.89121936,SOL-USD,6h
2025-04-11 12:00:00,117.51,122.07,117.95,121.39,795803.41161345,SOL-USD,6h
2025-04-11 18:00:00,119.78,122.66,121.39,121.36,397654.41570001,SOL-USD,6h
2025-04-12 00:00:00,119.36,123.82,121.36,122.36,285141.60830494,SOL-USD,6h
2025-04-12 06:00:00,122.34,125.49,122.36,124.56,202364.89563558,SOL-USD,6h
2025-04-12 12:00:00,124.34,131.78,124.55,129.05,603218.63750929,SOL-USD,6h
2025-04-12 18:00:00,128.99,134.11,129.01,132.22,393363.52175531,SOL-USD,6h
2025-04-13 00:00:00,129.53,133.98,132.22,129.93,301182.841766,SOL-USD,6h
2025-04-13 06:00:00,128.16,131.58,129.93,129.79,197190.45730518,SOL-USD,6h
2025-04-13 12:00:00,126.79,132.55,129.77,131.59,318357.64895268,SOL-USD,6h
2025-04-13 18:00:00,125.26,132.28,131.6,128.32,507189.7300233,SOL-USD,6h
2025-04-14 00:00:00,127.89,136.0,128.32,132.88,530551.42624482,SOL-USD,6h
2025-04-14 06:00:00,131.1,134.13,132.88,133.48,230761.88865832,SOL-USD,6h
2025-04-14 12:00:00,128.0,134.77,133.49,130.17,671321.94047182,SOL-USD,6h
2025-04-14 18:00:00,128.65,132.0,130.17,129.39,222160.90030975,SOL-USD,6h
2025-04-15 00:00:00,127.71,132.28,129.39,131.26,397701.98749614,SOL-USD,6h
2025-04-15 06:00:00,130.7,133.86,131.25,132.13,196816.14355046,SOL-USD,6h
2025-04-15 12:00:00,127.91,134.42,132.14,128.21,420629.10379149,SOL-USD,6h
2025-04-15 18:00:00,125.8,128.71,128.22,126.09,349283.33172061,SOL-USD,6h
2025-04-16 00:00:00,124.36,127.32,126.1,125.38,294511.94156702,SOL-USD,6h
2025-04-16 06:00:00,123.46,126.62,125.38,126.23,241959.40459477,SOL-USD,6h
2025-04-16 12:00:00,124.44,130.89,126.26,125.12,617565.3337921,SOL-USD,6h
2025-04-16 18:00:00,125.09,133.91,125.13,131.32,611001.67653838,SOL-USD,6h
2025-04-17 00:00:00,129.47,133.52,131.31,133.13,301959.23497143,SOL-USD,6h
2025-04-17 06:00:00,132.39,135.58,133.11,133.09,332676.36360418,SOL-USD,6h
2025-04-17 12:00:00,130.57,135.99,133.1,135.39,576610.00779463,SOL-USD,6h
2025-04-17 18:00:00,132.01,136.15,135.4,134.85,390469.06207234,SOL-USD,6h
2025-04-18 00:00:00,133.25,136.0,134.85,134.19,200017.52842548,SOL-USD,6h
2025-04-18 06:00:00,133.42,135.5,134.19,134.27,148740.79343559,SOL-USD,6h
2025-04-18 12:00:00,132.46,135.16,134.26,133.93,178647.09730554,SOL-USD,6h
2025-04-18 18:00:00,133.22,134.48,133.92,134.03,119101.97280907,SOL-USD,6h
2025-04-19 00:00:00,133.58,139.43,134.06,138.44,450072.51351497,SOL-USD,6h
2025-04-19 06:00:00,137.79,139.98,138.44,138.75,228782.24782615,SOL-USD,6h
2025-04-19 12:00:00,137.66,140.5,138.77,138.89,224855.75174588,SOL-USD,6h
2025-04-19 18:00:00,138.23,139.93,138.88,139.87,110935.28435522,SOL-USD,6h
2025-04-20 00:00:00,139.41,141.97,139.86,140.81,288200.13361819,SOL-USD,6h
2025-04-20 06:00:00,135.86,141.22,140.8,136.41,387696.75775778,SOL-USD,6h
2025-04-20 12:00:00,135.67,138.05,136.4,136.39,286612.87888646,SOL-USD,6h
2025-04-20 18:00:00,136.12,138.52,136.37,137.85,213898.41522734,SOL-USD,6h
2025-04-21 00:00:00,137.64,143.13,137.86,140.88,360148.26294392,SOL-USD,6h
2025-04-21 06:00:00,138.34,141.46,140.88,139.0,116846.42514238,SOL-USD,6h
2025-04-21 12:00:00,133.82,140.15,138.99,134.79,558918.18745245,SOL-USD,6h
2025-04-21 18:00:00,134.44,137.41,134.76,136.56,528287.83851803,SOL-USD,6h
2025-04-22 00:00:00,134.69,139.91,136.54,139.45,231829.3588146,SOL-USD,6h
2025-04-22 06:00:00,138.44,140.82,139.43,140.46,136606.82144829,SOL-USD,6h
2025-04-22 12:00:00,140.1,147.8,140.46,144.84,602501.7696276,SOL-USD,6h
2025-04-22 18:00:00,143.53,150.31,144.84,148.84,522059.36810489,SOL-USD,6h
2025-04-23 00:00:00,147.2,152.23,148.86,150.76,363151.38234114,SOL-USD,6h
2025-04-23 06:00:00,150.31,153.76,150.76,152.12,304871.74668127,SOL-USD,6h
2025-04-23 12:00:00,148.75,154.28,152.11,151.53,600081.61676854,SOL-USD,6h
2025-04-23 18:00:00,148.96,152.52,151.52,151.16,248484.1946908,SOL-USD,6h
2025-04-24 00:00:00,147.6,151.51,151.17,148.17,183129.0353756,SOL-USD,6h
2025-04-24 06:00:00,145.21,149.18,148.17,147.71,176421.74566974,SOL-USD,6h
2025-04-24 12:00:00,147.1,151.78,147.71,150.68,377933.59053889,SOL-USD,6h
2025-04-24 18:00:00,150.07,152.93,150.67,152.6,271189.77974906,SOL-USD,6h
2025-04-25 00:00:00,150.58,154.54,152.61,151.92,242350.72066895,SOL-USD,6h
2025-04-25 06:00:00,151.73,155.04,151.92,154.84,375620.72057255,SOL-USD,6h
2025-04-25 12:00:00,150.53,157.08,154.84,150.98,628462.62643197,SOL-USD,6h
2025-04-25 18:00:00,150.01,152.63,150.98,150.91,240627.65216548,SOL-USD,6h
2025-04-26 00:00:00,150.06,153.26,150.92,151.03,151840.79132104,SOL-USD,6h
2025-04-26 06:00:00,148.04,152.44,151.03,148.56,137326.46092318,SOL-USD,6h
2025-04-26 12:00:00,147.79,149.63,148.55,149.1,131192.31063901,SOL-USD,6h
2025-04-26 18:00:00,148.4,149.73,149.12,149.27,96125.36942283,SOL-USD,6h
2025-04-27 00:00:00,145.54,150.43,149.29,146.35,209239.80247098,SOL-USD,6h
2025-04-27 06:00:00,146.29,148.78,146.36,148.01,68516.47091575,SOL-USD,6h
2025-04-27 12:00:00,147.04,149.83,148.0,149.23,167583.40543303,SOL-USD,6h
2025-04-27 18:00:00,147.91,150.3,149.23,148.04,139377.43012781,SOL-USD,6h
2025-04-28 00:00:00,144.69,149.89,148.03,149.81,343415.93974983,SOL-USD,6h
2025-04-28 06:00:00,149.08,153.45,149.81,151.75,341166.24034467,SOL-USD,6h
2025-04-28 12:00:00,145.39,151.89,151.74,147.14,578266.25249931,SOL-USD,6h
2025-04-28 18:00:00,146.38,148.91,147.11,147.9,250765.75503964,SOL-USD,6h
2025-04-29 00:00:00,145.59,149.27,147.89,146.69,202756.83615556,SOL-USD,6h
2025-04-29 06:00:00,146.62,149.53,146.68,149.06,136933.14036152,SOL-USD,6h
2025-04-29 12:00:00,146.88,149.77,149.05,148.83,293864.70267891,SOL-USD,6h
2025-04-29 18:00:00,145.0,150.38,148.84,146.34,318918.29816132,SOL-USD,6h
2025-04-30 00:00:00,145.13,148.7,146.33,147.12,286254.60637288,SOL-USD,6h
2025-04-30 06:00:00,146.08,148.04,147.13,147.97,112224.44529679,SOL-USD,6h
2025-04-30 12:00:00,140.4,148.04,147.98,144.7,847615.17612063,SOL-USD,6h
2025-04-30 18:00:00,144.33,148.16,144.7,147.56,286400.43104929,SOL-USD,6h
2025-05-01 00:00:00,147.56,149.71,147.57,149.18,162349.33037061,SOL-USD,6h
2025-05-01 06:00:00,148.27,152.49,149.18,151.79,186970.199691,SOL-USD,6h
2025-05-01 12:00:00,150.63,154.04,151.8,151.33,420513.06351687,SOL-USD,6h
2025-05-01 18:00:00,149.92,151.45,151.35,150.89,183380.39949049,SOL-USD,6h
2025-05-02 00:00:00,149.43,151.86,150.88,149.57,165254.64018806,SOL-USD,6h
2025-05-02 06:00:00,148.42,150.83,149.57,150.77,117956.68159952,SOL-USD,6h
2025-05-02 12:00:00,149.4,151.99,150.76,149.88,314569.32759424,SOL-USD,6h
2025-05-02 18:00:00,147.36,150.6,149.9,148.09,162047.80547038,SOL-USD,6h
2025-05-03 00:00:00,147.58,149.11,148.09,147.81,82454.04670872,SOL-USD,6h
2025-05-03 06:00:00,146.74,148.44,147.81,147.18,141700.88543312,SOL-USD,6h
2025-05-03 12:00:00,145.88,149.0,147.18,146.84,114715.69804875,SOL-USD,6h
2025-05-03 18:00:00,146.47,147.97,146.84,146.75,74300.91346455,SOL-USD,6h
2025-05-04 00:00:00,145.25,147.74,146.75,146.27,98406.05999461,SOL-USD,6h
2025-05-04 06:00:00,144.7,146.39,146.26,145.48,66901.62214013,SOL-USD,6h
2025-05-04 12:00:00,144.98,147.37,145.47,147.19,80187.44196338,SOL-USD,6h
2025-05-04 18:00:00,143.59,147.81,147.19,143.97,124879.9453519,SOL-USD,6h
2025-05-05 00:00:00,142.51,147.14,143.96,147.03,132573.82538497,SOL-USD,6h
2025-05-05 06:00:00,143.58,147.36,147.02,144.21,73190.09389642,SOL-USD,6h
2025-05-05 12:00:00,143.16,146.01,144.2,145.77,162940.98464188,SOL-USD,6h
2025-05-05 18:00:00,144.94,147.71,145.78,146.68,172631.90278707,SOL-USD,6h
2025-05-06 00:00:00,143.77,146.81,146.68,144.48,103518.20551534,SOL-USD,6h
2025-05-06 06:00:00,141.94,145.84,144.47,142.57,114181.96090486,SOL-USD,6h
2025-05-06 12:00:00,141.34,144.36,142.56,143.67,162346.80089637,SOL-USD,6h
2025-05-06 18:00:00,143.52,147.23,143.66,146.89,206937.63186016,SOL-USD,6h
2025-05-07 00:00:00,145.41,149.64,146.89,145.53,204178.18467904,SOL-USD,6h
2025-05-07 06:00:00,145.47,148.28,145.55,147.58,91285.22909813,SOL-USD,6h
2025-05-07 12:00:00,145.12,147.75,147.59,145.68,171888.15669357,SOL-USD,6h
2025-05-07 18:00:00,144.67,148.34,145.67,147.37,231859.07564981,SOL-USD,6h
2025-05-08 00:00:00,147.11,151.98,147.36,150.19,281018.59427959,SOL-USD,6h
2025-05-08 06:00:00,150.13,155.32,150.17,154.58,212691.41047803,SOL-USD,6h
2025-05-08 12:00:00,154.19,163.05,154.58,158.73,796841.59740477,SOL-USD,6h
2025-05-08 18:00:00,158.73,164.57,158.73,164.45,410790.21885185,SOL-USD,6h
2025-05-09 00:00:00,161.02,164.48,164.44,162.82,264398.05515341,SOL-USD,6h
2025-05-09 06:00:00,162.46,176.14,162.83,172.3,632275.98302064,SOL-USD,6h
2025-05-09 12:00:00,167.32,173.41,172.29,171.97,602465.42504551,SOL-USD,6h
2025-05-09 18:00:00,170.68,173.83,171.96,172.8,242362.98982676,SOL-USD,6h
2025-05-10 00:00:00,169.8,175.16,172.81,171.19,236615.52477921,SOL-USD,6h
2025-05-10 06:00:00,168.75,173.44,171.21,168.98,194020.72878705,SOL-USD,6h
2025-05-10 12:00:00,168.99,173.86,168.99,171.82,179537.77682818,SOL-USD,6h
2025-05-10 18:00:00,171.12,178.93,171.82,177.91,318672.20696374,SOL-USD,6h
2025-05-11 00:00:00,172.76,180.16,177.88,176.22,473536.59753606,SOL-USD,6h
2025-05-11 06:00:00,172.34,176.29,176.2,174.8,140254.82255288,SOL-USD,6h
2025-05-11 12:00:00,169.41,175.26,174.78,171.9,314813.94715733,SOL-USD,6h
2025-05-11 18:00:00,170.87,173.93,171.91,173.23,204652.59949359,SOL-USD,6h
2025-05-12 00:00:00,171.76,176.91,173.22,174.56,370135.91688566,SOL-USD,6h
2025-05-12 06:00:00,173.68,179.59,174.57,174.09,924214.59674486,SOL-USD,6h
2025-05-12 12:00:00,171.78,181.45,174.09,172.11,572319.81736429,SOL-USD,6h
2025-05-12 18:00:00,168.3,174.95,172.13,174.22,335207.56994416,SOL-USD,6h
2025-05-13 00:00:00,166.17,174.38,174.23,169.84,269661.82326753,SOL-USD,6h
2025-05-13 06:00:00,169.85,175.19,169.85,174.02,157812.51058173,SOL-USD,6h
2025-05-13 12:00:00,172.17,179.02,174.03,178.37,440710.33039974,SOL-USD,6h
2025-05-13 18:00:00,178.0,184.8,178.37,183.76,584895.27235366,SOL-USD,6h
2025-05-14 00:00:00,179.07,184.86,183.76,182.78,333676.12706961,SOL-USD,6h
2025-05-14 06:00:00,177.6,183.98,182.78,181.05,240757.4515353,SOL-USD,6h
2025-05-14 12:00:00,173.12,181.88,181.06,175.9,409297.7922496,SOL-USD,6h
2025-05-14 18:00:00,175.18,177.77,175.93,176.69,245549.34188981,SOL-USD,6h
2025-05-15 00:00:00,172.75,178.39,176.69,173.23,233558.28488099,SOL-USD,6h
2025-05-15 06:00:00,168.75,174.5,173.22,171.12,244688.42057236,SOL-USD,6h
2025-05-15 12:00:00,167.0,174.54,171.12,173.16,513281.3340299,SOL-USD,6h
2025-05-15 18:00:00,166.8,173.33,173.16,169.19,379935.8949124,SOL-USD,6h
2025-05-16 00:00:00,168.73,173.69,169.18,172.95,177454.91700919,SOL-USD,6h
2025-05-16 06:00:00,169.45,174.28,172.98,172.88,163114.65768551,SOL-USD,6h
2025-05-16 12:00:00,170.01,174.2,172.9,170.41,264130.36086398,SOL-USD,6h
2025-05-16 18:00:00,166.43,171.62,170.38,167.48,231471.31922428,SOL-USD,6h
2025-05-17 00:00:00,164.1,169.57,167.47,167.58,245804.71500494,SOL-USD,6h
2025-05-17 06:00:00,166.74,170.01,167.58,167.65,104486.03495712,SOL-USD,6h
2025-05-17 12:00:00,164.48,168.27,167.66,165.77,192852.19868155,SOL-USD,6h
2025-05-17 18:00:00,164.4,167.95,165.79,166.03,210770.06035097,SOL-USD,6h
2025-05-18 00:00:00,165.93,170.19,166.01,169.96,115368.64559273,SOL-USD,6h
2025-05-18 06:00:00,169.07,172.03,169.95,170.8,118514.58083259,SOL-USD,6h
2025-05-18 12:00:00,170.23,176.83,170.83,172.35,350169.18766879,SOL-USD,6h
2025-05-18 18:00:00,164.7,174.39,172.35,173.39,444965.04745402,SOL-USD,6h
2025-05-19 00:00:00,162.31,174.01,173.39,162.74,314703.30667628,SOL-USD,6h
2025-05-19 06:00:00,159.48,163.41,162.74,162.23,225625.58764637,SOL-USD,6h
2025-05-19 12:00:00,160.15,167.43,162.23,165.56,386567.5400179,SOL-USD,6h
2025-05-19 18:00:00,163.71,167.83,165.56,166.88,204806.74587403,SOL-USD,6h
2025-05-20 00:00:00,166.81,173.13,166.91,169.3,303778.56568697,SOL-USD,6h
2025-05-20 06:00:00,165.28,169.63,169.31,166.55,126582.41793603,SOL-USD,6h
2025-05-20 12:00:00,164.57,168.36,166.53,167.96,211814.05857975,SOL-USD,6h
2025-05-20 18:00:00,164.63,169.46,167.96,168.64,291449.77622489,SOL-USD,6h
2025-05-21 00:00:00,166.87,171.83,168.65,170.71,220576.92972539,SOL-USD,6h
2025-05-21 06:00:00,167.44,171.69,170.71,169.42,159413.15253766,SOL-USD,6h
2025-05-21 12:00:00,165.61,175.14,169.42,167.19,692659.5564823,SOL-USD,6h
2025-05-21 18:00:00,166.38,176.0,167.2,173.61,450460.76624191,SOL-USD,6h
2025-05-22 00:00:00,172.63,177.83,173.65,175.86,359019.13850612,SOL-USD,6h
2025-05-22 06:00:00,175.21,180.85,175.88,178.12,263068.05711834,SOL-USD,6h
2025-05-22 12:00:00,177.02,180.44,178.1,179.12,425315.488624,SOL-USD,6h
2025-05-22 18:00:00,177.32,180.11,179.12,179.72,235076.42390583,SOL-USD,6h
2025-05-23 00:00:00,179.3,185.54,179.73,181.91,422892.19993391,SOL-USD,6h
2025-05-23 06:00:00,177.14,187.73,181.9,177.94,484087.58794501,SOL-USD,6h
2025-05-23 12:00:00,173.27,183.82,177.95,181.49,694705.68771279,SOL-USD,6h
2025-05-23 18:00:00,173.31,181.79,181.48,174.03,296450.98870487,SOL-USD,6h
2025-05-24 00:00:00,172.66,176.44,174.02,175.2,233415.0932726,SOL-USD,6h
2025-05-24 06:00:00,173.3,178.37,175.19,176.95,123909.77824316,SOL-USD,6h
2025-05-24 12:00:00,175.15,177.55,176.95,176.9,117015.30205125,SOL-USD,6h
2025-05-24 18:00:00,175.4,177.99,176.89,175.96,113473.81609637,SOL-USD,6h
2025-05-25 00:00:00,170.3,176.96,175.96,174.07,273487.05541793,SOL-USD,6h
2025-05-25 06:00:00,170.2,174.08,174.07,172.01,123029.88236005,SOL-USD,6h
2025-05-25 12:00:00,169.2,172.7,172.02,171.04,164230.27618517,SOL-USD,6h
2025-05-25 18:00:00,170.78,175.99,171.05,175.8,216095.5687229,SOL-USD,6h
2025-05-26 00:00:00,175.22,178.04,175.81,177.69,193510.9431913,SOL-USD,6h
2025-05-26 06:00:00,176.5,179.12,177.68,178.0,136138.6451432,SOL-USD,6h
2025-05-26 12:00:00,173.83,178.88,178.0,174.05,215479.08255236,SOL-USD,6h
2025-05-26 18:00:00,173.55,176.09,174.06,174.97,141712.26442252,SOL-USD,6h
2025-05-27 00:00:00,171.29,175.83,174.99,173.62,153136.35667066,SOL-USD,6h
2025-05-27 06:00:00,173.61,177.23,173.61,176.84,116068.14600062,SOL-USD,6h
2025-05-27 12:00:00,175.06,179.5,176.83,178.51,450229.11281065,SOL-USD,6h
2025-05-27 18:00:00,175.64,179.34,178.52,176.8,229810.88795685,SOL-USD,6h
2025-05-28 00:00:00,174.33,177.5,176.77,174.68,145821.81400656,SOL-USD,6h
2025-05-28 06:00:00,172.96,174.69,174.68,174.61,122041.94364755,SOL-USD,6h
2025-05-28 12:00:00,168.99,175.21,174.61,170.9,400719.88981156,SOL-USD,6h
2025-05-28 18:00:00,169.18,172.71,170.9,172.28,166508.88711232,SOL-USD,6h
2025-05-29 00:00:00,170.24,175.43,172.27,172.09,271791.25833153,SOL-USD,6h
2025-05-29 06:00:00,171.71,173.52,172.08,172.94,100594.7851576,SOL-USD,6h
2025-05-29 12:00:00,167.87,172.99,172.94,168.82,301753.06205757,SOL-USD,6h
2025-05-29 18:00:00,165.96,169.83,168.82,166.71,255947.42323508,SOL-USD,6h
2025-05-30 00:00:00,160.1,167.5,166.7,165.3,312466.67516443,SOL-USD,6h
2025-05-30 06:00:00,161.57,165.35,165.3,163.86,156594.94513255,SOL-USD,6h
2025-05-30 12:00:00,156.11,164.01,163.87,158.59,382043.56463515,SOL-USD,6h
2025-05-30 18:00:00,155.27,161.58,158.6,156.28,228939.88658669,SOL-USD,6h
2025-05-31 00:00:00,152.2,157.31,156.3,154.3,288824.97718177,SOL-USD,6h
2025-05-31 06:00:00,152.69,155.6,154.31,153.02,91599.83342931,SOL-USD,6h
2025-05-31 12:00:00,152.71,156.99,153.01,155.75,195989.73231278,SOL-USD,6h
2025-05-31 18:00:00,155.68,158.1,155.76,156.53,121609.24909327,SOL-USD,6h
2025-06-01 00:00:00,153.5,156.84,156.55,155.45,136063.75978333,SOL-USD,6h
2025-06-01 06:00:00,150.65,155.52,155.44,152.13,139658.98814066,SOL-USD,6h
2025-06-01 12:00:00,150.73,156.84,152.14,156.45,175505.16700247,SOL-USD,6h
2025-06-01 18:00:00,153.55,158.01,156.42,157.76,183383.150097,SOL-USD,6h
2025-06-02 00:00:00,154.77,159.0,157.78,155.43,171121.3018916,SOL-USD,6h
2025-06-02 06:00:00,153.01,156.81,155.43,153.53,162272.62553994,SOL-USD,6h
2025-06-02 12:00:00,151.71,154.57,153.51,153.74,350857.38284782,SOL-USD,6h
2025-06-02 18:00:00,151.85,157.32,153.74,156.9,206383.98695363,SOL-USD,6h
2025-06-03 00:00:00,156.46,162.47,156.91,159.59,205804.32384811,SOL-USD,6h
2025-06-03 06:00:00,158.38,161.76,159.61,160.66,87159.42428723,SOL-USD,6h
2025-06-03 12:00:00,159.57,163.76,160.66,161.28,214868.93921257,SOL-USD,6h
2025-06-03 18:00:00,154.23,161.34,161.29,155.29,241024.87129935,SOL-USD,6h
2025-06-04 00:00:00,154.29,157.76,155.31,156.6,112253.10342497,SOL-USD,6h
2025-06-04 06:00:00,155.84,158.0,156.59,155.99,61717.20849555,SOL-USD,6h
2025-06-04 12:00:00,154.66,158.04,156.01,156.17,171052.63067315,SOL-USD,6h
2025-06-04 18:00:00,153.0,156.61,156.15,153.33,173448.98248292,SOL-USD,6h
2025-06-05 00:00:00,152.0,154.69,153.31,152.57,121025.57023594,SOL-USD,6h
2025-06-05 06:00:00,151.33,153.13,152.56,152.45,128846.79068584,SOL-USD,6h
2025-06-05 12:00:00,148.43,154.5,152.45,149.46,336130.14705909,SOL-USD,6h
2025-06-05 18:00:00,141.53,150.09,149.46,144.36,512506.93289944,SOL-USD,6h
2025-06-06 00:00:00,144.19,148.02,144.38,147.6,154333.00884193,SOL-USD,6h
2025-06-06 06:00:00,147.04,149.69,147.59,149.22,117927.40224318,SOL-USD,6h
2025-06-06 12:00:00,149.22,152.5,149.22,150.23,232233.46365732,SOL-USD,6h
2025-06-06 18:00:00,147.78,150.33,150.24,147.96,122897.60754186,SOL-USD,6h
2025-06-07 00:00:00,146.92,151.38,147.96,151.01,119220.29701967,SOL-USD,6h
2025-06-07 06:00:00,150.52,152.93,150.99,151.52,93535.06261744,SOL-USD,6h
2025-06-07 12:00:00,150.33,152.5,151.53,150.42,85616.7177644,SOL-USD,6h
2025-06-07 18:00:00,149.85,151.58,150.41,150.15,79605.26594847,SOL-USD,6h
2025-06-08 00:00:00,149.25,150.5,150.13,149.96,48674.00849595,SOL-USD,6h
2025-06-08 06:00:00,148.0,150.59,149.96,149.69,71559.70166569,SOL-USD,6h
2025-06-08 12:00:00,149.1,153.94,149.71,153.23,115057.70279607,SOL-USD,6h
2025-06-08 18:00:00,152.22,155.35,153.25,152.53,93595.84750675,SOL-USD,6h
2025-06-09 00:00:00,149.87,153.28,152.54,149.91,101690.41731975,SOL-USD,6h
2025-06-09 06:00:00,149.68,156.71,149.91,155.7,117235.36205043,SOL-USD,6h
2025-06-09 12:00:00,153.15,157.07,155.69,156.41,167859.83826304,SOL-USD,6h
2025-06-09 18:00:00,155.13,161.8,156.42,161.24,200235.24107808,SOL-USD,6h
2025-06-10 00:00:00,157.7,161.89,161.22,158.2,121383.70686326,SOL-USD,6h
2025-06-10 06:00:00,157.21,161.55,158.21,160.89,125036.2029656,SOL-USD,6h
2025-06-10 12:00:00,156.35,162.02,160.88,158.31,197610.52205489,SOL-USD,6h
2025-06-10 18:00:00,157.8,165.71,158.31,165.15,495148.03840668,SOL-USD,6h
2025-06-11 00:00:00,163.44,167.47,165.13,164.98,347290.22210444,SOL-USD,6h
2025-06-11 06:00:00,163.97,167.22,164.98,164.49,226798.79262168,SOL-USD,6h
2025-06-11 12:00:00,163.7,168.38,164.5,163.87,452944.95309613,SOL-USD,6h
2025-06-11 18:00:00,159.25,164.19,163.9,161.01,345874.69752622,SOL-USD,6h
2025-06-12 00:00:00,158.78,161.35,161.01,159.55,170907.25565914,SOL-USD,6h
2025-06-12 06:00:00,157.46,160.01,159.54,157.78,128362.9923202,SOL-USD,6h
2025-06-12 12:00:00,156.5,160.71,157.79,160.06,281647.25836069,SOL-USD,6h
2025-06-12 18:00:00,152.08,160.15,160.08,152.39,249562.43902021,SOL-USD,6h
2025-06-13 00:00:00,140.89,152.67,152.39,143.88,881811.84607174,SOL-USD,6h
2025-06-13 06:00:00,142.71,146.76,143.87,145.57,220857.78287749,SOL-USD,6h
2025-06-13 12:00:00,144.01,148.66,145.57,146.55,281074.09643559,SOL-USD,6h
2025-06-13 18:00:00,144.39,149.0,146.54,148.66,231124.34533702,SOL-USD,6h
2025-06-14 00:00:00,146.41,148.76,148.68,146.93,115821.00768542,SOL-USD,6h
2025-06-14 06:00:00,145.02,147.15,146.93,145.9,91131.00612102,SOL-USD,6h
2025-06-14 12:00:00,143.02,146.01,145.9,144.54,182187.61569009,SOL-USD,6h
2025-06-14 18:00:00,142.03,145.23,144.54,144.72,103530.71144871,SOL-USD,6h
2025-06-15 00:00:00,144.66,147.48,144.71,147.43,91289.89634354,SOL-USD,6h
2025-06-15 06:00:00,144.29,148.17,147.42,146.4,82529.30621908,SOL-USD,6h
2025-06-15 12:00:00,146.21,153.08,146.41,152.28,287778.22053592,SOL-USD,6h
2025-06-15 18:00:00,148.19,153.58,152.28,152.99,197883.6636215,SOL-USD,6h
2025-06-16 00:00:00,151.02,157.95,153.0,156.75,215051.30740087,SOL-USD,6h
2025-06-16 06:00:00,154.82,157.58,156.77,156.49,127767.51250957,SOL-USD,6h
2025-06-16 12:00:00,154.69,158.32,156.48,157.23,354859.79698912,SOL-USD,6h
2025-06-16 18:00:00,150.37,158.82,157.26,150.77,332360.39046316,SOL-USD,6h
2025-06-17 00:00:00,147.51,154.11,150.78,153.64,286779.409498,SOL-USD,6h
2025-06-17 06:00:00,150.19,154.38,153.63,150.57,113329.78719251,SOL-USD,6h
2025-06-17 12:00:00,145.6,151.45,150.57,146.32,271826.92416816,SOL-USD,6h
2025-06-17 18:00:00,145.69,150.44,146.31,147.61,184170.12124618,SOL-USD,6h
2025-06-18 00:00:00,146.54,149.32,147.61,148.34,102075.67611586,SOL-USD,6h
2025-06-18 06:00:00,145.38,148.57,148.35,146.54,97978.55500518,SOL-USD,6h
2025-06-18 12:00:00,143.83,146.81,146.54,145.63,284720.44495494,SOL-USD,6h
2025-06-18 18:00:00,143.69,147.96,145.62,146.41,243399.39008717,SOL-USD,6h
2025-06-19 00:00:00,145.02,147.96,146.4,145.99,116580.95519258,SOL-USD,6h
2025-06-19 06:00:00,144.87,146.55,146.01,145.14,74479.47774019,SOL-USD,6h
2025-06-19 12:00:00,142.98,145.55,145.13,144.85,152281.24447872,SOL-USD,6h
2025-06-19 18:00:00,144.72,147.49,144.82,147.04,120304.34487262,SOL-USD,6h
2025-06-20 00:00:00,144.32,147.56,147.08,145.37,72950.82308824,SOL-USD,6h
2025-06-20 06:00:00,145.03,148.83,145.37,148.2,84596.10314016,SOL-USD,6h
2025-06-20 12:00:00,135.72,148.4,148.2,138.41,451618.969587,SOL-USD,6h
2025-06-20 18:00:00,137.99,141.73,138.4,140.15,304157.33813482,SOL-USD,6h
2025-06-21 00:00:00,139.55,141.39,140.14,140.42,114578.55136916,SOL-USD,6h
2025-06-21 06:00:00,139.89,142.63,140.43,142.1,74102.94117287,SOL-USD,6h
2025-06-21 12:00:00,138.31,142.5,142.09,138.69,131777.55063728,SOL-USD,6h
2025-06-21 18:00:00,131.0,139.69,138.7,135.46,379345.84780928,SOL-USD,6h
2025-06-22 00:00:00,133.26,137.69,135.48,136.28,259238.27678233,SOL-USD,6h
2025-06-22 06:00:00,132.01,136.54,136.28,133.3,102852.62383885,SOL-USD,6h
2025-06-22 12:00:00,126.56,133.92,133.28,130.55,553836.78879568,SOL-USD,6h
2025-06-22 18:00:00,126.03,132.61,130.53,131.76,280518.64082632,SOL-USD,6h
2025-06-23 00:00:00,131.58,134.82,131.76,134.45,129649.49433134,SOL-USD,6h
2025-06-23 06:00:00,133.3,135.07,134.47,134.17,102658.36168333,SOL-USD,6h
2025-06-23 12:00:00,130.72,137.52,134.16,136.86,402874.28983287,SOL-USD,6h
2025-06-23 18:00:00,136.87,147.03,136.87,144.59,551951.87996111,SOL-USD,6h
2025-06-24 00:00:00,142.4,145.74,144.62,145.6,150922.85856379,SOL-USD,6h
2025-06-24 06:00:00,143.11,146.9,145.61,144.65,301235.70417099,SOL-USD,6h
2025-06-24 12:00:00,143.51,146.69,144.64,144.88,309896.88513122,SOL-USD,6h
2025-06-24 18:00:00,142.91,146.0,144.88,145.98,152417.07045945,SOL-USD,6h
2025-06-25 00:00:00,144.96,146.96,145.97,145.5,112442.88787877,SOL-USD,6h
2025-06-25 06:00:00,145.08,147.51,145.49,146.35,200518.26084527,SOL-USD,6h
2025-06-25 12:00:00,142.9,148.02,146.36,143.97,304438.87242755,SOL-USD,6h
2025-06-25 18:00:00,142.35,145.68,143.95,143.65,164639.72208174,SOL-USD,6h
2025-06-26 00:00:00,143.48,148.06,143.65,144.58,157727.80735689,SOL-USD,6h
2025-06-26 06:00:00,143.21,145.99,144.57,143.7,91352.86081503,SOL-USD,6h
2025-06-26 12:00:00,141.46,144.03,143.71,141.77,191532.54998965,SOL-USD,6h
2025-06-26 18:00:00,138.7,144.04,141.77,139.14,224674.61731553,SOL-USD,6h
2025-06-27 00:00:00,137.21,142.22,139.14,140.7,146974.12660506,SOL-USD,6h
2025-06-27 06:00:00,140.26,142.85,140.71,142.19,92288.33108277,SOL-USD,6h
2025-06-27 12:00:00,140.88,144.91,142.19,141.61,228324.58932605,SOL-USD,6h
2025-06-27 18:00:00,140.18,143.45,141.62,142.17,132311.67737517,SOL-USD,6h
2025-06-28 00:00:00,141.2,144.19,142.18,143.98,114708.51927895,SOL-USD,6h
2025-06-28 06:00:00,143.88,147.6,143.98,147.2,123227.52386673,SOL-USD,6h
2025-06-28 12:00:00,145.96,152.73,147.21,152.23,261183.65999665,SOL-USD,6h
2025-06-28 18:00:00,150.12,152.33,152.21,150.81,133451.92128517,SOL-USD,6h
2025-06-29 00:00:00,149.44,151.15,150.82,149.77,82889.8459214,SOL-USD,6h
2025-06-29 06:00:00,149.65,152.31,149.77,151.79,85559.27436883,SOL-USD,6h
2025-06-29 12:00:00,149.74,152.62,151.74,151.47,137737.48516404,SOL-USD,6h
2025-06-29 18:00:00,150.36,154.8,151.45,153.34,193505.52253191,SOL-USD,6h
2025-06-30 00:00:00,149.97,154.12,153.34,151.37,208275.47265686,SOL-USD,6h
2025-06-30 06:00:00,149.48,151.43,151.36,150.41,95489.94995047,SOL-USD,6h
2025-06-30 12:00:00,149.77,163.9,150.41,156.78,683356.72883905,SOL-USD,6h
2025-06-30 18:00:00,154.58,158.0,156.79,154.88,220367.67738155,SOL-USD,6h
2025-07-01 00:00:00,151.02,155.69,154.88,151.52,148072.68651522,SOL-USD,6h
2025-07-01 06:00:00,148.27,151.58,151.52,148.89,149970.3366847,SOL-USD,6h
2025-07-01 12:00:00,146.3,149.34,148.89,147.95,236115.66953744,SOL-USD,6h
2025-07-01 18:00:00,144.86,147.98,147.95,146.92,174421.6787202,SOL-USD,6h
2025-07-02 00:00:00,145.86,149.3,146.91,149.08,105691.10713605,SOL-USD,6h
2025-07-02 06:00:00,148.42,150.02,149.07,148.65,84873.99866022,SOL-USD,6h
2025-07-02 12:00:00,147.17,153.74,148.64,151.68,307615.6233528,SOL-USD,6h
2025-07-02 18:00:00,151.43,154.53,151.67,152.32,181798.83762016,SOL-USD,6h
2025-07-03 00:00:00,151.87,155.96,152.35,155.74,110806.54261579,SOL-USD,6h
2025-07-03 06:00:00,154.2,156.42,155.75,154.57,107567.41829173,SOL-USD,6h
2025-07-03 12:00:00,149.95,155.36,154.58,151.59,370544.96572905,SOL-USD,6h
2025-07-03 18:00:00,150.71,153.3,151.59,152.39,120635.56409305,SOL-USD,6h
2025-07-04 00:00:00,150.94,153.92,152.39,153.27,96086.72642692,SOL-USD,6h
2025-07-04 06:00:00,149.08,153.32,153.28,150.26,67783.76232641,SOL-USD,6h
2025-07-04 12:00:00,145.25,151.3,150.27,146.72,180056.62248767,SOL-USD,6h
2025-07-04 18:00:00,145.91,148.41,146.71,147.74,88425.1674072,SOL-USD,6h
2025-07-05 00:00:00,146.76,148.49,147.74,147.39,61856.13898624,SOL-USD,6h
2025-07-05 06:00:00,146.85,148.59,147.39,148.23,39832.43584552,SOL-USD,6h
2025-07-05 12:00:00,145.95,148.71,148.24,146.92,73226.58628266,SOL-USD,6h
2025-07-05 18:00:00,146.03,148.08,146.93,147.61,50045.09601159,SOL-USD,6h
2025-07-06 00:00:00,146.87,147.85,147.61,147.25,41433.11476698,SOL-USD,6h
2025-07-06 06:00:00,146.82,148.54,147.24,148.05,45728.03211367,SOL-USD,6h
2025-07-06 12:00:00,147.92,153.25,148.04,152.52,165502.73121431,SOL-USD,6h
2025-07-06 18:00:00,150.72,153.9,152.52,151.9,135494.56392761,SOL-USD,6h
2025-07-07 00:00:00,150.26,152.92,151.9,151.95,127247.43190558,SOL-USD,6h
2025-07-07 06:00:00,150.86,153.61,151.94,152.81,87484.99459589,SOL-USD,6h
2025-07-07 12:00:00,149.66,153.4,152.8,150.0,290682.43140476,SOL-USD,6h
2025-07-07 18:00:00,147.7,150.76,150.0,148.9,258997.43833656,SOL-USD,6h
2025-07-08 00:00:00,147.84,150.14,148.9,149.25,126870.32606117,SOL-USD,6h
2025-07-08 06:00:00,148.87,151.66,149.24,151.31,62116.26484811,SOL-USD,6h
2025-07-08 12:00:00,149.39,152.89,151.31,152.07,181459.21193474,SOL-USD,6h
2025-07-08 18:00:00,150.01,152.88,152.06,151.72,119608.08684936,SOL-USD,6h
2025-07-09 00:00:00,150.57,153.88,151.72,153.14,106732.65636041,SOL-USD,6h
2025-07-09 06:00:00,152.34,154.47,153.16,153.76,117872.59218432,SOL-USD,6h
2025-07-09 12:00:00,151.25,155.55,153.76,153.65,360982.68134885,SOL-USD,6h
2025-07-09 18:00:00,153.57,157.99,153.64,157.11,341106.57581011,SOL-USD,6h
2025-07-10 00:00:00,155.98,159.38,157.11,157.31,113242.96590109,SOL-USD,6h
2025-07-10 06:00:00,156.74,159.24,157.3,157.71,84992.13831374,SOL-USD,6h
2025-07-10 12:00:00,155.71,161.25,157.71,160.97,263971.29749979,SOL-USD,6h
2025-07-10 18:00:00,158.43,165.4,160.99,164.35,385672.43899807,SOL-USD,6h
2025-07-11 00:00:00,161.89,166.88,164.35,165.41,229866.29898591,SOL-USD,6h
2025-07-11 06:00:00,163.23,166.08,165.39,163.9,171908.21183899,SOL-USD,6h
2025-07-11 12:00:00,161.31,168.23,163.91,164.55,494974.1226927,SOL-USD,6h
2025-07-11 18:00:00,159.63,165.08,164.54,162.97,245061.91113625,SOL-USD,6h
2025-07-12 00:00:00,161.79,163.98,162.96,163.09,118399.64120907,SOL-USD,6h
2025-07-12 06:00:00,161.48,163.93,163.09,161.68,71735.66059353,SOL-USD,6h
2025-07-12 12:00:00,157.77,161.87,161.67,160.52,177659.59283602,SOL-USD,6h
2025-07-12 18:00:00,158.99,160.99,160.52,160.76,101607.23249439,SOL-USD,6h
2025-07-13 00:00:00,160.23,162.3,160.76,161.44,100676.53817293,SOL-USD,6h
2025-07-13 06:00:00,161.34,162.84,161.44,162.11,58816.27142263,SOL-USD,6h
2025-07-13 12:00:00,160.55,164.23,162.11,162.72,186246.3300166,SOL-USD,6h
2025-07-13 18:00:00,159.7,163.6,162.73,161.22,187356.68888213,SOL-USD,6h
2025-07-14 00:00:00,160.69,168.69,161.22,166.84,293697.26510979,SOL-USD,6h
2025-07-14 06:00:00,165.39,168.44,166.83,166.55,190364.92347081,SOL-USD,6h
2025-07-14 12:00:00,163.04,168.66,166.56,164.33,348170.69467967,SOL-USD,6h
2025-07-14 18:00:00,161.72,164.5,164.35,162.25,194687.29646496,SOL-USD,6h
2025-07-15 00:00:00,158.19,162.96,162.26,160.28,207490.80377432,SOL-USD,6h
2025-07-15 06:00:00,158.36,160.88,160.27,159.83,100621.00960323,SOL-USD,6h
2025-07-15 12:00:00,157.13,162.83,159.85,162.79,290492.36100428,SOL-USD,6h
2025-07-15 18:00:00,159.69,164.29,162.79,164.03,203072.31422011,SOL-USD,6h
2025-07-16 00:00:00,161.53,165.29,164.01,163.18,155034.08505381,SOL-USD,6h
2025-07-16 06:00:00,162.62,167.55,163.17,166.66,239627.47409418,SOL-USD,6h
2025-07-16 12:00:00,165.39,174.66,166.65,173.71,883150.48133026,SOL-USD,6h
2025-07-16 18:00:00,172.46,176.1,173.72,173.71,519100.10249161,SOL-USD,6h
2025-07-17 00:00:00,168.8,174.93,173.71,172.08,178849.43237337,SOL-USD,6h
2025-07-17 06:00:00,171.4,178.23,172.09,176.24,329831.0318021,SOL-USD,6h
2025-07-17 12:00:00,171.22,177.64,176.24,174.3,338643.87932872,SOL-USD,6h
2025-07-17 18:00:00,171.41,177.5,174.3,175.99,411219.78471068,SOL-USD,6h
2025-07-18 00:00:00,175.39,184.79,175.99,183.76,394718.67991022,SOL-USD,6h
2025-07-18 06:00:00,177.18,184.37,183.76,178.53,370717.39097623,SOL-USD,6h
2025-07-18 12:00:00,175.0,182.27,178.55,178.57,511849.15443011,SOL-USD,6h
2025-07-18 18:00:00,173.3,178.92,178.58,177.34,498543.62802796,SOL-USD,6h
2025-07-19 00:00:00,174.09,177.85,177.35,177.67,432583.79407774,SOL-USD,6h
2025-07-19 06:00:00,175.51,177.85,177.68,176.7,90160.55975611,SOL-USD,6h
2025-07-19 12:00:00,174.89,177.89,176.69,176.38,278167.0112345,SOL-USD,6h
2025-07-19 18:00:00,175.12,178.74,176.38,177.04,326845.72936524,SOL-USD,6h
2025-07-20 00:00:00,176.4,179.82,177.05,177.86,344582.76008108,SOL-USD,6h
2025-07-20 06:00:00,177.0,181.64,177.86,180.51,216946.2214689,SOL-USD,6h
2025-07-20 12:00:00,180.02,183.31,180.5,180.69,307180.14914394,SOL-USD,6h
2025-07-20 18:00:00,177.85,183.72,180.69,181.52,388669.26958069,SOL-USD,6h
2025-07-21 00:00:00,178.36,189.0,181.54,188.32,368321.43838462,SOL-USD,6h
2025-07-21 06:00:00,187.95,193.0,188.33,191.48,369991.37814938,SOL-USD,6h
2025-07-21 12:00:00,190.31,199.48,191.48,196.24,1119999.00881366,SOL-USD,6h
2025-07-21 18:00:00,193.11,197.9,196.23,195.83,526182.69045813,SOL-USD,6h
2025-07-22 00:00:00,193.82,204.8,195.83,196.68,812839.05074257,SOL-USD,6h
2025-07-22 06:00:00,194.1,201.37,196.69,200.04,358279.36502847,SOL-USD,6h
2025-07-22 12:00:00,197.0,205.13,200.04,202.95,752573.91122128,SOL-USD,6h
2025-07-22 18:00:00,198.36,206.42,202.95,205.8,519789.02029634,SOL-USD,6h
2025-07-23 00:00:00,200.87,205.88,205.8,201.66,207681.14729315,SOL-USD,6h
2025-07-23 06:00:00,196.0,202.03,201.66,197.51,165563.29324063,SOL-USD,6h
2025-07-23 12:00:00,185.68,197.66,197.5,188.82,754266.27228453,SOL-USD,6h
2025-07-23 18:00:00,184.06,190.39,188.8,189.49,513594.50159992,SOL-USD,6h
2025-07-24 00:00:00,181.41,192.06,189.5,181.95,293520.29541654,SOL-USD,6h
2025-07-24 06:00:00,179.29,187.02,181.97,186.5,301081.99692818,SOL-USD,6h
2025-07-24 12:00:00,183.44,192.0,186.49,188.86,510875.42295128,SOL-USD,6h
2025-07-24 18:00:00,182.13,190.16,188.87,182.96,424520.58579804,SOL-USD,6h
2025-07-25 00:00:00,175.73,183.59,182.97,178.79,448077.10370821,SOL-USD,6h
2025-07-25 06:00:00,175.96,182.16,178.78,181.14,290941.33499077,SOL-USD,6h
2025-07-25 12:00:00,176.25,181.9,181.13,180.73,882540.63505487,SOL-USD,6h
2025-07-25 18:00:00,180.7,186.99,180.72,186.81,256254.55524031,SOL-USD,6h
2025-07-26 00:00:00,184.4,187.16,186.8,186.76,131382.48625061,SOL-USD,6h
2025-07-26 06:00:00,185.94,189.8,186.76,187.79,109856.48833566,SOL-USD,6h
2025-07-26 12:00:00,185.42,188.52,187.8,185.67,142276.54371502,SOL-USD,6h
2025-07-26 18:00:00,184.37,186.82,185.67,184.94,126710.95061317,SOL-USD,6h
2025-07-27 00:00:00,184.57,188.41,184.92,187.92,106771.44048664,SOL-USD,6h
2025-07-27 06:00:00,186.24,188.62,187.92,187.07,70081.84675001,SOL-USD,6h
2025-07-27 12:00:00,184.93,189.86,187.07,188.13,160701.81019586,SOL-USD,6h
2025-07-27 18:00:00,186.51,190.76,188.11,188.71,239806.84135849,SOL-USD,6h
2025-07-28 00:00:00,187.73,195.37,188.72,194.41,318312.29951212,SOL-USD,6h
2025-07-28 06:00:00,190.64,194.6,194.42,191.98,116816.5298312,SOL-USD,6h
2025-07-28 12:00:00,185.33,193.56,191.99,185.86,408308.29543136,SOL-USD,6h
2025-07-28 18:00:00,182.2,186.51,185.87,183.13,347526.13109487,SOL-USD,6h
2025-07-29 00:00:00,180.66,184.87,183.1,184.86,177885.91093498,SOL-USD,6h
2025-07-29 06:00:00,182.25,186.7,184.86,182.93,103271.46683934,SOL-USD,6h
2025-07-29 12:00:00,178.19,184.98,182.93,181.47,286091.15797404,SOL-USD,6h
2025-07-29 18:00:00,179.24,182.45,181.45,181.46,217684.14231216,SOL-USD,6h
2025-07-30 00:00:00,178.77,182.33,181.45,181.01,113250.88334217,SOL-USD,6h
2025-07-30 06:00:00,176.43,182.53,180.99,177.26,117029.05006407,SOL-USD,6h
2025-07-30 12:00:00,176.63,180.64,177.28,179.32,191643.59269394,SOL-USD,6h
2025-07-30 18:00:00,170.38,180.19,179.32,177.76,373221.14810612,SOL-USD,6h
2025-07-31 00:00:00,177.6,181.21,177.76,180.76,120044.50121385,SOL-USD,6h
2025-07-31 06:00:00,180.23,182.69,180.77,180.7,87445.67849105,SOL-USD,6h
2025-07-31 12:00:00,175.23,180.89,180.7,177.28,218121.357866,SOL-USD,6h
2025-07-31 18:00:00,171.41,178.29,177.26,172.19,261845.28295374,SOL-USD,6h
2025-08-01 00:00:00,167.42,172.26,172.18,169.11,420695.90601309,SOL-USD,6h
2025-08-01 06:00:00,166.13,169.97,169.11,169.13,261635.99686189,SOL-USD,6h
2025-08-01 12:00:00,164.5,170.3,169.13,166.49,334105.69977227,SOL-USD,6h
2025-08-01 18:00:00,159.11,167.53,166.48,162.66,381594.38925885,SOL-USD,6h
2025-08-02 00:00:00,162.46,165.21,162.64,164.65,91518.39638741,SOL-USD,6h
2025-08-02 06:00:00,161.77,165.08,164.64,164.43,71065.75298322,SOL-USD,6h
2025-08-02 12:00:00,158.34,165.01,164.45,159.29,167636.62899529,SOL-USD,6h
2025-08-02 18:00:00,155.75,159.78,159.3,158.46,229045.52665953,SOL-USD,6h
2025-08-03 00:00:00,156.27,161.24,158.46,160.33,118609.02496138,SOL-USD,6h
2025-08-03 06:00:00,160.0,162.89,160.34,161.47,68148.61700992,SOL-USD,6h
2025-08-03 12:00:00,160.38,162.78,161.46,162.19,106720.09175208,SOL-USD,6h
2025-08-03 18:00:00,160.74,163.14,162.19,162.02,134641.99057057,SOL-USD,6h
2025-08-04 00:00:00,161.43,164.98,162.02,162.25,131136.06488491,SOL-USD,6h
2025-08-04 06:00:00,161.29,164.07,162.25,162.39,77002.09397161,SOL-USD,6h
2025-08-04 12:00:00,162.16,169.84,162.39,167.82,423640.35990534,SOL-USD,6h
2025-08-04 18:00:00,165.0,169.8,167.81,169.57,178781.71419282,SOL-USD,6h
2025-08-05 00:00:00,167.19,169.97,169.59,168.38,106537.58246561,SOL-USD,6h
2025-08-05 06:00:00,165.64,171.7,168.41,170.86,105192.93010586,SOL-USD,6h
2025-08-05 12:00:00,162.72,171.04,170.88,164.78,254028.43481809,SOL-USD,6h
2025-08-05 18:00:00,161.26,164.94,164.76,164.07,151905.88621091,SOL-USD,6h
2025-08-06 00:00:00,161.15,164.75,164.07,164.24,120791.36805921,SOL-USD,6h
2025-08-06 06:00:00,162.73,164.63,164.25,164.19,87929.68673316,SOL-USD,6h
2025-08-06 12:00:00,162.59,169.49,164.19,169.16,225176.1481145,SOL-USD,6h
2025-08-06 18:00:00,167.35,169.99,169.15,168.14,147987.37738211,SOL-USD,6h
2025-08-07 00:00:00,166.68,169.02,168.15,168.76,81437.09093932,SOL-USD,6h
2025-08-07 06:00:00,168.59,173.51,168.76,172.85,180537.83018533,SOL-USD,6h
2025-08-07 12:00:00,167.07,173.19,172.85,169.46,221870.81557886,SOL-USD,6h
2025-08-07 18:00:00,168.8,175.55,169.44,175.41,223002.2441284,SOL-USD,6h
2025-08-08 00:00:00,173.47,175.97,175.41,174.22,166639.18318072,SOL-USD,6h
2025-08-08 06:00:00,173.89,177.98,174.21,177.71,130224.83399866,SOL-USD,6h
2025-08-08 12:00:00,174.2,179.37,177.7,179.37,346770.07769732,SOL-USD,6h
2025-08-08 18:00:00,176.65,179.69,179.37,176.84,210053.12802867,SOL-USD,6h
2025-08-09 00:00:00,176.62,182.14,176.82,180.84,203997.38777251,SOL-USD,6h
2025-08-09 06:00:00,179.3,183.35,180.87,180.78,159847.74749768,SOL-USD,6h
2025-08-09 12:00:00,178.96,182.54,180.78,181.61,184310.4091948,SOL-USD,6h
2025-08-09 18:00:00,179.74,183.46,181.6,179.96,206967.77622153,SOL-USD,6h
2025-08-10 00:00:00,179.83,186.18,179.96,182.03,273302.01736838,SOL-USD,6h
2025-08-10 06:00:00,177.49,182.42,182.04,179.95,260222.28293354,SOL-USD,6h
2025-08-10 12:00:00,178.51,182.48,179.95,181.7,115291.76796439,SOL-USD,6h
2025-08-10 18:00:00,181.29,183.96,181.68,182.7,184623.02683299,SOL-USD,6h
2025-08-11 00:00:00,181.3,186.78,182.71,185.29,260907.76746669,SOL-USD,6h
2025-08-11 06:00:00,178.33,185.57,185.3,178.98,127315.89171143,SOL-USD,6h
2025-08-11 12:00:00,177.22,181.76,178.98,178.2,251553.98866282,SOL-USD,6h
2025-08-11 18:00:00,173.42,178.38,178.2,174.89,228073.1908887,SOL-USD,6h
2025-08-12 00:00:00,174.02,176.81,174.88,174.85,141366.97024841,SOL-USD,6h
2025-08-12 06:00:00,173.63,176.54,174.85,175.24,97128.84246353,SOL-USD,6h
2025-08-12 12:00:00,174.69,186.72,175.23,185.95,510701.34028799,SOL-USD,6h
2025-08-12 18:00:00,185.95,193.72,185.95,191.73,566972.77117578,SOL-USD,6h
2025-08-13 00:00:00,191.41,200.0,191.7,196.48,490798.13544124,SOL-USD,6h
2025-08-13 06:00:00,195.16,202.67,196.47,200.97,364748.04637662,SOL-USD,6h
2025-08-13 12:00:00,194.54,204.94,200.97,199.07,949142.54611883,SOL-USD,6h
2025-08-13 18:00:00,197.9,203.4,199.07,201.62,375244.38374772,SOL-USD,6h
2025-08-14 00:00:00,200.1,210.0,201.6,206.67,824129.52277031,SOL-USD,6h
2025-08-14 06:00:00,201.88,208.1,206.66,203.7,339703.91995898,SOL-USD,6h
2025-08-14 12:00:00,186.81,205.54,203.67,193.87,975820.84574991,SOL-USD,6h
2025-08-14 18:00:00,187.47,195.3,193.86,192.61,368051.09805369,SOL-USD,6h
2025-08-15 00:00:00,192.08,196.65,192.59,196.62,189792.80374598,SOL-USD,6h
2025-08-15 06:00:00,193.75,198.2,196.63,194.43,152706.48994676,SOL-USD,6h
2025-08-15 12:00:00,182.63,196.29,194.44,185.93,646296.84835819,SOL-USD,6h
2025-08-15 18:00:00,183.47,188.41,185.95,185.86,287118.34658683,SOL-USD,6h
2025-08-16 00:00:00,185.47,188.49,185.83,186.33,149335.36836431,SOL-USD,6h
2025-08-16 06:00:00,185.52,189.73,186.33,185.87,123328.59468748,SOL-USD,6h
2025-08-16 12:00:00,185.31,189.59,185.88,188.11,143524.17513319,SOL-USD,6h
2025-08-16 18:00:00,187.7,190.15,188.08,189.72,95083.27918705,SOL-USD,6h
2025-08-17 00:00:00,187.47,193.65,189.72,192.75,203585.13656451,SOL-USD,6h
2025-08-17 06:00:00,191.45,193.79,192.75,193.65,131461.30701007,SOL-USD,6h
2025-08-17 12:00:00,191.97,195.91,193.65,193.45,147736.51015992,SOL-USD,6h
2025-08-17 18:00:00,190.58,193.62,193.47,191.15,391482.44161484,SOL-USD,6h
2025-08-18 00:00:00,181.3,191.45,191.13,183.05,428970.27247998,SOL-USD,6h
2025-08-18 06:00:00,180.05,183.06,183.03,181.46,219478.85801414,SOL-USD,6h
2025-08-18 12:00:00,180.61,185.86,181.45,184.77,332256.46407107,SOL-USD,6h
2025-08-18 18:00:00,182.05,185.11,184.75,183.02,185855.7049914,SOL-USD,6h
2025-08-19 00:00:00,177.43,185.95,182.99,179.87,279859.42240519,SOL-USD,6h
2025-08-19 06:00:00,179.05,182.89,179.86,182.72,108153.30277234,SOL-USD,6h
2025-08-19 12:00:00,176.33,183.49,182.73,178.11,364968.4656831,SOL-USD,6h
2025-08-19 18:00:00,175.65,179.52,178.11,176.2,338006.86103997,SOL-USD,6h
2025-08-20 00:00:00,176.03,181.7,176.2,181.09,220856.61535646,SOL-USD,6h
2025-08-20 06:00:00,178.21,182.33,181.08,180.25,163835.65335082,SOL-USD,6h
2025-08-20 12:00:00,177.55,186.27,180.23,185.16,520604.32372406,SOL-USD,6h
2025-08-20 18:00:00,182.59,188.05,185.16,187.96,276935.59699813,SOL-USD,6h
2025-08-21 00:00:00,185.51,190.09,187.96,188.09,257826.03672829,SOL-USD,6h
2025-08-21 06:00:00,183.44,188.06,188.06,184.0,227698.1953723,SOL-USD,6h
2025-08-21 12:00:00,179.87,186.38,183.99,181.15,566354.1049324,SOL-USD,6h
2025-08-21 18:00:00,179.35,182.9,181.14,180.27,207895.04624373,SOL-USD,6h
2025-08-22 00:00:00,179.93,183.82,180.26,183.6,189787.41587659,SOL-USD,6h
2025-08-22 06:00:00,179.57,185.0,183.59,179.57,129010.56374425,SOL-USD,6h
2025-08-22 12:00:00,177.24,198.07,179.61,196.83,932904.38384371,SOL-USD,6h
2025-08-22 18:00:00,195.61,202.34,196.82,200.62,486279.43935186,SOL-USD,6h
2025-08-23 00:00:00,195.21,208.43,200.6,207.38,584874.72645732,SOL-USD,6h
2025-08-23 06:00:00,201.43,207.73,207.39,201.89,266329.33760674,SOL-USD,6h
2025-08-23 12:00:00,200.48,203.73,201.9,203.18,316645.16055853,SOL-USD,6h
2025-08-23 18:00:00,202.61,204.81,203.18,204.06,230432.6323742,SOL-USD,6h
2025-08-24 00:00:00,204.06,211.82,204.07,208.45,713711.08054464,SOL-USD,6h
2025-08-24 06:00:00,203.36,208.88,208.46,204.45,200720.69133075,SOL-USD,6h
2025-08-24 12:00:00,203.52,209.71,204.45,209.28,359211.11637563,SOL-USD,6h
2025-08-24 18:00:00,201.02,211.98,209.25,205.98,795626.72560177,SOL-USD,6h
2025-08-25 00:00:00,202.24,213.49,205.96,203.7,859772.95581462,SOL-USD,6h
2025-08-25 06:00:00,195.0,204.62,203.66,197.49,696349.82657809,SOL-USD,6h
2025-08-25 12:00:00,195.18,199.42,197.49,196.71,460591.96029238,SOL-USD,6h
2025-08-25 18:00:00,185.41,197.85,196.7,187.21,716073.50230408,SOL-USD,6h
2025-08-26 00:00:00,185.61,189.64,187.21,188.8,304058.43398205,SOL-USD,6h
2025-08-26 06:00:00,186.69,190.4,188.79,187.97,187870.41077475,SOL-USD,6h
2025-08-26 12:00:00,187.19,194.27,187.98,193.74,454663.7779255,SOL-USD,6h
2025-08-26 18:00:00,193.57,198.1,193.74,195.87,291833.37847227,SOL-USD,6h
2025-08-27 00:00:00,193.77,206.0,195.87,202.88,431103.01396551,SOL-USD,6h
2025-08-27 06:00:00,200.8,205.67,202.88,205.03,291028.11662912,SOL-USD,6h
2025-08-27 12:00:00,202.64,209.99,205.02,209.17,842371.13870196,SOL-USD,6h
2025-08-27 18:00:00,202.52,212.09,209.16,202.93,1075513.68939142,SOL-USD,6h
2025-08-28 00:00:00,201.65,213.08,202.94,211.63,701739.67108577,SOL-USD,6h
2025-08-28 06:00:00,209.66,216.51,211.63,213.16,513904.03326793,SOL-USD,6h
2025-08-28 12:00:00,207.19,216.88,213.16,210.44,989538.04908736,SOL-USD,6h
2025-08-28 18:00:00,209.5,215.74,210.39,214.43,563918.77036884,SOL-USD,6h
2025-08-29 00:00:00,212.07,217.95,214.44,215.77,651471.56321896,SOL-USD,6h
2025-08-29 06:00:00,205.23,216.17,215.77,207.6,629351.46092828,SOL-USD,6h
2025-08-29 12:00:00,202.05,214.9,207.61,202.49,1366285.6943735,SOL-USD,6h
2025-08-29 18:00:00,199.86,205.54,202.49,205.1,529151.05399568,SOL-USD,6h
2025-08-30 00:00:00,200.76,207.04,205.1,206.05,294060.77909933,SOL-USD,6h
2025-08-30 06:00:00,201.67,206.66,206.11,202.65,175398.9872733,SOL-USD,6h
2025-08-30 12:00:00,197.57,202.69,202.65,200.93,269791.32634655,SOL-USD,6h
2025-08-30 18:00:00,199.69,203.32,200.92,202.74,146719.30664939,SOL-USD,6h
2025-08-31 00:00:00,202.72,206.67,202.74,204.64,292762.86173096,SOL-USD,6h
2025-08-31 06:00:00,202.27,205.85,204.65,203.66,135370.16949795,SOL-USD,6h
2025-08-31 12:00:00,201.55,205.65,203.66,204.94,179368.41601071,SOL-USD,6h
2025-08-31 18:00:00,200.29,205.96,204.95,200.63,241211.58188806,SOL-USD,6h
2025-09-01 00:00:00,196.13,202.49,200.62,198.39,441514.08139717,SOL-USD,6h
2025-09-01 06:00:00,197.55,204.57,198.4,199.4,297673.18746873,SOL-USD,6h
2025-09-01 12:00:00,197.29,201.19,199.39,198.53,259129.70814635,SOL-USD,6h
2025-09-01 18:00:00,194.2,200.16,198.56,197.32,341791.50162695,SOL-USD,6h
2025-09-02 00:00:00,196.74,203.5,197.3,203.26,322316.66706916,SOL-USD,6h
2025-09-02 06:00:00,201.69,204.46,203.25,201.98,217670.60277358,SOL-USD,6h
2025-09-02 12:00:00,197.42,205.32,201.96,204.77,876960.06077431,SOL-USD,6h
2025-09-02 18:00:00,203.32,209.7,204.77,209.64,398423.24626753,SOL-USD,6h
2025-09-03 00:00:00,207.43,211.99,209.63,209.03,361393.72792819,SOL-USD,6h
2025-09-03 06:00:00,207.92,211.44,209.03,210.42,152948.25143692,SOL-USD,6h
2025-09-03 12:00:00,208.8,213.0,210.41,210.89,359531.48442328,SOL-USD,6h
2025-09-03 18:00:00,208.44,211.26,210.89,210.83,191717.06959387,SOL-USD,6h
2025-09-04 00:00:00,205.75,212.0,210.83,206.82,222490.32257925,SOL-USD,6h
2025-09-04 06:00:00,206.29,208.86,206.81,207.28,94766.16293401,SOL-USD,6h
2025-09-04 12:00:00,203.4,208.58,207.28,203.95,355423.78981209,SOL-USD,6h
2025-09-04 18:00:00,201.81,204.83,203.97,202.32,265853.66710455,SOL-USD,6h
2025-09-05 00:00:00,201.0,204.92,202.3,204.71,151882.37965178,SOL-USD,6h
2025-09-05 06:00:00,203.95,208.46,204.71,206.68,153962.36619831,SOL-USD,6h
2025-09-05 12:00:00,201.62,210.07,206.68,202.42,620309.74664844,SOL-USD,6h
2025-09-05 18:00:00,201.84,205.7,202.42,203.37,277639.84515014,SOL-USD,6h
2025-09-06 00:00:00,202.12,204.66,203.37,202.25,164996.72189977,SOL-USD,6h
2025-09-06 06:00:00,201.91,203.54,202.25,202.4,76841.6270139,SOL-USD,6h
2025-09-06 12:00:00,199.58,202.87,202.4,200.18,208580.60308439,SOL-USD,6h
2025-09-06 18:00:00,199.34,201.23,200.17,200.18,137644.08058518,SOL-USD,6h
2025-09-07 00:00:00,200.13,203.29,200.19,202.85,149180.55782026,SOL-USD,6h
2025-09-07 06:00:00,202.25,203.98,202.86,203.97,62731.07269928,SOL-USD,6h
2025-09-07 12:00:00,201.74,205.5,203.96,202.0,249375.22508822,SOL-USD,6h
2025-09-07 18:00:00,201.27,207.95,202.0,206.34,374813.19350657,SOL-USD,6h
2025-09-08 00:00:00,205.56,209.0,206.33,207.29,226894.22203388,SOL-USD,6h
2025-09-08 06:00:00,206.6,215.74,207.29,214.25,505712.64005191,SOL-USD,6h
2025-09-08 12:00:00,212.92,216.97,214.24,215.46,749081.73226372,SOL-USD,6h
2025-09-08 18:00:00,213.55,217.17,215.45,214.15,552684.01957367,SOL-USD,6h
2025-09-09 00:00:00,210.81,215.71,214.15,215.25,271459.48769963,SOL-USD,6h
2025-09-09 06:00:00,215.06,219.77,215.25,217.26,306399.13139602,SOL-USD,6h
2025-09-09 12:00:00,211.73,218.58,217.25,214.94,566959.67568165,SOL-USD,6h
2025-09-09 18:00:00,214.47,217.93,214.89,217.26,286368.28537191,SOL-USD,6h
2025-09-10 00:00:00,215.09,219.64,217.23,218.63,329955.51232038,SOL-USD,6h
2025-09-10 06:00:00,217.98,222.91,218.62,220.28,350721.74940265,SOL-USD,6h
2025-09-10 12:00:00,219.8,225.96,220.27,222.69,705916.88868054,SOL-USD,6h
2025-09-10 18:00:00,220.61,224.74,222.71,224.14,266050.53172219,SOL-USD,6h
2025-09-11 00:00:00,221.78,225.7,224.13,222.31,186247.23859373,SOL-USD,6h
2025-09-11 06:00:00,221.97,225.88,222.31,225.12,138350.19524925,SOL-USD,6h
2025-09-11 12:00:00,222.84,229.0,225.12,227.54,615649.74045514,SOL-USD,6h
2025-09-11 18:00:00,225.52,229.05,227.54,228.85,285016.52449893,SOL-USD,6h
2025-09-12 00:00:00,228.21,239.84,228.83,238.69,945163.96804603,SOL-USD,6h
2025-09-12 06:00:00,236.73,239.62,238.69,239.22,325883.1194848,SOL-USD,6h
2025-09-12 12:00:00,237.66,241.88,239.22,240.41,612199.28684683,SOL-USD,6h
2025-09-12 18:00:00,238.53,244.31,240.41,242.36,703661.36475286,SOL-USD,6h
2025-09-13 00:00:00,240.88,244.34,242.35,241.87,366666.01419649,SOL-USD,6h
2025-09-13 06:00:00,241.42,243.89,241.86,242.09,257838.15195161,SOL-USD,6h
2025-09-13 12:00:00,235.35,243.29,242.09,237.91,454439.91907574,SOL-USD,6h
2025-09-13 18:00:00,237.25,243.29,237.89,242.5,331487.23559677,SOL-USD,6h
2025-09-14 00:00:00,242.33,250.0,242.5,247.87,673825.77683613,SOL-USD,6h
2025-09-14 06:00:00,245.71,248.46,247.86,246.23,288908.28105121,SOL-USD,6h
2025-09-14 12:00:00,241.63,248.56,246.24,248.09,499856.36938523,SOL-USD,6h
2025-09-14 18:00:00,239.25,248.08,248.07,239.86,346374.64160226,SOL-USD,6h
2025-09-15 00:00:00,239.23,244.03,239.85,244.02,248524.49044641,SOL-USD,6h
2025-09-15 06:00:00,231.6,244.09,244.01,236.5,522059.64927138,SOL-USD,6h
2025-09-15 12:00:00,230.18,238.17,236.5,233.29,656053.68332635,SOL-USD,6h
2025-09-15 18:00:00,232.0,235.44,233.28,234.35,396842.5536894,SOL-USD,6h
2025-09-16 00:00:00,232.8,236.61,234.33,236.56,313137.24119069,SOL-USD,6h
2025-09-16 06:00:00,234.79,237.04,236.56,235.4,127957.99447043,SOL-USD,6h
2025-09-16 12:00:00,231.34,241.0,235.41,238.21,523265.04626639,SOL-USD,6h
2025-09-16 18:00:00,236.55,239.17,238.21,237.01,313528.79060394,SOL-USD,6h
2025-09-17 00:00:00,233.28,237.9,237.01,235.14,346028.02308443,SOL-USD,6h
2025-09-17 06:00:00,233.74,238.15,235.14,234.25,222947.28656855,SOL-USD,6h
2025-09-17 12:00:00,232.34,237.1,234.25,232.9,294593.52857709,SOL-USD,6h
2025-09-17 18:00:00,232.2,246.73,232.71,244.91,707526.78726174,SOL-USD,6h
2025-09-18 00:00:00,244.21,247.95,244.92,244.98,261962.54357557,SOL-USD,6h
2025-09-18 06:00:00,242.63,247.23,244.99,246.06,146791.12691975,SOL-USD,6h
2025-09-18 12:00:00,245.12,253.61,246.05,251.47,648736.65875375,SOL-USD,6h
2025-09-18 18:00:00,245.71,251.52,251.45,247.56,358221.22371276,SOL-USD,6h
2025-09-19 00:00:00,242.94,248.63,247.59,245.76,195557.47617249,SOL-USD,6h
2025-09-19 06:00:00,240.25,245.78,245.76,241.01,164912.32851389,SOL-USD,6h
2025-09-19 12:00:00,235.88,242.81,241.02,236.78,418655.23074898,SOL-USD,6h
2025-09-19 18:00:00,235.24,238.97,236.77,238.67,260907.2841378,SOL-USD,6h
2025-09-20 00:00:00,237.51,240.11,238.66,239.55,103140.11502028,SOL-USD,6h
2025-09-20 06:00:00,237.03,239.92,239.54,238.29,72641.124901,SOL-USD,6h
2025-09-20 12:00:00,237.18,241.33,238.27,239.26,132076.03276732,SOL-USD,6h
2025-09-20 18:00:00,238.1,240.49,239.26,239.58,72272.48708201,SOL-USD,6h
2025-09-21 00:00:00,239.07,241.93,239.57,240.53,83998.26668225,SOL-USD,6h
2025-09-21 06:00:00,237.24,241.31,240.52,238.79,59030.16602692,SOL-USD,6h
2025-09-21 12:00:00,236.2,240.39,238.8,237.92,105015.99653885,SOL-USD,6h
2025-09-21 18:00:00,235.47,238.3,237.92,236.31,100237.13884412,SOL-USD,6h
2025-09-22 00:00:00,225.2,237.08,236.28,225.48,348173.47995861,SOL-USD,6h
2025-09-22 06:00:00,213.71,225.66,225.34,221.63,571713.4047805,SOL-USD,6h
2025-09-22 12:00:00,218.01,224.22,221.64,221.26,676964.14752913,SOL-USD,6h
2025-09-22 18:00:00,216.56,221.38,221.25,220.56,391731.40216419,SOL-USD,6h
2025-09-23 00:00:00,212.46,221.58,220.56,217.08,356610.37235934,SOL-USD,6h
2025-09-23 06:00:00,217.07,220.96,217.08,219.49,141261.20281401,SOL-USD,6h
2025-09-23 12:00:00,215.98,221.79,219.49,216.78,248722.32790696,SOL-USD,6h
2025-09-23 18:00:00,213.24,217.24,216.78,213.31,258141.8236199,SOL-USD,6h
2025-09-24 00:00:00,204.94,216.49,213.31,209.78,473266.23419693,SOL-USD,6h
2025-09-24 06:00:00,208.67,212.6,209.79,212.36,348014.37911033,SOL-USD,6h
2025-09-24 12:00:00,211.5,216.31,212.36,215.22,337773.02534435,SOL-USD,6h
2025-09-24 18:00:00,210.84,215.32,215.23,211.67,273551.55051445,SOL-USD,6h
2025-09-25 00:00:00,202.8,212.53,211.65,205.47,520009.75886662,SOL-USD,6h
2025-09-25 06:00:00,200.76,205.95,205.46,201.39,308345.78735334,SOL-USD,6h
2025-09-25 12:00:00,193.71,204.95,201.38,194.92,1019863.59079316,SOL-USD,6h
2025-09-25 18:00:00,191.49,200.95,194.92,192.8,737215.92645294,SOL-USD,6h
2025-09-26 00:00:00,192.62,197.64,192.81,195.22,296214.47539339,SOL-USD,6h
2025-09-26 06:00:00,190.82,197.13,195.22,193.54,473070.83087698,SOL-USD,6h
2025-09-26 12:00:00,192.26,202.14,193.54,201.54,1117273.26976395,SOL-USD,6h
2025-09-26 18:00:00,199.11,205.62,201.54,205.26,687328.70870453,SOL-USD,6h
2025-09-27 00:00:00,202.38,205.56,205.26,202.61,151400.85331584,SOL-USD,6h
2025-09-27 06:00:00,200.0,203.3,202.61,201.79,176636.36760555,SOL-USD,6h
2025-09-27 12:00:00,200.97,203.93,201.8,201.96,153076.71042307,SOL-USD,6h
2025-09-27 18:00:00,201.04,205.0,201.95,203.56,80563.58937029,SOL-USD,6h
2025-09-28 00:00:00,200.88,204.18,203.56,201.4,104361.09363872,SOL-USD,6h
2025-09-28 06:00:00,199.3,202.76,201.4,199.92,74783.03112028,SOL-USD,6h
2025-09-28 12:00:00,198.04,205.94,199.92,205.07,241169.67652834,SOL-USD,6h
2025-09-28 18:00:00,204.86,211.04,205.08,210.89,279333.62675236,SOL-USD,6h
2025-09-29 00:00:00,208.81,210.98,210.9,209.21,175403.27480285,SOL-USD,6h
2025-09-29 06:00:00,206.06,209.8,209.19,207.18,122295.70212099,SOL-USD,6h
2025-09-29 12:00:00,204.74,213.67,207.16,210.3,473155.84747019,SOL-USD,6h
2025-09-29 18:00:00,209.24,214.89,210.3,212.85,256723.79084011,SOL-USD,6h
2025-09-30 00:00:00,209.07,213.83,212.84,210.1,231065.6048705,SOL-USD,6h
2025-09-30 06:00:00,205.64,211.03,210.09,207.19,130522.59290513,SOL-USD,6h
2025-09-30 12:00:00,204.25,209.72,207.18,205.69,377475.57738569,SOL-USD,6h
2025-09-30 18:00:00,205.35,210.99,205.68,208.74,413889.25427331,SOL-USD,6h
2025-10-01 00:00:00,206.32,210.99,208.75,209.01,292822.6655846,SOL-USD,6h
2025-10-01 06:00:00,207.86,218.0,209.01,217.89,374400.17957887,SOL-USD,6h
2025-10-01 12:00:00,217.27,221.13,217.88,217.55,421225.73281954,SOL-USD,6h
2025-10-01 18:00:00,217.55,222.88,217.55,222.15,289132.67369595,SOL-USD,6h
2025-10-02 00:00:00,219.64,226.79,222.17,224.25,353269.71300854,SOL-USD,6h
2025-10-02 06:00:00,222.58,226.84,224.24,225.39,160707.40097063,SOL-USD,6h
2025-10-02 12:00:00,222.71,230.53,225.4,230.0,536757.38894202,SOL-USD,6h
2025-10-02 18:00:00,229.95,235.07,230.0,234.87,589418.58231382,SOL-USD,6h
2025-10-03 00:00:00,230.47,235.02,234.87,231.35,265838.44707949,SOL-USD,6h
2025-10-03 06:00:00,227.78,231.98,231.36,230.94,201240.38400827,SOL-USD,6h
2025-10-03 12:00:00,227.26,237.15,230.96,230.23,583621.6337985,SOL-USD,6h
2025-10-03 18:00:00,229.27,235.68,230.24,232.98,392528.84965579,SOL-USD,6h
2025-10-04 00:00:00,228.07,234.21,232.98,230.15,227788.93368131,SOL-USD,6h
2025-10-04 06:00:00,228.36,230.69,230.15,229.31,79038.75857499,SOL-USD,6h
2025-10-04 12:00:00,224.29,230.03,229.31,226.7,234896.10299797,SOL-USD,6h
2025-10-04 18:00:00,225.89,228.37,226.7,227.96,76363.37575548,SOL-USD,6h
2025-10-05 00:00:00,226.62,235.0,227.95,234.55,274390.72757568,SOL-USD,6h
2025-10-05 06:00:00,230.8,237.27,234.55,232.71,193941.05070565,SOL-USD,6h
2025-10-05 12:00:00,228.52,232.7,232.7,229.79,139101.70386089,SOL-USD,6h
2025-10-05 18:00:00,226.75,229.99,229.78,228.68,161335.41888742,SOL-USD,6h
2025-10-06 00:00:00,227.63,233.41,228.68,232.4,308313.22035278,SOL-USD,6h
2025-10-06 06:00:00,230.72,234.93,232.4,233.11,178540.46605437,SOL-USD,6h
2025-10-06 12:00:00,232.76,237.96,233.11,236.57,430702.20672685,SOL-USD,6h
2025-10-06 18:00:00,231.82,237.39,236.57,232.45,366510.18864893,SOL-USD,6h
2025-10-07 00:00:00,231.1,235.28,232.46,233.64,227045.80518447,SOL-USD,6h
2025-10-07 06:00:00,228.42,233.95,233.62,230.63,187582.79687072,SOL-USD,6h
2025-10-07 12:00:00,221.49,231.87,230.63,222.81,559648.13640493,SOL-USD,6h
2025-10-07 18:00:00,219.81,224.37,222.82,220.05,326511.69985608,SOL-USD,6h
2025-10-08 00:00:00,217.44,222.91,220.06,219.55,276975.95706728,SOL-USD,6h
2025-10-08 06:00:00,218.67,222.71,219.57,221.26,145508.98408923,SOL-USD,6h
2025-10-08 12:00:00,218.89,227.84,221.27,227.04,326008.84130316,SOL-USD,6h
2025-10-08 18:00:00,226.53,229.77,227.04,229.14,438370.08152199,SOL-USD,6h
2025-10-09 00:00:00,223.92,229.73,229.1,227.83,276537.98517397,SOL-USD,6h
2025-10-09 06:00:00,219.39,228.47,227.84,223.23,187077.37230028,SOL-USD,6h
2025-10-09 12:00:00,216.75,226.41,223.23,219.41,412963.65423026,SOL-USD,6h
2025-10-09 18:00:00,217.26,221.83,219.4,221.03,261927.29309216,SOL-USD,6h
2025-10-10 00:00:00,219.61,222.98,221.03,221.75,189416.13428959,SOL-USD,6h
2025-10-10 06:00:00,217.45,222.52,221.74,221.21,183202.82287696,SOL-USD,6h
2025-10-10 12:00:00,208.88,224.52,221.21,209.76,818702.34258967,SOL-USD,6h
2025-10-10 18:00:00,176.85,210.08,209.75,188.82,2016803.33921762,SOL-USD,6h
2025-10-11 00:00:00,180.18,191.24,188.83,182.65,975337.26594604,SOL-USD,6h
2025-10-11 06:00:00,181.88,188.49,182.66,184.01,429698.38199203,SOL-USD,6h
2025-10-11 12:00:00,181.0,185.23,183.99,183.28,413159.74985008,SOL-USD,6h
2025-10-11 18:00:00,172.78,183.46,183.25,177.82,700438.10064077,SOL-USD,6h
2025-10-12 00:00:00,173.17,182.2,177.83,181.62,470413.49114907,SOL-USD,6h
2025-10-12 06:00:00,180.44,183.18,181.62,181.02,185720.24941825,SOL-USD,6h
2025-10-12 12:00:00,178.25,196.29,181.01,194.75,776436.3060034,SOL-USD,6h
2025-10-12 18:00:00,191.83,199.19,194.76,197.2,584585.29241197,SOL-USD,6h
2025-10-13 00:00:00,193.69,200.17,197.2,194.17,271639.77633584,SOL-USD,6h
2025-10-13 06:00:00,190.34,199.75,194.18,192.74,255697.15047496,SOL-USD,6h
2025-10-13 12:00:00,191.48,205.84,192.73,205.17,501202.83663538,SOL-USD,6h
2025-10-13 18:00:00,204.14,209.48,205.14,208.87,481858.36379333,SOL-USD,6h
2025-10-14 00:00:00,199.04,211.47,208.87,199.82,609689.13046076,SOL-USD,6h
2025-10-14 06:00:00,191.23,200.92,199.84,195.48,874786.7417367,SOL-USD,6h
2025-10-14 12:00:00,191.69,208.97,195.48,201.88,1016568.71263785,SOL-USD,6h
2025-10-14 18:00:00,197.19,204.34,201.88,202.55,455677.1647044,SOL-USD,6h
2025-10-15 00:00:00,200.6,205.96,202.54,204.57,244638.88962268,SOL-USD,6h
2025-10-15 06:00:00,202.09,209.0,204.54,202.76,291539.73115454,SOL-USD,6h
2025-10-15 12:00:00,195.25,205.0,202.75,198.28,777560.64018395,SOL-USD,6h
2025-10-15 18:00:00,192.18,198.41,198.25,193.94,357540.29960835,SOL-USD,6h
2025-10-16 00:00:00,191.46,196.23,193.93,192.57,237744.00875418,SOL-USD,6h
2025-10-16 06:00:00,186.93,197.25,192.56,196.89,279126.7695365,SOL-USD,6h
2025-10-16 12:00:00,186.42,198.5,196.91,189.7,708604.44460386,SOL-USD,6h
2025-10-16 18:00:00,182.0,189.9,189.69,184.88,597802.27248944,SOL-USD,6h
2025-10-17 00:00:00,184.3,187.58,184.85,185.72,196209.40500291,SOL-USD,6h
2025-10-17 06:00:00,174.1,186.51,185.72,181.43,834949.93127968,SOL-USD,6h
2025-10-17 12:00:00,176.32,185.04,181.43,183.81,677514.27368871,SOL-USD,6h
2025-10-17 18:00:00,181.5,186.1,183.82,182.05,306422.51258068,SOL-USD,6h
2025-10-18 00:00:00,181.81,185.57,182.01,184.62,160298.18886854,SOL-USD,6h
2025-10-18 06:00:00,184.28,188.42,184.62,186.17,150140.53343097,SOL-USD,6h
2025-10-18 12:00:00,183.38,187.5,186.18,185.99,155367.4063411,SOL-USD,6h
2025-10-18 18:00:00,185.33,187.91,185.99,187.63,122180.36086224,SOL-USD,6h
2025-10-19 00:00:00,184.88,187.96,187.62,186.6,129455.11050802,SOL-USD,6h
2025-10-19 06:00:00,183.22,190.05,186.59,189.05,219403.85134874,SOL-USD,6h
2025-10-19 12:00:00,188.2,192.33,189.06,190.1,284729.91351046,SOL-USD,6h
2025-10-19 18:00:00,186.99,190.43,190.1,187.94,216733.51767201,SOL-USD,6h
2025-10-20 00:00:00,183.89,193.42,187.94,193.09,263348.12977341,SOL-USD,6h
2025-10-20 06:00:00,191.07,194.63,193.08,192.26,122856.96292575,SOL-USD,6h
2025-10-20 12:00:00,185.61,193.05,192.25,187.67,265913.54020021,SOL-USD,6h
2025-10-20 18:00:00,187.08,191.23,187.67,189.79,245780.73144001,SOL-USD,6h
2025-10-21 00:00:00,182.66,190.32,189.79,183.89,267371.58439787,SOL-USD,6h
2025-10-21 06:00:00,183.22,186.78,183.9,186.32,111863.19130278,SOL-USD,6h
2025-10-21 12:00:00,184.03,197.81,186.33,194.93,645309.16543631,SOL-USD,6h
2025-10-21 18:00:00,185.08,195.53,194.92,185.71,487829.67688232,SOL-USD,6h
2025-10-22 00:00:00,183.42,187.53,185.7,184.7,235945.97381864,SOL-USD,6h
2025-10-22 06:00:00,182.06,186.06,184.68,185.12,158363.00211749,SOL-USD,6h
2025-10-22 12:00:00,181.32,186.98,185.12,181.68,571238.59455188,SOL-USD,6h
2025-10-22 18:00:00,177.24,182.57,181.69,180.16,496986.21187471,SOL-USD,6h
2025-10-23 00:00:00,179.71,184.91,180.15,184.9,257312.91653445,SOL-USD,6h
2025-10-23 06:00:00,184.63,189.52,184.88,188.02,175132.61030051,SOL-USD,6h
2025-10-23 12:00:00,186.66,193.5,188.01,192.57,420356.08325704,SOL-USD,6h
2025-10-23 18:00:00,188.39,192.94,192.57,191.43,202208.7523448,SOL-USD,6h
2025-10-24 00:00:00,190.84,194.6,191.42,193.37,198170.78587367,SOL-USD,6h
2025-10-24 06:00:00,190.63,193.74,193.37,192.21,152378.42861442,SOL-USD,6h
2025-10-24 12:00:00,188.83,196.79,192.21,191.18,407565.12457907,SOL-USD,6h
2025-10-24 18:00:00,191.04,194.17,191.18,193.63,189997.1473011,SOL-USD,6h
2025-10-25 00:00:00,192.38,194.8,193.62,194.5,101057.04225418,SOL-USD,6h
2025-10-25 06:00:00,191.26,195.29,194.5,192.78,97065.86670341,SOL-USD,6h
2025-10-25 12:00:00,191.88,194.29,192.78,191.99,37054.36524148,SOL-USD,6h
2025-10-25 18:00:00,193.86,195.0,194.08,193.87,53456.27041994,SOL-USD,6h
2025-10-26 00:00:00,191.96,194.42,193.86,193.64,67707.66184152,SOL-USD,6h
2025-10-26 06:00:00,193.53,197.9,193.64,197.74,125507.93164854,SOL-USD,6h
2025-10-26 12:00:00,196.91,199.89,197.75,198.94,185112.81930035,SOL-USD,6h
2025-10-26 18:00:00,196.85,202.19,198.94,200.07,256645.67651199,SOL-USD,6h
2025-10-27 00:00:00,199.52,205.32,200.05,204.34,231169.57337727,SOL-USD,6h
2025-10-27 06:00:00,198.25,205.22,204.33,200.17,204644.00234291,SOL-USD,6h
2025-10-27 12:00:00,198.33,203.3,200.17,202.3,289985.40024195,SOL-USD,6h
2025-10-27 18:00:00,197.25,203.28,202.29,198.68,217678.24676606,SOL-USD,6h
2025-10-28 00:00:00,198.41,202.15,198.67,198.74,185930.69795015,SOL-USD,6h
2025-10-28 06:00:00,198.73,203.95,198.74,199.72,160726.60071438,SOL-USD,6h
2025-10-28 12:00:00,196.7,203.06,199.73,200.86,438056.45496498,SOL-USD,6h
2025-10-28 18:00:00,190.37,201.3,200.86,194.21,388946.11585773,SOL-USD,6h
2025-10-29 00:00:00,192.78,195.83,194.21,195.21,133940.75711417,SOL-USD,6h
2025-10-29 06:00:00,193.78,199.4,195.2,198.77,109779.6532252,SOL-USD,6h
2025-10-29 12:00:00,194.72,201.71,198.76,198.5,435583.60757302,SOL-USD,6h
2025-10-29 18:00:00,189.55,198.72,198.51,193.95,666929.8818005,SOL-USD,6h
2025-10-30 00:00:00,190.24,198.2,193.92,195.19,294377.40634169,SOL-USD,6h
2025-10-30 06:00:00,191.1,196.2,195.17,191.87,158586.2829744,SOL-USD,6h
2025-10-30 12:00:00,181.4,192.06,191.86,183.68,598356.44901403,SOL-USD,6h
2025-10-30 18:00:00,178.58,184.8,183.8,184.67,524627.92992848,SOL-USD,6h
2025-10-31 00:00:00,183.69,186.99,184.69,185.67,218427.36375201,SOL-USD,6h
2025-10-31 06:00:00,184.53,189.12,185.67,188.79,97277.57542341,SOL-USD,6h
2025-10-31 12:00:00,184.29,190.2,188.78,185.27,560566.51584152,SOL-USD,6h
2025-10-31 18:00:00,184.36,189.04,185.27,187.14,312789.26765974,SOL-USD,6h
2025-11-01 00:00:00,185.42,187.42,187.12,186.12,177346.17612534,SOL-USD,6h
2025-11-01 06:00:00,184.89,186.62,186.12,186.11,61012.34253191,SOL-USD,6h
2025-11-01 12:00:00,183.7,187.05,186.12,184.92,124488.92542054,SOL-USD,6h
2025-11-01 18:00:00,184.81,186.85,184.9,186.26,99362.89516032,SOL-USD,6h
2025-11-02 00:00:00,184.62,187.94,186.26,187.02,105156.32760824,SOL-USD,6h
2025-11-02 06:00:00,184.39,188.26,187.02,186.11,96600.67841686,SOL-USD,6h
2025-11-02 12:00:00,182.04,186.49,186.09,184.41,142560.72401259,SOL-USD,6h
2025-11-02 18:00:00,183.03,188.09,184.4,187.67,118266.74336763,SOL-USD,6h
2025-11-03 00:00:00,175.88,189.05,187.67,176.79,415658.88581294,SOL-USD,6h
2025-11-03 06:00:00,173.66,177.24,176.77,175.29,254808.21781552,SOL-USD,6h
2025-11-03 12:00:00,164.85,176.92,175.28,169.91,640517.91823228,SOL-USD,6h
2025-11-03 18:00:00,163.2,170.12,169.91,166.01,631235.19111451,SOL-USD,6h
2025-11-04 00:00:00,157.07,168.36,166.01,157.62,694264.83646015,SOL-USD,6h
2025-11-04 06:00:00,155.8,162.16,157.62,161.64,500271.70703222,SOL-USD,6h
2025-11-04 12:00:00,152.9,165.2,161.66,156.09,749399.64215215,SOL-USD,6h
2025-11-04 18:00:00,146.44,157.35,156.1,154.99,1275335.59146065,SOL-USD,6h
2025-11-05 00:00:00,147.24,158.54,154.99,157.51,771251.74475044,SOL-USD,6h
2025-11-05 06:00:00,153.68,158.18,157.52,157.51,246206.8804548,SOL-USD,6h
2025-11-05 12:00:00,156.81,162.53,157.51,162.02,628348.91127417,SOL-USD,6h
2025-11-05 18:00:00,161.09,163.99,162.02,162.35,348559.55564255,SOL-USD,6h
2025-11-06 00:00:00,158.86,162.94,162.35,159.32,229553.22254555,SOL-USD,6h
2025-11-06 06:00:00,157.65,159.97,159.29,158.83,146409.86743762,SOL-USD,6h
2025-11-06 12:00:00,147.68,161.46,158.81,157.18,631861.21176883,SOL-USD,6h
2025-11-06 18:00:00,153.37,158.59,157.17,155.2,271707.74090806,SOL-USD,6h
2025-11-07 00:00:00,154.13,158.53,155.18,158.0,263935.30919833,SOL-USD,6h
2025-11-07 06:00:00,151.59,158.2,158.01,153.77,196975.6960389,SOL-USD,6h
2025-11-07 12:00:00,149.72,161.53,153.77,161.1,661730.19586009,SOL-USD,6h
2025-11-07 18:00:00,160.82,164.4,161.07,161.71,428033.5391559,SOL-USD,6h
2025-11-08 00:00:00,160.37,164.83,161.69,161.3,266355.0743402,SOL-USD,6h
2025-11-08 06:00:00,158.97,162.28,161.3,159.31,149280.92782542,SOL-USD,6h
2025-11-08 12:00:00,155.75,159.64,159.32,157.56,197765.02848649,SOL-USD,6h
2025-11-08 18:00:00,156.19,158.41,157.6,157.97,112314.68658438,SOL-USD,6h
2025-11-09 00:00:00,155.08,158.29,157.98,158.06,123962.369366,SOL-USD,6h
2025-11-09 06:00:00,157.23,159.88,158.05,159.03,123600.64346141,SOL-USD,6h
2025-11-09 12:00:00,158.56,163.95,159.03,161.78,286144.05876214,SOL-USD,6h
2025-11-09 18:00:00,161.34,166.54,161.79,164.52,301125.11364195,SOL-USD,6h
2025-11-10 00:00:00,163.38,168.93,164.5,167.51,329912.55080376,SOL-USD,6h
2025-11-10 06:00:00,166.11,169.74,167.54,168.29,146900.49061518,SOL-USD,6h
2025-11-10 12:00:00,165.12,170.45,168.29,167.73,310742.48349119,SOL-USD,6h
2025-11-10 18:00:00,164.72,168.4,167.73,167.31,238038.06655139,SOL-USD,6h
2025-11-11 00:00:00,164.9,171.89,167.31,165.11,332865.97434242,SOL-USD,6h
2025-11-11 06:00:00,162.72,165.27,165.16,163.65,230042.03466071,SOL-USD,6h
2025-11-11 12:00:00,158.22,164.37,163.66,159.47,377285.08434131,SOL-USD,6h
2025-11-11 18:00:00,153.84,159.76,159.46,154.54,304978.47016782,SOL-USD,6h
2025-11-12 00:00:00,153.49,156.03,154.54,155.45,217093.54673509,SOL-USD,6h
2025-11-12 06:00:00,154.8,161.16,155.45,160.02,231043.75620607,SOL-USD,6h
2025-11-12 12:00:00,152.12,161.05,160.03,153.31,440056.71114107,SOL-USD,6h
2025-11-12 18:00:00,151.16,154.65,153.31,153.36,271108.80345285,SOL-USD,6h
2025-11-13 00:00:00,150.23,156.78,153.39,156.12,291711.19520666,SOL-USD,6h
2025-11-13 06:00:00,153.82,157.19,156.11,156.23,150926.13554367,SOL-USD,6h
2025-11-13 12:00:00,146.72,156.93,156.24,147.03,533229.6016754,SOL-USD,6h
2025-11-13 18:00:00,141.01,147.7,147.03,144.7,810644.09040416,SOL-USD,6h
2025-11-14 00:00:00,138.72,145.63,144.7,143.11,483638.68178669,SOL-USD,6h
2025-11-14 06:00:00,139.75,144.36,143.11,140.69,325341.16433239,SOL-USD,6h
2025-11-14 12:00:00,135.64,144.12,140.69,141.33,867150.50084848,SOL-USD,6h
2025-11-14 18:00:00,137.13,143.49,141.34,138.8,345100.08698524,SOL-USD,6h
2025-11-15 00:00:00,138.63,143.25,138.81,142.76,150596.55677403,SOL-USD,6h
2025-11-15 06:00:00,139.87,143.5,142.75,140.12,146975.29994866,SOL-USD,6h
2025-11-15 12:00:00,139.88,144.63,140.12,143.34,175658.40174002,SOL-USD,6h
2025-11-15 18:00:00,138.5,143.41,143.36,139.55,172263.66044889,SOL-USD,6h
2025-11-16 00:00:00,137.3,142.11,139.56,141.36,157504.87260132,SOL-USD,6h
2025-11-16 06:00:00,139.46,143.25,141.36,139.88,95100.51588197,SOL-USD,6h
2025-11-16 12:00:00,134.34,140.75,139.85,135.74,367278.90154685,SOL-USD,6h
2025-11-16 18:00:00,134.8,138.43,135.71,137.07,323481.91492203,SOL-USD,6h
2025-11-17 00:00:00,135.98,140.72,137.07,140.5,245500.06543168,SOL-USD,6h
2025-11-17 06:00:00,140.03,142.7,140.5,141.77,190546.68804017,SOL-USD,6h
2025-11-17 12:00:00,131.63,143.23,141.78,131.95,570005.63246119,SOL-USD,6h
2025-11-17 18:00:00,128.64,133.0,131.91,130.82,738938.67919303,SOL-USD,6h
2025-11-18 00:00:00,128.87,136.59,130.84,135.81,529231.21761731,SOL-USD,6h
2025-11-18 06:00:00,134.81,139.0,135.81,137.69,349637.11685079,SOL-USD,6h
2025-11-18 12:00:00,136.65,142.03,137.71,139.99,620765.77092778,SOL-USD,6h
2025-11-18 18:00:00,139.55,142.06,139.99,140.63,411081.98031858,SOL-USD,6h
2025-11-19 00:00:00,137.01,142.74,140.62,137.89,322356.02441077,SOL-USD,6h
2025-11-19 06:00:00,137.49,141.02,137.89,138.48,154617.17727705,SOL-USD,6h
2025-11-19 12:00:00,130.0,139.12,138.48,132.08,739165.32374568,SOL-USD,6h
2025-11-19 18:00:00,130.4,136.94,132.07,136.93,655275.53012835,SOL-USD,6h
2025-11-20 00:00:00,136.23,144.66,136.93,143.97,771291.64426931,SOL-USD,6h
2025-11-20 06:00:00,140.95,144.2,143.97,141.96,209913.82470568,SOL-USD,6h
2025-11-20 12:00:00,131.0,143.27,141.96,132.67,1138965.90060243,SOL-USD,6h
2025-11-20 18:00:00,131.51,136.52,132.67,133.48,1107314.78249596,SOL-USD,6h
2025-11-21 00:00:00,130.31,134.95,133.49,131.93,608427.10764863,SOL-USD,6h
2025-11-21 06:00:00,122.0,132.2,131.94,124.14,917289.15971846,SOL-USD,6h
2025-11-21 12:00:00,121.47,130.5,124.13,129.1,1539700.33301138,SOL-USD,6h
2025-11-21 18:00:00,125.0,130.29,129.11,128.57,773772.42841542,SOL-USD,6h
2025-11-22 00:00:00,125.3,129.87,128.59,126.15,404358.19395179,SOL-USD,6h
2025-11-22 06:00:00,125.26,128.29,126.16,126.57,217784.79633355,SOL-USD,6h
2025-11-22 12:00:00,125.03,128.51,126.6,127.51,292805.56046865,SOL-USD,6h
2025-11-22 18:00:00,126.02,128.8,127.53,127.52,179504.86324104,SOL-USD,6h
2025-11-23 00:00:00,127.47,131.85,127.51,130.47,284690.57709227,SOL-USD,6h
2025-11-23 06:00:00,128.03,130.85,130.48,129.66,209888.50728146,SOL-USD,6h
2025-11-23 12:00:00,129.6,133.4,129.69,131.33,283813.43099452,SOL-USD,6h
2025-11-23 18:00:00,130.45,133.47,131.34,130.53,249529.11525814,SOL-USD,6h
2025-11-24 00:00:00,129.25,134.35,130.54,132.86,397427.44246735,SOL-USD,6h
2025-11-24 06:00:00,128.35,132.94,132.88,129.55,296976.5826308,SOL-USD,6h
2025-11-24 12:00:00,128.46,137.15,129.54,136.87,537618.94206442,SOL-USD,6h
2025-11-24 18:00:00,136.44,139.85,136.88,138.4,512282.46787218,SOL-USD,6h
2025-11-25 00:00:00,137.21,138.97,138.38,138.55,169984.63755776,SOL-USD,6h
2025-11-25 06:00:00,134.73,138.6,138.54,136.27,328963.40013396,SOL-USD,6h
2025-11-25 12:00:00,133.11,137.99,136.27,136.85,541073.41571364,SOL-USD,6h
2025-11-25 18:00:00,134.14,140.47,136.85,138.9,437954.21083335,SOL-USD,6h
2025-11-26 00:00:00,137.65,140.63,138.89,138.96,269845.84758272,SOL-USD,6h
2025-11-26 06:00:00,136.15,139.89,138.94,136.85,165631.32662966,SOL-USD,6h
2025-11-26 12:00:00,135.45,141.0,136.84,140.71,459965.904273,SOL-USD,6h
2025-11-26 18:00:00,140.66,144.74,140.71,143.0,565934.04695907,SOL-USD,6h
2025-11-27 00:00:00,142.04,144.14,143.0,142.76,252550.36308306,SOL-USD,6h
2025-11-27 06:00:00,141.5,144.25,142.75,142.05,216592.91470163,SOL-USD,6h
2025-11-27 12:00:00,140.66,142.54,142.05,141.58,231603.76355343,SOL-USD,6h
2025-11-27 18:00:00,140.45,143.11,141.57,140.83,152225.98991867,SOL-USD,6h
2025-11-28 00:00:00,138.56,141.44,140.82,140.33,215048.38846598,SOL-USD,6h
2025-11-28 06:00:00,138.9,142.66,140.34,140.98,173517.15156053,SOL-USD,6h
2025-11-28 12:00:00,136.78,143.6,140.98,137.2,560537.78797969,SOL-USD,6h
2025-11-28 18:00:00,136.0,138.3,137.2,137.36,198216.03248236,SOL-USD,6h
2025-11-29 00:00:00,136.76,137.92,137.33,137.23,81614.18223213,SOL-USD,6h
2025-11-29 06:00:00,136.3,137.62,137.23,137.36,90679.16906071,SOL-USD,6h
2025-11-29 12:00:00,136.19,138.1,137.36,136.26,100422.16321451,SOL-USD,6h
2025-11-29 18:00:00,134.86,136.57,136.3,135.95,153821.8224402,SOL-USD,6h
2025-11-30 00:00:00,135.28,136.98,135.95,135.79,108191.46910077,SOL-USD,6h
2025-11-30 06:00:00,135.55,137.11,135.79,136.46,93638.2494464,SOL-USD,6h
2025-11-30 12:00:00,136.21,140.19,136.46,138.47,197618.56677477,SOL-USD,6h
2025-11-30 18:00:00,133.26,138.68,138.47,133.47,304010.89330217,SOL-USD,6h
2025-12-01 00:00:00,125.77,133.74,133.48,126.11,581612.42882652,SOL-USD,6h
2025-12-01 06:00:00,126.0,128.0,126.1,127.1,181753.58236044,SOL-USD,6h
2025-12-01 12:00:00,123.08,127.68,127.09,124.45,940425.1712405,SOL-USD,6h
2025-12-01 18:00:00,123.26,127.93,124.45,126.66,431549.6650198,SOL-USD,6h
2025-12-02 00:00:00,126.01,128.53,126.65,126.72,235458.39835385,SOL-USD,6h
2025-12-02 06:00:00,126.0,128.8,126.72,128.31,162211.25372099,SOL-USD,6h
2025-12-02 12:00:00,128.19,140.93,128.3,139.49,758553.64853254,SOL-USD,6h
2025-12-02 18:00:00,138.21,140.68,139.48,138.7,267497.87073461,SOL-USD,6h
2025-12-03 00:00:00,137.78,143.32,138.69,143.08,277667.73693311,SOL-USD,6h
2025-12-03 06:00:00,140.79,144.3,143.09,141.75,161802.51824815,SOL-USD,6h
2025-12-03 12:00:00,138.81,143.57,141.75,141.83,366248.00847113,SOL-USD,6h
2025-12-03 18:00:00,140.67,146.1,141.84,144.68,422540.26872582,SOL-USD,6h
2025-12-04 00:00:00,142.97,146.92,144.68,143.26,235904.69945012,SOL-USD,6h
2025-12-04 06:00:00,142.67,144.3,143.25,143.06,159235.14885835,SOL-USD,6h
2025-12-04 12:00:00,141.07,144.29,143.05,142.19,418245.48659565,SOL-USD,6h
2025-12-04 18:00:00,137.81,142.27,142.19,139.06,335359.43825515,SOL-USD,6h
2025-12-05 00:00:00,137.85,140.25,139.05,138.1,178644.12810135,SOL-USD,6h
2025-12-05 06:00:00,136.17,140.76,138.1,137.03,230437.38594749,SOL-USD,6h
2025-12-05 12:00:00,131.15,137.21,137.02,132.2,454110.56107688,SOL-USD,6h
2025-12-05 18:00:00,130.81,133.4,132.19,133.33,259097.7608294,SOL-USD,6h
2025-12-06 00:00:00,132.82,134.2,133.32,133.1,131987.94160842,SOL-USD,6h
2025-12-06 06:00:00,131.86,133.31,133.1,133.24,69372.88473851,SOL-USD,6h
2025-12-06 12:00:00,132.25,133.99,133.23,132.99,111681.58092073,SOL-USD,6h
2025-12-06 18:00:00,131.33,133.24,132.99,132.23,130150.31978756,SOL-USD,6h
2025-12-07 00:00:00,131.93,133.59,132.23,132.84,83468.15542652,SOL-USD,6h
2025-12-07 06:00:00,131.56,133.25,132.82,132.44,68580.94216241,SOL-USD,6h
2025-12-07 12:00:00,127.73,135.56,132.43,134.81,317984.00185749,SOL-USD,6h
2025-12-07 18:00:00,129.8,136.37,134.83,132.28,272267.96730859,SOL-USD,6h
2025-12-08 00:00:00,131.54,135.42,132.28,135.19,224697.11199671,SOL-USD,6h
2025-12-08 06:00:00,134.7,139.36,135.2,138.39,290535.57877794,SOL-USD,6h
2025-12-08 12:00:00,134.78,139.35,138.4,135.83,375343.1726909,SOL-USD,6h
2025-12-08 18:00:00,132.47,136.27,135.84,133.28,240518.94567726,SOL-USD,6h
2025-12-09 00:00:00,131.81,134.44,133.26,132.12,152334.7243696,SOL-USD,6h
2025-12-09 06:00:00,131.98,133.41,132.12,132.93,87754.58329139,SOL-USD,6h
2025-12-09 12:00:00,131.6,144.9,132.94,143.11,672786.63386155,SOL-USD,6h
2025-12-09 18:00:00,136.73,143.27,143.11,137.88,367418.6471632,SOL-USD,6h
2025-12-10 00:00:00,137.21,140.23,137.87,139.17,197901.03171818,SOL-USD,6h
2025-12-10 06:00:00,136.3,139.83,139.16,137.22,156460.3752852,SOL-USD,6h
2025-12-10 12:00:00,135.72,138.17,137.2,136.85,261164.23953152,SOL-USD,6h
2025-12-10 18:00:00,135.41,142.62,136.84,136.31,683478.96079397,SOL-USD,6h
2025-12-11 00:00:00,129.04,136.47,136.29,131.22,386124.50287943,SOL-USD,6h
2025-12-11 06:00:00,130.21,131.47,131.22,130.94,89082.33949327,SOL-USD,6h
2025-12-11 12:00:00,129.87,132.91,130.96,132.36,508539.66569287,SOL-USD,6h
2025-12-11 18:00:00,132.02,137.84,132.37,136.44,500821.19420133,SOL-USD,6h
2025-12-12 00:00:00,135.38,138.95,136.43,138.93,166774.19622319,SOL-USD,6h
2025-12-12 06:00:00,137.23,140.16,138.9,138.74,143797.28288403,SOL-USD,6h
2025-12-12 12:00:00,131.38,139.87,138.74,132.15,509147.62253212,SOL-USD,6h
2025-12-12 18:00:00,130.35,133.3,132.15,132.32,297097.15931528,SOL-USD,6h
2025-12-13 00:00:00,132.28,133.01,132.31,132.7,107991.73166992,SOL-USD,6h
2025-12-13 06:00:00,132.4,134.29,132.69,133.32,63300.94057258,SOL-USD,6h
2025-12-13 12:00:00,132.16,133.83,133.33,132.24,101670.54278249,SOL-USD,6h
2025-12-13 18:00:00,131.65,133.3,132.16,133.17,87487.95840632,SOL-USD,6h
2025-12-14 00:00:00,132.08,133.69,133.16,132.67,81506.21556732,SOL-USD,6h
2025-12-14 06:00:00,130.2,133.51,132.66,131.52,113707.59013773,SOL-USD,6h
2025-12-14 12:00:00,129.43,131.92,131.48,130.06,146687.22468192,SOL-USD,6h
2025-12-14 18:00:00,128.0,130.79,130.06,129.41,222727.25919372,SOL-USD,6h
2025-12-15 00:00:00,129.31,133.26,129.39,131.99,235228.14874584,SOL-USD,6h
2025-12-15 06:00:00,131.69,133.03,131.99,132.27,69172.61986972,SOL-USD,6h
2025-12-15 12:00:00,124.52,135.43,132.28,124.92,767792.32247032,SOL-USD,6h
2025-12-15 18:00:00,123.58,127.86,124.92,127.8,492947.2554675,SOL-USD,6h
2025-12-16 00:00:00,124.87,128.05,127.79,126.38,236659.44553785,SOL-USD,6h
2025-12-16 06:00:00,125.4,129.01,126.37,128.61,156242.99534187,SOL-USD,6h
2025-12-16 12:00:00,126.07,130.11,128.6,127.24,571254.52693203,SOL-USD,6h
2025-12-16 18:00:00,126.69,129.53,127.23,129.11,314241.68256648,SOL-USD,6h
2025-12-17 00:00:00,126.99,129.8,129.13,127.57,179657.42255457,SOL-USD,6h
2025-12-17 06:00:00,125.92,128.52,127.58,127.55,117650.68132052,SOL-USD,6h
2025-12-17 12:00:00,122.52,133.97,127.55,123.03,916210.82999054,SOL-USD,6h
2025-12-17 18:00:00,121.26,123.95,123.04,123.21,402446.42547577,SOL-USD,6h
2025-12-18 00:00:00,122.3,124.1,123.22,122.35,227811.04205315,SOL-USD,6h
2025-12-18 06:00:00,122.16,124.1,122.36,123.97,119419.8379317,SOL-USD,6h
2025-12-18 12:00:00,120.5,128.97,123.97,122.9,859610.12338555,SOL-USD,6h
2025-12-18 18:00:00,116.82,123.86,122.9,119.52,704297.09456366,SOL-USD,6h
2025-12-19 00:00:00,117.55,123.29,119.52,122.54,406294.39712682,SOL-USD,6h
2025-12-19 06:00:00,122.13,125.67,122.53,125.29,218057.81215966,SOL-USD,6h
2025-12-19 12:00:00,123.55,127.65,125.3,123.55,421982.21259286,SOL-USD,6h
2025-12-19 18:00:00,123.53,127.79,123.59,126.19,235899.6574286,SOL-USD,6h
2025-12-20 00:00:00,125.22,126.62,126.2,126.32,86767.08767264,SOL-USD,6h
2025-12-20 06:00:00,125.82,126.83,126.32,126.41,45540.74777368,SOL-USD,6h
2025-12-20 12:00:00,125.39,126.67,126.42,125.95,92103.69832374,SOL-USD,6h
2025-12-20 18:00:00,125.54,126.49,125.95,125.75,91033.09483461,SOL-USD,6h
2025-12-21 00:00:00,124.56,126.08,125.75,125.25,73159.2266301,SOL-USD,6h
2025-12-21 06:00:00,124.75,126.58,125.25,125.44,63295.82970716,SOL-USD,6h
2025-12-21 12:00:00,123.37,126.29,125.44,125.46,158198.87898122,SOL-USD,6h
2025-12-21 18:00:00,124.33,126.26,125.45,126.0,104345.91100383,SOL-USD,6h
2025-12-22 00:00:00,124.5,128.49,126.0,126.27,217272.33433016,SOL-USD,6h
2025-12-22 06:00:00,125.42,127.4,126.26,126.97,122429.99134081,SOL-USD,6h
2025-12-22 12:00:00,126.27,128.7,126.95,126.86,289663.23987391,SOL-USD,6h
2025-12-22 18:00:00,124.13,127.43,126.86,125.85,282958.9612425,SOL-USD,6h
2025-12-23 00:00:00,124.5,126.86,125.84,124.89,102793.07896842,SOL-USD,6h
2025-12-23 06:00:00,123.68,125.23,124.9,124.8,103184.57367368,SOL-USD,6h
2025-12-23 12:00:00,122.11,124.93,124.79,122.82,290631.17682124,SOL-USD,6h
2025-12-23 18:00:00,122.79,125.55,122.81,123.92,231008.0659313,SOL-USD,6h
2025-12-24 00:00:00,121.03,124.22,123.92,121.37,163976.09916447,SOL-USD,6h
2025-12-24 06:00:00,120.47,122.15,121.37,121.97,137090.68334059,SOL-USD,6h
2025-12-24 12:00:00,120.58,123.37,121.97,121.92,291825.10787884,SOL-USD,6h
2025-12-24 18:00:00,121.68,123.31,121.92,122.44,114183.98280036,SOL-USD,6h
2025-12-25 00:00:00,121.97,123.07,122.44,122.29,54210.28063525,SOL-USD,6h
2025-12-25 06:00:00,121.21,122.58,122.28,121.59,71205.20369986,SOL-USD,6h
2025-12-25 12:00:00,121.51,124.37,121.58,122.99,132273.98873543,SOL-USD,6h
2025-12-25 18:00:00,119.68,124.1,123.0,119.99,183652.73941352,SOL-USD,6h
2025-12-26 00:00:00,119.17,124.28,119.98,123.2,318616.83775115,SOL-USD,6h
2025-12-26 06:00:00,122.18,124.06,123.2,123.76,166452.48997773,SOL-USD,6h
2025-12-26 12:00:00,120.38,125.04,123.75,121.76,405756.14108333,SOL-USD,6h
2025-12-26 18:00:00,121.62,122.56,121.76,122.19,185516.30719102,SOL-USD,6h
2025-12-27 00:00:00,121.78,123.72,122.18,123.11,100897.59016292,SOL-USD,6h
2025-12-27 06:00:00,122.44,123.35,123.1,122.91,32685.29895229,SOL-USD,6h
2025-12-27 12:00:00,122.67,123.57,122.91,123.32,72262.92641221,SOL-USD,6h
2025-12-27 18:00:00,122.93,124.98,123.28,124.64,142198.02409883,SOL-USD,6h
2025-12-28 00:00:00,123.52,124.8,124.64,123.68,56496.30949682,SOL-USD,6h
2025-12-28 06:00:00,123.64,124.74,123.69,124.55,34772.44740065,SOL-USD,6h
2025-12-28 12:00:00,124.09,124.95,124.54,124.36,69902.41650039,SOL-USD,6h
2025-12-28 18:00:00,122.97,125.53,124.34,125.17,126887.27131123,SOL-USD,6h
2025-12-29 00:00:00,124.9,129.96,125.17,127.58,510020.56224779,SOL-USD,6h
2025-12-29 06:00:00,124.88,128.34,127.58,124.93,173090.2741544,SOL-USD,6h
2025-12-29 12:00:00,122.21,125.28,124.93,123.75,381505.09799754,SOL-USD,6h
2025-12-29 18:00:00,122.71,123.86,123.75,123.09,164140.81538472,SOL-USD,6h
2025-12-30 00:00:00,122.43,124.05,123.08,123.25,121195.72910447,SOL-USD,6h
2025-12-30 06:00:00,123.21,124.97,123.24,124.13,97403.74337392,SOL-USD,6h
2025-12-30 12:00:00,123.38,126.38,124.13,124.58,254130.19398823,SOL-USD,6h
2025-12-30 18:00:00,123.35,124.99,124.57,124.88,212725.95751215,SOL-USD,6h
2025-12-31 00:00:00,124.25,125.93,124.87,125.49,177321.50109414,SOL-USD,6h
2025-12-31 06:00:00,125.26,126.67,125.48,126.57,186508.74643933,SOL-USD,6h
2025-12-31 12:00:00,123.99,127.24,126.56,124.89,438385.69209364,SOL-USD,6h
2025-12-31 18:00:00,123.07,125.75,124.89,124.45,407037.56264218,SOL-USD,6h
2026-01-01 00:00:00,124.38,125.58,124.44,125.06,187115.76440107,SOL-USD,6h
2026-01-01 06:00:00,123.94,125.1,125.09,125.03,66049.9910731,SOL-USD,6h
2026-01-01 12:00:00,124.12,125.44,125.03,125.02,137393.30440654,SOL-USD,6h
2026-01-01 18:00:00,124.85,127.08,125.03,126.73,170544.40091403,SOL-USD,6h
2026-01-02 00:00:00,125.68,127.83,126.74,127.17,151179.01444854,SOL-USD,6h
2026-01-02 06:00:00,126.75,129.84,127.16,128.08,169125.53300361,SOL-USD,6h
2026-01-02 12:00:00,126.7,133.0,128.06,131.38,835091.80815874,SOL-USD,6h
2026-01-02 18:00:00,130.23,133.19,131.38,132.25,345768.47684402,SOL-USD,6h
2026-01-03 00:00:00,131.55,133.14,132.24,131.85,164892.4584535,SOL-USD,6h
2026-01-03 06:00:00,129.54,132.25,131.86,130.64,151526.69960352,SOL-USD,6h
2026-01-03 12:00:00,130.43,132.12,130.64,131.82,120193.45373591,SOL-USD,6h
2026-01-03 18:00:00,131.28,133.92,131.86,133.32,147191.54156149,SOL-USD,6h
2026-01-04 00:00:00,133.27,134.89,133.32,134.53,230487.44617793,SOL-USD,6h
2026-01-04 06:00:00,133.17,134.95,134.52,134.33,145926.26994921,SOL-USD,6h
2026-01-04 12:00:00,133.7,135.49,134.32,134.78,170593.78451432,SOL-USD,6h
2026-01-04 18:00:00,133.05,134.84,134.79,134.04,181579.26871699,SOL-USD,6h
2026-01-05 00:00:00,133.89,137.66,134.05,134.99,305255.62863382,SOL-USD,6h
2026-01-05 06:00:00,134.56,135.98,134.99,135.69,119434.79530242,SOL-USD,6h
2026-01-05 12:00:00,133.08,136.8,135.69,136.49,373126.60519738,SOL-USD,6h
2026-01-05 18:00:00,135.65,139.85,136.51,137.9,306748.24396442,SOL-USD,6h
2026-01-06 00:00:00,136.89,140.0,137.89,139.52,238852.70771939,SOL-USD,6h
2026-01-06 06:00:00,137.3,139.74,139.53,139.46,200405.32833485,SOL-USD,6h
2026-01-06 12:00:00,136.32,143.44,139.46,136.45,621122.49770059,SOL-USD,6h
2026-01-06 18:00:00,136.06,141.88,136.42,141.04,295198.03147019,SOL-USD,6h
2026-01-07 00:00:00,138.05,141.32,141.04,138.44,187902.42528649,SOL-USD,6h
2026-01-07 06:00:00,136.45,139.7,138.43,137.83,129836.28141861,SOL-USD,6h
2026-01-07 12:00:00,135.12,138.46,137.83,135.47,261799.83269704,SOL-USD,6h
2026-01-07 18:00:00,134.28,136.93,135.46,136.25,333609.73004578,SOL-USD,6h
2026-01-08 00:00:00,135.86,138.16,136.25,136.47,228865.31068609,SOL-USD,6h
2026-01-08 06:00:00,133.62,136.58,136.47,134.6,164393.44502236,SOL-USD,6h
2026-01-08 12:00:00,132.54,138.71,134.6,138.6,407812.82675161,SOL-USD,6h
2026-01-08 18:00:00,136.39,139.95,138.59,138.25,263252.5445516,SOL-USD,6h
2026-01-09 00:00:00,137.57,140.99,138.24,139.76,236020.2725736,SOL-USD,6h
2026-01-09 06:00:00,136.86,140.75,139.75,138.14,273784.51231502,SOL-USD,6h
2026-01-09 12:00:00,136.06,140.72,138.11,138.3,484348.83683826,SOL-USD,6h
2026-01-09 18:00:00,134.79,138.34,138.3,135.79,282713.40271444,SOL-USD,6h
2026-01-10 00:00:00,135.5,136.5,135.79,135.76,96959.63396519,SOL-USD,6h
2026-01-10 06:00:00,135.59,136.85,135.76,136.42,54738.02632168,SOL-USD,6h
2026-01-10 12:00:00,135.84,136.86,136.41,135.99,78385.7749654,SOL-USD,6h
2026-01-10 18:00:00,135.18,136.16,135.96,135.67,55458.21344607,SOL-USD,6h
2026-01-11 00:00:00,135.56,136.35,135.66,136.1,95898.10181693,SOL-USD,6h
2026-01-11 06:00:00,135.7,136.69,136.1,136.37,53445.6645689,SOL-USD,6h
2026-01-11 12:00:00,136.32,141.36,136.37,139.46,298773.45151109,SOL-USD,6h
2026-01-11 18:00:00,137.3,140.03,139.45,139.5,447808.58773039,SOL-USD,6h
2026-01-12 00:00:00,138.71,144.17,139.5,142.59,494272.79955506,SOL-USD,6h
2026-01-12 06:00:00,138.86,143.14,142.58,139.86,273994.56503534,SOL-USD,6h
2026-01-12 12:00:00,138.5,144.7,139.85,141.8,367062.44153668,SOL-USD,6h
2026-01-12 18:00:00,138.2,142.73,141.8,139.05,370228.76432327,SOL-USD,6h
2026-01-13 00:00:00,137.66,140.32,139.04,139.76,190217.0397909,SOL-USD,6h
2026-01-13 06:00:00,139.65,142.94,139.76,141.68,232166.57043083,SOL-USD,6h
2026-01-13 12:00:00,141.07,144.5,141.68,142.81,556047.67809937,SOL-USD,6h
2026-01-13 18:00:00,142.6,148.9,142.8,145.43,490229.87624207,SOL-USD,6h
2026-01-14 00:00:00,144.2,146.51,145.42,144.42,322196.16378077,SOL-USD,6h
2026-01-14 06:00:00,143.45,145.75,144.42,143.69,147554.38833941,SOL-USD,6h
2026-01-14 12:00:00,143.32,148.41,143.68,146.0,590531.39057177,SOL-USD,6h
2026-01-14 18:00:00,145.32,147.77,145.99,146.7,388102.04757923,SOL-USD,6h
2026-01-15 00:00:00,143.19,146.71,146.68,144.54,241919.8269616,SOL-USD,6h
2026-01-15 06:00:00,143.9,145.96,144.54,144.69,112258.93928462,SOL-USD,6h
2026-01-15 12:00:00,141.75,145.66,144.69,142.59,411543.64487737,SOL-USD,6h
2026-01-15 18:00:00,140.88,142.96,142.59,142.37,308129.08219943,SOL-USD,6h
2026-01-16 00:00:00,141.4,143.53,142.36,143.13,140973.37569172,SOL-USD,6h
2026-01-16 06:00:00,142.56,143.49,143.13,143.09,57540.81442933,SOL-USD,6h
2026-01-16 12:00:00,140.15,143.8,143.08,143.27,302808.7879528,SOL-USD,6h
2026-01-16 18:00:00,142.95,145.5,143.27,144.83,322039.38321006,SOL-USD,6h
2026-01-17 00:00:00,143.83,144.93,144.84,143.91,111917.64526178,SOL-USD,6h
2026-01-17 06:00:00,143.26,144.59,143.9,143.95,80283.3444495,SOL-USD,6h
2026-01-17 12:00:00,143.51,144.29,143.95,144.04,75336.05502333,SOL-USD,6h
2026-01-17 18:00:00,143.44,144.5,144.06,143.66,66734.16233146,SOL-USD,6h
2026-01-18 00:00:00,141.9,143.93,143.66,142.79,112483.0381153,SOL-USD,6h
2026-01-18 06:00:00,141.9,142.97,142.8,142.34,39120.60125914,SOL-USD,6h
2026-01-18 12:00:00,141.44,142.68,142.33,142.3,97265.07308039,SOL-USD,6h
2026-01-18 18:00:00,137.62,143.2,142.3,137.81,323974.65393722,SOL-USD,6h
2026-01-19 00:00:00,130.05,137.78,137.78,133.29,557677.66105744,SOL-USD,6h
2026-01-19 06:00:00,132.64,134.3,133.29,134.05,112806.66179635,SOL-USD,6h
2026-01-19 12:00:00,133.17,134.58,134.02,134.21,165584.2503584,SOL-USD,6h
2026-01-19 18:00:00,132.63,135.09,134.22,133.36,207950.59140571,SOL-USD,6h
2026-01-20 00:00:00,132.31,134.54,133.34,132.92,252026.59092991,SOL-USD,6h
2026-01-20 06:00:00,128.21,132.91,132.91,128.69,450106.58376134,SOL-USD,6h
2026-01-20 12:00:00,126.16,129.57,128.69,126.85,656728.88307421,SOL-USD,6h
2026-01-20 18:00:00,124.72,127.94,126.84,125.66,389656.75045213,SOL-USD,6h
2026-01-21 00:00:00,125.58,128.6,125.66,128.38,204764.83314445,SOL-USD,6h
2026-01-21 06:00:00,126.68,128.49,128.37,126.8,142793.04625143,SOL-USD,6h
2026-01-21 12:00:00,125.14,131.02,126.8,126.8,604808.42579797,SOL-USD,6h
2026-01-21 18:00:00,126.24,132.07,126.79,129.44,357536.92477654,SOL-USD,6h
2026-01-22 00:00:00,129.41,130.52,129.44,129.98,92929.3873757,SOL-USD,6h
2026-01-22 06:00:00,129.21,130.33,129.99,130.0,128428.5686433,SOL-USD,6h
2026-01-22 12:00:00,126.58,130.9,130.0,128.58,300492.13374912,SOL-USD,6h
2026-01-22 18:00:00,127.34,129.65,128.58,128.35,166690.16484886,SOL-USD,6h
2026-01-23 00:00:00,127.92,129.15,128.35,128.51,100812.59371281,SOL-USD,6h
2026-01-23 06:00:00,126.75,129.0,128.52,127.38,73054.47257307,SOL-USD,6h
2026-01-23 12:00:00,125.15,130.05,127.38,128.28,271125.07803554,SOL-USD,6h
2026-01-23 18:00:00,126.33,129.42,128.28,127.28,220567.92688567,SOL-USD,6h
2026-01-24 00:00:00,127.11,127.92,127.29,127.65,73907.25894773,SOL-USD,6h
2026-01-24 06:00:00,126.74,127.65,127.64,126.95,43749.01287083,SOL-USD,6h
2026-01-24 12:00:00,126.46,127.22,126.98,127.05,61641.72024846,SOL-USD,6h
2026-01-24 18:00:00,126.9,127.56,127.03,127.02,55191.97677035,SOL-USD,6h
2026-01-25 00:00:00,126.14,127.28,127.02,126.73,46187.42957347,SOL-USD,6h
2026-01-25 06:00:00,125.77,126.98,126.73,126.57,46407.50054274,SOL-USD,6h
2026-01-25 12:00:00,121.43,126.93,126.56,122.06,267024.59622096,SOL-USD,6h
2026-01-25 18:00:00,117.12,122.14,122.05,118.73,693822.46136592,SOL-USD,6h
2026-01-26 00:00:00,118.41,123.46,118.73,122.33,321878.04058108,SOL-USD,6h
2026-01-26 06:00:00,121.64,123.47,122.33,122.39,127803.91604887,SOL-USD,6h
2026-01-26 12:00:00,122.24,125.09,122.39,124.15,355316.36029289,SOL-USD,6h
2026-01-26 18:00:00,123.27,125.46,124.15,124.09,262418.03879067,SOL-USD,6h
2026-01-27 00:00:00,123.54,125.0,124.09,124.32,153728.37205224,SOL-USD,6h
2026-01-27 06:00:00,123.39,124.64,124.32,123.96,72945.64409706,SOL-USD,6h
2026-01-27 12:00:00,122.93,126.67,123.95,123.89,240481.03944255,SOL-USD,6h
2026-01-27 18:00:00,123.68,127.71,123.89,127.02,223911.82731103,SOL-USD,6h
2026-01-28 00:00:00,126.28,127.38,127.02,126.57,109105.08799783,SOL-USD,6h
2026-01-28 06:00:00,125.8,128.16,126.57,128.0,106836.75657295,SOL-USD,6h
2026-01-28 12:00:00,125.05,128.05,127.99,126.37,204973.61869866,SOL-USD,6h
2026-01-28 18:00:00,124.59,126.51,126.38,125.16,271901.94816738,SOL-USD,6h
2026-01-29 00:00:00,122.29,125.31,125.16,123.06,224421.39075384,SOL-USD,6h
2026-01-29 06:00:00,122.5,123.8,123.06,122.56,72326.97987853,SOL-USD,6h
2026-01-29 12:00:00,115.93,122.99,122.57,117.76,750596.2953362,SOL-USD,6h
2026-01-29 18:00:00,115.17,118.01,117.75,117.61,429696.21963931,SOL-USD,6h
2026-01-30 00:00:00,111.79,117.95,117.62,115.28,522271.04735851,SOL-USD,6h
2026-01-30 06:00:00,112.82,117.11,115.28,116.87,281771.70790299,SOL-USD,6h
2026-01-30 12:00:00,114.41,117.81,116.88,116.47,473346.96922804,SOL-USD,6h
2026-01-30 18:00:00,114.14,118.94,116.45,117.42,548137.18165588,SOL-USD,6h
2026-01-31 00:00:00,117.21,118.72,117.43,118.45,351937.74374995,SOL-USD,6h
2026-01-31 06:00:00,114.0,118.62,118.45,115.86,494643.02913418,SOL-USD,6h
2026-01-31 12:00:00,100.34,116.0,115.85,103.17,1142680.64086694,SOL-USD,6h
2026-01-31 18:00:00,96.52,106.47,103.13,105.44,1243480.96009169,SOL-USD,6h
