date,low,high,open,close,volume,symbol,granularity
2019-02-26 12:00:00,0.3151,0.338,0.338,0.3178,360438.0,XRP-USD,6h
2019-02-26 18:00:00,0.3141,0.3178,0.3178,0.3161,2795764.0,XRP-USD,6h
2019-02-27 00:00:00,0.31,0.3158,0.3158,0.3131,1001086.0,XRP-USD,6h
2019-02-27 06:00:00,0.3123,0.3169,0.3131,0.3152,408379.0,XRP-USD,6h
2019-02-27 12:00:00,0.3111,0.3173,0.3153,0.3122,813167.0,XRP-USD,6h
2019-02-27 18:00:00,0.299,0.3165,0.3127,0.3093,1431760.0,XRP-USD,6h
2019-02-28 00:00:00,0.308,0.3132,0.3093,0.3115,446303.0,XRP-USD,6h
2019-02-28 06:00:00,0.3081,0.3121,0.3114,0.3103,310800.0,XRP-USD,6h
2019-02-28 12:00:00,0.3055,0.3145,0.3103,0.308,575130.0,XRP-USD,6h
2019-02-28 18:00:00,0.3072,0.3208,0.3081,0.3142,8757773.0,XRP-USD,6h
2019-03-01 00:00:00,0.3102,0.328,0.3142,0.3166,13553163.0,XRP-USD,6h
2019-03-01 06:00:00,0.3158,0.3207,0.3166,0.3173,3824655.0,XRP-USD,6h
2019-03-01 12:00:00,0.3156,0.3259,0.3173,0.3213,6725088.0,XRP-USD,6h
2019-03-01 18:00:00,0.314,0.3241,0.321,0.3151,3523790.0,XRP-USD,6h
2019-03-02 00:00:00,0.3129,0.3172,0.3151,0.3141,2268404.0,XRP-USD,6h
2019-03-02 06:00:00,0.3094,0.315,0.314,0.313,1172814.0,XRP-USD,6h
2019-03-02 12:00:00,0.311,0.3175,0.3129,0.3114,2028788.0,XRP-USD,6h
2019-03-02 18:00:00,0.3105,0.3168,0.3113,0.3133,1929610.0,XRP-USD,6h
2019-03-03 00:00:00,0.3115,0.3154,0.3135,0.3129,1326952.0,XRP-USD,6h
2019-03-03 06:00:00,0.3126,0.3152,0.313,0.313,659759.0,XRP-USD,6h
2019-03-03 12:00:00,0.3082,0.3139,0.313,0.31,1381489.0,XRP-USD,6h
2019-03-03 18:00:00,0.3077,0.3107,0.3099,0.3095,1666094.0,XRP-USD,6h
2019-03-04 00:00:00,0.3,0.3108,0.3095,0.3035,2125889.0,XRP-USD,6h
2019-03-04 06:00:00,0.297,0.3043,0.3035,0.3021,1168685.0,XRP-USD,6h
2019-03-04 12:00:00,0.2995,0.3076,0.3019,0.3042,1887324.0,XRP-USD,6h
2019-03-04 18:00:00,0.2999,0.3043,0.3043,0.3013,1877554.0,XRP-USD,6h
2019-03-05 00:00:00,0.3,0.3026,0.3013,0.3025,1212386.0,XRP-USD,6h
2019-03-05 06:00:00,0.3022,0.3064,0.3025,0.3052,756280.0,XRP-USD,6h
2019-03-05 12:00:00,0.305,0.3175,0.3054,0.3133,2931292.0,XRP-USD,6h
2019-03-05 18:00:00,0.3122,0.3169,0.3137,0.3141,2214761.0,XRP-USD,6h
2019-03-06 00:00:00,0.3088,0.3157,0.3141,0.3114,1848006.0,XRP-USD,6h
2019-03-06 06:00:00,0.3111,0.3168,0.3115,0.3137,1007478.0,XRP-USD,6h
2019-03-06 12:00:00,0.3114,0.32,0.3137,0.3176,1895569.0,XRP-USD,6h
2019-03-06 18:00:00,0.3136,0.3178,0.3176,0.3156,1550768.0,XRP-USD,6h
2019-03-07 00:00:00,0.313,0.3185,0.3156,0.315,2489336.0,XRP-USD,6h
2019-03-07 06:00:00,0.3115,0.3157,0.3149,0.3137,590683.0,XRP-USD,6h
2019-03-07 12:00:00,0.3121,0.3151,0.3137,0.3127,1826059.0,XRP-USD,6h
2019-03-07 18:00:00,0.3111,0.3141,0.3127,0.3116,1599430.0,XRP-USD,6h
2019-03-08 00:00:00,0.3101,0.3125,0.3116,0.311,1282497.0,XRP-USD,6h
2019-03-08 06:00:00,0.31,0.3141,0.311,0.3103,823873.0,XRP-USD,6h
2019-03-08 12:00:00,0.3078,0.3115,0.3102,0.3104,1744555.0,XRP-USD,6h
2019-03-08 18:00:00,0.303,0.3115,0.3102,0.3067,1652869.0,XRP-USD,6h
2019-03-09 00:00:00,0.3055,0.3139,0.3066,0.3138,1754087.0,XRP-USD,6h
2019-03-09 06:00:00,0.3112,0.3173,0.3138,0.3117,1510046.0,XRP-USD,6h
2019-03-09 12:00:00,0.3095,0.3147,0.3117,0.3104,1618803.0,XRP-USD,6h
2019-03-09 18:00:00,0.3094,0.3133,0.3107,0.312,1288360.0,XRP-USD,6h
2019-03-10 00:00:00,0.3095,0.3131,0.312,0.31,1336111.0,XRP-USD,6h
2019-03-10 06:00:00,0.3074,0.3101,0.31,0.3096,457565.0,XRP-USD,6h
2019-03-10 12:00:00,0.3089,0.3155,0.3096,0.3126,1006184.0,XRP-USD,6h
2019-03-10 18:00:00,0.3107,0.3132,0.3126,0.3115,1115341.0,XRP-USD,6h
2019-03-11 00:00:00,0.3078,0.312,0.3116,0.3084,1185525.0,XRP-USD,6h
2019-03-11 06:00:00,0.3075,0.3124,0.3084,0.3079,707540.0,XRP-USD,6h
2019-03-11 12:00:00,0.3057,0.3093,0.3083,0.3084,1490308.0,XRP-USD,6h
2019-03-11 18:00:00,0.3076,0.3096,0.3084,0.3086,1549799.0,XRP-USD,6h
2019-03-12 00:00:00,0.3042,0.309,0.3086,0.3057,2027812.0,XRP-USD,6h
2019-03-12 06:00:00,0.3052,0.3095,0.3057,0.3087,901876.0,XRP-USD,6h
2019-03-12 12:00:00,0.3069,0.3094,0.3086,0.3092,1421939.0,XRP-USD,6h
2019-03-12 18:00:00,0.3081,0.3099,0.3091,0.3084,1243530.0,XRP-USD,6h
2019-03-13 00:00:00,0.3083,0.3097,0.3084,0.3092,1012528.0,XRP-USD,6h
2019-03-13 06:00:00,0.306,0.3094,0.3091,0.3076,811891.0,XRP-USD,6h
2019-03-13 12:00:00,0.3074,0.339,0.3075,0.3159,4897931.0,XRP-USD,6h
2019-03-13 18:00:00,0.3112,0.3159,0.3158,0.3128,1523842.0,XRP-USD,6h
2019-03-14 00:00:00,0.3006,0.3148,0.3127,0.3111,2426864.0,XRP-USD,6h
2019-03-14 06:00:00,0.309,0.3117,0.3111,0.3112,454339.0,XRP-USD,6h
2019-03-14 12:00:00,0.304,0.314,0.3115,0.3099,1756189.0,XRP-USD,6h
2019-03-14 18:00:00,0.3088,0.3105,0.3098,0.3096,877821.0,XRP-USD,6h
2019-03-15 00:00:00,0.3093,0.3111,0.3097,0.31,1005861.0,XRP-USD,6h
2019-03-15 06:00:00,0.3083,0.3133,0.31,0.3128,1289165.0,XRP-USD,6h
2019-03-15 12:00:00,0.3108,0.3149,0.3128,0.3136,1851659.0,XRP-USD,6h
2019-03-15 18:00:00,0.3124,0.3146,0.3135,0.3133,1578395.0,XRP-USD,6h
2019-03-16 00:00:00,0.313,0.3216,0.3133,0.3188,3338355.0,XRP-USD,6h
2019-03-16 06:00:00,0.3174,0.3195,0.3187,0.3186,632688.0,XRP-USD,6h
2019-03-16 12:00:00,0.3136,0.3189,0.3184,0.3167,1907191.0,XRP-USD,6h
2019-03-16 18:00:00,0.3162,0.3195,0.3167,0.318,1236234.0,XRP-USD,6h
2019-03-17 00:00:00,0.3131,0.318,0.3177,0.3143,1372301.0,XRP-USD,6h
2019-03-17 06:00:00,0.3139,0.3159,0.3143,0.3147,239271.0,XRP-USD,6h
2019-03-17 12:00:00,0.3137,0.3157,0.3147,0.3146,909121.0,XRP-USD,6h
2019-03-17 18:00:00,0.3104,0.3159,0.3146,0.314,1457246.0,XRP-USD,6h
2019-03-18 00:00:00,0.3135,0.3188,0.314,0.3136,2423571.0,XRP-USD,6h
2019-03-18 06:00:00,0.3111,0.3149,0.3136,0.312,750788.0,XRP-USD,6h
2019-03-18 12:00:00,0.3108,0.3138,0.3122,0.3131,1196097.0,XRP-USD,6h
2019-03-18 18:00:00,0.311,0.3135,0.3128,0.3135,1749544.0,XRP-USD,6h
2019-03-19 00:00:00,0.311,0.3149,0.3134,0.3122,1730041.0,XRP-USD,6h
2019-03-19 06:00:00,0.3111,0.313,0.3122,0.3123,527552.0,XRP-USD,6h
2019-03-19 12:00:00,0.3114,0.3155,0.3124,0.3142,1638774.0,XRP-USD,6h
2019-03-19 18:00:00,0.3132,0.3159,0.3141,0.3149,1316611.0,XRP-USD,6h
2019-03-20 00:00:00,0.3115,0.3149,0.3148,0.3125,895589.0,XRP-USD,6h
2019-03-20 06:00:00,0.3103,0.3129,0.3125,0.3123,763196.0,XRP-USD,6h
2019-03-20 12:00:00,0.3019,0.32,0.3123,0.315,4212941.0,XRP-USD,6h
2019-03-20 18:00:00,0.3149,0.3173,0.315,0.317,1549581.0,XRP-USD,6h
2019-03-21 00:00:00,0.3148,0.3184,0.317,0.3149,1461754.0,XRP-USD,6h
2019-03-21 06:00:00,0.315,0.3161,0.3151,0.3158,426505.0,XRP-USD,6h
2019-03-21 12:00:00,0.3021,0.3164,0.3158,0.3074,2595140.0,XRP-USD,6h
2019-03-21 18:00:00,0.3072,0.31,0.3074,0.3093,1433997.0,XRP-USD,6h
2019-03-22 00:00:00,0.3056,0.3097,0.3093,0.309,2204031.0,XRP-USD,6h
2019-03-22 06:00:00,0.3065,0.3099,0.309,0.3097,426492.0,XRP-USD,6h
2019-03-22 12:00:00,0.3088,0.312,0.3097,0.311,1702320.0,XRP-USD,6h
2019-03-22 18:00:00,0.3092,0.3117,0.3113,0.3099,934412.0,XRP-USD,6h
2019-03-23 00:00:00,0.3082,0.3109,0.3099,0.3097,896813.0,XRP-USD,6h
2019-03-23 06:00:00,0.3081,0.3115,0.3097,0.3099,453682.0,XRP-USD,6h
2019-03-23 12:00:00,0.3084,0.3112,0.3098,0.3093,732883.0,XRP-USD,6h
2019-03-23 18:00:00,0.308,0.3103,0.3093,0.3102,661678.0,XRP-USD,6h
2019-03-24 00:00:00,0.3076,0.3102,0.3102,0.3079,925940.0,XRP-USD,6h
2019-03-24 06:00:00,0.3066,0.3085,0.3079,0.3079,329153.0,XRP-USD,6h
2019-03-24 12:00:00,0.306,0.3081,0.3077,0.3066,782311.0,XRP-USD,6h
2019-03-24 18:00:00,0.3033,0.307,0.3066,0.3062,1206809.0,XRP-USD,6h
2019-03-25 00:00:00,0.3037,0.3064,0.3061,0.305,949765.0,XRP-USD,6h
2019-03-25 06:00:00,0.3031,0.3059,0.3051,0.3051,520911.0,XRP-USD,6h
2019-03-25 12:00:00,0.3003,0.305,0.305,0.302,1735464.0,XRP-USD,6h
2019-03-25 18:00:00,0.298,0.3026,0.3022,0.3012,2171596.0,XRP-USD,6h
2019-03-26 00:00:00,0.299,0.3017,0.3006,0.3,767161.0,XRP-USD,6h
2019-03-26 06:00:00,0.2968,0.3001,0.3,0.2983,701617.0,XRP-USD,6h
2019-03-26 12:00:00,0.2921,0.2983,0.2976,0.2975,1843670.0,XRP-USD,6h
2019-03-26 18:00:00,0.2962,0.3013,0.2968,0.3013,1168093.0,XRP-USD,6h
2019-03-27 00:00:00,0.2985,0.3076,0.3008,0.3073,1888528.0,XRP-USD,6h
2019-03-27 06:00:00,0.305,0.309,0.3073,0.3085,829397.0,XRP-USD,6h
2019-03-27 12:00:00,0.305,0.309,0.3089,0.3056,1479653.0,XRP-USD,6h
2019-03-27 18:00:00,0.3051,0.311,0.3056,0.3091,1954068.0,XRP-USD,6h
2019-03-28 00:00:00,0.3051,0.3094,0.3094,0.3066,1154911.0,XRP-USD,6h
2019-03-28 06:00:00,0.3031,0.3069,0.3066,0.3033,472921.0,XRP-USD,6h
2019-03-28 12:00:00,0.3032,0.3065,0.3037,0.3061,1321214.0,XRP-USD,6h
2019-03-28 18:00:00,0.3044,0.307,0.306,0.3049,1227767.0,XRP-USD,6h
2019-03-29 00:00:00,0.3046,0.309,0.3046,0.306,1395910.0,XRP-USD,6h
2019-03-29 06:00:00,0.3034,0.3092,0.3062,0.3037,1703981.0,XRP-USD,6h
2019-03-29 12:00:00,0.3035,0.3078,0.304,0.3067,2455278.0,XRP-USD,6h
2019-03-29 18:00:00,0.3055,0.308,0.3071,0.3073,1327460.0,XRP-USD,6h
2019-03-30 00:00:00,0.3065,0.3175,0.3073,0.3128,3397325.0,XRP-USD,6h
2019-03-30 06:00:00,0.309,0.3133,0.3128,0.3111,521473.0,XRP-USD,6h
2019-03-30 12:00:00,0.3101,0.3139,0.3112,0.3117,1468477.0,XRP-USD,6h
2019-03-30 18:00:00,0.3099,0.3129,0.3117,0.3105,1360096.0,XRP-USD,6h
2019-03-31 00:00:00,0.3071,0.311,0.3101,0.3091,743191.0,XRP-USD,6h
2019-03-31 06:00:00,0.307,0.3103,0.309,0.3095,424164.0,XRP-USD,6h
2019-03-31 12:00:00,0.3075,0.3097,0.3095,0.3092,839710.0,XRP-USD,6h
2019-03-31 18:00:00,0.3079,0.3097,0.3092,0.3087,999713.0,XRP-USD,6h
2019-04-01 00:00:00,0.307,0.311,0.3086,0.3107,1307856.0,XRP-USD,6h
2019-04-01 06:00:00,0.3102,0.3141,0.311,0.311,783207.0,XRP-USD,6h
2019-04-01 12:00:00,0.3104,0.3128,0.311,0.3116,1632869.0,XRP-USD,6h
2019-04-01 18:00:00,0.311,0.3135,0.3116,0.3122,1810757.0,XRP-USD,6h
2019-04-02 00:00:00,0.311,0.346,0.3121,0.3298,6152413.0,XRP-USD,6h
2019-04-02 06:00:00,0.3252,0.337,0.3298,0.3324,4142105.0,XRP-USD,6h
2019-04-02 12:00:00,0.3316,0.3492,0.3321,0.3402,6956685.0,XRP-USD,6h
2019-04-02 18:00:00,0.3399,0.3628,0.3405,0.355,6727694.0,XRP-USD,6h
2019-04-03 00:00:00,0.3415,0.3741,0.355,0.351,11174822.0,XRP-USD,6h
2019-04-03 06:00:00,0.3481,0.3583,0.3509,0.3542,1806076.0,XRP-USD,6h
2019-04-03 12:00:00,0.3532,0.3724,0.3537,0.365,9500817.0,XRP-USD,6h
2019-04-03 18:00:00,0.3155,0.3882,0.365,0.3437,15315280.0,XRP-USD,6h
2019-04-04 00:00:00,0.3366,0.35,0.3437,0.3457,5683395.0,XRP-USD,6h
2019-04-04 06:00:00,0.3353,0.3485,0.3457,0.339,2821329.0,XRP-USD,6h
2019-04-04 12:00:00,0.3277,0.3414,0.3391,0.3288,4043438.0,XRP-USD,6h
2019-04-04 18:00:00,0.3252,0.3343,0.3287,0.331,3585752.0,XRP-USD,6h
2019-04-05 00:00:00,0.3307,0.38,0.3314,0.3702,11643868.0,XRP-USD,6h
2019-04-05 06:00:00,0.3557,0.3744,0.3702,0.3643,5530602.0,XRP-USD,6h
2019-04-05 12:00:00,0.3572,0.369,0.3652,0.365,5895973.0,XRP-USD,6h
2019-04-05 18:00:00,0.3594,0.3664,0.365,0.3636,3883881.0,XRP-USD,6h
2019-04-06 00:00:00,0.3581,0.3636,0.3636,0.36,3361369.0,XRP-USD,6h
2019-04-06 06:00:00,0.3477,0.3602,0.3599,0.3546,1371920.0,XRP-USD,6h
2019-04-06 12:00:00,0.3524,0.363,0.3541,0.3571,4862810.0,XRP-USD,6h
2019-04-06 18:00:00,0.349,0.3655,0.357,0.3534,4839595.0,XRP-USD,6h
2019-04-07 00:00:00,0.3507,0.3664,0.353,0.3579,6175612.0,XRP-USD,6h
2019-04-07 06:00:00,0.355,0.3653,0.3577,0.3588,1619690.0,XRP-USD,6h
2019-04-07 12:00:00,0.3522,0.3624,0.3591,0.3574,3536105.0,XRP-USD,6h
2019-04-07 18:00:00,0.3563,0.3661,0.3582,0.3633,3899613.0,XRP-USD,6h
2019-04-08 00:00:00,0.36,0.3727,0.3636,0.3617,8073284.0,XRP-USD,6h
2019-04-08 06:00:00,0.35,0.3627,0.3619,0.3512,3781278.0,XRP-USD,6h
2019-04-08 12:00:00,0.3513,0.3618,0.3515,0.3578,2853769.0,XRP-USD,6h
2019-04-08 18:00:00,0.3555,0.362,0.3578,0.3592,2815257.0,XRP-USD,6h
2019-04-09 00:00:00,0.349,0.3592,0.3592,0.3529,3392668.0,XRP-USD,6h
2019-04-09 06:00:00,0.3489,0.3545,0.3527,0.3527,1293815.0,XRP-USD,6h
2019-04-09 12:00:00,0.3509,0.356,0.3533,0.3525,2554644.0,XRP-USD,6h
2019-04-09 18:00:00,0.348,0.3539,0.3524,0.3502,2237528.0,XRP-USD,6h
2019-04-10 00:00:00,0.3485,0.3605,0.3501,0.3587,2451713.0,XRP-USD,6h
2019-04-10 06:00:00,0.3557,0.3597,0.3589,0.3559,1528429.0,XRP-USD,6h
2019-04-10 12:00:00,0.3546,0.359,0.3559,0.3575,2745284.0,XRP-USD,6h
2019-04-10 18:00:00,0.3499,0.3615,0.3575,0.3549,5928623.0,XRP-USD,6h
2019-04-11 00:00:00,0.3313,0.3551,0.3549,0.3387,5265015.0,XRP-USD,6h
2019-04-11 06:00:00,0.3227,0.3396,0.339,0.3308,3867127.0,XRP-USD,6h
2019-04-11 12:00:00,0.3259,0.3316,0.3304,0.3286,4389486.0,XRP-USD,6h
2019-04-11 18:00:00,0.325,0.331,0.3287,0.3285,2576006.0,XRP-USD,6h
2019-04-12 00:00:00,0.317,0.3299,0.329,0.3234,4095366.0,XRP-USD,6h
2019-04-12 06:00:00,0.3203,0.3305,0.3234,0.3279,1817834.0,XRP-USD,6h
2019-04-12 12:00:00,0.3256,0.3313,0.3279,0.3279,3438690.0,XRP-USD,6h
2019-04-12 18:00:00,0.3223,0.3281,0.3279,0.3251,2143009.0,XRP-USD,6h
2019-04-13 00:00:00,0.3235,0.3377,0.3252,0.3318,3276343.0,XRP-USD,6h
2019-04-13 06:00:00,0.3226,0.3325,0.3317,0.3252,1363370.0,XRP-USD,6h
2019-04-13 12:00:00,0.3241,0.3289,0.3254,0.3261,1074717.0,XRP-USD,6h
2019-04-13 18:00:00,0.3233,0.3277,0.3263,0.3262,1228171.0,XRP-USD,6h
2019-04-14 00:00:00,0.3236,0.3316,0.3259,0.3247,1401764.0,XRP-USD,6h
2019-04-14 06:00:00,0.3225,0.3268,0.3248,0.325,941527.0,XRP-USD,6h
2019-04-14 12:00:00,0.3239,0.3266,0.3252,0.3259,1620651.0,XRP-USD,6h
2019-04-14 18:00:00,0.3234,0.3313,0.3253,0.33,3694228.0,XRP-USD,6h
2019-04-15 00:00:00,0.3289,0.334,0.3302,0.3298,4920841.0,XRP-USD,6h
2019-04-15 06:00:00,0.3253,0.3303,0.3297,0.3254,1681172.0,XRP-USD,6h
2019-04-15 12:00:00,0.3145,0.3277,0.3257,0.3182,4211829.0,XRP-USD,6h
2019-04-15 18:00:00,0.314,0.3198,0.3184,0.3193,3589266.0,XRP-USD,6h
2019-04-16 00:00:00,0.317,0.321,0.3193,0.3194,1762681.0,XRP-USD,6h
2019-04-16 06:00:00,0.3179,0.3223,0.3194,0.3204,841283.0,XRP-USD,6h
2019-04-16 12:00:00,0.3159,0.3256,0.3203,0.3236,2581995.0,XRP-USD,6h
2019-04-16 18:00:00,0.3216,0.3274,0.3241,0.326,3204932.0,XRP-USD,6h
2019-04-17 00:00:00,0.3217,0.3271,0.3262,0.3235,1914809.0,XRP-USD,6h
2019-04-17 06:00:00,0.3198,0.3254,0.3238,0.3243,1843830.0,XRP-USD,6h
2019-04-17 12:00:00,0.3215,0.3385,0.3244,0.3332,5685710.0,XRP-USD,6h
2019-04-17 18:00:00,0.331,0.3442,0.3333,0.3359,4335591.0,XRP-USD,6h
2019-04-18 00:00:00,0.3356,0.3486,0.3358,0.3414,4911354.0,XRP-USD,6h
2019-04-18 06:00:00,0.3349,0.3429,0.3414,0.3371,1546463.0,XRP-USD,6h
2019-04-18 12:00:00,0.335,0.3406,0.337,0.3369,3637604.0,XRP-USD,6h
2019-04-18 18:00:00,0.3333,0.34,0.3372,0.3363,3578934.0,XRP-USD,6h
2019-04-19 00:00:00,0.3268,0.3363,0.3363,0.3311,2274222.0,XRP-USD,6h
2019-04-19 06:00:00,0.3296,0.3328,0.3312,0.3314,1774653.0,XRP-USD,6h
2019-04-19 12:00:00,0.3289,0.3347,0.3313,0.3314,3157033.0,XRP-USD,6h
2019-04-19 18:00:00,0.3306,0.3338,0.3314,0.3319,1829983.0,XRP-USD,6h
2019-04-20 00:00:00,0.3306,0.3338,0.3321,0.3338,1664588.0,XRP-USD,6h
2019-04-20 06:00:00,0.3294,0.334,0.3338,0.3305,1029113.0,XRP-USD,6h
2019-04-20 12:00:00,0.3289,0.3314,0.3302,0.3302,1901809.0,XRP-USD,6h
2019-04-20 18:00:00,0.3222,0.3306,0.3302,0.3287,2759193.0,XRP-USD,6h
2019-04-21 00:00:00,0.3249,0.3301,0.3287,0.3253,2039817.0,XRP-USD,6h
2019-04-21 06:00:00,0.3175,0.326,0.3254,0.3194,1234739.0,XRP-USD,6h
2019-04-21 12:00:00,0.3161,0.3219,0.3197,0.3194,2359869.0,XRP-USD,6h
2019-04-21 18:00:00,0.3181,0.323,0.3193,0.3223,1568702.0,XRP-USD,6h
2019-04-22 00:00:00,0.3189,0.3328,0.3224,0.3259,2722210.0,XRP-USD,6h
2019-04-22 06:00:00,0.3257,0.3286,0.3261,0.3272,674123.0,XRP-USD,6h
2019-04-22 12:00:00,0.3196,0.3274,0.327,0.3242,2176264.0,XRP-USD,6h
2019-04-22 18:00:00,0.3225,0.3262,0.3245,0.3245,1979570.0,XRP-USD,6h
2019-04-23 00:00:00,0.322,0.3277,0.3243,0.3265,2549399.0,XRP-USD,6h
2019-04-23 06:00:00,0.3252,0.3284,0.3263,0.3263,1418280.0,XRP-USD,6h
2019-04-23 12:00:00,0.3237,0.3274,0.326,0.324,2013316.0,XRP-USD,6h
2019-04-23 18:00:00,0.3201,0.3245,0.324,0.3206,2326646.0,XRP-USD,6h
2019-04-24 00:00:00,0.3175,0.3218,0.3203,0.3196,2490744.0,XRP-USD,6h
2019-04-24 06:00:00,0.2905,0.3201,0.32,0.3009,7855097.0,XRP-USD,6h
2019-04-24 12:00:00,0.2943,0.305,0.3009,0.2946,6927299.0,XRP-USD,6h
2019-04-24 18:00:00,0.2934,0.3023,0.2948,0.3014,5303280.0,XRP-USD,6h
2019-04-25 00:00:00,0.2977,0.3023,0.3014,0.2998,3086664.0,XRP-USD,6h
2019-04-25 06:00:00,0.2961,0.3066,0.2996,0.3052,1798528.0,XRP-USD,6h
2019-04-25 12:00:00,0.3011,0.3074,0.3052,0.3036,3420093.0,XRP-USD,6h
2019-04-25 18:00:00,0.2736,0.3037,0.3036,0.2865,9223197.0,XRP-USD,6h
2019-04-26 00:00:00,0.2812,0.293,0.2865,0.2879,5161658.0,XRP-USD,6h
2019-04-26 06:00:00,0.2856,0.2911,0.2879,0.2891,1902257.0,XRP-USD,6h
2019-04-26 12:00:00,0.2859,0.2933,0.2891,0.2906,3275027.0,XRP-USD,6h
2019-04-26 18:00:00,0.2878,0.2958,0.2905,0.2946,3645155.0,XRP-USD,6h
2019-04-27 00:00:00,0.2905,0.2966,0.2947,0.2932,1848118.0,XRP-USD,6h
2019-04-27 06:00:00,0.2908,0.2953,0.2934,0.292,1189947.0,XRP-USD,6h
2019-04-27 12:00:00,0.29,0.2939,0.2919,0.2936,1622225.0,XRP-USD,6h
2019-04-27 18:00:00,0.291,0.2937,0.2936,0.2921,1351630.0,XRP-USD,6h
2019-04-28 00:00:00,0.2908,0.2939,0.2923,0.2927,1122120.0,XRP-USD,6h
2019-04-28 06:00:00,0.2916,0.2947,0.2927,0.294,483772.0,XRP-USD,6h
2019-04-28 12:00:00,0.2901,0.2942,0.2942,0.2904,1397191.0,XRP-USD,6h
2019-04-28 18:00:00,0.2876,0.2925,0.2904,0.291,1912844.0,XRP-USD,6h
2019-04-29 00:00:00,0.2903,0.293,0.291,0.2923,1150306.0,XRP-USD,6h
2019-04-29 06:00:00,0.2875,0.293,0.2923,0.2895,925714.0,XRP-USD,6h
2019-04-29 12:00:00,0.2831,0.2893,0.2891,0.2885,2909727.0,XRP-USD,6h
2019-04-29 18:00:00,0.2856,0.2903,0.2885,0.288,1941917.0,XRP-USD,6h
2019-04-30 00:00:00,0.2878,0.2894,0.288,0.2884,1439378.0,XRP-USD,6h
2019-04-30 06:00:00,0.2877,0.3077,0.2883,0.3047,2053890.0,XRP-USD,6h
2019-04-30 12:00:00,0.2999,0.3087,0.3047,0.3037,4811571.0,XRP-USD,6h
2019-04-30 18:00:00,0.3033,0.3086,0.3042,0.3052,4040553.0,XRP-USD,6h
2019-05-01 00:00:00,0.3018,0.3079,0.3057,0.3048,2608790.0,XRP-USD,6h
2019-05-01 06:00:00,0.2981,0.3048,0.3048,0.3004,1763766.0,XRP-USD,6h
2019-05-01 12:00:00,0.2967,0.302,0.3004,0.3018,2768037.0,XRP-USD,6h
2019-05-01 18:00:00,0.2971,0.3019,0.3018,0.2996,2768015.0,XRP-USD,6h
2019-05-02 00:00:00,0.2974,0.3,0.2997,0.299,1211861.0,XRP-USD,6h
2019-05-02 06:00:00,0.2984,0.3011,0.299,0.2998,1644986.0,XRP-USD,6h
2019-05-02 12:00:00,0.2954,0.2999,0.2998,0.2965,2707818.0,XRP-USD,6h
2019-05-02 18:00:00,0.2952,0.2979,0.2964,0.296,1877456.0,XRP-USD,6h
2019-05-03 00:00:00,0.296,0.2985,0.2963,0.2972,1962565.0,XRP-USD,6h
2019-05-03 06:00:00,0.2954,0.3078,0.2974,0.3052,3801004.0,XRP-USD,6h
2019-05-03 12:00:00,0.301,0.3068,0.3052,0.3023,3971449.0,XRP-USD,6h
2019-05-03 18:00:00,0.3011,0.3042,0.3024,0.3021,1947161.0,XRP-USD,6h
2019-05-04 00:00:00,0.3,0.3125,0.3021,0.3016,3790285.0,XRP-USD,6h
2019-05-04 06:00:00,0.2985,0.3038,0.3017,0.3008,1242181.0,XRP-USD,6h
2019-05-04 12:00:00,0.2942,0.3011,0.3008,0.2988,2383454.0,XRP-USD,6h
2019-05-04 18:00:00,0.2971,0.3026,0.2986,0.2998,2347395.0,XRP-USD,6h
2019-05-05 00:00:00,0.2987,0.3008,0.2999,0.2998,1247779.0,XRP-USD,6h
2019-05-05 06:00:00,0.297,0.3012,0.2998,0.2976,597727.0,XRP-USD,6h
2019-05-05 12:00:00,0.296,0.2991,0.2975,0.2963,1535367.0,XRP-USD,6h
2019-05-05 18:00:00,0.2956,0.2991,0.2962,0.2972,1781216.0,XRP-USD,6h
2019-05-06 00:00:00,0.2926,0.2982,0.2971,0.2948,2188425.0,XRP-USD,6h
2019-05-06 06:00:00,0.2922,0.2975,0.2949,0.2963,1135767.0,XRP-USD,6h
2019-05-06 12:00:00,0.2937,0.304,0.2963,0.3015,3018277.0,XRP-USD,6h
2019-05-06 18:00:00,0.2991,0.3023,0.3019,0.3,2038078.0,XRP-USD,6h
2019-05-07 00:00:00,0.2998,0.3038,0.3,0.302,3120595.0,XRP-USD,6h
2019-05-07 06:00:00,0.2996,0.3027,0.302,0.3,1102467.0,XRP-USD,6h
2019-05-07 12:00:00,0.295,0.302,0.3001,0.2962,3638336.0,XRP-USD,6h
2019-05-07 18:00:00,0.2926,0.2987,0.2961,0.2935,2772307.0,XRP-USD,6h
2019-05-08 00:00:00,0.2912,0.2963,0.2941,0.2958,3360114.0,XRP-USD,6h
2019-05-08 06:00:00,0.2944,0.2983,0.296,0.297,1067958.0,XRP-USD,6h
2019-05-08 12:00:00,0.2962,0.2984,0.2974,0.2982,1592088.0,XRP-USD,6h
2019-05-08 18:00:00,0.2959,0.2991,0.2982,0.2975,2203946.0,XRP-USD,6h
2019-05-09 00:00:00,0.2959,0.3,0.2975,0.2966,2643424.0,XRP-USD,6h
2019-05-09 06:00:00,0.295,0.2975,0.2966,0.2956,1097297.0,XRP-USD,6h
2019-05-09 12:00:00,0.2923,0.2965,0.2957,0.2925,2181686.0,XRP-USD,6h
2019-05-09 18:00:00,0.2902,0.296,0.2925,0.2937,4999922.0,XRP-USD,6h
2019-05-10 00:00:00,0.29,0.3011,0.2936,0.2984,5359454.0,XRP-USD,6h
2019-05-10 06:00:00,0.2953,0.3002,0.2985,0.2968,1652797.0,XRP-USD,6h
2019-05-10 12:00:00,0.2908,0.2987,0.2969,0.2984,6079752.0,XRP-USD,6h
2019-05-10 18:00:00,0.2954,0.2985,0.2984,0.2976,3310612.0,XRP-USD,6h
2019-05-11 00:00:00,0.2971,0.3033,0.2976,0.2998,4939585.0,XRP-USD,6h
2019-05-11 06:00:00,0.299,0.319,0.2998,0.3122,6921692.0,XRP-USD,6h
2019-05-11 12:00:00,0.3097,0.3332,0.3124,0.3325,11927602.0,XRP-USD,6h
2019-05-11 18:00:00,0.3213,0.342,0.3327,0.3229,15462195.0,XRP-USD,6h
2019-05-12 00:00:00,0.305,0.3284,0.3228,0.3238,8199656.0,XRP-USD,6h
2019-05-12 06:00:00,0.3081,0.3327,0.3244,0.3142,6513438.0,XRP-USD,6h
2019-05-12 12:00:00,0.304,0.3162,0.3139,0.3112,5551954.0,XRP-USD,6h
2019-05-12 18:00:00,0.3079,0.314,0.3117,0.311,3625446.0,XRP-USD,6h
2019-05-13 00:00:00,0.3084,0.3288,0.3102,0.3223,4833282.0,XRP-USD,6h
2019-05-13 06:00:00,0.3151,0.324,0.3221,0.3221,2160222.0,XRP-USD,6h
2019-05-13 12:00:00,0.3194,0.3323,0.3216,0.328,12572788.0,XRP-USD,6h
2019-05-13 18:00:00,0.32,0.3365,0.3279,0.3254,11982548.0,XRP-USD,6h
2019-05-14 00:00:00,0.3226,0.4074,0.3252,0.3906,47516258.0,XRP-USD,6h
2019-05-14 06:00:00,0.3675,0.398,0.3909,0.3831,17437576.0,XRP-USD,6h
2019-05-14 12:00:00,0.371,0.4247,0.3823,0.4056,38905054.0,XRP-USD,6h
2019-05-14 18:00:00,0.3793,0.4123,0.4056,0.4083,28137557.0,XRP-USD,6h
2019-05-15 00:00:00,0.4077,0.45,0.4094,0.4335,40567317.0,XRP-USD,6h
2019-05-15 06:00:00,0.4127,0.4433,0.4333,0.4281,10533158.0,XRP-USD,6h
2019-05-15 12:00:00,0.4175,0.4453,0.4282,0.4373,22830271.0,XRP-USD,6h
2019-05-15 18:00:00,0.43,0.4725,0.4372,0.4593,27851101.0,XRP-USD,6h
2019-05-16 00:00:00,0.4325,0.4802,0.4593,0.4423,41383686.0,XRP-USD,6h
2019-05-16 06:00:00,0.3999,0.4563,0.4422,0.4137,15399007.0,XRP-USD,6h
2019-05-16 12:00:00,0.394,0.444,0.4125,0.4198,28399597.0,XRP-USD,6h
2019-05-16 18:00:00,0.401,0.4286,0.4196,0.4201,12693840.0,XRP-USD,6h
2019-05-17 00:00:00,0.35,0.425,0.4201,0.3753,38053007.0,XRP-USD,6h
2019-05-17 06:00:00,0.3615,0.3848,0.3754,0.3683,10154396.0,XRP-USD,6h
2019-05-17 12:00:00,0.356,0.384,0.3683,0.3676,13888896.0,XRP-USD,6h
2019-05-17 18:00:00,0.3641,0.395,0.3679,0.3906,13003118.0,XRP-USD,6h
2019-05-18 00:00:00,0.3738,0.3969,0.3904,0.3853,14387282.0,XRP-USD,6h
2019-05-18 06:00:00,0.3645,0.3897,0.3851,0.3741,3725136.0,XRP-USD,6h
2019-05-18 12:00:00,0.3692,0.38,0.3744,0.373,6169011.0,XRP-USD,6h
2019-05-18 18:00:00,0.3701,0.3799,0.3725,0.3731,4487219.0,XRP-USD,6h
2019-05-19 00:00:00,0.3707,0.3978,0.3731,0.3938,12629405.0,XRP-USD,6h
2019-05-19 06:00:00,0.3923,0.4206,0.3928,0.4045,7263658.0,XRP-USD,6h
2019-05-19 12:00:00,0.3941,0.4148,0.4039,0.4126,10011258.0,XRP-USD,6h
2019-05-19 18:00:00,0.4048,0.43,0.413,0.4191,12724196.0,XRP-USD,6h
2019-05-20 00:00:00,0.3899,0.4191,0.419,0.4044,12665753.0,XRP-USD,6h
2019-05-20 06:00:00,0.389,0.4044,0.4044,0.394,4933041.0,XRP-USD,6h
2019-05-20 12:00:00,0.38,0.3975,0.3935,0.3896,8183778.0,XRP-USD,6h
2019-05-20 18:00:00,0.3865,0.41,0.3893,0.3999,10524731.0,XRP-USD,6h
2019-05-21 00:00:00,0.388,0.4029,0.4,0.3934,5604436.0,XRP-USD,6h
2019-05-21 06:00:00,0.3903,0.404,0.3942,0.3935,2803303.0,XRP-USD,6h
2019-05-21 12:00:00,0.39,0.4086,0.3933,0.401,5800627.0,XRP-USD,6h
2019-05-21 18:00:00,0.397,0.4068,0.401,0.3974,7353467.0,XRP-USD,6h
2019-05-22 00:00:00,0.3965,0.4141,0.3977,0.4036,7842683.0,XRP-USD,6h
2019-05-22 06:00:00,0.3851,0.4041,0.4034,0.3887,4457006.0,XRP-USD,6h
2019-05-22 12:00:00,0.3864,0.4024,0.3883,0.3911,7273931.0,XRP-USD,6h
2019-05-22 18:00:00,0.3639,0.3924,0.3908,0.3717,15353323.0,XRP-USD,6h
2019-05-23 00:00:00,0.3662,0.3753,0.3716,0.3687,5862296.0,XRP-USD,6h
2019-05-23 06:00:00,0.3621,0.3737,0.3688,0.3698,4033716.0,XRP-USD,6h
2019-05-23 12:00:00,0.3669,0.3802,0.3698,0.3749,6007156.0,XRP-USD,6h
2019-05-23 18:00:00,0.3722,0.3889,0.3749,0.3817,7035810.0,XRP-USD,6h
2019-05-24 00:00:00,0.372,0.3831,0.3818,0.3747,4873798.0,XRP-USD,6h
2019-05-24 06:00:00,0.3737,0.3941,0.3747,0.3915,9823170.0,XRP-USD,6h
2019-05-24 12:00:00,0.3871,0.396,0.3918,0.3908,9126596.0,XRP-USD,6h
2019-05-24 18:00:00,0.3814,0.3941,0.3908,0.3847,5989658.0,XRP-USD,6h
2019-05-25 00:00:00,0.3822,0.3913,0.3842,0.3845,3348365.0,XRP-USD,6h
2019-05-25 06:00:00,0.3822,0.3969,0.3843,0.3916,2673829.0,XRP-USD,6h
2019-05-25 12:00:00,0.385,0.3931,0.3915,0.3869,3673909.0,XRP-USD,6h
2019-05-25 18:00:00,0.3827,0.3897,0.3869,0.3879,3275456.0,XRP-USD,6h
2019-05-26 00:00:00,0.3799,0.3889,0.3876,0.3807,2701469.0,XRP-USD,6h
2019-05-26 06:00:00,0.3736,0.3844,0.381,0.3782,1688003.0,XRP-USD,6h
2019-05-26 12:00:00,0.3769,0.3853,0.3783,0.3822,2126755.0,XRP-USD,6h
2019-05-26 18:00:00,0.3822,0.4194,0.3825,0.4096,17777688.0,XRP-USD,6h
2019-05-27 00:00:00,0.4049,0.4221,0.4099,0.4128,11123967.0,XRP-USD,6h
2019-05-27 06:00:00,0.4075,0.4159,0.4129,0.4091,2564321.0,XRP-USD,6h
2019-05-27 12:00:00,0.4089,0.4477,0.4091,0.4178,17795783.0,XRP-USD,6h
2019-05-27 18:00:00,0.4145,0.4424,0.4177,0.4341,14087244.0,XRP-USD,6h
2019-05-28 00:00:00,0.4232,0.4409,0.4341,0.4265,12011338.0,XRP-USD,6h
2019-05-28 06:00:00,0.4199,0.4336,0.4268,0.4319,7414398.0,XRP-USD,6h
2019-05-28 12:00:00,0.4192,0.4613,0.4318,0.4561,19165888.0,XRP-USD,6h
2019-05-28 18:00:00,0.4408,0.4602,0.4562,0.4488,16345108.0,XRP-USD,6h
2019-05-29 00:00:00,0.42,0.449,0.449,0.4256,12064546.0,XRP-USD,6h
2019-05-29 06:00:00,0.4235,0.4449,0.4245,0.4379,5598029.0,XRP-USD,6h
2019-05-29 12:00:00,0.4372,0.4592,0.4374,0.4451,16011405.0,XRP-USD,6h
2019-05-29 18:00:00,0.442,0.455,0.4451,0.4439,10341859.0,XRP-USD,6h
2019-05-30 00:00:00,0.435,0.4698,0.4447,0.4599,20332994.0,XRP-USD,6h
2019-05-30 06:00:00,0.453,0.47,0.4585,0.4637,8138920.0,XRP-USD,6h
2019-05-30 12:00:00,0.431,0.4749,0.4637,0.4444,22785248.0,XRP-USD,6h
2019-05-30 18:00:00,0.4,0.4508,0.4435,0.4196,27797371.0,XRP-USD,6h
2019-05-31 00:00:00,0.4065,0.4269,0.4196,0.4157,9596685.0,XRP-USD,6h
2019-05-31 06:00:00,0.4137,0.4241,0.4155,0.419,4926999.0,XRP-USD,6h
2019-05-31 12:00:00,0.417,0.4337,0.4193,0.4251,12693132.0,XRP-USD,6h
2019-05-31 18:00:00,0.4244,0.4423,0.4251,0.439,9777254.0,XRP-USD,6h
2019-06-01 00:00:00,0.4295,0.4418,0.4383,0.4309,6675494.0,XRP-USD,6h
2019-06-01 06:00:00,0.4291,0.4397,0.4309,0.4362,3255864.0,XRP-USD,6h
2019-06-01 12:00:00,0.4193,0.437,0.4366,0.4296,5260119.0,XRP-USD,6h
2019-06-01 18:00:00,0.4241,0.4368,0.4294,0.4303,5326234.0,XRP-USD,6h
2019-06-02 00:00:00,0.4289,0.4358,0.4303,0.4348,2338441.0,XRP-USD,6h
2019-06-02 06:00:00,0.4337,0.4444,0.4341,0.4427,3413724.0,XRP-USD,6h
2019-06-02 12:00:00,0.4355,0.4469,0.4427,0.4383,5721131.0,XRP-USD,6h
2019-06-02 18:00:00,0.4359,0.4476,0.4383,0.4452,4405686.0,XRP-USD,6h
2019-06-03 00:00:00,0.44,0.465,0.4453,0.4515,13147361.0,XRP-USD,6h
2019-06-03 06:00:00,0.43,0.454,0.4513,0.4441,7735925.0,XRP-USD,6h
2019-06-03 12:00:00,0.4326,0.4494,0.4447,0.4393,8418965.0,XRP-USD,6h
2019-06-03 18:00:00,0.4103,0.4442,0.4393,0.4173,11785323.0,XRP-USD,6h
2019-06-04 00:00:00,0.3858,0.4196,0.4171,0.4068,22101341.0,XRP-USD,6h
2019-06-04 06:00:00,0.3997,0.4124,0.407,0.4092,4540447.0,XRP-USD,6h
2019-06-04 12:00:00,0.3845,0.4185,0.4093,0.3907,15612541.0,XRP-USD,6h
2019-06-04 18:00:00,0.383,0.3991,0.391,0.3986,13932349.0,XRP-USD,6h
2019-06-05 00:00:00,0.3965,0.4049,0.3987,0.3976,7004642.0,XRP-USD,6h
2019-06-05 06:00:00,0.393,0.4134,0.3974,0.4007,3774044.0,XRP-USD,6h
2019-06-05 12:00:00,0.3877,0.4024,0.4006,0.3984,6489724.0,XRP-USD,6h
2019-06-05 18:00:00,0.395,0.406,0.3984,0.401,8388938.0,XRP-USD,6h
2019-06-06 00:00:00,0.3992,0.405,0.401,0.4,2713470.0,XRP-USD,6h
2019-06-06 06:00:00,0.3966,0.4035,0.4,0.4028,2703177.0,XRP-USD,6h
2019-06-06 12:00:00,0.3912,0.4288,0.4033,0.4114,19548377.0,XRP-USD,6h
2019-06-06 18:00:00,0.4021,0.4231,0.411,0.4201,13865153.0,XRP-USD,6h
2019-06-07 00:00:00,0.4156,0.4225,0.4201,0.4216,5689880.0,XRP-USD,6h
2019-06-07 06:00:00,0.4172,0.4263,0.4217,0.4189,4317241.0,XRP-USD,6h
2019-06-07 12:00:00,0.4183,0.431,0.4189,0.43,8047256.0,XRP-USD,6h
2019-06-07 18:00:00,0.4151,0.432,0.4294,0.4209,9340821.0,XRP-USD,6h
2019-06-08 00:00:00,0.416,0.4232,0.4204,0.4192,3998032.0,XRP-USD,6h
2019-06-08 06:00:00,0.4163,0.4224,0.4188,0.4221,2903005.0,XRP-USD,6h
2019-06-08 12:00:00,0.4041,0.4222,0.4222,0.4069,5583657.0,XRP-USD,6h
2019-06-08 18:00:00,0.404,0.4119,0.4069,0.4087,4053984.0,XRP-USD,6h
2019-06-09 00:00:00,0.4051,0.4102,0.4087,0.4071,2320175.0,XRP-USD,6h
2019-06-09 06:00:00,0.4052,0.4116,0.4071,0.4088,1090088.0,XRP-USD,6h
2019-06-09 12:00:00,0.3701,0.4091,0.4088,0.3809,14678290.0,XRP-USD,6h
2019-06-09 18:00:00,0.375,0.3873,0.3809,0.3863,10434254.0,XRP-USD,6h
2019-06-10 00:00:00,0.3804,0.391,0.3856,0.3862,4518779.0,XRP-USD,6h
2019-06-10 06:00:00,0.3824,0.3997,0.3869,0.3968,3701586.0,XRP-USD,6h
2019-06-10 12:00:00,0.3946,0.4057,0.3968,0.3969,10002400.0,XRP-USD,6h
2019-06-10 18:00:00,0.3942,0.4016,0.3967,0.4015,4631273.0,XRP-USD,6h
2019-06-11 00:00:00,0.3928,0.4045,0.4014,0.3961,3403874.0,XRP-USD,6h
2019-06-11 06:00:00,0.3857,0.3966,0.3961,0.3888,2825101.0,XRP-USD,6h
2019-06-11 12:00:00,0.383,0.3946,0.389,0.3921,5844430.0,XRP-USD,6h
2019-06-11 18:00:00,0.3893,0.3966,0.3921,0.3935,6565439.0,XRP-USD,6h
2019-06-12 00:00:00,0.3885,0.3983,0.3935,0.3937,6945014.0,XRP-USD,6h
2019-06-12 06:00:00,0.3913,0.3974,0.3941,0.396,3194569.0,XRP-USD,6h
2019-06-12 12:00:00,0.3933,0.4046,0.3964,0.4009,9203755.0,XRP-USD,6h
2019-06-12 18:00:00,0.3964,0.4031,0.4007,0.4031,5091047.0,XRP-USD,6h
2019-06-13 00:00:00,0.4002,0.4126,0.4031,0.4049,8832766.0,XRP-USD,6h
2019-06-13 06:00:00,0.3981,0.4064,0.4049,0.4004,1516163.0,XRP-USD,6h
2019-06-13 12:00:00,0.3965,0.404,0.4006,0.4011,5727405.0,XRP-USD,6h
2019-06-13 18:00:00,0.3982,0.4057,0.401,0.3999,5972777.0,XRP-USD,6h
2019-06-14 00:00:00,0.394,0.4012,0.3991,0.3978,3189803.0,XRP-USD,6h
2019-06-14 06:00:00,0.395,0.3994,0.3977,0.3967,1652491.0,XRP-USD,6h
2019-06-14 12:00:00,0.3913,0.3984,0.3966,0.3924,6058506.0,XRP-USD,6h
2019-06-14 18:00:00,0.3923,0.4056,0.393,0.4046,5686194.0,XRP-USD,6h
2019-06-15 00:00:00,0.4024,0.4122,0.4046,0.4085,7021574.0,XRP-USD,6h
2019-06-15 06:00:00,0.4034,0.4095,0.4086,0.4045,1838186.0,XRP-USD,6h
2019-06-15 12:00:00,0.4022,0.4144,0.4042,0.4118,6507643.0,XRP-USD,6h
2019-06-15 18:00:00,0.4086,0.4149,0.4118,0.4119,4824357.0,XRP-USD,6h
2019-06-16 00:00:00,0.4088,0.425,0.4113,0.4238,6251408.0,XRP-USD,6h
2019-06-16 06:00:00,0.4128,0.425,0.4239,0.4176,5440224.0,XRP-USD,6h
2019-06-16 12:00:00,0.4149,0.4439,0.4175,0.4279,12816776.0,XRP-USD,6h
2019-06-16 18:00:00,0.4155,0.4362,0.4276,0.4282,9110881.0,XRP-USD,6h
2019-06-17 00:00:00,0.4276,0.4346,0.4287,0.4279,6477530.0,XRP-USD,6h
2019-06-17 06:00:00,0.4275,0.4381,0.4281,0.4343,3041913.0,XRP-USD,6h
2019-06-17 12:00:00,0.4265,0.4377,0.4343,0.4284,6790229.0,XRP-USD,6h
2019-06-17 18:00:00,0.4265,0.4637,0.4283,0.4486,32373822.0,XRP-USD,6h
2019-06-18 00:00:00,0.44,0.456,0.4485,0.4419,13704895.0,XRP-USD,6h
2019-06-18 06:00:00,0.4307,0.4461,0.4418,0.436,7328235.0,XRP-USD,6h
2019-06-18 12:00:00,0.4178,0.4417,0.4359,0.4242,14971457.0,XRP-USD,6h
2019-06-18 18:00:00,0.42,0.43,0.4247,0.4271,10046377.0,XRP-USD,6h
2019-06-19 00:00:00,0.4239,0.4322,0.427,0.4303,6964711.0,XRP-USD,6h
2019-06-19 06:00:00,0.4292,0.4362,0.4302,0.4314,4537198.0,XRP-USD,6h
2019-06-19 12:00:00,0.4265,0.4326,0.431,0.4312,4972414.0,XRP-USD,6h
2019-06-19 18:00:00,0.4299,0.4388,0.4311,0.4351,7740590.0,XRP-USD,6h
2019-06-20 00:00:00,0.4322,0.4366,0.4354,0.4341,4202799.0,XRP-USD,6h
2019-06-20 06:00:00,0.4217,0.4342,0.4342,0.4243,3104530.0,XRP-USD,6h
2019-06-20 12:00:00,0.424,0.4293,0.4249,0.4279,2365431.0,XRP-USD,6h
2019-06-20 18:00:00,0.4206,0.4354,0.4277,0.431,9504883.0,XRP-USD,6h
2019-06-21 00:00:00,0.4301,0.4444,0.431,0.4395,11972728.0,XRP-USD,6h
2019-06-21 06:00:00,0.4363,0.4499,0.4395,0.4432,4573543.0,XRP-USD,6h
2019-06-21 12:00:00,0.4363,0.4457,0.4432,0.4432,8545467.0,XRP-USD,6h
2019-06-21 18:00:00,0.439,0.4465,0.4433,0.4457,6894640.0,XRP-USD,6h
2019-06-22 00:00:00,0.4402,0.461,0.445,0.4583,19961765.0,XRP-USD,6h
2019-06-22 06:00:00,0.453,0.46,0.4592,0.4579,5054880.0,XRP-USD,6h
2019-06-22 12:00:00,0.4524,0.5175,0.4578,0.489,49208053.0,XRP-USD,6h
2019-06-22 18:00:00,0.4604,0.489,0.489,0.4746,17629052.0,XRP-USD,6h
2019-06-23 00:00:00,0.474,0.4879,0.4745,0.483,11886770.0,XRP-USD,6h
2019-06-23 06:00:00,0.465,0.484,0.4822,0.4697,4202384.0,XRP-USD,6h
2019-06-23 12:00:00,0.4677,0.4778,0.4707,0.4759,5919703.0,XRP-USD,6h
2019-06-23 18:00:00,0.4618,0.4847,0.4759,0.468,12023810.0,XRP-USD,6h
2019-06-24 00:00:00,0.4464,0.468,0.468,0.4615,13473534.0,XRP-USD,6h
2019-06-24 06:00:00,0.4559,0.468,0.4617,0.4659,2914482.0,XRP-USD,6h
2019-06-24 12:00:00,0.4598,0.4665,0.4659,0.4617,7575908.0,XRP-USD,6h
2019-06-24 18:00:00,0.4568,0.4746,0.4623,0.4728,9367606.0,XRP-USD,6h
2019-06-25 00:00:00,0.4656,0.4756,0.4727,0.4698,8415873.0,XRP-USD,6h
2019-06-25 06:00:00,0.465,0.4727,0.4698,0.4658,4860005.0,XRP-USD,6h
2019-06-25 12:00:00,0.455,0.4731,0.4658,0.469,11176217.0,XRP-USD,6h
2019-06-25 18:00:00,0.454,0.47,0.469,0.466,11858676.0,XRP-USD,6h
2019-06-26 00:00:00,0.4595,0.481,0.466,0.4694,19532047.0,XRP-USD,6h
2019-06-26 06:00:00,0.4666,0.4814,0.4699,0.4798,8079150.0,XRP-USD,6h
2019-06-26 12:00:00,0.4781,0.4943,0.4798,0.4858,27784327.0,XRP-USD,6h
2019-06-26 18:00:00,0.4368,0.49,0.4857,0.4624,33201418.0,XRP-USD,6h
2019-06-27 00:00:00,0.4516,0.4671,0.4627,0.4585,10711265.0,XRP-USD,6h
2019-06-27 06:00:00,0.4044,0.4584,0.4584,0.4275,20400091.0,XRP-USD,6h
2019-06-27 12:00:00,0.3863,0.4289,0.4275,0.4,30103980.0,XRP-USD,6h
2019-06-27 18:00:00,0.3934,0.4139,0.3994,0.4049,19196072.0,XRP-USD,6h
2019-06-28 00:00:00,0.3953,0.4119,0.404,0.4034,9953332.0,XRP-USD,6h
2019-06-28 06:00:00,0.402,0.4165,0.4036,0.4114,8141812.0,XRP-USD,6h
2019-06-28 12:00:00,0.405,0.4165,0.4112,0.4119,10471599.0,XRP-USD,6h
2019-06-28 18:00:00,0.4106,0.4249,0.4114,0.4248,12713811.0,XRP-USD,6h
2019-06-29 00:00:00,0.4001,0.4245,0.4239,0.4065,13006382.0,XRP-USD,6h
2019-06-29 06:00:00,0.4046,0.4179,0.4068,0.4161,4925862.0,XRP-USD,6h
2019-06-29 12:00:00,0.4081,0.425,0.4163,0.4214,16646038.0,XRP-USD,6h
2019-06-29 18:00:00,0.419,0.4275,0.4217,0.425,13418395.0,XRP-USD,6h
2019-06-30 00:00:00,0.4175,0.4275,0.426,0.4203,8054516.0,XRP-USD,6h
2019-06-30 06:00:00,0.406,0.4245,0.4205,0.4098,4486216.0,XRP-USD,6h
2019-06-30 12:00:00,0.392,0.4116,0.4099,0.4046,10421112.0,XRP-USD,6h
2019-06-30 18:00:00,0.3911,0.4061,0.4048,0.3922,9599650.0,XRP-USD,6h
2019-07-01 00:00:00,0.39,0.42,0.3933,0.4069,10094550.0,XRP-USD,6h
2019-07-01 06:00:00,0.4018,0.41,0.4071,0.4049,3140159.0,XRP-USD,6h
2019-07-01 12:00:00,0.3806,0.4058,0.4047,0.3943,16899639.0,XRP-USD,6h
2019-07-01 18:00:00,0.3864,0.4094,0.3946,0.4052,13333917.0,XRP-USD,6h
2019-07-02 00:00:00,0.3866,0.4094,0.4052,0.3901,9953061.0,XRP-USD,6h
2019-07-02 06:00:00,0.3812,0.397,0.39,0.3873,6732080.0,XRP-USD,6h
2019-07-02 12:00:00,0.3847,0.401,0.3868,0.3977,10483662.0,XRP-USD,6h
2019-07-02 18:00:00,0.3925,0.4002,0.3985,0.3984,6651472.0,XRP-USD,6h
2019-07-03 00:00:00,0.3981,0.4075,0.3981,0.4066,7593592.0,XRP-USD,6h
2019-07-03 06:00:00,0.3951,0.4066,0.4061,0.3972,4224192.0,XRP-USD,6h
2019-07-03 12:00:00,0.396,0.4023,0.3971,0.3973,6521179.0,XRP-USD,6h
2019-07-03 18:00:00,0.396,0.4068,0.3975,0.4061,8557583.0,XRP-USD,6h
2019-07-04 00:00:00,0.3979,0.4061,0.4061,0.3996,4676654.0,XRP-USD,6h
2019-07-04 06:00:00,0.3912,0.4035,0.3997,0.3936,4395354.0,XRP-USD,6h
2019-07-04 12:00:00,0.3929,0.3975,0.3936,0.3957,5247525.0,XRP-USD,6h
2019-07-04 18:00:00,0.3858,0.396,0.3955,0.3869,5114410.0,XRP-USD,6h
2019-07-05 00:00:00,0.378,0.3903,0.3874,0.3837,7816739.0,XRP-USD,6h
2019-07-05 06:00:00,0.374,0.3852,0.3836,0.3843,5063811.0,XRP-USD,6h
2019-07-05 12:00:00,0.3778,0.3845,0.3842,0.3814,5689283.0,XRP-USD,6h
2019-07-05 18:00:00,0.3765,0.3844,0.3819,0.3798,6399745.0,XRP-USD,6h
2019-07-06 00:00:00,0.3791,0.3886,0.3796,0.3846,4909140.0,XRP-USD,6h
2019-07-06 06:00:00,0.3814,0.3865,0.3843,0.3829,1793144.0,XRP-USD,6h
2019-07-06 12:00:00,0.3816,0.4118,0.3831,0.4028,11398940.0,XRP-USD,6h
2019-07-06 18:00:00,0.3874,0.403,0.4029,0.3898,5278623.0,XRP-USD,6h
2019-07-07 00:00:00,0.3868,0.3984,0.3898,0.3931,5202494.0,XRP-USD,6h
2019-07-07 06:00:00,0.3914,0.4009,0.3931,0.3979,2034402.0,XRP-USD,6h
2019-07-07 12:00:00,0.3888,0.3995,0.3973,0.398,4419987.0,XRP-USD,6h
2019-07-07 18:00:00,0.3938,0.4003,0.3976,0.3984,4396174.0,XRP-USD,6h
2019-07-08 00:00:00,0.3932,0.3991,0.3989,0.3942,2971336.0,XRP-USD,6h
2019-07-08 06:00:00,0.3929,0.4006,0.3942,0.3975,3523035.0,XRP-USD,6h
2019-07-08 12:00:00,0.3963,0.4049,0.3975,0.3998,4952444.0,XRP-USD,6h
2019-07-08 18:00:00,0.3982,0.406,0.3997,0.4027,5861122.0,XRP-USD,6h
2019-07-09 00:00:00,0.4018,0.4085,0.4027,0.4032,6514576.0,XRP-USD,6h
2019-07-09 06:00:00,0.3942,0.4061,0.4033,0.3964,3894553.0,XRP-USD,6h
2019-07-09 12:00:00,0.3922,0.3986,0.3963,0.3944,4771664.0,XRP-USD,6h
2019-07-09 18:00:00,0.3892,0.396,0.3944,0.3942,4307160.0,XRP-USD,6h
2019-07-10 00:00:00,0.3918,0.3987,0.3939,0.3946,5124036.0,XRP-USD,6h
2019-07-10 06:00:00,0.3923,0.3961,0.3946,0.3934,2204746.0,XRP-USD,6h
2019-07-10 12:00:00,0.3455,0.3941,0.3934,0.3639,28841465.0,XRP-USD,6h
2019-07-10 18:00:00,0.351,0.3649,0.3634,0.3624,13530283.0,XRP-USD,6h
2019-07-11 00:00:00,0.3194,0.3632,0.3613,0.3364,20442824.0,XRP-USD,6h
2019-07-11 06:00:00,0.329,0.3379,0.3364,0.3368,10014526.0,XRP-USD,6h
2019-07-11 12:00:00,0.3223,0.3403,0.3366,0.3303,15570798.0,XRP-USD,6h
2019-07-11 18:00:00,0.3172,0.3314,0.3302,0.3294,15368857.0,XRP-USD,6h
2019-07-12 00:00:00,0.3198,0.3319,0.3293,0.3253,11141545.0,XRP-USD,6h
2019-07-12 06:00:00,0.3248,0.3517,0.3248,0.3481,9829474.0,XRP-USD,6h
2019-07-12 12:00:00,0.338,0.3519,0.3481,0.3473,10648913.0,XRP-USD,6h
2019-07-12 18:00:00,0.3409,0.3489,0.3477,0.3444,7064901.0,XRP-USD,6h
2019-07-13 00:00:00,0.3368,0.3458,0.3444,0.3412,4464069.0,XRP-USD,6h
2019-07-13 06:00:00,0.3283,0.3413,0.3413,0.3316,3393296.0,XRP-USD,6h
2019-07-13 12:00:00,0.3305,0.3375,0.3307,0.3339,5353708.0,XRP-USD,6h
2019-07-13 18:00:00,0.3238,0.3344,0.3339,0.3328,9494435.0,XRP-USD,6h
2019-07-14 00:00:00,0.3281,0.3353,0.3329,0.3307,4293796.0,XRP-USD,6h
2019-07-14 06:00:00,0.311,0.3316,0.3302,0.3168,6887883.0,XRP-USD,6h
2019-07-14 12:00:00,0.3,0.3191,0.3158,0.316,16812500.0,XRP-USD,6h
2019-07-14 18:00:00,0.3003,0.3181,0.3161,0.3048,9651835.0,XRP-USD,6h
2019-07-15 00:00:00,0.295,0.3177,0.3034,0.3101,18384604.0,XRP-USD,6h
2019-07-15 06:00:00,0.3071,0.3159,0.31,0.3136,4586561.0,XRP-USD,6h
2019-07-15 12:00:00,0.3075,0.3247,0.3136,0.314,10769518.0,XRP-USD,6h
2019-07-15 18:00:00,0.311,0.321,0.3134,0.3137,10632801.0,XRP-USD,6h
2019-07-16 00:00:00,0.3113,0.32,0.3128,0.3143,5403391.0,XRP-USD,6h
2019-07-16 06:00:00,0.3077,0.316,0.3142,0.3124,5268631.0,XRP-USD,6h
2019-07-16 12:00:00,0.2821,0.313,0.3126,0.2957,21164939.0,XRP-USD,6h
2019-07-16 18:00:00,0.2912,0.3103,0.2955,0.2955,14389455.0,XRP-USD,6h
2019-07-17 00:00:00,0.2933,0.3011,0.2957,0.2992,8427993.0,XRP-USD,6h
2019-07-17 06:00:00,0.2959,0.3044,0.2993,0.3003,6061404.0,XRP-USD,6h
2019-07-17 12:00:00,0.2977,0.3267,0.3,0.319,16197651.0,XRP-USD,6h
2019-07-17 18:00:00,0.3085,0.322,0.3187,0.311,9282153.0,XRP-USD,6h
2019-07-18 00:00:00,0.3073,0.3172,0.3111,0.3156,6096319.0,XRP-USD,6h
2019-07-18 06:00:00,0.3113,0.3197,0.3152,0.3164,3921850.0,XRP-USD,6h
2019-07-18 12:00:00,0.3025,0.3272,0.3169,0.3221,15904924.0,XRP-USD,6h
2019-07-18 18:00:00,0.32,0.3257,0.3221,0.3212,6835722.0,XRP-USD,6h
2019-07-19 00:00:00,0.3174,0.323,0.3212,0.3207,5487239.0,XRP-USD,6h
2019-07-19 06:00:00,0.3126,0.322,0.3207,0.3138,4139763.0,XRP-USD,6h
2019-07-19 12:00:00,0.3101,0.321,0.3136,0.3179,6757263.0,XRP-USD,6h
2019-07-19 18:00:00,0.3153,0.3218,0.318,0.3198,6733123.0,XRP-USD,6h
2019-07-20 00:00:00,0.3193,0.3353,0.32,0.3303,9260061.0,XRP-USD,6h
2019-07-20 06:00:00,0.3245,0.3315,0.3304,0.3277,3356815.0,XRP-USD,6h
2019-07-20 12:00:00,0.3267,0.3389,0.3277,0.3361,10437002.0,XRP-USD,6h
2019-07-20 18:00:00,0.331,0.344,0.3362,0.334,10389279.0,XRP-USD,6h
2019-07-21 00:00:00,0.3269,0.3361,0.3338,0.3293,6403577.0,XRP-USD,6h
2019-07-21 06:00:00,0.3267,0.3327,0.3293,0.329,4180274.0,XRP-USD,6h
2019-07-21 12:00:00,0.3213,0.3302,0.3286,0.3247,7028811.0,XRP-USD,6h
2019-07-21 18:00:00,0.3234,0.3316,0.3246,0.331,4982729.0,XRP-USD,6h
2019-07-22 00:00:00,0.3278,0.3331,0.331,0.33,4055360.0,XRP-USD,6h
2019-07-22 06:00:00,0.3213,0.3308,0.3299,0.3256,2726022.0,XRP-USD,6h
2019-07-22 12:00:00,0.3159,0.3257,0.3256,0.3192,8673950.0,XRP-USD,6h
2019-07-22 18:00:00,0.3162,0.3236,0.3189,0.3212,4434367.0,XRP-USD,6h
2019-07-23 00:00:00,0.3152,0.3212,0.3212,0.3164,3691337.0,XRP-USD,6h
2019-07-23 06:00:00,0.3083,0.3176,0.3164,0.3131,4167820.0,XRP-USD,6h
2019-07-23 12:00:00,0.306,0.3136,0.3132,0.3101,6767829.0,XRP-USD,6h
2019-07-23 18:00:00,0.3066,0.3164,0.3101,0.3084,5778792.0,XRP-USD,6h
2019-07-24 00:00:00,0.3023,0.3092,0.3083,0.306,5781174.0,XRP-USD,6h
2019-07-24 06:00:00,0.3046,0.3106,0.3064,0.3079,3328894.0,XRP-USD,6h
2019-07-24 12:00:00,0.3079,0.3186,0.3082,0.3139,7820958.0,XRP-USD,6h
2019-07-24 18:00:00,0.3116,0.3182,0.3139,0.3158,4710380.0,XRP-USD,6h
2019-07-25 00:00:00,0.3154,0.3235,0.3158,0.3181,4843640.0,XRP-USD,6h
2019-07-25 06:00:00,0.3162,0.3205,0.318,0.3202,2331403.0,XRP-USD,6h
2019-07-25 12:00:00,0.3141,0.3217,0.3202,0.3165,4823622.0,XRP-USD,6h
2019-07-25 18:00:00,0.3116,0.3166,0.3165,0.3138,3585117.0,XRP-USD,6h
2019-07-26 00:00:00,0.3076,0.3138,0.3137,0.3104,4200292.0,XRP-USD,6h
2019-07-26 06:00:00,0.3087,0.3187,0.3106,0.3166,3739172.0,XRP-USD,6h
2019-07-26 12:00:00,0.3147,0.325,0.3165,0.3235,6731910.0,XRP-USD,6h
2019-07-26 18:00:00,0.3207,0.3255,0.3233,0.3243,5474139.0,XRP-USD,6h
2019-07-27 00:00:00,0.3214,0.3277,0.3241,0.3222,4212731.0,XRP-USD,6h
2019-07-27 06:00:00,0.3054,0.323,0.3221,0.309,5895780.0,XRP-USD,6h
2019-07-27 12:00:00,0.3045,0.3107,0.3091,0.3097,5077113.0,XRP-USD,6h
2019-07-27 18:00:00,0.3072,0.3114,0.3097,0.3093,4525196.0,XRP-USD,6h
2019-07-28 00:00:00,0.3076,0.3122,0.3095,0.3112,3806954.0,XRP-USD,6h
2019-07-28 06:00:00,0.3056,0.3125,0.3111,0.3106,2203306.0,XRP-USD,6h
2019-07-28 12:00:00,0.3061,0.3107,0.3106,0.3088,3512829.0,XRP-USD,6h
2019-07-28 18:00:00,0.2991,0.3148,0.3091,0.3118,8097108.0,XRP-USD,6h
2019-07-29 00:00:00,0.31,0.3148,0.3118,0.3105,3237824.0,XRP-USD,6h
2019-07-29 06:00:00,0.3061,0.3115,0.3105,0.3073,1879121.0,XRP-USD,6h
2019-07-29 12:00:00,0.3052,0.3115,0.307,0.309,4505027.0,XRP-USD,6h
2019-07-29 18:00:00,0.3085,0.3109,0.3091,0.31,3566995.0,XRP-USD,6h
2019-07-30 00:00:00,0.3065,0.3107,0.3097,0.3081,2963832.0,XRP-USD,6h
2019-07-30 06:00:00,0.3078,0.3199,0.308,0.3182,2562107.0,XRP-USD,6h
2019-07-30 12:00:00,0.315,0.322,0.3177,0.3196,6530914.0,XRP-USD,6h
2019-07-30 18:00:00,0.3164,0.321,0.3193,0.3188,4147561.0,XRP-USD,6h
2019-07-31 00:00:00,0.3175,0.321,0.3189,0.3197,3622131.0,XRP-USD,6h
2019-07-31 06:00:00,0.3187,0.3212,0.3197,0.3201,1983603.0,XRP-USD,6h
2019-07-31 12:00:00,0.3177,0.3239,0.3203,0.3178,6027420.0,XRP-USD,6h
2019-07-31 18:00:00,0.3153,0.32,0.318,0.32,6120928.0,XRP-USD,6h
2019-08-01 00:00:00,0.3134,0.3201,0.3198,0.3136,3498688.0,XRP-USD,6h
2019-08-01 06:00:00,0.3119,0.3153,0.3138,0.3127,1551675.0,XRP-USD,6h
2019-08-01 12:00:00,0.3121,0.3155,0.3126,0.3144,4656226.0,XRP-USD,6h
2019-08-01 18:00:00,0.3116,0.318,0.3145,0.3166,5782956.0,XRP-USD,6h
2019-08-02 00:00:00,0.3141,0.3169,0.3167,0.315,2885817.0,XRP-USD,6h
2019-08-02 06:00:00,0.3146,0.3183,0.315,0.3155,2074846.0,XRP-USD,6h
2019-08-02 12:00:00,0.3093,0.3164,0.3152,0.3116,6180981.0,XRP-USD,6h
2019-08-02 18:00:00,0.3096,0.3133,0.3116,0.3118,4983733.0,XRP-USD,6h
2019-08-03 00:00:00,0.3113,0.316,0.3121,0.3138,5125625.0,XRP-USD,6h
2019-08-03 06:00:00,0.3137,0.316,0.3139,0.3158,2820423.0,XRP-USD,6h
2019-08-03 12:00:00,0.3153,0.318,0.3158,0.3166,4481557.0,XRP-USD,6h
2019-08-03 18:00:00,0.3148,0.3174,0.3166,0.3166,3715670.0,XRP-USD,6h
2019-08-04 00:00:00,0.3123,0.3177,0.3166,0.3127,3029386.0,XRP-USD,6h
2019-08-04 06:00:00,0.3123,0.317,0.3127,0.3162,1293080.0,XRP-USD,6h
2019-08-04 12:00:00,0.3153,0.3244,0.3162,0.3217,6428523.0,XRP-USD,6h
2019-08-04 18:00:00,0.319,0.3236,0.3214,0.3199,5538023.0,XRP-USD,6h
2019-08-05 00:00:00,0.3197,0.3238,0.3199,0.3212,5233723.0,XRP-USD,6h
2019-08-05 06:00:00,0.32,0.332,0.3212,0.3283,6848953.0,XRP-USD,6h
2019-08-05 12:00:00,0.3232,0.3287,0.3283,0.3265,6232762.0,XRP-USD,6h
2019-08-05 18:00:00,0.3208,0.3266,0.3265,0.3214,5836169.0,XRP-USD,6h
2019-08-06 00:00:00,0.317,0.3219,0.3214,0.3194,3896709.0,XRP-USD,6h
2019-08-06 06:00:00,0.314,0.3247,0.3194,0.3165,4495786.0,XRP-USD,6h
2019-08-06 12:00:00,0.3137,0.3166,0.3165,0.3141,4557793.0,XRP-USD,6h
2019-08-06 18:00:00,0.3078,0.3146,0.3141,0.3114,8124128.0,XRP-USD,6h
2019-08-07 00:00:00,0.3105,0.3132,0.3112,0.3126,2981995.0,XRP-USD,6h
2019-08-07 06:00:00,0.3088,0.3158,0.3125,0.3123,5799668.0,XRP-USD,6h
2019-08-07 12:00:00,0.3073,0.3135,0.3122,0.3096,7156827.0,XRP-USD,6h
2019-08-07 18:00:00,0.3065,0.313,0.3098,0.3111,4925368.0,XRP-USD,6h
2019-08-08 00:00:00,0.3069,0.312,0.3108,0.3079,5423496.0,XRP-USD,6h
2019-08-08 06:00:00,0.3042,0.3087,0.3079,0.3062,6690910.0,XRP-USD,6h
2019-08-08 12:00:00,0.3035,0.3092,0.3063,0.3056,4139897.0,XRP-USD,6h
2019-08-08 18:00:00,0.3035,0.3085,0.3056,0.3078,5388985.0,XRP-USD,6h
2019-08-09 00:00:00,0.3032,0.3086,0.3077,0.3046,5142258.0,XRP-USD,6h
2019-08-09 06:00:00,0.2953,0.3047,0.3046,0.2969,7146166.0,XRP-USD,6h
2019-08-09 12:00:00,0.2892,0.2997,0.2969,0.2925,10013618.0,XRP-USD,6h
2019-08-09 18:00:00,0.2924,0.2965,0.2926,0.2959,8472791.0,XRP-USD,6h
2019-08-10 00:00:00,0.2959,0.3053,0.2959,0.3032,6256154.0,XRP-USD,6h
2019-08-10 06:00:00,0.2908,0.3034,0.3031,0.2928,5125037.0,XRP-USD,6h
2019-08-10 12:00:00,0.2917,0.3003,0.2928,0.2992,6243613.0,XRP-USD,6h
2019-08-10 18:00:00,0.2955,0.3018,0.2992,0.2985,4509451.0,XRP-USD,6h
2019-08-11 00:00:00,0.298,0.3015,0.2986,0.2982,2662874.0,XRP-USD,6h
2019-08-11 06:00:00,0.295,0.2994,0.2983,0.2991,2481355.0,XRP-USD,6h
2019-08-11 12:00:00,0.2982,0.3053,0.2991,0.3053,4155367.0,XRP-USD,6h
2019-08-11 18:00:00,0.3006,0.306,0.3049,0.3028,3836014.0,XRP-USD,6h
2019-08-12 00:00:00,0.301,0.3053,0.303,0.301,2384579.0,XRP-USD,6h
2019-08-12 06:00:00,0.2977,0.301,0.301,0.2993,1797136.0,XRP-USD,6h
2019-08-12 12:00:00,0.2982,0.3017,0.2992,0.3009,4317260.0,XRP-USD,6h
2019-08-12 18:00:00,0.2997,0.3014,0.3009,0.3007,3711958.0,XRP-USD,6h
2019-08-13 00:00:00,0.297,0.301,0.3006,0.2986,3136436.0,XRP-USD,6h
2019-08-13 06:00:00,0.295,0.2987,0.2984,0.2973,2939879.0,XRP-USD,6h
2019-08-13 12:00:00,0.2918,0.2981,0.2973,0.2942,5957739.0,XRP-USD,6h
2019-08-13 18:00:00,0.2932,0.2974,0.2941,0.2968,3989757.0,XRP-USD,6h
2019-08-14 00:00:00,0.2934,0.2978,0.297,0.295,3787195.0,XRP-USD,6h
2019-08-14 06:00:00,0.2917,0.2956,0.295,0.2931,2924834.0,XRP-USD,6h
2019-08-14 12:00:00,0.2369,0.2934,0.2931,0.257,42382035.0,XRP-USD,6h
2019-08-14 18:00:00,0.2552,0.2719,0.2568,0.2632,27618559.0,XRP-USD,6h
2019-08-15 00:00:00,0.2517,0.271,0.2632,0.2564,15651730.0,XRP-USD,6h
2019-08-15 06:00:00,0.2481,0.2664,0.2563,0.2659,14978601.0,XRP-USD,6h
2019-08-15 12:00:00,0.2588,0.2689,0.2656,0.2623,10759370.0,XRP-USD,6h
2019-08-15 18:00:00,0.2612,0.2691,0.2623,0.2638,10670258.0,XRP-USD,6h
2019-08-16 00:00:00,0.2544,0.265,0.2638,0.2561,6851694.0,XRP-USD,6h
2019-08-16 06:00:00,0.2559,0.2619,0.2561,0.2601,5404525.0,XRP-USD,6h
2019-08-16 12:00:00,0.2577,0.2636,0.2599,0.2613,7289448.0,XRP-USD,6h
2019-08-16 18:00:00,0.2599,0.2634,0.2616,0.2616,7431338.0,XRP-USD,6h
2019-08-17 00:00:00,0.2584,0.2693,0.2616,0.2676,6479783.0,XRP-USD,6h
2019-08-17 06:00:00,0.2634,0.2696,0.2676,0.2659,4916429.0,XRP-USD,6h
2019-08-17 12:00:00,0.2618,0.2668,0.266,0.2632,5408749.0,XRP-USD,6h
2019-08-17 18:00:00,0.262,0.2665,0.2634,0.2657,4536895.0,XRP-USD,6h
2019-08-18 00:00:00,0.2635,0.2665,0.2655,0.2656,2523064.0,XRP-USD,6h
2019-08-18 06:00:00,0.2647,0.286,0.2657,0.2823,9485559.0,XRP-USD,6h
2019-08-18 12:00:00,0.2791,0.2923,0.2822,0.2886,14328566.0,XRP-USD,6h
2019-08-18 18:00:00,0.283,0.2906,0.2889,0.2835,9825323.0,XRP-USD,6h
2019-08-19 00:00:00,0.2791,0.2894,0.2834,0.2851,8138351.0,XRP-USD,6h
2019-08-19 06:00:00,0.284,0.2907,0.2852,0.2852,3911463.0,XRP-USD,6h
2019-08-19 12:00:00,0.2769,0.2857,0.2854,0.2797,7059201.0,XRP-USD,6h
2019-08-19 18:00:00,0.276,0.2833,0.2798,0.2822,6771035.0,XRP-USD,6h
2019-08-20 00:00:00,0.277,0.2825,0.2821,0.2776,3363579.0,XRP-USD,6h
2019-08-20 06:00:00,0.27,0.2802,0.2774,0.2748,3614515.0,XRP-USD,6h
2019-08-20 12:00:00,0.2715,0.275,0.2748,0.2736,6278112.0,XRP-USD,6h
2019-08-20 18:00:00,0.2721,0.275,0.2736,0.2745,4465518.0,XRP-USD,6h
2019-08-21 00:00:00,0.2622,0.2747,0.2747,0.2653,9096585.0,XRP-USD,6h
2019-08-21 06:00:00,0.2616,0.2659,0.2653,0.264,4144798.0,XRP-USD,6h
2019-08-21 12:00:00,0.2576,0.2671,0.264,0.2662,9328017.0,XRP-USD,6h
2019-08-21 18:00:00,0.2635,0.2668,0.2661,0.2658,5215604.0,XRP-USD,6h
2019-08-22 00:00:00,0.2605,0.2672,0.2658,0.2645,6059912.0,XRP-USD,6h
2019-08-22 06:00:00,0.2626,0.2663,0.2645,0.2657,3904053.0,XRP-USD,6h
2019-08-22 12:00:00,0.2649,0.2747,0.2657,0.2726,8143181.0,XRP-USD,6h
2019-08-22 18:00:00,0.2696,0.2746,0.2726,0.2711,4717233.0,XRP-USD,6h
2019-08-23 00:00:00,0.2676,0.2724,0.2711,0.2714,4089996.0,XRP-USD,6h
2019-08-23 06:00:00,0.2708,0.2737,0.2714,0.2724,2891020.0,XRP-USD,6h
2019-08-23 12:00:00,0.2721,0.2793,0.2722,0.2781,6072679.0,XRP-USD,6h
2019-08-23 18:00:00,0.2749,0.2782,0.2782,0.2773,5823253.0,XRP-USD,6h
2019-08-24 00:00:00,0.2731,0.2782,0.2773,0.2734,3441921.0,XRP-USD,6h
2019-08-24 06:00:00,0.2635,0.2741,0.2735,0.2686,4045224.0,XRP-USD,6h
2019-08-24 12:00:00,0.2664,0.2708,0.2686,0.2701,3150540.0,XRP-USD,6h
2019-08-24 18:00:00,0.2699,0.2739,0.2701,0.2719,3311938.0,XRP-USD,6h
2019-08-25 00:00:00,0.2685,0.273,0.2721,0.2703,3217547.0,XRP-USD,6h
2019-08-25 06:00:00,0.2702,0.2765,0.2706,0.2738,3182592.0,XRP-USD,6h
2019-08-25 12:00:00,0.2671,0.2764,0.2739,0.2707,4059248.0,XRP-USD,6h
2019-08-25 18:00:00,0.2658,0.272,0.2707,0.2697,4095526.0,XRP-USD,6h
2019-08-26 00:00:00,0.2696,0.2806,0.2697,0.2726,6083788.0,XRP-USD,6h
2019-08-26 06:00:00,0.267,0.273,0.2725,0.2708,2992348.0,XRP-USD,6h
2019-08-26 12:00:00,0.2665,0.2723,0.2706,0.2682,4693158.0,XRP-USD,6h
2019-08-26 18:00:00,0.2663,0.2704,0.2682,0.2703,3276737.0,XRP-USD,6h
2019-08-27 00:00:00,0.2659,0.2704,0.2703,0.2695,3097510.0,XRP-USD,6h
2019-08-27 06:00:00,0.2669,0.2694,0.2694,0.2674,1828239.0,XRP-USD,6h
2019-08-27 12:00:00,0.2645,0.2694,0.2675,0.2693,3544691.0,XRP-USD,6h
2019-08-27 18:00:00,0.2666,0.27,0.2693,0.2693,3557079.0,XRP-USD,6h
2019-08-28 00:00:00,0.2651,0.2696,0.2693,0.2665,2528472.0,XRP-USD,6h
2019-08-28 06:00:00,0.2653,0.2673,0.2665,0.2663,1202563.0,XRP-USD,6h
2019-08-28 12:00:00,0.2625,0.2672,0.2663,0.2634,4776997.0,XRP-USD,6h
2019-08-28 18:00:00,0.244,0.2635,0.2635,0.2563,24680489.0,XRP-USD,6h
2019-08-29 00:00:00,0.2501,0.2568,0.2563,0.2531,7185898.0,XRP-USD,6h
2019-08-29 06:00:00,0.2467,0.2543,0.2535,0.2529,4887863.0,XRP-USD,6h
2019-08-29 12:00:00,0.248,0.2628,0.2528,0.258,10775655.0,XRP-USD,6h
2019-08-29 18:00:00,0.2544,0.26,0.2578,0.2568,8405374.0,XRP-USD,6h
2019-08-30 00:00:00,0.252,0.2574,0.2568,0.2551,4285517.0,XRP-USD,6h
2019-08-30 06:00:00,0.2531,0.2569,0.2551,0.2558,2775911.0,XRP-USD,6h
2019-08-30 12:00:00,0.2534,0.2583,0.2559,0.2536,5147643.0,XRP-USD,6h
2019-08-30 18:00:00,0.2524,0.2565,0.2534,0.2558,4987643.0,XRP-USD,6h
2019-08-31 00:00:00,0.2549,0.2579,0.2555,0.257,2720296.0,XRP-USD,6h
2019-08-31 06:00:00,0.2553,0.2579,0.257,0.2574,1650738.0,XRP-USD,6h
2019-08-31 12:00:00,0.2554,0.258,0.2573,0.2568,2520260.0,XRP-USD,6h
2019-08-31 18:00:00,0.2528,0.2607,0.2567,0.2577,4488714.0,XRP-USD,6h
2019-09-01 00:00:00,0.2569,0.259,0.2579,0.258,1919063.0,XRP-USD,6h
2019-09-01 06:00:00,0.2547,0.2586,0.258,0.2549,1506836.0,XRP-USD,6h
2019-09-01 12:00:00,0.2501,0.2568,0.2549,0.254,4269582.0,XRP-USD,6h
2019-09-01 18:00:00,0.2541,0.2582,0.2541,0.2569,3194584.0,XRP-USD,6h
2019-09-02 00:00:00,0.2544,0.2572,0.2569,0.2552,3058525.0,XRP-USD,6h
2019-09-02 06:00:00,0.2535,0.2555,0.2552,0.2554,2344474.0,XRP-USD,6h
2019-09-02 12:00:00,0.2543,0.2594,0.2555,0.2585,6079796.0,XRP-USD,6h
2019-09-02 18:00:00,0.2586,0.265,0.2586,0.2616,6514654.0,XRP-USD,6h
2019-09-03 00:00:00,0.26,0.2626,0.2616,0.2613,2562526.0,XRP-USD,6h
2019-09-03 06:00:00,0.2583,0.2614,0.2614,0.2602,2222538.0,XRP-USD,6h
2019-09-03 12:00:00,0.2599,0.2674,0.2602,0.262,6489642.0,XRP-USD,6h
2019-09-03 18:00:00,0.2613,0.2666,0.2619,0.2629,8213011.0,XRP-USD,6h
2019-09-04 00:00:00,0.26,0.2631,0.2629,0.2605,3657313.0,XRP-USD,6h
2019-09-04 06:00:00,0.2585,0.2608,0.2604,0.2592,2098759.0,XRP-USD,6h
2019-09-04 12:00:00,0.2564,0.261,0.2592,0.2604,6503519.0,XRP-USD,6h
2019-09-04 18:00:00,0.2581,0.262,0.2602,0.2589,4618298.0,XRP-USD,6h
2019-09-05 00:00:00,0.2576,0.2595,0.2588,0.2586,3378256.0,XRP-USD,6h
2019-09-05 06:00:00,0.2536,0.2588,0.2585,0.2557,2327306.0,XRP-USD,6h
2019-09-05 12:00:00,0.2537,0.257,0.2557,0.2548,5686144.0,XRP-USD,6h
2019-09-05 18:00:00,0.2545,0.2565,0.2548,0.2563,4706649.0,XRP-USD,6h
2019-09-06 00:00:00,0.2554,0.2589,0.2563,0.2577,3522534.0,XRP-USD,6h
2019-09-06 06:00:00,0.2558,0.2594,0.2577,0.2586,2748736.0,XRP-USD,6h
2019-09-06 12:00:00,0.2505,0.2603,0.2587,0.2537,7424836.0,XRP-USD,6h
2019-09-06 18:00:00,0.2471,0.2538,0.2536,0.2515,8728284.0,XRP-USD,6h
2019-09-07 00:00:00,0.2505,0.2522,0.2515,0.2517,2684725.0,XRP-USD,6h
2019-09-07 06:00:00,0.2509,0.253,0.2517,0.2528,2903445.0,XRP-USD,6h
2019-09-07 12:00:00,0.2524,0.2636,0.2528,0.2612,9227182.0,XRP-USD,6h
2019-09-07 18:00:00,0.2597,0.2628,0.2612,0.2604,4317199.0,XRP-USD,6h
2019-09-08 00:00:00,0.26,0.2661,0.2604,0.2639,4289127.0,XRP-USD,6h
2019-09-08 06:00:00,0.2562,0.2651,0.2639,0.2599,3798368.0,XRP-USD,6h
2019-09-08 12:00:00,0.2581,0.2658,0.2599,0.2625,4765475.0,XRP-USD,6h
2019-09-08 18:00:00,0.2588,0.2639,0.2624,0.2625,3927669.0,XRP-USD,6h
2019-09-09 00:00:00,0.2581,0.2632,0.2625,0.2583,3332572.0,XRP-USD,6h
2019-09-09 06:00:00,0.2562,0.2648,0.2583,0.2624,3580229.0,XRP-USD,6h
2019-09-09 12:00:00,0.2575,0.2625,0.2624,0.2587,3736993.0,XRP-USD,6h
2019-09-09 18:00:00,0.2573,0.2594,0.2587,0.2584,7040307.0,XRP-USD,6h
2019-09-10 00:00:00,0.2582,0.263,0.2584,0.261,6612364.0,XRP-USD,6h
2019-09-10 06:00:00,0.2593,0.2622,0.2611,0.261,2369089.0,XRP-USD,6h
2019-09-10 12:00:00,0.2581,0.2638,0.2611,0.2586,3544875.0,XRP-USD,6h
2019-09-10 18:00:00,0.253,0.259,0.2586,0.2585,6158277.0,XRP-USD,6h
2019-09-11 00:00:00,0.2554,0.2608,0.2585,0.2558,2669855.0,XRP-USD,6h
2019-09-11 06:00:00,0.2516,0.2563,0.2558,0.2543,3150383.0,XRP-USD,6h
2019-09-11 12:00:00,0.2508,0.255,0.2542,0.2527,5338697.0,XRP-USD,6h
2019-09-11 18:00:00,0.2517,0.2554,0.2527,0.2552,4864878.0,XRP-USD,6h
2019-09-12 00:00:00,0.2517,0.2558,0.2553,0.2522,3793658.0,XRP-USD,6h
2019-09-12 06:00:00,0.2502,0.2545,0.2522,0.2535,3353194.0,XRP-USD,6h
2019-09-12 12:00:00,0.2519,0.2568,0.2535,0.2525,5995766.0,XRP-USD,6h
2019-09-12 18:00:00,0.2517,0.2562,0.2525,0.2542,4288372.0,XRP-USD,6h
2019-09-13 00:00:00,0.2536,0.2562,0.2543,0.2545,2743492.0,XRP-USD,6h
2019-09-13 06:00:00,0.2522,0.255,0.2545,0.2541,2875268.0,XRP-USD,6h
2019-09-13 12:00:00,0.2533,0.2566,0.2541,0.2548,4548094.0,XRP-USD,6h
2019-09-13 18:00:00,0.2531,0.2561,0.2548,0.2557,4789388.0,XRP-USD,6h
2019-09-14 00:00:00,0.2546,0.2561,0.2559,0.255,2932385.0,XRP-USD,6h
2019-09-14 06:00:00,0.2543,0.2567,0.255,0.2566,2423214.0,XRP-USD,6h
2019-09-14 12:00:00,0.2566,0.2658,0.2567,0.263,13681117.0,XRP-USD,6h
2019-09-14 18:00:00,0.2618,0.265,0.2631,0.2619,4436591.0,XRP-USD,6h
2019-09-15 00:00:00,0.2616,0.2639,0.2619,0.263,2765875.0,XRP-USD,6h
2019-09-15 06:00:00,0.2619,0.2644,0.2629,0.2634,1659028.0,XRP-USD,6h
2019-09-15 12:00:00,0.2589,0.2642,0.2635,0.2592,3323016.0,XRP-USD,6h
2019-09-15 18:00:00,0.2592,0.2609,0.2592,0.2608,2447705.0,XRP-USD,6h
2019-09-16 00:00:00,0.2606,0.264,0.2608,0.2629,5030934.0,XRP-USD,6h
2019-09-16 06:00:00,0.26,0.263,0.2629,0.261,2094095.0,XRP-USD,6h
2019-09-16 12:00:00,0.2568,0.261,0.261,0.2581,6229422.0,XRP-USD,6h
2019-09-16 18:00:00,0.258,0.2635,0.2581,0.2615,6886230.0,XRP-USD,6h
2019-09-17 00:00:00,0.26,0.2621,0.2615,0.2619,3269121.0,XRP-USD,6h
2019-09-17 06:00:00,0.261,0.2679,0.2618,0.2667,6289076.0,XRP-USD,6h
2019-09-17 12:00:00,0.2665,0.299,0.2667,0.2946,34026709.0,XRP-USD,6h
2019-09-17 18:00:00,0.2842,0.295,0.2946,0.2858,19346762.0,XRP-USD,6h
2019-09-18 00:00:00,0.2853,0.3137,0.2855,0.3029,26008594.0,XRP-USD,6h
2019-09-18 06:00:00,0.3019,0.31,0.3029,0.3058,7361177.0,XRP-USD,6h
2019-09-18 12:00:00,0.3025,0.327,0.3058,0.3149,29898147.0,XRP-USD,6h
2019-09-18 18:00:00,0.3104,0.3199,0.3149,0.3143,12513397.0,XRP-USD,6h
2019-09-19 00:00:00,0.286,0.3143,0.3141,0.2912,24638873.0,XRP-USD,6h
2019-09-19 06:00:00,0.2815,0.2982,0.2912,0.2866,10159352.0,XRP-USD,6h
2019-09-19 12:00:00,0.2864,0.305,0.2864,0.303,16590587.0,XRP-USD,6h
2019-09-19 18:00:00,0.2958,0.306,0.3029,0.3014,18503961.0,XRP-USD,6h
2019-09-20 00:00:00,0.2884,0.3023,0.3014,0.2921,8074884.0,XRP-USD,6h
2019-09-20 06:00:00,0.2904,0.298,0.2921,0.2928,6795270.0,XRP-USD,6h
2019-09-20 12:00:00,0.2821,0.2959,0.2928,0.2887,9965170.0,XRP-USD,6h
2019-09-20 18:00:00,0.2878,0.2942,0.2887,0.2938,6150165.0,XRP-USD,6h
2019-09-21 00:00:00,0.2915,0.2977,0.2937,0.2935,6845653.0,XRP-USD,6h
2019-09-21 06:00:00,0.288,0.2936,0.2934,0.2913,3369652.0,XRP-USD,6h
2019-09-21 12:00:00,0.2862,0.2933,0.2912,0.2898,6651877.0,XRP-USD,6h
2019-09-21 18:00:00,0.2872,0.2923,0.2897,0.2896,3678835.0,XRP-USD,6h
2019-09-22 00:00:00,0.2752,0.2897,0.2897,0.2789,9006763.0,XRP-USD,6h
2019-09-22 06:00:00,0.2762,0.2817,0.2788,0.2789,2552054.0,XRP-USD,6h
2019-09-22 12:00:00,0.2682,0.2803,0.2788,0.2737,8835407.0,XRP-USD,6h
2019-09-22 18:00:00,0.2715,0.2786,0.2735,0.2766,4275799.0,XRP-USD,6h
2019-09-23 00:00:00,0.2712,0.2772,0.2767,0.2713,3754713.0,XRP-USD,6h
2019-09-23 06:00:00,0.2692,0.2757,0.2713,0.2746,2911872.0,XRP-USD,6h
2019-09-23 12:00:00,0.2661,0.2864,0.2745,0.2799,13404533.0,XRP-USD,6h
2019-09-23 18:00:00,0.2651,0.2816,0.2798,0.2677,12387525.0,XRP-USD,6h
2019-09-24 00:00:00,0.2637,0.2729,0.2677,0.2705,7479217.0,XRP-USD,6h
2019-09-24 06:00:00,0.2663,0.2707,0.2705,0.268,2815368.0,XRP-USD,6h
2019-09-24 12:00:00,0.254,0.2684,0.268,0.2604,16818993.0,XRP-USD,6h
2019-09-24 18:00:00,0.215,0.2603,0.2603,0.2341,75000021.0,XRP-USD,6h
2019-09-25 00:00:00,0.2337,0.2468,0.2341,0.2403,14813217.0,XRP-USD,6h
2019-09-25 06:00:00,0.2318,0.2408,0.2402,0.2368,5916826.0,XRP-USD,6h
2019-09-25 12:00:00,0.2345,0.2498,0.2368,0.2453,12879511.0,XRP-USD,6h
2019-09-25 18:00:00,0.2405,0.249,0.2453,0.246,9001862.0,XRP-USD,6h
2019-09-26 00:00:00,0.2403,0.246,0.2459,0.2437,5893027.0,XRP-USD,6h
2019-09-26 06:00:00,0.2436,0.25,0.2437,0.2466,4797029.0,XRP-USD,6h
2019-09-26 12:00:00,0.228,0.2484,0.2467,0.2351,20593474.0,XRP-USD,6h
2019-09-26 18:00:00,0.235,0.2455,0.235,0.2423,7474419.0,XRP-USD,6h
2019-09-27 00:00:00,0.2363,0.2441,0.2423,0.2385,7330161.0,XRP-USD,6h
2019-09-27 06:00:00,0.2363,0.2439,0.2385,0.237,4152532.0,XRP-USD,6h
2019-09-27 12:00:00,0.2332,0.2427,0.2371,0.2406,7766015.0,XRP-USD,6h
2019-09-27 18:00:00,0.2388,0.2473,0.2404,0.2428,6593221.0,XRP-USD,6h
2019-09-28 00:00:00,0.2412,0.2451,0.2428,0.2419,2954148.0,XRP-USD,6h
2019-09-28 06:00:00,0.2402,0.243,0.242,0.2411,2455864.0,XRP-USD,6h
2019-09-28 12:00:00,0.2383,0.2431,0.2408,0.2428,4488062.0,XRP-USD,6h
2019-09-28 18:00:00,0.2403,0.2448,0.2428,0.2423,2965768.0,XRP-USD,6h
2019-09-29 00:00:00,0.2388,0.2427,0.2422,0.2399,2725541.0,XRP-USD,6h
2019-09-29 06:00:00,0.2369,0.24,0.2398,0.2372,2122529.0,XRP-USD,6h
2019-09-29 12:00:00,0.2347,0.239,0.2373,0.2377,4881766.0,XRP-USD,6h
2019-09-29 18:00:00,0.2375,0.2428,0.238,0.2406,4018533.0,XRP-USD,6h
2019-09-30 00:00:00,0.2353,0.2407,0.2406,0.2389,3649824.0,XRP-USD,6h
2019-09-30 06:00:00,0.2373,0.2603,0.2389,0.2592,17412567.0,XRP-USD,6h
2019-09-30 12:00:00,0.2539,0.2621,0.259,0.2581,14395483.0,XRP-USD,6h
2019-09-30 18:00:00,0.25,0.2605,0.2581,0.2565,9291886.0,XRP-USD,6h
2019-10-01 00:00:00,0.2531,0.2614,0.2569,0.2576,8582848.0,XRP-USD,6h
2019-10-01 06:00:00,0.254,0.2581,0.2574,0.2564,2439995.0,XRP-USD,6h
2019-10-01 12:00:00,0.2504,0.2581,0.2562,0.2513,8204452.0,XRP-USD,6h
2019-10-01 18:00:00,0.245,0.2518,0.2511,0.2484,6511392.0,XRP-USD,6h
2019-10-02 00:00:00,0.2453,0.2498,0.2486,0.2456,3970879.0,XRP-USD,6h
2019-10-02 06:00:00,0.2447,0.2483,0.2457,0.2468,2563381.0,XRP-USD,6h
2019-10-02 12:00:00,0.2453,0.2551,0.2469,0.2503,15177617.0,XRP-USD,6h
2019-10-02 18:00:00,0.2492,0.2546,0.2503,0.2535,6606188.0,XRP-USD,6h
2019-10-03 00:00:00,0.248,0.254,0.2535,0.2486,5604769.0,XRP-USD,6h
2019-10-03 06:00:00,0.2462,0.2497,0.2487,0.2473,3570362.0,XRP-USD,6h
2019-10-03 12:00:00,0.241,0.2505,0.2473,0.2458,9276430.0,XRP-USD,6h
2019-10-03 18:00:00,0.2437,0.2492,0.2456,0.2476,4326103.0,XRP-USD,6h
2019-10-04 00:00:00,0.2445,0.2499,0.2476,0.2472,5415475.0,XRP-USD,6h
2019-10-04 06:00:00,0.2465,0.2542,0.2471,0.2529,3550609.0,XRP-USD,6h
2019-10-04 12:00:00,0.2511,0.2572,0.2529,0.2557,9400919.0,XRP-USD,6h
2019-10-04 18:00:00,0.2512,0.2558,0.2557,0.2533,5406902.0,XRP-USD,6h
2019-10-05 00:00:00,0.2501,0.2556,0.2533,0.2533,3817385.0,XRP-USD,6h
2019-10-05 06:00:00,0.2505,0.2555,0.2532,0.2523,2757259.0,XRP-USD,6h
2019-10-05 12:00:00,0.2503,0.2569,0.2522,0.2534,6417338.0,XRP-USD,6h
2019-10-05 18:00:00,0.247,0.255,0.2536,0.2542,5275163.0,XRP-USD,6h
2019-10-06 00:00:00,0.2514,0.256,0.254,0.2536,2884134.0,XRP-USD,6h
2019-10-06 06:00:00,0.2513,0.2548,0.2541,0.254,1576578.0,XRP-USD,6h
2019-10-06 12:00:00,0.2512,0.257,0.254,0.2545,5846092.0,XRP-USD,6h
2019-10-06 18:00:00,0.2511,0.256,0.2547,0.2557,6780168.0,XRP-USD,6h
2019-10-07 00:00:00,0.2536,0.2723,0.2556,0.2655,15635851.0,XRP-USD,6h
2019-10-07 06:00:00,0.2648,0.2795,0.2655,0.2756,9301236.0,XRP-USD,6h
2019-10-07 12:00:00,0.274,0.2815,0.2755,0.2764,22172511.0,XRP-USD,6h
2019-10-07 18:00:00,0.2729,0.2773,0.276,0.2764,8765886.0,XRP-USD,6h
2019-10-08 00:00:00,0.275,0.2859,0.2766,0.2791,10946808.0,XRP-USD,6h
2019-10-08 06:00:00,0.2736,0.281,0.2792,0.2751,4079679.0,XRP-USD,6h
2019-10-08 12:00:00,0.271,0.28,0.2748,0.2777,10704163.0,XRP-USD,6h
2019-10-08 18:00:00,0.2731,0.2782,0.2775,0.2778,7406270.0,XRP-USD,6h
2019-10-09 00:00:00,0.2732,0.28,0.2778,0.2748,4981549.0,XRP-USD,6h
2019-10-09 06:00:00,0.2744,0.2822,0.2749,0.2801,4613544.0,XRP-USD,6h
2019-10-09 12:00:00,0.2779,0.287,0.2801,0.2817,17195410.0,XRP-USD,6h
2019-10-09 18:00:00,0.2793,0.2838,0.2813,0.2819,8157334.0,XRP-USD,6h
2019-10-10 00:00:00,0.2765,0.2825,0.2819,0.2774,5340107.0,XRP-USD,6h
2019-10-10 06:00:00,0.265,0.2788,0.2773,0.2719,7181077.0,XRP-USD,6h
2019-10-10 12:00:00,0.2681,0.2743,0.2718,0.2724,7027265.0,XRP-USD,6h
2019-10-10 18:00:00,0.2701,0.2746,0.2722,0.2711,5370928.0,XRP-USD,6h
2019-10-11 00:00:00,0.2684,0.2767,0.2711,0.2687,6736254.0,XRP-USD,6h
2019-10-11 06:00:00,0.2649,0.2701,0.269,0.2673,4610005.0,XRP-USD,6h
2019-10-11 12:00:00,0.2665,0.2723,0.2673,0.2679,6053936.0,XRP-USD,6h
2019-10-11 18:00:00,0.2662,0.2705,0.2679,0.2679,4385169.0,XRP-USD,6h
2019-10-12 00:00:00,0.2677,0.2753,0.2678,0.2741,6658221.0,XRP-USD,6h
2019-10-12 06:00:00,0.2714,0.2777,0.2743,0.2728,2667351.0,XRP-USD,6h
2019-10-12 12:00:00,0.272,0.2758,0.273,0.2734,4536977.0,XRP-USD,6h
2019-10-12 18:00:00,0.2708,0.274,0.2734,0.2729,2892442.0,XRP-USD,6h
2019-10-13 00:00:00,0.2714,0.2766,0.2728,0.276,3066143.0,XRP-USD,6h
2019-10-13 06:00:00,0.2746,0.2816,0.2759,0.2787,3210196.0,XRP-USD,6h
2019-10-13 12:00:00,0.2776,0.2822,0.2787,0.2794,5165857.0,XRP-USD,6h
2019-10-13 18:00:00,0.2731,0.2811,0.2795,0.2777,6489206.0,XRP-USD,6h
2019-10-14 00:00:00,0.2766,0.29,0.2777,0.2892,11281738.0,XRP-USD,6h
2019-10-14 06:00:00,0.2874,0.2936,0.289,0.2894,8678936.0,XRP-USD,6h
2019-10-14 12:00:00,0.286,0.295,0.2894,0.2915,11784448.0,XRP-USD,6h
2019-10-14 18:00:00,0.2885,0.2987,0.2916,0.2976,9345935.0,XRP-USD,6h
2019-10-15 00:00:00,0.2943,0.2995,0.2978,0.2958,8741286.0,XRP-USD,6h
2019-10-15 06:00:00,0.2882,0.2963,0.2958,0.2918,5915099.0,XRP-USD,6h
2019-10-15 12:00:00,0.2829,0.2953,0.2918,0.2854,15392991.0,XRP-USD,6h
2019-10-15 18:00:00,0.2848,0.29,0.2853,0.2884,10016841.0,XRP-USD,6h
2019-10-16 00:00:00,0.2873,0.2922,0.2885,0.2887,6281910.0,XRP-USD,6h
2019-10-16 06:00:00,0.2853,0.2911,0.2885,0.2858,4675788.0,XRP-USD,6h
2019-10-16 12:00:00,0.2783,0.2878,0.2857,0.2812,13346240.0,XRP-USD,6h
2019-10-16 18:00:00,0.2795,0.2864,0.2811,0.2834,6363299.0,XRP-USD,6h
2019-10-17 00:00:00,0.28,0.2847,0.2835,0.2829,4444005.0,XRP-USD,6h
2019-10-17 06:00:00,0.2819,0.3,0.2833,0.2981,11506598.0,XRP-USD,6h
2019-10-17 12:00:00,0.295,0.3038,0.2977,0.2972,14617914.0,XRP-USD,6h
2019-10-17 18:00:00,0.297,0.3034,0.2972,0.3019,9406554.0,XRP-USD,6h
2019-10-18 00:00:00,0.291,0.3024,0.3019,0.2919,7391769.0,XRP-USD,6h
2019-10-18 06:00:00,0.285,0.2932,0.2919,0.2922,8149654.0,XRP-USD,6h
2019-10-18 12:00:00,0.2886,0.2929,0.2922,0.2918,6470561.0,XRP-USD,6h
2019-10-18 18:00:00,0.2908,0.2966,0.2918,0.2945,7560806.0,XRP-USD,6h
2019-10-19 00:00:00,0.2896,0.2956,0.2944,0.2919,3878017.0,XRP-USD,6h
2019-10-19 06:00:00,0.2903,0.2996,0.292,0.2965,4548677.0,XRP-USD,6h
2019-10-19 12:00:00,0.2875,0.2985,0.2965,0.291,7567942.0,XRP-USD,6h
2019-10-19 18:00:00,0.2877,0.2923,0.291,0.2919,3560199.0,XRP-USD,6h
2019-10-20 00:00:00,0.2801,0.2926,0.2919,0.2884,10381546.0,XRP-USD,6h
2019-10-20 06:00:00,0.2848,0.2907,0.2882,0.2875,2624094.0,XRP-USD,6h
2019-10-20 12:00:00,0.2872,0.2945,0.2873,0.2926,6824709.0,XRP-USD,6h
2019-10-20 18:00:00,0.2905,0.2966,0.2929,0.2947,5717817.0,XRP-USD,6h
2019-10-21 00:00:00,0.2891,0.2947,0.2947,0.2909,5107140.0,XRP-USD,6h
2019-10-21 06:00:00,0.2885,0.2945,0.291,0.2911,3181196.0,XRP-USD,6h
2019-10-21 12:00:00,0.2889,0.2943,0.2912,0.2922,6588702.0,XRP-USD,6h
2019-10-21 18:00:00,0.2902,0.2948,0.2921,0.2926,5318509.0,XRP-USD,6h
2019-10-22 00:00:00,0.2911,0.3044,0.2926,0.2972,9491380.0,XRP-USD,6h
2019-10-22 06:00:00,0.2929,0.2977,0.297,0.2952,3488136.0,XRP-USD,6h
2019-10-22 12:00:00,0.2922,0.2974,0.2952,0.2952,6540464.0,XRP-USD,6h
2019-10-22 18:00:00,0.2887,0.2969,0.2952,0.2906,9538636.0,XRP-USD,6h
2019-10-23 00:00:00,0.2858,0.2916,0.2906,0.2871,6519638.0,XRP-USD,6h
2019-10-23 06:00:00,0.2863,0.2911,0.2871,0.2876,4087346.0,XRP-USD,6h
2019-10-23 12:00:00,0.25,0.2878,0.2876,0.2668,40861408.0,XRP-USD,6h
2019-10-23 18:00:00,0.2658,0.2739,0.2667,0.2737,10550746.0,XRP-USD,6h
2019-10-24 00:00:00,0.2669,0.274,0.2734,0.2702,6293224.0,XRP-USD,6h
2019-10-24 06:00:00,0.267,0.2726,0.2703,0.2702,4965038.0,XRP-USD,6h
2019-10-24 12:00:00,0.2702,0.2784,0.2704,0.2769,9215678.0,XRP-USD,6h
2019-10-24 18:00:00,0.2762,0.2809,0.2769,0.2766,6300697.0,XRP-USD,6h
2019-10-25 00:00:00,0.2747,0.2793,0.2767,0.2772,4987724.0,XRP-USD,6h
2019-10-25 06:00:00,0.2771,0.2849,0.2771,0.2825,4665512.0,XRP-USD,6h
2019-10-25 12:00:00,0.282,0.3088,0.2829,0.2963,27845568.0,XRP-USD,6h
2019-10-25 18:00:00,0.2936,0.3003,0.2965,0.299,11370890.0,XRP-USD,6h
2019-10-26 00:00:00,0.2976,0.315,0.299,0.3022,40084284.0,XRP-USD,6h
2019-10-26 06:00:00,0.2874,0.3027,0.3021,0.2938,10864653.0,XRP-USD,6h
2019-10-26 12:00:00,0.2867,0.2948,0.2935,0.289,10072311.0,XRP-USD,6h
2019-10-26 18:00:00,0.2835,0.2964,0.2892,0.2942,10449083.0,XRP-USD,6h
2019-10-27 00:00:00,0.2904,0.3035,0.2946,0.2999,10643964.0,XRP-USD,6h
2019-10-27 06:00:00,0.292,0.3003,0.2999,0.294,4988475.0,XRP-USD,6h
2019-10-27 12:00:00,0.2932,0.302,0.2938,0.2994,13115937.0,XRP-USD,6h
2019-10-27 18:00:00,0.2956,0.3008,0.2995,0.299,7583371.0,XRP-USD,6h
2019-10-28 00:00:00,0.298,0.3061,0.299,0.3011,9884483.0,XRP-USD,6h
2019-10-28 06:00:00,0.294,0.3015,0.3012,0.2999,5634634.0,XRP-USD,6h
2019-10-28 12:00:00,0.2951,0.3006,0.3001,0.2972,7839318.0,XRP-USD,6h
2019-10-28 18:00:00,0.2947,0.3005,0.2973,0.2947,6731044.0,XRP-USD,6h
2019-10-29 00:00:00,0.2945,0.2997,0.2951,0.2978,4713961.0,XRP-USD,6h
2019-10-29 06:00:00,0.2958,0.3037,0.2976,0.3032,4676158.0,XRP-USD,6h
2019-10-29 12:00:00,0.3007,0.3107,0.303,0.3015,12688911.0,XRP-USD,6h
2019-10-29 18:00:00,0.2959,0.3035,0.3014,0.3027,8480513.0,XRP-USD,6h
2019-10-30 00:00:00,0.298,0.3066,0.3027,0.2992,9616150.0,XRP-USD,6h
2019-10-30 06:00:00,0.2903,0.3012,0.2993,0.2935,5336800.0,XRP-USD,6h
2019-10-30 12:00:00,0.2896,0.2953,0.2936,0.2941,11179854.0,XRP-USD,6h
2019-10-30 18:00:00,0.294,0.2968,0.2941,0.2952,3685185.0,XRP-USD,6h
2019-10-31 00:00:00,0.2922,0.2988,0.2952,0.2954,5414339.0,XRP-USD,6h
2019-10-31 06:00:00,0.2885,0.297,0.2954,0.292,5506143.0,XRP-USD,6h
2019-10-31 12:00:00,0.2919,0.2973,0.2919,0.2948,8130495.0,XRP-USD,6h
2019-10-31 18:00:00,0.2903,0.2956,0.2948,0.2947,7650543.0,XRP-USD,6h
2019-11-01 00:00:00,0.2908,0.295,0.2948,0.2916,6327114.0,XRP-USD,6h
2019-11-01 06:00:00,0.29,0.2932,0.2917,0.2916,5141149.0,XRP-USD,6h
2019-11-01 12:00:00,0.284,0.2925,0.2917,0.2895,8557039.0,XRP-USD,6h
2019-11-01 18:00:00,0.2888,0.2933,0.2894,0.2924,5547257.0,XRP-USD,6h
2019-11-02 00:00:00,0.2923,0.2956,0.2925,0.2931,5680432.0,XRP-USD,6h
2019-11-02 06:00:00,0.2902,0.2943,0.2932,0.2936,2952520.0,XRP-USD,6h
2019-11-02 12:00:00,0.292,0.2982,0.2936,0.2955,7150265.0,XRP-USD,6h
2019-11-02 18:00:00,0.2938,0.2977,0.2955,0.2951,2711293.0,XRP-USD,6h
2019-11-03 00:00:00,0.291,0.2965,0.2951,0.293,3181384.0,XRP-USD,6h
2019-11-03 06:00:00,0.2894,0.2945,0.2931,0.2901,2602540.0,XRP-USD,6h
2019-11-03 12:00:00,0.2892,0.2921,0.2902,0.2895,5252815.0,XRP-USD,6h
2019-11-03 18:00:00,0.2883,0.2918,0.2895,0.2906,3431034.0,XRP-USD,6h
2019-11-04 00:00:00,0.2894,0.2926,0.2906,0.2907,3269842.0,XRP-USD,6h
2019-11-04 06:00:00,0.2904,0.2947,0.2906,0.2945,2869838.0,XRP-USD,6h
2019-11-04 12:00:00,0.293,0.2969,0.2945,0.2951,5498659.0,XRP-USD,6h
2019-11-04 18:00:00,0.2931,0.3006,0.2952,0.2994,9941007.0,XRP-USD,6h
2019-11-05 00:00:00,0.2982,0.3057,0.2992,0.3023,14351179.0,XRP-USD,6h
2019-11-05 06:00:00,0.2952,0.3023,0.3023,0.299,8899909.0,XRP-USD,6h
2019-11-05 12:00:00,0.2985,0.3028,0.2989,0.3011,9644380.0,XRP-USD,6h
2019-11-05 18:00:00,0.3,0.3025,0.3011,0.301,6772882.0,XRP-USD,6h
2019-11-06 00:00:00,0.2973,0.302,0.301,0.3007,5864447.0,XRP-USD,6h
2019-11-06 06:00:00,0.2993,0.3026,0.3008,0.301,5327494.0,XRP-USD,6h
2019-11-06 12:00:00,0.2981,0.3022,0.301,0.299,6119428.0,XRP-USD,6h
2019-11-06 18:00:00,0.2985,0.3143,0.2987,0.3109,19374896.0,XRP-USD,6h
2019-11-07 00:00:00,0.295,0.3179,0.311,0.2987,25029715.0,XRP-USD,6h
2019-11-07 06:00:00,0.2751,0.3,0.2988,0.2878,13553770.0,XRP-USD,6h
2019-11-07 12:00:00,0.2853,0.292,0.2878,0.2904,13345373.0,XRP-USD,6h
2019-11-07 18:00:00,0.287,0.2915,0.2904,0.2904,5776787.0,XRP-USD,6h
2019-11-08 00:00:00,0.2817,0.2907,0.2904,0.2846,14868496.0,XRP-USD,6h
2019-11-08 06:00:00,0.2751,0.2847,0.2846,0.2787,10595475.0,XRP-USD,6h
2019-11-08 12:00:00,0.2702,0.2792,0.2786,0.2738,19004668.0,XRP-USD,6h
2019-11-08 18:00:00,0.2738,0.2795,0.2739,0.2754,9646531.0,XRP-USD,6h
2019-11-09 00:00:00,0.2743,0.2827,0.2752,0.2806,8878657.0,XRP-USD,6h
2019-11-09 06:00:00,0.2778,0.282,0.2807,0.278,3343099.0,XRP-USD,6h
2019-11-09 12:00:00,0.2752,0.2803,0.2779,0.2779,7189423.0,XRP-USD,6h
2019-11-09 18:00:00,0.2773,0.2803,0.2779,0.2799,3909961.0,XRP-USD,6h
2019-11-10 00:00:00,0.2766,0.2815,0.2799,0.2812,4527164.0,XRP-USD,6h
2019-11-10 06:00:00,0.2779,0.2824,0.2811,0.2788,4936811.0,XRP-USD,6h
2019-11-10 12:00:00,0.277,0.2844,0.2792,0.282,8980595.0,XRP-USD,6h
2019-11-10 18:00:00,0.2786,0.2826,0.282,0.2789,5837961.0,XRP-USD,6h
2019-11-11 00:00:00,0.2752,0.2811,0.2789,0.2767,4998733.0,XRP-USD,6h
2019-11-11 06:00:00,0.2687,0.2769,0.2767,0.2725,6693243.0,XRP-USD,6h
2019-11-11 12:00:00,0.2714,0.2754,0.2724,0.274,5831490.0,XRP-USD,6h
2019-11-11 18:00:00,0.2731,0.2759,0.2739,0.2741,4333299.0,XRP-USD,6h
2019-11-12 00:00:00,0.2714,0.2761,0.2741,0.273,4725684.0,XRP-USD,6h
2019-11-12 06:00:00,0.2705,0.2745,0.273,0.272,2886931.0,XRP-USD,6h
2019-11-12 12:00:00,0.2667,0.2749,0.272,0.2707,7819365.0,XRP-USD,6h
2019-11-12 18:00:00,0.2701,0.2722,0.2706,0.2721,3705803.0,XRP-USD,6h
2019-11-13 00:00:00,0.2701,0.2753,0.2722,0.2744,4642479.0,XRP-USD,6h
2019-11-13 06:00:00,0.271,0.2757,0.2745,0.2724,3087708.0,XRP-USD,6h
2019-11-13 12:00:00,0.2702,0.2739,0.2724,0.273,6880349.0,XRP-USD,6h
2019-11-13 18:00:00,0.271,0.2736,0.273,0.2717,4091260.0,XRP-USD,6h
2019-11-14 00:00:00,0.2664,0.2724,0.2716,0.2696,6257559.0,XRP-USD,6h
2019-11-14 06:00:00,0.2629,0.27,0.2695,0.265,5023883.0,XRP-USD,6h
2019-11-14 12:00:00,0.2636,0.2685,0.2651,0.2677,7617844.0,XRP-USD,6h
2019-11-14 18:00:00,0.2661,0.2687,0.2677,0.2675,5557029.0,XRP-USD,6h
2019-11-15 00:00:00,0.2618,0.2687,0.2676,0.2633,7201534.0,XRP-USD,6h
2019-11-15 06:00:00,0.2627,0.269,0.2633,0.2644,3949056.0,XRP-USD,6h
2019-11-15 12:00:00,0.2518,0.2674,0.2649,0.2596,12292340.0,XRP-USD,6h
2019-11-15 18:00:00,0.2582,0.262,0.2597,0.2606,6986222.0,XRP-USD,6h
2019-11-16 00:00:00,0.2586,0.262,0.2605,0.2616,4531759.0,XRP-USD,6h
2019-11-16 06:00:00,0.2605,0.2644,0.2616,0.2614,3264631.0,XRP-USD,6h
2019-11-16 12:00:00,0.2595,0.2637,0.2614,0.2625,4084732.0,XRP-USD,6h
2019-11-16 18:00:00,0.26,0.2626,0.2625,0.2623,3729899.0,XRP-USD,6h
2019-11-17 00:00:00,0.2611,0.2632,0.2623,0.2622,2290641.0,XRP-USD,6h
2019-11-17 06:00:00,0.2587,0.2649,0.2622,0.2638,1941011.0,XRP-USD,6h
2019-11-17 12:00:00,0.2624,0.2651,0.2638,0.265,3005226.0,XRP-USD,6h
2019-11-17 18:00:00,0.2625,0.2664,0.265,0.2632,4098852.0,XRP-USD,6h
2019-11-18 00:00:00,0.2592,0.2632,0.2631,0.2597,9002965.0,XRP-USD,6h
2019-11-18 06:00:00,0.2575,0.2606,0.2595,0.2583,3495057.0,XRP-USD,6h
2019-11-18 12:00:00,0.2545,0.2592,0.2583,0.255,6676116.0,XRP-USD,6h
2019-11-18 18:00:00,0.2387,0.2551,0.2551,0.2515,19270571.0,XRP-USD,6h
2019-11-19 00:00:00,0.2474,0.2529,0.2514,0.2479,6357389.0,XRP-USD,6h
2019-11-19 06:00:00,0.2425,0.2492,0.2481,0.2443,4429543.0,XRP-USD,6h
2019-11-19 12:00:00,0.2433,0.252,0.2443,0.2497,8894062.0,XRP-USD,6h
2019-11-19 18:00:00,0.2482,0.2562,0.2497,0.2536,8098330.0,XRP-USD,6h
2019-11-20 00:00:00,0.2515,0.2587,0.2536,0.252,5371954.0,XRP-USD,6h
2019-11-20 06:00:00,0.2478,0.2536,0.252,0.2505,5318396.0,XRP-USD,6h
2019-11-20 12:00:00,0.2495,0.2532,0.2506,0.2519,6579851.0,XRP-USD,6h
2019-11-20 18:00:00,0.2479,0.2536,0.2518,0.2498,6479864.0,XRP-USD,6h
2019-11-21 00:00:00,0.2481,0.253,0.2497,0.2503,4251456.0,XRP-USD,6h
2019-11-21 06:00:00,0.2414,0.2503,0.2502,0.2429,8246269.0,XRP-USD,6h
2019-11-21 12:00:00,0.2337,0.2456,0.243,0.2389,17084086.0,XRP-USD,6h
2019-11-21 18:00:00,0.2386,0.2433,0.2389,0.2433,7584529.0,XRP-USD,6h
2019-11-22 00:00:00,0.2398,0.2456,0.2432,0.2408,5706564.0,XRP-USD,6h
2019-11-22 06:00:00,0.2293,0.2441,0.2409,0.2325,15466643.0,XRP-USD,6h
2019-11-22 12:00:00,0.221,0.2341,0.2328,0.2299,30117251.0,XRP-USD,6h
2019-11-22 18:00:00,0.2275,0.2346,0.2299,0.2309,11922970.0,XRP-USD,6h
2019-11-23 00:00:00,0.2266,0.2324,0.2307,0.2301,7496108.0,XRP-USD,6h
2019-11-23 06:00:00,0.226,0.2313,0.2303,0.2296,5354774.0,XRP-USD,6h
2019-11-23 12:00:00,0.2286,0.2362,0.2298,0.233,12888120.0,XRP-USD,6h
2019-11-23 18:00:00,0.2311,0.2353,0.2334,0.2347,6094554.0,XRP-USD,6h
2019-11-24 00:00:00,0.2282,0.2351,0.2346,0.2291,6354204.0,XRP-USD,6h
2019-11-24 06:00:00,0.2287,0.2322,0.2291,0.2304,2386026.0,XRP-USD,6h
2019-11-24 12:00:00,0.2214,0.2305,0.2305,0.2264,10108634.0,XRP-USD,6h
2019-11-24 18:00:00,0.2186,0.2275,0.2264,0.2204,8233332.0,XRP-USD,6h
2019-11-25 00:00:00,0.2001,0.2232,0.2204,0.2047,36148206.0,XRP-USD,6h
2019-11-25 06:00:00,0.2045,0.2194,0.205,0.2169,10580279.0,XRP-USD,6h
2019-11-25 12:00:00,0.2167,0.2255,0.2168,0.2211,21156155.0,XRP-USD,6h
2019-11-25 18:00:00,0.218,0.2223,0.2212,0.218,10103896.0,XRP-USD,6h
2019-11-26 00:00:00,0.213,0.2221,0.218,0.2209,12195151.0,XRP-USD,6h
2019-11-26 06:00:00,0.2165,0.2219,0.2208,0.2188,5676050.0,XRP-USD,6h
2019-11-26 12:00:00,0.2141,0.2196,0.2188,0.2171,8492078.0,XRP-USD,6h
2019-11-26 18:00:00,0.2161,0.2215,0.2171,0.221,7113897.0,XRP-USD,6h
2019-11-27 00:00:00,0.2175,0.2244,0.2211,0.2187,7259725.0,XRP-USD,6h
2019-11-27 06:00:00,0.2129,0.2196,0.2185,0.2189,6223037.0,XRP-USD,6h
2019-11-27 12:00:00,0.2183,0.2275,0.2189,0.2262,12456080.0,XRP-USD,6h
2019-11-27 18:00:00,0.2242,0.2306,0.2261,0.2245,9028657.0,XRP-USD,6h
2019-11-28 00:00:00,0.2239,0.23,0.2244,0.2257,6010652.0,XRP-USD,6h
2019-11-28 06:00:00,0.2239,0.2273,0.2258,0.2262,3594042.0,XRP-USD,6h
2019-11-28 12:00:00,0.2249,0.23,0.2263,0.2289,5965887.0,XRP-USD,6h
2019-11-28 18:00:00,0.2225,0.2298,0.2289,0.2235,4476156.0,XRP-USD,6h
2019-11-29 00:00:00,0.223,0.2264,0.2235,0.2248,3587773.0,XRP-USD,6h
2019-11-29 06:00:00,0.2238,0.2293,0.2248,0.2275,3443018.0,XRP-USD,6h
2019-11-29 12:00:00,0.2254,0.2325,0.2275,0.2297,9340939.0,XRP-USD,6h
2019-11-29 18:00:00,0.2287,0.2314,0.2296,0.2306,4902285.0,XRP-USD,6h
2019-11-30 00:00:00,0.2289,0.2323,0.2304,0.2307,3401805.0,XRP-USD,6h
2019-11-30 06:00:00,0.227,0.231,0.2304,0.227,3008052.0,XRP-USD,6h
2019-11-30 12:00:00,0.2239,0.2288,0.227,0.225,5975619.0,XRP-USD,6h
2019-11-30 18:00:00,0.2239,0.2264,0.2251,0.2259,3624712.0,XRP-USD,6h
2019-12-01 00:00:00,0.2188,0.2259,0.2259,0.22,8862089.0,XRP-USD,6h
2019-12-01 06:00:00,0.2192,0.2217,0.2202,0.2207,2471609.0,XRP-USD,6h
2019-12-01 12:00:00,0.2205,0.2253,0.2206,0.222,4945046.0,XRP-USD,6h
2019-12-01 18:00:00,0.2204,0.226,0.222,0.2251,4914859.0,XRP-USD,6h
2019-12-02 00:00:00,0.2208,0.2267,0.2251,0.2213,4050367.0,XRP-USD,6h
2019-12-02 06:00:00,0.2174,0.2213,0.2213,0.2192,3645514.0,XRP-USD,6h
2019-12-02 12:00:00,0.2174,0.2211,0.2193,0.2193,4902551.0,XRP-USD,6h
2019-12-02 18:00:00,0.2175,0.2215,0.2192,0.2192,4603393.0,XRP-USD,6h
2019-12-03 00:00:00,0.2179,0.2222,0.2191,0.2189,4015645.0,XRP-USD,6h
2019-12-03 06:00:00,0.2177,0.2205,0.2188,0.2183,2625312.0,XRP-USD,6h
2019-12-03 12:00:00,0.2183,0.2216,0.2183,0.2209,3854113.0,XRP-USD,6h
2019-12-03 18:00:00,0.2188,0.2218,0.2208,0.2196,3606955.0,XRP-USD,6h
2019-12-04 00:00:00,0.2112,0.2198,0.2197,0.2117,7948671.0,XRP-USD,6h
2019-12-04 06:00:00,0.2096,0.2144,0.2117,0.2136,3598700.0,XRP-USD,6h
2019-12-04 12:00:00,0.2134,0.2256,0.2136,0.2201,8197365.0,XRP-USD,6h
2019-12-04 18:00:00,0.2141,0.2205,0.22,0.2143,7384974.0,XRP-USD,6h
2019-12-05 00:00:00,0.2118,0.2172,0.2142,0.215,5825471.0,XRP-USD,6h
2019-12-05 06:00:00,0.2136,0.2169,0.215,0.2163,2036667.0,XRP-USD,6h
2019-12-05 12:00:00,0.214,0.218,0.2163,0.2173,5961960.0,XRP-USD,6h
2019-12-05 18:00:00,0.2165,0.2265,0.2173,0.2211,11856888.0,XRP-USD,6h
2019-12-06 00:00:00,0.2203,0.2245,0.2211,0.2208,3455618.0,XRP-USD,6h
2019-12-06 06:00:00,0.2192,0.2229,0.2212,0.22,3494535.0,XRP-USD,6h
2019-12-06 12:00:00,0.2198,0.2272,0.22,0.2251,5966793.0,XRP-USD,6h
2019-12-06 18:00:00,0.2228,0.227,0.2251,0.2261,6753166.0,XRP-USD,6h
2019-12-07 00:00:00,0.2253,0.2288,0.2262,0.2271,5777339.0,XRP-USD,6h
2019-12-07 06:00:00,0.2236,0.2273,0.2271,0.2246,3260802.0,XRP-USD,6h
2019-12-07 12:00:00,0.2243,0.227,0.2247,0.2269,3282270.0,XRP-USD,6h
2019-12-07 18:00:00,0.226,0.2283,0.2269,0.2275,3505717.0,XRP-USD,6h
2019-12-08 00:00:00,0.2242,0.2285,0.2275,0.2252,4031474.0,XRP-USD,6h
2019-12-08 06:00:00,0.225,0.228,0.2252,0.2272,1107151.0,XRP-USD,6h
2019-12-08 12:00:00,0.2268,0.2329,0.2273,0.2306,4944308.0,XRP-USD,6h
2019-12-08 18:00:00,0.2285,0.2317,0.2305,0.2296,3744848.0,XRP-USD,6h
2019-12-09 00:00:00,0.2277,0.231,0.2295,0.2287,3252154.0,XRP-USD,6h
2019-12-09 06:00:00,0.2263,0.2297,0.2286,0.2272,1703078.0,XRP-USD,6h
2019-12-09 12:00:00,0.2234,0.2311,0.2271,0.2253,5606152.0,XRP-USD,6h
2019-12-09 18:00:00,0.2206,0.2253,0.2253,0.2245,6022924.0,XRP-USD,6h
2019-12-10 00:00:00,0.2217,0.2255,0.2244,0.2219,4251608.0,XRP-USD,6h
2019-12-10 06:00:00,0.221,0.2233,0.222,0.2225,2365382.0,XRP-USD,6h
2019-12-10 12:00:00,0.2188,0.2231,0.2224,0.2192,6300511.0,XRP-USD,6h
2019-12-10 18:00:00,0.2188,0.2232,0.2191,0.2224,4632625.0,XRP-USD,6h
2019-12-11 00:00:00,0.2201,0.2235,0.2225,0.2201,2851343.0,XRP-USD,6h
2019-12-11 06:00:00,0.2201,0.2223,0.2201,0.2222,1160507.0,XRP-USD,6h
2019-12-11 12:00:00,0.2196,0.2227,0.2222,0.2215,5103752.0,XRP-USD,6h
2019-12-11 18:00:00,0.2199,0.2217,0.2214,0.2207,3735030.0,XRP-USD,6h
2019-12-12 00:00:00,0.2159,0.2228,0.2207,0.2186,5700473.0,XRP-USD,6h
2019-12-12 06:00:00,0.2175,0.2204,0.2186,0.2203,2231302.0,XRP-USD,6h
2019-12-12 12:00:00,0.218,0.2213,0.2204,0.219,5546040.0,XRP-USD,6h
2019-12-12 18:00:00,0.218,0.2218,0.2189,0.218,6876508.0,XRP-USD,6h
2019-12-13 00:00:00,0.2179,0.2196,0.2181,0.2186,2839541.0,XRP-USD,6h
2019-12-13 06:00:00,0.2146,0.2187,0.2187,0.2182,6263308.0,XRP-USD,6h
2019-12-13 12:00:00,0.2173,0.2205,0.2182,0.2196,4632050.0,XRP-USD,6h
2019-12-13 18:00:00,0.2182,0.2209,0.2196,0.2208,4031829.0,XRP-USD,6h
2019-12-14 00:00:00,0.2196,0.221,0.2207,0.2197,1511866.0,XRP-USD,6h
2019-12-14 06:00:00,0.2178,0.2199,0.2199,0.2184,1224250.0,XRP-USD,6h
2019-12-14 12:00:00,0.2144,0.2187,0.2185,0.216,5871333.0,XRP-USD,6h
2019-12-14 18:00:00,0.2155,0.2172,0.216,0.2161,2609787.0,XRP-USD,6h
2019-12-15 00:00:00,0.2144,0.2164,0.216,0.216,3350514.0,XRP-USD,6h
2019-12-15 06:00:00,0.2158,0.2193,0.216,0.2175,2245550.0,XRP-USD,6h
2019-12-15 12:00:00,0.2161,0.218,0.2173,0.2168,2145291.0,XRP-USD,6h
2019-12-15 18:00:00,0.2167,0.2187,0.2168,0.2172,2081961.0,XRP-USD,6h
2019-12-16 00:00:00,0.2118,0.2173,0.2171,0.2134,5199250.0,XRP-USD,6h
2019-12-16 06:00:00,0.2102,0.2147,0.2134,0.212,3108246.0,XRP-USD,6h
2019-12-16 12:00:00,0.2116,0.2141,0.2119,0.2132,4592987.0,XRP-USD,6h
2019-12-16 18:00:00,0.201,0.2133,0.2132,0.2052,16575818.0,XRP-USD,6h
2019-12-17 00:00:00,0.19,0.2052,0.2052,0.1964,18835413.0,XRP-USD,6h
2019-12-17 06:00:00,0.1935,0.1979,0.1961,0.1979,7622689.0,XRP-USD,6h
2019-12-17 12:00:00,0.1904,0.1982,0.1979,0.193,18137241.0,XRP-USD,6h
2019-12-17 18:00:00,0.1773,0.1936,0.193,0.1834,41996893.192773,XRP-USD,6h
2019-12-18 00:00:00,0.1817,0.1885,0.1832,0.1845,16585365.0,XRP-USD,6h
2019-12-18 06:00:00,0.1798,0.1854,0.1845,0.1812,7654477.0,XRP-USD,6h
2019-12-18 12:00:00,0.1748,0.1935,0.1812,0.1902,23607335.0,XRP-USD,6h
2019-12-18 18:00:00,0.188,0.2013,0.1902,0.196,23892078.0,XRP-USD,6h
2019-12-19 00:00:00,0.1861,0.1972,0.1962,0.1876,12244197.0,XRP-USD,6h
2019-12-19 06:00:00,0.1846,0.1893,0.1873,0.1877,4634861.0,XRP-USD,6h
2019-12-19 12:00:00,0.1864,0.1905,0.1877,0.1881,11220188.0,XRP-USD,6h
2019-12-19 18:00:00,0.1872,0.189,0.1881,0.1878,8778812.0,XRP-USD,6h
2019-12-20 00:00:00,0.1837,0.1881,0.1877,0.1841,14611867.0,XRP-USD,6h
2019-12-20 06:00:00,0.184,0.1905,0.1844,0.1902,4355452.0,XRP-USD,6h
2019-12-20 12:00:00,0.1885,0.1956,0.1902,0.1943,14762467.0,XRP-USD,6h
2019-12-20 18:00:00,0.1927,0.1986,0.1943,0.1955,11752227.0,XRP-USD,6h
2019-12-21 00:00:00,0.192,0.1966,0.1955,0.1937,6352511.0,XRP-USD,6h
2019-12-21 06:00:00,0.1905,0.1941,0.1937,0.1929,4052300.0,XRP-USD,6h
2019-12-21 12:00:00,0.1904,0.1932,0.193,0.1917,3753972.0,XRP-USD,6h
2019-12-21 18:00:00,0.1904,0.1923,0.1917,0.1917,4434929.0,XRP-USD,6h
2019-12-22 00:00:00,0.1907,0.1932,0.1917,0.1916,6395008.0,XRP-USD,6h
2019-12-22 06:00:00,0.1915,0.1949,0.1916,0.1933,3094970.0,XRP-USD,6h
2019-12-22 12:00:00,0.1923,0.1947,0.1932,0.1942,4317233.0,XRP-USD,6h
2019-12-22 18:00:00,0.1941,0.1971,0.1941,0.1969,7796268.0,XRP-USD,6h
2019-12-23 00:00:00,0.1963,0.199,0.1969,0.1963,8975354.0,XRP-USD,6h
2019-12-23 06:00:00,0.1944,0.1965,0.1964,0.1962,4743368.0,XRP-USD,6h
2019-12-23 12:00:00,0.1918,0.1978,0.1961,0.1927,8913795.0,XRP-USD,6h
2019-12-23 18:00:00,0.188,0.1938,0.1926,0.1896,8370876.0,XRP-USD,6h
2019-12-24 00:00:00,0.1886,0.1925,0.1896,0.1909,4900850.0,XRP-USD,6h
2019-12-24 06:00:00,0.1896,0.1918,0.1909,0.1913,3118625.0,XRP-USD,6h
2019-12-24 12:00:00,0.1882,0.1938,0.1913,0.189,7397719.0,XRP-USD,6h
2019-12-24 18:00:00,0.1867,0.1912,0.1891,0.1907,7096652.0,XRP-USD,6h
2019-12-25 00:00:00,0.1881,0.1912,0.1907,0.1887,3341660.0,XRP-USD,6h
2019-12-25 06:00:00,0.1881,0.1899,0.1888,0.1884,1577436.0,XRP-USD,6h
2019-12-25 12:00:00,0.1861,0.1889,0.1884,0.1866,4399321.0,XRP-USD,6h
2019-12-25 18:00:00,0.1866,0.1904,0.1867,0.1886,4119297.0,XRP-USD,6h
2019-12-26 00:00:00,0.1876,0.1892,0.1886,0.1878,2900482.0,XRP-USD,6h
2019-12-26 06:00:00,0.1872,0.1885,0.1878,0.1874,1598971.0,XRP-USD,6h
2019-12-26 12:00:00,0.1869,0.1927,0.1874,0.1919,6475467.0,XRP-USD,6h
2019-12-26 18:00:00,0.1878,0.194,0.1919,0.189,7736385.0,XRP-USD,6h
2019-12-27 00:00:00,0.1882,0.1899,0.189,0.1883,3083408.0,XRP-USD,6h
2019-12-27 06:00:00,0.1844,0.1888,0.1883,0.1859,2841272.0,XRP-USD,6h
2019-12-27 12:00:00,0.1849,0.1896,0.186,0.1884,4584249.0,XRP-USD,6h
2019-12-27 18:00:00,0.1879,0.1905,0.1884,0.1904,4664141.0,XRP-USD,6h
2019-12-28 00:00:00,0.1898,0.1933,0.1902,0.1919,4502182.0,XRP-USD,6h
2019-12-28 06:00:00,0.1908,0.1935,0.1919,0.1926,2186486.0,XRP-USD,6h
2019-12-28 12:00:00,0.1916,0.194,0.1927,0.194,6850001.0,XRP-USD,6h
2019-12-28 18:00:00,0.1928,0.1945,0.194,0.193,5501766.0,XRP-USD,6h
2019-12-29 00:00:00,0.1907,0.1931,0.1929,0.1923,2890584.0,XRP-USD,6h
2019-12-29 06:00:00,0.1917,0.1934,0.1923,0.1933,1017199.0,XRP-USD,6h
2019-12-29 12:00:00,0.1928,0.196,0.1932,0.1959,5215692.0,XRP-USD,6h
2019-12-29 18:00:00,0.1951,0.1984,0.196,0.1964,6579308.0,XRP-USD,6h
2019-12-30 00:00:00,0.1947,0.1965,0.1964,0.1959,3031126.0,XRP-USD,6h
2019-12-30 06:00:00,0.1926,0.1975,0.196,0.1938,1970924.0,XRP-USD,6h
2019-12-30 12:00:00,0.1916,0.1944,0.1937,0.1924,4736518.0,XRP-USD,6h
2019-12-30 18:00:00,0.1913,0.1932,0.1923,0.1926,4423043.0,XRP-USD,6h
2019-12-31 00:00:00,0.1916,0.1934,0.1926,0.1932,3506829.0,XRP-USD,6h
2019-12-31 06:00:00,0.1915,0.1932,0.1931,0.1916,2166038.0,XRP-USD,6h
2019-12-31 12:00:00,0.1894,0.1937,0.1915,0.1903,6972880.0,XRP-USD,6h
2019-12-31 18:00:00,0.1892,0.1933,0.1902,0.1923,7220821.0,XRP-USD,6h
2020-01-01 00:00:00,0.1908,0.1941,0.1923,0.194,3921676.0,XRP-USD,6h
2020-01-01 06:00:00,0.1927,0.1949,0.1939,0.193,2639616.0,XRP-USD,6h
2020-01-01 12:00:00,0.1928,0.1946,0.193,0.194,2719087.0,XRP-USD,6h
2020-01-01 18:00:00,0.1916,0.1941,0.194,0.1925,3070067.0,XRP-USD,6h
2020-01-02 00:00:00,0.1897,0.1925,0.1922,0.1905,2786679.0,XRP-USD,6h
2020-01-02 06:00:00,0.1895,0.1917,0.1905,0.1909,1558689.0,XRP-USD,6h
2020-01-02 12:00:00,0.1846,0.1911,0.1909,0.1877,7904625.0,XRP-USD,6h
2020-01-02 18:00:00,0.186,0.1879,0.1876,0.1872,6583208.0,XRP-USD,6h
2020-01-03 00:00:00,0.1842,0.1916,0.187,0.1911,6718145.0,XRP-USD,6h
2020-01-03 06:00:00,0.1892,0.1934,0.1911,0.1929,4221273.0,XRP-USD,6h
2020-01-03 12:00:00,0.1909,0.1938,0.193,0.1933,10096344.0,XRP-USD,6h
2020-01-03 18:00:00,0.1912,0.1935,0.1934,0.1931,4738214.0,XRP-USD,6h
2020-01-04 00:00:00,0.1917,0.1932,0.1931,0.1924,2683774.0,XRP-USD,6h
2020-01-04 06:00:00,0.1919,0.1936,0.1924,0.1927,1101159.0,XRP-USD,6h
2020-01-04 12:00:00,0.1915,0.1928,0.1927,0.1926,3309567.0,XRP-USD,6h
2020-01-04 18:00:00,0.191,0.1932,0.1927,0.193,2653488.0,XRP-USD,6h
2020-01-05 00:00:00,0.1929,0.1954,0.1929,0.1952,4298411.0,XRP-USD,6h
2020-01-05 06:00:00,0.1931,0.1956,0.1951,0.1947,1395458.0,XRP-USD,6h
2020-01-05 12:00:00,0.1939,0.1974,0.1947,0.1973,3225112.0,XRP-USD,6h
2020-01-05 18:00:00,0.1936,0.1974,0.1973,0.1946,3900862.0,XRP-USD,6h
2020-01-06 00:00:00,0.1942,0.1975,0.1945,0.1965,5530240.0,XRP-USD,6h
2020-01-06 06:00:00,0.1963,0.2137,0.1965,0.2107,11235611.0,XRP-USD,6h
2020-01-06 12:00:00,0.2098,0.2201,0.2107,0.219,23814650.0,XRP-USD,6h
2020-01-06 18:00:00,0.2172,0.224,0.219,0.2234,16794319.0,XRP-USD,6h
2020-01-07 00:00:00,0.2132,0.2257,0.2234,0.2166,13868844.0,XRP-USD,6h
2020-01-07 06:00:00,0.2146,0.2182,0.2165,0.2149,3498280.0,XRP-USD,6h
2020-01-07 12:00:00,0.207,0.2151,0.2147,0.212,14149006.0,XRP-USD,6h
2020-01-07 18:00:00,0.2114,0.2173,0.2119,0.2137,15528304.0,XRP-USD,6h
2020-01-08 00:00:00,0.2117,0.2187,0.2138,0.214,12367792.0,XRP-USD,6h
2020-01-08 06:00:00,0.2113,0.2151,0.2141,0.2123,5183593.0,XRP-USD,6h
2020-01-08 12:00:00,0.2039,0.2171,0.2122,0.2066,17619974.0,XRP-USD,6h
2020-01-08 18:00:00,0.2028,0.208,0.2065,0.2073,9419436.0,XRP-USD,6h
2020-01-09 00:00:00,0.2056,0.2087,0.2074,0.2065,4997926.0,XRP-USD,6h
2020-01-09 06:00:00,0.2032,0.2066,0.2064,0.2035,4923507.0,XRP-USD,6h
2020-01-09 12:00:00,0.2012,0.2053,0.2036,0.2014,9321534.0,XRP-USD,6h
2020-01-09 18:00:00,0.201,0.2063,0.2013,0.2036,8076483.0,XRP-USD,6h
2020-01-10 00:00:00,0.2001,0.2048,0.2038,0.201,6613341.0,XRP-USD,6h
2020-01-10 06:00:00,0.2,0.2053,0.201,0.2053,5329251.0,XRP-USD,6h
2020-01-10 12:00:00,0.2039,0.21,0.2051,0.2077,14318531.0,XRP-USD,6h
2020-01-10 18:00:00,0.2076,0.213,0.2076,0.213,7651665.0,XRP-USD,6h
2020-01-11 00:00:00,0.2092,0.215,0.213,0.2106,7676017.0,XRP-USD,6h
2020-01-11 06:00:00,0.2084,0.2128,0.2106,0.2091,2668418.0,XRP-USD,6h
2020-01-11 12:00:00,0.2087,0.2185,0.2092,0.2162,6516971.0,XRP-USD,6h
2020-01-11 18:00:00,0.2101,0.2199,0.2164,0.2119,14059409.0,XRP-USD,6h
2020-01-12 00:00:00,0.21,0.2152,0.2119,0.2141,6463102.0,XRP-USD,6h
2020-01-12 06:00:00,0.2117,0.217,0.2141,0.2126,3641769.0,XRP-USD,6h
2020-01-12 12:00:00,0.2123,0.2163,0.2129,0.2125,4498608.0,XRP-USD,6h
2020-01-12 18:00:00,0.2125,0.2154,0.2127,0.2154,3790332.0,XRP-USD,6h
2020-01-13 00:00:00,0.211,0.2158,0.2155,0.2115,6689499.0,XRP-USD,6h
2020-01-13 06:00:00,0.21,0.2129,0.2115,0.2114,4045081.0,XRP-USD,6h
2020-01-13 12:00:00,0.2096,0.2119,0.2112,0.2108,4445262.0,XRP-USD,6h
2020-01-13 18:00:00,0.2105,0.2127,0.2108,0.2116,4108020.0,XRP-USD,6h
2020-01-14 00:00:00,0.2115,0.2197,0.2115,0.2165,13622472.0,XRP-USD,6h
2020-01-14 06:00:00,0.2163,0.2251,0.2167,0.2213,9507851.0,XRP-USD,6h
2020-01-14 12:00:00,0.2188,0.2462,0.2215,0.2395,45198139.0,XRP-USD,6h
2020-01-14 18:00:00,0.2307,0.2451,0.2394,0.235,22673591.0,XRP-USD,6h
2020-01-15 00:00:00,0.226,0.2437,0.2349,0.229,24420607.0,XRP-USD,6h
2020-01-15 06:00:00,0.2285,0.2403,0.2287,0.2349,9051943.0,XRP-USD,6h
2020-01-15 12:00:00,0.2311,0.2427,0.2349,0.2361,15489952.0,XRP-USD,6h
2020-01-15 18:00:00,0.231,0.237,0.2362,0.2335,11185513.0,XRP-USD,6h
2020-01-16 00:00:00,0.2211,0.2348,0.2335,0.2267,21464593.0,XRP-USD,6h
2020-01-16 06:00:00,0.2237,0.2274,0.2265,0.2273,4242289.0,XRP-USD,6h
2020-01-16 12:00:00,0.2244,0.23,0.2273,0.2282,9263695.0,XRP-USD,6h
2020-01-16 18:00:00,0.2271,0.2305,0.2282,0.2287,11277947.0,XRP-USD,6h
2020-01-17 00:00:00,0.2264,0.2354,0.2288,0.2354,10585042.0,XRP-USD,6h
2020-01-17 06:00:00,0.2324,0.2379,0.2352,0.2343,9691941.0,XRP-USD,6h
2020-01-17 12:00:00,0.2305,0.2379,0.2343,0.2377,18626136.0,XRP-USD,6h
2020-01-17 18:00:00,0.2313,0.2442,0.2376,0.2386,24339050.0,XRP-USD,6h
2020-01-18 00:00:00,0.2326,0.2419,0.2388,0.2343,12590198.0,XRP-USD,6h
2020-01-18 06:00:00,0.2314,0.2373,0.2343,0.2366,5401386.0,XRP-USD,6h
2020-01-18 12:00:00,0.2364,0.2559,0.2364,0.2437,27183678.0,XRP-USD,6h
2020-01-18 18:00:00,0.2407,0.2474,0.2437,0.2433,10047208.0,XRP-USD,6h
2020-01-19 00:00:00,0.2412,0.2517,0.2434,0.2479,14731913.0,XRP-USD,6h
2020-01-19 06:00:00,0.2313,0.2496,0.248,0.2335,10659042.0,XRP-USD,6h
2020-01-19 12:00:00,0.2268,0.2347,0.2334,0.2335,12245968.0,XRP-USD,6h
2020-01-19 18:00:00,0.2312,0.2363,0.2335,0.2356,7290299.0,XRP-USD,6h
2020-01-20 00:00:00,0.2304,0.2363,0.2357,0.2324,6572679.0,XRP-USD,6h
2020-01-20 06:00:00,0.2279,0.2337,0.2324,0.2286,5678924.0,XRP-USD,6h
2020-01-20 12:00:00,0.2235,0.2335,0.2287,0.232,13900552.0,XRP-USD,6h
2020-01-20 18:00:00,0.2311,0.2357,0.2321,0.2328,6696746.0,XRP-USD,6h
2020-01-21 00:00:00,0.2312,0.2416,0.2328,0.2366,8462821.0,XRP-USD,6h
2020-01-21 06:00:00,0.2339,0.2377,0.2367,0.2362,4559663.0,XRP-USD,6h
2020-01-21 12:00:00,0.2333,0.2394,0.2363,0.2348,8330926.0,XRP-USD,6h
2020-01-21 18:00:00,0.2294,0.2389,0.2348,0.2369,9718115.0,XRP-USD,6h
2020-01-22 00:00:00,0.2332,0.2385,0.2371,0.2362,4447798.0,XRP-USD,6h
2020-01-22 06:00:00,0.2319,0.2395,0.2362,0.235,5058378.0,XRP-USD,6h
2020-01-22 12:00:00,0.233,0.237,0.235,0.2368,5664832.0,XRP-USD,6h
2020-01-22 18:00:00,0.2342,0.237,0.2369,0.2368,4085765.0,XRP-USD,6h
2020-01-23 00:00:00,0.2278,0.2368,0.2368,0.2301,9686069.0,XRP-USD,6h
2020-01-23 06:00:00,0.2252,0.2312,0.23,0.2269,5737337.0,XRP-USD,6h
2020-01-23 12:00:00,0.2216,0.2281,0.2269,0.2225,8332649.0,XRP-USD,6h
2020-01-23 18:00:00,0.2204,0.2266,0.2226,0.2254,9397427.0,XRP-USD,6h
2020-01-24 00:00:00,0.2172,0.2258,0.2254,0.2212,11411976.0,XRP-USD,6h
2020-01-24 06:00:00,0.213,0.2226,0.221,0.2203,9068443.0,XRP-USD,6h
2020-01-24 12:00:00,0.2195,0.2255,0.2203,0.222,11941292.0,XRP-USD,6h
2020-01-24 18:00:00,0.2209,0.2245,0.2219,0.2221,6076512.0,XRP-USD,6h
2020-01-25 00:00:00,0.216,0.2223,0.2219,0.2181,5887211.0,XRP-USD,6h
2020-01-25 06:00:00,0.2173,0.2217,0.2182,0.2179,3497056.0,XRP-USD,6h
2020-01-25 12:00:00,0.2177,0.2209,0.2177,0.2186,2989326.0,XRP-USD,6h
2020-01-25 18:00:00,0.2185,0.2218,0.2186,0.2191,3543077.0,XRP-USD,6h
2020-01-26 00:00:00,0.2177,0.2221,0.2188,0.2207,4453136.0,XRP-USD,6h
2020-01-26 06:00:00,0.2196,0.2232,0.2207,0.2232,1899807.0,XRP-USD,6h
2020-01-26 12:00:00,0.2218,0.227,0.2232,0.2268,4518513.0,XRP-USD,6h
2020-01-26 18:00:00,0.2249,0.2319,0.2267,0.2308,6809829.0,XRP-USD,6h
2020-01-27 00:00:00,0.2274,0.2331,0.231,0.2282,5916439.0,XRP-USD,6h
2020-01-27 06:00:00,0.2259,0.2303,0.2281,0.2298,3089897.0,XRP-USD,6h
2020-01-27 12:00:00,0.2292,0.2324,0.2296,0.2306,6160798.0,XRP-USD,6h
2020-01-27 18:00:00,0.2291,0.2335,0.2307,0.2304,8989434.0,XRP-USD,6h
2020-01-28 00:00:00,0.2304,0.2359,0.2306,0.2326,9475124.0,XRP-USD,6h
2020-01-28 06:00:00,0.231,0.2347,0.2327,0.2332,2992827.0,XRP-USD,6h
2020-01-28 12:00:00,0.2316,0.2411,0.2334,0.2335,11801878.0,XRP-USD,6h
2020-01-28 18:00:00,0.2327,0.24,0.2335,0.2399,7919819.0,XRP-USD,6h
2020-01-29 00:00:00,0.2374,0.241,0.2394,0.2403,9010908.0,XRP-USD,6h
2020-01-29 06:00:00,0.2356,0.2418,0.2403,0.2368,8257828.0,XRP-USD,6h
2020-01-29 12:00:00,0.2337,0.2383,0.2368,0.2365,8911775.0,XRP-USD,6h
2020-01-29 18:00:00,0.2348,0.2377,0.2363,0.2351,6835132.0,XRP-USD,6h
2020-01-30 00:00:00,0.23,0.2351,0.2351,0.2337,8736440.0,XRP-USD,6h
2020-01-30 06:00:00,0.2328,0.2373,0.2337,0.2352,5108417.0,XRP-USD,6h
2020-01-30 12:00:00,0.2333,0.2399,0.2352,0.2383,10140184.0,XRP-USD,6h
2020-01-30 18:00:00,0.2385,0.2468,0.2385,0.2435,16916987.0,XRP-USD,6h
2020-01-31 00:00:00,0.2386,0.245,0.2436,0.2403,8427373.0,XRP-USD,6h
2020-01-31 06:00:00,0.237,0.2425,0.2406,0.2375,5642316.0,XRP-USD,6h
2020-01-31 12:00:00,0.233,0.2388,0.2375,0.2367,9403955.0,XRP-USD,6h
2020-01-31 18:00:00,0.2365,0.24,0.2365,0.2393,6377355.0,XRP-USD,6h
2020-02-01 00:00:00,0.2387,0.2428,0.2393,0.2403,7977813.0,XRP-USD,6h
2020-02-01 06:00:00,0.2367,0.2423,0.2402,0.2376,5177528.0,XRP-USD,6h
2020-02-01 12:00:00,0.2373,0.2406,0.2378,0.2394,6011983.0,XRP-USD,6h
2020-02-01 18:00:00,0.2394,0.242,0.2395,0.2413,7869185.0,XRP-USD,6h
2020-02-02 00:00:00,0.2354,0.2413,0.2412,0.2403,6774692.0,XRP-USD,6h
2020-02-02 06:00:00,0.2393,0.2544,0.2403,0.2544,11806276.0,XRP-USD,6h
2020-02-02 12:00:00,0.2529,0.2619,0.2544,0.2542,20079950.0,XRP-USD,6h
2020-02-02 18:00:00,0.2501,0.258,0.254,0.2505,16696445.0,XRP-USD,6h
2020-02-03 00:00:00,0.2492,0.26,0.2507,0.2538,17197232.0,XRP-USD,6h
2020-02-03 06:00:00,0.248,0.2542,0.2539,0.2514,5123687.0,XRP-USD,6h
2020-02-03 12:00:00,0.2467,0.252,0.2513,0.249,9717694.0,XRP-USD,6h
2020-02-03 18:00:00,0.2474,0.255,0.249,0.2544,11083551.0,XRP-USD,6h
2020-02-04 00:00:00,0.2492,0.258,0.2543,0.2518,13377548.0,XRP-USD,6h
2020-02-04 06:00:00,0.2472,0.2527,0.2518,0.2517,6850907.0,XRP-USD,6h
2020-02-04 12:00:00,0.2485,0.27,0.2516,0.2641,40045677.0,XRP-USD,6h
2020-02-04 18:00:00,0.2619,0.2671,0.2641,0.266,14137168.0,XRP-USD,6h
2020-02-05 00:00:00,0.266,0.2817,0.266,0.2799,38990030.0,XRP-USD,6h
2020-02-05 06:00:00,0.2694,0.2815,0.28,0.2742,19548077.0,XRP-USD,6h
2020-02-05 12:00:00,0.2713,0.2791,0.2739,0.2785,19317277.0,XRP-USD,6h
2020-02-05 18:00:00,0.276,0.2807,0.2785,0.278,18275851.0,XRP-USD,6h
2020-02-06 00:00:00,0.2729,0.2862,0.278,0.2808,17936381.0,XRP-USD,6h
2020-02-06 06:00:00,0.2791,0.2838,0.2807,0.2809,9068738.0,XRP-USD,6h
2020-02-06 12:00:00,0.2692,0.288,0.2808,0.2839,29580893.0,XRP-USD,6h
2020-02-06 18:00:00,0.279,0.2844,0.2836,0.283,11507314.0,XRP-USD,6h
2020-02-07 00:00:00,0.2802,0.2884,0.283,0.2805,14436773.0,XRP-USD,6h
2020-02-07 06:00:00,0.2802,0.285,0.2802,0.2816,7515436.0,XRP-USD,6h
2020-02-07 12:00:00,0.2774,0.2819,0.2815,0.278,12075509.0,XRP-USD,6h
2020-02-07 18:00:00,0.2773,0.28,0.2779,0.2795,10061235.0,XRP-USD,6h
2020-02-08 00:00:00,0.2632,0.2795,0.2793,0.2746,22709044.0,XRP-USD,6h
2020-02-08 06:00:00,0.2725,0.2819,0.2746,0.2791,8316555.0,XRP-USD,6h
2020-02-08 12:00:00,0.2744,0.2805,0.2791,0.2765,12124283.0,XRP-USD,6h
2020-02-08 18:00:00,0.2764,0.2807,0.2765,0.2778,8236047.0,XRP-USD,6h
2020-02-09 00:00:00,0.2771,0.2839,0.2777,0.2839,12137561.0,XRP-USD,6h
2020-02-09 06:00:00,0.2804,0.2898,0.2839,0.2822,10075631.0,XRP-USD,6h
2020-02-09 12:00:00,0.2761,0.2849,0.2823,0.2816,11902596.0,XRP-USD,6h
2020-02-09 18:00:00,0.2792,0.2848,0.2816,0.283,8972258.0,XRP-USD,6h
2020-02-10 00:00:00,0.2699,0.2837,0.283,0.2727,12579265.0,XRP-USD,6h
2020-02-10 06:00:00,0.2674,0.2777,0.2728,0.2709,9718846.0,XRP-USD,6h
2020-02-10 12:00:00,0.2692,0.2765,0.2709,0.2732,11848481.0,XRP-USD,6h
2020-02-10 18:00:00,0.2717,0.2749,0.2731,0.2735,6230006.0,XRP-USD,6h
2020-02-11 00:00:00,0.267,0.2737,0.2735,0.2695,14127319.0,XRP-USD,6h
2020-02-11 06:00:00,0.2685,0.274,0.2696,0.2731,5394367.0,XRP-USD,6h
2020-02-11 12:00:00,0.2723,0.2845,0.2728,0.2816,20717558.0,XRP-USD,6h
2020-02-11 18:00:00,0.2801,0.284,0.2816,0.2824,13527207.0,XRP-USD,6h
2020-02-12 00:00:00,0.2821,0.2909,0.2823,0.2906,20002805.0,XRP-USD,6h
2020-02-12 06:00:00,0.285,0.3,0.2905,0.2974,18148131.0,XRP-USD,6h
2020-02-12 12:00:00,0.2938,0.3036,0.2974,0.3016,32890115.0,XRP-USD,6h
2020-02-12 18:00:00,0.2994,0.31,0.3016,0.3051,31685695.0,XRP-USD,6h
2020-02-13 00:00:00,0.304,0.3389,0.305,0.3298,60728115.0,XRP-USD,6h
2020-02-13 06:00:00,0.3,0.3335,0.3297,0.3134,33859999.0,XRP-USD,6h
2020-02-13 12:00:00,0.3114,0.34,0.3134,0.3256,54798693.0,XRP-USD,6h
2020-02-13 18:00:00,0.3165,0.334,0.3259,0.3274,24631859.0,XRP-USD,6h
2020-02-14 00:00:00,0.3138,0.3333,0.3271,0.3152,21740592.0,XRP-USD,6h
2020-02-14 06:00:00,0.3107,0.3288,0.3153,0.3259,14245036.0,XRP-USD,6h
2020-02-14 12:00:00,0.3243,0.3367,0.326,0.3356,24228445.0,XRP-USD,6h
2020-02-14 18:00:00,0.3333,0.34,0.3356,0.3369,29567649.0,XRP-USD,6h
2020-02-15 00:00:00,0.3312,0.3478,0.3367,0.3329,24171234.0,XRP-USD,6h
2020-02-15 06:00:00,0.3287,0.3395,0.3329,0.3364,9153043.0,XRP-USD,6h
2020-02-15 12:00:00,0.2949,0.3374,0.3364,0.2974,45945874.0,XRP-USD,6h
2020-02-15 18:00:00,0.2936,0.317,0.297,0.3074,30280750.0,XRP-USD,6h
2020-02-16 00:00:00,0.2988,0.3193,0.3072,0.3122,18371258.0,XRP-USD,6h
2020-02-16 06:00:00,0.3038,0.3148,0.3122,0.3059,10584508.0,XRP-USD,6h
2020-02-16 12:00:00,0.2651,0.3079,0.3058,0.2836,46570416.0,XRP-USD,6h
2020-02-16 18:00:00,0.279,0.2968,0.2834,0.293,24751712.0,XRP-USD,6h
2020-02-17 00:00:00,0.2725,0.2953,0.2925,0.2802,22113775.0,XRP-USD,6h
2020-02-17 06:00:00,0.27,0.2849,0.2806,0.2759,13910337.0,XRP-USD,6h
2020-02-17 12:00:00,0.269,0.2885,0.2764,0.2833,29194446.0,XRP-USD,6h
2020-02-17 18:00:00,0.2804,0.2882,0.2832,0.2875,12240382.0,XRP-USD,6h
2020-02-18 00:00:00,0.2819,0.2963,0.2879,0.2921,16377256.0,XRP-USD,6h
2020-02-18 06:00:00,0.2833,0.2935,0.2922,0.2874,7837432.0,XRP-USD,6h
2020-02-18 12:00:00,0.2756,0.298,0.2875,0.2959,18978218.0,XRP-USD,6h
2020-02-18 18:00:00,0.2953,0.3034,0.2959,0.299,20279067.0,XRP-USD,6h
2020-02-19 00:00:00,0.2931,0.2995,0.2992,0.2974,8862862.0,XRP-USD,6h
2020-02-19 06:00:00,0.2909,0.2986,0.2974,0.2972,5838094.0,XRP-USD,6h
2020-02-19 12:00:00,0.2934,0.3092,0.2972,0.3022,15503979.0,XRP-USD,6h
2020-02-19 18:00:00,0.268,0.3049,0.3024,0.2746,39881077.0,XRP-USD,6h
2020-02-20 00:00:00,0.2727,0.2819,0.2747,0.2751,14896491.0,XRP-USD,6h
2020-02-20 06:00:00,0.2641,0.277,0.2751,0.2685,14006797.0,XRP-USD,6h
2020-02-20 12:00:00,0.26,0.2747,0.2685,0.2679,27737531.0,XRP-USD,6h
2020-02-20 18:00:00,0.2658,0.2753,0.2679,0.2713,11780099.0,XRP-USD,6h
2020-02-21 00:00:00,0.2682,0.2789,0.2713,0.275,12563451.0,XRP-USD,6h
2020-02-21 06:00:00,0.2705,0.2765,0.275,0.2751,7555896.0,XRP-USD,6h
2020-02-21 12:00:00,0.2743,0.2798,0.2748,0.276,10040531.0,XRP-USD,6h
2020-02-21 18:00:00,0.2686,0.2772,0.2758,0.2749,10484928.0,XRP-USD,6h
2020-02-22 00:00:00,0.2718,0.2762,0.2746,0.2726,5966549.0,XRP-USD,6h
2020-02-22 06:00:00,0.2704,0.2748,0.2727,0.2739,4528804.0,XRP-USD,6h
2020-02-22 12:00:00,0.2713,0.2789,0.2738,0.2758,8590575.0,XRP-USD,6h
2020-02-22 18:00:00,0.2732,0.2772,0.2757,0.2752,5325652.0,XRP-USD,6h
2020-02-23 00:00:00,0.2751,0.2827,0.2752,0.2822,9003536.0,XRP-USD,6h
2020-02-23 06:00:00,0.2801,0.2855,0.2822,0.2805,7343972.0,XRP-USD,6h
2020-02-23 12:00:00,0.2793,0.2839,0.2805,0.2816,7224555.0,XRP-USD,6h
2020-02-23 18:00:00,0.2802,0.2847,0.2817,0.2839,4697107.0,XRP-USD,6h
2020-02-24 00:00:00,0.2719,0.2851,0.284,0.2749,12904899.0,XRP-USD,6h
2020-02-24 06:00:00,0.2697,0.2757,0.2749,0.2756,4528072.0,XRP-USD,6h
2020-02-24 12:00:00,0.2661,0.2769,0.2756,0.2678,12772006.0,XRP-USD,6h
2020-02-24 18:00:00,0.2636,0.2715,0.2675,0.2707,13394607.0,XRP-USD,6h
2020-02-25 00:00:00,0.265,0.2711,0.2705,0.2659,5521961.0,XRP-USD,6h
2020-02-25 06:00:00,0.2615,0.2679,0.266,0.2672,8190029.0,XRP-USD,6h
2020-02-25 12:00:00,0.251,0.2688,0.267,0.2538,24190761.0,XRP-USD,6h
2020-02-25 18:00:00,0.2504,0.2587,0.2536,0.2519,18734847.0,XRP-USD,6h
2020-02-26 00:00:00,0.2339,0.255,0.2518,0.2444,32673376.0,XRP-USD,6h
2020-02-26 06:00:00,0.2378,0.2456,0.2444,0.2394,7440294.0,XRP-USD,6h
2020-02-26 12:00:00,0.2221,0.2447,0.2392,0.2296,47526827.0,XRP-USD,6h
2020-02-26 18:00:00,0.228,0.2364,0.2298,0.229,20751311.0,XRP-USD,6h
2020-02-27 00:00:00,0.2228,0.2333,0.229,0.2328,18240969.0,XRP-USD,6h
2020-02-27 06:00:00,0.2322,0.2383,0.2327,0.2366,7909817.0,XRP-USD,6h
2020-02-27 12:00:00,0.2357,0.248,0.2365,0.2467,28095917.0,XRP-USD,6h
2020-02-27 18:00:00,0.2341,0.2468,0.2464,0.2384,18224684.0,XRP-USD,6h
2020-02-28 00:00:00,0.2371,0.244,0.2383,0.2383,12730724.0,XRP-USD,6h
2020-02-28 06:00:00,0.2286,0.2384,0.2383,0.2333,10940999.0,XRP-USD,6h
2020-02-28 12:00:00,0.2281,0.2379,0.2334,0.2336,15471375.0,XRP-USD,6h
2020-02-28 18:00:00,0.2314,0.24,0.2338,0.2369,10355181.0,XRP-USD,6h
2020-02-29 00:00:00,0.2362,0.2427,0.2369,0.241,8781103.0,XRP-USD,6h
2020-02-29 06:00:00,0.2336,0.2417,0.241,0.2372,5085294.0,XRP-USD,6h
2020-02-29 12:00:00,0.2322,0.2371,0.2371,0.2358,6899711.0,XRP-USD,6h
2020-02-29 18:00:00,0.2285,0.2361,0.2358,0.2288,10308283.0,XRP-USD,6h
2020-03-01 00:00:00,0.2288,0.236,0.2288,0.2331,11165750.0,XRP-USD,6h
2020-03-01 06:00:00,0.23,0.2347,0.2331,0.2344,5561636.0,XRP-USD,6h
2020-03-01 12:00:00,0.2255,0.2362,0.2341,0.228,13435069.0,XRP-USD,6h
2020-03-01 18:00:00,0.2238,0.229,0.2281,0.2269,16731785.0,XRP-USD,6h
2020-03-02 00:00:00,0.2256,0.2305,0.227,0.2305,7489796.0,XRP-USD,6h
2020-03-02 06:00:00,0.2297,0.235,0.2304,0.2346,6436340.0,XRP-USD,6h
2020-03-02 12:00:00,0.2319,0.2414,0.2347,0.2393,14928307.0,XRP-USD,6h
2020-03-02 18:00:00,0.2378,0.2416,0.2393,0.2398,10817135.0,XRP-USD,6h
2020-03-03 00:00:00,0.2354,0.2398,0.2398,0.2372,7050686.0,XRP-USD,6h
2020-03-03 06:00:00,0.2333,0.2379,0.2372,0.2375,4941982.0,XRP-USD,6h
2020-03-03 12:00:00,0.2295,0.2385,0.2376,0.2321,10578669.0,XRP-USD,6h
2020-03-03 18:00:00,0.2316,0.2358,0.232,0.2342,7988464.0,XRP-USD,6h
2020-03-04 00:00:00,0.2325,0.2365,0.2344,0.2353,7176943.0,XRP-USD,6h
2020-03-04 06:00:00,0.2316,0.2384,0.2354,0.2331,5862600.0,XRP-USD,6h
2020-03-04 12:00:00,0.23,0.2347,0.2331,0.2327,9366092.0,XRP-USD,6h
2020-03-04 18:00:00,0.2308,0.236,0.2327,0.2348,9611639.0,XRP-USD,6h
2020-03-05 00:00:00,0.2346,0.239,0.2347,0.2387,8734496.0,XRP-USD,6h
2020-03-05 06:00:00,0.2363,0.2415,0.2386,0.2409,9398694.0,XRP-USD,6h
2020-03-05 12:00:00,0.2383,0.2435,0.2408,0.2427,12138331.0,XRP-USD,6h
2020-03-05 18:00:00,0.2381,0.2427,0.2427,0.2395,10609514.0,XRP-USD,6h
2020-03-06 00:00:00,0.2384,0.243,0.2396,0.2425,6109374.0,XRP-USD,6h
2020-03-06 06:00:00,0.241,0.2465,0.2427,0.2446,7551769.0,XRP-USD,6h
2020-03-06 12:00:00,0.2407,0.2449,0.2446,0.2432,8589098.0,XRP-USD,6h
2020-03-06 18:00:00,0.241,0.2458,0.2432,0.2454,9232610.0,XRP-USD,6h
2020-03-07 00:00:00,0.2429,0.2458,0.2454,0.2436,5227606.0,XRP-USD,6h
2020-03-07 06:00:00,0.2414,0.2446,0.2438,0.2422,4060375.0,XRP-USD,6h
2020-03-07 12:00:00,0.236,0.245,0.2422,0.2373,10807464.0,XRP-USD,6h
2020-03-07 18:00:00,0.2349,0.2383,0.2374,0.2368,5544140.0,XRP-USD,6h
2020-03-08 00:00:00,0.2302,0.2367,0.2367,0.2317,11026926.0,XRP-USD,6h
2020-03-08 06:00:00,0.2304,0.2333,0.2317,0.232,2879724.0,XRP-USD,6h
2020-03-08 12:00:00,0.2007,0.2321,0.2321,0.2133,42227030.0,XRP-USD,6h
2020-03-08 18:00:00,0.2019,0.2158,0.213,0.2039,21796358.0,XRP-USD,6h
2020-03-09 00:00:00,0.2015,0.2111,0.2039,0.2083,26083608.0,XRP-USD,6h
2020-03-09 06:00:00,0.2064,0.2117,0.2081,0.2076,8542120.0,XRP-USD,6h
2020-03-09 12:00:00,0.198,0.2101,0.2077,0.2007,26472199.0,XRP-USD,6h
2020-03-09 18:00:00,0.2004,0.2101,0.2006,0.2095,17480505.0,XRP-USD,6h
2020-03-10 00:00:00,0.2068,0.2105,0.2096,0.2085,8610584.0,XRP-USD,6h
2020-03-10 06:00:00,0.205,0.213,0.2085,0.2123,8098759.0,XRP-USD,6h
2020-03-10 12:00:00,0.2072,0.2163,0.2122,0.2111,17638360.0,XRP-USD,6h
2020-03-10 18:00:00,0.2096,0.2145,0.211,0.2117,11524524.0,XRP-USD,6h
2020-03-11 00:00:00,0.2095,0.2138,0.2117,0.2107,6551875.0,XRP-USD,6h
2020-03-11 06:00:00,0.2044,0.2117,0.2107,0.2071,6145182.0,XRP-USD,6h
2020-03-11 12:00:00,0.2007,0.2089,0.2071,0.2013,13452540.0,XRP-USD,6h
2020-03-11 18:00:00,0.1992,0.2093,0.2012,0.2083,15625795.0,XRP-USD,6h
2020-03-12 00:00:00,0.1902,0.21,0.2084,0.1955,23739638.0,XRP-USD,6h
2020-03-12 06:00:00,0.1435,0.1955,0.1955,0.1548,79815799.0,XRP-USD,6h
2020-03-12 12:00:00,0.1502,0.186,0.1547,0.168,90618781.0,XRP-USD,6h
2020-03-12 18:00:00,0.1287,0.169,0.1681,0.1388,67872516.0,XRP-USD,6h
2020-03-13 00:00:00,0.1105,0.1708,0.1393,0.1414,121687804.0,XRP-USD,6h
2020-03-13 06:00:00,0.1394,0.165,0.141,0.1566,27007844.0,XRP-USD,6h
2020-03-13 12:00:00,0.1401,0.17,0.1566,0.1489,47848825.0,XRP-USD,6h
2020-03-13 18:00:00,0.1374,0.1641,0.1487,0.1605,52966120.0,XRP-USD,6h
2020-03-14 00:00:00,0.1545,0.1619,0.1601,0.1566,18057075.0,XRP-USD,6h
2020-03-14 06:00:00,0.148,0.1576,0.1565,0.1541,12415732.0,XRP-USD,6h
2020-03-14 12:00:00,0.1498,0.1549,0.154,0.1529,16387618.0,XRP-USD,6h
2020-03-14 18:00:00,0.1431,0.1549,0.1528,0.1456,19296075.0,XRP-USD,6h
2020-03-15 00:00:00,0.1438,0.1505,0.1455,0.1496,13581934.0,XRP-USD,6h
2020-03-15 06:00:00,0.1476,0.156,0.1495,0.1542,7195797.0,XRP-USD,6h
2020-03-15 12:00:00,0.1495,0.1586,0.1542,0.1517,13173024.0,XRP-USD,6h
2020-03-15 18:00:00,0.1475,0.1654,0.1516,0.1528,40699968.0,XRP-USD,6h
2020-03-16 00:00:00,0.1445,0.1529,0.1528,0.1467,24132529.0,XRP-USD,6h
2020-03-16 06:00:00,0.127,0.1466,0.1466,0.1325,43592495.0,XRP-USD,6h
2020-03-16 12:00:00,0.1303,0.1458,0.1325,0.143,54388944.0,XRP-USD,6h
2020-03-16 18:00:00,0.1375,0.1453,0.143,0.1414,38288776.0,XRP-USD,6h
2020-03-17 00:00:00,0.1399,0.1522,0.1415,0.1476,27867528.0,XRP-USD,6h
2020-03-17 06:00:00,0.1461,0.1527,0.1479,0.1477,12703643.0,XRP-USD,6h
2020-03-17 12:00:00,0.1428,0.151,0.1478,0.1479,31275529.0,XRP-USD,6h
2020-03-17 18:00:00,0.1462,0.1514,0.1478,0.1477,20090553.0,XRP-USD,6h
2020-03-18 00:00:00,0.1463,0.1498,0.1475,0.1472,10029996.0,XRP-USD,6h
2020-03-18 06:00:00,0.1416,0.1476,0.1472,0.1436,15909059.0,XRP-USD,6h
2020-03-18 12:00:00,0.1403,0.148,0.1435,0.1439,25982728.0,XRP-USD,6h
2020-03-18 18:00:00,0.1433,0.1485,0.1439,0.1482,14562652.0,XRP-USD,6h
2020-03-19 00:00:00,0.1447,0.1494,0.1481,0.1475,10781444.0,XRP-USD,6h
2020-03-19 06:00:00,0.1466,0.1534,0.1475,0.1517,15055442.0,XRP-USD,6h
2020-03-19 12:00:00,0.1516,0.17,0.1516,0.1655,64538377.0,XRP-USD,6h
2020-03-19 18:00:00,0.1601,0.1734,0.1655,0.1652,39888764.0,XRP-USD,6h
2020-03-20 00:00:00,0.1578,0.1672,0.1651,0.163,23529343.0,XRP-USD,6h
2020-03-20 06:00:00,0.1619,0.176,0.163,0.1692,28886215.0,XRP-USD,6h
2020-03-20 12:00:00,0.1625,0.1719,0.1692,0.1644,35064693.0,XRP-USD,6h
2020-03-20 18:00:00,0.145,0.1647,0.1645,0.157,51146781.0,XRP-USD,6h
2020-03-21 00:00:00,0.1534,0.1613,0.1571,0.1552,13471106.0,XRP-USD,6h
2020-03-21 06:00:00,0.1516,0.1575,0.1551,0.1559,9339625.0,XRP-USD,6h
2020-03-21 12:00:00,0.1542,0.1585,0.1562,0.1547,12832931.0,XRP-USD,6h
2020-03-21 18:00:00,0.1541,0.1622,0.1548,0.1581,15462638.0,XRP-USD,6h
2020-03-22 00:00:00,0.1565,0.1617,0.1581,0.1612,9193672.0,XRP-USD,6h
2020-03-22 06:00:00,0.1556,0.1618,0.1611,0.1558,6981460.0,XRP-USD,6h
2020-03-22 12:00:00,0.151,0.1559,0.1555,0.1533,13442537.0,XRP-USD,6h
2020-03-22 18:00:00,0.1463,0.1551,0.1532,0.1479,24213824.0,XRP-USD,6h
2020-03-23 00:00:00,0.1449,0.1527,0.1479,0.1504,16066663.0,XRP-USD,6h
2020-03-23 06:00:00,0.1478,0.1522,0.1505,0.1502,7710534.0,XRP-USD,6h
2020-03-23 12:00:00,0.1504,0.1625,0.1504,0.1564,25830030.0,XRP-USD,6h
2020-03-23 18:00:00,0.1559,0.16,0.1563,0.1592,14945402.0,XRP-USD,6h
2020-03-24 00:00:00,0.1577,0.1627,0.1591,0.1592,20505642.0,XRP-USD,6h
2020-03-24 06:00:00,0.1587,0.1644,0.1592,0.1634,15158388.0,XRP-USD,6h
2020-03-24 12:00:00,0.1589,0.1634,0.1632,0.1618,22700745.0,XRP-USD,6h
2020-03-24 18:00:00,0.1603,0.1639,0.1617,0.1628,18623260.0,XRP-USD,6h
2020-03-25 00:00:00,0.16,0.164,0.1628,0.1633,14687885.0,XRP-USD,6h
2020-03-25 06:00:00,0.1573,0.1659,0.1633,0.1586,15538152.0,XRP-USD,6h
2020-03-25 12:00:00,0.1581,0.1624,0.1586,0.1607,20735567.0,XRP-USD,6h
2020-03-25 18:00:00,0.1586,0.1625,0.1607,0.1621,11559904.0,XRP-USD,6h
2020-03-26 00:00:00,0.1605,0.1635,0.162,0.1606,9582411.0,XRP-USD,6h
2020-03-26 06:00:00,0.1602,0.1628,0.1607,0.1615,6239505.0,XRP-USD,6h
2020-03-26 12:00:00,0.16,0.1631,0.1615,0.1624,15695730.0,XRP-USD,6h
2020-03-26 18:00:00,0.1621,0.179,0.1624,0.1767,51713085.0,XRP-USD,6h
2020-03-27 00:00:00,0.1711,0.1814,0.1767,0.1722,28022602.0,XRP-USD,6h
2020-03-27 06:00:00,0.1699,0.1787,0.1722,0.177,10510517.0,XRP-USD,6h
2020-03-27 12:00:00,0.172,0.1771,0.177,0.1762,21461470.0,XRP-USD,6h
2020-03-27 18:00:00,0.17,0.1879,0.1762,0.1728,50393974.0,XRP-USD,6h
2020-03-28 00:00:00,0.1651,0.1755,0.1728,0.1698,35039446.0,XRP-USD,6h
2020-03-28 06:00:00,0.1677,0.1711,0.1697,0.1691,7956727.0,XRP-USD,6h
2020-03-28 12:00:00,0.1672,0.1775,0.169,0.1717,22679263.0,XRP-USD,6h
2020-03-28 18:00:00,0.1709,0.1806,0.1712,0.1758,27193391.0,XRP-USD,6h
2020-03-29 00:00:00,0.1695,0.177,0.1757,0.1733,15995347.0,XRP-USD,6h
2020-03-29 06:00:00,0.1706,0.1745,0.1733,0.1723,7976389.0,XRP-USD,6h
2020-03-29 12:00:00,0.1705,0.1744,0.1723,0.1719,9878309.0,XRP-USD,6h
2020-03-29 18:00:00,0.1614,0.1718,0.1718,0.1627,32962093.0,XRP-USD,6h
2020-03-30 00:00:00,0.1625,0.1705,0.1627,0.1699,16847232.0,XRP-USD,6h
2020-03-30 06:00:00,0.1684,0.1759,0.1699,0.1745,10864174.0,XRP-USD,6h
2020-03-30 12:00:00,0.1706,0.175,0.1745,0.1737,13733364.0,XRP-USD,6h
2020-03-30 18:00:00,0.1713,0.1758,0.1738,0.1714,17012442.0,XRP-USD,6h
2020-03-31 00:00:00,0.1706,0.1735,0.1715,0.1721,8161105.0,XRP-USD,6h
2020-03-31 06:00:00,0.1713,0.1737,0.1721,0.1728,4555498.0,XRP-USD,6h
2020-03-31 12:00:00,0.1718,0.1783,0.1729,0.1763,19175803.0,XRP-USD,6h
2020-03-31 18:00:00,0.1737,0.1785,0.1764,0.1739,16741110.0,XRP-USD,6h
2020-04-01 00:00:00,0.1717,0.1747,0.1739,0.1724,14009420.0,XRP-USD,6h
2020-04-01 06:00:00,0.1709,0.1741,0.1725,0.1741,6573256.0,XRP-USD,6h
2020-04-01 12:00:00,0.1679,0.1751,0.1742,0.1697,15040026.0,XRP-USD,6h
2020-04-01 18:00:00,0.169,0.177,0.1697,0.1756,17383866.0,XRP-USD,6h
2020-04-02 00:00:00,0.1746,0.1778,0.1756,0.176,9345057.0,XRP-USD,6h
2020-04-02 06:00:00,0.1758,0.1783,0.176,0.1773,7004485.0,XRP-USD,6h
2020-04-02 12:00:00,0.1754,0.1873,0.1772,0.1826,27690355.0,XRP-USD,6h
2020-04-02 18:00:00,0.1756,0.1827,0.1826,0.1787,15968235.0,XRP-USD,6h
2020-04-03 00:00:00,0.1778,0.1802,0.1787,0.1789,6616226.0,XRP-USD,6h
2020-04-03 06:00:00,0.1781,0.1828,0.1786,0.1825,6231476.0,XRP-USD,6h
2020-04-03 12:00:00,0.176,0.1832,0.1824,0.1778,16566490.0,XRP-USD,6h
2020-04-03 18:00:00,0.1773,0.18,0.1778,0.1797,9957504.0,XRP-USD,6h
2020-04-04 00:00:00,0.1777,0.1803,0.1797,0.1791,10775590.0,XRP-USD,6h
2020-04-04 06:00:00,0.178,0.1822,0.1791,0.179,10410717.0,XRP-USD,6h
2020-04-04 12:00:00,0.1781,0.1814,0.1791,0.1807,7182670.0,XRP-USD,6h
2020-04-04 18:00:00,0.1785,0.1843,0.1807,0.1815,15614553.0,XRP-USD,6h
2020-04-05 00:00:00,0.1794,0.1826,0.1816,0.1795,8971882.0,XRP-USD,6h
2020-04-05 06:00:00,0.1789,0.1805,0.1794,0.1794,3782060.0,XRP-USD,6h
2020-04-05 12:00:00,0.1764,0.1807,0.1793,0.1794,7499841.0,XRP-USD,6h
2020-04-05 18:00:00,0.1777,0.1802,0.1792,0.1796,6233833.0,XRP-USD,6h
2020-04-06 00:00:00,0.1795,0.1846,0.1796,0.1842,12050122.0,XRP-USD,6h
2020-04-06 06:00:00,0.1838,0.19,0.1843,0.1878,16230593.0,XRP-USD,6h
2020-04-06 12:00:00,0.1874,0.1956,0.1878,0.1955,25673606.0,XRP-USD,6h
2020-04-06 18:00:00,0.1931,0.1987,0.1955,0.1984,26810492.0,XRP-USD,6h
2020-04-07 00:00:00,0.1953,0.206,0.1985,0.1983,35762247.0,XRP-USD,6h
2020-04-07 06:00:00,0.1962,0.205,0.1982,0.2028,11302058.0,XRP-USD,6h
2020-04-07 12:00:00,0.1969,0.2056,0.2027,0.2018,20775341.0,XRP-USD,6h
2020-04-07 18:00:00,0.1896,0.2019,0.2017,0.193,25519681.0,XRP-USD,6h
2020-04-08 00:00:00,0.1915,0.2028,0.1929,0.2028,15478237.0,XRP-USD,6h
2020-04-08 06:00:00,0.1948,0.2032,0.2028,0.1985,8666816.0,XRP-USD,6h
2020-04-08 12:00:00,0.1963,0.2016,0.1985,0.1996,13503650.0,XRP-USD,6h
2020-04-08 18:00:00,0.1983,0.2028,0.1995,0.2023,18264752.0,XRP-USD,6h
2020-04-09 00:00:00,0.1969,0.2026,0.2022,0.1989,11496026.0,XRP-USD,6h
2020-04-09 06:00:00,0.1955,0.2009,0.199,0.1964,8454105.0,XRP-USD,6h
2020-04-09 12:00:00,0.1926,0.2009,0.1964,0.1994,14314045.0,XRP-USD,6h
2020-04-09 18:00:00,0.1975,0.1996,0.1994,0.1984,16495149.0,XRP-USD,6h
2020-04-10 00:00:00,0.1902,0.199,0.1984,0.191,17617371.0,XRP-USD,6h
2020-04-10 06:00:00,0.1858,0.1937,0.1909,0.1876,14998391.0,XRP-USD,6h
2020-04-10 12:00:00,0.1816,0.189,0.1875,0.1869,22563832.0,XRP-USD,6h
2020-04-10 18:00:00,0.186,0.1906,0.1869,0.1879,14512672.0,XRP-USD,6h
2020-04-11 00:00:00,0.1876,0.1925,0.1879,0.1924,9266394.0,XRP-USD,6h
2020-04-11 06:00:00,0.1887,0.1926,0.1924,0.1903,4908039.0,XRP-USD,6h
2020-04-11 12:00:00,0.1856,0.1907,0.1904,0.1864,11114469.0,XRP-USD,6h
2020-04-11 18:00:00,0.1852,0.1893,0.1863,0.189,8190281.0,XRP-USD,6h
2020-04-12 00:00:00,0.1864,0.1903,0.1889,0.1884,5271300.0,XRP-USD,6h
2020-04-12 06:00:00,0.1877,0.1929,0.1883,0.1917,6555967.0,XRP-USD,6h
2020-04-12 12:00:00,0.1918,0.1965,0.1918,0.1943,19211209.0,XRP-USD,6h
2020-04-12 18:00:00,0.1893,0.1954,0.1944,0.1896,13630818.0,XRP-USD,6h
2020-04-13 00:00:00,0.1791,0.1894,0.1894,0.1836,20332310.0,XRP-USD,6h
2020-04-13 06:00:00,0.1814,0.1868,0.1835,0.185,5349197.0,XRP-USD,6h
2020-04-13 12:00:00,0.1817,0.1875,0.185,0.1859,10836092.0,XRP-USD,6h
2020-04-13 18:00:00,0.1855,0.19,0.1859,0.1883,14548874.0,XRP-USD,6h
2020-04-14 00:00:00,0.187,0.1892,0.1883,0.1882,7919657.0,XRP-USD,6h
2020-04-14 06:00:00,0.1838,0.1883,0.188,0.186,7312684.0,XRP-USD,6h
2020-04-14 12:00:00,0.185,0.1896,0.1859,0.1877,10046695.0,XRP-USD,6h
2020-04-14 18:00:00,0.1851,0.1884,0.1877,0.1865,7864119.0,XRP-USD,6h
2020-04-15 00:00:00,0.1847,0.1897,0.1863,0.1896,9098970.0,XRP-USD,6h
2020-04-15 06:00:00,0.1841,0.1902,0.1895,0.1851,7567242.0,XRP-USD,6h
2020-04-15 12:00:00,0.1818,0.1855,0.1851,0.1853,16533490.0,XRP-USD,6h
2020-04-15 18:00:00,0.1801,0.1859,0.1852,0.1807,17314578.0,XRP-USD,6h
2020-04-16 00:00:00,0.1738,0.1807,0.1807,0.1792,20466754.0,XRP-USD,6h
2020-04-16 06:00:00,0.1791,0.1933,0.1791,0.1893,21651510.0,XRP-USD,6h
2020-04-16 12:00:00,0.1877,0.1917,0.1892,0.1885,17698680.0,XRP-USD,6h
2020-04-16 18:00:00,0.1882,0.1937,0.1885,0.1908,17970111.0,XRP-USD,6h
2020-04-17 00:00:00,0.1864,0.1919,0.1907,0.1889,11481908.0,XRP-USD,6h
2020-04-17 06:00:00,0.1872,0.1907,0.1889,0.1883,5339025.0,XRP-USD,6h
2020-04-17 12:00:00,0.1872,0.1896,0.1882,0.189,8274520.0,XRP-USD,6h
2020-04-17 18:00:00,0.1882,0.192,0.1889,0.1888,13744064.0,XRP-USD,6h
2020-04-18 00:00:00,0.1885,0.192,0.1888,0.1909,9608901.0,XRP-USD,6h
2020-04-18 06:00:00,0.1886,0.1912,0.1909,0.1909,5070200.0,XRP-USD,6h
2020-04-18 12:00:00,0.1903,0.1955,0.1909,0.1938,14875809.0,XRP-USD,6h
2020-04-18 18:00:00,0.1933,0.1975,0.1938,0.1958,11388068.0,XRP-USD,6h
2020-04-19 00:00:00,0.1915,0.1966,0.1957,0.1923,10603788.0,XRP-USD,6h
2020-04-19 06:00:00,0.1915,0.1936,0.1922,0.1929,5533497.0,XRP-USD,6h
2020-04-19 12:00:00,0.1881,0.1931,0.193,0.192,8796751.0,XRP-USD,6h
2020-04-19 18:00:00,0.1891,0.1925,0.192,0.1894,6520186.0,XRP-USD,6h
2020-04-20 00:00:00,0.1887,0.195,0.1894,0.1937,14111247.0,XRP-USD,6h
2020-04-20 06:00:00,0.1864,0.1942,0.1937,0.1874,10124228.0,XRP-USD,6h
2020-04-20 12:00:00,0.184,0.1903,0.1872,0.1846,14770623.0,XRP-USD,6h
2020-04-20 18:00:00,0.1783,0.1864,0.1846,0.1819,24816151.0,XRP-USD,6h
2020-04-21 00:00:00,0.1814,0.1855,0.1818,0.1849,9364723.0,XRP-USD,6h
2020-04-21 06:00:00,0.1815,0.1854,0.1851,0.1827,7179892.0,XRP-USD,6h
2020-04-21 12:00:00,0.1825,0.1868,0.1827,0.186,13688572.0,XRP-USD,6h
2020-04-21 18:00:00,0.1831,0.1862,0.1861,0.1838,10713286.0,XRP-USD,6h
2020-04-22 00:00:00,0.1823,0.1855,0.1837,0.1854,7059414.0,XRP-USD,6h
2020-04-22 06:00:00,0.1845,0.1865,0.1854,0.1859,4281790.0,XRP-USD,6h
2020-04-22 12:00:00,0.1852,0.19,0.186,0.1876,12630766.0,XRP-USD,6h
2020-04-22 18:00:00,0.1871,0.1888,0.1875,0.1884,8151816.0,XRP-USD,6h
2020-04-23 00:00:00,0.1874,0.1912,0.1883,0.1875,8792674.0,XRP-USD,6h
2020-04-23 06:00:00,0.1858,0.1902,0.1875,0.1899,6717520.0,XRP-USD,6h
2020-04-23 12:00:00,0.1893,0.2,0.1899,0.1952,33754087.0,XRP-USD,6h
2020-04-23 18:00:00,0.1916,0.197,0.1952,0.1928,16670246.0,XRP-USD,6h
2020-04-24 00:00:00,0.1926,0.1965,0.1928,0.1944,7664533.0,XRP-USD,6h
2020-04-24 06:00:00,0.1936,0.1971,0.1945,0.1939,5943214.0,XRP-USD,6h
2020-04-24 12:00:00,0.1924,0.1951,0.1938,0.1941,15024817.0,XRP-USD,6h
2020-04-24 18:00:00,0.1922,0.1951,0.194,0.1936,14397181.0,XRP-USD,6h
2020-04-25 00:00:00,0.1918,0.196,0.1935,0.1958,7285229.0,XRP-USD,6h
2020-04-25 06:00:00,0.1942,0.1968,0.1958,0.1947,5731629.0,XRP-USD,6h
2020-04-25 12:00:00,0.193,0.1984,0.1946,0.1944,15595482.0,XRP-USD,6h
2020-04-25 18:00:00,0.1935,0.1952,0.1944,0.1945,6449471.0,XRP-USD,6h
2020-04-26 00:00:00,0.1935,0.1957,0.1945,0.1936,6021652.0,XRP-USD,6h
2020-04-26 06:00:00,0.1933,0.1965,0.1935,0.1964,3615262.0,XRP-USD,6h
2020-04-26 12:00:00,0.1922,0.198,0.1963,0.1943,11825534.0,XRP-USD,6h
2020-04-26 18:00:00,0.1939,0.1976,0.1943,0.1966,11448926.0,XRP-USD,6h
2020-04-27 00:00:00,0.1965,0.2,0.1966,0.1976,14352407.0,XRP-USD,6h
2020-04-27 06:00:00,0.1957,0.198,0.1975,0.1978,5028838.0,XRP-USD,6h
2020-04-27 12:00:00,0.1945,0.1978,0.1978,0.195,10497727.0,XRP-USD,6h
2020-04-27 18:00:00,0.1949,0.1981,0.195,0.198,12534649.0,XRP-USD,6h
2020-04-28 00:00:00,0.1949,0.198,0.198,0.1972,10884013.0,XRP-USD,6h
2020-04-28 06:00:00,0.1967,0.2105,0.1973,0.2078,18898102.0,XRP-USD,6h
2020-04-28 12:00:00,0.2048,0.2106,0.2077,0.209,26396901.0,XRP-USD,6h
2020-04-28 18:00:00,0.2088,0.2188,0.209,0.2147,38578176.0,XRP-USD,6h
2020-04-29 00:00:00,0.2141,0.2191,0.2147,0.2158,23457534.0,XRP-USD,6h
2020-04-29 06:00:00,0.2145,0.2207,0.2159,0.2199,17032362.0,XRP-USD,6h
2020-04-29 12:00:00,0.2189,0.2318,0.2198,0.2262,50646887.0,XRP-USD,6h
2020-04-29 18:00:00,0.2225,0.2289,0.2261,0.2269,28651851.0,XRP-USD,6h
2020-04-30 00:00:00,0.2256,0.2361,0.2269,0.2353,32854057.0,XRP-USD,6h
2020-04-30 06:00:00,0.2102,0.2361,0.2353,0.2176,29483401.0,XRP-USD,6h
2020-04-30 12:00:00,0.2081,0.2198,0.2176,0.2116,29025563.0,XRP-USD,6h
2020-04-30 18:00:00,0.2104,0.2172,0.2114,0.2115,23430640.0,XRP-USD,6h
2020-05-01 00:00:00,0.2113,0.2218,0.2115,0.2193,13532189.0,XRP-USD,6h
2020-05-01 06:00:00,0.218,0.2244,0.2195,0.2219,13911756.0,XRP-USD,6h
2020-05-01 12:00:00,0.214,0.2223,0.2219,0.2169,19220279.0,XRP-USD,6h
2020-05-01 18:00:00,0.2135,0.219,0.2169,0.218,14340469.0,XRP-USD,6h
2020-05-02 00:00:00,0.2162,0.2187,0.2181,0.2179,7511862.0,XRP-USD,6h
2020-05-02 06:00:00,0.2155,0.2196,0.218,0.2182,4817147.0,XRP-USD,6h
2020-05-02 12:00:00,0.2181,0.226,0.2181,0.2252,19981164.0,XRP-USD,6h
2020-05-02 18:00:00,0.2203,0.2253,0.2253,0.2241,14065672.0,XRP-USD,6h
2020-05-03 00:00:00,0.2235,0.2269,0.224,0.2239,11091720.0,XRP-USD,6h
2020-05-03 06:00:00,0.2201,0.2247,0.2239,0.2228,7956282.0,XRP-USD,6h
2020-05-03 12:00:00,0.2155,0.223,0.2228,0.2179,13095544.0,XRP-USD,6h
2020-05-03 18:00:00,0.2177,0.2214,0.2179,0.2195,6747304.0,XRP-USD,6h
2020-05-04 00:00:00,0.2074,0.221,0.2195,0.2097,20788403.0,XRP-USD,6h
2020-05-04 06:00:00,0.2092,0.2134,0.2097,0.2123,6840735.0,XRP-USD,6h
2020-05-04 12:00:00,0.211,0.2199,0.2122,0.2167,13479265.0,XRP-USD,6h
2020-05-04 18:00:00,0.2165,0.2203,0.2167,0.2184,10065243.0,XRP-USD,6h
2020-05-05 00:00:00,0.2174,0.2225,0.2181,0.2204,8870620.0,XRP-USD,6h
2020-05-05 06:00:00,0.2134,0.2214,0.2204,0.2158,8346816.0,XRP-USD,6h
2020-05-05 12:00:00,0.215,0.2181,0.2157,0.2168,9955470.0,XRP-USD,6h
2020-05-05 18:00:00,0.2155,0.2181,0.2169,0.2172,11240729.0,XRP-USD,6h
2020-05-06 00:00:00,0.2149,0.2193,0.2172,0.2189,6658302.0,XRP-USD,6h
2020-05-06 06:00:00,0.2184,0.2225,0.2189,0.222,8945415.0,XRP-USD,6h
2020-05-06 12:00:00,0.2184,0.2228,0.222,0.2193,13408130.0,XRP-USD,6h
2020-05-06 18:00:00,0.2105,0.2195,0.2192,0.2121,15576133.0,XRP-USD,6h
2020-05-07 00:00:00,0.2086,0.2178,0.2121,0.2151,15243982.0,XRP-USD,6h
2020-05-07 06:00:00,0.2133,0.2166,0.2151,0.214,5449677.0,XRP-USD,6h
2020-05-07 12:00:00,0.2131,0.2184,0.214,0.2163,19460656.0,XRP-USD,6h
2020-05-07 18:00:00,0.2161,0.2222,0.2162,0.2189,25474060.0,XRP-USD,6h
2020-05-08 00:00:00,0.2165,0.2225,0.219,0.2173,17027766.0,XRP-USD,6h
2020-05-08 06:00:00,0.2145,0.2178,0.2174,0.2172,7893798.0,XRP-USD,6h
2020-05-08 12:00:00,0.2156,0.222,0.2171,0.2206,25168707.0,XRP-USD,6h
2020-05-08 18:00:00,0.2183,0.222,0.2206,0.2189,19533252.0,XRP-USD,6h
2020-05-09 00:00:00,0.2171,0.2217,0.219,0.2217,16087361.0,XRP-USD,6h
2020-05-09 06:00:00,0.2177,0.2252,0.2217,0.2198,13107574.0,XRP-USD,6h
2020-05-09 12:00:00,0.219,0.2226,0.2198,0.2209,15073469.0,XRP-USD,6h
2020-05-09 18:00:00,0.2157,0.2214,0.2207,0.2165,13065378.0,XRP-USD,6h
2020-05-10 00:00:00,0.1802,0.2163,0.2163,0.1959,60762162.0,XRP-USD,6h
2020-05-10 06:00:00,0.1949,0.202,0.1957,0.1982,9801535.0,XRP-USD,6h
2020-05-10 12:00:00,0.186,0.2,0.1982,0.1926,23257175.0,XRP-USD,6h
2020-05-10 18:00:00,0.1912,0.199,0.1925,0.1973,17795245.0,XRP-USD,6h
2020-05-11 00:00:00,0.1959,0.2005,0.1972,0.1967,11439655.0,XRP-USD,6h
2020-05-11 06:00:00,0.1917,0.1984,0.1968,0.1969,9704395.0,XRP-USD,6h
2020-05-11 12:00:00,0.188,0.2,0.197,0.1908,25569611.0,XRP-USD,6h
2020-05-11 18:00:00,0.1842,0.1949,0.1905,0.1928,25816705.0,XRP-USD,6h
2020-05-12 00:00:00,0.1914,0.1966,0.1929,0.196,9533490.0,XRP-USD,6h
2020-05-12 06:00:00,0.1936,0.1985,0.196,0.1975,6107471.0,XRP-USD,6h
2020-05-12 12:00:00,0.195,0.2001,0.1975,0.1977,12644570.0,XRP-USD,6h
2020-05-12 18:00:00,0.1933,0.1987,0.1978,0.1974,13505194.0,XRP-USD,6h
2020-05-13 00:00:00,0.1968,0.1998,0.1973,0.1968,6979397.0,XRP-USD,6h
2020-05-13 06:00:00,0.1959,0.1997,0.1967,0.1995,5363620.0,XRP-USD,6h
2020-05-13 12:00:00,0.1986,0.2035,0.1995,0.2014,13571561.0,XRP-USD,6h
2020-05-13 18:00:00,0.2004,0.2044,0.2015,0.2023,13189868.0,XRP-USD,6h
2020-05-14 00:00:00,0.1984,0.2032,0.2021,0.2018,8972255.0,XRP-USD,6h
2020-05-14 06:00:00,0.201,0.2065,0.2017,0.2044,9715244.0,XRP-USD,6h
2020-05-14 12:00:00,0.2003,0.2045,0.2045,0.2014,12170258.0,XRP-USD,6h
2020-05-14 18:00:00,0.2009,0.2053,0.2014,0.204,11454761.0,XRP-USD,6h
2020-05-15 00:00:00,0.197,0.2048,0.204,0.2007,14962699.0,XRP-USD,6h
2020-05-15 06:00:00,0.2005,0.204,0.2007,0.2029,6327330.0,XRP-USD,6h
2020-05-15 12:00:00,0.1985,0.2029,0.2029,0.1998,10594994.0,XRP-USD,6h
2020-05-15 18:00:00,0.1948,0.2005,0.1997,0.1981,12212172.0,XRP-USD,6h
2020-05-16 00:00:00,0.1966,0.2023,0.1981,0.2002,9708679.0,XRP-USD,6h
2020-05-16 06:00:00,0.1984,0.2013,0.2001,0.1998,3981593.0,XRP-USD,6h
2020-05-16 12:00:00,0.1976,0.2013,0.1998,0.1979,7550757.0,XRP-USD,6h
2020-05-16 18:00:00,0.1975,0.2007,0.198,0.1998,7371934.0,XRP-USD,6h
2020-05-17 00:00:00,0.1989,0.2014,0.1995,0.2005,5333600.0,XRP-USD,6h
2020-05-17 06:00:00,0.2003,0.2035,0.2005,0.202,4079989.0,XRP-USD,6h
2020-05-17 12:00:00,0.202,0.205,0.202,0.2026,9261833.0,XRP-USD,6h
2020-05-17 18:00:00,0.2006,0.2032,0.2025,0.2014,7655479.0,XRP-USD,6h
2020-05-18 00:00:00,0.2012,0.2087,0.2014,0.2061,14565435.0,XRP-USD,6h
2020-05-18 06:00:00,0.2011,0.2065,0.206,0.2037,7814144.0,XRP-USD,6h
2020-05-18 12:00:00,0.2022,0.2063,0.2037,0.2037,9303122.0,XRP-USD,6h
2020-05-18 18:00:00,0.2032,0.2055,0.2039,0.2054,8260195.0,XRP-USD,6h
2020-05-19 00:00:00,0.2007,0.2054,0.2053,0.2031,9268703.0,XRP-USD,6h
2020-05-19 06:00:00,0.2022,0.2066,0.2031,0.2047,6209357.0,XRP-USD,6h
2020-05-19 12:00:00,0.2024,0.205,0.2048,0.2044,9977913.0,XRP-USD,6h
2020-05-19 18:00:00,0.2031,0.2053,0.2044,0.205,9000576.0,XRP-USD,6h
2020-05-20 00:00:00,0.2039,0.2057,0.205,0.2047,8423052.0,XRP-USD,6h
2020-05-20 06:00:00,0.2037,0.2061,0.2047,0.2047,5430775.0,XRP-USD,6h
2020-05-20 12:00:00,0.1965,0.2061,0.2046,0.2014,17580543.0,XRP-USD,6h
2020-05-20 18:00:00,0.2004,0.2027,0.2015,0.2017,10027467.0,XRP-USD,6h
2020-05-21 00:00:00,0.2003,0.2031,0.2016,0.2011,7281109.0,XRP-USD,6h
2020-05-21 06:00:00,0.1967,0.2015,0.2012,0.1994,6719592.0,XRP-USD,6h
2020-05-21 12:00:00,0.1889,0.1996,0.1994,0.1921,20836715.0,XRP-USD,6h
2020-05-21 18:00:00,0.1893,0.1956,0.192,0.1942,15066601.0,XRP-USD,6h
2020-05-22 00:00:00,0.1918,0.1954,0.1941,0.1939,11694898.0,XRP-USD,6h
2020-05-22 06:00:00,0.1941,0.2018,0.1941,0.2007,13161000.0,XRP-USD,6h
2020-05-22 12:00:00,0.1991,0.2025,0.2007,0.201,14939932.0,XRP-USD,6h
2020-05-22 18:00:00,0.1995,0.202,0.2009,0.2003,8499869.0,XRP-USD,6h
2020-05-23 00:00:00,0.2,0.2024,0.2004,0.2008,7560895.0,XRP-USD,6h
2020-05-23 06:00:00,0.1986,0.2011,0.2006,0.2001,8380705.0,XRP-USD,6h
2020-05-23 12:00:00,0.198,0.2007,0.2001,0.1998,6476808.0,XRP-USD,6h
2020-05-23 18:00:00,0.1986,0.2007,0.1997,0.199,7207320.0,XRP-USD,6h
2020-05-24 00:00:00,0.1986,0.2005,0.1988,0.2001,5046086.0,XRP-USD,6h
2020-05-24 06:00:00,0.1982,0.2015,0.2001,0.1989,5616253.0,XRP-USD,6h
2020-05-24 12:00:00,0.1945,0.1995,0.1988,0.1964,9168338.0,XRP-USD,6h
2020-05-24 18:00:00,0.1921,0.1985,0.1964,0.1924,12324723.0,XRP-USD,6h
2020-05-25 00:00:00,0.1897,0.1947,0.1926,0.1936,11272368.0,XRP-USD,6h
2020-05-25 06:00:00,0.1921,0.1958,0.1936,0.193,6284093.0,XRP-USD,6h
2020-05-25 12:00:00,0.1927,0.1961,0.193,0.1957,10308969.0,XRP-USD,6h
2020-05-25 18:00:00,0.1946,0.1973,0.1958,0.1963,8446270.0,XRP-USD,6h
2020-05-26 00:00:00,0.1941,0.1971,0.1962,0.1949,7437288.0,XRP-USD,6h
2020-05-26 06:00:00,0.193,0.1955,0.1949,0.1941,4420962.0,XRP-USD,6h
2020-05-26 12:00:00,0.1914,0.1947,0.1941,0.1936,8723736.0,XRP-USD,6h
2020-05-26 18:00:00,0.1928,0.1951,0.1936,0.1938,11317280.0,XRP-USD,6h
2020-05-27 00:00:00,0.1937,0.1958,0.1938,0.1957,6786747.0,XRP-USD,6h
2020-05-27 06:00:00,0.1949,0.2005,0.1958,0.1989,7948037.0,XRP-USD,6h
2020-05-27 12:00:00,0.1972,0.1995,0.1991,0.1983,11308138.0,XRP-USD,6h
2020-05-27 18:00:00,0.1959,0.1985,0.1983,0.198,10334347.0,XRP-USD,6h
2020-05-28 00:00:00,0.1958,0.1986,0.198,0.1967,5203379.0,XRP-USD,6h
2020-05-28 06:00:00,0.1949,0.1969,0.1966,0.1964,3310627.0,XRP-USD,6h
2020-05-28 12:00:00,0.1961,0.1991,0.1964,0.1983,12084397.0,XRP-USD,6h
2020-05-28 18:00:00,0.1975,0.2011,0.1983,0.2005,11747704.0,XRP-USD,6h
2020-05-29 00:00:00,0.1993,0.203,0.2005,0.2,9634371.0,XRP-USD,6h
2020-05-29 06:00:00,0.1963,0.2007,0.1999,0.1979,5949398.0,XRP-USD,6h
2020-05-29 12:00:00,0.1963,0.199,0.1979,0.198,8022982.0,XRP-USD,6h
2020-05-29 18:00:00,0.1963,0.1982,0.1979,0.1975,6547711.0,XRP-USD,6h
2020-05-30 00:00:00,0.1957,0.2006,0.1975,0.2003,7878703.0,XRP-USD,6h
2020-05-30 06:00:00,0.1998,0.2069,0.2003,0.2046,8189957.0,XRP-USD,6h
2020-05-30 12:00:00,0.2022,0.205,0.2046,0.2029,10311087.0,XRP-USD,6h
2020-05-30 18:00:00,0.2018,0.2082,0.2028,0.2071,16030860.0,XRP-USD,6h
2020-05-31 00:00:00,0.2025,0.2079,0.2072,0.2031,9233780.0,XRP-USD,6h
2020-05-31 06:00:00,0.2027,0.2137,0.2033,0.2114,10207059.0,XRP-USD,6h
2020-05-31 12:00:00,0.2046,0.2127,0.2116,0.2074,11895457.0,XRP-USD,6h
2020-05-31 18:00:00,0.2003,0.2091,0.2072,0.2024,12557379.0,XRP-USD,6h
2020-06-01 00:00:00,0.2011,0.2063,0.2023,0.2041,9457622.0,XRP-USD,6h
2020-06-01 06:00:00,0.2025,0.2055,0.2042,0.2035,5483513.0,XRP-USD,6h
2020-06-01 12:00:00,0.2019,0.206,0.2033,0.2044,9915678.0,XRP-USD,6h
2020-06-01 18:00:00,0.2035,0.2132,0.2044,0.211,27934272.0,XRP-USD,6h
2020-06-02 00:00:00,0.209,0.2123,0.2111,0.2111,16109111.0,XRP-USD,6h
2020-06-02 06:00:00,0.2106,0.2145,0.2111,0.2128,9687512.0,XRP-USD,6h
2020-06-02 12:00:00,0.197,0.2146,0.213,0.2022,32929448.0,XRP-USD,6h
2020-06-02 18:00:00,0.2006,0.2039,0.2021,0.203,10876559.0,XRP-USD,6h
2020-06-03 00:00:00,0.2007,0.2037,0.203,0.2029,6257903.0,XRP-USD,6h
2020-06-03 06:00:00,0.2019,0.2047,0.2029,0.204,4385809.0,XRP-USD,6h
2020-06-03 12:00:00,0.2018,0.2047,0.2042,0.2031,10926426.0,XRP-USD,6h
2020-06-03 18:00:00,0.2022,0.2048,0.2031,0.2042,9704181.0,XRP-USD,6h
2020-06-04 00:00:00,0.2034,0.2073,0.2042,0.2051,11501661.0,XRP-USD,6h
2020-06-04 06:00:00,0.2,0.2061,0.2052,0.2044,8340085.0,XRP-USD,6h
2020-06-04 12:00:00,0.2034,0.2062,0.2044,0.2045,12425493.0,XRP-USD,6h
2020-06-04 18:00:00,0.2025,0.2054,0.2046,0.2043,9225535.0,XRP-USD,6h
2020-06-05 00:00:00,0.2033,0.2052,0.2044,0.2043,6225867.0,XRP-USD,6h
2020-06-05 06:00:00,0.2024,0.2058,0.2043,0.2034,5346956.0,XRP-USD,6h
2020-06-05 12:00:00,0.2012,0.2046,0.2036,0.2045,10397731.0,XRP-USD,6h
2020-06-05 18:00:00,0.2024,0.2048,0.2045,0.2027,7071736.0,XRP-USD,6h
2020-06-06 00:00:00,0.2011,0.2033,0.2026,0.2031,5364545.0,XRP-USD,6h
2020-06-06 06:00:00,0.2017,0.2041,0.203,0.2039,2200285.0,XRP-USD,6h
2020-06-06 12:00:00,0.2022,0.205,0.2039,0.2034,6917751.0,XRP-USD,6h
2020-06-06 18:00:00,0.2028,0.2045,0.2034,0.2039,4605253.0,XRP-USD,6h
2020-06-07 00:00:00,0.2032,0.205,0.2038,0.2033,4798203.0,XRP-USD,6h
2020-06-07 06:00:00,0.2016,0.2039,0.2033,0.2022,3667651.0,XRP-USD,6h
2020-06-07 12:00:00,0.1985,0.2024,0.2022,0.2011,12414233.0,XRP-USD,6h
2020-06-07 18:00:00,0.2008,0.2039,0.201,0.2035,7983726.0,XRP-USD,6h
2020-06-08 00:00:00,0.2024,0.2037,0.2035,0.2033,4442910.0,XRP-USD,6h
2020-06-08 06:00:00,0.2013,0.2035,0.2033,0.2028,5255426.0,XRP-USD,6h
2020-06-08 12:00:00,0.2013,0.2029,0.2028,0.2025,7899057.0,XRP-USD,6h
2020-06-08 18:00:00,0.2018,0.2045,0.2024,0.2041,9715600.0,XRP-USD,6h
2020-06-09 00:00:00,0.1998,0.2054,0.2041,0.2029,11028936.0,XRP-USD,6h
2020-06-09 06:00:00,0.2016,0.2033,0.203,0.203,4486790.0,XRP-USD,6h
2020-06-09 12:00:00,0.2014,0.2035,0.2029,0.2018,9929380.0,XRP-USD,6h
2020-06-09 18:00:00,0.2002,0.2024,0.2019,0.2015,17139453.0,XRP-USD,6h
2020-06-10 00:00:00,0.201,0.2028,0.2014,0.2027,7813597.0,XRP-USD,6h
2020-06-10 06:00:00,0.2008,0.2027,0.2026,0.2015,6504162.0,XRP-USD,6h
2020-06-10 12:00:00,0.2007,0.2021,0.2015,0.2012,10265803.0,XRP-USD,6h
2020-06-10 18:00:00,0.1999,0.204,0.2013,0.2029,17692248.0,XRP-USD,6h
2020-06-11 00:00:00,0.2019,0.2037,0.203,0.2023,8533803.0,XRP-USD,6h
2020-06-11 06:00:00,0.2002,0.2025,0.2023,0.201,5716370.0,XRP-USD,6h
2020-06-11 12:00:00,0.183,0.2012,0.2009,0.1921,37397254.0,XRP-USD,6h
2020-06-11 18:00:00,0.1876,0.1924,0.1922,0.1879,14776025.0,XRP-USD,6h
2020-06-12 00:00:00,0.1866,0.1921,0.1879,0.1917,10553725.0,XRP-USD,6h
2020-06-12 06:00:00,0.1915,0.1944,0.1917,0.1942,6396102.0,XRP-USD,6h
2020-06-12 12:00:00,0.1914,0.1951,0.1944,0.1921,12517475.0,XRP-USD,6h
2020-06-12 18:00:00,0.1918,0.1942,0.1921,0.193,12284998.0,XRP-USD,6h
2020-06-13 00:00:00,0.1911,0.1933,0.193,0.1918,5646905.0,XRP-USD,6h
2020-06-13 06:00:00,0.1908,0.1927,0.1918,0.1911,2587210.0,XRP-USD,6h
2020-06-13 12:00:00,0.1909,0.194,0.1912,0.1929,7257482.0,XRP-USD,6h
2020-06-13 18:00:00,0.1917,0.1939,0.193,0.1925,7010529.0,XRP-USD,6h
2020-06-14 00:00:00,0.1912,0.1926,0.1925,0.1913,4586563.0,XRP-USD,6h
2020-06-14 06:00:00,0.1903,0.1921,0.1913,0.1915,3993315.0,XRP-USD,6h
2020-06-14 12:00:00,0.1895,0.192,0.1916,0.1911,5642554.0,XRP-USD,6h
2020-06-14 18:00:00,0.1887,0.192,0.1911,0.1901,8815810.0,XRP-USD,6h
2020-06-15 00:00:00,0.1817,0.1905,0.1901,0.1838,12807202.0,XRP-USD,6h
2020-06-15 06:00:00,0.182,0.1852,0.1838,0.1849,8926029.0,XRP-USD,6h
2020-06-15 12:00:00,0.1829,0.1894,0.1847,0.189,14019297.0,XRP-USD,6h
2020-06-15 18:00:00,0.189,0.1937,0.189,0.1925,11928689.0,XRP-USD,6h
2020-06-16 00:00:00,0.191,0.1942,0.1924,0.1927,10679812.0,XRP-USD,6h
2020-06-16 06:00:00,0.191,0.1929,0.1926,0.192,6392775.0,XRP-USD,6h
2020-06-16 12:00:00,0.19,0.1929,0.192,0.191,9589799.0,XRP-USD,6h
2020-06-16 18:00:00,0.1908,0.1925,0.191,0.1924,6499832.0,XRP-USD,6h
2020-06-17 00:00:00,0.1909,0.1926,0.1925,0.1915,6525154.0,XRP-USD,6h
2020-06-17 06:00:00,0.1915,0.1959,0.1915,0.1952,7700606.0,XRP-USD,6h
2020-06-17 12:00:00,0.1893,0.199,0.1951,0.192,24425717.0,XRP-USD,6h
2020-06-17 18:00:00,0.1883,0.1935,0.192,0.1931,8292128.0,XRP-USD,6h
2020-06-18 00:00:00,0.1908,0.1932,0.1932,0.1916,6976339.0,XRP-USD,6h
2020-06-18 06:00:00,0.1902,0.1924,0.1915,0.1914,5703044.0,XRP-USD,6h
2020-06-18 12:00:00,0.1882,0.192,0.1914,0.1898,15551516.0,XRP-USD,6h
2020-06-18 18:00:00,0.188,0.1906,0.19,0.1897,9871687.0,XRP-USD,6h
2020-06-19 00:00:00,0.1867,0.1899,0.1897,0.1894,10381312.0,XRP-USD,6h
2020-06-19 06:00:00,0.1871,0.1901,0.1894,0.1894,5318113.0,XRP-USD,6h
2020-06-19 12:00:00,0.1871,0.1899,0.1894,0.1876,12230188.0,XRP-USD,6h
2020-06-19 18:00:00,0.1863,0.1881,0.1876,0.1871,9073440.0,XRP-USD,6h
2020-06-20 00:00:00,0.1865,0.1889,0.1871,0.188,5680830.0,XRP-USD,6h
2020-06-20 06:00:00,0.1845,0.1883,0.188,0.1876,6597507.0,XRP-USD,6h
2020-06-20 12:00:00,0.1855,0.188,0.1875,0.1868,4813978.0,XRP-USD,6h
2020-06-20 18:00:00,0.1868,0.189,0.1869,0.188,5741645.0,XRP-USD,6h
2020-06-21 00:00:00,0.1873,0.1885,0.188,0.188,5185523.0,XRP-USD,6h
2020-06-21 06:00:00,0.1868,0.1883,0.188,0.1877,3027602.0,XRP-USD,6h
2020-06-21 12:00:00,0.1867,0.188,0.1876,0.1871,4110201.0,XRP-USD,6h
2020-06-21 18:00:00,0.1855,0.1873,0.187,0.1858,5547310.0,XRP-USD,6h
2020-06-22 00:00:00,0.1852,0.1886,0.1857,0.188,7603374.0,XRP-USD,6h
2020-06-22 06:00:00,0.1872,0.1883,0.1881,0.1878,3248198.0,XRP-USD,6h
2020-06-22 12:00:00,0.1875,0.19,0.1878,0.1893,10947753.0,XRP-USD,6h
2020-06-22 18:00:00,0.1882,0.1908,0.1893,0.1893,10387111.0,XRP-USD,6h
2020-06-23 00:00:00,0.1883,0.1906,0.1893,0.1885,6665554.0,XRP-USD,6h
2020-06-23 06:00:00,0.1882,0.1895,0.1884,0.189,4281585.0,XRP-USD,6h
2020-06-23 12:00:00,0.1884,0.1895,0.1889,0.1893,8214327.0,XRP-USD,6h
2020-06-23 18:00:00,0.1885,0.1898,0.1894,0.1889,8618202.0,XRP-USD,6h
2020-06-24 00:00:00,0.1887,0.1901,0.1889,0.1895,7389444.0,XRP-USD,6h
2020-06-24 06:00:00,0.1813,0.1901,0.1896,0.1831,10931543.494,XRP-USD,6h
2020-06-24 12:00:00,0.1813,0.1851,0.1832,0.1833,14756667.810978,XRP-USD,6h
2020-06-24 18:00:00,0.1822,0.184,0.1831,0.1833,8608853.250933,XRP-USD,6h
2020-06-25 00:00:00,0.1782,0.184,0.1833,0.182,14069581.939622,XRP-USD,6h
2020-06-25 06:00:00,0.1812,0.1838,0.1819,0.1826,5568529.050873,XRP-USD,6h
2020-06-25 12:00:00,0.1809,0.1834,0.1826,0.1824,9029156.9459,XRP-USD,6h
2020-06-25 18:00:00,0.1808,0.1826,0.1823,0.1814,8154810.050642,XRP-USD,6h
2020-06-26 00:00:00,0.1808,0.1835,0.1814,0.1818,7915050.077435,XRP-USD,6h
2020-06-26 06:00:00,0.1781,0.1855,0.1817,0.1853,8968363.542461,XRP-USD,6h
2020-06-26 12:00:00,0.1809,0.1868,0.1852,0.1834,14370216.000392,XRP-USD,6h
2020-06-26 18:00:00,0.1823,0.1839,0.1833,0.1825,7017178.694608,XRP-USD,6h
2020-06-27 00:00:00,0.1816,0.1832,0.1825,0.1829,4599137.755818,XRP-USD,6h
2020-06-27 06:00:00,0.181,0.1833,0.1829,0.1818,2383071.740168,XRP-USD,6h
2020-06-27 12:00:00,0.1787,0.1822,0.182,0.1792,9020109.010722,XRP-USD,6h
2020-06-27 18:00:00,0.169,0.1797,0.1791,0.1751,28426623.4473,XRP-USD,6h
2020-06-28 00:00:00,0.1731,0.1755,0.1751,0.1746,10341131.215335,XRP-USD,6h
2020-06-28 06:00:00,0.1744,0.1795,0.1746,0.1778,4392059.512802,XRP-USD,6h
2020-06-28 12:00:00,0.1759,0.18,0.1777,0.1786,10264793.453156,XRP-USD,6h
2020-06-28 18:00:00,0.1763,0.1789,0.1786,0.1767,6504432.025023,XRP-USD,6h
2020-06-29 00:00:00,0.1762,0.178,0.1768,0.1769,6215676.286066,XRP-USD,6h
2020-06-29 06:00:00,0.1749,0.1769,0.1768,0.1764,4275159.368027,XRP-USD,6h
2020-06-29 12:00:00,0.1752,0.1784,0.1764,0.1776,8565072.111399,XRP-USD,6h
2020-06-29 18:00:00,0.1767,0.1794,0.1778,0.1771,9773449.389217,XRP-USD,6h
2020-06-30 00:00:00,0.1761,0.1779,0.1773,0.1764,6114416.063649,XRP-USD,6h
2020-06-30 06:00:00,0.1758,0.1775,0.1764,0.1769,5794983.510005,XRP-USD,6h
2020-06-30 12:00:00,0.1747,0.177,0.1768,0.1755,7818832.778035,XRP-USD,6h
2020-06-30 18:00:00,0.1748,0.1762,0.1756,0.1753,6771474.098401,XRP-USD,6h
2020-07-01 00:00:00,0.1731,0.176,0.1754,0.1758,7641333.969356,XRP-USD,6h
2020-07-01 06:00:00,0.1747,0.1765,0.1758,0.1757,6204212.290663,XRP-USD,6h
2020-07-01 12:00:00,0.175,0.1783,0.1756,0.1776,12874796.368643,XRP-USD,6h
2020-07-01 18:00:00,0.1757,0.1777,0.1775,0.1766,6951635.289202,XRP-USD,6h
2020-07-02 00:00:00,0.1761,0.1776,0.1765,0.1762,7658228.219329,XRP-USD,6h
2020-07-02 06:00:00,0.1753,0.177,0.1763,0.1761,4199007.226297,XRP-USD,6h
2020-07-02 12:00:00,0.1721,0.1775,0.176,0.1743,16845593.415567,XRP-USD,6h
2020-07-02 18:00:00,0.1731,0.1763,0.1743,0.1749,9696639.366922,XRP-USD,6h
2020-07-03 00:00:00,0.1744,0.1763,0.1748,0.1756,6600297.343848,XRP-USD,6h
2020-07-03 06:00:00,0.1754,0.1787,0.1757,0.177,8063276.218563,XRP-USD,6h
2020-07-03 12:00:00,0.1759,0.1777,0.1769,0.1767,9168173.111539,XRP-USD,6h
2020-07-03 18:00:00,0.1753,0.1777,0.1768,0.1763,7114182.959552,XRP-USD,6h
2020-07-04 00:00:00,0.176,0.1789,0.1761,0.1775,7463983.43789,XRP-USD,6h
2020-07-04 06:00:00,0.1767,0.1783,0.1774,0.1776,3312030.337524,XRP-USD,6h
2020-07-04 12:00:00,0.1767,0.1798,0.1776,0.1791,9697731.836074,XRP-USD,6h
2020-07-04 18:00:00,0.1775,0.1796,0.1791,0.1781,6346416.769502,XRP-USD,6h
2020-07-05 00:00:00,0.1756,0.179,0.1781,0.1758,7763858.615162,XRP-USD,6h
2020-07-05 06:00:00,0.1747,0.1768,0.1758,0.1761,3836449.207164,XRP-USD,6h
2020-07-05 12:00:00,0.1752,0.1768,0.176,0.1761,6513542.417067,XRP-USD,6h
2020-07-05 18:00:00,0.1739,0.1775,0.1762,0.1771,6874999.008959,XRP-USD,6h
2020-07-06 00:00:00,0.1765,0.1788,0.1771,0.1788,7549434.473306,XRP-USD,6h
2020-07-06 06:00:00,0.1787,0.186,0.1788,0.1856,10959607.703195,XRP-USD,6h
2020-07-06 12:00:00,0.1843,0.1885,0.1857,0.1869,19117901.133585,XRP-USD,6h
2020-07-06 18:00:00,0.185,0.1893,0.187,0.1889,13706547.090508,XRP-USD,6h
2020-07-07 00:00:00,0.1865,0.1897,0.1889,0.187,9520282.048311,XRP-USD,6h
2020-07-07 06:00:00,0.1837,0.1871,0.1871,0.1858,5287882.550556,XRP-USD,6h
2020-07-07 12:00:00,0.1844,0.1865,0.1859,0.1861,8812604.771586,XRP-USD,6h
2020-07-07 18:00:00,0.1831,0.1862,0.1861,0.1852,9325262.264453,XRP-USD,6h
2020-07-08 00:00:00,0.1837,0.2008,0.1851,0.1969,38617227.605922,XRP-USD,6h
2020-07-08 06:00:00,0.1968,0.202,0.1968,0.2009,19266130.400982,XRP-USD,6h
2020-07-08 12:00:00,0.1972,0.2035,0.2008,0.2013,22745421.973133,XRP-USD,6h
2020-07-08 18:00:00,0.2003,0.2069,0.2014,0.2058,25455096.118423,XRP-USD,6h
2020-07-09 00:00:00,0.1976,0.2057,0.2057,0.2041,28070116.644723,XRP-USD,6h
2020-07-09 06:00:00,0.2023,0.2083,0.2041,0.2082,16036402.208732,XRP-USD,6h
2020-07-09 12:00:00,0.1966,0.2117,0.208,0.2002,43299277.653618,XRP-USD,6h
2020-07-09 18:00:00,0.1981,0.2028,0.2002,0.2026,12185351.865686,XRP-USD,6h
2020-07-10 00:00:00,0.1924,0.2027,0.2026,0.1952,13881369.385302,XRP-USD,6h
2020-07-10 06:00:00,0.1934,0.1983,0.1951,0.1949,6875919.341759,XRP-USD,6h
2020-07-10 12:00:00,0.195,0.1996,0.195,0.1995,12927603.43256,XRP-USD,6h
2020-07-10 18:00:00,0.1972,0.1997,0.1994,0.199,10193095.564052,XRP-USD,6h
2020-07-11 00:00:00,0.1986,0.2055,0.1991,0.2023,16291775.56453,XRP-USD,6h
2020-07-11 06:00:00,0.1987,0.2035,0.2023,0.1998,6087351.70718,XRP-USD,6h
2020-07-11 12:00:00,0.1992,0.2013,0.1999,0.2,7755715.356114,XRP-USD,6h
2020-07-11 18:00:00,0.1979,0.202,0.2001,0.2011,7618646.419962,XRP-USD,6h
2020-07-12 00:00:00,0.1997,0.2032,0.2012,0.2004,7587048.960614,XRP-USD,6h
2020-07-12 06:00:00,0.1999,0.202,0.2003,0.2007,4060209.044536,XRP-USD,6h
2020-07-12 12:00:00,0.1978,0.204,0.2007,0.1986,13077731.617841,XRP-USD,6h
2020-07-12 18:00:00,0.1978,0.2019,0.1986,0.2012,10878332.133153,XRP-USD,6h
2020-07-13 00:00:00,0.199,0.2018,0.2011,0.2005,14159294.139706,XRP-USD,6h
2020-07-13 06:00:00,0.1993,0.203,0.2005,0.203,7383789.344266,XRP-USD,6h
2020-07-13 12:00:00,0.2013,0.2066,0.203,0.203,19594247.700514,XRP-USD,6h
2020-07-13 18:00:00,0.1922,0.2029,0.2029,0.1986,20216951.228249,XRP-USD,6h
2020-07-14 00:00:00,0.195,0.1986,0.1986,0.1967,8958459.791577,XRP-USD,6h
2020-07-14 06:00:00,0.196,0.1996,0.1967,0.1991,4864025.130067,XRP-USD,6h
2020-07-14 12:00:00,0.1971,0.1996,0.1991,0.1989,10467290.095059,XRP-USD,6h
2020-07-14 18:00:00,0.1979,0.1998,0.1989,0.1991,11088654.912426,XRP-USD,6h
2020-07-15 00:00:00,0.1982,0.1998,0.199,0.1987,6605730.419515,XRP-USD,6h
2020-07-15 06:00:00,0.1964,0.199,0.1987,0.1984,5470380.924841,XRP-USD,6h
2020-07-15 12:00:00,0.1963,0.1991,0.1984,0.1978,11540220.160515,XRP-USD,6h
2020-07-15 18:00:00,0.1964,0.1983,0.1977,0.1971,10956019.399279,XRP-USD,6h
2020-07-16 00:00:00,0.1956,0.1974,0.197,0.1969,10054701.263253,XRP-USD,6h
2020-07-16 06:00:00,0.1882,0.1973,0.1969,0.1899,15685104.258904,XRP-USD,6h
2020-07-16 12:00:00,0.1898,0.1931,0.1899,0.1924,12011415.266154,XRP-USD,6h
2020-07-16 18:00:00,0.191,0.1946,0.1925,0.1943,11101443.155586,XRP-USD,6h
2020-07-17 00:00:00,0.1911,0.1948,0.1944,0.192,9463472.492672,XRP-USD,6h
2020-07-17 06:00:00,0.1917,0.1955,0.1921,0.1955,5532960.70286,XRP-USD,6h
2020-07-17 12:00:00,0.1928,0.1981,0.1956,0.1939,13485992.049091,XRP-USD,6h
2020-07-17 18:00:00,0.1935,0.195,0.1938,0.1946,7874577.302776,XRP-USD,6h
2020-07-18 00:00:00,0.1938,0.1953,0.1945,0.195,9623849.249751,XRP-USD,6h
2020-07-18 06:00:00,0.1941,0.1964,0.195,0.1959,4212314.259302,XRP-USD,6h
2020-07-18 12:00:00,0.1955,0.2025,0.1959,0.2016,19001270.072877,XRP-USD,6h
2020-07-18 18:00:00,0.1994,0.202,0.2016,0.2,12309374.71149,XRP-USD,6h
2020-07-19 00:00:00,0.1968,0.202,0.2,0.1971,8409343.005674,XRP-USD,6h
2020-07-19 06:00:00,0.196,0.1986,0.1972,0.197,4008634.581496,XRP-USD,6h
2020-07-19 12:00:00,0.1959,0.1984,0.197,0.1981,6928674.013442,XRP-USD,6h
2020-07-19 18:00:00,0.1981,0.2004,0.1982,0.1998,9497764.273788,XRP-USD,6h
2020-07-20 00:00:00,0.1979,0.2003,0.1998,0.1996,8193715.578185,XRP-USD,6h
2020-07-20 06:00:00,0.1968,0.1997,0.1997,0.1974,4398710.457485,XRP-USD,6h
2020-07-20 12:00:00,0.1965,0.1985,0.1973,0.1981,8144455.364092,XRP-USD,6h
2020-07-20 18:00:00,0.1918,0.1983,0.198,0.1948,14945393.190645,XRP-USD,6h
2020-07-21 00:00:00,0.194,0.1976,0.1947,0.1972,8032500.398963,XRP-USD,6h
2020-07-21 06:00:00,0.1967,0.2,0.1972,0.1995,8717977.407775,XRP-USD,6h
2020-07-21 12:00:00,0.1973,0.201,0.1996,0.1979,15615818.557655,XRP-USD,6h
2020-07-21 18:00:00,0.1975,0.1998,0.1979,0.1997,8621914.785345,XRP-USD,6h
2020-07-22 00:00:00,0.1977,0.1997,0.1997,0.1979,5672975.097173,XRP-USD,6h
2020-07-22 06:00:00,0.1961,0.199,0.1979,0.1983,3602765.488843,XRP-USD,6h
2020-07-22 12:00:00,0.1973,0.1996,0.1983,0.1995,7978271.676189,XRP-USD,6h
2020-07-22 18:00:00,0.1994,0.205,0.1995,0.2039,22165805.628569,XRP-USD,6h
2020-07-23 00:00:00,0.2019,0.2059,0.2039,0.2024,16453401.312241,XRP-USD,6h
2020-07-23 06:00:00,0.2019,0.2033,0.2024,0.2026,5998997.239802,XRP-USD,6h
2020-07-23 12:00:00,0.2021,0.2106,0.2026,0.2081,33060659.471141,XRP-USD,6h
2020-07-23 18:00:00,0.2063,0.2095,0.2081,0.2088,14642833.731942,XRP-USD,6h
2020-07-24 00:00:00,0.2053,0.2089,0.2088,0.206,10405450.435477,XRP-USD,6h
2020-07-24 06:00:00,0.2021,0.206,0.206,0.2057,5925963.229777,XRP-USD,6h
2020-07-24 12:00:00,0.203,0.2057,0.2057,0.2051,9017181.524555,XRP-USD,6h
2020-07-24 18:00:00,0.2039,0.2076,0.2052,0.2043,11244179.235175,XRP-USD,6h
2020-07-25 00:00:00,0.2039,0.2096,0.2044,0.2084,11970317.578039,XRP-USD,6h
2020-07-25 06:00:00,0.2067,0.2087,0.2083,0.2072,3910972.092891,XRP-USD,6h
2020-07-25 12:00:00,0.2065,0.2123,0.2071,0.2111,15097921.517638,XRP-USD,6h
2020-07-25 18:00:00,0.2105,0.218,0.2111,0.215,33442905.939221,XRP-USD,6h
2020-07-26 00:00:00,0.213,0.2221,0.215,0.2207,26621127.872635,XRP-USD,6h
2020-07-26 06:00:00,0.2149,0.2253,0.2206,0.2162,18896790.531522,XRP-USD,6h
2020-07-26 12:00:00,0.2131,0.2194,0.2162,0.2174,16107804.080323,XRP-USD,6h
2020-07-26 18:00:00,0.2151,0.2174,0.2174,0.2155,9987298.886777,XRP-USD,6h
2020-07-27 00:00:00,0.2153,0.2207,0.2155,0.2162,19031081.690494,XRP-USD,6h
2020-07-27 06:00:00,0.2158,0.2202,0.2163,0.2202,8263925.184372,XRP-USD,6h
2020-07-27 12:00:00,0.2091,0.2236,0.2202,0.2231,35954892.301639,XRP-USD,6h
2020-07-27 18:00:00,0.2209,0.2299,0.2231,0.2248,49792854.864246,XRP-USD,6h
2020-07-28 00:00:00,0.221,0.2277,0.2248,0.2228,25948568.948755,XRP-USD,6h
2020-07-28 06:00:00,0.217,0.2235,0.2228,0.2205,11344150.604868,XRP-USD,6h
2020-07-28 12:00:00,0.2193,0.2296,0.2206,0.2259,28109131.290316,XRP-USD,6h
2020-07-28 18:00:00,0.2252,0.235,0.2259,0.2309,35887247.564887,XRP-USD,6h
2020-07-29 00:00:00,0.2296,0.2447,0.2309,0.2419,41935934.159185,XRP-USD,6h
2020-07-29 06:00:00,0.2371,0.2437,0.242,0.2418,18083623.332431,XRP-USD,6h
2020-07-29 12:00:00,0.2364,0.2423,0.2419,0.2379,27280446.496591,XRP-USD,6h
2020-07-29 18:00:00,0.2378,0.251,0.2378,0.2437,39429467.626275,XRP-USD,6h
2020-07-30 00:00:00,0.2343,0.2437,0.2436,0.2403,26703344.545972,XRP-USD,6h
2020-07-30 06:00:00,0.2385,0.2478,0.2403,0.2421,10179497.203908,XRP-USD,6h
2020-07-30 12:00:00,0.2393,0.2454,0.2421,0.2438,17224001.197635,XRP-USD,6h
2020-07-30 18:00:00,0.2431,0.25,0.2438,0.2444,21149858.230875,XRP-USD,6h
2020-07-31 00:00:00,0.2421,0.2469,0.2444,0.2447,12664247.264218,XRP-USD,6h
2020-07-31 06:00:00,0.2439,0.2476,0.2447,0.2465,7175241.303945,XRP-USD,6h
2020-07-31 12:00:00,0.2448,0.2555,0.2466,0.2513,28919503.840813,XRP-USD,6h
2020-07-31 18:00:00,0.2507,0.2613,0.2513,0.26,34087883.286026,XRP-USD,6h
2020-08-01 00:00:00,0.2561,0.2699,0.2601,0.2664,35236136.616102,XRP-USD,6h
2020-08-01 06:00:00,0.264,0.272,0.2664,0.2711,23472382.698599,XRP-USD,6h
2020-08-01 12:00:00,0.2622,0.29,0.2711,0.2899,55402262.165543,XRP-USD,6h
2020-08-01 18:00:00,0.2801,0.2985,0.2899,0.2913,90977732.216684,XRP-USD,6h
2020-08-02 00:00:00,0.2439,0.328,0.2912,0.2834,149699556.188449,XRP-USD,6h
2020-08-02 06:00:00,0.273,0.3088,0.2835,0.2819,52600262.717392,XRP-USD,6h
2020-08-02 12:00:00,0.2718,0.3005,0.2821,0.2963,47235261.63858,XRP-USD,6h
2020-08-02 18:00:00,0.2803,0.2966,0.2961,0.2881,36190879.923368,XRP-USD,6h
2020-08-03 00:00:00,0.2839,0.2998,0.2879,0.2964,30038410.127953,XRP-USD,6h
2020-08-03 06:00:00,0.2925,0.3076,0.2965,0.3053,24765287.515792,XRP-USD,6h
2020-08-03 12:00:00,0.3013,0.3189,0.3053,0.3166,67420616.400733,XRP-USD,6h
2020-08-03 18:00:00,0.3035,0.32,0.3166,0.3104,59169046.202072,XRP-USD,6h
2020-08-04 00:00:00,0.308,0.3194,0.3104,0.3114,36080747.150166,XRP-USD,6h
2020-08-04 06:00:00,0.2939,0.3145,0.3113,0.2993,19378664.08187,XRP-USD,6h
2020-08-04 12:00:00,0.2911,0.3046,0.2995,0.3016,43365811.403935,XRP-USD,6h
2020-08-04 18:00:00,0.2961,0.3045,0.3017,0.3017,26212192.018874,XRP-USD,6h
2020-08-05 00:00:00,0.2902,0.3029,0.3016,0.2969,30765309.668382,XRP-USD,6h
2020-08-05 06:00:00,0.2967,0.3063,0.297,0.3057,12810070.532676,XRP-USD,6h
2020-08-05 12:00:00,0.2998,0.3084,0.3057,0.3039,25160663.762933,XRP-USD,6h
2020-08-05 18:00:00,0.2979,0.3074,0.3039,0.3028,23561551.355998,XRP-USD,6h
2020-08-06 00:00:00,0.2976,0.3041,0.3028,0.2999,15692986.968525,XRP-USD,6h
2020-08-06 06:00:00,0.2977,0.3027,0.2998,0.299,7683651.242194,XRP-USD,6h
2020-08-06 12:00:00,0.2989,0.3115,0.2991,0.3079,28753806.089451,XRP-USD,6h
2020-08-06 18:00:00,0.3005,0.3099,0.308,0.3034,20968001.067015,XRP-USD,6h
2020-08-07 00:00:00,0.3021,0.3071,0.3034,0.3032,14050689.440243,XRP-USD,6h
2020-08-07 06:00:00,0.302,0.3103,0.3032,0.3062,9776801.400565,XRP-USD,6h
2020-08-07 12:00:00,0.278,0.3078,0.3062,0.2895,49179766.306299,XRP-USD,6h
2020-08-07 18:00:00,0.2832,0.2969,0.2895,0.2949,33297844.185658,XRP-USD,6h
2020-08-08 00:00:00,0.2907,0.2967,0.2948,0.2946,14784361.470602,XRP-USD,6h
2020-08-08 06:00:00,0.2923,0.299,0.2948,0.2984,6301887.721407,XRP-USD,6h
2020-08-08 12:00:00,0.2909,0.2991,0.2985,0.2948,20674768.272281,XRP-USD,6h
2020-08-08 18:00:00,0.2902,0.2956,0.2947,0.2954,22536933.782247,XRP-USD,6h
2020-08-09 00:00:00,0.2927,0.299,0.2954,0.2928,18188075.334562,XRP-USD,6h
2020-08-09 06:00:00,0.2887,0.2951,0.2927,0.2923,8671964.705413,XRP-USD,6h
2020-08-09 12:00:00,0.2825,0.2923,0.2922,0.2836,30708918.698074,XRP-USD,6h
2020-08-09 18:00:00,0.2834,0.2908,0.2836,0.288,22373315.022196,XRP-USD,6h
2020-08-10 00:00:00,0.288,0.2962,0.288,0.2954,25018329.838454,XRP-USD,6h
2020-08-10 06:00:00,0.2848,0.3006,0.2954,0.2919,15888779.69084,XRP-USD,6h
2020-08-10 12:00:00,0.2915,0.2964,0.2919,0.2949,22049068.03706,XRP-USD,6h
2020-08-10 18:00:00,0.2918,0.2979,0.2948,0.2949,19015273.73861,XRP-USD,6h
2020-08-11 00:00:00,0.2946,0.308,0.2948,0.3024,35435617.424239,XRP-USD,6h
2020-08-11 06:00:00,0.2922,0.3023,0.3023,0.2993,11151380.571755,XRP-USD,6h
2020-08-11 12:00:00,0.2836,0.2992,0.2992,0.2906,37515171.976602,XRP-USD,6h
2020-08-11 18:00:00,0.2672,0.2913,0.2904,0.2831,43640069.266797,XRP-USD,6h
2020-08-12 00:00:00,0.2751,0.2832,0.2831,0.276,21341016.168043,XRP-USD,6h
2020-08-12 06:00:00,0.2716,0.2874,0.2759,0.2842,13918089.585291,XRP-USD,6h
2020-08-12 12:00:00,0.279,0.2871,0.2843,0.2812,31696118.66488,XRP-USD,6h
2020-08-12 18:00:00,0.2795,0.2832,0.2812,0.2823,26180332.538175,XRP-USD,6h
2020-08-13 00:00:00,0.2804,0.2863,0.2825,0.2813,27422430.87671,XRP-USD,6h
2020-08-13 06:00:00,0.2719,0.2813,0.2812,0.2798,17260310.174811,XRP-USD,6h
2020-08-13 12:00:00,0.2756,0.282,0.2797,0.2804,27772332.781039,XRP-USD,6h
2020-08-13 18:00:00,0.278,0.2961,0.2805,0.2949,56532706.079077,XRP-USD,6h
2020-08-14 00:00:00,0.2899,0.3017,0.2949,0.2932,38754038.255423,XRP-USD,6h
2020-08-14 06:00:00,0.2911,0.2969,0.2932,0.2964,15042176.694806,XRP-USD,6h
2020-08-14 12:00:00,0.2934,0.3039,0.2966,0.3016,36323927.459555,XRP-USD,6h
2020-08-14 18:00:00,0.2986,0.3077,0.3015,0.3004,40289628.764625,XRP-USD,6h
2020-08-15 00:00:00,0.2966,0.3057,0.3004,0.2989,22590497.884584,XRP-USD,6h
2020-08-15 06:00:00,0.2956,0.3024,0.2989,0.2959,10295551.905377,XRP-USD,6h
2020-08-15 12:00:00,0.2916,0.305,0.2959,0.3019,28890800.105784,XRP-USD,6h
2020-08-15 18:00:00,0.2971,0.3046,0.3018,0.2991,30259532.092345,XRP-USD,6h
2020-08-16 00:00:00,0.2951,0.305,0.2991,0.3018,20979799.389224,XRP-USD,6h
2020-08-16 06:00:00,0.2945,0.3022,0.3017,0.2958,18040604.705843,XRP-USD,6h
2020-08-16 12:00:00,0.2921,0.3018,0.2958,0.298,29493677.25702,XRP-USD,6h
2020-08-16 18:00:00,0.2957,0.3046,0.298,0.3046,25361600.381953,XRP-USD,6h
2020-08-17 00:00:00,0.2972,0.306,0.3046,0.2992,22534263.699265,XRP-USD,6h
2020-08-17 06:00:00,0.2982,0.3046,0.2993,0.3042,14346316.237978,XRP-USD,6h
2020-08-17 12:00:00,0.3018,0.3283,0.3042,0.327,94587093.160049,XRP-USD,6h
2020-08-17 18:00:00,0.3118,0.3274,0.327,0.3159,57974685.934511,XRP-USD,6h
2020-08-18 00:00:00,0.3126,0.3219,0.316,0.315,32719024.590124,XRP-USD,6h
2020-08-18 06:00:00,0.3062,0.3177,0.3149,0.3066,20172883.854256,XRP-USD,6h
2020-08-18 12:00:00,0.2974,0.3111,0.3065,0.3047,54567994.016684,XRP-USD,6h
2020-08-18 18:00:00,0.302,0.3091,0.3047,0.3027,17827836.224774,XRP-USD,6h
2020-08-19 00:00:00,0.2862,0.3063,0.3026,0.2895,35248488.120084,XRP-USD,6h
2020-08-19 06:00:00,0.2851,0.2954,0.2895,0.2934,19678917.310785,XRP-USD,6h
2020-08-19 12:00:00,0.2862,0.2969,0.2934,0.2917,27853982.142032,XRP-USD,6h
2020-08-19 18:00:00,0.279,0.2925,0.2917,0.29,31910309.087777,XRP-USD,6h
2020-08-20 00:00:00,0.2865,0.293,0.2899,0.2865,16698924.937106,XRP-USD,6h
2020-08-20 06:00:00,0.2842,0.2916,0.2866,0.2914,11712755.404514,XRP-USD,6h
2020-08-20 12:00:00,0.2901,0.2949,0.2915,0.2905,24420053.620907,XRP-USD,6h
2020-08-20 18:00:00,0.29,0.2932,0.2907,0.2921,26049042.785271,XRP-USD,6h
2020-08-21 00:00:00,0.2868,0.2962,0.2923,0.2934,37420908.800772,XRP-USD,6h
2020-08-21 06:00:00,0.2854,0.2943,0.2935,0.2868,15758313.162587,XRP-USD,6h
2020-08-21 12:00:00,0.282,0.2886,0.2866,0.2847,29204027.479564,XRP-USD,6h
2020-08-21 18:00:00,0.277,0.2856,0.2847,0.2794,27380074.242333,XRP-USD,6h
2020-08-22 00:00:00,0.2731,0.2797,0.2794,0.2792,23602844.432965,XRP-USD,6h
2020-08-22 06:00:00,0.2783,0.2825,0.2792,0.2792,8062143.850139,XRP-USD,6h
2020-08-22 12:00:00,0.2788,0.2819,0.2791,0.2806,15883605.835952,XRP-USD,6h
2020-08-22 18:00:00,0.2799,0.2869,0.2806,0.2862,17749692.816112,XRP-USD,6h
2020-08-23 00:00:00,0.2801,0.2883,0.2863,0.2809,13017071.618662,XRP-USD,6h
2020-08-23 06:00:00,0.2773,0.2833,0.2809,0.2786,7247942.837285,XRP-USD,6h
2020-08-23 12:00:00,0.2785,0.2842,0.2786,0.283,11518551.344561,XRP-USD,6h
2020-08-23 18:00:00,0.2825,0.2878,0.283,0.285,17257071.974683,XRP-USD,6h
2020-08-24 00:00:00,0.2823,0.2863,0.285,0.2854,11309508.337897,XRP-USD,6h
2020-08-24 06:00:00,0.2846,0.2922,0.2853,0.2906,9050341.250847,XRP-USD,6h
2020-08-24 12:00:00,0.2864,0.2919,0.2905,0.2882,15070495.848694,XRP-USD,6h
2020-08-24 18:00:00,0.2856,0.2899,0.2882,0.2887,12723276.878008,XRP-USD,6h
2020-08-25 00:00:00,0.2853,0.2895,0.2887,0.2866,9403775.621228,XRP-USD,6h
2020-08-25 06:00:00,0.2817,0.2867,0.2866,0.2859,6656045.8376,XRP-USD,6h
2020-08-25 12:00:00,0.2715,0.2859,0.2858,0.2733,35295451.363161,XRP-USD,6h
2020-08-25 18:00:00,0.2702,0.2783,0.2732,0.2766,23751962.82355,XRP-USD,6h
2020-08-26 00:00:00,0.2746,0.2796,0.2765,0.2785,10956556.136854,XRP-USD,6h
2020-08-26 06:00:00,0.2751,0.2788,0.2785,0.2771,9404229.77134,XRP-USD,6h
2020-08-26 12:00:00,0.2741,0.281,0.2772,0.2771,29332547.255845,XRP-USD,6h
2020-08-26 18:00:00,0.2762,0.2793,0.2771,0.2765,13229820.791914,XRP-USD,6h
2020-08-27 00:00:00,0.2732,0.2786,0.2766,0.274,10802121.834897,XRP-USD,6h
2020-08-27 06:00:00,0.2687,0.2755,0.274,0.269,7906364.901855,XRP-USD,6h
2020-08-27 12:00:00,0.2549,0.2759,0.269,0.2584,43347202.66124,XRP-USD,6h
2020-08-27 18:00:00,0.2579,0.265,0.2584,0.2648,20785875.904993,XRP-USD,6h
2020-08-28 00:00:00,0.2602,0.2679,0.2649,0.2665,13045049.018822,XRP-USD,6h
2020-08-28 06:00:00,0.2644,0.2695,0.2666,0.2695,10320542.563892,XRP-USD,6h
2020-08-28 12:00:00,0.267,0.2725,0.2695,0.2702,21029994.932825,XRP-USD,6h
2020-08-28 18:00:00,0.2697,0.2735,0.2702,0.272,15697466.461096,XRP-USD,6h
2020-08-29 00:00:00,0.2691,0.2731,0.272,0.2705,10851175.991727,XRP-USD,6h
2020-08-29 06:00:00,0.2702,0.277,0.2704,0.2728,8718456.283764,XRP-USD,6h
2020-08-29 12:00:00,0.2713,0.2758,0.2728,0.2745,12649114.669999,XRP-USD,6h
2020-08-29 18:00:00,0.2739,0.2764,0.2746,0.2741,9074526.360682,XRP-USD,6h
2020-08-30 00:00:00,0.2739,0.2784,0.274,0.2759,17302897.140611,XRP-USD,6h
2020-08-30 06:00:00,0.2743,0.2771,0.2759,0.2769,8620504.760378,XRP-USD,6h
2020-08-30 12:00:00,0.2759,0.2835,0.2768,0.2823,33503028.527128,XRP-USD,6h
2020-08-30 18:00:00,0.28,0.284,0.2824,0.2832,17776259.312195,XRP-USD,6h
2020-08-31 00:00:00,0.2826,0.2846,0.2832,0.2827,12314022.598447,XRP-USD,6h
2020-08-31 06:00:00,0.2784,0.2827,0.2826,0.282,24704361.175809,XRP-USD,6h
2020-08-31 12:00:00,0.2784,0.2832,0.2819,0.2827,36509924.773242,XRP-USD,6h
2020-08-31 18:00:00,0.2787,0.2837,0.2827,0.2814,17252011.571641,XRP-USD,6h
2020-09-01 00:00:00,0.2761,0.2914,0.2814,0.2911,19118745.20885,XRP-USD,6h
2020-09-01 06:00:00,0.289,0.2955,0.2911,0.2904,17961309.527814,XRP-USD,6h
2020-09-01 12:00:00,0.2869,0.2953,0.2903,0.2903,22668566.84983,XRP-USD,6h
2020-09-01 18:00:00,0.2902,0.2989,0.2902,0.2954,21634177.205176,XRP-USD,6h
2020-09-02 00:00:00,0.2951,0.3039,0.2952,0.2982,28208214.743534,XRP-USD,6h
2020-09-02 06:00:00,0.2635,0.2983,0.2982,0.2786,38739428.602448,XRP-USD,6h
2020-09-02 12:00:00,0.2672,0.2804,0.2785,0.2729,29186195.097516,XRP-USD,6h
2020-09-02 18:00:00,0.272,0.2785,0.2729,0.2762,13241873.53973,XRP-USD,6h
2020-09-03 00:00:00,0.2692,0.2768,0.2762,0.2704,13841420.181151,XRP-USD,6h
2020-09-03 06:00:00,0.2653,0.2746,0.2703,0.2665,12834805.538779,XRP-USD,6h
2020-09-03 12:00:00,0.255,0.2672,0.2665,0.2595,52743566.137552,XRP-USD,6h
2020-09-03 18:00:00,0.2389,0.2665,0.2596,0.2453,47995719.763367,XRP-USD,6h
2020-09-04 00:00:00,0.2403,0.2518,0.2448,0.2498,37198935.914159,XRP-USD,6h
2020-09-04 06:00:00,0.2443,0.266,0.2498,0.2573,22201215.483648,XRP-USD,6h
2020-09-04 12:00:00,0.2409,0.2598,0.2574,0.2524,35758958.930074,XRP-USD,6h
2020-09-04 18:00:00,0.25,0.2578,0.2522,0.2549,18823889.917928,XRP-USD,6h
2020-09-05 00:00:00,0.2518,0.2586,0.2549,0.2521,11868687.764673,XRP-USD,6h
2020-09-05 06:00:00,0.2425,0.2554,0.252,0.2457,10098284.289244,XRP-USD,6h
2020-09-05 12:00:00,0.2379,0.2499,0.2456,0.2414,36138436.506363,XRP-USD,6h
2020-09-05 18:00:00,0.2311,0.2429,0.2413,0.2376,55425604.938765,XRP-USD,6h
2020-09-06 00:00:00,0.2311,0.2389,0.2376,0.2334,15469919.646117,XRP-USD,6h
2020-09-06 06:00:00,0.23,0.241,0.2334,0.2404,11815644.493479,XRP-USD,6h
2020-09-06 12:00:00,0.2345,0.2436,0.2403,0.2375,17960852.486398,XRP-USD,6h
2020-09-06 18:00:00,0.2359,0.2433,0.2375,0.2401,22005303.45299,XRP-USD,6h
2020-09-07 00:00:00,0.235,0.2431,0.24,0.2351,11482016.137157,XRP-USD,6h
2020-09-07 06:00:00,0.2322,0.2386,0.2351,0.2349,9182103.301704,XRP-USD,6h
2020-09-07 12:00:00,0.23,0.2411,0.235,0.2398,19102326.220731,XRP-USD,6h
2020-09-07 18:00:00,0.2363,0.243,0.2397,0.2422,12456826.716282,XRP-USD,6h
2020-09-08 00:00:00,0.2397,0.2437,0.2423,0.2402,8857004.628505,XRP-USD,6h
2020-09-08 06:00:00,0.2316,0.2416,0.24,0.2334,11375404.28566,XRP-USD,6h
2020-09-08 12:00:00,0.2315,0.2394,0.2334,0.2391,14603880.88499,XRP-USD,6h
2020-09-08 18:00:00,0.2312,0.2395,0.2392,0.2367,22625237.992039,XRP-USD,6h
2020-09-09 00:00:00,0.233,0.2381,0.2367,0.2374,9850254.724487,XRP-USD,6h
2020-09-09 06:00:00,0.2365,0.2407,0.2375,0.2398,6658292.842823,XRP-USD,6h
2020-09-09 12:00:00,0.238,0.2421,0.2398,0.2411,12469434.123134,XRP-USD,6h
2020-09-09 18:00:00,0.2376,0.243,0.2411,0.2392,13417525.809776,XRP-USD,6h
2020-09-10 00:00:00,0.2389,0.248,0.2392,0.2469,18719916.494432,XRP-USD,6h
2020-09-10 06:00:00,0.2423,0.248,0.2468,0.2443,6927163.109818,XRP-USD,6h
2020-09-10 12:00:00,0.2437,0.2489,0.2444,0.2449,14318369.948911,XRP-USD,6h
2020-09-10 18:00:00,0.2413,0.2456,0.2448,0.2433,11286090.213653,XRP-USD,6h
2020-09-11 00:00:00,0.2369,0.2447,0.2433,0.2401,10761688.168002,XRP-USD,6h
2020-09-11 06:00:00,0.2397,0.2427,0.2403,0.2407,4593896.344293,XRP-USD,6h
2020-09-11 12:00:00,0.2399,0.2421,0.2406,0.2418,8579125.538359,XRP-USD,6h
2020-09-11 18:00:00,0.2414,0.2445,0.2416,0.2428,9199332.324971,XRP-USD,6h
2020-09-12 00:00:00,0.2411,0.2433,0.2427,0.2432,7174873.489187,XRP-USD,6h
2020-09-12 06:00:00,0.2414,0.2432,0.2432,0.2424,1999870.229176,XRP-USD,6h
2020-09-12 12:00:00,0.2402,0.2436,0.2424,0.2435,5096622.110736,XRP-USD,6h
2020-09-12 18:00:00,0.2434,0.2489,0.2435,0.2476,16721558.339501,XRP-USD,6h
2020-09-13 00:00:00,0.2471,0.2536,0.2476,0.2517,9428419.707366,XRP-USD,6h
2020-09-13 06:00:00,0.2439,0.2528,0.2517,0.2451,6838824.966166,XRP-USD,6h
2020-09-13 12:00:00,0.2375,0.2454,0.2448,0.2404,16442989.41479,XRP-USD,6h
2020-09-13 18:00:00,0.2387,0.2422,0.2403,0.2422,6805833.081973,XRP-USD,6h
2020-09-14 00:00:00,0.2393,0.2441,0.2421,0.2429,7172154.990099,XRP-USD,6h
2020-09-14 06:00:00,0.2422,0.2458,0.243,0.2452,6813509.815414,XRP-USD,6h
2020-09-14 12:00:00,0.2438,0.2486,0.2452,0.2461,12471298.575448,XRP-USD,6h
2020-09-14 18:00:00,0.2446,0.2479,0.2461,0.2458,13583960.043453,XRP-USD,6h
2020-09-15 00:00:00,0.2452,0.2494,0.2458,0.247,8776443.488916,XRP-USD,6h
2020-09-15 06:00:00,0.2425,0.2484,0.2469,0.2478,8461433.061688,XRP-USD,6h
2020-09-15 12:00:00,0.2433,0.2488,0.248,0.2457,15247491.18772,XRP-USD,6h
2020-09-15 18:00:00,0.2424,0.2459,0.2457,0.2432,11083122.847565,XRP-USD,6h
2020-09-16 00:00:00,0.2343,0.2432,0.2432,0.2415,21302800.690701,XRP-USD,6h
2020-09-16 06:00:00,0.2407,0.245,0.2415,0.2433,3940548.072874,XRP-USD,6h
2020-09-16 12:00:00,0.2411,0.2455,0.2432,0.2447,9749512.918586,XRP-USD,6h
2020-09-16 18:00:00,0.2427,0.2512,0.2447,0.2469,18072658.812776,XRP-USD,6h
2020-09-17 00:00:00,0.2468,0.2585,0.2468,0.2528,24680403.77021,XRP-USD,6h
2020-09-17 06:00:00,0.2463,0.2528,0.2527,0.2515,9156179.78371,XRP-USD,6h
2020-09-17 12:00:00,0.2475,0.2518,0.2515,0.2507,9863623.961284,XRP-USD,6h
2020-09-17 18:00:00,0.2506,0.2555,0.2507,0.2523,16428769.727596,XRP-USD,6h
2020-09-18 00:00:00,0.2505,0.254,0.2522,0.2528,11163509.511064,XRP-USD,6h
2020-09-18 06:00:00,0.2524,0.2552,0.2529,0.2531,8762184.32101,XRP-USD,6h
2020-09-18 12:00:00,0.2463,0.2538,0.2532,0.2471,22759131.056056,XRP-USD,6h
2020-09-18 18:00:00,0.246,0.2515,0.247,0.2507,20436628.17781,XRP-USD,6h
2020-09-19 00:00:00,0.2482,0.2511,0.2508,0.2488,9692076.332501,XRP-USD,6h
2020-09-19 06:00:00,0.2476,0.2547,0.2487,0.2539,7637447.495794,XRP-USD,6h
2020-09-19 12:00:00,0.2507,0.2549,0.2539,0.2516,13611916.758549,XRP-USD,6h
2020-09-19 18:00:00,0.2496,0.2519,0.2517,0.2509,12013884.326477,XRP-USD,6h
2020-09-20 00:00:00,0.2488,0.2512,0.2508,0.2495,11515094.707203,XRP-USD,6h
2020-09-20 06:00:00,0.2488,0.2503,0.2495,0.2493,2387473.157618,XRP-USD,6h
2020-09-20 12:00:00,0.2425,0.2495,0.2495,0.2465,14314739.093851,XRP-USD,6h
2020-09-20 18:00:00,0.2439,0.247,0.2466,0.2465,8508952.281451,XRP-USD,6h
2020-09-21 00:00:00,0.2442,0.2481,0.2466,0.2471,23192261.201937,XRP-USD,6h
2020-09-21 06:00:00,0.2364,0.2477,0.2471,0.2378,17424448.125806,XRP-USD,6h
2020-09-21 12:00:00,0.2292,0.2384,0.2378,0.2297,30140823.733483,XRP-USD,6h
2020-09-21 18:00:00,0.2295,0.2338,0.2297,0.2312,13694198.687975,XRP-USD,6h
2020-09-22 00:00:00,0.2294,0.2345,0.2312,0.2342,9545616.466055,XRP-USD,6h
2020-09-22 06:00:00,0.2297,0.2346,0.2342,0.2317,6539070.562683,XRP-USD,6h
2020-09-22 12:00:00,0.2298,0.2331,0.2317,0.232,14384693.947018,XRP-USD,6h
2020-09-22 18:00:00,0.2312,0.2345,0.232,0.2331,10980986.518244,XRP-USD,6h
2020-09-23 00:00:00,0.2313,0.2339,0.2332,0.233,6307804.086948,XRP-USD,6h
2020-09-23 06:00:00,0.2307,0.2332,0.2329,0.2323,4241701.519829,XRP-USD,6h
2020-09-23 12:00:00,0.2303,0.2352,0.2324,0.2308,11764474.164227,XRP-USD,6h
2020-09-23 18:00:00,0.2204,0.2313,0.2309,0.2215,36479367.14737,XRP-USD,6h
2020-09-24 00:00:00,0.2195,0.2243,0.2216,0.2233,13500358.231973,XRP-USD,6h
2020-09-24 06:00:00,0.2215,0.2272,0.2233,0.2265,8895697.644754,XRP-USD,6h
2020-09-24 12:00:00,0.2234,0.233,0.2267,0.2314,17064315.503972,XRP-USD,6h
2020-09-24 18:00:00,0.2303,0.2342,0.2314,0.2329,13801633.547939,XRP-USD,6h
2020-09-25 00:00:00,0.2311,0.2337,0.2329,0.2313,6855795.296699,XRP-USD,6h
2020-09-25 06:00:00,0.2297,0.239,0.2313,0.238,7568961.546242,XRP-USD,6h
2020-09-25 12:00:00,0.2353,0.2418,0.2381,0.2414,13075367.463943,XRP-USD,6h
2020-09-25 18:00:00,0.241,0.2454,0.2414,0.2417,17470628.592926,XRP-USD,6h
2020-09-26 00:00:00,0.2416,0.2456,0.2417,0.2437,8425518.969753,XRP-USD,6h
2020-09-26 06:00:00,0.2385,0.2453,0.2435,0.2411,6482293.628445,XRP-USD,6h
2020-09-26 12:00:00,0.2378,0.2433,0.241,0.2423,7065150.539108,XRP-USD,6h
2020-09-26 18:00:00,0.2409,0.2429,0.2424,0.2417,6204419.879975,XRP-USD,6h
2020-09-27 00:00:00,0.2412,0.2447,0.2416,0.244,6821837.952005,XRP-USD,6h
2020-09-27 06:00:00,0.2383,0.2442,0.244,0.2385,4923259.406844,XRP-USD,6h
2020-09-27 12:00:00,0.2375,0.2428,0.2384,0.2414,6543611.428128,XRP-USD,6h
2020-09-27 18:00:00,0.2408,0.2434,0.2415,0.2433,4800479.203822,XRP-USD,6h
2020-09-28 00:00:00,0.2433,0.2465,0.2434,0.2438,9426767.542062,XRP-USD,6h
2020-09-28 06:00:00,0.2425,0.2452,0.2438,0.244,4252971.986883,XRP-USD,6h
2020-09-28 12:00:00,0.2433,0.247,0.2439,0.246,10458309.300263,XRP-USD,6h
2020-09-28 18:00:00,0.2398,0.2487,0.246,0.2409,13662510.551699,XRP-USD,6h
2020-09-29 00:00:00,0.24,0.2426,0.241,0.2409,6317041.126989,XRP-USD,6h
2020-09-29 06:00:00,0.2407,0.2465,0.2408,0.2459,3284696.877093,XRP-USD,6h
2020-09-29 12:00:00,0.2384,0.246,0.2459,0.2396,10904304.814117,XRP-USD,6h
2020-09-29 18:00:00,0.2389,0.2436,0.2395,0.2427,8566744.825352,XRP-USD,6h
2020-09-30 00:00:00,0.2392,0.2428,0.2428,0.2394,5552993.893021,XRP-USD,6h
2020-09-30 06:00:00,0.2382,0.2412,0.2393,0.2387,3902521.200567,XRP-USD,6h
2020-09-30 12:00:00,0.2376,0.2421,0.2386,0.2414,6676568.612018,XRP-USD,6h
2020-09-30 18:00:00,0.2383,0.2425,0.2414,0.2418,7871657.849274,XRP-USD,6h
2020-10-01 00:00:00,0.2412,0.2431,0.242,0.2421,6283116.744226,XRP-USD,6h
2020-10-01 06:00:00,0.2416,0.2444,0.2422,0.2442,5067734.282646,XRP-USD,6h
2020-10-01 12:00:00,0.2337,0.2444,0.2443,0.2347,15863034.08865,XRP-USD,6h
2020-10-01 18:00:00,0.2343,0.2387,0.2346,0.2381,8412122.951447,XRP-USD,6h
2020-10-02 00:00:00,0.2317,0.2394,0.2381,0.2324,7574714.641237,XRP-USD,6h
2020-10-02 06:00:00,0.2286,0.2341,0.2323,0.2298,11414078.233832,XRP-USD,6h
2020-10-02 12:00:00,0.2286,0.2335,0.2298,0.2324,13314379.122896,XRP-USD,6h
2020-10-02 18:00:00,0.2314,0.2344,0.2326,0.2341,8867749.2523,XRP-USD,6h
2020-10-03 00:00:00,0.2329,0.2349,0.2342,0.2339,4539233.006746,XRP-USD,6h
2020-10-03 06:00:00,0.2327,0.235,0.2339,0.2344,2640996.627733,XRP-USD,6h
2020-10-03 12:00:00,0.2331,0.2345,0.2344,0.2345,3824826.304262,XRP-USD,6h
2020-10-03 18:00:00,0.2327,0.2349,0.2344,0.233,6074799.013098,XRP-USD,6h
2020-10-04 00:00:00,0.2317,0.2336,0.2329,0.2323,3349692.642423,XRP-USD,6h
2020-10-04 06:00:00,0.2319,0.2348,0.2323,0.2334,2945602.257051,XRP-USD,6h
2020-10-04 12:00:00,0.2329,0.2465,0.2333,0.2451,19699133.857663,XRP-USD,6h
2020-10-04 18:00:00,0.245,0.25,0.2451,0.2481,18824462.036612,XRP-USD,6h
2020-10-05 00:00:00,0.248,0.2544,0.248,0.2497,20628379.261653,XRP-USD,6h
2020-10-05 06:00:00,0.2463,0.2499,0.2497,0.2472,7325972.000551,XRP-USD,6h
2020-10-05 12:00:00,0.2471,0.2538,0.2473,0.248,14869200.432915,XRP-USD,6h
2020-10-05 18:00:00,0.2478,0.254,0.2481,0.2507,10326574.919013,XRP-USD,6h
2020-10-06 00:00:00,0.2503,0.2595,0.2507,0.2568,17894085.06688,XRP-USD,6h
2020-10-06 06:00:00,0.2485,0.2578,0.2567,0.2505,10914974.073995,XRP-USD,6h
2020-10-06 12:00:00,0.2452,0.2547,0.2506,0.2517,21829792.387343,XRP-USD,6h
2020-10-06 18:00:00,0.2402,0.2528,0.2517,0.2454,22234968.323888,XRP-USD,6h
2020-10-07 00:00:00,0.2408,0.2458,0.2456,0.2455,8948357.873779,XRP-USD,6h
2020-10-07 06:00:00,0.2435,0.2467,0.2454,0.2459,6840900.194622,XRP-USD,6h
2020-10-07 12:00:00,0.2458,0.2506,0.2459,0.25,14469869.473211,XRP-USD,6h
2020-10-07 18:00:00,0.2474,0.2515,0.2501,0.2489,11715021.64301,XRP-USD,6h
2020-10-08 00:00:00,0.2446,0.2492,0.2488,0.245,6440943.265643,XRP-USD,6h
2020-10-08 06:00:00,0.2422,0.2463,0.2449,0.2444,5040337.201834,XRP-USD,6h
2020-10-08 12:00:00,0.2439,0.2519,0.2444,0.2504,14375459.671286,XRP-USD,6h
2020-10-08 18:00:00,0.2497,0.253,0.2503,0.2513,11640364.650703,XRP-USD,6h
2020-10-09 00:00:00,0.2501,0.2524,0.2515,0.2507,7278701.353604,XRP-USD,6h
2020-10-09 06:00:00,0.2498,0.2568,0.2508,0.2557,10480539.336849,XRP-USD,6h
2020-10-09 12:00:00,0.25,0.2558,0.2556,0.2516,12217718.793131,XRP-USD,6h
2020-10-09 18:00:00,0.2499,0.2535,0.2514,0.2532,10396528.113536,XRP-USD,6h
2020-10-10 00:00:00,0.253,0.2583,0.2532,0.2564,12639485.700235,XRP-USD,6h
2020-10-10 06:00:00,0.2538,0.257,0.2565,0.2556,5904652.48672,XRP-USD,6h
2020-10-10 12:00:00,0.2546,0.2602,0.2557,0.2563,9151600.621024,XRP-USD,6h
2020-10-10 18:00:00,0.2532,0.2576,0.2562,0.2542,7702215.042898,XRP-USD,6h
2020-10-11 00:00:00,0.2534,0.2558,0.2542,0.2558,5306278.007864,XRP-USD,6h
2020-10-11 06:00:00,0.255,0.2585,0.2557,0.2572,3681041.679763,XRP-USD,6h
2020-10-11 12:00:00,0.2558,0.258,0.2571,0.2576,6826885.316852,XRP-USD,6h
2020-10-11 18:00:00,0.2536,0.2581,0.2576,0.2555,8982763.623145,XRP-USD,6h
2020-10-12 00:00:00,0.2542,0.256,0.2556,0.2554,5065409.87182,XRP-USD,6h
2020-10-12 06:00:00,0.2487,0.2556,0.2554,0.2508,8079008.492993,XRP-USD,6h
2020-10-12 12:00:00,0.2506,0.258,0.2508,0.2569,10291600.628408,XRP-USD,6h
2020-10-12 18:00:00,0.2544,0.2584,0.2571,0.2563,12400825.793344,XRP-USD,6h
2020-10-13 00:00:00,0.2538,0.2599,0.2561,0.2588,8794007.113973,XRP-USD,6h
2020-10-13 06:00:00,0.2542,0.26,0.2589,0.2582,6615025.693974,XRP-USD,6h
2020-10-13 12:00:00,0.2527,0.2586,0.2582,0.2544,11633071.13231,XRP-USD,6h
2020-10-13 18:00:00,0.2535,0.257,0.2542,0.2568,8131050.614699,XRP-USD,6h
2020-10-14 00:00:00,0.2556,0.2584,0.2568,0.2564,7431220.1959,XRP-USD,6h
2020-10-14 06:00:00,0.2506,0.257,0.2565,0.2514,7052904.42836,XRP-USD,6h
2020-10-14 12:00:00,0.2466,0.2553,0.2514,0.2476,16025944.04554,XRP-USD,6h
2020-10-14 18:00:00,0.2462,0.2502,0.2474,0.2494,10296733.796454,XRP-USD,6h
2020-10-15 00:00:00,0.2454,0.25,0.2492,0.25,6520340.62987,XRP-USD,6h
2020-10-15 06:00:00,0.2433,0.2502,0.2498,0.2452,8861200.495666,XRP-USD,6h
2020-10-15 12:00:00,0.2432,0.2484,0.2453,0.2476,10935021.341686,XRP-USD,6h
2020-10-15 18:00:00,0.2453,0.2482,0.2477,0.246,8073489.643062,XRP-USD,6h
2020-10-16 00:00:00,0.2391,0.2481,0.246,0.2423,12287532.193989,XRP-USD,6h
2020-10-16 06:00:00,0.2377,0.2428,0.2423,0.2418,6191141.780172,XRP-USD,6h
2020-10-16 12:00:00,0.2382,0.2427,0.2418,0.2398,10416900.830543,XRP-USD,6h
2020-10-16 18:00:00,0.2387,0.241,0.24,0.2402,9745251.039632,XRP-USD,6h
2020-10-17 00:00:00,0.2388,0.2427,0.2404,0.2417,7626548.95563,XRP-USD,6h
2020-10-17 06:00:00,0.2405,0.2421,0.2416,0.2416,3136536.163534,XRP-USD,6h
2020-10-17 12:00:00,0.2399,0.2433,0.2418,0.2415,5641804.769038,XRP-USD,6h
2020-10-17 18:00:00,0.24,0.2423,0.2413,0.2408,6096150.881335,XRP-USD,6h
2020-10-18 00:00:00,0.2402,0.2421,0.2408,0.2419,3784527.596336,XRP-USD,6h
2020-10-18 06:00:00,0.2415,0.2433,0.242,0.2418,2177820.889071,XRP-USD,6h
2020-10-18 12:00:00,0.2418,0.2437,0.2418,0.2428,6079694.41995,XRP-USD,6h
2020-10-18 18:00:00,0.2415,0.243,0.2428,0.2423,5559740.714054,XRP-USD,6h
2020-10-19 00:00:00,0.2402,0.243,0.2423,0.2408,7342396.842432,XRP-USD,6h
2020-10-19 06:00:00,0.2405,0.2489,0.2408,0.2471,7968669.762231,XRP-USD,6h
2020-10-19 12:00:00,0.2468,0.2495,0.2472,0.2478,13125835.26733,XRP-USD,6h
2020-10-19 18:00:00,0.2456,0.2483,0.2478,0.2458,8515491.653216,XRP-USD,6h
2020-10-20 00:00:00,0.2451,0.2504,0.2458,0.247,10630067.840985,XRP-USD,6h
2020-10-20 06:00:00,0.2421,0.2486,0.2468,0.2431,12467632.802076,XRP-USD,6h
2020-10-20 12:00:00,0.2417,0.2459,0.2428,0.2432,9878008.254969,XRP-USD,6h
2020-10-20 18:00:00,0.242,0.245,0.2432,0.2434,7654376.892212,XRP-USD,6h
2020-10-21 00:00:00,0.243,0.2496,0.2436,0.2472,11936173.490886,XRP-USD,6h
2020-10-21 06:00:00,0.2464,0.2489,0.2474,0.2482,5411906.026631,XRP-USD,6h
2020-10-21 12:00:00,0.2471,0.256,0.2482,0.2524,22443400.042158,XRP-USD,6h
2020-10-21 18:00:00,0.2506,0.2549,0.2525,0.2515,17856635.260774,XRP-USD,6h
2020-10-22 00:00:00,0.2514,0.2583,0.2515,0.2561,15190106.712893,XRP-USD,6h
2020-10-22 06:00:00,0.2555,0.2621,0.256,0.2618,12929635.439632,XRP-USD,6h
2020-10-22 12:00:00,0.2582,0.2633,0.2618,0.2618,20507191.893995,XRP-USD,6h
2020-10-22 18:00:00,0.2542,0.264,0.2617,0.2576,18176527.052542,XRP-USD,6h
2020-10-23 00:00:00,0.2551,0.2595,0.2576,0.2594,9405446.716231,XRP-USD,6h
2020-10-23 06:00:00,0.2562,0.2594,0.2594,0.2575,4481276.499693,XRP-USD,6h
2020-10-23 12:00:00,0.2502,0.2584,0.2575,0.2514,13379967.95628,XRP-USD,6h
2020-10-23 18:00:00,0.2513,0.2555,0.2513,0.2549,7392019.82133,XRP-USD,6h
2020-10-24 00:00:00,0.2536,0.2563,0.255,0.2557,7296099.817451,XRP-USD,6h
2020-10-24 06:00:00,0.2529,0.2559,0.2557,0.2558,6386522.321699,XRP-USD,6h
2020-10-24 12:00:00,0.2541,0.2579,0.2558,0.2569,7777138.513992,XRP-USD,6h
2020-10-24 18:00:00,0.2554,0.2582,0.257,0.2565,6736736.435337,XRP-USD,6h
2020-10-25 00:00:00,0.2513,0.2575,0.2564,0.2531,7933763.60472,XRP-USD,6h
2020-10-25 06:00:00,0.2518,0.2549,0.2532,0.2527,3235167.680751,XRP-USD,6h
2020-10-25 12:00:00,0.2515,0.2542,0.2527,0.253,5491779.246032,XRP-USD,6h
2020-10-25 18:00:00,0.252,0.2539,0.253,0.2533,4393843.949659,XRP-USD,6h
2020-10-26 00:00:00,0.2529,0.2593,0.2535,0.2566,11665547.215332,XRP-USD,6h
2020-10-26 06:00:00,0.2525,0.2568,0.2566,0.2545,5299396.743032,XRP-USD,6h
2020-10-26 12:00:00,0.2436,0.2548,0.2545,0.2458,18317343.97304,XRP-USD,6h
2020-10-26 18:00:00,0.245,0.2494,0.2457,0.2486,8863325.658278,XRP-USD,6h
2020-10-27 00:00:00,0.2479,0.2504,0.2485,0.2495,4837614.020248,XRP-USD,6h
2020-10-27 06:00:00,0.2489,0.2528,0.2495,0.2523,5601021.020459,XRP-USD,6h
2020-10-27 12:00:00,0.251,0.2543,0.2523,0.2532,11534562.055424,XRP-USD,6h
2020-10-27 18:00:00,0.2496,0.2537,0.2532,0.2527,9766912.066515,XRP-USD,6h
2020-10-28 00:00:00,0.2517,0.2569,0.2528,0.2523,9241304.422752,XRP-USD,6h
2020-10-28 06:00:00,0.247,0.253,0.2523,0.248,7553761.006346,XRP-USD,6h
2020-10-28 12:00:00,0.2446,0.2493,0.248,0.2459,15301985.004934,XRP-USD,6h
2020-10-28 18:00:00,0.2438,0.2479,0.2459,0.2457,13662855.566494,XRP-USD,6h
2020-10-29 00:00:00,0.2445,0.2472,0.2457,0.2466,5072895.873605,XRP-USD,6h
2020-10-29 06:00:00,0.2423,0.2467,0.2466,0.2424,5786297.932159,XRP-USD,6h
2020-10-29 12:00:00,0.24,0.2473,0.2424,0.2451,10374608.17127,XRP-USD,6h
2020-10-29 18:00:00,0.2416,0.2459,0.2451,0.2425,8375086.402442,XRP-USD,6h
2020-10-30 00:00:00,0.2354,0.2442,0.2427,0.2356,15755875.766331,XRP-USD,6h
2020-10-30 06:00:00,0.231,0.2387,0.2357,0.2373,11629881.956635,XRP-USD,6h
2020-10-30 12:00:00,0.2355,0.2397,0.2373,0.2386,11270317.098436,XRP-USD,6h
2020-10-30 18:00:00,0.2376,0.2398,0.2386,0.2395,8835396.624894,XRP-USD,6h
2020-10-31 00:00:00,0.2378,0.2402,0.2395,0.2383,8405633.620126,XRP-USD,6h
2020-10-31 06:00:00,0.2377,0.2433,0.2382,0.2428,10962185.3103,XRP-USD,6h
2020-10-31 12:00:00,0.2398,0.2438,0.2429,0.2402,6899338.064039,XRP-USD,6h
2020-10-31 18:00:00,0.239,0.2413,0.2402,0.24,5039827.601964,XRP-USD,6h
2020-11-01 00:00:00,0.238,0.2415,0.24,0.2392,4114128.956973,XRP-USD,6h
2020-11-01 06:00:00,0.2383,0.2403,0.2392,0.239,2972198.48272,XRP-USD,6h
2020-11-01 12:00:00,0.2369,0.2402,0.2391,0.2395,5276611.735988,XRP-USD,6h
2020-11-01 18:00:00,0.2388,0.2415,0.2396,0.2401,5810336.720125,XRP-USD,6h
2020-11-02 00:00:00,0.2396,0.2451,0.2401,0.2408,6858338.437794,XRP-USD,6h
2020-11-02 06:00:00,0.2352,0.242,0.2408,0.2365,6467463.469281,XRP-USD,6h
2020-11-02 12:00:00,0.2332,0.2366,0.2361,0.2353,9641422.375984,XRP-USD,6h
2020-11-02 18:00:00,0.2343,0.237,0.2352,0.2354,7889846.262899,XRP-USD,6h
2020-11-03 00:00:00,0.2283,0.2369,0.2355,0.2307,18980947.949978,XRP-USD,6h
2020-11-03 06:00:00,0.2298,0.2442,0.2308,0.2397,10503048.835279,XRP-USD,6h
2020-11-03 12:00:00,0.2353,0.2416,0.2397,0.2374,12994435.558839,XRP-USD,6h
2020-11-03 18:00:00,0.2365,0.241,0.2374,0.2398,9152838.708171,XRP-USD,6h
2020-11-04 00:00:00,0.2363,0.2407,0.2398,0.2379,7804968.93065,XRP-USD,6h
2020-11-04 06:00:00,0.2325,0.238,0.238,0.2352,9627949.790559,XRP-USD,6h
2020-11-04 12:00:00,0.2334,0.2391,0.2352,0.2367,11535239.845124,XRP-USD,6h
2020-11-04 18:00:00,0.2361,0.2391,0.2367,0.2378,11072447.809804,XRP-USD,6h
2020-11-05 00:00:00,0.2379,0.2415,0.238,0.24,7709839.957719,XRP-USD,6h
2020-11-05 06:00:00,0.2373,0.2402,0.24,0.2391,6883029.94707,XRP-USD,6h
2020-11-05 12:00:00,0.2376,0.2477,0.2391,0.2447,28382748.569338,XRP-USD,6h
2020-11-05 18:00:00,0.2439,0.2472,0.2446,0.2461,15922083.983006,XRP-USD,6h
2020-11-06 00:00:00,0.2455,0.2534,0.2461,0.2508,22634719.690902,XRP-USD,6h
2020-11-06 06:00:00,0.2504,0.26,0.2508,0.2596,17347665.16862,XRP-USD,6h
2020-11-06 12:00:00,0.2561,0.2617,0.2596,0.2579,19259640.260073,XRP-USD,6h
2020-11-06 18:00:00,0.2509,0.2604,0.2579,0.2592,23605107.224095,XRP-USD,6h
2020-11-07 00:00:00,0.2589,0.2678,0.2592,0.2639,21213490.874089,XRP-USD,6h
2020-11-07 06:00:00,0.2611,0.2656,0.2638,0.2641,6322936.000278,XRP-USD,6h
2020-11-07 12:00:00,0.2501,0.2664,0.2645,0.2541,25519076.549987,XRP-USD,6h
2020-11-07 18:00:00,0.2441,0.255,0.2543,0.2495,27592701.229936,XRP-USD,6h
2020-11-08 00:00:00,0.2477,0.2525,0.2492,0.2522,6139116.017023,XRP-USD,6h
2020-11-08 06:00:00,0.2503,0.2539,0.2522,0.2538,5880088.067806,XRP-USD,6h
2020-11-08 12:00:00,0.2518,0.2572,0.2537,0.2566,9290912.830802,XRP-USD,6h
2020-11-08 18:00:00,0.2519,0.2572,0.2566,0.2539,13900533.920919,XRP-USD,6h
2020-11-09 00:00:00,0.2511,0.2562,0.2538,0.2531,9984460.196297,XRP-USD,6h
2020-11-09 06:00:00,0.2493,0.256,0.2532,0.2557,6768012.144063,XRP-USD,6h
2020-11-09 12:00:00,0.2457,0.2558,0.2557,0.2501,19620962.993233,XRP-USD,6h
2020-11-09 18:00:00,0.2493,0.2521,0.2501,0.2508,11522671.174585,XRP-USD,6h
2020-11-10 00:00:00,0.2482,0.2531,0.2509,0.2511,13913430.241785,XRP-USD,6h
2020-11-10 06:00:00,0.2496,0.2647,0.2511,0.2564,18783495.952147,XRP-USD,6h
2020-11-10 12:00:00,0.2514,0.2583,0.2563,0.2547,11079589.302381,XRP-USD,6h
2020-11-10 18:00:00,0.2534,0.2577,0.2545,0.2542,11273620.888213,XRP-USD,6h
2020-11-11 00:00:00,0.2526,0.2591,0.2542,0.255,11018872.412645,XRP-USD,6h
2020-11-11 06:00:00,0.2545,0.2581,0.2551,0.2565,5096381.711981,XRP-USD,6h
2020-11-11 12:00:00,0.2551,0.2602,0.2565,0.2594,13537969.823039,XRP-USD,6h
2020-11-11 18:00:00,0.2551,0.2598,0.2594,0.2562,11404926.124019,XRP-USD,6h
2020-11-12 00:00:00,0.2536,0.2582,0.2561,0.2564,10517334.515587,XRP-USD,6h
2020-11-12 06:00:00,0.2538,0.2584,0.2566,0.2555,6770478.140885,XRP-USD,6h
2020-11-12 12:00:00,0.2529,0.257,0.2555,0.253,9971913.934037,XRP-USD,6h
2020-11-12 18:00:00,0.2527,0.2559,0.2532,0.255,12864927.091496,XRP-USD,6h
2020-11-13 00:00:00,0.2546,0.2574,0.255,0.2554,13829753.155574,XRP-USD,6h
2020-11-13 06:00:00,0.2537,0.261,0.2554,0.2579,8514943.750692,XRP-USD,6h
2020-11-13 12:00:00,0.2575,0.2632,0.2578,0.2623,16675485.843301,XRP-USD,6h
2020-11-13 18:00:00,0.2623,0.2663,0.2624,0.2662,20051157.623357,XRP-USD,6h
2020-11-14 00:00:00,0.2644,0.2779,0.2664,0.2719,49283768.0857,XRP-USD,6h
2020-11-14 06:00:00,0.2612,0.275,0.272,0.266,21272909.454086,XRP-USD,6h
2020-11-14 12:00:00,0.2622,0.2706,0.2658,0.2664,21624404.317397,XRP-USD,6h
2020-11-14 18:00:00,0.265,0.2696,0.2664,0.2686,11272869.297748,XRP-USD,6h
2020-11-15 00:00:00,0.2686,0.2772,0.2686,0.2738,23908855.804497,XRP-USD,6h
2020-11-15 06:00:00,0.2704,0.2764,0.2738,0.2704,9586961.434375,XRP-USD,6h
2020-11-15 12:00:00,0.2674,0.2742,0.2703,0.2678,15245907.05433,XRP-USD,6h
2020-11-15 18:00:00,0.2643,0.2705,0.2678,0.2698,12624358.506013,XRP-USD,6h
2020-11-16 00:00:00,0.2677,0.2716,0.2695,0.2701,9363412.986701,XRP-USD,6h
2020-11-16 06:00:00,0.27,0.2747,0.2701,0.2721,7933019.476026,XRP-USD,6h
2020-11-16 12:00:00,0.272,0.2892,0.272,0.288,38263090.748832,XRP-USD,6h
2020-11-16 18:00:00,0.2828,0.29,0.288,0.2883,27284169.912336,XRP-USD,6h
2020-11-17 00:00:00,0.2874,0.3029,0.2883,0.3002,44912946.958212,XRP-USD,6h
2020-11-17 06:00:00,0.2928,0.3025,0.3003,0.3007,22611569.471834,XRP-USD,6h
2020-11-17 12:00:00,0.2967,0.3054,0.3007,0.3012,51212481.374152,XRP-USD,6h
2020-11-17 18:00:00,0.2984,0.3039,0.3012,0.3029,30360540.121544,XRP-USD,6h
2020-11-18 00:00:00,0.2814,0.3086,0.3027,0.29,60779257.094703,XRP-USD,6h
2020-11-18 06:00:00,0.2895,0.297,0.2901,0.2953,23650769.725967,XRP-USD,6h
2020-11-18 12:00:00,0.283,0.2955,0.2953,0.2906,32953221.597811,XRP-USD,6h
2020-11-18 18:00:00,0.2875,0.295,0.2905,0.2936,22925941.665306,XRP-USD,6h
2020-11-19 00:00:00,0.29,0.2965,0.2936,0.293,15164010.307277,XRP-USD,6h
2020-11-19 06:00:00,0.2842,0.2935,0.2929,0.2918,14680738.782068,XRP-USD,6h
2020-11-19 12:00:00,0.291,0.3069,0.2918,0.3004,39223171.299777,XRP-USD,6h
2020-11-19 18:00:00,0.2982,0.3045,0.3003,0.3042,30526841.082369,XRP-USD,6h
2020-11-20 00:00:00,0.2972,0.3054,0.304,0.2996,25572641.290977,XRP-USD,6h
2020-11-20 06:00:00,0.2983,0.3049,0.2996,0.3043,15184411.161751,XRP-USD,6h
2020-11-20 12:00:00,0.3041,0.3225,0.3043,0.3225,59068494.518048,XRP-USD,6h
2020-11-20 18:00:00,0.3157,0.3314,0.3225,0.3304,59910808.38665,XRP-USD,6h
2020-11-21 00:00:00,0.3297,0.3513,0.3304,0.35,105778532.661552,XRP-USD,6h
2020-11-21 06:00:00,0.3501,0.3834,0.3502,0.374,99978303.74225,XRP-USD,6h
2020-11-21 12:00:00,0.3695,0.439,0.3738,0.404,257265857.505444,XRP-USD,6h
2020-11-21 18:00:00,0.4004,0.47,0.404,0.4633,142213608.81176,XRP-USD,6h
2020-11-22 00:00:00,0.4031,0.4984,0.4636,0.4339,312937381.249173,XRP-USD,6h
2020-11-22 06:00:00,0.405,0.4759,0.4339,0.4281,107068839.838473,XRP-USD,6h
2020-11-22 12:00:00,0.4223,0.4578,0.4273,0.4491,86495162.0632,XRP-USD,6h
2020-11-22 18:00:00,0.4364,0.4847,0.449,0.4466,136363507.592553,XRP-USD,6h
2020-11-23 00:00:00,0.4313,0.4699,0.4467,0.4576,122555829.042201,XRP-USD,6h
2020-11-23 06:00:00,0.4483,0.494,0.4576,0.4868,76139309.997848,XRP-USD,6h
2020-11-23 12:00:00,0.4789,0.558,0.4869,0.5461,285296494.113531,XRP-USD,6h
2020-11-23 18:00:00,0.5173,0.65,0.5461,0.6178,244265757.744416,XRP-USD,6h
2020-11-24 00:00:00,0.5745,0.921,0.6186,0.7413,304496072.912305,XRP-USD,6h
2020-11-24 06:00:00,0.5655,0.795,0.7414,0.6319,313297860.005257,XRP-USD,6h
2020-11-24 12:00:00,0.5929,0.7028,0.6318,0.6724,236774420.706007,XRP-USD,6h
2020-11-24 18:00:00,0.658,0.75,0.6724,0.6943,218693441.452321,XRP-USD,6h
2020-11-25 00:00:00,0.614,0.7098,0.6945,0.6477,198522610.533967,XRP-USD,6h
2020-11-25 06:00:00,0.6445,0.71,0.6474,0.697,100260708.44222,XRP-USD,6h
2020-11-25 12:00:00,0.6581,0.7241,0.6967,0.6846,130631756.317516,XRP-USD,6h
2020-11-25 18:00:00,0.58,0.6933,0.685,0.6302,208008167.154547,XRP-USD,6h
2020-11-26 00:00:00,0.52,0.6523,0.6303,0.5627,250564408.972706,XRP-USD,6h
2020-11-26 06:00:00,0.463,0.5767,0.5627,0.5296,264813193.070849,XRP-USD,6h
2020-11-26 12:00:00,0.4555,0.5483,0.5293,0.4891,183043997.062404,XRP-USD,6h
2020-11-26 18:00:00,0.4586,0.5545,0.4887,0.5375,196804045.52478,XRP-USD,6h
2020-11-27 00:00:00,0.521,0.5884,0.5375,0.5608,189834450.582534,XRP-USD,6h
2020-11-27 06:00:00,0.503,0.5654,0.5605,0.5251,86561141.133435,XRP-USD,6h
2020-11-27 12:00:00,0.5129,0.5507,0.5253,0.5385,84232835.402827,XRP-USD,6h
2020-11-27 18:00:00,0.5331,0.5629,0.5385,0.5629,68909395.617075,XRP-USD,6h
2020-11-28 00:00:00,0.5395,0.5771,0.5629,0.5511,75741282.038776,XRP-USD,6h
2020-11-28 06:00:00,0.5421,0.5646,0.5515,0.5634,22736773.979517,XRP-USD,6h
2020-11-28 12:00:00,0.5568,0.65,0.5637,0.6264,177309409.626649,XRP-USD,6h
2020-11-28 18:00:00,0.6102,0.647,0.6267,0.6269,115499041.157802,XRP-USD,6h
2020-11-29 00:00:00,0.5831,0.6315,0.6269,0.6134,74477631.052307,XRP-USD,6h
2020-11-29 06:00:00,0.601,0.6374,0.6134,0.622,36703096.694908,XRP-USD,6h
2020-11-29 12:00:00,0.584,0.6281,0.6221,0.6018,61432095.814859,XRP-USD,6h
2020-11-29 18:00:00,0.5907,0.6203,0.6018,0.6058,52947941.872041,XRP-USD,6h
2020-11-30 00:00:00,0.6056,0.6471,0.606,0.626,82879469.488066,XRP-USD,6h
2020-11-30 06:00:00,0.6,0.6365,0.626,0.6242,36289423.042905,XRP-USD,6h
2020-11-30 12:00:00,0.6136,0.68,0.6243,0.6481,130910398.785901,XRP-USD,6h
2020-11-30 18:00:00,0.6323,0.6795,0.6481,0.6646,72128531.739118,XRP-USD,6h
2020-12-01 00:00:00,0.6443,0.6695,0.6649,0.6539,53479526.446748,XRP-USD,6h
2020-12-01 06:00:00,0.6443,0.6815,0.6538,0.6571,47883733.441078,XRP-USD,6h
2020-12-01 12:00:00,0.5758,0.6572,0.6569,0.6296,155346655.062237,XRP-USD,6h
2020-12-01 18:00:00,0.606,0.6377,0.6295,0.6116,40805692.540314,XRP-USD,6h
2020-12-02 00:00:00,0.5935,0.6226,0.6115,0.6058,74573804.313968,XRP-USD,6h
2020-12-02 06:00:00,0.6053,0.6306,0.6057,0.6249,24300679.247503,XRP-USD,6h
2020-12-02 12:00:00,0.6001,0.6245,0.6244,0.6136,40427185.070545,XRP-USD,6h
2020-12-02 18:00:00,0.609,0.637,0.6133,0.6304,66541899.616636,XRP-USD,6h
2020-12-03 00:00:00,0.6168,0.6388,0.6304,0.6183,29673747.429775,XRP-USD,6h
2020-12-03 06:00:00,0.6151,0.6345,0.6182,0.6297,17519189.645941,XRP-USD,6h
2020-12-03 12:00:00,0.6225,0.643,0.63,0.6288,34729743.689369,XRP-USD,6h
2020-12-03 18:00:00,0.625,0.6329,0.6288,0.6311,28260820.972056,XRP-USD,6h
2020-12-04 00:00:00,0.607,0.635,0.6308,0.6138,48439785.026323,XRP-USD,6h
2020-12-04 06:00:00,0.5877,0.6276,0.614,0.5899,24550437.634924,XRP-USD,6h
2020-12-04 12:00:00,0.5578,0.6038,0.59,0.5753,87354693.099889,XRP-USD,6h
2020-12-04 18:00:00,0.5422,0.5853,0.5751,0.5543,109434414.499381,XRP-USD,6h
2020-12-05 00:00:00,0.5473,0.5885,0.5535,0.5876,52729512.811892,XRP-USD,6h
2020-12-05 06:00:00,0.5787,0.5966,0.5875,0.5879,20968406.409866,XRP-USD,6h
2020-12-05 12:00:00,0.5744,0.5935,0.5878,0.5898,26783577.201886,XRP-USD,6h
2020-12-05 18:00:00,0.575,0.59,0.5899,0.5856,24786023.646558,XRP-USD,6h
2020-12-06 00:00:00,0.5854,0.6297,0.586,0.6082,92097842.820205,XRP-USD,6h
2020-12-06 06:00:00,0.5913,0.6164,0.6081,0.6039,30740461.538623,XRP-USD,6h
2020-12-06 12:00:00,0.58,0.6149,0.6039,0.6066,42049524.816728,XRP-USD,6h
2020-12-06 18:00:00,0.6024,0.6265,0.6064,0.6217,49622820.593973,XRP-USD,6h
2020-12-07 00:00:00,0.6081,0.6242,0.6218,0.6148,32425185.233784,XRP-USD,6h
2020-12-07 06:00:00,0.6003,0.62,0.6146,0.6023,20602667.047087,XRP-USD,6h
2020-12-07 12:00:00,0.6012,0.6172,0.6023,0.6079,32537017.403615,XRP-USD,6h
2020-12-07 18:00:00,0.5909,0.6113,0.6082,0.6084,40522358.626986,XRP-USD,6h
2020-12-08 00:00:00,0.6042,0.6107,0.6085,0.609,18421468.063237,XRP-USD,6h
2020-12-08 06:00:00,0.5766,0.6092,0.6089,0.5877,33373521.387307,XRP-USD,6h
2020-12-08 12:00:00,0.5766,0.5975,0.5878,0.5908,40723916.531615,XRP-USD,6h
2020-12-08 18:00:00,0.55,0.5909,0.5908,0.5587,77830165.428374,XRP-USD,6h
2020-12-09 00:00:00,0.5432,0.5647,0.5586,0.5507,65272200.109189,XRP-USD,6h
2020-12-09 06:00:00,0.5038,0.5541,0.5509,0.5503,72988386.517487,XRP-USD,6h
2020-12-09 12:00:00,0.539,0.5642,0.5503,0.5529,55637822.521985,XRP-USD,6h
2020-12-09 18:00:00,0.5458,0.605,0.5528,0.5834,94229250.889733,XRP-USD,6h
2020-12-10 00:00:00,0.5656,0.5881,0.5832,0.5719,40916285.500329,XRP-USD,6h
2020-12-10 06:00:00,0.5591,0.5856,0.5718,0.566,37579946.332163,XRP-USD,6h
2020-12-10 12:00:00,0.5516,0.58,0.5656,0.5747,53033131.780566,XRP-USD,6h
2020-12-10 18:00:00,0.5701,0.5887,0.5748,0.5728,46227345.04033,XRP-USD,6h
2020-12-11 00:00:00,0.5418,0.5747,0.5727,0.5547,107711448.798527,XRP-USD,6h
2020-12-11 06:00:00,0.526,0.5642,0.5548,0.536,42775566.449784,XRP-USD,6h
2020-12-11 12:00:00,0.534,0.5632,0.5359,0.5514,54059358.541775,XRP-USD,6h
2020-12-11 18:00:00,0.5325,0.598,0.5514,0.5703,158756433.696841,XRP-USD,6h
2020-12-12 00:00:00,0.4921,0.5736,0.5718,0.525,126562646.269099,XRP-USD,6h
2020-12-12 06:00:00,0.5088,0.535,0.5249,0.5185,32895161.041326,XRP-USD,6h
2020-12-12 12:00:00,0.4855,0.5242,0.5184,0.4997,110236288.388288,XRP-USD,6h
2020-12-12 18:00:00,0.498,0.5228,0.4999,0.507,79381828.987081,XRP-USD,6h
2020-12-13 00:00:00,0.4858,0.5106,0.5069,0.494,58668499.941779,XRP-USD,6h
2020-12-13 06:00:00,0.4941,0.5193,0.4941,0.5112,38142438.659543,XRP-USD,6h
2020-12-13 12:00:00,0.5098,0.528,0.5114,0.5219,42971056.375015,XRP-USD,6h
2020-12-13 18:00:00,0.5003,0.522,0.5219,0.5135,32330135.696846,XRP-USD,6h
2020-12-14 00:00:00,0.5036,0.5192,0.5135,0.5062,23631228.863107,XRP-USD,6h
2020-12-14 06:00:00,0.4919,0.5093,0.5062,0.4965,15727916.724546,XRP-USD,6h
2020-12-14 12:00:00,0.4891,0.5045,0.4965,0.492,31270969.745642,XRP-USD,6h
2020-12-14 18:00:00,0.49,0.5037,0.492,0.4974,28580219.412368,XRP-USD,6h
2020-12-15 00:00:00,0.4888,0.5074,0.4977,0.4936,44887158.515538,XRP-USD,6h
2020-12-15 06:00:00,0.4785,0.4954,0.4935,0.4842,27457337.589708,XRP-USD,6h
2020-12-15 12:00:00,0.466,0.4858,0.484,0.4777,80561556.987584,XRP-USD,6h
2020-12-15 18:00:00,0.4643,0.4846,0.4776,0.4684,44528094.414653,XRP-USD,6h
2020-12-16 00:00:00,0.4371,0.4688,0.4685,0.4513,117613212.593009,XRP-USD,6h
2020-12-16 06:00:00,0.449,0.463,0.4513,0.457,30963613.580235,XRP-USD,6h
2020-12-16 12:00:00,0.4537,0.5318,0.4574,0.5146,172744846.655637,XRP-USD,6h
2020-12-16 18:00:00,0.5066,0.5768,0.5148,0.5702,114361262.567812,XRP-USD,6h
2020-12-17 00:00:00,0.5461,0.5849,0.5705,0.5702,133301170.433701,XRP-USD,6h
2020-12-17 06:00:00,0.5376,0.5775,0.5698,0.568,73793961.254959,XRP-USD,6h
2020-12-17 12:00:00,0.5602,0.66,0.5678,0.6036,214467646.290204,XRP-USD,6h
2020-12-17 18:00:00,0.5626,0.6291,0.6031,0.5778,186125832.583493,XRP-USD,6h
2020-12-18 00:00:00,0.5503,0.6142,0.5777,0.593,134126647.132696,XRP-USD,6h
2020-12-18 06:00:00,0.5761,0.6072,0.593,0.585,37474110.648892,XRP-USD,6h
2020-12-18 12:00:00,0.5551,0.5936,0.585,0.5731,83249910.890851,XRP-USD,6h
2020-12-18 18:00:00,0.5583,0.5894,0.5733,0.5841,58631532.202156,XRP-USD,6h
2020-12-19 00:00:00,0.5664,0.5866,0.5842,0.5702,45338029.599421,XRP-USD,6h
2020-12-19 06:00:00,0.5674,0.5881,0.5702,0.5754,33917585.330362,XRP-USD,6h
2020-12-19 12:00:00,0.5754,0.605,0.5754,0.5903,100764671.205687,XRP-USD,6h
2020-12-19 18:00:00,0.5749,0.595,0.5904,0.5777,47402632.541731,XRP-USD,6h
2020-12-20 00:00:00,0.5631,0.5791,0.5778,0.5751,45856582.591527,XRP-USD,6h
2020-12-20 06:00:00,0.5742,0.5867,0.5751,0.5783,32687975.818515,XRP-USD,6h
2020-12-20 12:00:00,0.5672,0.582,0.5782,0.5701,35386219.688391,XRP-USD,6h
2020-12-20 18:00:00,0.5316,0.585,0.5701,0.5561,126990996.797677,XRP-USD,6h
2020-12-21 00:00:00,0.5476,0.5695,0.5559,0.5615,43022440.244468,XRP-USD,6h
2020-12-21 06:00:00,0.5158,0.5655,0.5616,0.5262,55091037.333138,XRP-USD,6h
2020-12-21 12:00:00,0.4987,0.5371,0.5263,0.5186,92924623.211668,XRP-USD,6h
2020-12-21 18:00:00,0.5117,0.531,0.5184,0.5149,54122281.212232,XRP-USD,6h
2020-12-22 00:00:00,0.4575,0.5222,0.5149,0.4657,197128938.869408,XRP-USD,6h
2020-12-22 06:00:00,0.4491,0.4914,0.4658,0.4858,141543179.580613,XRP-USD,6h
2020-12-22 12:00:00,0.4622,0.4989,0.4858,0.4702,111718453.43511,XRP-USD,6h
2020-12-22 18:00:00,0.3975,0.4882,0.4702,0.4461,265670803.106568,XRP-USD,6h
2020-12-23 00:00:00,0.3308,0.4484,0.4464,0.368,395978597.838849,XRP-USD,6h
2020-12-23 06:00:00,0.3,0.3848,0.3678,0.3266,336566110.3427,XRP-USD,6h
2020-12-23 12:00:00,0.291,0.3737,0.3266,0.3183,436338263.949005,XRP-USD,6h
2020-12-23 18:00:00,0.2135,0.3268,0.3184,0.2603,653472847.782678,XRP-USD,6h
2020-12-24 00:00:00,0.25,0.3065,0.2603,0.2676,327840868.560566,XRP-USD,6h
2020-12-24 06:00:00,0.2401,0.2826,0.2679,0.272,155196414.932931,XRP-USD,6h
2020-12-24 12:00:00,0.25,0.2886,0.2718,0.2627,197426909.267404,XRP-USD,6h
2020-12-24 18:00:00,0.2536,0.39,0.2627,0.3385,459847777.711786,XRP-USD,6h
2020-12-25 00:00:00,0.3231,0.36,0.3386,0.3325,245944365.058381,XRP-USD,6h
2020-12-25 06:00:00,0.33,0.3841,0.3327,0.3806,107952949.104769,XRP-USD,6h
2020-12-25 12:00:00,0.28,0.3828,0.3804,0.3114,346058751.84046,XRP-USD,6h
2020-12-25 18:00:00,0.3008,0.3478,0.3115,0.3175,250073375.24813,XRP-USD,6h
2020-12-26 00:00:00,0.3016,0.3248,0.3175,0.311,114203446.046012,XRP-USD,6h
2020-12-26 06:00:00,0.289,0.3163,0.3111,0.3027,58856200.651276,XRP-USD,6h
2020-12-26 12:00:00,0.2828,0.327,0.3028,0.3054,158276328.228349,XRP-USD,6h
2020-12-26 18:00:00,0.288,0.3091,0.3055,0.2947,126894060.439384,XRP-USD,6h
2020-12-27 00:00:00,0.2897,0.3032,0.2947,0.2962,86551743.868872,XRP-USD,6h
2020-12-27 06:00:00,0.2695,0.3029,0.2962,0.2763,69171297.385607,XRP-USD,6h
2020-12-27 12:00:00,0.265,0.31,0.2763,0.2929,139785850.056366,XRP-USD,6h
2020-12-27 18:00:00,0.2759,0.2969,0.2929,0.2834,91826649.810592,XRP-USD,6h
2020-12-28 00:00:00,0.2776,0.2868,0.2834,0.2817,71293955.893723,XRP-USD,6h
2020-12-28 06:00:00,0.2782,0.3089,0.2816,0.2968,68493334.582252,XRP-USD,6h
2020-12-28 12:00:00,0.2852,0.2979,0.2969,0.2881,65496882.169036,XRP-USD,6h
2020-12-28 18:00:00,0.2332,0.2924,0.2883,0.2471,346021095.791548,XRP-USD,6h
2020-12-29 00:00:00,0.2169,0.2471,0.2468,0.2274,479604817.809429,XRP-USD,6h
2020-12-29 06:00:00,0.187,0.2348,0.2273,0.1989,170447411.686952,XRP-USD,6h
2020-12-29 12:00:00,0.17,0.248,0.1989,0.2316,405733573.169429,XRP-USD,6h
2020-12-29 18:00:00,0.2035,0.2476,0.2316,0.221,239509156.08094,XRP-USD,6h
2020-12-30 00:00:00,0.1918,0.2231,0.2211,0.2061,148254004.862061,XRP-USD,6h
2020-12-30 06:00:00,0.1985,0.2237,0.206,0.2152,68739548.294305,XRP-USD,6h
2020-12-30 12:00:00,0.2081,0.2376,0.2151,0.2198,121289467.817387,XRP-USD,6h
2020-12-30 18:00:00,0.2,0.221,0.22,0.2114,128494167.714096,XRP-USD,6h
2020-12-31 00:00:00,0.2053,0.2193,0.2114,0.212,77308335.134042,XRP-USD,6h
2020-12-31 06:00:00,0.21,0.2293,0.2115,0.2207,57153544.957883,XRP-USD,6h
2020-12-31 12:00:00,0.2087,0.2244,0.2208,0.2184,68691198.016994,XRP-USD,6h
2020-12-31 18:00:00,0.2161,0.2289,0.2182,0.2198,85941920.27515,XRP-USD,6h
2021-01-01 00:00:00,0.2163,0.251,0.22,0.2388,110594823.583704,XRP-USD,6h
2021-01-01 06:00:00,0.2264,0.2431,0.239,0.238,49675999.378701,XRP-USD,6h
2021-01-01 12:00:00,0.232,0.2509,0.238,0.2375,77163402.4891,XRP-USD,6h
2021-01-01 18:00:00,0.2295,0.2418,0.2375,0.2381,59895157.329289,XRP-USD,6h
2021-01-02 00:00:00,0.2315,0.2389,0.2381,0.2361,34741059.443998,XRP-USD,6h
2021-01-02 06:00:00,0.2224,0.237,0.2363,0.2281,32162347.308158,XRP-USD,6h
2021-01-02 12:00:00,0.2155,0.2338,0.2281,0.2234,90610316.918645,XRP-USD,6h
2021-01-02 18:00:00,0.2115,0.229,0.2238,0.2208,77851276.946116,XRP-USD,6h
2021-01-03 00:00:00,0.2172,0.2253,0.2209,0.2213,39943967.379344,XRP-USD,6h
2021-01-03 06:00:00,0.2155,0.2266,0.2212,0.2211,43222965.014463,XRP-USD,6h
2021-01-03 12:00:00,0.2178,0.2386,0.2211,0.2313,119566182.853249,XRP-USD,6h
2021-01-03 18:00:00,0.221,0.2325,0.2315,0.2253,76362170.213559,XRP-USD,6h
2021-01-04 00:00:00,0.2229,0.2406,0.2255,0.2341,90526716.149922,XRP-USD,6h
2021-01-04 06:00:00,0.2166,0.262,0.2343,0.2315,148009683.823235,XRP-USD,6h
2021-01-04 12:00:00,0.2255,0.2405,0.2315,0.2305,74213813.375859,XRP-USD,6h
2021-01-04 18:00:00,0.2285,0.2382,0.2305,0.2359,62546523.82181,XRP-USD,6h
2021-01-05 00:00:00,0.2251,0.24,0.236,0.2283,83021490.027928,XRP-USD,6h
2021-01-05 06:00:00,0.2273,0.2428,0.2282,0.2383,37027171.720067,XRP-USD,6h
2021-01-05 12:00:00,0.218,0.2395,0.2383,0.2289,99397559.416545,XRP-USD,6h
2021-01-05 18:00:00,0.2223,0.23,0.229,0.2262,86251861.43124,XRP-USD,6h
2021-01-06 00:00:00,0.222,0.2356,0.2263,0.2259,91054483.47442,XRP-USD,6h
2021-01-06 06:00:00,0.225,0.2339,0.226,0.2281,69108889.949029,XRP-USD,6h
2021-01-06 12:00:00,0.2274,0.2771,0.228,0.2466,238626729.842018,XRP-USD,6h
2021-01-06 18:00:00,0.2366,0.2585,0.2468,0.2492,136424516.663162,XRP-USD,6h
2021-01-07 00:00:00,0.246,0.3288,0.2492,0.2857,303758620.850276,XRP-USD,6h
2021-01-07 06:00:00,0.2765,0.3615,0.2857,0.3591,169306061.13271,XRP-USD,6h
2021-01-07 12:00:00,0.325,0.3708,0.3598,0.3484,235567971.851512,XRP-USD,6h
2021-01-07 18:00:00,0.289,0.3546,0.3487,0.3238,211454348.09775,XRP-USD,6h
2021-01-08 00:00:00,0.2845,0.3467,0.324,0.3054,163159343.040512,XRP-USD,6h
2021-01-08 06:00:00,0.2964,0.345,0.3054,0.3293,73137567.294142,XRP-USD,6h
2021-01-08 12:00:00,0.3033,0.3319,0.329,0.3129,77534136.78376,XRP-USD,6h
2021-01-08 18:00:00,0.2973,0.3243,0.3131,0.3209,81038867.065996,XRP-USD,6h
2021-01-09 00:00:00,0.3055,0.3278,0.3207,0.3127,72596928.082442,XRP-USD,6h
2021-01-09 06:00:00,0.309,0.3325,0.3126,0.323,39564812.046711,XRP-USD,6h
2021-01-09 12:00:00,0.3151,0.3306,0.3232,0.3223,49631711.140664,XRP-USD,6h
2021-01-09 18:00:00,0.3211,0.3407,0.3226,0.3255,82496129.346613,XRP-USD,6h
2021-01-10 00:00:00,0.3253,0.3692,0.3255,0.3595,89612273.286213,XRP-USD,6h
2021-01-10 06:00:00,0.3165,0.364,0.3599,0.3219,87727930.174879,XRP-USD,6h
2021-01-10 12:00:00,0.3095,0.3382,0.3219,0.3216,69310415.280444,XRP-USD,6h
2021-01-10 18:00:00,0.2851,0.3238,0.3213,0.315,85520905.301294,XRP-USD,6h
2021-01-11 00:00:00,0.2514,0.3165,0.3151,0.2779,128361467.866447,XRP-USD,6h
2021-01-11 06:00:00,0.2612,0.2997,0.278,0.2831,80813354.569119,XRP-USD,6h
2021-01-11 12:00:00,0.2573,0.2889,0.2831,0.2776,129499662.578126,XRP-USD,6h
2021-01-11 18:00:00,0.2685,0.2893,0.2776,0.2878,76813898.886144,XRP-USD,6h
2021-01-12 00:00:00,0.2799,0.31,0.2878,0.3041,72641772.144166,XRP-USD,6h
2021-01-12 06:00:00,0.2874,0.3096,0.3042,0.2934,33641462.696192,XRP-USD,6h
2021-01-12 12:00:00,0.2773,0.3033,0.2936,0.2988,51053290.223695,XRP-USD,6h
2021-01-12 18:00:00,0.2863,0.3003,0.2988,0.2922,52292281.485069,XRP-USD,6h
2021-01-13 00:00:00,0.2843,0.2968,0.2922,0.2918,54333546.036425,XRP-USD,6h
2021-01-13 06:00:00,0.2917,0.305,0.2918,0.2987,33766732.417558,XRP-USD,6h
2021-01-13 12:00:00,0.2956,0.3033,0.2987,0.2999,45902558.826455,XRP-USD,6h
2021-01-13 18:00:00,0.2997,0.3104,0.2999,0.3059,60494129.99137,XRP-USD,6h
2021-01-14 00:00:00,0.2832,0.309,0.3059,0.2951,66047564.642637,XRP-USD,6h
2021-01-14 06:00:00,0.2926,0.2996,0.2951,0.2953,28557022.768563,XRP-USD,6h
2021-01-14 12:00:00,0.2907,0.3047,0.2953,0.2961,53808213.669252,XRP-USD,6h
2021-01-14 18:00:00,0.2898,0.2982,0.296,0.2963,33717250.592616,XRP-USD,6h
2021-01-15 00:00:00,0.289,0.3028,0.2962,0.29,31670931.036192,XRP-USD,6h
2021-01-15 06:00:00,0.289,0.2942,0.2899,0.2909,20682232.247061,XRP-USD,6h
2021-01-15 12:00:00,0.2614,0.2915,0.2912,0.277,68784390.379402,XRP-USD,6h
2021-01-15 18:00:00,0.2715,0.2815,0.2771,0.28,43753923.332123,XRP-USD,6h
2021-01-16 00:00:00,0.2757,0.287,0.28,0.278,34788656.311621,XRP-USD,6h
2021-01-16 06:00:00,0.2779,0.2947,0.278,0.2921,20385678.239292,XRP-USD,6h
2021-01-16 12:00:00,0.2833,0.2968,0.2921,0.2839,34818992.872663,XRP-USD,6h
2021-01-16 18:00:00,0.2754,0.2859,0.2837,0.2792,36772092.237856,XRP-USD,6h
2021-01-17 00:00:00,0.2758,0.2856,0.279,0.2775,24682191.920605,XRP-USD,6h
2021-01-17 06:00:00,0.2684,0.2795,0.2775,0.2756,22549235.514529,XRP-USD,6h
2021-01-17 12:00:00,0.2716,0.279,0.2757,0.2765,26446505.294148,XRP-USD,6h
2021-01-17 18:00:00,0.2739,0.2821,0.2766,0.2773,30392217.240524,XRP-USD,6h
2021-01-18 00:00:00,0.2714,0.2788,0.2772,0.2747,31208671.043092,XRP-USD,6h
2021-01-18 06:00:00,0.2732,0.2885,0.2747,0.284,23558550.397398,XRP-USD,6h
2021-01-18 12:00:00,0.2778,0.289,0.2839,0.2791,41146842.997946,XRP-USD,6h
2021-01-18 18:00:00,0.2786,0.2866,0.2792,0.2856,43600928.675413,XRP-USD,6h
2021-01-19 00:00:00,0.2841,0.3228,0.2856,0.3218,89081596.343083,XRP-USD,6h
2021-01-19 06:00:00,0.2958,0.3298,0.3219,0.3023,55512945.439659,XRP-USD,6h
2021-01-19 12:00:00,0.3012,0.3132,0.3023,0.3053,67756492.657902,XRP-USD,6h
2021-01-19 18:00:00,0.3017,0.3054,0.3053,0.3023,1427176.179205,XRP-USD,6h
2023-07-13 18:00:00,0.779,0.95,0.89,0.8177,54123524.592355,XRP-USD,6h
2023-07-14 00:00:00,0.722,0.8279,0.8173,0.7912,61982205.479238,XRP-USD,6h
2023-07-14 06:00:00,0.7647,0.8083,0.7909,0.7993,18287417.923779,XRP-USD,6h
2023-07-14 12:00:00,0.7027,0.8,0.7991,0.7085,41891900.77332,XRP-USD,6h
2023-07-14 18:00:00,0.668,0.7267,0.7086,0.7186,40186567.546209,XRP-USD,6h
2023-07-15 00:00:00,0.693,0.736,0.7185,0.7193,19913892.926848,XRP-USD,6h
2023-07-15 06:00:00,0.7117,0.7314,0.7191,0.7184,6542300.180779,XRP-USD,6h
2023-07-15 12:00:00,0.7019,0.7343,0.7183,0.7135,12288515.502501,XRP-USD,6h
2023-07-15 18:00:00,0.7083,0.732,0.7132,0.715,10043093.476548,XRP-USD,6h
2023-07-16 00:00:00,0.7028,0.7272,0.7146,0.7141,9927037.596293,XRP-USD,6h
2023-07-16 06:00:00,0.7115,0.7624,0.7141,0.7503,10597880.497775,XRP-USD,6h
2023-07-16 12:00:00,0.7425,0.78,0.7499,0.774,22044964.201109,XRP-USD,6h
2023-07-16 18:00:00,0.7364,0.7903,0.7743,0.7475,22169683.674616,XRP-USD,6h
2023-07-17 00:00:00,0.7419,0.76,0.7474,0.7468,12446240.744882,XRP-USD,6h
2023-07-17 06:00:00,0.7203,0.755,0.7466,0.7362,8962229.91427,XRP-USD,6h
2023-07-17 12:00:00,0.7131,0.765,0.7359,0.7267,19168297.483287,XRP-USD,6h
2023-07-17 18:00:00,0.7173,0.7463,0.7266,0.7377,14532635.392696,XRP-USD,6h
2023-07-18 00:00:00,0.7346,0.7488,0.7377,0.7442,8804725.793444,XRP-USD,6h
2023-07-18 06:00:00,0.729,0.7641,0.7447,0.7489,9583461.607209,XRP-USD,6h
2023-07-18 12:00:00,0.7433,0.77,0.7491,0.7558,19918092.617881,XRP-USD,6h
2023-07-18 18:00:00,0.754,0.7845,0.7558,0.7787,20468926.4238,XRP-USD,6h
2023-07-19 00:00:00,0.772,0.82,0.7787,0.8006,36756093.404904,XRP-USD,6h
2023-07-19 06:00:00,0.7701,0.801,0.8,0.7953,14930684.338225,XRP-USD,6h
2023-07-19 12:00:00,0.7913,0.8281,0.7955,0.8152,31166632.253446,XRP-USD,6h
2023-07-19 18:00:00,0.812,0.8526,0.8152,0.8201,52892893.644219,XRP-USD,6h
2023-07-20 00:00:00,0.8165,0.8498,0.8201,0.841,28691892.755808,XRP-USD,6h
2023-07-20 06:00:00,0.8017,0.8427,0.8415,0.8083,19087935.924966,XRP-USD,6h
2023-07-20 12:00:00,0.7787,0.8175,0.8083,0.7923,25057499.639742,XRP-USD,6h
2023-07-20 18:00:00,0.7669,0.8066,0.7923,0.7946,22147751.133382,XRP-USD,6h
2023-07-21 00:00:00,0.7849,0.7989,0.7946,0.7876,9783862.203881,XRP-USD,6h
2023-07-21 06:00:00,0.76,0.7916,0.7876,0.7741,10569734.637449,XRP-USD,6h
2023-07-21 12:00:00,0.7704,0.7913,0.7739,0.7899,12742876.448934,XRP-USD,6h
2023-07-21 18:00:00,0.7661,0.7939,0.7899,0.7716,11300285.71663,XRP-USD,6h
2023-07-22 00:00:00,0.7661,0.7781,0.7716,0.7723,6873671.441201,XRP-USD,6h
2023-07-22 06:00:00,0.7642,0.7799,0.7722,0.7729,5527429.303226,XRP-USD,6h
2023-07-22 12:00:00,0.7604,0.7729,0.7729,0.7667,8767033.636702,XRP-USD,6h
2023-07-22 18:00:00,0.725,0.7667,0.7667,0.7329,21543153.080828,XRP-USD,6h
2023-07-23 00:00:00,0.7152,0.7458,0.7329,0.743,14121117.189098,XRP-USD,6h
2023-07-23 06:00:00,0.7357,0.7478,0.7425,0.7411,4845485.58487,XRP-USD,6h
2023-07-23 12:00:00,0.7361,0.7495,0.7413,0.7483,5708563.950777,XRP-USD,6h
2023-07-23 18:00:00,0.7317,0.7522,0.7483,0.7382,7736726.047205,XRP-USD,6h
2023-07-24 00:00:00,0.7215,0.7428,0.7385,0.7316,9455897.025671,XRP-USD,6h
2023-07-24 06:00:00,0.685,0.7317,0.7312,0.6927,13546319.93983,XRP-USD,6h
2023-07-24 12:00:00,0.6808,0.7054,0.6926,0.7005,21040492.155626,XRP-USD,6h
2023-07-24 18:00:00,0.6982,0.7088,0.7006,0.7022,8639881.686561,XRP-USD,6h
2023-07-25 00:00:00,0.6894,0.7029,0.7022,0.694,7378516.485421,XRP-USD,6h
2023-07-25 06:00:00,0.6746,0.6943,0.6939,0.6853,5764045.536963,XRP-USD,6h
2023-07-25 12:00:00,0.6849,0.7079,0.6853,0.7054,10582943.097787,XRP-USD,6h
2023-07-25 18:00:00,0.6976,0.716,0.7051,0.7088,8690894.30997,XRP-USD,6h
2023-07-26 00:00:00,0.7011,0.715,0.7091,0.7081,5853270.869454,XRP-USD,6h
2023-07-26 06:00:00,0.6929,0.7082,0.7082,0.6977,5558028.090006,XRP-USD,6h
2023-07-26 12:00:00,0.6951,0.7068,0.6977,0.6982,9289886.395708,XRP-USD,6h
2023-07-26 18:00:00,0.6972,0.7325,0.6981,0.7162,17987973.320785,XRP-USD,6h
2023-07-27 00:00:00,0.7081,0.7221,0.716,0.715,5512457.178744,XRP-USD,6h
2023-07-27 06:00:00,0.7095,0.719,0.7152,0.7163,3689002.482365,XRP-USD,6h
2023-07-27 12:00:00,0.7065,0.7324,0.7162,0.7223,8861375.584983,XRP-USD,6h
2023-07-27 18:00:00,0.7073,0.7229,0.7224,0.7136,7380899.154469,XRP-USD,6h
2023-07-28 00:00:00,0.7076,0.7191,0.7137,0.7107,5381071.54508,XRP-USD,6h
2023-07-28 06:00:00,0.7025,0.7129,0.7105,0.709,4243801.867215,XRP-USD,6h
2023-07-28 12:00:00,0.7084,0.7174,0.709,0.7105,6094992.174118,XRP-USD,6h
2023-07-28 18:00:00,0.7094,0.7146,0.7105,0.712,4277416.17318,XRP-USD,6h
2023-07-29 00:00:00,0.7097,0.7143,0.712,0.7136,2985789.270001,XRP-USD,6h
2023-07-29 06:00:00,0.7042,0.7154,0.7133,0.7085,2261398.175989,XRP-USD,6h
2023-07-29 12:00:00,0.7071,0.7134,0.7085,0.7122,2990668.819554,XRP-USD,6h
2023-07-29 18:00:00,0.7089,0.7157,0.7122,0.7123,3883583.955817,XRP-USD,6h
2023-07-30 00:00:00,0.7081,0.7125,0.7122,0.7103,3303184.908405,XRP-USD,6h
2023-07-30 06:00:00,0.709,0.7353,0.7103,0.7195,3237743.166944,XRP-USD,6h
2023-07-30 12:00:00,0.7133,0.7229,0.7198,0.7171,4532855.711537,XRP-USD,6h
2023-07-30 18:00:00,0.685,0.7176,0.7171,0.7049,8659115.995956,XRP-USD,6h
2023-07-31 00:00:00,0.7015,0.7118,0.7049,0.7059,3435264.506066,XRP-USD,6h
2023-07-31 06:00:00,0.7012,0.7079,0.7055,0.704,2646944.719481,XRP-USD,6h
2023-07-31 12:00:00,0.6929,0.7073,0.704,0.7029,7452787.562781,XRP-USD,6h
2023-07-31 18:00:00,0.6856,0.73,0.7031,0.6977,26032808.799615,XRP-USD,6h
2023-08-01 00:00:00,0.674,0.6978,0.6976,0.691,10321521.142885,XRP-USD,6h
2023-08-01 06:00:00,0.6858,0.6921,0.6908,0.6873,3400734.139646,XRP-USD,6h
2023-08-01 12:00:00,0.681,0.698,0.6873,0.6944,8864384.563089,XRP-USD,6h
2023-08-01 18:00:00,0.6945,0.708,0.6946,0.7066,8349217.829487,XRP-USD,6h
2023-08-02 00:00:00,0.6961,0.7079,0.7067,0.6982,8132361.375753,XRP-USD,6h
2023-08-02 06:00:00,0.6919,0.6987,0.6981,0.6961,3737739.790429,XRP-USD,6h
2023-08-02 12:00:00,0.6761,0.6961,0.6961,0.6834,8778500.874274,XRP-USD,6h
2023-08-02 18:00:00,0.6825,0.6889,0.6834,0.6847,5150579.913592,XRP-USD,6h
2023-08-03 00:00:00,0.6783,0.6873,0.6846,0.6818,4875052.976021,XRP-USD,6h
2023-08-03 06:00:00,0.6531,0.682,0.6818,0.6651,10698410.758717,XRP-USD,6h
2023-08-03 12:00:00,0.6586,0.6759,0.665,0.671,9335475.063145,XRP-USD,6h
2023-08-03 18:00:00,0.6608,0.677,0.6708,0.6626,9092917.983431,XRP-USD,6h
2023-08-04 00:00:00,0.6605,0.6671,0.6625,0.6663,7809986.012781,XRP-USD,6h
2023-08-04 06:00:00,0.6552,0.6669,0.6664,0.6575,3617302.436297,XRP-USD,6h
2023-08-04 12:00:00,0.6557,0.6676,0.6573,0.6621,7099142.294461,XRP-USD,6h
2023-08-04 18:00:00,0.6265,0.6625,0.662,0.6349,15423662.348115,XRP-USD,6h
2023-08-05 00:00:00,0.61,0.6348,0.6347,0.6242,11927606.085608,XRP-USD,6h
2023-08-05 06:00:00,0.6215,0.631,0.6242,0.6267,4645664.845167,XRP-USD,6h
2023-08-05 12:00:00,0.6183,0.6288,0.6266,0.6255,10296805.783308,XRP-USD,6h
2023-08-05 18:00:00,0.6243,0.632,0.6257,0.6283,7358215.044593,XRP-USD,6h
2023-08-06 00:00:00,0.6264,0.6383,0.6283,0.635,7574777.169579,XRP-USD,6h
2023-08-06 06:00:00,0.6291,0.6371,0.635,0.6324,3449946.49907,XRP-USD,6h
2023-08-06 12:00:00,0.623,0.6325,0.6324,0.6265,6787374.294912,XRP-USD,6h
2023-08-06 18:00:00,0.6204,0.631,0.6265,0.6229,5152072.104571,XRP-USD,6h
2023-08-07 00:00:00,0.6198,0.6287,0.6232,0.624,5522837.147823,XRP-USD,6h
2023-08-07 06:00:00,0.6057,0.6241,0.6241,0.6186,7227238.963965,XRP-USD,6h
2023-08-07 12:00:00,0.599,0.6197,0.6186,0.6087,17737347.291131,XRP-USD,6h
2023-08-07 18:00:00,0.6077,0.6239,0.6086,0.623,9211695.233184,XRP-USD,6h
2023-08-08 00:00:00,0.6167,0.632,0.623,0.6236,9497911.510509,XRP-USD,6h
2023-08-08 06:00:00,0.6133,0.6243,0.6237,0.6222,5038531.636074,XRP-USD,6h
2023-08-08 12:00:00,0.6198,0.6413,0.6222,0.6394,14128417.118644,XRP-USD,6h
2023-08-08 18:00:00,0.6343,0.648,0.6393,0.6418,12637553.803639,XRP-USD,6h
2023-08-09 00:00:00,0.6355,0.648,0.6417,0.6439,7334364.410746,XRP-USD,6h
2023-08-09 06:00:00,0.6388,0.6489,0.6439,0.6452,6453088.184728,XRP-USD,6h
2023-08-09 12:00:00,0.6446,0.6661,0.6452,0.6513,22619250.629829,XRP-USD,6h
2023-08-09 18:00:00,0.6307,0.6648,0.6515,0.6431,22624222.602771,XRP-USD,6h
2023-08-10 00:00:00,0.6338,0.6442,0.6429,0.6345,4861289.964089,XRP-USD,6h
2023-08-10 06:00:00,0.6237,0.6361,0.6347,0.6278,6463605.894157,XRP-USD,6h
2023-08-10 12:00:00,0.6238,0.637,0.628,0.6305,8718681.608295,XRP-USD,6h
2023-08-10 18:00:00,0.6299,0.6354,0.6305,0.6324,5675804.020732,XRP-USD,6h
2023-08-11 00:00:00,0.6312,0.6402,0.6323,0.6355,5270773.444728,XRP-USD,6h
2023-08-11 06:00:00,0.6276,0.6358,0.6354,0.6324,4848877.269057,XRP-USD,6h
2023-08-11 12:00:00,0.6251,0.6339,0.6323,0.6295,7776212.897279,XRP-USD,6h
2023-08-11 18:00:00,0.6269,0.6327,0.6294,0.6309,5322695.367952,XRP-USD,6h
2023-08-12 00:00:00,0.6276,0.6327,0.631,0.629,4020728.035771,XRP-USD,6h
2023-08-12 06:00:00,0.6285,0.6312,0.6291,0.6297,1473158.678078,XRP-USD,6h
2023-08-12 12:00:00,0.6284,0.631,0.6296,0.6293,3755471.832275,XRP-USD,6h
2023-08-12 18:00:00,0.6228,0.6297,0.6293,0.6272,3586923.415266,XRP-USD,6h
2023-08-13 00:00:00,0.6255,0.6299,0.6272,0.627,2978847.012868,XRP-USD,6h
2023-08-13 06:00:00,0.6261,0.6292,0.627,0.6274,1157734.827039,XRP-USD,6h
2023-08-13 12:00:00,0.6263,0.6295,0.6273,0.6289,3285658.876413,XRP-USD,6h
2023-08-13 18:00:00,0.6231,0.6381,0.6289,0.6251,8371798.5477,XRP-USD,6h
2023-08-14 00:00:00,0.6236,0.6336,0.625,0.6293,5922036.882948,XRP-USD,6h
2023-08-14 06:00:00,0.625,0.63,0.6293,0.6274,3250558.048613,XRP-USD,6h
2023-08-14 12:00:00,0.6256,0.6322,0.6273,0.6291,7223951.553092,XRP-USD,6h
2023-08-14 18:00:00,0.6243,0.6364,0.6291,0.6336,7021452.666694,XRP-USD,6h
2023-08-15 00:00:00,0.6262,0.6343,0.6338,0.6285,5346512.487995,XRP-USD,6h
2023-08-15 06:00:00,0.6245,0.6294,0.6284,0.6249,4152888.296024,XRP-USD,6h
2023-08-15 12:00:00,0.6207,0.6279,0.625,0.6247,7651679.909879,XRP-USD,6h
2023-08-15 18:00:00,0.59,0.625,0.6247,0.6097,27803720.295928,XRP-USD,6h
2023-08-16 00:00:00,0.6053,0.6159,0.6097,0.6079,10979613.639894,XRP-USD,6h
2023-08-16 06:00:00,0.5942,0.6085,0.6079,0.5994,17921574.004365,XRP-USD,6h
2023-08-16 12:00:00,0.5871,0.6009,0.5993,0.6004,21678052.560168,XRP-USD,6h
2023-08-16 18:00:00,0.575,0.6022,0.6003,0.5883,23555340.85231,XRP-USD,6h
2023-08-17 00:00:00,0.579,0.5942,0.5885,0.5926,10208794.205729,XRP-USD,6h
2023-08-17 06:00:00,0.5826,0.5928,0.5925,0.5841,10065464.622562,XRP-USD,6h
2023-08-17 12:00:00,0.5679,0.588,0.5841,0.577,29731772.252436,XRP-USD,6h
2023-08-17 18:00:00,0.444,0.5791,0.5769,0.5067,66878696.623169,XRP-USD,6h
2023-08-18 00:00:00,0.483,0.5156,0.5064,0.4978,38117257.377461,XRP-USD,6h
2023-08-18 06:00:00,0.4977,0.5231,0.4978,0.5085,31987485.352485,XRP-USD,6h
2023-08-18 12:00:00,0.4886,0.5119,0.5088,0.5038,32617839.836688,XRP-USD,6h
2023-08-18 18:00:00,0.4976,0.5104,0.504,0.5062,19585745.608775,XRP-USD,6h
2023-08-19 00:00:00,0.5027,0.5098,0.5062,0.5032,9307892.125349,XRP-USD,6h
2023-08-19 06:00:00,0.5005,0.5074,0.5031,0.5034,7407550.759831,XRP-USD,6h
2023-08-19 12:00:00,0.5028,0.5245,0.5035,0.5191,22112104.936183,XRP-USD,6h
2023-08-19 18:00:00,0.5127,0.5221,0.5195,0.5199,10690563.544229,XRP-USD,6h
2023-08-20 00:00:00,0.5159,0.523,0.52,0.5189,9347069.410275,XRP-USD,6h
2023-08-20 06:00:00,0.518,0.5581,0.5189,0.5453,36165618.295683,XRP-USD,6h
2023-08-20 12:00:00,0.5313,0.5502,0.5453,0.5394,23803721.36025,XRP-USD,6h
2023-08-20 18:00:00,0.5371,0.5454,0.5394,0.5383,10830675.596648,XRP-USD,6h
2023-08-21 00:00:00,0.5244,0.5398,0.5384,0.5289,14236291.73537,XRP-USD,6h
2023-08-21 06:00:00,0.5171,0.5288,0.5287,0.5256,18191187.088443,XRP-USD,6h
2023-08-21 12:00:00,0.5025,0.5306,0.5257,0.5165,24881557.882084,XRP-USD,6h
2023-08-21 18:00:00,0.5152,0.5265,0.5165,0.5245,10185024.842391,XRP-USD,6h
2023-08-22 00:00:00,0.518,0.5253,0.5244,0.5202,10308179.563614,XRP-USD,6h
2023-08-22 06:00:00,0.5144,0.521,0.5201,0.5169,10815751.719931,XRP-USD,6h
2023-08-22 12:00:00,0.5036,0.5205,0.5168,0.5095,21884166.549548,XRP-USD,6h
2023-08-22 18:00:00,0.5034,0.5249,0.5093,0.5208,13781666.593292,XRP-USD,6h
2023-08-23 00:00:00,0.5175,0.5237,0.5208,0.5208,9644655.558286,XRP-USD,6h
2023-08-23 06:00:00,0.5165,0.5225,0.5208,0.5191,9338231.969973,XRP-USD,6h
2023-08-23 12:00:00,0.5156,0.5351,0.5189,0.531,18913264.777167,XRP-USD,6h
2023-08-23 18:00:00,0.5233,0.5364,0.5311,0.5303,11419822.092001,XRP-USD,6h
2023-08-24 00:00:00,0.5259,0.5319,0.5302,0.5302,6197267.62904,XRP-USD,6h
2023-08-24 06:00:00,0.5225,0.5303,0.5303,0.5243,7163018.632875,XRP-USD,6h
2023-08-24 12:00:00,0.511,0.5246,0.5243,0.516,12379503.516434,XRP-USD,6h
2023-08-24 18:00:00,0.5116,0.5195,0.5159,0.5185,6869815.147959,XRP-USD,6h
2023-08-25 00:00:00,0.5129,0.5209,0.5184,0.5154,5859190.352499,XRP-USD,6h
2023-08-25 06:00:00,0.5074,0.5163,0.5156,0.5139,9654048.862697,XRP-USD,6h
2023-08-25 12:00:00,0.5117,0.5253,0.5139,0.5201,13673770.832807,XRP-USD,6h
2023-08-25 18:00:00,0.5187,0.5313,0.5201,0.5256,10210445.973096,XRP-USD,6h
2023-08-26 00:00:00,0.5175,0.5264,0.5256,0.5196,4201647.091352,XRP-USD,6h
2023-08-26 06:00:00,0.5193,0.5238,0.5197,0.5227,2724211.998263,XRP-USD,6h
2023-08-26 12:00:00,0.5207,0.5279,0.5226,0.5247,5128927.571811,XRP-USD,6h
2023-08-26 18:00:00,0.5216,0.5273,0.5248,0.523,3627044.517505,XRP-USD,6h
2023-08-27 00:00:00,0.5217,0.527,0.5228,0.5256,2891118.27208,XRP-USD,6h
2023-08-27 06:00:00,0.5246,0.5297,0.5255,0.5268,3407101.618104,XRP-USD,6h
2023-08-27 12:00:00,0.5237,0.5299,0.5267,0.5244,4902165.693943,XRP-USD,6h
2023-08-27 18:00:00,0.5177,0.5261,0.5242,0.5234,5165893.906005,XRP-USD,6h
2023-08-28 00:00:00,0.5157,0.5235,0.5234,0.5178,9373086.381267,XRP-USD,6h
2023-08-28 06:00:00,0.5101,0.5188,0.5177,0.5162,10075365.418285,XRP-USD,6h
2023-08-28 12:00:00,0.51,0.5217,0.5163,0.5201,13205323.586823,XRP-USD,6h
2023-08-28 18:00:00,0.5183,0.5245,0.5201,0.5227,7215757.792968,XRP-USD,6h
2023-08-29 00:00:00,0.5192,0.523,0.5228,0.5198,7723346.814472,XRP-USD,6h
2023-08-29 06:00:00,0.5126,0.5198,0.5197,0.5154,10717463.330105,XRP-USD,6h
2023-08-29 12:00:00,0.5142,0.5498,0.5154,0.5408,33101780.37541,XRP-USD,6h
2023-08-29 18:00:00,0.5372,0.5438,0.5411,0.5398,8967510.863618,XRP-USD,6h
2023-08-30 00:00:00,0.5303,0.5405,0.5397,0.5345,14439950.451394,XRP-USD,6h
2023-08-30 06:00:00,0.5276,0.5343,0.5343,0.5295,8538252.969301,XRP-USD,6h
2023-08-30 12:00:00,0.5216,0.5314,0.5296,0.5249,13599996.554224,XRP-USD,6h
2023-08-30 18:00:00,0.5234,0.5297,0.5249,0.5284,8191527.77811,XRP-USD,6h
2023-08-31 00:00:00,0.5241,0.5287,0.5283,0.5254,5510194.133674,XRP-USD,6h
2023-08-31 06:00:00,0.5228,0.5287,0.5254,0.5262,6955006.315248,XRP-USD,6h
2023-08-31 12:00:00,0.4961,0.5265,0.5264,0.5104,25507719.68483,XRP-USD,6h
2023-08-31 18:00:00,0.5029,0.5125,0.5103,0.511,11002859.830218,XRP-USD,6h
2023-09-01 00:00:00,0.5061,0.5116,0.5109,0.5067,8512967.40098,XRP-USD,6h
2023-09-01 06:00:00,0.502,0.5075,0.5065,0.5068,7865434.93955,XRP-USD,6h
2023-09-01 12:00:00,0.49,0.5082,0.5068,0.4933,18600999.39603,XRP-USD,6h
2023-09-01 18:00:00,0.4865,0.4986,0.4933,0.4979,9565177.989632,XRP-USD,6h
2023-09-02 00:00:00,0.4942,0.4988,0.4979,0.4962,3498264.458419,XRP-USD,6h
2023-09-02 06:00:00,0.495,0.4981,0.4961,0.4972,2543524.71313,XRP-USD,6h
2023-09-02 12:00:00,0.4958,0.5027,0.4972,0.4965,7015006.082839,XRP-USD,6h
2023-09-02 18:00:00,0.4943,0.4999,0.4963,0.4989,3854526.2937,XRP-USD,6h
2023-09-03 00:00:00,0.4972,0.5053,0.4991,0.5042,4267472.784153,XRP-USD,6h
2023-09-03 06:00:00,0.5014,0.5054,0.5042,0.5027,2651206.824952,XRP-USD,6h
2023-09-03 12:00:00,0.4998,0.5107,0.5026,0.5054,7697777.835056,XRP-USD,6h
2023-09-03 18:00:00,0.5035,0.5077,0.5054,0.5047,4386302.427102,XRP-USD,6h
2023-09-04 00:00:00,0.5044,0.5125,0.5046,0.5091,7535660.731685,XRP-USD,6h
2023-09-04 06:00:00,0.5002,0.5094,0.5092,0.5008,9951855.939596,XRP-USD,6h
2023-09-04 12:00:00,0.4965,0.5066,0.5008,0.5058,14855020.098555,XRP-USD,6h
2023-09-04 18:00:00,0.5037,0.5106,0.5057,0.5085,6884827.308388,XRP-USD,6h
2023-09-05 00:00:00,0.5018,0.5085,0.5085,0.5047,8415627.292144,XRP-USD,6h
2023-09-05 06:00:00,0.5011,0.5055,0.5048,0.5033,6221897.616188,XRP-USD,6h
2023-09-05 12:00:00,0.4988,0.5048,0.5034,0.5024,13177733.691258,XRP-USD,6h
2023-09-05 18:00:00,0.5017,0.5063,0.5025,0.5054,5306111.497315,XRP-USD,6h
2023-09-06 00:00:00,0.5029,0.5057,0.5054,0.5035,5927972.044606,XRP-USD,6h
2023-09-06 06:00:00,0.4997,0.5034,0.5034,0.5013,8537506.317711,XRP-USD,6h
2023-09-06 12:00:00,0.4909,0.5044,0.5012,0.502,20017882.57686,XRP-USD,6h
2023-09-06 18:00:00,0.4972,0.5037,0.5021,0.5032,9783511.811194,XRP-USD,6h
2023-09-07 00:00:00,0.4995,0.5042,0.5031,0.5015,7684729.119975,XRP-USD,6h
2023-09-07 06:00:00,0.4962,0.5015,0.5015,0.498,11453120.947115,XRP-USD,6h
2023-09-07 12:00:00,0.497,0.5017,0.4979,0.5013,14034426.248908,XRP-USD,6h
2023-09-07 18:00:00,0.5002,0.5066,0.5012,0.5049,13690579.453351,XRP-USD,6h
2023-09-08 00:00:00,0.5026,0.5074,0.5048,0.5042,7999932.884868,XRP-USD,6h
2023-09-08 06:00:00,0.4942,0.5048,0.5042,0.4981,10863132.163287,XRP-USD,6h
2023-09-08 12:00:00,0.4976,0.504,0.4979,0.5039,12345225.893828,XRP-USD,6h
2023-09-08 18:00:00,0.5025,0.5063,0.5038,0.5049,7566775.048351,XRP-USD,6h
2023-09-09 00:00:00,0.5012,0.5049,0.5048,0.5022,4196972.5132,XRP-USD,6h
2023-09-09 06:00:00,0.5022,0.5045,0.5025,0.5038,3312140.22164,XRP-USD,6h
2023-09-09 12:00:00,0.5019,0.5046,0.5037,0.5032,3783349.812697,XRP-USD,6h
2023-09-09 18:00:00,0.5026,0.5041,0.5032,0.5039,3277105.924849,XRP-USD,6h
2023-09-10 00:00:00,0.4954,0.5039,0.5038,0.4993,7915083.832903,XRP-USD,6h
2023-09-10 06:00:00,0.4985,0.5009,0.4992,0.4995,1924861.555442,XRP-USD,6h
2023-09-10 12:00:00,0.4924,0.4999,0.4992,0.4955,8036259.144813,XRP-USD,6h
2023-09-10 18:00:00,0.494,0.5009,0.4954,0.4968,6840375.35338,XRP-USD,6h
2023-09-11 00:00:00,0.4916,0.498,0.4968,0.4955,10759082.104298,XRP-USD,6h
2023-09-11 06:00:00,0.4595,0.4957,0.4955,0.4694,36086741.076017,XRP-USD,6h
2023-09-11 12:00:00,0.4676,0.4769,0.4693,0.4737,27328372.41683,XRP-USD,6h
2023-09-11 18:00:00,0.4645,0.4755,0.4735,0.4743,17213732.185564,XRP-USD,6h
2023-09-12 00:00:00,0.4699,0.4841,0.4743,0.4779,15655243.521926,XRP-USD,6h
2023-09-12 06:00:00,0.4702,0.4841,0.4778,0.4787,17664883.971345,XRP-USD,6h
2023-09-12 12:00:00,0.4763,0.4867,0.4789,0.4794,21303338.83671,XRP-USD,6h
2023-09-12 18:00:00,0.479,0.4847,0.4797,0.4803,8827141.743022,XRP-USD,6h
2023-09-13 00:00:00,0.4766,0.4815,0.4804,0.4767,8524462.761506,XRP-USD,6h
2023-09-13 06:00:00,0.4724,0.4895,0.4769,0.4814,21977370.424494,XRP-USD,6h
2023-09-13 12:00:00,0.4783,0.4847,0.4818,0.4808,13737870.712004,XRP-USD,6h
2023-09-13 18:00:00,0.4795,0.4857,0.4808,0.4834,9485166.530652,XRP-USD,6h
2023-09-14 00:00:00,0.4811,0.4864,0.4833,0.4815,8518240.69735,XRP-USD,6h
2023-09-14 06:00:00,0.4799,0.4839,0.4814,0.4835,8553333.188305,XRP-USD,6h
2023-09-14 12:00:00,0.4817,0.4912,0.4835,0.4897,14778118.346046,XRP-USD,6h
2023-09-14 18:00:00,0.4886,0.4941,0.4899,0.4892,9533180.520102,XRP-USD,6h
2023-09-15 00:00:00,0.4891,0.5085,0.4892,0.501,15898381.156245,XRP-USD,6h
2023-09-15 06:00:00,0.4929,0.501,0.5008,0.4938,13668521.330378,XRP-USD,6h
2023-09-15 12:00:00,0.4876,0.4959,0.4939,0.4941,15017656.621991,XRP-USD,6h
2023-09-15 18:00:00,0.4938,0.5038,0.4942,0.5006,10952206.694088,XRP-USD,6h
2023-09-16 00:00:00,0.4981,0.5035,0.5005,0.5002,6306990.110273,XRP-USD,6h
2023-09-16 06:00:00,0.4984,0.5023,0.5001,0.5008,3921458.54102,XRP-USD,6h
2023-09-16 12:00:00,0.4972,0.5026,0.5007,0.5023,6165753.280621,XRP-USD,6h
2023-09-16 18:00:00,0.4989,0.5025,0.5023,0.4999,4146011.118985,XRP-USD,6h
2023-09-17 00:00:00,0.4925,0.5,0.5,0.4941,9213634.656669,XRP-USD,6h
2023-09-17 06:00:00,0.4935,0.4987,0.4941,0.4975,2847288.440349,XRP-USD,6h
2023-09-17 12:00:00,0.4957,0.5006,0.4974,0.4961,5046040.085139,XRP-USD,6h
2023-09-17 18:00:00,0.4898,0.4975,0.4959,0.4927,6450584.17918,XRP-USD,6h
2023-09-18 00:00:00,0.4869,0.4988,0.4927,0.4948,10156327.555105,XRP-USD,6h
2023-09-18 06:00:00,0.4908,0.502,0.4949,0.5016,11141738.717098,XRP-USD,6h
2023-09-18 12:00:00,0.4981,0.5075,0.5016,0.4999,17178984.612945,XRP-USD,6h
2023-09-18 18:00:00,0.4993,0.5073,0.5002,0.5032,7929635.237948,XRP-USD,6h
2023-09-19 00:00:00,0.5006,0.5154,0.5032,0.5097,10751319.344726,XRP-USD,6h
2023-09-19 06:00:00,0.5034,0.5107,0.5097,0.5096,10023964.377439,XRP-USD,6h
2023-09-19 12:00:00,0.5064,0.5144,0.5096,0.5125,15308852.168659,XRP-USD,6h
2023-09-19 18:00:00,0.5112,0.5167,0.5126,0.5141,9578798.459153,XRP-USD,6h
2023-09-20 00:00:00,0.5116,0.5256,0.5141,0.5181,22079377.837189,XRP-USD,6h
2023-09-20 06:00:00,0.5068,0.5199,0.5181,0.5157,17353116.953551,XRP-USD,6h
2023-09-20 12:00:00,0.5102,0.5211,0.5158,0.5194,14951758.733677,XRP-USD,6h
2023-09-20 18:00:00,0.5116,0.5251,0.5193,0.5213,15633313.448657,XRP-USD,6h
2023-09-21 00:00:00,0.5131,0.5215,0.5215,0.5167,7686521.085225,XRP-USD,6h
2023-09-21 06:00:00,0.5008,0.5167,0.5166,0.5053,19340033.743041,XRP-USD,6h
2023-09-21 12:00:00,0.5,0.5092,0.5053,0.5089,12827579.680036,XRP-USD,6h
2023-09-21 18:00:00,0.5054,0.5115,0.5091,0.5073,9837634.142976,XRP-USD,6h
2023-09-22 00:00:00,0.5039,0.514,0.5071,0.5108,6484359.586927,XRP-USD,6h
2023-09-22 06:00:00,0.5069,0.5138,0.5108,0.5096,8159417.614989,XRP-USD,6h
2023-09-22 12:00:00,0.5084,0.5156,0.5097,0.5142,13252961.757363,XRP-USD,6h
2023-09-22 18:00:00,0.5101,0.5169,0.5142,0.5122,12618727.817172,XRP-USD,6h
2023-09-23 00:00:00,0.5104,0.5137,0.5123,0.5122,4191167.855596,XRP-USD,6h
2023-09-23 06:00:00,0.5112,0.5134,0.5122,0.5127,2725130.207416,XRP-USD,6h
2023-09-23 12:00:00,0.5085,0.5128,0.5127,0.5104,5583702.905995,XRP-USD,6h
2023-09-23 18:00:00,0.5056,0.511,0.5104,0.5077,3349605.684805,XRP-USD,6h
2023-09-24 00:00:00,0.5061,0.51,0.5077,0.5089,6299541.862969,XRP-USD,6h
2023-09-24 06:00:00,0.5076,0.5117,0.5088,0.5112,2030658.323116,XRP-USD,6h
2023-09-24 12:00:00,0.508,0.5117,0.5112,0.5101,4049216.905181,XRP-USD,6h
2023-09-24 18:00:00,0.4992,0.5108,0.5101,0.502,10321952.844189,XRP-USD,6h
2023-09-25 00:00:00,0.4956,0.5039,0.502,0.4984,14265049.452641,XRP-USD,6h
2023-09-25 06:00:00,0.4912,0.4986,0.4983,0.4955,12535909.978974,XRP-USD,6h
2023-09-25 12:00:00,0.4941,0.5066,0.4955,0.5052,19526401.89815,XRP-USD,6h
2023-09-25 18:00:00,0.5017,0.5071,0.5052,0.5054,8573117.185914,XRP-USD,6h
2023-09-26 00:00:00,0.5012,0.5072,0.5053,0.5026,8758450.973905,XRP-USD,6h
2023-09-26 06:00:00,0.4978,0.503,0.5027,0.5009,11403032.702286,XRP-USD,6h
2023-09-26 12:00:00,0.4993,0.5052,0.501,0.5044,12350874.340677,XRP-USD,6h
2023-09-26 18:00:00,0.4963,0.506,0.5044,0.5016,8689375.07831,XRP-USD,6h
2023-09-27 00:00:00,0.4975,0.5038,0.5016,0.4975,9073353.702248,XRP-USD,6h
2023-09-27 06:00:00,0.4965,0.5067,0.4976,0.5057,13360429.08703,XRP-USD,6h
2023-09-27 12:00:00,0.4994,0.5067,0.5059,0.5028,14855341.607859,XRP-USD,6h
2023-09-27 18:00:00,0.4983,0.5049,0.5028,0.4989,10108481.337499,XRP-USD,6h
2023-09-28 00:00:00,0.4955,0.5009,0.4988,0.4958,8893634.766781,XRP-USD,6h
2023-09-28 06:00:00,0.4947,0.5028,0.4957,0.5012,10105292.853614,XRP-USD,6h
2023-09-28 12:00:00,0.499,0.51,0.5012,0.5085,15477274.387993,XRP-USD,6h
2023-09-28 18:00:00,0.5044,0.5099,0.5085,0.5098,9876748.444464,XRP-USD,6h
2023-09-29 00:00:00,0.5069,0.513,0.5099,0.5069,7363603.007519,XRP-USD,6h
2023-09-29 06:00:00,0.506,0.5123,0.5069,0.5118,9380090.898239,XRP-USD,6h
2023-09-29 12:00:00,0.5116,0.5494,0.5117,0.5348,63759880.080702,XRP-USD,6h
2023-09-29 18:00:00,0.5171,0.537,0.5347,0.5214,20862889.370924,XRP-USD,6h
2023-09-30 00:00:00,0.5134,0.5216,0.5213,0.5165,7861023.950361,XRP-USD,6h
2023-09-30 06:00:00,0.5148,0.52,0.5166,0.5173,3548578.585586,XRP-USD,6h
2023-09-30 12:00:00,0.515,0.5183,0.5173,0.5176,4198318.134332,XRP-USD,6h
2023-09-30 18:00:00,0.514,0.5192,0.5177,0.5151,4641101.133862,XRP-USD,6h
2023-10-01 00:00:00,0.5138,0.5175,0.5151,0.5174,2856314.62151,XRP-USD,6h
2023-10-01 06:00:00,0.5168,0.5231,0.5175,0.5214,2920822.759721,XRP-USD,6h
2023-10-01 12:00:00,0.5148,0.5218,0.5213,0.5154,5882799.2801,XRP-USD,6h
2023-10-01 18:00:00,0.5151,0.526,0.5153,0.524,6176802.718252,XRP-USD,6h
2023-10-02 00:00:00,0.5207,0.5266,0.5241,0.5213,7931720.389751,XRP-USD,6h
2023-10-02 06:00:00,0.5197,0.5251,0.5213,0.521,8119090.344713,XRP-USD,6h
2023-10-02 12:00:00,0.5156,0.5246,0.521,0.5226,12109679.791519,XRP-USD,6h
2023-10-02 18:00:00,0.507,0.5236,0.5226,0.5123,15464054.518924,XRP-USD,6h
2023-10-03 00:00:00,0.507,0.5148,0.5124,0.5084,6076040.958404,XRP-USD,6h
2023-10-03 06:00:00,0.5065,0.5114,0.5084,0.5097,7247571.240825,XRP-USD,6h
2023-10-03 12:00:00,0.5056,0.5131,0.5097,0.5128,8765042.581834,XRP-USD,6h
2023-10-03 18:00:00,0.5089,0.5489,0.5129,0.5391,46448861.22567,XRP-USD,6h
2023-10-04 00:00:00,0.5196,0.5427,0.5391,0.5297,56225586.335211,XRP-USD,6h
2023-10-04 06:00:00,0.5249,0.5367,0.53,0.5332,16377688.986606,XRP-USD,6h
2023-10-04 12:00:00,0.5271,0.5396,0.5331,0.5366,18018865.446648,XRP-USD,6h
2023-10-04 18:00:00,0.5264,0.5384,0.5366,0.5329,17374346.991112,XRP-USD,6h
2023-10-05 00:00:00,0.5246,0.5328,0.5327,0.5273,10927756.918096,XRP-USD,6h
2023-10-05 06:00:00,0.5208,0.5279,0.5273,0.5228,13939007.691781,XRP-USD,6h
2023-10-05 12:00:00,0.5159,0.5274,0.5227,0.5245,20628854.813752,XRP-USD,6h
2023-10-05 18:00:00,0.5207,0.5258,0.5246,0.523,8739671.574355,XRP-USD,6h
2023-10-06 00:00:00,0.5205,0.5272,0.5229,0.522,6197273.827961,XRP-USD,6h
2023-10-06 06:00:00,0.5187,0.5231,0.522,0.5207,7398897.537728,XRP-USD,6h
2023-10-06 12:00:00,0.517,0.526,0.5207,0.5237,8690039.979543,XRP-USD,6h
2023-10-06 18:00:00,0.523,0.5299,0.5237,0.5257,7961684.441243,XRP-USD,6h
2023-10-07 00:00:00,0.5211,0.5261,0.5257,0.5216,4475054.160966,XRP-USD,6h
2023-10-07 06:00:00,0.5212,0.524,0.5217,0.5225,2520592.899916,XRP-USD,6h
2023-10-07 12:00:00,0.5218,0.524,0.5225,0.5229,2620725.699049,XRP-USD,6h
2023-10-07 18:00:00,0.5201,0.523,0.5227,0.5221,3060579.713749,XRP-USD,6h
2023-10-08 00:00:00,0.5205,0.5238,0.522,0.5212,2554783.080633,XRP-USD,6h
2023-10-08 06:00:00,0.5194,0.5223,0.5213,0.5195,1760599.389546,XRP-USD,6h
2023-10-08 12:00:00,0.5156,0.5219,0.5195,0.5185,4047011.829345,XRP-USD,6h
2023-10-08 18:00:00,0.5165,0.5196,0.5184,0.5177,3066383.012504,XRP-USD,6h
2023-10-09 00:00:00,0.5141,0.5204,0.5177,0.5148,6066455.715351,XRP-USD,6h
2023-10-09 06:00:00,0.488,0.5154,0.5146,0.4982,13276230.22138,XRP-USD,6h
2023-10-09 12:00:00,0.4915,0.5026,0.498,0.5,10591938.795734,XRP-USD,6h
2023-10-09 18:00:00,0.4995,0.5065,0.4999,0.5029,6991902.872916,XRP-USD,6h
2023-10-10 00:00:00,0.4954,0.503,0.503,0.4979,8006712.964439,XRP-USD,6h
2023-10-10 06:00:00,0.4958,0.5017,0.498,0.4968,7562080.030087,XRP-USD,6h
2023-10-10 12:00:00,0.4919,0.4987,0.4967,0.4963,9554493.959354,XRP-USD,6h
2023-10-10 18:00:00,0.4954,0.5001,0.4962,0.4964,7431747.197929,XRP-USD,6h
2023-10-11 00:00:00,0.4868,0.4976,0.4963,0.4879,15586509.215074,XRP-USD,6h
2023-10-11 06:00:00,0.4817,0.4891,0.4881,0.4872,14056749.048357,XRP-USD,6h
2023-10-11 12:00:00,0.4788,0.4888,0.4872,0.4867,20104084.54339,XRP-USD,6h
2023-10-11 18:00:00,0.4843,0.4892,0.4865,0.4888,10104764.487875,XRP-USD,6h
2023-10-12 00:00:00,0.4818,0.4888,0.4888,0.4836,10936670.297558,XRP-USD,6h
2023-10-12 06:00:00,0.4741,0.4846,0.4836,0.4801,18504940.582647,XRP-USD,6h
2023-10-12 12:00:00,0.4733,0.4835,0.4801,0.4822,18771691.001024,XRP-USD,6h
2023-10-12 18:00:00,0.4804,0.4846,0.482,0.483,7712586.04676,XRP-USD,6h
2023-10-13 00:00:00,0.4805,0.4852,0.4828,0.481,7154306.131692,XRP-USD,6h
2023-10-13 06:00:00,0.4786,0.483,0.481,0.4795,5981091.829525,XRP-USD,6h
2023-10-13 12:00:00,0.4784,0.4848,0.4794,0.4812,10014106.153972,XRP-USD,6h
2023-10-13 18:00:00,0.481,0.4905,0.4811,0.4851,9501606.692004,XRP-USD,6h
2023-10-14 00:00:00,0.4839,0.4864,0.4851,0.484,3513591.179404,XRP-USD,6h
2023-10-14 06:00:00,0.4835,0.4861,0.4841,0.4854,1702392.837174,XRP-USD,6h
2023-10-14 12:00:00,0.4845,0.4883,0.4854,0.4868,3581515.616054,XRP-USD,6h
2023-10-14 18:00:00,0.4856,0.4873,0.4868,0.4867,2670432.554639,XRP-USD,6h
2023-10-15 00:00:00,0.4852,0.4878,0.4867,0.4858,2032355.913843,XRP-USD,6h
2023-10-15 06:00:00,0.4853,0.4882,0.4857,0.4867,1441995.090376,XRP-USD,6h
2023-10-15 12:00:00,0.4851,0.4891,0.4868,0.4888,3996617.285013,XRP-USD,6h
2023-10-15 18:00:00,0.4868,0.4904,0.4888,0.4874,7283195.626915,XRP-USD,6h
2023-10-16 00:00:00,0.4848,0.4984,0.4875,0.4937,10113189.470675,XRP-USD,6h
2023-10-16 06:00:00,0.4899,0.4952,0.4937,0.4943,5485372.611605,XRP-USD,6h
2023-10-16 12:00:00,0.4899,0.5109,0.4942,0.4936,46685228.070712,XRP-USD,6h
2023-10-16 18:00:00,0.4935,0.4993,0.4937,0.4978,7754419.454604,XRP-USD,6h
2023-10-17 00:00:00,0.489,0.4983,0.4978,0.4918,8682604.486781,XRP-USD,6h
2023-10-17 06:00:00,0.4875,0.4929,0.4918,0.4926,8349682.665552,XRP-USD,6h
2023-10-17 12:00:00,0.4844,0.4927,0.4926,0.4916,10113641.875779,XRP-USD,6h
2023-10-17 18:00:00,0.4905,0.4941,0.4917,0.4913,4068290.278038,XRP-USD,6h
2023-10-18 00:00:00,0.4888,0.4925,0.4912,0.4903,5731029.794227,XRP-USD,6h
2023-10-18 06:00:00,0.4867,0.4911,0.4903,0.4907,7701202.769,XRP-USD,6h
2023-10-18 12:00:00,0.4872,0.4918,0.4907,0.4914,8848906.123854,XRP-USD,6h
2023-10-18 18:00:00,0.4861,0.4925,0.4914,0.488,10683528.772042,XRP-USD,6h
2023-10-19 00:00:00,0.4804,0.4884,0.488,0.4835,8555695.411331,XRP-USD,6h
2023-10-19 06:00:00,0.4773,0.4838,0.4835,0.4824,8938997.615175,XRP-USD,6h
2023-10-19 12:00:00,0.482,0.4896,0.4827,0.4872,9563682.575497,XRP-USD,6h
2023-10-19 18:00:00,0.4866,0.5252,0.4872,0.5201,38770951.654449,XRP-USD,6h
2023-10-20 00:00:00,0.5113,0.5317,0.5201,0.5115,29395802.417912,XRP-USD,6h
2023-10-20 06:00:00,0.5086,0.5213,0.5115,0.5162,15434716.108316,XRP-USD,6h
2023-10-20 12:00:00,0.5148,0.5303,0.5162,0.5213,15569750.57407,XRP-USD,6h
2023-10-20 18:00:00,0.5145,0.5245,0.5212,0.515,9031724.560264,XRP-USD,6h
2023-10-21 00:00:00,0.5112,0.5156,0.515,0.513,4925156.525534,XRP-USD,6h
2023-10-21 06:00:00,0.5128,0.5191,0.513,0.518,2856352.639044,XRP-USD,6h
2023-10-21 12:00:00,0.5151,0.5329,0.518,0.5257,11021348.178436,XRP-USD,6h
2023-10-21 18:00:00,0.5189,0.5275,0.5255,0.5211,6715242.786531,XRP-USD,6h
2023-10-22 00:00:00,0.5167,0.5242,0.5212,0.5232,4343839.322052,XRP-USD,6h
2023-10-22 06:00:00,0.512,0.5243,0.5231,0.5166,6850138.173785,XRP-USD,6h
2023-10-22 12:00:00,0.5162,0.5233,0.5164,0.5213,4100093.900741,XRP-USD,6h
2023-10-22 18:00:00,0.5174,0.5239,0.5213,0.5229,4430835.631887,XRP-USD,6h
2023-10-23 00:00:00,0.52,0.5276,0.5228,0.523,12997166.802321,XRP-USD,6h
2023-10-23 06:00:00,0.5211,0.5359,0.5231,0.5315,14621636.729656,XRP-USD,6h
2023-10-23 12:00:00,0.5251,0.5382,0.5315,0.5325,19750999.199111,XRP-USD,6h
2023-10-23 18:00:00,0.5302,0.554,0.5325,0.5479,36456641.359919,XRP-USD,6h
2023-10-24 00:00:00,0.5392,0.5572,0.5479,0.5395,29355064.200723,XRP-USD,6h
2023-10-24 06:00:00,0.5358,0.5539,0.5394,0.5522,18482285.807675,XRP-USD,6h
2023-10-24 12:00:00,0.5362,0.587,0.5522,0.5538,59362532.114502,XRP-USD,6h
2023-10-24 18:00:00,0.5463,0.5647,0.5538,0.5591,16477880.407419,XRP-USD,6h
2023-10-25 00:00:00,0.5491,0.5613,0.5588,0.5495,12113382.829536,XRP-USD,6h
2023-10-25 06:00:00,0.5404,0.5549,0.5494,0.552,14188009.189036,XRP-USD,6h
2023-10-25 12:00:00,0.5505,0.5641,0.552,0.5598,21799433.973747,XRP-USD,6h
2023-10-25 18:00:00,0.5516,0.5611,0.5599,0.5556,15850008.594982,XRP-USD,6h
2023-10-26 00:00:00,0.5508,0.5587,0.5555,0.551,8952068.225477,XRP-USD,6h
2023-10-26 06:00:00,0.5493,0.5695,0.5509,0.5562,17400939.077832,XRP-USD,6h
2023-10-26 12:00:00,0.5429,0.5613,0.556,0.5519,18577670.113333,XRP-USD,6h
2023-10-26 18:00:00,0.549,0.5551,0.5518,0.5536,8916240.271724,XRP-USD,6h
2023-10-27 00:00:00,0.5477,0.5588,0.5534,0.55,7532336.635884,XRP-USD,6h
2023-10-27 06:00:00,0.5452,0.552,0.55,0.549,6414967.568956,XRP-USD,6h
2023-10-27 12:00:00,0.5354,0.5553,0.549,0.5426,14472291.826947,XRP-USD,6h
2023-10-27 18:00:00,0.538,0.5473,0.5426,0.5431,6743226.714783,XRP-USD,6h
2023-10-28 00:00:00,0.5405,0.5468,0.5432,0.5449,4736296.469219,XRP-USD,6h
2023-10-28 06:00:00,0.5444,0.5506,0.5448,0.547,3111887.217245,XRP-USD,6h
2023-10-28 12:00:00,0.5435,0.5479,0.5472,0.5468,3943666.022384,XRP-USD,6h
2023-10-28 18:00:00,0.5442,0.5479,0.5464,0.5449,3442184.11708,XRP-USD,6h
2023-10-29 00:00:00,0.5407,0.5458,0.5448,0.5449,2884882.805564,XRP-USD,6h
2023-10-29 06:00:00,0.5448,0.5561,0.5448,0.5555,3668777.991243,XRP-USD,6h
2023-10-29 12:00:00,0.5521,0.5616,0.5554,0.5587,7163835.276397,XRP-USD,6h
2023-10-29 18:00:00,0.5547,0.5601,0.5588,0.5562,5239279.040605,XRP-USD,6h
2023-10-30 00:00:00,0.5507,0.5577,0.5564,0.5514,6626792.671201,XRP-USD,6h
2023-10-30 06:00:00,0.5497,0.5672,0.5512,0.5628,9125163.124082,XRP-USD,6h
2023-10-30 12:00:00,0.5619,0.5842,0.5628,0.579,29968313.42867,XRP-USD,6h
2023-10-30 18:00:00,0.5752,0.584,0.579,0.5785,9650409.89793,XRP-USD,6h
2023-10-31 00:00:00,0.5706,0.5808,0.5785,0.5723,9706726.76684,XRP-USD,6h
2023-10-31 06:00:00,0.563,0.6224,0.5719,0.6042,23418259.105369,XRP-USD,6h
2023-10-31 12:00:00,0.5822,0.6141,0.6043,0.6031,30966459.248165,XRP-USD,6h
2023-10-31 18:00:00,0.5939,0.6041,0.6031,0.5999,12720378.241612,XRP-USD,6h
2023-11-01 00:00:00,0.5817,0.6002,0.5998,0.5825,13964620.733779,XRP-USD,6h
2023-11-01 06:00:00,0.5802,0.6095,0.5825,0.6033,18362408.387068,XRP-USD,6h
2023-11-01 12:00:00,0.5933,0.6115,0.6032,0.6021,22985136.187133,XRP-USD,6h
2023-11-01 18:00:00,0.6006,0.617,0.6021,0.6091,25989856.130654,XRP-USD,6h
2023-11-02 00:00:00,0.6029,0.6139,0.609,0.6054,16689716.873705,XRP-USD,6h
2023-11-02 06:00:00,0.6014,0.6248,0.6054,0.6174,19997408.2562,XRP-USD,6h
2023-11-02 12:00:00,0.5867,0.6264,0.6174,0.6043,26884148.594141,XRP-USD,6h
2023-11-02 18:00:00,0.6016,0.6137,0.6042,0.6053,16837372.571455,XRP-USD,6h
2023-11-03 00:00:00,0.5915,0.606,0.6055,0.5991,11961549.851179,XRP-USD,6h
2023-11-03 06:00:00,0.5948,0.6077,0.5993,0.6022,13665690.173204,XRP-USD,6h
2023-11-03 12:00:00,0.6007,0.6131,0.6023,0.6059,18590628.50799,XRP-USD,6h
2023-11-03 18:00:00,0.6046,0.6154,0.6059,0.6124,9100451.213288,XRP-USD,6h
2023-11-04 00:00:00,0.609,0.6149,0.6124,0.6123,5381769.131228,XRP-USD,6h
2023-11-04 06:00:00,0.612,0.6183,0.6122,0.6145,5758473.951517,XRP-USD,6h
2023-11-04 12:00:00,0.609,0.6154,0.6146,0.6134,6110937.88034,XRP-USD,6h
2023-11-04 18:00:00,0.6115,0.6179,0.6134,0.6154,7166306.92757,XRP-USD,6h
2023-11-05 00:00:00,0.6144,0.6301,0.6154,0.6234,12645689.642576,XRP-USD,6h
2023-11-05 06:00:00,0.6197,0.6551,0.6235,0.646,19825719.697633,XRP-USD,6h
2023-11-05 12:00:00,0.6293,0.6551,0.646,0.6488,26476024.488612,XRP-USD,6h
2023-11-05 18:00:00,0.6443,0.6633,0.6487,0.6614,21348414.18543,XRP-USD,6h
2023-11-06 00:00:00,0.6591,0.6892,0.6614,0.6753,40316133.087998,XRP-USD,6h
2023-11-06 06:00:00,0.6686,0.7032,0.6751,0.7028,28895357.070344,XRP-USD,6h
2023-11-06 12:00:00,0.7004,0.7333,0.703,0.7105,64498332.278273,XRP-USD,6h
2023-11-06 18:00:00,0.7069,0.7261,0.7105,0.7149,25297454.46593,XRP-USD,6h
2023-11-07 00:00:00,0.6478,0.7156,0.7147,0.6938,51938169.815434,XRP-USD,6h
2023-11-07 06:00:00,0.6685,0.7012,0.6941,0.6832,25530036.792085,XRP-USD,6h
2023-11-07 12:00:00,0.6549,0.6895,0.683,0.6729,32121091.70437,XRP-USD,6h
2023-11-07 18:00:00,0.6726,0.6968,0.6728,0.6855,28670205.991154,XRP-USD,6h
2023-11-08 00:00:00,0.6774,0.6923,0.6852,0.6788,17616511.408632,XRP-USD,6h
2023-11-08 06:00:00,0.6727,0.6993,0.6787,0.6931,27521086.426115,XRP-USD,6h
2023-11-08 12:00:00,0.6799,0.6963,0.6928,0.6885,20483955.120457,XRP-USD,6h
2023-11-08 18:00:00,0.683,0.6943,0.6884,0.6873,18108713.241806,XRP-USD,6h
2023-11-09 00:00:00,0.6808,0.6992,0.6871,0.6977,24169063.014692,XRP-USD,6h
2023-11-09 06:00:00,0.69,0.7073,0.6974,0.6951,31522429.339374,XRP-USD,6h
2023-11-09 12:00:00,0.6238,0.7039,0.6951,0.6632,85470354.213546,XRP-USD,6h
2023-11-09 18:00:00,0.6445,0.6685,0.6632,0.6668,34523832.276867,XRP-USD,6h
2023-11-10 00:00:00,0.6579,0.671,0.667,0.6651,25595500.160709,XRP-USD,6h
2023-11-10 06:00:00,0.645,0.6654,0.6651,0.6612,19829616.035432,XRP-USD,6h
2023-11-10 12:00:00,0.6362,0.6626,0.6609,0.6584,30429007.01099,XRP-USD,6h
2023-11-10 18:00:00,0.6561,0.6654,0.6583,0.6596,19244079.900407,XRP-USD,6h
2023-11-11 00:00:00,0.6405,0.6654,0.6598,0.6531,25709104.995021,XRP-USD,6h
2023-11-11 06:00:00,0.6506,0.6877,0.653,0.6676,22342833.702248,XRP-USD,6h
2023-11-11 12:00:00,0.6655,0.681,0.6677,0.674,18533644.378329,XRP-USD,6h
2023-11-11 18:00:00,0.6556,0.6769,0.674,0.6628,13717161.770264,XRP-USD,6h
2023-11-12 00:00:00,0.6461,0.664,0.6629,0.6624,10385847.702374,XRP-USD,6h
2023-11-12 06:00:00,0.6608,0.6711,0.6623,0.6653,9608395.744995,XRP-USD,6h
2023-11-12 12:00:00,0.6579,0.6673,0.6654,0.6621,9230944.20156,XRP-USD,6h
2023-11-12 18:00:00,0.6573,0.6672,0.6623,0.6616,10137498.124035,XRP-USD,6h
2023-11-13 00:00:00,0.6516,0.6679,0.6617,0.6552,14590992.62201,XRP-USD,6h
2023-11-13 06:00:00,0.6462,0.6599,0.655,0.651,13611961.580566,XRP-USD,6h
2023-11-13 12:00:00,0.64,0.6543,0.6509,0.6469,17036412.645387,XRP-USD,6h
2023-11-13 18:00:00,0.6389,0.7471,0.6468,0.6702,125821952.778067,XRP-USD,6h
2023-11-14 00:00:00,0.6561,0.6727,0.6701,0.666,24406188.535366,XRP-USD,6h
2023-11-14 06:00:00,0.6471,0.6704,0.6659,0.6508,18804706.64328,XRP-USD,6h
2023-11-14 12:00:00,0.6467,0.6645,0.6508,0.6486,24652861.394129,XRP-USD,6h
2023-11-14 18:00:00,0.5939,0.6497,0.6488,0.6295,58863238.178979,XRP-USD,6h
2023-11-15 00:00:00,0.6251,0.6349,0.6296,0.6325,15914626.103832,XRP-USD,6h
2023-11-15 06:00:00,0.6283,0.6409,0.6325,0.6406,15783824.698038,XRP-USD,6h
2023-11-15 12:00:00,0.6052,0.6416,0.6403,0.6342,24778149.899188,XRP-USD,6h
2023-11-15 18:00:00,0.6064,0.6507,0.6342,0.6484,40480240.737113,XRP-USD,6h
2023-11-16 00:00:00,0.6435,0.6532,0.6483,0.6475,15128508.115468,XRP-USD,6h
2023-11-16 06:00:00,0.6387,0.6523,0.6475,0.6414,18692591.969197,XRP-USD,6h
2023-11-16 12:00:00,0.6157,0.6419,0.6412,0.6232,28677969.677436,XRP-USD,6h
2023-11-16 18:00:00,0.5977,0.6251,0.6232,0.6119,37584634.893386,XRP-USD,6h
2023-11-17 00:00:00,0.6109,0.6238,0.612,0.6214,14346423.141727,XRP-USD,6h
2023-11-17 06:00:00,0.6077,0.6244,0.6215,0.6127,13955789.960243,XRP-USD,6h
2023-11-17 12:00:00,0.5861,0.6142,0.6126,0.607,29648178.270914,XRP-USD,6h
2023-11-17 18:00:00,0.6033,0.6163,0.607,0.6135,9501158.173706,XRP-USD,6h
2023-11-18 00:00:00,0.5969,0.6135,0.6134,0.6,8388628.336678,XRP-USD,6h
2023-11-18 06:00:00,0.5895,0.6084,0.5998,0.6035,8526470.86253,XRP-USD,6h
2023-11-18 12:00:00,0.5977,0.6113,0.6034,0.611,9717499.081349,XRP-USD,6h
2023-11-18 18:00:00,0.607,0.6148,0.6109,0.6111,8946642.319936,XRP-USD,6h
2023-11-19 00:00:00,0.6017,0.6109,0.6109,0.6075,7684035.31962,XRP-USD,6h
2023-11-19 06:00:00,0.6071,0.614,0.6074,0.6095,6258475.609658,XRP-USD,6h
2023-11-19 12:00:00,0.6089,0.6257,0.6093,0.6222,14642312.52232,XRP-USD,6h
2023-11-19 18:00:00,0.6209,0.629,0.622,0.6262,9370972.960296,XRP-USD,6h
2023-11-20 00:00:00,0.6183,0.6273,0.6264,0.6184,12543180.102067,XRP-USD,6h
2023-11-20 06:00:00,0.6156,0.6286,0.6185,0.6237,11034724.993054,XRP-USD,6h
2023-11-20 12:00:00,0.6113,0.6243,0.6236,0.6221,17013682.165944,XRP-USD,6h
2023-11-20 18:00:00,0.607,0.6234,0.6221,0.6126,11189590.388769,XRP-USD,6h
2023-11-21 00:00:00,0.6061,0.618,0.6126,0.6112,17408451.311032,XRP-USD,6h
2023-11-21 06:00:00,0.6058,0.6176,0.6112,0.6112,18332976.891828,XRP-USD,6h
2023-11-21 12:00:00,0.5868,0.6157,0.6112,0.5926,29121310.550522,XRP-USD,6h
2023-11-21 18:00:00,0.5734,0.6024,0.5926,0.5788,25702880.331446,XRP-USD,6h
2023-11-22 00:00:00,0.5778,0.5951,0.579,0.5891,14059128.166728,XRP-USD,6h
2023-11-22 06:00:00,0.589,0.5982,0.5891,0.5943,15136998.018207,XRP-USD,6h
2023-11-22 12:00:00,0.5916,0.5989,0.5943,0.5989,14228771.17829,XRP-USD,6h
2023-11-22 18:00:00,0.5987,0.6166,0.5988,0.6111,20066456.476804,XRP-USD,6h
2023-11-23 00:00:00,0.6073,0.6151,0.6114,0.6094,8691006.2881,XRP-USD,6h
2023-11-23 06:00:00,0.606,0.6232,0.6094,0.6137,14924376.181801,XRP-USD,6h
2023-11-23 12:00:00,0.6096,0.6226,0.6136,0.618,15896778.555918,XRP-USD,6h
2023-11-23 18:00:00,0.6169,0.624,0.6181,0.6208,11350585.824257,XRP-USD,6h
2023-11-24 00:00:00,0.6173,0.6251,0.6211,0.6203,12146546.76088,XRP-USD,6h
2023-11-24 06:00:00,0.6182,0.6258,0.6203,0.6203,10364656.221654,XRP-USD,6h
2023-11-24 12:00:00,0.6156,0.625,0.6204,0.6184,15303099.739064,XRP-USD,6h
2023-11-24 18:00:00,0.6172,0.6229,0.6184,0.6216,7483764.021337,XRP-USD,6h
2023-11-25 00:00:00,0.6191,0.6236,0.6216,0.6202,5162195.623052,XRP-USD,6h
2023-11-25 06:00:00,0.6161,0.6232,0.6201,0.6182,4899926.214108,XRP-USD,6h
2023-11-25 12:00:00,0.6168,0.622,0.6181,0.6211,6001790.425301,XRP-USD,6h
2023-11-25 18:00:00,0.6193,0.6241,0.6211,0.623,4577652.989859,XRP-USD,6h
2023-11-26 00:00:00,0.6187,0.6234,0.6231,0.621,4637173.334934,XRP-USD,6h
2023-11-26 06:00:00,0.6197,0.6366,0.6212,0.6302,8784389.616172,XRP-USD,6h
2023-11-26 12:00:00,0.607,0.638,0.6303,0.6161,18638155.692946,XRP-USD,6h
2023-11-26 18:00:00,0.613,0.6203,0.6161,0.616,8131047.874539,XRP-USD,6h
2023-11-27 00:00:00,0.6056,0.617,0.6162,0.6082,9687285.422546,XRP-USD,6h
2023-11-27 06:00:00,0.5989,0.6111,0.6081,0.6038,12115021.411622,XRP-USD,6h
2023-11-27 12:00:00,0.5971,0.6054,0.6039,0.6004,18036462.281216,XRP-USD,6h
2023-11-27 18:00:00,0.5939,0.6042,0.6004,0.6039,11427176.320628,XRP-USD,6h
2023-11-28 00:00:00,0.5958,0.6053,0.6041,0.5973,8052232.259318,XRP-USD,6h
2023-11-28 06:00:00,0.5962,0.6071,0.5973,0.6045,13555744.492991,XRP-USD,6h
2023-11-28 12:00:00,0.6034,0.6141,0.6046,0.6132,12972871.602737,XRP-USD,6h
2023-11-28 18:00:00,0.6095,0.6142,0.6131,0.6109,11221001.177621,XRP-USD,6h
2023-11-29 00:00:00,0.6089,0.6135,0.6108,0.6112,9818396.735998,XRP-USD,6h
2023-11-29 06:00:00,0.6092,0.618,0.6111,0.6112,19018350.556944,XRP-USD,6h
2023-11-29 12:00:00,0.604,0.6129,0.6113,0.6081,14310837.94427,XRP-USD,6h
2023-11-29 18:00:00,0.606,0.61,0.6081,0.6092,9549230.665438,XRP-USD,6h
2023-11-30 00:00:00,0.6041,0.6099,0.6091,0.6053,9995852.345964,XRP-USD,6h
2023-11-30 06:00:00,0.5981,0.6077,0.6052,0.6056,14000341.658157,XRP-USD,6h
2023-11-30 12:00:00,0.5998,0.6064,0.6056,0.6034,10646608.340169,XRP-USD,6h
2023-11-30 18:00:00,0.6027,0.6081,0.6034,0.6064,7449382.327774,XRP-USD,6h
2023-12-01 00:00:00,0.6031,0.6131,0.6065,0.6107,8459496.708022,XRP-USD,6h
2023-12-01 06:00:00,0.6087,0.6145,0.6106,0.6111,8150775.634437,XRP-USD,6h
2023-12-01 12:00:00,0.6057,0.6121,0.6112,0.6095,11459932.583408,XRP-USD,6h
2023-12-01 18:00:00,0.609,0.6138,0.6095,0.6129,7935762.998428,XRP-USD,6h
2023-12-02 00:00:00,0.6113,0.615,0.6128,0.6142,4661069.822479,XRP-USD,6h
2023-12-02 06:00:00,0.6131,0.6163,0.6142,0.6134,3495502.743577,XRP-USD,6h
2023-12-02 12:00:00,0.6121,0.6167,0.6135,0.614,4952654.505774,XRP-USD,6h
2023-12-02 18:00:00,0.6135,0.6232,0.6138,0.621,11574017.681288,XRP-USD,6h
2023-12-03 00:00:00,0.6172,0.6228,0.6211,0.6199,5863658.81302,XRP-USD,6h
2023-12-03 06:00:00,0.619,0.6345,0.6198,0.6282,7809613.981481,XRP-USD,6h
2023-12-03 12:00:00,0.6173,0.6283,0.6283,0.6186,10777386.876949,XRP-USD,6h
2023-12-03 18:00:00,0.618,0.6277,0.6188,0.6233,8523276.205391,XRP-USD,6h
2023-12-04 00:00:00,0.6221,0.6336,0.6233,0.6327,13809382.827679,XRP-USD,6h
2023-12-04 06:00:00,0.585,0.644,0.6326,0.6202,31440165.928651,XRP-USD,6h
2023-12-04 12:00:00,0.6095,0.6241,0.6202,0.6181,18322836.697767,XRP-USD,6h
2023-12-04 18:00:00,0.6178,0.645,0.6182,0.6245,16314216.93315,XRP-USD,6h
2023-12-05 00:00:00,0.6159,0.6305,0.6244,0.6206,11459554.883591,XRP-USD,6h
2023-12-05 06:00:00,0.6076,0.6208,0.6206,0.6108,12096647.077855,XRP-USD,6h
2023-12-05 12:00:00,0.6081,0.6273,0.6107,0.6246,18261007.222112,XRP-USD,6h
2023-12-05 18:00:00,0.6171,0.6271,0.6247,0.6212,15388407.154959,XRP-USD,6h
2023-12-06 00:00:00,0.6104,0.6267,0.6212,0.6179,17711322.359979,XRP-USD,6h
2023-12-06 06:00:00,0.6108,0.6414,0.6179,0.6205,25675104.393691,XRP-USD,6h
2023-12-06 12:00:00,0.6204,0.6289,0.6204,0.6267,20664574.056607,XRP-USD,6h
2023-12-06 18:00:00,0.6251,0.6439,0.6266,0.6401,23125328.970672,XRP-USD,6h
2023-12-07 00:00:00,0.6301,0.6525,0.64,0.6506,22859795.352045,XRP-USD,6h
2023-12-07 06:00:00,0.6218,0.6546,0.6506,0.6318,24376813.115796,XRP-USD,6h
2023-12-07 12:00:00,0.629,0.6461,0.6315,0.6427,22197626.007487,XRP-USD,6h
2023-12-07 18:00:00,0.6392,0.6469,0.6428,0.6434,15436656.088836,XRP-USD,6h
2023-12-08 00:00:00,0.6406,0.6509,0.6435,0.6464,11394110.62828,XRP-USD,6h
2023-12-08 06:00:00,0.6375,0.65,0.6465,0.6486,12332748.654296,XRP-USD,6h
2023-12-08 12:00:00,0.647,0.6722,0.6486,0.6666,36656880.252286,XRP-USD,6h
2023-12-08 18:00:00,0.6627,0.6759,0.6667,0.6723,18295002.009623,XRP-USD,6h
2023-12-09 00:00:00,0.6671,0.7008,0.6724,0.686,26886610.983217,XRP-USD,6h
2023-12-09 06:00:00,0.6702,0.6958,0.6862,0.687,28954499.069984,XRP-USD,6h
2023-12-09 12:00:00,0.6634,0.6926,0.687,0.6643,25608710.016419,XRP-USD,6h
2023-12-09 18:00:00,0.652,0.6748,0.6645,0.6585,19899450.528563,XRP-USD,6h
2023-12-10 00:00:00,0.6586,0.6711,0.6586,0.6708,8846030.707485,XRP-USD,6h
2023-12-10 06:00:00,0.6469,0.6715,0.6708,0.6561,11272337.709536,XRP-USD,6h
2023-12-10 12:00:00,0.6539,0.6625,0.6561,0.6563,8100173.745098,XRP-USD,6h
2023-12-10 18:00:00,0.6563,0.6697,0.6566,0.6616,11096306.573359,XRP-USD,6h
2023-12-11 00:00:00,0.6,0.6629,0.6616,0.6281,29909473.780115,XRP-USD,6h
2023-12-11 06:00:00,0.6157,0.6286,0.6284,0.6266,15010579.714643,XRP-USD,6h
2023-12-11 12:00:00,0.6119,0.6271,0.6265,0.6138,15238880.951047,XRP-USD,6h
2023-12-11 18:00:00,0.6013,0.6205,0.6137,0.6185,23042201.81485,XRP-USD,6h
2023-12-12 00:00:00,0.6179,0.6261,0.6185,0.6204,11690595.444038,XRP-USD,6h
2023-12-12 06:00:00,0.6155,0.626,0.6203,0.6195,9002483.420287,XRP-USD,6h
2023-12-12 12:00:00,0.606,0.6246,0.6196,0.6082,16916503.296889,XRP-USD,6h
2023-12-12 18:00:00,0.6076,0.621,0.6082,0.6189,11251184.127668,XRP-USD,6h
2023-12-13 00:00:00,0.6001,0.6192,0.6191,0.6068,16845103.086559,XRP-USD,6h
2023-12-13 06:00:00,0.5933,0.6088,0.6068,0.6009,16955445.894142,XRP-USD,6h
2023-12-13 12:00:00,0.6006,0.6166,0.6009,0.6147,16519436.967873,XRP-USD,6h
2023-12-13 18:00:00,0.6144,0.6351,0.6148,0.6276,23379695.906306,XRP-USD,6h
2023-12-14 00:00:00,0.6208,0.6288,0.6281,0.6246,9948122.162002,XRP-USD,6h
2023-12-14 06:00:00,0.623,0.6343,0.6247,0.6342,10597163.306154,XRP-USD,6h
2023-12-14 12:00:00,0.6051,0.6344,0.6341,0.6312,22657365.190351,XRP-USD,6h
2023-12-14 18:00:00,0.6275,0.6384,0.631,0.6318,16426453.981658,XRP-USD,6h
2023-12-15 00:00:00,0.6298,0.6444,0.6317,0.6301,13284519.141972,XRP-USD,6h
2023-12-15 06:00:00,0.6282,0.6353,0.6303,0.6293,13156592.982154,XRP-USD,6h
2023-12-15 12:00:00,0.6156,0.63,0.6293,0.6202,20107986.472599,XRP-USD,6h
2023-12-15 18:00:00,0.6121,0.6252,0.6202,0.6156,11814426.89465,XRP-USD,6h
2023-12-16 00:00:00,0.61,0.6219,0.6155,0.6205,9170398.427618,XRP-USD,6h
2023-12-16 06:00:00,0.6185,0.6232,0.6205,0.6232,3658637.644463,XRP-USD,6h
2023-12-16 12:00:00,0.6204,0.6254,0.6232,0.6226,6897485.472472,XRP-USD,6h
2023-12-16 18:00:00,0.617,0.6228,0.6226,0.62,8454408.244837,XRP-USD,6h
2023-12-17 00:00:00,0.6144,0.622,0.6198,0.6166,6035124.978959,XRP-USD,6h
2023-12-17 06:00:00,0.6121,0.623,0.6165,0.6195,7429708.900052,XRP-USD,6h
2023-12-17 12:00:00,0.6118,0.6214,0.6192,0.6194,6395106.050994,XRP-USD,6h
2023-12-17 18:00:00,0.608,0.6196,0.6192,0.6098,9639001.199405,XRP-USD,6h
2023-12-18 00:00:00,0.6006,0.6129,0.6098,0.6052,14545797.672021,XRP-USD,6h
2023-12-18 06:00:00,0.5785,0.6065,0.6052,0.5889,23793263.665643,XRP-USD,6h
2023-12-18 12:00:00,0.586,0.6009,0.589,0.5992,11851937.786732,XRP-USD,6h
2023-12-18 18:00:00,0.5981,0.6144,0.5992,0.6125,10580185.342689,XRP-USD,6h
2023-12-19 00:00:00,0.6088,0.6166,0.6126,0.611,10448725.151434,XRP-USD,6h
2023-12-19 06:00:00,0.6065,0.6129,0.611,0.6078,7156447.678802,XRP-USD,6h
2023-12-19 12:00:00,0.597,0.6109,0.608,0.5973,10634549.091085,XRP-USD,6h
2023-12-19 18:00:00,0.5967,0.6076,0.5977,0.6044,9914231.598659,XRP-USD,6h
2023-12-20 00:00:00,0.6008,0.6117,0.6045,0.6079,11785701.386958,XRP-USD,6h
2023-12-20 06:00:00,0.6061,0.6143,0.608,0.6111,11785636.702364,XRP-USD,6h
2023-12-20 12:00:00,0.6102,0.6254,0.611,0.6206,23989859.189676,XRP-USD,6h
2023-12-20 18:00:00,0.6078,0.6266,0.6204,0.617,19331859.82432,XRP-USD,6h
2023-12-21 00:00:00,0.6107,0.6171,0.617,0.6126,8847111.262367,XRP-USD,6h
2023-12-21 06:00:00,0.6115,0.621,0.6126,0.6184,11273764.66912,XRP-USD,6h
2023-12-21 12:00:00,0.6103,0.6213,0.6186,0.6156,13234081.705946,XRP-USD,6h
2023-12-21 18:00:00,0.6155,0.625,0.6158,0.6241,15671121.256116,XRP-USD,6h
2023-12-22 00:00:00,0.6181,0.6268,0.6242,0.6211,10400571.575924,XRP-USD,6h
2023-12-22 06:00:00,0.6164,0.6317,0.621,0.6215,14640605.318964,XRP-USD,6h
2023-12-22 12:00:00,0.6156,0.622,0.6215,0.6194,11433060.299679,XRP-USD,6h
2023-12-22 18:00:00,0.6174,0.6261,0.6197,0.6249,10442264.824285,XRP-USD,6h
2023-12-23 00:00:00,0.611,0.6254,0.6249,0.6163,9697914.943863,XRP-USD,6h
2023-12-23 06:00:00,0.6139,0.6178,0.6163,0.6156,3304098.694899,XRP-USD,6h
2023-12-23 12:00:00,0.6154,0.6197,0.6156,0.6188,5475374.473331,XRP-USD,6h
2023-12-23 18:00:00,0.6169,0.6209,0.6186,0.6199,7729329.249901,XRP-USD,6h
2023-12-24 00:00:00,0.6108,0.6233,0.6198,0.6146,13859826.305042,XRP-USD,6h
2023-12-24 06:00:00,0.6119,0.6214,0.6145,0.6188,7489341.938858,XRP-USD,6h
2023-12-24 12:00:00,0.6172,0.6243,0.6189,0.6204,7432542.917432,XRP-USD,6h
2023-12-24 18:00:00,0.6049,0.6299,0.6205,0.6127,16400488.56852,XRP-USD,6h
2023-12-25 00:00:00,0.6086,0.6172,0.6127,0.6169,6457889.981792,XRP-USD,6h
2023-12-25 06:00:00,0.6154,0.6489,0.6168,0.6423,23331295.860151,XRP-USD,6h
2023-12-25 12:00:00,0.6311,0.6471,0.6422,0.6338,19510977.78616,XRP-USD,6h
2023-12-25 18:00:00,0.6339,0.6478,0.634,0.6463,11422586.775915,XRP-USD,6h
2023-12-26 00:00:00,0.6201,0.647,0.6462,0.6245,16162676.286693,XRP-USD,6h
2023-12-26 06:00:00,0.6155,0.6257,0.6245,0.6241,14772301.101369,XRP-USD,6h
2023-12-26 12:00:00,0.6,0.6316,0.6239,0.614,30719643.441744,XRP-USD,6h
2023-12-26 18:00:00,0.6104,0.6224,0.6142,0.622,13941722.306003,XRP-USD,6h
2023-12-27 00:00:00,0.6128,0.622,0.6218,0.6215,12797507.104236,XRP-USD,6h
2023-12-27 06:00:00,0.6179,0.6317,0.6215,0.6274,15465273.218167,XRP-USD,6h
2023-12-27 12:00:00,0.6257,0.6383,0.6275,0.6355,20658830.359349,XRP-USD,6h
2023-12-27 18:00:00,0.6307,0.6427,0.6355,0.6348,19539494.730818,XRP-USD,6h
2023-12-28 00:00:00,0.6332,0.6584,0.6347,0.645,35464247.942202,XRP-USD,6h
2023-12-28 06:00:00,0.6319,0.6503,0.6449,0.6437,25462968.698187,XRP-USD,6h
2023-12-28 12:00:00,0.6247,0.6452,0.6436,0.6308,27085017.663182,XRP-USD,6h
2023-12-28 18:00:00,0.626,0.6369,0.6308,0.635,14495897.470476,XRP-USD,6h
2023-12-29 00:00:00,0.6211,0.6359,0.635,0.6311,14005887.549553,XRP-USD,6h
2023-12-29 06:00:00,0.6232,0.6332,0.631,0.6318,13737649.447415,XRP-USD,6h
2023-12-29 12:00:00,0.6159,0.6367,0.6318,0.6181,26198619.712903,XRP-USD,6h
2023-12-29 18:00:00,0.6122,0.6238,0.6183,0.623,13533490.371464,XRP-USD,6h
2023-12-30 00:00:00,0.6187,0.6247,0.6228,0.6229,7890756.441346,XRP-USD,6h
2023-12-30 06:00:00,0.6159,0.6258,0.623,0.6205,6091316.336115,XRP-USD,6h
2023-12-30 12:00:00,0.6201,0.6297,0.6205,0.6261,8221256.93379,XRP-USD,6h
2023-12-30 18:00:00,0.62,0.6265,0.6262,0.6208,6363107.659347,XRP-USD,6h
2023-12-31 00:00:00,0.618,0.6234,0.6207,0.6218,5056994.544673,XRP-USD,6h
2023-12-31 06:00:00,0.6216,0.6283,0.6218,0.623,6248684.297643,XRP-USD,6h
2023-12-31 12:00:00,0.6197,0.6251,0.623,0.6213,9122893.81283,XRP-USD,6h
2023-12-31 18:00:00,0.6078,0.6219,0.6213,0.6154,13540443.543942,XRP-USD,6h
2024-01-01 00:00:00,0.6083,0.6188,0.6154,0.6085,7795984.85844,XRP-USD,6h
2024-01-01 06:00:00,0.6085,0.6205,0.6086,0.6204,4374678.159763,XRP-USD,6h
2024-01-01 12:00:00,0.6183,0.6237,0.6204,0.6232,6802761.162176,XRP-USD,6h
2024-01-01 18:00:00,0.623,0.6312,0.6232,0.6299,9644440.100319,XRP-USD,6h
2024-01-02 00:00:00,0.629,0.6359,0.6298,0.6305,15867007.245671,XRP-USD,6h
2024-01-02 06:00:00,0.6283,0.641,0.6304,0.6324,13321308.324696,XRP-USD,6h
2024-01-02 12:00:00,0.6216,0.6346,0.6327,0.6232,17377305.184577,XRP-USD,6h
2024-01-02 18:00:00,0.6229,0.6296,0.6233,0.6247,13806897.530508,XRP-USD,6h
2024-01-03 00:00:00,0.6228,0.6397,0.6248,0.636,15871337.799404,XRP-USD,6h
2024-01-03 06:00:00,0.612,0.6383,0.636,0.619,26158593.125572,XRP-USD,6h
2024-01-03 12:00:00,0.4869,0.6189,0.6189,0.5755,121382345.746503,XRP-USD,6h
2024-01-03 18:00:00,0.5671,0.5903,0.5755,0.5826,31219179.109871,XRP-USD,6h
2024-01-04 00:00:00,0.5699,0.585,0.5826,0.5816,15385495.094717,XRP-USD,6h
2024-01-04 06:00:00,0.5709,0.5831,0.5816,0.5772,16849267.497918,XRP-USD,6h
2024-01-04 12:00:00,0.5757,0.5887,0.5773,0.5857,21896848.675498,XRP-USD,6h
2024-01-04 18:00:00,0.5805,0.5947,0.5858,0.5874,22588229.449969,XRP-USD,6h
2024-01-05 00:00:00,0.5524,0.5893,0.5876,0.5761,22677374.89635,XRP-USD,6h
2024-01-05 06:00:00,0.5659,0.5795,0.576,0.5695,21002418.493418,XRP-USD,6h
2024-01-05 12:00:00,0.554,0.5731,0.5693,0.5653,30690341.798302,XRP-USD,6h
2024-01-05 18:00:00,0.5642,0.577,0.5653,0.5763,17705747.345133,XRP-USD,6h
2024-01-06 00:00:00,0.564,0.5764,0.5764,0.5671,9019020.641144,XRP-USD,6h
2024-01-06 06:00:00,0.5573,0.5679,0.5671,0.5664,8815669.716524,XRP-USD,6h
2024-01-06 12:00:00,0.5652,0.574,0.5664,0.5719,8570220.437858,XRP-USD,6h
2024-01-06 18:00:00,0.5643,0.5722,0.572,0.5684,6677253.080993,XRP-USD,6h
2024-01-07 00:00:00,0.5652,0.5713,0.5682,0.5675,6759135.892606,XRP-USD,6h
2024-01-07 06:00:00,0.5644,0.5733,0.5675,0.5671,6114221.697044,XRP-USD,6h
2024-01-07 12:00:00,0.5607,0.5709,0.567,0.5659,8184393.91066,XRP-USD,6h
2024-01-07 18:00:00,0.5462,0.5688,0.5658,0.5519,15793035.725607,XRP-USD,6h
2024-01-08 00:00:00,0.5446,0.5821,0.5518,0.5584,39329757.716329,XRP-USD,6h
2024-01-08 06:00:00,0.5507,0.566,0.5584,0.5624,17132284.470865,XRP-USD,6h
2024-01-08 12:00:00,0.5616,0.5708,0.5624,0.5706,18476317.161551,XRP-USD,6h
2024-01-08 18:00:00,0.5705,0.5824,0.5707,0.5782,19919663.335574,XRP-USD,6h
2024-01-09 00:00:00,0.5667,0.5789,0.5782,0.5711,14787963.907735,XRP-USD,6h
2024-01-09 06:00:00,0.5622,0.5733,0.5714,0.5689,13751884.319269,XRP-USD,6h
2024-01-09 12:00:00,0.5535,0.5698,0.569,0.5611,22458752.470842,XRP-USD,6h
2024-01-09 18:00:00,0.5606,0.5793,0.561,0.567,63395814.874714,XRP-USD,6h
2024-01-10 00:00:00,0.5656,0.5726,0.567,0.5677,14098083.478789,XRP-USD,6h
2024-01-10 06:00:00,0.5585,0.568,0.5678,0.5637,18913295.225185,XRP-USD,6h
2024-01-10 12:00:00,0.5491,0.5798,0.5633,0.5695,36127676.088891,XRP-USD,6h
2024-01-10 18:00:00,0.5635,0.6149,0.5696,0.6006,64098786.457272,XRP-USD,6h
2024-01-11 00:00:00,0.5932,0.6062,0.6009,0.5963,20230000.86917,XRP-USD,6h
2024-01-11 06:00:00,0.5857,0.615,0.5963,0.6119,20352330.814043,XRP-USD,6h
2024-01-11 12:00:00,0.5915,0.6241,0.6119,0.6042,45316621.79481,XRP-USD,6h
2024-01-11 18:00:00,0.5983,0.6073,0.6041,0.6019,12859329.439407,XRP-USD,6h
2024-01-12 00:00:00,0.5904,0.6035,0.6019,0.6002,15030150.612095,XRP-USD,6h
2024-01-12 06:00:00,0.5887,0.6025,0.6001,0.6004,14413802.727938,XRP-USD,6h
2024-01-12 12:00:00,0.5656,0.6013,0.6004,0.5778,30725018.339114,XRP-USD,6h
2024-01-12 18:00:00,0.5545,0.5833,0.5779,0.5697,25458984.577033,XRP-USD,6h
2024-01-13 00:00:00,0.5629,0.5761,0.5697,0.5755,7447108.656276,XRP-USD,6h
2024-01-13 06:00:00,0.5701,0.5772,0.5755,0.5742,5111999.717601,XRP-USD,6h
2024-01-13 12:00:00,0.5709,0.5767,0.5743,0.5742,7135312.597425,XRP-USD,6h
2024-01-13 18:00:00,0.5731,0.5775,0.5741,0.5746,6345399.088702,XRP-USD,6h
2024-01-14 00:00:00,0.5714,0.5756,0.5745,0.5744,5561631.309932,XRP-USD,6h
2024-01-14 06:00:00,0.5739,0.5797,0.5745,0.5765,4057491.476502,XRP-USD,6h
2024-01-14 12:00:00,0.5741,0.5827,0.5765,0.5825,5088891.949217,XRP-USD,6h
2024-01-14 18:00:00,0.5719,0.5927,0.5824,0.5758,27318325.970452,XRP-USD,6h
2024-01-15 00:00:00,0.5761,0.5892,0.5761,0.5826,12953460.466336,XRP-USD,6h
2024-01-15 06:00:00,0.5757,0.5835,0.5825,0.5784,12956393.348015,XRP-USD,6h
2024-01-15 12:00:00,0.5684,0.5796,0.5787,0.5779,12833356.569769,XRP-USD,6h
2024-01-15 18:00:00,0.5735,0.5815,0.578,0.5752,13238963.372739,XRP-USD,6h
2024-01-16 00:00:00,0.5712,0.5786,0.5754,0.573,9346131.459532,XRP-USD,6h
2024-01-16 06:00:00,0.5711,0.5771,0.573,0.5739,9953380.903661,XRP-USD,6h
2024-01-16 12:00:00,0.5657,0.5785,0.5737,0.5768,14027593.672245,XRP-USD,6h
2024-01-16 18:00:00,0.5745,0.5798,0.5767,0.5755,7889410.456724,XRP-USD,6h
2024-01-17 00:00:00,0.5715,0.5762,0.5757,0.5716,7375324.621256,XRP-USD,6h
2024-01-17 06:00:00,0.5687,0.5733,0.5716,0.5698,10986431.582671,XRP-USD,6h
2024-01-17 12:00:00,0.5606,0.5714,0.5699,0.5659,18539258.00044,XRP-USD,6h
2024-01-17 18:00:00,0.5659,0.5725,0.566,0.568,15199711.358668,XRP-USD,6h
2024-01-18 00:00:00,0.5624,0.568,0.568,0.5666,11787587.604138,XRP-USD,6h
2024-01-18 06:00:00,0.5611,0.5684,0.5667,0.5627,11276997.070101,XRP-USD,6h
2024-01-18 12:00:00,0.55,0.5635,0.5626,0.5525,22864258.614051,XRP-USD,6h
2024-01-18 18:00:00,0.5423,0.5533,0.5525,0.5516,28005814.268555,XRP-USD,6h
2024-01-19 00:00:00,0.544,0.5533,0.5517,0.5501,16758023.566768,XRP-USD,6h
2024-01-19 06:00:00,0.5451,0.551,0.55,0.5498,12325021.057958,XRP-USD,6h
2024-01-19 12:00:00,0.5213,0.5504,0.5498,0.5356,56051997.813539,XRP-USD,6h
2024-01-19 18:00:00,0.5328,0.549,0.5357,0.5438,28429311.348877,XRP-USD,6h
2024-01-20 00:00:00,0.5386,0.5455,0.5438,0.5443,13461918.774887,XRP-USD,6h
2024-01-20 06:00:00,0.5436,0.5524,0.5443,0.549,17588723.129636,XRP-USD,6h
2024-01-20 12:00:00,0.5462,0.5505,0.5488,0.548,15442131.556246,XRP-USD,6h
2024-01-20 18:00:00,0.5443,0.5548,0.5479,0.5531,14367079.250618,XRP-USD,6h
2024-01-21 00:00:00,0.5482,0.5549,0.553,0.5521,10847334.524173,XRP-USD,6h
2024-01-21 06:00:00,0.5504,0.5543,0.5521,0.552,3757526.621853,XRP-USD,6h
2024-01-21 12:00:00,0.5487,0.5546,0.552,0.552,3515757.684264,XRP-USD,6h
2024-01-21 18:00:00,0.545,0.5525,0.552,0.5462,5465781.344124,XRP-USD,6h
2024-01-22 00:00:00,0.5342,0.5493,0.546,0.5386,15724256.993788,XRP-USD,6h
2024-01-22 06:00:00,0.5255,0.5402,0.5385,0.5307,16346811.20044,XRP-USD,6h
2024-01-22 12:00:00,0.5222,0.534,0.5307,0.5311,15369893.680935,XRP-USD,6h
2024-01-22 18:00:00,0.5168,0.5351,0.5312,0.527,22093510.838051,XRP-USD,6h
2024-01-23 00:00:00,0.5218,0.5313,0.5269,0.5287,9327292.470318,XRP-USD,6h
2024-01-23 06:00:00,0.5009,0.5289,0.5286,0.5046,24290657.746535,XRP-USD,6h
2024-01-23 12:00:00,0.4957,0.5135,0.5043,0.5103,21869623.662994,XRP-USD,6h
2024-01-23 18:00:00,0.5059,0.5191,0.5103,0.5179,13914810.594453,XRP-USD,6h
2024-01-24 00:00:00,0.5125,0.5187,0.5179,0.5145,13524441.49652,XRP-USD,6h
2024-01-24 06:00:00,0.5105,0.5189,0.5148,0.5166,18233098.758942,XRP-USD,6h
2024-01-24 12:00:00,0.5121,0.518,0.5165,0.5165,14693735.796139,XRP-USD,6h
2024-01-24 18:00:00,0.5118,0.5191,0.5164,0.5181,7947170.431392,XRP-USD,6h
2024-01-25 00:00:00,0.5101,0.5182,0.518,0.5105,13211707.86481,XRP-USD,6h
2024-01-25 06:00:00,0.509,0.5146,0.5105,0.5117,10669838.709594,XRP-USD,6h
2024-01-25 12:00:00,0.5035,0.5126,0.5119,0.5079,12961841.59665,XRP-USD,6h
2024-01-25 18:00:00,0.5078,0.5153,0.508,0.5136,10047410.794537,XRP-USD,6h
2024-01-26 00:00:00,0.5081,0.5149,0.5136,0.5127,7755865.960259,XRP-USD,6h
2024-01-26 06:00:00,0.5096,0.5225,0.5128,0.5208,10712422.030922,XRP-USD,6h
2024-01-26 12:00:00,0.5164,0.5258,0.5209,0.5247,13653277.70251,XRP-USD,6h
2024-01-26 18:00:00,0.5247,0.5368,0.5248,0.5321,15509786.738338,XRP-USD,6h
2024-01-27 00:00:00,0.5297,0.5347,0.5321,0.5315,6407036.714464,XRP-USD,6h
2024-01-27 06:00:00,0.5262,0.5321,0.5314,0.5297,3790733.768343,XRP-USD,6h
2024-01-27 12:00:00,0.5285,0.5318,0.5297,0.5291,3644182.398768,XRP-USD,6h
2024-01-27 18:00:00,0.5283,0.5325,0.5291,0.5303,4642025.974911,XRP-USD,6h
2024-01-28 00:00:00,0.5289,0.5355,0.5305,0.5322,7443876.368323,XRP-USD,6h
2024-01-28 06:00:00,0.5297,0.5333,0.5321,0.5304,3445148.677202,XRP-USD,6h
2024-01-28 12:00:00,0.528,0.5312,0.5304,0.5298,5044143.76712,XRP-USD,6h
2024-01-28 18:00:00,0.5208,0.53,0.5297,0.5241,8156078.831883,XRP-USD,6h
2024-01-29 00:00:00,0.5211,0.5293,0.524,0.5271,8074251.869623,XRP-USD,6h
2024-01-29 06:00:00,0.521,0.5287,0.527,0.5258,13483166.461019,XRP-USD,6h
2024-01-29 12:00:00,0.5192,0.5383,0.5256,0.5335,13074245.418595,XRP-USD,6h
2024-01-29 18:00:00,0.5333,0.5399,0.5335,0.5351,10501888.173029,XRP-USD,6h
2024-01-30 00:00:00,0.5333,0.5392,0.5351,0.5339,7125422.353781,XRP-USD,6h
2024-01-30 06:00:00,0.5308,0.535,0.5339,0.5337,9846181.478678,XRP-USD,6h
2024-01-30 12:00:00,0.5229,0.5354,0.5337,0.5244,14133394.465881,XRP-USD,6h
2024-01-30 18:00:00,0.5078,0.5248,0.5245,0.5109,33008144.013264,XRP-USD,6h
2024-01-31 00:00:00,0.5026,0.5126,0.5107,0.5119,13094188.246022,XRP-USD,6h
2024-01-31 06:00:00,0.5012,0.5143,0.5117,0.5069,12138749.867106,XRP-USD,6h
2024-01-31 12:00:00,0.4853,0.5135,0.5067,0.5134,31477728.897635,XRP-USD,6h
2024-01-31 18:00:00,0.499,0.514,0.5134,0.5029,13643593.430073,XRP-USD,6h
2024-02-01 00:00:00,0.4914,0.5039,0.5028,0.4952,15046291.173062,XRP-USD,6h
2024-02-01 06:00:00,0.4896,0.4972,0.4951,0.4924,12435318.757778,XRP-USD,6h
2024-02-01 12:00:00,0.4923,0.5067,0.4924,0.5061,15300701.590873,XRP-USD,6h
2024-02-01 18:00:00,0.5038,0.5105,0.5062,0.5058,13548275.419736,XRP-USD,6h
2024-02-02 00:00:00,0.5038,0.5075,0.5058,0.5063,7917235.890064,XRP-USD,6h
2024-02-02 06:00:00,0.5025,0.5072,0.5063,0.5041,8244563.149238,XRP-USD,6h
2024-02-02 12:00:00,0.4985,0.5061,0.5043,0.5024,12560759.46798,XRP-USD,6h
2024-02-02 18:00:00,0.5006,0.5139,0.5025,0.5103,9444196.501488,XRP-USD,6h
2024-02-03 00:00:00,0.505,0.5104,0.5104,0.5074,7781853.694638,XRP-USD,6h
2024-02-03 06:00:00,0.5063,0.5268,0.5074,0.5215,10419554.413059,XRP-USD,6h
2024-02-03 12:00:00,0.5162,0.5263,0.5212,0.5194,9537168.7568,XRP-USD,6h
2024-02-03 18:00:00,0.5169,0.522,0.5191,0.5186,8136088.791598,XRP-USD,6h
2024-02-04 00:00:00,0.5126,0.519,0.5186,0.5128,3998095.490392,XRP-USD,6h
2024-02-04 06:00:00,0.5087,0.5144,0.5131,0.5126,4096038.373924,XRP-USD,6h
2024-02-04 12:00:00,0.5092,0.5137,0.5126,0.5116,4125702.595077,XRP-USD,6h
2024-02-04 18:00:00,0.5001,0.5122,0.5116,0.5028,8522132.548052,XRP-USD,6h
2024-02-05 00:00:00,0.4966,0.5061,0.5028,0.5034,8696199.907629,XRP-USD,6h
2024-02-05 06:00:00,0.5017,0.507,0.5034,0.5051,8213039.125653,XRP-USD,6h
2024-02-05 12:00:00,0.5003,0.5136,0.5051,0.5084,13511957.606619,XRP-USD,6h
2024-02-05 18:00:00,0.5038,0.5097,0.5082,0.5062,10337023.655538,XRP-USD,6h
2024-02-06 00:00:00,0.5036,0.508,0.5062,0.5038,5962723.169681,XRP-USD,6h
2024-02-06 06:00:00,0.4996,0.5048,0.5038,0.5007,10410040.459164,XRP-USD,6h
2024-02-06 12:00:00,0.498,0.5055,0.5006,0.5042,9682095.020016,XRP-USD,6h
2024-02-06 18:00:00,0.5039,0.5109,0.5042,0.505,10530184.331801,XRP-USD,6h
2024-02-07 00:00:00,0.5022,0.5061,0.5049,0.5024,9719531.196421,XRP-USD,6h
2024-02-07 06:00:00,0.499,0.5035,0.5023,0.5018,9847634.192297,XRP-USD,6h
2024-02-07 12:00:00,0.5012,0.5086,0.5017,0.5071,9466109.711306,XRP-USD,6h
2024-02-07 18:00:00,0.5066,0.5155,0.507,0.5138,13502590.143076,XRP-USD,6h
2024-02-08 00:00:00,0.5109,0.5183,0.5137,0.5112,16107569.936631,XRP-USD,6h
2024-02-08 06:00:00,0.5101,0.5174,0.5113,0.5134,12001364.546014,XRP-USD,6h
2024-02-08 12:00:00,0.5117,0.5193,0.5134,0.5155,13905300.395194,XRP-USD,6h
2024-02-08 18:00:00,0.5132,0.5186,0.5156,0.5148,9437754.618359,XRP-USD,6h
2024-02-09 00:00:00,0.5141,0.5205,0.5147,0.5184,6595462.166774,XRP-USD,6h
2024-02-09 06:00:00,0.5157,0.5263,0.5185,0.5249,9532120.3082,XRP-USD,6h
2024-02-09 12:00:00,0.5178,0.5265,0.5247,0.5238,14805957.564314,XRP-USD,6h
2024-02-09 18:00:00,0.5226,0.5286,0.524,0.5264,11110629.247457,XRP-USD,6h
2024-02-10 00:00:00,0.5234,0.5284,0.5264,0.5254,4941049.18609,XRP-USD,6h
2024-02-10 06:00:00,0.519,0.5259,0.5253,0.5215,3876549.976743,XRP-USD,6h
2024-02-10 12:00:00,0.5197,0.5238,0.5215,0.5214,5540282.06116,XRP-USD,6h
2024-02-10 18:00:00,0.5213,0.526,0.5215,0.5241,6076709.415876,XRP-USD,6h
2024-02-11 00:00:00,0.5218,0.5291,0.5242,0.5276,7499133.156068,XRP-USD,6h
2024-02-11 06:00:00,0.5268,0.5362,0.5276,0.5337,7299517.464587,XRP-USD,6h
2024-02-11 12:00:00,0.5263,0.5339,0.5337,0.5282,8012934.397116,XRP-USD,6h
2024-02-11 18:00:00,0.5237,0.53,0.5282,0.5263,6907391.670976,XRP-USD,6h
2024-02-12 00:00:00,0.5186,0.5289,0.5263,0.5201,9148117.319243,XRP-USD,6h
2024-02-12 06:00:00,0.5144,0.5204,0.5201,0.5182,6096053.370839,XRP-USD,6h
2024-02-12 12:00:00,0.5171,0.5355,0.5181,0.5314,10873549.137306,XRP-USD,6h
2024-02-12 18:00:00,0.5292,0.5382,0.5316,0.5317,14311151.192346,XRP-USD,6h
2024-02-13 00:00:00,0.5276,0.5341,0.5316,0.5287,8308412.139545,XRP-USD,6h
2024-02-13 06:00:00,0.5265,0.5311,0.5285,0.5288,6615739.844007,XRP-USD,6h
2024-02-13 12:00:00,0.5143,0.5288,0.5288,0.5241,19348240.898159,XRP-USD,6h
2024-02-13 18:00:00,0.5208,0.5298,0.5241,0.5248,7394748.772584,XRP-USD,6h
2024-02-14 00:00:00,0.5206,0.5258,0.5248,0.5227,8126877.068371,XRP-USD,6h
2024-02-14 06:00:00,0.5219,0.5332,0.5228,0.5319,11388947.570165,XRP-USD,6h
2024-02-14 12:00:00,0.5287,0.5384,0.5318,0.5337,16331730.291548,XRP-USD,6h
2024-02-14 18:00:00,0.5332,0.5424,0.5337,0.5384,13408274.175757,XRP-USD,6h
2024-02-15 00:00:00,0.5376,0.5595,0.5384,0.5453,25728261.225119,XRP-USD,6h
2024-02-15 06:00:00,0.5434,0.5553,0.5454,0.5505,16506106.087318,XRP-USD,6h
2024-02-15 12:00:00,0.5422,0.5554,0.5504,0.5457,17707291.34875,XRP-USD,6h
2024-02-15 18:00:00,0.5449,0.5794,0.5457,0.5627,35463484.045759,XRP-USD,6h
2024-02-16 00:00:00,0.5584,0.5796,0.5628,0.5711,26321975.070968,XRP-USD,6h
2024-02-16 06:00:00,0.5601,0.5745,0.5712,0.5714,13166553.848232,XRP-USD,6h
2024-02-16 12:00:00,0.5527,0.5738,0.5714,0.5633,22138894.255178,XRP-USD,6h
2024-02-16 18:00:00,0.5601,0.5692,0.5635,0.5647,11271213.437022,XRP-USD,6h
2024-02-17 00:00:00,0.5579,0.5659,0.5644,0.5593,8081916.188095,XRP-USD,6h
2024-02-17 06:00:00,0.5508,0.5618,0.5593,0.5539,5517038.085915,XRP-USD,6h
2024-02-17 12:00:00,0.5395,0.5549,0.5539,0.5501,18889422.027317,XRP-USD,6h
2024-02-17 18:00:00,0.5479,0.5533,0.5499,0.5498,5524467.35986,XRP-USD,6h
2024-02-18 00:00:00,0.5472,0.5594,0.5498,0.5566,8734698.813561,XRP-USD,6h
2024-02-18 06:00:00,0.5527,0.559,0.5567,0.5588,4456455.804252,XRP-USD,6h
2024-02-18 12:00:00,0.5535,0.5627,0.5589,0.5612,7128217.70907,XRP-USD,6h
2024-02-18 18:00:00,0.555,0.5622,0.5611,0.5574,6995790.578733,XRP-USD,6h
2024-02-19 00:00:00,0.5562,0.5629,0.5572,0.5576,10487097.247252,XRP-USD,6h
2024-02-19 06:00:00,0.5562,0.5643,0.5575,0.5591,8807820.77868,XRP-USD,6h
2024-02-19 12:00:00,0.5536,0.5635,0.5592,0.5602,12570733.988956,XRP-USD,6h
2024-02-19 18:00:00,0.5593,0.5681,0.5604,0.5629,13050340.254745,XRP-USD,6h
2024-02-20 00:00:00,0.555,0.574,0.5628,0.5682,21620872.266668,XRP-USD,6h
2024-02-20 06:00:00,0.5576,0.5719,0.5683,0.5707,16936677.484083,XRP-USD,6h
2024-02-20 12:00:00,0.5451,0.5752,0.5708,0.553,33069466.514427,XRP-USD,6h
2024-02-20 18:00:00,0.5523,0.5674,0.553,0.5624,11567592.931262,XRP-USD,6h
2024-02-21 00:00:00,0.5521,0.5631,0.5624,0.5526,10380812.771347,XRP-USD,6h
2024-02-21 06:00:00,0.5329,0.5532,0.5526,0.539,15983542.313837,XRP-USD,6h
2024-02-21 12:00:00,0.5342,0.545,0.539,0.5396,18561455.736036,XRP-USD,6h
2024-02-21 18:00:00,0.5351,0.5495,0.5397,0.5492,9860271.201648,XRP-USD,6h
2024-02-22 00:00:00,0.5386,0.5491,0.5491,0.5415,9938530.195634,XRP-USD,6h
2024-02-22 06:00:00,0.5412,0.5503,0.5416,0.5451,10221849.862474,XRP-USD,6h
2024-02-22 12:00:00,0.5362,0.5463,0.5452,0.5429,12799649.655538,XRP-USD,6h
2024-02-22 18:00:00,0.54,0.5516,0.5428,0.5408,16396648.423358,XRP-USD,6h
2024-02-23 00:00:00,0.5355,0.5434,0.5409,0.5398,9314969.867317,XRP-USD,6h
2024-02-23 06:00:00,0.5294,0.5409,0.5397,0.5363,9601957.749715,XRP-USD,6h
2024-02-23 12:00:00,0.5253,0.5375,0.5365,0.5357,16129277.819278,XRP-USD,6h
2024-02-23 18:00:00,0.5304,0.541,0.5358,0.5341,9842545.857843,XRP-USD,6h
2024-02-24 00:00:00,0.5313,0.5404,0.534,0.5394,6015049.423407,XRP-USD,6h
2024-02-24 06:00:00,0.5388,0.5467,0.5394,0.5458,7652751.227775,XRP-USD,6h
2024-02-24 12:00:00,0.5427,0.5479,0.5459,0.5471,5713149.608262,XRP-USD,6h
2024-02-24 18:00:00,0.5434,0.5478,0.547,0.545,5997262.778824,XRP-USD,6h
2024-02-25 00:00:00,0.5415,0.5482,0.5449,0.5465,5959496.846984,XRP-USD,6h
2024-02-25 06:00:00,0.5441,0.5488,0.5466,0.5442,3835524.386098,XRP-USD,6h
2024-02-25 12:00:00,0.5419,0.5463,0.5443,0.5445,4196137.599435,XRP-USD,6h
2024-02-25 18:00:00,0.542,0.547,0.5446,0.5426,7263402.642853,XRP-USD,6h
2024-02-26 00:00:00,0.5378,0.5429,0.5427,0.5399,7170374.317207,XRP-USD,6h
2024-02-26 06:00:00,0.5302,0.5404,0.5399,0.5303,8062442.794945,XRP-USD,6h
2024-02-26 12:00:00,0.5287,0.5531,0.5304,0.5494,18269005.000358,XRP-USD,6h
2024-02-26 18:00:00,0.5442,0.5532,0.5494,0.551,17639584.813648,XRP-USD,6h
2024-02-27 00:00:00,0.548,0.5609,0.551,0.555,19517384.539092,XRP-USD,6h
2024-02-27 06:00:00,0.55,0.565,0.5549,0.5598,18451372.827538,XRP-USD,6h
2024-02-27 12:00:00,0.5547,0.5751,0.5598,0.5743,34801311.691747,XRP-USD,6h
2024-02-27 18:00:00,0.5718,0.5975,0.5743,0.5865,47353124.122546,XRP-USD,6h
2024-02-28 00:00:00,0.5777,0.5906,0.5865,0.5793,24177447.201461,XRP-USD,6h
2024-02-28 06:00:00,0.5756,0.5926,0.5794,0.5807,23279539.654766,XRP-USD,6h
2024-02-28 12:00:00,0.528,0.6069,0.5808,0.5731,56009435.770724,XRP-USD,6h
2024-02-28 18:00:00,0.5489,0.5856,0.5729,0.5758,40201139.728971,XRP-USD,6h
2024-02-29 00:00:00,0.568,0.5968,0.5757,0.5961,37172283.783491,XRP-USD,6h
2024-02-29 06:00:00,0.5884,0.608,0.5961,0.5965,38787631.623897,XRP-USD,6h
2024-02-29 12:00:00,0.5904,0.6262,0.5966,0.598,58341389.941337,XRP-USD,6h
2024-02-29 18:00:00,0.5773,0.6125,0.5979,0.5872,34268686.312196,XRP-USD,6h
2024-03-01 00:00:00,0.5865,0.5967,0.5873,0.5914,21175401.339918,XRP-USD,6h
2024-03-01 06:00:00,0.5831,0.5957,0.5915,0.5893,13982014.380881,XRP-USD,6h
2024-03-01 12:00:00,0.5852,0.599,0.5893,0.5934,24064596.895658,XRP-USD,6h
2024-03-01 18:00:00,0.5909,0.604,0.5934,0.6017,18849347.75317,XRP-USD,6h
2024-03-02 00:00:00,0.6,0.64,0.6018,0.6254,58298592.838888,XRP-USD,6h
2024-03-02 06:00:00,0.6208,0.644,0.6254,0.6437,28526782.123842,XRP-USD,6h
2024-03-02 12:00:00,0.6261,0.6518,0.6438,0.6275,25039123.466454,XRP-USD,6h
2024-03-02 18:00:00,0.6275,0.6458,0.6275,0.6448,14551792.694643,XRP-USD,6h
2024-03-03 00:00:00,0.6285,0.645,0.6447,0.6334,21381334.286581,XRP-USD,6h
2024-03-03 06:00:00,0.5867,0.6339,0.6333,0.6243,34259110.020382,XRP-USD,6h
2024-03-03 12:00:00,0.6179,0.6301,0.6243,0.6227,14278486.985071,XRP-USD,6h
2024-03-03 18:00:00,0.6204,0.633,0.6224,0.627,14455178.336961,XRP-USD,6h
2024-03-04 00:00:00,0.6167,0.6396,0.627,0.6252,30714083.549154,XRP-USD,6h
2024-03-04 06:00:00,0.6233,0.6659,0.6252,0.6602,37417905.615538,XRP-USD,6h
2024-03-04 12:00:00,0.64,0.6657,0.6603,0.6401,44354976.759331,XRP-USD,6h
2024-03-04 18:00:00,0.6348,0.6578,0.6402,0.6488,28247214.495493,XRP-USD,6h
2024-03-05 00:00:00,0.6183,0.6699,0.6486,0.6434,57527283.931884,XRP-USD,6h
2024-03-05 06:00:00,0.632,0.6534,0.6432,0.6501,25191325.200776,XRP-USD,6h
2024-03-05 12:00:00,0.6088,0.6554,0.65,0.6258,75081152.526135,XRP-USD,6h
2024-03-05 18:00:00,0.5364,0.6257,0.6256,0.5921,89686008.348466,XRP-USD,6h
2024-03-06 00:00:00,0.576,0.6057,0.5922,0.6056,44482581.121836,XRP-USD,6h
2024-03-06 06:00:00,0.6024,0.6242,0.6053,0.6147,26477250.756201,XRP-USD,6h
2024-03-06 12:00:00,0.5873,0.6154,0.6143,0.6107,49421673.058453,XRP-USD,6h
2024-03-06 18:00:00,0.6061,0.6168,0.6106,0.612,23510855.72033,XRP-USD,6h
2024-03-07 00:00:00,0.6066,0.6306,0.6125,0.6159,35720715.262636,XRP-USD,6h
2024-03-07 06:00:00,0.6149,0.6286,0.6159,0.6224,23676662.379448,XRP-USD,6h
2024-03-07 12:00:00,0.6152,0.6292,0.6222,0.6268,32704841.458153,XRP-USD,6h
2024-03-07 18:00:00,0.6237,0.6403,0.6268,0.6282,24434093.642156,XRP-USD,6h
2024-03-08 00:00:00,0.6207,0.6348,0.6282,0.6223,16100498.931084,XRP-USD,6h
2024-03-08 06:00:00,0.6192,0.6315,0.6224,0.6291,12296287.160407,XRP-USD,6h
2024-03-08 12:00:00,0.6014,0.6323,0.6292,0.6231,46238663.070121,XRP-USD,6h
2024-03-08 18:00:00,0.6174,0.625,0.6231,0.6211,17291448.96394,XRP-USD,6h
2024-03-09 00:00:00,0.6195,0.6325,0.6213,0.6306,13294121.811201,XRP-USD,6h
2024-03-09 06:00:00,0.6174,0.6339,0.6306,0.6242,16536529.330199,XRP-USD,6h
2024-03-09 12:00:00,0.6177,0.6269,0.6241,0.6209,16496759.314482,XRP-USD,6h
2024-03-09 18:00:00,0.6186,0.6252,0.6206,0.6211,9336491.916352,XRP-USD,6h
2024-03-10 00:00:00,0.6205,0.6262,0.6212,0.6234,12099173.392592,XRP-USD,6h
2024-03-10 06:00:00,0.6183,0.6289,0.6234,0.6202,9522649.75454,XRP-USD,6h
2024-03-10 12:00:00,0.6031,0.6218,0.6202,0.6143,18231957.693533,XRP-USD,6h
2024-03-10 18:00:00,0.5975,0.616,0.6142,0.6086,13545352.36577,XRP-USD,6h
2024-03-11 00:00:00,0.5832,0.6111,0.6088,0.6078,22024738.421656,XRP-USD,6h
2024-03-11 06:00:00,0.6035,0.6301,0.6078,0.6233,19932415.170857,XRP-USD,6h
2024-03-11 12:00:00,0.6157,0.785,0.6233,0.7347,140643471.793501,XRP-USD,6h
2024-03-11 18:00:00,0.71,0.7448,0.7347,0.7229,72585269.41602,XRP-USD,6h
2024-03-12 00:00:00,0.6854,0.7332,0.7229,0.6977,45206710.86213,XRP-USD,6h
2024-03-12 06:00:00,0.6789,0.7101,0.6978,0.7014,37577050.874978,XRP-USD,6h
2024-03-12 12:00:00,0.6586,0.7135,0.7013,0.6875,60457656.147643,XRP-USD,6h
2024-03-12 18:00:00,0.6819,0.6938,0.6876,0.6882,23849501.174637,XRP-USD,6h
2024-03-13 00:00:00,0.6813,0.7029,0.6882,0.6996,24701708.881177,XRP-USD,6h
2024-03-13 06:00:00,0.686,0.7018,0.6996,0.6892,18759680.745211,XRP-USD,6h
2024-03-13 12:00:00,0.6692,0.6911,0.6889,0.6858,23259244.365503,XRP-USD,6h
2024-03-13 18:00:00,0.6806,0.6925,0.6858,0.6897,17069351.875897,XRP-USD,6h
2024-03-14 00:00:00,0.673,0.6901,0.6896,0.679,18983363.227886,XRP-USD,6h
2024-03-14 06:00:00,0.6778,0.708,0.6789,0.686,20606102.808882,XRP-USD,6h
2024-03-14 12:00:00,0.66,0.6905,0.6859,0.6766,43082022.982261,XRP-USD,6h
2024-03-14 18:00:00,0.6379,0.6765,0.6765,0.6689,38061195.135012,XRP-USD,6h
2024-03-15 00:00:00,0.6104,0.6754,0.6688,0.6276,49076467.033075,XRP-USD,6h
2024-03-15 06:00:00,0.5951,0.6401,0.6274,0.6216,40407848.281916,XRP-USD,6h
2024-03-15 12:00:00,0.6178,0.6318,0.6215,0.6296,22706740.306898,XRP-USD,6h
2024-03-15 18:00:00,0.6194,0.6446,0.6297,0.6345,24429482.615705,XRP-USD,6h
2024-03-16 00:00:00,0.6303,0.6475,0.6344,0.6356,14791645.011602,XRP-USD,6h
2024-03-16 06:00:00,0.6244,0.6425,0.6359,0.6303,10196120.736318,XRP-USD,6h
2024-03-16 12:00:00,0.6095,0.6311,0.6305,0.6129,15418797.439413,XRP-USD,6h
2024-03-16 18:00:00,0.5926,0.6158,0.6131,0.6025,25561133.13345,XRP-USD,6h
2024-03-17 00:00:00,0.5995,0.6156,0.6026,0.6098,14605797.668751,XRP-USD,6h
2024-03-17 06:00:00,0.5865,0.6195,0.6097,0.6139,15378403.032317,XRP-USD,6h
2024-03-17 12:00:00,0.6053,0.6237,0.6137,0.6231,14139915.053974,XRP-USD,6h
2024-03-17 18:00:00,0.616,0.6247,0.6233,0.6188,12352200.785036,XRP-USD,6h
2024-03-18 00:00:00,0.6019,0.6278,0.6187,0.6273,15571668.079309,XRP-USD,6h
2024-03-18 06:00:00,0.6072,0.6275,0.6274,0.6112,13818755.886104,XRP-USD,6h
2024-03-18 12:00:00,0.5944,0.6131,0.6113,0.6022,20339935.618777,XRP-USD,6h
2024-03-18 18:00:00,0.6005,0.6699,0.602,0.6454,47088924.210067,XRP-USD,6h
2024-03-19 00:00:00,0.5937,0.649,0.6452,0.6012,47894128.176273,XRP-USD,6h
2024-03-19 06:00:00,0.5713,0.6041,0.6011,0.59,46498045.051578,XRP-USD,6h
2024-03-19 12:00:00,0.5883,0.6106,0.5901,0.6046,28877862.555812,XRP-USD,6h
2024-03-19 18:00:00,0.575,0.6108,0.6045,0.5844,28559512.720342,XRP-USD,6h
2024-03-20 00:00:00,0.5686,0.5945,0.5844,0.579,27841983.879287,XRP-USD,6h
2024-03-20 06:00:00,0.5787,0.5995,0.5788,0.596,16872239.516258,XRP-USD,6h
2024-03-20 12:00:00,0.5683,0.6004,0.5958,0.585,29536908.971991,XRP-USD,6h
2024-03-20 18:00:00,0.585,0.6188,0.585,0.6108,31286895.837977,XRP-USD,6h
2024-03-21 00:00:00,0.5974,0.6139,0.6109,0.6045,16113151.57683,XRP-USD,6h
2024-03-21 06:00:00,0.6027,0.6244,0.6043,0.6179,18609876.955244,XRP-USD,6h
2024-03-21 12:00:00,0.6135,0.655,0.618,0.643,38603147.180649,XRP-USD,6h
2024-03-21 18:00:00,0.6273,0.6452,0.6431,0.6403,28084607.475173,XRP-USD,6h
2024-03-22 00:00:00,0.623,0.6453,0.6403,0.6341,17945102.725114,XRP-USD,6h
2024-03-22 06:00:00,0.6141,0.6378,0.634,0.6161,18646482.941569,XRP-USD,6h
2024-03-22 12:00:00,0.5986,0.6223,0.616,0.6114,26092938.233221,XRP-USD,6h
2024-03-22 18:00:00,0.6044,0.6149,0.6114,0.6117,15606714.826879,XRP-USD,6h
2024-03-23 00:00:00,0.6034,0.6172,0.6115,0.613,8655749.605772,XRP-USD,6h
2024-03-23 06:00:00,0.6114,0.6214,0.613,0.6192,4844635.015574,XRP-USD,6h
2024-03-23 12:00:00,0.6187,0.6331,0.6191,0.6284,13721249.165973,XRP-USD,6h
2024-03-23 18:00:00,0.6157,0.6304,0.6282,0.6167,7448360.545889,XRP-USD,6h
2024-03-24 00:00:00,0.6136,0.6339,0.6168,0.6264,9796217.334476,XRP-USD,6h
2024-03-24 06:00:00,0.6227,0.6339,0.6262,0.6308,8511453.4143,XRP-USD,6h
2024-03-24 12:00:00,0.6236,0.634,0.6306,0.6272,12687309.079229,XRP-USD,6h
2024-03-24 18:00:00,0.6269,0.6357,0.6272,0.6325,11668049.68428,XRP-USD,6h
2024-03-25 00:00:00,0.6285,0.6373,0.6326,0.6348,11834160.707605,XRP-USD,6h
2024-03-25 06:00:00,0.6267,0.6349,0.6347,0.6272,12834325.212714,XRP-USD,6h
2024-03-25 12:00:00,0.6271,0.6538,0.6272,0.6496,25980553.541928,XRP-USD,6h
2024-03-25 18:00:00,0.6363,0.663,0.6496,0.6406,31176478.591148,XRP-USD,6h
2024-03-26 00:00:00,0.6395,0.6476,0.6405,0.6443,13067382.685518,XRP-USD,6h
2024-03-26 06:00:00,0.643,0.6531,0.6442,0.6445,11973670.49563,XRP-USD,6h
2024-03-26 12:00:00,0.6254,0.6453,0.6444,0.6312,21441687.971961,XRP-USD,6h
2024-03-26 18:00:00,0.6289,0.6356,0.6313,0.6318,11837387.002105,XRP-USD,6h
2024-03-27 00:00:00,0.6286,0.6348,0.6317,0.6297,14525984.952663,XRP-USD,6h
2024-03-27 06:00:00,0.6115,0.6318,0.6298,0.6221,18654517.303919,XRP-USD,6h
2024-03-27 12:00:00,0.6057,0.6298,0.6222,0.6147,28175407.478474,XRP-USD,6h
2024-03-27 18:00:00,0.6088,0.6156,0.6147,0.6116,11208576.75804,XRP-USD,6h
2024-03-28 00:00:00,0.6029,0.6159,0.6115,0.6113,13758949.871418,XRP-USD,6h
2024-03-28 06:00:00,0.6108,0.6245,0.6112,0.6211,17312939.477709,XRP-USD,6h
2024-03-28 12:00:00,0.6167,0.6379,0.6211,0.6344,30381891.463908,XRP-USD,6h
2024-03-28 18:00:00,0.6235,0.6345,0.6344,0.6246,15318874.460308,XRP-USD,6h
2024-03-29 00:00:00,0.6162,0.6255,0.6244,0.6172,13426839.734161,XRP-USD,6h
2024-03-29 06:00:00,0.6088,0.632,0.6172,0.6293,17192814.469383,XRP-USD,6h
2024-03-29 12:00:00,0.6205,0.6453,0.6294,0.6325,31561429.158587,XRP-USD,6h
2024-03-29 18:00:00,0.6213,0.6337,0.6326,0.6305,13801398.946422,XRP-USD,6h
2024-03-30 00:00:00,0.6241,0.6321,0.6303,0.6277,7912770.147008,XRP-USD,6h
2024-03-30 06:00:00,0.621,0.6281,0.6279,0.6276,5168659.472875,XRP-USD,6h
2024-03-30 12:00:00,0.6256,0.6373,0.6275,0.6321,15126232.183042,XRP-USD,6h
2024-03-30 18:00:00,0.618,0.6326,0.632,0.6216,14689484.631218,XRP-USD,6h
2024-03-31 00:00:00,0.6207,0.6261,0.6215,0.6256,6868845.503072,XRP-USD,6h
2024-03-31 06:00:00,0.6245,0.629,0.6257,0.6264,4376843.34913,XRP-USD,6h
2024-03-31 12:00:00,0.6253,0.629,0.6265,0.6259,6383942.444863,XRP-USD,6h
2024-03-31 18:00:00,0.6247,0.6301,0.6258,0.6291,10131936.693773,XRP-USD,6h
2024-04-01 00:00:00,0.6005,0.6337,0.6292,0.6072,19799614.686012,XRP-USD,6h
2024-04-01 06:00:00,0.6052,0.6163,0.6072,0.6098,13624979.538313,XRP-USD,6h
2024-04-01 12:00:00,0.5945,0.6147,0.6096,0.6078,21548027.481792,XRP-USD,6h
2024-04-01 18:00:00,0.6051,0.6146,0.6078,0.6111,11099286.75585,XRP-USD,6h
2024-04-02 00:00:00,0.5844,0.6186,0.6112,0.598,34884134.673662,XRP-USD,6h
2024-04-02 06:00:00,0.58,0.6034,0.598,0.5886,27178484.97233,XRP-USD,6h
2024-04-02 12:00:00,0.5791,0.5938,0.5885,0.5913,29859305.233523,XRP-USD,6h
2024-04-02 18:00:00,0.5845,0.5947,0.5912,0.5856,16378721.635238,XRP-USD,6h
2024-04-03 00:00:00,0.5672,0.5883,0.5856,0.5855,22259993.809859,XRP-USD,6h
2024-04-03 06:00:00,0.5807,0.5933,0.5855,0.5832,13253395.008666,XRP-USD,6h
2024-04-03 12:00:00,0.576,0.586,0.5832,0.5795,21437582.938861,XRP-USD,6h
2024-04-03 18:00:00,0.5662,0.5795,0.5794,0.5744,19640906.592487,XRP-USD,6h
2024-04-04 00:00:00,0.5623,0.5787,0.5744,0.571,15069861.095477,XRP-USD,6h
2024-04-04 06:00:00,0.568,0.5794,0.5709,0.5751,15288990.146704,XRP-USD,6h
2024-04-04 12:00:00,0.5749,0.62,0.5751,0.6035,53455082.709052,XRP-USD,6h
2024-04-04 18:00:00,0.5852,0.6054,0.6035,0.5937,19127283.845656,XRP-USD,6h
2024-04-05 00:00:00,0.5763,0.5943,0.5937,0.5803,16830728.723178,XRP-USD,6h
2024-04-05 06:00:00,0.5719,0.5877,0.5803,0.5723,15129157.218667,XRP-USD,6h
2024-04-05 12:00:00,0.5689,0.5857,0.5724,0.5843,17619849.070521,XRP-USD,6h
2024-04-05 18:00:00,0.5839,0.5915,0.5843,0.5872,11079052.846336,XRP-USD,6h
2024-04-06 00:00:00,0.5856,0.5924,0.5873,0.5906,6858911.26631,XRP-USD,6h
2024-04-06 06:00:00,0.5877,0.5923,0.5907,0.5882,4480162.769703,XRP-USD,6h
2024-04-06 12:00:00,0.5869,0.5971,0.5882,0.5901,9756282.239621,XRP-USD,6h
2024-04-06 18:00:00,0.5891,0.599,0.5901,0.5931,8900977.638302,XRP-USD,6h
2024-04-07 00:00:00,0.5925,0.5982,0.5931,0.5967,8100292.594373,XRP-USD,6h
2024-04-07 06:00:00,0.5949,0.599,0.5968,0.5974,5404873.444979,XRP-USD,6h
2024-04-07 12:00:00,0.5947,0.6031,0.5973,0.5954,12546167.039712,XRP-USD,6h
2024-04-07 18:00:00,0.5895,0.5957,0.5954,0.5945,9282735.399655,XRP-USD,6h
2024-04-08 00:00:00,0.5883,0.5947,0.5945,0.5921,6677243.743177,XRP-USD,6h
2024-04-08 06:00:00,0.5904,0.6119,0.5921,0.6073,20392054.98622,XRP-USD,6h
2024-04-08 12:00:00,0.6028,0.6257,0.6074,0.6234,29198957.141425,XRP-USD,6h
2024-04-08 18:00:00,0.6146,0.6265,0.6235,0.6147,14543926.04938,XRP-USD,6h
2024-04-09 00:00:00,0.6118,0.619,0.6147,0.6164,9899551.290032,XRP-USD,6h
2024-04-09 06:00:00,0.6015,0.6266,0.6166,0.6243,19063508.996687,XRP-USD,6h
2024-04-09 12:00:00,0.6108,0.6429,0.6244,0.6212,44420630.350336,XRP-USD,6h
2024-04-09 18:00:00,0.6105,0.6274,0.6212,0.6137,12818123.746452,XRP-USD,6h
2024-04-10 00:00:00,0.6009,0.615,0.6138,0.6094,15830133.838973,XRP-USD,6h
2024-04-10 06:00:00,0.605,0.6163,0.6093,0.6124,17860693.33575,XRP-USD,6h
2024-04-10 12:00:00,0.592,0.6171,0.6126,0.6155,25162083.412567,XRP-USD,6h
2024-04-10 18:00:00,0.6128,0.6204,0.6155,0.6171,12662938.60471,XRP-USD,6h
2024-04-11 00:00:00,0.6149,0.6212,0.6172,0.6174,13159036.008328,XRP-USD,6h
2024-04-11 06:00:00,0.6077,0.6214,0.6175,0.6092,12608376.339705,XRP-USD,6h
2024-04-11 12:00:00,0.603,0.6156,0.6093,0.6113,16536794.190194,XRP-USD,6h
2024-04-11 18:00:00,0.6067,0.6142,0.6113,0.6087,11283932.603461,XRP-USD,6h
2024-04-12 00:00:00,0.6064,0.6143,0.6087,0.6107,9806483.714435,XRP-USD,6h
2024-04-12 06:00:00,0.6062,0.6158,0.6106,0.608,10572492.288449,XRP-USD,6h
2024-04-12 12:00:00,0.568,0.6081,0.608,0.5741,37557347.133372,XRP-USD,6h
2024-04-12 18:00:00,0.5001,0.5763,0.5742,0.5474,87143420.337217,XRP-USD,6h
2024-04-13 00:00:00,0.5289,0.5492,0.5474,0.5442,23899886.564668,XRP-USD,6h
2024-04-13 06:00:00,0.5388,0.5473,0.5441,0.5425,8188127.224078,XRP-USD,6h
2024-04-13 12:00:00,0.5129,0.5483,0.5425,0.5203,39059003.5723,XRP-USD,6h
2024-04-13 18:00:00,0.4315,0.5306,0.5202,0.4801,134204180.971623,XRP-USD,6h
2024-04-14 00:00:00,0.4641,0.4949,0.4801,0.4921,46884073.990145,XRP-USD,6h
2024-04-14 06:00:00,0.4802,0.4993,0.4921,0.483,26322582.904179,XRP-USD,6h
2024-04-14 12:00:00,0.4736,0.4961,0.4827,0.4851,46493223.158064,XRP-USD,6h
2024-04-14 18:00:00,0.4838,0.5076,0.4853,0.5039,33135797.027135,XRP-USD,6h
2024-04-15 00:00:00,0.4944,0.5051,0.504,0.5044,18050051.89974,XRP-USD,6h
2024-04-15 06:00:00,0.5027,0.5194,0.5042,0.512,24551669.550415,XRP-USD,6h
2024-04-15 12:00:00,0.4876,0.5149,0.512,0.494,36938093.254225,XRP-USD,6h
2024-04-15 18:00:00,0.4814,0.5003,0.4941,0.4979,27226619.433498,XRP-USD,6h
2024-04-16 00:00:00,0.476,0.4983,0.4978,0.4884,19187214.805745,XRP-USD,6h
2024-04-16 06:00:00,0.4789,0.5023,0.4885,0.4913,21858084.924128,XRP-USD,6h
2024-04-16 12:00:00,0.4812,0.4976,0.4913,0.4951,20352981.918506,XRP-USD,6h
2024-04-16 18:00:00,0.4899,0.4989,0.4948,0.4968,13307115.796711,XRP-USD,6h
2024-04-17 00:00:00,0.4924,0.5012,0.4966,0.4988,10265538.734871,XRP-USD,6h
2024-04-17 06:00:00,0.4875,0.508,0.4987,0.4878,17184975.449284,XRP-USD,6h
2024-04-17 12:00:00,0.4718,0.4938,0.4879,0.491,28502046.352214,XRP-USD,6h
2024-04-17 18:00:00,0.4902,0.528,0.4911,0.4952,19515789.969097,XRP-USD,6h
2024-04-18 00:00:00,0.4874,0.4994,0.4952,0.4943,10340273.431811,XRP-USD,6h
2024-04-18 06:00:00,0.4856,0.4989,0.4942,0.4956,13800526.760614,XRP-USD,6h
2024-04-18 12:00:00,0.4882,0.5065,0.4956,0.4972,20224144.017185,XRP-USD,6h
2024-04-18 18:00:00,0.4944,0.5044,0.4972,0.503,10822888.822971,XRP-USD,6h
2024-04-19 00:00:00,0.4669,0.503,0.503,0.4872,29715969.529792,XRP-USD,6h
2024-04-19 06:00:00,0.483,0.5038,0.4872,0.5018,26595357.639011,XRP-USD,6h
2024-04-19 12:00:00,0.4934,0.5052,0.502,0.504,17133458.694895,XRP-USD,6h
2024-04-19 18:00:00,0.4962,0.511,0.5039,0.5033,16175858.773001,XRP-USD,6h
2024-04-20 00:00:00,0.4983,0.5152,0.5031,0.5126,14483724.772535,XRP-USD,6h
2024-04-20 06:00:00,0.5115,0.526,0.5125,0.5202,17451656.075381,XRP-USD,6h
2024-04-20 12:00:00,0.5154,0.5306,0.5201,0.5282,16190830.760391,XRP-USD,6h
2024-04-20 18:00:00,0.5235,0.5302,0.5281,0.5291,10026043.399583,XRP-USD,6h
2024-04-21 00:00:00,0.5218,0.5304,0.5291,0.5288,8690017.916649,XRP-USD,6h
2024-04-21 06:00:00,0.5279,0.5369,0.5288,0.5304,9181140.196969,XRP-USD,6h
2024-04-21 12:00:00,0.5179,0.5312,0.5303,0.5244,11052549.657239,XRP-USD,6h
2024-04-21 18:00:00,0.5214,0.5295,0.5244,0.5246,7780181.619927,XRP-USD,6h
2024-04-22 00:00:00,0.5222,0.5402,0.5247,0.5359,14374072.797059,XRP-USD,6h
2024-04-22 06:00:00,0.5308,0.5398,0.5358,0.5333,11259422.490028,XRP-USD,6h
2024-04-22 12:00:00,0.5313,0.5505,0.5333,0.5441,23433676.309259,XRP-USD,6h
2024-04-22 18:00:00,0.5433,0.572,0.5442,0.5561,31005649.853392,XRP-USD,6h
2024-04-23 00:00:00,0.5454,0.5578,0.5562,0.5515,9638787.856686,XRP-USD,6h
2024-04-23 06:00:00,0.5419,0.5521,0.5515,0.5441,13496661.519047,XRP-USD,6h
2024-04-23 12:00:00,0.5423,0.5645,0.5441,0.5522,15437462.456766,XRP-USD,6h
2024-04-23 18:00:00,0.5433,0.5556,0.5522,0.5445,21923488.214331,XRP-USD,6h
2024-04-24 00:00:00,0.5409,0.5519,0.5445,0.5495,14821413.697172,XRP-USD,6h
2024-04-24 06:00:00,0.5424,0.5519,0.5496,0.5445,12208748.761307,XRP-USD,6h
2024-04-24 12:00:00,0.5241,0.546,0.5444,0.5344,22150355.823637,XRP-USD,6h
2024-04-24 18:00:00,0.521,0.5376,0.5343,0.5273,13094030.169054,XRP-USD,6h
2024-04-25 00:00:00,0.5186,0.5307,0.5272,0.5273,8905118.292594,XRP-USD,6h
2024-04-25 06:00:00,0.5151,0.5293,0.5272,0.5188,12739748.508649,XRP-USD,6h
2024-04-25 12:00:00,0.5135,0.5296,0.5189,0.5295,14604970.1179,XRP-USD,6h
2024-04-25 18:00:00,0.5243,0.5326,0.5294,0.5254,8872264.618422,XRP-USD,6h
2024-04-26 00:00:00,0.5171,0.5361,0.5254,0.5348,9292618.859094,XRP-USD,6h
2024-04-26 06:00:00,0.5207,0.5348,0.5345,0.5226,9898569.32073,XRP-USD,6h
2024-04-26 12:00:00,0.5142,0.5263,0.5224,0.524,14058474.844751,XRP-USD,6h
2024-04-26 18:00:00,0.5224,0.5297,0.5243,0.5258,10366885.732991,XRP-USD,6h
2024-04-27 00:00:00,0.5077,0.5264,0.5258,0.5172,16876835.805841,XRP-USD,6h
2024-04-27 06:00:00,0.5103,0.5191,0.5176,0.5129,4924458.796486,XRP-USD,6h
2024-04-27 12:00:00,0.5122,0.5227,0.513,0.5215,8042602.520411,XRP-USD,6h
2024-04-27 18:00:00,0.5165,0.5224,0.5216,0.5177,7229513.990354,XRP-USD,6h
2024-04-28 00:00:00,0.5172,0.5242,0.5176,0.5227,6787609.985774,XRP-USD,6h
2024-04-28 06:00:00,0.5163,0.5249,0.5228,0.5171,4713203.428846,XRP-USD,6h
2024-04-28 12:00:00,0.5169,0.5208,0.517,0.5194,3803363.943435,XRP-USD,6h
2024-04-28 18:00:00,0.5084,0.5218,0.5194,0.5104,7403976.884475,XRP-USD,6h
2024-04-29 00:00:00,0.5019,0.5143,0.5104,0.5076,14856124.360677,XRP-USD,6h
2024-04-29 06:00:00,0.4986,0.509,0.5076,0.5058,11958087.24806,XRP-USD,6h
2024-04-29 12:00:00,0.5027,0.5174,0.5057,0.5148,15063646.018128,XRP-USD,6h
2024-04-29 18:00:00,0.5095,0.5174,0.5149,0.5148,9709481.04496,XRP-USD,6h
2024-04-30 00:00:00,0.5076,0.5197,0.515,0.5145,8713304.847023,XRP-USD,6h
2024-04-30 06:00:00,0.495,0.5144,0.5142,0.497,14244412.189854,XRP-USD,6h
2024-04-30 12:00:00,0.4878,0.5007,0.4968,0.4955,21650242.09861,XRP-USD,6h
2024-04-30 18:00:00,0.4918,0.5018,0.4955,0.5003,14674441.132171,XRP-USD,6h
2024-05-01 00:00:00,0.4955,0.5041,0.5002,0.5027,8598388.969857,XRP-USD,6h
2024-05-01 06:00:00,0.478,0.5028,0.5027,0.4937,30109049.129642,XRP-USD,6h
2024-05-01 12:00:00,0.4919,0.511,0.4936,0.5084,22020988.698741,XRP-USD,6h
2024-05-01 18:00:00,0.5068,0.5209,0.5085,0.5169,28210016.937872,XRP-USD,6h
2024-05-02 00:00:00,0.5074,0.5194,0.5167,0.5115,14206010.703445,XRP-USD,6h
2024-05-02 06:00:00,0.5062,0.5183,0.5114,0.5173,14285064.052673,XRP-USD,6h
2024-05-02 12:00:00,0.5129,0.5237,0.5174,0.5223,20287885.251374,XRP-USD,6h
2024-05-02 18:00:00,0.5178,0.5247,0.5222,0.5181,11707356.549302,XRP-USD,6h
2024-05-03 00:00:00,0.5158,0.523,0.5181,0.5206,6545904.043539,XRP-USD,6h
2024-05-03 06:00:00,0.5146,0.5266,0.5206,0.5162,15464321.942705,XRP-USD,6h
2024-05-03 12:00:00,0.5154,0.5286,0.5162,0.5278,15916428.477381,XRP-USD,6h
2024-05-03 18:00:00,0.5261,0.537,0.5278,0.5319,12982965.430187,XRP-USD,6h
2024-05-04 00:00:00,0.5275,0.5331,0.5319,0.5301,6906593.151756,XRP-USD,6h
2024-05-04 06:00:00,0.5278,0.5375,0.53,0.5347,6455962.474973,XRP-USD,6h
2024-05-04 12:00:00,0.5317,0.5411,0.5348,0.533,9775568.723241,XRP-USD,6h
2024-05-04 18:00:00,0.5286,0.5354,0.5329,0.5303,5385812.592567,XRP-USD,6h
2024-05-05 00:00:00,0.5241,0.531,0.5303,0.5267,6411664.310601,XRP-USD,6h
2024-05-05 06:00:00,0.5264,0.5322,0.5269,0.5295,3533789.852766,XRP-USD,6h
2024-05-05 12:00:00,0.5263,0.5334,0.5296,0.5309,5920302.215836,XRP-USD,6h
2024-05-05 18:00:00,0.5277,0.5311,0.531,0.5297,4031637.311573,XRP-USD,6h
2024-05-06 00:00:00,0.5285,0.5355,0.5297,0.5341,7308424.532381,XRP-USD,6h
2024-05-06 06:00:00,0.531,0.5478,0.5341,0.535,14859053.392728,XRP-USD,6h
2024-05-06 12:00:00,0.5248,0.57,0.535,0.5523,50756931.568975,XRP-USD,6h
2024-05-06 18:00:00,0.5388,0.5549,0.5524,0.5403,18291907.445536,XRP-USD,6h
2024-05-07 00:00:00,0.533,0.5443,0.5401,0.5363,10681462.940365,XRP-USD,6h
2024-05-07 06:00:00,0.5313,0.5436,0.5362,0.5345,12138762.911881,XRP-USD,6h
2024-05-07 12:00:00,0.5344,0.5427,0.5346,0.542,11736791.005813,XRP-USD,6h
2024-05-07 18:00:00,0.5217,0.5426,0.542,0.5245,12028566.636791,XRP-USD,6h
2024-05-08 00:00:00,0.5186,0.5269,0.5244,0.5212,10283738.190258,XRP-USD,6h
2024-05-08 06:00:00,0.5174,0.5236,0.5213,0.5198,11069813.012977,XRP-USD,6h
2024-05-08 12:00:00,0.5178,0.5297,0.5198,0.5267,11626895.898289,XRP-USD,6h
2024-05-08 18:00:00,0.5151,0.5289,0.5266,0.5168,12037363.037185,XRP-USD,6h
2024-05-09 00:00:00,0.5169,0.523,0.5169,0.5219,5719336.387505,XRP-USD,6h
2024-05-09 06:00:00,0.5094,0.5235,0.5219,0.5137,10045210.222527,XRP-USD,6h
2024-05-09 12:00:00,0.5086,0.5187,0.5136,0.5165,12183371.712685,XRP-USD,6h
2024-05-09 18:00:00,0.5161,0.5218,0.5163,0.5208,7088167.120348,XRP-USD,6h
2024-05-10 00:00:00,0.5163,0.5209,0.5209,0.5169,5440823.6705,XRP-USD,6h
2024-05-10 06:00:00,0.5127,0.5184,0.5167,0.5163,7863536.32952,XRP-USD,6h
2024-05-10 12:00:00,0.497,0.5172,0.5163,0.5042,20881554.184387,XRP-USD,6h
2024-05-10 18:00:00,0.4996,0.5064,0.5042,0.5022,8190849.537384,XRP-USD,6h
2024-05-11 00:00:00,0.5017,0.5057,0.5021,0.5048,6012594.228058,XRP-USD,6h
2024-05-11 06:00:00,0.5004,0.5061,0.5049,0.502,4793886.749777,XRP-USD,6h
2024-05-11 12:00:00,0.5016,0.5076,0.5022,0.5061,5393584.560007,XRP-USD,6h
2024-05-11 18:00:00,0.5043,0.5073,0.5062,0.5059,3850474.557471,XRP-USD,6h
2024-05-12 00:00:00,0.5048,0.5086,0.5059,0.507,3775826.333354,XRP-USD,6h
2024-05-12 06:00:00,0.5028,0.5072,0.5069,0.5042,3191106.651789,XRP-USD,6h
2024-05-12 12:00:00,0.502,0.5062,0.5043,0.5032,3717462.813192,XRP-USD,6h
2024-05-12 18:00:00,0.4956,0.5033,0.5033,0.4991,6465944.567785,XRP-USD,6h
2024-05-13 00:00:00,0.4866,0.5027,0.4993,0.4915,11503771.860033,XRP-USD,6h
2024-05-13 06:00:00,0.4912,0.5107,0.4915,0.5063,12980456.872548,XRP-USD,6h
2024-05-13 12:00:00,0.5041,0.5119,0.5064,0.5068,13297407.767491,XRP-USD,6h
2024-05-13 18:00:00,0.5025,0.5084,0.5068,0.5052,5644514.189048,XRP-USD,6h
2024-05-14 00:00:00,0.5033,0.516,0.5052,0.5064,9350311.726551,XRP-USD,6h
2024-05-14 06:00:00,0.497,0.509,0.5064,0.5062,9968901.462821,XRP-USD,6h
2024-05-14 12:00:00,0.4974,0.5129,0.5062,0.5036,14783131.293302,XRP-USD,6h
2024-05-14 18:00:00,0.4986,0.506,0.5035,0.4999,7790411.887029,XRP-USD,6h
2024-05-15 00:00:00,0.4964,0.5025,0.5001,0.5004,5600590.776752,XRP-USD,6h
2024-05-15 06:00:00,0.4978,0.5035,0.5003,0.5006,7413401.846613,XRP-USD,6h
2024-05-15 12:00:00,0.4987,0.5173,0.5006,0.5146,21335747.119593,XRP-USD,6h
2024-05-15 18:00:00,0.5139,0.52,0.5147,0.5192,11641513.613253,XRP-USD,6h
2024-05-16 00:00:00,0.5155,0.5199,0.5192,0.5176,11001755.965386,XRP-USD,6h
2024-05-16 06:00:00,0.5161,0.5226,0.5175,0.5188,9575615.638213,XRP-USD,6h
2024-05-16 12:00:00,0.5123,0.5216,0.5188,0.5186,16573174.386954,XRP-USD,6h
2024-05-16 18:00:00,0.5134,0.5198,0.5187,0.5159,8240497.482809,XRP-USD,6h
2024-05-17 00:00:00,0.5134,0.518,0.5159,0.5162,6037160.400709,XRP-USD,6h
2024-05-17 06:00:00,0.515,0.5229,0.5162,0.5205,9691947.399504,XRP-USD,6h
2024-05-17 12:00:00,0.5197,0.5294,0.5205,0.524,14020865.825113,XRP-USD,6h
2024-05-17 18:00:00,0.5217,0.525,0.5241,0.5237,5765191.632441,XRP-USD,6h
2024-05-18 00:00:00,0.5218,0.5246,0.5238,0.5232,4130107.192253,XRP-USD,6h
2024-05-18 06:00:00,0.5222,0.5258,0.5232,0.5241,3667430.265401,XRP-USD,6h
2024-05-18 12:00:00,0.5189,0.5248,0.5239,0.522,5342162.097466,XRP-USD,6h
2024-05-18 18:00:00,0.5202,0.5224,0.522,0.5213,3164952.096657,XRP-USD,6h
2024-05-19 00:00:00,0.5203,0.5237,0.5213,0.5222,5241433.4846,XRP-USD,6h
2024-05-19 06:00:00,0.5158,0.5223,0.5221,0.5179,4829836.79974,XRP-USD,6h
2024-05-19 12:00:00,0.5096,0.5179,0.5178,0.5114,7015421.493837,XRP-USD,6h
2024-05-19 18:00:00,0.5064,0.5118,0.5113,0.5096,6947244.238306,XRP-USD,6h
2024-05-20 00:00:00,0.5064,0.5183,0.5096,0.5155,6317811.265865,XRP-USD,6h
2024-05-20 06:00:00,0.5062,0.5154,0.5154,0.5123,8967931.914711,XRP-USD,6h
2024-05-20 12:00:00,0.5104,0.5247,0.5125,0.5228,14239703.385152,XRP-USD,6h
2024-05-20 18:00:00,0.5201,0.5381,0.5229,0.5378,37550247.415452,XRP-USD,6h
2024-05-21 00:00:00,0.533,0.5433,0.5378,0.5358,18147642.236119,XRP-USD,6h
2024-05-21 06:00:00,0.5346,0.5465,0.5356,0.5426,17242120.104109,XRP-USD,6h
2024-05-21 12:00:00,0.5406,0.5571,0.5426,0.545,31875846.386346,XRP-USD,6h
2024-05-21 18:00:00,0.5317,0.5455,0.5449,0.5369,13543883.277511,XRP-USD,6h
2024-05-22 00:00:00,0.5285,0.5374,0.5369,0.5334,11711595.925264,XRP-USD,6h
2024-05-22 06:00:00,0.5294,0.5381,0.5333,0.5328,11141822.862616,XRP-USD,6h
2024-05-22 12:00:00,0.5263,0.5378,0.5325,0.5314,15249867.958797,XRP-USD,6h
2024-05-22 18:00:00,0.5224,0.5322,0.5315,0.5266,12837488.90668,XRP-USD,6h
2024-05-23 00:00:00,0.525,0.5295,0.5267,0.5269,6438875.989671,XRP-USD,6h
2024-05-23 06:00:00,0.5222,0.5304,0.5269,0.5289,11250836.308672,XRP-USD,6h
2024-05-23 12:00:00,0.5117,0.5483,0.5288,0.5257,39743291.130338,XRP-USD,6h
2024-05-23 18:00:00,0.5026,0.53,0.5258,0.5286,37473458.820583,XRP-USD,6h
2024-05-24 00:00:00,0.5232,0.5348,0.5285,0.5246,9645811.412418,XRP-USD,6h
2024-05-24 06:00:00,0.5166,0.5315,0.5244,0.5276,12870694.885137,XRP-USD,6h
2024-05-24 12:00:00,0.5265,0.5372,0.5275,0.5315,16116923.412848,XRP-USD,6h
2024-05-24 18:00:00,0.5308,0.5363,0.5314,0.5359,8622065.154609,XRP-USD,6h
2024-05-25 00:00:00,0.5331,0.5377,0.5359,0.5358,6101630.547756,XRP-USD,6h
2024-05-25 06:00:00,0.5339,0.5416,0.5359,0.5376,5693807.309141,XRP-USD,6h
2024-05-25 12:00:00,0.5331,0.5425,0.5376,0.5382,8136556.223452,XRP-USD,6h
2024-05-25 18:00:00,0.5379,0.5425,0.5382,0.5416,6648290.015096,XRP-USD,6h
2024-05-26 00:00:00,0.5375,0.5419,0.5416,0.5383,5235013.121502,XRP-USD,6h
2024-05-26 06:00:00,0.5339,0.5398,0.5383,0.5362,6731811.011733,XRP-USD,6h
2024-05-26 12:00:00,0.529,0.5362,0.5362,0.5303,6697833.077148,XRP-USD,6h
2024-05-26 18:00:00,0.5251,0.5312,0.5301,0.528,4901840.44565,XRP-USD,6h
2024-05-27 00:00:00,0.5258,0.5335,0.5281,0.5278,5804072.203967,XRP-USD,6h
2024-05-27 06:00:00,0.5232,0.5319,0.5276,0.5276,7532234.162579,XRP-USD,6h
2024-05-27 12:00:00,0.5275,0.5405,0.5277,0.5372,12106215.381774,XRP-USD,6h
2024-05-27 18:00:00,0.5282,0.5384,0.5373,0.5335,8856774.160924,XRP-USD,6h
2024-05-28 00:00:00,0.5208,0.535,0.5336,0.525,11025713.847356,XRP-USD,6h
2024-05-28 06:00:00,0.5226,0.5326,0.5249,0.53,8910897.455608,XRP-USD,6h
2024-05-28 12:00:00,0.5252,0.5329,0.53,0.5255,12003830.004724,XRP-USD,6h
2024-05-28 18:00:00,0.5216,0.5297,0.5254,0.5283,7590488.865156,XRP-USD,6h
2024-05-29 00:00:00,0.5242,0.5306,0.5282,0.5295,7950820.993816,XRP-USD,6h
2024-05-29 06:00:00,0.5209,0.5327,0.5294,0.5287,9046592.72356,XRP-USD,6h
2024-05-29 12:00:00,0.5246,0.5319,0.5286,0.5263,9974749.212733,XRP-USD,6h
2024-05-29 18:00:00,0.5195,0.5265,0.5263,0.523,7646283.704949,XRP-USD,6h
2024-05-30 00:00:00,0.5223,0.5278,0.523,0.5258,6852402.477535,XRP-USD,6h
2024-05-30 06:00:00,0.5124,0.5262,0.5259,0.5201,12823901.253229,XRP-USD,6h
2024-05-30 12:00:00,0.5193,0.526,0.52,0.5253,11922217.48123,XRP-USD,6h
2024-05-30 18:00:00,0.5166,0.526,0.5252,0.5186,11308699.189573,XRP-USD,6h
2024-05-31 00:00:00,0.5166,0.5218,0.5185,0.5189,6132546.034288,XRP-USD,6h
2024-05-31 06:00:00,0.5158,0.5232,0.5188,0.521,8206555.044556,XRP-USD,6h
2024-05-31 12:00:00,0.5115,0.5255,0.5211,0.5159,14978294.792241,XRP-USD,6h
2024-05-31 18:00:00,0.5146,0.5188,0.5158,0.5171,6117931.631093,XRP-USD,6h
2024-06-01 00:00:00,0.5168,0.5197,0.5171,0.5185,5096804.091355,XRP-USD,6h
2024-06-01 06:00:00,0.5179,0.5209,0.5184,0.5198,2470780.329854,XRP-USD,6h
2024-06-01 12:00:00,0.518,0.5214,0.5198,0.5191,3835885.078492,XRP-USD,6h
2024-06-01 18:00:00,0.5176,0.5202,0.519,0.5184,3858478.963869,XRP-USD,6h
2024-06-02 00:00:00,0.5173,0.5194,0.5184,0.5178,3524858.377118,XRP-USD,6h
2024-06-02 06:00:00,0.5125,0.5188,0.5177,0.517,4957242.915869,XRP-USD,6h
2024-06-02 12:00:00,0.5121,0.5205,0.517,0.5121,5667034.064375,XRP-USD,6h
2024-06-02 18:00:00,0.5079,0.5147,0.5122,0.5133,7213415.976056,XRP-USD,6h
2024-06-03 00:00:00,0.5115,0.5189,0.5133,0.5171,6308980.413025,XRP-USD,6h
2024-06-03 06:00:00,0.5167,0.5225,0.5171,0.5187,7859309.787008,XRP-USD,6h
2024-06-03 12:00:00,0.5165,0.5229,0.5187,0.5207,8800649.712138,XRP-USD,6h
2024-06-03 18:00:00,0.5177,0.5228,0.5207,0.5198,15225687.153094,XRP-USD,6h
2024-06-04 00:00:00,0.5182,0.5221,0.5198,0.5196,5420602.644323,XRP-USD,6h
2024-06-04 06:00:00,0.5182,0.5254,0.5196,0.5224,8870077.170277,XRP-USD,6h
2024-06-04 12:00:00,0.5219,0.5304,0.5224,0.5274,12991491.044807,XRP-USD,6h
2024-06-04 18:00:00,0.5243,0.5283,0.5274,0.5258,12001201.843782,XRP-USD,6h
2024-06-05 00:00:00,0.5243,0.5278,0.5258,0.525,8874003.857427,XRP-USD,6h
2024-06-05 06:00:00,0.5245,0.5331,0.525,0.5286,10462514.947905,XRP-USD,6h
2024-06-05 12:00:00,0.5257,0.5305,0.5285,0.5279,10257220.172577,XRP-USD,6h
2024-06-05 18:00:00,0.5239,0.5286,0.5279,0.526,7787769.598011,XRP-USD,6h
2024-06-06 00:00:00,0.5239,0.5273,0.526,0.5242,6708774.111536,XRP-USD,6h
2024-06-06 06:00:00,0.522,0.5272,0.5241,0.5261,6956987.078076,XRP-USD,6h
2024-06-06 12:00:00,0.524,0.5279,0.526,0.5257,10409239.025506,XRP-USD,6h
2024-06-06 18:00:00,0.5163,0.5263,0.5257,0.5214,11404057.339482,XRP-USD,6h
2024-06-07 00:00:00,0.5197,0.526,0.5213,0.5239,7214522.206843,XRP-USD,6h
2024-06-07 06:00:00,0.522,0.5276,0.524,0.5269,7316817.644658,XRP-USD,6h
2024-06-07 12:00:00,0.5124,0.5277,0.527,0.5127,12608088.400304,XRP-USD,6h
2024-06-07 18:00:00,0.4543,0.5133,0.5125,0.4988,47135886.882399,XRP-USD,6h
2024-06-08 00:00:00,0.4966,0.5004,0.4988,0.4992,7317733.56079,XRP-USD,6h
2024-06-08 06:00:00,0.4912,0.5007,0.4992,0.4932,4820370.05575,XRP-USD,6h
2024-06-08 12:00:00,0.4898,0.4956,0.4931,0.4936,11221288.573712,XRP-USD,6h
2024-06-08 18:00:00,0.4913,0.4954,0.4936,0.4927,8687626.11077,XRP-USD,6h
2024-06-09 00:00:00,0.4909,0.4945,0.4926,0.4939,5683824.895696,XRP-USD,6h
2024-06-09 06:00:00,0.4927,0.4951,0.4939,0.4943,3285646.146383,XRP-USD,6h
2024-06-09 12:00:00,0.4934,0.4971,0.4944,0.496,4711932.008793,XRP-USD,6h
2024-06-09 18:00:00,0.4959,0.4994,0.4961,0.4987,4740374.285843,XRP-USD,6h
2024-06-10 00:00:00,0.4962,0.5012,0.4986,0.4969,6733071.540588,XRP-USD,6h
2024-06-10 06:00:00,0.4932,0.4998,0.497,0.4967,6901834.26009,XRP-USD,6h
2024-06-10 12:00:00,0.4959,0.5059,0.4967,0.5001,13322706.642415,XRP-USD,6h
2024-06-10 18:00:00,0.4945,0.5003,0.5001,0.4967,10345501.535514,XRP-USD,6h
2024-06-11 00:00:00,0.4816,0.4969,0.4967,0.4865,25972143.700051,XRP-USD,6h
2024-06-11 06:00:00,0.4797,0.5021,0.4864,0.4837,16132574.383725,XRP-USD,6h
2024-06-11 12:00:00,0.4709,0.4845,0.4837,0.4779,21033112.974327,XRP-USD,6h
2024-06-11 18:00:00,0.4773,0.482,0.4778,0.4803,11056664.017737,XRP-USD,6h
2024-06-12 00:00:00,0.474,0.483,0.4803,0.4803,9342888.846848,XRP-USD,6h
2024-06-12 06:00:00,0.4777,0.4849,0.4802,0.4816,9704897.850086,XRP-USD,6h
2024-06-12 12:00:00,0.4816,0.4981,0.4816,0.4958,24373671.761576,XRP-USD,6h
2024-06-12 18:00:00,0.4817,0.4958,0.4958,0.4916,12900452.699262,XRP-USD,6h
2024-06-13 00:00:00,0.4826,0.4916,0.4916,0.4871,7883515.473246,XRP-USD,6h
2024-06-13 06:00:00,0.4832,0.4892,0.4871,0.4846,9866060.354044,XRP-USD,6h
2024-06-13 12:00:00,0.4788,0.4889,0.4846,0.484,16166464.391584,XRP-USD,6h
2024-06-13 18:00:00,0.4754,0.4844,0.484,0.4766,10885580.793005,XRP-USD,6h
2024-06-14 00:00:00,0.4745,0.4811,0.4767,0.4802,12098115.116512,XRP-USD,6h
2024-06-14 06:00:00,0.476,0.4808,0.4802,0.4779,11020727.459275,XRP-USD,6h
2024-06-14 12:00:00,0.4601,0.4805,0.478,0.4686,25923309.760433,XRP-USD,6h
2024-06-14 18:00:00,0.4638,0.4786,0.4685,0.4744,11670728.043706,XRP-USD,6h
2024-06-15 00:00:00,0.4737,0.4782,0.4743,0.4773,8046565.467092,XRP-USD,6h
2024-06-15 06:00:00,0.4773,0.4804,0.4773,0.4798,4258733.473941,XRP-USD,6h
2024-06-15 12:00:00,0.4788,0.487,0.4798,0.4866,8615680.175632,XRP-USD,6h
2024-06-15 18:00:00,0.4855,0.5049,0.4866,0.4905,18181036.427361,XRP-USD,6h
2024-06-16 00:00:00,0.4879,0.4915,0.4905,0.4896,6136591.046513,XRP-USD,6h
2024-06-16 06:00:00,0.488,0.4993,0.4897,0.496,8253147.484465,XRP-USD,6h
2024-06-16 12:00:00,0.4875,0.4963,0.4958,0.4881,6720381.051697,XRP-USD,6h
2024-06-16 18:00:00,0.4875,0.4909,0.4883,0.4889,7252420.383648,XRP-USD,6h
2024-06-17 00:00:00,0.484,0.4944,0.489,0.4914,9860099.799287,XRP-USD,6h
2024-06-17 06:00:00,0.4837,0.5038,0.4915,0.4983,24067811.661887,XRP-USD,6h
2024-06-17 12:00:00,0.4959,0.5209,0.4983,0.5145,49141539.437975,XRP-USD,6h
2024-06-17 18:00:00,0.5032,0.519,0.5145,0.5046,20445228.446551,XRP-USD,6h
2024-06-18 00:00:00,0.4703,0.5566,0.5045,0.4925,35506926.87452,XRP-USD,6h
2024-06-18 06:00:00,0.4885,0.5097,0.4924,0.4957,33346285.181758,XRP-USD,6h
2024-06-18 12:00:00,0.4774,0.4967,0.4959,0.4804,34395525.28928,XRP-USD,6h
2024-06-18 18:00:00,0.4762,0.4916,0.4804,0.4908,18168485.966005,XRP-USD,6h
2024-06-19 00:00:00,0.489,0.4973,0.4908,0.4926,15235811.730891,XRP-USD,6h
2024-06-19 06:00:00,0.4867,0.4964,0.4926,0.4922,18538641.219142,XRP-USD,6h
2024-06-19 12:00:00,0.4901,0.4978,0.4922,0.4972,13141685.930675,XRP-USD,6h
2024-06-19 18:00:00,0.4912,0.4994,0.4972,0.4932,13934377.840946,XRP-USD,6h
2024-06-20 00:00:00,0.4915,0.4979,0.4932,0.4951,10638375.60079,XRP-USD,6h
2024-06-20 06:00:00,0.4931,0.5021,0.4951,0.5009,20821131.31007,XRP-USD,6h
2024-06-20 12:00:00,0.488,0.5014,0.5008,0.4923,16214827.344929,XRP-USD,6h
2024-06-20 18:00:00,0.4882,0.4933,0.4923,0.4885,6962988.747114,XRP-USD,6h
2024-06-21 00:00:00,0.4862,0.4907,0.4884,0.4897,5183329.366965,XRP-USD,6h
2024-06-21 06:00:00,0.4841,0.4954,0.4897,0.4937,16183102.681451,XRP-USD,6h
2024-06-21 12:00:00,0.4793,0.4942,0.4937,0.4799,19251471.844656,XRP-USD,6h
2024-06-21 18:00:00,0.4793,0.4924,0.4799,0.4888,9879375.722864,XRP-USD,6h
2024-06-22 00:00:00,0.4864,0.4895,0.4887,0.4874,4501410.289339,XRP-USD,6h
2024-06-22 06:00:00,0.478,0.4884,0.4873,0.4855,7407209.053492,XRP-USD,6h
2024-06-22 12:00:00,0.4848,0.4877,0.4856,0.4865,5085130.690007,XRP-USD,6h
2024-06-22 18:00:00,0.4862,0.4879,0.4864,0.4865,4041108.926232,XRP-USD,6h
2024-06-23 00:00:00,0.4859,0.489,0.4865,0.4877,4038870.965052,XRP-USD,6h
2024-06-23 06:00:00,0.4844,0.4884,0.4876,0.4859,3015005.948809,XRP-USD,6h
2024-06-23 12:00:00,0.4799,0.486,0.4859,0.4816,5708931.751829,XRP-USD,6h
2024-06-23 18:00:00,0.4743,0.4827,0.4816,0.4795,8430731.948153,XRP-USD,6h
2024-06-24 00:00:00,0.4677,0.4802,0.4794,0.4699,16706980.56768,XRP-USD,6h
2024-06-24 06:00:00,0.4638,0.4781,0.4699,0.4754,19882432.64802,XRP-USD,6h
2024-06-24 12:00:00,0.4702,0.4821,0.4751,0.4723,20355546.547069,XRP-USD,6h
2024-06-24 18:00:00,0.4616,0.4747,0.4723,0.4737,16007699.75536,XRP-USD,6h
2024-06-25 00:00:00,0.4728,0.4792,0.4738,0.4764,8376078.232606,XRP-USD,6h
2024-06-25 06:00:00,0.4729,0.479,0.4763,0.4761,13097371.067929,XRP-USD,6h
2024-06-25 12:00:00,0.4734,0.4799,0.4761,0.4761,12940462.605919,XRP-USD,6h
2024-06-25 18:00:00,0.4743,0.4793,0.476,0.4758,6782247.777644,XRP-USD,6h
2024-06-26 00:00:00,0.473,0.4781,0.4757,0.4732,6276277.818414,XRP-USD,6h
2024-06-26 06:00:00,0.4706,0.4772,0.4732,0.4746,12052625.43238,XRP-USD,6h
2024-06-26 12:00:00,0.4651,0.4759,0.4748,0.4685,13048333.973733,XRP-USD,6h
2024-06-26 18:00:00,0.4675,0.4723,0.4685,0.4694,9283697.156541,XRP-USD,6h
2024-06-27 00:00:00,0.466,0.4703,0.4694,0.466,5179446.496145,XRP-USD,6h
2024-06-27 06:00:00,0.4653,0.4713,0.466,0.4699,10375592.956825,XRP-USD,6h
2024-06-27 12:00:00,0.4699,0.4766,0.4699,0.4733,14580483.089006,XRP-USD,6h
2024-06-27 18:00:00,0.4724,0.4751,0.4733,0.4747,8727552.294717,XRP-USD,6h
2024-06-28 00:00:00,0.4736,0.4775,0.4746,0.4764,7678917.923908,XRP-USD,6h
2024-06-28 06:00:00,0.4741,0.4803,0.4763,0.4794,11984616.245257,XRP-USD,6h
2024-06-28 12:00:00,0.4695,0.4804,0.4793,0.4702,15228254.6701,XRP-USD,6h
2024-06-28 18:00:00,0.4685,0.475,0.4703,0.4708,9844183.690385,XRP-USD,6h
2024-06-29 00:00:00,0.4707,0.4745,0.4709,0.4738,4349006.843495,XRP-USD,6h
2024-06-29 06:00:00,0.4732,0.4761,0.4738,0.4757,2178791.673416,XRP-USD,6h
2024-06-29 12:00:00,0.4728,0.4759,0.4758,0.4743,4376943.563189,XRP-USD,6h
2024-06-29 18:00:00,0.4712,0.4744,0.4743,0.4719,4598939.876738,XRP-USD,6h
2024-06-30 00:00:00,0.4694,0.4732,0.472,0.4707,4604102.206672,XRP-USD,6h
2024-06-30 06:00:00,0.4705,0.4747,0.4705,0.4717,4620398.170723,XRP-USD,6h
2024-06-30 12:00:00,0.4711,0.4735,0.4717,0.4735,4372412.316383,XRP-USD,6h
2024-06-30 18:00:00,0.4728,0.4776,0.4735,0.4753,6913865.242405,XRP-USD,6h
2024-07-01 00:00:00,0.4747,0.4791,0.4753,0.4779,7083671.637022,XRP-USD,6h
2024-07-01 06:00:00,0.4763,0.4843,0.4779,0.479,10363889.914152,XRP-USD,6h
2024-07-01 12:00:00,0.4769,0.4819,0.4788,0.4787,12641094.652211,XRP-USD,6h
2024-07-01 18:00:00,0.4752,0.4788,0.4787,0.4767,7445352.869529,XRP-USD,6h
2024-07-02 00:00:00,0.4754,0.4801,0.4767,0.4792,5615606.328154,XRP-USD,6h
2024-07-02 06:00:00,0.4774,0.4881,0.4792,0.4856,13736323.212767,XRP-USD,6h
2024-07-02 12:00:00,0.4803,0.4882,0.4856,0.4818,12592211.014913,XRP-USD,6h
2024-07-02 18:00:00,0.4816,0.4852,0.4818,0.4846,7785078.814984,XRP-USD,6h
2024-07-03 00:00:00,0.4767,0.4861,0.4848,0.4797,9190453.7521,XRP-USD,6h
2024-07-03 06:00:00,0.4784,0.4851,0.4798,0.4816,15026451.667396,XRP-USD,6h
2024-07-03 12:00:00,0.465,0.4817,0.4816,0.4671,21263804.891834,XRP-USD,6h
2024-07-03 18:00:00,0.4607,0.469,0.4671,0.4667,14115242.501846,XRP-USD,6h
2024-07-04 00:00:00,0.446,0.4694,0.4668,0.4588,22593259.671713,XRP-USD,6h
2024-07-04 06:00:00,0.4477,0.4592,0.4588,0.4525,20821843.809393,XRP-USD,6h
2024-07-04 12:00:00,0.4377,0.4526,0.4524,0.4434,32935017.039896,XRP-USD,6h
2024-07-04 18:00:00,0.431,0.447,0.4435,0.4329,19140195.113433,XRP-USD,6h
2024-07-05 00:00:00,0.3827,0.4334,0.4329,0.4071,64024202.917489,XRP-USD,6h
2024-07-05 06:00:00,0.3969,0.4183,0.4072,0.4168,34577107.567885,XRP-USD,6h
2024-07-05 12:00:00,0.4117,0.4278,0.4168,0.4259,28238338.856735,XRP-USD,6h
2024-07-05 18:00:00,0.4201,0.4275,0.426,0.4252,11859387.672522,XRP-USD,6h
2024-07-06 00:00:00,0.4236,0.4321,0.4252,0.4282,10061482.09411,XRP-USD,6h
2024-07-06 06:00:00,0.428,0.4363,0.4281,0.4357,8468581.21778,XRP-USD,6h
2024-07-06 12:00:00,0.4335,0.4485,0.4357,0.445,13720010.826556,XRP-USD,6h
2024-07-06 18:00:00,0.4448,0.4498,0.445,0.449,8214978.89622,XRP-USD,6h
2024-07-07 00:00:00,0.4389,0.4492,0.449,0.4416,8269101.987918,XRP-USD,6h
2024-07-07 06:00:00,0.433,0.4429,0.4416,0.4349,6174622.307166,XRP-USD,6h
2024-07-07 12:00:00,0.4217,0.4358,0.4348,0.432,12695300.644095,XRP-USD,6h
2024-07-07 18:00:00,0.4182,0.4333,0.432,0.4195,11026347.022497,XRP-USD,6h
2024-07-08 00:00:00,0.4032,0.4209,0.4195,0.4206,22520534.73804,XRP-USD,6h
2024-07-08 06:00:00,0.4182,0.441,0.4205,0.4395,23852486.253078,XRP-USD,6h
2024-07-08 12:00:00,0.4207,0.4438,0.4397,0.4274,34587484.269535,XRP-USD,6h
2024-07-08 18:00:00,0.4271,0.4325,0.4275,0.4316,14142434.04956,XRP-USD,6h
2024-07-09 00:00:00,0.4269,0.4349,0.4316,0.4348,10126327.55854,XRP-USD,6h
2024-07-09 06:00:00,0.4325,0.4381,0.4346,0.4342,16590184.039619,XRP-USD,6h
2024-07-09 12:00:00,0.4295,0.436,0.4341,0.4331,13435546.031917,XRP-USD,6h
2024-07-09 18:00:00,0.4325,0.4376,0.4332,0.4357,10542919.08065,XRP-USD,6h
2024-07-10 00:00:00,0.4317,0.4414,0.4358,0.4384,13418683.613736,XRP-USD,6h
2024-07-10 06:00:00,0.4367,0.4425,0.4383,0.4403,12201559.798948,XRP-USD,6h
2024-07-10 12:00:00,0.4312,0.441,0.4403,0.4345,18289517.88834,XRP-USD,6h
2024-07-10 18:00:00,0.4344,0.4395,0.4345,0.4387,10580197.160081,XRP-USD,6h
2024-07-11 00:00:00,0.4364,0.4432,0.4387,0.4427,10309658.477815,XRP-USD,6h
2024-07-11 06:00:00,0.4422,0.4525,0.4426,0.4499,14222127.395631,XRP-USD,6h
2024-07-11 12:00:00,0.4387,0.4544,0.4499,0.4467,19134685.716524,XRP-USD,6h
2024-07-11 18:00:00,0.4448,0.4501,0.4466,0.4491,10907582.642294,XRP-USD,6h
2024-07-12 00:00:00,0.4445,0.4572,0.4491,0.4546,15382115.233304,XRP-USD,6h
2024-07-12 06:00:00,0.454,0.478,0.4543,0.4713,46415401.793178,XRP-USD,6h
2024-07-12 12:00:00,0.459,0.4724,0.4714,0.4672,24466015.642892,XRP-USD,6h
2024-07-12 18:00:00,0.4667,0.4778,0.4673,0.4747,12895577.935967,XRP-USD,6h
2024-07-13 00:00:00,0.4739,0.515,0.4747,0.5066,45253151.934634,XRP-USD,6h
2024-07-13 06:00:00,0.5031,0.5184,0.5067,0.5101,39841816.889879,XRP-USD,6h
2024-07-13 12:00:00,0.5099,0.5422,0.5099,0.5388,51523187.101443,XRP-USD,6h
2024-07-13 18:00:00,0.5221,0.5662,0.5387,0.5259,65873914.59944,XRP-USD,6h
2024-07-14 00:00:00,0.5139,0.5315,0.5257,0.52,31573849.11228,XRP-USD,6h
2024-07-14 06:00:00,0.5186,0.5401,0.5197,0.5284,25659173.649415,XRP-USD,6h
2024-07-14 12:00:00,0.522,0.5327,0.5283,0.5305,17513939.298721,XRP-USD,6h
2024-07-14 18:00:00,0.5195,0.5349,0.5304,0.5204,16109154.241528,XRP-USD,6h
2024-07-15 00:00:00,0.5205,0.5315,0.5205,0.5281,18457005.19412,XRP-USD,6h
2024-07-15 06:00:00,0.5267,0.5404,0.5281,0.5367,31860139.695415,XRP-USD,6h
2024-07-15 12:00:00,0.5227,0.5367,0.5366,0.532,36238997.558584,XRP-USD,6h
2024-07-15 18:00:00,0.5314,0.5388,0.5319,0.5375,21282912.404727,XRP-USD,6h
2024-07-16 00:00:00,0.5353,0.571,0.5374,0.5438,43278059.678846,XRP-USD,6h
2024-07-16 06:00:00,0.5326,0.5479,0.5437,0.5467,21858706.311754,XRP-USD,6h
2024-07-16 12:00:00,0.5432,0.5946,0.5467,0.5851,81916947.841581,XRP-USD,6h
2024-07-16 18:00:00,0.5736,0.5872,0.5852,0.5796,30134959.480308,XRP-USD,6h
2024-07-17 00:00:00,0.5786,0.6112,0.5796,0.6045,44035603.623478,XRP-USD,6h
2024-07-17 06:00:00,0.6011,0.6233,0.6045,0.6138,41291707.242069,XRP-USD,6h
2024-07-17 12:00:00,0.5959,0.6347,0.6139,0.6115,59215764.107396,XRP-USD,6h
2024-07-17 18:00:00,0.6113,0.6378,0.6115,0.6261,45658486.916089,XRP-USD,6h
2024-07-18 00:00:00,0.5808,0.637,0.626,0.5846,57587460.106765,XRP-USD,6h
2024-07-18 06:00:00,0.567,0.5909,0.5846,0.5789,41520734.738377,XRP-USD,6h
2024-07-18 12:00:00,0.5571,0.5879,0.579,0.5691,43306854.974702,XRP-USD,6h
2024-07-18 18:00:00,0.564,0.5727,0.5692,0.5696,19294221.111809,XRP-USD,6h
2024-07-19 00:00:00,0.5402,0.5704,0.5696,0.555,35690391.854875,XRP-USD,6h
2024-07-19 06:00:00,0.5411,0.5586,0.5551,0.5531,23409650.937398,XRP-USD,6h
2024-07-19 12:00:00,0.5481,0.5869,0.5531,0.5832,45223230.417322,XRP-USD,6h
2024-07-19 18:00:00,0.5692,0.5846,0.5831,0.5736,22462400.673816,XRP-USD,6h
2024-07-20 00:00:00,0.5705,0.5943,0.5736,0.5888,24162264.172177,XRP-USD,6h
2024-07-20 06:00:00,0.5842,0.6049,0.5887,0.5917,19159101.887067,XRP-USD,6h
2024-07-20 12:00:00,0.5865,0.5983,0.5915,0.5926,16442970.155437,XRP-USD,6h
2024-07-20 18:00:00,0.5898,0.5981,0.5925,0.5941,14683661.814225,XRP-USD,6h
2024-07-21 00:00:00,0.5893,0.6081,0.594,0.5965,14826152.232181,XRP-USD,6h
2024-07-21 06:00:00,0.5806,0.5972,0.5966,0.5824,8748368.20529,XRP-USD,6h
2024-07-21 12:00:00,0.5748,0.5922,0.5826,0.5847,14302865.821713,XRP-USD,6h
2024-07-21 18:00:00,0.5722,0.6034,0.5848,0.5987,22387367.829175,XRP-USD,6h
2024-07-22 00:00:00,0.5888,0.6002,0.5985,0.5917,11773195.988936,XRP-USD,6h
2024-07-22 06:00:00,0.5855,0.6143,0.5915,0.6112,20506146.943587,XRP-USD,6h
2024-07-22 12:00:00,0.605,0.6252,0.6111,0.6146,32714792.855885,XRP-USD,6h
2024-07-22 18:00:00,0.6,0.6234,0.6146,0.6084,22570217.524452,XRP-USD,6h
2024-07-23 00:00:00,0.5947,0.6173,0.6084,0.6001,17301182.50146,XRP-USD,6h
2024-07-23 06:00:00,0.5927,0.6078,0.6,0.5964,14886528.063067,XRP-USD,6h
2024-07-23 12:00:00,0.5801,0.62,0.5963,0.5889,19194961.837128,XRP-USD,6h
2024-07-23 18:00:00,0.5887,0.6038,0.5887,0.5979,12216062.215382,XRP-USD,6h
2024-07-24 00:00:00,0.5914,0.6059,0.5976,0.6,13512955.749592,XRP-USD,6h
2024-07-24 06:00:00,0.5984,0.6326,0.6,0.6287,20727629.260172,XRP-USD,6h
2024-07-24 12:00:00,0.6188,0.6331,0.6288,0.6215,26890180.013399,XRP-USD,6h
2024-07-24 18:00:00,0.6061,0.6283,0.6213,0.6182,25922464.541288,XRP-USD,6h
2024-07-25 00:00:00,0.5944,0.6221,0.618,0.6009,23267475.689093,XRP-USD,6h
2024-07-25 06:00:00,0.5994,0.6148,0.6007,0.6104,19296795.202144,XRP-USD,6h
2024-07-25 12:00:00,0.6007,0.6257,0.6106,0.6153,33321520.431773,XRP-USD,6h
2024-07-25 18:00:00,0.5836,0.6172,0.6153,0.5995,27648218.324836,XRP-USD,6h
2024-07-26 00:00:00,0.5971,0.6093,0.5994,0.6066,14940859.089758,XRP-USD,6h
2024-07-26 06:00:00,0.5959,0.6086,0.6064,0.6014,11646593.148566,XRP-USD,6h
2024-07-26 12:00:00,0.5858,0.6025,0.6016,0.5955,25390815.04364,XRP-USD,6h
2024-07-26 18:00:00,0.5948,0.606,0.5956,0.6035,14243426.487497,XRP-USD,6h
2024-07-27 00:00:00,0.5947,0.6035,0.6035,0.5976,9907953.394756,XRP-USD,6h
2024-07-27 06:00:00,0.5971,0.6042,0.5977,0.6006,5230521.85672,XRP-USD,6h
2024-07-27 12:00:00,0.5941,0.6095,0.6005,0.5952,15337980.446766,XRP-USD,6h
2024-07-27 18:00:00,0.5825,0.6017,0.5954,0.5959,13053173.105059,XRP-USD,6h
2024-07-28 00:00:00,0.5913,0.6048,0.5954,0.6029,7429642.816624,XRP-USD,6h
2024-07-28 06:00:00,0.5995,0.6146,0.6027,0.6027,9370380.918152,XRP-USD,6h
2024-07-28 12:00:00,0.5966,0.6046,0.6027,0.6035,7093700.514454,XRP-USD,6h
2024-07-28 18:00:00,0.5978,0.6055,0.6036,0.6014,7184229.063566,XRP-USD,6h
2024-07-29 00:00:00,0.6002,0.6092,0.6013,0.6089,9428618.635183,XRP-USD,6h
2024-07-29 06:00:00,0.6053,0.6123,0.6087,0.6082,9868275.19507,XRP-USD,6h
2024-07-29 12:00:00,0.5906,0.6111,0.6082,0.6036,15369858.869454,XRP-USD,6h
2024-07-29 18:00:00,0.5995,0.6095,0.6035,0.6017,7686222.693107,XRP-USD,6h
2024-07-30 00:00:00,0.5953,0.6046,0.6017,0.597,8514251.987743,XRP-USD,6h
2024-07-30 06:00:00,0.5965,0.6375,0.5972,0.6293,32803564.782501,XRP-USD,6h
2024-07-30 12:00:00,0.6111,0.6374,0.6294,0.6286,37623131.92149,XRP-USD,6h
2024-07-30 18:00:00,0.6188,0.6359,0.6285,0.6275,22295943.940572,XRP-USD,6h
2024-07-31 00:00:00,0.6255,0.6587,0.6277,0.6421,51239807.923144,XRP-USD,6h
2024-07-31 06:00:00,0.6388,0.6549,0.6421,0.6493,17727078.9766,XRP-USD,6h
2024-07-31 12:00:00,0.6306,0.657,0.6492,0.638,31134820.029866,XRP-USD,6h
2024-07-31 18:00:00,0.6214,0.6463,0.6387,0.623,26697174.792087,XRP-USD,6h
2024-08-01 00:00:00,0.596,0.6303,0.6229,0.607,25945298.925784,XRP-USD,6h
2024-08-01 06:00:00,0.6009,0.6115,0.6069,0.6098,16525792.582401,XRP-USD,6h
2024-08-01 12:00:00,0.574,0.6138,0.6097,0.5808,42930020.832073,XRP-USD,6h
2024-08-01 18:00:00,0.5673,0.5998,0.5808,0.5961,23640828.669962,XRP-USD,6h
2024-08-02 00:00:00,0.5716,0.5965,0.5962,0.5731,15918637.346926,XRP-USD,6h
2024-08-02 06:00:00,0.5569,0.5785,0.5732,0.5736,20079598.874866,XRP-USD,6h
2024-08-02 12:00:00,0.546,0.5805,0.5736,0.5609,39624997.580772,XRP-USD,6h
2024-08-02 18:00:00,0.5577,0.5725,0.5608,0.56,20209371.370488,XRP-USD,6h
2024-08-03 00:00:00,0.5425,0.5732,0.56,0.5729,18487590.774138,XRP-USD,6h
2024-08-03 06:00:00,0.5642,0.5772,0.5729,0.5701,9718262.918231,XRP-USD,6h
2024-08-03 12:00:00,0.5493,0.5731,0.5703,0.5509,15944107.247732,XRP-USD,6h
2024-08-03 18:00:00,0.5403,0.5584,0.5509,0.5555,19602678.281451,XRP-USD,6h
2024-08-04 00:00:00,0.5501,0.5588,0.5557,0.556,7500072.206206,XRP-USD,6h
2024-08-04 06:00:00,0.5421,0.5571,0.556,0.5436,5569321.251049,XRP-USD,6h
2024-08-04 12:00:00,0.5132,0.5496,0.5436,0.524,29050944.594445,XRP-USD,6h
2024-08-04 18:00:00,0.5189,0.54,0.5241,0.5229,17712241.573689,XRP-USD,6h
2024-08-05 00:00:00,0.461,0.5256,0.5226,0.4684,81319422.273811,XRP-USD,6h
2024-08-05 06:00:00,0.436,0.4754,0.4683,0.4519,50634299.973158,XRP-USD,6h
2024-08-05 12:00:00,0.4318,0.4991,0.4518,0.4913,80262570.235102,XRP-USD,6h
2024-08-05 18:00:00,0.4721,0.5,0.4913,0.4891,33660820.921986,XRP-USD,6h
2024-08-06 00:00:00,0.4879,0.5164,0.4892,0.515,35022588.55297,XRP-USD,6h
2024-08-06 06:00:00,0.4974,0.5192,0.5149,0.5036,22304277.792096,XRP-USD,6h
2024-08-06 12:00:00,0.4948,0.5183,0.5031,0.5118,29215747.23629,XRP-USD,6h
2024-08-06 18:00:00,0.5036,0.5174,0.5116,0.5063,17221655.351959,XRP-USD,6h
2024-08-07 00:00:00,0.5001,0.5193,0.5063,0.5115,21520880.767423,XRP-USD,6h
2024-08-07 06:00:00,0.5098,0.5197,0.5115,0.5143,15381900.485635,XRP-USD,6h
2024-08-07 12:00:00,0.4923,0.5178,0.5146,0.5028,28393195.240358,XRP-USD,6h
2024-08-07 18:00:00,0.4989,0.6459,0.5026,0.6005,213439408.910291,XRP-USD,6h
2024-08-08 00:00:00,0.5786,0.6242,0.6004,0.6052,74579297.359072,XRP-USD,6h
2024-08-08 06:00:00,0.5967,0.6233,0.6051,0.6155,35180157.743152,XRP-USD,6h
2024-08-08 12:00:00,0.6006,0.6277,0.6153,0.6224,47206383.012067,XRP-USD,6h
2024-08-08 18:00:00,0.6046,0.6427,0.6223,0.6167,59055181.731079,XRP-USD,6h
2024-08-09 00:00:00,0.5977,0.6248,0.6169,0.6073,35111105.735412,XRP-USD,6h
2024-08-09 06:00:00,0.5825,0.6083,0.607,0.5868,26298688.690858,XRP-USD,6h
2024-08-09 12:00:00,0.5675,0.5887,0.5868,0.5765,45180849.476843,XRP-USD,6h
2024-08-09 18:00:00,0.573,0.5833,0.5765,0.5809,16610535.657068,XRP-USD,6h
2024-08-10 00:00:00,0.5783,0.5943,0.5809,0.5853,14114742.079465,XRP-USD,6h
2024-08-10 06:00:00,0.5837,0.5908,0.5847,0.5897,4823881.796344,XRP-USD,6h
2024-08-10 12:00:00,0.5892,0.6023,0.5897,0.5961,18227486.260132,XRP-USD,6h
2024-08-10 18:00:00,0.5814,0.5965,0.5962,0.5842,14957398.826355,XRP-USD,6h
2024-08-11 00:00:00,0.583,0.5938,0.5842,0.5904,11873073.721158,XRP-USD,6h
2024-08-11 06:00:00,0.5737,0.5938,0.5902,0.5761,10143695.039339,XRP-USD,6h
2024-08-11 12:00:00,0.563,0.5766,0.5757,0.5704,17258566.334005,XRP-USD,6h
2024-08-11 18:00:00,0.5453,0.5712,0.5703,0.5531,26446716.949555,XRP-USD,6h
2024-08-12 00:00:00,0.5499,0.5665,0.5529,0.5636,14736173.783093,XRP-USD,6h
2024-08-12 06:00:00,0.5573,0.5803,0.5634,0.5765,16154798.964547,XRP-USD,6h
2024-08-12 12:00:00,0.5553,0.5796,0.5762,0.5698,23885811.106842,XRP-USD,6h
2024-08-12 18:00:00,0.56,0.5724,0.5699,0.5684,18994582.267969,XRP-USD,6h
2024-08-13 00:00:00,0.5625,0.5727,0.5685,0.566,10153058.494358,XRP-USD,6h
2024-08-13 06:00:00,0.5639,0.5802,0.5658,0.5752,13699457.423043,XRP-USD,6h
2024-08-13 12:00:00,0.567,0.5837,0.5754,0.5831,24286934.617094,XRP-USD,6h
2024-08-13 18:00:00,0.5731,0.5834,0.583,0.5772,15746130.308562,XRP-USD,6h
2024-08-14 00:00:00,0.5711,0.5815,0.5772,0.5778,14999488.32805,XRP-USD,6h
2024-08-14 06:00:00,0.5746,0.583,0.5777,0.5796,11455587.526091,XRP-USD,6h
2024-08-14 12:00:00,0.5622,0.5829,0.5796,0.572,25382520.545806,XRP-USD,6h
2024-08-14 18:00:00,0.565,0.5727,0.5717,0.5689,12253693.229505,XRP-USD,6h
2024-08-15 00:00:00,0.5656,0.5745,0.5688,0.566,11947690.885015,XRP-USD,6h
2024-08-15 06:00:00,0.5625,0.5701,0.5659,0.5697,13544554.308904,XRP-USD,6h
2024-08-15 12:00:00,0.5648,0.5775,0.5695,0.5655,16288219.79571,XRP-USD,6h
2024-08-15 18:00:00,0.5506,0.5653,0.5653,0.561,28332470.726407,XRP-USD,6h
2024-08-16 00:00:00,0.5574,0.5687,0.561,0.5664,10562657.291007,XRP-USD,6h
2024-08-16 06:00:00,0.5646,0.5717,0.5664,0.5662,6807204.08318,XRP-USD,6h
2024-08-16 12:00:00,0.5535,0.5679,0.5662,0.5648,18433957.101844,XRP-USD,6h
2024-08-16 18:00:00,0.5627,0.5689,0.5648,0.564,14256478.95996,XRP-USD,6h
2024-08-17 00:00:00,0.5612,0.5661,0.5639,0.5654,6526538.143645,XRP-USD,6h
2024-08-17 06:00:00,0.5625,0.5662,0.5653,0.5649,5168266.271051,XRP-USD,6h
2024-08-17 12:00:00,0.5645,0.5711,0.5649,0.5681,9097093.139379,XRP-USD,6h
2024-08-17 18:00:00,0.5642,0.5693,0.568,0.5666,7256484.422735,XRP-USD,6h
2024-08-18 00:00:00,0.5644,0.57,0.5667,0.5655,4501221.29306,XRP-USD,6h
2024-08-18 06:00:00,0.5647,0.5712,0.5655,0.568,4281392.729115,XRP-USD,6h
2024-08-18 12:00:00,0.5676,0.5851,0.568,0.5699,15266899.31172,XRP-USD,6h
2024-08-18 18:00:00,0.5628,0.5743,0.5699,0.563,10672394.333223,XRP-USD,6h
2024-08-19 00:00:00,0.561,0.568,0.5634,0.5671,7119263.070782,XRP-USD,6h
2024-08-19 06:00:00,0.5656,0.5905,0.5673,0.5854,22571350.812276,XRP-USD,6h
2024-08-19 12:00:00,0.5749,0.605,0.5855,0.5986,29777421.636805,XRP-USD,6h
2024-08-19 18:00:00,0.594,0.609,0.5986,0.5988,28544884.28071,XRP-USD,6h
2024-08-20 00:00:00,0.5972,0.6116,0.5988,0.6093,24378438.015068,XRP-USD,6h
2024-08-20 06:00:00,0.6066,0.6151,0.6093,0.6092,14676970.767855,XRP-USD,6h
2024-08-20 12:00:00,0.5878,0.6098,0.6091,0.5974,23937079.526153,XRP-USD,6h
2024-08-20 18:00:00,0.5921,0.6031,0.5974,0.5938,13806443.206647,XRP-USD,6h
2024-08-21 00:00:00,0.5922,0.6016,0.5938,0.5962,13092670.315649,XRP-USD,6h
2024-08-21 06:00:00,0.5935,0.5999,0.596,0.5965,7037772.379736,XRP-USD,6h
2024-08-21 12:00:00,0.5853,0.6023,0.5964,0.5998,18803464.396063,XRP-USD,6h
2024-08-21 18:00:00,0.5986,0.6057,0.5998,0.6002,17915716.726283,XRP-USD,6h
2024-08-22 00:00:00,0.5923,0.6027,0.6003,0.6021,8391596.464,XRP-USD,6h
2024-08-22 06:00:00,0.5985,0.6045,0.6022,0.6027,8887608.138699,XRP-USD,6h
2024-08-22 12:00:00,0.5946,0.6027,0.6027,0.5991,11901763.524522,XRP-USD,6h
2024-08-22 18:00:00,0.5942,0.6004,0.5989,0.5979,9617777.29095,XRP-USD,6h
2024-08-23 00:00:00,0.5959,0.6026,0.5978,0.5999,9269491.254804,XRP-USD,6h
2024-08-23 06:00:00,0.597,0.6019,0.5999,0.5971,7435880.629827,XRP-USD,6h
2024-08-23 12:00:00,0.5911,0.6073,0.5971,0.6066,21087407.176869,XRP-USD,6h
2024-08-23 18:00:00,0.604,0.6162,0.6066,0.6115,22882962.799585,XRP-USD,6h
2024-08-24 00:00:00,0.6048,0.6116,0.6115,0.6092,10900832.647864,XRP-USD,6h
2024-08-24 06:00:00,0.6078,0.6149,0.6091,0.6103,7391533.936437,XRP-USD,6h
2024-08-24 12:00:00,0.6102,0.6313,0.6104,0.6207,26370899.046791,XRP-USD,6h
2024-08-24 18:00:00,0.6055,0.6247,0.6205,0.613,14732218.461523,XRP-USD,6h
2024-08-25 00:00:00,0.6048,0.6143,0.6128,0.6085,9323897.393986,XRP-USD,6h
2024-08-25 06:00:00,0.5956,0.6087,0.6084,0.6015,9437950.972514,XRP-USD,6h
2024-08-25 12:00:00,0.5996,0.6064,0.6012,0.6016,9141948.853502,XRP-USD,6h
2024-08-25 18:00:00,0.5993,0.605,0.6015,0.6003,9591971.842172,XRP-USD,6h
2024-08-26 00:00:00,0.5919,0.6024,0.6002,0.5975,10361221.23897,XRP-USD,6h
2024-08-26 06:00:00,0.5919,0.6006,0.5975,0.5959,9196356.63927,XRP-USD,6h
2024-08-26 12:00:00,0.5787,0.5965,0.5958,0.581,20321717.153129,XRP-USD,6h
2024-08-26 18:00:00,0.5793,0.5926,0.5811,0.5876,14411681.209059,XRP-USD,6h
2024-08-27 00:00:00,0.587,0.5958,0.5876,0.5935,8690189.566833,XRP-USD,6h
2024-08-27 06:00:00,0.5837,0.5937,0.5936,0.5873,9027877.128613,XRP-USD,6h
2024-08-27 12:00:00,0.5852,0.6005,0.5871,0.5958,21322595.083449,XRP-USD,6h
2024-08-27 18:00:00,0.551,0.5986,0.5956,0.5669,29284683.29974,XRP-USD,6h
2024-08-28 00:00:00,0.5603,0.5751,0.5669,0.57,15859710.484225,XRP-USD,6h
2024-08-28 06:00:00,0.5625,0.5839,0.5701,0.5807,16832134.237922,XRP-USD,6h
2024-08-28 12:00:00,0.556,0.5845,0.5809,0.568,22399771.969849,XRP-USD,6h
2024-08-28 18:00:00,0.5657,0.5779,0.568,0.5695,13885538.764618,XRP-USD,6h
2024-08-29 00:00:00,0.5681,0.5741,0.5695,0.5738,7659788.873678,XRP-USD,6h
2024-08-29 06:00:00,0.5712,0.5771,0.5738,0.5746,9669863.391965,XRP-USD,6h
2024-08-29 12:00:00,0.5706,0.5774,0.5747,0.5728,14245116.159235,XRP-USD,6h
2024-08-29 18:00:00,0.5575,0.5732,0.5728,0.5621,13894466.511639,XRP-USD,6h
2024-08-30 00:00:00,0.5588,0.5652,0.562,0.5588,7585372.340793,XRP-USD,6h
2024-08-30 06:00:00,0.5588,0.5658,0.5591,0.5638,5941613.442765,XRP-USD,6h
2024-08-30 12:00:00,0.5461,0.568,0.5638,0.5559,25332735.323023,XRP-USD,6h
2024-08-30 18:00:00,0.5558,0.5677,0.5559,0.5667,9098818.499134,XRP-USD,6h
2024-08-31 00:00:00,0.5623,0.5685,0.5668,0.5671,4764923.250729,XRP-USD,6h
2024-08-31 06:00:00,0.5646,0.5722,0.5671,0.5693,3631783.835866,XRP-USD,6h
2024-08-31 12:00:00,0.5624,0.5702,0.5694,0.5651,4983029.743505,XRP-USD,6h
2024-08-31 18:00:00,0.5644,0.5685,0.565,0.5663,4605900.365138,XRP-USD,6h
2024-09-01 00:00:00,0.553,0.5667,0.5663,0.5546,6064914.844693,XRP-USD,6h
2024-09-01 06:00:00,0.5542,0.5602,0.5545,0.5579,3600245.833138,XRP-USD,6h
2024-09-01 12:00:00,0.5503,0.5612,0.558,0.5551,8913819.385338,XRP-USD,6h
2024-09-01 18:00:00,0.5436,0.562,0.5551,0.5473,11417618.026645,XRP-USD,6h
2024-09-02 00:00:00,0.5446,0.5511,0.5471,0.5494,7672802.208939,XRP-USD,6h
2024-09-02 06:00:00,0.5444,0.5575,0.5495,0.5549,6327532.36708,XRP-USD,6h
2024-09-02 12:00:00,0.5507,0.561,0.5549,0.5609,8236184.637583,XRP-USD,6h
2024-09-02 18:00:00,0.5595,0.5688,0.5608,0.5677,9536326.622175,XRP-USD,6h
2024-09-03 00:00:00,0.5651,0.5725,0.5677,0.5673,6359642.505485,XRP-USD,6h
2024-09-03 06:00:00,0.5654,0.5722,0.5674,0.5699,4821353.436183,XRP-USD,6h
2024-09-03 12:00:00,0.5567,0.5739,0.5699,0.5613,14123104.42128,XRP-USD,6h
2024-09-03 18:00:00,0.5559,0.5675,0.5614,0.5573,7863907.145731,XRP-USD,6h
2024-09-04 00:00:00,0.532,0.5602,0.5571,0.5499,23449162.957497,XRP-USD,6h
2024-09-04 06:00:00,0.5489,0.5569,0.5499,0.5503,8065066.588709,XRP-USD,6h
2024-09-04 12:00:00,0.5471,0.5662,0.5502,0.5592,16001768.401606,XRP-USD,6h
2024-09-04 18:00:00,0.5558,0.561,0.5591,0.5581,8025923.159407,XRP-USD,6h
2024-09-05 00:00:00,0.5517,0.5598,0.5581,0.5531,6868370.148941,XRP-USD,6h
2024-09-05 06:00:00,0.5483,0.5545,0.5531,0.5501,7063876.750307,XRP-USD,6h
2024-09-05 12:00:00,0.5398,0.5554,0.55,0.5465,12756760.168035,XRP-USD,6h
2024-09-05 18:00:00,0.5409,0.5475,0.5465,0.5443,8125666.505928,XRP-USD,6h
2024-09-06 00:00:00,0.5403,0.5471,0.5443,0.5451,5137559.096382,XRP-USD,6h
2024-09-06 06:00:00,0.5322,0.5454,0.545,0.5384,10475511.409296,XRP-USD,6h
2024-09-06 12:00:00,0.5145,0.545,0.5383,0.521,29534481.988542,XRP-USD,6h
2024-09-06 18:00:00,0.5024,0.5218,0.5211,0.5211,23749562.676688,XRP-USD,6h
2024-09-07 00:00:00,0.5193,0.5276,0.521,0.5275,6535496.528606,XRP-USD,6h
2024-09-07 06:00:00,0.5262,0.5306,0.5276,0.5275,4369767.759285,XRP-USD,6h
2024-09-07 12:00:00,0.5256,0.533,0.5275,0.5275,7515415.305289,XRP-USD,6h
2024-09-07 18:00:00,0.5229,0.531,0.5271,0.5249,7083766.573712,XRP-USD,6h
2024-09-08 00:00:00,0.5239,0.5303,0.5249,0.5284,3648702.663625,XRP-USD,6h
2024-09-08 06:00:00,0.5264,0.5315,0.5285,0.5288,3721496.795212,XRP-USD,6h
2024-09-08 12:00:00,0.5206,0.5293,0.5287,0.5264,5449518.206161,XRP-USD,6h
2024-09-08 18:00:00,0.524,0.5314,0.5265,0.5295,6839826.069508,XRP-USD,6h
2024-09-09 00:00:00,0.5268,0.5311,0.5294,0.5275,5079185.348486,XRP-USD,6h
2024-09-09 06:00:00,0.5268,0.5341,0.5276,0.5311,5940288.609822,XRP-USD,6h
2024-09-09 12:00:00,0.5277,0.5383,0.531,0.5353,10940733.440595,XRP-USD,6h
2024-09-09 18:00:00,0.5336,0.5448,0.5352,0.5395,11981687.108584,XRP-USD,6h
2024-09-10 00:00:00,0.5337,0.5396,0.5396,0.5383,5097231.360471,XRP-USD,6h
2024-09-10 06:00:00,0.5357,0.5416,0.5382,0.5385,5819530.83031,XRP-USD,6h
2024-09-10 12:00:00,0.533,0.5405,0.5385,0.5375,8003641.316848,XRP-USD,6h
2024-09-10 18:00:00,0.5371,0.5429,0.5374,0.5408,7039821.546967,XRP-USD,6h
2024-09-11 00:00:00,0.5304,0.5414,0.5408,0.5309,6816882.282927,XRP-USD,6h
2024-09-11 06:00:00,0.5306,0.5348,0.531,0.534,3918246.171065,XRP-USD,6h
2024-09-11 12:00:00,0.523,0.537,0.534,0.5353,10393261.81416,XRP-USD,6h
2024-09-11 18:00:00,0.5346,0.5384,0.5353,0.5348,5191436.129272,XRP-USD,6h
2024-09-12 00:00:00,0.5335,0.5398,0.5348,0.5375,6107596.521381,XRP-USD,6h
2024-09-12 06:00:00,0.5351,0.5395,0.5376,0.5372,5987681.732309,XRP-USD,6h
2024-09-12 12:00:00,0.5356,0.5882,0.5372,0.5622,57143816.442642,XRP-USD,6h
2024-09-12 18:00:00,0.5595,0.5669,0.5621,0.5627,13555018.835571,XRP-USD,6h
2024-09-13 00:00:00,0.5556,0.5734,0.5626,0.5687,13076099.044378,XRP-USD,6h
2024-09-13 06:00:00,0.5598,0.5722,0.5686,0.5628,10101494.972008,XRP-USD,6h
2024-09-13 12:00:00,0.5622,0.573,0.5627,0.5675,17955855.781886,XRP-USD,6h
2024-09-13 18:00:00,0.5664,0.5748,0.5676,0.5732,11276293.2384,XRP-USD,6h
2024-09-14 00:00:00,0.5679,0.5807,0.5731,0.5775,10546076.627919,XRP-USD,6h
2024-09-14 06:00:00,0.5743,0.5928,0.5775,0.5873,14930089.077774,XRP-USD,6h
2024-09-14 12:00:00,0.5831,0.5922,0.5873,0.5907,14327542.660735,XRP-USD,6h
2024-09-14 18:00:00,0.5871,0.5994,0.5907,0.5959,17996026.213428,XRP-USD,6h
2024-09-15 00:00:00,0.5856,0.596,0.5959,0.5877,9664478.869067,XRP-USD,6h
2024-09-15 06:00:00,0.5808,0.5907,0.5878,0.5836,6858151.386373,XRP-USD,6h
2024-09-15 12:00:00,0.582,0.5898,0.5836,0.5868,5989176.515962,XRP-USD,6h
2024-09-15 18:00:00,0.5687,0.5879,0.5868,0.5706,11167323.001517,XRP-USD,6h
2024-09-16 00:00:00,0.559,0.5755,0.5707,0.5727,11502513.277735,XRP-USD,6h
2024-09-16 06:00:00,0.5681,0.5746,0.5727,0.5708,6902632.136352,XRP-USD,6h
2024-09-16 12:00:00,0.5646,0.5809,0.5708,0.5807,14204724.627417,XRP-USD,6h
2024-09-16 18:00:00,0.5761,0.5915,0.5806,0.5866,14522881.379902,XRP-USD,6h
2024-09-17 00:00:00,0.5789,0.5906,0.5866,0.5879,9732566.888724,XRP-USD,6h
2024-09-17 06:00:00,0.5835,0.5886,0.5879,0.5845,5572361.634397,XRP-USD,6h
2024-09-17 12:00:00,0.5805,0.5936,0.5845,0.5886,14064576.60236,XRP-USD,6h
2024-09-17 18:00:00,0.5833,0.5909,0.5884,0.584,8338037.793323,XRP-USD,6h
2024-09-18 00:00:00,0.5756,0.5841,0.584,0.58,8379432.184229,XRP-USD,6h
2024-09-18 06:00:00,0.5699,0.5798,0.5798,0.5731,6428471.514733,XRP-USD,6h
2024-09-18 12:00:00,0.562,0.5732,0.5731,0.5713,12731302.038572,XRP-USD,6h
2024-09-18 18:00:00,0.57,0.5859,0.5711,0.5854,18214667.038159,XRP-USD,6h
2024-09-19 00:00:00,0.5813,0.59,0.5854,0.5859,14076762.884314,XRP-USD,6h
2024-09-19 06:00:00,0.5808,0.5872,0.5858,0.5859,10259552.781413,XRP-USD,6h
2024-09-19 12:00:00,0.5834,0.5947,0.5859,0.5928,20319952.304567,XRP-USD,6h
2024-09-19 18:00:00,0.585,0.5937,0.5926,0.5872,13656969.710005,XRP-USD,6h
2024-09-20 00:00:00,0.5773,0.5929,0.5871,0.5904,14219972.002609,XRP-USD,6h
2024-09-20 06:00:00,0.5838,0.5915,0.5904,0.585,12520379.565728,XRP-USD,6h
2024-09-20 12:00:00,0.5758,0.6015,0.5848,0.5788,20223059.861324,XRP-USD,6h
2024-09-20 18:00:00,0.5773,0.5883,0.5788,0.5852,8064904.453463,XRP-USD,6h
2024-09-21 00:00:00,0.58,0.5852,0.5852,0.5816,5186407.258469,XRP-USD,6h
2024-09-21 06:00:00,0.5813,0.5855,0.5817,0.5846,3107636.336915,XRP-USD,6h
2024-09-21 12:00:00,0.5832,0.6128,0.5847,0.6035,20755694.990583,XRP-USD,6h
2024-09-21 18:00:00,0.5946,0.6044,0.6035,0.5977,11421222.867276,XRP-USD,6h
2024-09-22 00:00:00,0.5952,0.6052,0.5978,0.5968,10132286.570199,XRP-USD,6h
2024-09-22 06:00:00,0.5907,0.5987,0.5968,0.593,5811291.829992,XRP-USD,6h
2024-09-22 12:00:00,0.5843,0.5939,0.593,0.5916,8532807.742472,XRP-USD,6h
2024-09-22 18:00:00,0.5782,0.5921,0.5916,0.5872,11154676.773033,XRP-USD,6h
2024-09-23 00:00:00,0.5786,0.5963,0.5874,0.5918,13492351.399226,XRP-USD,6h
2024-09-23 06:00:00,0.5836,0.5937,0.5916,0.5865,7671627.572469,XRP-USD,6h
2024-09-23 12:00:00,0.5839,0.5902,0.5866,0.5858,14744295.551575,XRP-USD,6h
2024-09-23 18:00:00,0.5832,0.5889,0.5859,0.5849,10011843.64292,XRP-USD,6h
2024-09-24 00:00:00,0.5813,0.5871,0.5848,0.5861,9075579.087325,XRP-USD,6h
2024-09-24 06:00:00,0.5841,0.5907,0.586,0.5878,9322053.476111,XRP-USD,6h
2024-09-24 12:00:00,0.5814,0.5911,0.5882,0.5877,14170016.153847,XRP-USD,6h
2024-09-24 18:00:00,0.5863,0.5931,0.5876,0.5912,14493049.242652,XRP-USD,6h
2024-09-25 00:00:00,0.5877,0.5958,0.5913,0.5886,10705176.069986,XRP-USD,6h
2024-09-25 06:00:00,0.5851,0.5908,0.5884,0.5906,5842875.380246,XRP-USD,6h
2024-09-25 12:00:00,0.5828,0.5922,0.5906,0.5843,10606865.140269,XRP-USD,6h
2024-09-25 18:00:00,0.5812,0.5875,0.5843,0.5827,9453411.725958,XRP-USD,6h
2024-09-26 00:00:00,0.5734,0.5849,0.5827,0.5842,12402584.041584,XRP-USD,6h
2024-09-26 06:00:00,0.5834,0.5912,0.5842,0.5897,10907626.337294,XRP-USD,6h
2024-09-26 12:00:00,0.5879,0.5966,0.5897,0.5914,18052673.274327,XRP-USD,6h
2024-09-26 18:00:00,0.587,0.5949,0.5915,0.5907,12665782.512277,XRP-USD,6h
2024-09-27 00:00:00,0.5827,0.5918,0.5907,0.5917,16295080.833234,XRP-USD,6h
2024-09-27 06:00:00,0.5856,0.5927,0.5917,0.5872,8682610.008193,XRP-USD,6h
2024-09-27 12:00:00,0.5861,0.5973,0.5871,0.588,22015899.82735,XRP-USD,6h
2024-09-27 18:00:00,0.5842,0.5899,0.5879,0.5889,10416045.76118,XRP-USD,6h
2024-09-28 00:00:00,0.5871,0.5932,0.5889,0.5877,6176915.403528,XRP-USD,6h
2024-09-28 06:00:00,0.5857,0.6235,0.5878,0.617,39488379.819007,XRP-USD,6h
2024-09-28 12:00:00,0.6113,0.6263,0.617,0.6241,27565633.271158,XRP-USD,6h
2024-09-28 18:00:00,0.612,0.6257,0.6242,0.6139,13389727.726361,XRP-USD,6h
2024-09-29 00:00:00,0.6076,0.621,0.614,0.6203,8715058.173208,XRP-USD,6h
2024-09-29 06:00:00,0.6166,0.6342,0.6201,0.6244,19365620.102751,XRP-USD,6h
2024-09-29 12:00:00,0.6214,0.6655,0.6243,0.6535,61960463.395661,XRP-USD,6h
2024-09-29 18:00:00,0.6367,0.6563,0.6535,0.6413,23131129.777146,XRP-USD,6h
2024-09-30 00:00:00,0.635,0.6539,0.6414,0.6506,25557990.497734,XRP-USD,6h
2024-09-30 06:00:00,0.6251,0.6548,0.6505,0.6298,22019417.093064,XRP-USD,6h
2024-09-30 12:00:00,0.6166,0.6367,0.6298,0.6204,22876447.50476,XRP-USD,6h
2024-09-30 18:00:00,0.6082,0.6251,0.6205,0.6113,17258432.566468,XRP-USD,6h
2024-10-01 00:00:00,0.6101,0.6246,0.6113,0.6215,10650545.865168,XRP-USD,6h
2024-10-01 06:00:00,0.6193,0.6341,0.6215,0.6287,11284740.810885,XRP-USD,6h
2024-10-01 12:00:00,0.5777,0.6303,0.6287,0.5965,44532728.645962,XRP-USD,6h
2024-10-01 18:00:00,0.5883,0.6271,0.5966,0.5968,48590042.748318,XRP-USD,6h
2024-10-02 00:00:00,0.5943,0.6066,0.5968,0.5986,12399538.971871,XRP-USD,6h
2024-10-02 06:00:00,0.58,0.6042,0.5985,0.5858,16365269.132034,XRP-USD,6h
2024-10-02 12:00:00,0.576,0.5927,0.5857,0.5821,26682167.562203,XRP-USD,6h
2024-10-02 18:00:00,0.5254,0.5821,0.5817,0.5381,115199806.953751,XRP-USD,6h
2024-10-03 00:00:00,0.5231,0.545,0.538,0.5343,49221002.414949,XRP-USD,6h
2024-10-03 06:00:00,0.507,0.5356,0.5342,0.5173,45411514.769252,XRP-USD,6h
2024-10-03 12:00:00,0.5117,0.528,0.5172,0.5209,34857608.461898,XRP-USD,6h
2024-10-03 18:00:00,0.52,0.5283,0.5207,0.5222,22839408.645655,XRP-USD,6h
2024-10-04 00:00:00,0.515,0.5304,0.5221,0.5281,23302385.010817,XRP-USD,6h
2024-10-04 06:00:00,0.5205,0.5281,0.528,0.525,14148968.547301,XRP-USD,6h
2024-10-04 12:00:00,0.5155,0.5334,0.5251,0.5316,29314742.304118,XRP-USD,6h
2024-10-04 18:00:00,0.5303,0.5396,0.5316,0.5341,19276488.095436,XRP-USD,6h
2024-10-05 00:00:00,0.5267,0.5356,0.5342,0.5326,7200205.207087,XRP-USD,6h
2024-10-05 06:00:00,0.531,0.5354,0.5327,0.5316,4640722.532807,XRP-USD,6h
2024-10-05 12:00:00,0.5261,0.5334,0.5314,0.5284,7012895.733441,XRP-USD,6h
2024-10-05 18:00:00,0.527,0.5354,0.5285,0.5295,8875286.873859,XRP-USD,6h
2024-10-06 00:00:00,0.5279,0.5331,0.5295,0.5306,4658627.285039,XRP-USD,6h
2024-10-06 06:00:00,0.5284,0.5326,0.5306,0.5308,4303955.906953,XRP-USD,6h
2024-10-06 12:00:00,0.5301,0.5374,0.5308,0.5327,6975626.05908,XRP-USD,6h
2024-10-06 18:00:00,0.53,0.5354,0.5328,0.5339,6896762.128853,XRP-USD,6h
2024-10-07 00:00:00,0.5327,0.5446,0.5338,0.5401,11506751.572124,XRP-USD,6h
2024-10-07 06:00:00,0.5303,0.5426,0.54,0.5373,7124815.74106,XRP-USD,6h
2024-10-07 12:00:00,0.5356,0.5458,0.5371,0.5436,14047335.129931,XRP-USD,6h
2024-10-07 18:00:00,0.5281,0.5434,0.5434,0.5285,10909245.625671,XRP-USD,6h
2024-10-08 00:00:00,0.5284,0.5345,0.5285,0.5305,7855436.642029,XRP-USD,6h
2024-10-08 06:00:00,0.5247,0.5315,0.5306,0.5309,5343132.230688,XRP-USD,6h
2024-10-08 12:00:00,0.5209,0.532,0.531,0.5294,11048020.883712,XRP-USD,6h
2024-10-08 18:00:00,0.526,0.5355,0.5293,0.5309,8970127.666081,XRP-USD,6h
2024-10-09 00:00:00,0.5291,0.5348,0.5309,0.5325,5380183.901167,XRP-USD,6h
2024-10-09 06:00:00,0.5278,0.5341,0.5326,0.5322,4990225.230604,XRP-USD,6h
2024-10-09 12:00:00,0.5256,0.5334,0.5321,0.5316,12421844.115898,XRP-USD,6h
2024-10-09 18:00:00,0.5207,0.5319,0.5316,0.5241,10264924.023873,XRP-USD,6h
2024-10-10 00:00:00,0.522,0.5286,0.5241,0.5272,5541500.558529,XRP-USD,6h
2024-10-10 06:00:00,0.5226,0.5292,0.5274,0.5292,5573020.869918,XRP-USD,6h
2024-10-10 12:00:00,0.5265,0.5443,0.5294,0.5306,26035840.285016,XRP-USD,6h
2024-10-10 18:00:00,0.5236,0.5307,0.5305,0.5302,11476383.829777,XRP-USD,6h
2024-10-11 00:00:00,0.5292,0.5361,0.5302,0.5339,5617164.461076,XRP-USD,6h
2024-10-11 06:00:00,0.5336,0.5406,0.5338,0.5354,6890730.095892,XRP-USD,6h
2024-10-11 12:00:00,0.5334,0.5403,0.5353,0.5402,12216595.37508,XRP-USD,6h
2024-10-11 18:00:00,0.5376,0.5419,0.5401,0.5385,9391040.06912,XRP-USD,6h
2024-10-12 00:00:00,0.5351,0.5394,0.5387,0.5377,4371122.825449,XRP-USD,6h
2024-10-12 06:00:00,0.5372,0.5417,0.5376,0.5393,3555593.590347,XRP-USD,6h
2024-10-12 12:00:00,0.5377,0.5432,0.5393,0.5386,8241075.919401,XRP-USD,6h
2024-10-12 18:00:00,0.5371,0.5401,0.5385,0.5392,4825962.878761,XRP-USD,6h
2024-10-13 00:00:00,0.5353,0.5395,0.5392,0.5367,4728342.319924,XRP-USD,6h
2024-10-13 06:00:00,0.5309,0.5378,0.5366,0.5311,4676728.301215,XRP-USD,6h
2024-10-13 12:00:00,0.5253,0.5333,0.5313,0.5277,7547562.407418,XRP-USD,6h
2024-10-13 18:00:00,0.525,0.5319,0.5276,0.5318,7072521.725995,XRP-USD,6h
2024-10-14 00:00:00,0.528,0.5396,0.5318,0.537,8638166.339899,XRP-USD,6h
2024-10-14 06:00:00,0.5351,0.5412,0.5371,0.5384,6203822.310294,XRP-USD,6h
2024-10-14 12:00:00,0.5373,0.5523,0.5386,0.5454,15999848.261749,XRP-USD,6h
2024-10-14 18:00:00,0.5441,0.5496,0.5454,0.5483,9726287.910976,XRP-USD,6h
2024-10-15 00:00:00,0.542,0.5555,0.5483,0.5437,11503813.779707,XRP-USD,6h
2024-10-15 06:00:00,0.5342,0.5475,0.5437,0.5361,9795759.968728,XRP-USD,6h
2024-10-15 12:00:00,0.5315,0.5489,0.536,0.5435,17692370.584363,XRP-USD,6h
2024-10-15 18:00:00,0.5367,0.5456,0.5433,0.5417,8886775.305282,XRP-USD,6h
2024-10-16 00:00:00,0.5392,0.5452,0.5417,0.5428,7960598.622866,XRP-USD,6h
2024-10-16 06:00:00,0.5373,0.5458,0.5425,0.5438,6005910.246636,XRP-USD,6h
2024-10-16 12:00:00,0.5424,0.5524,0.5438,0.5472,17055409.446222,XRP-USD,6h
2024-10-16 18:00:00,0.5471,0.554,0.5472,0.5482,10817332.450353,XRP-USD,6h
2024-10-17 00:00:00,0.5455,0.5664,0.5483,0.5574,23488236.556767,XRP-USD,6h
2024-10-17 06:00:00,0.5507,0.5618,0.5574,0.5524,13503041.470839,XRP-USD,6h
2024-10-17 12:00:00,0.5473,0.5574,0.5522,0.55,13508017.66317,XRP-USD,6h
2024-10-17 18:00:00,0.5417,0.5509,0.5501,0.544,10595635.236375,XRP-USD,6h
2024-10-18 00:00:00,0.5395,0.5467,0.544,0.5453,8296127.939482,XRP-USD,6h
2024-10-18 06:00:00,0.5451,0.5528,0.5453,0.5463,7600136.281193,XRP-USD,6h
2024-10-18 12:00:00,0.5425,0.5482,0.5463,0.5462,13190655.984453,XRP-USD,6h
2024-10-18 18:00:00,0.5447,0.549,0.5461,0.5467,8079106.011529,XRP-USD,6h
2024-10-19 00:00:00,0.5452,0.5499,0.5467,0.5472,7304774.156197,XRP-USD,6h
2024-10-19 06:00:00,0.5429,0.5479,0.5472,0.5433,3133690.483061,XRP-USD,6h
2024-10-19 12:00:00,0.5407,0.5456,0.5433,0.5414,4459119.596572,XRP-USD,6h
2024-10-19 18:00:00,0.5408,0.5448,0.5414,0.5439,4085904.10921,XRP-USD,6h
2024-10-20 00:00:00,0.5414,0.5447,0.544,0.5416,3285604.697537,XRP-USD,6h
2024-10-20 06:00:00,0.5366,0.5428,0.5416,0.5412,4606448.166282,XRP-USD,6h
2024-10-20 12:00:00,0.5372,0.5451,0.5412,0.5435,6734754.018951,XRP-USD,6h
2024-10-20 18:00:00,0.5421,0.5487,0.5436,0.5481,6812378.107904,XRP-USD,6h
2024-10-21 00:00:00,0.5452,0.5503,0.5481,0.5473,8227082.825029,XRP-USD,6h
2024-10-21 06:00:00,0.5467,0.5604,0.5472,0.5534,15803269.981067,XRP-USD,6h
2024-10-21 12:00:00,0.5405,0.5547,0.5534,0.547,12116113.038235,XRP-USD,6h
2024-10-21 18:00:00,0.5437,0.548,0.5469,0.5446,8176004.424538,XRP-USD,6h
2024-10-22 00:00:00,0.5391,0.5463,0.5448,0.5439,7006164.072781,XRP-USD,6h
2024-10-22 06:00:00,0.5305,0.5493,0.544,0.5338,12238322.353845,XRP-USD,6h
2024-10-22 12:00:00,0.5288,0.5354,0.5338,0.5336,14704495.923177,XRP-USD,6h
2024-10-22 18:00:00,0.5317,0.5362,0.5336,0.5337,7675994.600102,XRP-USD,6h
2024-10-23 00:00:00,0.5279,0.5338,0.5335,0.5298,6899099.277984,XRP-USD,6h
2024-10-23 06:00:00,0.5223,0.5316,0.5299,0.5265,8312498.065464,XRP-USD,6h
2024-10-23 12:00:00,0.5149,0.5286,0.5264,0.5175,14870377.002072,XRP-USD,6h
2024-10-23 18:00:00,0.5111,0.5263,0.5172,0.5254,12785155.231169,XRP-USD,6h
2024-10-24 00:00:00,0.5249,0.5317,0.5253,0.5301,6818349.878921,XRP-USD,6h
2024-10-24 06:00:00,0.5236,0.5327,0.53,0.5274,7963170.810323,XRP-USD,6h
2024-10-24 12:00:00,0.5271,0.5321,0.5276,0.5314,7028246.909692,XRP-USD,6h
2024-10-24 18:00:00,0.5304,0.5336,0.5313,0.5318,6485448.797598,XRP-USD,6h
2024-10-25 00:00:00,0.524,0.532,0.5318,0.525,7951155.557122,XRP-USD,6h
2024-10-25 06:00:00,0.5199,0.5275,0.525,0.526,5411628.015592,XRP-USD,6h
2024-10-25 12:00:00,0.5145,0.5272,0.5261,0.5156,9114795.42398,XRP-USD,6h
2024-10-25 18:00:00,0.4861,0.5196,0.5153,0.5012,29799489.681427,XRP-USD,6h
2024-10-26 00:00:00,0.498,0.5145,0.5013,0.5124,12197057.154559,XRP-USD,6h
2024-10-26 06:00:00,0.5119,0.5146,0.5124,0.5139,3799369.695488,XRP-USD,6h
2024-10-26 12:00:00,0.5052,0.5145,0.5138,0.5114,4448838.731676,XRP-USD,6h
2024-10-26 18:00:00,0.511,0.5146,0.5115,0.5129,5141769.761229,XRP-USD,6h
2024-10-27 00:00:00,0.5114,0.5161,0.5128,0.5144,4934033.087676,XRP-USD,6h
2024-10-27 06:00:00,0.5102,0.515,0.5144,0.5116,3695792.062403,XRP-USD,6h
2024-10-27 12:00:00,0.5116,0.5173,0.5117,0.5152,4830622.543788,XRP-USD,6h
2024-10-27 18:00:00,0.5128,0.5177,0.5155,0.5163,5150479.746529,XRP-USD,6h
2024-10-28 00:00:00,0.5108,0.5169,0.5163,0.5132,4310628.969776,XRP-USD,6h
2024-10-28 06:00:00,0.5126,0.5207,0.5132,0.5193,6053990.492831,XRP-USD,6h
2024-10-28 12:00:00,0.5109,0.5212,0.5192,0.513,9750070.505665,XRP-USD,6h
2024-10-28 18:00:00,0.5122,0.5211,0.5129,0.5192,11592463.918051,XRP-USD,6h
2024-10-29 00:00:00,0.5181,0.5262,0.5191,0.5228,14604981.560067,XRP-USD,6h
2024-10-29 06:00:00,0.5226,0.5278,0.5228,0.5256,6892179.407296,XRP-USD,6h
2024-10-29 12:00:00,0.5231,0.5305,0.5256,0.5288,14201897.552628,XRP-USD,6h
2024-10-29 18:00:00,0.5211,0.531,0.5288,0.5284,10553130.965858,XRP-USD,6h
2024-10-30 00:00:00,0.5225,0.5284,0.5284,0.5247,6421920.820226,XRP-USD,6h
2024-10-30 06:00:00,0.5202,0.5263,0.5246,0.5206,5826142.470287,XRP-USD,6h
2024-10-30 12:00:00,0.5187,0.5258,0.5206,0.5233,10668746.343759,XRP-USD,6h
2024-10-30 18:00:00,0.5206,0.5254,0.5233,0.5227,6735380.134178,XRP-USD,6h
2024-10-31 00:00:00,0.5192,0.5236,0.5229,0.5205,6443982.95723,XRP-USD,6h
2024-10-31 06:00:00,0.5152,0.5207,0.5204,0.5185,6334360.38352,XRP-USD,6h
2024-10-31 12:00:00,0.5052,0.5211,0.5185,0.5083,16676810.863737,XRP-USD,6h
2024-10-31 18:00:00,0.5027,0.5108,0.5081,0.5088,9181018.900399,XRP-USD,6h
2024-11-01 00:00:00,0.5019,0.5209,0.5088,0.5142,11045231.811359,XRP-USD,6h
2024-11-01 06:00:00,0.5092,0.5239,0.5141,0.5184,11879989.778359,XRP-USD,6h
2024-11-01 12:00:00,0.5114,0.5238,0.5184,0.5156,15189219.394598,XRP-USD,6h
2024-11-01 18:00:00,0.5075,0.5168,0.5157,0.5128,8847860.944432,XRP-USD,6h
2024-11-02 00:00:00,0.5112,0.5159,0.5128,0.5135,4956227.863825,XRP-USD,6h
2024-11-02 06:00:00,0.5102,0.5136,0.5136,0.5112,2538909.066164,XRP-USD,6h
2024-11-02 12:00:00,0.5061,0.5128,0.5111,0.5107,6678652.973521,XRP-USD,6h
2024-11-02 18:00:00,0.5075,0.5111,0.5106,0.5104,5145915.064292,XRP-USD,6h
2024-11-03 00:00:00,0.4975,0.511,0.5104,0.5033,10275272.586416,XRP-USD,6h
2024-11-03 06:00:00,0.5011,0.507,0.5033,0.5027,4545066.077096,XRP-USD,6h
2024-11-03 12:00:00,0.4916,0.5036,0.5027,0.4999,14063351.337547,XRP-USD,6h
2024-11-03 18:00:00,0.493,0.5045,0.5002,0.5029,6502589.503014,XRP-USD,6h
2024-11-04 00:00:00,0.5003,0.5084,0.5029,0.5039,6296026.83428,XRP-USD,6h
2024-11-04 06:00:00,0.5036,0.5142,0.5039,0.5115,7040615.539745,XRP-USD,6h
2024-11-04 12:00:00,0.5063,0.5136,0.5116,0.5097,9803021.115407,XRP-USD,6h
2024-11-04 18:00:00,0.4955,0.5105,0.5096,0.5032,18103202.30047,XRP-USD,6h
2024-11-05 00:00:00,0.5016,0.5093,0.5032,0.5086,6528893.452674,XRP-USD,6h
2024-11-05 06:00:00,0.5078,0.5185,0.5086,0.5088,7837695.709236,XRP-USD,6h
2024-11-05 12:00:00,0.5055,0.5147,0.5088,0.5128,15973321.798183,XRP-USD,6h
2024-11-05 18:00:00,0.5068,0.5158,0.5128,0.5141,12169978.285767,XRP-USD,6h
2024-11-06 00:00:00,0.5133,0.5385,0.5142,0.5329,35362408.529488,XRP-USD,6h
2024-11-06 06:00:00,0.5266,0.543,0.5329,0.5346,23812513.919463,XRP-USD,6h
2024-11-06 12:00:00,0.5274,0.5362,0.5346,0.5324,16747597.859084,XRP-USD,6h
2024-11-06 18:00:00,0.532,0.5474,0.5323,0.5426,22291810.226039,XRP-USD,6h
2024-11-07 00:00:00,0.5381,0.58,0.5425,0.5587,35542662.824836,XRP-USD,6h
2024-11-07 06:00:00,0.5468,0.5611,0.5588,0.5474,10378056.834682,XRP-USD,6h
2024-11-07 12:00:00,0.5408,0.5552,0.5474,0.5548,21073211.689305,XRP-USD,6h
2024-11-07 18:00:00,0.5506,0.5589,0.5548,0.5562,17526566.013761,XRP-USD,6h
2024-11-08 00:00:00,0.548,0.5605,0.5562,0.5512,14282014.244569,XRP-USD,6h
2024-11-08 06:00:00,0.5466,0.5528,0.5512,0.5509,10303406.578187,XRP-USD,6h
2024-11-08 12:00:00,0.5418,0.5584,0.5509,0.5476,22409406.52178,XRP-USD,6h
2024-11-08 18:00:00,0.5459,0.555,0.5477,0.5541,16970764.065991,XRP-USD,6h
2024-11-09 00:00:00,0.5455,0.5544,0.5541,0.5515,11892063.764035,XRP-USD,6h
2024-11-09 06:00:00,0.5511,0.5569,0.5515,0.5533,14595996.097339,XRP-USD,6h
2024-11-09 12:00:00,0.5437,0.5535,0.5532,0.5493,14135672.549916,XRP-USD,6h
2024-11-09 18:00:00,0.5487,0.5622,0.5494,0.5596,19567104.631139,XRP-USD,6h
2024-11-10 00:00:00,0.5557,0.5927,0.5596,0.5851,45182805.330757,XRP-USD,6h
2024-11-10 06:00:00,0.5779,0.5885,0.5849,0.5868,28486831.239436,XRP-USD,6h
2024-11-10 12:00:00,0.5822,0.619,0.5866,0.6068,78951773.78766,XRP-USD,6h
2024-11-10 18:00:00,0.5628,0.6171,0.6068,0.5888,59169443.409823,XRP-USD,6h
2024-11-11 00:00:00,0.5707,0.5989,0.5889,0.5755,33537058.472428,XRP-USD,6h
2024-11-11 06:00:00,0.5719,0.5883,0.575,0.5879,21560776.503542,XRP-USD,6h
2024-11-11 12:00:00,0.5762,0.5967,0.5879,0.5934,40709605.900261,XRP-USD,6h
2024-11-11 18:00:00,0.5886,0.6344,0.5934,0.6217,102279106.242419,XRP-USD,6h
2024-11-12 00:00:00,0.5977,0.6224,0.6217,0.6016,56401862.440494,XRP-USD,6h
2024-11-12 06:00:00,0.6003,0.7,0.6016,0.6482,173639818.750261,XRP-USD,6h
2024-11-12 12:00:00,0.6254,0.7037,0.6479,0.6799,194178664.703691,XRP-USD,6h
2024-11-12 18:00:00,0.6782,0.745,0.6799,0.7054,187780572.754106,XRP-USD,6h
2024-11-13 00:00:00,0.6452,0.7422,0.7056,0.6477,115446056.889288,XRP-USD,6h
2024-11-13 06:00:00,0.6416,0.6784,0.6477,0.6776,64922131.601039,XRP-USD,6h
2024-11-13 12:00:00,0.6651,0.7496,0.6778,0.7121,175815162.108119,XRP-USD,6h
2024-11-13 18:00:00,0.6697,0.725,0.7122,0.6908,111853342.747474,XRP-USD,6h
2024-11-14 00:00:00,0.6832,0.7057,0.6908,0.6972,62913867.184747,XRP-USD,6h
2024-11-14 06:00:00,0.6838,0.7221,0.6972,0.7183,50600449.403133,XRP-USD,6h
2024-11-14 12:00:00,0.7015,0.7729,0.7184,0.7664,194368657.73832,XRP-USD,6h
2024-11-14 18:00:00,0.7551,0.8597,0.7663,0.7738,257268259.456027,XRP-USD,6h
2024-11-15 00:00:00,0.7704,0.8399,0.7737,0.8071,139929131.378361,XRP-USD,6h
2024-11-15 06:00:00,0.7737,0.8341,0.807,0.8273,83852890.095524,XRP-USD,6h
2024-11-15 12:00:00,0.8163,0.9165,0.8271,0.8695,257457800.033868,XRP-USD,6h
2024-11-15 18:00:00,0.8624,0.9277,0.8695,0.8929,146348636.759621,XRP-USD,6h
2024-11-16 00:00:00,0.8784,0.9843,0.8928,0.9826,134996826.044732,XRP-USD,6h
2024-11-16 06:00:00,0.9452,1.0896,0.9827,1.05,185461204.495585,XRP-USD,6h
2024-11-16 12:00:00,1.0308,1.3,1.05,1.1262,356972716.344114,XRP-USD,6h
2024-11-16 18:00:00,1.1044,1.2067,1.1258,1.1213,185280269.954134,XRP-USD,6h
2024-11-17 00:00:00,1.0035,1.1619,1.1213,1.0039,164200308.235711,XRP-USD,6h
2024-11-17 06:00:00,1.0031,1.1007,1.0041,1.0361,97699475.85742,XRP-USD,6h
2024-11-17 12:00:00,1.0365,1.1469,1.0365,1.0693,108694427.140414,XRP-USD,6h
2024-11-17 18:00:00,1.0315,1.076,1.0694,1.0544,78417065.751151,XRP-USD,6h
2024-11-18 00:00:00,1.0546,1.1875,1.0547,1.161,147613093.328904,XRP-USD,6h
2024-11-18 06:00:00,1.1108,1.1866,1.1605,1.1191,84832139.560111,XRP-USD,6h
2024-11-18 12:00:00,1.1046,1.1819,1.1191,1.1276,108872172.566184,XRP-USD,6h
2024-11-18 18:00:00,1.0756,1.1412,1.1278,1.1146,89162098.11842,XRP-USD,6h
2024-11-19 00:00:00,1.1014,1.1485,1.1148,1.1116,61741704.489489,XRP-USD,6h
2024-11-19 06:00:00,1.0825,1.12,1.1108,1.1014,40265120.637852,XRP-USD,6h
2024-11-19 12:00:00,1.0687,1.1235,1.1013,1.0964,64082820.300888,XRP-USD,6h
2024-11-19 18:00:00,1.0725,1.1187,1.0965,1.1018,63148624.634448,XRP-USD,6h
2024-11-20 00:00:00,1.0577,1.1165,1.1019,1.0856,49063376.693323,XRP-USD,6h
2024-11-20 06:00:00,1.0765,1.14,1.0856,1.121,43874749.038899,XRP-USD,6h
2024-11-20 12:00:00,1.0814,1.151,1.1208,1.0818,84366703.171563,XRP-USD,6h
2024-11-20 18:00:00,1.0649,1.1207,1.082,1.105,64960546.987601,XRP-USD,6h
2024-11-21 00:00:00,1.0796,1.132,1.1053,1.1083,63628609.724101,XRP-USD,6h
2024-11-21 06:00:00,1.0995,1.1359,1.1085,1.1111,39890525.421081,XRP-USD,6h
2024-11-21 12:00:00,1.0964,1.1576,1.1112,1.1405,80512346.607214,XRP-USD,6h
2024-11-21 18:00:00,1.1245,1.2648,1.1412,1.2487,210624633.615099,XRP-USD,6h
2024-11-22 00:00:00,1.2473,1.435,1.2481,1.4038,282669466.137204,XRP-USD,6h
2024-11-22 06:00:00,1.363,1.4774,1.404,1.4678,104114330.10269,XRP-USD,6h
2024-11-22 12:00:00,1.3521,1.5027,1.4681,1.4535,204959257.973129,XRP-USD,6h
2024-11-22 18:00:00,1.4037,1.4944,1.4534,1.4746,108524235.246283,XRP-USD,6h
2024-11-23 00:00:00,1.4711,1.6362,1.4746,1.5437,200714706.424637,XRP-USD,6h
2024-11-23 06:00:00,1.5132,1.5795,1.5436,1.5465,64134141.586727,XRP-USD,6h
2024-11-23 12:00:00,1.4224,1.5977,1.5465,1.5028,138609928.678512,XRP-USD,6h
2024-11-23 18:00:00,1.4216,1.5122,1.5023,1.4705,83780222.083379,XRP-USD,6h
2024-11-24 00:00:00,1.4385,1.5147,1.4704,1.4543,73530144.449436,XRP-USD,6h
2024-11-24 06:00:00,1.3797,1.4783,1.4545,1.385,51245776.062621,XRP-USD,6h
2024-11-24 12:00:00,1.2734,1.405,1.385,1.3402,154595207.728087,XRP-USD,6h
2024-11-24 18:00:00,1.3358,1.463,1.3401,1.4351,96171404.447489,XRP-USD,6h
2024-11-25 00:00:00,1.3567,1.4785,1.4353,1.4614,81647124.672042,XRP-USD,6h
2024-11-25 06:00:00,1.4482,1.541,1.4614,1.4806,62016057.3624,XRP-USD,6h
2024-11-25 12:00:00,1.3708,1.5242,1.4806,1.4504,121642237.267038,XRP-USD,6h
2024-11-25 18:00:00,1.3804,1.4876,1.451,1.4144,92353735.474718,XRP-USD,6h
2024-11-26 00:00:00,1.3991,1.4595,1.4143,1.4508,57149048.880184,XRP-USD,6h
2024-11-26 06:00:00,1.2825,1.4555,1.4507,1.333,85021546.295991,XRP-USD,6h
2024-11-26 12:00:00,1.3126,1.3976,1.3329,1.3802,80772293.282322,XRP-USD,6h
2024-11-26 18:00:00,1.3346,1.4273,1.3802,1.3979,68461016.959453,XRP-USD,6h
2024-11-27 00:00:00,1.3519,1.42,1.3979,1.364,49802033.94229,XRP-USD,6h
2024-11-27 06:00:00,1.3639,1.4664,1.3641,1.4324,55364568.991375,XRP-USD,6h
2024-11-27 12:00:00,1.41,1.5093,1.432,1.4881,73254278.849696,XRP-USD,6h
2024-11-27 18:00:00,1.4665,1.5238,1.489,1.4713,56604820.801214,XRP-USD,6h
2024-11-28 00:00:00,1.4417,1.486,1.4712,1.4784,45326977.174263,XRP-USD,6h
2024-11-28 06:00:00,1.4396,1.4929,1.4782,1.4658,26911528.937085,XRP-USD,6h
2024-11-28 12:00:00,1.4312,1.4831,1.4653,1.4668,38868369.572103,XRP-USD,6h
2024-11-28 18:00:00,1.465,1.5487,1.4667,1.5426,49714063.500394,XRP-USD,6h
2024-11-29 00:00:00,1.5234,1.5792,1.5426,1.5647,73655993.07714,XRP-USD,6h
2024-11-29 06:00:00,1.564,1.6838,1.5647,1.6538,89529733.940472,XRP-USD,6h
2024-11-29 12:00:00,1.6444,1.7774,1.6537,1.7047,130949256.227446,XRP-USD,6h
2024-11-29 18:00:00,1.6768,1.8169,1.7046,1.8022,107035889.750255,XRP-USD,6h
2024-11-30 00:00:00,1.7647,1.9073,1.8021,1.8817,148583655.360182,XRP-USD,6h
2024-11-30 06:00:00,1.8498,1.9499,1.8815,1.8972,105452419.038205,XRP-USD,6h
2024-11-30 12:00:00,1.82,1.9093,1.8972,1.9001,79561751.875209,XRP-USD,6h
2024-11-30 18:00:00,1.8667,1.9594,1.9002,1.9528,93533031.176358,XRP-USD,6h
2024-12-01 00:00:00,1.85,1.9581,1.9529,1.8596,76490698.057965,XRP-USD,6h
2024-12-01 06:00:00,1.8577,1.95,1.8594,1.9131,48696280.746896,XRP-USD,6h
2024-12-01 12:00:00,1.88,1.9325,1.9137,1.9299,57363766.875571,XRP-USD,6h
2024-12-01 18:00:00,1.9247,2.3671,1.9298,2.2978,309927041.365993,XRP-USD,6h
2024-12-02 00:00:00,2.2727,2.5009,2.2966,2.462,303963480.584803,XRP-USD,6h
2024-12-02 06:00:00,2.21,2.4641,2.462,2.3148,150379063.776361,XRP-USD,6h
2024-12-02 12:00:00,2.2983,2.8754,2.3149,2.6226,353041633.684018,XRP-USD,6h
2024-12-02 18:00:00,2.6168,2.8,2.6216,2.7289,195606666.803527,XRP-USD,6h
2024-12-03 00:00:00,2.647,2.7847,2.729,2.7484,129926552.569775,XRP-USD,6h
2024-12-03 06:00:00,2.51,2.8584,2.7482,2.8501,125115548.590038,XRP-USD,6h
2024-12-03 12:00:00,2.15,2.9,2.8499,2.5731,327839704.383954,XRP-USD,6h
2024-12-03 18:00:00,2.4936,2.6957,2.5731,2.5127,133438784.56837,XRP-USD,6h
2024-12-04 00:00:00,2.5017,2.6351,2.5128,2.6184,84672927.044521,XRP-USD,6h
2024-12-04 06:00:00,2.5961,2.683,2.6179,2.6115,57660544.575759,XRP-USD,6h
2024-12-04 12:00:00,2.3051,2.6288,2.6113,2.4012,175852061.759656,XRP-USD,6h
2024-12-04 18:00:00,2.2833,2.4771,2.4021,2.361,161219014.678655,XRP-USD,6h
2024-12-05 00:00:00,2.1645,2.3991,2.3611,2.2978,242594413.515854,XRP-USD,6h
2024-12-05 06:00:00,2.2787,2.498,2.2978,2.4115,82121208.916082,XRP-USD,6h
2024-12-05 12:00:00,2.3091,2.4434,2.4119,2.4207,99914575.963233,XRP-USD,6h
2024-12-05 18:00:00,2.22,2.4278,2.4203,2.2466,109467961.369209,XRP-USD,6h
2024-12-06 00:00:00,2.2279,2.3981,2.2467,2.3647,73999289.16646,XRP-USD,6h
2024-12-06 06:00:00,2.2447,2.3672,2.3654,2.2763,41665183.468587,XRP-USD,6h
2024-12-06 12:00:00,2.26,2.4171,2.2757,2.3575,80138701.800473,XRP-USD,6h
2024-12-06 18:00:00,2.3357,2.4699,2.3589,2.4304,83211122.598617,XRP-USD,6h
2024-12-07 00:00:00,2.4013,2.5048,2.4303,2.4283,78725221.779524,XRP-USD,6h
2024-12-07 06:00:00,2.3875,2.4525,2.4284,2.4328,31364270.193001,XRP-USD,6h
2024-12-07 12:00:00,2.4237,2.5747,2.4328,2.4892,84816164.737868,XRP-USD,6h
2024-12-07 18:00:00,2.473,2.6227,2.4891,2.6121,92134252.410516,XRP-USD,6h
2024-12-08 00:00:00,2.5328,2.6196,2.6121,2.5481,79729326.89174,XRP-USD,6h
2024-12-08 06:00:00,2.4867,2.5765,2.5485,2.5405,36021819.297064,XRP-USD,6h
2024-12-08 12:00:00,2.5118,2.61,2.5408,2.602,44473895.757169,XRP-USD,6h
2024-12-08 18:00:00,2.5564,2.6488,2.602,2.6037,71572675.74727,XRP-USD,6h
2024-12-09 00:00:00,2.4326,2.6098,2.6037,2.4929,104997191.007893,XRP-USD,6h
2024-12-09 06:00:00,2.35,2.4925,2.4925,2.3715,61726704.434478,XRP-USD,6h
2024-12-09 12:00:00,2.3659,2.4664,2.3715,2.3873,70881101.698924,XRP-USD,6h
2024-12-09 18:00:00,1.95,2.4407,2.3873,2.2129,226892047.279459,XRP-USD,6h
2024-12-10 00:00:00,2.04,2.2798,2.2137,2.1652,190670687.541465,XRP-USD,6h
2024-12-10 06:00:00,2.1461,2.2579,2.1652,2.2201,64047361.795715,XRP-USD,6h
2024-12-10 12:00:00,1.93,2.2276,2.2212,1.9316,247970563.196116,XRP-USD,6h
2024-12-10 18:00:00,1.9,2.4263,1.9317,2.373,317643346.659921,XRP-USD,6h
2024-12-11 00:00:00,2.2309,2.3891,2.373,2.3293,122222484.860941,XRP-USD,6h
2024-12-11 06:00:00,2.2858,2.4,2.3293,2.3625,67002141.834898,XRP-USD,6h
2024-12-11 12:00:00,2.3302,2.4724,2.3624,2.3884,117402898.513915,XRP-USD,6h
2024-12-11 18:00:00,2.3832,2.4463,2.3881,2.3957,69384717.584865,XRP-USD,6h
2024-12-12 00:00:00,2.3522,2.4855,2.3957,2.4384,88840068.850984,XRP-USD,6h
2024-12-12 06:00:00,2.38,2.4539,2.4387,2.411,40273008.20093,XRP-USD,6h
2024-12-12 12:00:00,2.3955,2.4533,2.4115,2.4146,63554960.021858,XRP-USD,6h
2024-12-12 18:00:00,2.3092,2.4356,2.4142,2.3388,72638602.65603,XRP-USD,6h
2024-12-13 00:00:00,2.31,2.369,2.3386,2.3405,46004145.940394,XRP-USD,6h
2024-12-13 06:00:00,2.2846,2.3551,2.3405,2.3348,32593093.934392,XRP-USD,6h
2024-12-13 12:00:00,2.3353,2.4784,2.3353,2.4318,93807698.178425,XRP-USD,6h
2024-12-13 18:00:00,2.4049,2.4438,2.4315,2.4225,39347798.808527,XRP-USD,6h
2024-12-14 00:00:00,2.3992,2.5321,2.4227,2.5154,60356821.68478,XRP-USD,6h
2024-12-14 06:00:00,2.4248,2.516,2.5157,2.431,31490991.547741,XRP-USD,6h
2024-12-14 12:00:00,2.3651,2.4377,2.4309,2.3845,43184628.696859,XRP-USD,6h
2024-12-14 18:00:00,2.3545,2.4097,2.384,2.4005,32342936.463227,XRP-USD,6h
2024-12-15 00:00:00,2.3838,2.4431,2.4007,2.4337,30648923.528648,XRP-USD,6h
2024-12-15 06:00:00,2.3871,2.4483,2.4341,2.4268,22325943.192525,XRP-USD,6h
2024-12-15 12:00:00,2.3902,2.4392,2.4266,2.4299,24886270.363511,XRP-USD,6h
2024-12-15 18:00:00,2.3681,2.4722,2.4301,2.4465,78531343.3141,XRP-USD,6h
2024-12-16 00:00:00,2.39,2.47,2.4467,2.4088,45765585.151423,XRP-USD,6h
2024-12-16 06:00:00,2.3343,2.4178,2.4093,2.3498,34363251.226538,XRP-USD,6h
2024-12-16 12:00:00,2.3435,2.588,2.3504,2.5151,128504156.103824,XRP-USD,6h
2024-12-16 18:00:00,2.4276,2.53,2.5146,2.4854,92193495.17697,XRP-USD,6h
2024-12-17 00:00:00,2.4408,2.5088,2.4856,2.5082,41080055.575224,XRP-USD,6h
2024-12-17 06:00:00,2.4964,2.7267,2.5078,2.689,77624879.039706,XRP-USD,6h
2024-12-17 12:00:00,2.5498,2.7156,2.6886,2.6344,104675210.708998,XRP-USD,6h
2024-12-17 18:00:00,2.5238,2.659,2.6344,2.5676,64840829.056279,XRP-USD,6h
2024-12-18 00:00:00,2.47,2.5924,2.5677,2.5027,57709397.733898,XRP-USD,6h
2024-12-18 06:00:00,2.4777,2.5916,2.5027,2.581,26784248.422644,XRP-USD,6h
2024-12-18 12:00:00,2.4235,2.5827,2.5803,2.4702,93584399.804819,XRP-USD,6h
2024-12-18 18:00:00,2.2469,2.5152,2.4702,2.3092,133281713.432627,XRP-USD,6h
2024-12-19 00:00:00,2.1702,2.3717,2.3092,2.3601,102253456.221921,XRP-USD,6h
2024-12-19 06:00:00,2.338,2.4304,2.3602,2.4086,25160327.608825,XRP-USD,6h
2024-12-19 12:00:00,2.1969,2.4167,2.4086,2.2446,79491848.452099,XRP-USD,6h
2024-12-19 18:00:00,2.152,2.3059,2.2447,2.2376,129680711.909167,XRP-USD,6h
2024-12-20 00:00:00,2.22,2.3532,2.2373,2.2755,47365543.740933,XRP-USD,6h
2024-12-20 06:00:00,1.9564,2.3277,2.2754,1.9648,116750728.981606,XRP-USD,6h
2024-12-20 12:00:00,1.95,2.2665,1.9647,2.2606,126485110.383634,XRP-USD,6h
2024-12-20 18:00:00,2.2035,2.3128,2.2611,2.2786,65475363.990478,XRP-USD,6h
2024-12-21 00:00:00,2.2461,2.3498,2.279,2.3497,34821091.202209,XRP-USD,6h
2024-12-21 06:00:00,2.2841,2.3849,2.3493,2.3066,30315787.316419,XRP-USD,6h
2024-12-21 12:00:00,2.1911,2.3067,2.3066,2.2546,38773910.370339,XRP-USD,6h
2024-12-21 18:00:00,2.2,2.2635,2.2547,2.2365,30206151.828105,XRP-USD,6h
2024-12-22 00:00:00,2.1735,2.2563,2.237,2.2061,28283810.461862,XRP-USD,6h
2024-12-22 06:00:00,2.2011,2.293,2.2061,2.2586,17932673.931293,XRP-USD,6h
2024-12-22 12:00:00,2.1952,2.2754,2.2588,2.2385,26600882.499719,XRP-USD,6h
2024-12-22 18:00:00,2.1571,2.2596,2.2381,2.201,36648652.102576,XRP-USD,6h
2024-12-23 00:00:00,2.1294,2.2334,2.2008,2.1957,45990963.027194,XRP-USD,6h
2024-12-23 06:00:00,2.1541,2.2233,2.1957,2.1984,18249301.319691,XRP-USD,6h
2024-12-23 12:00:00,2.1307,2.2215,2.1988,2.163,44003358.997177,XRP-USD,6h
2024-12-23 18:00:00,2.15,2.2759,2.1631,2.2592,54466353.179774,XRP-USD,6h
2024-12-24 00:00:00,2.21,2.2637,2.2592,2.2535,22736981.781496,XRP-USD,6h
2024-12-24 06:00:00,2.2194,2.2567,2.254,2.2418,10399855.535849,XRP-USD,6h
2024-12-24 12:00:00,2.226,2.346,2.2419,2.3421,41127081.796275,XRP-USD,6h
2024-12-24 18:00:00,2.2769,2.3494,2.3418,2.3223,32179029.589406,XRP-USD,6h
2024-12-25 00:00:00,2.2811,2.3226,2.3223,2.3004,15793382.242429,XRP-USD,6h
2024-12-25 06:00:00,2.266,2.3308,2.3003,2.2703,13301408.397513,XRP-USD,6h
2024-12-25 12:00:00,2.26,2.2984,2.2702,2.2835,15542563.692317,XRP-USD,6h
2024-12-25 18:00:00,2.2808,2.3154,2.2836,2.2958,15285255.823503,XRP-USD,6h
2024-12-26 00:00:00,2.2352,2.3144,2.296,2.2529,18124059.270084,XRP-USD,6h
2024-12-26 06:00:00,2.1584,2.2548,2.2528,2.1881,24645551.943194,XRP-USD,6h
2024-12-26 12:00:00,2.1265,2.1893,2.1881,2.1501,40313654.039136,XRP-USD,6h
2024-12-26 18:00:00,2.1272,2.177,2.1501,2.1537,29256310.402529,XRP-USD,6h
2024-12-27 00:00:00,2.1302,2.1874,2.1539,2.1646,22287949.268807,XRP-USD,6h
2024-12-27 06:00:00,2.1262,2.2353,2.1647,2.2117,26990551.847681,XRP-USD,6h
2024-12-27 12:00:00,2.111,2.2128,2.2114,2.1632,35852034.89925,XRP-USD,6h
2024-12-27 18:00:00,2.1305,2.1783,2.1633,2.1437,21691034.402381,XRP-USD,6h
2024-12-28 00:00:00,2.1313,2.1684,2.1437,2.161,15629668.687996,XRP-USD,6h
2024-12-28 06:00:00,2.1501,2.1727,2.1612,2.1663,8214347.173366,XRP-USD,6h
2024-12-28 12:00:00,2.156,2.2,2.1664,2.1911,16464508.298797,XRP-USD,6h
2024-12-28 18:00:00,2.1758,2.2034,2.1906,2.1806,16333509.736944,XRP-USD,6h
2024-12-29 00:00:00,2.1659,2.186,2.1807,2.1798,8790495.566562,XRP-USD,6h
2024-12-29 06:00:00,2.1725,2.1944,2.1801,2.1745,4833487.834873,XRP-USD,6h
2024-12-29 12:00:00,2.135,2.1832,2.1744,2.1435,18062700.397816,XRP-USD,6h
2024-12-29 18:00:00,2.07,2.1474,2.1434,2.0903,35729245.476563,XRP-USD,6h
2024-12-30 00:00:00,2.0467,2.1486,2.0906,2.061,32477922.330372,XRP-USD,6h
2024-12-30 06:00:00,2.043,2.0967,2.0609,2.0723,26222536.340846,XRP-USD,6h
2024-12-30 12:00:00,1.9926,2.0926,2.0721,2.0766,64056300.553624,XRP-USD,6h
2024-12-30 18:00:00,2.0412,2.1385,2.0766,2.0553,53097534.052954,XRP-USD,6h
2024-12-31 00:00:00,2.01,2.0627,2.0553,2.0188,32529275.785918,XRP-USD,6h
2024-12-31 06:00:00,2.014,2.0979,2.0192,2.0721,19431746.203384,XRP-USD,6h
2024-12-31 12:00:00,2.0587,2.1471,2.0724,2.0839,45525386.400082,XRP-USD,6h
2024-12-31 18:00:00,2.0693,2.102,2.0843,2.0793,20912355.207148,XRP-USD,6h
2025-01-01 00:00:00,2.0765,2.145,2.0795,2.1312,31041247.444375,XRP-USD,6h
2025-01-01 06:00:00,2.0869,2.143,2.1314,2.1318,22510565.274056,XRP-USD,6h
2025-01-01 12:00:00,2.1267,2.28,2.1319,2.2542,72881677.453675,XRP-USD,6h
2025-01-01 18:00:00,2.243,2.35,2.2544,2.3285,84224665.759379,XRP-USD,6h
2025-01-02 00:00:00,2.3251,2.4476,2.3284,2.3676,80887171.175391,XRP-USD,6h
2025-01-02 06:00:00,2.3367,2.4146,2.3677,2.4015,33975334.916874,XRP-USD,6h
2025-01-02 12:00:00,2.3617,2.4365,2.4016,2.3933,48238452.432854,XRP-USD,6h
2025-01-02 18:00:00,2.3638,2.4125,2.3931,2.4008,26598637.408833,XRP-USD,6h
2025-01-03 00:00:00,2.3947,2.4726,2.4005,2.4276,45786263.96698,XRP-USD,6h
2025-01-03 06:00:00,2.4002,2.4517,2.4275,2.4071,20231168.113593,XRP-USD,6h
2025-01-03 12:00:00,2.4,2.4785,2.4074,2.44,38305724.080897,XRP-USD,6h
2025-01-03 18:00:00,2.4373,2.4779,2.4405,2.4538,27570927.371123,XRP-USD,6h
2025-01-04 00:00:00,2.4265,2.5074,2.4538,2.4534,39195712.546423,XRP-USD,6h
2025-01-04 06:00:00,2.4281,2.4611,2.4535,2.4398,11796416.458514,XRP-USD,6h
2025-01-04 12:00:00,2.4001,2.4624,2.4401,2.4266,28155150.341968,XRP-USD,6h
2025-01-04 18:00:00,2.4119,2.442,2.4268,2.4199,20898815.83985,XRP-USD,6h
2025-01-05 00:00:00,2.3724,2.4283,2.4199,2.395,22710699.840762,XRP-USD,6h
2025-01-05 06:00:00,2.3268,2.4148,2.3951,2.3521,16979981.50016,XRP-USD,6h
2025-01-05 12:00:00,2.3435,2.3842,2.352,2.3792,20416573.733999,XRP-USD,6h
2025-01-05 18:00:00,2.3685,2.414,2.3791,2.399,18159368.744334,XRP-USD,6h
2025-01-06 00:00:00,2.3732,2.4419,2.399,2.4039,19636259.843686,XRP-USD,6h
2025-01-06 06:00:00,2.3724,2.4149,2.4046,2.3948,9452195.648492,XRP-USD,6h
2025-01-06 12:00:00,2.365,2.4599,2.3945,2.4167,41206249.893046,XRP-USD,6h
2025-01-06 18:00:00,2.4076,2.435,2.4168,2.4212,16869190.997145,XRP-USD,6h
2025-01-07 00:00:00,2.3942,2.4337,2.4212,2.4313,19813654.993807,XRP-USD,6h
2025-01-07 06:00:00,2.4062,2.4675,2.4312,2.4215,19385462.020928,XRP-USD,6h
2025-01-07 12:00:00,2.276,2.4429,2.4216,2.3007,79404330.722427,XRP-USD,6h
2025-01-07 18:00:00,2.2561,2.317,2.3005,2.2709,62067973.99081,XRP-USD,6h
2025-01-08 00:00:00,2.2675,2.3667,2.2707,2.2962,50038973.324801,XRP-USD,6h
2025-01-08 06:00:00,2.2576,2.339,2.2966,2.3256,22377703.5138,XRP-USD,6h
2025-01-08 12:00:00,2.2,2.375,2.3257,2.2807,57586627.974643,XRP-USD,6h
2025-01-08 18:00:00,2.2764,2.3999,2.2802,2.3727,55869187.74604,XRP-USD,6h
2025-01-09 00:00:00,2.3341,2.395,2.3726,2.3475,27585465.363276,XRP-USD,6h
2025-01-09 06:00:00,2.2863,2.3549,2.3482,2.3027,15612439.512499,XRP-USD,6h
2025-01-09 12:00:00,2.2338,2.3382,2.3024,2.2904,59371555.902345,XRP-USD,6h
2025-01-09 18:00:00,2.2514,2.3221,2.2907,2.2726,43900576.030377,XRP-USD,6h
2025-01-10 00:00:00,2.2578,2.3072,2.2728,2.2997,22621536.32662,XRP-USD,6h
2025-01-10 06:00:00,2.2844,2.3269,2.2992,2.3098,13797558.670348,XRP-USD,6h
2025-01-10 12:00:00,2.2462,2.351,2.31,2.3495,41256286.656472,XRP-USD,6h
2025-01-10 18:00:00,2.322,2.37,2.3494,2.3413,33036907.012291,XRP-USD,6h
2025-01-11 00:00:00,2.3243,2.364,2.3415,2.332,15979954.920526,XRP-USD,6h
2025-01-11 06:00:00,2.3308,2.4351,2.3318,2.4179,17445521.814904,XRP-USD,6h
2025-01-11 12:00:00,2.3769,2.5114,2.4179,2.4807,81562361.430551,XRP-USD,6h
2025-01-11 18:00:00,2.4713,2.6013,2.4807,2.576,85503868.728106,XRP-USD,6h
2025-01-12 00:00:00,2.5039,2.5823,2.5755,2.5451,39999873.802265,XRP-USD,6h
2025-01-12 06:00:00,2.4688,2.5495,2.545,2.4935,20546980.994961,XRP-USD,6h
2025-01-12 12:00:00,2.4865,2.5514,2.4935,2.5406,33094820.728691,XRP-USD,6h
2025-01-12 18:00:00,2.4832,2.554,2.5404,2.5033,33913269.691164,XRP-USD,6h
2025-01-13 00:00:00,2.4936,2.5627,2.5037,2.5094,51251185.260502,XRP-USD,6h
2025-01-13 06:00:00,2.3328,2.521,2.5096,2.337,43866225.293518,XRP-USD,6h
2025-01-13 12:00:00,2.3301,2.496,2.3364,2.445,73623615.502991,XRP-USD,6h
2025-01-13 18:00:00,2.4232,2.5548,2.4445,2.5227,48838853.468535,XRP-USD,6h
2025-01-14 00:00:00,2.5146,2.5533,2.5225,2.5252,32410943.479748,XRP-USD,6h
2025-01-14 06:00:00,2.5118,2.6,2.525,2.5741,25071450.973055,XRP-USD,6h
2025-01-14 12:00:00,2.546,2.6762,2.5741,2.654,82264675.219646,XRP-USD,6h
2025-01-14 18:00:00,2.635,2.693,2.6541,2.6674,73147953.887671,XRP-USD,6h
2025-01-15 00:00:00,2.6482,2.8784,2.6673,2.8457,132166934.960606,XRP-USD,6h
2025-01-15 06:00:00,2.7094,2.891,2.8453,2.7602,68965210.047733,XRP-USD,6h
2025-01-15 12:00:00,2.7216,3.0248,2.7595,2.8975,157732989.897679,XRP-USD,6h
2025-01-15 18:00:00,2.8955,3.2,2.8971,3.1428,139860697.57998,XRP-USD,6h
2025-01-16 00:00:00,2.9169,3.1519,3.1425,3.0537,143806597.605585,XRP-USD,6h
2025-01-16 06:00:00,3.0278,3.2094,3.0538,3.1971,83366687.585211,XRP-USD,6h
2025-01-16 12:00:00,3.1601,3.4,3.1971,3.3519,248365518.459242,XRP-USD,6h
2025-01-16 18:00:00,3.1528,3.3895,3.3521,3.2452,126201486.197579,XRP-USD,6h
2025-01-17 00:00:00,3.2439,3.3529,3.2451,3.3244,71268662.951842,XRP-USD,6h
2025-01-17 06:00:00,3.2267,3.3449,3.3244,3.2981,40660992.183452,XRP-USD,6h
2025-01-17 12:00:00,3.175,3.2989,3.2987,3.189,85889317.724782,XRP-USD,6h
2025-01-17 18:00:00,3.1787,3.3199,3.1891,3.2942,68018087.320605,XRP-USD,6h
2025-01-18 00:00:00,3.0716,3.3149,3.2942,3.0934,80420244.643938,XRP-USD,6h
2025-01-18 06:00:00,3.0574,3.1835,3.0936,3.1721,44824330.071282,XRP-USD,6h
2025-01-18 12:00:00,3.1301,3.2493,3.1723,3.1535,50994216.44618,XRP-USD,6h
2025-01-18 18:00:00,3.1471,3.2871,3.1534,3.2663,47014021.17653,XRP-USD,6h
2025-01-19 00:00:00,3.1678,3.2899,3.2663,3.2013,46697523.32606,XRP-USD,6h
2025-01-19 06:00:00,3.0299,3.2205,3.2011,3.0484,52949087.062062,XRP-USD,6h
2025-01-19 12:00:00,3.0484,3.1743,3.0489,3.1562,41155389.563756,XRP-USD,6h
2025-01-19 18:00:00,2.8272,3.2367,3.1553,2.9565,131064628.22276,XRP-USD,6h
2025-01-20 00:00:00,2.9062,3.1432,2.9566,3.1034,87000102.989126,XRP-USD,6h
2025-01-20 06:00:00,3.0838,3.34,3.1035,3.3224,73725001.417491,XRP-USD,6h
2025-01-20 12:00:00,2.9887,3.365,3.3219,3.1309,117177424.460359,XRP-USD,6h
2025-01-20 18:00:00,3.0266,3.1984,3.1325,3.1022,58177041.814535,XRP-USD,6h
2025-01-21 00:00:00,3.022,3.189,3.1022,3.0338,54672513.941298,XRP-USD,6h
2025-01-21 06:00:00,3.01,3.1195,3.0345,3.1074,25603471.534262,XRP-USD,6h
2025-01-21 12:00:00,3.0755,3.2319,3.1079,3.2255,42467698.929559,XRP-USD,6h
2025-01-21 18:00:00,3.1403,3.24,3.2253,3.1748,40282075.621064,XRP-USD,6h
2025-01-22 00:00:00,3.1502,3.2073,3.1748,3.1602,21884376.690059,XRP-USD,6h
2025-01-22 06:00:00,3.1415,3.2343,3.1605,3.2343,16618748.312426,XRP-USD,6h
2025-01-22 12:00:00,3.1419,3.26,3.2343,3.1883,33591836.436458,XRP-USD,6h
2025-01-22 18:00:00,3.1314,3.285,3.1883,3.1792,65840279.997553,XRP-USD,6h
2025-01-23 00:00:00,3.1018,3.1817,3.1794,3.1384,28033824.435737,XRP-USD,6h
2025-01-23 06:00:00,3.0616,3.146,3.1383,3.084,17420382.094815,XRP-USD,6h
2025-01-23 12:00:00,3.0362,3.1858,3.0841,3.1272,51041547.046961,XRP-USD,6h
2025-01-23 18:00:00,3.0493,3.174,3.1269,3.12,49841561.73913,XRP-USD,6h
2025-01-24 00:00:00,3.0549,3.1736,3.12,3.1717,39812663.997596,XRP-USD,6h
2025-01-24 06:00:00,3.1433,3.2018,3.1718,3.1985,22124211.891316,XRP-USD,6h
2025-01-24 12:00:00,3.134,3.2048,3.1985,3.1518,31984706.75949,XRP-USD,6h
2025-01-24 18:00:00,3.0821,3.1658,3.1519,3.1009,29519710.154149,XRP-USD,6h
2025-01-25 00:00:00,3.0963,3.1358,3.1009,3.1076,14611078.252913,XRP-USD,6h
2025-01-25 06:00:00,3.0774,3.1166,3.1081,3.1142,10038659.013279,XRP-USD,6h
2025-01-25 12:00:00,3.1023,3.1441,3.1141,3.1187,16347816.509427,XRP-USD,6h
2025-01-25 18:00:00,3.105,3.1415,3.1189,3.1073,21109019.526705,XRP-USD,6h
2025-01-26 00:00:00,3.1036,3.143,3.1073,3.1292,19224887.381925,XRP-USD,6h
2025-01-26 06:00:00,3.11,3.1437,3.1287,3.1296,11817679.594324,XRP-USD,6h
2025-01-26 12:00:00,3.1055,3.13,3.1294,3.1193,20531181.90596,XRP-USD,6h
2025-01-26 18:00:00,3.011,3.1383,3.1193,3.0211,37967104.340854,XRP-USD,6h
2025-01-27 00:00:00,2.9012,3.0377,3.0212,2.934,76013544.389937,XRP-USD,6h
2025-01-27 06:00:00,2.6524,2.9463,2.9342,2.7875,114028051.081682,XRP-USD,6h
2025-01-27 12:00:00,2.7689,3.0266,2.7876,2.9128,92559245.89288,XRP-USD,6h
2025-01-27 18:00:00,2.8762,3.0597,2.9128,3.0547,53759364.005103,XRP-USD,6h
2025-01-28 00:00:00,3.0031,3.1494,3.0552,3.1036,46644198.910148,XRP-USD,6h
2025-01-28 06:00:00,3.0713,3.1443,3.1035,3.1369,18171153.898472,XRP-USD,6h
2025-01-28 12:00:00,3.1141,3.2145,3.1371,3.1539,60042838.190508,XRP-USD,6h
2025-01-28 18:00:00,3.0102,3.1788,3.1543,3.0557,48582735.283767,XRP-USD,6h
2025-01-29 00:00:00,3.0532,3.12,3.0558,3.1191,19283165.288827,XRP-USD,6h
2025-01-29 06:00:00,3.07,3.1278,3.1191,3.0856,16214427.74216,XRP-USD,6h
2025-01-29 12:00:00,3.0239,3.0994,3.0857,3.0418,33258738.981978,XRP-USD,6h
2025-01-29 18:00:00,2.9662,3.1413,3.0418,3.0685,65720458.931702,XRP-USD,6h
2025-01-30 00:00:00,3.0466,3.1348,3.0681,3.1171,24073400.31075,XRP-USD,6h
2025-01-30 06:00:00,3.0961,3.1264,3.1171,3.1011,14127771.250879,XRP-USD,6h
2025-01-30 12:00:00,3.0818,3.155,3.1012,3.1151,26605278.389799,XRP-USD,6h
2025-01-30 18:00:00,3.1,3.1543,3.1149,3.128,21806220.588998,XRP-USD,6h
2025-01-31 00:00:00,3.0727,3.1343,3.1281,3.0883,17503859.363275,XRP-USD,6h
2025-01-31 06:00:00,3.0588,3.1025,3.0886,3.0984,10938450.498598,XRP-USD,6h
2025-01-31 12:00:00,3.07,3.115,3.0986,3.0754,20719383.953762,XRP-USD,6h
2025-01-31 18:00:00,3.0006,3.0808,3.0754,3.0353,37141778.528393,XRP-USD,6h
2025-02-01 00:00:00,3.0255,3.0725,3.0356,3.0544,12220122.024841,XRP-USD,6h
2025-02-01 06:00:00,2.95,3.0541,3.054,2.9944,18945320.933756,XRP-USD,6h
2025-02-01 12:00:00,2.9504,3.0077,2.9944,2.9934,24727715.822973,XRP-USD,6h
2025-02-01 18:00:00,2.827,2.9951,2.9931,2.878,55469000.883016,XRP-USD,6h
2025-02-02 00:00:00,2.8228,2.9554,2.878,2.8989,47431310.197369,XRP-USD,6h
2025-02-02 06:00:00,2.7809,2.926,2.8988,2.7858,23676134.27202,XRP-USD,6h
2025-02-02 12:00:00,2.5197,2.8499,2.7861,2.5704,121334271.229194,XRP-USD,6h
2025-02-02 18:00:00,2.4717,2.722,2.5705,2.5797,210276070.804872,XRP-USD,6h
2025-02-03 00:00:00,1.728,2.7,2.58,2.2954,467016721.294011,XRP-USD,6h
2025-02-03 06:00:00,2.2554,2.4574,2.2957,2.3734,130143124.09284,XRP-USD,6h
2025-02-03 12:00:00,2.2052,2.6999,2.3737,2.6802,261430867.639034,XRP-USD,6h
2025-02-03 18:00:00,2.6345,2.7864,2.6792,2.7034,117326027.689484,XRP-USD,6h
2025-02-04 00:00:00,2.5055,2.8013,2.7033,2.5276,94526606.385485,XRP-USD,6h
2025-02-04 06:00:00,2.4731,2.6356,2.5279,2.5926,62784395.805807,XRP-USD,6h
2025-02-04 12:00:00,2.5859,2.6897,2.5922,2.6291,74324001.893632,XRP-USD,6h
2025-02-04 18:00:00,2.4199,2.7136,2.6285,2.5283,135612964.568852,XRP-USD,6h
2025-02-05 00:00:00,2.4703,2.5656,2.5285,2.5355,46813984.159387,XRP-USD,6h
2025-02-05 06:00:00,2.4865,2.5594,2.5351,2.5509,24490886.231156,XRP-USD,6h
2025-02-05 12:00:00,2.389,2.5703,2.5515,2.3914,57450812.852745,XRP-USD,6h
2025-02-05 18:00:00,2.3407,2.4645,2.3915,2.3813,66298120.290675,XRP-USD,6h
2025-02-06 00:00:00,2.3756,2.4482,2.3813,2.4351,28587945.397386,XRP-USD,6h
2025-02-06 06:00:00,2.4177,2.4709,2.4351,2.4502,19218792.16176,XRP-USD,6h
2025-02-06 12:00:00,2.2849,2.4539,2.451,2.3244,71159926.720639,XRP-USD,6h
2025-02-06 18:00:00,2.2799,2.3655,2.3246,2.3252,49299416.541457,XRP-USD,6h
2025-02-07 00:00:00,2.3113,2.3742,2.3251,2.3523,31075523.62331,XRP-USD,6h
2025-02-07 06:00:00,2.2675,2.4346,2.3524,2.4193,35082380.36896,XRP-USD,6h
2025-02-07 12:00:00,2.3732,2.5435,2.4196,2.4291,84372637.375234,XRP-USD,6h
2025-02-07 18:00:00,2.3504,2.5065,2.4298,2.3975,56151717.65145,XRP-USD,6h
2025-02-08 00:00:00,2.3511,2.428,2.3971,2.377,20775185.476011,XRP-USD,6h
2025-02-08 06:00:00,2.3588,2.4183,2.3771,2.4108,12076392.880649,XRP-USD,6h
2025-02-08 12:00:00,2.3795,2.4359,2.4109,2.4203,22878389.495447,XRP-USD,6h
2025-02-08 18:00:00,2.4038,2.4368,2.4212,2.4195,15206428.480091,XRP-USD,6h
2025-02-09 00:00:00,2.4076,2.5104,2.4195,2.468,28619459.298343,XRP-USD,6h
2025-02-09 06:00:00,2.4385,2.496,2.468,2.4393,12581035.080724,XRP-USD,6h
2025-02-09 12:00:00,2.3801,2.4496,2.4393,2.4105,26508841.929316,XRP-USD,6h
2025-02-09 18:00:00,2.3104,2.4235,2.41,2.3938,41978793.954078,XRP-USD,6h
2025-02-10 00:00:00,2.3243,2.4374,2.3936,2.4018,39193115.443245,XRP-USD,6h
2025-02-10 06:00:00,2.3846,2.4537,2.4018,2.429,17690134.244166,XRP-USD,6h
2025-02-10 12:00:00,2.4045,2.4737,2.4291,2.4376,27599622.289936,XRP-USD,6h
2025-02-10 18:00:00,2.4061,2.4455,2.4376,2.4241,18678829.362534,XRP-USD,6h
2025-02-11 00:00:00,2.4198,2.5207,2.4237,2.5182,30907901.651139,XRP-USD,6h
2025-02-11 06:00:00,2.475,2.5292,2.5184,2.4967,20206718.497841,XRP-USD,6h
2025-02-11 12:00:00,2.4189,2.4991,2.4965,2.4293,32086661.220462,XRP-USD,6h
2025-02-11 18:00:00,2.37,2.4464,2.4288,2.4126,28972466.647072,XRP-USD,6h
2025-02-12 00:00:00,2.38,2.4265,2.4122,2.409,16814750.640983,XRP-USD,6h
2025-02-12 06:00:00,2.3928,2.4328,2.4094,2.4212,11259722.904131,XRP-USD,6h
2025-02-12 12:00:00,2.3315,2.4669,2.421,2.4545,60294747.537082,XRP-USD,6h
2025-02-12 18:00:00,2.4281,2.4982,2.4547,2.4738,25838533.625798,XRP-USD,6h
2025-02-13 00:00:00,2.4529,2.4865,2.4738,2.4696,16897386.54071,XRP-USD,6h
2025-02-13 06:00:00,2.423,2.4733,2.4696,2.4445,14582367.371492,XRP-USD,6h
2025-02-13 12:00:00,2.4145,2.471,2.4447,2.4297,30549877.921683,XRP-USD,6h
2025-02-13 18:00:00,2.4222,2.6121,2.4302,2.5607,67226683.684243,XRP-USD,6h
2025-02-14 00:00:00,2.5301,2.5983,2.5604,2.5579,31107499.599946,XRP-USD,6h
2025-02-14 06:00:00,2.5377,2.7898,2.558,2.733,59387709.37754,XRP-USD,6h
2025-02-14 12:00:00,2.6788,2.7637,2.7332,2.7464,56688732.186295,XRP-USD,6h
2025-02-14 18:00:00,2.6919,2.8373,2.7463,2.739,60985287.496879,XRP-USD,6h
2025-02-15 00:00:00,2.724,2.8341,2.7388,2.7871,32675845.228938,XRP-USD,6h
2025-02-15 06:00:00,2.746,2.819,2.7871,2.7977,14953980.622857,XRP-USD,6h
2025-02-15 12:00:00,2.738,2.8248,2.798,2.7489,27694515.684225,XRP-USD,6h
2025-02-15 18:00:00,2.7128,2.7795,2.7482,2.7626,22215614.327299,XRP-USD,6h
2025-02-16 00:00:00,2.7559,2.8055,2.7625,2.7931,18638729.772941,XRP-USD,6h
2025-02-16 06:00:00,2.7404,2.8009,2.7932,2.7647,11125865.999737,XRP-USD,6h
2025-02-16 12:00:00,2.7092,2.7676,2.7643,2.7306,18642981.740701,XRP-USD,6h
2025-02-16 18:00:00,2.69,2.7678,2.7304,2.7288,22831933.387426,XRP-USD,6h
2025-02-17 00:00:00,2.6537,2.7644,2.7289,2.6914,22732367.623698,XRP-USD,6h
2025-02-17 06:00:00,2.6359,2.704,2.6918,2.6726,16342049.451316,XRP-USD,6h
2025-02-17 12:00:00,2.607,2.7322,2.6727,2.6526,38417350.14839,XRP-USD,6h
2025-02-17 18:00:00,2.6109,2.6867,2.6529,2.66,19371916.021121,XRP-USD,6h
2025-02-18 00:00:00,2.6037,2.6702,2.6599,2.6087,18580953.738289,XRP-USD,6h
2025-02-18 06:00:00,2.5302,2.612,2.6089,2.5724,33786589.509866,XRP-USD,6h
2025-02-18 12:00:00,2.4687,2.6301,2.5727,2.5038,46894450.683438,XRP-USD,6h
2025-02-18 18:00:00,2.4867,2.5675,2.5039,2.561,33216218.536504,XRP-USD,6h
2025-02-19 00:00:00,2.5113,2.5764,2.5615,2.5298,25280418.240369,XRP-USD,6h
2025-02-19 06:00:00,2.5203,2.6316,2.5297,2.6147,22271249.671452,XRP-USD,6h
2025-02-19 12:00:00,2.5732,2.6926,2.6144,2.6755,37135534.045049,XRP-USD,6h
2025-02-19 18:00:00,2.6326,2.747,2.6752,2.7377,41703622.998193,XRP-USD,6h
2025-02-20 00:00:00,2.681,2.7485,2.7377,2.7185,30317136.178971,XRP-USD,6h
2025-02-20 06:00:00,2.6681,2.7247,2.7188,2.6811,14822579.532461,XRP-USD,6h
2025-02-20 12:00:00,2.6672,2.7473,2.6812,2.7046,25380077.57329,XRP-USD,6h
2025-02-20 18:00:00,2.6714,2.7292,2.704,2.6884,24239555.173066,XRP-USD,6h
2025-02-21 00:00:00,2.6381,2.694,2.6884,2.6495,18441922.804594,XRP-USD,6h
2025-02-21 06:00:00,2.6443,2.695,2.6493,2.6507,14804614.001408,XRP-USD,6h
2025-02-21 12:00:00,2.557,2.7158,2.6507,2.5692,56244938.333107,XRP-USD,6h
2025-02-21 18:00:00,2.5055,2.5863,2.569,2.571,44152031.307811,XRP-USD,6h
2025-02-22 00:00:00,2.5508,2.5988,2.571,2.583,16176409.248085,XRP-USD,6h
2025-02-22 06:00:00,2.5648,2.5956,2.5832,2.5885,8438413.396633,XRP-USD,6h
2025-02-22 12:00:00,2.5778,2.6063,2.5885,2.606,11133003.629021,XRP-USD,6h
2025-02-22 18:00:00,2.5695,2.6099,2.6058,2.5739,10307917.523215,XRP-USD,6h
2025-02-23 00:00:00,2.5419,2.5753,2.574,2.5654,14038463.699774,XRP-USD,6h
2025-02-23 06:00:00,2.561,2.6021,2.5655,2.5702,6219673.920055,XRP-USD,6h
2025-02-23 12:00:00,2.5205,2.5751,2.5702,2.5596,15164173.000878,XRP-USD,6h
2025-02-23 18:00:00,2.5446,2.5837,2.5594,2.5761,11076759.343333,XRP-USD,6h
2025-02-24 00:00:00,2.4433,2.6077,2.5759,2.495,39893683.997401,XRP-USD,6h
2025-02-24 06:00:00,2.434,2.5014,2.495,2.4885,20809738.229304,XRP-USD,6h
2025-02-24 12:00:00,2.401,2.4984,2.4884,2.4648,44338435.210031,XRP-USD,6h
2025-02-24 18:00:00,2.235,2.4747,2.4646,2.2774,81739218.041989,XRP-USD,6h
2025-02-25 00:00:00,2.2111,2.336,2.2779,2.3039,80280577.582041,XRP-USD,6h
2025-02-25 06:00:00,2.063,2.3093,2.304,2.1883,137663512.953031,XRP-USD,6h
2025-02-25 12:00:00,2.1546,2.2785,2.1884,2.2176,114613255.789102,XRP-USD,6h
2025-02-25 18:00:00,2.1808,2.365,2.2181,2.3198,75734588.344165,XRP-USD,6h
2025-02-26 00:00:00,2.2597,2.3292,2.3199,2.2766,35152614.907153,XRP-USD,6h
2025-02-26 06:00:00,2.2628,2.3207,2.2767,2.2785,21974046.027975,XRP-USD,6h
2025-02-26 12:00:00,2.192,2.3021,2.2794,2.2115,58630105.117424,XRP-USD,6h
2025-02-26 18:00:00,2.1487,2.2438,2.2109,2.1954,73729123.448121,XRP-USD,6h
2025-02-27 00:00:00,2.157,2.2172,2.1955,2.2144,35067111.092294,XRP-USD,6h
2025-02-27 06:00:00,2.1994,2.2557,2.2144,2.2376,22376103.340741,XRP-USD,6h
2025-02-27 12:00:00,2.1658,2.2444,2.2376,2.2014,44800908.659692,XRP-USD,6h
2025-02-27 18:00:00,2.1389,2.235,2.2012,2.1967,40058072.02479,XRP-USD,6h
2025-02-28 00:00:00,1.9935,2.2,2.1966,2.0247,123373680.834569,XRP-USD,6h
2025-02-28 06:00:00,1.95,2.059,2.0245,2.0304,53481953.265158,XRP-USD,6h
2025-02-28 12:00:00,2.0112,2.1642,2.0301,2.1274,68275928.377016,XRP-USD,6h
2025-02-28 18:00:00,2.1142,2.1622,2.1272,2.1448,28992423.380593,XRP-USD,6h
2025-03-01 00:00:00,2.1207,2.2198,2.1448,2.1856,29949915.198513,XRP-USD,6h
2025-03-01 06:00:00,2.1401,2.1932,2.1859,2.1599,14518429.651766,XRP-USD,6h
2025-03-01 12:00:00,2.1209,2.1712,2.1599,2.1411,18819987.505367,XRP-USD,6h
2025-03-01 18:00:00,2.1349,2.2077,2.1411,2.1911,22507191.118996,XRP-USD,6h
2025-03-02 00:00:00,2.1735,2.2832,2.1911,2.2641,26124655.451491,XRP-USD,6h
2025-03-02 06:00:00,2.2513,2.2978,2.2642,2.2743,13231122.586292,XRP-USD,6h
2025-03-02 12:00:00,2.2171,3.0,2.2742,2.8731,254736125.253648,XRP-USD,6h
2025-03-02 18:00:00,2.7398,2.9624,2.8742,2.9398,125737421.920092,XRP-USD,6h
2025-03-03 00:00:00,2.76,2.9679,2.9397,2.8131,74450173.288775,XRP-USD,6h
2025-03-03 06:00:00,2.5241,2.8144,2.8131,2.633,81312298.25947,XRP-USD,6h
2025-03-03 12:00:00,2.5505,2.7159,2.633,2.5962,92106841.536569,XRP-USD,6h
2025-03-03 18:00:00,2.2961,2.5994,2.596,2.3858,183508251.667471,XRP-USD,6h
2025-03-04 00:00:00,2.2113,2.4203,2.3861,2.3581,114573426.322836,XRP-USD,6h
2025-03-04 06:00:00,2.3003,2.4126,2.358,2.3584,44502237.886503,XRP-USD,6h
2025-03-04 12:00:00,2.2871,2.5249,2.3583,2.4461,133282804.845345,XRP-USD,6h
2025-03-04 18:00:00,2.426,2.538,2.4462,2.4537,72090604.680981,XRP-USD,6h
2025-03-05 00:00:00,2.4301,2.54,2.4539,2.4315,48049723.720875,XRP-USD,6h
2025-03-05 06:00:00,2.4063,2.5393,2.4318,2.479,25557259.430051,XRP-USD,6h
2025-03-05 12:00:00,2.42,2.5082,2.4796,2.4888,55594151.669481,XRP-USD,6h
2025-03-05 18:00:00,2.4678,2.516,2.4893,2.4998,29566494.906288,XRP-USD,6h
2025-03-06 00:00:00,2.4707,2.5552,2.5,2.5251,35559855.54519,XRP-USD,6h
2025-03-06 06:00:00,2.5008,2.6459,2.5251,2.6112,33006154.340059,XRP-USD,6h
2025-03-06 12:00:00,2.5267,2.64,2.6112,2.5498,65462703.43204,XRP-USD,6h
2025-03-06 18:00:00,2.5485,2.626,2.5496,2.5998,37468175.977524,XRP-USD,6h
2025-03-07 00:00:00,2.3702,2.62,2.5998,2.5057,101134616.58106,XRP-USD,6h
2025-03-07 06:00:00,2.482,2.5697,2.506,2.5307,23638907.710322,XRP-USD,6h
2025-03-07 12:00:00,2.3835,2.5573,2.5309,2.4463,87324239.302626,XRP-USD,6h
2025-03-07 18:00:00,2.3421,2.5335,2.4464,2.3843,97506486.968471,XRP-USD,6h
2025-03-08 00:00:00,2.3258,2.4098,2.3844,2.3485,32930720.377953,XRP-USD,6h
2025-03-08 06:00:00,2.3012,2.3748,2.3481,2.3154,14216981.617907,XRP-USD,6h
2025-03-08 12:00:00,2.3055,2.3657,2.3156,2.3471,22287382.548021,XRP-USD,6h
2025-03-08 18:00:00,2.3123,2.3633,2.3468,2.3258,16949947.251857,XRP-USD,6h
2025-03-09 00:00:00,2.3043,2.3505,2.3257,2.3327,11853579.680434,XRP-USD,6h
2025-03-09 06:00:00,2.2408,2.3432,2.3328,2.2545,19173609.47938,XRP-USD,6h
2025-03-09 12:00:00,2.1009,2.2559,2.2542,2.1046,70605924.511372,XRP-USD,6h
2025-03-09 18:00:00,2.0829,2.25,2.1048,2.138,86031292.223843,XRP-USD,6h
2025-03-10 00:00:00,2.0872,2.205,2.1385,2.1946,47531316.472558,XRP-USD,6h
2025-03-10 06:00:00,2.1296,2.2611,2.1948,2.214,36509188.646888,XRP-USD,6h
2025-03-10 12:00:00,2.0202,2.2265,2.2143,2.0496,105803404.359622,XRP-USD,6h
2025-03-10 18:00:00,1.9909,2.1,2.0488,2.02,98700911.962197,XRP-USD,6h
2025-03-11 00:00:00,1.888,2.1358,2.0213,2.1006,134988518.664066,XRP-USD,6h
2025-03-11 06:00:00,2.0795,2.164,2.1003,2.156,29647588.2803,XRP-USD,6h
2025-03-11 12:00:00,2.0541,2.1606,2.1555,2.0996,84171701.986065,XRP-USD,6h
2025-03-11 18:00:00,2.0986,2.2143,2.0991,2.1697,60077082.083804,XRP-USD,6h
2025-03-12 00:00:00,2.1423,2.2483,2.17,2.1819,49120857.242969,XRP-USD,6h
2025-03-12 06:00:00,2.1447,2.2363,2.1817,2.2137,32417932.732499,XRP-USD,6h
2025-03-12 12:00:00,2.1322,2.2764,2.2137,2.2068,81907313.599888,XRP-USD,6h
2025-03-12 18:00:00,2.2029,2.2479,2.2068,2.2393,36956950.105961,XRP-USD,6h
2025-03-13 00:00:00,2.2201,2.2583,2.239,2.2346,26059106.053423,XRP-USD,6h
2025-03-13 06:00:00,2.2136,2.2886,2.2346,2.2839,24839322.996015,XRP-USD,6h
2025-03-13 12:00:00,2.2137,2.3472,2.2838,2.2213,78847858.891908,XRP-USD,6h
2025-03-13 18:00:00,2.2165,2.2749,2.2213,2.2517,34920512.737654,XRP-USD,6h
2025-03-14 00:00:00,2.2361,2.3105,2.252,2.3004,23898880.126054,XRP-USD,6h
2025-03-14 06:00:00,2.2795,2.332,2.3001,2.3162,18373324.966043,XRP-USD,6h
2025-03-14 12:00:00,2.296,2.3906,2.3163,2.3464,51326357.039225,XRP-USD,6h
2025-03-14 18:00:00,2.332,2.3726,2.3467,2.3567,23162552.136629,XRP-USD,6h
2025-03-15 00:00:00,2.3526,2.4754,2.3564,2.4263,33007412.204687,XRP-USD,6h
2025-03-15 06:00:00,2.3733,2.441,2.4263,2.4257,16641874.25387,XRP-USD,6h
2025-03-15 12:00:00,2.4076,2.455,2.4254,2.4187,19919649.11851,XRP-USD,6h
2025-03-15 18:00:00,2.3827,2.4217,2.4183,2.3913,19114668.254179,XRP-USD,6h
2025-03-16 00:00:00,2.3626,2.4115,2.391,2.3924,17373734.943392,XRP-USD,6h
2025-03-16 06:00:00,2.2867,2.3962,2.3924,2.2975,20774488.990949,XRP-USD,6h
2025-03-16 12:00:00,2.2671,2.354,2.2983,2.3211,33506896.482161,XRP-USD,6h
2025-03-16 18:00:00,2.2825,2.3342,2.3209,2.2934,18762599.416514,XRP-USD,6h
2025-03-17 00:00:00,2.291,2.3695,2.2934,2.3282,23191048.936698,XRP-USD,6h
2025-03-17 06:00:00,2.307,2.3556,2.3282,2.3386,14364179.06976,XRP-USD,6h
2025-03-17 12:00:00,2.3065,2.365,2.3386,2.3553,36856099.92828,XRP-USD,6h
2025-03-17 18:00:00,2.3341,2.3788,2.3552,2.3375,22987521.569141,XRP-USD,6h
2025-03-18 00:00:00,2.2745,2.3397,2.3379,2.2898,25881475.234111,XRP-USD,6h
2025-03-18 06:00:00,2.2432,2.3049,2.2896,2.2613,20361608.556869,XRP-USD,6h
2025-03-18 12:00:00,2.2219,2.2679,2.2616,2.2286,27178202.689353,XRP-USD,6h
2025-03-18 18:00:00,2.2176,2.2945,2.2288,2.2846,20939787.361871,XRP-USD,6h
2025-03-19 00:00:00,2.2646,2.31,2.2844,2.2989,13186947.364712,XRP-USD,6h
2025-03-19 06:00:00,2.2825,2.3491,2.2992,2.3364,14797904.903307,XRP-USD,6h
2025-03-19 12:00:00,2.3169,2.5939,2.3364,2.4912,156569705.030331,XRP-USD,6h
2025-03-19 18:00:00,2.4529,2.5662,2.491,2.5477,66156110.52234,XRP-USD,6h
2025-03-20 00:00:00,2.4314,2.5642,2.5479,2.449,36424929.069758,XRP-USD,6h
2025-03-20 06:00:00,2.4437,2.5192,2.449,2.4902,23100378.077625,XRP-USD,6h
2025-03-20 12:00:00,2.3878,2.5177,2.4899,2.4249,52605093.961446,XRP-USD,6h
2025-03-20 18:00:00,2.4105,2.4539,2.4249,2.4345,19631534.904104,XRP-USD,6h
2025-03-21 00:00:00,2.4077,2.4664,2.4341,2.4191,16833838.892106,XRP-USD,6h
2025-03-21 06:00:00,2.371,2.4195,2.4193,2.3878,13761036.292782,XRP-USD,6h
2025-03-21 12:00:00,2.355,2.41,2.3874,2.4019,24098143.769455,XRP-USD,6h
2025-03-21 18:00:00,2.3735,2.4235,2.4017,2.38,19429177.212856,XRP-USD,6h
2025-03-22 00:00:00,2.3728,2.406,2.3797,2.3923,9357557.747997,XRP-USD,6h
2025-03-22 06:00:00,2.3842,2.4162,2.3924,2.3934,5845390.961746,XRP-USD,6h
2025-03-22 12:00:00,2.3667,2.3965,2.3935,2.3919,11947897.42134,XRP-USD,6h
2025-03-22 18:00:00,2.3588,2.3928,2.3917,2.3708,8027050.323421,XRP-USD,6h
2025-03-23 00:00:00,2.365,2.3926,2.3708,2.3882,6685373.78976,XRP-USD,6h
2025-03-23 06:00:00,2.3845,2.4272,2.3888,2.4049,8879483.047811,XRP-USD,6h
2025-03-23 12:00:00,2.3936,2.4233,2.4052,2.4003,12087493.537872,XRP-USD,6h
2025-03-23 18:00:00,2.3856,2.442,2.4003,2.4398,13434125.00477,XRP-USD,6h
2025-03-24 00:00:00,2.4141,2.4691,2.4398,2.4523,18098828.513961,XRP-USD,6h
2025-03-24 06:00:00,2.4384,2.4776,2.4525,2.4595,13005625.718767,XRP-USD,6h
2025-03-24 12:00:00,2.4422,2.505,2.4605,2.4692,23546555.645693,XRP-USD,6h
2025-03-24 18:00:00,2.43,2.4775,2.4689,2.4501,16516798.815603,XRP-USD,6h
2025-03-25 00:00:00,2.4075,2.4661,2.4504,2.4301,14247670.342035,XRP-USD,6h
2025-03-25 06:00:00,2.4135,2.4504,2.4301,2.4451,7919508.987976,XRP-USD,6h
2025-03-25 12:00:00,2.425,2.48,2.4453,2.4643,17966362.402388,XRP-USD,6h
2025-03-25 18:00:00,2.4343,2.4761,2.464,2.4499,15467808.748978,XRP-USD,6h
2025-03-26 00:00:00,2.4356,2.4789,2.4498,2.4566,13001203.137041,XRP-USD,6h
2025-03-26 06:00:00,2.4494,2.4736,2.4567,2.4576,10031971.478985,XRP-USD,6h
2025-03-26 12:00:00,2.379,2.4602,2.4577,2.3892,24633931.013227,XRP-USD,6h
2025-03-26 18:00:00,2.3277,2.3933,2.3894,2.3494,25776196.373013,XRP-USD,6h
2025-03-27 00:00:00,2.3453,2.3907,2.3493,2.3582,13961073.232736,XRP-USD,6h
2025-03-27 06:00:00,2.3393,2.3804,2.3582,2.3434,8173423.064573,XRP-USD,6h
2025-03-27 12:00:00,2.3,2.3665,2.3433,2.3215,24986508.803518,XRP-USD,6h
2025-03-27 18:00:00,2.319,2.36,2.3215,2.3404,15959057.833242,XRP-USD,6h
2025-03-28 00:00:00,2.2457,2.343,2.3406,2.2521,29233765.754941,XRP-USD,6h
2025-03-28 06:00:00,2.1933,2.2675,2.2517,2.2265,32712473.110373,XRP-USD,6h
2025-03-28 12:00:00,2.1519,2.2459,2.2262,2.179,48728220.533676,XRP-USD,6h
2025-03-28 18:00:00,2.1579,2.2111,2.179,2.2067,30110309.247096,XRP-USD,6h
2025-03-29 00:00:00,2.1274,2.225,2.2067,2.1548,28246771.087218,XRP-USD,6h
2025-03-29 06:00:00,2.0601,2.1551,2.1547,2.0832,43921817.015689,XRP-USD,6h
2025-03-29 12:00:00,2.0706,2.1408,2.0833,2.1117,47805695.380455,XRP-USD,6h
2025-03-29 18:00:00,2.0999,2.1419,2.1114,2.1343,20136606.258201,XRP-USD,6h
2025-03-30 00:00:00,2.1153,2.215,2.1343,2.1781,26275758.449913,XRP-USD,6h
2025-03-30 06:00:00,2.1526,2.1984,2.1782,2.1626,14486705.374162,XRP-USD,6h
2025-03-30 12:00:00,2.1146,2.1689,2.1627,2.1305,19515575.509116,XRP-USD,6h
2025-03-30 18:00:00,2.1074,2.1714,2.1308,2.1369,22616615.694558,XRP-USD,6h
2025-03-31 00:00:00,2.0714,2.141,2.1369,2.1016,37476821.681252,XRP-USD,6h
2025-03-31 06:00:00,2.0234,2.1059,2.1014,2.0826,39667317.173352,XRP-USD,6h
2025-03-31 12:00:00,2.0589,2.1405,2.0826,2.0929,45753469.456591,XRP-USD,6h
2025-03-31 18:00:00,2.0742,2.1245,2.0936,2.0894,23821702.037837,XRP-USD,6h
2025-04-01 00:00:00,2.0645,2.12,2.089,2.1032,18112102.955079,XRP-USD,6h
2025-04-01 06:00:00,2.0887,2.1999,2.1029,2.134,33774158.009011,XRP-USD,6h
2025-04-01 12:00:00,2.0943,2.1825,2.1339,2.1436,39117060.689471,XRP-USD,6h
2025-04-01 18:00:00,2.1207,2.1539,2.1436,2.1389,19915107.439185,XRP-USD,6h
2025-04-02 00:00:00,2.072,2.1398,2.139,2.0727,21561000.391323,XRP-USD,6h
2025-04-02 06:00:00,2.0672,2.1362,2.0723,2.1138,22239892.354825,XRP-USD,6h
2025-04-02 12:00:00,2.098,2.196,2.1136,2.14,47529099.202137,XRP-USD,6h
2025-04-02 18:00:00,1.985,2.2352,2.1404,2.0235,99688782.462261,XRP-USD,6h
2025-04-03 00:00:00,2.0073,2.0823,2.0234,2.0575,31856161.498102,XRP-USD,6h
2025-04-03 06:00:00,2.0138,2.0616,2.0579,2.0339,20195974.756327,XRP-USD,6h
2025-04-03 12:00:00,1.9595,2.0423,2.0339,2.0198,65258452.754285,XRP-USD,6h
2025-04-03 18:00:00,2.0105,2.0744,2.0198,2.0639,25882149.683795,XRP-USD,6h
2025-04-04 00:00:00,2.0361,2.0774,2.0641,2.0742,17448713.203849,XRP-USD,6h
2025-04-04 06:00:00,2.0159,2.103,2.0741,2.0477,30182809.425125,XRP-USD,6h
2025-04-04 12:00:00,2.0381,2.1604,2.0476,2.1402,73718885.072924,XRP-USD,6h
2025-04-04 18:00:00,2.1113,2.1517,2.1406,2.1296,23116593.745155,XRP-USD,6h
2025-04-05 00:00:00,2.113,2.1433,2.1295,2.1302,10224580.831494,XRP-USD,6h
2025-04-05 06:00:00,2.1222,2.1699,2.1316,2.1594,10654110.446908,XRP-USD,6h
2025-04-05 12:00:00,2.1162,2.1771,2.1596,2.124,16385847.568283,XRP-USD,6h
2025-04-05 18:00:00,2.1159,2.1475,2.1237,2.1434,9235141.387317,XRP-USD,6h
2025-04-06 00:00:00,2.1211,2.1586,2.1436,2.1287,10263085.347821,XRP-USD,6h
2025-04-06 06:00:00,2.0777,2.1306,2.1294,2.0844,13123139.370008,XRP-USD,6h
2025-04-06 12:00:00,2.0254,2.094,2.0844,2.0324,29161862.596769,XRP-USD,6h
2025-04-06 18:00:00,1.86,2.0368,2.0326,1.9208,125929218.122121,XRP-USD,6h
2025-04-07 00:00:00,1.75,1.9532,1.9209,1.7628,127168653.059907,XRP-USD,6h
2025-04-07 06:00:00,1.6106,1.8146,1.7624,1.7645,143552906.794405,XRP-USD,6h
2025-04-07 12:00:00,1.7453,2.0152,1.7645,1.9131,190883992.18543,XRP-USD,6h
2025-04-07 18:00:00,1.8806,1.9493,1.913,1.8983,48841818.144378,XRP-USD,6h
2025-04-08 00:00:00,1.8589,1.935,1.8978,1.8932,41491135.505591,XRP-USD,6h
2025-04-08 06:00:00,1.8472,1.9737,1.8927,1.9588,35419129.290381,XRP-USD,6h
2025-04-08 12:00:00,1.8044,1.9753,1.959,1.8634,91781924.219431,XRP-USD,6h
2025-04-08 18:00:00,1.775,1.8796,1.8631,1.7949,67458753.660098,XRP-USD,6h
2025-04-09 00:00:00,1.7203,1.8156,1.7949,1.8005,85862829.478371,XRP-USD,6h
2025-04-09 06:00:00,1.7626,1.8445,1.8002,1.7807,46082643.366758,XRP-USD,6h
2025-04-09 12:00:00,1.7639,2.0854,1.7807,2.0717,141944001.634397,XRP-USD,6h
2025-04-09 18:00:00,2.0007,2.09,2.0712,2.0522,89811615.477678,XRP-USD,6h
2025-04-10 00:00:00,1.9691,2.0561,2.0523,2.005,37438670.064746,XRP-USD,6h
2025-04-10 06:00:00,1.9745,2.018,2.0047,1.999,24617879.846246,XRP-USD,6h
2025-04-10 12:00:00,1.9211,2.0441,1.9989,1.9392,73878283.837054,XRP-USD,6h
2025-04-10 18:00:00,1.9354,1.9968,1.939,1.9646,29820535.91411,XRP-USD,6h
2025-04-11 00:00:00,1.946,2.0111,1.9642,1.9998,25772352.739058,XRP-USD,6h
2025-04-11 06:00:00,1.9896,2.0327,2.0005,2.0084,21658722.217621,XRP-USD,6h
2025-04-11 12:00:00,1.9834,2.0455,2.0088,2.0402,39996560.81972,XRP-USD,6h
2025-04-11 18:00:00,2.0113,2.0643,2.0402,2.0214,30432837.86472,XRP-USD,6h
2025-04-12 00:00:00,2.0021,2.0359,2.0213,2.0321,10344981.324577,XRP-USD,6h
2025-04-12 06:00:00,2.032,2.0736,2.032,2.0614,15606966.198912,XRP-USD,6h
2025-04-12 12:00:00,2.0574,2.1858,2.0615,2.1178,51857644.135995,XRP-USD,6h
2025-04-12 18:00:00,2.1181,2.1663,2.1182,2.1595,18352763.65661,XRP-USD,6h
2025-04-13 00:00:00,2.1264,2.1734,2.1597,2.1369,19673972.563064,XRP-USD,6h
2025-04-13 06:00:00,2.1317,2.2465,2.1372,2.2006,31665115.936321,XRP-USD,6h
2025-04-13 12:00:00,2.1304,2.205,2.2005,2.1741,30977402.140724,XRP-USD,6h
2025-04-13 18:00:00,2.0789,2.1846,2.1739,2.1189,40889789.100837,XRP-USD,6h
2025-04-14 00:00:00,2.1117,2.1796,2.119,2.1337,22130046.065446,XRP-USD,6h
2025-04-14 06:00:00,2.1035,2.1567,2.1336,2.1561,14119765.891629,XRP-USD,6h
2025-04-14 12:00:00,2.1055,2.1783,2.1567,2.1522,35275680.121594,XRP-USD,6h
2025-04-14 18:00:00,2.1221,2.167,2.1523,2.127,18860532.724095,XRP-USD,6h
2025-04-15 00:00:00,2.1167,2.1597,2.1274,2.1469,17254720.344865,XRP-USD,6h
2025-04-15 06:00:00,2.1319,2.1853,2.1467,2.1515,14753376.192668,XRP-USD,6h
2025-04-15 12:00:00,2.1128,2.1848,2.1514,2.1161,31684395.544337,XRP-USD,6h
2025-04-15 18:00:00,2.0824,2.1312,2.1161,2.0841,31547602.395784,XRP-USD,6h
2025-04-16 00:00:00,2.0635,2.098,2.084,2.064,22133033.099146,XRP-USD,6h
2025-04-16 06:00:00,2.0356,2.0904,2.0639,2.0894,18659385.117757,XRP-USD,6h
2025-04-16 12:00:00,2.0477,2.1271,2.0894,2.053,36130885.104304,XRP-USD,6h
2025-04-16 18:00:00,2.0521,2.1187,2.0531,2.0831,28766821.425737,XRP-USD,6h
2025-04-17 00:00:00,2.0624,2.1038,2.0831,2.0962,13342066.861387,XRP-USD,6h
2025-04-17 06:00:00,2.0858,2.1076,2.0959,2.1025,11561253.979523,XRP-USD,6h
2025-04-17 12:00:00,2.0565,2.1144,2.1023,2.0937,37706040.23137,XRP-USD,6h
2025-04-17 18:00:00,2.052,2.1042,2.0936,2.0673,18782516.466044,XRP-USD,6h
2025-04-18 00:00:00,2.0436,2.0693,2.0673,2.0642,14441862.390041,XRP-USD,6h
2025-04-18 06:00:00,2.0535,2.081,2.0642,2.0797,9889342.156362,XRP-USD,6h
2025-04-18 12:00:00,2.055,2.0858,2.0797,2.0788,13529500.633136,XRP-USD,6h
2025-04-18 18:00:00,2.0554,2.0891,2.0788,2.0614,15045531.369989,XRP-USD,6h
2025-04-19 00:00:00,2.0583,2.0943,2.0615,2.0838,10640606.640057,XRP-USD,6h
2025-04-19 06:00:00,2.0771,2.0974,2.0842,2.0813,4380282.974887,XRP-USD,6h
2025-04-19 12:00:00,2.0651,2.093,2.0813,2.0848,8952294.454454,XRP-USD,6h
2025-04-19 18:00:00,2.08,2.0945,2.0847,2.0875,6854389.174043,XRP-USD,6h
2025-04-20 00:00:00,2.0775,2.0941,2.0872,2.08,5821534.858505,XRP-USD,6h
2025-04-20 06:00:00,2.0395,2.0842,2.0801,2.0435,12056916.599229,XRP-USD,6h
2025-04-20 12:00:00,2.0412,2.0613,2.0435,2.0569,8899287.677472,XRP-USD,6h
2025-04-20 18:00:00,2.055,2.091,2.0566,2.0784,10197923.486871,XRP-USD,6h
2025-04-21 00:00:00,2.0765,2.1301,2.0784,2.1269,22396950.603708,XRP-USD,6h
2025-04-21 06:00:00,2.1082,2.141,2.127,2.1182,10794074.255002,XRP-USD,6h
2025-04-21 12:00:00,2.06,2.1395,2.1181,2.0739,26718034.935735,XRP-USD,6h
2025-04-21 18:00:00,2.0674,2.0908,2.0737,2.0853,12977468.27323,XRP-USD,6h
2025-04-22 00:00:00,2.0641,2.1038,2.0852,2.079,12493200.599203,XRP-USD,6h
2025-04-22 06:00:00,2.0678,2.1078,2.0788,2.0992,10242143.591238,XRP-USD,6h
2025-04-22 12:00:00,2.0946,2.1937,2.0995,2.1625,49186787.437359,XRP-USD,6h
2025-04-22 18:00:00,2.1429,2.25,2.1625,2.2152,48300644.477172,XRP-USD,6h
2025-04-23 00:00:00,2.1949,2.25,2.2152,2.225,29486665.897428,XRP-USD,6h
2025-04-23 06:00:00,2.2219,2.3016,2.2255,2.2602,33463118.226375,XRP-USD,6h
2025-04-23 12:00:00,2.1906,2.2998,2.2601,2.2382,65133422.055696,XRP-USD,6h
2025-04-23 18:00:00,2.2007,2.2517,2.2381,2.219,21385008.663367,XRP-USD,6h
2025-04-24 00:00:00,2.1685,2.2242,2.219,2.1773,17992861.828978,XRP-USD,6h
2025-04-24 06:00:00,2.1184,2.1828,2.1771,2.1559,19792869.213625,XRP-USD,6h
2025-04-24 12:00:00,2.1502,2.236,2.1561,2.2009,48551105.256291,XRP-USD,6h
2025-04-24 18:00:00,2.1873,2.2143,2.2009,2.206,21567360.970173,XRP-USD,6h
2025-04-25 00:00:00,2.1643,2.218,2.206,2.1817,15333356.455435,XRP-USD,6h
2025-04-25 06:00:00,2.1797,2.2106,2.1817,2.2053,13702168.087812,XRP-USD,6h
2025-04-25 12:00:00,2.1736,2.2209,2.2049,2.1878,35398322.145903,XRP-USD,6h
2025-04-25 18:00:00,2.1774,2.2029,2.1882,2.1827,13137888.558611,XRP-USD,6h
2025-04-26 00:00:00,2.1809,2.2048,2.1825,2.1922,8527404.492246,XRP-USD,6h
2025-04-26 06:00:00,2.1867,2.2492,2.1923,2.1951,14714062.18114,XRP-USD,6h
2025-04-26 12:00:00,2.1839,2.2076,2.1948,2.2015,9241976.944187,XRP-USD,6h
2025-04-26 18:00:00,2.1864,2.2039,2.2016,2.1922,6263579.076288,XRP-USD,6h
2025-04-27 00:00:00,2.16,2.2061,2.1923,2.1696,14736610.506756,XRP-USD,6h
2025-04-27 06:00:00,2.1662,2.1843,2.1701,2.1814,4541591.646316,XRP-USD,6h
2025-04-27 12:00:00,2.1747,2.2699,2.1815,2.2315,38647532.205319,XRP-USD,6h
2025-04-27 18:00:00,2.2315,2.295,2.2319,2.2529,31956204.866329,XRP-USD,6h
2025-04-28 00:00:00,2.2196,2.2868,2.2528,2.2732,27203099.518047,XRP-USD,6h
2025-04-28 06:00:00,2.2693,2.3615,2.2732,2.3195,28117994.837871,XRP-USD,6h
2025-04-28 12:00:00,2.2507,2.331,2.3197,2.2826,35187585.735834,XRP-USD,6h
2025-04-28 18:00:00,2.2674,2.3063,2.2824,2.2957,16673455.176016,XRP-USD,6h
2025-04-29 00:00:00,2.2649,2.3155,2.2956,2.2669,23332157.464716,XRP-USD,6h
2025-04-29 06:00:00,2.2659,2.3063,2.2669,2.2924,9555411.458414,XRP-USD,6h
2025-04-29 12:00:00,2.2651,2.305,2.2922,2.2977,17365277.014504,XRP-USD,6h
2025-04-29 18:00:00,2.2215,2.3026,2.2974,2.2389,25443757.71161,XRP-USD,6h
2025-04-30 00:00:00,2.225,2.2598,2.2386,2.2496,13120015.111696,XRP-USD,6h
2025-04-30 06:00:00,2.2085,2.2516,2.2497,2.2395,10329101.480735,XRP-USD,6h
2025-04-30 12:00:00,2.1249,2.2396,2.2393,2.1803,44309125.929038,XRP-USD,6h
2025-04-30 18:00:00,2.1768,2.2138,2.1804,2.1908,28950011.723915,XRP-USD,6h
2025-05-01 00:00:00,2.1869,2.2205,2.191,2.2123,9170542.42324,XRP-USD,6h
2025-05-01 06:00:00,2.1934,2.246,2.2127,2.2383,13190096.314591,XRP-USD,6h
2025-05-01 12:00:00,2.2159,2.2601,2.2382,2.2357,27700006.826267,XRP-USD,6h
2025-05-01 18:00:00,2.2097,2.2364,2.2357,2.2131,11043840.771493,XRP-USD,6h
2025-05-02 00:00:00,2.208,2.2346,2.213,2.2132,10317577.205971,XRP-USD,6h
2025-05-02 06:00:00,2.1925,2.2211,2.2126,2.2161,7924723.515641,XRP-USD,6h
2025-05-02 12:00:00,2.2065,2.2419,2.2158,2.2157,19671916.115199,XRP-USD,6h
2025-05-02 18:00:00,2.1955,2.2197,2.2157,2.21,12334945.294624,XRP-USD,6h
2025-05-03 00:00:00,2.1977,2.2205,2.21,2.2126,5911167.810422,XRP-USD,6h
2025-05-03 06:00:00,2.1846,2.2129,2.2127,2.1893,5260234.369818,XRP-USD,6h
2025-05-03 12:00:00,2.1769,2.216,2.1893,2.1918,9209857.716888,XRP-USD,6h
2025-05-03 18:00:00,2.18,2.2014,2.1918,2.1877,7347186.687771,XRP-USD,6h
2025-05-04 00:00:00,2.1848,2.2189,2.1877,2.2082,6285539.817249,XRP-USD,6h
2025-05-04 06:00:00,2.1786,2.2128,2.2082,2.1896,4834283.547826,XRP-USD,6h
2025-05-04 12:00:00,2.17,2.205,2.1893,2.1761,7761486.229528,XRP-USD,6h
2025-05-04 18:00:00,2.1514,2.1864,2.1763,2.1562,9691948.762517,XRP-USD,6h
2025-05-05 00:00:00,2.1322,2.1791,2.1563,2.1786,12226485.744696,XRP-USD,6h
2025-05-05 06:00:00,2.1388,2.2,2.1787,2.143,9074763.097427,XRP-USD,6h
2025-05-05 12:00:00,2.1065,2.1547,2.143,2.1442,23025795.053262,XRP-USD,6h
2025-05-05 18:00:00,2.1152,2.1619,2.1443,2.1303,18245749.351407,XRP-USD,6h
2025-05-06 00:00:00,2.0939,2.1401,2.1302,2.106,14817056.332775,XRP-USD,6h
2025-05-06 06:00:00,2.08,2.1152,2.1059,2.0901,11640709.183843,XRP-USD,6h
2025-05-06 12:00:00,2.0775,2.1282,2.09,2.1217,20820878.426833,XRP-USD,6h
2025-05-06 18:00:00,2.1113,2.1596,2.1216,2.155,20159440.057457,XRP-USD,6h
2025-05-07 00:00:00,2.131,2.1722,2.1549,2.1334,13665445.693766,XRP-USD,6h
2025-05-07 06:00:00,2.1282,2.1518,2.1331,2.143,6460322.613568,XRP-USD,6h
2025-05-07 12:00:00,2.1091,2.1455,2.1429,2.1147,12162825.961054,XRP-USD,6h
2025-05-07 18:00:00,2.1044,2.1371,2.1144,2.1268,16937998.729846,XRP-USD,6h
2025-05-08 00:00:00,2.1178,2.2077,2.1268,2.1749,22865985.376305,XRP-USD,6h
2025-05-08 06:00:00,2.1682,2.219,2.1749,2.2085,12980461.050441,XRP-USD,6h
2025-05-08 12:00:00,2.203,2.275,2.2085,2.2331,42345504.54552,XRP-USD,6h
2025-05-08 18:00:00,2.2326,2.3296,2.233,2.3269,48973400.044161,XRP-USD,6h
2025-05-09 00:00:00,2.287,2.3328,2.3268,2.296,24352509.285137,XRP-USD,6h
2025-05-09 06:00:00,2.294,2.4288,2.2963,2.3947,46398712.497143,XRP-USD,6h
2025-05-09 12:00:00,2.3212,2.4065,2.3946,2.3644,46610121.252038,XRP-USD,6h
2025-05-09 18:00:00,2.3313,2.3678,2.3642,2.3441,16636613.678986,XRP-USD,6h
2025-05-10 00:00:00,2.3357,2.3797,2.3439,2.3734,14884886.201873,XRP-USD,6h
2025-05-10 06:00:00,2.3681,2.4375,2.3734,2.3806,21977134.911142,XRP-USD,6h
2025-05-10 12:00:00,2.3805,2.4497,2.3808,2.4205,22234366.549979,XRP-USD,6h
2025-05-10 18:00:00,2.4044,2.4765,2.4205,2.4711,28332956.104028,XRP-USD,6h
2025-05-11 00:00:00,2.3831,2.4837,2.4709,2.4053,28971289.687266,XRP-USD,6h
2025-05-11 06:00:00,2.3419,2.4057,2.4052,2.3868,16591018.916197,XRP-USD,6h
2025-05-11 12:00:00,2.3289,2.3898,2.387,2.3682,22831900.31308,XRP-USD,6h
2025-05-11 18:00:00,2.3535,2.3844,2.3683,2.368,11890612.974889,XRP-USD,6h
2025-05-12 00:00:00,2.3513,2.4152,2.3679,2.3877,20448524.543608,XRP-USD,6h
2025-05-12 06:00:00,2.3815,2.4828,2.3876,2.4491,34170763.680569,XRP-USD,6h
2025-05-12 12:00:00,2.4473,2.6562,2.4487,2.5639,121151818.898686,XRP-USD,6h
2025-05-12 18:00:00,2.4289,2.5817,2.564,2.5443,59292876.506693,XRP-USD,6h
2025-05-13 00:00:00,2.4218,2.5462,2.5441,2.4854,33802178.855121,XRP-USD,6h
2025-05-13 06:00:00,2.4856,2.5682,2.4856,2.535,26333437.24843,XRP-USD,6h
2025-05-13 12:00:00,2.5051,2.576,2.5346,2.5561,45285563.265114,XRP-USD,6h
2025-05-13 18:00:00,2.554,2.6069,2.5561,2.5828,37480428.631605,XRP-USD,6h
2025-05-14 00:00:00,2.5408,2.5971,2.583,2.5868,19264127.479014,XRP-USD,6h
2025-05-14 06:00:00,2.5623,2.65,2.5866,2.6146,32939744.913556,XRP-USD,6h
2025-05-14 12:00:00,2.5192,2.6263,2.6144,2.5528,44389213.558417,XRP-USD,6h
2025-05-14 18:00:00,2.5373,2.5717,2.5527,2.5508,18769104.563843,XRP-USD,6h
2025-05-15 00:00:00,2.4943,2.5724,2.5509,2.4987,18702416.487478,XRP-USD,6h
2025-05-15 06:00:00,2.4484,2.5131,2.4991,2.4787,24172123.511089,XRP-USD,6h
2025-05-15 12:00:00,2.4054,2.5063,2.4784,2.4835,45842121.014683,XRP-USD,6h
2025-05-15 18:00:00,2.3539,2.4935,2.4834,2.3859,40923455.672066,XRP-USD,6h
2025-05-16 00:00:00,2.3474,2.4296,2.3861,2.4218,28182935.681218,XRP-USD,6h
2025-05-16 06:00:00,2.3723,2.4409,2.4216,2.4264,17854693.880406,XRP-USD,6h
2025-05-16 12:00:00,2.3947,2.4405,2.4264,2.3998,20545735.708848,XRP-USD,6h
2025-05-16 18:00:00,2.3622,2.4241,2.3997,2.381,17850771.953542,XRP-USD,6h
2025-05-17 00:00:00,2.3136,2.3838,2.3806,2.3652,24065194.199864,XRP-USD,6h
2025-05-17 06:00:00,2.3417,2.39,2.3649,2.3538,8837571.813806,XRP-USD,6h
2025-05-17 12:00:00,2.3,2.357,2.3541,2.3245,16895012.40982,XRP-USD,6h
2025-05-17 18:00:00,2.323,2.3641,2.3242,2.3542,14239556.060405,XRP-USD,6h
2025-05-18 00:00:00,2.3497,2.387,2.3542,2.3846,7543102.62135,XRP-USD,6h
2025-05-18 06:00:00,2.374,2.4076,2.3847,2.3884,7092587.539331,XRP-USD,6h
2025-05-18 12:00:00,2.3809,2.4505,2.3887,2.3981,21328723.998075,XRP-USD,6h
2025-05-18 18:00:00,2.3333,2.438,2.398,2.4286,22795738.165988,XRP-USD,6h
2025-05-19 00:00:00,2.3223,2.4412,2.429,2.3435,22446938.878934,XRP-USD,6h
2025-05-19 06:00:00,2.2837,2.352,2.3436,2.3247,19109035.143089,XRP-USD,6h
2025-05-19 12:00:00,2.2905,2.384,2.325,2.3687,25851985.758235,XRP-USD,6h
2025-05-19 18:00:00,2.3508,2.4025,2.368,2.3808,17053780.394976,XRP-USD,6h
2025-05-20 00:00:00,2.3746,2.4098,2.3809,2.3762,14341566.867726,XRP-USD,6h
2025-05-20 06:00:00,2.3352,2.3794,2.3765,2.3474,10029711.415117,XRP-USD,6h
2025-05-20 12:00:00,2.3209,2.3583,2.3474,2.3505,16467855.795494,XRP-USD,6h
2025-05-20 18:00:00,2.3153,2.3666,2.3502,2.3569,18075887.217658,XRP-USD,6h
2025-05-21 00:00:00,2.3319,2.3899,2.3569,2.3833,20983730.219412,XRP-USD,6h
2025-05-21 06:00:00,2.3322,2.3892,2.3833,2.3535,11649452.742204,XRP-USD,6h
2025-05-21 12:00:00,2.3361,2.4301,2.3534,2.348,32341070.115537,XRP-USD,6h
2025-05-21 18:00:00,2.3431,2.4168,2.3481,2.3958,23120242.167275,XRP-USD,6h
2025-05-22 00:00:00,2.39,2.4239,2.3964,2.4014,15539871.354862,XRP-USD,6h
2025-05-22 06:00:00,2.3887,2.4555,2.4016,2.4324,17288821.746328,XRP-USD,6h
2025-05-22 12:00:00,2.4095,2.44,2.4327,2.429,21566316.583804,XRP-USD,6h
2025-05-22 18:00:00,2.4053,2.4369,2.429,2.4314,14273800.924284,XRP-USD,6h
2025-05-23 00:00:00,2.4219,2.48,2.4314,2.4547,23437339.582102,XRP-USD,6h
2025-05-23 06:00:00,2.3509,2.4576,2.4547,2.3635,18195228.665229,XRP-USD,6h
2025-05-23 12:00:00,2.3025,2.3838,2.3637,2.3678,35503838.065369,XRP-USD,6h
2025-05-23 18:00:00,2.2848,2.3713,2.368,2.297,23141729.125203,XRP-USD,6h
2025-05-24 00:00:00,2.2862,2.349,2.2969,2.3398,10156520.780372,XRP-USD,6h
2025-05-24 06:00:00,2.3288,2.3603,2.3397,2.3528,4524369.549318,XRP-USD,6h
2025-05-24 12:00:00,2.339,2.3578,2.353,2.3489,6483001.137307,XRP-USD,6h
2025-05-24 18:00:00,2.323,2.356,2.3488,2.3313,6962450.16292,XRP-USD,6h
2025-05-25 00:00:00,2.2945,2.3373,2.3313,2.3233,13614264.20351,XRP-USD,6h
2025-05-25 06:00:00,2.28,2.3244,2.3235,2.2936,10405849.908386,XRP-USD,6h
2025-05-25 12:00:00,2.2666,2.3112,2.2936,2.2993,11971350.737083,XRP-USD,6h
2025-05-25 18:00:00,2.294,2.345,2.2994,2.343,16553914.310584,XRP-USD,6h
2025-05-26 00:00:00,2.3318,2.3551,2.3431,2.3459,9897618.510045,XRP-USD,6h
2025-05-26 06:00:00,2.3302,2.36,2.3458,2.3366,5816747.258511,XRP-USD,6h
2025-05-26 12:00:00,2.2966,2.3466,2.3364,2.3016,15780451.527315,XRP-USD,6h
2025-05-26 18:00:00,2.2965,2.326,2.3016,2.3111,7654562.288761,XRP-USD,6h
2025-05-27 00:00:00,2.2682,2.3181,2.311,2.2974,12346092.4091,XRP-USD,6h
2025-05-27 06:00:00,2.2893,2.3243,2.2971,2.3206,8711927.531249,XRP-USD,6h
2025-05-27 12:00:00,2.3081,2.3552,2.3205,2.3428,16221093.678575,XRP-USD,6h
2025-05-27 18:00:00,2.3064,2.3467,2.3433,2.3181,10094707.743058,XRP-USD,6h
2025-05-28 00:00:00,2.3037,2.3243,2.318,2.3049,6445316.473841,XRP-USD,6h
2025-05-28 06:00:00,2.2855,2.3118,2.3049,2.3092,7520719.686808,XRP-USD,6h
2025-05-28 12:00:00,2.2373,2.3165,2.3093,2.2516,24934666.991679,XRP-USD,6h
2025-05-28 18:00:00,2.2268,2.2827,2.2515,2.2749,19258856.211695,XRP-USD,6h
2025-05-29 00:00:00,2.2677,2.315,2.2747,2.2816,16051594.083561,XRP-USD,6h
2025-05-29 06:00:00,2.2765,2.3053,2.2813,2.3032,6701221.403643,XRP-USD,6h
2025-05-29 12:00:00,2.2649,2.3099,2.3031,2.2842,17282772.570521,XRP-USD,6h
2025-05-29 18:00:00,2.23,2.2909,2.2844,2.2445,15413241.585856,XRP-USD,6h
2025-05-30 00:00:00,2.1369,2.2527,2.2444,2.2164,32269324.382569,XRP-USD,6h
2025-05-30 06:00:00,2.1713,2.2169,2.2169,2.2074,14594304.32084,XRP-USD,6h
2025-05-30 12:00:00,2.1362,2.2109,2.2076,2.175,31670713.647663,XRP-USD,6h
2025-05-30 18:00:00,2.1307,2.206,2.175,2.1408,21429430.016601,XRP-USD,6h
2025-05-31 00:00:00,2.0806,2.1498,2.1408,2.1279,29611196.043557,XRP-USD,6h
2025-05-31 06:00:00,2.1266,2.1543,2.128,2.1404,6134624.267457,XRP-USD,6h
2025-05-31 12:00:00,2.1402,2.2049,2.1403,2.1859,17581552.487456,XRP-USD,6h
2025-05-31 18:00:00,2.1732,2.2082,2.186,2.1753,9114991.840262,XRP-USD,6h
2025-06-01 00:00:00,2.1504,2.1803,2.1752,2.1726,7411547.42869,XRP-USD,6h
2025-06-01 06:00:00,2.1247,2.1731,2.1722,2.1424,6543659.662066,XRP-USD,6h
2025-06-01 12:00:00,2.1276,2.1781,2.1426,2.1737,9806563.345228,XRP-USD,6h
2025-06-01 18:00:00,2.1466,2.1893,2.1736,2.1806,10413682.026011,XRP-USD,6h
2025-06-02 00:00:00,2.1518,2.185,2.1807,2.17,7826128.842854,XRP-USD,6h
2025-06-02 06:00:00,2.1369,2.181,2.1702,2.1439,9746517.456481,XRP-USD,6h
2025-06-02 12:00:00,2.1387,2.178,2.1438,2.1696,13009811.695618,XRP-USD,6h
2025-06-02 18:00:00,2.1573,2.2056,2.1696,2.1974,15493030.369031,XRP-USD,6h
2025-06-03 00:00:00,2.1877,2.2233,2.1976,2.2051,10437526.882648,XRP-USD,6h
2025-06-03 06:00:00,2.1847,2.2175,2.205,2.2163,6881443.740158,XRP-USD,6h
2025-06-03 12:00:00,2.2076,2.2775,2.2164,2.2501,21366958.764724,XRP-USD,6h
2025-06-03 18:00:00,2.2355,2.2843,2.2498,2.2461,16532140.022093,XRP-USD,6h
2025-06-04 00:00:00,2.2303,2.2677,2.2459,2.239,10012731.375831,XRP-USD,6h
2025-06-04 06:00:00,2.2289,2.2656,2.2395,2.2543,5294081.505335,XRP-USD,6h
2025-06-04 12:00:00,2.2205,2.2622,2.2543,2.2347,12293666.277856,XRP-USD,6h
2025-06-04 18:00:00,2.1958,2.2391,2.2351,2.2021,14427843.624914,XRP-USD,6h
2025-06-05 00:00:00,2.1971,2.216,2.2018,2.201,7196144.689777,XRP-USD,6h
2025-06-05 06:00:00,2.1832,2.2111,2.2012,2.2064,10680776.085528,XRP-USD,6h
2025-06-05 12:00:00,2.1629,2.2293,2.2063,2.1711,17144424.353442,XRP-USD,6h
2025-06-05 18:00:00,2.06,2.1726,2.171,2.0951,52063138.692187,XRP-USD,6h
2025-06-06 00:00:00,2.0823,2.1444,2.095,2.1334,14918835.856967,XRP-USD,6h
2025-06-06 06:00:00,2.124,2.1575,2.1333,2.1518,8236059.542913,XRP-USD,6h
2025-06-06 12:00:00,2.1497,2.1926,2.152,2.1768,19259388.025959,XRP-USD,6h
2025-06-06 18:00:00,2.1607,2.1843,2.1772,2.1615,10493971.070205,XRP-USD,6h
2025-06-07 00:00:00,2.1485,2.1822,2.1613,2.182,5925737.031709,XRP-USD,6h
2025-06-07 06:00:00,2.176,2.1919,2.1821,2.1843,3785296.532354,XRP-USD,6h
2025-06-07 12:00:00,2.1737,2.1922,2.1848,2.1743,5390945.082108,XRP-USD,6h
2025-06-07 18:00:00,2.1738,2.1886,2.1741,2.178,5134215.685846,XRP-USD,6h
2025-06-08 00:00:00,2.1678,2.1977,2.1781,2.1909,4350213.285316,XRP-USD,6h
2025-06-08 06:00:00,2.1911,2.2505,2.1911,2.2427,10553575.296371,XRP-USD,6h
2025-06-08 12:00:00,2.2426,2.295,2.2426,2.2816,20924647.285009,XRP-USD,6h
2025-06-08 18:00:00,2.255,2.2965,2.2817,2.2681,14260916.319548,XRP-USD,6h
2025-06-09 00:00:00,2.2234,2.2695,2.2678,2.2301,9678833.296244,XRP-USD,6h
2025-06-09 06:00:00,2.2235,2.2762,2.2301,2.2706,10601135.327784,XRP-USD,6h
2025-06-09 12:00:00,2.2412,2.3154,2.2706,2.2917,24291921.82344,XRP-USD,6h
2025-06-09 18:00:00,2.2867,2.33,2.2919,2.3217,23512745.496324,XRP-USD,6h
2025-06-10 00:00:00,2.2793,2.3287,2.3217,2.2852,13574786.167998,XRP-USD,6h
2025-06-10 06:00:00,2.2714,2.3164,2.2851,2.3054,9888855.738544,XRP-USD,6h
2025-06-10 12:00:00,2.2605,2.3199,2.3056,2.2888,15394864.514205,XRP-USD,6h
2025-06-10 18:00:00,2.281,2.3135,2.2888,2.3074,15932335.979884,XRP-USD,6h
2025-06-11 00:00:00,2.2783,2.3127,2.3072,2.2979,8138962.696243,XRP-USD,6h
2025-06-11 06:00:00,2.2834,2.3299,2.2979,2.3147,11892935.872649,XRP-USD,6h
2025-06-11 12:00:00,2.303,2.3385,2.315,2.3033,17336203.320982,XRP-USD,6h
2025-06-11 18:00:00,2.2528,2.3075,2.3034,2.2709,19466306.792801,XRP-USD,6h
2025-06-12 00:00:00,2.2379,2.2742,2.271,2.2568,11866261.198098,XRP-USD,6h
2025-06-12 06:00:00,2.2243,2.2574,2.2566,2.2259,7934655.75485,XRP-USD,6h
2025-06-12 12:00:00,2.2219,2.2564,2.226,2.253,12369657.319164,XRP-USD,6h
2025-06-12 18:00:00,2.1714,2.254,2.2529,2.1912,20085252.52636,XRP-USD,6h
2025-06-13 00:00:00,2.0851,2.1931,2.191,2.1144,43052854.457527,XRP-USD,6h
2025-06-13 06:00:00,2.0939,2.158,2.1144,2.156,13099117.550906,XRP-USD,6h
2025-06-13 12:00:00,2.1233,2.1645,2.156,2.1485,17627333.069043,XRP-USD,6h
2025-06-13 18:00:00,2.1164,2.1526,2.1484,2.1484,16417000.139599,XRP-USD,6h
2025-06-14 00:00:00,2.1338,2.1708,2.1485,2.1589,8002213.891958,XRP-USD,6h
2025-06-14 06:00:00,2.1497,2.1801,2.1588,2.1781,5782788.176196,XRP-USD,6h
2025-06-14 12:00:00,2.117,2.1794,2.178,2.1317,16190609.167939,XRP-USD,6h
2025-06-14 18:00:00,2.1101,2.1483,2.1317,2.1406,9231091.730407,XRP-USD,6h
2025-06-15 00:00:00,2.1386,2.163,2.1405,2.1617,4398958.503013,XRP-USD,6h
2025-06-15 06:00:00,2.1474,2.1683,2.1622,2.1599,4256214.115209,XRP-USD,6h
2025-06-15 12:00:00,2.1582,2.1769,2.1599,2.1702,6820370.778876,XRP-USD,6h
2025-06-15 18:00:00,2.1412,2.172,2.17,2.1658,6696327.155427,XRP-USD,6h
2025-06-16 00:00:00,2.1517,2.1909,2.1658,2.1822,8196045.989164,XRP-USD,6h
2025-06-16 06:00:00,2.177,2.2499,2.1822,2.2463,9563539.190189,XRP-USD,6h
2025-06-16 12:00:00,2.2448,2.33,2.2462,2.3083,34320665.054348,XRP-USD,6h
2025-06-16 18:00:00,2.2298,2.3379,2.3083,2.239,50979225.022201,XRP-USD,6h
2025-06-17 00:00:00,2.2,2.2581,2.2392,2.2373,19760951.573595,XRP-USD,6h
2025-06-17 06:00:00,2.1886,2.2482,2.2372,2.1942,9128665.94683,XRP-USD,6h
2025-06-17 12:00:00,2.141,2.2258,2.1942,2.148,28373810.607765,XRP-USD,6h
2025-06-17 18:00:00,2.1445,2.205,2.148,2.1598,19580850.558691,XRP-USD,6h
2025-06-18 00:00:00,2.1528,2.178,2.1599,2.1689,7135879.629184,XRP-USD,6h
2025-06-18 06:00:00,2.1252,2.1698,2.169,2.1424,10372015.205397,XRP-USD,6h
2025-06-18 12:00:00,2.1187,2.1639,2.1423,2.1491,16997385.441135,XRP-USD,6h
2025-06-18 18:00:00,2.1281,2.1832,2.1491,2.1708,20546108.015265,XRP-USD,6h
2025-06-19 00:00:00,2.1562,2.1861,2.171,2.1662,9155171.039234,XRP-USD,6h
2025-06-19 06:00:00,2.1494,2.1723,2.1661,2.1527,5197852.678877,XRP-USD,6h
2025-06-19 12:00:00,2.1445,2.1744,2.1527,2.1694,10550444.066934,XRP-USD,6h
2025-06-19 18:00:00,2.1602,2.1779,2.169,2.1649,7117021.124957,XRP-USD,6h
2025-06-20 00:00:00,2.1404,2.1735,2.1649,2.1515,6452918.915439,XRP-USD,6h
2025-06-20 06:00:00,2.1411,2.1773,2.1517,2.1731,6224623.549219,XRP-USD,6h
2025-06-20 12:00:00,2.0862,2.1802,2.1731,2.1187,24339846.874915,XRP-USD,6h
2025-06-20 18:00:00,2.1083,2.1483,2.1183,2.1199,15557799.527743,XRP-USD,6h
2025-06-21 00:00:00,2.1153,2.1329,2.12,2.1275,4733371.253567,XRP-USD,6h
2025-06-21 06:00:00,2.1254,2.1455,2.1273,2.1373,2897772.470897,XRP-USD,6h
2025-06-21 12:00:00,2.0936,2.141,2.1374,2.0955,8652734.309068,XRP-USD,6h
2025-06-21 18:00:00,2.0,2.18,2.0954,2.0648,46021893.173764,XRP-USD,6h
2025-06-22 00:00:00,2.0398,2.0893,2.0647,2.0821,20621284.703048,XRP-USD,6h
2025-06-22 06:00:00,2.0143,2.09,2.0823,2.0261,10453754.887474,XRP-USD,6h
2025-06-22 12:00:00,1.9246,2.0303,2.0259,1.9769,71234567.190389,XRP-USD,6h
2025-06-22 18:00:00,1.9093,2.0249,1.9767,2.0184,36954778.043809,XRP-USD,6h
2025-06-23 00:00:00,2.0043,2.0343,2.0181,2.032,21136686.353235,XRP-USD,6h
2025-06-23 06:00:00,1.987,2.0366,2.0324,2.0024,12907578.1753,XRP-USD,6h
2025-06-23 12:00:00,1.9576,2.08,2.0025,2.0292,39801132.386122,XRP-USD,6h
2025-06-23 18:00:00,2.0289,2.1732,2.0294,2.1599,40802331.335018,XRP-USD,6h
2025-06-24 00:00:00,2.1327,2.2083,2.1599,2.2049,18589892.093847,XRP-USD,6h
2025-06-24 06:00:00,2.1616,2.2128,2.2054,2.1852,18026912.796177,XRP-USD,6h
2025-06-24 12:00:00,2.1666,2.2116,2.1851,2.2002,20032439.206781,XRP-USD,6h
2025-06-24 18:00:00,2.1791,2.218,2.2003,2.1907,18153037.445437,XRP-USD,6h
2025-06-25 00:00:00,2.1708,2.1999,2.1907,2.1817,8288406.322249,XRP-USD,6h
2025-06-25 06:00:00,2.1721,2.1984,2.182,2.1961,8191081.874346,XRP-USD,6h
2025-06-25 12:00:00,2.173,2.234,2.1962,2.1903,26012629.683634,XRP-USD,6h
2025-06-25 18:00:00,2.1759,2.2088,2.1902,2.187,12479028.325921,XRP-USD,6h
2025-06-26 00:00:00,2.1816,2.214,2.187,2.1901,8804391.135202,XRP-USD,6h
2025-06-26 06:00:00,2.171,2.2,2.1898,2.1716,7732167.335879,XRP-USD,6h
2025-06-26 12:00:00,2.0956,2.1743,2.1719,2.1141,32749299.891048,XRP-USD,6h
2025-06-26 18:00:00,2.1039,2.1474,2.1141,2.1062,15184644.691686,XRP-USD,6h
2025-06-27 00:00:00,2.0792,2.118,2.1066,2.0953,13488511.584182,XRP-USD,6h
2025-06-27 06:00:00,2.0831,2.1071,2.0954,2.0922,8419849.277745,XRP-USD,6h
2025-06-27 12:00:00,2.0682,2.1234,2.0922,2.093,27622105.613019,XRP-USD,6h
2025-06-27 18:00:00,2.0723,2.1561,2.0928,2.1431,20932962.307334,XRP-USD,6h
2025-06-28 00:00:00,2.1348,2.1943,2.1432,2.1897,17381042.808794,XRP-USD,6h
2025-06-28 06:00:00,2.1813,2.2016,2.1898,2.1937,6462533.054743,XRP-USD,6h
2025-06-28 12:00:00,2.183,2.2091,2.1937,2.2008,9492977.065903,XRP-USD,6h
2025-06-28 18:00:00,2.1779,2.2008,2.2007,2.1864,9874236.925139,XRP-USD,6h
2025-06-29 00:00:00,2.1764,2.1909,2.1863,2.1871,5210701.688595,XRP-USD,6h
2025-06-29 06:00:00,2.1825,2.1988,2.1871,2.1965,3537343.952452,XRP-USD,6h
2025-06-29 12:00:00,2.1812,2.1979,2.1964,2.1903,5177621.850649,XRP-USD,6h
2025-06-29 18:00:00,2.179,2.22,2.1904,2.2067,13135166.194887,XRP-USD,6h
2025-06-30 00:00:00,2.1866,2.2124,2.2067,2.1924,10240387.824695,XRP-USD,6h
2025-06-30 06:00:00,2.17,2.1941,2.1924,2.1786,7640500.279399,XRP-USD,6h
2025-06-30 12:00:00,2.1646,2.2197,2.1786,2.2139,20684565.914749,XRP-USD,6h
2025-06-30 18:00:00,2.2126,2.33,2.2139,2.2373,63931300.9885,XRP-USD,6h
2025-07-01 00:00:00,2.2144,2.2542,2.2369,2.2158,10278197.45822,XRP-USD,6h
2025-07-01 06:00:00,2.1927,2.2274,2.2156,2.2028,8710561.81578,XRP-USD,6h
2025-07-01 12:00:00,2.1753,2.22,2.2028,2.19,22572512.990422,XRP-USD,6h
2025-07-01 18:00:00,2.1482,2.1904,2.1901,2.1723,18978436.879033,XRP-USD,6h
2025-07-02 00:00:00,2.1574,2.1916,2.1722,2.1877,7707524.385747,XRP-USD,6h
2025-07-02 06:00:00,2.1735,2.205,2.1875,2.1769,13142314.399671,XRP-USD,6h
2025-07-02 12:00:00,2.169,2.2928,2.1768,2.2439,39179781.28602,XRP-USD,6h
2025-07-02 18:00:00,2.2304,2.2699,2.2442,2.2342,23646843.592024,XRP-USD,6h
2025-07-03 00:00:00,2.225,2.275,2.2341,2.2709,14662375.604149,XRP-USD,6h
2025-07-03 06:00:00,2.2624,2.312,2.2709,2.2968,19022832.227632,XRP-USD,6h
2025-07-03 12:00:00,2.2382,2.3139,2.2965,2.2656,31861859.680861,XRP-USD,6h
2025-07-03 18:00:00,2.2531,2.2839,2.2658,2.2573,10355548.181237,XRP-USD,6h
2025-07-04 00:00:00,2.2386,2.2688,2.2574,2.245,8420122.77746,XRP-USD,6h
2025-07-04 06:00:00,2.2085,2.2452,2.2451,2.2391,8341519.695795,XRP-USD,6h
2025-07-04 12:00:00,2.1972,2.2446,2.2392,2.2262,12892680.78622,XRP-USD,6h
2025-07-04 18:00:00,2.2072,2.2299,2.2262,2.2211,7435026.270662,XRP-USD,6h
2025-07-05 00:00:00,2.2103,2.2294,2.221,2.229,4765623.646625,XRP-USD,6h
2025-07-05 06:00:00,2.2121,2.2345,2.2292,2.2226,2515498.174003,XRP-USD,6h
2025-07-05 12:00:00,2.2065,2.2359,2.2227,2.2142,7299844.373781,XRP-USD,6h
2025-07-05 18:00:00,2.2025,2.2207,2.2141,2.2184,6499144.686827,XRP-USD,6h
2025-07-06 00:00:00,2.2093,2.227,2.2184,2.224,3409140.370218,XRP-USD,6h
2025-07-06 06:00:00,2.2222,2.2857,2.2242,2.2625,10282854.508708,XRP-USD,6h
2025-07-06 12:00:00,2.2615,2.2906,2.2627,2.2683,12553431.261963,XRP-USD,6h
2025-07-06 18:00:00,2.2466,2.2895,2.2684,2.2714,12234503.301458,XRP-USD,6h
2025-07-07 00:00:00,2.2575,2.28,2.2714,2.2711,8957488.786711,XRP-USD,6h
2025-07-07 06:00:00,2.2555,2.2978,2.2711,2.2833,9584718.38682,XRP-USD,6h
2025-07-07 12:00:00,2.2714,2.3542,2.2833,2.3063,50003492.758313,XRP-USD,6h
2025-07-07 18:00:00,2.26,2.3127,2.3061,2.2704,22662262.434572,XRP-USD,6h
2025-07-08 00:00:00,2.2487,2.2743,2.2703,2.2688,17010252.93816,XRP-USD,6h
2025-07-08 06:00:00,2.2566,2.3015,2.2689,2.2941,9371289.855975,XRP-USD,6h
2025-07-08 12:00:00,2.2776,2.3112,2.2941,2.3101,17626789.294342,XRP-USD,6h
2025-07-08 18:00:00,2.2966,2.323,2.3103,2.3114,20502695.675944,XRP-USD,6h
2025-07-09 00:00:00,2.298,2.3347,2.3112,2.3284,11090104.569145,XRP-USD,6h
2025-07-09 06:00:00,2.323,2.3891,2.3285,2.3818,19328880.259516,XRP-USD,6h
2025-07-09 12:00:00,2.351,2.4046,2.3819,2.3808,31974829.902836,XRP-USD,6h
2025-07-09 18:00:00,2.3774,2.4292,2.3809,2.4046,35945564.389671,XRP-USD,6h
2025-07-10 00:00:00,2.3942,2.4381,2.4047,2.4209,17068165.623286,XRP-USD,6h
2025-07-10 06:00:00,2.4116,2.465,2.4206,2.4537,17322170.54598,XRP-USD,6h
2025-07-10 12:00:00,2.42,2.5057,2.4538,2.4983,35283015.621682,XRP-USD,6h
2025-07-10 18:00:00,2.4816,2.57,2.4983,2.5477,51695081.362974,XRP-USD,6h
2025-07-11 00:00:00,2.5106,2.5994,2.5474,2.5839,30934632.795851,XRP-USD,6h
2025-07-11 06:00:00,2.5541,2.6615,2.584,2.6289,32786248.955062,XRP-USD,6h
2025-07-11 12:00:00,2.6252,2.977,2.6296,2.8003,179057334.168052,XRP-USD,6h
2025-07-11 18:00:00,2.6613,2.8603,2.8,2.7334,78284918.098482,XRP-USD,6h
2025-07-12 00:00:00,2.689,2.8476,2.7335,2.79,34860291.846106,XRP-USD,6h
2025-07-12 06:00:00,2.757,2.8488,2.7902,2.8067,19243287.182794,XRP-USD,6h
2025-07-12 12:00:00,2.6633,2.8099,2.8067,2.7252,46829831.571088,XRP-USD,6h
2025-07-12 18:00:00,2.6844,2.7572,2.725,2.7401,18636114.351719,XRP-USD,6h
2025-07-13 00:00:00,2.7241,2.7888,2.7401,2.7718,17710812.794977,XRP-USD,6h
2025-07-13 06:00:00,2.7691,2.8183,2.7718,2.7903,14360047.561157,XRP-USD,6h
2025-07-13 12:00:00,2.7842,2.896,2.7903,2.8619,44255634.739646,XRP-USD,6h
2025-07-13 18:00:00,2.7658,2.8833,2.8619,2.8373,30191564.933796,XRP-USD,6h
2025-07-14 00:00:00,2.8218,2.98,2.8373,2.9333,56410880.168397,XRP-USD,6h
2025-07-14 06:00:00,2.8926,3.0239,2.9328,2.9782,54067674.947496,XRP-USD,6h
2025-07-14 12:00:00,2.909,3.0354,2.9777,2.9519,76823952.115969,XRP-USD,6h
2025-07-14 18:00:00,2.8757,2.9649,2.952,2.959,36989781.278756,XRP-USD,6h
2025-07-15 00:00:00,2.8032,2.9594,2.959,2.8755,38253261.730611,XRP-USD,6h
2025-07-15 06:00:00,2.8232,2.9283,2.8755,2.9043,19895031.954509,XRP-USD,6h
2025-07-15 12:00:00,2.8402,2.9387,2.9049,2.9384,37584799.192971,XRP-USD,6h
2025-07-15 18:00:00,2.8545,2.9471,2.9384,2.9196,28054206.537522,XRP-USD,6h
2025-07-16 00:00:00,2.8778,2.9375,2.9195,2.9178,19164119.71886,XRP-USD,6h
2025-07-16 06:00:00,2.9121,2.9647,2.9178,2.9522,14918091.722699,XRP-USD,6h
2025-07-16 12:00:00,2.9466,3.049,2.9521,3.0252,54698090.617557,XRP-USD,6h
2025-07-16 18:00:00,3.0136,3.1023,3.0252,3.0391,57424115.596114,XRP-USD,6h
2025-07-17 00:00:00,2.9869,3.15,3.0394,3.1439,40277324.097144,XRP-USD,6h
2025-07-17 06:00:00,3.1277,3.3,3.1439,3.2643,59179781.236428,XRP-USD,6h
2025-07-17 12:00:00,3.17,3.32,3.2643,3.3161,75596543.920278,XRP-USD,6h
2025-07-17 18:00:00,3.2845,3.5526,3.3162,3.4846,159219584.263174,XRP-USD,6h
2025-07-18 00:00:00,3.4632,3.6662,3.4844,3.6221,103958836.636201,XRP-USD,6h
2025-07-18 06:00:00,3.4003,3.6233,3.6219,3.4928,72331865.31158,XRP-USD,6h
2025-07-18 12:00:00,3.3443,3.5492,3.4924,3.4505,90182521.950418,XRP-USD,6h
2025-07-18 18:00:00,3.36,3.4817,3.4505,3.4158,57328006.845459,XRP-USD,6h
2025-07-19 00:00:00,3.3994,3.4875,3.4156,3.4604,27085594.205797,XRP-USD,6h
2025-07-19 06:00:00,3.3904,3.476,3.4605,3.3949,18016491.410578,XRP-USD,6h
2025-07-19 12:00:00,3.3553,3.4603,3.3949,3.4261,28262035.146732,XRP-USD,6h
2025-07-19 18:00:00,3.3815,3.447,3.4262,3.4267,15516524.882411,XRP-USD,6h
2025-07-20 00:00:00,3.387,3.4551,3.4267,3.4206,19980601.908709,XRP-USD,6h
2025-07-20 06:00:00,3.4043,3.5368,3.4206,3.5002,21133414.73954,XRP-USD,6h
2025-07-20 12:00:00,3.4795,3.5486,3.5005,3.5021,29926340.431016,XRP-USD,6h
2025-07-20 18:00:00,3.4056,3.5593,3.502,3.4555,36510657.205641,XRP-USD,6h
2025-07-21 00:00:00,3.41,3.5134,3.456,3.5132,22474528.449631,XRP-USD,6h
2025-07-21 06:00:00,3.512,3.5815,3.5133,3.5348,33905653.760287,XRP-USD,6h
2025-07-21 12:00:00,3.5009,3.6531,3.5349,3.6054,66628205.716463,XRP-USD,6h
2025-07-21 18:00:00,3.5132,3.6227,3.6054,3.5512,34094146.174137,XRP-USD,6h
2025-07-22 00:00:00,3.4238,3.576,3.5509,3.4628,38898214.983453,XRP-USD,6h
2025-07-22 06:00:00,3.4277,3.5248,3.4624,3.5216,19289151.408178,XRP-USD,6h
2025-07-22 12:00:00,3.4402,3.575,3.5219,3.5557,39961750.455799,XRP-USD,6h
2025-07-22 18:00:00,3.515,3.5807,3.5559,3.5521,31824867.672665,XRP-USD,6h
2025-07-23 00:00:00,3.4855,3.5542,3.5523,3.4939,16629493.360463,XRP-USD,6h
2025-07-23 06:00:00,3.4322,3.4941,3.494,3.4538,17361566.632019,XRP-USD,6h
2025-07-23 12:00:00,3.1578,3.4533,3.4526,3.241,110544061.649025,XRP-USD,6h
2025-07-23 18:00:00,3.05,3.2647,3.2417,3.1861,89826351.473419,XRP-USD,6h
2025-07-24 00:00:00,3.034,3.2385,3.1861,3.0378,42941441.034405,XRP-USD,6h
2025-07-24 06:00:00,2.96,3.18,3.0383,3.1703,67890329.834767,XRP-USD,6h
2025-07-24 12:00:00,3.12,3.2682,3.1701,3.2295,57756847.549202,XRP-USD,6h
2025-07-24 18:00:00,3.1278,3.2623,3.2293,3.1468,32095034.991993,XRP-USD,6h
2025-07-25 00:00:00,3.0458,3.1637,3.1475,3.0773,37860909.942068,XRP-USD,6h
2025-07-25 06:00:00,3.0374,3.1546,3.0776,3.1352,29620088.294764,XRP-USD,6h
2025-07-25 12:00:00,3.0,3.153,3.136,3.0608,58558490.084405,XRP-USD,6h
2025-07-25 18:00:00,3.0557,3.1511,3.0609,3.1428,20466762.17615,XRP-USD,6h
2025-07-26 00:00:00,3.1076,3.1776,3.1428,3.1732,14319107.778316,XRP-USD,6h
2025-07-26 06:00:00,3.1536,3.2146,3.1731,3.1866,8761297.037635,XRP-USD,6h
2025-07-26 12:00:00,3.1662,3.22,3.1868,3.1741,17256316.140027,XRP-USD,6h
2025-07-26 18:00:00,3.1594,3.211,3.1743,3.1672,11132521.616827,XRP-USD,6h
2025-07-27 00:00:00,3.157,3.24,3.1671,3.2239,12201720.398623,XRP-USD,6h
2025-07-27 06:00:00,3.169,3.2243,3.2239,3.1811,7479204.132803,XRP-USD,6h
2025-07-27 12:00:00,3.1645,3.2292,3.1814,3.2068,17647003.535657,XRP-USD,6h
2025-07-27 18:00:00,3.1901,3.2528,3.2064,3.24,19925561.638875,XRP-USD,6h
2025-07-28 00:00:00,3.2229,3.3319,3.2402,3.3208,30564916.305517,XRP-USD,6h
2025-07-28 06:00:00,3.2242,3.3266,3.3209,3.2454,16861557.16022,XRP-USD,6h
2025-07-28 12:00:00,3.1408,3.32,3.2455,3.1572,36523093.392866,XRP-USD,6h
2025-07-28 18:00:00,3.1076,3.1655,3.1575,3.1239,33157901.045612,XRP-USD,6h
2025-07-29 00:00:00,3.0789,3.1485,3.1239,3.1468,20571780.89094,XRP-USD,6h
2025-07-29 06:00:00,3.1133,3.186,3.1467,3.1374,12170616.571847,XRP-USD,6h
2025-07-29 12:00:00,3.0527,3.1751,3.1374,3.1471,31383631.828703,XRP-USD,6h
2025-07-29 18:00:00,3.0929,3.1621,3.1471,3.1279,18638758.490286,XRP-USD,6h
2025-07-30 00:00:00,3.0926,3.1502,3.1282,3.1337,11414259.72791,XRP-USD,6h
2025-07-30 06:00:00,3.0428,3.1451,3.1333,3.0523,14564035.296308,XRP-USD,6h
2025-07-30 12:00:00,3.0404,3.1619,3.0515,3.1313,24784073.252844,XRP-USD,6h
2025-07-30 18:00:00,3.0001,3.1475,3.1316,3.0963,36715401.484551,XRP-USD,6h
2025-07-31 00:00:00,3.0866,3.1498,3.0966,3.1421,11229918.534844,XRP-USD,6h
2025-07-31 06:00:00,3.1335,3.1785,3.1416,3.1509,9890542.914475,XRP-USD,6h
2025-07-31 12:00:00,3.0747,3.1524,3.1514,3.0853,19410710.951629,XRP-USD,6h
2025-07-31 18:00:00,3.011,3.1,3.0859,3.0224,24802146.140003,XRP-USD,6h
2025-08-01 00:00:00,2.929,3.026,3.0223,2.9592,42650094.104622,XRP-USD,6h
2025-08-01 06:00:00,2.8919,2.9721,2.959,2.9698,25269612.641209,XRP-USD,6h
2025-08-01 12:00:00,2.9287,3.0584,2.97,3.0008,41197252.111755,XRP-USD,6h
2025-08-01 18:00:00,2.8942,3.03,3.0007,2.9596,32382749.936778,XRP-USD,6h
2025-08-02 00:00:00,2.9465,3.0199,2.9594,3.01,10701866.208255,XRP-USD,6h
2025-08-02 06:00:00,2.9291,3.0115,3.0099,2.9398,8226520.028606,XRP-USD,6h
2025-08-02 12:00:00,2.807,2.9459,2.9396,2.8227,41065361.301209,XRP-USD,6h
2025-08-02 18:00:00,2.7365,2.832,2.8236,2.7689,48376784.957235,XRP-USD,6h
2025-08-03 00:00:00,2.7273,2.8438,2.7696,2.8349,19334246.003907,XRP-USD,6h
2025-08-03 06:00:00,2.8254,2.8946,2.835,2.8696,9857173.290968,XRP-USD,6h
2025-08-03 12:00:00,2.8581,2.9327,2.8696,2.9165,22513199.078077,XRP-USD,6h
2025-08-03 18:00:00,2.8946,2.9623,2.9166,2.9486,16376651.102814,XRP-USD,6h
2025-08-04 00:00:00,2.9317,3.0326,2.9487,2.9843,21539318.604046,XRP-USD,6h
2025-08-04 06:00:00,2.9668,3.024,2.9845,2.9928,8361308.982703,XRP-USD,6h
2025-08-04 12:00:00,2.9794,3.0911,2.9932,3.059,26142120.082497,XRP-USD,6h
2025-08-04 18:00:00,3.0366,3.0865,3.0583,3.0712,12786129.882244,XRP-USD,6h
2025-08-05 00:00:00,3.0248,3.107,3.0713,3.0413,11846113.641227,XRP-USD,6h
2025-08-05 06:00:00,2.9959,3.08,3.0413,3.0632,9855143.182339,XRP-USD,6h
2025-08-05 12:00:00,2.9,3.0661,3.0626,2.9889,31961555.283806,XRP-USD,6h
2025-08-05 18:00:00,2.9156,2.9895,2.9888,2.9615,18903408.328661,XRP-USD,6h
2025-08-06 00:00:00,2.9018,2.9682,2.9616,2.9509,12074060.875838,XRP-USD,6h
2025-08-06 06:00:00,2.9181,2.9605,2.9512,2.9463,10019481.098053,XRP-USD,6h
2025-08-06 12:00:00,2.9231,3.0171,2.9459,3.0042,22035635.699442,XRP-USD,6h
2025-08-06 18:00:00,2.98,3.0192,3.0041,2.9911,14623156.498306,XRP-USD,6h
2025-08-07 00:00:00,2.9645,3.0114,2.9911,2.996,10253355.695746,XRP-USD,6h
2025-08-07 06:00:00,2.9883,3.0889,2.9961,3.0798,14533189.59847,XRP-USD,6h
2025-08-07 12:00:00,3.01,3.087,3.0798,3.05,21924702.889899,XRP-USD,6h
2025-08-07 18:00:00,3.0402,3.335,3.0506,3.3208,62057433.667457,XRP-USD,6h
2025-08-08 00:00:00,3.2711,3.3836,3.3203,3.3166,45005731.946844,XRP-USD,6h
2025-08-08 06:00:00,3.3023,3.3611,3.3166,3.3376,14555882.432222,XRP-USD,6h
2025-08-08 12:00:00,3.2,3.3751,3.3371,3.2938,42738999.153257,XRP-USD,6h
2025-08-08 18:00:00,3.263,3.34,3.294,3.2863,29115201.458064,XRP-USD,6h
2025-08-09 00:00:00,3.28,3.3355,3.2862,3.3138,13384828.190767,XRP-USD,6h
2025-08-09 06:00:00,3.2973,3.348,3.3138,3.3095,12664206.955028,XRP-USD,6h
2025-08-09 12:00:00,3.2458,3.3277,3.3095,3.2844,17211015.733766,XRP-USD,6h
2025-08-09 18:00:00,3.21,3.2945,3.2842,3.2267,20964521.178542,XRP-USD,6h
2025-08-10 00:00:00,3.2192,3.2796,3.2267,3.2566,13965015.694388,XRP-USD,6h
2025-08-10 06:00:00,3.1523,3.264,3.2568,3.1913,21438953.71288,XRP-USD,6h
2025-08-10 12:00:00,3.1558,3.2044,3.1912,3.1978,12444282.933986,XRP-USD,6h
2025-08-10 18:00:00,3.1588,3.2145,3.198,3.1877,12721620.814225,XRP-USD,6h
2025-08-11 00:00:00,3.1725,3.2827,3.1875,3.2714,20002439.340886,XRP-USD,6h
2025-08-11 06:00:00,3.2033,3.3329,3.2718,3.215,17383159.401332,XRP-USD,6h
2025-08-11 12:00:00,3.1774,3.2356,3.2144,3.1928,22602882.872114,XRP-USD,6h
2025-08-11 18:00:00,3.1177,3.2099,3.1925,3.1299,24873645.222844,XRP-USD,6h
2025-08-12 00:00:00,3.1228,3.1766,3.1297,3.1422,13046471.334467,XRP-USD,6h
2025-08-12 06:00:00,3.105,3.1642,3.142,3.1501,9943452.337158,XRP-USD,6h
2025-08-12 12:00:00,3.1421,3.252,3.1497,3.2306,29326971.355972,XRP-USD,6h
2025-08-12 18:00:00,3.228,3.3069,3.2308,3.2669,28119962.124487,XRP-USD,6h
2025-08-13 00:00:00,3.2052,3.2668,3.2667,3.2183,17276555.502082,XRP-USD,6h
2025-08-13 06:00:00,3.2021,3.2992,3.2182,3.2852,15610653.323143,XRP-USD,6h
2025-08-13 12:00:00,3.2288,3.335,3.285,3.2756,33871206.107743,XRP-USD,6h
2025-08-13 18:00:00,3.2452,3.2955,3.2755,3.2759,21344773.976923,XRP-USD,6h
2025-08-14 00:00:00,3.2711,3.3527,3.2759,3.2761,26444194.590053,XRP-USD,6h
2025-08-14 06:00:00,3.2,3.2764,3.2759,3.2199,19422177.368602,XRP-USD,6h
2025-08-14 12:00:00,3.0,3.2375,3.2195,3.0806,68644414.837443,XRP-USD,6h
2025-08-14 18:00:00,3.031,3.1017,3.0806,3.0812,23716382.46093,XRP-USD,6h
2025-08-15 00:00:00,3.0739,3.1365,3.0811,3.1359,13682782.685842,XRP-USD,6h
2025-08-15 06:00:00,3.0987,3.1452,3.1358,3.1129,8984276.87448,XRP-USD,6h
2025-08-15 12:00:00,3.0039,3.143,3.113,3.0587,32499367.712832,XRP-USD,6h
2025-08-15 18:00:00,3.0498,3.1007,3.0584,3.08,19037681.998425,XRP-USD,6h
2025-08-16 00:00:00,3.0735,3.1199,3.0797,3.0971,8503496.466126,XRP-USD,6h
2025-08-16 06:00:00,3.0912,3.158,3.0972,3.1063,11168636.364636,XRP-USD,6h
2025-08-16 12:00:00,3.0962,3.1289,3.1064,3.0978,8874505.036552,XRP-USD,6h
2025-08-16 18:00:00,3.0922,3.1108,3.0977,3.1072,7430981.73788,XRP-USD,6h
2025-08-17 00:00:00,3.0848,3.1411,3.1074,3.124,9371041.5125,XRP-USD,6h
2025-08-17 06:00:00,3.113,3.1426,3.124,3.1296,4250271.731063,XRP-USD,6h
2025-08-17 12:00:00,3.1059,3.1499,3.1296,3.1091,11926116.178125,XRP-USD,6h
2025-08-17 18:00:00,3.0788,3.1155,3.1091,3.0894,9988514.135945,XRP-USD,6h
2025-08-18 00:00:00,2.9702,3.0935,3.0893,2.9944,31431248.772882,XRP-USD,6h
2025-08-18 06:00:00,2.942,2.9944,2.9944,2.9666,22702977.75918,XRP-USD,6h
2025-08-18 12:00:00,2.9618,3.0986,2.9666,3.0723,25460882.823537,XRP-USD,6h
2025-08-18 18:00:00,3.0445,3.0977,3.0723,3.0624,17650901.900954,XRP-USD,6h
2025-08-19 00:00:00,2.9742,3.0825,3.0624,3.0157,16797499.867472,XRP-USD,6h
2025-08-19 06:00:00,2.9922,3.0272,3.0157,3.0169,9457633.057281,XRP-USD,6h
2025-08-19 12:00:00,2.8963,3.0397,3.0168,2.9297,34249307.09385,XRP-USD,6h
2025-08-19 18:00:00,2.8481,2.9336,2.9297,2.8601,38274005.592983,XRP-USD,6h
2025-08-20 00:00:00,2.8492,2.9018,2.8604,2.9007,17056269.121991,XRP-USD,6h
2025-08-20 06:00:00,2.8593,2.9151,2.9002,2.8892,20023162.735869,XRP-USD,6h
2025-08-20 12:00:00,2.81,2.9566,2.8892,2.9443,40594369.514022,XRP-USD,6h
2025-08-20 18:00:00,2.9062,2.9915,2.9443,2.9512,20494291.601288,XRP-USD,6h
2025-08-21 00:00:00,2.9116,2.9588,2.9512,2.9311,12192712.402147,XRP-USD,6h
2025-08-21 06:00:00,2.8851,2.9311,2.9311,2.9019,9110902.951135,XRP-USD,6h
2025-08-21 12:00:00,2.8724,2.9237,2.9018,2.9014,20389894.32964,XRP-USD,6h
2025-08-21 18:00:00,2.8414,2.9193,2.9013,2.8509,23941072.826029,XRP-USD,6h
2025-08-22 00:00:00,2.8223,2.8843,2.8509,2.8706,16099427.984933,XRP-USD,6h
2025-08-22 06:00:00,2.8037,2.8761,2.8704,2.8051,15716557.473226,XRP-USD,6h
2025-08-22 12:00:00,2.781,3.0962,2.8051,3.0667,79811627.066465,XRP-USD,6h
2025-08-22 18:00:00,3.0441,3.1052,3.0667,3.0721,35296442.602188,XRP-USD,6h
2025-08-23 00:00:00,2.967,3.0733,3.0725,3.0488,20796438.684742,XRP-USD,6h
2025-08-23 06:00:00,3.0276,3.0736,3.0489,3.0416,9842866.219552,XRP-USD,6h
2025-08-23 12:00:00,3.0058,3.0462,3.042,3.0172,10085032.805419,XRP-USD,6h
2025-08-23 18:00:00,3.0132,3.0567,3.0172,3.0475,7312539.045954,XRP-USD,6h
2025-08-24 00:00:00,3.0406,3.0879,3.0477,3.0489,9900957.67322,XRP-USD,6h
2025-08-24 06:00:00,2.9967,3.0494,3.0489,3.0083,6820664.34615,XRP-USD,6h
2025-08-24 12:00:00,3.0054,3.0639,3.0082,3.0507,11206883.032003,XRP-USD,6h
2025-08-24 18:00:00,2.9876,3.1278,3.0509,3.0253,39245596.795677,XRP-USD,6h
2025-08-25 00:00:00,2.9737,3.0529,3.0253,2.9922,13495786.412332,XRP-USD,6h
2025-08-25 06:00:00,2.9186,2.9934,2.9919,2.9432,17065666.844437,XRP-USD,6h
2025-08-25 12:00:00,2.9273,2.9747,2.9425,2.9642,18453478.374814,XRP-USD,6h
2025-08-25 18:00:00,2.823,2.9666,2.9643,2.8588,48406649.609047,XRP-USD,6h
2025-08-26 00:00:00,2.8463,2.9305,2.8589,2.9196,21837532.684172,XRP-USD,6h
2025-08-26 06:00:00,2.8905,2.9357,2.9196,2.9015,12256244.025753,XRP-USD,6h
2025-08-26 12:00:00,2.8873,2.9639,2.9017,2.9627,27104164.342484,XRP-USD,6h
2025-08-26 18:00:00,2.96,3.0828,2.9628,3.0128,34253160.584547,XRP-USD,6h
2025-08-27 00:00:00,2.9808,3.0277,3.0128,3.015,11771474.443527,XRP-USD,6h
2025-08-27 06:00:00,2.9843,3.0236,3.0149,2.9986,10740848.380368,XRP-USD,6h
2025-08-27 12:00:00,2.9885,3.0386,2.9986,3.036,26755980.387366,XRP-USD,6h
2025-08-27 18:00:00,2.962,3.0458,3.036,2.9687,37460717.665728,XRP-USD,6h
2025-08-28 00:00:00,2.953,3.0135,2.9683,3.0003,12365140.034469,XRP-USD,6h
2025-08-28 06:00:00,2.9902,3.0161,3.0004,3.0088,10090440.604141,XRP-USD,6h
2025-08-28 12:00:00,2.9585,3.026,3.0088,2.9799,32542964.306161,XRP-USD,6h
2025-08-28 18:00:00,2.9431,2.9876,2.9799,2.966,14245301.847428,XRP-USD,6h
2025-08-29 00:00:00,2.9001,2.9767,2.966,2.9105,19164756.714934,XRP-USD,6h
2025-08-29 06:00:00,2.844,2.9126,2.9105,2.8773,21965359.519846,XRP-USD,6h
2025-08-29 12:00:00,2.8144,2.9241,2.8771,2.8183,51489286.044515,XRP-USD,6h
2025-08-29 18:00:00,2.7735,2.8382,2.8183,2.8195,30627432.230018,XRP-USD,6h
2025-08-30 00:00:00,2.7612,2.8355,2.8195,2.8272,13588272.325233,XRP-USD,6h
2025-08-30 06:00:00,2.7958,2.8349,2.8273,2.8104,7261616.257096,XRP-USD,6h
2025-08-30 12:00:00,2.7747,2.8188,2.8104,2.8071,12619301.471501,XRP-USD,6h
2025-08-30 18:00:00,2.8,2.8195,2.8068,2.8186,8111958.652133,XRP-USD,6h
2025-08-31 00:00:00,2.8185,2.8698,2.8185,2.8369,15830345.278084,XRP-USD,6h
2025-08-31 06:00:00,2.8124,2.8447,2.8369,2.8242,4519794.701628,XRP-USD,6h
2025-08-31 12:00:00,2.8015,2.8255,2.824,2.8093,8333899.661162,XRP-USD,6h
2025-08-31 18:00:00,2.7705,2.8212,2.8092,2.7757,12145052.358213,XRP-USD,6h
2025-09-01 00:00:00,2.7014,2.7796,2.7757,2.7335,32955621.385933,XRP-USD,6h
2025-09-01 06:00:00,2.7192,2.8396,2.7334,2.7698,22822879.876298,XRP-USD,6h
2025-09-01 12:00:00,2.72,2.7808,2.7696,2.7272,22729355.991604,XRP-USD,6h
2025-09-01 18:00:00,2.6993,2.7752,2.7271,2.7592,25301331.754445,XRP-USD,6h
2025-09-02 00:00:00,2.748,2.8161,2.7587,2.8107,14995012.212918,XRP-USD,6h
2025-09-02 06:00:00,2.7858,2.833,2.8109,2.7989,9674589.118386,XRP-USD,6h
2025-09-02 12:00:00,2.7622,2.8464,2.7991,2.8058,31824108.733262,XRP-USD,6h
2025-09-02 18:00:00,2.7931,2.8647,2.8057,2.8623,24813885.379508,XRP-USD,6h
2025-09-03 00:00:00,2.8242,2.8652,2.8621,2.8271,14038668.461996,XRP-USD,6h
2025-09-03 06:00:00,2.8112,2.8641,2.8272,2.8576,11232485.078606,XRP-USD,6h
2025-09-03 12:00:00,2.8428,2.8874,2.8577,2.8627,17632517.873419,XRP-USD,6h
2025-09-03 18:00:00,2.8393,2.8685,2.8629,2.8452,19872551.901191,XRP-USD,6h
2025-09-04 00:00:00,2.8263,2.8626,2.8451,2.834,11909178.39499,XRP-USD,6h
2025-09-04 06:00:00,2.8149,2.8561,2.834,2.842,9738795.283403,XRP-USD,6h
2025-09-04 12:00:00,2.8014,2.8493,2.842,2.8156,17449591.633156,XRP-USD,6h
2025-09-04 18:00:00,2.7845,2.8252,2.8156,2.7944,15659370.749459,XRP-USD,6h
2025-09-05 00:00:00,2.7777,2.8213,2.7942,2.8124,9265752.74715,XRP-USD,6h
2025-09-05 06:00:00,2.8045,2.8542,2.8124,2.8443,9266091.770287,XRP-USD,6h
2025-09-05 12:00:00,2.7994,2.8855,2.8444,2.8176,28479579.979599,XRP-USD,6h
2025-09-05 18:00:00,2.813,2.8657,2.8175,2.814,16246822.072685,XRP-USD,6h
2025-09-06 00:00:00,2.8118,2.8288,2.814,2.8139,6603436.120833,XRP-USD,6h
2025-09-06 06:00:00,2.8005,2.8214,2.8139,2.8064,2720521.316195,XRP-USD,6h
2025-09-06 12:00:00,2.7978,2.8179,2.8064,2.7999,5663803.10169,XRP-USD,6h
2025-09-06 18:00:00,2.7928,2.8131,2.7998,2.8099,5603621.695201,XRP-USD,6h
2025-09-07 00:00:00,2.8096,2.8266,2.8099,2.8247,4538074.877443,XRP-USD,6h
2025-09-07 06:00:00,2.8186,2.8374,2.8247,2.832,3381861.36958,XRP-USD,6h
2025-09-07 12:00:00,2.8289,2.9272,2.832,2.8594,22053226.371902,XRP-USD,6h
2025-09-07 18:00:00,2.8502,2.8927,2.8593,2.8769,12678758.900199,XRP-USD,6h
2025-09-08 00:00:00,2.8626,2.8995,2.877,2.8927,10730526.161756,XRP-USD,6h
2025-09-08 06:00:00,2.8741,2.9551,2.8927,2.9361,19385791.996764,XRP-USD,6h
2025-09-08 12:00:00,2.9337,2.9962,2.9361,2.9696,32354509.331014,XRP-USD,6h
2025-09-08 18:00:00,2.9549,2.985,2.9697,2.9692,17575347.748686,XRP-USD,6h
2025-09-09 00:00:00,2.9341,2.978,2.9691,2.9654,12799399.763938,XRP-USD,6h
2025-09-09 06:00:00,2.9626,3.0367,2.9653,3.0045,23406401.020591,XRP-USD,6h
2025-09-09 12:00:00,2.9365,3.0306,3.0043,2.9547,23179124.319929,XRP-USD,6h
2025-09-09 18:00:00,2.9397,2.9731,2.9546,2.947,10350137.245275,XRP-USD,6h
2025-09-10 00:00:00,2.9347,2.965,2.9471,2.9605,8444581.550556,XRP-USD,6h
2025-09-10 06:00:00,2.9458,2.9876,2.9604,2.9721,8401217.800932,XRP-USD,6h
2025-09-10 12:00:00,2.9711,3.0244,2.9721,3.0035,20442511.467855,XRP-USD,6h
2025-09-10 18:00:00,2.9674,3.0075,3.0033,2.9836,12519246.03186,XRP-USD,6h
2025-09-11 00:00:00,2.9774,3.015,2.9835,3.0077,8664044.675369,XRP-USD,6h
2025-09-11 06:00:00,2.9923,3.0348,3.0076,3.0089,10698966.426745,XRP-USD,6h
2025-09-11 12:00:00,2.951,3.0348,3.009,3.015,24628113.312834,XRP-USD,6h
2025-09-11 18:00:00,3.0079,3.0499,3.0149,3.0405,20850045.949795,XRP-USD,6h
2025-09-12 00:00:00,3.0293,3.0742,3.0405,3.0732,17408627.250566,XRP-USD,6h
2025-09-12 06:00:00,3.0378,3.0735,3.0731,3.0398,10593036.86011,XRP-USD,6h
2025-09-12 12:00:00,3.0176,3.0746,3.0398,3.0669,25735855.196686,XRP-USD,6h
2025-09-12 18:00:00,3.0612,3.1394,3.0669,3.1067,36805576.827101,XRP-USD,6h
2025-09-13 00:00:00,3.0916,3.126,3.1071,3.1027,9056295.750864,XRP-USD,6h
2025-09-13 06:00:00,3.102,3.1879,3.1027,3.1745,17843954.23003,XRP-USD,6h
2025-09-13 12:00:00,3.09,3.1831,3.1744,3.114,24060378.730322,XRP-USD,6h
2025-09-13 18:00:00,3.1028,3.1304,3.1139,3.121,9249164.339166,XRP-USD,6h
2025-09-14 00:00:00,3.0768,3.1278,3.1209,3.1091,14418023.836108,XRP-USD,6h
2025-09-14 06:00:00,3.0556,3.1104,3.1091,3.0602,6561427.395307,XRP-USD,6h
2025-09-14 12:00:00,3.0116,3.0679,3.0608,3.0557,15002693.346401,XRP-USD,6h
2025-09-14 18:00:00,3.026,3.0583,3.0557,3.029,13599235.20543,XRP-USD,6h
2025-09-15 00:00:00,3.0133,3.0683,3.029,3.0675,9484069.577573,XRP-USD,6h
2025-09-15 06:00:00,2.9528,3.0683,3.0674,3.0008,21231072.962744,XRP-USD,6h
2025-09-15 12:00:00,2.9852,3.0447,3.0008,3.01,19692751.161653,XRP-USD,6h
2025-09-15 18:00:00,2.9801,3.0172,3.0099,2.9975,14538438.208094,XRP-USD,6h
2025-09-16 00:00:00,2.9651,3.0087,2.9974,3.0054,8959052.523354,XRP-USD,6h
2025-09-16 06:00:00,2.979,3.0501,3.0053,3.03,8495619.312112,XRP-USD,6h
2025-09-16 12:00:00,3.0005,3.0596,3.0299,3.0481,18594431.717222,XRP-USD,6h
2025-09-16 18:00:00,3.0355,3.0593,3.0483,3.0382,12333614.034061,XRP-USD,6h
2025-09-17 00:00:00,3.0062,3.0486,3.038,3.0213,15499965.666801,XRP-USD,6h
2025-09-17 06:00:00,3.0051,3.0405,3.0213,3.0105,9950156.866118,XRP-USD,6h
2025-09-17 12:00:00,3.0098,3.0689,3.0105,3.0187,15266715.514551,XRP-USD,6h
2025-09-17 18:00:00,2.9808,3.1089,3.0195,3.0854,39864827.223746,XRP-USD,6h
2025-09-18 00:00:00,3.0714,3.1133,3.0854,3.0817,17036767.935127,XRP-USD,6h
2025-09-18 06:00:00,3.0562,3.1388,3.0816,3.1379,11508371.592951,XRP-USD,6h
2025-09-18 12:00:00,3.097,3.1416,3.138,3.1088,24189547.088888,XRP-USD,6h
2025-09-18 18:00:00,3.0611,3.1198,3.1085,3.0741,15344047.010245,XRP-USD,6h
2025-09-19 00:00:00,3.0253,3.0955,3.0741,3.0498,12237643.078217,XRP-USD,6h
2025-09-19 06:00:00,3.0233,3.0494,3.0494,3.032,7689115.692615,XRP-USD,6h
2025-09-19 12:00:00,2.9904,3.0482,3.032,2.9981,17873244.827979,XRP-USD,6h
2025-09-19 18:00:00,2.9802,3.012,2.9979,2.991,16397719.578814,XRP-USD,6h
2025-09-20 00:00:00,2.9812,3.0044,2.9909,3.0042,5626751.819246,XRP-USD,6h
2025-09-20 06:00:00,2.9762,3.0115,3.0042,2.9908,4100965.408533,XRP-USD,6h
2025-09-20 12:00:00,2.9677,2.9981,2.9907,2.9844,8426212.204815,XRP-USD,6h
2025-09-20 18:00:00,2.9717,2.9875,2.9843,2.9768,5684643.071848,XRP-USD,6h
2025-09-21 00:00:00,2.9744,3.0154,2.9769,3.0073,5216954.615433,XRP-USD,6h
2025-09-21 06:00:00,2.9635,3.0134,3.0074,2.9774,5015181.502396,XRP-USD,6h
2025-09-21 12:00:00,2.9544,2.9902,2.9775,2.9752,7821031.402075,XRP-USD,6h
2025-09-21 18:00:00,2.9661,2.9944,2.9753,2.9719,8071119.190536,XRP-USD,6h
2025-09-22 00:00:00,2.8484,2.9771,2.9717,2.8491,27584309.160207,XRP-USD,6h
2025-09-22 06:00:00,2.69,2.8537,2.8491,2.8187,33675221.867284,XRP-USD,6h
2025-09-22 12:00:00,2.8066,2.8785,2.8187,2.8593,25904102.303026,XRP-USD,6h
2025-09-22 18:00:00,2.8158,2.8652,2.8592,2.8549,20454710.599593,XRP-USD,6h
2025-09-23 00:00:00,2.8014,2.8776,2.8549,2.8677,14703556.639686,XRP-USD,6h
2025-09-23 06:00:00,2.8511,2.8867,2.868,2.8603,10500724.504992,XRP-USD,6h
2025-09-23 12:00:00,2.8453,2.8985,2.8602,2.849,15247563.743825,XRP-USD,6h
2025-09-23 18:00:00,2.8175,2.872,2.8492,2.825,19987821.142647,XRP-USD,6h
2025-09-24 00:00:00,2.7902,2.8618,2.825,2.8582,16110831.587034,XRP-USD,6h
2025-09-24 06:00:00,2.8512,2.886,2.8581,2.8814,8008555.528747,XRP-USD,6h
2025-09-24 12:00:00,2.8729,2.9576,2.8812,2.945,18918088.893828,XRP-USD,6h
2025-09-24 18:00:00,2.9233,2.9969,2.9453,2.9265,23128999.121049,XRP-USD,6h
2025-09-25 00:00:00,2.833,2.9452,2.9263,2.8658,22060787.781458,XRP-USD,6h
2025-09-25 06:00:00,2.8087,2.8662,2.8657,2.8165,14858017.987034,XRP-USD,6h
2025-09-25 12:00:00,2.7245,2.8625,2.8163,2.7379,42023673.682439,XRP-USD,6h
2025-09-25 18:00:00,2.7327,2.8146,2.7376,2.7445,33701355.632602,XRP-USD,6h
2025-09-26 00:00:00,2.7397,2.7801,2.7444,2.7538,19727010.303272,XRP-USD,6h
2025-09-26 06:00:00,2.7001,2.7733,2.7547,2.7296,18386350.114113,XRP-USD,6h
2025-09-26 12:00:00,2.7006,2.7989,2.7294,2.7948,32446952.565843,XRP-USD,6h
2025-09-26 18:00:00,2.7706,2.8116,2.7947,2.7844,19404680.344847,XRP-USD,6h
2025-09-27 00:00:00,2.7684,2.7935,2.7844,2.7916,7400280.012651,XRP-USD,6h
2025-09-27 06:00:00,2.7632,2.8035,2.7916,2.7785,5177865.379401,XRP-USD,6h
2025-09-27 12:00:00,2.7641,2.79,2.7785,2.7851,5758742.049787,XRP-USD,6h
2025-09-27 18:00:00,2.7836,2.8303,2.7851,2.8058,8049757.891519,XRP-USD,6h
2025-09-28 00:00:00,2.7786,2.8162,2.8057,2.7827,6377556.291347,XRP-USD,6h
2025-09-28 06:00:00,2.772,2.7956,2.7825,2.7771,2701232.785862,XRP-USD,6h
2025-09-28 12:00:00,2.7671,2.8348,2.7771,2.8242,8774246.726316,XRP-USD,6h
2025-09-28 18:00:00,2.8167,2.87,2.8244,2.8687,10999969.90536,XRP-USD,6h
2025-09-29 00:00:00,2.8493,2.8856,2.8689,2.8603,14696299.138085,XRP-USD,6h
2025-09-29 06:00:00,2.8462,2.9056,2.8603,2.8562,8468972.133716,XRP-USD,6h
2025-09-29 12:00:00,2.8458,2.93,2.8561,2.8837,22714272.782574,XRP-USD,6h
2025-09-29 18:00:00,2.8678,2.9159,2.8836,2.881,16281727.253624,XRP-USD,6h
2025-09-30 00:00:00,2.8696,2.9039,2.8809,2.8952,9310309.928869,XRP-USD,6h
2025-09-30 06:00:00,2.8353,2.9085,2.895,2.8481,10064112.365348,XRP-USD,6h
2025-09-30 12:00:00,2.814,2.8641,2.8479,2.8283,14530623.45383,XRP-USD,6h
2025-09-30 18:00:00,2.8215,2.8799,2.8283,2.8471,21187460.982669,XRP-USD,6h
2025-10-01 00:00:00,2.8147,2.8603,2.8469,2.8467,11035593.076922,XRP-USD,6h
2025-10-01 06:00:00,2.831,2.9539,2.8465,2.9451,17755304.870655,XRP-USD,6h
2025-10-01 12:00:00,2.9195,2.9601,2.9451,2.922,21561693.845859,XRP-USD,6h
2025-10-01 18:00:00,2.9217,2.9632,2.9221,2.9497,16040188.064217,XRP-USD,6h
2025-10-02 00:00:00,2.9411,2.9895,2.9496,2.9668,18149099.344265,XRP-USD,6h
2025-10-02 06:00:00,2.9645,2.9983,2.9666,2.9735,11113330.242291,XRP-USD,6h
2025-10-02 12:00:00,2.9472,3.06,2.9733,3.0365,39692511.676981,XRP-USD,6h
2025-10-02 18:00:00,3.0273,3.1034,3.0364,3.0401,35798489.462047,XRP-USD,6h
2025-10-03 00:00:00,3.0056,3.0419,3.0401,3.0231,11357296.574609,XRP-USD,6h
2025-10-03 06:00:00,3.014,3.0619,3.0232,3.0405,12520397.055874,XRP-USD,6h
2025-10-03 12:00:00,3.0101,3.097,3.0405,3.0307,34936897.604835,XRP-USD,6h
2025-10-03 18:00:00,3.0219,3.0574,3.0309,3.0417,22734888.24098,XRP-USD,6h
2025-10-04 00:00:00,3.0101,3.0551,3.0418,3.0258,12143481.750308,XRP-USD,6h
2025-10-04 06:00:00,2.9833,3.0332,3.0258,2.9923,9219429.435155,XRP-USD,6h
2025-10-04 12:00:00,2.94,3.0087,2.9921,2.949,22584834.748901,XRP-USD,6h
2025-10-04 18:00:00,2.9405,2.974,2.9492,2.9696,14111772.035888,XRP-USD,6h
2025-10-05 00:00:00,2.957,3.0458,2.9697,3.0364,19122597.567673,XRP-USD,6h
2025-10-05 06:00:00,3.0015,3.072,3.0361,3.0222,13360488.575529,XRP-USD,6h
2025-10-05 12:00:00,2.982,3.0222,3.0222,2.989,11648455.808871,XRP-USD,6h
2025-10-05 18:00:00,2.9471,2.9915,2.9889,2.9704,12422642.359103,XRP-USD,6h
2025-10-06 00:00:00,2.9563,2.9936,2.9705,2.9747,11014499.101895,XRP-USD,6h
2025-10-06 06:00:00,2.9664,3.0103,2.9748,2.9969,11041123.844975,XRP-USD,6h
2025-10-06 12:00:00,2.984,3.0499,2.997,3.0381,31983713.229739,XRP-USD,6h
2025-10-06 18:00:00,2.9873,3.0522,3.038,2.989,22136951.957571,XRP-USD,6h
2025-10-07 00:00:00,2.9768,3.0032,2.9888,2.9929,9819042.726215,XRP-USD,6h
2025-10-07 06:00:00,2.9567,2.9929,2.9928,2.9725,10767357.753608,XRP-USD,6h
2025-10-07 12:00:00,2.8723,2.9936,2.9724,2.8793,35270232.782733,XRP-USD,6h
2025-10-07 18:00:00,2.8501,2.8835,2.8794,2.8532,25132491.571614,XRP-USD,6h
2025-10-08 00:00:00,2.8319,2.881,2.8533,2.8566,14159961.00862,XRP-USD,6h
2025-10-08 06:00:00,2.8436,2.8827,2.8566,2.8777,9392465.960134,XRP-USD,6h
2025-10-08 12:00:00,2.8531,2.9263,2.8777,2.9212,22080211.30139,XRP-USD,6h
2025-10-08 18:00:00,2.8768,2.9241,2.9213,2.8801,20485060.339393,XRP-USD,6h
2025-10-09 00:00:00,2.8251,2.881,2.8799,2.8349,12963059.654441,XRP-USD,6h
2025-10-09 06:00:00,2.7866,2.8351,2.8349,2.8277,15299159.165369,XRP-USD,6h
2025-10-09 12:00:00,2.7738,2.8419,2.8275,2.8072,25902955.476968,XRP-USD,6h
2025-10-09 18:00:00,2.776,2.8185,2.8068,2.8034,18906952.582619,XRP-USD,6h
2025-10-10 00:00:00,2.7919,2.8315,2.8035,2.8277,10586780.120468,XRP-USD,6h
2025-10-10 06:00:00,2.7996,2.832,2.8275,2.8198,7558664.642288,XRP-USD,6h
2025-10-10 12:00:00,2.7114,2.8386,2.8197,2.7247,45406035.518469,XRP-USD,6h
2025-10-10 18:00:00,1.771,2.7328,2.7247,2.3749,270304454.261856,XRP-USD,6h
2025-10-11 00:00:00,2.305,2.4591,2.3749,2.4064,83359230.616505,XRP-USD,6h
2025-10-11 06:00:00,2.4006,2.5087,2.4066,2.4798,35718489.812376,XRP-USD,6h
2025-10-11 12:00:00,2.418,2.4958,2.4797,2.4826,28446449.392016,XRP-USD,6h
2025-10-11 18:00:00,2.3246,2.4834,2.4827,2.3844,42913122.383894,XRP-USD,6h
2025-10-12 00:00:00,2.3141,2.3898,2.3846,2.3756,24450028.057564,XRP-USD,6h
2025-10-12 06:00:00,2.3706,2.4119,2.3757,2.3983,10503465.714103,XRP-USD,6h
2025-10-12 12:00:00,2.3619,2.5473,2.3984,2.5304,61292893.539487,XRP-USD,6h
2025-10-12 18:00:00,2.5052,2.5861,2.5304,2.5307,33004068.096389,XRP-USD,6h
2025-10-13 00:00:00,2.515,2.5827,2.5309,2.5513,20188388.157563,XRP-USD,6h
2025-10-13 06:00:00,2.5358,2.6447,2.5516,2.5717,24394439.272827,XRP-USD,6h
2025-10-13 12:00:00,2.5524,2.6277,2.5715,2.6245,43776812.219374,XRP-USD,6h
2025-10-13 18:00:00,2.6,2.6479,2.6242,2.6073,28974760.198647,XRP-USD,6h
2025-10-14 00:00:00,2.4984,2.6228,2.6074,2.5078,27297494.586716,XRP-USD,6h
2025-10-14 06:00:00,2.4139,2.5209,2.5074,2.4539,31437592.140282,XRP-USD,6h
2025-10-14 12:00:00,2.3899,2.5397,2.4545,2.507,48545082.588125,XRP-USD,6h
2025-10-14 18:00:00,2.4621,2.5279,2.5072,2.5046,29236181.270588,XRP-USD,6h
2025-10-15 00:00:00,2.4807,2.5271,2.5046,2.5015,11114821.952372,XRP-USD,6h
2025-10-15 06:00:00,2.4781,2.5493,2.5013,2.4946,11560909.712519,XRP-USD,6h
2025-10-15 12:00:00,2.3977,2.5147,2.4945,2.4353,39385506.52576,XRP-USD,6h
2025-10-15 18:00:00,2.3765,2.444,2.4348,2.4123,24572543.856218,XRP-USD,6h
2025-10-16 00:00:00,2.3981,2.4366,2.4121,2.4075,12403889.033084,XRP-USD,6h
2025-10-16 06:00:00,2.3541,2.4583,2.4077,2.4534,19578539.207414,XRP-USD,6h
2025-10-16 12:00:00,2.3369,2.4678,2.4534,2.3678,46429545.187398,XRP-USD,6h
2025-10-16 18:00:00,2.2593,2.3684,2.3678,2.3282,50281709.670006,XRP-USD,6h
2025-10-17 00:00:00,2.3198,2.4,2.3283,2.3331,22354728.143168,XRP-USD,6h
2025-10-17 06:00:00,2.1895,2.3463,2.3337,2.283,58501750.594075,XRP-USD,6h
2025-10-17 12:00:00,2.2403,2.3282,2.2829,2.2932,44112745.550854,XRP-USD,6h
2025-10-17 18:00:00,2.2901,2.3431,2.2932,2.2941,29693536.631507,XRP-USD,6h
2025-10-18 00:00:00,2.2898,2.3445,2.2943,2.3328,12207772.519625,XRP-USD,6h
2025-10-18 06:00:00,2.3328,2.3805,2.3334,2.3799,10608873.91985,XRP-USD,6h
2025-10-18 12:00:00,2.3341,2.3925,2.3799,2.37,13595586.926913,XRP-USD,6h
2025-10-18 18:00:00,2.3513,2.3756,2.3695,2.3602,9336036.863685,XRP-USD,6h
2025-10-19 00:00:00,2.337,2.37,2.3602,2.3536,8772485.191041,XRP-USD,6h
2025-10-19 06:00:00,2.318,2.399,2.3534,2.3756,14752313.963387,XRP-USD,6h
2025-10-19 12:00:00,2.3625,2.4205,2.3758,2.3975,20793947.413648,XRP-USD,6h
2025-10-19 18:00:00,2.3871,2.4131,2.3976,2.3913,10880147.303784,XRP-USD,6h
2025-10-20 00:00:00,2.3552,2.4574,2.3913,2.4572,17570246.903621,XRP-USD,6h
2025-10-20 06:00:00,2.4527,2.4813,2.4575,2.4582,8116593.331161,XRP-USD,6h
2025-10-20 12:00:00,2.4278,2.4866,2.4583,2.4602,13805705.571782,XRP-USD,6h
2025-10-20 18:00:00,2.4552,2.5544,2.46,2.4956,22447439.926515,XRP-USD,6h
2025-10-21 00:00:00,2.4185,2.4959,2.4955,2.4248,12490949.003779,XRP-USD,6h
2025-10-21 06:00:00,2.4019,2.4378,2.4249,2.433,10850959.878554,XRP-USD,6h
2025-10-21 12:00:00,2.4085,2.5334,2.4329,2.4939,27986495.72764,XRP-USD,6h
2025-10-21 18:00:00,2.4159,2.5024,2.4941,2.4232,22792867.78382,XRP-USD,6h
2025-10-22 00:00:00,2.3926,2.4392,2.4231,2.4074,12048869.497516,XRP-USD,6h
2025-10-22 06:00:00,2.3654,2.4138,2.4073,2.3976,11608447.533115,XRP-USD,6h
2025-10-22 12:00:00,2.3676,2.4175,2.3976,2.3795,22329412.802615,XRP-USD,6h
2025-10-22 18:00:00,2.3248,2.3971,2.3795,2.3648,26383998.698197,XRP-USD,6h
2025-10-23 00:00:00,2.3619,2.3964,2.3649,2.3954,8089962.377941,XRP-USD,6h
2025-10-23 06:00:00,2.3904,2.4201,2.3956,2.3917,6149816.955456,XRP-USD,6h
2025-10-23 12:00:00,2.3756,2.4273,2.3914,2.4219,15064522.650522,XRP-USD,6h
2025-10-23 18:00:00,2.3785,2.4233,2.422,2.3956,12717424.169233,XRP-USD,6h
2025-10-24 00:00:00,2.3869,2.446,2.3955,2.4431,11632074.28057,XRP-USD,6h
2025-10-24 06:00:00,2.4297,2.4652,2.4432,2.4565,9797515.288016,XRP-USD,6h
2025-10-24 12:00:00,2.4567,2.5154,2.4567,2.475,32427382.490867,XRP-USD,6h
2025-10-24 18:00:00,2.4721,2.516,2.475,2.5108,19356612.653901,XRP-USD,6h
2025-10-25 00:00:00,2.5026,2.5708,2.5108,2.5578,17755898.420416,XRP-USD,6h
2025-10-25 06:00:00,2.5271,2.5716,2.5581,2.5649,7187430.129187,XRP-USD,6h
2025-10-25 12:00:00,2.5606,2.62,2.5649,2.6082,8454300.311492,XRP-USD,6h
2025-10-25 18:00:00,2.5882,2.6091,2.6025,2.5965,6032004.098158,XRP-USD,6h
2025-10-26 00:00:00,2.5925,2.6291,2.5962,2.6146,7950681.515267,XRP-USD,6h
2025-10-26 06:00:00,2.6116,2.6624,2.6146,2.6471,10290558.984363,XRP-USD,6h
2025-10-26 12:00:00,2.6205,2.657,2.647,2.6226,12843579.95352,XRP-USD,6h
2025-10-26 18:00:00,2.5979,2.6619,2.6224,2.6458,19456313.163751,XRP-USD,6h
2025-10-27 00:00:00,2.6228,2.6749,2.646,2.6464,18146259.889389,XRP-USD,6h
2025-10-27 06:00:00,2.605,2.6598,2.6463,2.6259,8669631.767054,XRP-USD,6h
2025-10-27 12:00:00,2.6011,2.6954,2.6257,2.6917,23888292.187003,XRP-USD,6h
2025-10-27 18:00:00,2.6233,2.6975,2.6916,2.634,22262939.136203,XRP-USD,6h
2025-10-28 00:00:00,2.609,2.6536,2.6338,2.621,11122861.611159,XRP-USD,6h
2025-10-28 06:00:00,2.6122,2.6683,2.6211,2.6412,7334111.126402,XRP-USD,6h
2025-10-28 12:00:00,2.6042,2.6887,2.6409,2.6601,21553604.617,XRP-USD,6h
2025-10-28 18:00:00,2.5681,2.68,2.6603,2.604,33896843.388109,XRP-USD,6h
2025-10-29 00:00:00,2.5995,2.6292,2.6039,2.6196,10266833.810117,XRP-USD,6h
2025-10-29 06:00:00,2.6155,2.6616,2.6194,2.6503,7601864.507254,XRP-USD,6h
2025-10-29 12:00:00,2.614,2.6644,2.65,2.6597,17303454.324399,XRP-USD,6h
2025-10-29 18:00:00,2.537,2.6614,2.659,2.5506,36223886.795769,XRP-USD,6h
2025-10-30 00:00:00,2.4874,2.5895,2.5506,2.5588,19991021.422688,XRP-USD,6h
2025-10-30 06:00:00,2.5419,2.5939,2.5586,2.5434,6520800.723084,XRP-USD,6h
2025-10-30 12:00:00,2.4251,2.5509,2.5439,2.4525,35756165.526816,XRP-USD,6h
2025-10-30 18:00:00,2.376,2.4531,2.4525,2.4391,28132136.961008,XRP-USD,6h
2025-10-31 00:00:00,2.4338,2.493,2.4391,2.4838,15145986.166827,XRP-USD,6h
2025-10-31 06:00:00,2.4652,2.5153,2.4838,2.5141,8594996.4273,XRP-USD,6h
2025-10-31 12:00:00,2.4815,2.57,2.5131,2.5052,62365621.057045,XRP-USD,6h
2025-10-31 18:00:00,2.4994,2.5536,2.5052,2.5083,17039621.263619,XRP-USD,6h
2025-11-01 00:00:00,2.4875,2.5222,2.5084,2.5068,6853432.684104,XRP-USD,6h
2025-11-01 06:00:00,2.4966,2.5137,2.5068,2.4994,4458733.787672,XRP-USD,6h
2025-11-01 12:00:00,2.4751,2.5136,2.4994,2.5048,7121562.116788,XRP-USD,6h
2025-11-01 18:00:00,2.4891,2.5121,2.5048,2.5043,5481268.503298,XRP-USD,6h
2025-11-02 00:00:00,2.4939,2.5267,2.5042,2.5209,5771219.389961,XRP-USD,6h
2025-11-02 06:00:00,2.5087,2.5538,2.5209,2.5411,8312051.781322,XRP-USD,6h
2025-11-02 12:00:00,2.4833,2.5509,2.5411,2.5009,9845526.77622,XRP-USD,6h
2025-11-02 18:00:00,2.4779,2.5313,2.5009,2.5263,9310147.82951,XRP-USD,6h
2025-11-03 00:00:00,2.416,2.5329,2.5263,2.431,19020362.61564,XRP-USD,6h
2025-11-03 06:00:00,2.3813,2.4335,2.4306,2.4019,15949839.885699,XRP-USD,6h
2025-11-03 12:00:00,2.2958,2.4296,2.4019,2.3812,30989612.925987,XRP-USD,6h
2025-11-03 18:00:00,2.2617,2.3845,2.3811,2.309,43229889.070028,XRP-USD,6h
2025-11-04 00:00:00,2.2446,2.3651,2.309,2.2495,28546045.748993,XRP-USD,6h
2025-11-04 06:00:00,2.2285,2.308,2.2494,2.2801,31225050.373241,XRP-USD,6h
2025-11-04 12:00:00,2.1953,2.3266,2.2801,2.2294,45250317.235189,XRP-USD,6h
2025-11-04 18:00:00,2.066,2.2304,2.2292,2.2048,89838127.212838,XRP-USD,6h
2025-11-05 00:00:00,2.1011,2.2601,2.2049,2.2422,45402301.389239,XRP-USD,6h
2025-11-05 06:00:00,2.2044,2.2536,2.2422,2.2376,13628274.668093,XRP-USD,6h
2025-11-05 12:00:00,2.2305,2.2898,2.2371,2.2855,33484102.241313,XRP-USD,6h
2025-11-05 18:00:00,2.2769,2.3778,2.2855,2.343,45933423.508511,XRP-USD,6h
2025-11-06 00:00:00,2.3092,2.4159,2.3426,2.3298,27231174.322825,XRP-USD,6h
2025-11-06 06:00:00,2.2873,2.3375,2.3298,2.2999,14227755.47091,XRP-USD,6h
2025-11-06 12:00:00,2.2077,2.3099,2.2997,2.239,35756633.477552,XRP-USD,6h
2025-11-06 18:00:00,2.1788,2.2435,2.239,2.2117,33769688.30022,XRP-USD,6h
2025-11-07 00:00:00,2.1912,2.2371,2.2119,2.235,17123445.31652,XRP-USD,6h
2025-11-07 06:00:00,2.1623,2.2389,2.2352,2.1868,13234564.878274,XRP-USD,6h
2025-11-07 12:00:00,2.1457,2.36,2.1869,2.3082,66647106.491258,XRP-USD,6h
2025-11-07 18:00:00,2.299,2.3722,2.308,2.3143,34747378.093171,XRP-USD,6h
2025-11-08 00:00:00,2.2974,2.337,2.3142,2.3133,20386390.700934,XRP-USD,6h
2025-11-08 06:00:00,2.29,2.3328,2.3134,2.2947,9709771.4518,XRP-USD,6h
2025-11-08 12:00:00,2.2421,2.315,2.2947,2.2703,16725149.036696,XRP-USD,6h
2025-11-08 18:00:00,2.2538,2.2891,2.2694,2.2861,9092510.684804,XRP-USD,6h
2025-11-09 00:00:00,2.2389,2.2866,2.2859,2.2708,11564488.683528,XRP-USD,6h
2025-11-09 06:00:00,2.252,2.2981,2.2707,2.2749,8210282.633287,XRP-USD,6h
2025-11-09 12:00:00,2.2667,2.3333,2.2749,2.3088,15105745.302676,XRP-USD,6h
2025-11-09 18:00:00,2.3014,2.395,2.3089,2.3658,18360709.836754,XRP-USD,6h
2025-11-10 00:00:00,2.3453,2.4776,2.3656,2.4523,39296715.54125,XRP-USD,6h
2025-11-10 06:00:00,2.4415,2.5726,2.4524,2.5407,19610967.148337,XRP-USD,6h
2025-11-10 12:00:00,2.4966,2.5698,2.5406,2.5493,37134967.687451,XRP-USD,6h
2025-11-10 18:00:00,2.5101,2.5812,2.5493,2.5254,38616097.092298,XRP-USD,6h
2025-11-11 00:00:00,2.4716,2.5695,2.5253,2.4751,26184893.273994,XRP-USD,6h
2025-11-11 06:00:00,2.4391,2.4804,2.4748,2.4606,14981549.301613,XRP-USD,6h
2025-11-11 12:00:00,2.4086,2.4712,2.4604,2.4302,25409228.2608,XRP-USD,6h
2025-11-11 18:00:00,2.3776,2.4392,2.4295,2.3905,22141959.060316,XRP-USD,6h
2025-11-12 00:00:00,2.3802,2.4132,2.3907,2.3997,15081407.45174,XRP-USD,6h
2025-11-12 06:00:00,2.3649,2.4398,2.3996,2.4385,15124321.882766,XRP-USD,6h
2025-11-12 12:00:00,2.3256,2.4492,2.4381,2.3489,39615756.694048,XRP-USD,6h
2025-11-12 18:00:00,2.3158,2.3946,2.3488,2.3876,27769923.866478,XRP-USD,6h
2025-11-13 00:00:00,2.3818,2.5119,2.3874,2.4945,37992104.492317,XRP-USD,6h
2025-11-13 06:00:00,2.4719,2.5261,2.4947,2.4944,19156711.768233,XRP-USD,6h
2025-11-13 12:00:00,2.352,2.5184,2.4949,2.3548,41716972.770239,XRP-USD,6h
2025-11-13 18:00:00,2.2751,2.3743,2.3545,2.3207,47002934.078495,XRP-USD,6h
2025-11-14 00:00:00,2.245,2.3371,2.3208,2.3122,30327269.937614,XRP-USD,6h
2025-11-14 06:00:00,2.255,2.3261,2.3123,2.2676,16904228.050344,XRP-USD,6h
2025-11-14 12:00:00,2.2229,2.3393,2.2676,2.3095,50507231.448621,XRP-USD,6h
2025-11-14 18:00:00,2.2239,2.327,2.3094,2.2424,33407870.338934,XRP-USD,6h
2025-11-15 00:00:00,2.2406,2.3018,2.2425,2.275,13831966.803815,XRP-USD,6h
2025-11-15 06:00:00,2.2409,2.2923,2.2748,2.2567,8137544.512212,XRP-USD,6h
2025-11-15 12:00:00,2.227,2.2776,2.2565,2.2601,11681061.24435,XRP-USD,6h
2025-11-15 18:00:00,2.21,2.266,2.2595,2.236,14831348.121097,XRP-USD,6h
2025-11-16 00:00:00,2.1883,2.263,2.2356,2.2572,19821084.392108,XRP-USD,6h
2025-11-16 06:00:00,2.2288,2.2784,2.2572,2.2343,6836595.739844,XRP-USD,6h
2025-11-16 12:00:00,2.1543,2.2458,2.2338,2.1747,23764729.792753,XRP-USD,6h
2025-11-16 18:00:00,2.1637,2.2302,2.1744,2.213,23827483.768655,XRP-USD,6h
2025-11-17 00:00:00,2.1964,2.2664,2.2134,2.2517,20041245.629951,XRP-USD,6h
2025-11-17 06:00:00,2.2476,2.2825,2.2523,2.2705,9406819.564501,XRP-USD,6h
2025-11-17 12:00:00,2.1572,2.305,2.2703,2.1633,46872251.572229,XRP-USD,6h
2025-11-17 18:00:00,2.1119,2.1722,2.1631,2.1613,50174671.500339,XRP-USD,6h
2025-11-18 00:00:00,2.1045,2.176,2.1616,2.1552,37150504.528278,XRP-USD,6h
2025-11-18 06:00:00,2.1225,2.1999,2.1553,2.1808,19724750.012971,XRP-USD,6h
2025-11-18 12:00:00,2.1484,2.238,2.1813,2.2182,42600298.676257,XRP-USD,6h
2025-11-18 18:00:00,2.2012,2.2402,2.2183,2.2163,21030422.408212,XRP-USD,6h
2025-11-19 00:00:00,2.1255,2.2182,2.2158,2.1381,22684898.623489,XRP-USD,6h
2025-11-19 06:00:00,2.1282,2.1698,2.1381,2.1293,17516437.030324,XRP-USD,6h
2025-11-19 12:00:00,2.041,2.1484,2.13,2.0558,55583903.968381,XRP-USD,6h
2025-11-19 18:00:00,2.0232,2.1147,2.0556,2.1077,49513808.560486,XRP-USD,6h
2025-11-20 00:00:00,2.0936,2.1481,2.1075,2.1407,23095416.95685,XRP-USD,6h
2025-11-20 06:00:00,2.1059,2.1462,2.1407,2.1138,12480491.779963,XRP-USD,6h
2025-11-20 12:00:00,1.9784,2.1418,2.1138,2.0034,71818305.780915,XRP-USD,6h
2025-11-20 18:00:00,1.973,2.0508,2.0026,1.9974,53106993.436781,XRP-USD,6h
2025-11-21 00:00:00,1.9546,2.0282,1.9973,1.9785,44619299.390602,XRP-USD,6h
2025-11-21 06:00:00,1.85,1.9828,1.9786,1.8732,61816403.431625,XRP-USD,6h
2025-11-21 12:00:00,1.8171,1.9965,1.8729,1.9749,101109198.899655,XRP-USD,6h
2025-11-21 18:00:00,1.8983,1.9851,1.9748,1.9497,62305074.861962,XRP-USD,6h
2025-11-22 00:00:00,1.9124,1.9623,1.9497,1.9298,28211529.547695,XRP-USD,6h
2025-11-22 06:00:00,1.8934,1.9562,1.9299,1.9159,19739471.747494,XRP-USD,6h
2025-11-22 12:00:00,1.8872,1.95,1.9163,1.9291,21304043.824607,XRP-USD,6h
2025-11-22 18:00:00,1.9189,1.9657,1.9292,1.9497,19057409.276767,XRP-USD,6h
2025-11-23 00:00:00,1.9484,2.075,1.9497,2.0554,41487384.08108,XRP-USD,6h
2025-11-23 06:00:00,2.0153,2.0577,2.0555,2.0307,13810802.393727,XRP-USD,6h
2025-11-23 12:00:00,2.0293,2.0795,2.0304,2.0455,27323536.067391,XRP-USD,6h
2025-11-23 18:00:00,2.0417,2.084,2.0454,2.0485,25345524.433291,XRP-USD,6h
2025-11-24 00:00:00,2.0229,2.1079,2.0482,2.0896,48224465.827216,XRP-USD,6h
2025-11-24 06:00:00,2.0376,2.0918,2.0897,2.0577,18205228.358546,XRP-USD,6h
2025-11-24 12:00:00,2.0473,2.21,2.0576,2.2056,58029512.939134,XRP-USD,6h
2025-11-24 18:00:00,2.1846,2.2878,2.206,2.2267,69683474.519701,XRP-USD,6h
2025-11-25 00:00:00,2.2249,2.2648,2.2267,2.2509,26761832.103557,XRP-USD,6h
2025-11-25 06:00:00,2.1847,2.2529,2.2511,2.1958,18082776.218601,XRP-USD,6h
2025-11-25 12:00:00,2.1581,2.2345,2.196,2.1881,39668021.094718,XRP-USD,6h
2025-11-25 18:00:00,2.1456,2.2168,2.1881,2.2013,37022485.891168,XRP-USD,6h
2025-11-26 00:00:00,2.1699,2.2127,2.201,2.192,15469327.883416,XRP-USD,6h
2025-11-26 06:00:00,2.1681,2.2058,2.192,2.1713,9867001.910942,XRP-USD,6h
2025-11-26 12:00:00,2.1436,2.24,2.1712,2.2338,31654493.635577,XRP-USD,6h
2025-11-26 18:00:00,2.2113,2.2542,2.2338,2.2226,30577933.088644,XRP-USD,6h
2025-11-27 00:00:00,2.1951,2.2346,2.2226,2.2001,19545388.204626,XRP-USD,6h
2025-11-27 06:00:00,2.1836,2.215,2.2001,2.1893,10336365.578037,XRP-USD,6h
2025-11-27 12:00:00,2.1716,2.2187,2.1893,2.2076,17859759.054999,XRP-USD,6h
2025-11-27 18:00:00,2.1955,2.2333,2.2075,2.1994,12209691.960787,XRP-USD,6h
2025-11-28 00:00:00,2.1661,2.2214,2.1993,2.2136,15052235.854211,XRP-USD,6h
2025-11-28 06:00:00,2.1837,2.2487,2.2137,2.1968,13051559.104208,XRP-USD,6h
2025-11-28 12:00:00,2.1667,2.2759,2.1967,2.1762,76262311.339465,XRP-USD,6h
2025-11-28 18:00:00,2.156,2.1951,2.1758,2.1795,19753800.230616,XRP-USD,6h
2025-11-29 00:00:00,2.1729,2.1904,2.1796,2.1817,7919109.528641,XRP-USD,6h
2025-11-29 06:00:00,2.1672,2.215,2.1817,2.2118,9348921.294651,XRP-USD,6h
2025-11-29 12:00:00,2.1926,2.2232,2.2117,2.1987,14372873.231995,XRP-USD,6h
2025-11-29 18:00:00,2.1879,2.2151,2.1995,2.2014,10336132.259534,XRP-USD,6h
2025-11-30 00:00:00,2.1889,2.2133,2.2015,2.1955,6612365.094886,XRP-USD,6h
2025-11-30 06:00:00,2.1833,2.2103,2.1956,2.1886,4936615.157359,XRP-USD,6h
2025-11-30 12:00:00,2.1852,2.2151,2.1888,2.2018,7186381.184345,XRP-USD,6h
2025-11-30 18:00:00,2.1528,2.207,2.2013,2.1551,12906650.338491,XRP-USD,6h
2025-12-01 00:00:00,2.0167,2.161,2.155,2.0281,54668153.915952,XRP-USD,6h
2025-12-01 06:00:00,2.0277,2.0606,2.028,2.0334,14017766.594908,XRP-USD,6h
2025-12-01 12:00:00,1.9822,2.0499,2.0336,1.995,56920283.574463,XRP-USD,6h
2025-12-01 18:00:00,1.9869,2.0439,1.9951,2.0295,38425565.109196,XRP-USD,6h
2025-12-02 00:00:00,2.0023,2.0436,2.0294,2.0165,18244364.953043,XRP-USD,6h
2025-12-02 06:00:00,1.995,2.0418,2.0163,2.0369,12122192.576524,XRP-USD,6h
2025-12-02 12:00:00,2.0265,2.18,2.0369,2.1703,50528257.652618,XRP-USD,6h
2025-12-02 18:00:00,2.1483,2.1839,2.1703,2.1535,33188011.590661,XRP-USD,6h
2025-12-03 00:00:00,2.1413,2.2196,2.1536,2.2034,28661322.715489,XRP-USD,6h
2025-12-03 06:00:00,2.1667,2.2148,2.2035,2.1767,12512909.212985,XRP-USD,6h
2025-12-03 12:00:00,2.1427,2.1997,2.1768,2.1847,32568603.960998,XRP-USD,6h
2025-12-03 18:00:00,2.1686,2.2139,2.1848,2.1977,32257545.65908,XRP-USD,6h
2025-12-04 00:00:00,2.1715,2.2145,2.1978,2.1769,16464560.957577,XRP-USD,6h
2025-12-04 06:00:00,2.1429,2.1852,2.1769,2.1513,12274031.921771,XRP-USD,6h
2025-12-04 12:00:00,2.114,2.1583,2.1514,2.1287,31513100.563297,XRP-USD,6h
2025-12-04 18:00:00,2.07,2.1291,2.1289,2.0963,29573870.778407,XRP-USD,6h
2025-12-05 00:00:00,2.0766,2.1131,2.0963,2.0826,14349021.667243,XRP-USD,6h
2025-12-05 06:00:00,2.0547,2.0991,2.0825,2.0694,10621673.615458,XRP-USD,6h
2025-12-05 12:00:00,2.0177,2.1015,2.0694,2.0363,36072035.979317,XRP-USD,6h
2025-12-05 18:00:00,2.0131,2.0487,2.0362,2.0348,24222328.677142,XRP-USD,6h
2025-12-06 00:00:00,2.018,2.0453,2.0346,2.0445,11012600.154377,XRP-USD,6h
2025-12-06 06:00:00,2.016,2.0511,2.0442,2.0328,5331356.256895,XRP-USD,6h
2025-12-06 12:00:00,2.0221,2.0481,2.0328,2.0338,9901721.35064,XRP-USD,6h
2025-12-06 18:00:00,2.0215,2.0385,2.0332,2.0312,9677180.661901,XRP-USD,6h
2025-12-07 00:00:00,2.0298,2.0742,2.0313,2.0489,12538101.291758,XRP-USD,6h
2025-12-07 06:00:00,2.0243,2.0528,2.0489,2.0335,5374152.895963,XRP-USD,6h
2025-12-07 12:00:00,1.9908,2.0968,2.0341,2.0879,25571077.588335,XRP-USD,6h
2025-12-07 18:00:00,2.0123,2.1114,2.0879,2.0444,23940083.06777,XRP-USD,6h
2025-12-08 00:00:00,2.0322,2.0914,2.0444,2.0784,14756925.526602,XRP-USD,6h
2025-12-08 06:00:00,2.0719,2.1242,2.0784,2.0905,9877886.654254,XRP-USD,6h
2025-12-08 12:00:00,2.0655,2.1119,2.0904,2.0785,20266823.135028,XRP-USD,6h
2025-12-08 18:00:00,2.0627,2.0943,2.0784,2.0724,15055363.569783,XRP-USD,6h
2025-12-09 00:00:00,2.0491,2.0825,2.0724,2.0504,12040208.296555,XRP-USD,6h
2025-12-09 06:00:00,2.0415,2.0704,2.0505,2.0691,6873351.004644,XRP-USD,6h
2025-12-09 12:00:00,2.0489,2.1777,2.0692,2.1493,42098154.910044,XRP-USD,6h
2025-12-09 18:00:00,2.0857,2.158,2.1494,2.1065,30905065.596212,XRP-USD,6h
2025-12-10 00:00:00,2.0801,2.1099,2.1061,2.0888,10564334.848522,XRP-USD,6h
2025-12-10 06:00:00,2.0637,2.099,2.0888,2.0722,10802751.226932,XRP-USD,6h
2025-12-10 12:00:00,2.0568,2.0756,2.0721,2.062,19530845.734446,XRP-USD,6h
2025-12-10 18:00:00,2.0351,2.1124,2.0617,2.042,43028589.739281,XRP-USD,6h
2025-12-11 00:00:00,1.9933,2.0576,2.0421,2.0153,25837319.491716,XRP-USD,6h
2025-12-11 06:00:00,2.001,2.0195,2.0151,2.0088,8518176.330759,XRP-USD,6h
2025-12-11 12:00:00,1.9781,2.0157,2.0089,1.9955,30966258.249954,XRP-USD,6h
2025-12-11 18:00:00,1.9923,2.0575,1.9955,2.0344,28529427.133776,XRP-USD,6h
2025-12-12 00:00:00,2.0154,2.0439,2.0342,2.0367,11014986.618308,XRP-USD,6h
2025-12-12 06:00:00,2.0254,2.0465,2.0367,2.0424,7906055.775466,XRP-USD,6h
2025-12-12 12:00:00,1.9701,2.048,2.0424,1.9966,29345960.516391,XRP-USD,6h
2025-12-12 18:00:00,1.9902,2.026,1.9966,2.0072,19148047.848355,XRP-USD,6h
2025-12-13 00:00:00,2.0067,2.0482,2.0072,2.0316,8380768.822667,XRP-USD,6h
2025-12-13 06:00:00,2.0261,2.0431,2.0315,2.0338,5214160.568994,XRP-USD,6h
2025-12-13 12:00:00,2.0172,2.0436,2.0336,2.0196,9683194.229134,XRP-USD,6h
2025-12-13 18:00:00,2.008,2.0255,2.0194,2.0231,6359042.299847,XRP-USD,6h
2025-12-14 00:00:00,2.0105,2.0308,2.0232,2.0162,5250747.188322,XRP-USD,6h
2025-12-14 06:00:00,1.9904,2.0234,2.016,2.0013,5066218.560464,XRP-USD,6h
2025-12-14 12:00:00,1.984,2.0085,2.0014,1.9877,11526679.750985,XRP-USD,6h
2025-12-14 18:00:00,1.9546,1.9977,1.9875,1.9786,14071843.025334,XRP-USD,6h
2025-12-15 00:00:00,1.975,2.0142,1.9787,2.0009,11148140.513735,XRP-USD,6h
2025-12-15 06:00:00,1.9838,2.0056,2.0009,1.9879,4909877.643824,XRP-USD,6h
2025-12-15 12:00:00,1.8898,1.9882,1.988,1.8915,42440104.329096,XRP-USD,6h
2025-12-15 18:00:00,1.8689,1.9092,1.8913,1.8979,30044823.682294,XRP-USD,6h
2025-12-16 00:00:00,1.852,1.8985,1.8982,1.8819,21823762.549859,XRP-USD,6h
2025-12-16 06:00:00,1.8737,1.9257,1.882,1.9204,11456484.193127,XRP-USD,6h
2025-12-16 12:00:00,1.8986,1.9492,1.9203,1.9161,32223799.168671,XRP-USD,6h
2025-12-16 18:00:00,1.9132,1.9384,1.916,1.9291,15814573.167279,XRP-USD,6h
2025-12-17 00:00:00,1.9052,1.9398,1.9293,1.9198,13009896.933361,XRP-USD,6h
2025-12-17 06:00:00,1.896,1.9309,1.9198,1.9129,7930254.694298,XRP-USD,6h
2025-12-17 12:00:00,1.8698,1.9867,1.913,1.8724,45429782.011412,XRP-USD,6h
2025-12-17 18:00:00,1.8468,1.8837,1.8729,1.8618,30419753.929174,XRP-USD,6h
2025-12-18 00:00:00,1.83,1.8726,1.862,1.831,18942486.454852,XRP-USD,6h
2025-12-18 06:00:00,1.8258,1.8802,1.831,1.8774,11640422.035249,XRP-USD,6h
2025-12-18 12:00:00,1.837,1.933,1.8775,1.8657,45068868.022486,XRP-USD,6h
2025-12-18 18:00:00,1.8001,1.8749,1.8657,1.8067,47682360.704631,XRP-USD,6h
2025-12-19 00:00:00,1.7705,1.8526,1.8066,1.827,40652651.039924,XRP-USD,6h
2025-12-19 06:00:00,1.8242,1.8753,1.827,1.8693,19805756.66743,XRP-USD,6h
2025-12-19 12:00:00,1.8631,1.9078,1.8694,1.8729,37268683.003664,XRP-USD,6h
2025-12-19 18:00:00,1.873,1.92,1.873,1.9083,27249641.84647,XRP-USD,6h
2025-12-20 00:00:00,1.8924,1.9179,1.9081,1.9132,12069259.000035,XRP-USD,6h
2025-12-20 06:00:00,1.9057,1.9579,1.9131,1.9429,12722640.302656,XRP-USD,6h
2025-12-20 12:00:00,1.9155,1.9473,1.9428,1.9236,14870791.082781,XRP-USD,6h
2025-12-20 18:00:00,1.9124,1.9369,1.9236,1.9325,9951025.066399,XRP-USD,6h
2025-12-21 00:00:00,1.9164,1.9413,1.9326,1.9216,9418246.233697,XRP-USD,6h
2025-12-21 06:00:00,1.9182,1.9491,1.9215,1.9332,4689275.337917,XRP-USD,6h
2025-12-21 12:00:00,1.8938,1.9382,1.9334,1.9075,18956377.2511,XRP-USD,6h
2025-12-21 18:00:00,1.9017,1.9265,1.9075,1.9215,11288591.479509,XRP-USD,6h
2025-12-22 00:00:00,1.903,1.9486,1.9215,1.9194,15716257.424751,XRP-USD,6h
2025-12-22 06:00:00,1.9129,1.9372,1.9194,1.934,10660118.257703,XRP-USD,6h
2025-12-22 12:00:00,1.9166,1.9467,1.9339,1.9295,22587949.158016,XRP-USD,6h
2025-12-22 18:00:00,1.8902,1.9375,1.9293,1.9032,24846963.11303,XRP-USD,6h
2025-12-23 00:00:00,1.8774,1.9088,1.9032,1.8815,11791014.129528,XRP-USD,6h
2025-12-23 06:00:00,1.8724,1.9046,1.8814,1.904,9543625.040557,XRP-USD,6h
2025-12-23 12:00:00,1.863,1.9041,1.904,1.8681,23163070.313,XRP-USD,6h
2025-12-23 18:00:00,1.8663,1.8936,1.8681,1.8719,15317190.572005,XRP-USD,6h
2025-12-24 00:00:00,1.842,1.877,1.872,1.8458,14245680.41701,XRP-USD,6h
2025-12-24 06:00:00,1.8355,1.8744,1.8456,1.868,8238366.555241,XRP-USD,6h
2025-12-24 12:00:00,1.8495,1.8771,1.868,1.8503,17676655.409341,XRP-USD,6h
2025-12-24 18:00:00,1.8474,1.8691,1.8498,1.8613,12151791.863067,XRP-USD,6h
2025-12-25 00:00:00,1.855,1.8745,1.861,1.8678,6608028.170409,XRP-USD,6h
2025-12-25 06:00:00,1.8523,1.88,1.8677,1.8582,7923086.020426,XRP-USD,6h
2025-12-25 12:00:00,1.8543,1.888,1.8582,1.8696,12526732.828851,XRP-USD,6h
2025-12-25 18:00:00,1.8277,1.8747,1.8696,1.8316,15703226.706785,XRP-USD,6h
2025-12-26 00:00:00,1.8233,1.8799,1.8315,1.8679,21372981.289979,XRP-USD,6h
2025-12-26 06:00:00,1.8607,1.8819,1.8681,1.8703,10313303.895952,XRP-USD,6h
2025-12-26 12:00:00,1.8255,1.8786,1.8702,1.8424,35061923.808178,XRP-USD,6h
2025-12-26 18:00:00,1.8391,1.8594,1.8423,1.842,13852937.798446,XRP-USD,6h
2025-12-27 00:00:00,1.8401,1.853,1.842,1.8487,7588776.792355,XRP-USD,6h
2025-12-27 06:00:00,1.8438,1.8548,1.8488,1.8503,3422446.257191,XRP-USD,6h
2025-12-27 12:00:00,1.8422,1.8523,1.8505,1.8482,7214488.360323,XRP-USD,6h
2025-12-27 18:00:00,1.8467,1.8773,1.8487,1.872,14216529.670535,XRP-USD,6h
2025-12-28 00:00:00,1.867,1.8767,1.872,1.8714,7471270.047509,XRP-USD,6h
2025-12-28 06:00:00,1.8609,1.8778,1.8713,1.8708,4876313.151457,XRP-USD,6h
2025-12-28 12:00:00,1.8639,1.8754,1.8708,1.867,5419702.145588,XRP-USD,6h
2025-12-28 18:00:00,1.852,1.8696,1.867,1.8638,11362846.869279,XRP-USD,6h
2025-12-29 00:00:00,1.8611,1.9157,1.8638,1.9004,25061741.616683,XRP-USD,6h
2025-12-29 06:00:00,1.8637,1.9064,1.9003,1.8695,13903093.039195,XRP-USD,6h
2025-12-29 12:00:00,1.8532,1.8769,1.8695,1.8636,22125151.781607,XRP-USD,6h
2025-12-29 18:00:00,1.8422,1.8656,1.8635,1.8486,22100570.590198,XRP-USD,6h
2025-12-30 00:00:00,1.8417,1.8618,1.8487,1.8565,19290377.060508,XRP-USD,6h
2025-12-30 06:00:00,1.8542,1.8697,1.8565,1.8601,9536828.748789,XRP-USD,6h
2025-12-30 12:00:00,1.852,1.8848,1.8601,1.873,19476908.203269,XRP-USD,6h
2025-12-30 18:00:00,1.8642,1.8818,1.8729,1.8755,19595657.467054,XRP-USD,6h
2025-12-31 00:00:00,1.865,1.8818,1.8754,1.8699,14146759.063133,XRP-USD,6h
2025-12-31 06:00:00,1.8632,1.878,1.87,1.8765,7123409.087549,XRP-USD,6h
2025-12-31 12:00:00,1.831,1.88,1.8765,1.8322,23726768.691803,XRP-USD,6h
2025-12-31 18:00:00,1.8091,1.8445,1.832,1.839,28772662.457361,XRP-USD,6h
2026-01-01 00:00:00,1.8226,1.8532,1.8392,1.8418,22168128.245403,XRP-USD,6h
2026-01-01 06:00:00,1.838,1.8535,1.8419,1.8525,5904447.110569,XRP-USD,6h
2026-01-01 12:00:00,1.8482,1.8731,1.8526,1.8665,10321214.776281,XRP-USD,6h
2026-01-01 18:00:00,1.8621,1.8786,1.8664,1.8772,12771979.045768,XRP-USD,6h
2026-01-02 00:00:00,1.8665,1.8905,1.8772,1.8735,11816991.313578,XRP-USD,6h
2026-01-02 06:00:00,1.8683,1.9065,1.8735,1.8891,9504843.291507,XRP-USD,6h
2026-01-02 12:00:00,1.8861,1.9969,1.8891,1.9918,58559180.748249,XRP-USD,6h
2026-01-02 18:00:00,1.9682,2.0303,1.9916,2.0061,39911461.363005,XRP-USD,6h
2026-01-03 00:00:00,2.0059,2.1385,2.0059,2.0308,27645657.149535,XRP-USD,6h
2026-01-03 06:00:00,1.9821,2.035,2.0307,1.9985,16475225.6636,XRP-USD,6h
2026-01-03 12:00:00,1.99,2.0179,1.9985,2.0008,12787271.66078,XRP-USD,6h
2026-01-03 18:00:00,1.9965,2.0181,2.0007,2.0176,10518569.968271,XRP-USD,6h
2026-01-04 00:00:00,2.0147,2.075,2.0176,2.0663,24041983.623703,XRP-USD,6h
2026-01-04 06:00:00,2.0572,2.0964,2.0661,2.0942,17841319.390047,XRP-USD,6h
2026-01-04 12:00:00,2.0803,2.1199,2.0941,2.0948,25913294.910685,XRP-USD,6h
2026-01-04 18:00:00,2.0698,2.1016,2.095,2.0901,16779856.333621,XRP-USD,6h
2026-01-05 00:00:00,2.0867,2.1659,2.0901,2.1222,36104158.792073,XRP-USD,6h
2026-01-05 06:00:00,2.1087,2.1517,2.122,2.1326,11921633.588489,XRP-USD,6h
2026-01-05 12:00:00,2.1104,2.2079,2.1324,2.2067,43271232.285387,XRP-USD,6h
2026-01-05 18:00:00,2.1995,2.3687,2.2066,2.3475,90759825.778241,XRP-USD,6h
2026-01-06 00:00:00,2.3153,2.4168,2.3474,2.3897,61439864.151158,XRP-USD,6h
2026-01-06 06:00:00,2.3202,2.4,2.3895,2.3768,25474576.101125,XRP-USD,6h
2026-01-06 12:00:00,2.2067,2.3984,2.3769,2.2076,83423372.105972,XRP-USD,6h
2026-01-06 18:00:00,2.2031,2.3107,2.2075,2.3032,42873185.399363,XRP-USD,6h
2026-01-07 00:00:00,2.2433,2.3195,2.3033,2.2504,27179968.476641,XRP-USD,6h
2026-01-07 06:00:00,2.2304,2.2894,2.2504,2.2484,14680804.500111,XRP-USD,6h
2026-01-07 12:00:00,2.1804,2.2539,2.2485,2.1916,42136758.733174,XRP-USD,6h
2026-01-07 18:00:00,2.1495,2.2021,2.1916,2.1633,30942336.844839,XRP-USD,6h
2026-01-08 00:00:00,2.1371,2.19,2.1634,2.1405,28615401.153737,XRP-USD,6h
2026-01-08 06:00:00,2.077,2.1439,2.1406,2.0892,33319469.536774,XRP-USD,6h
2026-01-08 12:00:00,2.0632,2.1674,2.0894,2.1617,45479624.697821,XRP-USD,6h
2026-01-08 18:00:00,2.1103,2.1634,2.1616,2.1214,29451203.717554,XRP-USD,6h
2026-01-09 00:00:00,2.1063,2.1407,2.1214,2.1355,15412543.138647,XRP-USD,6h
2026-01-09 06:00:00,2.0701,2.145,2.1354,2.1006,24115145.35908,XRP-USD,6h
2026-01-09 12:00:00,2.0771,2.1597,2.1006,2.1052,45672523.308546,XRP-USD,6h
2026-01-09 18:00:00,2.0734,2.108,2.1051,2.0931,17125258.668801,XRP-USD,6h
2026-01-10 00:00:00,2.0777,2.0991,2.093,2.0873,6083502.864444,XRP-USD,6h
2026-01-10 06:00:00,2.0829,2.1026,2.0873,2.1001,4409839.809881,XRP-USD,6h
2026-01-10 12:00:00,2.0849,2.1077,2.1001,2.0882,6274455.186303,XRP-USD,6h
2026-01-10 18:00:00,2.0806,2.0984,2.089,2.0881,5845739.030189,XRP-USD,6h
2026-01-11 00:00:00,2.0837,2.0936,2.0881,2.0932,5036624.736329,XRP-USD,6h
2026-01-11 06:00:00,2.0837,2.0963,2.0932,2.0936,4466277.527487,XRP-USD,6h
2026-01-11 12:00:00,2.0815,2.1074,2.0936,2.0913,11681980.894421,XRP-USD,6h
2026-01-11 18:00:00,2.043,2.0939,2.0913,2.0715,20905160.00791,XRP-USD,6h
2026-01-12 00:00:00,2.0329,2.1039,2.0714,2.0802,29319830.262404,XRP-USD,6h
2026-01-12 06:00:00,2.0324,2.0829,2.0803,2.0459,14162098.961891,XRP-USD,6h
2026-01-12 12:00:00,2.038,2.1069,2.0458,2.0657,28750333.136161,XRP-USD,6h
2026-01-12 18:00:00,2.038,2.0758,2.0657,2.0518,18758243.170516,XRP-USD,6h
2026-01-13 00:00:00,2.045,2.0778,2.0517,2.0613,9709537.660096,XRP-USD,6h
2026-01-13 06:00:00,2.05,2.0724,2.0614,2.0583,6480772.590467,XRP-USD,6h
2026-01-13 12:00:00,2.0539,2.1138,2.0583,2.0908,38259722.071738,XRP-USD,6h
2026-01-13 18:00:00,2.0872,2.1837,2.0905,2.164,49969634.365976,XRP-USD,6h
2026-01-14 00:00:00,2.1501,2.1912,2.1642,2.1516,30783067.816303,XRP-USD,6h
2026-01-14 06:00:00,2.1108,2.1559,2.1516,2.1143,11731674.787491,XRP-USD,6h
2026-01-14 12:00:00,2.1103,2.1761,2.1143,2.1385,40654542.150952,XRP-USD,6h
2026-01-14 18:00:00,2.1246,2.165,2.1379,2.1394,28372107.431996,XRP-USD,6h
2026-01-15 00:00:00,2.0812,2.1434,2.1394,2.0987,17192972.119465,XRP-USD,6h
2026-01-15 06:00:00,2.0886,2.1221,2.0988,2.1114,7571860.874522,XRP-USD,6h
2026-01-15 12:00:00,2.068,2.1325,2.1113,2.0805,23385376.769278,XRP-USD,6h
2026-01-15 18:00:00,2.0523,2.0826,2.0803,2.0783,17969703.952936,XRP-USD,6h
2026-01-16 00:00:00,2.0566,2.0868,2.0782,2.0715,12678102.321902,XRP-USD,6h
2026-01-16 06:00:00,2.0573,2.0806,2.0715,2.0645,5447548.745835,XRP-USD,6h
2026-01-16 12:00:00,2.0255,2.0677,2.0644,2.0513,20023406.967724,XRP-USD,6h
2026-01-16 18:00:00,2.0416,2.0791,2.051,2.0667,15203147.592299,XRP-USD,6h
2026-01-17 00:00:00,2.0524,2.0684,2.0667,2.0623,5726454.938186,XRP-USD,6h
2026-01-17 06:00:00,2.0548,2.0666,2.0625,2.0611,2963517.912687,XRP-USD,6h
2026-01-17 12:00:00,2.0575,2.0825,2.061,2.0814,9316307.614528,XRP-USD,6h
2026-01-17 18:00:00,2.0581,2.082,2.0811,2.0623,7036052.482272,XRP-USD,6h
2026-01-18 00:00:00,2.0466,2.067,2.0622,2.054,7668184.03833,XRP-USD,6h
2026-01-18 06:00:00,2.0495,2.0606,2.054,2.0539,2458785.009251,XRP-USD,6h
2026-01-18 12:00:00,2.0439,2.0597,2.054,2.0487,8107897.332263,XRP-USD,6h
2026-01-18 18:00:00,1.9851,2.065,2.0486,1.9906,19473313.390025,XRP-USD,6h
2026-01-19 00:00:00,1.85,1.9906,1.9906,1.9606,44498787.584234,XRP-USD,6h
2026-01-19 06:00:00,1.9519,1.9829,1.9608,1.9717,9104538.729316,XRP-USD,6h
2026-01-19 12:00:00,1.9637,2.0288,1.9714,2.0172,16304872.850361,XRP-USD,6h
2026-01-19 18:00:00,1.9773,2.0245,2.017,1.9846,16761619.013697,XRP-USD,6h
2026-01-20 00:00:00,1.9524,1.9892,1.9844,1.9646,18249477.425275,XRP-USD,6h
2026-01-20 06:00:00,1.9173,1.9648,1.9647,1.9272,15963716.223522,XRP-USD,6h
2026-01-20 12:00:00,1.8952,1.9367,1.9272,1.9003,30905097.270108,XRP-USD,6h
2026-01-20 18:00:00,1.8667,1.9095,1.9002,1.8875,26376351.394947,XRP-USD,6h
2026-01-21 00:00:00,1.8868,1.9247,1.8878,1.9194,13875948.286167,XRP-USD,6h
2026-01-21 06:00:00,1.8833,1.9208,1.9193,1.8874,15771746.654696,XRP-USD,6h
2026-01-21 12:00:00,1.8697,1.9593,1.8874,1.8895,38633934.485631,XRP-USD,6h
2026-01-21 18:00:00,1.8809,1.9883,1.8896,1.9459,36215941.754126,XRP-USD,6h
2026-01-22 00:00:00,1.9401,1.9662,1.9458,1.9513,14544758.8747,XRP-USD,6h
2026-01-22 06:00:00,1.9399,1.9626,1.9515,1.9419,13710549.97695,XRP-USD,6h
2026-01-22 12:00:00,1.8993,1.9478,1.9418,1.9274,21704103.758253,XRP-USD,6h
2026-01-22 18:00:00,1.9143,1.9342,1.9274,1.9218,14280484.85205,XRP-USD,6h
2026-01-23 00:00:00,1.9049,1.9246,1.9217,1.9087,8704683.254083,XRP-USD,6h
2026-01-23 06:00:00,1.8991,1.9144,1.9085,1.9115,5971779.804951,XRP-USD,6h
2026-01-23 12:00:00,1.8846,1.9644,1.9115,1.9452,25742792.200015,XRP-USD,6h
2026-01-23 18:00:00,1.905,1.9587,1.9451,1.917,21671348.836365,XRP-USD,6h
2026-01-24 00:00:00,1.9132,1.925,1.9173,1.9191,4852080.956907,XRP-USD,6h
2026-01-24 06:00:00,1.9115,1.9196,1.9192,1.914,3761143.373579,XRP-USD,6h
2026-01-24 12:00:00,1.907,1.9217,1.914,1.914,6697902.075413,XRP-USD,6h
2026-01-24 18:00:00,1.9112,1.9205,1.9136,1.9114,5842929.886883,XRP-USD,6h
2026-01-25 00:00:00,1.8941,1.914,1.9113,1.8989,8064564.431271,XRP-USD,6h
2026-01-25 06:00:00,1.8839,1.9095,1.8988,1.8995,5405802.340541,XRP-USD,6h
2026-01-25 12:00:00,1.8339,1.9006,1.8994,1.8439,29156252.733273,XRP-USD,6h
2026-01-25 18:00:00,1.8092,1.8479,1.8438,1.8335,42036967.40557,XRP-USD,6h
2026-01-26 00:00:00,1.8307,1.8924,1.8334,1.8782,20805958.600873,XRP-USD,6h
2026-01-26 06:00:00,1.8723,1.9107,1.8783,1.8894,12089116.958965,XRP-USD,6h
2026-01-26 12:00:00,1.8897,1.944,1.8897,1.9097,30865129.499967,XRP-USD,6h
2026-01-26 18:00:00,1.8869,1.9252,1.9095,1.9023,19165531.468881,XRP-USD,6h
2026-01-27 00:00:00,1.8955,1.9153,1.9022,1.8999,12136138.997985,XRP-USD,6h
2026-01-27 06:00:00,1.8794,1.9007,1.8999,1.8863,8490296.891704,XRP-USD,6h
2026-01-27 12:00:00,1.8716,1.9143,1.8861,1.8784,23752585.809394,XRP-USD,6h
2026-01-27 18:00:00,1.8762,1.9271,1.8784,1.913,23826363.329822,XRP-USD,6h
2026-01-28 00:00:00,1.8916,1.9167,1.9131,1.9095,11213462.016274,XRP-USD,6h
2026-01-28 06:00:00,1.9033,1.94,1.9095,1.9389,8055191.659759,XRP-USD,6h
2026-01-28 12:00:00,1.8975,1.9395,1.9389,1.9187,17176762.445107,XRP-USD,6h
2026-01-28 18:00:00,1.9041,1.9297,1.9188,1.9082,21068350.861259,XRP-USD,6h
2026-01-29 00:00:00,1.862,1.9106,1.9082,1.8761,16468270.707605,XRP-USD,6h
2026-01-29 06:00:00,1.8644,1.887,1.8759,1.8682,8235063.345196,XRP-USD,6h
2026-01-29 12:00:00,1.7836,1.875,1.8682,1.8103,60364493.611183,XRP-USD,6h
2026-01-29 18:00:00,1.7748,1.8166,1.8103,1.8046,39765753.16813,XRP-USD,6h
2026-01-30 00:00:00,1.711,1.8162,1.8046,1.7611,51457106.704143,XRP-USD,6h
2026-01-30 06:00:00,1.7274,1.7719,1.761,1.7665,22006466.13568,XRP-USD,6h
2026-01-30 12:00:00,1.7391,1.7804,1.7665,1.7504,58352642.852703,XRP-USD,6h
2026-01-30 18:00:00,1.7087,1.7819,1.7502,1.7327,45425891.081648,XRP-USD,6h
2026-01-31 00:00:00,1.7277,1.7519,1.7327,1.7354,14151474.056374,XRP-USD,6h
2026-01-31 06:00:00,1.6776,1.737,1.7353,1.6993,23748984.007114,XRP-USD,6h
2026-01-31 12:00:00,1.5154,1.6993,1.6991,1.5658,105800269.484693,XRP-USD,6h
2026-01-31 18:00:00,1.501,1.6528,1.566,1.6455,88418148.256186,XRP-USD,6h
