date,open,high,low,close,volume,dividends,stock_splits,symbol
2006-12-04 00:00:00-05:00,2.7555778268537816,2.7606758209487476,2.7141898349712297,2.7327845096588135,709536800,0.0,0.0,AAPL
2006-12-05 00:00:00-05:00,2.7486794886691706,2.7690734683619285,2.725286535641726,2.737283229827881,662838400,0.0,0.0,AAPL
2006-12-06 00:00:00-05:00,2.718387994301614,2.7408813885047705,2.6892966205530713,2.6940948963165283,638184400,0.0,0.0,AAPL
2006-12-07 00:00:00-05:00,2.700093208453585,2.714189119368434,2.606220908601433,2.610419750213623,1004827600,0.0,0.0,AAPL
2006-12-08 00:00:00-05:00,2.616118058552584,2.68089898205213,2.6092203623570898,2.6470091342926025,784277200,0.0,0.0,AAPL
2006-12-11 00:00:00-05:00,2.666203576114341,2.6782002674111447,2.64071140795585,2.6617050170898438,499780400,0.0,0.0,AAPL
2006-12-12 00:00:00-05:00,2.657506633765594,2.6644043315083845,2.5651341039158773,2.5834288597106934,1026620000,0.0,0.0,AAPL
2006-12-13 00:00:00-05:00,2.637712388489523,2.6713023303254855,2.6137198017059453,2.6707026958465576,857052000,0.0,0.0,AAPL
2006-12-14 00:00:00-05:00,2.6707028268954374,2.699194775893432,2.6470101562946695,2.655707359313965,832330800,0.0,0.0,AAPL
2006-12-15 00:00:00-05:00,2.6698029625798103,2.675801308630074,2.619118139725988,2.63081431388855,739939200,0.0,0.0,AAPL
2006-12-18 00:00:00-05:00,2.628114954990163,2.63921149347854,2.5369417072456666,2.5633342266082764,721576800,0.0,0.0,AAPL
2006-12-19 00:00:00-05:00,2.541140363333038,2.5996230250280954,2.507850950511923,2.588526487350464,911405600,0.0,0.0,AAPL
2006-12-20 00:00:00-05:00,2.5933248352715026,2.5993231803585464,2.5414409521746384,2.5420405864715576,567691600,0.0,0.0,AAPL
2006-12-21 00:00:00-05:00,2.5402419139027814,2.563634666547289,2.4652639772706393,2.486257791519165,903599200,0.0,0.0,AAPL
2006-12-22 00:00:00-05:00,2.503051174609976,2.5204465702268917,2.4472681841422883,2.4652624130249023,613303600,0.0,0.0,AAPL
2006-12-26 00:00:00-05:00,2.4637644946083843,2.4763608206612653,2.4259757166615508,2.4445695877075195,490688800,0.0,0.0,AAPL
2006-12-27 00:00:00-05:00,2.343799245408513,2.459264783601862,2.30241226671155,2.4448697566986084,1935754800,0.0,0.0,AAPL
2006-12-28 00:00:00-05:00,2.405882620905503,2.436773716487116,2.3887879276353083,2.4253766536712646,1119876800,0.0,0.0,AAPL
2006-12-29 00:00:00-05:00,2.517748264454788,2.561235478881181,2.5000539418459478,2.544440507888794,1076429200,0.0,0.0,AAPL
2007-01-03 00:00:00-05:00,2.5879274059994173,2.5966248077792655,2.456266509849645,2.513249397277832,1238319600,0.0,0.0,AAPL
2007-01-04 00:00:00-05:00,2.5207472274263094,2.5777301080092014,2.513848729700049,2.569032907485962,847260400,0.0,0.0,AAPL
2007-01-05 00:00:00-05:00,2.572331540537928,2.5852275836178573,2.531244273183708,2.5507380962371826,834741600,0.0,0.0,AAPL
2007-01-08 00:00:00-05:00,2.5780297723113446,2.5951246561575405,2.557635598306554,2.5633342266082764,797106800,0.0,0.0,AAPL
2007-01-09 00:00:00-05:00,2.592726287290842,2.7885675162317667,2.553737431323579,2.776271104812622,3349298400,0.0,0.0,AAPL
2007-01-10 00:00:00-05:00,2.841652435106517,2.9331246309358487,2.8026637773294425,2.909132242202759,2952880000,0.0,0.0,AAPL
2007-01-11 00:00:00-05:00,2.8773410845990446,2.9025335369680247,2.8521486322300644,2.8731422424316406,1440252800,0.0,0.0,AAPL
2007-01-12 00:00:00-05:00,2.836851989841588,2.850948100547527,2.796064645451557,2.837752342224121,1312690400,0.0,0.0,AAPL
2007-01-16 00:00:00-05:00,2.869543027291634,2.9166284379256613,2.8626453303677573,2.9121298789978027,1244076400,0.0,0.0,AAPL
2007-01-17 00:00:00-05:00,2.925926061089883,2.9271251294711798,2.8437507355670695,2.847648859024048,1646260000,0.0,0.0,AAPL
2007-01-18 00:00:00-05:00,2.762175918659888,2.762475836030724,2.6707029224617687,2.671302556991577,2364605600,0.0,0.0,AAPL
2007-01-19 00:00:00-05:00,2.658106593772866,2.688697762877977,2.6428112094321587,2.654207468032837,1364473600,0.0,0.0,AAPL
2007-01-22 00:00:00-05:00,2.673400993636817,2.6740014287928613,2.568732872955569,2.6029224395751953,1454026000,0.0,0.0,AAPL
2007-01-23 00:00:00-05:00,2.5711325437485915,2.6245162254594123,2.5645347630771953,2.570232391357422,1207424400,0.0,0.0,AAPL
2007-01-24 00:00:00-05:00,2.5996247746584116,2.6137206944946074,2.5816305286361416,2.6002252101898193,927813600,0.0,0.0,AAPL
2007-01-25 00:00:00-05:00,2.612519226220973,2.654206724906754,2.5801291627300618,2.5867271423339844,905973600,0.0,0.0,AAPL
2007-01-26 00:00:00-05:00,2.6125196603719,2.6203175105408714,2.5489387914579695,2.560635566711426,986874000,0.0,0.0,AAPL
2007-01-29 00:00:00-05:00,2.5882273479388247,2.598724253678906,2.565134115268281,2.5774307250976562,901664400,0.0,0.0,AAPL
2007-01-30 00:00:00-05:00,2.5921261937053193,2.593925697527736,2.556736552499906,2.5657336711883545,577970400,0.0,0.0,AAPL
2007-01-31 00:00:00-05:00,2.54504005188735,2.5792304279855367,2.529744868384174,2.5711326599121094,856069200,0.0,0.0,AAPL
2007-02-01 00:00:00-05:00,2.5861276761870515,2.587326744687051,2.5414412021636963,2.5414412021636963,664342000,0.0,0.0,AAPL
2007-02-02 00:00:00-05:00,2.522846034239473,2.5567356768964062,2.510249712008226,2.5417404174804688,621530000,0.0,0.0,AAPL
2007-02-05 00:00:00-05:00,2.5282445699455245,2.556136876554915,2.5174479484558105,2.5174479484558105,578852400,0.0,0.0,AAPL
2007-02-06 00:00:00-05:00,2.5327431314881736,2.533343566674933,2.48505788634937,2.5237460136413574,864393600,0.0,0.0,AAPL
2007-02-07 00:00:00-05:00,2.5336433662538176,2.590626249006319,2.505751859554366,2.583728551864624,1066825200,0.0,0.0,AAPL
2007-02-08 00:00:00-05:00,2.562134743553623,2.594525615687916,2.561535309304227,2.5846283435821533,679030800,0.0,0.0,AAPL
2007-02-09 00:00:00-05:00,2.5756306750657947,2.585227427154517,2.4955547653919385,2.49735426902771,860540800,0.0,0.0,AAPL
2007-02-12 00:00:00-05:00,2.532143988361794,2.5546375881895886,2.5081514025002063,2.545640468597412,724071600,0.0,0.0,AAPL
2007-02-13 00:00:00-05:00,2.55403719630271,2.557935319639524,2.5282443132397936,2.540241003036499,580986000,0.0,0.0,AAPL
2007-02-14 00:00:00-05:00,2.538142337789828,2.5684329874835035,2.5363426335728687,2.558236598968506,507981600,0.0,0.0,AAPL
2007-02-15 00:00:00-05:00,2.5624352455608372,2.5678331565276173,2.542640703019253,2.5555367469787598,363661200,0.0,0.0,AAPL
2007-02-16 00:00:00-05:00,2.556737183595909,2.561535661428309,2.5390420583076727,2.5441410541534424,399868000,0.0,0.0,AAPL
2007-02-20 00:00:00-05:00,2.538742134485876,2.5840288539947998,2.5240463843834213,2.576231002807617,617702400,0.0,0.0,AAPL
2007-02-21 00:00:00-05:00,2.5786302273483,2.6838986191289744,2.578030592833464,2.675201416015625,1155313600,0.0,0.0,AAPL
2007-02-22 00:00:00-05:00,2.7231854705432887,2.723485187505192,2.6551062742455156,2.684497356414795,838224800,0.0,0.0,AAPL
2007-02-23 00:00:00-05:00,2.6740024139646876,2.7093918628758473,2.664704575045055,2.671302556991577,517893600,0.0,0.0,AAPL
2007-02-26 00:00:00-05:00,2.694394921069237,2.699194198439727,2.627515566404403,2.6545069217681885,615848800,0.0,0.0,AAPL
2007-02-27 00:00:00-05:00,2.5882279908919457,2.6116207462628496,2.5015540682595137,2.517148971557617,1145813200,0.0,0.0,AAPL
2007-02-28 00:00:00-05:00,2.489257562106061,2.567234077787,2.489257562106061,2.5375430583953857,919475200,0.0,0.0,AAPL
2007-03-01 00:00:00-05:00,2.520146563882071,2.6485089432051945,2.511749081181992,2.611020088195801,1415528800,0.0,0.0,AAPL
2007-03-02 00:00:00-05:00,2.6023230319148776,2.6254162625486512,2.5555365358626054,2.561534881591797,860000400,0.0,0.0,AAPL
2007-03-05 00:00:00-05:00,2.575931762072212,2.6587065643642704,2.5720326355456447,2.588827610015869,838899600,0.0,0.0,AAPL
2007-03-06 00:00:00-05:00,2.633213560262285,2.6485095435305928,2.6212176685162683,2.6449103355407715,723186800,0.0,0.0,AAPL
2007-03-07 00:00:00-05:00,2.6407115848714846,2.668303175855427,2.6227165467206937,2.63081431388855,626284400,0.0,0.0,AAPL
2007-03-08 00:00:00-05:00,2.65690701456645,2.6608051387920706,2.623016358163387,2.639211893081665,511011200,0.0,0.0,AAPL
2007-03-09 00:00:00-05:00,2.663204633579373,2.664703619260301,2.621217217781877,2.6383121013641357,451836000,0.0,0.0,AAPL
2007-03-12 00:00:00-04:00,2.641310982791563,2.6988943032362895,2.638911844616212,2.6952950954437256,729408400,0.0,0.0,AAPL
2007-03-13 00:00:00-04:00,2.681498363701358,2.717187714229097,2.65120792388916,2.65120792388916,867890800,0.0,0.0,AAPL
2007-03-14 00:00:00-04:00,2.6572063376784607,2.6991939544677734,2.636812363821468,2.6991939544677734,796586000,0.0,0.0,AAPL
2007-03-15 00:00:00-04:00,2.697993387166278,2.709990075706071,2.678499368924388,2.6862974166870117,559498800,0.0,0.0,AAPL
2007-03-16 00:00:00-04:00,2.685397253028878,2.698893728795872,2.678799474292091,2.686897039413452,571704000,0.0,0.0,AAPL
2007-03-19 00:00:00-04:00,2.7063914872993147,2.745680050608669,2.686897464603354,2.733083724975586,712961200,0.0,0.0,AAPL
2007-03-20 00:00:00-04:00,2.739682131321817,2.754377680004188,2.7309847290015057,2.7435810565948486,488916400,0.0,0.0,AAPL
2007-03-21 00:00:00-04:00,2.7588764345478576,2.8191586206014643,2.748679444863986,2.8152596950531006,686896000,0.0,0.0,AAPL
2007-03-22 00:00:00-04:00,2.811059943790997,2.8299541287463685,2.789166786731415,2.817957639694214,561492400,0.0,0.0,AAPL
2007-03-23 00:00:00-04:00,2.7996653218341585,2.8212585742510377,2.79816553459002,2.8047633171081543,450884000,0.0,0.0,AAPL
2007-03-26 00:00:00-04:00,2.818858131722033,2.8761407281704843,2.7981642406699483,2.874640941619873,864987200,0.0,0.0,AAPL
2007-03-27 00:00:00-04:00,2.8704433673240204,2.9040333129552027,2.8491498340311923,2.862946033477783,932052800,0.0,0.0,AAPL
2007-03-28 00:00:00-04:00,2.8455507894710816,2.8611466943051487,2.7936668817695747,2.796365737915039,942337200,0.0,0.0,AAPL
2007-03-29 00:00:00-04:00,2.8248568131208827,2.8248568131208827,2.766074423129096,2.811660051345825,725723600,0.0,0.0,AAPL
2007-03-30 00:00:00-04:00,2.8275548956356547,2.8395515844945227,2.7816685618093007,2.7864668369293213,600558000,0.0,0.0,AAPL
2007-04-02 00:00:00-04:00,2.823357247892947,2.826655737854125,2.789767308119549,2.808661699295044,501992400,0.0,0.0,AAPL
2007-04-03 00:00:00-04:00,2.8233560796370174,2.8560458534793725,2.8119590257161957,2.8341526985168457,583934400,0.0,0.0,AAPL
2007-04-04 00:00:00-04:00,2.847348462190511,2.8533468062634695,2.8230561697537877,2.8272550106048584,476784000,0.0,0.0,AAPL
2007-04-05 00:00:00-04:00,2.8227579076960834,2.839552879333496,2.804762866202024,2.839552879333496,355516000,0.0,0.0,AAPL
2007-04-09 00:00:00-04:00,2.8554474008196573,2.858146256338727,2.790366742349823,2.808661699295044,413341600,0.0,0.0,AAPL
2007-04-10 00:00:00-04:00,2.8092603118004735,2.826955629127604,2.8014624635801475,2.8266549110412598,352466800,0.0,0.0,AAPL
2007-04-11 00:00:00-04:00,2.816158046303195,2.81765783273165,2.7690724405819855,2.7768704891204834,549018400,0.0,0.0,AAPL
2007-04-12 00:00:00-04:00,2.7603770889559507,2.768474859947272,2.7207887871793606,2.764875650405884,656675600,0.0,0.0,AAPL
2007-04-13 00:00:00-04:00,2.726185874029757,2.7411813368607674,2.7009934243974145,2.7063913345336914,719941600,0.0,0.0,AAPL
2007-04-16 00:00:00-04:00,2.7162890768755474,2.744180586534632,2.7066915225109827,2.7420811653137207,609033600,0.0,0.0,AAPL
2007-04-17 00:00:00-04:00,2.759176773529743,2.7681746964775535,2.6901973692073913,2.7096920013427734,751920400,0.0,0.0,AAPL
2007-04-18 00:00:00-04:00,2.7039928083387754,2.7246867038880334,2.687197838117751,2.7111902236938477,464044000,0.0,0.0,AAPL
2007-04-19 00:00:00-04:00,2.7048911878146824,2.736682413681123,2.6940945681326305,2.7072911262512207,425913600,0.0,0.0,AAPL
2007-04-20 00:00:00-04:00,2.725885850298554,2.734583852986644,2.7156894622841206,2.728285789489746,522779600,0.0,0.0,AAPL
2007-04-23 00:00:00-04:00,2.7468795826795755,2.813160111921278,2.741781588660263,2.8044629096984863,780290000,0.0,0.0,AAPL
2007-04-24 00:00:00-04:00,2.8179591898331955,2.8908377157190985,2.7381829642497006,2.796365737915039,1055252800,0.0,0.0,AAPL
2007-04-25 00:00:00-04:00,2.826056377314074,2.8611463075469183,2.813160331428108,2.8596463203430176,1187144000,0.0,0.0,AAPL
2007-04-26 00:00:00-04:00,3.0464900366388026,3.074081627184704,2.9481193653061952,2.9643146991729736,1737778000,0.0,0.0,AAPL
2007-04-27 00:00:00-04:00,2.9445221793696637,2.9976061616012815,2.9298266261096724,2.996706008911133,699403600,0.0,0.0,AAPL
2007-04-30 00:00:00-04:00,3.001804283766174,3.0290961638015412,2.9892081546494587,2.9931070804595947,616509600,0.0,0.0,AAPL
2007-05-01 00:00:00-04:00,2.9868083409868866,3.009601655533466,2.955617542189414,2.9832091331481934,532523600,0.0,0.0,AAPL
2007-05-02 00:00:00-04:00,2.988608194982002,3.0152996367379217,2.983209482697292,3.010801076889038,505145200,0.0,0.0,AAPL
2007-05-03 00:00:00-04:00,3.0209978012341567,3.042591045353681,2.9994043569028217,3.0111005306243896,576077600,0.0,0.0,AAPL
2007-05-04 00:00:00-04:00,3.0230965747575658,3.0470891536567426,3.014099657988045,3.0233964920043945,381987200,0.0,0.0,AAPL
2007-05-07 00:00:00-04:00,3.0314945445437464,3.129565497896531,3.0293953236904323,3.1166696548461914,861557200,0.0,0.0,AAPL
2007-05-08 00:00:00-04:00,3.1031727976416335,3.153557695784729,3.1016730111377675,3.1508586406707764,783997200,0.0,0.0,AAPL
2007-05-09 00:00:00-04:00,3.1463598614394837,3.207841089286397,3.1457594263675874,3.205441951751709,717757600,0.0,0.0,AAPL
2007-05-10 00:00:00-04:00,3.197944753179175,3.2642252764728874,3.17665122510835,3.21923828125,1197257600,0.0,0.0,AAPL
2007-05-11 00:00:00-04:00,3.23123497088932,3.272922675504033,3.202443309986692,3.261225700378418,653696400,0.0,0.0,AAPL
2007-05-14 00:00:00-04:00,3.287617336364809,3.2990135902640474,3.2465292772308625,3.2798194885253906,651946400,0.0,0.0,AAPL
2007-05-15 00:00:00-04:00,3.28611799234085,3.305012379609859,3.193445759797366,3.2246365547180176,954514400,0.0,0.0,AAPL
2007-05-16 00:00:00-04:00,3.254927639783676,3.2639255593789844,3.1016735003723297,3.21923828125,1126767600,0.0,0.0,AAPL
2007-05-17 00:00:00-04:00,3.21354078486872,3.2951164934589725,3.21354078486872,3.282219648361206,735291200,0.0,0.0,AAPL
2007-05-18 00:00:00-04:00,3.3059120140026197,3.3182084197281987,3.29211582197536,3.2996139526367188,621345200,0.0,0.0,AAPL
2007-05-21 00:00:00-04:00,3.308312292212236,3.372492596871995,3.300514441856023,3.3583974838256836,639892400,0.0,0.0,AAPL
2007-05-22 00:00:00-04:00,3.373692796168589,3.411481579268272,3.359297164612442,3.4051833152770996,572409600,0.0,0.0,AAPL
2007-05-23 00:00:00-04:00,3.4195788732308228,3.448969966934714,3.3766911009930984,3.3856890201568604,911374800,0.0,0.0,AAPL
2007-05-24 00:00:00-04:00,3.3832902149424804,3.43277456783594,3.310111794468601,3.3197083473205566,887362000,0.0,0.0,AAPL
2007-05-25 00:00:00-04:00,3.358996646628538,3.412380320646352,3.3440011830880327,3.4075820446014404,632959600,0.0,0.0,AAPL
2007-05-29 00:00:00-04:00,3.4324759882394598,3.444772200600602,3.3796917297511793,3.4294772148132324,645694000,0.0,0.0,AAPL
2007-05-30 00:00:00-04:00,3.4279765125325867,3.565335442824062,3.404883679551484,3.5620367527008057,1478444800,0.0,0.0,AAPL
2007-05-31 00:00:00-04:00,3.6010235860347377,3.6640046007634726,3.585128774165549,3.634613513946533,1297066400,0.0,0.0,AAPL
2007-06-01 00:00:00-04:00,3.631915150980042,3.6346144066325476,3.547640793704663,3.5509390830993652,885262000,0.0,0.0,AAPL
2007-06-04 00:00:00-04:00,3.5578375148590338,3.6508094719451254,3.535943552753134,3.638812780380249,886673200,0.0,0.0,AAPL
2007-06-05 00:00:00-04:00,3.641211841369567,3.679600851029754,3.6139201709853075,3.6790006160736084,920785600,0.0,0.0,AAPL
2007-06-06 00:00:00-04:00,3.6679049673552795,3.720389300414363,3.657408260912936,3.70809268951416,1112241200,0.0,0.0,AAPL
2007-06-07 00:00:00-04:00,3.74858130600267,3.827157241584998,3.6945969890546784,3.7209885120391846,1915079600,0.0,0.0,AAPL
2007-06-08 00:00:00-04:00,3.773473163498216,3.773773881692245,3.6676051430997236,3.7335853576660156,1241682400,0.0,0.0,AAPL
2007-06-11 00:00:00-04:00,3.7788715039116196,3.7833698630063393,3.585129732404822,3.604623556137085,1874258400,0.0,0.0,AAPL
2007-06-12 00:00:00-04:00,3.5794299713619027,3.6502092347525426,3.5482393810023183,3.610321044921875,1426566400,0.0,0.0,AAPL
2007-06-13 00:00:00-04:00,3.6334148795911627,3.634614148261178,3.4609664516204837,3.5239474773406982,1721353200,0.0,0.0,AAPL
2007-06-14 00:00:00-04:00,3.514949796623382,3.5824295860119895,3.49155704856182,3.561436176300049,973266000,0.0,0.0,AAPL
2007-06-15 00:00:00-04:00,3.617519219027984,3.619018805376314,3.594725906956959,3.613920211791992,811218800,0.0,0.0,AAPL
2007-06-18 00:00:00-04:00,3.6972950618895966,3.75427813956279,3.6751023860979535,3.7515792846679688,910604800,0.0,0.0,AAPL
2007-06-19 00:00:00-04:00,3.739582828858216,3.7491801817032133,3.6861991553523166,3.7086925506591797,943026000,0.0,0.0,AAPL
2007-06-20 00:00:00-04:00,3.714991268782399,3.7386839356751196,3.643912066833289,3.645411252975464,897512000,0.0,0.0,AAPL
2007-06-21 00:00:00-04:00,3.6499097357676575,3.7275867037679062,3.6205186453790326,3.7158899307250977,867045200,0.0,0.0,AAPL
2007-06-22 00:00:00-04:00,3.7143900146551108,3.7323850504478187,3.670303378233723,3.6888978481292725,631876000,0.0,0.0,AAPL
2007-06-25 00:00:00-04:00,3.7245886432605566,3.751580806973746,3.6307165056585977,3.6691055297851562,965403600,0.0,0.0,AAPL
2007-06-26 00:00:00-04:00,3.7182894088912106,3.718889243493425,3.5605365123216064,3.588428020477295,1345005200,0.0,0.0,AAPL
2007-06-27 00:00:00-04:00,3.6172194891130984,3.660106459625905,3.576731856881894,3.6556077003479004,974696800,0.0,0.0,AAPL
2007-06-28 00:00:00-04:00,3.6697034617096054,3.6736023860442395,3.5989245908674685,3.6157195568084717,838143600,0.0,0.0,AAPL
2007-06-29 00:00:00-04:00,3.658006761261175,3.718888764269622,3.631615243435521,3.6601061820983887,1137841600,0.0,0.0,AAPL
2007-07-02 00:00:00-04:00,3.6304159561783207,3.6616065573472865,3.5779316252103555,3.636714220046997,994862400,0.0,0.0,AAPL
2007-07-03 00:00:00-04:00,3.658907232643073,3.820858964685985,3.6439117686356286,3.8139612674713135,1162481600,0.0,0.0,AAPL
2007-07-05 00:00:00-04:00,3.862846777026282,3.9879099030451495,3.8595472859211406,3.981311321258545,1453051600,0.0,0.0,AAPL
2007-07-06 00:00:00-04:00,3.992706457857872,3.9990047191695797,3.9108310629232044,3.967813730239868,874694800,0.0,0.0,AAPL
2007-07-09 00:00:00-04:00,3.9702136096125367,3.9858093064171563,3.8742420929326777,3.9087321758270264,995820000,0.0,0.0,AAPL
2007-07-10 00:00:00-04:00,3.8652457488935523,4.033795270750814,3.863146327750037,3.9693150520324707,1255007600,0.0,0.0,AAPL
2007-07-11 00:00:00-04:00,3.9609172679376656,4.009802586351755,3.9381239536615507,3.9705138206481934,821772000,0.0,0.0,AAPL
2007-07-12 00:00:00-04:00,4.01430254312127,4.025999322425201,3.970515400933619,4.020900726318359,704608800,0.0,0.0,AAPL
2007-07-13 00:00:00-04:00,4.049689263769814,4.134263507660796,4.0343938877109355,4.130665302276611,907606000,0.0,0.0,AAPL
2007-07-16 00:00:00-04:00,4.150460411147299,4.198146458665953,4.123768173177432,4.141763210296631,936112800,0.0,0.0,AAPL
2007-07-17 00:00:00-04:00,4.147762874048666,4.186750531835028,4.123769483598624,4.1660566329956055,709959600,0.0,0.0,AAPL
2007-07-18 00:00:00-04:00,4.144462015576473,4.151959947619261,4.07998100127932,4.142362594604492,756856800,0.0,0.0,AAPL
2007-07-19 00:00:00-04:00,4.207743323179829,4.223039506289797,4.188249499034737,4.198746204376221,732891600,0.0,0.0,AAPL
2007-07-20 00:00:00-04:00,4.24823198033659,4.324109060983143,4.198746422859003,4.31121301651001,1167773600,0.0,0.0,AAPL
2007-07-23 00:00:00-04:00,4.298016112680189,4.355299513341984,4.226637400452404,4.309712886810303,1036490000,0.0,0.0,AAPL
2007-07-24 00:00:00-04:00,4.165154414432029,4.228735253667457,4.023296394002169,4.045490264892578,1795292800,0.0,0.0,AAPL
2007-07-25 00:00:00-04:00,4.119269804954923,4.149561453647939,4.048791238331998,4.116570949554443,1496182800,0.0,0.0,AAPL
2007-07-26 00:00:00-04:00,4.375992970735248,4.45366995245244,4.1075737850664185,4.378692626953125,2186629200,0.0,0.0,AAPL
2007-07-27 00:00:00-04:00,4.384391467003896,4.466267313701018,4.312113777742376,4.314212799072266,1161098400,0.0,0.0,AAPL
2007-07-30 00:00:00-04:00,4.328607837586766,4.362197777065771,4.185850394589164,4.241633415222168,1106988400,0.0,0.0,AAPL
2007-07-31 00:00:00-04:00,4.287819149566963,4.3031153323465325,3.9444222487074416,3.951619863510132,1762392800,0.0,0.0,AAPL
2007-08-01 00:00:00-04:00,4.008003452995693,4.060187866518368,3.83195558621164,4.048791408538818,1750156800,0.0,0.0,AAPL
2007-08-02 00:00:00-04:00,4.0982755251943415,4.107573361283293,4.023297807006919,4.093477249145508,852644800,0.0,0.0,AAPL
2007-08-03 00:00:00-04:00,4.05658749435028,4.077281382488782,3.943821420513197,3.9543185234069824,679187600,0.0,0.0,AAPL
2007-08-06 00:00:00-04:00,3.985809684898412,4.0568876764659345,3.8478505414914856,4.056288242340088,925170400,0.0,0.0,AAPL
2007-08-07 00:00:00-04:00,4.046991944292256,4.115971728770233,3.977712642908608,4.049691200256348,949936400,0.0,0.0,AAPL
2007-08-08 00:00:00-04:00,4.101575778305957,4.104574551235193,3.9588183300966246,4.019099712371826,808096800,0.0,0.0,AAPL
2007-08-09 00:00:00-04:00,3.9321247275508604,3.9888078830431226,3.7515789588169155,3.790567398071289,1125395600,0.0,0.0,AAPL
2007-08-10 00:00:00-04:00,3.6924978423234864,3.8313563689199412,3.6079235540318355,3.7488811016082764,1410749200,0.0,0.0,AAPL
2007-08-13 00:00:00-04:00,3.848452980529907,3.8793440803086137,3.7938692008610406,3.8325581550598145,752911600,0.0,0.0,AAPL
2007-08-14 00:00:00-04:00,3.847550736238851,3.847850253067524,3.710191037253865,3.7197887897491455,739006800,0.0,0.0,AAPL
2007-08-15 00:00:00-04:00,3.6811003941368474,3.7446820599106347,3.5884279519818576,3.595926284790039,992852000,0.0,0.0,AAPL
2007-08-16 00:00:00-04:00,3.5092522864607085,3.553938763448667,3.347600663763579,3.510451555252075,1866690000,0.0,0.0,AAPL
2007-08-17 00:00:00-04:00,3.659207648688801,3.703894129513368,3.5935273552228675,3.6607072353363037,1195062400,0.0,0.0,AAPL
2007-08-20 00:00:00-04:00,3.7176894968222483,3.733884628576592,3.6139201260964118,3.6655046939849854,803317200,0.0,0.0,AAPL
2007-08-21 00:00:00-04:00,3.6652064703289637,3.867645488472375,3.6289172696032703,3.825957775115967,1303047200,0.0,0.0,AAPL
2007-08-22 00:00:00-04:00,3.9354265122898155,3.9813122737789852,3.9087342635410436,3.9741146564483643,1061765600,0.0,0.0,AAPL
2007-08-23 00:00:00-04:00,3.991507217630738,3.999005549744597,3.8916375704814516,3.930925130844116,866838000,0.0,0.0,AAPL
2007-08-24 00:00:00-04:00,3.914731416654879,4.059887793243955,3.893137369983516,4.057788372039795,911834000,0.0,0.0,AAPL
2007-08-27 00:00:00-04:00,4.000506161574324,4.038594863477399,3.9618172245585757,3.966315984725952,707439600,0.0,0.0,AAPL
2007-08-28 00:00:00-04:00,3.928528696950591,3.971116575670864,3.7977678883213755,3.803466320037842,1179365600,0.0,0.0,AAPL
2007-08-29 00:00:00-04:00,3.8952376694209985,4.024199754610808,3.885041678639079,4.021200180053711,1166860800,0.0,0.0,AAPL
2007-08-30 00:00:00-04:00,3.9789109402587375,4.146261165356886,3.967814402206179,4.086278915405273,1435582400,0.0,0.0,AAPL
2007-08-31 00:00:00-04:00,4.183451826969329,4.188250505043161,4.121070213280726,4.153160572052002,876887200,0.0,0.0,AAPL
2007-09-04 00:00:00-04:00,4.196945909251192,4.370593993361621,4.193947137164463,4.323507785797119,1316842800,0.0,0.0,AAPL
2007-09-05 00:00:00-04:00,4.347800465361944,4.3738924640500505,4.081779883350529,4.101574420928955,2328222400,0.0,0.0,AAPL
2007-09-06 00:00:00-04:00,4.065585834557857,4.125867201045262,3.9801110180804966,4.049090385437012,1901261600,0.0,0.0,AAPL
2007-09-07 00:00:00-04:00,3.9591177327804257,3.967814933949639,3.898835557494035,3.9519193172454834,1430576000,0.0,0.0,AAPL
2007-09-10 00:00:00-04:00,4.108472527929077,4.139963040016028,4.01730008159466,4.1000752449035645,1487838800,0.0,0.0,AAPL
2007-09-11 00:00:00-04:00,4.135763179768373,4.1477598662939785,4.011300360029364,4.063485145568848,971885600,0.0,0.0,AAPL
2007-09-12 00:00:00-04:00,4.078481711358849,4.180750698851014,4.071283696781206,4.104273796081543,1022770000,0.0,0.0,AAPL
2007-09-13 00:00:00-04:00,4.16365628562781,4.168755280287347,4.098275914179724,4.114771366119385,656163200,0.0,0.0,AAPL
2007-09-14 00:00:00-04:00,4.095877444295838,4.168155521665481,4.08478090305538,4.163057327270508,607320000,0.0,0.0,AAPL
2007-09-17 00:00:00-04:00,4.168456187263394,4.216440959303422,4.126768478060612,4.151060581207275,793371600,0.0,0.0,AAPL
2007-09-18 00:00:00-04:00,4.170553408930852,4.28421921730139,4.133663996177054,4.2263360023498535,1064089600,0.0,0.0,AAPL
2007-09-19 00:00:00-04:00,4.289318251401573,4.2935166923269525,4.180750212925558,4.221838474273682,1026880400,0.0,0.0,AAPL
2007-09-20 00:00:00-04:00,4.2032444216904805,4.252430458048924,4.178352086849251,4.208043098449707,691840800,0.0,0.0,AAPL
2007-09-21 00:00:00-04:00,4.232935698821324,4.33820427428854,4.208043362418606,4.323208808898926,1138880400,0.0,0.0,AAPL
2007-09-24 00:00:00-04:00,4.400586044570226,4.494158649160322,4.398187106371208,4.4470720291137695,1052161600,0.0,0.0,AAPL
2007-09-25 00:00:00-04:00,4.403884771455034,4.595227588752855,4.403284136056245,4.594027519226074,1192550800,0.0,0.0,AAPL
2007-09-26 00:00:00-04:00,4.632716378291581,4.648611192824492,4.53614501904367,4.581730842590332,975268000,0.0,0.0,AAPL
2007-09-27 00:00:00-04:00,4.611722334929679,4.634214927862947,4.568235133649118,4.633615493774414,658198800,0.0,0.0,AAPL
2007-09-28 00:00:00-04:00,4.601826631015471,4.636616644129582,4.581132733731338,4.602725982666016,615101200,0.0,0.0,AAPL
2007-10-01 00:00:00-04:00,4.637516067598571,4.720891492742455,4.586531317205736,4.68880033493042,837068400,0.0,0.0,AAPL
2007-10-02 00:00:00-04:00,4.695098375678635,4.7562807139107175,4.675304631529726,4.752081871032715,792069600,0.0,0.0,AAPL
2007-10-03 00:00:00-04:00,4.731988061685612,4.77397529143566,4.708894825047668,4.736186504364014,692518400,0.0,0.0,AAPL
2007-10-04 00:00:00-04:00,4.738585277775826,4.740984215981316,4.603625683274953,4.685801029205322,656958400,0.0,0.0,AAPL
2007-10-05 00:00:00-04:00,4.749681756748818,4.845952815449956,4.729588096838237,4.8420538902282715,943471200,0.0,0.0,AAPL
2007-10-08 00:00:00-04:00,4.903235465794994,5.03579568862915,4.8876393681687516,5.03579568862915,835928800,0.0,0.0,AAPL
2007-10-09 00:00:00-04:00,5.1044766096516945,5.131768691482747,4.998908492247715,5.034297943115234,1104286400,0.0,0.0,AAPL
2007-10-10 00:00:00-04:00,5.025000118004006,5.034896588603584,4.966517442543368,5.002206802368164,667590000,0.0,0.0,AAPL
2007-10-11 00:00:00-04:00,5.083180384159804,5.154858596855443,4.594926767504844,4.865446090698242,1643992000,0.0,0.0,AAPL
2007-10-12 00:00:00-04:00,4.888839975110215,5.01690185363921,4.852550383822331,5.0160017013549805,988176000,0.0,0.0,AAPL
2007-10-15 00:00:00-04:00,5.037894822743243,5.08557966128177,4.9035347036074075,5.007903099060059,1077930000,0.0,0.0,AAPL
2007-10-16 00:00:00-04:00,4.964718848589966,5.103876905171867,4.9530216706761045,5.085882663726807,1067830400,0.0,0.0,AAPL
2007-10-17 00:00:00-04:00,5.1791544752936645,5.189651182694661,5.073885882222406,5.1809539794921875,1127613200,0.0,0.0,AAPL
2007-10-18 00:00:00-04:00,5.143464127681937,5.224139481306297,5.129968649616659,5.203446388244629,823676000,0.0,0.0,AAPL
2007-10-19 00:00:00-04:00,5.225639660560494,5.237336436048449,5.098477920183268,5.111074447631836,1291780000,0.0,0.0,AAPL
2007-10-22 00:00:00-04:00,5.108976269371402,5.245435479874597,5.097279491037695,5.2292399406433105,1649499600,0.0,0.0,AAPL
2007-10-23 00:00:00-04:00,5.655110251058836,5.656309519618702,5.48116225269771,5.583131313323975,1795164000,0.0,0.0,AAPL
2007-10-24 00:00:00-04:00,5.572635333250439,5.6146225518479405,5.375594882660982,5.576234340667725,1288481600,0.0,0.0,AAPL
2007-10-25 00:00:00-04:00,5.544444885163504,5.575335970508496,5.448173421925172,5.4817633628845215,973602000,0.0,0.0,AAPL
2007-10-26 00:00:00-04:00,5.557040060307415,5.559439398596591,5.484761996464072,5.539345741271973,706876800,0.0,0.0,AAPL
2007-10-29 00:00:00-04:00,5.561839180278385,5.596029756086368,5.539346581675733,5.551042556762695,540554000,0.0,0.0,AAPL
2007-10-30 00:00:00-04:00,5.583733536183349,5.67940476913146,5.540246320898788,5.608325958251953,939414000,0.0,0.0,AAPL
2007-10-31 00:00:00-04:00,5.6272187907994535,5.701896994942415,5.546843359401798,5.696798801422119,833310800,0.0,0.0,AAPL
2007-11-01 00:00:00-04:00,5.656311638888485,5.701298842198898,5.398388717168491,5.621522426605225,805036400,0.0,0.0,AAPL
2007-11-02 00:00:00-04:00,5.674604691857609,5.681502388356459,5.503055624381646,5.634416580200195,1002114400,0.0,0.0,AAPL
2007-11-05 00:00:00-05:00,5.557040365471207,5.667107212566136,5.52554984954371,5.583732604980469,804176800,0.0,0.0,AAPL
2007-11-06 00:00:00-05:00,5.609824223375472,5.758280074564531,5.556440548878245,5.75198221206665,954727200,0.0,0.0,AAPL
2007-11-07 00:00:00-05:00,5.716593339260645,5.77867542627359,5.582233577619068,5.587331771850586,994327600,0.0,0.0,AAPL
2007-11-08 00:00:00-05:00,5.598427152696868,5.605324848508373,5.03159640606621,5.2625274658203125,1890378000,0.0,0.0,AAPL
2007-11-09 00:00:00-05:00,5.132966666961132,5.252031018214875,4.954819415342694,4.959618091583252,1526380800,0.0,0.0,AAPL
2007-11-12 00:00:00-05:00,4.956919843032695,5.029498634642363,4.517551371526631,4.611423492431641,1769065200,0.0,0.0,AAPL
2007-11-13 00:00:00-05:00,4.8240598533227645,5.127869283573885,4.611423283920584,5.097278118133545,1739446800,0.0,0.0,AAPL
2007-11-14 00:00:00-05:00,5.313213399218158,5.325509607726045,4.910733203999208,4.981812000274658,1449168000,0.0,0.0,AAPL
2007-11-15 00:00:00-05:00,4.990208930757347,5.086180447268732,4.807563332351777,4.92752742767334,1487410400,0.0,0.0,AAPL
2007-11-16 00:00:00-05:00,4.957517574718328,5.009102532052733,4.778471411735541,4.990208148956299,1383494000,0.0,0.0,AAPL
2007-11-19 00:00:00-05:00,4.981512302096877,5.0444933292226946,4.861548193023564,4.917031288146973,1154428800,0.0,0.0,AAPL
2007-11-20 00:00:00-05:00,4.968616361041517,5.152160935129132,4.904434862636148,5.0639872550964355,1543642800,0.0,0.0,AAPL
2007-11-21 00:00:00-05:00,4.973713794404233,5.168955528960126,4.938624275300261,5.052290916442871,1217809600,0.0,0.0,AAPL
2007-11-23 00:00:00-05:00,5.158461117530907,5.159960704520017,5.090981304715975,5.144665718078613,465757600,0.0,0.0,AAPL
2007-11-26 00:00:00-05:00,5.206144516754818,5.316510859242211,5.168955178894121,5.174654006958008,1305754800,0.0,0.0,AAPL
2007-11-27 00:00:00-05:00,5.255030163699528,5.272125048597157,5.0987772617537805,5.242733955383301,1317030400,0.0,0.0,AAPL
2007-11-28 00:00:00-05:00,5.303016499169766,5.416382438360566,5.258929455845159,5.404986381530762,1150912000,0.0,0.0,AAPL
2007-11-29 00:00:00-05:00,5.381291614622434,5.553440103196026,5.3728939320463835,5.527048587799072,1050926800,0.0,0.0,AAPL
2007-11-30 00:00:00-05:00,5.6185217820007916,5.629318404415996,5.389390569907435,5.464967727661133,1187802000,0.0,0.0,AAPL
2007-12-03 00:00:00-05:00,5.454171400938514,5.522551348020738,5.329409000314917,5.364198207855225,961469600,0.0,0.0,AAPL
2007-12-04 00:00:00-05:00,5.312912294915911,5.425378050529481,5.308113218908304,5.392688274383545,773799600,0.0,0.0,AAPL
2007-12-05 00:00:00-05:00,5.485061870771186,5.578333743490355,5.4706662415725456,5.563338279724121,892402000,0.0,0.0,AAPL
2007-12-06 00:00:00-05:00,5.58403230261606,5.701297560784397,5.58193288158033,5.696798801422119,899810800,0.0,0.0,AAPL
2007-12-07 00:00:00-05:00,5.7144931182150325,5.847953910028761,5.639515397237911,5.8272600173950195,1066066400,0.0,0.0,AAPL
2007-12-10 00:00:00-05:00,5.805966494000836,5.868047373234199,5.778974337315109,5.824560165405273,722377600,0.0,0.0,AAPL
2007-12-11 00:00:00-05:00,5.840753641731994,5.903135217134231,5.620019791318558,5.6545090675354,1110925200,0.0,0.0,AAPL
2007-12-12 00:00:00-05:00,5.801466913488396,5.832657912282816,5.571136433309561,5.724091053009033,1225660800,0.0,0.0,AAPL
2007-12-13 00:00:00-05:00,5.703995203463649,5.7618784274399895,5.632916422343548,5.753180027008057,864617600,0.0,0.0,AAPL
2007-12-14 00:00:00-05:00,5.709394405202746,5.7942685822500515,5.684501674510199,5.709993839263916,674312800,0.0,0.0,AAPL
2007-12-17 00:00:00-05:00,5.719891452011818,5.777773481148592,5.4877602975553215,5.5303473472595215,1024693600,0.0,0.0,AAPL
2007-12-18 00:00:00-05:00,5.5939307148335145,5.618223219500241,5.356400977113115,5.487761974334717,1222603200,0.0,0.0,AAPL
2007-12-19 00:00:00-05:00,5.487760729862193,5.537546198161183,5.425379136058251,5.491959571838379,827478400,0.0,0.0,AAPL
2007-12-20 00:00:00-05:00,5.561240334450372,5.633218499543466,5.49825928983502,5.6146240234375,774057200,0.0,0.0,AAPL
2007-12-21 00:00:00-05:00,5.701896877160201,5.815562725067139,5.694999180037477,5.815562725067139,993960800,0.0,0.0,AAPL
2007-12-24 00:00:00-05:00,5.849153756990889,5.9781158110215085,5.841956541657457,5.962220191955566,480202800,0.0,0.0,AAPL
2007-12-26 00:00:00-05:00,5.968518654648272,6.0270013367915904,5.902838356508417,5.966719150543213,703732400,0.0,0.0,AAPL
2007-12-27 00:00:00-05:00,5.9667182459684405,6.086981882034578,5.932228957121269,5.955321788787842,795527600,0.0,0.0,AAPL
2007-12-28 00:00:00-05:00,6.015903493208333,6.044994268672887,5.9046365826692835,5.993110179901123,699647200,0.0,0.0,AAPL
2007-12-31 00:00:00-05:00,5.983211759040751,6.0132026810201955,5.930727445364955,5.940624713897705,539333200,0.0,0.0,AAPL
2008-01-02 00:00:00-05:00,5.976312880053229,6.006003878926331,5.774773347641272,5.843451976776123,1079178800,0.0,0.0,AAPL
2008-01-03 00:00:00-05:00,5.860549765403204,5.919931784524696,5.778973867794964,5.846153736114502,842066400,0.0,0.0,AAPL
2008-01-04 00:00:00-05:00,5.741786709193363,5.788272700268344,5.365099301826464,5.399888515472412,1455832000,0.0,0.0,AAPL
2008-01-07 00:00:00-05:00,5.435877375019171,5.506356750194719,5.105376067136646,5.327610015869141,2072193200,0.0,0.0,AAPL
2008-01-08 00:00:00-05:00,5.402586387539824,5.472166403855742,5.122470422196865,5.1359663009643555,1523816000,0.0,0.0,AAPL
2008-01-09 00:00:00-05:00,5.137465238993132,5.38339180061065,5.047492057861892,5.380393028259277,1813882000,0.0,0.0,AAPL
2008-01-10 00:00:00-05:00,5.3258104612495325,5.428379790264862,5.260729999353734,5.339006423950195,1482975200,0.0,0.0,AAPL
2008-01-11 00:00:00-05:00,5.278424640281231,5.333908551372719,5.098478627842896,5.179154396057129,1232285600,0.0,0.0,AAPL
2008-01-14 00:00:00-05:00,5.324009038754223,5.380991711836252,5.2535296896437575,5.36179780960083,1100450400,0.0,0.0,AAPL
2008-01-15 00:00:00-05:00,5.330008126466219,5.374994116392687,4.93832457098278,5.069685935974121,2343278000,0.0,0.0,AAPL
2008-01-16 00:00:00-05:00,4.9554201242137585,5.068786067434278,4.699597058778621,4.787770748138428,2213845200,0.0,0.0,AAPL
2008-01-17 00:00:00-05:00,4.843853126574611,4.959318477711696,4.751180688127396,4.825258255004883,1757859600,0.0,0.0,AAPL
2008-01-18 00:00:00-05:00,4.849851219890947,4.971015403535214,4.786870190152119,4.839354515075684,1724343600,0.0,0.0,AAPL
2008-01-22 00:00:00-05:00,4.440472143530807,4.797965019961578,4.378690804975807,4.667803764343262,2434754000,0.0,0.0,AAPL
2008-01-23 00:00:00-05:00,4.0844799216885965,4.1987455963625555,3.783069878424323,4.170854091644287,3372969600,0.0,0.0,AAPL
2008-01-24 00:00:00-05:00,4.19844622877258,4.219739956891098,3.959117826581812,4.0667853355407715,2005866800,0.0,0.0,AAPL
2008-01-25 00:00:00-05:00,4.168456233453788,4.1714550064482365,3.887140173611597,3.8991360664367676,1554739200,0.0,0.0,AAPL
2008-01-28 00:00:00-05:00,3.8436529598959948,3.99480769635688,3.7923674948695507,3.8991360664367676,1474844000,0.0,0.0,AAPL
2008-01-29 00:00:00-05:00,3.9333254178850274,3.982510249930198,3.870344391010462,3.945021390914917,1099982800,0.0,0.0,AAPL
2008-01-30 00:00:00-05:00,3.9399230193991035,4.062286460690683,3.89883515489538,3.9642155170440674,1243051600,0.0,0.0,AAPL
2008-01-31 00:00:00-05:00,3.8823409518154026,4.098276647104617,3.8808421658546792,4.05958890914917,1345674400,0.0,0.0,AAPL
2008-02-01 00:00:00-05:00,4.085981824825204,4.096478535627147,3.9642181375729466,4.0113043785095215,1010744000,0.0,0.0,AAPL
2008-02-04 00:00:00-05:00,4.025096313962268,4.075781120380661,3.941421415812306,3.948319911956787,899234000,0.0,0.0,AAPL
2008-02-05 00:00:00-05:00,3.9117321254780553,4.018800212077776,3.8658455738360717,3.8796417713165283,1141042000,0.0,0.0,AAPL
2008-02-06 00:00:00-05:00,3.9237288974188287,3.956419487330952,3.6520101918653136,3.658907890319824,1573272400,0.0,0.0,AAPL
2008-02-07 00:00:00-05:00,3.5980270035959134,3.742284071316487,3.5170505059069366,3.636115312576294,2083331600,0.0,0.0,AAPL
2008-02-08 00:00:00-05:00,3.6613076252929226,3.7698753124961693,3.6469115912935015,3.763277530670166,1355972800,0.0,0.0,AAPL
2008-02-11 00:00:00-05:00,3.8391527597923085,3.8982348522745327,3.814859864640789,3.8823392391204834,1201432400,0.0,0.0,AAPL
2008-02-12 00:00:00-05:00,3.9198296196464177,3.928826738689968,3.7074929653042674,3.7446823120117188,1225980000,0.0,0.0,AAPL
2008-02-13 00:00:00-05:00,3.7992651202547916,3.8922374727132474,3.7677746074551264,3.880841016769409,968534000,0.0,0.0,AAPL
2008-02-14 00:00:00-05:00,3.8808417767064154,3.9228294022769474,3.8091623353118114,3.8226590156555176,954097200,0.0,0.0,AAPL
2008-02-15 00:00:00-05:00,3.7869716455922484,3.811263760952357,3.720691081732799,3.737785577774048,901300400,0.0,0.0,AAPL
2008-02-19 00:00:00-05:00,3.778571536233028,3.8013648503984934,3.642112369384717,3.6643054485321045,1005046000,0.0,0.0,AAPL
2008-02-20 00:00:00-05:00,3.664905563691583,3.736883710553419,3.649309864745936,3.7134909629821777,967439200,0.0,0.0,AAPL
2008-02-21 00:00:00-05:00,3.780371874872018,3.7929680023793555,3.6247183835375836,3.645111560821533,938114800,0.0,0.0,AAPL
2008-02-22 00:00:00-05:00,3.6733038024708033,3.674203154045255,3.4750624497869556,3.582730770111084,1529878000,0.0,0.0,AAPL
2008-02-25 00:00:00-05:00,3.556637620933193,3.604024154531152,3.498755583392086,3.59112811088562,1256774400,0.0,0.0,AAPL
2008-02-26 00:00:00-05:00,3.528146300754451,3.6316153569968392,3.462165702220974,3.573432207107544,1504888000,0.0,0.0,AAPL
2008-02-27 00:00:00-05:00,3.5458407684978535,3.6903976962317437,3.541642326938645,3.6876988410949707,1475138000,0.0,0.0,AAPL
2008-02-28 00:00:00-05:00,3.814860773888038,3.9648162209014908,3.771973801143817,3.89613676071167,1618254400,0.0,0.0,AAPL
2008-02-29 00:00:00-05:00,3.877540986521834,3.9051325709335054,3.742881353158207,3.7494795322418213,1255480800,0.0,0.0,AAPL
2008-03-03 00:00:00-05:00,3.732083805229785,3.778270246483119,3.538941561104911,3.6508078575134277,1593043200,0.0,0.0,AAPL
2008-03-04 00:00:00-05:00,3.6586093583667525,3.745283501060107,3.610923684118563,3.737485647201538,1785383600,0.0,0.0,AAPL
2008-03-05 00:00:00-05:00,3.706293279545359,3.7530799851976946,3.6664054737131586,3.7335853576660156,1221836000,0.0,0.0,AAPL
2008-03-06 00:00:00-05:00,3.7371840748277467,3.8238581791396604,3.623218294943952,3.6268177032470703,1473698800,0.0,0.0,AAPL
2008-03-07 00:00:00-05:00,3.6112216145526226,3.688298765210639,3.5704344601384714,3.666405200958252,1230462800,0.0,0.0,AAPL
2008-03-10 00:00:00-04:00,3.6583071108439578,3.7026936599457883,3.5800299144982937,3.589627265930176,999588800,0.0,0.0,AAPL
2008-03-11 00:00:00-04:00,3.721889210731884,3.8232584662662576,3.658907772106397,3.819359540939331,1163943200,0.0,0.0,AAPL
2008-03-12 00:00:00-04:00,3.8100605758903088,3.859245386721386,3.753976869772916,3.779768943786621,1059629200,0.0,0.0,AAPL
2008-03-13 00:00:00-04:00,3.7218890433764873,3.8838403915914523,3.6888985386711273,3.837054491043091,1262102800,0.0,0.0,AAPL
2008-03-14 00:00:00-04:00,3.895235609575196,3.907832134273927,3.72488661312331,3.797165870666504,1156640800,0.0,0.0,AAPL
2008-03-17 00:00:00-04:00,3.6754027360756605,3.8565483763334885,3.6754027360756605,3.800764560699463,1072598800,0.0,0.0,AAPL
2008-03-18 00:00:00-04:00,3.8742427873571237,3.988808793415433,3.858947405480742,3.983409881591797,1205120000,0.0,0.0,AAPL
2008-03-19 00:00:00-04:00,3.992406672000285,4.027495784906549,3.88893723487854,3.88893723487854,1010536800,0.0,0.0,AAPL
2008-03-20 00:00:00-04:00,3.9324252668055473,3.9975057146519544,3.874242515952306,3.996906280517578,908787600,0.0,0.0,AAPL
2008-03-24 00:00:00-04:00,4.0190992001370764,4.224238226671011,4.008003060992852,4.18464994430542,1066920400,0.0,0.0,AAPL
2008-03-25 00:00:00-04:00,4.197543959848935,4.291715943515954,4.118668151366476,4.228135108947754,1052391200,0.0,0.0,AAPL
2008-03-26 00:00:00-04:00,4.224839892037584,4.370896475611678,4.2179421916396524,4.3505024909973145,1182084400,0.0,0.0,AAPL
2008-03-27 00:00:00-04:00,4.347202903790046,4.357999528514267,4.198447094030389,4.206244945526123,999829600,0.0,0.0,AAPL
2008-03-28 00:00:00-04:00,4.252730316599132,4.3382039422267225,4.24673197073296,4.2890191078186035,714610400,0.0,0.0,AAPL
2008-03-31 00:00:00-04:00,4.296818006864469,4.369996242609731,4.274324604796342,4.303715705871582,768065200,0.0,0.0,AAPL
2008-04-01 00:00:00-04:00,4.387690070582167,4.488459891816376,4.307014710636677,4.484560966491699,1032567200,0.0,0.0,AAPL
2008-04-02 00:00:00-04:00,4.462067074772514,4.534645860001133,4.374194108959596,4.423378944396973,1044968400,0.0,0.0,AAPL
2008-04-03 00:00:00-04:00,4.410480285999845,4.607521430342967,4.408680783269247,4.546939373016357,1051568000,0.0,0.0,AAPL
2008-04-04 00:00:00-04:00,4.564336453544754,4.639913603996196,4.521149567633014,4.591028690338135,854417200,0.0,0.0,AAPL
2008-04-07 00:00:00-04:00,4.682501628020045,4.789270196948105,4.6519112611822635,4.675304412841797,1158326400,0.0,0.0,AAPL
2008-04-08 00:00:00-04:00,4.605124404665599,4.692098003526722,4.5682349838046585,4.583829879760742,1014294400,0.0,0.0,AAPL
2008-04-09 00:00:00-04:00,4.597926669954413,4.615321071958864,4.512451843843178,4.541842937469482,873398400,0.0,0.0,AAPL
2008-04-10 00:00:00-04:00,4.5325463124201875,4.661207626962618,4.516650695985773,4.635115623474121,955763200,0.0,0.0,AAPL
2008-04-11 00:00:00-04:00,4.5802320858324705,4.597626486831185,4.390687972979099,4.412881851196289,1210076000,0.0,0.0,AAPL
2008-04-14 00:00:00-04:00,4.401785058910464,4.4761625362622715,4.334905112533237,4.432075500488281,845087600,0.0,0.0,AAPL
2008-04-15 00:00:00-04:00,4.48066313951,4.490260896931727,4.3702967374237165,4.450072765350342,698037200,0.0,0.0,AAPL
2008-04-16 00:00:00-04:00,4.550239197551586,4.621617888668306,4.517249507186872,4.609622001647949,795774000,0.0,0.0,AAPL
2008-04-17 00:00:00-04:00,4.623719162734682,4.678603230884296,4.599127144017952,4.633316516876221,704267200,0.0,0.0,AAPL
2008-04-18 00:00:00-04:00,4.772174845505867,4.866346877236593,4.749981765764545,4.829758167266846,1026765600,0.0,0.0,AAPL
2008-04-21 00:00:00-04:00,4.86484531112994,5.053489230661742,4.851349837621616,5.043292045593262,1039152800,0.0,0.0,AAPL
2008-04-22 00:00:00-04:00,5.020497788406113,5.038492817475484,4.741281327454616,4.804563045501709,1439572400,0.0,0.0,AAPL
2008-04-23 00:00:00-04:00,4.920032477654668,4.943725149718366,4.830958617898753,4.885242462158203,1504190800,0.0,0.0,AAPL
2008-04-24 00:00:00-04:00,4.958719132839253,5.097877151021584,4.774274004474445,5.066686153411865,1696066400,0.0,0.0,AAPL
2008-04-25 00:00:00-04:00,5.119469450702453,5.131465337317375,4.991107297401183,5.090378284454346,992474000,0.0,0.0,AAPL
2008-04-28 00:00:00-04:00,5.090979318640962,5.210943428003503,5.072384847653762,5.1656575202941895,787214400,0.0,0.0,AAPL
2008-04-29 00:00:00-04:00,5.131767814469271,5.268226999032563,5.105975724406884,5.249933242797852,923476400,0.0,0.0,AAPL
2008-04-30 00:00:00-04:00,5.28412025454374,5.398385905549948,5.186049331599764,5.216940402984619,1139524400,0.0,0.0,AAPL
2008-05-01 00:00:00-04:00,5.2472318594377425,5.3983869552612305,5.244233087257906,5.3983869552612305,903576800,0.0,0.0,AAPL
2008-05-02 00:00:00-04:00,5.404085603546525,5.455970090430336,5.354900772539438,5.426578998565674,1006082000,0.0,0.0,AAPL
2008-05-05 00:00:00-04:00,5.455970301419167,5.557639858210481,5.4298778981201545,5.540245056152344,854557200,0.0,0.0,AAPL
2008-05-06 00:00:00-04:00,5.538145190776144,5.611923235067016,5.463768112812224,5.598127841949463,918870400,0.0,0.0,AAPL
2008-05-07 00:00:00-04:00,5.5798345597920616,5.644315588750187,5.4145837038086,5.476065158843994,1157133600,0.0,0.0,AAPL
2008-05-08 00:00:00-04:00,5.511455253293959,5.593331097749323,5.490461837179822,5.550144195556641,899085600,0.0,0.0,AAPL
2008-05-09 00:00:00-04:00,5.493159127058451,5.525848906684239,5.439474739093904,5.501856327056885,673072400,0.0,0.0,AAPL
2008-05-12 00:00:00-04:00,5.5546427741349556,5.66440973053904,5.483863474828641,5.643115997314453,818563200,0.0,0.0,AAPL
2008-05-13 00:00:00-04:00,5.6566107715117,5.741785687737251,5.634118174036139,5.697099208831787,823236400,0.0,0.0,AAPL
2008-05-14 00:00:00-04:00,5.735187837541698,5.765478687420029,5.565438630781062,5.586132526397705,916823600,0.0,0.0,AAPL
2008-05-15 00:00:00-04:00,5.60262828927956,5.695300755084778,5.524351056479135,5.690201759338379,873208000,0.0,0.0,AAPL
2008-05-16 00:00:00-04:00,5.701597073223107,5.707295902167853,5.60832479796908,5.626919269561768,765769200,0.0,0.0,AAPL
2008-05-19 00:00:00-04:00,5.634116750439892,5.659009080582419,5.4373750446850755,5.506354808807373,945820400,0.0,0.0,AAPL
2008-05-20 00:00:00-04:00,5.452968909428263,5.583130164379326,5.401984589818903,5.575333118438721,969850000,0.0,0.0,AAPL
2008-05-21 00:00:00-04:00,5.568437323451875,5.636817273328677,5.285922006175155,5.344104766845703,1157657200,0.0,0.0,AAPL
2008-05-22 00:00:00-04:00,5.376195600252547,5.438276490903087,5.158460404610712,5.309915065765381,1206735600,0.0,0.0,AAPL
2008-05-23 00:00:00-04:00,5.421481185055437,5.45807069985287,5.332408138247764,5.433477878570557,906917200,0.0,0.0,AAPL
2008-05-27 00:00:00-04:00,5.480863623018407,5.591230392456055,5.453571948081222,5.591230392456055,789905200,0.0,0.0,AAPL
2008-05-28 00:00:00-04:00,5.620621303397234,5.636816837944468,5.509955020713592,5.608625411987305,743979600,0.0,0.0,AAPL
2008-05-29 00:00:00-04:00,5.6011284857006896,5.644315784738977,5.563339699148115,5.599029064178467,647186400,0.0,0.0,AAPL
2008-05-30 00:00:00-04:00,5.621820520579378,5.684502026847643,5.619721099752713,5.660808563232422,610184400,0.0,0.0,AAPL
2008-06-02 00:00:00-04:00,5.656310559950357,5.687801075710025,5.53424702140129,5.581333637237549,679840000,0.0,0.0,AAPL
2008-06-03 00:00:00-04:00,5.6041256549078176,5.6443141692641765,5.46856665065646,5.559439182281494,750520400,0.0,0.0,AAPL
2008-06-04 00:00:00-04:00,5.518950441927168,5.611023024562754,5.495257782854005,5.55403995513916,726983600,0.0,0.0,AAPL
2008-06-05 00:00:00-04:00,5.588533196950089,5.6935018862957625,5.569338883428571,5.6812052726745605,755445600,0.0,0.0,AAPL
2008-06-06 00:00:00-04:00,5.638315704486907,5.696798370501891,5.5648379759125,5.5675368309021,966422800,0.0,0.0,AAPL
2008-06-09 00:00:00-04:00,5.542046467532872,5.546544827595187,5.270927175263678,5.446674346923828,1888392800,0.0,0.0,AAPL
2008-06-10 00:00:00-04:00,5.413682876162658,5.601726198198386,5.368995603634572,5.5675368309021,1140941200,0.0,0.0,AAPL
2008-06-11 00:00:00-04:00,5.528549350439136,5.578334828384654,5.386092617166229,5.4226813316345215,961550800,0.0,0.0,AAPL
2008-06-12 00:00:00-04:00,5.4430758773602745,5.476366305379685,5.134468107798292,5.196249485015869,1308333600,0.0,0.0,AAPL
2008-06-13 00:00:00-04:00,5.147662503325339,5.223239656265693,4.957819668916719,5.1695556640625,1345957200,0.0,0.0,AAPL
2008-06-16 00:00:00-04:00,5.137463549850499,5.33540408283491,5.070583620652365,5.303613662719727,1051730400,0.0,0.0,AAPL
2008-06-17 00:00:00-04:00,5.3414055957451465,5.458071045015392,5.320711698546587,5.4412760734558105,899656800,0.0,0.0,AAPL
2008-06-18 00:00:00-04:00,5.431979299043829,5.464369977116641,5.318913645089374,5.36090087890625,811468000,0.0,0.0,AAPL
2008-06-19 00:00:00-04:00,5.354902527181152,5.468568407764903,5.30241818855465,5.425380706787109,791949200,0.0,0.0,AAPL
2008-06-20 00:00:00-04:00,5.378892849508204,5.4283783976822475,5.248432041840961,5.256529808044434,888367200,0.0,0.0,AAPL
2008-06-23 00:00:00-04:00,5.240634555352986,5.274824725708692,5.145263260457619,5.193249225616455,645780800,0.0,0.0,AAPL
2008-06-24 00:00:00-04:00,5.169554379587653,5.271823744789634,5.147361307082809,5.19594669342041,621947200,0.0,0.0,AAPL
2008-06-25 00:00:00-04:00,5.236734927990506,5.363297603808617,5.214841769784922,5.320110321044922,644450800,0.0,0.0,AAPL
2008-06-26 00:00:00-04:00,5.2205417021708,5.243634936445166,5.03879580216063,5.04629373550415,869610000,0.0,0.0,AAPL
2008-06-27 00:00:00-04:00,4.99380688264929,5.115570455719792,4.923028029308167,5.101174831390381,1042249600,0.0,0.0,AAPL
2008-06-30 00:00:00-04:00,5.104175638150169,5.158459468531836,4.997107563896573,5.021700382232666,684196800,0.0,0.0,AAPL
2008-07-01 00:00:00-04:00,4.9254280633646905,5.24003405010012,4.918530367057777,5.238834381103516,1111280800,0.0,0.0,AAPL
2008-07-02 00:00:00-04:00,5.254431529308271,5.3219113273106275,5.0438947677612305,5.0438947677612305,837519200,0.0,0.0,AAPL
2008-07-03 00:00:00-04:00,5.086181237972517,5.163558297702188,4.971015400255037,5.102076053619385,523362000,0.0,0.0,AAPL
2008-07-07 00:00:00-04:00,5.193249588997466,5.312313156668575,5.15546080897077,5.253231048583984,820391600,0.0,0.0,AAPL
2008-07-08 00:00:00-04:00,5.2604299720257,5.389391223746052,5.180653561954826,5.384892463684082,888350400,0.0,0.0,AAPL
2008-07-09 00:00:00-04:00,5.404386650552053,5.425680382509865,5.222641536999904,5.225940227508545,895776000,0.0,0.0,AAPL
2008-07-10 00:00:00-04:00,5.2460333243018695,5.318611309334218,5.139565084536094,5.297317981719971,840688800,0.0,0.0,AAPL
2008-07-11 00:00:00-04:00,5.262529595507556,5.311714439046092,5.12846934347773,5.175854682922363,930011600,0.0,0.0,AAPL
2008-07-14 00:00:00-04:00,5.375594286060429,5.3773929887222245,5.190849263379457,5.214841842651367,886054400,0.0,0.0,AAPL
2008-07-15 00:00:00-04:00,5.172854284797695,5.210643058050855,4.990209081305514,5.087679386138916,1040043200,0.0,0.0,AAPL
2008-07-16 00:00:00-04:00,5.104475860730633,5.186351693787342,5.056491087903167,5.182753086090088,747790400,0.0,0.0,AAPL
2008-07-17 00:00:00-04:00,5.22144092539424,5.247833650114642,5.140164931643121,5.152761459350586,757526000,0.0,0.0,AAPL
2008-07-18 00:00:00-04:00,5.054090301923902,5.0879809573950645,4.948522213510174,4.9530205726623535,868414400,0.0,0.0,AAPL
2008-07-21 00:00:00-04:00,5.005504982055112,5.023500020654181,4.832157181544169,4.987211227416992,1360469600,0.0,0.0,AAPL
2008-07-22 00:00:00-04:00,4.468665041305368,4.881341578620116,4.394586679765266,4.8591485023498535,1879592400,0.0,0.0,AAPL
2008-07-23 00:00:00-04:00,4.948222262229184,5.049591908099752,4.845353029843638,4.986310958862305,1061768400,0.0,0.0,AAPL
2008-07-24 00:00:00-04:00,4.928126799537515,4.95631902027899,4.752080183606912,4.769474983215332,839619200,0.0,0.0,AAPL
2008-07-25 00:00:00-04:00,4.8105623630480165,4.888539649856367,4.758078043496293,4.862147331237793,633637200,0.0,0.0,AAPL
2008-07-28 00:00:00-04:00,4.868747463712624,4.8726463900009875,4.619221787190198,4.630619049072266,780712800,0.0,0.0,AAPL
2008-07-29 00:00:00-04:00,4.660907901104673,4.782072089190426,4.608124057377306,4.71099328994751,684070800,0.0,0.0,AAPL
2008-07-30 00:00:00-04:00,4.731987096217446,4.813262683278653,4.681002355936708,4.794968128204346,725183200,0.0,0.0,AAPL
2008-07-31 00:00:00-04:00,4.7247898275616,4.864547697301478,4.707994857772904,4.7670769691467285,637498400,0.0,0.0,AAPL
2008-08-01 00:00:00-04:00,4.795567484878278,4.798267541411115,4.671105009432342,4.698396682739258,544639200,0.0,0.0,AAPL
2008-08-04 00:00:00-04:00,4.6965988422492995,4.735587704425253,4.585931722489631,4.595529079437256,592527600,0.0,0.0,AAPL
2008-08-05 00:00:00-04:00,4.66120779300149,4.822559697610361,4.643213555734828,4.817761421203613,688371600,0.0,0.0,AAPL
2008-08-06 00:00:00-04:00,4.7976669240287615,5.020500272069834,4.738584817716542,4.924229621887207,791408800,0.0,0.0,AAPL
2008-08-07 00:00:00-04:00,4.879842468054564,4.98301242175402,4.843553674550276,4.905635356903076,672372400,0.0,0.0,AAPL
2008-08-08 00:00:00-04:00,4.914332036391121,5.087980537887511,4.911032946307533,5.0849809646606445,713997200,0.0,0.0,AAPL
2008-08-11 00:00:00-04:00,5.100575755098286,5.293417726929909,5.088579066021208,5.205244064331055,891304400,0.0,0.0,AAPL
2008-08-12 00:00:00-04:00,5.204046776748124,5.377094677896149,5.203746859407035,5.300318241119385,836278800,0.0,0.0,AAPL
2008-08-13 00:00:00-04:00,5.3378081349368705,5.398389447374729,5.275426517258713,5.3773956298828125,842346400,0.0,0.0,AAPL
2008-08-14 00:00:00-04:00,5.348302100436728,5.411882954676991,5.333606555856559,5.377993106842041,711300800,0.0,0.0,AAPL
2008-08-15 00:00:00-04:00,5.369597337987367,5.390890667535566,5.2499331264767095,5.270627021789551,708251600,0.0,0.0,AAPL
2008-08-18 00:00:00-04:00,5.265526608130632,5.332706470147696,5.213042290876855,5.260128498077393,552014400,0.0,0.0,AAPL
2008-08-19 00:00:00-04:00,5.234636627148793,5.310514505677523,5.152761203238135,5.204346179962158,616204400,0.0,0.0,AAPL
2008-08-20 00:00:00-04:00,5.241534549054752,5.306614996786988,5.206744545176553,5.273624897003174,506951200,0.0,0.0,AAPL
2008-08-21 00:00:00-04:00,5.232538615686124,5.261929719280389,5.155162331024799,5.2271409034729,539744800,0.0,0.0,AAPL
2008-08-22 00:00:00-04:00,5.273026242456871,5.3234111552432415,5.2655283088173706,5.302117824554443,439611200,0.0,0.0,AAPL
2008-08-25 00:00:00-04:00,5.282922324691193,5.285322464126342,5.1482626498389745,5.174954891204834,484425200,0.0,0.0,AAPL
2008-08-26 00:00:00-04:00,5.181254041376654,5.244834923136339,5.1767552807548665,5.207646369934082,445550000,0.0,0.0,AAPL
2008-08-27 00:00:00-04:00,5.197747852269825,5.271225989807408,5.164157915182411,5.238535404205322,477780800,0.0,0.0,AAPL
2008-08-28 00:00:00-04:00,5.256830230992756,5.285921407823153,5.18095275688886,5.210643768310547,431384800,0.0,0.0,AAPL
2008-08-29 00:00:00-04:00,5.1872512924559,5.203446426847481,5.069686509355326,5.084382057189941,599289600,0.0,0.0,AAPL
2008-09-02 00:00:00-04:00,5.170456576962617,5.203446681986159,4.948522560733464,4.9842119216918945,780763200,0.0,0.0,AAPL
2008-09-03 00:00:00-04:00,5.003704231092227,5.058888201528255,4.918530138826946,5.007303237915039,734834800,0.0,0.0,AAPL
2008-09-04 00:00:00-04:00,4.9743139020590785,5.035796143818359,4.822859278962855,4.835155487060547,743386000,0.0,0.0,AAPL
2008-09-05 00:00:00-04:00,4.756281732140052,4.87054746338767,4.728089495352324,4.803966999053955,786884000,0.0,0.0,AAPL
2008-09-08 00:00:00-04:00,4.935627147053825,4.945224502715814,4.542444692022226,4.736186504364014,1045979200,0.0,0.0,AAPL
2008-09-09 00:00:00-04:00,4.704394821111522,4.797366776970307,4.492358506008402,4.549041271209717,1245025600,0.0,0.0,AAPL
2008-09-10 00:00:00-04:00,4.56823308823837,4.6483089576330014,4.462665064340392,4.546939373016357,973142800,0.0,0.0,AAPL
2008-09-11 00:00:00-04:00,4.444073338025357,4.588330772402883,4.3786929610488965,4.578133583068848,971135200,0.0,0.0,AAPL
2008-09-12 00:00:00-04:00,4.525947555053254,4.525947555053254,4.3936868611544755,4.466865062713623,793027200,0.0,0.0,AAPL
2008-09-15 00:00:00-04:00,4.259630069971542,4.429379335683019,4.209544658660889,4.209544658660889,920634400,0.0,0.0,AAPL
2008-09-16 00:00:00-04:00,4.014600829432944,4.273723767414703,3.963316573478095,4.1951470375061035,1199836400,0.0,0.0,AAPL
2008-09-17 00:00:00-04:00,4.153461046775422,4.154061282038933,3.833756685256958,3.833756685256958,1200455200,0.0,0.0,AAPL
2008-09-18 00:00:00-04:00,3.915931203930186,4.0616878348697405,3.619319747446806,4.021500110626221,1676253600,0.0,0.0,AAPL
2008-09-19 00:00:00-04:00,4.276721838929691,4.324707797607979,4.088078295204595,4.22603702545166,1430875600,0.0,0.0,AAPL
2008-09-22 00:00:00-04:00,4.196946194466978,4.206243629880728,3.918629773798402,3.930325746536255,856713200,0.0,0.0,AAPL
2008-09-23 00:00:00-04:00,3.954319642981206,4.072783777220337,3.7986653618224584,3.8040642738342285,1280364400,0.0,0.0,AAPL
2008-09-24 00:00:00-04:00,3.81695971432899,3.9273268645850554,3.753378856259508,3.860146999359131,1047015200,0.0,0.0,AAPL
2008-09-25 00:00:00-04:00,3.892837964876173,4.042493921727019,3.854449744791479,3.956719160079956,1006045600,0.0,0.0,AAPL
2008-09-26 00:00:00-04:00,3.7461793677662314,3.8928356639669106,3.688896788639267,3.8460497856140137,1126451200,0.0,0.0,AAPL
2008-09-29 00:00:00-04:00,3.587529273777457,3.5893287778874567,3.0167995673261534,3.156857967376709,2622057200,0.0,0.0,AAPL
2008-09-30 00:00:00-04:00,3.246530219716168,3.4489702006388003,3.18804834606058,3.408782482147217,1626682400,0.0,0.0,AAPL
2008-10-01 00:00:00-04:00,3.3565981135612954,3.3697938755925603,3.2207383645258703,3.272623062133789,1296484000,0.0,0.0,AAPL
2008-10-02 00:00:00-04:00,3.2393330082397607,3.262725759170612,2.9991050326607676,3.002103805541992,1609364400,0.0,0.0,AAPL
2008-10-03 00:00:00-04:00,3.1190681232263366,3.1940450283390573,2.8386515189536317,2.9112300872802734,2294398400,0.0,0.0,AAPL
2008-10-06 00:00:00-04:00,2.7579767339198207,2.962515335354865,2.625416485439584,2.9433212280273438,2107417200,0.0,0.0,AAPL
2008-10-07 00:00:00-04:00,3.0135004632363813,3.044091634580885,2.667704144205511,2.6740024089813232,1878772000,0.0,0.0,AAPL
2008-10-08 00:00:00-04:00,2.57653018277246,2.889036992397625,2.5696324855071295,2.6928958892822266,2207741200,0.0,0.0,AAPL
2008-10-09 00:00:00-04:00,2.7996639394446015,2.8731418658367773,2.5972237942871748,2.661405086517334,1617383600,0.0,0.0,AAPL
2008-10-10 00:00:00-04:00,2.5702319520452988,2.999104440175604,2.5492381434821043,2.903132915496826,2219299600,0.0,0.0,AAPL
2008-10-13 00:00:00-04:00,3.1355634597206206,3.3149095755133846,3.0296946696652713,3.306811809539795,1539076000,0.0,0.0,AAPL
2008-10-14 00:00:00-04:00,3.486757874245225,3.490956715275619,3.093275095359702,3.121467113494873,1980994400,0.0,0.0,AAPL
2008-10-15 00:00:00-04:00,3.114269889067374,3.209042364174458,2.9358232815823526,2.9376227855682373,1584175600,0.0,0.0,AAPL
2008-10-16 00:00:00-04:00,2.9922053991698996,3.1019730983933953,2.7513778804492035,3.0557868480682373,1980521200,0.0,0.0,AAPL
2008-10-17 00:00:00-04:00,2.987107638668292,3.0602858484455417,2.575930484985034,2.9211268424987793,1762227600,0.0,0.0,AAPL
2008-10-20 00:00:00-04:00,2.992505627548239,3.000003759460789,2.808361230060751,2.952317714691162,1549170000,0.0,0.0,AAPL
2008-10-21 00:00:00-04:00,2.907632257560397,2.9361240055791926,2.7339837145504915,2.7438809871673584,2193660000,0.0,0.0,AAPL
2008-10-22 00:00:00-04:00,2.920227175209222,3.0365920563733226,2.7870673297184645,2.9052317142486572,2248808800,0.0,0.0,AAPL
2008-10-23 00:00:00-04:00,2.8944350126594096,2.976610328603773,2.7561763779944113,2.946019172668457,1675430400,0.0,0.0,AAPL
2008-10-24 00:00:00-04:00,2.7090899807044337,2.9361229282219807,2.702492201804492,2.890536308288574,1590058400,0.0,0.0,AAPL
2008-10-27 00:00:00-04:00,2.851248138534139,2.928025561454086,2.7549768930779424,2.7618753910064697,1208771200,0.0,0.0,AAPL
2008-10-28 00:00:00-04:00,2.8620453662984935,3.0141004470715704,2.7702732674963544,2.9964051246643066,1634133200,0.0,0.0,AAPL
2008-10-29 00:00:00-04:00,3.0248976908649485,3.2852199763110845,2.9973060921204895,3.1355648040771484,1950978400,0.0,0.0,AAPL
2008-10-30 00:00:00-04:00,3.2459299785601337,3.3646948092357793,3.227335509136587,3.330204725265503,1638089600,0.0,0.0,AAPL
2008-10-31 00:00:00-04:00,3.221038592516927,3.322408859054717,3.1532590705524646,3.2267370223999023,1659756000,0.0,0.0,AAPL
2008-11-03 00:00:00-05:00,3.176950756647405,3.2720229293225187,3.144860409679022,3.207841634750366,1057938000,0.0,0.0,AAPL
2008-11-04 00:00:00-05:00,3.298715443229987,3.352699568290913,3.1991454800290873,3.328706979751587,1398681200,0.0,0.0,AAPL
2008-11-05 00:00:00-05:00,3.266323753406565,3.290616047088725,3.08877656376765,3.098074197769165,1256455200,0.0,0.0,AAPL
2008-11-06 00:00:00-05:00,3.030594357090495,3.082478232910102,2.9391214092491795,2.972111701965332,1319074400,0.0,0.0,AAPL
2008-11-07 00:00:00-05:00,2.9763110681808937,2.9946050202999532,2.870741992731882,2.946319341659546,1095253600,0.0,0.0,AAPL
2008-11-10 00:00:00-05:00,3.0042017237280843,3.0110994184544704,2.834152486448038,2.875540256500244,1123822000,0.0,0.0,AAPL
2008-11-11 00:00:00-05:00,2.8434506078606097,2.9142296930566745,2.766973894499571,2.8422515392303467,1224538000,0.0,0.0,AAPL
2008-11-12 00:00:00-05:00,2.772072433363526,2.7963655405601693,2.699494630843938,2.7027931213378906,1178976400,0.0,0.0,AAPL
2008-11-13 00:00:00-05:00,2.695295587263772,2.8923370838165283,2.5798302092774392,2.8923370838165283,1854087200,0.0,0.0,AAPL
2008-11-14 00:00:00-05:00,2.81195960909274,2.818858106613439,2.699193920806863,2.7063913345336914,1405266800,0.0,0.0,AAPL
2008-11-17 00:00:00-05:00,2.653607393222566,2.715689068068558,2.6170186868303285,2.6434102058410645,1162526400,0.0,0.0,AAPL
2008-11-18 00:00:00-05:00,2.688398087865181,2.728885932478986,2.605022859422852,2.6964950561523438,1209695200,0.0,0.0,AAPL
2008-11-19 00:00:00-05:00,2.6823997838991778,2.7465800963582456,2.5855286796474797,2.58792781829834,1171900800,0.0,0.0,AAPL
2008-11-20 00:00:00-05:00,2.5564368061723233,2.592725798450304,2.3992835444127016,2.4139792919158936,1716814400,0.0,0.0,AAPL
2008-11-21 00:00:00-05:00,2.4571659027605266,2.5228469939226077,2.373491574598198,2.47666072845459,1569271200,0.0,0.0,AAPL
2008-11-24 00:00:00-05:00,2.5555356639908857,2.842849719406636,2.5444391286012986,2.7876665592193604,1442257600,0.0,0.0,AAPL
2008-11-25 00:00:00-05:00,2.838052659481059,2.840451797769171,2.6440101625351984,2.723186731338501,1235292800,0.0,0.0,AAPL
2008-11-26 00:00:00-05:00,2.696795235161129,2.8566473602388904,2.6946958139534045,2.849149227142334,899836000,0.0,0.0,AAPL
2008-11-28 00:00:00-05:00,2.840151495695551,2.8419509991998675,2.7549765981854897,2.7792696952819824,297774400,0.0,0.0,AAPL
2008-12-01 00:00:00-05:00,2.7381813155933807,2.7672726849101648,2.666802619879304,2.667102336883545,923767600,0.0,0.0,AAPL
2008-12-02 00:00:00-05:00,2.7000935797632466,2.7786705106859726,2.5942255760908064,2.7732717990875244,1148722400,0.0,0.0,AAPL
2008-12-03 00:00:00-05:00,2.6811994509333865,2.88603858157562,2.6632052120762513,2.876141309738159,1338680000,0.0,0.0,AAPL
2008-12-04 00:00:00-05:00,2.832053877869199,2.855446824011987,2.671001709419992,2.741481065750122,1091370000,0.0,0.0,AAPL
2008-12-05 00:00:00-05:00,2.7096904100668704,2.8338533450167094,2.665003341742558,2.819157600402832,1043795200,0.0,0.0,AAPL
2008-12-08 00:00:00-05:00,2.9175291741902876,3.0230972662565714,2.8731424125655725,2.9907073974609375,1185142000,0.0,0.0,AAPL
2008-12-09 00:00:00-05:00,2.940322510597981,3.1070723347124036,2.9154297736642394,3.000903606414795,1203496000,0.0,0.0,AAPL
2008-12-10 00:00:00-05:00,2.935223515033733,2.983808919195041,2.894136244021331,2.945420503616333,938047600,0.0,0.0,AAPL
2008-12-11 00:00:00-05:00,2.9196283947760193,3.0362932272850367,2.8440510332043694,2.849149227142334,1040617200,0.0,0.0,AAPL
2008-12-12 00:00:00-05:00,2.7831688999828206,2.969112809082427,2.775071133397437,2.9472198486328125,1041174400,0.0,0.0,AAPL
2008-12-15 00:00:00-05:00,2.8788392962572718,2.885437074608107,2.7891666511223225,2.84165096282959,891758000,0.0,0.0,AAPL
2008-12-16 00:00:00-05:00,2.8185588787937625,2.89353580553941,2.781669449207931,2.8620452880859375,1093506400,0.0,0.0,AAPL
2008-12-17 00:00:00-05:00,2.7300849551044504,2.7321843766963876,2.6398118287697727,2.6740024089813232,1293860400,0.0,0.0,AAPL
2008-12-18 00:00:00-05:00,2.678500134543702,2.7240867631783123,2.6524075297231304,2.6820993423461914,857416000,0.0,0.0,AAPL
2008-12-19 00:00:00-05:00,2.697394250642986,2.7273851766790154,2.663204683055102,2.6991939544677734,801920000,0.0,0.0,AAPL
2008-12-22 00:00:00-05:00,2.699794007586547,2.700093924924144,2.53994187067249,2.571432590484619,844740400,0.0,0.0,AAPL
2008-12-23 00:00:00-05:00,2.6053220260586296,2.635312956409471,2.5762306474319088,2.5906264781951904,635031600,0.0,0.0,AAPL
2008-12-24 00:00:00-05:00,2.5834291887611722,2.5867278791851054,2.5357433312046616,2.55043888092041,271334000,0.0,0.0,AAPL
2008-12-26 00:00:00-05:00,2.598424364472299,2.621817314496964,2.5564369412696344,2.5735316276550293,308324800,0.0,0.0,AAPL
2008-12-29 00:00:00-05:00,2.5948251105213935,2.627815614290722,2.551337901296129,2.5975241661071777,686000000,0.0,0.0,AAPL
2008-12-30 00:00:00-05:00,2.621817678886764,2.6407120720069317,2.540841393753132,2.58792781829834,967601600,0.0,0.0,AAPL
2008-12-31 00:00:00-05:00,2.5783297304302177,2.6314134859936202,2.5594353426773138,2.559735059738159,607541200,0.0,0.0,AAPL
2009-01-02 00:00:00-05:00,2.575631144130786,2.73038528160166,2.554037897416231,2.721687078475952,746015200,0.0,0.0,AAPL
2009-01-05 00:00:00-05:00,2.7942664233689727,2.884539354405107,2.780470023373477,2.8365535736083984,1181608400,0.0,0.0,AAPL
2009-01-06 00:00:00-05:00,2.8776407927273775,2.914229501658546,2.770872637630371,2.789767026901245,1289310400,0.0,0.0,AAPL
2009-01-07 00:00:00-05:00,2.753477700510772,2.774170790200635,2.7069909255880784,2.7294843196868896,753048800,0.0,0.0,AAPL
2009-01-08 00:00:00-05:00,2.7120902624200287,2.793665965631561,2.700393287577344,2.7801694869995117,673500800,0.0,0.0,AAPL
2009-01-09 00:00:00-05:00,2.795464605480295,2.800562797550932,2.7033920254977235,2.716587781906128,546845600,0.0,0.0,AAPL
2009-01-12 00:00:00-05:00,2.7129899133447357,2.7288855319053122,2.625716372469271,2.6590065956115723,617716400,0.0,0.0,AAPL
2009-01-13 00:00:00-05:00,2.6464102401283407,2.6913964378730126,2.5897272665845152,2.630514621734619,798397600,0.0,0.0,AAPL
2009-01-14 00:00:00-05:00,2.5864270673494163,2.6167177081427506,2.540840446795155,2.5591351985931396,1021664000,0.0,0.0,AAPL
2009-01-15 00:00:00-05:00,2.416378505025908,2.5228469476056983,2.400783405561906,2.5006532669067383,1831634000,0.0,0.0,AAPL
2009-01-16 00:00:00-05:00,2.528245258843036,2.530644397487914,2.4112806929670447,2.469162940979004,1047625600,0.0,0.0,AAPL
2009-01-20 00:00:00-05:00,2.4571650854515314,2.4592645059589957,2.3452987670898438,2.3452987670898438,919914800,0.0,0.0,AAPL
2009-01-21 00:00:00-05:00,2.3809893431675664,2.485658302992401,2.378590204418848,2.484158515930176,1089270000,0.0,0.0,AAPL
2009-01-22 00:00:00-05:00,2.640411686902462,2.699194277354555,2.573831446739748,2.6500084400177,1409528400,0.0,0.0,AAPL
2009-01-23 00:00:00-05:00,2.603822176151575,2.6952951521815165,2.594225623248156,2.6500084400177,763770000,0.0,0.0,AAPL
2009-01-26 00:00:00-05:00,2.6650036218300253,2.7282853655564407,2.6482084547616243,2.688397169113159,692238400,0.0,0.0,AAPL
2009-01-27 00:00:00-05:00,2.704891172221946,2.7456795141843777,2.691395497803062,2.7210865020751953,618038400,0.0,0.0,AAPL
2009-01-28 00:00:00-05:00,2.7627746210377446,2.8491487925774055,2.744180150743377,2.8251562118530273,861406000,0.0,0.0,AAPL
2009-01-29 00:00:00-05:00,2.791866498082376,2.82935556290043,2.7771709496482484,2.789167642593384,592729200,0.0,0.0,AAPL
2009-01-30 00:00:00-05:00,2.7771698850764315,2.807760239089345,2.6994931299389737,2.703092336654663,651478800,0.0,0.0,AAPL
2009-02-02 00:00:00-05:00,2.672202066204559,2.7591756802659626,2.666203720231926,2.7444801330566406,558247200,0.0,0.0,AAPL
2009-02-03 00:00:00-05:00,2.756776396643587,2.800563519086379,2.707591563957463,2.788566827774048,599309200,0.0,0.0,AAPL
2009-02-04 00:00:00-05:00,2.795765646032455,2.886638193282219,2.792166437908077,2.805661916732788,808421600,0.0,0.0,AAPL
2009-02-05 00:00:00-05:00,2.7822689106799485,2.9166286570220206,2.7777703514141594,2.8929359912872314,749246400,0.0,0.0,AAPL
2009-02-06 00:00:00-05:00,2.9097311237772456,2.9991048820811903,2.9091316895700348,2.9907073974609375,687209600,0.0,0.0,AAPL
2009-02-09 00:00:00-05:00,2.9991049821646674,3.089077376830998,2.9841087154690036,3.0743818283081055,715010800,0.0,0.0,AAPL
2009-02-10 00:00:00-05:00,3.038992748722673,3.074381588885798,2.9109310639103056,2.9340240955352783,849060800,0.0,0.0,AAPL
2009-02-11 00:00:00-05:00,2.8902370609880825,2.9484190132697634,2.8722420235448527,2.9037325382232666,674973600,0.0,0.0,AAPL
2009-02-12 00:00:00-05:00,2.874041381466444,2.9916063507103585,2.874041381466444,2.977210521697998,817188400,0.0,0.0,AAPL
2009-02-13 00:00:00-05:00,2.9688137206326113,2.997305668143031,2.942721912725132,2.9739127159118652,608977600,0.0,0.0,AAPL
2009-02-17 00:00:00-05:00,2.9052319253405394,2.910330118158029,2.8275551596328774,2.835052490234375,678238400,0.0,0.0,AAPL
2009-02-18 00:00:00-05:00,2.8506480095418145,2.8746403852604163,2.7807691015834974,2.830253839492798,684779200,0.0,0.0,AAPL
2009-02-19 00:00:00-05:00,2.8002639847185478,2.8266557081555246,2.7024929392716373,2.718388557434082,922804400,0.0,0.0,AAPL
2009-02-20 00:00:00-05:00,2.6811979588775343,2.771171105212536,2.6692012724172365,2.735182046890259,750316000,0.0,0.0,AAPL
2009-02-23 00:00:00-05:00,2.7486802760877973,2.7591769860839865,2.5945265156602435,2.607722282409668,786982000,0.0,0.0,AAPL
2009-02-24 00:00:00-05:00,2.6227157333089828,2.725884850834732,2.609220059516904,2.706690549850464,807105600,0.0,0.0,AAPL
2009-02-25 00:00:00-05:00,2.694995195196946,2.7867672795153418,2.6767004414499875,2.733983039855957,833053200,0.0,0.0,AAPL
2009-02-26 00:00:00-05:00,2.7591760554892364,2.786767850080142,2.6680037870601914,2.6749014854431152,629868400,0.0,0.0,AAPL
2009-02-27 00:00:00-05:00,2.637112857867244,2.738182604700919,2.629315006580081,2.6785006523132324,706658400,0.0,0.0,AAPL
2009-03-02 00:00:00-05:00,2.6428105439316067,2.7351830618353623,2.6293142666557046,2.6374118328094482,770929600,0.0,0.0,AAPL
2009-03-03 00:00:00-05:00,2.6671028607242366,2.72138688642338,2.6356123477062146,2.6503078937530518,724340400,0.0,0.0,AAPL
2009-03-04 00:00:00-05:00,2.704592432267359,2.7822692192902605,2.682699267895214,2.734283447265625,741403600,0.0,0.0,AAPL
2009-03-05 00:00:00-05:00,2.7129900393217667,2.7552771837320997,2.652708655043324,2.6644046306610107,706899200,0.0,0.0,AAPL
2009-03-06 00:00:00-05:00,2.649409066019235,2.6512087702361944,2.4691627524097304,2.558236598968506,1011147200,0.0,0.0,AAPL
2009-03-09 00:00:00-04:00,2.5246453642900346,2.6272140368291206,2.4763598995074236,2.4925544261932373,698297600,0.0,0.0,AAPL
2009-03-10 00:00:00-04:00,2.5453393894293765,2.6743014221581376,2.5300442082071446,2.6581060886383057,844258800,0.0,0.0,AAPL
2009-03-11 00:00:00-04:00,2.693494677296809,2.8212566000768495,2.686596982198886,2.779568910598755,846372800,0.0,0.0,AAPL
2009-03-12 00:00:00-04:00,2.7861676579361148,2.896535014420539,2.75917550321493,2.889636516571045,768457200,0.0,0.0,AAPL
2009-03-13 00:00:00-04:00,2.888138205390014,2.9151303664157395,2.8494492677362055,2.8770408630371094,601168400,0.0,0.0,AAPL
2009-03-16 00:00:00-04:00,2.8950350965433036,2.9208271805538573,2.8245557403539983,2.8617448806762695,797244000,0.0,0.0,AAPL
2009-03-17 00:00:00-04:00,2.8563471394658437,2.9898069270342686,2.8512481452222906,2.9889075756073,786646000,0.0,0.0,AAPL
2009-03-18 00:00:00-04:00,2.9964035160670126,3.103471541194959,2.9907058907914923,3.044689178466797,796037200,0.0,0.0,AAPL
2009-03-19 00:00:00-04:00,3.0545878506526845,3.095075485200915,3.0066020833335374,3.0476901531219482,500180800,0.0,0.0,AAPL
2009-03-20 00:00:00-04:00,3.061785589267199,3.0923767569217966,3.0161997561785965,3.04679012298584,695587200,0.0,0.0,AAPL
2009-03-23 00:00:00-04:00,3.080379958856284,3.2438312859487572,3.0515890989035257,3.2288358211517334,666397200,0.0,0.0,AAPL
2009-03-24 00:00:00-04:00,3.1898471400815605,3.2822194665803464,3.160756363117426,3.1940457820892334,640612000,0.0,0.0,AAPL
2009-03-25 00:00:00-04:00,3.22643715733662,3.249829909673197,3.114870506444021,3.193746566772461,646618000,0.0,0.0,AAPL
2009-03-26 00:00:00-04:00,3.2339348295696206,3.2984158689830902,3.2264376954538028,3.2951173782348633,616252000,0.0,0.0,AAPL
2009-03-27 00:00:00-04:00,3.2459309059589256,3.254928025773892,3.191047433986047,3.204543113708496,492872800,0.0,0.0,AAPL
2009-03-30 00:00:00-04:00,3.1343643782604165,3.1493596443079874,3.07738148634756,3.1337647438049316,502796000,0.0,0.0,AAPL
2009-03-31 00:00:00-04:00,3.1625549315756762,3.2225373844466647,3.149059255076821,3.152658462524414,570080000,0.0,0.0,AAPL
2009-04-01 00:00:00-04:00,3.121766698332649,3.2690226417785664,3.115768354257468,3.25972580909729,589372000,0.0,0.0,AAPL
2009-04-02 00:00:00-04:00,3.3032128582403435,3.4414717134666666,3.292416036971625,3.3802897930145264,812366800,0.0,0.0,AAPL
2009-04-03 00:00:00-04:00,3.4246769131658166,3.482859663805091,3.4045832563945906,3.478660821914673,636241200,0.0,0.0,AAPL
2009-04-06 00:00:00-04:00,3.447169715247145,3.5614353754891552,3.397384256534319,3.552438259124756,658064400,0.0,0.0,AAPL
2009-04-07 00:00:00-04:00,3.4948559008742603,3.4990547422191716,3.4246764682371094,3.4489693641662598,536580800,0.0,0.0,AAPL
2009-04-08 00:00:00-04:00,3.4618660535479746,3.502653604411718,3.436373884311088,3.488558292388916,455630000,0.0,0.0,AAPL
2009-04-09 00:00:00-04:00,3.55154000078971,3.598925335427308,3.5377434037123683,3.586029291152954,530756800,0.0,0.0,AAPL
2009-04-13 00:00:00-04:00,3.599225083759897,3.6283166651070524,3.5689346339087304,3.6055233478546143,389236400,0.0,0.0,AAPL
2009-04-14 00:00:00-04:00,3.586028239739681,3.604023273577091,3.5164490439291853,3.5482394695281982,454622000,0.0,0.0,AAPL
2009-04-15 00:00:00-04:00,3.514950219259679,3.546441138461292,3.4717637254682594,3.528146982192993,412882400,0.0,0.0,AAPL
2009-04-16 00:00:00-04:00,3.574632948034274,3.693397006600392,3.5626362549074586,3.6424126625061035,593446000,0.0,0.0,AAPL
2009-04-17 00:00:00-04:00,3.634314113131079,3.7263867109619637,3.606422608456296,3.701493978500366,497495600,0.0,0.0,AAPL
2009-04-20 00:00:00-04:00,3.6508092351137282,3.6885980102444624,3.5737320985039296,3.613920211791992,466466000,0.0,0.0,AAPL
2009-04-21 00:00:00-04:00,3.5656355122365064,3.663107055440884,3.5569383089615254,3.651709794998169,470685600,0.0,0.0,AAPL
2009-04-22 00:00:00-04:00,3.67780146473288,3.759377362068356,3.634913694710627,3.644211530685425,938767200,0.0,0.0,AAPL
2009-04-23 00:00:00-04:00,3.7974649640594818,3.814859762470733,3.7041923099326253,3.7608754634857178,945156800,0.0,0.0,AAPL
2009-04-24 00:00:00-04:00,3.738083407357108,3.753078869808929,3.687998426624012,3.7158899307250977,540764000,0.0,0.0,AAPL
2009-04-27 00:00:00-04:00,3.685900179088014,3.7488812215180016,3.6787017621929063,3.740783452987671,480690000,0.0,0.0,AAPL
2009-04-28 00:00:00-04:00,3.699394481562163,3.785169215515125,3.6966956266681668,3.7158899307250977,455856800,0.0,0.0,AAPL
2009-04-29 00:00:00-04:00,3.7443824509276675,3.804363912824865,3.7137912847034267,3.753079652786255,458110800,0.0,0.0,AAPL
2009-04-30 00:00:00-04:00,3.785469645212669,3.8088627965159545,3.746481994029093,3.773773670196533,498489600,0.0,0.0,AAPL
2009-05-01 00:00:00-04:00,3.7728730157399326,3.837354031802696,3.7728730157399326,3.8160603046417236,397516000,0.0,0.0,AAPL
2009-05-04 00:00:00-04:00,3.8460492289994437,3.966313196636167,3.8292542699374836,3.9609150886535645,609358400,0.0,0.0,AAPL
2009-05-05 00:00:00-04:00,3.951323015563241,3.984613060997143,3.9324286113407636,3.980114698410034,398255200,0.0,0.0,AAPL
2009-05-06 00:00:00-04:00,3.998706990279395,4.003805185136335,3.9054342900750694,3.9738142490386963,473538800,0.0,0.0,AAPL
2009-05-07 00:00:00-04:00,3.968714488933803,3.970513992803912,3.8358543232466005,3.8706443309783936,531776000,0.0,0.0,AAPL
2009-05-08 00:00:00-04:00,3.8700428392715693,3.935723908355644,3.7866682562380225,3.874541997909546,467964000,0.0,0.0,AAPL
2009-05-11 00:00:00-04:00,3.8199611998125613,3.927628748180514,3.812462864059083,3.8859410285949707,404658800,0.0,0.0,AAPL
2009-05-12 00:00:00-04:00,3.885640897422015,3.8901396583723433,3.696397424772906,3.7314865589141846,609481600,0.0,0.0,AAPL
2009-05-13 00:00:00-04:00,3.695195299445658,3.719488595065177,3.580329402946445,3.5836288928985596,595971600,0.0,0.0,AAPL
2009-05-14 00:00:00-04:00,3.592327745847738,3.704794756705036,3.589928807327974,3.68739914894104,447826400,0.0,0.0,AAPL
2009-05-15 00:00:00-04:00,3.668504446839958,3.737484234396132,3.647211116353709,3.671504020690918,367567200,0.0,0.0,AAPL
2009-05-18 00:00:00-04:00,3.7107941682999104,3.799867249580186,3.6460131995181135,3.7983672618865967,458841600,0.0,0.0,AAPL
2009-05-19 00:00:00-04:00,3.803464219203994,3.878141623068486,3.771073551972511,3.8223586082458496,372422400,0.0,0.0,AAPL
2009-05-20 00:00:00-04:00,3.827756438844245,3.875142566837814,3.7578773163620602,3.7749722003936768,388584000,0.0,0.0,AAPL
2009-05-21 00:00:00-04:00,3.7533798066310524,3.8022647311895974,3.685600089716945,3.72428822517395,407946000,0.0,0.0,AAPL
2009-05-22 00:00:00-04:00,3.7203887291559243,3.7242876539646335,3.651409353465559,3.673902750015259,297998400,0.0,0.0,AAPL
2009-05-26 00:00:00-04:00,3.7416832095426598,3.9237290387803467,3.735384945122612,3.922229051589966,636927200,0.0,0.0,AAPL
2009-05-27 00:00:00-04:00,3.952220301665614,4.048191039983697,3.926127495129119,3.990309000015259,646422000,0.0,0.0,AAPL
2009-05-28 00:00:00-04:00,4.0023037727450825,4.060486920853539,3.959716722718414,4.05088996887207,487552800,0.0,0.0,AAPL
2009-05-29 00:00:00-04:00,4.06048775038213,4.075782733055172,4.014301283344421,4.073083877563477,456534400,0.0,0.0,AAPL
2009-06-01 00:00:00-04:00,4.092879837946239,4.19844796955247,4.078783718841342,4.179254055023193,452499600,0.0,0.0,AAPL
2009-06-02 00:00:00-04:00,4.168456585018873,4.23893476374704,4.14926147310021,4.1834516525268555,456223600,0.0,0.0,AAPL
2009-06-03 00:00:00-04:00,4.198746432906434,4.232036455011894,4.170854922631157,4.227238178253174,565199600,0.0,0.0,AAPL
2009-06-04 00:00:00-04:00,4.202646190372447,4.324109927639506,4.199947334346563,4.310913562774658,550634000,0.0,0.0,AAPL
2009-06-05 00:00:00-04:00,4.357996712608244,4.390686483023738,4.295015708301778,4.338802814483643,632716000,0.0,0.0,AAPL
2009-06-08 00:00:00-04:00,4.313313447315888,4.325609259596867,4.181652514589315,4.314212799072266,931652400,0.0,0.0,AAPL
2009-06-09 00:00:00-04:00,4.313012340353005,4.335505740317,4.215241690543327,4.280322551727295,676964400,0.0,0.0,AAPL
2009-06-10 00:00:00-04:00,4.267126969394744,4.269226390951289,4.147762661002985,4.206244945526123,688623600,0.0,0.0,AAPL
2009-06-11 00:00:00-04:00,4.185250108577991,4.245531476383942,4.155258382247711,4.1972455978393555,524823600,0.0,0.0,AAPL
2009-06-12 00:00:00-04:00,4.1630566196932675,4.171753820717305,4.079981131698056,4.107873439788818,563085600,0.0,0.0,AAPL
2009-06-15 00:00:00-04:00,4.079081088745027,4.106672674019811,4.045491158661136,4.081480026245117,539750400,0.0,0.0,AAPL
2009-06-16 00:00:00-04:00,4.098574854615094,4.152858673152803,4.08177988979407,4.089278221130371,514805200,0.0,0.0,AAPL
2009-06-17 00:00:00-04:00,4.098875255764075,4.12226880297371,4.034694961691509,4.066185474395752,571412800,0.0,0.0,AAPL
2009-06-18 00:00:00-04:00,4.082080134466201,4.138763295442714,4.066485237763851,4.0751824378967285,427680400,0.0,0.0,AAPL
2009-06-19 00:00:00-04:00,4.140865265440364,4.18375306382752,4.105776522654076,4.1831536293029785,721856800,0.0,0.0,AAPL
2009-06-22 00:00:00-04:00,4.218839357663223,4.245530788501744,4.088678089444264,4.119868278503418,634914000,0.0,0.0,AAPL
2009-06-23 00:00:00-04:00,4.090779154659141,4.1072734068291386,3.9852102547549206,4.019099712371826,706532400,0.0,0.0,AAPL
2009-06-24 00:00:00-04:00,4.0613869447041395,4.123767731247504,4.044591978949691,4.085379123687744,485525600,0.0,0.0,AAPL
2009-06-25 00:00:00-04:00,4.07128397137059,4.204744364367165,4.055089238325827,4.194547176361084,589447600,0.0,0.0,AAPL
2009-06-26 00:00:00-04:00,4.192446137718912,4.305512511502264,4.190946551826019,4.271922588348389,439384400,0.0,0.0,AAPL
2009-06-29 00:00:00-04:00,4.302513748696289,4.317209292787751,4.244931241270444,4.257827281951904,567616000,0.0,0.0,AAPL
2009-06-30 00:00:00-04:00,4.276122847458504,4.312711554113053,4.252730100615727,4.2716240882873535,434224000,0.0,0.0,AAPL
2009-07-01 00:00:00-04:00,4.303714816922222,4.338504823833211,4.2743237219178285,4.283620357513428,414178800,0.0,0.0,AAPL
2009-07-02 00:00:00-04:00,4.236234535627996,4.283619862586774,4.192447415061514,4.199345111846924,370479200,0.0,0.0,AAPL
2009-07-06 00:00:00-04:00,4.159756617011841,4.168455018235992,4.08627889180669,4.157057762145996,498688400,0.0,0.0,AAPL
2009-07-07 00:00:00-04:00,4.153160708438059,4.18914999432618,4.0541903724576045,4.060788154602051,461596800,0.0,0.0,AAPL
2009-07-08 00:00:00-04:00,4.076382157915682,4.139962609587669,4.0313949731106575,4.11536979675293,575929200,0.0,0.0,AAPL
2009-07-09 00:00:00-04:00,4.131567213413785,4.138464912540617,4.076683535652254,4.0895795822143555,343025200,0.0,0.0,AAPL
2009-07-10 00:00:00-04:00,4.0889794434194995,4.167855296061698,4.088378807931999,4.154359817504883,445275600,0.0,0.0,AAPL
2009-07-13 00:00:00-04:00,4.18494800203934,4.268922805786133,4.124666654232758,4.268922805786133,483501200,0.0,0.0,AAPL
2009-07-14 00:00:00-04:00,4.259628461016767,4.294117752096421,4.2335364546075205,4.2668256759643555,347247600,0.0,0.0,AAPL
2009-07-15 00:00:00-04:00,4.349901496234851,4.40868409498721,4.328308248094036,4.40508508682251,485587200,0.0,0.0,AAPL
2009-07-16 00:00:00-04:00,4.371494416681544,4.439274524556173,4.365796388460194,4.424278259277344,393570800,0.0,0.0,AAPL
2009-07-17 00:00:00-04:00,4.471065339007735,4.55923902976776,4.457569059485541,4.551141262054443,602154000,0.0,0.0,AAPL
2009-07-20 00:00:00-04:00,4.596727771194972,4.649811934623433,4.525349051994321,4.585930347442627,735526400,0.0,0.0,AAPL
2009-07-21 00:00:00-04:00,4.597326847423674,4.601525288713028,4.491158137657286,4.543941974639893,874781600,0.0,0.0,AAPL
2009-07-22 00:00:00-04:00,4.732286163483722,4.760478387310213,4.681901262596532,4.700795650482178,874104000,0.0,0.0,AAPL
2009-07-23 00:00:00-04:00,4.6974978371335405,4.751780871870996,4.665407083172835,4.733187198638916,526962800,0.0,0.0,AAPL
2009-07-24 00:00:00-04:00,4.707094110845126,4.798566881365678,4.693598233338451,4.798267364501953,438362400,0.0,0.0,AAPL
2009-07-27 00:00:00-04:00,4.803662682905452,4.8249563992800315,4.716389198287969,4.801563262939453,433311200,0.0,0.0,AAPL
2009-07-28 00:00:00-04:00,4.764976883344379,4.801565590647637,4.726587871493538,4.798566818237305,363554800,0.0,0.0,AAPL
2009-07-29 00:00:00-04:00,4.765577155093191,4.812063137012961,4.74608293030783,4.799466609954834,382158000,0.0,0.0,AAPL
2009-07-30 00:00:00-04:00,4.84955351344029,4.940126167057781,4.843555165350216,4.882244110107422,469604800,0.0,0.0,AAPL
2009-07-31 00:00:00-04:00,4.88824039036434,4.9485225717737,4.885841051750196,4.900237083435059,422536800,0.0,0.0,AAPL
2009-08-03 00:00:00-04:00,4.954819395569579,4.997707163874827,4.944622609022671,4.9914093017578125,394240000,0.0,0.0,AAPL
2009-08-04 00:00:00-04:00,4.946421895931414,4.96561619955267,4.924828654728122,4.9650163650512695,395810800,0.0,0.0,AAPL
2009-08-05 00:00:00-04:00,4.971015232424075,5.020200065013054,4.924829172233649,4.951821327209473,423183600,0.0,0.0,AAPL
2009-08-06 00:00:00-04:00,4.965917671674994,4.993809986972527,4.891240649388454,4.915833473205566,341616800,0.0,0.0,AAPL
2009-08-07 00:00:00-04:00,4.963219115759776,4.996509144860165,4.942525216486189,4.963818550109863,387354800,0.0,0.0,AAPL
2009-08-10 00:00:00-04:00,4.9683172178538,4.996508245880665,4.908334552109892,4.940124988555908,300294400,0.0,0.0,AAPL
2009-08-11 00:00:00-04:00,4.909232174817601,4.929926463503748,4.854949158787552,4.8834404945373535,355342400,0.0,0.0,AAPL
2009-08-12 00:00:00-04:00,4.875044434476859,4.99980764002559,4.872345578956256,4.957820415496826,445071200,0.0,0.0,AAPL
2009-08-13 00:00:00-04:00,4.998007908200788,5.058590004250335,4.99350914849877,5.05109167098999,439980800,0.0,0.0,AAPL
2009-08-14 00:00:00-04:00,5.036697039462184,5.0453942428543055,4.9644189546973845,5.001907825469971,305816000,0.0,0.0,AAPL
2009-08-17 00:00:00-04:00,4.905033682143987,4.906233751464162,4.781170671530134,4.786269664764404,524381200,0.0,0.0,AAPL
2009-08-18 00:00:00-04:00,4.847452146360644,4.925728555405488,4.840854366532976,4.9185309410095215,431152400,0.0,0.0,AAPL
2009-08-19 00:00:00-04:00,4.881041304135694,4.957518197298319,4.872044187467434,4.936524391174316,413271600,0.0,0.0,AAPL
2009-08-20 00:00:00-04:00,4.9479224370588835,5.000107247904486,4.936826297488716,4.988410472869873,342031200,0.0,0.0,AAPL
2009-08-21 00:00:00-04:00,5.027999738173364,5.07958472447071,5.002507162391811,5.075085163116455,416074400,0.0,0.0,AAPL
2009-08-24 00:00:00-04:00,5.102074790880667,5.119769906749371,5.046591707223733,5.070284366607666,406929600,0.0,0.0,AAPL
2009-08-25 00:00:00-04:00,5.082281509542503,5.12666806051964,5.072384240460222,5.080482006072998,324354800,0.0,0.0,AAPL
2009-08-26 00:00:00-04:00,5.066086978582027,5.084981368318852,5.001306442583564,5.020801067352295,303998800,0.0,0.0,AAPL
2009-08-27 00:00:00-04:00,5.06099022627624,5.085582250948495,4.9434254125369455,5.081984043121338,449181600,0.0,0.0,AAPL
2009-08-28 00:00:00-04:00,5.166556976027194,5.173154755914828,5.0543907137012924,5.099976539611816,453700800,0.0,0.0,AAPL
2009-08-31 00:00:00-04:00,5.043293618873524,5.063987512250435,4.99350894852617,5.044793605804443,311337600,0.0,0.0,AAPL
2009-09-01 00:00:00-04:00,5.038196657047662,5.098478848109079,4.94672385985564,4.957520484924316,469028000,0.0,0.0,AAPL
2009-09-02 00:00:00-04:00,4.937124921722492,5.026797778232803,4.9218291417504565,4.953919887542725,364249200,0.0,0.0,AAPL
2009-09-03 00:00:00-04:00,4.991708825470438,5.011502564063829,4.948521540265477,4.995007514953613,293955200,0.0,0.0,AAPL
2009-09-04 00:00:00-04:00,5.01690359803139,5.119472943263553,5.011205167599463,5.107776165008545,374628800,0.0,0.0,AAPL
2009-09-08 00:00:00-04:00,5.18785040891385,5.192648685178613,5.15845931504474,5.1863508224487305,315047600,0.0,0.0,AAPL
2009-09-09 00:00:00-04:00,5.181851897456395,5.23253671708685,5.089479376275063,5.132667064666748,811087200,0.0,0.0,AAPL
2009-09-10 00:00:00-04:00,5.160258405077713,5.1959477592389245,5.122769547302634,5.175253868103027,491134000,0.0,0.0,AAPL
2009-09-11 00:00:00-04:00,5.185751474377568,5.19384924204893,5.124569942555249,5.163258075714111,348961200,0.0,0.0,AAPL
2009-09-14 00:00:00-04:00,5.123368079289118,5.215440662535202,5.1059736815983925,5.210042953491211,322011200,0.0,0.0,AAPL
2009-09-15 00:00:00-04:00,5.21964111087662,5.267926596278001,5.20614563284034,5.253231048583984,426470800,0.0,0.0,AAPL
2009-09-16 00:00:00-04:00,5.338106466215424,5.4808639129427545,5.334807375561467,5.454471588134766,754023200,0.0,0.0,AAPL
2009-09-17 00:00:00-04:00,5.457769029294733,5.602025207653522,5.457469112075203,5.534845352172852,810572000,0.0,0.0,AAPL
2009-09-18 00:00:00-04:00,5.573236901885658,5.594830150709286,5.541145744735639,5.548943996429443,601582800,0.0,0.0,AAPL
2009-09-21 00:00:00-04:00,5.5270510923749425,5.553142702360416,5.446975156499021,5.518953323364258,437715600,0.0,0.0,AAPL
2009-09-22 00:00:00-04:00,5.554043311098859,5.559741341187719,5.48386384184631,5.532749176025391,356753600,0.0,0.0,AAPL
2009-09-23 00:00:00-04:00,5.560339507309762,5.66530815409701,5.5492421673856684,5.563338279724121,593563600,0.0,0.0,AAPL
2009-09-24 00:00:00-04:00,5.614323004202024,5.629318469004383,5.481463242112428,5.512953758239746,550880400,0.0,0.0,AAPL
2009-09-25 00:00:00-04:00,5.458670063440612,5.563338802784936,5.441575177080551,5.469466686248779,445239200,0.0,0.0,AAPL
2009-09-28 00:00:00-04:00,5.514453194970835,5.598727953133559,5.498258061390311,5.582832336425781,337444800,0.0,0.0,AAPL
2009-09-29 00:00:00-04:00,5.600228024891376,5.6203212827819415,5.527649239340268,5.559739589691162,345385600,0.0,0.0,AAPL
2009-09-30 00:00:00-04:00,5.582231587057734,5.5918289382804955,5.47666352657208,5.558838844299316,539585200,0.0,0.0,AAPL
2009-10-01 00:00:00-04:00,5.558840659423514,5.584932265309473,5.419381506471455,5.42418098449707,524711600,0.0,0.0,AAPL
2009-10-02 00:00:00-04:00,5.440674999603604,5.576533917499317,5.4388754960048225,5.545342922210693,553308000,0.0,0.0,AAPL
2009-10-05 00:00:00-04:00,5.584332150574477,5.604125890675514,5.526448915012386,5.578933238983154,423133200,0.0,0.0,AAPL
2009-10-06 00:00:00-04:00,5.630518680299434,5.6985979080200195,5.617323119415857,5.6985979080200195,605085600,0.0,0.0,AAPL
2009-10-07 00:00:00-04:00,5.6911011697133835,5.714793838158045,5.669207204418234,5.705796718597412,465668000,0.0,0.0,AAPL
2009-10-08 00:00:00-04:00,5.718092176172603,5.741784839839569,5.665007219393596,5.6764044761657715,438211200,0.0,0.0,AAPL
2009-10-09 00:00:00-04:00,5.667409187518564,5.71929289025881,5.656912480022864,5.712395191192627,293272000,0.0,0.0,AAPL
2009-10-12 00:00:00-04:00,5.72888870909387,5.743584254787587,5.687500926998434,5.722590446472168,288024800,0.0,0.0,AAPL
2009-10-13 00:00:00-04:00,5.717191991252968,5.733387123442682,5.689300485932793,5.698897838592529,348020400,0.0,0.0,AAPL
2009-10-14 00:00:00-04:00,5.765777973586027,5.767876994269998,5.70519668088475,5.736987113952637,375510800,0.0,0.0,AAPL
2009-10-15 00:00:00-04:00,5.687200678733786,5.725888802744672,5.684201906654903,5.715092182159424,373556400,0.0,0.0,AAPL
2009-10-16 00:00:00-04:00,5.678804737824947,5.709095588544927,5.633518019992416,5.6398162841796875,431426800,0.0,0.0,AAPL
2009-10-19 00:00:00-04:00,5.633817106381324,5.69829731417056,5.564837739337787,5.694098472595215,942230800,0.0,0.0,AAPL
2009-10-20 00:00:00-04:00,6.016202938172314,6.050692222075947,5.933726892286942,5.9610185623168945,1141039200,0.0,0.0,AAPL
2009-10-21 00:00:00-04:00,5.983813541552545,6.259431976571225,5.975116338942983,6.14576530456543,1193726800,0.0,0.0,AAPL
2009-10-22 00:00:00-04:00,6.139165989141487,6.233637933557366,6.073486104621677,6.15416145324707,791392000,0.0,0.0,AAPL
2009-10-23 00:00:00-04:00,6.169158108189825,6.172156880861617,6.0950797340034795,6.116373062133789,420786800,0.0,0.0,AAPL
2009-10-26 00:00:00-04:00,6.108278290063724,6.200650445991232,6.001210181652338,6.072588920593262,484338400,0.0,0.0,AAPL
2009-10-27 00:00:00-04:00,6.04799527760084,6.082484572399077,5.89174113750474,5.9193339347839355,756551600,0.0,0.0,AAPL
2009-10-28 00:00:00-04:00,5.929528702490656,5.938826539070379,5.731288175342513,5.77027702331543,818386800,0.0,0.0,AAPL
2009-10-29 00:00:00-04:00,5.848253857273773,5.902538090035594,5.762479507943354,5.888741493225098,570270400,0.0,0.0,AAPL
2009-10-30 00:00:00-04:00,5.880042513286691,5.902235586871636,5.643413030591893,5.653310298919678,717525200,0.0,0.0,AAPL
2009-11-02 00:00:00-05:00,5.692299745550571,5.784671870267245,5.565437932607384,5.6776041984558105,678983200,0.0,0.0,AAPL
2009-11-03 00:00:00-05:00,5.633817211017465,5.68390139147858,5.575933980500856,5.660808563232422,522541600,0.0,0.0,AAPL
2009-11-04 00:00:00-05:00,5.720191508754156,5.813762893311467,5.705196045792739,5.722590446472168,487530400,0.0,0.0,AAPL
2009-11-05 00:00:00-05:00,5.770276577838818,5.848253066493837,5.752881376050996,5.819161891937256,384801200,0.0,0.0,AAPL
2009-11-06 00:00:00-05:00,5.773576469142536,5.853951912281227,5.770277778885287,5.828459739685059,295097600,0.0,0.0,AAPL
2009-11-09 00:00:00-05:00,5.90643671242321,6.055192518793162,5.886043533324067,6.041996955871582,528855600,0.0,0.0,AAPL
2009-11-10 00:00:00-05:00,6.028799052465062,6.1475630847782385,6.028499135203189,6.087581634521484,401195200,0.0,0.0,AAPL
2009-11-11 00:00:00-05:00,6.13496772491105,6.148164086078367,6.0530919039083555,6.095679759979248,443870000,0.0,0.0,AAPL
2009-11-12 00:00:00-05:00,6.092380656937476,6.144265148329499,6.041096400566342,6.057891368865967,363731200,0.0,0.0,AAPL
2009-11-13 00:00:00-05:00,6.084281492529864,6.143064068290084,6.060288914997008,6.131667613983154,343240800,0.0,0.0,AAPL
2009-11-16 00:00:00-05:00,6.162560001773203,6.238137567906772,6.148464687985916,6.197050094604492,485206400,0.0,0.0,AAPL
2009-11-17 00:00:00-05:00,6.180554978638085,6.221342133767663,6.14816470788969,6.208146572113037,396513600,0.0,0.0,AAPL
2009-11-18 00:00:00-05:00,6.1943517840057405,6.208147181674078,6.118173976081162,6.1769561767578125,374320800,0.0,0.0,AAPL
2009-11-19 00:00:00-05:00,6.136466753622672,6.136466753622672,5.992209749181488,6.013503074645996,542326400,0.0,0.0,AAPL
2009-11-20 00:00:00-05:00,5.972716722881393,6.0099056687150325,5.931029017368609,5.995809555053711,406666400,0.0,0.0,AAPL
2009-11-23 00:00:00-05:00,6.088183012140226,6.1781562173062765,6.0866830249284405,6.174557209014893,474896800,0.0,0.0,AAPL
2009-11-24 00:00:00-05:00,6.158061510094391,6.1745569641089615,6.085183997626714,6.1313700675964355,318438400,0.0,0.0,AAPL
2009-11-25 00:00:00-05:00,6.160160598885189,6.167658932546981,6.110975758537792,6.123871803283691,286454000,0.0,0.0,AAPL
2009-11-27 00:00:00-05:00,5.974815678870426,6.086981949355627,5.9493235084789164,6.015903949737549,295257200,0.0,0.0,AAPL
2009-11-30 00:00:00-05:00,6.031499457559102,6.048594345455871,5.961320802361981,5.995510578155518,424858000,0.0,0.0,AAPL
2009-12-01 00:00:00-05:00,6.06538914070802,6.081284759213225,5.903137869259528,5.907336711883545,465763200,0.0,0.0,AAPL
2009-12-02 00:00:00-05:00,5.967017264934856,6.040795314206092,5.870746220484714,5.885141849517822,715260000,0.0,0.0,AAPL
2009-12-03 00:00:00-05:00,5.920831059807457,5.9676177539706,5.8863417746841735,5.892639636993408,448719600,0.0,0.0,AAPL
2009-12-04 00:00:00-05:00,5.989213039932979,5.994610751841012,5.7066968787512495,5.79787015914917,826884800,0.0,0.0,AAPL
2009-12-07 00:00:00-05:00,5.797868142730165,5.811364019501497,5.658709331952098,5.666806697845459,714758800,0.0,0.0,AAPL
2009-12-08 00:00:00-05:00,5.679104925756471,5.768778613667416,5.659311181072177,5.694400310516357,690398800,0.0,0.0,AAPL
2009-12-09 00:00:00-05:00,5.73668736080938,5.943025664777648,5.7075957821951695,5.932229042053223,684782000,0.0,0.0,AAPL
2009-12-10 00:00:00-05:00,5.983212583782108,5.989210929174239,5.881842949196648,5.891139984130859,489669600,0.0,0.0,AAPL
2009-12-11 00:00:00-05:00,5.931629344084637,5.9382279263639015,5.801168497148523,5.838357448577881,429774800,0.0,0.0,AAPL
2009-12-14 00:00:00-05:00,5.85935020429027,5.921131566987338,5.775075444301446,5.907635688781738,495790400,0.0,0.0,AAPL
2009-12-15 00:00:00-05:00,5.873146872220042,5.923531781880816,5.796369638209148,5.823361396789551,419459600,0.0,0.0,AAPL
2009-12-16 00:00:00-05:00,5.8512538939939045,5.893241526003037,5.8347588386525455,5.849154472351074,352984800,0.0,0.0,AAPL
2009-12-17 00:00:00-05:00,5.826060761028629,5.848254243213638,5.728290113159444,5.754082202911377,388838800,0.0,0.0,AAPL
2009-12-18 00:00:00-05:00,5.793370478649195,5.863249209051518,5.776274791729117,5.861149787902832,608770400,0.0,0.0,AAPL
2009-12-21 00:00:00-05:00,5.879744655422952,5.990711255926825,5.868347397345702,5.945124626159668,611906400,0.0,0.0,AAPL
2009-12-22 00:00:00-05:00,5.981413479931964,6.023700616501971,5.958020331762767,6.009005069732666,349515600,0.0,0.0,AAPL
2009-12-23 00:00:00-05:00,6.034196545639234,6.069586380845826,6.022500573693348,6.061188697814941,345525600,0.0,0.0,AAPL
2009-12-24 00:00:00-05:00,6.1046765787265445,6.278624999940266,6.098678233035986,6.269327163696289,500889200,0.0,0.0,AAPL
2009-12-28 00:00:00-05:00,6.34970452022731,6.416583679777322,6.286422766808248,6.346405029296875,644565600,0.0,0.0,AAPL
2009-12-29 00:00:00-05:00,6.376997972233105,6.379697228854389,6.260032587853406,6.271129131317139,445205600,0.0,0.0,AAPL
2009-12-30 00:00:00-05:00,6.263029109693867,6.358101290366973,6.247434211225293,6.347303867340088,412084400,0.0,0.0,AAPL
2009-12-31 00:00:00-05:00,6.391991040848525,6.398589221222021,6.3149138990889755,6.320012092590332,352410800,0.0,0.0,AAPL
2010-01-04 00:00:00-05:00,6.400988794222488,6.433079146557626,6.369498276526275,6.418383598327637,493729600,0.0,0.0,AAPL
2010-01-05 00:00:00-05:00,6.436078256388881,6.4657692680287715,6.395589821602762,6.429480075836182,601904800,0.0,0.0,AAPL
2010-01-06 00:00:00-05:00,6.429479333714045,6.4549719006651864,6.320611769702303,6.327209949493408,552160000,0.0,0.0,AAPL
2010-01-07 00:00:00-05:00,6.350604014340531,6.35810194747882,6.269627938141667,6.315514087677002,477131200,0.0,0.0,AAPL
2010-01-08 00:00:00-05:00,6.30711517984225,6.358100311214203,6.269927042741408,6.357500076293945,447610800,0.0,0.0,AAPL
2010-01-11 00:00:00-05:00,6.382094617212315,6.388092963802402,6.251633782267298,6.301419258117676,462229600,0.0,0.0,AAPL
2010-01-12 00:00:00-05:00,6.273824870446094,6.291220471564247,6.190750193808205,6.229738235473633,594459600,0.0,0.0,AAPL
2010-01-13 00:00:00-05:00,6.234238916384411,6.326010809451721,6.121172494075393,6.317613124847412,605892000,0.0,0.0,AAPL
2010-01-14 00:00:00-05:00,6.30141787628388,6.311914580091045,6.268727294960274,6.2810235023498535,432894000,0.0,0.0,AAPL
2010-01-15 00:00:00-05:00,6.326009984816826,6.346104441786268,6.174255450919604,6.176054954528809,594067600,0.0,0.0,AAPL
2010-01-19 00:00:00-05:00,6.248033429729676,6.453771868410462,6.215343649119593,6.449273109436035,730007600,0.0,0.0,AAPL
2010-01-20 00:00:00-05:00,6.445376064951455,6.464570375083941,6.283124781518197,6.350005149841309,612152800,0.0,0.0,AAPL
2010-01-21 00:00:00-05:00,6.360501124717352,6.3973897535508755,6.214444193854593,6.240236282348633,608154400,0.0,0.0,AAPL
2010-01-22 00:00:00-05:00,6.201547731500788,6.223140974693859,5.913034116941669,5.930728435516357,881767600,0.0,0.0,AAPL
2010-01-25 00:00:00-05:00,6.0734855664759575,6.139165445176153,6.003906362920053,6.090280532836914,1065699600,0.0,0.0,AAPL
2010-01-26 00:00:00-05:00,6.17665384864954,6.409384407832591,6.07558414719565,6.176353931427002,1867110000,0.0,0.0,AAPL
2010-01-27 00:00:00-05:00,6.203647472313461,6.315513827156495,5.984112804164333,6.234538555145264,1722568400,0.0,0.0,AAPL
2010-01-28 00:00:00-05:00,6.146066015885012,6.163160503739042,5.95922151378892,5.9769158363342285,1173502400,0.0,0.0,AAPL
2010-01-29 00:00:00-05:00,6.03059925593936,6.064189192320408,5.705796031258827,5.760079860687256,1245952400,0.0,0.0,AAPL
2010-02-01 00:00:00-05:00,5.769376252245287,5.878243816242545,5.737285905930892,5.840155124664307,749876400,0.0,0.0,AAPL
2010-02-02 00:00:00-05:00,5.875546312768158,5.887842522963782,5.799668829421823,5.874046325683594,698342400,0.0,0.0,AAPL
2010-02-03 00:00:00-05:00,5.8533507466730805,6.0042059179809435,5.830857353652852,5.975114345550537,615328000,0.0,0.0,AAPL
2010-02-04 00:00:00-05:00,5.900138187558014,5.9493238279776035,5.745384852198745,5.7597808837890625,757652000,0.0,0.0,AAPL
2010-02-05 00:00:00-05:00,5.77717396812047,5.878243680948505,5.7237894973481325,5.862048149108887,850306800,0.0,0.0,AAPL
2010-02-08 00:00:00-05:00,5.868947482185346,5.934627768971494,5.818262259501862,5.821861267089844,478270800,0.0,0.0,AAPL
2010-02-09 00:00:00-05:00,5.890841255908896,5.923231526717092,5.840756263045881,5.883943557739258,632886800,0.0,0.0,AAPL
2010-02-10 00:00:00-05:00,5.874944770320464,5.896239298041465,5.826059854416686,5.851851940155029,370361600,0.0,0.0,AAPL
2010-02-11 00:00:00-05:00,5.844652422127939,5.990708889391717,5.8200596131193185,5.95831823348999,550345600,0.0,0.0,AAPL
2010-02-12 00:00:00-05:00,5.94152396876233,6.047392746504614,5.8632475755727755,6.009603977203369,655468800,0.0,0.0,AAPL
2010-02-16 00:00:00-05:00,6.056392065707889,6.108876397622582,6.0437959381669915,6.100179195404053,543737600,0.0,0.0,AAPL
2010-02-17 00:00:00-05:00,6.123872806165874,6.127471814709568,6.024002321197054,6.074687957763672,436396800,0.0,0.0,AAPL
2010-02-18 00:00:00-05:00,6.047095504812285,6.1148760354193925,6.025802170556801,6.086084365844727,422825200,0.0,0.0,AAPL
2010-02-19 00:00:00-05:00,6.053991942333867,6.094179655749276,6.031498146800547,6.048293113708496,415469600,0.0,0.0,AAPL
2010-02-22 00:00:00-05:00,6.0683894169128,6.073187694329168,5.97391744905469,6.010806083679199,390563600,0.0,0.0,AAPL
2010-02-23 00:00:00-05:00,5.998208819871767,6.038097021022937,5.869547498017772,5.910035133361816,575094800,0.0,0.0,AAPL
2010-02-24 00:00:00-05:00,5.945125228942182,6.041396692027377,5.933428452795949,6.018003940582275,460566400,0.0,0.0,AAPL
2010-02-25 00:00:00-05:00,5.919632701398871,6.08398338803463,5.904937153186134,6.058191299438477,665126000,0.0,0.0,AAPL
2010-02-26 00:00:00-05:00,6.0695860974624125,6.153261004495625,6.058189642876154,6.136765956878662,507460800,0.0,0.0,AAPL
2010-03-01 00:00:00-05:00,6.1706573341208,6.283123923383319,6.1616602152000945,6.267828941345215,550093600,0.0,0.0,AAPL
2010-03-02 00:00:00-05:00,6.296018822132903,6.32301097483255,6.230338544560698,6.263628959655762,566546400,0.0,0.0,AAPL
2010-03-03 00:00:00-05:00,6.266329175585803,6.29422068569066,6.236338244226479,6.278025150299072,372052800,0.0,0.0,AAPL
2010-03-04 00:00:00-05:00,6.276524713690123,6.325709539877828,6.257029692459706,6.319411277770996,366041200,0.0,0.0,AAPL
2010-03-05 00:00:00-05:00,6.446274314040488,6.589031728260526,6.436976878860088,6.566538333892822,899620400,0.0,0.0,AAPL
2010-03-08 00:00:00-05:00,6.598331331070575,6.600730269691723,6.5455470733542755,6.57043981552124,429889600,0.0,0.0,AAPL
2010-03-09 00:00:00-05:00,6.547344607144997,6.747984469304115,6.534748481374017,6.688602447509766,920259200,0.0,0.0,AAPL
2010-03-10 00:00:00-05:00,6.712893652256274,6.76237879139525,6.69399926815979,6.7431840896606445,596218000,0.0,0.0,AAPL
2010-03-11 00:00:00-05:00,6.715294660579109,6.762979507446289,6.697599540515394,6.762979507446289,405700400,0.0,0.0,AAPL
2010-03-12 00:00:00-05:00,6.8190638269286445,6.829860850904239,6.770478820733172,6.795971393585205,416323600,0.0,0.0,AAPL
2010-03-15 00:00:00-04:00,6.759381865910766,6.76298007283493,6.605527487069841,6.71319580078125,493502800,0.0,0.0,AAPL
2010-03-16 00:00:00-04:00,6.7233922916517335,6.747384874886283,6.673307303651842,6.731489658355713,446908000,0.0,0.0,AAPL
2010-03-17 00:00:00-04:00,6.74498708766095,6.791473078739215,6.696102158046439,6.721594333648682,450956800,0.0,0.0,AAPL
2010-03-18 00:00:00-04:00,6.720994319854898,6.747986885651794,6.676308229286197,6.737490177154541,342109600,0.0,0.0,AAPL
2010-03-19 00:00:00-04:00,6.741687578649405,6.755183458237269,6.634919010009822,6.665510177612305,559445600,0.0,0.0,AAPL
2010-03-22 00:00:00-04:00,6.612127102013522,6.7779777989280765,6.602529746456026,6.740488529205322,456419600,0.0,0.0,AAPL
2010-03-23 00:00:00-04:00,6.767178031993405,6.861350454694232,6.720991572468423,6.848753929138184,602431200,0.0,0.0,AAPL
2010-03-24 00:00:00-04:00,6.827161470001375,6.903938699558643,6.823262144553223,6.8790459632873535,597780400,0.0,0.0,AAPL
2010-03-25 00:00:00-04:00,6.925531495855092,6.927031482729344,6.7854729243312075,6.797469615936279,542284400,0.0,0.0,AAPL
2010-03-26 00:00:00-04:00,6.866450282214898,6.956423073137016,6.854453589753032,6.924932956695557,640875200,0.0,0.0,AAPL
2010-03-29 00:00:00-04:00,6.987912719892327,7.0140043199820035,6.946524939271255,6.9696173667907715,540744400,0.0,0.0,AAPL
2010-03-30 00:00:00-04:00,7.0958834125481465,7.122276144866199,7.0254040218337845,7.073390007019043,527310000,0.0,0.0,AAPL
2010-03-31 00:00:00-04:00,7.062590347508738,7.096180280554299,7.0316992694416856,7.04789400100708,430659600,0.0,0.0,AAPL
2010-04-01 00:00:00-04:00,7.120173123205439,7.159760602199321,6.98041487507347,7.076985836029053,603145200,0.0,0.0,AAPL
2010-04-05 00:00:00-04:00,7.047294467997608,7.153162452746914,7.040995805415412,7.152562618255615,684507600,0.0,0.0,AAPL
2010-04-06 00:00:00-04:00,7.143866734061652,7.205048261746147,7.1078774588036095,7.184054851531982,447017200,0.0,0.0,AAPL
2010-04-07 00:00:00-04:00,7.184354192634182,7.255433389932219,7.157661953932773,7.215845108032227,628502000,0.0,0.0,AAPL
2010-04-08 00:00:00-04:00,7.211046598631324,7.244036700838811,7.1390680482063935,7.196351051330566,572989200,0.0,0.0,AAPL
2010-04-09 00:00:00-04:00,7.240737287408965,7.254533481853244,7.211645712591361,7.251533508300781,334182800,0.0,0.0,AAPL
2010-04-12 00:00:00-04:00,7.263831334140838,7.2899237420658,7.252134958408231,7.266530990600586,333026400,0.0,0.0,AAPL
2010-04-13 00:00:00-04:00,7.253638307920222,7.281829749850942,7.2311440967688645,7.270732402801514,306210800,0.0,0.0,AAPL
2010-04-14 00:00:00-04:00,7.356202118540791,7.372097332342244,7.319913332618522,7.3684983253479,404076400,0.0,0.0,AAPL
2010-04-15 00:00:00-04:00,7.371198227027719,7.468669344849546,7.363100860564023,7.4653706550598145,376784800,0.0,0.0,AAPL
2010-04-16 00:00:00-04:00,7.454873670257502,7.531951218447351,7.33431011378973,7.4197845458984375,750545600,0.0,0.0,AAPL
2010-04-19 00:00:00-04:00,7.40868669112902,7.434478774629757,7.25093341583169,7.409886360168457,566924400,0.0,0.0,AAPL
2010-04-20 00:00:00-04:00,7.4539757662859785,7.47526949922599,7.286625877326545,7.335511207580566,738326400,0.0,0.0,AAPL
2010-04-21 00:00:00-04:00,7.761684494181009,7.805172116591022,7.669611854851762,7.774281024932861,982391200,0.0,0.0,AAPL
2010-04-22 00:00:00-04:00,7.744884812730087,8.0001083444712,7.683702504562873,7.991710662841797,793424800,0.0,0.0,AAPL
2010-04-23 00:00:00-04:00,8.037301639630133,8.162964224643144,8.007611018920613,8.122476577758789,796955600,0.0,0.0,AAPL
2010-04-26 00:00:00-04:00,8.153962118302713,8.171356514804108,8.043294675221011,8.0825834274292,479068800,0.0,0.0,AAPL
2010-04-27 00:00:00-04:00,8.015706009888861,8.032800895836582,7.813267034682696,7.858852863311768,709343600,0.0,0.0,AAPL
2010-04-28 00:00:00-04:00,7.895139144023718,7.917631731172136,7.690000598725645,7.845654010772705,758402400,0.0,0.0,AAPL
2010-04-29 00:00:00-04:00,7.888246648225757,8.097584193249228,7.857956191386786,8.05679702758789,558840800,0.0,0.0,AAPL
2010-04-30 00:00:00-04:00,8.076890901350529,8.114679696637266,7.827666324526304,7.830365180969238,542463600,0.0,0.0,AAPL
2010-05-03 00:00:00-04:00,7.912835226824925,8.033999385539714,7.884043172665078,7.988112449645996,454342000,0.0,0.0,AAPL
2010-05-04 00:00:00-04:00,7.884346531445074,7.896342423239808,7.700201303626278,7.758083343505859,723819600,0.0,0.0,AAPL
2010-05-05 00:00:00-04:00,7.58863226013977,7.7418863603094605,7.459670254242528,7.67740535736084,883103200,0.0,0.0,AAPL
2010-05-06 00:00:00-04:00,7.612628095647045,7.745188364177261,5.975716398991462,7.38529634475708,1285860800,0.0,0.0,AAPL
2010-05-07 00:00:00-04:00,7.309117759423397,7.394891707237273,6.754282750600837,7.0736870765686035,1676018400,0.0,0.0,AAPL
2010-05-10 00:00:00-04:00,7.505258151875368,7.637218551714693,7.453673180551568,7.617424011230469,984306400,0.0,0.0,AAPL
2010-05-11 00:00:00-04:00,7.552945152198304,7.794373400425317,7.512757831159515,7.693304061889648,848906800,0.0,0.0,AAPL
2010-05-12 00:00:00-04:00,7.7748791758290485,7.891545028613638,7.758685239825279,7.860354423522949,654379600,0.0,0.0,AAPL
2010-05-13 00:00:00-04:00,7.894242810926122,7.947627293751431,7.689704001039648,7.7484869956970215,599712400,0.0,0.0,AAPL
2010-05-14 00:00:00-04:00,7.65251378222676,7.692102061570215,7.4827646092816105,7.612325668334961,759362800,0.0,0.0,AAPL
2010-05-17 00:00:00-04:00,7.638717010449936,7.683103958172803,7.429079278281868,7.624320983886719,762834800,0.0,0.0,AAPL
2010-05-18 00:00:00-04:00,7.707097716127,7.754183525623354,7.505557317588976,7.568539142608643,782678400,0.0,0.0,AAPL
2010-05-19 00:00:00-04:00,7.482764762359822,7.5853340696832285,7.343306830829454,7.447975158691406,1025726800,0.0,0.0,AAPL
2010-05-20 00:00:00-04:00,7.254231975260004,7.313315273969834,7.084183296626703,7.130670070648193,1282915200,0.0,0.0,AAPL
2010-05-21 00:00:00-04:00,6.982514931917738,7.3328111569185195,6.938428286787931,7.267430782318115,1223891200,0.0,0.0,AAPL
2010-05-24 00:00:00-04:00,7.416187076959632,7.52475476427882,7.385596305525656,7.4005913734436035,754238800,0.0,0.0,AAPL
2010-05-25 00:00:00-04:00,7.178357049312563,7.40059059554789,7.112677153142508,7.354404926300049,1048006400,0.0,0.0,AAPL
2010-05-26 00:00:00-04:00,7.500159148973819,7.561640983479803,7.3103151349974285,7.321112155914307,850654000,0.0,0.0,AAPL
2010-05-27 00:00:00-04:00,7.515752750955908,7.614423506339482,7.47106629001467,7.5982279777526855,666282400,0.0,0.0,AAPL
2010-05-28 00:00:00-04:00,7.779376254027999,7.77967577085805,7.598229436229606,7.704098224639893,815614800,0.0,0.0,AAPL
2010-06-01 00:00:00-04:00,7.78837245391577,7.975816320329817,7.7664788962779845,7.822562217712402,876472800,0.0,0.0,AAPL
2010-06-02 00:00:00-04:00,7.9338311394154974,7.941628989881429,7.8075687482981895,7.916137218475342,688548000,0.0,0.0,AAPL
2010-06-03 00:00:00-04:00,7.953024496889052,7.964121837592217,7.809967546287343,7.891243934631348,650106800,0.0,0.0,AAPL
2010-06-04 00:00:00-04:00,7.743987341306046,7.854654023836601,7.636620149552669,7.676507949829102,758304400,0.0,0.0,AAPL
2010-06-07 00:00:00-04:00,7.746386833968303,7.772178921853108,7.51425564046318,7.5259528160095215,886942000,0.0,0.0,AAPL
2010-06-08 00:00:00-04:00,7.59493074434595,7.611726110543146,7.367298754429635,7.477665901184082,1000770400,0.0,0.0,AAPL
2010-06-09 00:00:00-04:00,7.54185020087274,7.5547470493694755,7.272530785105681,7.293823719024658,854630000,0.0,0.0,AAPL
2010-06-10 00:00:00-04:00,7.343007710062687,7.527152145104218,7.263831136849954,7.513057231903076,776356000,0.0,0.0,AAPL
2010-06-11 00:00:00-04:00,7.444675670630661,7.613525477522904,7.418883588137519,7.603028774261475,545759200,0.0,0.0,AAPL
2010-06-14 00:00:00-04:00,7.676506339962889,7.772177137186633,7.6180236790492835,7.6261210441589355,602960400,0.0,0.0,AAPL
2010-06-15 00:00:00-04:00,7.666910247165384,7.793172623803052,7.662711405088324,7.788373947143555,585074000,0.0,0.0,AAPL
2010-06-16 00:00:00-04:00,7.83066440730279,8.0301050859468,7.8165686890568535,8.01511001586914,783678000,0.0,0.0,AAPL
2010-06-17 00:00:00-04:00,8.115572648560791,8.184552795325107,8.082582561419716,8.153661727905273,872855200,0.0,0.0,AAPL
2010-06-18 00:00:00-04:00,8.165060254221345,8.247536297920622,8.140167522526701,8.219643592834473,784621600,0.0,0.0,AAPL
2010-06-21 00:00:00-04:00,8.328212407416704,8.367800689721607,8.059492916434637,8.102680206298828,776490400,0.0,0.0,AAPL
2010-06-22 00:00:00-04:00,8.162365051205366,8.276630773303209,8.142571304403967,8.21304988861084,717262000,0.0,0.0,AAPL
2010-06-23 00:00:00-04:00,8.23494088611615,8.23734022447589,8.034600137314055,8.126672744750977,768457200,0.0,0.0,AAPL
2010-06-24 00:00:00-04:00,8.127569845997645,8.19355083177564,8.040596257078471,8.067588806152344,714277200,0.0,0.0,AAPL
2010-06-25 00:00:00-04:00,8.099383998389058,8.105681863124065,7.971921110390107,7.998613357543945,549942400,0.0,0.0,AAPL
2010-06-28 00:00:00-04:00,8.005507310850264,8.090083173985638,7.933229256160339,8.046595573425293,584948000,0.0,0.0,AAPL
2010-06-29 00:00:00-04:00,7.921233780669522,7.929331948035099,7.626722205442985,7.68280553817749,1133344800,0.0,0.0,AAPL
2010-06-30 00:00:00-04:00,7.698999473639664,7.736788247940152,7.498060513308492,7.543646335601807,739452000,0.0,0.0,AAPL
2010-07-01 00:00:00-04:00,7.6267205799504385,7.641716441461671,7.294420297332279,7.452172756195068,1022896000,0.0,0.0,AAPL
2010-07-02 00:00:00-04:00,7.512454761611378,7.5256519217201125,7.293820287533776,7.405987739562988,693842800,0.0,0.0,AAPL
2010-07-06 00:00:00-04:00,7.527756352291036,7.581739895464883,7.382599499477827,7.4566779136657715,615235600,0.0,0.0,AAPL
2010-07-07 00:00:00-04:00,7.51245941263919,7.760786249220207,7.4902671236541005,7.757786273956299,654556000,0.0,0.0,AAPL
2010-07-08 00:00:00-04:00,7.8720444388100965,7.884640957951829,7.644412548395784,7.740383625030518,738144400,0.0,0.0,AAPL
2010-07-09 00:00:00-04:00,7.70440246549942,7.794675612073286,7.652517950080238,7.78627872467041,433322400,0.0,0.0,AAPL
2010-07-12 00:00:00-04:00,7.753585758682033,7.853155915014958,7.643518895662477,7.716396808624268,562878400,0.0,0.0,AAPL
2010-07-13 00:00:00-04:00,7.687305160464154,7.689703698114369,7.390692945064203,7.5517449378967285,1190924000,0.0,0.0,AAPL
2010-07-14 00:00:00-04:00,7.4791706941337806,7.671712088695318,7.467773030328472,7.579639434814453,812047600,0.0,0.0,AAPL
2010-07-15 00:00:00-04:00,7.444677819139745,7.706799162886753,7.41678590743653,7.541248798370361,824866000,0.0,0.0,AAPL
2010-07-16 00:00:00-04:00,7.5931333818423346,7.6468173840891,7.45007641538734,7.494762897491455,1039858400,0.0,0.0,AAPL
2010-07-19 00:00:00-04:00,7.494160137878582,7.494160137878582,7.18585244228115,7.365198135375977,1024478000,0.0,0.0,AAPL
2010-07-20 00:00:00-04:00,7.284823138949167,7.584733169495131,7.198149059235827,7.554441928863525,1074950800,0.0,0.0,AAPL
2010-07-21 00:00:00-04:00,7.950324913457392,7.9521244171217,7.617725061733179,7.624922275543213,1185671200,0.0,0.0,AAPL
2010-07-22 00:00:00-04:00,7.728095232987463,7.7976744740084705,7.657016004415152,7.768283367156982,645318800,0.0,0.0,AAPL
2010-07-23 00:00:00-04:00,7.710395891110078,7.809066662932498,7.686102994606107,7.795870304107666,533388800,0.0,0.0,AAPL
2010-07-26 00:00:00-04:00,7.7976733822960655,7.800672556131175,7.728994303590767,7.776080131530762,420551600,0.0,0.0,AAPL
2010-07-27 00:00:00-04:00,7.823760139144035,7.94162478270388,7.806665261064005,7.920031547546387,584771600,0.0,0.0,AAPL
2010-07-28 00:00:00-04:00,7.907737208391734,7.977316405782139,7.805167915730729,7.826460838317871,519985200,0.0,0.0,AAPL
2010-07-29 00:00:00-04:00,7.818962744784987,7.877145082963375,7.680704512095597,7.740985870361328,643806800,0.0,0.0,AAPL
2010-07-30 00:00:00-04:00,7.6744070833535645,7.788671945213506,7.644714876889314,7.715194225311279,448210000,0.0,0.0,AAPL
2010-08-02 00:00:00-04:00,7.810869418594924,7.875349651218615,7.786276995029026,7.853156566619873,428055600,0.0,0.0,AAPL
2010-08-03 00:00:00-04:00,7.8279629880671635,7.89544238301889,7.780277335408659,7.855554580688477,417653600,0.0,0.0,AAPL
2010-08-04 00:00:00-04:00,7.882844158113954,7.9260306368571,7.806967102241128,7.887042999267578,420375200,0.0,0.0,AAPL
2010-08-05 00:00:00-04:00,7.849556005869015,7.89304361562504,7.814166563949405,7.84865665435791,289097200,0.0,0.0,AAPL
2010-08-06 00:00:00-04:00,7.791075238034437,7.842360710442366,7.726594201534853,7.800373077392578,444897600,0.0,0.0,AAPL
2010-08-09 00:00:00-04:00,7.8420562335215465,7.8621510901336125,7.784774039639386,7.850154399871826,303128000,0.0,0.0,AAPL
2010-08-10 00:00:00-04:00,7.79317272894209,7.811167766657976,7.724192551878441,7.7799763679504395,451920000,0.0,0.0,AAPL
2010-08-11 00:00:00-04:00,7.659710162933867,7.668407360696749,7.492060063773686,7.503456115722656,620054400,0.0,0.0,AAPL
2010-08-12 00:00:00-04:00,7.3984899226975,7.590732492479721,7.381395038342343,7.5514445304870605,534920400,0.0,0.0,AAPL
2010-08-13 00:00:00-04:00,7.547248723777564,7.554146423494777,7.470471471729586,7.470771789550781,354869200,0.0,0.0,AAPL
2010-08-16 00:00:00-04:00,7.425182422239858,7.498061121811172,7.396390362647894,7.4269819259643555,318430000,0.0,0.0,AAPL
2010-08-17 00:00:00-04:00,7.500157748646623,7.636617267903266,7.473765035777497,7.556840896606445,422640400,0.0,0.0,AAPL
2010-08-18 00:00:00-04:00,7.568538905121625,7.637817789283371,7.545145359105131,7.589831829071045,339696000,0.0,0.0,AAPL
2010-08-19 00:00:00-04:00,7.582934718108156,7.602129424014063,7.458172333108594,7.494161605834961,426706000,0.0,0.0,AAPL
2010-08-20 00:00:00-04:00,7.47946621720296,7.61532514399443,7.467769042621388,7.486963748931885,384230000,0.0,0.0,AAPL
2010-08-23 00:00:00-04:00,7.551445869002884,7.557743732508825,7.355304740279013,7.371798992156982,414041600,0.0,0.0,AAPL
2010-08-24 00:00:00-04:00,7.277927893089578,7.287823964010157,7.157363525297269,7.195752143859863,602565600,0.0,0.0,AAPL
2010-08-25 00:00:00-04:00,7.139065347832982,7.317512470318278,7.113873104967479,7.284521579742432,596867600,0.0,0.0,AAPL
2010-08-26 00:00:00-04:00,7.361300470419308,7.370297988099581,7.206246852874756,7.206246852874756,466505200,0.0,0.0,AAPL
2010-08-27 00:00:00-04:00,7.250334967358908,7.276127052941415,7.0646897723341775,7.246435642242432,548391200,0.0,0.0,AAPL
2010-08-30 00:00:00-04:00,7.220644711905908,7.370300674232093,7.218245372983387,7.272829532623291,383289200,0.0,0.0,AAPL
2010-08-31 00:00:00-04:00,7.25333419511746,7.334610587417853,7.20834819889436,7.290823459625244,420786800,0.0,0.0,AAPL
2010-09-01 00:00:00-04:00,7.421883258477054,7.54154745846026,7.386194300973798,7.507658004760742,697037600,0.0,0.0,AAPL
2010-09-02 00:00:00-04:00,7.535547915296539,7.562839984893798,7.454872176363804,7.562839984893799,415427600,0.0,0.0,AAPL
2010-09-03 00:00:00-04:00,7.650417903171328,7.761084619817802,7.632723177152934,7.760785102844238,520788800,0.0,0.0,AAPL
2010-09-07 00:00:00-04:00,7.696902791540915,7.783576904783739,7.685206415151151,7.731992721557617,342557600,0.0,0.0,AAPL
2010-09-08 00:00:00-04:00,7.791070538609443,7.929329566724054,7.77067616873226,7.885242938995361,526551200,0.0,0.0,AAPL
2010-09-09 00:00:00-04:00,7.948828233279443,7.9932144026302785,7.885247352125041,7.889745712280273,438575200,0.0,0.0,AAPL
2010-09-10 00:00:00-04:00,7.893345169188267,7.932633946719578,7.8396611578339,7.8999433517456055,387542400,0.0,0.0,AAPL
2010-09-13 00:00:00-04:00,7.972219975775674,8.045998038213357,7.970421272619799,8.008809089660645,388780000,0.0,0.0,AAPL
2010-09-14 00:00:00-04:00,7.98391564643738,8.072688766883108,7.963221752651079,8.039399147033691,408150400,0.0,0.0,AAPL
2010-09-15 00:00:00-04:00,8.042698338713988,8.108978859911247,8.032800667514577,8.104179382324219,429368800,0.0,0.0,AAPL
2010-09-16 00:00:00-04:00,8.10477811546437,8.29761968617443,8.08258424075211,8.294620513916016,652103200,0.0,0.0,AAPL
2010-09-17 00:00:00-04:00,8.328213944043998,8.336312112970203,8.207950689727525,8.258635520935059,634477200,0.0,0.0,AAPL
2010-09-20 00:00:00-04:00,8.279927312317259,8.510858836453538,8.273029614595371,8.494363784790039,658677600,0.0,0.0,AAPL
2010-09-21 00:00:00-04:00,8.513256830475996,8.617925152406347,8.481166083725334,8.510557174682617,668074400,0.0,0.0,AAPL
2010-09-22 00:00:00-04:00,8.478765877626847,8.636818655399086,8.469768360648624,8.629920959472656,585289600,0.0,0.0,AAPL
2010-09-23 00:00:00-04:00,8.587331997505258,8.780174339373504,8.577435130999689,8.665008544921875,786116800,0.0,0.0,AAPL
2010-09-24 00:00:00-04:00,8.760387557234795,8.803274546685286,8.713901558772678,8.766984939575195,649488000,0.0,0.0,AAPL
2010-09-27 00:00:00-04:00,8.816766154883751,8.83925874902858,8.727692727155901,8.73219108581543,482834800,0.0,0.0,AAPL
2010-09-28 00:00:00-04:00,8.750486263734524,8.750486263734524,8.247537375465011,8.603230476379395,1035042400,0.0,0.0,AAPL
2010-09-29 00:00:00-04:00,8.61432666312714,8.69170372001876,8.577438038792984,8.618525505065918,469644000,0.0,0.0,AAPL
2010-09-30 00:00:00-04:00,8.667413171611702,8.697404104262299,8.434982442510375,8.509960174560547,673391600,0.0,0.0,AAPL
2010-10-01 00:00:00-04:00,8.581937326600027,8.594833370670116,8.43798021936145,8.47307014465332,448142800,0.0,0.0,AAPL
2010-10-04 00:00:00-04:00,8.44547493521251,8.484462567613509,8.330608655342576,8.356701850891113,435302000,0.0,0.0,AAPL
2010-10-05 00:00:00-04:00,8.4574762916602,8.680908711738505,8.45207697849628,8.665614128112793,501967200,0.0,0.0,AAPL
2010-10-06 00:00:00-04:00,8.685104791110563,8.757083330732971,8.555243422450028,8.673108100891113,670868800,0.0,0.0,AAPL
2010-10-07 00:00:00-04:00,8.70759638692893,8.711795227638772,8.60472759250221,8.674006462097168,408399600,0.0,0.0,AAPL
2010-10-08 00:00:00-04:00,8.748690541709202,8.832365500680847,8.697406664450057,8.819469451904297,658403200,0.0,0.0,AAPL
2010-10-11 00:00:00-04:00,8.839561025257378,8.914537950587311,8.835362182896557,8.858154296875,427753200,0.0,0.0,AAPL
2010-10-12 00:00:00-04:00,8.859656266847853,8.982320472582934,8.772081993987054,8.95352840423584,558544000,0.0,0.0,AAPL
2010-10-13 00:00:00-04:00,9.003310123636444,9.05609395850705,8.991313433508063,9.001510620117188,630092400,0.0,0.0,AAPL
2010-10-14 00:00:00-04:00,9.047996393528525,9.071389137915775,9.009307469141396,9.066591262817383,435296400,0.0,0.0,AAPL
2010-10-15 00:00:00-04:00,9.220443963960037,9.447176586441225,9.144566906324286,9.43937873840332,922194000,0.0,0.0,AAPL
2010-10-18 00:00:00-04:00,9.551248958076057,9.567143375262537,9.425885916934462,9.537153244018555,1093010800,0.0,0.0,AAPL
2010-10-19 00:00:00-04:00,9.099283762968268,9.410290432659393,8.997914105841618,9.281929016113281,1232784000,0.0,0.0,AAPL
2010-10-20 00:00:00-04:00,9.267231837841445,9.424684807903914,9.203351458558796,9.313117980957031,721624400,0.0,0.0,AAPL
2010-10-21 00:00:00-04:00,9.367999557001175,9.439378252905824,9.201249588694807,9.282825469970703,551460000,0.0,0.0,AAPL
2010-10-22 00:00:00-04:00,9.269327231694346,9.298418796394817,9.186252979613906,9.221342086791992,372778000,0.0,0.0,AAPL
2010-10-25 00:00:00-04:00,9.26993520227287,9.345211667598507,9.250440170618099,9.262436866760254,392462000,0.0,0.0,AAPL
2010-10-26 00:00:00-04:00,9.203350532293738,9.28942478189778,9.1667606273806,9.238739967346191,392929600,0.0,0.0,AAPL
2010-10-27 00:00:00-04:00,9.226746796827982,9.294226202462635,9.16526493770173,9.232145309448242,399002800,0.0,0.0,AAPL
2010-10-28 00:00:00-04:00,9.23574333851178,9.237243325745473,9.024307604660548,9.154468536376953,551051200,0.0,0.0,AAPL
2010-10-29 00:00:00-04:00,9.124172058223321,9.173657193343482,9.023401483994549,9.026700973510742,430511200,0.0,0.0,AAPL
2010-11-01 00:00:00-04:00,9.063893703457586,9.165263353709776,9.063293868825667,9.122675895690918,423889200,0.0,0.0,AAPL
2010-11-02 00:00:00-04:00,9.207248515707384,9.302919310956867,9.207248515707384,9.278026580810547,433930000,0.0,0.0,AAPL
2010-11-03 00:00:00-04:00,9.338308259963188,9.383595359795594,9.253134171956761,9.381196022033691,508348400,0.0,0.0,AAPL
2010-11-04 00:00:00-04:00,9.460673914506998,9.602531984173218,9.448077388818794,9.545248985290527,642488000,0.0,0.0,AAPL
2010-11-05 00:00:00-04:00,9.536853606889714,9.584238946619909,9.499664656239018,9.51106071472168,361253200,0.0,0.0,AAPL
2010-11-08 00:00:00-05:00,9.513161472360121,9.590238236976568,9.499965107627258,9.55574893951416,281758400,0.0,0.0,AAPL
2010-11-09 00:00:00-05:00,9.628623767755192,9.636122100277513,9.4321831522759,9.479568481445312,383544000,0.0,0.0,AAPL
2010-11-10 00:00:00-05:00,9.496362551686031,9.5602437285542,9.403690117912284,9.538050651550293,384227200,0.0,0.0,AAPL
2010-11-11 00:00:00-05:00,9.447177147732823,9.5491474110543,9.424683754402917,9.496663093566895,361284000,0.0,0.0,AAPL
2010-11-12 00:00:00-05:00,9.477168971675693,9.492164034754545,9.106180507887894,9.238140106201172,795846800,0.0,0.0,AAPL
2010-11-15 00:00:00-05:00,9.251038731965098,9.313419936221845,9.185358036585313,9.208451271057129,403606000,0.0,0.0,AAPL
2010-11-16 00:00:00-05:00,9.168860235070289,9.22524307569971,8.97691720160832,9.044997215270996,657650000,0.0,0.0,AAPL
2010-11-17 00:00:00-05:00,9.033302484617833,9.116977409451735,8.930133335648836,9.012309074401855,479449600,0.0,0.0,AAPL
2010-11-18 00:00:00-05:00,9.15326698837548,9.287327230437285,9.137972405985629,9.250138282775879,494491200,0.0,0.0,AAPL
2010-11-19 00:00:00-05:00,9.236338060002652,9.249234097887342,9.154462674721687,9.199149131774902,384843200,0.0,0.0,AAPL
2010-11-22 00:00:00-05:00,9.197652352615405,9.397993087768555,9.173360254648893,9.397993087768555,393075200,0.0,0.0,AAPL
2010-11-23 00:00:00-05:00,9.310720226981502,9.349709480480108,9.194055186786033,9.259135246276855,519447600,0.0,0.0,AAPL
2010-11-24 00:00:00-05:00,9.357204042988814,9.4591743114166,9.349707312632942,9.441179275512695,413725200,0.0,0.0,AAPL
2010-11-26 00:00:00-05:00,9.409392910785714,9.528157796512177,9.385400320063734,9.447181701660156,237585600,0.0,0.0,AAPL
2010-11-29 00:00:00-05:00,9.462173298599573,9.521555319250073,9.33861058074545,9.50326156616211,445785200,0.0,0.0,AAPL
2010-11-30 00:00:00-05:00,9.403387106438615,9.427980313296063,9.323311227690708,9.331708908081055,501858000,0.0,0.0,AAPL
2010-12-01 00:00:00-05:00,9.455275055316054,9.52965293589881,9.44717768952399,9.489165306091309,461750800,0.0,0.0,AAPL
2010-12-02 00:00:00-05:00,9.52305494747729,9.567141585378094,9.443878389026775,9.54164981842041,462837200,0.0,0.0,AAPL
2010-12-03 00:00:00-05:00,9.507461088222627,9.556645924715964,9.487367029142675,9.520357131958008,342092800,0.0,0.0,AAPL
2010-12-06 00:00:00-05:00,9.55634406287748,9.667011519526229,9.549745883764032,9.601631164550781,448481600,0.0,0.0,AAPL
2010-12-07 00:00:00-05:00,9.711099555206232,9.716796782175328,9.540750546797014,9.543449401855469,391454000,0.0,0.0,AAPL
2010-12-08 00:00:00-05:00,9.58603455601733,9.627722650416146,9.510457816866223,9.627422332763672,321935600,0.0,0.0,AAPL
2010-12-09 00:00:00-05:00,9.661015456006842,9.672111194955997,9.567742375968564,9.589936256408691,294151200,0.0,0.0,AAPL
2010-12-10 00:00:00-05:00,9.586641475651918,9.628629117887847,9.555150543763057,9.613933563232422,262511200,0.0,0.0,AAPL
2010-12-13 00:00:00-05:00,9.728190768912732,9.74888465271011,9.62712068722681,9.64721393585205,439815600,0.0,0.0,AAPL
2010-12-14 00:00:00-05:00,9.649018435590888,9.673311335903582,9.567142215861573,9.605831146240234,351008000,0.0,0.0,AAPL
2010-12-15 00:00:00-05:00,9.5971361713055,9.687109785901448,9.572844064178192,9.60793399810791,417312000,0.0,0.0,AAPL
2010-12-16 00:00:00-05:00,9.62982770987734,9.675414356418173,9.600137086862832,9.634626388549805,322030800,0.0,0.0,AAPL
2010-12-17 00:00:00-05:00,9.646020645663764,9.650819323040432,9.604033019465277,9.615429878234863,386929200,0.0,0.0,AAPL
2010-12-20 00:00:00-05:00,9.645118494506777,9.694604444275184,9.544049176170713,9.663413047790527,385610400,0.0,0.0,AAPL
2010-12-21 00:00:00-05:00,9.687107570097394,9.728794876172172,9.65861662606012,9.72309684753418,256354000,0.0,0.0,AAPL
2010-12-22 00:00:00-05:00,9.727896641391059,9.768684600614804,9.703603736184148,9.7518892288208,265921600,0.0,0.0,AAPL
2010-12-23 00:00:00-05:00,9.747090545696455,9.751588905202595,9.692206875823771,9.705102920532227,223157200,0.0,0.0,AAPL
2010-12-27 00:00:00-05:00,9.682607794752792,9.760284366904948,9.642719197578206,9.7374906539917,249816000,0.0,0.0,AAPL
2010-12-28 00:00:00-05:00,9.774378341950401,9.79687173316882,9.74888657936011,9.76118278503418,175924000,0.0,0.0,AAPL
2010-12-29 00:00:00-05:00,9.783676090808207,9.790574587839696,9.750086160347124,9.75578498840332,163139200,0.0,0.0,AAPL
2010-12-30 00:00:00-05:00,9.761484897497509,9.762384248978805,9.688606995316363,9.706901550292969,157494400,0.0,0.0,AAPL
2010-12-31 00:00:00-05:00,9.685608423406196,9.701503640956142,9.636422783731419,9.673912048339844,193508000,0.0,0.0,AAPL
2011-01-03 00:00:00-05:00,9.766282012635568,9.904840580449324,9.742289433187933,9.884146690368652,445138400,0.0,0.0,AAPL
2011-01-04 00:00:00-05:00,9.970222128505839,9.972021632242447,9.841560414303666,9.9357328414917,309080800,0.0,0.0,AAPL
2011-01-05 00:00:00-05:00,9.883550116994122,10.027206925097321,9.882050129807201,10.017009735107422,255519600,0.0,0.0,AAPL
2011-01-06 00:00:00-05:00,10.038602699919679,10.054497917468781,9.98401934933049,10.008912086486816,300428800,0.0,0.0,AAPL
2011-01-07 00:00:00-05:00,10.016711903540443,10.087490808978544,9.954030367562453,10.08059310913086,311931200,0.0,0.0,AAPL
2011-01-10 00:00:00-05:00,10.161861042212687,10.293821396444661,10.112076392622754,10.270428657531738,448560000,0.0,0.0,AAPL
2011-01-11 00:00:00-05:00,10.343311279762082,10.345709817242307,10.1810596291799,10.246140480041504,444108000,0.0,0.0,AAPL
2011-01-12 00:00:00-05:00,10.294429033115142,10.32981768230608,10.256939760990265,10.329517364501953,302590400,0.0,0.0,AAPL
2011-01-13 00:00:00-05:00,10.351707044322076,10.396093997735896,10.312419084726674,10.367301940917969,296780400,0.0,0.0,AAPL
2011-01-14 00:00:00-05:00,10.373603054011753,10.451279640197754,10.3301162425255,10.451279640197754,308840000,0.0,0.0,AAPL
2011-01-18 00:00:00-05:00,9.882648430253735,10.339711993708983,9.777079941054497,10.216448783874512,1880998000,0.0,0.0,AAPL
2011-01-19 00:00:00-05:00,10.447378408241695,10.454876740531216,10.103382503975908,10.162164688110352,1135612800,0.0,0.0,AAPL
2011-01-20 00:00:00-05:00,10.08988699493572,10.145970330518331,9.90064357737877,9.977420806884766,764789200,0.0,0.0,AAPL
2011-01-21 00:00:00-05:00,10.010111091583898,10.043401514161467,9.795974927092375,9.798674583435059,754401200,0.0,0.0,AAPL
2011-01-24 00:00:00-05:00,9.803168703319267,10.120473861694336,9.798669545343863,10.120473861694336,574683200,0.0,0.0,AAPL
2011-01-25 00:00:00-05:00,10.086887537787016,10.240141662582634,10.0341028978612,10.238941192626953,546868000,0.0,0.0,AAPL
2011-01-26 00:00:00-05:00,10.285728604890727,10.36490517296097,10.24194227936688,10.312420845031738,506875600,0.0,0.0,AAPL
2011-01-27 00:00:00-05:00,10.310319217953358,10.337611287934562,10.281828279790522,10.293224334716797,285026000,0.0,0.0,AAPL
2011-01-28 00:00:00-05:00,10.322021229655244,10.328918929380325,10.002916326049467,10.079992294311523,592057200,0.0,0.0,AAPL
2011-01-31 00:00:00-05:00,10.070994750093359,10.198157313814367,10.02600874579887,10.176563262939453,377246800,0.0,0.0,AAPL
2011-02-01 00:00:00-05:00,10.23594438672422,10.36640481841821,10.226347032388079,10.347810745239258,426633200,0.0,0.0,AAPL
2011-02-02 00:00:00-05:00,10.330416430759007,10.354408215112358,10.30342387145499,10.326517105102539,258955200,0.0,0.0,AAPL
2011-02-03 00:00:00-05:00,10.31092119189532,10.324117553950048,10.15346820300978,10.300124168395996,393797600,0.0,0.0,AAPL
2011-02-04 00:00:00-05:00,10.30611866720199,10.397891730989972,10.30222014392855,10.39189338684082,321840400,0.0,0.0,AAPL
2011-02-07 00:00:00-05:00,10.43358341045263,10.594335071523219,10.426085878725743,10.553248405456543,485021600,0.0,0.0,AAPL
2011-02-08 00:00:00-05:00,10.607234749198371,10.662417942874983,10.561348593448669,10.652820587158203,381040800,0.0,0.0,AAPL
2011-02-09 00:00:00-05:00,10.652519914933256,10.766786416925203,10.642923361104677,10.741593360900879,482745200,0.0,0.0,AAPL
2011-02-10 00:00:00-05:00,10.718500404009594,10.796776822143904,10.436883246999177,10.633025169372559,928550000,0.0,0.0,AAPL
2011-02-11 00:00:00-05:00,10.639325701090796,10.73079769646944,10.603036099548252,10.702306747436523,367572800,0.0,0.0,AAPL
2011-02-14 00:00:00-05:00,10.700503287722398,10.781178227900828,10.698103949636346,10.772181510925293,310416400,0.0,0.0,AAPL
2011-02-15 00:00:00-05:00,10.772485638963957,10.795879195316656,10.723300788840463,10.793779373168945,284174800,0.0,0.0,AAPL
2011-02-16 00:00:00-05:00,10.820768507595568,10.9437322047157,10.811771788955406,10.89064884185791,481157600,0.0,0.0,AAPL
2011-02-17 00:00:00-05:00,10.714298466095048,10.804871067716528,10.692404107711644,10.74578857421875,530583200,0.0,0.0,AAPL
2011-02-18 00:00:00-05:00,10.758087019782685,10.781780085645048,10.482469032253233,10.513660430908203,816057200,0.0,0.0,AAPL
2011-02-22 00:00:00-05:00,10.261437971367009,10.358909116450796,10.128578177609262,10.155269622802734,872555600,0.0,0.0,AAPL
2011-02-23 00:00:00-05:00,10.16006641256271,10.336112660175779,10.15526693496942,10.275531768798828,671854400,0.0,0.0,AAPL
2011-02-24 00:00:00-05:00,10.317516711929365,10.351406156382549,10.148067087122302,10.283326148986816,499900800,0.0,0.0,AAPL
2011-02-25 00:00:00-05:00,10.354706502527536,10.449778273982945,10.340911109102239,10.441680908203125,380018800,0.0,0.0,AAPL
2011-02-28 00:00:00-05:00,10.534053331725918,10.648319010748684,10.53045432441921,10.593135833740234,403074000,0.0,0.0,AAPL
2011-03-01 00:00:00-05:00,10.660913637103727,10.668411167233433,10.427283326570823,10.476168632507324,456136800,0.0,0.0,AAPL
2011-03-02 00:00:00-05:00,10.495665252418007,10.627326140085682,10.448878955910464,10.560445785522461,602590800,0.0,0.0,AAPL
2011-03-03 00:00:00-05:00,10.71250427021831,10.790480386715377,10.674415163265062,10.78358268737793,500788400,0.0,0.0,AAPL
2011-03-04 00:00:00-05:00,10.7988738846253,10.80547206444621,10.729294680935501,10.796774864196777,453266800,0.0,0.0,AAPL
2011-03-07 00:00:00-05:00,10.838763780483873,10.846861948621015,10.536154809907478,10.657618522644043,546123200,0.0,0.0,AAPL
2011-03-08 00:00:00-05:00,10.64411936477411,10.718797559475878,10.564342977196583,10.669611930847168,356316800,0.0,0.0,AAPL
2011-03-09 00:00:00-05:00,10.637524837380496,10.639624659295306,10.514862242642279,10.570944786071777,453306000,0.0,0.0,AAPL
2011-03-10 00:00:00-05:00,10.470472325753969,10.489967350309563,10.343910430932322,10.396994590759277,507539200,0.0,0.0,AAPL
2011-03-11 00:00:00-05:00,10.3568042341491,10.56644197289011,10.346908166847184,10.556544303894043,471080400,0.0,0.0,AAPL
2011-03-14 00:00:00-04:00,10.5922360700516,10.691207172922276,10.53615353958276,10.603632926940918,435957200,0.0,0.0,AAPL
2011-03-15 00:00:00-04:00,10.259939385549798,10.432087965218752,10.199957508531751,10.359809875488281,721081200,0.0,0.0,AAPL
2011-03-16 00:00:00-04:00,10.256938841714533,10.286929776218017,9.784879338307796,9.897345542907715,1162011200,0.0,0.0,AAPL
2011-03-17 00:00:00-04:00,10.101883270323663,10.185258677194374,9.916838702736293,10.036203384399414,659422400,0.0,0.0,AAPL
2011-03-18 00:00:00-04:00,10.110877921493229,10.142968665288226,9.897042137954273,9.917136192321777,753214000,0.0,0.0,AAPL
2011-03-21 00:00:00-04:00,10.076694498839023,10.189159920247285,10.054800128172012,10.17596435546875,409402000,0.0,0.0,AAPL
2011-03-22 00:00:00-04:00,10.273733244756453,10.275532748707825,10.171163121223,10.23294448852539,325922800,0.0,0.0,AAPL
2011-03-23 00:00:00-04:00,10.175360636462377,10.203552060509118,10.075490182307137,10.172661781311035,372996400,0.0,0.0,AAPL
2011-03-24 00:00:00-04:00,10.252439360287765,10.376902245412637,10.16276608351677,10.3460111618042,404712000,0.0,0.0,AAPL
2011-03-25 00:00:00-04:00,10.438980530058718,10.55864470826387,10.407489619648048,10.543049812316895,448910000,0.0,0.0,AAPL
2011-03-28 00:00:00-04:00,10.591338615657216,10.626428544046286,10.510062217712402,10.510062217712402,309355200,0.0,0.0,AAPL
2011-03-29 00:00:00-04:00,10.426684502434263,10.525654792785645,10.378699343938091,10.525654792785645,352900800,0.0,0.0,AAPL
2011-03-30 00:00:00-04:00,10.516062222928753,10.523261041078115,10.42009106144637,10.455780029296875,329406000,0.0,0.0,AAPL
2011-03-31 00:00:00-04:00,10.387696040121575,10.490865171785964,10.378699323450759,10.452177047729492,274019200,0.0,0.0,AAPL
2011-04-01 00:00:00-04:00,10.530155760958573,10.544550990641536,10.295924752199547,10.33371353149414,418661600,0.0,0.0,AAPL
2011-04-04 00:00:00-04:00,10.32621956393468,10.334916767617472,10.148971994404873,10.232646942138672,460084800,0.0,0.0,AAPL
2011-04-05 00:00:00-04:00,10.106680235377228,10.264432702644038,10.07698882842676,10.163662910461426,482731200,0.0,0.0,AAPL
2011-04-06 00:00:00-04:00,10.233546174525019,10.313921623395004,10.111182295812831,10.138174057006836,402539200,0.0,0.0,AAPL
2011-04-07 00:00:00-04:00,10.139970905655984,10.209849629189067,10.077889230489983,10.139371871948242,373447200,0.0,0.0,AAPL
2011-04-08 00:00:00-04:00,10.194557091100142,10.201454789439897,10.015510845248853,10.048800468444824,377535200,0.0,0.0,AAPL
2011-04-11 00:00:00-04:00,10.018807510654083,10.067092994827863,9.897644925327368,9.921037673950195,398946800,0.0,0.0,AAPL
2011-04-12 00:00:00-04:00,9.911736107339847,10.008907674570096,9.903038909310238,9.969019889831543,425639200,0.0,0.0,AAPL
2011-04-13 00:00:00-04:00,10.047598332298774,10.081188265009269,9.972620618016183,10.080888748168945,346220000,0.0,0.0,AAPL
2011-04-14 00:00:00-04:00,10.040998445960996,10.076987710666147,9.958823532157938,9.969619750976562,301800800,0.0,0.0,AAPL
2011-04-15 00:00:00-04:00,9.996012337330727,10.00620952325651,9.801070940890943,9.8208646774292,453605600,0.0,0.0,AAPL
2011-04-18 00:00:00-04:00,9.780079015722086,9.963923902786854,9.601932156525336,9.952527046203613,609898800,0.0,0.0,AAPL
2011-04-19 00:00:00-04:00,9.990015982785746,10.136371605731629,9.948327882844032,10.132773399353027,419378400,0.0,0.0,AAPL
2011-04-20 00:00:00-04:00,10.302224764055628,10.369404646959525,10.24194338044046,10.269234657287598,700666400,0.0,0.0,AAPL
2011-04-21 00:00:00-04:00,10.64681973901191,10.650719064279663,10.452478136480474,10.517858505249023,753810400,0.0,0.0,AAPL
2011-04-25 00:00:00-04:00,10.507061313845227,10.609331100123912,10.505860843925948,10.587137222290039,266546000,0.0,0.0,AAPL
2011-04-26 00:00:00-04:00,10.605435420126257,10.646522898696034,10.477373505631842,10.509464263916016,338800000,0.0,0.0,AAPL
2011-04-27 00:00:00-04:00,10.564046228959866,10.56734572003007,10.409892724804102,10.501364707946777,356213200,0.0,0.0,AAPL
2011-04-28 00:00:00-04:00,10.382599620112366,10.489366976167313,10.362505561314793,10.399394989013672,360959200,0.0,0.0,AAPL
2011-04-29 00:00:00-04:00,10.400295495332108,10.615331019099244,10.396996004222203,10.500765800476074,1006345200,0.0,0.0,AAPL
2011-05-02 00:00:00-04:00,10.48906675215698,10.510960313289425,10.361905028151766,10.385297775268555,442713600,0.0,0.0,AAPL
2011-05-03 00:00:00-04:00,10.436580861600676,10.49356353484965,10.365501677810638,10.442878723144531,313348000,0.0,0.0,AAPL
2011-05-04 00:00:00-04:00,10.444679970617191,10.55174843982359,10.403292185910422,10.483968734741211,389250400,0.0,0.0,AAPL
2011-05-05 00:00:00-04:00,10.448879341693994,10.525357052384399,10.37840077788704,10.399394989013672,335969200,0.0,0.0,AAPL
2011-05-06 00:00:00-04:00,10.48756807564206,10.496865111399371,10.383199259120385,10.396695137023926,280134400,0.0,0.0,AAPL
2011-05-09 00:00:00-04:00,10.432686615612697,10.472875544872956,10.392798805006201,10.42488956451416,204747200,0.0,0.0,AAPL
2011-05-10 00:00:00-04:00,10.463575152221694,10.48756853696986,10.396695594354401,10.48037052154541,282091600,0.0,0.0,AAPL
2011-05-11 00:00:00-04:00,10.467476464635132,10.496867565683454,10.354110102722364,10.41379165649414,336000000,0.0,0.0,AAPL
2011-05-12 00:00:00-04:00,10.38050401797668,10.410494957187066,10.265038621720063,10.393999099731445,322000000,0.0,0.0,AAPL
2011-05-13 00:00:00-04:00,10.366702490562869,10.384396406833625,10.207450036501976,10.21194839477539,326116000,0.0,0.0,AAPL
2011-05-16 00:00:00-04:00,10.172961628588395,10.233543315885855,9.975019432300844,9.996013641357422,449775200,0.0,0.0,AAPL
2011-05-17 00:00:00-04:00,9.957030368455468,10.081192970275879,9.918941258585175,10.081192970275879,452334400,0.0,0.0,AAPL
2011-05-18 00:00:00-04:00,10.091087568457594,10.22844650507225,10.076991854077361,10.1930570602417,334776400,0.0,0.0,AAPL
2011-05-19 00:00:00-04:00,10.25933846785194,10.26923534037119,10.157068649559886,10.212852478027344,261170000,0.0,0.0,AAPL
2011-05-20 00:00:00-04:00,10.18376028144977,10.225448391822322,10.047601010727822,10.05359935760498,337968400,0.0,0.0,AAPL
2011-05-23 00:00:00-04:00,9.8961490496755,10.076395017737362,9.87965399169697,10.029008865356445,383600000,0.0,0.0,AAPL
2011-05-24 00:00:00-04:00,10.061995307240318,10.073991998924848,9.937232116262942,9.962724685668945,321927200,0.0,0.0,AAPL
2011-05-25 00:00:00-04:00,9.999914405630745,10.153769197789273,9.982520000791544,10.100384712219238,294224000,0.0,0.0,AAPL
2011-05-26 00:00:00-04:00,10.076090553226141,10.103682141976382,10.029904093225449,10.046998977661133,222560800,0.0,0.0,AAPL
2011-05-27 00:00:00-04:00,10.040997754337551,10.125872317634382,10.026302212339488,10.119274139404297,203599200,0.0,0.0,AAPL
2011-05-31 00:00:00-04:00,10.22994455262452,10.431783676147461,10.226944578983408,10.431783676147461,417754400,0.0,0.0,AAPL
2011-06-01 00:00:00-04:00,10.462973230784288,10.560743043260514,10.336411364556552,10.362202644348145,554682800,0.0,0.0,AAPL
2011-06-02 00:00:00-04:00,10.39189285162086,10.436279795191476,10.325912671072444,10.37989616394043,338783200,0.0,0.0,AAPL
2011-06-03 00:00:00-04:00,10.292327118938244,10.356807340496468,10.257237192989104,10.300124168395996,313250000,0.0,0.0,AAPL
2011-06-06 00:00:00-04:00,10.367905946630426,10.408393588421434,10.13127635824218,10.138174057006836,461941200,0.0,0.0,AAPL
2011-06-07 00:00:00-04:00,10.14207482653159,10.143574013101336,9.954030221359584,9.958229064941406,529785200,0.0,0.0,AAPL
2011-06-08 00:00:00-04:00,9.950430371826153,10.041003008749001,9.916540912635163,9.964225769042969,333723600,0.0,0.0,AAPL
2011-06-09 00:00:00-04:00,9.994516254336096,10.007112782037296,9.919538524476001,9.941732406616211,275088800,0.0,0.0,AAPL
2011-06-10 00:00:00-04:00,9.91353916884693,9.946829588244928,9.762384055208027,9.774081230163574,433955200,0.0,0.0,AAPL
2011-06-13 00:00:00-04:00,9.81306774403312,9.846358159587885,9.749187369543925,9.795073509216309,329473200,0.0,0.0,AAPL
2011-06-14 00:00:00-04:00,9.897040466988775,9.994511550012904,9.876346581643746,9.970218658447266,334569200,0.0,0.0,AAPL
2011-06-15 00:00:00-04:00,9.889547647814869,9.906042700425175,9.7434907120979,9.799574851989746,399196000,0.0,0.0,AAPL
2011-06-16 00:00:00-04:00,9.804074047476194,9.857457734698038,9.547050881912783,9.7518892288208,510591200,0.0,0.0,AAPL
2011-06-17 00:00:00-04:00,9.86675444550498,9.874552295803914,9.577940073480098,9.604931831359863,615020000,0.0,0.0,AAPL
2011-06-20 00:00:00-04:00,9.517957190139017,9.528154377897396,9.312218736332754,9.456775665283203,640645600,0.0,0.0,AAPL
2011-06-21 00:00:00-04:00,9.497565900024908,9.771083323946195,9.453178931717597,9.756088256835938,493382400,0.0,0.0,AAPL
2011-06-22 00:00:00-04:00,9.751890061256951,9.864057559332597,9.668514631571618,9.675413131713867,390583200,0.0,0.0,AAPL
2011-06-23 00:00:00-04:00,9.565346193503192,9.947732472407514,9.540754568217963,9.933937072753906,559759200,0.0,0.0,AAPL
2011-06-24 00:00:00-04:00,9.938135821183728,9.991519516568658,9.749791698644787,9.787580490112305,439807200,0.0,0.0,AAPL
2011-06-27 00:00:00-04:00,9.824769426333084,10.01401290025237,9.81457223477723,9.958229064941406,339813600,0.0,0.0,AAPL
2011-06-28 00:00:00-04:00,10.006513584705012,10.097986380230244,10.000215720372928,10.05479907989502,294299600,0.0,0.0,AAPL
2011-06-29 00:00:00-04:00,10.078190362368938,10.088087232901458,9.953427167402857,10.018208503723145,352545200,0.0,0.0,AAPL
2011-06-30 00:00:00-04:00,10.038001167960056,10.080888937078965,9.982218157522217,10.067091941833496,322954800,0.0,0.0,AAPL
2011-07-01 00:00:00-04:00,10.075490284385904,10.301922632183057,10.02300596005645,10.29472541809082,435313200,0.0,0.0,AAPL
2011-07-05 00:00:00-04:00,10.286931044011341,10.491770217042205,10.271935975335264,10.47977352142334,355054000,0.0,0.0,AAPL
2011-07-06 00:00:00-04:00,10.465373532153052,10.61982812691627,10.39819366376752,10.54964828491211,444626000,0.0,0.0,AAPL
2011-07-07 00:00:00-04:00,10.636925798084597,10.736795474572974,10.61683093482774,10.71280288696289,399663600,0.0,0.0,AAPL
2011-07-08 00:00:00-04:00,10.59703538963393,10.79677631036712,10.562845617738667,10.788078308105469,489633200,0.0,0.0,AAPL
2011-07-11 00:00:00-04:00,10.687010685475759,10.789880335312384,10.58144137904168,10.616830825805664,442674400,0.0,0.0,AAPL
2011-07-12 00:00:00-04:00,10.602732150218516,10.727195814693081,10.455476375002094,10.609331130981445,451609200,0.0,0.0,AAPL
2011-07-13 00:00:00-04:00,10.746686750103239,10.796772522000298,10.688204097466492,10.737390518188477,391638800,0.0,0.0,AAPL
2011-07-14 00:00:00-04:00,10.827069279599858,10.845064322078276,10.687011469456419,10.729898452758789,430533600,0.0,0.0,AAPL
2011-07-15 00:00:00-04:00,10.831863099694878,10.946728599700847,10.771881253362542,10.944329261779785,484467200,0.0,0.0,AAPL
2011-07-18 00:00:00-04:00,10.959627710259623,11.236145076334267,10.955129350821249,11.210653305053711,572653200,0.0,0.0,AAPL
2011-07-19 00:00:00-04:00,11.336617134483738,11.356111363149664,11.196259008428065,11.302127838134766,819145600,0.0,0.0,AAPL
2011-07-20 00:00:00-04:00,11.880050896139279,11.88454925457034,11.576541038857028,11.603532791137695,941340400,0.0,0.0,AAPL
2011-07-21 00:00:00-04:00,11.60503432587964,11.69830580227586,11.51356155241806,11.61523151397705,526534400,0.0,0.0,AAPL
2011-07-22 00:00:00-04:00,11.64612413396171,11.847964110720106,11.62902924502302,11.795479774475098,516728800,0.0,0.0,AAPL
2011-07-25 00:00:00-04:00,11.707001212086285,11.996415353034669,11.685108454027413,11.95142936706543,589806000,0.0,0.0,AAPL
2011-07-26 00:00:00-04:00,11.996414537362842,12.131374888635603,11.986817986827592,12.098684310913086,476582400,0.0,0.0,AAPL
2011-07-27 00:00:00-04:00,12.014109550526227,12.075591383068415,11.760985007489895,11.774181365966797,659324400,0.0,0.0,AAPL
2011-07-28 00:00:00-04:00,11.745094411228498,11.906145615762277,11.64042526323741,11.751091957092285,594034000,0.0,0.0,AAPL
2011-07-29 00:00:00-04:00,11.62572621160682,11.850958857244148,11.516558736896151,11.71090030670166,632584400,0.0,0.0,AAPL
2011-08-01 00:00:00-04:00,11.929836085972662,11.981420254756355,11.767584446595272,11.898945808410645,612836000,0.0,0.0,AAPL
2011-08-02 00:00:00-04:00,11.925938562256853,11.933436094217702,11.647021884332393,11.663816452026367,639539600,0.0,0.0,AAPL
2011-08-03 00:00:00-04:00,11.725893164870318,11.802970681132962,11.463772749442725,11.773579597473145,732508000,0.0,0.0,AAPL
2011-08-04 00:00:00-04:00,11.67881481289637,11.7360970264385,11.31712248583768,11.31772232055664,871407600,0.0,0.0,AAPL
2011-08-05 00:00:00-04:00,11.409789320425151,11.501562385468194,10.873849676497885,11.205249786376953,1204590800,0.0,0.0,AAPL
2011-08-08 00:00:00-04:00,10.84745927663664,11.02980497594049,10.587437005081016,10.593135833740234,1143833600,0.0,0.0,AAPL
2011-08-09 00:00:00-04:00,10.835763010770593,11.234944499602618,10.646819129530709,11.216949462890625,1082583600,0.0,0.0,AAPL
2011-08-10 00:00:00-04:00,11.13117575109093,11.236144405731695,10.87175408839866,10.907443046569824,878656800,0.0,0.0,AAPL
2011-08-11 00:00:00-04:00,11.112280947516465,11.260137371020711,10.938332920611986,11.207653045654297,741969200,0.0,0.0,AAPL
2011-08-12 00:00:00-04:00,11.338717297416684,11.385803128072627,11.223552218895598,11.306327819824219,528976000,0.0,0.0,AAPL
2011-08-15 00:00:00-04:00,11.385499744771339,11.545652379028851,11.339313281578207,11.498866081237793,460544000,0.0,0.0,AAPL
2011-08-16 00:00:00-04:00,11.442184024497632,11.49766752892467,11.27843236674573,11.410992622375488,498750000,0.0,0.0,AAPL
2011-08-17 00:00:00-04:00,11.46587527660984,11.53215499350125,11.336613731642647,11.409791946411133,442061200,0.0,0.0,AAPL
2011-08-18 00:00:00-04:00,11.121877557735207,11.176162184091703,10.83786190463753,10.978219985961914,851435200,0.0,0.0,AAPL
2011-08-19 00:00:00-04:00,10.861858653882495,11.006715939662547,10.676814042484748,10.677713394165039,775888400,0.0,0.0,AAPL
2011-08-22 00:00:00-04:00,10.932035266000945,10.943132606553476,10.649519575443284,10.690007209777832,535315200,0.0,0.0,AAPL
2011-08-23 00:00:00-04:00,10.805775310703943,11.205856270424539,10.706804981773997,11.204656600952148,656835200,0.0,0.0,AAPL
2011-08-24 00:00:00-04:00,11.200753725859355,11.365404704962996,11.114679470605946,11.28203010559082,626267600,0.0,0.0,AAPL
2011-08-25 00:00:00-04:00,10.949126242669967,11.26013356534251,10.946726905120329,11.20824909210205,871346000,0.0,0.0,AAPL
2011-08-26 00:00:00-04:00,11.131774685250132,11.510561803489548,11.120678146240643,11.5039644241333,641477200,0.0,0.0,AAPL
2011-08-29 00:00:00-04:00,11.641922240083904,11.741493174897595,11.636524529915611,11.695606231689453,405269200,0.0,0.0,AAPL
2011-08-30 00:00:00-04:00,11.644021287079891,11.75168958823798,11.582839763792895,11.696206092834473,417922400,0.0,0.0,AAPL
2011-08-31 00:00:00-04:00,11.71360188426483,11.758888194449474,11.452379927190357,11.54145336151123,522586400,0.0,0.0,AAPL
2011-09-01 00:00:00-04:00,11.571145922348576,11.61673175393107,11.418191290400086,11.427488327026367,343725200,0.0,0.0,AAPL
2011-09-02 00:00:00-04:00,11.238840365359792,11.336611780307218,11.151567254696642,11.218147277832031,438939200,0.0,0.0,AAPL
2011-09-06 00:00:00-04:00,11.017811407737854,11.406495497709267,10.991119163071223,11.388801574707031,509698000,0.0,0.0,AAPL
2011-09-07 00:00:00-04:00,11.563344919229273,11.564544588198956,11.456575982621697,11.514459609985352,350576800,0.0,0.0,AAPL
2011-09-08 00:00:00-04:00,11.468575722978498,11.654820776251295,11.465876867502365,11.520760536193848,416158400,0.0,0.0,AAPL
2011-09-09 00:00:00-04:00,11.514458509865864,11.576539370997835,11.247237477906117,11.321016311645508,564813200,0.0,0.0,AAPL
2011-09-12 00:00:00-04:00,11.186664210691546,11.42299272907667,11.153673294742013,11.39480209350586,467832400,0.0,0.0,AAPL
2011-09-13 00:00:00-04:00,11.460778504515194,11.582842058414899,11.40409532876517,11.535157203674316,440560400,0.0,0.0,AAPL
2011-09-14 00:00:00-04:00,11.60713467136905,11.762788162456644,11.569345888483289,11.675514221191406,534724400,0.0,0.0,AAPL
2011-09-15 00:00:00-04:00,11.739393132489841,11.80627348309625,11.693506990992864,11.785279273986816,417818800,0.0,0.0,AAPL
2011-09-16 00:00:00-04:00,11.862657640921748,12.011412620544434,11.847362258730845,12.011412620544434,698513200,0.0,0.0,AAPL
2011-09-19 00:00:00-04:00,11.906442089856498,12.393196989631216,11.852459385794118,12.345211029052734,823860800,0.0,0.0,AAPL
2011-09-20 00:00:00-04:00,12.453778080889792,12.682010699387229,12.332014882962135,12.399794578552246,775754000,0.0,0.0,AAPL
2011-09-21 00:00:00-04:00,12.585439346058168,12.643922009336848,12.356308169856183,12.360507011413574,605976000,0.0,0.0,AAPL
2011-09-22 00:00:00-04:00,12.02730547438581,12.290926710806307,11.897444117941076,12.050997734069824,968480800,0.0,0.0,AAPL
2011-09-23 00:00:00-04:00,12.004814263974922,12.198556823760331,11.991918221282548,12.125378608703613,546277200,0.0,0.0,AAPL
2011-09-26 00:00:00-04:00,11.992217270247824,12.115780782973184,11.73549449384938,12.091487884521484,812876400,0.0,0.0,AAPL
2011-09-27 00:00:00-04:00,12.258240915755364,12.27383581681055,11.938236717458569,11.974225997924805,632497600,0.0,0.0,AAPL
2011-09-28 00:00:00-04:00,12.002112571981703,12.108581186829658,11.89174543355573,11.906742095947266,429637600,0.0,0.0,AAPL
2011-09-29 00:00:00-04:00,12.05399961103778,12.062696811578846,11.582839583162729,11.713601112365723,651086800,0.0,0.0,AAPL
2011-09-30 00:00:00-04:00,11.610131948908112,11.663216907441482,11.43198508749196,11.43618392944336,547640800,0.0,0.0,AAPL
2011-10-03 00:00:00-04:00,11.407694379819992,11.475773609071844,11.191758715359828,11.234644889831543,669099200,0.0,0.0,AAPL
2011-10-04 00:00:00-04:00,11.2337440058817,11.450578992295753,10.624026995586581,11.171662330627441,1233677200,0.0,0.0,AAPL
2011-10-05 00:00:00-04:00,11.03250328483266,11.391195493287528,10.805770657276163,11.344110488891602,786469600,0.0,0.0,AAPL
2011-10-06 00:00:00-04:00,11.196558109868977,11.539955878423095,11.150671955139668,11.31772232055664,812582400,0.0,0.0,AAPL
2011-10-07 00:00:00-04:00,11.2700323525803,11.328814530868211,11.051397886622365,11.090685844421387,535458000,0.0,0.0,AAPL
2011-10-10 00:00:00-04:00,11.36930567597045,11.660818099975586,11.342912952119093,11.660818099975586,442514800,0.0,0.0,AAPL
2011-10-11 00:00:00-04:00,11.773584940109526,12.091790414670356,11.741494987611759,12.005115509033203,605687600,0.0,0.0,AAPL
2011-10-12 00:00:00-04:00,12.216548451739126,12.273830638209557,12.000612860049715,12.062094688415527,622286000,0.0,0.0,AAPL
2011-10-13 00:00:00-04:00,12.145773457647225,12.24924373626709,12.081893067832967,12.24924373626709,426185200,0.0,0.0,AAPL
2011-10-14 00:00:00-04:00,12.501170570118221,12.656224250793457,12.454383459131256,12.656224250793457,573367200,0.0,0.0,AAPL
2011-10-17 00:00:00-04:00,12.64842492368322,12.797180722491152,12.474476068051526,12.595940589904785,686044800,0.0,0.0,AAPL
2011-10-18 00:00:00-04:00,12.649022738752803,12.7404963183257,12.475974853095256,12.663418769836426,881602400,0.0,0.0,AAPL
2011-10-19 00:00:00-04:00,12.036904902665759,12.248941213429818,11.930436270729787,11.955029487609863,1104059600,0.0,0.0,AAPL
2011-10-20 00:00:00-04:00,11.99641996994483,12.006916677349148,11.822772219393322,11.855761528015137,549270400,0.0,0.0,AAPL
2011-10-21 00:00:00-04:00,11.939433350195996,11.970623945220828,11.718998562875406,11.78257942199707,621244400,0.0,0.0,AAPL
2011-10-24 00:00:00-04:00,11.88185027217558,12.191356869581696,11.858457527229652,12.169464111328125,502138000,0.0,0.0,AAPL
2011-10-25 00:00:00-04:00,12.14727100066088,12.192857625259927,11.917840293420245,11.929535865783691,430427200,0.0,0.0,AAPL
2011-10-26 00:00:00-04:00,12.049201686591383,12.072895554765276,11.790978886199781,12.014412879943848,456304800,0.0,0.0,AAPL
2011-10-27 00:00:00-04:00,12.223147769881725,12.266335856091372,12.053099085090679,12.137073516845703,494664800,0.0,0.0,AAPL
2011-10-28 00:00:00-04:00,12.086389044593414,12.18685932922821,12.071693498596455,12.144871711730957,322842800,0.0,0.0,AAPL
2011-10-31 00:00:00-04:00,12.068995442878723,12.276233888201684,12.027907174058287,12.139774322509766,385501200,0.0,0.0,AAPL
2011-11-01 00:00:00-04:00,11.918740030083471,11.981420739980205,11.793077491736812,11.89174747467041,531790000,0.0,0.0,AAPL
2011-11-02 00:00:00-04:00,11.999116504136918,12.009613208809679,11.849760097021578,11.918740272521973,327350800,0.0,0.0,AAPL
2011-11-03 00:00:00-04:00,11.96852501884211,12.098386402631135,11.857258507059484,12.088489532470703,441386400,0.0,0.0,AAPL
2011-11-04 00:00:00-04:00,12.05730033294689,12.09958747452852,11.971226062733981,12.003616333007812,302229200,0.0,0.0,AAPL
2011-11-07 00:00:00-05:00,11.993716801127148,11.996415656031559,11.88035047989319,11.988317489624023,270275600,0.0,0.0,AAPL
2011-11-08 00:00:00-05:00,12.06269925952767,12.236347792973335,12.04320503314337,12.183262825012207,400442000,0.0,0.0,AAPL
2011-11-09 00:00:00-05:00,11.905544173706929,12.02310935083066,11.823369237400867,11.854859352111816,558684000,0.0,0.0,AAPL
2011-11-10 00:00:00-05:00,11.907344106334312,11.912742617839916,11.461077566219018,11.553150177001953,744752400,0.0,0.0,AAPL
2011-11-11 00:00:00-05:00,11.594838751964332,11.657520274489073,11.40439564652759,11.535157203674316,653786000,0.0,0.0,AAPL
2011-11-14 00:00:00-05:00,11.502169385473593,11.554054698585698,11.342617322653133,11.374407768249512,432905200,0.0,0.0,AAPL
2011-11-15 00:00:00-05:00,11.420589577475825,11.681511218720434,11.380101943708711,11.661417961120605,430810800,0.0,0.0,AAPL
2011-11-16 00:00:00-05:00,11.674013521654084,11.730696688634872,11.526157099497397,11.539653778076172,349210400,0.0,0.0,AAPL
2011-11-17 00:00:00-05:00,11.51596060288499,11.533955641505475,11.261637130493767,11.318920135498047,479900400,0.0,0.0,AAPL
2011-11-18 00:00:00-05:00,11.364205296829946,11.39629524451465,11.243041118268494,11.244840621948242,371938000,0.0,0.0,AAPL
2011-11-21 00:00:00-05:00,11.108684037845286,11.1470734588641,10.97402475074104,11.066997528076172,447980400,0.0,0.0,AAPL
2011-11-22 00:00:00-05:00,11.127273533952076,11.334511919129142,11.124874196298407,11.291924476623535,409021200,0.0,0.0,AAPL
2011-11-23 00:00:00-05:00,11.231944697065556,11.271833295294488,11.003113015565788,11.006412506103516,428271200,0.0,0.0,AAPL
2011-11-25 00:00:00-05:00,11.049303066476499,11.131178509248372,10.89634840578513,10.903846740722656,254760800,0.0,0.0,AAPL
2011-11-28 00:00:00-05:00,11.167164505945786,11.298225559690296,11.10658281460734,11.280230522155762,346413200,0.0,0.0,AAPL
2011-11-29 00:00:00-05:00,11.271834997377802,11.361508276448154,11.10268562840237,11.192658424377441,375855200,0.0,0.0,AAPL
2011-11-30 00:00:00-05:00,11.435284640912217,11.464975250746726,11.345610574299249,11.462575912475586,405938400,0.0,0.0,AAPL
2011-12-01 00:00:00-05:00,11.472774288000725,11.666516068371548,11.419090289896477,11.63442611694336,387181200,0.0,0.0,AAPL
2011-12-02 00:00:00-05:00,11.691406153180884,11.805372304467761,11.653917698587012,11.687507629394531,379055600,0.0,0.0,AAPL
2011-12-05 00:00:00-05:00,11.80117638878192,11.888750644898856,11.708204421729398,11.78678035736084,357210000,0.0,0.0,AAPL
2011-12-06 00:00:00-05:00,11.771789560729118,11.835371255047018,11.677918208097621,11.725003242492676,283598000,0.0,0.0,AAPL
2011-12-07 00:00:00-05:00,11.69440554334573,11.724696785424612,11.599333776421231,11.66921329498291,304746400,0.0,0.0,AAPL
2011-12-08 00:00:00-05:00,11.739992119439023,11.86145580326622,11.70340301562284,11.716299057006836,376356400,0.0,0.0,AAPL
2011-12-09 00:00:00-05:00,11.781982259739257,11.817671219029277,11.72739810914036,11.805074691772461,296993200,0.0,0.0,AAPL
2011-12-12 00:00:00-05:00,11.74689123428779,11.813471270430558,11.680011681281085,11.751689910888672,301067200,0.0,0.0,AAPL
2011-12-13 00:00:00-05:00,11.786480652620451,11.858460007731392,11.609533440126295,11.660818099975586,338928800,0.0,0.0,AAPL
2011-12-14 00:00:00-05:00,11.597536883272683,11.617931261033002,11.327017867406974,11.402295112609863,406887600,0.0,0.0,AAPL
2011-12-15 00:00:00-05:00,11.49646803498379,11.508764245199691,11.345912737371552,11.36480712890625,256200000,0.0,0.0,AAPL
2011-12-16 00:00:00-05:00,11.407392273177884,11.521058116216718,11.383699209130988,11.427186012268066,421478400,0.0,0.0,AAPL
2011-12-19 00:00:00-05:00,11.470675123650548,11.542053842019524,11.410991979147097,11.46287727355957,235530400,0.0,0.0,AAPL
2011-12-20 00:00:00-05:00,11.629326213713528,11.879452429754863,11.614331149984942,11.874953269958496,337215200,0.0,0.0,AAPL
2011-12-21 00:00:00-05:00,11.897145104631914,11.915440457924948,11.756787030268,11.889947891235352,262948000,0.0,0.0,AAPL
2011-12-22 00:00:00-05:00,11.906444619529562,11.97032660882639,11.879453662187382,11.95293140411377,202358800,0.0,0.0,AAPL
2011-12-23 00:00:00-05:00,11.987123068268666,12.104088439996948,11.981124720870172,12.096290588378906,269399200,0.0,0.0,AAPL
2011-12-27 00:00:00-05:00,12.089390950095762,12.269037021203555,12.086990810673909,12.192259788513184,265076000,0.0,0.0,AAPL
2011-12-28 00:00:00-05:00,12.203055998674339,12.243843150027969,12.036605499974309,12.075593948364258,228662000,0.0,0.0,AAPL
2011-12-29 00:00:00-05:00,12.09838588457655,12.165866070761979,12.011712594320198,12.149970054626465,215978000,0.0,0.0,AAPL
2011-12-30 00:00:00-05:00,12.101684567519055,12.184760452092906,12.101085533811421,12.146371841430664,179662000,0.0,0.0,AAPL
2012-01-03 00:00:00-05:00,12.278332854684177,12.37130480673157,12.266336163769472,12.333215713500977,302220800,0.0,0.0,AAPL
2012-01-04 00:00:00-05:00,12.296326933759664,12.436685822275752,12.274733689828775,12.399496078491211,260022000,0.0,0.0,AAPL
2012-01-05 00:00:00-05:00,12.444783976848523,12.552751004188414,12.376403631567426,12.537156105041504,271269600,0.0,0.0,AAPL
2012-01-06 00:00:00-05:00,12.589340458411911,12.678713410282658,12.572845407517793,12.668216705322266,318292800,0.0,0.0,AAPL
2012-01-09 00:00:00-05:00,12.761190569664734,12.828669965139149,12.636726882889798,12.648123741149902,394024400,0.0,0.0,AAPL
2012-01-10 00:00:00-05:00,12.773483922525697,12.776183578418514,12.641223207499065,12.693408012390137,258196400,0.0,0.0,AAPL
2012-01-11 00:00:00-05:00,12.676618481382285,12.68171747781756,12.575549116356207,12.672719955444336,215084800,0.0,0.0,AAPL
2012-01-12 00:00:00-05:00,12.664619297712429,12.683213371608757,12.55875048072566,12.637927055358887,212587200,0.0,0.0,AAPL
2012-01-13 00:00:00-05:00,12.587240136250674,12.609732729905552,12.556048740620462,12.590538024902344,226021600,0.0,0.0,AAPL
2012-01-17 00:00:00-05:00,12.722203914133049,12.775888725417195,12.685014959384008,12.737199783325195,242897200,0.0,0.0,AAPL
2012-01-18 00:00:00-05:00,12.80497337847305,12.880250603650982,12.785179641465511,12.869454383850098,276791200,0.0,0.0,AAPL
2012-01-19 00:00:00-05:00,12.90064426533138,12.93723256492871,12.791476798445611,12.828665733337402,261738400,0.0,0.0,AAPL
2012-01-20 00:00:00-05:00,12.82087123531492,12.821170752193348,12.588740048602716,12.60523509979248,413974400,0.0,0.0,AAPL
2012-01-23 00:00:00-05:00,12.676314310651698,12.849663308012161,12.665217770888944,12.818471908569336,306062400,0.0,0.0,AAPL
2012-01-24 00:00:00-05:00,12.749195155736352,12.749195155736352,12.582744628789232,12.608536720275879,547638000,0.0,0.0,AAPL
2012-01-25 00:00:00-05:00,13.629128724196809,13.62942824105721,13.307924921069224,13.395798683166504,958314000,0.0,0.0,AAPL
2012-01-26 00:00:00-05:00,13.446784370703135,13.459679613172332,13.290231546280795,13.334918022155762,323985200,0.0,0.0,AAPL
2012-01-27 00:00:00-05:00,13.326219346035996,13.450382697873733,13.309125262283569,13.414393424987793,299709200,0.0,0.0,AAPL
2012-01-30 00:00:00-05:00,13.36730784867992,13.612934915445917,13.35771129578758,13.58624267578125,379341200,0.0,0.0,AAPL
2012-01-31 00:00:00-05:00,13.663620143538902,13.743096234090434,13.588042577864485,13.690312385559082,391683600,0.0,0.0,AAPL
2012-02-01 00:00:00-05:00,13.748197637524074,13.765592043898735,13.662423673419477,13.68161678314209,270046000,0.0,0.0,AAPL
2012-02-02 00:00:00-05:00,13.672919349367456,13.71100765292304,13.615336817780962,13.649526596069336,186796400,0.0,0.0,AAPL
2012-02-03 00:00:00-05:00,13.714903677705042,13.795878938369645,13.662718873374923,13.78628158569336,286599600,0.0,0.0,AAPL
2012-02-06 00:00:00-05:00,13.74729338847529,13.945233985899625,13.741895678345012,13.914942741394043,249412800,0.0,0.0,AAPL
2012-02-07 00:00:00-05:00,13.953333378353882,14.088293762103227,13.933238518638008,14.060701370239258,316223600,0.0,0.0,AAPL
2012-02-08 00:00:00-05:00,14.110786246567226,14.299429023067686,14.086792862528094,14.296131134033203,407890000,0.0,0.0,AAPL
2012-02-09 00:00:00-05:00,14.418498489032636,14.89805558408706,14.412500141234066,14.790687561035156,884214800,0.0,0.0,AAPL
2012-02-10 00:00:00-05:00,14.724406174029307,14.924145527461555,14.652126491559981,14.79818344116211,631302000,0.0,0.0,AAPL
2012-02-13 00:00:00-05:00,14.981417735760962,15.110379703456696,14.908239555274069,15.073491096496582,517216000,0.0,0.0,AAPL
2012-02-14 00:00:00-05:00,15.135280637615264,15.28223611953187,15.05550503338834,15.279237747192383,460398400,0.0,0.0,AAPL
2012-02-15 00:00:00-05:00,15.42319333674498,15.783984625815254,14.902248617825391,14.925642967224121,1506120000,0.0,0.0,AAPL
2012-02-16 00:00:00-05:00,14.740598091176283,15.142178144848899,14.59454116950865,15.06180191040039,944552000,0.0,0.0,AAPL
2012-02-17 00:00:00-05:00,15.088792667779686,15.228551717340805,15.004517914445195,15.059102058410645,535805200,0.0,0.0,AAPL
2012-02-21 00:00:00-05:00,15.201863293570927,15.440892219543457,15.119087705443073,15.440892219543457,605595200,0.0,0.0,AAPL
2012-02-22 00:00:00-05:00,15.387806839490834,15.46008491787003,15.267541985677502,15.38660717010498,483302400,0.0,0.0,AAPL
2012-02-23 00:00:00-05:00,15.447786885506913,15.530262944787788,15.280437030150969,15.487074851989746,568027600,0.0,0.0,AAPL
2012-02-24 00:00:00-05:00,15.585446668999314,15.682317160878753,15.554556386155618,15.667621612548828,415072000,0.0,0.0,AAPL
2012-02-27 00:00:00-05:00,15.634626226221862,15.850262302873515,15.48377226912939,15.768087387084961,547582000,0.0,0.0,AAPL
2012-02-28 00:00:00-05:00,15.834077117773512,16.057510375976562,15.770795747443154,16.057510375976562,600387200,0.0,0.0,AAPL
2012-02-29 00:00:00-05:00,16.241949943361433,16.42339630870411,16.066202407225784,16.268341064453125,952011200,0.0,0.0,AAPL
2012-03-01 00:00:00-05:00,16.440188716368482,16.44138998718124,16.15827288033678,16.329221725463867,683270000,0.0,0.0,AAPL
2012-03-02 00:00:00-05:00,16.32232775181645,16.399103385747907,16.270741970491493,16.35051918029785,431712400,0.0,0.0,AAPL
2012-03-05 00:00:00-05:00,16.357717270630296,16.41949783902562,15.775289819455134,15.99002742767334,809124400,0.0,0.0,AAPL
2012-03-06 00:00:00-05:00,15.705111692633904,16.005921173666934,15.481977998936692,15.90305233001709,810238800,0.0,0.0,AAPL
2012-03-07 00:00:00-05:00,16.09918141203522,16.12857248675761,15.694302139529828,15.915936470031738,798520800,0.0,0.0,AAPL
2012-03-08 00:00:00-05:00,16.03590718448677,16.284832879488302,15.958830458484842,16.25484275817871,516457200,0.0,0.0,AAPL
2012-03-09 00:00:00-05:00,16.32142004649645,16.427288814035734,16.288429955948978,16.35021209716797,418919200,0.0,0.0,AAPL
2012-03-12 00:00:00-04:00,16.464481401874536,16.555055618286133,16.405098582134844,16.555055618286133,407282400,0.0,0.0,AAPL
2012-03-13 00:00:00-04:00,16.72120582598726,17.040309799637225,16.667520233082612,17.03791046142578,690855200,0.0,0.0,AAPL
2012-03-14 00:00:00-04:00,17.336325008904765,17.836274778169297,17.256847317945397,17.68212127685547,1418844000,0.0,0.0,AAPL
2012-03-15 00:00:00-04:00,17.982927716474318,17.994924407491716,17.351317150504983,17.561553955078125,1159718000,0.0,0.0,AAPL
2012-03-16 00:00:00-04:00,17.53635893633677,17.670718657267503,17.334819354940674,17.561851501464844,825487600,0.0,0.0,AAPL
2012-03-19 00:00:00-04:00,17.945741079917347,18.04770975872171,17.66622456256526,18.027616500854492,901236000,0.0,0.0,AAPL
2012-03-20 00:00:00-04:00,17.97992168286996,18.201554448619135,17.73909421967229,18.173364639282227,816662000,0.0,0.0,AAPL
2012-03-21 00:00:00-04:00,18.07679525705559,18.2840336373925,18.03690827161246,18.069597244262695,644042000,0.0,0.0,AAPL
2012-03-22 00:00:00-04:00,17.928049240988987,18.129590504976633,17.860569836619604,17.974836349487305,623870800,0.0,0.0,AAPL
2012-03-23 00:00:00-04:00,18.009323572758134,18.048611541410715,17.826677524025627,17.876163482666016,430488800,0.0,0.0,AAPL
2012-03-26 00:00:00-04:00,17.98831866137545,18.209054489690487,17.852461392204614,18.203954696655273,595742000,0.0,0.0,AAPL
2012-03-27 00:00:00-04:00,18.17997209307607,18.482881372469954,18.176373085309503,18.428897857666016,607129600,0.0,0.0,AAPL
2012-03-28 00:00:00-04:00,18.54585958604332,18.6379329901062,18.30383234645508,18.523067474365234,655460400,0.0,0.0,AAPL
2012-03-29 00:00:00-04:00,18.377908937495413,18.491275256297513,18.211459267166177,18.290334701538086,608238400,0.0,0.0,AAPL
2012-03-30 00:00:00-04:00,18.257641334655947,18.311325313340458,17.93283860811431,17.981124877929688,731038000,0.0,0.0,AAPL
2012-04-02 00:00:00-04:00,18.049504563733386,18.557552303387233,18.00601696882509,18.553354263305664,598351600,0.0,0.0,AAPL
2012-04-03 00:00:00-04:00,18.813383713174176,18.960641930787684,18.6697277071511,18.873966217041016,834559600,0.0,0.0,AAPL
2012-04-04 00:00:00-04:00,18.724912590651314,18.770198913334866,18.504477723082296,18.723712921142578,572980800,0.0,0.0,AAPL
2012-04-05 00:00:00-04:00,18.803785812546383,19.03411750601558,18.696417816023214,19.00472640991211,641298000,0.0,0.0,AAPL
2012-04-09 00:00:00-04:00,18.778290410302827,19.189467778568996,18.75339847811282,19.081199645996094,597536800,0.0,0.0,AAPL
2012-04-10 00:00:00-04:00,19.19216113354976,19.314224624743037,18.774386505901894,18.847564697265625,889725200,0.0,0.0,AAPL
2012-04-11 00:00:00-04:00,19.080312269327578,19.100405536954877,18.694625641078435,18.7804012298584,696614800,0.0,0.0,AAPL
2012-04-12 00:00:00-04:00,18.74439919122659,18.9342432099084,18.609438828961895,18.677518844604492,614336800,0.0,0.0,AAPL
2012-04-13 00:00:00-04:00,18.717706867827644,18.73540238622027,18.099891740427744,18.15147590637207,859644800,0.0,0.0,AAPL
2012-04-16 00:00:00-04:00,18.296341793462407,18.302939175318354,17.342327382174446,17.398710250854492,1050786800,0.0,0.0,AAPL
2012-04-17 00:00:00-04:00,17.36301277898598,18.294532528992878,17.15217535778387,18.28553581237793,1025528000,0.0,0.0,AAPL
2012-04-18 00:00:00-04:00,18.40610632099427,18.601948746332244,18.075904126519436,18.244754791259766,954531200,0.0,0.0,AAPL
2012-04-19 00:00:00-04:00,18.001224511783708,18.136484416885406,17.53036474172192,17.617938995361328,834719200,0.0,0.0,AAPL
2012-04-20 00:00:00-04:00,17.73610202412589,17.83327362087217,17.107489822302483,17.184267044067383,1030985200,0.0,0.0,AAPL
2012-04-23 00:00:00-04:00,17.11318695272216,17.294932801607317,16.69361193058955,17.145875930786133,966529200,0.0,0.0,AAPL
2012-04-24 00:00:00-04:00,16.87326160562651,17.0256163978531,16.64502973502448,16.803382873535156,1076149200,0.0,0.0,AAPL
2012-04-25 00:00:00-04:00,18.463684828043977,18.534463705385804,18.174570972995628,18.29453468322754,905777600,0.0,0.0,AAPL
2012-04-26 00:00:00-04:00,18.42259779054118,18.435195118159644,18.058506992712893,18.225557327270508,536068400,0.0,0.0,AAPL
2012-04-27 00:00:00-04:00,18.146681823436143,18.179971442815255,18.009621618013245,18.084598541259766,406722400,0.0,0.0,AAPL
2012-04-30 00:00:00-04:00,17.928648554984836,17.946643595388487,17.484780501863202,17.514171600341797,506144800,0.0,0.0,AAPL
2012-05-01 00:00:00-04:00,17.54176000343668,17.89745307847841,17.43169316764938,17.45868492126465,610999200,0.0,0.0,AAPL
2012-05-02 00:00:00-04:00,17.402003458277054,17.616739450667513,17.360615669667023,17.57415199279785,427389200,0.0,0.0,AAPL
2012-05-03 00:00:00-04:00,17.70970804042809,17.736699790336953,17.403798871970736,17.449384689331055,390549600,0.0,0.0,AAPL
2012-05-04 00:00:00-04:00,17.307236827439958,17.34562465100839,16.95004283011049,16.952442169189453,529992400,0.0,0.0,AAPL
2012-05-07 00:00:00-04:00,16.83997528376957,17.17797455503847,16.831877114276068,17.079303741455078,460118400,0.0,0.0,AAPL
2012-05-08 00:00:00-04:00,17.082300547370373,17.139883076000658,16.756898636462275,17.040313720703125,497252000,0.0,0.0,AAPL
2012-05-09 00:00:00-04:00,16.905954960595015,17.214263603300427,16.82048051416964,17.07030487060547,480704000,0.0,0.0,AAPL
2012-05-10 00:00:00-04:00,17.23225290935256,17.271241356382298,17.048109298387356,17.110488891601562,333200000,0.0,0.0,AAPL
2012-05-11 00:00:00-04:00,16.944934992651163,17.228950588151097,16.925440774151316,16.996219635009766,399546000,0.0,0.0,AAPL
2012-05-14 00:00:00-04:00,16.872067026741014,17.020222220420468,16.723011680423717,16.741605758666992,352626400,0.0,0.0,AAPL
2012-05-15 00:00:00-04:00,16.838466020145624,16.891549361271565,16.547551948412966,16.590139389038086,476336000,0.0,0.0,AAPL
2012-05-16 00:00:00-04:00,16.61653316168415,16.701708048365912,16.22634927699718,16.377504348754883,560896000,0.0,0.0,AAPL
2012-05-17 00:00:00-04:00,16.35441199231388,16.420092664088735,15.898848533630371,15.898848533630371,717220000,0.0,0.0,AAPL
2012-05-18 00:00:00-04:00,16.014012781308328,16.297427741524473,15.660719112301926,15.906644821166992,732292400,0.0,0.0,AAPL
2012-05-21 00:00:00-04:00,16.030213612161226,16.841170766694468,16.016716132462438,16.833372116088867,631106000,0.0,0.0,AAPL
2012-05-22 00:00:00-04:00,17.081396625538396,17.211258805339906,16.5724502166133,16.704111099243164,694870400,0.0,0.0,AAPL
2012-05-23 00:00:00-04:00,16.720003874445407,17.17886847938244,16.591943607283092,17.1116886138916,584897600,0.0,0.0,AAPL
2012-05-24 00:00:00-04:00,17.27094156733948,17.289836756821096,16.83187226987266,16.95453643798828,496230000,0.0,0.0,AAPL
2012-05-25 00:00:00-04:00,16.9326428948803,16.970431672190124,16.749096718649255,16.863662719726562,328507200,0.0,0.0,AAPL
2012-05-29 00:00:00-04:00,17.12188673668313,17.21485869547973,16.954237373639334,17.162973403930664,380508800,0.0,0.0,AAPL
2012-05-30 00:00:00-04:00,17.070902352417967,17.39450551959713,16.991725784825896,17.36991310119629,529429600,0.0,0.0,AAPL
2012-05-31 00:00:00-04:00,17.417002255468226,17.43979597628572,17.13868693606619,17.326730728149414,491674400,0.0,0.0,AAPL
2012-06-01 00:00:00-04:00,17.069701829113622,17.17437096221683,16.810579694827915,16.824674606323242,520987600,0.0,0.0,AAPL
2012-06-04 00:00:00-04:00,16.839968999320455,17.019914550855177,16.450086170148072,16.923643112182617,556995600,0.0,0.0,AAPL
2012-06-05 00:00:00-04:00,16.833066814145248,16.989020552325957,16.744893561260852,16.879852294921875,388214400,0.0,0.0,AAPL
2012-06-06 00:00:00-04:00,17.02801772668195,17.210362669947706,16.959937689671,17.13868522644043,401455600,0.0,0.0,AAPL
2012-06-07 00:00:00-04:00,17.313534755167623,17.314433306054273,17.10989525476002,17.146484375,379766800,0.0,0.0,AAPL
2012-06-08 00:00:00-04:00,17.142880302644222,17.41220042975374,17.06490340702194,17.404401779174805,347516400,0.0,0.0,AAPL
2012-06-11 00:00:00-04:00,17.626332619823046,17.649725363984576,17.113785662621964,17.129981994628906,591264800,0.0,0.0,AAPL
2012-06-12 00:00:00-04:00,17.22865855907084,17.29343750210455,16.995927504782763,17.27964210510254,435380400,0.0,0.0,AAPL
2012-06-13 00:00:00-04:00,17.230458308759975,17.349222381026024,17.106294923116682,17.159679412841797,293580000,0.0,0.0,AAPL
2012-06-14 00:00:00-04:00,17.132084200920183,17.199864712922786,17.01272111438561,17.14078140258789,345573200,0.0,0.0,AAPL
2012-06-15 00:00:00-04:00,17.124883619107585,17.233451267781277,17.081396015591373,17.2187557220459,335255200,0.0,0.0,AAPL
2012-06-18 00:00:00-04:00,17.123691658258792,17.631438561005236,17.10599613268028,17.568157196044922,440412000,0.0,0.0,AAPL
2012-06-19 00:00:00-04:00,17.49677389822439,17.694714500278725,17.487777180565352,17.61703872680664,361404400,0.0,0.0,AAPL
2012-06-20 00:00:00-04:00,17.641034255561774,17.672225659676617,17.41880070675154,17.566957473754883,358943200,0.0,0.0,AAPL
2012-06-21 00:00:00-04:00,17.55795885302846,17.641333471602042,17.318029784398433,17.324928283691406,326351200,0.0,0.0,AAPL
2012-06-22 00:00:00-04:00,17.366010473368565,17.460481600071134,17.2574428361016,17.457782745361328,284471600,0.0,0.0,AAPL
2012-06-25 00:00:00-04:00,17.313827449429052,17.388805965526192,17.10598998836606,17.11798667907715,304382400,0.0,0.0,AAPL
2012-06-26 00:00:00-04:00,17.134781966082954,17.229554229422746,17.014818251707023,17.155776977539062,276536400,0.0,0.0,AAPL
2012-06-27 00:00:00-04:00,17.24484583032525,17.297030629688415,17.152474522996652,17.22985076904297,202997200,0.0,0.0,AAPL
2012-06-28 00:00:00-04:00,17.14498188177104,17.21486061710428,16.963235985167998,17.066404342651367,282836400,0.0,0.0,AAPL
2012-06-29 00:00:00-04:00,17.33482332491956,17.5147705078125,17.222357136458765,17.5147705078125,421500800,0.0,0.0,AAPL
2012-07-02 00:00:00-04:00,17.536657074764026,17.7987774919158,17.50276683262513,17.770286560058594,400092000,0.0,0.0,AAPL
2012-07-03 00:00:00-04:00,17.84106979396594,17.994624229962067,17.81467867639101,17.9769287109375,241712800,0.0,0.0,AAPL
2012-07-05 00:00:00-04:00,18.011417367816193,18.4246945344802,17.984126098974848,18.292734146118164,484383200,0.0,0.0,AAPL
2012-07-06 00:00:00-04:00,18.207258594442237,18.247746219931596,18.042008602473395,18.170969009399414,418930400,0.0,0.0,AAPL
2012-07-09 00:00:00-04:00,18.15358416477598,18.41150671606603,18.117895196267774,18.41120719909668,379405600,0.0,0.0,AAPL
2012-07-10 00:00:00-04:00,18.533557803872643,18.590541269318635,18.15387144936358,18.240846633911133,511957600,0.0,0.0,AAPL
2012-07-11 00:00:00-04:00,18.178178855644223,18.22436533909091,17.91125955014335,18.12749481201172,469322000,0.0,0.0,AAPL
2012-07-12 00:00:00-04:00,18.001823705447098,18.098694186753384,17.775091040222964,17.96163558959961,428041600,0.0,0.0,AAPL
2012-07-13 00:00:00-04:00,18.08309778309852,18.210257892234043,17.99462339546733,18.143678665161133,311427200,0.0,0.0,AAPL
2012-07-16 00:00:00-04:00,18.148178347087285,18.343118959607157,18.14517837364859,18.201862335205078,301260400,0.0,0.0,AAPL
2012-07-17 00:00:00-04:00,18.318230984354653,18.33952551477689,18.089098953960974,18.20276641845703,293624800,0.0,0.0,AAPL
2012-07-18 00:00:00-04:00,18.19226228514134,18.2447465964395,18.10138857036434,18.18236541748047,252700000,0.0,0.0,AAPL
2012-07-19 00:00:00-04:00,18.332923809920537,18.454987339662416,18.17457068979745,18.424097061157227,436861600,0.0,0.0,AAPL
2012-07-20 00:00:00-04:00,18.385413429842522,18.427701377995533,18.10559733476144,18.123592376708984,397471200,0.0,0.0,AAPL
2012-07-23 00:00:00-04:00,17.826675349141368,18.171573026247348,17.626035886922228,18.1094913482666,487975600,0.0,0.0,AAPL
2012-07-24 00:00:00-04:00,18.215957745682186,18.28493791633595,17.949937135856302,18.022216796875,565132400,0.0,0.0,AAPL
2012-07-25 00:00:00-04:00,17.228651498406414,17.418793410996557,17.094890820096303,17.243946075439453,877312800,0.0,0.0,AAPL
2012-07-26 00:00:00-04:00,17.38760582290938,17.40680052929252,17.10569158137926,17.24125099182129,406632800,0.0,0.0,AAPL
2012-07-27 00:00:00-04:00,17.245152063414324,17.56965540851168,17.14258273857057,17.549560546875,403936400,0.0,0.0,AAPL
2012-07-30 00:00:00-04:00,17.722315884213884,17.97783913268861,17.629342279980197,17.845579147338867,379142400,0.0,0.0,AAPL
2012-07-31 00:00:00-04:00,18.09149500106971,18.345520523556488,18.07620042160322,18.31732749938965,462327600,0.0,0.0,AAPL
2012-08-01 00:00:00-04:00,18.47177923546494,18.4864747789688,18.084593708608615,18.19886016845703,384501600,0.0,0.0,AAPL
2012-08-02 00:00:00-04:00,18.079805348007678,18.315233674329914,18.002127951083803,18.228260040283203,332158400,0.0,0.0,AAPL
2012-08-03 00:00:00-04:00,18.403412449019214,18.53387372836734,18.34133074215464,18.46549415588379,344920800,0.0,0.0,AAPL
2012-08-06 00:00:00-04:00,18.513167253213616,18.74050052665594,18.452286853845305,18.670921325683594,302103200,0.0,0.0,AAPL
2012-08-07 00:00:00-04:00,18.67752064613009,18.74440099920308,18.535663374585507,18.62173843383789,290446800,0.0,0.0,AAPL
2012-08-08 00:00:00-04:00,18.576149688787492,18.710810537655803,18.5074706377298,18.590246200561523,244706000,0.0,0.0,AAPL
2012-08-09 00:00:00-04:00,18.609518860667404,18.726384758242542,18.608013238246407,18.696264266967773,221642400,0.094643,0.0,AAPL
2012-08-10 00:00:00-04:00,18.635429272535227,18.727293181142265,18.63512846966861,18.725486755371094,194938800,0.0,0.0,AAPL
2012-08-13 00:00:00-04:00,18.776387865198515,18.975479125976562,18.772170191259484,18.975479125976562,278832400,0.0,0.0,AAPL
2012-08-14 00:00:00-04:00,19.031799216934097,19.234807305799784,18.98180000592484,19.026376724243164,340169200,0.0,0.0,AAPL
2012-08-15 00:00:00-04:00,19.01463578109104,19.09595871502481,18.90771082531041,19.000478744506836,257342400,0.0,0.0,AAPL
2012-08-16 00:00:00-04:00,19.011924523402705,19.179088861069367,18.99053856802046,19.166439056396484,254534000,0.0,0.0,AAPL
2012-08-17 00:00:00-04:00,19.276677213007606,19.52335804977937,19.240835028226325,19.52094841003418,442761200,0.0,0.0,AAPL
2012-08-20 00:00:00-04:00,19.578177249233896,20.034191131591797,19.574863592323045,20.034191131591797,613384800,0.0,0.0,AAPL
2012-08-21 00:00:00-04:00,20.204969663655913,20.327256470618426,19.587813940748248,19.760400772094727,812719600,0.0,0.0,AAPL
2012-08-22 00:00:00-04:00,19.711007139397616,20.150153590029245,19.52095120089478,20.146238327026367,565322800,0.0,0.0,AAPL
2012-08-23 00:00:00-04:00,20.06309855148237,20.177252385655876,19.91370414859887,19.958282470703125,420128800,0.0,0.0,AAPL
2012-08-24 00:00:00-04:00,19.86431852121476,20.16461310591327,19.745044544008305,19.976062774658203,437340400,0.0,0.0,AAPL
2012-08-27 00:00:00-04:00,20.481169530658132,20.507675570705203,20.28689753317027,20.351354598999023,427008400,0.0,0.0,AAPL
2012-08-28 00:00:00-04:00,20.33026524495566,20.364000198046774,20.200448731541936,20.324844360351562,267416800,0.0,0.0,AAPL
2012-08-29 00:00:00-04:00,20.33839990364202,20.411289092032927,20.25858259894013,20.284786224365234,202806800,0.0,0.0,AAPL
2012-08-30 00:00:00-04:00,20.19954620170679,20.22695464450021,19.964911979741775,19.995634078979492,302699600,0.0,0.0,AAPL
2012-08-31 00:00:00-04:00,20.097445489966212,20.13810696322854,19.79624688950421,20.03690528869629,338321200,0.0,0.0,AAPL
2012-09-04 00:00:00-04:00,20.0525589013436,20.33508185787067,20.014607888377334,20.3299617767334,367892000,0.0,0.0,AAPL
2012-09-05 00:00:00-04:00,20.34803806503351,20.371531247468038,20.168222324422338,20.187198638916016,336375200,0.0,0.0,AAPL
2012-09-06 00:00:00-04:00,20.27575042766389,20.429964148565908,20.204366863540926,20.369121551513672,391196400,0.0,0.0,AAPL
2012-09-07 00:00:00-04:00,20.422741580776094,20.556174222356262,20.354070040930893,20.49472999572754,329666400,0.0,0.0,AAPL
2012-09-10 00:00:00-04:00,20.495026685498743,20.580565692349765,19.94232795112142,19.961605072021484,487998000,0.0,0.0,AAPL
2012-09-11 00:00:00-04:00,20.032990137916673,20.18328702752846,19.77365782939928,19.896848678588867,503983200,0.0,0.0,AAPL
2012-09-12 00:00:00-04:00,20.08538882850919,20.177254314698743,19.758589948457423,20.173940658569336,712233200,0.0,0.0,AAPL
2012-09-13 00:00:00-04:00,20.40225375451082,20.647128162336422,20.323942072458006,20.571226119995117,598360000,0.0,0.0,AAPL
2012-09-14 00:00:00-04:00,20.781466759098805,20.992907050368757,20.719116918632647,20.821224212646484,600474000,0.0,0.0,AAPL
2012-09-17 00:00:00-04:00,21.064299211215502,21.077853040317652,20.92153199686323,21.077251434326172,398031200,0.0,0.0,AAPL
2012-09-18 00:00:00-04:00,21.080250260781558,21.154043465588423,20.976035757025212,21.141393661499023,373503200,0.0,0.0,AAPL
2012-09-19 00:00:00-04:00,21.091697508714944,21.204043343487754,21.070914767881852,21.147117614746094,326874800,0.0,0.0,AAPL
2012-09-20 00:00:00-04:00,21.058564784078854,21.085674036530783,20.8917012467948,21.044710159301758,336568400,0.0,0.0,AAPL
2012-09-21 00:00:00-04:00,21.156456322218546,21.23657444125245,21.064590805764503,21.086578369140625,571589200,0.0,0.0,AAPL
2012-09-24 00:00:00-04:00,20.688091397145726,20.936881079004067,20.571828688480707,20.806461334228516,639766400,0.0,0.0,AAPL
2012-09-25 00:00:00-04:00,20.730254315746624,20.866397329863428,20.27062606742802,20.28689193725586,518789600,0.0,0.0,AAPL
2012-09-26 00:00:00-04:00,20.142322888104193,20.261296051493524,19.91521994163444,20.035097122192383,576503200,0.0,0.0,AAPL
2012-09-27 00:00:00-04:00,20.008291015554132,20.546832722161355,19.889618650659354,20.521230697631836,594090000,0.0,0.0,AAPL
2012-09-28 00:00:00-04:00,20.443817519229334,20.514900276181052,20.082379635697624,20.09292221069336,535110800,0.0,0.0,AAPL
2012-10-01 00:00:00-04:00,20.215212369699756,20.38358315684822,19.773656276667026,19.860702514648438,543594800,0.0,0.0,AAPL
2012-10-02 00:00:00-04:00,19.93359468113855,20.07033936443566,19.597457879705026,19.918535232543945,627992400,0.0,0.0,AAPL
2012-10-03 00:00:00-04:00,20.02545755910375,20.23629622883772,19.958290051982384,20.22394561767578,424281200,0.0,0.0,AAPL
2012-10-04 00:00:00-04:00,20.217913930696565,20.308273786265335,20.046232778829165,20.083881378173828,370725600,0.0,0.0,AAPL
2012-10-05 00:00:00-04:00,20.035698673549135,20.059793465598734,19.61643095417137,19.655887603759766,594006000,0.0,0.0,AAPL
2012-10-08 00:00:00-04:00,19.483901108302977,19.50438304582481,19.159510198980506,19.2215576171875,637994000,0.0,0.0,AAPL
2012-10-09 00:00:00-04:00,19.236015775302704,19.29143588094739,18.781206728482843,19.15167999267578,838597200,0.0,0.0,AAPL
2012-10-10 00:00:00-04:00,19.268853719642813,19.42668197658003,19.186325934221692,19.304094314575195,510356000,0.0,0.0,AAPL
2012-10-11 00:00:00-04:00,19.4724588968091,19.49354244297468,18.91825294494629,18.91825294494629,546081200,0.0,0.0,AAPL
2012-10-12 00:00:00-04:00,18.962223085838122,19.13752033207065,18.833913808256764,18.96674156188965,460014800,0.0,0.0,AAPL
2012-10-15 00:00:00-04:00,19.046264215122132,19.129996799126854,18.79024557414147,19.118852615356445,432502000,0.0,0.0,AAPL
2012-10-16 00:00:00-04:00,19.137217640694857,19.586906499133352,19.005593111189544,19.571544647216797,549771600,0.0,0.0,AAPL
2012-10-17 00:00:00-04:00,19.543843995684593,19.661913150270205,19.39715996111365,19.4155330657959,389037600,0.0,0.0,AAPL
2012-10-18 00:00:00-04:00,19.264329534143865,19.338724351384894,18.975479981998856,19.054996490478516,476624400,0.0,0.0,AAPL
2012-10-19 00:00:00-04:00,19.00710802595758,19.028793178775064,18.361639744615985,18.368267059326172,744086000,0.0,0.0,AAPL
2012-10-22 00:00:00-04:00,18.445979217883895,19.137529994294578,18.395979979001943,19.09686851501465,546730800,0.0,0.0,AAPL
2012-10-23 00:00:00-04:00,19.00560175267659,19.092950408389502,18.424291317563704,18.474288940429688,707145600,0.0,0.0,AAPL
2012-10-24 00:00:00-04:00,18.71764791635942,18.871559184278127,18.392353084874625,18.578794479370117,558527200,0.0,0.0,AAPL
2012-10-25 00:00:00-04:00,18.674285192110585,18.734526202020845,18.23905394908203,18.35923194885254,656325600,0.0,0.0,AAPL
2012-10-26 00:00:00-04:00,18.35591554018548,18.49356421648657,17.80080879205792,18.192365646362305,1018432800,0.0,0.0,AAPL
2012-10-31 00:00:00-04:00,17.9176685377582,18.13091680067049,17.70140902985706,17.93092155456543,510003200,0.0,0.0,AAPL
2012-11-01 00:00:00-04:00,18.018269354765568,18.16224129491808,17.896284973130026,17.967668533325195,361298000,0.0,0.0,AAPL
2012-11-02 00:00:00-04:00,17.948091070872614,17.980017991096894,17.311359091790653,17.373104095458984,599373600,0.0,0.0,AAPL
2012-11-05 00:00:00-05:00,17.57551083463986,17.70351933174157,17.397200703779653,17.608642578125,529135600,0.0,0.0,AAPL
2012-11-06 00:00:00-05:00,17.777619400417937,17.79297965179903,17.47220471312352,17.555334091186523,374917200,0.0,0.0,AAPL
2012-11-07 00:00:00-05:00,17.36289197249016,17.384071811822746,16.815535245745025,16.883615493774414,793648800,0.094643,0.0,AAPL
2012-11-08 00:00:00-05:00,16.963195023493064,17.011607941976553,16.196474010073658,16.270906448364258,1056146000,0.0,0.0,AAPL
2012-11-09 00:00:00-05:00,16.3516902391191,16.789211377943264,16.148965233039164,16.55259895324707,929913600,0.0,0.0,AAPL
2012-11-12 00:00:00-05:00,16.767131159721924,16.777721891898967,16.298141414455586,16.424617767333984,515802000,0.0,0.0,AAPL
2012-11-13 00:00:00-05:00,16.306011807033425,16.65608936890513,16.22885490178262,16.426738739013672,532949200,0.0,0.0,AAPL
2012-11-14 00:00:00-05:00,16.505404010374118,16.564406049742907,16.22340519087517,16.244585037231445,477170400,0.0,0.0,AAPL
2012-11-15 00:00:00-05:00,16.264256734673467,16.32386314358058,15.813119584514451,15.903890609741211,789910800,0.0,0.0,AAPL
2012-11-16 00:00:00-05:00,15.89117387922706,16.036409375136177,15.302667782500059,15.966212272644043,1266893600,0.0,0.0,AAPL
2012-11-19 00:00:00-05:00,16.360462457216563,17.17105696315978,16.33534947732325,17.117502212524414,823317600,0.0,0.0,AAPL
2012-11-20 00:00:00-05:00,17.304498668364943,17.30570899125941,16.78013798974467,16.97166633605957,642754000,0.0,0.0,AAPL
2012-11-21 00:00:00-05:00,17.072728011415602,17.167129968231656,16.841257386592623,16.99557113647461,373002000,0.0,0.0,AAPL
2012-11-23 00:00:00-05:00,17.16107755421872,17.307221213526503,17.022801801558103,17.292091369628906,272826400,0.0,0.0,AAPL
2012-11-26 00:00:00-05:00,17.42522491322757,17.851853214486752,17.35896094911276,17.83763313293457,630579600,0.0,0.0,AAPL
2012-11-27 00:00:00-05:00,17.83823796672233,17.864562893404646,17.552306053294323,17.693910598754883,533330000,0.0,0.0,AAPL
2012-11-28 00:00:00-05:00,17.466672784653415,17.724768826568862,17.315083515289412,17.638233184814453,520864400,0.0,0.0,AAPL
2012-11-29 00:00:00-05:00,17.858507944056264,17.980443507960672,17.70812898975647,17.83248519897461,514698800,0.0,0.0,AAPL
2012-11-30 00:00:00-05:00,17.754724342683456,17.803439426615473,17.63036651506412,17.709035873413086,391319600,0.0,0.0,AAPL
2012-12-03 00:00:00-05:00,17.962299235873438,17.99074102452522,17.71570031541472,17.7365779876709,364280000,0.0,0.0,AAPL
2012-12-04 00:00:00-05:00,17.603740939998346,17.603740939998346,17.311153082141235,17.423709869384766,557068400,0.0,0.0,AAPL
2012-12-05 00:00:00-05:00,17.21373205791897,17.22401899814281,16.301773638536964,16.302379608154297,1044638000,0.0,0.0,AAPL
2012-12-06 00:00:00-05:00,16.004339525349273,16.741710603625737,15.692384844650658,16.55805015563965,1177212400,0.0,0.0,AAPL
2012-12-07 00:00:00-05:00,16.744430526580775,16.798893428730096,16.036407950885394,16.13474464416504,787040800,0.0,0.0,AAPL
2012-12-10 00:00:00-05:00,15.885120540956326,16.293897707513658,15.781640382549572,16.030961990356445,630484400,0.0,0.0,AAPL
2012-12-11 00:00:00-05:00,16.332025213674672,16.62824566745886,16.2594074595882,16.38104248046875,592345600,0.0,0.0,AAPL
2012-12-12 00:00:00-05:00,16.57407786870752,16.581037626691526,16.22611905602767,16.3087215423584,487144000,0.0,0.0,AAPL
2012-12-13 00:00:00-05:00,16.07121457242145,16.2675859174206,15.909336637972993,16.02703857421875,625259600,0.0,0.0,AAPL
2012-12-14 00:00:00-05:00,15.574986402298968,15.677256265420969,15.297526739837878,15.424909591674805,1009579200,0.0,0.0,AAPL
2012-12-17 00:00:00-05:00,15.398888137764487,15.733837324173082,15.165906635614242,15.69843578338623,757607200,0.0,0.0,AAPL
2012-12-18 00:00:00-05:00,15.885125825631144,16.184673497106846,15.741402796946321,16.154417037963867,625685200,0.0,0.0,AAPL
2012-12-19 00:00:00-05:00,16.080891161641944,16.148365457233496,15.900254088957842,15.924762725830078,449369200,0.0,0.0,AAPL
2012-12-20 00:00:00-05:00,16.03641446263069,16.042466078206605,15.6999527162033,15.786186218261719,481689600,0.0,0.0,AAPL
2012-12-21 00:00:00-05:00,15.506000427655572,15.72385371751861,15.43852613308203,15.713566780090332,596268400,0.0,0.0,AAPL
2012-12-24 00:00:00-05:00,15.744427554101344,15.862429993117145,15.69480431685744,15.738980293273926,175753200,0.0,0.0,AAPL
2012-12-26 00:00:00-05:00,15.703581114583914,15.717500637521333,15.465153939068106,15.522037506103516,302436400,0.0,0.0,AAPL
2012-12-27 00:00:00-05:00,15.538373576495326,15.620371737521461,15.269688367870476,15.584365844726562,455120400,0.0,0.0,AAPL
2012-12-28 00:00:00-05:00,15.440041897976082,15.566820416524623,15.37438227291002,15.41886043548584,354278400,0.0,0.0,AAPL
2012-12-31 00:00:00-05:00,15.447307018262265,16.199809894165902,15.401014164594438,16.10207748413086,659492400,0.0,0.0,AAPL
2013-01-02 00:00:00-05:00,16.75714266583897,16.792846384994757,16.388306037427718,16.61220932006836,560518000,0.0,0.0,AAPL
2013-01-03 00:00:00-05:00,16.5774106348578,16.63157136489985,16.369239973770377,16.402523040771484,352965200,0.0,0.0,AAPL
2013-01-04 00:00:00-05:00,16.247303793387342,16.297531381661194,15.91023616499821,15.945637702941895,594333600,0.0,0.0,AAPL
2013-01-07 00:00:00-05:00,15.794349544260134,16.01522778514134,15.588599529433179,15.851839065551758,484156400,0.0,0.0,AAPL
2013-01-08 00:00:00-05:00,16.012507654708184,16.093597674732802,15.771659856401827,15.894503593444824,458707200,0.0,0.0,AAPL
2013-01-09 00:00:00-05:00,15.809484060476429,15.885430629501855,15.612508403026432,15.646095275878906,407604400,0.0,0.0,AAPL
2013-01-10 00:00:00-05:00,15.992529287565,15.997672753169315,15.598276104528036,15.840033531188965,601146000,0.0,0.0,AAPL
2013-01-11 00:00:00-05:00,15.76409308580585,15.894804707792176,15.704182919096208,15.742913246154785,350506800,0.0,0.0,AAPL
2013-01-14 00:00:00-05:00,15.209779567536271,15.355621060027968,15.08360703504157,15.181641578674316,734207600,0.0,0.0,AAPL
2013-01-15 00:00:00-05:00,15.077249393756844,15.09812705546198,14.625808741417393,14.70266342163086,876772400,0.0,0.0,AAPL
2013-01-16 00:00:00-05:00,14.966511296520794,15.414321100634567,14.90176144139876,15.312957763671875,690804800,0.0,0.0,AAPL
2013-01-17 00:00:00-05:00,15.440640529741364,15.453954079084323,15.19011020123271,15.209775924682617,453678400,0.0,0.0,AAPL
2013-01-18 00:00:00-05:00,15.083911624041205,15.195864091628657,15.01976611295806,15.128693580627441,472922800,0.0,0.0,AAPL
2013-01-22 00:00:00-05:00,15.266667905136632,15.367121499549098,15.026726580919961,15.273021697998047,461546400,0.0,0.0,AAPL
2013-01-23 00:00:00-05:00,15.395260177597114,15.58225106208341,15.273020772848199,15.55259895324707,861509600,0.0,0.0,AAPL
2013-01-24 00:00:00-05:00,13.918393404256763,14.091768503812592,13.623383291196983,13.630949020385742,1460852400,0.0,0.0,AAPL
2013-01-25 00:00:00-05:00,13.666953305151033,13.804320882480853,13.161957100303745,13.309613227844238,1208026400,0.0,0.0,AAPL
2013-01-28 00:00:00-05:00,13.247588796837285,13.712946622714846,13.187981608223845,13.610676765441895,785517600,0.0,0.0,AAPL
2013-01-29 00:00:00-05:00,13.873007619297676,13.92444553053223,13.679965171766458,13.866047859191895,571158000,0.0,0.0,AAPL
2013-01-30 00:00:00-05:00,13.82762080844698,13.997062762954402,13.751978059849383,13.822477340698242,417155200,0.0,0.0,AAPL
2013-01-31 00:00:00-05:00,13.827019821626083,13.896610973369723,13.766505284830291,13.781935691833496,319334400,0.0,0.0,AAPL
2013-02-01 00:00:00-05:00,13.891468361954551,13.902663446918188,13.565899519845212,13.72535514831543,539484400,0.0,0.0,AAPL
2013-02-04 00:00:00-05:00,13.734127372585691,13.795550049540225,13.373762202600899,13.383444786071777,477117200,0.0,0.0,AAPL
2013-02-05 00:00:00-05:00,13.43578742191285,13.910526400685532,13.380416370421392,13.853036880493164,573347600,0.0,0.0,AAPL
2013-02-06 00:00:00-05:00,13.811582056098398,14.115062760165948,13.693880207905433,13.83820915222168,593706400,0.0,0.0,AAPL
2013-02-07 00:00:00-05:00,14.09841942334279,14.303845613517824,13.82055851846453,14.249674797058105,704580800,0.094643,0.0,AAPL
2013-02-08 00:00:00-05:00,14.425586036544201,14.571971948868546,14.250590954967285,14.455410957336426,633158400,0.0,0.0,AAPL
2013-02-11 00:00:00-05:00,14.501668048483635,14.758529664871567,14.402759845266196,14.60605525970459,517490400,0.0,0.0,AAPL
2013-02-12 00:00:00-05:00,14.59327087467413,14.680616420442917,14.235066368889033,14.239935874938965,609053200,0.0,0.0,AAPL
2013-02-13 00:00:00-05:00,14.218944132212963,14.41463304145841,14.097513604562097,14.212857246398926,475207600,0.0,0.0,AAPL
2013-02-14 00:00:00-05:00,14.137071405696473,14.353759570493237,14.121855010442777,14.200069427490234,355275200,0.0,0.0,AAPL
2013-02-15 00:00:00-05:00,14.268850328381948,14.308719823827076,13.99707787288338,14.004382133483887,391745200,0.0,0.0,AAPL
2013-02-19 00:00:00-05:00,14.032989153324657,14.082596035724107,13.812344904893324,13.99920654296875,435783600,0.0,0.0,AAPL
2013-02-20 00:00:00-05:00,13.92921003544095,13.92921003544095,13.65865333723309,13.660176277160645,476302400,0.0,0.0,AAPL
2013-02-21 00:00:00-05:00,13.573436958594796,13.66991282889109,13.476657963170082,13.575263023376465,447182400,0.0,0.0,AAPL
2013-02-22 00:00:00-05:00,13.672351579110114,13.743869626296435,13.59170158000987,13.719827651977539,330654800,0.0,0.0,AAPL
2013-02-25 00:00:00-05:00,13.812344882670265,13.850995374513946,13.469051961769289,13.476052284240723,372579200,0.0,0.0,AAPL
2013-02-26 00:00:00-05:00,13.507092548261618,13.742041357957756,13.319621426350208,13.663826942443848,501499600,0.0,0.0,AAPL
2013-02-27 00:00:00-05:00,13.647395154926091,13.769435160671565,13.410621843030658,13.529921531677246,587350400,0.0,0.0,AAPL
2013-02-28 00:00:00-05:00,13.514092234397902,13.630348444499438,13.433443069458008,13.433443069458008,322515200,0.0,0.0,AAPL
2013-03-01 00:00:00-05:00,13.329971340072928,13.335450348728733,13.085893775745879,13.10080623626709,552448400,0.0,0.0,AAPL
2013-03-04 00:00:00-05:00,13.019547310248825,13.031721078887866,12.751730901535003,12.783686637878418,582755600,0.0,0.0,AAPL
2013-03-05 00:00:00-05:00,12.827205663283813,13.244451393207177,12.804988943546354,13.121194839477539,638433600,0.0,0.0,AAPL
2013-03-06 00:00:00-05:00,13.223754748812919,13.246276215582476,12.916982351457635,12.954416275024414,460250000,0.0,0.0,AAPL
2013-03-07 00:00:00-05:00,12.91911546931981,13.147673493677328,12.814423502601027,13.10415267944336,468473600,0.0,0.0,AAPL
2013-03-08 00:00:00-05:00,13.08041109122928,13.251752359483918,13.044194547628186,13.138843536376953,391482000,0.0,0.0,AAPL
2013-03-11 00:00:00-04:00,13.07888990551995,13.360706889561179,12.938590101777342,13.326011657714844,474236000,0.0,0.0,AAPL
2013-03-12 00:00:00-04:00,13.25692657788716,13.35674901000717,13.012543534895187,13.038716316223145,465911600,0.0,0.0,AAPL
2013-03-13 00:00:00-04:00,13.039331562910881,13.223454552023092,12.945291221226398,13.036287307739258,405549200,0.0,0.0,AAPL
2013-03-14 00:00:00-04:00,13.172627397544401,13.227712475794693,13.100195107156393,13.162585258483887,303875600,0.0,0.0,AAPL
2013-03-15 00:00:00-04:00,13.327838424676003,13.519571179008937,13.307143022133543,13.50222396850586,643960800,0.0,0.0,AAPL
2013-03-18 00:00:00-04:00,13.434964373130354,13.922207554235834,13.427356176016621,13.869254112243652,606197200,0.0,0.0,AAPL
2013-03-19 00:00:00-04:00,13.984298362365168,14.029037376900657,13.649527788221654,13.831827163696289,526775200,0.0,0.0,AAPL
2013-03-20 00:00:00-04:00,13.92099361005906,13.927384431450733,13.682696588818274,13.758476257324219,308660800,0.0,0.0,AAPL
2013-03-21 00:00:00-04:00,13.701868882141756,13.938033431511593,13.698216752491552,13.7782564163208,383255600,0.0,0.0,AAPL
2013-03-22 00:00:00-04:00,13.834562021076392,14.06342234994907,13.789824644278053,14.05764102935791,395105200,0.0,0.0,AAPL
2013-03-25 00:00:00-04:00,14.142245224506413,14.302327818077067,14.05368391639532,14.108464241027832,501135600,0.0,0.0,AAPL
2013-03-26 00:00:00-04:00,14.1650703233006,14.177244090394543,14.01564180189661,14.03420639038086,294294000,0.0,0.0,AAPL
2013-03-27 00:00:00-04:00,13.891776569027341,13.902123458391378,13.71739101237541,13.758476257324219,331237200,0.0,0.0,AAPL
2013-03-28 00:00:00-04:00,13.689695851878495,13.750563057315073,13.440139334386963,13.471790313720703,442839600,0.0,0.0,AAPL
2013-04-01 00:00:00-04:00,13.448659339191723,13.50344047088361,13.017718608244174,13.053325653076172,389732000,0.0,0.0,AAPL
2013-04-02 00:00:00-04:00,13.013458352059004,13.334228957865685,12.976937054242738,13.080107688903809,529519200,0.0,0.0,AAPL
2013-04-03 00:00:00-04:00,13.128192963676582,13.308056705603923,13.095933295317618,13.147062301635742,363216000,0.0,0.0,AAPL
2013-04-04 00:00:00-04:00,13.200932423046062,13.238669478234613,12.941940793077828,13.017111778259277,358447600,0.0,0.0,AAPL
2013-04-05 00:00:00-04:00,12.919114050126534,12.93280994394599,12.772423412621002,12.87955093383789,383695200,0.0,0.0,AAPL
2013-04-08 00:00:00-04:00,12.929768026214434,13.010417213199942,12.857945227981947,12.971158027648926,300829200,0.0,0.0,AAPL
2013-04-09 00:00:00-04:00,12.975723184496825,13.040850407787827,12.865856955757653,12.99459171295166,306614000,0.0,0.0,AAPL
2013-04-10 00:00:00-04:00,13.028679205840174,13.30136596751884,12.965072476042895,13.259671211242676,375928000,0.0,0.0,AAPL
2013-04-11 00:00:00-04:00,13.199712531209151,13.329664642562888,13.123019428595931,13.218277931213379,328364400,0.0,0.0,AAPL
2013-04-12 00:00:00-04:00,13.212801806546848,13.212801806546848,13.058807692071895,13.080415725708008,238613200,0.0,0.0,AAPL
2013-04-15 00:00:00-04:00,12.995197249918162,13.022283471853232,12.768466149558218,12.777596473693848,317520000,0.0,0.0,AAPL
2013-04-16 00:00:00-04:00,12.829941965730058,12.98332734698026,12.79950836478889,12.972067832946777,305771200,0.0,0.0,AAPL
2013-04-17 00:00:00-04:00,12.790381762250972,12.800425527998309,12.115970401134419,12.25870418548584,945056000,0.0,0.0,AAPL
2013-04-18 00:00:00-04:00,12.32535191917442,12.349698638067487,11.86123725714196,11.931539535522461,666299200,0.0,0.0,AAPL
2013-04-19 00:00:00-04:00,11.807370129729104,12.16131466645346,11.720024575060275,11.88528060913086,609274400,0.0,0.0,AAPL
2013-04-22 00:00:00-04:00,11.949496735984429,12.240444100957575,11.907803612476803,12.133011817932129,429920400,0.0,0.0,AAPL
2013-04-23 00:00:00-04:00,12.294915654911213,12.428519869913243,12.137268662443974,12.360044479370117,664238400,0.0,0.0,AAPL
2013-04-24 00:00:00-04:00,11.97688471453906,12.637599956731927,11.945232925834073,12.339653968811035,969651200,0.0,0.0,AAPL
2013-04-25 00:00:00-04:00,12.515259122414664,12.597734362692636,12.386524379911348,12.428523063659668,384837600,0.0,0.0,AAPL
2013-04-26 00:00:00-04:00,12.472041114807343,12.744726953420379,12.424564243286435,12.696946144104004,764097600,0.0,0.0,AAPL
2013-04-29 00:00:00-04:00,12.795861743888752,13.196674610660803,12.782166658202765,13.090156555175781,640326400,0.0,0.0,AAPL
2013-04-30 00:00:00-04:00,13.241710368820305,13.55061276236946,13.149496126330872,13.475440979003906,691538400,0.0,0.0,AAPL
2013-05-01 00:00:00-04:00,13.52657063354876,13.54087440244364,13.220103791012196,13.36922836303711,506909200,0.0,0.0,AAPL
2013-05-02 00:00:00-04:00,13.44501285421137,13.652266015042636,13.410014482956608,13.558835983276367,421828400,0.0,0.0,AAPL
2013-05-03 00:00:00-04:00,13.735044384508665,13.793478476027508,13.66930765688629,13.694568634033203,361300800,0.0,0.0,AAPL
2013-05-06 00:00:00-04:00,13.868947729437846,14.066463406261011,13.826341177984684,14.0211181640625,496641600,0.0,0.0,AAPL
2013-05-07 00:00:00-04:00,14.150768371180455,14.174506406031867,13.807780179290393,13.958731651306152,483753200,0.0,0.0,AAPL
2013-05-08 00:00:00-04:00,13.970294922411346,14.162941129620059,13.871994597489742,14.116376876831055,472598000,0.0,0.0,AAPL
2013-05-09 00:00:00-04:00,14.086353625241165,14.184079166286722,13.956766786271226,13.9932222366333,398487600,0.108929,0.0,AAPL
2013-05-10 00:00:00-04:00,14.029984199543229,14.083289779715347,13.800526917618212,13.876808166503906,334852000,0.0,0.0,AAPL
2013-05-13 00:00:00-04:00,13.832081208616117,14.027839869663445,13.831775259016318,13.931032180786133,316948800,0.0,0.0,AAPL
2013-05-14 00:00:00-04:00,13.903772219288008,13.945129417999581,13.545339891598552,13.597726821899414,447118000,0.0,0.0,AAPL
2013-05-15 00:00:00-04:00,13.453738532852592,13.510106886871684,12.939067467086256,13.13788890838623,741613600,0.0,0.0,AAPL
2013-05-16 00:00:00-04:00,12.966029141776186,13.413608993252184,12.83307273330338,13.313431739807129,603204000,0.0,0.0,AAPL
2013-05-17 00:00:00-04:00,13.450369165897564,13.48222964894841,13.204062526046949,13.272991180419922,427904400,0.0,0.0,AAPL
2013-05-20 00:00:00-04:00,13.231629358346469,13.657151986780349,13.176179686560696,13.569229125976562,451578400,0.0,0.0,AAPL
2013-05-21 00:00:00-04:00,13.422798150337934,13.647353741503943,13.30178933704098,13.469057083129883,456022000,0.0,0.0,AAPL
2013-05-22 00:00:00-04:00,13.603546318028526,13.735278100156398,13.424942883554657,13.520831108093262,443038400,0.0,0.0,AAPL
2013-05-23 00:00:00-04:00,13.355400039147263,13.668185272853556,13.350498300661746,13.545031547546387,353021200,0.0,0.0,AAPL
2013-05-24 00:00:00-04:00,13.505512323068896,13.652867153059008,13.490501158186207,13.637243270874023,276166800,0.0,0.0,AAPL
2013-05-28 00:00:00-04:00,13.7827627280056,13.819830084950599,13.50551424462341,13.523588180541992,386145200,0.0,0.0,AAPL
2013-05-29 00:00:00-04:00,13.479471121272162,13.709235182166177,13.461089603738051,13.631114959716797,330576400,0.0,0.0,AAPL
2013-05-30 00:00:00-04:00,13.652558678397282,13.923680733458397,13.617634614580114,13.83422565460205,353519600,0.0,0.0,AAPL
2013-05-31 00:00:00-04:00,13.862408347813805,14.00333166688718,13.770504040544797,13.77755069732666,384302800,0.0,0.0,AAPL
2013-06-03 00:00:00-04:00,13.808187304913158,13.858122537968503,13.555447553125633,13.807881355285645,372352400,0.0,0.0,AAPL
2013-06-04 00:00:00-04:00,13.884469965975775,13.921538957476137,13.705867353619958,13.764686584472656,292728800,0.0,0.0,AAPL
2013-06-05 00:00:00-04:00,13.652561303278814,13.80788228668851,13.593129357054607,13.636018753051758,290589600,0.0,0.0,AAPL
2013-06-06 00:00:00-04:00,13.64704583913035,13.693917482564725,13.297192463282826,13.432292938232422,416934000,0.0,0.0,AAPL
2013-06-07 00:00:00-04:00,13.372251713686087,13.578732575508031,13.25798196021467,13.534924507141113,404535600,0.0,0.0,AAPL
2013-06-10 00:00:00-04:00,13.624377325630835,13.757639668604511,13.381441030686998,13.445467948913574,450153200,0.0,0.0,AAPL
2013-06-11 00:00:00-04:00,13.348966477687375,13.564024520341396,13.274828503577668,13.405946731567383,286112400,0.0,0.0,AAPL
2013-06-12 00:00:00-04:00,13.464155162042173,13.517766699041069,13.219073148863961,13.240211486816406,265227200,0.0,0.0,AAPL
2013-06-13 00:00:00-04:00,13.249710336654967,13.391856675055973,13.13482787587019,13.355707168579102,285832400,0.0,0.0,AAPL
2013-06-14 00:00:00-04:00,13.338549328204465,13.365814836657243,13.127165968342549,13.174651145935059,271866000,0.0,0.0,AAPL
2013-06-17 00:00:00-04:00,13.217232135025604,13.347737620256705,13.184146225839594,13.234387397766113,259414400,0.0,0.0,AAPL
2013-06-18 00:00:00-04:00,13.22091424986263,13.323235608255242,13.179557049711553,13.227347373962402,195025600,0.0,0.0,AAPL
2013-06-19 00:00:00-04:00,13.21600525544535,13.223970577797052,12.958670616149902,12.958670616149902,310940000,0.0,0.0,AAPL
2013-06-20 00:00:00-04:00,12.845322986275804,13.049964813782188,12.718799742054028,12.769960403442383,357310800,0.0,0.0,AAPL
2013-06-21 00:00:00-04:00,12.820511912584177,12.86677167001825,12.50221297575827,12.667642593383789,481118400,0.0,0.0,AAPL
2013-06-24 00:00:00-04:00,12.480763760924065,12.519364126153334,12.194324607678858,12.331876754760742,480746000,0.0,0.0,AAPL
2013-06-25 00:00:00-04:00,12.428684828149102,12.492711731917609,12.218220964322935,12.334634780883789,314162800,0.0,0.0,AAPL
2013-06-26 00:00:00-04:00,12.373544133204103,12.400809646903967,12.12111030533076,12.194941520690918,367724000,0.0,0.0,AAPL
2013-06-27 00:00:00-04:00,12.231090031881985,12.296648330414962,12.056162919743235,12.063514709472656,337246000,0.0,0.0,AAPL
2013-06-28 00:00:00-04:00,11.989381375245785,12.26234005400314,11.913099277504463,12.147765159606934,578516400,0.0,0.0,AAPL
2013-07-01 00:00:00-04:00,12.336476901472345,12.629961997129179,12.291442580762004,12.536523818969727,391053600,0.0,0.0,AAPL
2013-07-02 00:00:00-04:00,12.559192918113455,12.916704897002056,12.544181752286304,12.820509910583496,469865200,0.0,0.0,AAPL
2013-07-03 00:00:00-04:00,12.893117372843744,12.958064601411435,12.788651915746483,12.891279220581055,240928800,0.0,0.0,AAPL
2013-07-05 00:00:00-04:00,12.878716550701911,12.967558100585546,12.72431507106768,12.787729263305664,274024800,0.0,0.0,AAPL
2013-07-08 00:00:00-04:00,12.870137222354577,12.897401911035002,12.580327709353455,12.71512222290039,298138400,0.0,0.0,AAPL
2013-07-09 00:00:00-04:00,12.670703096865152,12.973990772127035,12.572058074102587,12.938760757446289,352584400,0.0,0.0,AAPL
2013-07-10 00:00:00-04:00,12.854516148434879,13.013819395207534,12.81315895231378,12.88913345336914,281405600,0.0,0.0,AAPL
2013-07-11 00:00:00-04:00,12.957144836787844,13.119511677634096,12.902614623598822,13.09010124206543,326292400,0.0,0.0,AAPL
2013-07-12 00:00:00-04:00,13.101129096085902,13.166688217312261,12.97123628834946,13.066205024719238,279563200,0.0,0.0,AAPL
2013-07-15 00:00:00-04:00,13.020249951002047,13.21784593756351,13.013816011154955,13.09469223022461,241917200,0.0,0.0,AAPL
2013-07-16 00:00:00-04:00,13.066509510963515,13.194870919952109,12.994517274563231,13.179247856140137,216538000,0.0,0.0,AAPL
2013-07-17 00:00:00-04:00,13.163931488693493,13.241132240255038,13.11859122192688,13.182618141174316,198990400,0.0,0.0,AAPL
2013-07-18 00:00:00-04:00,13.27666397688892,13.32231017875529,13.191805512432495,13.227035522460938,218878800,0.0,0.0,AAPL
2013-07-19 00:00:00-04:00,13.268090681444697,13.295049426721723,13.000032976927157,13.018414497375488,268721600,0.0,0.0,AAPL
2013-07-22 00:00:00-04:00,13.156578604666208,13.165462597210508,13.034344356604091,13.060077667236328,207796400,0.0,0.0,AAPL
2013-07-23 00:00:00-04:00,13.050580893778541,13.079990508364597,12.827250738276566,12.83582878112793,369395600,0.0,0.0,AAPL
2013-07-24 00:00:00-04:00,13.446691407298259,13.620086302357679,13.334260652789542,13.495095252990723,591936800,0.0,0.0,AAPL
2013-07-25 00:00:00-04:00,13.500915532173725,13.522359816815904,13.351109035123743,13.433517456054688,229493600,0.0,0.0,AAPL
2013-07-26 00:00:00-04:00,13.335487466617757,13.51133324891519,13.30607785302173,13.509801864624023,200152400,0.0,0.0,AAPL
2013-07-29 00:00:00-04:00,13.503980373057564,13.785517843368524,13.485599671692444,13.718120574951172,248057600,0.0,0.0,AAPL
2013-07-30 00:00:00-04:00,13.784600208782733,14.004867613381878,13.762236432852658,13.887535095214844,309422400,0.0,0.0,AAPL
2013-07-31 00:00:00-04:00,13.93869521338518,14.010686641370317,13.768363056299036,13.86333179473877,322957600,0.0,0.0,AAPL
2013-08-01 00:00:00-04:00,13.96197490513512,13.994140513799632,13.885692020904047,13.990464210510254,206250800,0.0,0.0,AAPL
2013-08-02 00:00:00-04:00,14.031212785382886,14.179487113957213,13.98985559075323,14.169989585876465,274783600,0.0,0.0,AAPL
2013-08-05 00:00:00-04:00,14.235850405651744,14.419048740380344,14.158037782968668,14.381673812866211,318855600,0.0,0.0,AAPL
2013-08-06 00:00:00-04:00,14.337869094673438,14.456427025703578,14.15865297070691,14.253009796142578,334857600,0.0,0.0,AAPL
2013-08-07 00:00:00-04:00,14.208589074945953,14.306622210099345,14.146399494006424,14.244738578796387,298858000,0.0,0.0,AAPL
2013-08-08 00:00:00-04:00,14.30425245300045,14.311653606466745,14.122001930962037,14.216365814208984,255777200,0.108929,0.0,AAPL
2013-08-09 00:00:00-04:00,14.143286166620818,14.199410782082463,13.989408310883896,14.014077186584473,266865200,0.0,0.0,AAPL
2013-08-12 00:00:00-04:00,14.088394430939683,14.451966728886346,14.08130124512303,14.412187576293945,364434000,0.0,0.0,AAPL
2013-08-13 00:00:00-04:00,14.522590499652845,15.254055149567998,14.433468633400999,15.097092628479004,881941200,0.0,0.0,AAPL
2013-08-14 00:00:00-04:00,15.353348210371545,15.54978188468223,15.215196584270297,15.372467041015625,756372400,0.0,0.0,AAPL
2013-08-15 00:00:00-04:00,15.308327003560766,15.492735053990137,15.081979062155586,15.354273796081543,490294000,0.0,0.0,AAPL
2013-08-16 00:00:00-04:00,15.423345638315554,15.50938283376035,15.38356648708142,15.490571975708008,362306000,0.0,0.0,AAPL
2013-08-19 00:00:00-04:00,15.552559672876209,15.842431763412355,15.542075522860852,15.657407760620117,510518400,0.0,0.0,AAPL
2013-08-20 00:00:00-04:00,15.718155978932383,15.74467596643134,15.444010157715779,15.451719284057617,358688400,0.0,0.0,AAPL
2013-08-21 00:00:00-04:00,15.529424812423718,15.639205305568414,15.455722887264155,15.491495132446289,335879600,0.0,0.0,AAPL
2013-08-22 00:00:00-04:00,15.572282893527275,15.591093741778666,15.363204481860418,15.509990692138672,244207600,0.0,0.0,AAPL
2013-08-23 00:00:00-04:00,15.519557142159313,15.522024193636277,15.398674913581706,15.450173377990723,222731600,0.0,0.0,AAPL
2013-08-26 00:00:00-04:00,15.44184650402493,15.733261604241038,15.434137379965254,15.510306358337402,330965600,0.0,0.0,AAPL
2013-08-27 00:00:00-04:00,15.357043962368168,15.49612276285088,14.996246719377114,15.066864013671875,424188800,0.0,0.0,AAPL
2013-08-28 00:00:00-04:00,14.986997811708113,15.289205083357968,14.986997811708113,15.138100624084473,307608000,0.0,0.0,AAPL
2013-08-29 00:00:00-04:00,15.161224961359649,15.310786231787873,15.145189128887127,15.162766456604004,239657600,0.0,0.0,AAPL
2013-08-30 00:00:00-04:00,15.172024221884277,15.201319232913205,15.002418492695265,15.024621963500977,272297200,0.0,0.0,AAPL
2013-09-03 00:00:00-04:00,15.205940137065419,15.437220447593086,15.028625342120664,15.06655502319336,331928800,0.0,0.0,AAPL
2013-09-04 00:00:00-04:00,15.405153156133935,15.48779774790059,15.304005675114192,15.378323554992676,345032800,0.0,0.0,AAPL
2013-09-05 00:00:00-04:00,15.426430120724097,15.439690935599613,15.222593675475382,15.272858619689941,236367600,0.0,0.0,AAPL
2013-09-06 00:00:00-04:00,15.370613874260188,15.399599259591561,15.108803381254571,15.363828659057617,359525600,0.0,0.0,AAPL
2013-09-09 00:00:00-04:00,15.572906634805387,15.66295237585581,15.52603429893524,15.608986854553223,340687200,0.0,0.0,AAPL
2013-09-10 00:00:00-04:00,15.60991790748377,15.648465192530068,15.094933030359204,15.253437042236328,743195600,0.0,0.0,AAPL
2013-09-11 00:00:00-04:00,14.401392782868442,14.6073866576081,14.333550508515822,14.422980308532715,898696400,0.0,0.0,AAPL
2013-09-12 00:00:00-04:00,14.447342476276841,14.660119938361316,14.370555897667963,14.57655143737793,404051200,0.0,0.0,AAPL
2013-09-13 00:00:00-04:00,14.473244683878434,14.55002961457988,14.330160616353718,14.336326599121094,298835600,0.0,0.0,AAPL
2013-09-16 00:00:00-04:00,14.216062872744056,14.23487208583623,13.791122218851392,13.880550384521484,543706800,0.0,0.0,AAPL
2013-09-17 00:00:00-04:00,13.813941160550854,14.176281592179167,13.799756435316938,14.040904998779297,399380800,0.0,0.0,AAPL
2013-09-18 00:00:00-04:00,14.283283862615564,14.381038715230083,14.20557339080148,14.329540252685547,456862000,0.0,0.0,AAPL
2013-09-19 00:00:00-04:00,14.51518335691483,14.673379339117353,14.470468457295013,14.564522743225098,404541200,0.0,0.0,AAPL
2013-09-20 00:00:00-04:00,14.740295897567341,14.757255642376412,14.370246386994967,14.413727760314941,699302800,0.0,0.0,AAPL
2013-09-23 00:00:00-04:00,15.29846104064153,15.3234395382402,14.882154943194,15.130088806152344,762106800,0.0,0.0,AAPL
2013-09-24 00:00:00-04:00,15.260827550366574,15.279020815373121,15.043116075075512,15.082587242126465,364344400,0.0,0.0,AAPL
2013-09-25 00:00:00-04:00,15.085672737116974,15.099239870786539,14.846065759988422,14.849148750305176,316957200,0.0,0.0,AAPL
2013-09-26 00:00:00-04:00,14.986999427090334,15.065941802993715,14.922240130864841,14.993782997131348,237221600,0.0,0.0,AAPL
2013-09-27 00:00:00-04:00,14.91853611741631,14.945981654853249,14.82417386367948,14.886774063110352,228040400,0.0,0.0,AAPL
2013-09-30 00:00:00-04:00,14.7171699597511,14.853162488811382,14.629591265105413,14.701751708984375,260156400,0.0,0.0,AAPL
2013-10-01 00:00:00-04:00,14.75417120220672,15.083823945073002,14.752012120515035,15.047435760498047,353883600,0.0,0.0,AAPL
2013-10-02 00:00:00-04:00,14.97558959163381,15.16585563678808,14.917615512853228,15.096779823303223,289184000,0.0,0.0,AAPL
2013-10-03 00:00:00-04:00,15.126074396153234,15.182816594116046,14.82479430644171,14.907129287719727,322753200,0.0,0.0,AAPL
2013-10-04 00:00:00-04:00,14.921004010770254,14.94382341600154,14.758799475505048,14.89540958404541,258868400,0.0,0.0,AAPL
2013-10-07 00:00:00-04:00,15.004265108597643,15.192064057129357,14.966951365289772,15.040961265563965,312292400,0.0,0.0,AAPL
2013-10-08 00:00:00-04:00,15.10849342469739,15.130080948695966,14.818623108936814,14.830958366394043,290917200,0.0,0.0,AAPL
2013-10-09 00:00:00-04:00,14.945060544617911,15.042197848588064,14.748934823970975,15.005193710327148,301725200,0.0,0.0,AAPL
2013-10-10 00:00:00-04:00,15.15105603134736,15.183742004363186,15.019070378632376,15.099247932434082,278602800,0.0,0.0,AAPL
2013-10-11 00:00:00-04:00,15.01752282157247,15.228758739589033,14.961090257491204,15.196996688842773,267738800,0.0,0.0,AAPL
2013-10-14 00:00:00-04:00,15.105105551418966,15.344095037636878,15.09030323944483,15.296605110168457,261898000,0.0,0.0,AAPL
2013-10-15 00:00:00-04:00,15.341930538842606,15.480391724594497,15.280565524185265,15.378010749816895,320073600,0.0,0.0,AAPL
2013-10-16 00:00:00-04:00,15.443086082626174,15.496743649264527,15.394980207376602,15.452954292297363,251101200,0.0,0.0,AAPL
2013-10-17 00:00:00-04:00,15.418107092836019,15.566126939349184,15.408856470015479,15.55749225616455,253593200,0.0,0.0,AAPL
2013-10-18 00:00:00-04:00,15.60344005944201,15.704277937603917,15.594805376608665,15.69286823272705,290542000,0.0,0.0,AAPL
2013-10-21 00:00:00-04:00,15.781679950109103,16.168073348049454,15.773970823841585,16.077411651611328,398106800,0.0,0.0,AAPL
2013-10-22 00:00:00-04:00,16.233139093436286,16.296047270661624,15.666346265080918,16.031461715698242,534063600,0.0,0.0,AAPL
2013-10-23 00:00:00-04:00,16.00463297943131,16.21032056284135,16.00463297943131,16.188425064086914,313723200,0.0,0.0,AAPL
2013-10-24 00:00:00-04:00,16.189657218573046,16.420013656168006,16.111022822900928,16.40274429321289,384764800,0.0,0.0,AAPL
2013-10-25 00:00:00-04:00,16.384546769113594,16.44344638751253,16.193047252062666,16.21925926208496,337792000,0.0,0.0,AAPL
2013-10-28 00:00:00-04:00,16.314237256379077,16.37468001639691,16.134455412435134,16.34014129638672,550440800,0.0,0.0,AAPL
2013-10-29 00:00:00-04:00,16.537195833341222,16.62909104725851,15.867098087597833,15.933089256286621,635807200,0.0,0.0,AAPL
2013-10-30 00:00:00-04:00,16.023446718785742,16.26737033408524,15.943577137382743,16.18657684326172,354163600,0.0,0.0,AAPL
2013-10-31 00:00:00-04:00,16.18965363189339,16.266438545114966,16.074629423457075,16.11872673034668,275696400,0.0,0.0,AAPL
2013-11-01 00:00:00-04:00,16.159433516991797,16.183486444414267,15.907183278407905,16.036392211914062,274890000,0.0,0.0,AAPL
2013-11-04 00:00:00-05:00,16.06938811767254,16.245779000541567,15.998770829342945,16.243619918823242,244627600,0.0,0.0,AAPL
2013-11-05 00:00:00-05:00,16.176703316038928,16.30961283021269,16.127979873579157,16.20353126525879,265213200,0.0,0.0,AAPL
2013-11-06 00:00:00-05:00,16.25782064325133,16.279843984004852,16.073266869901115,16.157634735107422,223375600,0.108929,0.0,AAPL
2013-11-07 00:00:00-05:00,16.116062973194147,16.22803491463026,15.892736969368528,15.896147727966309,262620400,0.0,0.0,AAPL
2013-11-08 00:00:00-05:00,15.96097683004011,16.164141443071696,15.899251867050832,16.146461486816406,279316800,0.0,0.0,AAPL
2013-11-11 00:00:00-05:00,16.12877899563757,16.180887896275863,15.955701643525467,16.09962272644043,227452400,0.0,0.0,AAPL
2013-11-12 00:00:00-05:00,16.056826114573983,16.250686159783488,16.036045160561272,16.12940788269043,204276800,0.0,0.0,AAPL
2013-11-13 00:00:00-05:00,16.0670554483148,16.198880691525144,16.03479652916076,16.148632049560547,197220800,0.0,0.0,AAPL
2013-11-14 00:00:00-05:00,16.21625197264825,16.4169351502449,16.187095695954632,16.3821964263916,282419200,0.0,0.0,AAPL
2013-11-15 00:00:00-05:00,16.333184560875086,16.411037317039725,16.268358615946642,16.28386688232422,317920400,0.0,0.0,AAPL
2013-11-18 00:00:00-05:00,16.28387371076354,16.35211209925433,16.073264672730847,16.08660125732422,244944000,0.0,0.0,AAPL
2013-11-19 00:00:00-05:00,16.09900954138065,16.23393583078411,16.066131073177537,16.11513900756836,208938800,0.0,0.0,AAPL
2013-11-20 00:00:00-05:00,16.105206891787176,16.14211895450464,15.953221891817368,15.974002838134766,193916800,0.0,0.0,AAPL
2013-11-21 00:00:00-05:00,16.054649675713513,16.16662328685719,15.932751898874205,16.164451599121094,262026800,0.0,0.0,AAPL
2013-11-22 00:00:00-05:00,16.11420347035233,16.19608984968785,16.083496699293672,16.122888565063477,223725600,0.0,0.0,AAPL
2013-11-25 00:00:00-05:00,16.160730277260605,16.31116480096705,16.16011074159577,16.245098114013672,229311600,0.0,0.0,AAPL
2013-11-26 00:00:00-05:00,16.256888824926296,16.6297201932443,16.253168296853953,16.54473114013672,401382800,0.0,0.0,AAPL
2013-11-27 00:00:00-05:00,16.634981044950134,16.935540196306967,16.544719375325943,16.93429946899414,363448400,0.0,0.0,AAPL
2013-11-29 00:00:00-05:00,17.043483278147285,17.317987179484096,16.991684150776898,17.247888565063477,318127600,0.0,0.0,AAPL
2013-12-02 00:00:00-05:00,17.307756576081154,17.50409636305118,17.08505173798804,17.097768783569336,472544800,0.0,0.0,AAPL
2013-12-03 00:00:00-05:00,17.31706434221711,17.567686428925164,17.29783388645457,17.565824508666992,450968000,0.0,0.0,AAPL
2013-12-04 00:00:00-05:00,17.54038199783925,17.65483703040059,17.395220204363948,17.524873733520508,377809600,0.0,0.0,AAPL
2013-12-05 00:00:00-05:00,17.762157778195203,17.839390989933687,17.56860926899959,17.614824295043945,447580000,0.0,0.0,AAPL
2013-12-06 00:00:00-05:00,17.549384101575388,17.579161571610566,17.356456708099813,17.370412826538086,344352400,0.0,0.0,AAPL
2013-12-09 00:00:00-05:00,17.397709838010304,17.666941185627635,17.397709838010304,17.569236755371094,320493600,0.0,0.0,AAPL
2013-12-10 00:00:00-05:00,17.480838807137765,17.61421459533144,17.407016312219348,17.541942596435547,278269600,0.0,0.0,AAPL
2013-12-11 00:00:00-05:00,17.586915178773168,17.71005535030875,17.360178370466343,17.411975860595703,359718800,0.0,0.0,AAPL
2013-12-12 00:00:00-05:00,17.436166655081923,17.535421548461763,17.370719517618323,17.386537551879883,262290000,0.0,0.0,AAPL
2013-12-13 00:00:00-05:00,17.458190786318706,17.459121746262905,17.173451220894528,17.197023391723633,332822000,0.0,0.0,AAPL
2013-12-16 00:00:00-05:00,17.215322160379497,17.45167496720475,17.215012392611705,17.29224395751953,282592800,0.0,0.0,AAPL
2013-12-17 00:00:00-05:00,17.239829616659232,17.352422774218994,17.164456639432125,17.21439552307129,229902400,0.0,0.0,AAPL
2013-12-18 00:00:00-05:00,17.05031168218283,17.10459228104647,16.712220811001455,17.083499908447266,565863200,0.0,0.0,AAPL
2013-12-19 00:00:00-05:00,17.044109546748434,17.059617817359722,16.86513827296997,16.887781143188477,320308800,0.0,0.0,AAPL
2013-12-20 00:00:00-05:00,16.917870046468256,17.10955838606216,16.898949358115175,17.02922248840332,436413600,0.0,0.0,AAPL
2013-12-23 00:00:00-05:00,17.61793071733835,17.702298551926855,17.455400343725316,17.682758331298828,501306400,0.0,0.0,AAPL
2013-12-24 00:00:00-05:00,17.676554440927564,17.73827940622847,17.556826693703755,17.607696533203125,167554800,0.0,0.0,AAPL
2013-12-26 00:00:00-05:00,17.621031992785753,17.66445746276453,17.474629435596192,17.490758895874023,204008000,0.0,0.0,AAPL
2013-12-27 00:00:00-05:00,17.488279189513612,17.506578682736354,17.35428389605948,17.372583389282227,225884400,0.0,0.0,AAPL
2013-12-30 00:00:00-05:00,17.291004582940225,17.372579521213765,17.131573576053494,17.199811935424805,253629600,0.0,0.0,AAPL
2013-12-31 00:00:00-05:00,17.188958984552002,17.40949212456944,17.183684649364736,17.40142822265625,223084400,0.0,0.0,AAPL
2014-01-02 00:00:00-05:00,17.23579336812135,17.277666681748467,17.1222692788147,17.15669822692871,234684800,0.0,0.0,AAPL
2014-01-03 00:00:00-05:00,17.14833031065933,17.17438394218297,16.762781952557027,16.779842376708984,392467600,0.0,0.0,AAPL
2014-01-06 00:00:00-05:00,16.67034687137878,16.960359115419386,16.55092889570628,16.871339797973633,412610800,0.0,0.0,AAPL
2014-01-07 00:00:00-05:00,16.883437388085266,16.934305569725026,16.68492591605309,16.750682830810547,317209200,0.0,0.0,AAPL
2014-01-08 00:00:00-05:00,16.71253129741604,16.921899567251256,16.708810770368622,16.85676383972168,258529600,0.0,0.0,AAPL
2014-01-09 00:00:00-05:00,16.96035533748994,16.962217256962226,16.6052057937355,16.641496658325195,279148800,0.0,0.0,AAPL
2014-01-10 00:00:00-05:00,16.744172295769417,16.774259537953082,16.473700197037694,16.53046226501465,304976000,0.0,0.0,AAPL
2014-01-13 00:00:00-05:00,16.436475023323776,16.826984547888287,16.435544063406557,16.61699676513672,378492800,0.0,0.0,AAPL
2014-01-14 00:00:00-05:00,16.6942337842946,16.958192454474307,16.67686359228787,16.947647094726562,332561600,0.0,0.0,AAPL
2014-01-15 00:00:00-05:00,17.16880008139063,17.375996671088593,17.11110706231483,17.287906646728516,391638800,0.0,0.0,AAPL
2014-01-16 00:00:00-05:00,17.211605812908527,17.272090060716135,17.111728036847616,17.191444396972656,229278000,0.0,0.0,AAPL
2014-01-17 00:00:00-05:00,17.1055252112826,17.12382470605538,16.746341926130373,16.770225524902344,426739600,0.0,0.0,AAPL
2014-01-21 00:00:00-05:00,16.780149212474637,17.061787793604,16.76246925566749,17.030771255493164,328526800,0.0,0.0,AAPL
2014-01-22 00:00:00-05:00,17.087847742085692,17.28573808001277,16.99169379727215,17.10645866394043,379985200,0.0,0.0,AAPL
2014-01-23 00:00:00-05:00,17.05775417314525,17.261228540424295,16.898634577452533,17.25130271911621,403239200,0.0,0.0,AAPL
2014-01-24 00:00:00-05:00,17.18368466799854,17.23393331239048,16.896773422993842,16.93771743774414,429354800,0.0,0.0,AAPL
2014-01-27 00:00:00-05:00,17.061788159011268,17.20850049556836,16.927792868393958,17.075124740600586,554878800,0.0,0.0,AAPL
2014-01-28 00:00:00-05:00,15.780453430538582,15.97400196912613,15.572945463884881,15.710354804992676,1065523200,0.0,0.0,AAPL
2014-01-29 00:00:00-05:00,15.63125899759999,15.737338719507287,15.465935776921762,15.532002449035645,502810000,0.0,0.0,AAPL
2014-01-30 00:00:00-05:00,15.587530234645321,15.710360657895494,15.406388904735277,15.501921653747559,678501600,0.0,0.0,AAPL
2014-01-31 00:00:00-05:00,15.359239743430516,15.55620075130588,15.308681321538657,15.52735424041748,464797200,0.0,0.0,AAPL
2014-02-03 00:00:00-05:00,15.589697769308964,15.748507608008248,15.487030447071515,15.556198120117188,401464000,0.0,0.0,AAPL
2014-02-04 00:00:00-05:00,15.690194411200308,15.802168026991678,15.594350257166445,15.78138542175293,376681200,0.0,0.0,AAPL
2014-02-05 00:00:00-05:00,15.71221301488015,15.982684973813255,15.702596962983346,15.899248123168945,328344800,0.0,0.0,AAPL
2014-02-06 00:00:00-05:00,15.91547691099221,16.0228165242719,15.845268641743973,15.991924285888672,257765200,0.108929,0.0,AAPL
2014-02-07 00:00:00-05:00,16.268690547170916,16.31705526390113,16.14387848247535,16.21564483642578,370280400,0.0,0.0,AAPL
2014-02-10 00:00:00-05:00,16.18382803456059,16.599766862648554,16.1632343140829,16.50615692138672,345559200,0.0,0.0,AAPL
2014-02-11 00:00:00-05:00,16.556710247919717,16.779500094089176,16.52207352832608,16.723648071289062,282256800,0.0,0.0,AAPL
2014-02-12 00:00:00-05:00,16.75453534635059,16.835975365044494,16.638771903437036,16.722394943237305,308100800,0.0,0.0,AAPL
2014-02-13 00:00:00-05:00,16.683075862834063,17.001036995166125,16.668722918279567,16.987932205200195,307398000,0.0,0.0,AAPL
2014-02-14 00:00:00-05:00,16.926769189399284,17.036293482460252,16.887454827493517,16.974197387695312,272924400,0.0,0.0,AAPL
2014-02-18 00:00:00-05:00,17.03692317910165,17.19886668270596,17.024753253120764,17.036611557006836,260251600,0.0,0.0,AAPL
2014-02-19 00:00:00-05:00,16.9979178777287,17.064693323261533,16.673405976707105,16.76763916015625,313768000,0.0,0.0,AAPL
2014-02-20 00:00:00-05:00,16.63096461557164,16.756090014669457,16.506464126905346,16.573551177978516,305858000,0.0,0.0,AAPL
2014-02-21 00:00:00-05:00,16.62471938129131,16.680261405537905,16.369166078371645,16.389448165893555,278784800,0.0,0.0,AAPL
2014-02-24 00:00:00-05:00,16.323929683420083,16.53517444098037,16.301151277779002,16.46122169494629,288909600,0.0,0.0,AAPL
2014-02-25 00:00:00-05:00,16.518326214266146,16.524253699371606,16.256843632633363,16.289918899536133,231952000,0.0,0.0,AAPL
2014-02-26 00:00:00-05:00,16.33828401761201,16.381656145347907,16.088346444847538,16.14295196533203,276217200,0.0,0.0,AAPL
2014-02-27 00:00:00-05:00,16.136390624821942,16.499595123554798,16.102378843349076,16.4649600982666,301882000,0.0,0.0,AAPL
2014-02-28 00:00:00-05:00,16.50896477643951,16.623481726161387,16.291790846890546,16.42034912109375,371968800,0.0,0.0,AAPL
2014-03-03 00:00:00-05:00,16.332347394041477,16.557946679188472,16.31331345942127,16.467769622802734,238781200,0.0,0.0,AAPL
2014-03-04 00:00:00-05:00,16.568871535124092,16.620044199572654,16.468084316206763,16.576358795166016,259140000,0.0,0.0,AAPL
2014-03-05 00:00:00-05:00,16.56636954513732,16.68587570639068,16.510514237765115,16.61130142211914,200062800,0.0,0.0,AAPL
2014-03-06 00:00:00-05:00,16.624727527096447,16.67621349235129,16.47838513660091,16.561073303222656,185488800,0.0,0.0,AAPL
2014-03-07 00:00:00-05:00,16.57169469361647,16.599465738186748,16.41443042609856,16.55141258239746,220729600,0.0,0.0,AAPL
2014-03-10 00:00:00-04:00,16.486493615913943,16.64157303897796,16.485868705547098,16.566373825073242,178584000,0.0,0.0,AAPL
2014-03-11 00:00:00-04:00,16.707724753832288,16.810381703434317,16.61848254773782,16.727693557739258,279224400,0.0,0.0,AAPL
2014-03-12 00:00:00-04:00,16.678393767167044,16.767009395404028,16.600073329543445,16.743919372558594,199326400,0.0,0.0,AAPL
2014-03-13 00:00:00-04:00,16.76982834465683,16.839098451823173,16.511465242870127,16.557958602905273,257742800,0.0,0.0,AAPL
2014-03-14 00:00:00-04:00,16.499920024339936,16.565447331905084,16.319254161726757,16.37198829650879,237199200,0.0,0.0,AAPL
2014-03-17 00:00:00-04:00,16.465906949073737,16.53673682000258,16.408180204323926,16.435951232910156,199544800,0.0,0.0,AAPL
2014-03-18 00:00:00-04:00,16.409737047468123,16.59913992792057,16.387895174884672,16.58135414123535,209647200,0.0,0.0,AAPL
2014-03-19 00:00:00-04:00,16.608188267125556,16.732375470255672,16.506464511497473,16.576984405517578,224756000,0.0,0.0,AAPL
2014-03-20 00:00:00-04:00,16.53423216801677,16.620978052425542,16.45497687529789,16.497100830078125,208398400,0.0,0.0,AAPL
2014-03-21 00:00:00-04:00,16.59788554982364,16.65467573038924,16.423148968246508,16.627216339111328,374046400,0.0,0.0,AAPL
2014-03-24 00:00:00-04:00,16.800398188061486,16.865300550427776,16.69555488489885,16.824424743652344,355700800,0.0,0.0,AAPL
2014-03-25 00:00:00-04:00,16.896503892737062,17.029116544199358,16.83690410536164,17.005401611328125,282293200,0.0,0.0,AAPL
2014-03-26 00:00:00-04:00,17.05314626289096,17.130530181242047,16.814130490789044,16.842836380004883,299768000,0.0,0.0,AAPL
2014-03-27 00:00:00-04:00,16.850332762266735,16.89651450264668,16.697437923026666,16.77045249938965,222031600,0.0,0.0,AAPL
2014-03-28 00:00:00-04:00,16.797279144096986,16.81662470658658,16.670282333711107,16.75172233581543,200564000,0.0,0.0,AAPL
2014-03-31 00:00:00-04:00,16.825677575101768,16.87497885438769,16.722705641701868,16.747982025146484,168669200,0.0,0.0,AAPL
2014-04-01 00:00:00-04:00,16.779806934518696,16.9080535808305,16.748916355344306,16.901187896728516,200760000,0.0,0.0,AAPL
2014-04-02 00:00:00-04:00,16.92395792298424,16.95828132721309,16.857807422704177,16.929262161254883,180420800,0.0,0.0,AAPL
2014-04-03 00:00:00-04:00,16.893071423062114,16.92770645753846,16.776059865333785,16.81194305419922,162344000,0.0,0.0,AAPL
2014-04-04 00:00:00-04:00,16.843768036793485,16.84969551957439,16.55576269688389,16.594453811645508,275251200,0.0,0.0,AAPL
2014-04-07 00:00:00-04:00,16.47588655842012,16.56575201886716,16.284612291066637,16.333911895751953,289850400,0.0,0.0,AAPL
2014-04-08 00:00:00-04:00,16.38758280710968,16.41660198402736,16.185073479180033,16.332977294921875,243888400,0.0,0.0,AAPL
2014-04-09 00:00:00-04:00,16.308018185502487,16.552963161857033,16.288672618309928,16.547658920288086,206169600,0.0,0.0,AAPL
2014-04-10 00:00:00-04:00,16.55888584575635,16.607563871373404,16.324551086922497,16.334224700927734,239652000,0.0,0.0,AAPL
2014-04-11 00:00:00-04:00,16.19443104067256,16.31394056958976,16.136394363172425,16.21346664428711,271717600,0.0,0.0,AAPL
2014-04-14 00:00:00-04:00,16.28492874657613,16.293040920279452,16.138586332796727,16.278064727783203,205674000,0.0,0.0,AAPL
2014-04-15 00:00:00-04:00,16.23406316618569,16.276810376935348,15.955106453840779,16.161983489990234,266490000,0.0,0.0,AAPL
2014-04-16 00:00:00-04:00,16.16478650236069,16.259644553860515,16.042782347195708,16.19474220275879,214765600,0.0,0.0,AAPL
2014-04-17 00:00:00-04:00,16.225638790257335,16.46777579238245,16.20067569732853,16.37978172302246,284334400,0.0,0.0,AAPL
2014-04-21 00:00:00-04:00,16.392264960788374,16.60444627329111,16.34920445425739,16.574180603027344,182548800,0.0,0.0,AAPL
2014-04-22 00:00:00-04:00,16.484935558982848,16.594771494045997,16.428458648069267,16.590715408325195,202563200,0.0,0.0,AAPL
2014-04-23 00:00:00-04:00,16.508335579790543,16.572926315686175,16.364487878210387,16.373849868774414,394940000,0.0,0.0,AAPL
2014-04-24 00:00:00-04:00,17.72994101821083,17.78579468121169,17.496541130395673,17.716211318969727,759911600,0.0,0.0,AAPL
2014-04-25 00:00:00-04:00,17.615109993247465,17.847884937844345,17.59732587749604,17.84632682800293,390275200,0.0,0.0,AAPL
2014-04-28 00:00:00-04:00,17.87316456751323,18.589276980336848,17.86536235189166,18.537479400634766,669485600,0.0,0.0,AAPL
2014-04-29 00:00:00-04:00,18.52656196695082,18.596456970451133,18.394572510969077,18.48256492614746,337377600,0.0,0.0,AAPL
2014-04-30 00:00:00-04:00,18.492233009608274,18.70410264425872,18.403615710320548,18.41266441345215,456640800,0.0,0.0,AAPL
2014-05-01 00:00:00-04:00,18.472265680198223,18.559634839898877,18.296280872566054,18.45604133605957,244048000,0.0,0.0,AAPL
2014-05-02 00:00:00-04:00,18.48287299962974,18.540911349176916,18.400808093180906,18.490360260009766,191514400,0.0,0.0,AAPL
2014-05-05 00:00:00-04:00,18.414231504784595,18.753098042083103,18.409862129666955,18.751848220825195,287067200,0.0,0.0,AAPL
2014-05-06 00:00:00-04:00,18.778058529503408,18.85949854500824,18.547468185424805,18.547468185424805,374564400,0.0,0.0,AAPL
2014-05-07 00:00:00-04:00,18.5736785615904,18.637332790989937,18.339030454686373,18.48256492614746,282864400,0.0,0.0,AAPL
2014-05-08 00:00:00-04:00,18.457778683749034,18.65106478497752,18.39973118629312,18.449621200561523,230297200,0.1175,0.0,AAPL
2014-05-09 00:00:00-04:00,18.34136545412967,18.395020837996327,18.20926552703661,18.372743606567383,291597600,0.0,0.0,AAPL
2014-05-12 00:00:00-04:00,18.43392915936954,18.62752690759732,18.43110386893838,18.601484298706055,213208800,0.0,0.0,AAPL
2014-05-13 00:00:00-04:00,18.5754333450774,18.65513130751149,18.53464427645654,18.630657196044922,159737200,0.0,0.0,AAPL
2014-05-14 00:00:00-04:00,18.588930455710333,18.744876076284577,18.567279953160185,18.634113311767578,166404000,0.0,0.0,AAPL
2014-05-15 00:00:00-04:00,18.66015280067011,18.719768751205677,18.451178584134016,18.47565269470215,230846000,0.0,0.0,AAPL
2014-05-16 00:00:00-04:00,18.469698106831103,18.748957795119676,18.368349608204092,18.74833106994629,276256400,0.0,0.0,AAPL
2014-05-19 00:00:00-04:00,18.758995447480576,19.056453572877754,18.742678811326957,18.97047996520996,317755200,0.0,0.0,AAPL
2014-05-20 00:00:00-04:00,18.967973255646612,19.027275868840793,18.849366353522473,18.9742488861084,234836000,0.0,0.0,AAPL
2014-05-21 00:00:00-04:00,18.94663606766466,19.03668843204263,18.89109883287773,19.024452209472656,196859600,0.0,0.0,AAPL
2014-05-22 00:00:00-04:00,19.03355095443866,19.13552785185376,18.95510808951551,19.05457305908203,200760000,0.0,0.0,AAPL
2014-05-23 00:00:00-04:00,19.05394264691802,19.2886461468469,19.02946853142137,19.269819259643555,232209600,0.0,0.0,AAPL
2014-05-27 00:00:00-04:00,19.324730368025282,19.637876727596673,19.31688625037646,19.630661010742188,348866000,0.0,0.0,AAPL
2014-05-28 00:00:00-04:00,19.64290197907524,19.762450650823304,19.572616590040482,19.579833984375,315481600,0.0,0.0,AAPL
2014-05-29 00:00:00-04:00,19.700316311656028,19.983341302488412,19.697806060162407,19.936588287353516,376474000,0.0,0.0,AAPL
2014-05-30 00:00:00-04:00,20.018176514394717,20.212402680732,19.73326957703654,19.86191749572754,564020800,0.0,0.0,AAPL
2014-06-02 00:00:00-04:00,19.89203501841734,19.91933274823033,19.532449011407426,19.725419998168945,369350800,0.0,0.0,AAPL
2014-06-03 00:00:00-04:00,19.71945528319086,20.04201587628886,19.712866292380678,20.004362106323242,292709200,0.0,0.0,AAPL
2014-06-04 00:00:00-04:00,20.001232714654048,20.329127297236955,19.95950018938398,20.232797622680664,335482000,0.0,0.0,AAPL
2014-06-05 00:00:00-04:00,20.276097854404977,20.375564502609432,20.16345322009139,20.31218147277832,303805600,0.0,0.0,AAPL
2014-06-06 00:00:00-04:00,20.3921900432463,20.434864321074205,20.221811321661647,20.256324768066406,349938400,0.0,0.0,AAPL
2014-06-09 00:00:00-04:00,20.360811881827143,20.619989498063713,20.15215266081046,20.580453872680664,301660000,0.0,7.0,AAPL
2014-06-10 00:00:00-04:00,20.80668276484172,20.876968122163692,20.551897297215135,20.70125389099121,251108000,0.0,0.0,AAPL
2014-06-11 00:00:00-04:00,20.67490893382762,20.813284520357687,20.52994602857723,20.6156063079834,182724000,0.0,0.0,AAPL
2014-06-12 00:00:00-04:00,20.65514472847139,20.672716499876003,20.18511073568428,20.270771026611328,218996000,0.0,0.0,AAPL
2014-06-13 00:00:00-04:00,20.25099375041838,20.30370904220803,19.961066348517864,20.04892349243164,218100000,0.0,0.0,AAPL
2014-06-16 00:00:00-04:00,20.099439980103806,20.371795592129576,20.08626032054408,20.250991821289062,142244000,0.0,0.0,AAPL
2014-06-17 00:00:00-04:00,20.275150888144783,20.36081112734463,20.163134683489808,20.224634170532227,118904000,0.0,0.0,AAPL
2014-06-18 00:00:00-04:00,20.2663699910368,20.270763770183265,20.064299719428927,20.24660301208496,134056000,0.0,0.0,AAPL
2014-06-19 00:00:00-04:00,20.270761439578354,20.272958328899,20.062100523241302,20.176315307617188,142112000,0.0,0.0,AAPL
2014-06-20 00:00:00-04:00,20.174117524013496,20.32786793066777,19.965458292661502,19.967655181884766,403592000,0.0,0.0,AAPL
2014-06-23 00:00:00-04:00,20.057710722394077,20.12360400369174,19.899568187868287,19.95008659362793,174776000,0.0,0.0,AAPL
2014-06-24 00:00:00-04:00,19.932512868476607,20.149957994199475,19.8095138762674,19.829280853271484,156144000,0.0,0.0,AAPL
2014-06-25 00:00:00-04:00,19.81391042611951,19.92153456845686,19.6909114063054,19.84685707092285,147476000,0.0,0.0,AAPL
2014-06-26 00:00:00-04:00,19.849053614336793,19.99841028253397,19.723857706857974,19.965463638305664,130516000,0.0,0.0,AAPL
2014-06-27 00:00:00-04:00,19.947889303933735,20.207066969044384,19.936906532025834,20.202674865722656,256116000,0.0,0.0,AAPL
2014-06-30 00:00:00-04:00,20.22903169476355,20.587049295016804,20.226834805141685,20.411334991455078,197929200,0.0,0.0,AAPL
2014-07-01 00:00:00-04:00,20.54091453552246,20.661718278956634,20.455254308627357,20.54091453552246,152892000,0.0,0.0,AAPL
2014-07-02 00:00:00-04:00,20.617795256175896,20.659526096904308,20.44647308761987,20.532135009765625,113860000,0.0,0.0,AAPL
2014-07-03 00:00:00-04:00,20.57386758162833,20.668313717121897,20.47063556425913,20.652938842773438,91567200,0.0,0.0,AAPL
2014-07-07 00:00:00-04:00,20.677089699536626,21.083426906265075,20.668303821867354,21.07903480529785,225872000,0.0,0.0,AAPL
2014-07-08 00:00:00-04:00,21.14494139649822,21.261353101518832,20.628782865804745,20.94287109375,260888000,0.0,0.0,AAPL
2014-07-09 00:00:00-04:00,20.962637206693763,21.074653442556414,20.813280549807754,20.9516544342041,145744000,0.0,0.0,AAPL
2014-07-10 00:00:00-04:00,20.593633453749725,20.9867928169789,20.540918169614752,20.874774932861328,158744000,0.0,0.0,AAPL
2014-07-11 00:00:00-04:00,20.945056379409618,21.06146634419926,20.835235404968813,20.914306640625,136072000,0.0,0.0,AAPL
2014-07-14 00:00:00-04:00,21.05488504489579,21.281116066765165,21.008760419870203,21.184473037719727,171240000,0.0,0.0,AAPL
2014-07-15 00:00:00-04:00,21.261350255123826,21.272331351740632,20.872582903848684,20.936279296875,181911600,0.0,0.0,AAPL
2014-07-16 00:00:00-04:00,21.298679586541716,21.327232436008824,20.80887731389721,20.817663192749023,213585200,0.0,0.0,AAPL
2014-07-17 00:00:00-04:00,20.87258206156787,20.927492569643437,20.332262863192547,20.446475982666016,229192000,0.0,0.0,AAPL
2014-07-18 00:00:00-04:00,20.56288375209514,20.808881708963195,20.431097217218223,20.740793228149414,199952000,0.0,0.0,AAPL
2014-07-21 00:00:00-04:00,20.86379225934131,20.865989148457587,20.584847668048663,20.633169174194336,156316000,0.0,0.0,AAPL
2014-07-22 00:00:00-04:00,20.79570516177664,20.84182978187445,20.672706174849157,20.80449104309082,220788000,0.0,0.0,AAPL
2014-07-23 00:00:00-04:00,20.958240450557234,21.498559600734165,20.903329947379877,21.347007751464844,371672000,0.0,0.0,AAPL
2014-07-24 00:00:00-04:00,21.314063649848293,21.375563152604983,21.177884982504366,21.311866760253906,182916000,0.0,0.0,AAPL
2014-07-25 00:00:00-04:00,21.272333834097104,21.489779011019596,21.22620920115815,21.45244026184082,173876000,0.0,0.0,AAPL
2014-07-28 00:00:00-04:00,21.485377449709684,21.79726864509783,21.426074855101895,21.748947143554688,221272000,0.0,0.0,AAPL
2014-07-29 00:00:00-04:00,21.817047972592874,21.841208735190428,21.579834126582035,21.608386993408203,172572000,0.0,0.0,AAPL
2014-07-30 00:00:00-04:00,21.62155770535144,21.67866341535966,21.452432437193394,21.557861328125,132040000,0.0,0.0,AAPL
2014-07-31 00:00:00-04:00,21.34042258697724,21.404117307440426,20.938477229446555,20.997779846191406,227372000,0.0,0.0,AAPL
2014-08-01 00:00:00-04:00,20.844034137342167,21.22181879049446,20.82426547837037,21.114192962646484,194044000,0.0,0.0,AAPL
2014-08-04 00:00:00-04:00,21.166900939935086,21.213025560582846,20.90332952457362,20.99557876586914,159832000,0.0,0.0,AAPL
2014-08-05 00:00:00-04:00,20.945066682316998,21.01535207350319,20.72542462539315,20.892353057861328,223732000,0.0,0.0,AAPL
2014-08-06 00:00:00-04:00,20.811079817640117,20.97141921741099,20.802293936417758,20.85720443725586,154232000,0.0,0.0,AAPL
2014-08-07 00:00:00-04:00,20.954325576179546,21.179474018997556,20.77111554204035,20.854995727539062,186844000,0.1175,0.0,AAPL
2014-08-08 00:00:00-04:00,20.80644381265437,20.93005464942546,20.59012316423361,20.912395477294922,167460000,0.0,0.0,AAPL
2014-08-11 00:00:00-04:00,21.029375786288714,21.208171882512662,20.93445988071102,21.188304901123047,146340000,0.0,0.0,AAPL
2014-08-12 00:00:00-04:00,21.19933882731879,21.38475497487082,21.104422937289907,21.183887481689453,135180000,0.0,0.0,AAPL
2014-08-13 00:00:00-04:00,21.223624047637486,21.464223861694336,21.199343116154775,21.464223861694336,127664000,0.0,0.0,AAPL
2014-08-14 00:00:00-04:00,21.48409722940996,21.53707305744935,21.367108170623673,21.521621704101562,112464000,0.0,0.0,AAPL
2014-08-15 00:00:00-04:00,21.60990812688664,21.67392133468626,21.38034404224786,21.627567291259766,195804000,0.0,0.0,AAPL
2014-08-18 00:00:00-04:00,21.740147102341957,21.93439459973337,21.62757368534041,21.88804054260254,190288000,0.0,0.0,AAPL
2014-08-19 00:00:00-04:00,21.94321200142616,22.22354400578487,21.92334502564553,22.190433502197266,277596000,0.0,0.0,AAPL
2014-08-20 00:00:00-04:00,22.170579177311065,22.314055290378494,22.062418033150912,22.19927406311035,210796000,0.0,0.0,AAPL
2014-08-21 00:00:00-04:00,22.19927495565505,22.280947350311973,22.09773725866246,22.20148277282715,133912000,0.0,0.0,AAPL
2014-08-22 00:00:00-04:00,22.13746609251271,22.397932903825094,22.11539297644979,22.364822387695312,176736000,0.0,0.0,AAPL
2014-08-25 00:00:00-04:00,22.46856902622931,22.55244754515461,22.355993939301783,22.41338539123535,161080000,0.0,0.0,AAPL
2014-08-26 00:00:00-04:00,22.386892196497573,22.40455136036741,22.26328141754985,22.2699031829834,132608000,0.0,0.0,AAPL
2014-08-27 00:00:00-04:00,22.29860555542201,22.640744813087686,22.227970560273942,22.543621063232422,209476000,0.0,0.0,AAPL
2014-08-28 00:00:00-04:00,22.42442279797751,22.687097459249905,22.41780103073048,22.57010841369629,273840000,0.0,0.0,AAPL
2014-08-29 00:00:00-04:00,22.704752570549424,22.7135821533246,22.559066980865094,22.625288009643555,178380000,0.0,0.0,AAPL
2014-09-02 00:00:00-04:00,22.748900474913107,22.899000024998575,22.673851541905794,22.801877975463867,214256000,0.0,0.0,AAPL
2014-09-03 00:00:00-04:00,22.75773440509108,22.779807525834467,21.76001486447801,21.839479446411133,501684000,0.0,0.0,AAPL
2014-09-04 00:00:00-04:00,21.819605398761116,22.0933157123717,21.585627363260983,21.658470153808594,342872000,0.0,0.0,AAPL
2014-09-05 00:00:00-04:00,21.80856776589229,21.938800303534777,21.70040665583919,21.846092224121094,233828000,0.0,0.0,AAPL
2014-09-08 00:00:00-04:00,21.918941593679378,21.921147726658855,21.643023404856983,21.711450576782227,185426800,0.0,0.0,AAPL
2014-09-09 00:00:00-04:00,21.87037751303426,22.753315628046664,21.221417459597486,21.629776000976562,759385200,0.0,0.0,AAPL
2014-09-10 00:00:00-04:00,21.63419177214915,22.318468478819213,21.579008139610103,22.294187545776367,403478400,0.0,0.0,AAPL
2014-09-11 00:00:00-04:00,22.163952573137482,22.391308845043884,21.98957211117271,22.389101028442383,249412400,0.0,0.0,AAPL
2014-09-12 00:00:00-04:00,22.34054689118429,22.556867523010595,22.31185200172692,22.439878463745117,250504400,0.0,0.0,AAPL
2014-09-15 00:00:00-04:00,22.693724966689988,22.746702486208516,22.39131962544443,22.433258056640625,245266000,0.0,0.0,AAPL
2014-09-16 00:00:00-04:00,22.02930850918142,22.351580746370534,21.82843926264747,22.263286590576172,267632400,0.0,0.0,AAPL
2014-09-17 00:00:00-04:00,22.35378565692072,22.470776375291532,22.203686105499624,22.42221450805664,243706000,0.0,0.0,AAPL
2014-09-18 00:00:00-04:00,22.499469592470312,22.5921776862875,22.41779721416237,22.46856689453125,149197600,0.0,0.0,AAPL
2014-09-19 00:00:00-04:00,22.578935764384937,22.59217929756886,22.183820745046354,22.285358428955078,283609600,0.0,0.0,AAPL
2014-09-22 00:00:00-04:00,22.47077502623951,22.545823955409002,22.20147863979226,22.307430267333984,211153600,0.0,0.0,AAPL
2014-09-23 00:00:00-04:00,22.20589786012435,22.72241764022342,22.192654324555782,22.65619659423828,253608800,0.0,0.0,AAPL
2014-09-24 00:00:00-04:00,22.55024548584861,22.70255120077682,22.338338807209784,22.45974349975586,240687200,0.0,0.0,AAPL
2014-09-25 00:00:00-04:00,22.186027664012357,22.230173895552632,21.5701781348221,21.603288650512695,400368000,0.0,0.0,AAPL
2014-09-26 00:00:00-04:00,21.748971338523667,22.239002227783203,21.72027645804359,22.239002227783203,249482000,0.0,0.0,AAPL
2014-09-29 00:00:00-04:00,21.775464111556005,22.17057916571536,21.771048477391652,22.097736358642578,199065200,0.0,0.0,AAPL
2014-09-30 00:00:00-04:00,22.25224575968621,22.413382695479118,22.190440365377924,22.239002227783203,221056400,0.0,0.0,AAPL
2014-10-01 00:00:00-04:00,22.203689007181154,22.22576381086066,21.786500815518913,21.892454147338867,205965200,0.0,0.0,AAPL
2014-10-02 00:00:00-04:00,21.912318219359822,22.1220170540427,21.640815663686354,22.051382064819336,191031200,0.0,0.0,AAPL
2014-10-03 00:00:00-04:00,21.949840245802758,22.119805077763324,21.86154610485789,21.989572525024414,173878400,0.0,0.0,AAPL
2014-10-06 00:00:00-04:00,22.06241363353856,22.216928801209743,21.945424612516646,21.989572525024414,148204800,0.0,0.0,AAPL
2014-10-07 00:00:00-04:00,21.9476344911137,22.099941856450922,21.793120992996826,21.797534942626953,168376800,0.0,0.0,AAPL
2014-10-08 00:00:00-04:00,21.79974704243751,22.31847295553832,21.700415473500446,22.250045776367188,229618800,0.0,0.0,AAPL
2014-10-09 00:00:00-04:00,22.413376378831188,22.59879250950116,22.208093271835025,22.298593521118164,309506000,0.0,0.0,AAPL
2014-10-10 00:00:00-04:00,22.225762853466897,22.521546348435052,22.139676511852524,22.23459243774414,265326400,0.0,0.0,AAPL
2014-10-13 00:00:00-04:00,22.36703064756853,22.466360513854593,22.031513214111328,22.031513214111328,214333600,0.0,0.0,AAPL
2014-10-14 00:00:00-04:00,22.159539438847194,22.18823432162009,21.757802659672496,21.797534942626953,254754400,0.0,0.0,AAPL
2014-10-15 00:00:00-04:00,21.625364840542748,21.885831685428176,21.009515223803362,21.53044891357422,403734400,0.0,0.0,AAPL
2014-10-16 00:00:00-04:00,21.09118820796209,21.570181806396274,21.06028550380963,21.247909545898438,288618000,0.0,0.0,AAPL
2014-10-17 00:00:00-04:00,21.52161669310305,21.85271848838156,21.369309328372275,21.559141159057617,272718800,0.0,0.0,AAPL
2014-10-20 00:00:00-04:00,21.702617151406308,22.06462161634279,21.680544037021534,22.020475387573242,310069200,0.0,0.0,AAPL
2014-10-21 00:00:00-04:00,22.740068666246575,22.740068666246575,22.353783270569366,22.61866569519043,378495600,0.0,0.0,AAPL
2014-10-22 00:00:00-04:00,22.700335608764128,22.980669372241767,22.647359799283787,22.73344612121582,273052400,0.0,0.0,AAPL
2014-10-23 00:00:00-04:00,22.974049859362687,23.188162618932477,22.874718312267316,23.13960075378418,284298800,0.0,0.0,AAPL
2014-10-24 00:00:00-04:00,23.216857443874968,23.285284607831407,23.07337966558208,23.22568702697754,188215600,0.0,0.0,AAPL
2014-10-27 00:00:00-04:00,23.14401502979962,23.283078860880728,23.11090451363408,23.201406478881836,136750800,0.0,0.0,AAPL
2014-10-28 00:00:00-04:00,23.265415777511002,23.561199188232422,23.25437837929043,23.561199188232422,192243600,0.0,0.0,AAPL
2014-10-29 00:00:00-04:00,23.541341680052543,23.700270836209324,23.47732845415211,23.693647384643555,210751600,0.0,0.0,AAPL
2014-10-30 00:00:00-04:00,23.609758256765357,23.695844563690375,23.375780261950723,23.614173889160156,162619200,0.0,0.0,AAPL
2014-10-31 00:00:00-04:00,23.841532767614503,23.84815453287188,23.664944501755397,23.839324951171875,178557200,0.0,0.0,AAPL
2014-11-03 00:00:00-05:00,23.887888697508032,24.347016877792527,23.841534652970267,24.14835548400879,209130400,0.0,0.0,AAPL
2014-11-04 00:00:00-05:00,24.139524203814798,24.168219081537902,23.77751977130099,23.971765518188477,166297600,0.0,0.0,AAPL
2014-11-05 00:00:00-05:00,24.08213344664368,24.126281356780723,23.8680207136731,24.029157638549805,149743600,0.0,0.0,AAPL
2014-11-06 00:00:00-05:00,24.075706773963766,24.117828718069724,23.89835451355907,24.097875595092773,139874000,0.1175,0.0,AAPL
2014-11-07 00:00:00-05:00,24.108974212493017,24.23533842346907,24.06463654566315,24.166614532470703,134766000,0.0,0.0,AAPL
2014-11-10 00:00:00-05:00,24.168823526720026,24.237549090025507,24.091231785607164,24.1267032623291,108782000,0.0,0.0,AAPL
2014-11-11 00:00:00-05:00,24.097886476634837,24.330663432032804,24.031379983216418,24.319578170776367,109769200,0.0,0.0,AAPL
2014-11-12 00:00:00-05:00,24.24863068561339,24.703099218751905,24.24641498702832,24.66319465637207,187769600,0.0,0.0,AAPL
2014-11-13 00:00:00-05:00,24.785130494937672,25.15092041375622,24.740791144123737,25.011255264282227,238091600,0.0,0.0,AAPL
2014-11-14 00:00:00-05:00,25.08441909992337,25.3149786976042,24.654336610848205,25.312761306762695,176254400,0.0,0.0,AAPL
2014-11-17 00:00:00-05:00,25.332712832329857,26.000005402399715,25.117673278468875,25.270639419555664,186986800,0.0,0.0,AAPL
2014-11-18 00:00:00-05:00,25.259555374299396,25.64751588823528,25.248470111637495,25.598743438720703,176896000,0.0,0.0,AAPL
2014-11-19 00:00:00-05:00,25.592086433838674,25.658592918735657,25.228512237340983,25.421382904052734,167476800,0.0,0.0,AAPL
2014-11-20 00:00:00-05:00,25.474594666139474,25.906892814895507,25.461292013688414,25.784961700439453,173582000,0.0,0.0,AAPL
2014-11-21 00:00:00-05:00,26.050992234762184,26.064293195570766,25.722887773371728,25.820432662963867,228717200,0.0,0.0,AAPL
2014-11-24 00:00:00-05:00,25.904669295203806,26.330316862712678,25.853681162221257,26.299280166625977,189803200,0.0,0.0,AAPL
2014-11-25 00:00:00-05:00,26.396827042769594,26.547577445816213,26.037685928971502,26.070940017700195,275361600,0.0,0.0,AAPL
2014-11-26 00:00:00-05:00,26.14631309265764,26.4034745207547,26.121926876453646,26.381305694580078,163073200,0.0,0.0,AAPL
2014-11-28 00:00:00-05:00,26.441167592230382,26.469988594921787,26.17070514637508,26.365793228149414,99257600,0.0,0.0,AAPL
2014-12-01 00:00:00-05:00,26.33918963370219,26.436734520341684,24.66763405729188,25.51006317138672,335256000,0.0,0.0,AAPL
2014-12-02 00:00:00-05:00,25.162006549445675,25.66081284668138,24.995737783700438,25.412517547607422,237395600,0.0,0.0,AAPL
2014-12-03 00:00:00-05:00,25.6608076406415,25.793822287977136,25.518925124633757,25.700712203979492,172253600,0.0,0.0,AAPL
2014-12-04 00:00:00-05:00,25.665241879662855,25.98226101056499,25.558830833573975,25.603168487548828,168178000,0.0,0.0,AAPL
2014-12-05 00:00:00-05:00,25.71401928787413,25.733972419983626,25.414735837219,25.494544982910156,153275600,0.0,0.0,AAPL
2014-12-08 00:00:00-05:00,25.295015518851557,25.41694659611432,24.745221204621007,24.918140411376953,230659600,0.0,0.0,AAPL
2014-12-09 00:00:00-05:00,24.42821093833508,25.339364034277175,24.241989015771903,25.29945945739746,240832000,0.0,0.0,AAPL
2014-12-10 00:00:00-05:00,25.363749168932678,25.46129237049096,24.72749335695456,24.81838607788086,178261200,0.0,0.0,AAPL
2014-12-11 00:00:00-05:00,24.887108446123896,25.22851383595588,24.683150815279017,24.74522590637207,165606800,0.0,0.0,AAPL
2014-12-12 00:00:00-05:00,24.48806115668047,24.800647216747997,24.292973100026312,24.32622718811035,224112400,0.0,0.0,AAPL
2014-12-15 00:00:00-05:00,24.54126555089327,24.740788378821897,23.57690718917354,23.993688583374023,268872400,0.0,0.0,AAPL
2014-12-16 00:00:00-05:00,23.581342342804486,24.421553932170685,23.55695612503971,23.665584564208984,243162800,0.0,0.0,AAPL
2014-12-17 00:00:00-05:00,23.747613027576232,24.350612967715282,23.6811048479873,24.255287170410156,213647200,0.0,0.0,AAPL
2014-12-18 00:00:00-05:00,24.800654406175855,24.973573684692383,24.532407616249746,24.973573684692383,236024800,0.0,0.0,AAPL
2014-12-19 00:00:00-05:00,24.88711537105263,25.104372330524324,24.75410066444514,24.780702590942383,353719200,0.0,0.0,AAPL
2014-12-22 00:00:00-05:00,24.864941616838035,25.159790289227878,24.822819653050875,25.037860870361328,180670000,0.0,0.0,AAPL
2014-12-23 00:00:00-05:00,25.102142638568992,25.12431146208403,24.93143914562029,24.949174880981445,104113600,0.0,0.0,AAPL
2014-12-24 00:00:00-05:00,24.958054046341406,24.986873360819217,24.831689834594727,24.831689834594727,57918400,0.0,0.0,AAPL
2014-12-26 00:00:00-05:00,24.85164219195622,25.388135763931622,24.831690748438938,25.270639419555664,134884000,0.0,0.0,AAPL
2014-12-29 00:00:00-05:00,25.22629556038694,25.4435524517826,25.206342430392432,25.252899169921875,110395600,0.0,0.0,AAPL
2014-12-30 00:00:00-05:00,25.193035518278496,25.255108901152372,24.85384761087993,24.944740295410156,119526000,0.0,0.0,AAPL
2014-12-31 00:00:00-05:00,25.011253675935894,25.079977551116553,24.43263829270216,24.470325469970703,165613600,0.0,0.0,AAPL
2015-01-02 00:00:00-05:00,24.69423892192084,24.705324183736966,23.798604229403885,24.2375545501709,212818400,0.0,0.0,AAPL
2015-01-05 00:00:00-05:00,24.006992134117137,24.0868012739077,23.36852070716593,23.55474090576172,257142000,0.0,0.0,AAPL
2015-01-06 00:00:00-05:00,23.619028729260297,23.816334163580667,23.195596863475707,23.556955337524414,263188400,0.0,0.0,AAPL
2015-01-07 00:00:00-05:00,23.765348404892794,23.98704009408535,23.654502560296518,23.887279510498047,160423600,0.0,0.0,AAPL
2015-01-08 00:00:00-05:00,24.215381460812253,24.862720720656704,24.097883456887466,24.80508041381836,237458000,0.0,0.0,AAPL
2015-01-09 00:00:00-05:00,24.97800548912445,25.106587091638215,24.432644065198065,24.831689834594727,214798000,0.0,0.0,AAPL
2015-01-12 00:00:00-05:00,24.962484968593877,24.969135448943987,24.120057527235872,24.219818115234375,198603200,0.0,0.0,AAPL
2015-01-13 00:00:00-05:00,24.70310506385616,25.006823287798543,24.14444274972402,24.434858322143555,268367600,0.0,0.0,AAPL
2015-01-14 00:00:00-05:00,24.173259238412005,24.494711474568152,24.05354553692245,24.341745376586914,195826400,0.0,0.0,AAPL
2015-01-15 00:00:00-05:00,24.386090146703356,24.39939110918017,23.645640585017357,23.681110382080078,240056000,0.0,0.0,AAPL
2015-01-16 00:00:00-05:00,23.72765845555715,23.849589546937747,23.321962305734257,23.497098922729492,314053200,0.0,0.0,AAPL
2015-01-20 00:00:00-05:00,23.907233740371307,24.157746460869866,23.610167654048226,24.102323532104492,199599600,0.0,0.0,AAPL
2015-01-21 00:00:00-05:00,24.153309086853763,24.62107869073436,24.00255866913812,24.286325454711914,194303600,0.0,0.0,AAPL
2015-01-22 00:00:00-05:00,24.443720442092136,24.93365875835831,24.32400675479041,24.918140411376953,215185600,0.0,0.0,AAPL
2015-01-23 00:00:00-05:00,24.89597392403558,25.217426152284684,24.72527039983578,25.046724319458008,185859200,0.0,0.0,AAPL
2015-01-26 00:00:00-05:00,25.215212472533512,25.35266192991213,25.006823433030068,25.07332992553711,222460000,0.0,0.0,AAPL
2015-01-27 00:00:00-05:00,24.922577258846545,24.935879909246182,24.171042629136025,24.1954288482666,382274800,0.0,0.0,AAPL
2015-01-28 00:00:00-05:00,26.077587486100576,26.186217609496115,25.563262939453125,25.563262939453125,585908400,0.0,0.0,AAPL
2015-01-29 00:00:00-05:00,25.78717920277347,26.423435008591323,25.61869303244263,26.35914421081543,337745600,0.0,0.0,AAPL
2015-01-30 00:00:00-05:00,26.248291564940033,26.602997864863603,25.90466883263632,25.9733943939209,334982000,0.0,0.0,AAPL
2015-02-02 00:00:00-05:00,26.170700293426666,26.4189938621203,25.733967466726934,26.299280166625977,250956400,0.0,0.0,AAPL
2015-02-03 00:00:00-05:00,26.270462571181156,26.40125984300976,26.07315712262307,26.3037166595459,207662800,0.0,0.0,AAPL
2015-02-04 00:00:00-05:00,26.270458611746253,26.716059269378018,26.22833666007458,26.505451202392578,280598800,0.0,0.0,AAPL
2015-02-05 00:00:00-05:00,26.712447061096544,26.7591875492115,26.541071497520225,26.694643020629883,168984800,0.1175,0.0,AAPL
2015-02-06 00:00:00-05:00,26.712447362487318,26.763638436784344,26.363017805912374,26.469850540161133,174826400,0.0,0.0,AAPL
2015-02-09 00:00:00-05:00,26.385267458693313,26.672376838687786,26.35855885909115,26.64566993713379,155559200,0.0,0.0,AAPL
2015-02-10 00:00:00-05:00,26.745825861171046,27.186508442480807,26.743601417936667,27.157573699951172,248034000,0.0,0.0,AAPL
2015-02-11 00:00:00-05:00,27.32451255301085,27.80303128958515,27.264420292161585,27.79412841796875,294247200,0.0,0.0,AAPL
2015-02-12 00:00:00-05:00,28.05674975412918,28.372795669606173,27.947692577307883,28.145776748657227,297898000,0.0,0.0,AAPL
2015-02-13 00:00:00-05:00,28.328276526199947,28.328276526199947,27.96549358013913,28.283763885498047,217088800,0.0,0.0,AAPL
2015-02-17 00:00:00-05:00,28.375013885390867,28.684383005533768,28.248150997899188,28.450687408447266,252609600,0.0,0.0,AAPL
2015-02-18 00:00:00-05:00,28.406176606134583,28.662128554300637,28.36611454730817,28.648775100708008,179566800,0.0,0.0,AAPL
2015-02-19 00:00:00-05:00,28.595356993921015,28.717769308178198,28.56197336098585,28.588680267333984,149449600,0.0,0.0,AAPL
2015-02-20 00:00:00-05:00,28.62651465154113,28.82237434387207,28.499653457078956,28.82237434387207,195793600,0.0,0.0,AAPL
2015-02-23 00:00:00-05:00,28.9381071536277,29.601354598999023,28.857983050448208,29.601354598999023,283896400,0.0,0.0,AAPL
2015-02-24 00:00:00-05:00,29.588005121300906,29.734899896206425,29.194061278089517,29.416627883911133,276912400,0.0,0.0,AAPL
2015-02-25 00:00:00-05:00,29.280864830474275,29.28976939734613,28.52191181926601,28.66435432434082,298846800,0.0,0.0,AAPL
2015-02-26 00:00:00-05:00,28.66434931718159,29.12728822683171,28.179155786433736,29.02713394165039,365150000,0.0,0.0,AAPL
2015-02-27 00:00:00-05:00,28.933666854540842,29.060531485491563,28.541950741259203,28.59091567993164,248059200,0.0,0.0,AAPL
2015-03-02 00:00:00-05:00,28.76673444336919,28.995977780785267,28.555296842347186,28.731122970581055,192386800,0.0,0.0,AAPL
2015-03-03 00:00:00-05:00,28.702188712404517,28.826825458437778,28.508553471298843,28.791213989257812,151265200,0.0,0.0,AAPL
2015-03-04 00:00:00-05:00,28.73335331565114,28.835732063722944,28.559751615792635,28.608713150024414,126665200,0.0,0.0,AAPL
2015-03-05 00:00:00-05:00,28.617620409496848,28.6554563326568,27.98998252123944,28.13465118408203,226068400,0.0,0.0,AAPL
2015-03-06 00:00:00-05:00,28.577546375748767,28.79343622144085,28.101255747404345,28.17692756652832,291368400,0.0,0.0,AAPL
2015-03-09 00:00:00-04:00,28.47961985670529,28.837953890483007,27.834176424134036,28.297115325927734,354114000,0.0,0.0,AAPL
2015-03-10 00:00:00-04:00,28.13465568515214,28.314934158031257,27.553756496931573,27.71177864074707,275426400,0.0,0.0,AAPL
2015-03-11 00:00:00-04:00,27.765181763587254,27.769632348191667,27.1776061090033,27.206539154052734,275756000,0.0,0.0,AAPL
2015-03-12 00:00:00-04:00,27.2221214408066,27.79856984189361,27.070776078556776,27.698413848876953,193450800,0.0,0.0,AAPL
2015-03-13 00:00:00-04:00,27.687285794905343,27.909852398243732,27.282214644751413,27.50700569152832,207309200,0.0,0.0,AAPL
2015-03-16 00:00:00-04:00,27.571551892676595,27.8096981048584,27.34676083218295,27.8096981048584,143497200,0.0,0.0,AAPL
2015-03-17 00:00:00-04:00,28.021132709844032,28.3371768453286,27.96549106494682,28.274858474731445,204092400,0.0,0.0,AAPL
2015-03-18 00:00:00-04:00,28.265955066922743,28.7466996846989,28.125738735762134,28.593128204345703,261083600,0.0,0.0,AAPL
2015-03-19 00:00:00-04:00,28.65544938106163,28.76673267962886,28.354984814539783,28.377241134643555,183238000,0.0,0.0,AAPL
2015-03-20 00:00:00-04:00,28.544170387435678,28.57755402360196,27.856440313632152,28.02113914489746,274780400,0.0,0.0,AAPL
2015-03-23 00:00:00-04:00,28.29267009034257,28.455142776311558,28.159128756389002,28.312700271606445,150838800,0.0,0.0,AAPL
2015-03-24 00:00:00-04:00,28.317152352132542,28.4974290763615,28.168031423359356,28.19696617126465,131369200,0.0,0.0,AAPL
2015-03-25 00:00:00-04:00,28.16357933072388,28.22589771049454,27.460268020629883,27.460268020629883,206620800,0.0,0.0,AAPL
2015-03-26 00:00:00-04:00,27.32227287996862,27.794112926303246,27.286661413351865,27.651670455932617,190291600,0.0,0.0,AAPL
2015-03-27 00:00:00-04:00,27.725127170260752,27.754060223095525,27.35566741894103,27.431339263916016,158184800,0.0,0.0,AAPL
2015-03-30 00:00:00-04:00,27.60938751260654,28.13241868495542,27.598258503345505,28.125741958618164,188398800,0.0,0.0,AAPL
2015-03-31 00:00:00-04:00,28.06342370286021,28.152450688573246,27.67838440937046,27.6939640045166,168362400,0.0,0.0,AAPL
2015-04-01 00:00:00-04:00,27.780763041005063,27.847533700457387,27.39794821598168,27.653900146484375,162485600,0.0,0.0,AAPL
2015-04-02 00:00:00-04:00,27.8275033605238,27.945463393763433,27.640548220607812,27.892047882080078,128880400,0.0,0.0,AAPL
2015-04-06 00:00:00-04:00,27.702863736107464,28.37946637364715,27.67170454934332,28.343854904174805,148776000,0.0,0.0,AAPL
2015-04-07 00:00:00-04:00,28.408399076017474,28.51523008704785,28.038939423968984,28.045616149902344,140049200,0.0,0.0,AAPL
2015-04-08 00:00:00-04:00,28.010006426922278,28.13241873682573,27.81414842912516,27.954364776611328,149316800,0.0,0.0,AAPL
2015-04-09 00:00:00-04:00,28.010011488182474,28.172485883590006,27.74515833951772,28.168033599853516,129936000,0.0,0.0,AAPL
2015-04-10 00:00:00-04:00,28.03226936776518,28.3127038270156,27.878699531311582,28.28822135925293,160752000,0.0,0.0,AAPL
2015-04-13 00:00:00-04:00,28.57087496683167,28.615391006220108,28.179158951331196,28.232574462890625,145460400,0.0,0.0,AAPL
2015-04-14 00:00:00-04:00,28.265958678402846,28.330503197261073,28.023361895360114,28.11016273498535,102098400,0.0,0.0,AAPL
2015-04-15 00:00:00-04:00,28.13464287471568,28.294889389838783,28.045615900948434,28.216991424560547,115881600,0.0,0.0,AAPL
2015-04-16 00:00:00-04:00,28.105710718716157,28.288215267615023,28.067874803248348,28.081228256225586,113476000,0.0,0.0,AAPL
2015-04-17 00:00:00-04:00,27.943238368434486,28.074551852348815,27.70063988225339,27.76518440246582,207828000,0.0,0.0,AAPL
2015-04-20 00:00:00-04:00,27.94768617989097,28.51522995625131,27.85865920574181,28.39949607849121,188217200,0.0,0.0,AAPL
2015-04-21 00:00:00-04:00,28.51078068083827,28.533035301511646,28.19250870073043,28.245925903320312,129740400,0.0,0.0,AAPL
2015-04-22 00:00:00-04:00,28.263727728987256,28.682152261593764,28.11460853736159,28.626510620117188,150618000,0.0,0.0,AAPL
2015-04-23 00:00:00-04:00,28.555295265520478,29.02713536756887,28.519683794698807,28.860210418701172,183083600,0.0,0.0,AAPL
2015-04-24 00:00:00-04:00,29.042714062822512,29.073873247981275,28.76227800029719,28.995973587036133,178103600,0.0,0.0,AAPL
2015-04-27 00:00:00-04:00,29.447784748543075,29.63029098103793,29.189606691104967,29.523456573486328,387816800,0.0,0.0,AAPL
2015-04-28 00:00:00-04:00,29.92631195326201,29.94411429592281,28.83796121788467,29.058300018310547,475696000,0.0,0.0,AAPL
2015-04-29 00:00:00-04:00,28.969270286299476,29.28753890312954,28.55529626280579,28.63096809387207,253544400,0.0,0.0,AAPL
2015-04-30 00:00:00-04:00,28.63096684646575,28.63096684646575,27.727347007781397,27.854209899902344,332781600,0.0,0.0,AAPL
2015-05-01 00:00:00-04:00,28.06564627540629,28.962591047195207,27.88759402467133,28.699960708618164,234050400,0.0,0.0,AAPL
2015-05-04 00:00:00-04:00,28.822371566816837,29.06051943305505,28.54638779022326,28.644317626953125,203953200,0.0,0.0,AAPL
2015-05-05 00:00:00-04:00,28.52190599939661,28.588676652922196,27.99442428912783,27.998876571655273,197085600,0.0,0.0,AAPL
2015-05-06 00:00:00-04:00,28.168026736668235,28.210314931617717,27.455814336746123,27.823049545288086,288564000,0.0,0.0,AAPL
2015-05-07 00:00:00-04:00,27.885631387791218,28.17841268755224,27.718009170082315,27.995145797729492,175763600,0.13,0.0,AAPL
2015-05-08 00:00:00-04:00,28.31250741348548,28.522594451904297,28.185114608413503,28.522594451904297,222201600,0.0,0.0,AAPL
2015-05-11 00:00:00-04:00,28.471187045728733,28.509180998854276,28.07783316974487,28.232046127319336,168143200,0.0,0.0,AAPL
2015-05-12 00:00:00-04:00,28.071136212038358,28.35721121618964,27.89680936295501,28.131481170654297,192640000,0.0,0.0,AAPL
2015-05-13 00:00:00-04:00,28.194058663301394,28.42649502055542,28.131479971952515,28.162769317626953,138776800,0.0,0.0,AAPL
2015-05-14 00:00:00-04:00,28.475666191174675,28.819849014282227,28.419792112662968,28.819849014282227,180814000,0.0,0.0,AAPL
2015-05-15 00:00:00-04:00,28.846668788302317,28.940536824125893,28.654461835820847,28.779619216918945,152832000,0.0,0.0,AAPL
2015-05-18 00:00:00-04:00,28.692451449243087,29.21543188827345,28.687980569086267,29.09697914123535,203531600,0.0,0.0,AAPL
2015-05-19 00:00:00-04:00,29.208728417205545,29.25119325465269,28.97405664887513,29.070161819458008,178532800,0.0,0.0,AAPL
2015-05-20 00:00:00-04:00,29.054511455941448,29.27353681819189,28.90700311777437,29.067920684814453,145819600,0.0,0.0,AAPL
2015-05-21 00:00:00-04:00,29.07015627487437,29.418809848051335,29.01651595196952,29.365169525146484,158921600,0.0,0.0,AAPL
2015-05-22 00:00:00-04:00,29.412104978364436,29.718293719532653,29.36740300452463,29.622188568115234,182384000,0.0,0.0,AAPL
2015-05-26 00:00:00-04:00,29.635604807334932,29.704888100810432,28.857835383738582,28.96958351135254,282790400,0.0,0.0,AAPL
2015-05-27 00:00:00-04:00,29.130511095498946,29.55962364372095,29.065698659741216,29.510454177856445,183332800,0.0,0.0,AAPL
2015-05-28 00:00:00-04:00,29.470221192301462,29.49033504010866,29.300365238124932,29.452341079711914,122933200,0.0,0.0,AAPL
2015-05-29 00:00:00-04:00,29.329418658749454,29.37858811784808,29.03216816884701,29.117097854614258,203538000,0.0,0.0,AAPL
2015-06-01 00:00:00-04:00,29.117085999655234,29.365166929453434,29.065682826174605,29.175193786621094,128451200,0.0,0.0,AAPL
2015-06-02 00:00:00-04:00,29.023236540256857,29.202034304733715,28.902550010148108,29.04558753967285,134670400,0.0,0.0,AAPL
2015-06-03 00:00:00-04:00,29.20202305429558,29.264601736210718,29.032163708855297,29.08133316040039,123934000,0.0,0.0,AAPL
2015-06-04 00:00:00-04:00,28.960641763760385,29.184137992765837,28.810899699560547,28.91147232055664,153800400,0.0,0.0,AAPL
2015-06-05 00:00:00-04:00,28.942775142429205,28.985239991372325,28.687989459053906,28.7528018951416,142507200,0.0,0.0,AAPL
2015-06-08 00:00:00-04:00,28.808668102346388,28.877954811317277,28.34603259256239,28.562824249267578,210699200,0.0,0.0,AAPL
2015-06-09 00:00:00-04:00,28.316978141433584,28.625404100730464,28.075603453683758,28.477895736694336,224301600,0.0,0.0,AAPL
2015-06-10 00:00:00-04:00,28.589646987016224,28.907011331555527,28.574002313838697,28.8042049407959,156349200,0.0,0.0,AAPL
2015-06-11 00:00:00-04:00,28.871243758372724,29.094740006981706,28.71479706640286,28.739381790161133,141563600,0.0,0.0,AAPL
2015-06-12 00:00:00-04:00,28.64998902911091,28.681278372282137,28.408612634526005,28.422021865844727,147544800,0.0,0.0,AAPL
2015-06-15 00:00:00-04:00,28.18288111006913,28.437666737767664,28.09571769560075,28.366147994995117,175955600,0.0,0.0,AAPL
2015-06-16 00:00:00-04:00,28.39073461904774,28.574001516215095,28.24322794822594,28.51812744140625,125976400,0.0,0.0,AAPL
2015-06-17 00:00:00-04:00,28.54495410210142,28.580712631436786,28.325926928783165,28.451086044311523,131672400,0.0,0.0,AAPL
2015-06-18 00:00:00-04:00,28.435430619491505,28.67680529040624,28.433195179396215,28.58070182800293,141628800,0.0,0.0,AAPL
2015-06-19 00:00:00-04:00,28.54270529743611,28.567290020843135,28.249925761586532,28.29462432861328,218867600,0.0,0.0,AAPL
2015-06-22 00:00:00-04:00,28.49353887316094,28.62093167835589,28.40190628949359,28.52035903930664,136157200,0.0,0.0,AAPL
2015-06-23 00:00:00-04:00,28.49130807342398,28.520361977552458,28.357208934021436,28.39073371887207,121075600,0.0,0.0,AAPL
2015-06-24 00:00:00-04:00,28.430965482373335,29.009821813817823,28.41085163287626,28.632112503051758,221123600,0.0,0.0,AAPL
2015-06-25 00:00:00-04:00,28.799736077980338,28.875724008698565,28.49578094482422,28.49578094482422,127752400,0.0,0.0,AAPL
2015-06-26 00:00:00-04:00,28.533773621853992,28.605292373182664,28.27451878771564,28.328157424926758,176267200,0.0,0.0,AAPL
2015-06-29 00:00:00-04:00,28.039838959008318,28.265570646038608,27.820813591710092,27.831987380981445,196645600,0.0,0.0,AAPL
2015-06-30 00:00:00-04:00,28.06442761771925,28.18735125292746,27.905745464631284,28.033138275146484,177482800,0.0,0.0,AAPL
2015-07-01 00:00:00-04:00,28.361673884294436,28.370613938727992,28.158291482498353,28.29462432861328,120955200,0.0,0.0,AAPL
2015-07-02 00:00:00-04:00,28.256635638181272,28.31474515025024,28.10912727026959,28.25887107849121,108844000,0.0,0.0,AAPL
2015-07-06 00:00:00-04:00,27.92362458918554,28.21193498282255,27.903509038161864,28.16053009033203,112241600,0.0,0.0,AAPL
2015-07-07 00:00:00-04:00,28.135951863019304,28.19406138422615,27.662139046143515,28.09125328063965,187787200,0.0,0.0,AAPL
2015-07-08 00:00:00-04:00,27.820818700782862,27.856577220215424,27.387235356101556,27.393939971923828,243046400,0.0,0.0,AAPL
2015-07-09 00:00:00-04:00,27.68001899059427,27.726953013346197,26.645231639120965,26.835203170776367,314380000,0.0,0.0,AAPL
2015-07-10 00:00:00-04:00,27.25314329676741,27.6800204046373,27.089990223983175,27.552627563476562,245418000,0.0,0.0,AAPL
2015-07-13 00:00:00-04:00,27.943737583350398,28.106890606147157,27.78505544070762,28.08454132080078,165762000,0.0,0.0,AAPL
2015-07-14 00:00:00-04:00,28.169473455696266,28.243227642880512,27.945977158877167,28.0733699798584,127072400,0.0,0.0,AAPL
2015-07-15 00:00:00-04:00,28.097954011692185,28.417553776418547,28.06666466732524,28.343799591064453,134596800,0.0,0.0,AAPL
2015-07-16 00:00:00-04:00,28.549412835097545,28.73491685216096,28.462249426872162,28.72150421142578,144889600,0.0,0.0,AAPL
2015-07-17 00:00:00-04:00,28.84889703405364,28.96958351135254,28.67680396264912,28.96958351135254,184658800,0.0,0.0,AAPL
2015-07-20 00:00:00-04:00,29.271307426845436,29.7182999771092,29.21096247768072,29.517154693603516,235600800,0.0,0.0,AAPL
2015-07-21 00:00:00-04:00,29.691480984672705,29.707123950305423,29.126035691518517,29.222137451171875,307025600,0.0,0.0,AAPL
2015-07-22 00:00:00-04:00,27.264314136896378,28.04878665545674,27.264314136896378,27.986207962036133,461802400,0.0,0.0,AAPL
2015-07-23 00:00:00-04:00,28.205233965707485,28.40414554749355,27.950448305776092,27.97279930114746,203998000,0.0,0.0,AAPL
2015-07-24 00:00:00-04:00,28.008551826752115,28.102419848701462,27.691187540080794,27.825284957885742,168649200,0.0,0.0,AAPL
2015-07-27 00:00:00-04:00,27.510155519184096,27.62637453642065,27.29336556595134,27.438636779785156,177822000,0.0,0.0,AAPL
2015-07-28 00:00:00-04:00,27.574966430664062,27.693420874277674,27.389465840958135,27.574966430664062,134472400,0.0,0.0,AAPL
2015-07-29 00:00:00-04:00,27.523570362234157,27.601793728127678,27.3268925221116,27.487810134887695,148046800,0.0,0.0,AAPL
2015-07-30 00:00:00-04:00,27.338067666875485,27.393941742527627,27.201734785872933,27.3492431640625,134513200,0.0,0.0,AAPL
2015-07-31 00:00:00-04:00,27.40064200931833,27.40958206462054,27.02293447736177,27.110097885131836,171540000,0.0,0.0,AAPL
2015-08-03 00:00:00-04:00,27.154801556837054,27.39394253937885,26.2652854963179,26.470903396606445,279904000,0.0,0.0,AAPL
2015-08-04 00:00:00-04:00,26.242929960095648,26.305508638928767,25.310950982171413,25.621610641479492,496554400,0.0,0.0,AAPL
2015-08-05 00:00:00-04:00,25.243908296854702,26.247407986843598,25.053936768630475,25.791475296020508,397250400,0.0,0.0,AAPL
2015-08-06 00:00:00-04:00,26.036184672313123,26.15517360004119,25.62084534827494,25.847597122192383,211612000,0.13,0.0,AAPL
2015-08-07 00:00:00-04:00,25.724115790954087,26.09904357575176,25.70615474772969,25.935152053833008,154681600,0.0,0.0,AAPL
2015-08-10 00:00:00-04:00,26.16191090980499,26.938708204443447,26.16191090980499,26.87809181213379,219806400,0.0,0.0,AAPL
2015-08-11 00:00:00-04:00,26.449278636773293,26.532347187350695,25.443484071415618,25.47940444946289,388331200,0.0,0.0,AAPL
2015-08-12 00:00:00-04:00,25.263879047707533,25.91270687868641,24.612805657653865,25.872295379638672,404870000,0.0,0.0,AAPL
2015-08-13 00:00:00-04:00,26.051902774432822,26.13272577361948,25.715140848774993,25.85209083557129,194143200,0.0,0.0,AAPL
2015-08-14 00:00:00-04:00,25.665742732593245,26.11251296830233,25.596145832594658,26.033935546875,171718000,0.0,0.0,AAPL
2015-08-17 00:00:00-04:00,26.05189905602863,26.41335694167236,25.93066457455252,26.303348541259766,163538800,0.0,0.0,AAPL
2015-08-18 00:00:00-04:00,26.1394587685389,26.36621226099731,26.045165847545757,26.155174255371094,138242800,0.0,0.0,AAPL
2015-08-19 00:00:00-04:00,26.065370553726364,26.159663474047857,25.74656970148154,25.82065773010254,193146000,0.0,0.0,AAPL
2015-08-20 00:00:00-04:00,25.611865582992174,25.67248197165876,25.06182011566237,25.29081916809082,274006400,0.0,0.0,AAPL
2015-08-21 00:00:00-04:00,24.792409069266427,25.122435977672446,23.719261511904985,23.74395751953125,513102000,0.0,0.0,AAPL
2015-08-24 00:00:00-04:00,21.299068037295623,24.42646358562322,20.6547296584936,23.15125846862793,648825200,0.0,0.0,AAPL
2015-08-25 00:00:00-04:00,24.945079116046035,24.945079116046035,23.236573434688918,23.290454864501953,414406400,0.0,0.0,AAPL
2015-08-26 00:00:00-04:00,24.042550288822852,24.671173096581096,23.58455567823423,24.626272201538086,387098400,0.0,0.0,AAPL
2015-08-27 00:00:00-04:00,25.196523507050735,25.423275263018773,24.700359518356937,25.35143280029297,338464400,0.0,0.0,AAPL
2015-08-28 00:00:00-04:00,25.18305783444788,25.43899677560318,25.041618434186212,25.434507369995117,212657600,0.0,0.0,AAPL
2015-08-31 00:00:00-04:00,25.151622075115288,25.712891876712465,25.14488711155364,25.315513610839844,224917200,0.0,0.0,AAPL
2015-09-01 00:00:00-04:00,24.729550577481078,25.117948364592795,24.10317320302828,24.183996200561523,307383600,0.0,0.0,AAPL
2015-09-02 00:00:00-04:00,24.74751360338872,25.221223831176758,24.500553472920295,25.221223831176758,247555200,0.0,0.0,AAPL
2015-09-03 00:00:00-04:00,25.254893959706628,25.320001458230458,24.70485027311687,24.77893829345703,212935600,0.0,0.0,AAPL
2015-09-04 00:00:00-04:00,24.46462726179692,24.79689800987154,24.36135382859214,24.531978607177734,199985200,0.0,0.0,AAPL
2015-09-08 00:00:00-04:00,25.088757479605587,25.270608327987073,24.767711118511023,25.214481353759766,219374400,0.0,0.0,AAPL
2015-09-09 00:00:00-04:00,25.540021221302467,25.598392046700837,24.644233395573615,24.72954750061035,340043200,0.0,0.0,AAPL
2015-09-10 00:00:00-04:00,24.75648687238155,25.432256171737155,24.67342004060185,25.272855758666992,251571200,0.0,0.0,AAPL
2015-09-11 00:00:00-04:00,25.097745296086877,25.641054153442383,25.091010331279467,25.641054153442383,199662000,0.0,0.0,AAPL
2015-09-14 00:00:00-04:00,26.173137996510956,26.242734914955115,25.786984037027672,25.888011932373047,233453600,0.0,0.0,AAPL
2015-09-15 00:00:00-04:00,26.027202221456314,26.161906625643375,25.688194795845646,26.10577964782715,173364800,0.0,0.0,AAPL
2015-09-16 00:00:00-04:00,26.09904761928949,26.16415512642055,25.917196738831453,26.13496971130371,148694000,0.0,0.0,AAPL
2015-09-17 00:00:00-04:00,25.96659577083315,26.15293610668172,25.53104970827558,25.575950622558594,256450400,0.0,0.0,AAPL
2015-09-18 00:00:00-04:00,25.192033404580197,25.661255846333503,25.115701534234777,25.470422744750977,297141200,0.0,0.0,AAPL
2015-09-21 00:00:00-04:00,25.519812439950506,25.901476895542967,25.517568594221718,25.865554809570312,200888000,0.0,0.0,AAPL
2015-09-22 00:00:00-04:00,25.45471069455325,25.63431773927507,25.26163372097819,25.45920181274414,201384800,0.0,0.0,AAPL
2015-09-23 00:00:00-04:00,25.510837563658463,25.755552118136006,25.4367512424494,25.665748596191406,143026800,0.0,0.0,AAPL
2015-09-24 00:00:00-04:00,25.425520133972167,25.93066291809082,25.227953795035138,25.818408966064453,200878000,0.0,0.0,AAPL
2015-09-25 00:00:00-04:00,26.141702986561604,26.19782996706325,25.598392513532445,25.75330352783203,224607600,0.0,0.0,AAPL
2015-09-28 00:00:00-04:00,25.560226698067176,25.72187267672953,25.243671417236328,25.243671417236328,208436000,0.0,0.0,AAPL
2015-09-29 00:00:00-04:00,25.3312305392274,25.483896002469564,24.215425836056493,24.484834671020508,293461600,0.0,0.0,AAPL
2015-09-30 00:00:00-04:00,24.73404223826543,25.04161876875185,24.41075193151093,24.763229370117188,265892000,0.0,0.0,AAPL
2015-10-01 00:00:00-04:00,24.48707634396447,24.610556372895342,24.09194196424501,24.60157585144043,255716400,0.0,0.0,AAPL
2015-10-02 00:00:00-04:00,24.24910057614657,24.922624326629283,24.145827139949024,24.78118324279785,232079200,0.0,0.0,AAPL
2015-10-05 00:00:00-04:00,24.668933252951508,25.003451336098365,24.48708235918129,24.870990753173828,208258800,0.0,0.0,AAPL
2015-10-06 00:00:00-04:00,24.837307632198726,25.086511530921396,24.644230706830545,24.989973068237305,192787200,0.0,0.0,AAPL
2015-10-07 00:00:00-04:00,25.086518182457723,25.09325314698851,24.56341595386961,24.870990753173828,187062400,0.0,0.0,AAPL
2015-10-08 00:00:00-04:00,24.738525344065252,24.738525344065252,24.293998961076174,24.583614349365234,247918400,0.0,0.0,AAPL
2015-10-09 00:00:00-04:00,24.69587180494445,25.20774960102577,24.581372283339036,25.171829223632812,211064400,0.0,0.0,AAPL
2015-10-12 00:00:00-04:00,25.30877735476283,25.313266759288155,25.019161946386163,25.055082321166992,121868800,0.0,0.0,AAPL
2015-10-13 00:00:00-04:00,24.87997478362556,25.245922181875844,24.848543802811918,25.097747802734375,132197200,0.0,0.0,AAPL
2015-10-14 00:00:00-04:00,24.985486156823974,25.037122018260597,24.59708670880229,24.743017196655273,177849600,0.0,0.0,AAPL
2015-10-15 00:00:00-04:00,24.904662394999534,25.167336237244093,24.80587836699943,25.113454818725586,150694000,0.0,0.0,AAPL
2015-10-16 00:00:00-04:00,25.09549289579994,25.144884908069713,24.814858019593803,24.929357528686523,156930400,0.0,0.0,AAPL
2015-10-19 00:00:00-04:00,24.875479936134393,25.08876178969489,24.72056891253932,25.084272384643555,119036800,0.0,0.0,AAPL
2015-10-20 00:00:00-04:00,24.996716231895114,25.632074189802136,24.879972842674743,25.54227066040039,195871200,0.0,0.0,AAPL
2015-10-21 00:00:00-04:00,25.593899495739684,25.94862237352125,25.526546443501925,25.54001808166504,167180800,0.0,0.0,AAPL
2015-10-22 00:00:00-04:00,25.66799210227932,25.930665969848633,25.616354524611886,25.930665969848633,166616400,0.0,0.0,AAPL
2015-10-23 00:00:00-04:00,26.200075531916905,26.76808205066041,26.117008691554844,26.734405517578125,237467600,0.0,0.0,AAPL
2015-10-26 00:00:00-04:00,26.509892236224317,26.5211166030824,25.800446476997013,25.881269454956055,265335200,0.0,0.0,AAPL
2015-10-27 00:00:00-04:00,25.908215738323356,26.16415464419889,25.591658731505955,25.717384338378906,279537600,0.0,0.0,AAPL
2015-10-28 00:00:00-04:00,26.251708091027325,26.78379241597238,26.056385606788414,26.777055740356445,342205600,0.0,0.0,AAPL
2015-10-29 00:00:00-04:00,26.649086661265095,27.095858609092918,26.55254819714031,27.0599365234375,204909200,0.0,0.0,AAPL
2015-10-30 00:00:00-04:00,27.16322319097556,27.214860786060864,26.817480655878764,26.828706741333008,197461200,0.0,0.0,AAPL
2015-11-02 00:00:00-05:00,27.120557282149267,27.246281168589885,26.853392310603464,27.205869674682617,128813200,0.0,0.0,AAPL
2015-11-03 00:00:00-05:00,27.11831474782773,27.724485511182642,27.098108142190735,27.5179386138916,182076000,0.0,0.0,AAPL
2015-11-04 00:00:00-05:00,27.643664154434862,27.798575193023755,27.304658372309294,27.389970779418945,179544400,0.0,0.0,AAPL
2015-11-05 00:00:00-05:00,27.473394330723682,27.662789164712937,27.096861554346457,27.263708114624023,158210800,0.13,0.0,AAPL
2015-11-06 00:00:00-05:00,27.306543147398287,27.46437071550903,27.19606384972077,27.295269012451172,132169200,0.0,0.0,AAPL
2015-11-09 00:00:00-05:00,27.272724318900785,27.46437258470477,27.06754846639277,27.184791564941406,135485600,0.0,0.0,AAPL
2015-11-10 00:00:00-05:00,26.357316897342074,26.621115118947525,26.167922111441595,26.328004837036133,236511600,0.0,0.0,AAPL
2015-11-11 00:00:00-05:00,26.23782353744832,26.47456491372113,25.9762787177279,26.179201126098633,180872000,0.0,0.0,AAPL
2015-11-12 00:00:00-05:00,26.21301432024898,26.339276351497883,26.075478156128067,26.09126091003418,130102400,0.0,0.0,AAPL
2015-11-13 00:00:00-05:00,25.974021066496764,26.05744519313716,25.31339700688268,25.329179763793945,183249600,0.0,0.0,AAPL
2015-11-16 00:00:00-05:00,25.112729637200466,25.757570936007227,25.02705206022718,25.744043350219727,152426800,0.0,0.0,AAPL
2015-11-17 00:00:00-05:00,25.91088789655169,25.940199957100166,25.550137968269766,25.633562088012695,110467600,0.0,0.0,AAPL
2015-11-18 00:00:00-05:00,26.100284271190556,26.490344563549368,26.04166186672009,26.44525146484375,186698800,0.0,0.0,AAPL
2015-11-19 00:00:00-05:00,26.524162176952128,26.999901710042927,26.325750157349685,26.78119659423828,173183200,0.0,0.0,AAPL
2015-11-20 00:00:00-05:00,26.87589495357598,27.03823285348772,26.796981174505373,26.8984432220459,137148400,0.0,0.0,AAPL
2015-11-23 00:00:00-05:00,26.891681321159318,26.995398553515166,26.45652617219215,26.548969268798828,129930000,0.0,0.0,AAPL
2015-11-24 00:00:00-05:00,26.454269467031388,26.90971594009224,26.406921199054125,26.80374526977539,171212800,0.0,0.0,AAPL
2015-11-25 00:00:00-05:00,26.878155964498703,26.88266630724923,26.587300783992234,26.612102508544922,85553200,0.0,0.0,AAPL
2015-11-27 00:00:00-05:00,26.67071820687265,26.697775095987275,26.51514410479836,26.56249237060547,52185600,0.0,0.0,AAPL
2015-11-30 00:00:00-05:00,26.60307709864564,26.923244268894898,26.548965040090113,26.6729736328125,156721200,0.0,0.0,AAPL
2015-12-01 00:00:00-05:00,26.774435917960403,26.787963503541896,26.348299770228813,26.456523895263672,139409600,0.0,0.0,AAPL
2015-12-02 00:00:00-05:00,26.456525834016308,26.63013788926134,26.17243619483793,26.217529296875,133546400,0.0,0.0,AAPL
2015-12-03 00:00:00-05:00,26.27839864631263,26.332510695847272,25.753055743182006,25.974014282226562,166278000,0.0,0.0,AAPL
2015-12-04 00:00:00-05:00,25.994313061917634,26.887169815402363,25.953728585841446,26.837566375732422,231108000,0.0,0.0,AAPL
2015-12-07 00:00:00-05:00,26.82629586177749,27.024707914321493,26.562495888498777,26.668466567993164,128336800,0.0,0.0,AAPL
2015-12-08 00:00:00-05:00,26.497109672774585,26.7406165463424,26.348301063499722,26.657194137573242,137238000,0.0,0.0,AAPL
2015-12-09 00:00:00-05:00,26.524170254171413,26.53544439107156,25.946970224872715,26.068723678588867,185445600,0.0,0.0,AAPL
2015-12-10 00:00:00-05:00,26.163411982131223,26.366334340975893,26.04391373753137,26.19272232055664,116850800,0.0,0.0,AAPL
2015-12-11 00:00:00-05:00,25.97176485417718,26.01685794907438,25.44416669888514,25.518571853637695,187544800,0.0,0.0,AAPL
2015-12-14 00:00:00-05:00,25.293106917837292,25.405841393006796,24.754236264142396,25.360748291015625,257274800,0.0,0.0,AAPL
2015-12-15 00:00:00-05:00,25.239002335072794,25.432905827474347,24.880505703235656,24.912071228027344,213292400,0.0,0.0,AAPL
2015-12-16 00:00:00-05:00,25.04283051408798,25.250261488081605,24.531016870835494,25.10370635986328,224954000,0.0,0.0,AAPL
2015-12-17 00:00:00-05:00,25.25702582075286,25.308884425457535,24.57160186767578,24.57160186767578,179091200,0.0,0.0,AAPL
2015-12-18 00:00:00-05:00,24.555817018191348,24.69335145505753,23.856862100612094,23.906465530395508,385813200,0.0,0.0,AAPL
2015-12-21 00:00:00-05:00,24.188312730821778,24.20860583421924,23.802760968188597,24.199586868286133,190362400,0.0,0.0,AAPL
2015-12-22 00:00:00-05:00,24.215367504458612,24.28751750540266,24.001170952768174,24.177038192749023,131157600,0.0,0.0,AAPL
2015-12-23 00:00:00-05:00,24.186047137920035,24.542288397916,24.17026438438559,24.488176345825195,130629600,0.0,0.0,AAPL
2015-12-24 00:00:00-05:00,24.5761136635021,24.5761136635021,24.33937059609821,24.35740852355957,54281600,0.0,0.0,AAPL
2015-12-28 00:00:00-05:00,24.258201230202115,24.2807494992411,23.94029093501106,24.084590911865234,106816800,0.0,0.0,AAPL
2015-12-29 00:00:00-05:00,24.116159728534203,24.67306833434961,24.09361317659744,24.517494201660156,123724800,0.0,0.0,AAPL
2015-12-30 00:00:00-05:00,24.481414147760834,24.508469315471615,24.16575733633558,24.197322845458984,100855200,0.0,0.0,AAPL
2015-12-31 00:00:00-05:00,24.127435079311855,24.131943701849536,23.63365748213644,23.732864379882812,163649200,0.0,0.0,AAPL
2016-01-04 00:00:00-05:00,23.135362850696097,23.757657466333654,22.99782669071477,23.75314712524414,270597600,0.0,0.0,AAPL
2016-01-05 00:00:00-05:00,23.84334091401202,23.86588746445505,23.09027546402736,23.157915115356445,223164000,0.0,0.0,AAPL
2016-01-06 00:00:00-05:00,22.67315593698659,23.081255885975757,22.517583538933,22.704721450805664,273829600,0.0,0.0,AAPL
2016-01-07 00:00:00-05:00,22.249273586684012,22.57620283984095,21.74196850545963,21.746477127075195,324377600,0.0,0.0,AAPL
2016-01-08 00:00:00-05:00,22.21996773378956,22.3462298068249,21.81637807011819,21.86147117614746,283192000,0.0,0.0,AAPL
2016-01-11 00:00:00-05:00,22.31466290023333,22.33495428062653,21.947147400212437,22.215456008911133,198957600,0.0,0.0,AAPL
2016-01-12 00:00:00-05:00,22.670901786095747,22.70246729894013,22.285348398855252,22.537874221801758,196616800,0.0,0.0,AAPL
2016-01-13 00:00:00-05:00,22.61904778838924,22.81520641838158,21.938132232188153,21.958423614501953,249758400,0.0,0.0,AAPL
2016-01-14 00:00:00-05:00,22.086941947171443,22.65512476253134,21.586400516561202,22.43867301940918,252680400,0.0,0.0,AAPL
2016-01-15 00:00:00-05:00,21.690116924624103,22.030575593337915,21.500723791951696,21.899803161621094,319335600,0.0,0.0,AAPL
2016-01-19 00:00:00-05:00,22.18839573268043,22.24250778814382,21.53228039444584,21.793825149536133,212350800,0.0,0.0,AAPL
2016-01-20 00:00:00-05:00,21.442098000740142,22.13879798972315,21.06331007473765,21.82314109802246,289337600,0.0,0.0,AAPL
2016-01-21 00:00:00-05:00,21.884014993459072,22.06889945737359,21.406021936612106,21.71265983581543,208646000,0.0,0.0,AAPL
2016-01-22 00:00:00-05:00,22.23800300728876,22.876080579854502,22.17938231595851,22.867061614990234,263202000,0.0,0.0,AAPL
2016-01-25 00:00:00-05:00,22.889601590857914,22.89185676147398,22.368768990971528,22.42062759399414,207178000,0.0,0.0,AAPL
2016-01-26 00:00:00-05:00,22.53111009480437,22.745304888812232,22.111737750160597,22.54463768005371,300308000,0.0,0.0,AAPL
2016-01-27 00:00:00-05:00,21.654032096508686,21.787057914040105,21.04526506998304,21.063302993774414,533478800,0.0,0.0,AAPL
2016-01-28 00:00:00-05:00,21.146734883413128,21.311326268055467,20.83107798166302,21.214374542236328,222715200,0.0,0.0,AAPL
2016-01-29 00:00:00-05:00,21.3722081353739,21.947153091430664,21.27300121832589,21.947153091430664,257666000,0.0,0.0,AAPL
2016-02-01 00:00:00-05:00,21.75098902632416,21.80510109054244,21.509737328119584,21.74197006225586,163774000,0.0,0.0,AAPL
2016-02-02 00:00:00-05:00,21.51424869826253,21.654040078890674,21.257214210153034,21.302309036254883,149428800,0.0,0.0,AAPL
2016-02-03 00:00:00-05:00,21.41954577664506,21.83440773231145,21.21211479881186,21.723928451538086,183857200,0.0,0.0,AAPL
2016-02-04 00:00:00-05:00,21.730735187098187,22.063973316124038,21.57885168310811,21.898487091064453,185886800,0.13,0.0,AAPL
2016-02-05 00:00:00-05:00,21.880342806026064,21.971020083414807,21.238804830218037,21.31361198425293,185672400,0.0,0.0,AAPL
2016-02-08 00:00:00-05:00,21.111864924492025,21.69446438775061,21.091463436407842,21.538047790527344,216085600,0.0,0.0,AAPL
2016-02-09 00:00:00-05:00,21.374824329473952,21.748867095584664,21.29321493579432,21.53350830078125,177324800,0.0,0.0,AAPL
2016-02-10 00:00:00-05:00,21.74433742555467,21.841815239434162,21.331757272988767,21.37029457092285,169374400,0.0,0.0,AAPL
2016-02-11 00:00:00-05:00,21.261480638674737,21.47230464218728,20.989448717950868,21.241077423095703,200298800,0.0,0.0,AAPL
2016-02-12 00:00:00-05:00,21.352153702933542,21.42242778029908,21.084656651945615,21.306814193725586,161405600,0.0,0.0,AAPL
2016-02-16 00:00:00-05:00,21.540308544485956,21.95515600260538,21.44736557080993,21.907550811767578,196231600,0.0,0.0,AAPL
2016-02-17 00:00:00-05:00,21.914350378625155,22.263456826183887,21.796471110520166,22.24305534362793,179452800,0.0,0.0,AAPL
2016-02-18 00:00:00-05:00,22.406278174861324,22.417613487779054,21.7828740139564,21.821413040161133,156084000,0.0,0.0,AAPL
2016-02-19 00:00:00-05:00,21.762469877436367,21.934756581566603,21.717132090335326,21.77153778076172,141496800,0.0,0.0,AAPL
2016-02-22 00:00:00-05:00,21.83273765113201,21.966487024586485,21.744327781189735,21.961952209472656,137123200,0.0,0.0,AAPL
2016-02-23 00:00:00-05:00,21.853147485168304,21.875816379034177,21.433766895309585,21.465503692626953,127770400,0.0,0.0,AAPL
2016-02-24 00:00:00-05:00,21.304548576852696,21.848608852713806,21.154930790323082,21.78513526916504,145022800,0.0,0.0,AAPL
2016-02-25 00:00:00-05:00,21.773803941943285,21.934755325317383,21.59244934487425,21.934755325317383,110330800,0.0,0.0,AAPL
2016-02-26 00:00:00-05:00,22.034494979329367,22.220382630830805,21.89394683400225,21.9687557220459,115964400,0.0,0.0,AAPL
2016-02-29 00:00:00-05:00,21.957427294571414,22.267996523477894,21.909822095312908,21.91888999938965,140865200,0.0,0.0,AAPL
2016-03-01 00:00:00-05:00,22.136505847523505,22.843784793520882,22.084365851863993,22.789379119873047,201628400,0.0,0.0,AAPL
2016-03-02 00:00:00-05:00,22.7848486992614,22.870991170072692,22.587625731123904,22.83925437927246,132678400,0.0,0.0,AAPL
2016-03-03 00:00:00-05:00,22.80072265228324,23.056884448902636,22.771251532552807,23.009279251098633,147822800,0.0,0.0,AAPL
2016-03-04 00:00:00-05:00,23.20650049020174,23.51933536446856,22.97980810114662,23.35158348083496,184220400,0.0,0.0,AAPL
2016-03-07 00:00:00-05:00,23.211034191665604,23.310779398939523,22.886863997551092,23.093154907226562,143315600,0.0,0.0,AAPL
2016-03-08 00:00:00-05:00,22.846055943977557,23.06821521951815,22.75991346912839,22.902729034423828,126247600,0.0,0.0,AAPL
2016-03-09 00:00:00-05:00,22.966209958569895,23.027417884347035,22.730449619425755,22.923139572143555,108806800,0.0,0.0,AAPL
2016-03-10 00:00:00-05:00,22.988876643166282,23.17703001687174,22.703243740751244,22.93446922302246,134054400,0.0,0.0,AAPL
2016-03-11 00:00:00-05:00,23.17703142168694,23.186099325593872,23.009279523223285,23.18156623840332,109632800,0.0,0.0,AAPL
2016-03-14 00:00:00-04:00,23.10223012693694,23.328922593787734,23.072758999349524,23.240510940551758,100304400,0.0,0.0,AAPL
2016-03-15 00:00:00-04:00,23.566939118417665,23.843504092887734,23.54200281878344,23.707489013671875,160270800,0.0,0.0,AAPL
2016-03-16 00:00:00-04:00,23.71428887677972,24.0996652125511,23.709754060862114,24.02259063720703,153214000,0.0,0.0,AAPL
2016-03-17 00:00:00-04:00,23.92058114834464,24.135939964811694,23.79363395852878,23.98405647277832,137682800,0.0,0.0,AAPL
2016-03-18 00:00:00-04:00,24.106463729085498,24.14273533534834,23.845768909554153,24.011253356933594,176820800,0.0,0.0,AAPL
2016-03-21 00:00:00-04:00,24.013528143565434,24.40343938307577,23.834440924044944,24.008995056152344,142010800,0.0,0.0,AAPL
2016-03-22 00:00:00-04:00,23.859375491492568,24.32182820262374,23.85030758780069,24.19261360168457,129777600,0.0,0.0,AAPL
2016-03-23 00:00:00-04:00,24.13820831977842,24.271956010076394,24.00672630829763,24.05886459350586,102814000,0.0,0.0,AAPL
2016-03-24 00:00:00-04:00,23.909246336109632,24.086066121263983,23.77776433654975,23.9545841217041,104532000,0.0,0.0,AAPL
2016-03-28 00:00:00-04:00,24.02939398427441,24.072466092977475,23.8163025785128,23.845773696899414,77645600,0.0,0.0,AAPL
2016-03-29 00:00:00-04:00,23.777766247813826,24.435174568930254,23.775498839494148,24.41023826599121,124760400,0.0,0.0,AAPL
2016-03-30 00:00:00-04:00,24.63013275552653,25.031377593845086,24.618797442266708,24.836421966552734,182404400,0.0,0.0,AAPL
2016-03-31 00:00:00-04:00,24.8726929560403,24.913497661406872,24.682270421154318,24.70720672607422,103553600,0.0,0.0,AAPL
2016-04-01 00:00:00-04:00,24.659595644549775,24.936160611694472,24.52811365532926,24.93389320373535,103496000,0.0,0.0,AAPL
2016-04-04 00:00:00-04:00,25.031372051643565,25.43261853064803,24.997367848918945,25.1900577545166,149424800,0.0,0.0,AAPL
2016-04-05 00:00:00-04:00,24.825084521379363,25.10164951845118,24.80468130659051,24.893091201782227,106314800,0.0,0.0,AAPL
2016-04-06 00:00:00-04:00,24.988303135262203,25.158322429290177,24.75480851866221,25.15378761291504,105616400,0.0,0.0,AAPL
2016-04-07 00:00:00-04:00,24.924825622431,25.03137131404998,24.509979895896688,24.60519027709961,127207600,0.0,0.0,AAPL
2016-04-08 00:00:00-04:00,24.68906979727061,24.88402366760454,24.5213161781653,24.632396697998047,94326800,0.0,0.0,AAPL
2016-04-11 00:00:00-04:00,24.702663308499393,25.07443858880409,24.670926520877664,24.71399688720703,117630000,0.0,0.0,AAPL
2016-04-12 00:00:00-04:00,24.786546624674372,25.049510643502522,24.632397450289883,25.03590965270996,108929200,0.0,0.0,AAPL
2016-04-13 00:00:00-04:00,25.117514925595028,25.466619648378188,25.117514925595028,25.39861297607422,133029200,0.0,0.0,AAPL
2016-04-14 00:00:00-04:00,25.30340480951306,25.477957186166464,25.237663809870032,25.412216186523438,101895600,0.0,0.0,AAPL
2016-04-15 00:00:00-04:00,25.41448207711589,25.457554181436986,24.874954851968493,24.902156829833984,187756000,0.0,0.0,AAPL
2016-04-18 00:00:00-04:00,24.684534050133532,24.698135039997922,24.242484584284085,24.364898681640625,243286000,0.0,0.0,AAPL
2016-04-19 00:00:00-04:00,24.455573599366666,24.48277730789355,24.081532551894348,24.23568344116211,129539600,0.0,0.0,AAPL
2016-04-20 00:00:00-04:00,24.17447610009353,24.503179370640357,24.04299410006453,24.285554885864258,122444000,0.0,0.0,AAPL
2016-04-21 00:00:00-04:00,24.240215104062983,24.240215104062983,23.920578033367182,24.02259063720703,126210000,0.0,0.0,AAPL
2016-04-22 00:00:00-04:00,23.80496847228656,24.13820656390819,23.716558578124786,23.956851959228516,134732400,0.0,0.0,AAPL
2016-04-25 00:00:00-04:00,23.802705026179392,23.95005545081808,23.691626220324498,23.82084083557129,112126400,0.0,0.0,AAPL
2016-04-26 00:00:00-04:00,23.555610057989227,23.870712381629517,23.555610057989227,23.655353546142578,224064800,0.0,0.0,AAPL
2016-04-27 00:00:00-04:00,21.762476247835366,22.37681260937174,21.68993472952363,22.17505645751953,458408400,0.0,0.0,AAPL
2016-04-28 00:00:00-04:00,22.12744071649844,22.18864689082226,21.365754271994227,21.497236251831055,328970800,0.0,0.0,AAPL
2016-04-29 00:00:00-04:00,21.306818058140756,21.472304270094504,20.971314276778763,21.250144958496094,274126000,0.0,0.0,AAPL
2016-05-02 00:00:00-04:00,21.30227545645555,21.327211747523418,20.946368618834608,21.227466583251953,192640400,0.0,0.0,AAPL
2016-05-03 00:00:00-04:00,21.35442264964809,21.70352914111735,21.236543366716273,21.576581954956055,227325200,0.0,0.0,AAPL
2016-05-04 00:00:00-04:00,21.581115670263795,21.73980138711214,21.268280782602496,21.352157592773438,164102000,0.0,0.0,AAPL
2016-05-05 00:00:00-04:00,21.438821402530515,21.454786412696134,21.137765682224863,21.265485763549805,143562000,0.1425,0.0,AAPL
2016-05-06 00:00:00-04:00,21.295134329047688,21.313378810356333,20.948463083351843,21.146886825561523,174799600,0.0,0.0,AAPL
2016-05-09 00:00:00-04:00,21.21075018185487,21.386365304832808,21.117239587761883,21.16285514831543,131745600,0.0,0.0,AAPL
2016-05-10 00:00:00-04:00,21.28601765002479,21.340754590600596,21.00776878034248,21.306543350219727,134747200,0.0,0.0,AAPL
2016-05-11 00:00:00-04:00,21.320231675417837,21.340757378294,21.087596602484133,21.099000930786133,114876400,0.0,0.0,AAPL
2016-05-12 00:00:00-04:00,21.146890248583844,21.160574046794167,20.40565435122547,20.604076385498047,305258800,0.0,0.0,AAPL
2016-05-13 00:00:00-04:00,20.526531279465186,20.907412053370802,20.526531279465186,20.64512825012207,177571200,0.0,0.0,AAPL
2016-05-16 00:00:00-04:00,21.07162183493153,21.527766915008076,20.90284864251872,21.411449432373047,245039200,0.0,0.0,AAPL
2016-05-17 00:00:00-04:00,21.56426407955481,21.598473576008658,21.213032082163878,21.322505950927734,187667600,0.0,0.0,AAPL
2016-05-18 00:00:00-04:00,21.475314035757787,21.714789190328467,21.413733467399883,21.56654167175293,168249600,0.0,0.0,AAPL
2016-05-19 00:00:00-04:00,21.58478852575027,21.58478852575027,21.340750938214907,21.48443603515625,121768400,0.0,0.0,AAPL
2016-05-20 00:00:00-04:00,21.58479091378016,21.7649684781644,21.557421575120426,21.717073440551758,128104000,0.0,0.0,AAPL
2016-05-23 00:00:00-04:00,21.86531999031862,22.166375741727613,21.819704427950118,21.993040084838867,152074400,0.0,0.0,AAPL
2016-05-24 00:00:00-04:00,22.173214878155196,22.371636894552335,22.08654619048236,22.328304290771484,140560800,0.0,0.0,AAPL
2016-05-25 00:00:00-04:00,22.503924379051572,22.74796200613963,22.3762042721811,22.72059440612793,152675200,0.0,0.0,AAPL
2016-05-26 00:00:00-04:00,22.734280213725686,22.973757175311228,22.497084465694552,22.900774002075195,225324800,0.0,0.0,AAPL
2016-05-27 00:00:00-04:00,22.679545470840015,22.914460028125326,22.636211109379367,22.8870906829834,145364800,0.0,0.0,AAPL
2016-05-31 00:00:00-04:00,22.716030227631464,22.898489000566585,22.538133881050424,22.77532958984375,169228800,0.0,0.0,AAPL
2016-06-01 00:00:00-04:00,22.583748083786627,22.702346810204308,22.426379173042644,22.45602798461914,116693200,0.0,0.0,AAPL
2016-06-02 00:00:00-04:00,22.259888805600685,22.31462575072992,22.038658071464212,22.28725814819336,160766400,0.0,0.0,AAPL
2016-06-03 00:00:00-04:00,22.303217859651237,22.412691723878453,22.225672277439237,22.332866668701172,114019600,0.0,0.0,AAPL
2016-06-06 00:00:00-04:00,22.348836133546456,23.238319722918746,22.24848536134896,22.494802474975586,93170000,0.0,0.0,AAPL
2016-06-07 00:00:00-04:00,22.636205302594902,22.777610939469497,22.5700640405111,22.586029052734375,89638000,0.0,0.0,AAPL
2016-06-08 00:00:00-04:00,22.58374665114614,22.706906056125884,22.506202807300966,22.565502166748047,83392400,0.0,0.0,AAPL
2016-06-09 00:00:00-04:00,22.465144673300756,22.8049722628692,22.456021563103942,22.727428436279297,106405600,0.0,0.0,AAPL
2016-06-10 00:00:00-04:00,22.47199043461949,22.6590098756707,22.4605878499545,22.54041290283203,126851600,0.0,0.0,AAPL
2016-06-13 00:00:00-04:00,22.508487658563357,22.60655895578492,22.145851284165122,22.20058822631836,152082000,0.0,0.0,AAPL
2016-06-14 00:00:00-04:00,22.19602674506602,22.46059181277351,22.066025424570018,22.227956771850586,127727600,0.0,0.0,AAPL
2016-06-15 00:00:00-04:00,22.31005959227909,22.444623318622153,22.129882046190804,22.154970169067383,117780800,0.0,0.0,AAPL
2016-06-16 00:00:00-04:00,21.997594853049463,22.29408983848365,21.91092791794893,22.248476028442383,125307200,0.0,0.0,AAPL
2016-06-17 00:00:00-04:00,22.036372718938903,22.043214617747715,21.735316990961696,21.742158889770508,244032800,0.0,0.0,AAPL
2016-06-20 00:00:00-04:00,21.894964816136,22.02496610012959,21.673734164064086,21.689699172973633,137647600,0.0,0.0,AAPL
2016-06-21 00:00:00-04:00,21.65321047429848,21.97479189497669,21.59391111854967,21.874441146850586,142185600,0.0,0.0,AAPL
2016-06-22 00:00:00-04:00,21.951989461375142,22.097955797550195,21.746723757361476,21.792339324951172,116876400,0.0,0.0,AAPL
2016-06-23 00:00:00-04:00,21.881281588943867,21.96110663556737,21.72391096841788,21.91777229309082,128960800,0.0,0.0,AAPL
2016-06-24 00:00:00-04:00,21.190223989295156,21.58935099951601,21.13092463198961,21.301979064941406,301245600,0.0,0.0,AAPL
2016-06-27 00:00:00-04:00,21.210753628998063,21.222157956003795,20.868644699498095,20.991804122924805,181958400,0.0,0.0,AAPL
2016-06-28 00:00:00-04:00,21.187950793302498,21.361286504828513,21.014615081776487,21.345319747924805,161779600,0.0,0.0,AAPL
2016-06-29 00:00:00-04:00,21.43198090475795,21.564263420522675,21.354435321702322,21.530052185058594,146124000,0.0,0.0,AAPL
2016-06-30 00:00:00-04:00,21.539174360413405,21.84250956019456,21.50724433938381,21.80373764038086,143345600,0.0,0.0,AAPL
2016-07-01 00:00:00-04:00,21.778651291589384,22.00216319705296,21.74216058175079,21.86988067626953,104106000,0.0,0.0,AAPL
2016-07-05 00:00:00-04:00,21.755843103078664,21.75812431607707,21.543735535674536,21.664613723754883,110820800,0.0,0.0,AAPL
2016-07-06 00:00:00-04:00,21.57566745362745,21.817425591090963,21.523211730443737,21.78777503967285,123796400,0.0,0.0,AAPL
2016-07-07 00:00:00-04:00,21.82654223447001,22.009000969618565,21.808297752999522,21.88128089904785,100558400,0.0,0.0,AAPL
2016-07-08 00:00:00-04:00,22.006720208172048,22.097949577617026,21.906369467832516,22.0500545501709,115648400,0.0,0.0,AAPL
2016-07-11 00:00:00-04:00,22.066025123544975,22.271290821542625,22.061464436947663,22.11848258972168,95179600,0.0,0.0,AAPL
2016-07-12 00:00:00-04:00,22.16180625683839,22.282684413517124,22.15040367491987,22.21882438659668,96670000,0.0,0.0,AAPL
2016-07-13 00:00:00-04:00,22.21655465624445,22.275852284355423,22.08655159293596,22.093395233154297,103568800,0.0,0.0,AAPL
2016-07-14 00:00:00-04:00,22.211991859662117,22.576907696045488,22.196026846197096,22.531293869018555,155676000,0.0,0.0,AAPL
2016-07-15 00:00:00-04:00,22.560936976862678,22.647605662373472,22.465146920298082,22.529006958007812,120548000,0.0,0.0,AAPL
2016-07-18 00:00:00-04:00,22.510768551824576,22.836912491988333,22.48796163616017,22.768491744995117,145975600,0.0,0.0,AAPL
2016-07-19 00:00:00-04:00,22.70690138655792,22.80725386036123,22.656725149656264,22.777605056762695,95119600,0.0,0.0,AAPL
2016-07-20 00:00:00-04:00,22.807256961689006,22.912170134906102,22.747957606373042,22.798133850097656,105104000,0.0,0.0,AAPL
2016-07-21 00:00:00-04:00,22.76848692122754,23.035331432084845,22.60883506528855,22.677257537841797,130808000,0.0,0.0,AAPL
2016-07-22 00:00:00-04:00,22.63848351216135,22.647606623657907,22.42181352924326,22.50164031982422,113254800,0.0,0.0,AAPL
2016-07-25 00:00:00-04:00,22.40813514790241,22.54269715987412,22.10479814253619,22.20058822631836,161531600,0.0,0.0,AAPL
2016-07-26 00:00:00-04:00,22.081992233524726,22.344276109201676,21.990762832412383,22.047780990600586,224959200,0.0,0.0,AAPL
2016-07-27 00:00:00-04:00,23.781127765258628,23.79937398974331,23.434458200328418,23.480072021484375,369379200,0.0,0.0,AAPL
2016-07-28 00:00:00-04:00,23.452704090793322,23.82218056103933,23.450422877751294,23.79709243774414,159479200,0.0,0.0,AAPL
2016-07-29 00:00:00-04:00,23.76288392437889,23.844990196727817,23.646566415208607,23.767444610595703,110934800,0.0,0.0,AAPL
2016-08-01 00:00:00-04:00,23.813062417100653,24.209908277480622,23.813062417100653,24.187101364135742,152671600,0.0,0.0,AAPL
2016-08-02 00:00:00-04:00,24.187095297736498,24.191655983239222,23.71954586118139,23.829021453857422,135266400,0.0,0.0,AAPL
2016-08-03 00:00:00-04:00,23.904293748533902,24.1392082982378,23.895170633781024,24.127805709838867,120810400,0.0,0.0,AAPL
2016-08-04 00:00:00-04:00,24.210353990453193,24.306662989971674,24.141560848235834,24.276853561401367,109634800,0.1425,0.0,AAPL
2016-08-05 00:00:00-04:00,24.36857745625727,24.685023837541912,24.347940561555625,24.646041870117188,162213600,0.0,0.0,AAPL
2016-08-08 00:00:00-04:00,24.655207251081908,24.850120544433594,24.572657940892707,24.850120544433594,112148800,0.0,0.0,AAPL
2016-08-09 00:00:00-04:00,24.818018095110094,24.980826647077354,24.767570029813914,24.95101547241211,105260800,0.0,0.0,AAPL
2016-08-10 00:00:00-04:00,24.928084503856724,24.971653604723272,24.710242498488057,24.765275955200195,96034000,0.0,0.0,AAPL
2016-08-11 00:00:00-04:00,24.884516568350286,24.978533737890043,24.73088054686457,24.749225616455078,109938000,0.0,0.0,AAPL
2016-08-12 00:00:00-04:00,24.71482738730841,24.866171577035363,24.71482738730841,24.806550979614258,74641600,0.0,0.0,AAPL
2016-08-15 00:00:00-04:00,24.797372978677647,25.1184046062334,24.783615055183503,25.104646682739258,103472800,0.0,0.0,AAPL
2016-08-16 00:00:00-04:00,25.139043556051398,25.276629800218757,25.042734584719657,25.081716537475586,135177600,0.0,0.0,AAPL
2016-08-17 00:00:00-04:00,25.017511087209964,25.079425248294832,24.84323645718823,25.045028686523438,101424000,0.0,0.0,AAPL
2016-08-18 00:00:00-04:00,25.047326483957722,25.13216936789852,24.999170239662224,25.012929916381836,87938800,0.0,0.0,AAPL
2016-08-19 00:00:00-04:00,24.941842391231983,25.152807182345406,24.847826975725802,25.07713508605957,101472400,0.0,0.0,AAPL
2016-08-22 00:00:00-04:00,24.96247678965951,25.017510236934225,24.73087514771756,24.882219314575195,103280800,0.0,0.0,AAPL
2016-08-23 00:00:00-04:00,24.90056540957308,25.06796109012888,24.886807483589457,24.960186004638672,85030800,0.0,0.0,AAPL
2016-08-24 00:00:00-04:00,24.895972771233286,24.937248286652522,24.691888764294138,24.772146224975586,94700400,0.0,0.0,AAPL
2016-08-25 00:00:00-04:00,24.62539812993419,24.737758615516846,24.46258957954404,24.66667366027832,100344800,0.0,0.0,AAPL
2016-08-26 00:00:00-04:00,24.629986171859084,24.753811017933824,24.377745838605023,24.5222110748291,111065200,0.0,0.0,AAPL
2016-08-29 00:00:00-04:00,24.448825215948006,24.636857749238583,24.37315313865895,24.494686126708984,99881200,0.0,0.0,AAPL
2016-08-30 00:00:00-04:00,24.260794968706698,24.421309920976746,24.19200184660138,24.306655883789062,99455600,0.0,0.0,AAPL
2016-08-31 00:00:00-04:00,24.22869546614797,24.437364934138508,24.224108324290317,24.32958984375,118649600,0.0,0.0,AAPL
2016-09-01 00:00:00-04:00,24.338759750715155,24.49010392500426,24.21952031751797,24.47405242919922,106806000,0.0,0.0,AAPL
2016-09-02 00:00:00-04:00,24.696486519360487,24.765279662660802,24.49469598155244,24.703367233276367,107210000,0.0,0.0,AAPL
2016-09-06 00:00:00-04:00,24.74234055268381,24.834064128540437,24.652910547331064,24.69647789001465,107521600,0.0,0.0,AAPL
2016-09-07 00:00:00-04:00,24.72629678626044,24.93955342325019,24.55202211261192,24.847829818725586,169457200,0.0,0.0,AAPL
2016-09-08 00:00:00-04:00,24.59329809148723,24.597883484529294,24.13238823879873,24.19659423828125,212008000,0.0,0.0,AAPL
2016-09-09 00:00:00-04:00,23.994798105717134,24.242451259779802,23.648542404174805,23.648542404174805,186228000,0.0,0.0,AAPL
2016-09-12 00:00:00-04:00,23.53847762093643,24.242453442063752,23.510960018180622,24.178247451782227,181171200,0.0,0.0,AAPL
2016-09-13 00:00:00-04:00,24.652922198023937,24.946436379891274,24.59100801153105,24.753816604614258,248704800,0.0,0.0,AAPL
2016-09-14 00:00:00-04:00,24.93267506632283,25.91869902790144,24.90286388817397,25.629770278930664,443554800,0.0,0.0,AAPL
2016-09-15 00:00:00-04:00,26.109023900931234,26.537830735145132,26.024179262760363,26.501140594482422,359934400,0.0,0.0,AAPL
2016-09-16 00:00:00-04:00,26.39795351292414,26.629553472997593,26.1503003036655,26.35209083557129,319547600,0.0,0.0,AAPL
2016-09-19 00:00:00-04:00,26.414003187971904,26.64101773936924,25.969144870532038,26.044816970825195,188092000,0.0,0.0,AAPL
2016-09-20 00:00:00-04:00,25.923281082326604,26.168640676295237,25.799454499929077,26.04252052307129,138057200,0.0,0.0,AAPL
2016-09-21 00:00:00-04:00,26.10672854913394,26.138831545283097,25.78340501663684,26.03793716430664,144012800,0.0,0.0,AAPL
2016-09-22 00:00:00-04:00,26.22138431761686,26.356677024057987,26.141126822007134,26.28329849243164,124296000,0.0,0.0,AAPL
2016-09-23 00:00:00-04:00,26.23743644977777,26.322281089744948,25.579323220417336,25.845319747924805,209924800,0.0,0.0,AAPL
2016-09-26 00:00:00-04:00,25.59995487716264,26.001244032303827,25.57931798893525,25.884296417236328,119477600,0.0,0.0,AAPL
2016-09-27 00:00:00-04:00,25.911820077161522,25.953095612750452,25.76047586350802,25.932456970214844,98429600,0.0,0.0,AAPL
2016-09-28 00:00:00-04:00,26.07004270395469,26.287884734717814,26.01042209836854,26.129661560058594,118564400,0.0,0.0,AAPL
2016-09-29 00:00:00-04:00,25.948506207497637,26.09526325590385,25.636647042263935,25.723783493041992,143548000,0.0,0.0,AAPL
2016-09-30 00:00:00-04:00,25.78799372298959,25.99666497425598,25.636651257335966,25.92328643798828,145516400,0.0,0.0,AAPL
2016-10-03 00:00:00-04:00,25.84532119848826,25.9232868786819,25.746718624688338,25.8017520904541,86807200,0.0,0.0,AAPL
2016-10-04 00:00:00-04:00,25.925571661297255,26.212206768995948,25.82696911426963,25.911813735961914,118947200,0.0,0.0,AAPL
2016-10-05 00:00:00-04:00,26.00354393867447,26.063164546105195,25.84073536600183,25.92328643798828,85812400,0.0,0.0,AAPL
2016-10-06 00:00:00-04:00,26.072329035553203,26.219086072644973,25.941623494722037,26.11589813232422,115117200,0.0,0.0,AAPL
2016-10-07 00:00:00-04:00,26.212213281510376,26.269540317293217,26.02876781669467,26.15488624572754,97433600,0.0,0.0,AAPL
2016-10-10 00:00:00-04:00,26.375017239017144,26.771721027005228,26.306225857801827,26.6112060546875,144944000,0.0,0.0,AAPL
2016-10-11 00:00:00-04:00,26.989565203085945,27.216581503017665,26.645603020806266,26.668535232543945,256164000,0.0,0.0,AAPL
2016-10-12 00:00:00-04:00,26.909306510421036,27.05377174020459,26.771721993541217,26.907012939453125,150347200,0.0,0.0,AAPL
2016-10-13 00:00:00-04:00,26.780886173841445,26.929936749583604,26.535526641274455,26.82445526123047,140769600,0.0,0.0,AAPL
2016-10-14 00:00:00-04:00,27.030841589076168,27.097341156356055,26.85886049250196,26.973514556884766,142608800,0.0,0.0,AAPL
2016-10-17 00:00:00-04:00,26.904721612405524,27.021667491687403,26.778601449083403,26.955169677734375,94499600,0.0,0.0,AAPL
2016-10-18 00:00:00-04:00,27.09962951405121,27.106508476673646,26.932233842483864,26.93682098388672,98214000,0.0,0.0,AAPL
2016-10-19 00:00:00-04:00,26.886371079911715,27.003318684911633,26.095258941958605,26.8565616607666,80138400,0.0,0.0,AAPL
2016-10-20 00:00:00-04:00,26.79694874999575,26.9161882102186,26.675415718571816,26.842809677124023,96503200,0.0,0.0,AAPL
2016-10-21 00:00:00-04:00,26.7854725190683,26.808404723446724,26.663939533581544,26.73731803894043,92770800,0.0,0.0,AAPL
2016-10-24 00:00:00-04:00,26.851979661155024,26.998736713400326,26.82904919976958,26.978099822998047,94154800,0.0,0.0,AAPL
2016-10-25 00:00:00-04:00,27.04688376517293,27.140900905310996,26.90012675330799,27.115676879882812,192516000,0.0,0.0,AAPL
2016-10-26 00:00:00-04:00,26.21221173462615,26.530949894810167,25.982903605027158,26.505725860595703,264536800,0.0,0.0,AAPL
2016-10-27 00:00:00-04:00,26.45986155444408,26.567636641505395,26.16405389511046,26.251192092895508,138248000,0.0,0.0,AAPL
2016-10-28 00:00:00-04:00,26.11131421352364,26.41858623055785,26.01500348104425,26.07691764831543,151446800,0.0,0.0,AAPL
2016-10-31 00:00:00-04:00,26.060868564773347,26.193867696172408,25.95767885959181,26.03564453125,105677600,0.0,0.0,AAPL
2016-11-01 00:00:00-04:00,26.017292738630605,26.08837767865594,25.345420040947253,25.565555572509766,175303200,0.0,0.0,AAPL
2016-11-02 00:00:00-04:00,25.544922183981285,25.762764174874157,25.50594022762899,25.588489532470703,113326800,0.0,0.0,AAPL
2016-11-03 00:00:00-04:00,25.579275224776794,25.689907252620134,25.249680971116852,25.31421661376953,107730400,0.1425,0.0,AAPL
2016-11-04 00:00:00-04:00,25.01458675206725,25.411022025566464,24.917783280668004,25.086036682128906,123348000,0.0,0.0,AAPL
2016-11-07 00:00:00-05:00,25.371838245750364,25.470947057587843,25.228936636588486,25.447898864746094,130240000,0.0,0.0,AAPL
2016-11-08 00:00:00-05:00,25.424843699850676,25.74982895521074,25.284247466342794,25.597707748413086,97016800,0.0,0.0,AAPL
2016-11-09 00:00:00-05:00,25.32574316447433,25.65764280862122,24.903956084913034,25.556228637695312,236705600,0.0,0.0,AAPL
2016-11-10 00:00:00-05:00,25.604629452001266,25.604629452001266,24.392277172706432,24.84402847290039,228538000,0.0,0.0,AAPL
2016-11-11 00:00:00-05:00,24.689596068272582,25.092945508261796,24.558219463871797,24.991531372070312,136575600,0.0,0.0,AAPL
2016-11-14 00:00:00-05:00,24.82558534465877,24.84863353586414,23.988923870500464,24.364614486694336,204702000,0.0,0.0,AAPL
2016-11-15 00:00:00-05:00,24.562825972664704,24.81866487573023,24.468327884742248,24.687288284301758,129058000,0.0,0.0,AAPL
2016-11-16 00:00:00-05:00,24.59279597647149,25.40641106445219,24.569747783947065,25.351093292236328,235362000,0.0,0.0,AAPL
2016-11-17 00:00:00-05:00,25.309605348348004,25.434067695708052,25.083730604166846,25.341873168945312,110528000,0.0,0.0,AAPL
2016-11-18 00:00:00-05:00,25.288859544046673,25.477857510487254,25.27503098211282,25.367223739624023,113715600,0.0,0.0,AAPL
2016-11-21 00:00:00-05:00,25.38105269121837,25.812059260577815,25.355699156730868,25.752134323120117,117058400,0.0,0.0,AAPL
2016-11-22 00:00:00-05:00,25.802838078743356,25.911166490759495,25.676072172408844,25.768266677856445,103862000,0.0,0.0,AAPL
2016-11-23 00:00:00-05:00,25.666858607421993,25.701431774937525,25.429458886794006,25.63689613342285,109705600,0.0,0.0,AAPL
2016-11-25 00:00:00-05:00,25.613847083720533,25.78440758053936,25.57235963293547,25.765968322753906,45903600,0.0,0.0,AAPL
2016-11-28 00:00:00-05:00,25.682995542142134,25.922700637755167,25.67377591248803,25.71526336669922,108776000,0.0,0.0,AAPL
2016-11-29 00:00:00-05:00,25.533176903566115,25.821283705165236,25.36953245127354,25.68990707397461,114115200,0.0,0.0,AAPL
2016-11-30 00:00:00-05:00,25.722170274626517,25.860461162860155,25.415624270758183,25.47324562072754,144649200,0.0,0.0,AAPL
2016-12-01 00:00:00-05:00,25.43867384009575,25.57005044573814,25.12982249444099,25.2358455657959,148347600,0.0,0.0,AAPL
2016-12-02 00:00:00-05:00,25.16209383181276,25.374140004207796,25.088338564959518,25.33034896850586,106112000,0.0,0.0,AAPL
2016-12-05 00:00:00-05:00,25.353395811251954,25.360310092391664,24.95004633243658,25.148263931274414,137298000,0.0,0.0,AAPL
2016-12-06 00:00:00-05:00,25.238155425377442,25.436373042454814,25.166705502406877,25.341873168945312,104782000,0.0,0.0,AAPL
2016-12-07 00:00:00-05:00,25.18283898036046,25.6276759377741,25.15979078868156,25.590797424316406,119994800,0.0,0.0,AAPL
2016-12-08 00:00:00-05:00,25.551611751224442,25.913473761244525,25.4916850544639,25.842023849487305,108273200,0.0,0.0,AAPL
2016-12-09 00:00:00-05:00,25.885820828842085,26.43668092434876,25.885820828842085,26.263816833496094,137610400,0.0,0.0,AAPL
2016-12-12 00:00:00-05:00,26.111693066549183,26.50582291805411,25.927304029820526,26.113998413085938,105497600,0.0,0.0,AAPL
2016-12-13 00:00:00-05:00,26.23846102393397,26.717871149807934,26.21771817888827,26.549617767333984,174935200,0.0,0.0,AAPL
2016-12-14 00:00:00-05:00,26.515044600460172,26.782406790124753,26.50121603709637,26.549617767333984,136127200,0.0,0.0,AAPL
2016-12-15 00:00:00-05:00,26.59340815995195,26.904564895814616,26.558836752379893,26.694822311401367,186098000,0.0,0.0,AAPL
2016-12-16 00:00:00-05:00,26.844639540335297,26.85155382219702,26.65564154943609,26.72939682006836,177404400,0.0,0.0,AAPL
2016-12-19 00:00:00-05:00,26.69020888172504,27.05437446171536,26.678683908832397,26.88381576538086,111117600,0.0,0.0,AAPL
2016-12-20 00:00:00-05:00,26.90686903715174,27.082038459129734,26.893040473838635,26.955270767211914,85700000,0.0,0.0,AAPL
2016-12-21 00:00:00-05:00,26.92069639781568,27.05898729112849,26.91608570490892,26.980621337890625,95132800,0.0,0.0,AAPL
2016-12-22 00:00:00-05:00,26.816982556403442,26.85386107356734,26.653338093033717,26.80315399169922,104343600,0.0,0.0,AAPL
2016-12-23 00:00:00-05:00,26.641811492731268,26.856163024902344,26.641811492731268,26.856163024902344,56998000,0.0,0.0,AAPL
2016-12-27 00:00:00-05:00,26.856157679805523,27.151180465021366,26.84924339925103,27.026718139648438,73187600,0.0,0.0,AAPL
2016-12-28 00:00:00-05:00,27.086645695129224,27.20188840474824,26.78240501207359,26.91147804260254,83623600,0.0,0.0,AAPL
2016-12-29 00:00:00-05:00,26.84002460619699,26.992145816977864,26.828501391069523,26.90456199645996,60158000,0.0,0.0,AAPL
2016-12-30 00:00:00-05:00,26.886125639466673,27.012891570314178,26.60493313478548,26.694822311401367,122345200,0.0,0.0,AAPL
2017-01-03 00:00:00-05:00,26.690219714628178,26.812376739629254,26.450514600575353,26.770889282226562,115127600,0.0,0.0,AAPL
2017-01-04 00:00:00-05:00,26.70173891620744,26.853860156617486,26.678690722999246,26.740921020507812,84472400,0.0,0.0,AAPL
2017-01-05 00:00:00-05:00,26.71786614384347,26.934522974425672,26.692512610117298,26.876901626586914,88774400,0.0,0.0,AAPL
2017-01-06 00:00:00-05:00,26.91608880060783,27.23415982612011,26.844638878512438,27.176538467407227,127007600,0.0,0.0,AAPL
2017-01-09 00:00:00-05:00,27.185755757283022,27.52687496730904,27.183452169077967,27.425460815429688,134247600,0.0,0.0,AAPL
2017-01-10 00:00:00-05:00,27.37475141667616,27.51534765768287,27.266424750909138,27.45311737060547,97848400,0.0,0.0,AAPL
2017-01-11 00:00:00-05:00,27.367842816048867,27.642121074033053,27.335574992575964,27.60063362121582,110354400,0.0,0.0,AAPL
2017-01-12 00:00:00-05:00,27.40471254725915,27.496907052679664,27.24567706937037,27.485382080078125,108344800,0.0,0.0,AAPL
2017-01-13 00:00:00-05:00,27.453118925170525,27.57066698348872,27.38397259475647,27.43698501586914,104447600,0.0,0.0,AAPL
2017-01-17 00:00:00-05:00,27.27563851890833,27.713561084473376,27.247981399238537,27.658245086669922,137759200,0.0,0.0,AAPL
2017-01-18 00:00:00-05:00,27.658252078277247,27.773494795270068,27.591411091405693,27.655946731567383,94852000,0.0,0.0,AAPL
2017-01-19 00:00:00-05:00,27.519960116795648,27.678993864406134,27.513045835394877,27.6075439453125,102389200,0.0,0.0,AAPL
2017-01-20 00:00:00-05:00,27.761962802359385,27.761962802359385,27.596014808949015,27.658245086669922,130391600,0.0,0.0,AAPL
2017-01-23 00:00:00-05:00,27.658249892656045,27.84494251672294,27.60523747330422,27.67668914794922,88200800,0.0,0.0,AAPL
2017-01-24 00:00:00-05:00,27.554535114294993,27.681301051487395,27.54301013888461,27.651338577270508,92844000,0.0,0.0,AAPL
2017-01-25 00:00:00-05:00,27.755048116455715,28.142263612343662,27.722780305003706,28.091556549072266,129510400,0.0,0.0,AAPL
2017-01-26 00:00:00-05:00,28.043162311530395,28.220637080316127,28.027028401501173,28.10539436340332,105350400,0.0,0.0,AAPL
2017-01-27 00:00:00-05:00,28.151495057089633,28.19989679458814,28.027032692751515,28.107702255249023,82251600,0.0,0.0,AAPL
2017-01-30 00:00:00-05:00,27.872604073139428,28.03394317626953,27.810373778636198,28.03394317626953,121510000,0.0,0.0,AAPL
2017-01-31 00:00:00-05:00,27.92331165026362,27.978627663974134,27.801154647356736,27.96940803527832,196804000,0.0,0.0,AAPL
2017-02-01 00:00:00-05:00,29.27856966004598,30.076050952415308,29.273960724262206,29.675004959106445,447940000,0.0,0.0,AAPL
2017-02-02 00:00:00-05:00,29.497524541606396,29.8225080662792,29.45142640297126,29.624290466308594,134841600,0.0,0.0,AAPL
2017-02-03 00:00:00-05:00,29.573587611440406,29.7764159334382,29.539016200613,29.751062393188477,98029200,0.0,0.0,AAPL
2017-02-06 00:00:00-05:00,29.762581164673637,30.078345040834744,29.70956698988467,30.02994155883789,107383600,0.0,0.0,AAPL
2017-02-07 00:00:00-05:00,30.087570159753724,30.444823323275603,30.066827312582973,30.315752029418945,152735200,0.0,0.0,AAPL
2017-02-08 00:00:00-05:00,30.27426989505373,30.47479114180842,30.244305656553134,30.43330192565918,92016400,0.0,0.0,AAPL
2017-02-09 00:00:00-05:00,30.474965442589138,30.6601539460953,30.3522788096039,30.653209686279297,113399600,0.1425,0.0,AAPL
2017-02-10 00:00:00-05:00,30.66246297062399,30.773574630564617,30.567553401923714,30.583755493164062,80262000,0.0,0.0,AAPL
2017-02-13 00:00:00-05:00,30.805983469306778,30.977283414271827,30.729593096505177,30.85459327697754,92141600,0.0,0.0,AAPL
2017-02-14 00:00:00-05:00,30.896262032643673,31.271266102280745,30.845335117979864,31.255064010620117,132904800,0.0,0.0,AAPL
2017-02-15 00:00:00-05:00,31.370814956651838,31.544428522736045,31.162476558044563,31.368497848510742,142492400,0.0,0.0,AAPL
2017-02-16 00:00:00-05:00,31.405528497207804,31.458768988642536,31.213395774352875,31.33145523071289,90338400,0.0,0.0,AAPL
2017-02-17 00:00:00-05:00,31.273591028911895,31.4425739068136,31.273591028911895,31.417110443115234,88792800,0.0,0.0,AAPL
2017-02-21 00:00:00-05:00,31.53517045345157,31.655543527538544,31.47729925870287,31.64396858215332,98028800,0.0,0.0,AAPL
2017-02-22 00:00:00-05:00,31.581462967593552,31.741188011357252,31.50738968380831,31.738874435424805,83347600,0.0,0.0,AAPL
2017-02-23 00:00:00-05:00,31.80136044527669,31.824506789587055,31.55135661436821,31.604597091674805,83152800,0.0,0.0,AAPL
2017-02-24 00:00:00-05:00,31.461085348735534,31.63469886779785,31.315248862426834,31.63469886779785,87106400,0.0,0.0,AAPL
2017-02-27 00:00:00-05:00,31.74580456876812,31.815250669785502,31.54672762967851,31.69719123840332,81029600,0.0,0.0,AAPL
2017-02-28 00:00:00-05:00,31.731936223224572,31.815270890976304,31.64397087054839,31.711103439331055,93931600,0.0,0.0,AAPL
2017-03-01 00:00:00-05:00,31.919429537293766,32.442583759753184,31.852300519207052,32.359249114990234,145658400,0.0,0.0,AAPL
2017-03-02 00:00:00-05:00,32.40786062585848,32.47267606453608,32.120818303017344,32.167118072509766,104844000,0.0,0.0,AAPL
2017-03-03 00:00:00-05:00,32.125448875790894,32.368508536083255,32.081466214230424,32.35693359375,84432400,0.0,0.0,AAPL
2017-03-06 00:00:00-05:00,32.262033067066135,32.35462909954579,32.083792327375555,32.255088806152344,87000000,0.0,0.0,AAPL
2017-03-07 00:00:00-05:00,32.19026458966033,32.40323010814363,32.1277627262672,32.296749114990234,69785200,0.0,0.0,AAPL
2017-03-08 00:00:00-05:00,32.16479377359363,32.36155715341623,32.134703168762755,32.176368713378906,74828800,0.0,0.0,AAPL
2017-03-09 00:00:00-05:00,32.116194602915954,32.12776601435599,31.724984821031658,32.10230255126953,88623600,0.0,0.0,AAPL
2017-03-10 00:00:00-05:00,32.23423420212511,32.25969765229709,32.09302843883957,32.208770751953125,78451200,0.0,0.0,AAPL
2017-03-13 00:00:00-04:00,32.14165017302251,32.27590818304316,32.134705914993035,32.2226676940918,69686800,0.0,0.0,AAPL
2017-03-14 00:00:00-04:00,32.245820515831596,32.3268380442881,32.13933599604356,32.1740608215332,61236400,0.0,0.0,AAPL
2017-03-15 00:00:00-04:00,32.2712911870714,32.581479917246654,32.18332584811714,32.51435089111328,102767200,0.0,0.0,AAPL
2017-03-16 00:00:00-04:00,32.57452161928256,32.64396772367826,32.468037121585745,32.56757736206055,76928000,0.0,0.0,AAPL
2017-03-17 00:00:00-04:00,32.639334870947756,32.639334870947756,32.38238677429371,32.40553665161133,175540000,0.0,0.0,AAPL
2017-03-20 00:00:00-04:00,32.500453761984666,32.75508837066969,32.46110178285636,32.74583053588867,86168000,0.0,0.0,AAPL
2017-03-21 00:00:00-04:00,32.8962980947936,33.056023138078004,32.34536325730292,32.370826721191406,158119600,0.0,0.0,AAPL
2017-03-22 00:00:00-04:00,32.37313927978638,32.778237536969804,32.352302970677094,32.736568450927734,103440800,0.0,0.0,AAPL
2017-03-23 00:00:00-04:00,32.69953067924052,32.773607485999605,32.54906702225389,32.620826721191406,81385200,0.0,0.0,AAPL
2017-03-24 00:00:00-04:00,32.75508820239768,32.81064580732806,32.488882184648105,32.55601119995117,89582400,0.0,0.0,AAPL
2017-03-27 00:00:00-04:00,32.266651172541444,32.69026858402224,32.088406970162104,32.61156463623047,94300400,0.0,0.0,AAPL
2017-03-28 00:00:00-04:00,32.618492922330326,33.34303725378171,32.55136041630447,33.28748321533203,133499200,0.0,0.0,AAPL
2017-03-29 00:00:00-04:00,33.259722240315085,33.44722782697001,33.146296990269626,33.361576080322266,116760000,0.0,0.0,AAPL
2017-03-30 00:00:00-04:00,33.37778854923035,33.449548260627296,33.21806349757797,33.31760025024414,84829200,0.0,0.0,AAPL
2017-03-31 00:00:00-04:00,33.26898495389625,33.396302259059844,33.1046292450166,33.255096435546875,78646800,0.0,0.0,AAPL
2017-04-03 00:00:00-04:00,33.26666036879454,33.36156639016546,33.11387965316025,33.26434326171875,79942800,0.0,0.0,AAPL
2017-04-04 00:00:00-04:00,33.160181470706064,33.53981621676254,33.141662271852574,33.51203918457031,79565600,0.0,0.0,AAPL
2017-04-05 00:00:00-04:00,33.38472855228239,33.67177089344331,33.28981896381265,33.33843231201172,110871600,0.0,0.0,AAPL
2017-04-06 00:00:00-04:00,33.40092941039191,33.45417344029997,33.206483089147476,33.255096435546875,84596000,0.0,0.0,AAPL
2017-04-07 00:00:00-04:00,33.27129390354365,33.37546130885718,33.16481292288576,33.18101501464844,66688800,0.0,0.0,AAPL
2017-04-10 00:00:00-04:00,33.241210503259545,33.306025948716794,33.079168357439556,33.14167022705078,75733600,0.0,0.0,AAPL
2017-04-11 00:00:00-04:00,33.08841582958201,33.18332538206427,32.42173891950718,32.78517150878906,121517600,0.0,0.0,AAPL
2017-04-12 00:00:00-04:00,32.778242939696646,32.905556730054954,32.6416642488803,32.82453918457031,81400000,0.0,0.0,AAPL
2017-04-13 00:00:00-04:00,32.84998635701133,32.95878442120304,32.650909423828125,32.650909423828125,71291600,0.0,0.0,AAPL
2017-04-17 00:00:00-04:00,32.7504608596611,32.84305687732368,32.60925502338047,32.83148193359375,66328400,0.0,0.0,AAPL
2017-04-18 00:00:00-04:00,32.73426704962304,32.88010007456624,32.66482090184267,32.68565368652344,58790000,0.0,0.0,AAPL
2017-04-19 00:00:00-04:00,32.843061660879215,32.87083870413523,32.51203658930954,32.565277099609375,69313600,0.0,0.0,AAPL
2017-04-20 00:00:00-04:00,32.690275103601536,33.08379845321876,32.67638658441855,32.972686767578125,93278400,0.0,0.0,AAPL
2017-04-21 00:00:00-04:00,32.972682512554464,33.0282365821173,32.836107381977364,32.93333053588867,69283600,0.0,0.0,AAPL
2017-04-24 00:00:00-04:00,33.218050051250366,33.322217446021234,33.14397326161507,33.250457763671875,68537200,0.0,0.0,AAPL
2017-04-25 00:00:00-04:00,33.31297395121647,33.54214161191035,33.30371258243812,33.45649337768555,75486000,0.0,0.0,AAPL
2017-04-26 00:00:00-04:00,33.44260241016007,33.472696558222246,33.190284878156184,33.259727478027344,80164800,0.0,0.0,AAPL
2017-04-27 00:00:00-04:00,33.31527327557354,33.370830867945195,33.174067485616035,33.285179138183594,56985200,0.0,0.0,AAPL
2017-04-28 00:00:00-04:00,33.354630936915555,33.40324428005763,33.16481531189833,33.252777099609375,83441600,0.0,0.0,AAPL
2017-05-01 00:00:00-04:00,33.588433880966676,34.074549667815184,33.55602616184344,33.9310302734375,134411600,0.0,0.0,AAPL
2017-05-02 00:00:00-04:00,34.15324934230031,34.280566627243395,33.99121076699823,34.146305084228516,181408800,0.0,0.0,AAPL
2017-05-03 00:00:00-04:00,33.70185060055549,34.14167357123611,33.396292687910275,34.04213333129883,182788000,0.0,0.0,AAPL
2017-05-04 00:00:00-04:00,33.917154349577686,34.060673797246615,33.75279858516828,33.91946792602539,93487600,0.0,0.0,AAPL
2017-05-05 00:00:00-04:00,33.972694921289396,34.48659126238202,33.972694921289396,34.481964111328125,109310800,0.0,0.0,AAPL
2017-05-08 00:00:00-04:00,34.49816364804464,35.579196744655825,34.49816364804464,35.419471740722656,195009600,0.0,0.0,AAPL
2017-05-09 00:00:00-04:00,35.61854359656317,35.85234536436377,35.521320462971325,35.646324157714844,156521600,0.0,0.0,AAPL
2017-05-10 00:00:00-04:00,35.5630039032327,35.63476361185649,35.211146087985654,35.477352142333984,103222800,0.0,0.0,AAPL
2017-05-11 00:00:00-04:00,35.43551549688048,35.812071114671106,35.402974003664674,35.784175872802734,109020400,0.1575,0.0,AAPL
2017-05-12 00:00:00-04:00,35.95850184730224,36.35829931525376,35.95152892434139,36.28392028808594,130108000,0.0,0.0,AAPL
2017-05-15 00:00:00-04:00,36.26299293399105,36.41175451441379,36.03985233673487,36.19093704223633,104038800,0.0,0.0,AAPL
2017-05-16 00:00:00-04:00,36.246725051580384,36.27461674038462,35.96314772621748,36.13747787475586,80194000,0.0,0.0,AAPL
2017-05-17 00:00:00-04:00,35.70280923900162,35.92827647316972,34.79861717761034,34.92413330078125,203070800,0.0,0.0,AAPL
2017-05-18 00:00:00-04:00,35.161243359820965,35.64239291168042,35.12870186137036,35.45643997192383,134272800,0.0,0.0,AAPL
2017-05-19 00:00:00-04:00,35.651683601410866,35.791145611314164,35.47735342896442,35.577301025390625,107843200,0.0,0.0,AAPL
2017-05-22 00:00:00-04:00,35.79577634078218,35.93059202793594,35.5424174763445,35.793453216552734,91865600,0.0,0.0,AAPL
2017-05-23 00:00:00-04:00,36.00498014921674,36.00498014921674,35.635401137991366,35.749298095703125,79675600,0.0,0.0,AAPL
2017-05-24 00:00:00-04:00,35.7585960347278,35.83530171886918,35.486641452820535,35.64237594604492,76712000,0.0,0.0,AAPL
2017-05-25 00:00:00-04:00,35.733030108877166,35.87714544126716,35.570322682071584,35.76557159423828,76942400,0.0,0.0,AAPL
2017-05-26 00:00:00-04:00,35.79578687164032,35.85157379035021,35.635402583760516,35.705135345458984,87710400,0.0,0.0,AAPL
2017-05-30 00:00:00-04:00,35.660983259390264,35.89574663854694,35.640064487800984,35.719093322753906,80507600,0.0,0.0,AAPL
2017-05-31 00:00:00-04:00,35.78881490922437,35.83530223601727,35.419235873100675,35.50756072998047,97804800,0.0,0.0,AAPL
2017-06-01 00:00:00-04:00,35.602863337343535,35.64005461881937,35.382045867058956,35.605186462402344,65616400,0.0,0.0,AAPL
2017-06-02 00:00:00-04:00,35.698173264847945,36.132835388183594,35.53778892826235,36.132835388183594,111082800,0.0,0.0,AAPL
2017-06-05 00:00:00-04:00,35.87481946024702,35.90038802400569,35.670274496933565,35.779518127441406,101326800,0.0,0.0,AAPL
2017-06-06 00:00:00-04:00,35.772555399170294,36.216517156968564,35.74466370230572,35.90039825439453,106499600,0.0,0.0,AAPL
2017-06-07 00:00:00-04:00,36.032890589655715,36.25603125611472,35.9073708613602,36.11424255371094,84278400,0.0,0.0,AAPL
2017-06-08 00:00:00-04:00,36.0863426015944,36.15374870192001,35.888767004396904,36.025909423828125,85003200,0.0,0.0,AAPL
2017-06-09 00:00:00-04:00,36.07239978270524,36.07239978270524,33.940923303853054,34.628944396972656,259530800,0.0,0.0,AAPL
2017-06-12 00:00:00-04:00,33.875842847537044,33.957194805868006,33.12505829666229,33.80146026611328,289229200,0.0,0.0,AAPL
2017-06-13 00:00:00-04:00,34.20589499921167,34.273301085438135,33.73868800492385,34.073402404785156,136661600,0.0,0.0,AAPL
2017-06-14 00:00:00-04:00,34.28492941811625,34.28492941811625,33.43419743692664,33.74102020263672,126124800,0.0,0.0,AAPL
2017-06-15 00:00:00-04:00,33.31333931445591,33.58296731686889,33.055330487480035,33.53880310058594,128661600,0.0,0.0,AAPL
2017-06-16 00:00:00-04:00,33.420254542962795,33.58761178507878,33.05299856980585,33.069271087646484,201444400,0.0,0.0,AAPL
2017-06-19 00:00:00-04:00,33.39235892227018,34.10827514113461,33.39235892227018,34.015296936035156,130165600,0.0,0.0,AAPL
2017-06-20 00:00:00-04:00,34.1384966695021,34.1384966695021,33.68988871195604,33.70615768432617,99600400,0.0,0.0,AAPL
2017-06-21 00:00:00-04:00,33.82469588633968,33.95253869431153,33.61317447194587,33.90604782104492,85063200,0.0,0.0,AAPL
2017-06-22 00:00:00-04:00,33.882799350448174,34.09896697278003,33.73171113518738,33.850257873535156,76425200,0.0,0.0,AAPL
2017-06-23 00:00:00-04:00,33.73404560544495,34.20589890314926,33.72939580859524,34.00135040283203,141757600,0.0,0.0,AAPL
2017-06-26 00:00:00-04:00,34.20822036352045,34.466229101408445,33.79215400799219,33.89442825317383,102769600,0.0,0.0,AAPL
2017-06-27 00:00:00-04:00,33.70616125332174,33.973469683766616,33.38306942969368,33.40863800048828,99047600,0.0,0.0,AAPL
2017-06-28 00:00:00-04:00,33.58528619780466,33.96183819158504,33.27614030230056,33.89675521850586,88329600,0.0,0.0,AAPL
2017-06-29 00:00:00-04:00,33.63643518908539,33.734059683134355,33.07160345245397,33.39701843261719,125997600,0.0,0.0,AAPL
2017-06-30 00:00:00-04:00,33.57599129996798,33.69453808996659,33.420256767833905,33.476043701171875,92096400,0.0,0.0,AAPL
2017-07-03 00:00:00-04:00,33.675932135887265,33.77355657927432,33.26218892720882,33.35516357421875,57111200,0.0,0.0,AAPL
2017-07-05 00:00:00-04:00,33.39931968702243,33.6550016777775,33.17385249851516,33.49229431152344,86278400,0.0,0.0,AAPL
2017-07-06 00:00:00-04:00,33.243591423255054,33.35516170275818,33.101802789129216,33.17618179321289,96515200,0.0,0.0,AAPL
2017-07-07 00:00:00-04:00,33.21569482840612,33.645710509229566,33.21569482840612,33.51321792602539,76806800,0.0,0.0,AAPL
2017-07-10 00:00:00-04:00,33.49696354549543,33.92465274120098,33.324956488920606,33.71778106689453,84362400,0.0,0.0,AAPL
2017-07-11 00:00:00-04:00,33.6410734739515,33.90140894318448,33.5597215215558,33.8270263671875,79127200,0.0,0.0,AAPL
2017-07-12 00:00:00-04:00,33.906046414266775,33.978102299382456,33.66198707352154,33.875831604003906,99538000,0.0,0.0,AAPL
2017-07-13 00:00:00-04:00,33.82004280401538,34.5150401494659,33.80609696209252,34.34768295288086,100797600,0.0,0.0,AAPL
2017-07-14 00:00:00-04:00,34.394174149377314,34.710292940009225,34.24541257418322,34.64288330078125,80528400,0.0,0.0,AAPL
2017-07-17 00:00:00-04:00,34.59175611582035,35.07522866447601,34.533646059353856,34.76375961303711,95174000,0.0,0.0,AAPL
2017-07-18 00:00:00-04:00,34.68007976937292,34.89625101613398,34.55688673773994,34.88462829589844,71475200,0.0,0.0,AAPL
2017-07-19 00:00:00-04:00,34.9776068083503,35.19610120446876,34.85441376317826,35.103126525878906,83692000,0.0,0.0,AAPL
2017-07-20 00:00:00-04:00,35.21469222796392,35.270479155850346,34.91019611677407,34.94506072998047,68974800,0.0,0.0,AAPL
2017-07-21 00:00:00-04:00,34.86370807164886,34.96830545588833,34.60569929892158,34.92879104614258,105010400,0.0,0.0,AAPL
2017-07-24 00:00:00-04:00,35.00083099275112,35.43316972443988,34.84276987904275,35.35181427001953,85972800,0.0,0.0,AAPL
2017-07-25 00:00:00-04:00,35.284412509227685,35.758588814740826,35.284412509227685,35.502906799316406,75415600,0.0,0.0,AAPL
2017-07-26 00:00:00-04:00,35.644704264586665,35.779516452542396,35.577294623853,35.67027282714844,63124000,0.0,0.0,AAPL
2017-07-27 00:00:00-04:00,35.737677673784596,35.79346459381474,34.23843922218672,34.996192932128906,129905200,0.0,0.0,AAPL
2017-07-28 00:00:00-04:00,34.84046462425895,34.919493448269165,34.67775717872136,34.749813079833984,68854800,0.0,0.0,AAPL
2017-07-31 00:00:00-04:00,34.84278591780521,34.94273705200964,34.43136930145214,34.570831298828125,79383600,0.0,0.0,AAPL
2017-08-01 00:00:00-04:00,34.65685269620592,34.9171847163796,34.49646830993542,34.87767028808594,141474400,0.0,0.0,AAPL
2017-08-02 00:00:00-04:00,37.02308347151407,37.13233067492419,36.297871012073976,36.52566146850586,279747200,0.0,0.0,AAPL
2017-08-03 00:00:00-04:00,36.50472359957364,36.54191487207745,36.03287041329078,36.16071319580078,108389200,0.0,0.0,AAPL
2017-08-04 00:00:00-04:00,36.27695076931931,36.58609317427677,36.188622341184804,36.3513298034668,82239600,0.0,0.0,AAPL
2017-08-07 00:00:00-04:00,36.507066974448136,36.93940600354615,36.416415414157754,36.91383743286133,87481200,0.0,0.0,AAPL
2017-08-08 00:00:00-04:00,36.86501206639718,37.6157928160046,36.7883063853405,37.209022521972656,144823600,0.0,0.0,AAPL
2017-08-09 00:00:00-04:00,37.01842033755663,37.48562735094947,36.983555730626804,37.43681335449219,104526000,0.0,0.0,AAPL
2017-08-10 00:00:00-04:00,37.31314608199693,37.336482808025735,36.08337824320041,36.24439239501953,163217200,0.1575,0.0,AAPL
2017-08-11 00:00:00-04:00,36.543076338748016,37.00278197214367,36.41939955013738,36.7484245300293,105028400,0.0,0.0,AAPL
2017-08-14 00:00:00-04:00,37.17780253158527,37.38548656397579,37.0447896093712,37.30147933959961,88490800,0.0,0.0,AAPL
2017-08-15 00:00:00-04:00,37.49049031278083,37.849852332322016,37.36914576718812,37.709842681884766,117862000,0.0,0.0,AAPL
2017-08-16 00:00:00-04:00,37.78919494355365,37.92220433562523,37.3714909739668,37.55817413330078,110686400,0.0,0.0,AAPL
2017-08-17 00:00:00-04:00,37.45782075421376,37.50215838942201,36.83243292614835,36.837100982666016,111762400,0.0,0.0,AAPL
2017-08-18 00:00:00-04:00,36.83710858010177,37.21980739775158,36.57108627467061,36.75310134887695,109712400,0.0,0.0,AAPL
2017-08-21 00:00:00-04:00,36.753095604496394,36.84410312737541,36.19538210568727,36.6854248046875,105474000,0.0,0.0,AAPL
2017-08-22 00:00:00-04:00,36.923431806320885,37.336467474751565,36.87442968674276,37.28512954711914,86418400,0.0,0.0,AAPL
2017-08-23 00:00:00-04:00,37.119465277743316,37.446158069827526,37.07512763581381,37.33181381225586,77596400,0.0,0.0,AAPL
2017-08-24 00:00:00-04:00,37.43681681619273,37.509159230858835,36.99811563571494,37.16613006591797,79275600,0.0,0.0,AAPL
2017-08-25 00:00:00-04:00,37.25479680434788,37.46714884205031,37.166125105181194,37.303802490234375,101920400,0.0,0.0,AAPL
2017-08-28 00:00:00-04:00,37.36914451678862,37.80318118392024,37.32013882633084,37.67950439453125,103864000,0.0,0.0,AAPL
2017-08-29 00:00:00-04:00,37.35980092026754,38.06452411846171,37.336464205865795,38.01552200317383,118067600,0.0,0.0,AAPL
2017-08-30 00:00:00-04:00,38.22321796533812,38.244218878495545,37.945527355755026,38.11820983886719,109078400,0.0,0.0,AAPL
2017-08-31 00:00:00-04:00,38.18588642019916,38.39123820845164,38.14854908402883,38.269893646240234,107140400,0.0,0.0,AAPL
2017-09-01 00:00:00-04:00,38.4565737342076,38.48924301060967,38.18355116127232,38.281558990478516,66364400,0.0,0.0,AAPL
2017-09-05 00:00:00-04:00,38.21155656380698,38.32823307239875,37.46715986928192,37.82185745239258,117874000,0.0,0.0,AAPL
2017-09-06 00:00:00-04:00,37.96887154412259,38.03421010502825,37.45782785935835,37.782188415527344,86606800,0.0,0.0,AAPL
2017-09-07 00:00:00-04:00,37.82418803114955,37.85919311859263,37.42048832623305,37.6305046081543,87714000,0.0,0.0,AAPL
2017-09-08 00:00:00-04:00,37.53715308410399,37.60482386822451,36.993440320914345,37.01677703857422,114446000,0.0,0.0,AAPL
2017-09-11 00:00:00-04:00,37.4531476047386,37.81484538097087,37.3108021661188,37.686500549316406,126323200,0.0,0.0,AAPL
2017-09-12 00:00:00-04:00,37.94552666431986,38.2605545986761,37.04945211242638,37.53715896606445,286856000,0.0,0.0,AAPL
2017-09-13 00:00:00-04:00,37.30613682555857,37.327141298218734,36.84876701487914,37.254798889160156,179629600,0.0,0.0,AAPL
2017-09-14 00:00:00-04:00,37.100794193720326,37.19646621616109,36.89077436046924,36.93511199951172,95042800,0.0,0.0,AAPL
2017-09-15 00:00:00-04:00,36.97945450090158,37.562837068833154,36.86977829327567,37.3084831237793,196458400,0.0,0.0,AAPL
2017-09-18 00:00:00-04:00,37.36213656621603,37.45314406356935,36.86976175728322,37.02610778808594,113077600,0.0,0.0,AAPL
2017-09-19 00:00:00-04:00,37.22213038536672,37.282804435462985,36.97244456289605,37.04011535644531,83242400,0.0,0.0,AAPL
2017-09-20 00:00:00-04:00,36.846439776449245,36.93044700457808,35.896694853547,36.41940689086914,211805600,0.0,0.0,AAPL
2017-09-21 00:00:00-04:00,36.35640714543908,36.35640714543908,35.64467960646271,35.79402542114258,150046800,0.0,0.0,AAPL
2017-09-22 00:00:00-04:00,35.36230620987694,35.53265643542015,35.13362130465741,35.4439811706543,186581600,0.0,0.0,AAPL
2017-09-25 00:00:00-04:00,35.00061334196507,35.42998195330282,34.80692994908598,35.131290435791016,177549200,0.0,0.0,AAPL
2017-09-26 00:00:00-04:00,35.41831939205828,35.917694688480516,35.39731847582978,35.735679626464844,146640000,0.0,0.0,AAPL
2017-09-27 00:00:00-04:00,35.88968831110297,36.10437262108391,35.829014258691,35.990028381347656,102016800,0.0,0.0,AAPL
2017-09-28 00:00:00-04:00,35.91069800068509,36.00170554086095,35.63300732251947,35.76835250854492,88022000,0.0,0.0,AAPL
2017-09-29 00:00:00-04:00,35.75201078281373,35.96669509202945,35.46965211702339,35.964359283447266,105199200,0.0,0.0,AAPL
2017-10-02 00:00:00-04:00,35.99702548189776,36.04136311296529,35.63766349864281,35.89201736450195,74795200,0.0,0.0,AAPL
2017-10-03 00:00:00-04:00,35.938686560539594,36.19070817391197,35.915353401941296,36.048362731933594,64921200,0.0,0.0,AAPL
2017-10-04 00:00:00-04:00,35.85001896843151,35.90368915610887,35.57699641283298,35.81501388549805,80655200,0.0,0.0,AAPL
2017-10-05 00:00:00-04:00,35.97835684276088,36.272383844489624,35.948023379917835,36.26071548461914,85135200,0.0,0.0,AAPL
2017-10-06 00:00:00-04:00,36.16270486512448,36.28404938913225,36.067029306566766,36.23971176147461,69630400,0.0,0.0,AAPL
2017-10-09 00:00:00-04:00,36.35872616660943,36.57341047456525,36.28405506677792,36.365726470947266,65051600,0.0,0.0,AAPL
2017-10-10 00:00:00-04:00,36.41705992087005,36.86976520256019,36.19304308830553,36.379722595214844,62468000,0.0,0.0,AAPL
2017-10-11 00:00:00-04:00,36.39605365810936,36.63173881536713,36.344715733053945,36.53139877319336,67622400,0.0,0.0,AAPL
2017-10-12 00:00:00-04:00,36.484743517971275,36.7227610178256,36.34006223454997,36.40306854248047,64500400,0.0,0.0,AAPL
2017-10-13 00:00:00-04:00,36.57340874521874,36.70175358648337,36.498737648917995,36.63408279418945,65576800,0.0,0.0,AAPL
2017-10-16 00:00:00-04:00,36.84644156628456,37.33648434762094,36.788103309491405,37.3084831237793,96486000,0.0,0.0,AAPL
2017-10-17 00:00:00-04:00,37.28513761287271,37.539491498003954,37.156792766027294,37.44615173339844,75989200,0.0,0.0,AAPL
2017-10-18 00:00:00-04:00,37.43448945770484,37.50216382462566,37.24314184095446,37.28047561645508,65496800,0.0,0.0,AAPL
2017-10-19 00:00:00-04:00,36.578089824163925,36.655096756339084,36.174390053080394,36.398406982421875,170336800,0.0,0.0,AAPL
2017-10-20 00:00:00-04:00,36.54540628427304,36.811428509521484,36.39372828838043,36.46139907836914,95896400,0.0,0.0,AAPL
2017-10-23 00:00:00-04:00,36.61074435961604,36.797427432652945,36.286383899979256,36.44272994995117,87937200,0.0,0.0,AAPL
2017-10-24 00:00:00-04:00,36.4707367962146,36.73442681112196,36.44973588193455,36.65975570678711,71028800,0.0,0.0,AAPL
2017-10-25 00:00:00-04:00,36.6154176421194,36.764763409729866,36.23271889007482,36.498741149902344,84828400,0.0,0.0,AAPL
2017-10-26 00:00:00-04:00,36.690092232986,36.83010546122834,36.58508409214639,36.73209762573242,68002000,0.0,0.0,AAPL
2017-10-27 00:00:00-04:00,37.17078188741026,38.176535877738445,37.033104530925534,38.04819107055664,177816800,0.0,0.0,AAPL
2017-10-30 00:00:00-04:00,38.244209059989785,39.21962609530292,38.20453949176004,38.904598236083984,178803200,0.0,0.0,AAPL
2017-10-31 00:00:00-04:00,39.179961647361324,39.5883293386976,38.95594479352543,39.44598388671875,144187200,0.0,0.0,AAPL
2017-11-01 00:00:00-04:00,39.63966960093643,39.65600601867614,38.64558718728659,38.944278717041016,134551200,0.0,0.0,AAPL
2017-11-02 00:00:00-04:00,38.876600295480515,39.31996944656914,38.56857271294325,39.22896194458008,165573600,0.0,0.0,AAPL
2017-11-03 00:00:00-04:00,40.60342075513756,40.66409125143115,39.93136299632327,40.25339126586914,237594400,0.0,0.0,AAPL
2017-11-06 00:00:00-05:00,40.22305743668597,40.83444474783587,40.07137940354563,40.66176223754883,140105200,0.0,0.0,AAPL
2017-11-07 00:00:00-05:00,40.58241463533435,40.895106751078096,40.51007578653969,40.79243087768555,97446000,0.0,0.0,AAPL
2017-11-08 00:00:00-05:00,40.75744236809695,41.12614059448242,40.680435438470425,41.12614059448242,97638000,0.0,0.0,AAPL
2017-11-09 00:00:00-05:00,40.86243530363712,41.09345600647338,40.40272970630695,41.042118072509766,117930400,0.0,0.0,AAPL
2017-11-10 00:00:00-05:00,41.00933312803533,41.072565925229945,40.81261284063416,40.906288146972656,100582000,0.1575,0.0,AAPL
2017-11-13 00:00:00-05:00,40.63230011179429,40.86649204327437,40.60887948925217,40.74237060546875,67928400,0.0,0.0,AAPL
2017-11-14 00:00:00-05:00,40.52454823460366,40.62759320022976,40.08895133576452,40.12642288208008,99130000,0.0,0.0,AAPL
2017-11-15 00:00:00-05:00,39.80559095298327,39.88755953383596,39.433226751134306,39.59716033935547,116632400,0.0,0.0,AAPL
2017-11-16 00:00:00-05:00,40.08896459722849,40.25055756737149,39.88287817128605,40.07023239135742,94550000,0.0,0.0,AAPL
2017-11-17 00:00:00-05:00,40.056166933489614,40.138135499091156,39.72829981805053,39.84773635864258,87598000,0.0,0.0,AAPL
2017-11-20 00:00:00-05:00,39.88052125171214,39.94375404019337,39.709562233134555,39.80792236328125,65049600,0.0,0.0,AAPL
2017-11-21 00:00:00-05:00,39.99529205468322,40.679131968027136,39.99529205468322,40.5479850769043,100525200,0.0,0.0,AAPL
2017-11-22 00:00:00-05:00,40.5994966517589,40.9835711181554,40.52689775467844,40.974205017089844,102355600,0.0,0.0,AAPL
2017-11-24 00:00:00-05:00,41.007004777048614,41.1006801114414,40.901615559000554,40.976558685302734,56106800,0.0,0.0,AAPL
2017-11-27 00:00:00-05:00,40.99529164075268,41.00231711167358,40.59482193083841,40.77046585083008,82867200,0.0,0.0,AAPL
2017-11-28 00:00:00-05:00,40.81965219725137,40.95313973287192,40.2482233431218,40.53159713745117,105715200,0.0,0.0,AAPL
2017-11-29 00:00:00-05:00,40.428548293921786,40.496462371670276,39.14751833236251,39.69084167480469,166665600,0.0,0.0,AAPL
2017-11-30 00:00:00-05:00,39.9133131291183,40.31378274336815,39.44727365976507,40.24586868286133,166108800,0.0,0.0,AAPL
2017-12-01 00:00:00-05:00,39.80091635701964,40.20372674800791,39.461338785432524,40.058528900146484,159037200,0.0,0.0,AAPL
2017-12-04 00:00:00-05:00,40.39340616744277,40.426192880970966,39.72596159058653,39.76577377319336,130169600,0.0,0.0,AAPL
2017-12-05 00:00:00-05:00,39.592466509725796,40.16857993004411,39.43789905872778,39.72829818725586,109400800,0.0,0.0,AAPL
2017-12-06 00:00:00-05:00,39.22714013077905,39.85945749580217,38.98358214647934,39.58076858520508,114240000,0.0,0.0,AAPL
2017-12-07 00:00:00-05:00,39.58544464248466,39.91565597961547,39.55734276646798,39.65336227416992,102693200,0.0,0.0,AAPL
2017-12-08 00:00:00-05:00,39.92736686279802,40.04680341107865,39.53626693081782,39.665069580078125,93420800,0.0,0.0,AAPL
2017-12-11 00:00:00-05:00,39.62526960588429,40.489438306973696,39.52925006721105,40.43791580200195,141095200,0.0,0.0,AAPL
2017-12-12 00:00:00-05:00,40.316128576157915,40.372335910833776,40.1545391892479,40.21074295043945,77636800,0.0,0.0,AAPL
2017-12-13 00:00:00-05:00,40.39809377631504,40.64165172587985,40.28099785232571,40.34423065185547,95273600,0.0,0.0,AAPL
2017-12-14 00:00:00-05:00,40.374676166447735,40.54563880110214,40.199032267393896,40.332523345947266,81906000,0.0,0.0,AAPL
2017-12-15 00:00:00-05:00,40.66274620640199,40.78920827706771,40.38874207538853,40.74237060546875,160677200,0.0,0.0,AAPL
2017-12-18 00:00:00-05:00,40.9554587571288,41.498781816939115,40.95077392105341,41.31611251831055,117684400,0.0,0.0,AAPL
2017-12-19 00:00:00-05:00,40.99060216399013,41.074911378985455,40.770461237419894,40.87584686279297,109745600,0.0,0.0,AAPL
2017-12-20 00:00:00-05:00,40.953125602143956,41.08193182784955,40.57373596777827,40.83134841918945,93902400,0.0,0.0,AAPL
2017-12-21 00:00:00-05:00,40.789192036517036,41.22244836664475,40.77280046605222,40.98591232299805,83799600,0.0,0.0,AAPL
2017-12-22 00:00:00-05:00,40.90862858756254,41.081931834310396,40.86647577195255,40.98591232299805,65397600,0.0,0.0,AAPL
2017-12-26 00:00:00-05:00,39.99996144279593,40.15686952503077,39.73766418838067,39.94609832763672,132742000,0.0,0.0,AAPL
2017-12-27 00:00:00-05:00,39.83604050325153,39.99528926752172,39.74470581233551,39.9531364440918,85992800,0.0,0.0,AAPL
2017-12-28 00:00:00-05:00,40.04680072483707,40.245865198769145,39.925019979367434,40.06553649902344,65920800,0.0,0.0,AAPL
2017-12-29 00:00:00-05:00,39.93438787413928,39.95077944239491,39.629937810770116,39.63227844238281,103999600,0.0,0.0,AAPL
2018-01-02 00:00:00-05:00,39.850080130528944,40.35125047209825,39.63930535276698,40.341880798339844,102223600,0.0,0.0,AAPL
2018-01-03 00:00:00-05:00,40.405112383133705,40.87818083627618,40.27162491067019,40.33485412597656,118071600,0.0,0.0,AAPL
2018-01-04 00:00:00-05:00,40.40745008862052,40.625250312687136,40.299723865799606,40.5222053527832,89738400,0.0,0.0,AAPL
2018-01-05 00:00:00-05:00,40.618227636489486,41.07021610938013,40.526892974566934,40.98356628417969,94640000,0.0,0.0,AAPL
2018-01-08 00:00:00-05:00,40.83134841918945,41.126428848864556,40.73298470248056,40.83134841918945,82271200,0.0,0.0,AAPL
2018-01-09 00:00:00-05:00,40.87819028123188,40.997626844556606,40.61121170113573,40.82666778564453,86336000,0.0,0.0,AAPL
2018-01-10 00:00:00-05:00,40.55266829963054,40.81964690977428,40.51519673980712,40.81730270385742,95839600,0.0,0.0,AAPL
2018-01-11 00:00:00-05:00,40.88756700493174,41.098341879856854,40.86414995670794,41.04916000366211,74670800,0.0,0.0,AAPL
2018-01-12 00:00:00-05:00,41.25992225875077,41.53627052568865,41.13580085257462,41.47303771972656,101672400,0.0,0.0,AAPL
2018-01-16 00:00:00-05:00,41.66273418158303,42.011681370568965,41.250557757664666,41.26226806640625,118263600,0.0,0.0,AAPL
2018-01-17 00:00:00-05:00,41.252894884198874,41.97889108266515,40.99997081899453,41.943763732910156,137547200,0.0,0.0,AAPL
2018-01-18 00:00:00-05:00,42.00698912004785,42.1779517358419,41.74469540324496,41.98122787475586,124773600,0.0,0.0,AAPL
2018-01-19 00:00:00-05:00,41.82900781187855,42.056174199536976,41.54797829756957,41.793880462646484,129700400,0.0,0.0,AAPL
2018-01-22 00:00:00-05:00,41.52221979392465,41.63463089237908,41.358286197536025,41.451961517333984,108434400,0.0,0.0,AAPL
2018-01-23 00:00:00-05:00,41.52221877162652,42.023389224523754,41.40980767593971,41.461326599121094,130756400,0.0,0.0,AAPL
2018-01-24 00:00:00-05:00,41.510504321279925,41.52221462816889,40.56202663901651,40.8009033203125,204420400,0.0,0.0,AAPL
2018-01-25 00:00:00-05:00,40.86881783456247,40.97186281875041,39.93673528633479,40.072566986083984,166116000,0.0,0.0,AAPL
2018-01-26 00:00:00-05:00,40.28100362995669,40.28100362995669,39.82667080795431,40.1662483215332,156572000,0.0,0.0,AAPL
2018-01-29 00:00:00-05:00,39.850086936789836,39.850086936789836,39.126434961888506,39.33486557006836,202561600,0.0,0.0,AAPL
2018-01-30 00:00:00-05:00,38.765782824834226,39.196695039895985,38.57140312952726,39.10301971435547,184192800,0.0,0.0,AAPL
2018-01-31 00:00:00-05:00,39.07960748124148,39.447290538522424,38.99295760785047,39.21075439453125,129915600,0.0,0.0,AAPL
2018-02-01 00:00:00-05:00,39.14984837452473,39.48942581837823,39.05382886516062,39.29270553588867,188923200,0.0,0.0,AAPL
2018-02-02 00:00:00-05:00,38.87584265593056,39.06319682921009,37.49411232827588,37.58778762817383,346375200,0.0,0.0,AAPL
2018-02-05 00:00:00-05:00,37.25992247449914,38.37935916282286,36.53392635472329,36.648681640625,290954000,0.0,0.0,AAPL
2018-02-06 00:00:00-05:00,36.2599181087595,38.34188314165611,36.06553847904792,38.18029022216797,272975200,0.0,0.0,AAPL
2018-02-07 00:00:00-05:00,38.19434247833096,38.26694136965625,37.25289394932858,37.36296081542969,206434400,0.0,0.0,AAPL
2018-02-08 00:00:00-05:00,37.5386155259692,37.7048933359953,36.30676750219174,36.334869384765625,217562000,0.0,0.0,AAPL
2018-02-09 00:00:00-05:00,36.93449073015276,37.12730914186198,35.32843847604352,36.779293060302734,282690400,0.1575,0.0,AAPL
2018-02-12 00:00:00-05:00,37.270761309072945,38.538202196818276,37.03796472591591,38.2607307434082,243278000,0.0,0.0,AAPL
2018-02-13 00:00:00-05:00,38.0820081550772,38.74041964665234,38.01146342597023,38.64400863647461,130196800,0.0,0.0,AAPL
2018-02-14 00:00:00-05:00,38.338305730378266,39.39646558618695,38.30068499575861,39.35649108886719,162579600,0.0,0.0,AAPL
2018-02-15 00:00:00-05:00,39.925552067246045,40.701536806482075,39.73978777414594,40.67802429199219,204588800,0.0,0.0,AAPL
2018-02-16 00:00:00-05:00,40.52988254031404,41.108344960877716,40.391146858083566,40.54634094238281,160704400,0.0,0.0,AAPL
2018-02-20 00:00:00-05:00,40.45697504613058,40.97664704592334,40.308831533368085,40.40994644165039,135722000,0.0,0.0,AAPL
2018-02-21 00:00:00-05:00,40.64040028293785,40.943737915034774,40.21243161204451,40.22654342651367,149886400,0.0,0.0,AAPL
2018-02-22 00:00:00-05:00,40.39818800885257,40.90375178129264,40.377025675245875,40.56278991699219,123967600,0.0,0.0,AAPL
2018-02-23 00:00:00-05:00,40.83792303213014,41.30351244871162,40.807352815892024,41.26824188232422,135249600,0.0,0.0,AAPL
2018-02-26 00:00:00-05:00,41.468103620893025,42.18294769366372,41.43518324099014,42.08418655395508,152648800,0.0,0.0,AAPL
2018-02-27 00:00:00-05:00,42.11476299857171,42.43926290910016,41.89372459159912,41.94780731201172,155712400,0.0,0.0,AAPL
2018-02-28 00:00:00-05:00,42.15239401571747,42.472193655045075,41.86786853243593,41.88432693481445,151128400,0.0,0.0,AAPL
2018-03-01 00:00:00-05:00,41.983086768337195,42.274669943930185,40.600426726524184,41.15066909790039,195208000,0.0,0.0,AAPL
2018-03-02 00:00:00-05:00,40.63334492430652,41.4563582618264,40.55104215533317,41.43519592285156,153816000,0.0,0.0,AAPL
2018-03-05 00:00:00-05:00,41.20005744479094,41.79497834569878,41.03780563762442,41.578643798828125,113605600,0.0,0.0,AAPL
2018-03-06 00:00:00-05:00,41.83494482565421,41.9148938321395,41.416384041050755,41.54336166381836,95154000,0.0,0.0,AAPL
2018-03-07 00:00:00-05:00,41.136556320670735,41.35054063744195,40.979008492690134,41.157718658447266,126814000,0.0,0.0,AAPL
2018-03-08 00:00:00-05:00,41.26352262602991,41.64916289027123,41.167115251008745,41.60683822631836,95096400,0.0,0.0,AAPL
2018-03-09 00:00:00-05:00,41.846711082439775,42.3264088034686,41.71267573229615,42.32170486450195,128740800,0.0,0.0,AAPL
2018-03-12 00:00:00-04:00,42.39459620832886,42.88840570474543,42.37578763015166,42.730857849121094,128828400,0.0,0.0,AAPL
2018-03-13 00:00:00-04:00,42.93542665160748,43.14941096767531,42.14768751429382,42.31934356689453,126774000,0.0,0.0,AAPL
2018-03-14 00:00:00-04:00,42.401652575454754,42.44868119552501,41.811432091203834,41.95957565307617,117473600,0.0,0.0,AAPL
2018-03-15 00:00:00-04:00,41.97368252757985,42.382839043917734,41.87257117709006,42.00895309448242,90975200,0.0,0.0,AAPL
2018-03-16 00:00:00-04:00,42.00896459455912,42.11948385184696,41.76676373404863,41.86082458496094,157618800,0.0,0.0,AAPL
2018-03-19 00:00:00-04:00,41.696215457943815,41.731486028476525,40.83557765640605,41.22121810913086,133787200,0.0,0.0,AAPL
2018-03-20 00:00:00-04:00,41.20710754394531,41.573935808897474,41.13656281882672,41.20710754394531,78597600,0.0,0.0,AAPL
2018-03-21 00:00:00-04:00,41.16007137335858,41.17182942442222,40.271217251359516,40.2735710144043,148219600,0.0,0.0,AAPL
2018-03-22 00:00:00-04:00,39.97492692319023,40.60511816653753,39.64572307786744,39.70450973510742,165963200,0.0,0.0,AAPL
2018-03-23 00:00:00-04:00,39.59634667471418,39.95612078420119,38.785091400146484,38.785091400146484,164115200,0.0,0.0,AAPL
2018-03-26 00:00:00-04:00,39.52110449652672,40.70389201786306,39.137814257363395,40.62629318237305,150164800,0.0,0.0,AAPL
2018-03-27 00:00:00-04:00,40.840269375498934,41.18593524587872,39.25067927716535,39.58458709716797,163690400,0.0,0.0,AAPL
2018-03-28 00:00:00-04:00,39.3282845706032,39.97964191762341,38.84388295506285,39.147220611572266,166674000,0.0,0.0,AAPL
2018-03-29 00:00:00-04:00,39.45996549061165,40.386444023671224,39.24598114149307,39.452911376953125,153594000,0.0,0.0,AAPL
2018-04-02 00:00:00-04:00,39.184851538258634,39.725689743076046,38.67458355698248,39.19425582885742,150347200,0.0,0.0,AAPL
2018-04-03 00:00:00-04:00,39.41999160319373,39.681004576821195,38.77098802003664,39.596351623535156,121112000,0.0,0.0,AAPL
2018-04-04 00:00:00-04:00,38.77097971927465,40.447572847156515,38.745113444973654,40.353515625,138422000,0.0,0.0,AAPL
2018-04-05 00:00:00-04:00,40.5816178114042,40.96960843017721,40.46404446170888,40.63335037231445,107732800,0.0,0.0,AAPL
2018-04-06 00:00:00-04:00,40.203034724122084,40.55810497713796,39.55167730962481,39.5940055847168,140021200,0.0,0.0,AAPL
2018-04-09 00:00:00-04:00,39.94671601933608,40.70153479373485,39.9396619065326,39.986690521240234,116070800,0.0,0.0,AAPL
2018-04-10 00:00:00-04:00,40.68038339325876,40.91553011807529,40.33471742073413,40.73917007446289,113634400,0.0,0.0,AAPL
2018-04-11 00:00:00-04:00,40.49931222839776,40.89671069695223,40.374684773390626,40.5486946105957,89726400,0.0,0.0,AAPL
2018-04-12 00:00:00-04:00,40.77678448906721,41.15066682941306,40.68977778218014,40.94844055175781,91557200,0.0,0.0,AAPL
2018-04-13 00:00:00-04:00,41.098931512114,41.348186388918656,40.880246848218526,41.08717346191406,100497200,0.0,0.0,AAPL
2018-04-16 00:00:00-04:00,41.157726513426766,41.43049754589345,41.11069789115241,41.3434944152832,86313600,0.0,0.0,AAPL
2018-04-17 00:00:00-04:00,41.50104135034263,42.07715003351195,41.4822291842405,41.91254806518555,106421600,0.0,0.0,AAPL
2018-04-18 00:00:00-04:00,41.81143114656128,42.04893159283888,41.59274645355115,41.818485260009766,83018000,0.0,0.0,AAPL
2018-04-19 00:00:00-04:00,40.8590891944193,41.242379462603296,40.60042997792192,40.63335037231445,139235200,0.0,0.0,AAPL
2018-04-20 00:00:00-04:00,40.11602666710039,40.26181646642475,38.90031512480177,38.968509674072266,261964400,0.0,0.0,AAPL
2018-04-23 00:00:00-04:00,39.22953049076783,39.2506928359251,38.585227140895526,38.855648040771484,146062000,0.0,0.0,AAPL
2018-04-24 00:00:00-04:00,38.956753566929045,39.111951250892595,37.910351463939506,38.31480407714844,134768000,0.0,0.0,AAPL
2018-04-25 00:00:00-04:00,38.23955349982821,38.89796494806505,38.19017470434135,38.481754302978516,113528400,0.0,0.0,AAPL
2018-04-26 00:00:00-04:00,38.59226759085532,38.97085384618492,38.415907600882896,38.61578369140625,111852000,0.0,0.0,AAPL
2018-04-27 00:00:00-04:00,38.56405485568262,38.64165368931231,37.77161170591066,38.169010162353516,142623200,0.0,0.0,AAPL
2018-04-30 00:00:00-04:00,38.12434091445183,39.330641213124075,38.05614635266977,38.860347747802734,169709600,0.0,0.0,AAPL
2018-05-01 00:00:00-04:00,39.130760510579584,39.786818179609284,38.86269343458145,39.7633056640625,214277600,0.0,0.0,AAPL
2018-05-02 00:00:00-04:00,41.204752401329166,41.797323049213546,40.86849436573064,41.51985168457031,266157600,0.0,0.0,AAPL
2018-05-03 00:00:00-04:00,41.35760731597506,41.738543863907715,41.01899545645523,41.5951042175293,136272800,0.0,0.0,AAPL
2018-05-04 00:00:00-04:00,41.91488639162222,43.32576615796013,41.89607423083804,43.22700500488281,224805200,0.0,0.0,AAPL
2018-05-07 00:00:00-04:00,43.54445330963248,44.12996973811429,43.44334197614829,43.53975296020508,169805600,0.0,0.0,AAPL
2018-05-08 00:00:00-04:00,43.49979138596113,43.78902083601134,43.18939600498701,43.749046325683594,113611200,0.0,0.0,AAPL
2018-05-09 00:00:00-04:00,43.86662248516598,44.066495049580375,43.553876908789505,44.057090759277344,92844800,0.0,0.0,AAPL
2018-05-10 00:00:00-04:00,44.146436653293755,44.76486994901451,44.12527072629571,44.68727111816406,111957200,0.0,0.0,AAPL
2018-05-11 00:00:00-04:00,44.72977282201888,44.86432142541709,44.24822173159673,44.5173225402832,104848800,0.1825,0.0,AAPL
2018-05-14 00:00:00-04:00,44.61645824567123,44.739207039830816,44.3449982374365,44.4134521484375,83115200,0.0,0.0,AAPL
2018-05-15 00:00:00-04:00,44.0900572551773,44.15851476365606,43.69348924068128,44.00979995727539,94780800,0.0,0.0,AAPL
2018-05-16 00:00:00-04:00,43.92246672462898,44.48663432032754,43.905941254389596,44.420536041259766,76732400,0.0,0.0,AAPL
2018-05-17 00:00:00-04:00,44.378045851766245,44.592855342417124,43.99091836181578,44.13963317871094,69176000,0.0,0.0,AAPL
2018-05-18 00:00:00-04:00,44.186842706146265,44.33319468202338,43.93662664343136,43.9791145324707,73190800,0.0,0.0,AAPL
2018-05-21 00:00:00-04:00,44.37803378516849,44.677822575118384,44.12073647501625,44.29069519042969,73603200,0.0,0.0,AAPL
2018-05-22 00:00:00-04:00,44.46775312562425,44.58577985875149,44.09006613886106,44.17976760864258,60962800,0.0,0.0,AAPL
2018-05-23 00:00:00-04:00,43.9885504946515,44.49606384040454,43.84927625766243,44.463016510009766,80233600,0.0,0.0,AAPL
2018-05-24 00:00:00-04:00,44.55980772674339,44.57632959413416,43.95551151224936,44.4134521484375,92936000,0.0,0.0,AAPL
2018-05-25 00:00:00-04:00,44.43232966932365,44.76752505903052,44.295418267574824,44.514949798583984,69844000,0.0,0.0,AAPL
2018-05-29 00:00:00-04:00,44.28362182448461,44.55508180932214,44.111300239226054,44.354434967041016,90056400,0.0,0.0,AAPL
2018-05-30 00:00:00-04:00,44.31196089443378,44.37805558268229,44.09007004021791,44.26002883911133,74762000,0.0,0.0,AAPL
2018-05-31 00:00:00-04:00,44.19392920352048,44.432341902163905,43.93899103371972,44.11130905151367,109931200,0.0,0.0,AAPL
2018-06-01 00:00:00-04:00,44.37568294540412,44.91152160606056,44.319028828916046,44.906803131103516,93770000,0.0,0.0,AAPL
2018-06-04 00:00:00-04:00,45.23728046579235,45.657455294973495,45.16882655397974,45.28213119506836,105064800,0.0,0.0,AAPL
2018-06-05 00:00:00-04:00,45.5748497109205,45.780215097624364,45.40725014573324,45.631500244140625,86264000,0.0,0.0,AAPL
2018-06-06 00:00:00-04:00,45.70702960425292,45.81325293388397,45.30337662938726,45.78964614868164,83734400,0.0,0.0,AAPL
2018-06-07 00:00:00-04:00,45.82740376266648,45.841566389384795,45.402506951673004,45.66688919067383,85388800,0.0,0.0,AAPL
2018-06-08 00:00:00-04:00,45.1263187088142,45.32224342250266,44.79584545794711,45.251426696777344,106627200,0.0,0.0,AAPL
2018-06-11 00:00:00-04:00,45.16883179466369,45.31518378979561,44.899730989674985,45.1405029296875,73234000,0.0,0.0,AAPL
2018-06-12 00:00:00-04:00,45.17826783713931,45.46625332272547,45.12161371473412,45.38835525512695,67644400,0.0,0.0,AAPL
2018-06-13 00:00:00-04:00,45.42139297928895,45.52997912377757,44.954008274509455,45.015380859375,86553600,0.0,0.0,AAPL
2018-06-14 00:00:00-04:00,45.21603390272544,45.22075597971517,44.90208241786221,45.03899383544922,86440400,0.0,0.0,AAPL
2018-06-15 00:00:00-04:00,44.85723243194056,44.88792053004648,44.43941685773997,44.57632827758789,246876800,0.0,0.0,AAPL
2018-06-18 00:00:00-04:00,44.34972444416655,44.666035210598075,44.18920622118241,44.552730560302734,73939600,0.0,0.0,AAPL
2018-06-19 00:00:00-04:00,43.70292975662603,43.98383390094082,43.30399890306228,43.832759857177734,134314000,0.0,0.0,AAPL
2018-06-20 00:00:00-04:00,43.98856116672441,44.18920443498189,43.84220558070689,44.02396774291992,82514800,0.0,0.0,AAPL
2018-06-21 00:00:00-04:00,44.201006976374714,44.46066720310662,43.65572410212739,43.778472900390625,102847600,0.0,0.0,AAPL
2018-06-22 00:00:00-04:00,43.93424902173062,43.941330334187924,43.59905369182765,43.65098571777344,108801600,0.0,0.0,AAPL
2018-06-25 00:00:00-04:00,43.29220634111752,43.651008635516185,42.661943988297445,43.001861572265625,126652400,0.0,0.0,AAPL
2018-06-26 00:00:00-04:00,43.19541781745774,44.0310453625436,43.08919089400755,43.53533172607422,98276800,0.0,0.0,AAPL
2018-06-27 00:00:00-04:00,43.724167196707484,44.20807735303371,43.440903857017844,43.47159194946289,101141200,0.0,0.0,AAPL
2018-06-28 00:00:00-04:00,43.45742953443182,43.95550231988519,43.386612798692276,43.78790283203125,69460800,0.0,0.0,AAPL
2018-06-29 00:00:00-04:00,43.97439168953857,44.186841936704425,43.176533549058156,43.69585037231445,90950800,0.0,0.0,AAPL
2018-07-02 00:00:00-04:00,43.39133895622868,44.21280380316202,43.29691543239838,44.18447494506836,70925200,0.0,0.0,AAPL
2018-07-03 00:00:00-04:00,44.328465364400785,44.36623477197079,43.32523843786457,43.414939880371094,55819200,0.0,0.0,AAPL
2018-07-05 00:00:00-04:00,43.73126158996001,44.002725223185244,43.499930213576576,43.76430892944336,66416800,0.0,0.0,AAPL
2018-07-06 00:00:00-04:00,43.76901955039826,44.47953896425488,43.71708751596208,44.37095642089844,69940800,0.0,0.0,AAPL
2018-07-09 00:00:00-04:00,44.73213001099853,45.01067136078783,44.68492004007203,44.98706817626953,79026400,0.0,0.0,AAPL
2018-07-10 00:00:00-04:00,45.01774150653546,45.15229005962102,44.89262990189278,44.932762145996094,63756400,0.0,0.0,AAPL
2018-07-11 00:00:00-04:00,44.49607580388834,44.798223934989025,44.28598837520287,44.34972381591797,75326000,0.0,0.0,AAPL
2018-07-12 00:00:00-04:00,44.739196906877204,45.18297841471113,44.68726487502903,45.09327697753906,72164400,0.0,0.0,AAPL
2018-07-13 00:00:00-04:00,45.105087292800874,45.28448659280294,45.06259580481476,45.164100646972656,50055600,0.0,0.0,AAPL
2018-07-16 00:00:00-04:00,45.208945560083855,45.47568343736199,44.94928539435594,45.0649528503418,60172400,0.0,0.0,AAPL
2018-07-17 00:00:00-04:00,44.79113847703972,45.29157059753824,44.66130836977185,45.19242858886719,62138000,0.0,0.0,AAPL
2018-07-18 00:00:00-04:00,45.270323498314276,45.27504557512844,44.83362324118064,44.9445686340332,65573600,0.0,0.0,AAPL
2018-07-19 00:00:00-04:00,44.776972502771265,45.452085408245445,44.776972502771265,45.29393005371094,81147200,0.0,0.0,AAPL
2018-07-20 00:00:00-04:00,45.270336054005284,45.42376937507211,44.89028980756826,45.19007873535156,82704800,0.0,0.0,AAPL
2018-07-23 00:00:00-04:00,45.010673935781,45.31282569115405,44.746295201955945,45.23020553588867,63957600,0.0,0.0,AAPL
2018-07-24 00:00:00-04:00,45.42847755320166,45.71410376110917,45.3340576309569,45.55830764770508,74791600,0.0,0.0,AAPL
2018-07-25 00:00:00-04:00,45.57247018160259,45.99500779721355,45.423755382579955,45.9879264831543,66839600,0.0,0.0,AAPL
2018-07-26 00:00:00-04:00,45.93836067127651,46.257034259978134,45.70230722835374,45.84394073486328,76304000,0.0,0.0,AAPL
2018-07-27 00:00:00-04:00,46.02806625919059,46.07527623163018,44.87376496387609,45.08148956298828,96096000,0.0,0.0,AAPL
2018-07-30 00:00:00-04:00,45.29865488031646,45.369471634547054,44.63062679730287,44.82891082763672,84118000,0.0,0.0,AAPL
2018-07-31 00:00:00-04:00,44.92096482906494,45.35530224080693,44.69435196969696,44.918601989746094,157492000,0.0,0.0,AAPL
2018-08-01 00:00:00-04:00,47.005324226036834,47.62614234463773,46.57570522201476,47.56476974487305,271742800,0.0,0.0,AAPL
2018-08-02 00:00:00-04:00,47.34759313549567,49.18881044319775,47.293301860039435,48.955116271972656,249616000,0.0,0.0,AAPL
2018-08-03 00:00:00-04:00,48.870143095602415,49.27379606036052,48.5042595454664,49.09675598144531,133789600,0.0,0.0,AAPL
2018-08-06 00:00:00-04:00,49.09911709658689,49.39418390606156,48.87958911924481,49.3516960144043,101701600,0.0,0.0,AAPL
2018-08-07 00:00:00-04:00,49.41070631349122,49.4531942025148,48.806406499558236,48.8890266418457,102349600,0.0,0.0,AAPL
2018-08-08 00:00:00-04:00,48.638817553874105,49.054270358756185,48.27765603782609,48.922080993652344,90102000,0.0,0.0,AAPL
2018-08-09 00:00:00-04:00,49.46027226984365,49.519285624205786,48.91026737496181,49.30683898925781,93970400,0.0,0.0,AAPL
2018-08-10 00:00:00-04:00,49.11970757110333,49.53188234321348,48.95625889225755,49.159976959228516,98444800,0.1825,0.0,AAPL
2018-08-13 00:00:00-04:00,49.581618627654095,49.970103770435536,49.20023963389439,49.47739028930664,103563600,0.0,0.0,AAPL
2018-08-14 00:00:00-04:00,49.78297807220025,49.87772915247579,49.3329014045864,49.685855865478516,82992000,0.0,0.0,AAPL
2018-08-15 00:00:00-04:00,49.56030192567116,49.92036248504382,49.34947773005274,49.80192184448242,115230400,0.0,0.0,AAPL
2018-08-16 00:00:00-04:00,50.15961546611837,50.64759036765416,50.09328899102739,50.53152084350586,114001600,0.0,0.0,AAPL
2018-08-17 00:00:00-04:00,50.55995319318475,51.62828672278983,50.49362670792674,51.54064178466797,141708000,0.0,0.0,AAPL
2018-08-20 00:00:00-04:00,51.66381098233199,51.919639595681524,50.95553462143338,51.03844451904297,121150800,0.0,0.0,AAPL
2018-08-21 00:00:00-04:00,51.355866802900465,51.44825036575132,50.699704586767986,50.9389533996582,104639200,0.0,0.0,AAPL
2018-08-22 00:00:00-04:00,50.71627822753723,51.25162856351985,50.65468678783901,50.941314697265625,76072400,0.0,0.0,AAPL
2018-08-23 00:00:00-04:00,50.84656446640167,51.41508169772484,50.83472329421443,51.04554748535156,75532800,0.0,0.0,AAPL
2018-08-24 00:00:00-04:00,51.308493950747646,51.37955545318121,50.955539492398955,51.20426559448242,73905600,0.0,0.0,AAPL
2018-08-27 00:00:00-04:00,51.438781061033495,51.81542513519865,51.244540243575635,51.625919342041016,82100400,0.0,0.0,AAPL
2018-08-28 00:00:00-04:00,51.87936750162545,52.241795568558736,51.85804905404619,52.042816162109375,91107200,0.0,0.0,AAPL
2018-08-29 00:00:00-04:00,52.149419157471115,52.940605483044955,51.97412930067011,52.819793701171875,109019200,0.0,0.0,AAPL
2018-08-30 00:00:00-04:00,52.883752406159765,54.070526466879734,52.682401847046464,53.30540084838867,195175200,0.0,0.0,AAPL
2018-08-31 00:00:00-04:00,53.65597804212751,54.215018013869724,53.53516988918056,53.921287536621094,173360400,0.0,0.0,AAPL
2018-09-04 00:00:00-04:00,54.10606018131684,54.28845618519026,53.68441174415916,54.094215393066406,109560400,0.0,0.0,AAPL
2018-09-05 00:00:00-04:00,54.24345905391312,54.404536629269586,53.32199079088694,53.741268157958984,133332000,0.0,0.0,AAPL
2018-09-06 00:00:00-04:00,53.58965298703606,53.85496248853449,52.42182996748417,52.84821701049805,137160000,0.0,0.0,AAPL
2018-09-07 00:00:00-04:00,52.552107005254705,53.38592640671774,52.28206252356659,52.42182159423828,150479200,0.0,0.0,AAPL
2018-09-10 00:00:00-04:00,52.338920056563786,52.55211538527459,51.2776928944184,51.718292236328125,158066000,0.0,0.0,AAPL
2018-09-11 00:00:00-04:00,51.64248569233353,53.13247094287487,51.29900856495267,53.025875091552734,142996000,0.0,0.0,AAPL
2018-09-12 00:00:00-04:00,53.28407325749253,53.2982855553172,52.07597733909681,52.36734390258789,197114800,0.0,0.0,AAPL
2018-09-13 00:00:00-04:00,52.94770315209747,54.09184013440997,52.722666665655694,53.63228988647461,166825600,0.0,0.0,AAPL
2018-09-14 00:00:00-04:00,53.47594644082468,53.7341461563761,52.71082095453466,53.023502349853516,127997200,0.0,0.0,AAPL
2018-09-17 00:00:00-04:00,52.6231864653548,52.81269225388577,51.46720802290819,51.6117057800293,148780400,0.0,0.0,AAPL
2018-09-18 00:00:00-04:00,51.590368618769475,52.55210958163604,51.431658606485406,51.69696807861328,126286800,0.0,0.0,AAPL
2018-09-19 00:00:00-04:00,51.75855985278835,52.023865730627165,51.00054047716211,51.72776412963867,108495200,0.0,0.0,AAPL
2018-09-20 00:00:00-04:00,52.170748870244935,52.65398522500939,51.9125454564342,52.121002197265625,106435200,0.0,0.0,AAPL
2018-09-21 00:00:00-04:00,52.29864634544323,52.436037915375984,51.471929414381464,51.55957794189453,384986800,0.0,0.0,AAPL
2018-09-24 00:00:00-04:00,51.36060612339808,52.412356078089026,51.31559809726625,52.301021575927734,110773600,0.0,0.0,AAPL
2018-09-25 00:00:00-04:00,52.05466892569171,52.781896297075804,52.042824137047674,52.632659912109375,98217600,0.0,0.0,AAPL
2018-09-26 00:00:00-04:00,52.350766677662065,53.00219024491804,52.057032567926086,52.213375091552734,95938800,0.0,0.0,AAPL
2018-09-27 00:00:00-04:00,53.01877980814133,53.63940772196027,52.95244971189144,53.28645324707031,120724800,0.0,0.0,AAPL
2018-09-28 00:00:00-04:00,53.24854310635677,53.497269181508,53.06614711716459,53.47358322143555,91717600,0.0,0.0,AAPL
2018-10-01 00:00:00-04:00,53.99710120068595,54.345317062682476,53.61809322209629,53.83365249633789,94403200,0.0,0.0,AAPL
2018-10-02 00:00:00-04:00,53.83127647394593,54.48270006163944,53.68441122173111,54.3121452331543,99152800,0.0,0.0,AAPL
2018-10-03 00:00:00-04:00,54.494544108242195,55.30467772526183,54.430585144800126,54.973045349121094,114619200,0.0,0.0,AAPL
2018-10-04 00:00:00-04:00,54.66745842279414,55.03936374636723,53.70808857005446,54.006561279296875,128168000,0.0,0.0,AAPL
2018-10-05 00:00:00-04:00,53.99946547548334,54.10606134298205,52.25128023622536,53.13010787963867,134322000,0.0,0.0,AAPL
2018-10-08 00:00:00-04:00,52.637389466556535,53.250911098505604,52.161255792698086,53.00692367553711,118655600,0.0,0.0,AAPL
2018-10-09 00:00:00-04:00,52.97614244597104,53.836022862159,52.64687752973604,53.741268157958984,107564000,0.0,0.0,AAPL
2018-10-10 00:00:00-04:00,53.407245783695664,53.61806994201576,51.178192455201994,51.251625061035156,167962400,0.0,0.0,AAPL
2018-10-11 00:00:00-04:00,50.81577776199736,51.99544563029046,50.294639622092426,50.7991943359375,212497600,0.0,0.0,AAPL
2018-10-12 00:00:00-04:00,52.21337471372891,52.79610429097438,51.36533924220412,52.613704681396484,161351600,0.0,0.0,AAPL
2018-10-15 00:00:00-04:00,52.38866739351679,52.54737742537575,51.46719931244083,51.48851776123047,123164000,0.0,0.0,AAPL
2018-10-16 00:00:00-04:00,51.860414780356344,52.82215577413078,51.34638285746318,52.623172760009766,116736000,0.0,0.0,AAPL
2018-10-17 00:00:00-04:00,52.65871322646053,52.7392520002313,51.95754299454812,52.395774841308594,91541600,0.0,0.0,AAPL
2018-10-18 00:00:00-04:00,51.60696135100703,52.05229936190943,50.45571806191486,51.17110061645508,130325200,0.0,0.0,AAPL
2018-10-19 00:00:00-04:00,51.654334023038835,52.41235343553008,51.5050976522359,51.950435638427734,132314800,0.0,0.0,AAPL
2018-10-22 00:00:00-04:00,52.06414233827179,52.909810362997675,51.86279539037658,52.267860412597656,115168400,0.0,0.0,AAPL
2018-10-23 00:00:00-04:00,51.1260947111794,52.88375363683341,50.858417668263044,52.76057434082031,155071200,0.0,0.0,AAPL
2018-10-24 00:00:00-04:00,52.7297710181552,53.115885022108806,50.82050498666034,50.95079040527344,163702000,0.0,0.0,AAPL
2018-10-25 00:00:00-04:00,51.571428208874636,52.44078212582718,51.344020575796435,52.06650924682617,119423200,0.0,0.0,AAPL
2018-10-26 00:00:00-04:00,51.142672067536914,52.15889488542669,50.37754646798605,51.2374267578125,189033600,0.0,0.0,AAPL
2018-10-29 00:00:00-04:00,51.92202035478922,52.04046102219299,48.81887342300146,50.27569580078125,183742000,0.0,0.0,AAPL
2018-10-30 00:00:00-04:00,50.017486015945025,50.9721173842347,49.57215162121228,50.52678298950195,146640000,0.0,0.0,AAPL
2018-10-31 00:00:00-04:00,51.3748100296124,52.22047426808277,51.31321858727521,51.843833923339844,153435600,0.0,0.0,AAPL
2018-11-01 00:00:00-04:00,51.88884582940752,52.67292229880161,51.358230453591474,52.6397590637207,233292800,0.0,0.0,AAPL
2018-11-02 00:00:00-04:00,49.63847065677181,50.60968169125089,48.66251737032402,49.14812469482422,365314800,0.0,0.0,AAPL
2018-11-05 00:00:00-05:00,48.394849066781845,48.41616751574769,46.94276557852468,47.752899169921875,264654800,0.0,0.0,AAPL
2018-11-06 00:00:00-05:00,47.83106674768575,48.49433504244027,47.77658506634977,48.2692985534668,127531600,0.0,0.0,AAPL
2018-11-07 00:00:00-05:00,48.790443983793224,49.759287679647485,48.354583238431374,49.73323059082031,133697600,0.0,0.0,AAPL
2018-11-08 00:00:00-05:00,49.913878467198,49.94715741120494,49.146083355881075,49.559696197509766,101450400,0.1825,0.0,AAPL
2018-11-09 00:00:00-05:00,48.860839393714286,48.97018295136626,48.076402922214434,48.6041145324707,137463200,0.0,0.0,AAPL
2018-11-12 00:00:00-05:00,47.30385269299909,47.50590577595815,46.06539344615331,46.155723571777344,204542000,0.0,0.0,AAPL
2018-11-13 00:00:00-05:00,45.551942329845666,46.87121758651156,45.50915304400561,45.69456481933594,187531600,0.0,0.0,AAPL
2018-11-14 00:00:00-05:00,46.09155124730951,46.22942223730996,44.19701936866865,44.40382766723633,243204000,0.0,0.0,AAPL
2018-11-15 00:00:00-05:00,44.78177425949028,45.632768656041364,44.42758831620002,45.49965286254883,185915200,0.0,0.0,AAPL
2018-11-16 00:00:00-05:00,45.28333905087855,46.34589328098323,45.03612451761562,46.00359344482422,147713200,0.0,0.0,AAPL
2018-11-19 00:00:00-05:00,45.164472644478835,45.33086734458464,43.97355811893683,44.180362701416016,167701200,0.0,0.0,AAPL
2018-11-20 00:00:00-05:00,42.39993653439014,43.13683212021404,41.72009212284798,42.069522857666016,271300800,0.0,0.0,AAPL
2018-11-21 00:00:00-05:00,42.72321749832553,42.85158172835993,41.96730851284689,42.02198028564453,124496800,0.0,0.0,AAPL
2018-11-23 00:00:00-05:00,41.58460546368542,41.97920130450926,40.90951614402539,40.95467758178711,94496000,0.0,0.0,AAPL
2018-11-26 00:00:00-05:00,41.41821459606718,41.58698512821086,40.47213479849216,41.508541107177734,179994000,0.0,0.0,AAPL
2018-11-27 00:00:00-05:00,40.76926040452482,41.544190095580014,40.61950696824367,41.41820526123047,165549600,0.0,0.0,AAPL
2018-11-28 00:00:00-05:00,42.0101013122745,43.094048373052914,41.58222651798475,43.0108528137207,184250000,0.0,0.0,AAPL
2018-11-29 00:00:00-05:00,43.419714327370095,43.45299327942676,42.240681861257066,42.680442810058594,167080000,0.0,0.0,AAPL
2018-11-30 00:00:00-05:00,42.856345630884306,42.86585597584638,42.08141936463273,42.449867248535156,158126000,0.0,0.0,AAPL
2018-12-03 00:00:00-05:00,43.8475839184316,43.96168265082732,43.07503354139538,43.93315887451172,163210000,0.0,0.0,AAPL
2018-12-04 00:00:00-05:00,43.013225188632596,43.3555249970272,41.90075443848327,42.00059127807617,165377200,0.0,0.0,AAPL
2018-12-06 00:00:00-05:00,40.82868999457398,41.546568558651884,40.51016241642234,41.53230667114258,172393600,0.0,0.0,AAPL
2018-12-07 00:00:00-05:00,41.23992676487869,41.47763456048138,40.00622272535943,40.051387786865234,169126400,0.0,0.0,AAPL
2018-12-10 00:00:00-05:00,39.221789190120006,40.431721089169876,38.824817577209345,40.31524658203125,248104000,0.0,0.0,AAPL
2018-12-11 00:00:00-05:00,40.804929311290685,40.835828864514035,39.69720988937446,40.08467483520508,189126800,0.0,0.0,AAPL
2018-12-12 00:00:00-05:00,40.50541699818574,40.86673395300004,40.17738262508479,40.1963996887207,142510800,0.0,0.0,AAPL
2018-12-13 00:00:00-05:00,40.52680299166999,41.02123563706542,40.3033570855926,40.636146545410156,127594400,0.0,0.0,AAPL
2018-12-14 00:00:00-05:00,40.17261653107448,40.191633589540416,39.28834326163995,39.33588409423828,162814800,0.0,0.0,AAPL
2018-12-17 00:00:00-05:00,39.32874789519536,40.018102570718185,38.68218250228622,38.969810485839844,177151600,0.0,0.0,AAPL
2018-12-18 00:00:00-05:00,39.31211629502645,39.82318660338738,39.076784272225034,39.47613525390625,135366000,0.0,0.0,AAPL
2018-12-19 00:00:00-05:00,39.45949521281454,39.8041708009938,37.81693342711854,38.244808197021484,196189200,0.0,0.0,AAPL
2018-12-20 00:00:00-05:00,38.12831978756571,38.53480161615786,36.91601249803498,37.27970504760742,259092000,0.0,0.0,AAPL
2018-12-21 00:00:00-05:00,37.28685063952054,37.59587154627308,35.56822403128292,35.8297004699707,382978400,0.0,0.0,AAPL
2018-12-24 00:00:00-05:00,35.216406049533184,36.024614675366145,34.84558249419707,34.90263366699219,148676800,0.0,0.0,AAPL
2018-12-26 00:00:00-05:00,35.252071232061816,37.37480037184857,34.876492432675754,37.360538482666016,234330000,0.0,0.0,AAPL
2018-12-27 00:00:00-05:00,37.044383670140306,37.265453816149545,35.672812239071256,37.118072509765625,212468400,0.0,0.0,AAPL
2018-12-28 00:00:00-05:00,37.438990235956965,37.68145328355887,36.73775273156749,37.13710021972656,169165600,0.0,0.0,AAPL
2018-12-31 00:00:00-05:00,37.68383179752151,37.881129782975,37.19652989389635,37.49604415893555,140014000,0.0,0.0,AAPL
2019-01-02 00:00:00-05:00,36.81855647461749,37.75988084293644,36.66166847537554,37.53881072998047,148158800,0.0,0.0,AAPL
2019-01-03 00:00:00-05:00,34.225170383128884,34.63878328935381,33.754509922344255,33.79967498779297,365248800,0.0,0.0,AAPL
2019-01-04 00:00:00-05:00,34.35590471835777,35.311490997459316,34.18237905675144,35.2425537109375,234428400,0.0,0.0,AAPL
2019-01-07 00:00:00-05:00,35.347155776449505,35.37805895693896,34.68157308595714,35.164119720458984,219111200,0.0,0.0,AAPL
2019-01-08 00:00:00-05:00,35.55158069885025,36.08880268918446,35.30436616393607,35.83445358276367,164101200,0.0,0.0,AAPL
2019-01-09 00:00:00-05:00,35.96281095519444,36.73298552202173,35.56821876942101,36.4429817199707,180396400,0.0,0.0,AAPL
2019-01-10 00:00:00-05:00,36.25043882659319,36.59986957627264,35.8605981869204,36.5594596862793,143122800,0.0,0.0,AAPL
2019-01-11 00:00:00-05:00,36.34077375101084,36.5356922830337,36.015111561582835,36.200523376464844,108092800,0.0,0.0,AAPL
2019-01-14 00:00:00-05:00,35.85822297159505,35.95805981203487,35.470758098093015,35.65616989135742,129756800,0.0,0.0,AAPL
2019-01-15 00:00:00-05:00,35.72035787905168,36.46200517390876,35.66806186445189,36.38594055175781,114843600,0.0,0.0,AAPL
2019-01-16 00:00:00-05:00,36.38830771618193,37.0538902314347,36.36929065835952,36.8304443359375,122278800,0.0,0.0,AAPL
2019-01-17 00:00:00-05:00,36.65454130482251,37.47701187238664,36.43109539692976,37.049137115478516,119284800,0.0,0.0,AAPL
2019-01-18 00:00:00-05:00,37.43897567136917,37.52930578922707,37.07765882707049,37.27733612060547,135004000,0.0,0.0,AAPL
2019-01-22 00:00:00-05:00,37.17988821650718,37.255952847568416,36.27897337256783,36.440616607666016,121576000,0.0,0.0,AAPL
2019-01-23 00:00:00-05:00,36.64265013280645,36.87798212341248,36.060266840198814,36.58797836303711,92522400,0.0,0.0,AAPL
2019-01-24 00:00:00-05:00,36.633150139284595,36.72110086684965,36.069783799569784,36.29798126220703,101766000,0.0,0.0,AAPL
2019-01-25 00:00:00-05:00,36.95880474811653,37.58873254360028,36.68306647897274,37.50077819824219,134142000,0.0,0.0,AAPL
2019-01-28 00:00:00-05:00,37.032502794745874,37.16086705953069,36.52618756203671,37.15373611450195,104768400,0.0,0.0,AAPL
2019-01-29 00:00:00-05:00,37.14184157601951,37.58873337454473,36.633147058879665,36.768638610839844,166348800,0.0,0.0,AAPL
2019-01-30 00:00:00-05:00,38.805800046935204,39.495151246226506,38.087921443945866,39.28121566772461,244439200,0.0,0.0,AAPL
2019-01-31 00:00:00-05:00,39.48563529033716,40.17261055654424,39.117187545013365,39.56407928466797,162958400,0.0,0.0,AAPL
2019-02-01 00:00:00-05:00,39.68769901522233,40.16786619757071,39.4428566249422,39.583106994628906,130672400,0.0,0.0,AAPL
2019-02-04 00:00:00-05:00,39.794672652622886,40.80493103070049,39.76376947096352,40.70746994018555,125982000,0.0,0.0,AAPL
2019-02-05 00:00:00-05:00,41.09016970398383,41.61788130053395,40.96894003396188,41.4039421081543,144406400,0.0,0.0,AAPL
2019-02-06 00:00:00-05:00,41.51566269527601,41.73435704669742,41.08779158917797,41.41820526123047,112958400,0.0,0.0,AAPL
2019-02-07 00:00:00-05:00,40.980825176670464,41.34689723690451,40.491147666218886,40.63377380371094,126966800,0.0,0.0,AAPL
2019-02-08 00:00:00-05:00,40.34252623841414,40.7412003774685,40.20644993398255,40.6815185546875,95280000,0.1825,0.0,AAPL
2019-02-11 00:00:00-05:00,40.83430771106207,40.872504955475414,40.40459781813627,40.447566986083984,83973600,0.0,0.0,AAPL
2019-02-12 00:00:00-05:00,40.60751528119588,40.82236839461806,40.51202217536083,40.79610824584961,89134000,0.0,0.0,AAPL
2019-02-13 00:00:00-05:00,40.91546759362625,41.17567944962109,40.56453820729998,40.62660598754883,89960800,0.0,0.0,AAPL
2019-02-14 00:00:00-05:00,40.514411986165825,40.88443638975765,40.43563153945899,40.77462387084961,87342800,0.0,0.0,AAPL
2019-02-15 00:00:00-05:00,40.88205065386177,40.98947721171357,40.5239596992294,40.68390655517578,98507200,0.0,0.0,AAPL
2019-02-19 00:00:00-05:00,40.51442004766372,40.927417341950274,40.46189973940875,40.8056640625,75891200,0.0,0.0,AAPL
2019-02-20 00:00:00-05:00,40.86773012014925,41.37622047276301,40.819985385123545,41.068260192871094,104457600,0.0,0.0,AAPL
2019-02-21 00:00:00-05:00,41.01334849852102,41.149421157459315,40.65525756921384,40.83668899536133,68998800,0.0,0.0,AAPL
2019-02-22 00:00:00-05:00,40.96083275523248,41.29982510218546,40.913088021224546,41.29266357421875,75652800,0.0,0.0,AAPL
2019-02-25 00:00:00-05:00,41.57675106475054,41.984972743412,41.52661672459904,41.59346008300781,87493600,0.0,0.0,AAPL
2019-02-26 00:00:00-05:00,41.46931508945012,41.848890569149845,41.34040032556293,41.61732482910156,68280800,0.0,0.0,AAPL
2019-02-27 00:00:00-05:00,41.349950409662185,41.77727060333604,41.235358701842735,41.74623489379883,111341600,0.0,0.0,AAPL
2019-02-28 00:00:00-05:00,41.614942642381884,41.755790868224764,41.28072225316888,41.335628509521484,112861600,0.0,0.0,AAPL
2019-03-01 00:00:00-05:00,41.60539628273946,41.81308788170758,41.273565459672234,41.770118713378906,103544800,0.0,0.0,AAPL
2019-03-04 00:00:00-05:00,41.94200066357132,42.4337783274615,41.53138940887495,41.98019790649414,109744800,0.0,0.0,AAPL
2019-03-05 00:00:00-05:00,42.00166855677623,42.01599160744863,41.66744825610396,41.90378952026367,78949600,0.0,0.0,AAPL
2019-03-06 00:00:00-05:00,41.69848921077895,41.89424730844964,41.52421933451056,41.662681579589844,83241600,0.0,0.0,AAPL
2019-03-07 00:00:00-05:00,41.507505604819116,41.643581885196596,41.06586237992228,41.180450439453125,99185600,0.0,0.0,AAPL
2019-03-08 00:00:00-05:00,40.66004405233811,41.31654426567523,40.46428587659716,41.27834701538086,95997600,0.0,0.0,AAPL
2019-03-11 00:00:00-04:00,41.89425565466456,42.76083328628098,41.86083397800015,42.70831298828125,128044000,0.0,0.0,AAPL
2019-03-12 00:00:00-04:00,42.97092100466611,43.60832256244585,42.82052161548895,43.18816375732422,129870400,0.0,0.0,AAPL
2019-03-13 00:00:00-04:00,43.508046258708134,43.758710628242646,43.19053854298965,43.37913513183594,124130000,0.0,0.0,AAPL
2019-03-14 00:00:00-04:00,43.90193802159767,43.94968638379497,43.582044393932,43.86135482788086,94318000,0.0,0.0,AAPL
2019-03-15 00:00:00-04:00,44.1287380824745,44.720780702397064,43.86375066246781,44.43191909790039,156171600,0.0,0.0,AAPL
2019-03-18 00:00:00-04:00,44.355534575545406,44.97383742930715,44.353144971142925,44.8855094909668,104879200,0.0,0.0,AAPL
2019-03-19 00:00:00-04:00,44.96429352836273,45.11707887203992,44.384184229156126,44.529808044433594,126585600,0.0,0.0,AAPL
2019-03-20 00:00:00-04:00,44.45818069072299,45.2364339610808,44.10008976785335,44.91892623901367,124140800,0.0,0.0,AAPL
2019-03-21 00:00:00-04:00,45.36295411659781,46.869322516189605,45.3128197901525,46.573299407958984,204136800,0.0,0.0,AAPL
2019-03-22 00:00:00-04:00,46.63298312227623,47.19399365272044,45.54438737550608,45.60884475708008,169630800,0.0,0.0,AAPL
2019-03-25 00:00:00-04:00,45.71866799234534,45.83087012477533,44.54651961316686,45.057395935058594,175381200,0.0,0.0,AAPL
2019-03-26 00:00:00-04:00,45.75446983136156,46.04571739465231,44.064280308272146,44.59186553955078,199202000,0.0,0.0,AAPL
2019-03-27 00:00:00-04:00,45.05977089349775,45.30088411777176,44.53457164340934,44.99292755126953,119393600,0.0,0.0,AAPL
2019-03-28 00:00:00-04:00,45.10752619750009,45.253150007800876,44.768533841635445,45.05261993408203,83121600,0.0,0.0,AAPL
2019-03-29 00:00:00-04:00,45.31760632946552,45.37728815780185,45.00964605534381,45.34625244140625,94256000,0.0,0.0,AAPL
2019-04-01 00:00:00-04:00,45.74970242041629,45.759249910216006,44.97145268625358,45.654212951660156,111448000,0.0,0.0,AAPL
2019-04-02 00:00:00-04:00,45.618401977792104,46.4229155104042,45.60885448792773,46.317874908447266,91062800,0.0,0.0,AAPL
2019-04-03 00:00:00-04:00,46.13404345380395,46.90990705651993,46.11016927049096,46.635372161865234,93087200,0.0,0.0,AAPL
2019-04-04 00:00:00-04:00,46.50169215026725,46.87888174561078,46.10779353704933,46.716548919677734,76457200,0.0,0.0,AAPL
2019-04-05 00:00:00-04:00,46.89796945071504,47.053144355170396,46.77383025568853,47.02927017211914,74106400,0.0,0.0,AAPL
2019-04-08 00:00:00-04:00,46.89081455147626,47.80036495686794,46.871715930873805,47.76933288574219,103526800,0.0,0.0,AAPL
2019-04-09 00:00:00-04:00,47.821852946309676,48.42583270446762,47.56163742923543,47.626094818115234,143072800,0.0,0.0,AAPL
2019-04-10 00:00:00-04:00,47.430335431813845,47.9221167008103,47.310971788819316,47.89346694946289,86781200,0.0,0.0,AAPL
2019-04-11 00:00:00-04:00,47.948376968364045,47.984184604276585,47.373043333440464,47.49479293823242,83603200,0.0,0.0,AAPL
2019-04-12 00:00:00-04:00,47.55447700914382,47.77888125198127,46.8406847198041,47.4756965637207,111042800,0.0,0.0,AAPL
2019-04-15 00:00:00-04:00,47.40647039627106,47.70965510465262,47.270394078957786,47.561641693115234,70146400,0.0,0.0,AAPL
2019-04-16 00:00:00-04:00,47.61655203321536,48.07251843814989,47.40169526328692,47.5664176940918,102785600,0.0,0.0,AAPL
2019-04-17 00:00:00-04:00,47.63563454365202,48.552349965209224,47.41361994646667,48.49266815185547,115627200,0.0,0.0,AAPL
2019-04-18 00:00:00-04:00,48.49028310095317,48.73617190364306,48.347048921068584,48.66694259643555,96783200,0.0,0.0,AAPL
2019-04-22 00:00:00-04:00,48.42106096698539,48.92477573931631,48.30408327313111,48.82689666748047,77758000,0.0,0.0,AAPL
2019-04-23 00:00:00-04:00,48.80301661883193,49.59559294531774,48.676491450506916,49.53113555908203,93292000,0.0,0.0,AAPL
2019-04-24 00:00:00-04:00,49.50248333901643,49.769856696776664,49.42847847339985,49.45473861694336,70162400,0.0,0.0,AAPL
2019-04-25 00:00:00-04:00,49.37597136789553,49.597986024015086,48.9677460534086,49.005943298339844,74172800,0.0,0.0,AAPL
2019-04-26 00:00:00-04:00,48.91522210882772,48.93909629580391,48.25156050901197,48.77198791503906,74596400,0.0,0.0,AAPL
2019-04-29 00:00:00-04:00,48.795866327728284,49.170669996093025,48.66695516826244,48.84600067138672,88818800,0.0,0.0,AAPL
2019-04-30 00:00:00-04:00,48.475965054364224,48.55713146228483,47.53299294597256,47.9054069519043,186139600,0.0,0.0,AAPL
2019-05-01 00:00:00-04:00,50.10408114629927,51.400368488216685,49.948906233473046,50.256866455078125,259309200,0.0,0.0,AAPL
2019-05-02 00:00:00-04:00,50.09454345955994,50.7653666928656,49.68632175370386,49.9298210144043,127985200,0.0,0.0,AAPL
2019-05-03 00:00:00-04:00,50.34519716556769,50.57198735857998,50.18763628266637,50.55050277709961,83569600,0.0,0.0,AAPL
2019-05-06 00:00:00-04:00,48.76959522626785,49.85580509657565,48.581002274765794,49.76986312866211,129772400,0.0,0.0,AAPL
2019-05-07 00:00:00-04:00,49.149176286929475,49.51681471565359,47.943602727798975,48.428218841552734,155054800,0.0,0.0,AAPL
2019-05-08 00:00:00-04:00,48.19903973218028,49.02026221541199,48.163232094761824,48.437767028808594,105358000,0.0,0.0,AAPL
2019-05-09 00:00:00-04:00,47.84094865644529,48.146519303878975,46.948110900817596,47.91734313964844,139634400,0.0,0.0,AAPL
2019-05-10 00:00:00-04:00,47.31104129279952,47.65373790443453,46.1966858308996,47.25352478027344,164834800,0.1925,0.0,AAPL
2019-05-13 00:00:00-04:00,44.98406587699124,45.40823773541505,43.81938322929667,44.50716781616211,229722400,0.0,0.0,AAPL
2019-05-14 00:00:00-04:00,44.67252607693641,45.46096182598622,44.43287946356092,45.21173095703125,146118800,0.0,0.0,AAPL
2019-05-15 00:00:00-04:00,44.6389861249825,45.95224884917704,44.57907445764329,45.75334167480469,106178800,0.0,0.0,AAPL
2019-05-16 00:00:00-04:00,45.51129679315685,46.124791640359376,45.25487311897266,45.55203628540039,132125600,0.0,0.0,AAPL
2019-05-17 00:00:00-04:00,44.79715015909945,45.748547729226715,44.75641066410453,45.29322052001953,131516400,0.0,0.0,AAPL
2019-05-20 00:00:00-04:00,43.97996496416749,44.17887217101229,43.20350831227296,43.876914978027344,154449200,0.0,0.0,AAPL
2019-05-21 00:00:00-04:00,44.38735740248691,45.053574865945905,44.26274010770005,44.71807098388672,113459200,0.0,0.0,AAPL
2019-05-22 00:00:00-04:00,44.25315300927631,44.50478273302888,43.74749841159521,43.802616119384766,118994400,0.0,0.0,AAPL
2019-05-23 00:00:00-04:00,43.08847058296319,43.26580677264261,42.611572408898915,43.0549201965332,146118800,0.0,0.0,AAPL
2019-05-24 00:00:00-04:00,43.184313528603276,43.64922848473397,42.80567148862793,42.889549255371094,94858800,0.0,0.0,AAPL
2019-05-28 00:00:00-04:00,42.877572173999866,43.277781584642646,42.63553040781726,42.712215423583984,111792800,0.0,0.0,AAPL
2019-05-29 00:00:00-04:00,42.27846723919467,42.98063391960515,42.177816071466665,42.50852966308594,113924800,0.0,0.0,AAPL
2019-05-30 00:00:00-04:00,42.64511468367893,42.9518620603252,42.33836730703267,42.7289924621582,84873600,0.0,0.0,AAPL
2019-05-31 00:00:00-04:00,42.23292429098691,42.65470469718947,41.935764812126756,41.95493698120117,108174400,0.0,0.0,AAPL
2019-06-03 00:00:00-04:00,42.08194969920505,42.637927979424546,40.804632722240406,41.53076171875,161584400,0.0,0.0,AAPL
2019-06-04 00:00:00-04:00,42.043609898576285,43.095658571768766,41.8231354139418,43.05012512207031,123872000,0.0,0.0,AAPL
2019-06-05 00:00:00-04:00,44.16208075258354,44.33223146910396,43.40959047948128,43.745094299316406,119093600,0.0,0.0,AAPL
2019-06-06 00:00:00-04:00,43.87450831444031,44.44726365114498,43.65163503254328,44.387351989746094,90105200,0.0,0.0,AAPL
2019-06-07 00:00:00-04:00,44.69649209879013,45.99298125786859,44.519155931088335,45.56880569458008,122737600,0.0,0.0,AAPL
2019-06-10 00:00:00-04:00,45.966617016110206,46.8197583874518,45.92108357381099,46.151145935058594,104883600,0.0,0.0,AAPL
2019-06-11 00:00:00-04:00,46.69754519733289,46.970742225231355,46.39559174230331,46.68556213378906,107731600,0.0,0.0,AAPL
2019-06-12 00:00:00-04:00,46.47947078762684,46.96355808357964,46.345269237869935,46.5369873046875,73012800,0.0,0.0,AAPL
2019-06-13 00:00:00-04:00,46.659203548913915,47.16006418617446,46.395594419327324,46.52739715576172,86698400,0.0,0.0,AAPL
2019-06-14 00:00:00-04:00,45.90431499766962,46.393192538300454,45.604756695226875,46.18949508666992,75046000,0.0,0.0,AAPL
2019-06-17 00:00:00-04:00,46.22784019068279,46.72151539195747,46.052899149208905,46.465091705322266,58676400,0.0,0.0,AAPL
2019-06-18 00:00:00-04:00,46.98272986269059,47.998829391898425,46.78142753974012,47.55788040161133,106204000,0.0,0.0,AAPL
2019-06-19 00:00:00-04:00,47.85263645530765,47.90056870581225,47.284675122657916,47.41887664794922,84496800,0.0,0.0,AAPL
2019-06-20 00:00:00-04:00,48.01799861790571,48.075515130955985,47.45722632835696,47.799922943115234,86056000,0.0,0.0,AAPL
2019-06-21 00:00:00-04:00,47.64174921755458,48.133025524334315,47.4859767191176,47.63695526123047,191202400,0.0,0.0,AAPL
2019-06-24 00:00:00-04:00,47.5794318641311,47.96766182237371,47.490763796922536,47.589019775390625,72881600,0.0,0.0,AAPL
2019-06-25 00:00:00-04:00,47.55308073051549,47.751987879310825,46.80059043176467,46.86769485473633,84281200,0.0,0.0,AAPL
2019-06-26 00:00:00-04:00,47.394907330678734,48.16656964631306,47.294256201254704,47.88138961791992,104270000,0.0,0.0,AAPL
2019-06-27 00:00:00-04:00,47.998814725312755,48.30556572995288,47.82627254173312,47.86701202392578,83598800,0.0,0.0,AAPL
2019-06-28 00:00:00-04:00,47.61299638561164,47.809508400930234,47.22237481857817,47.43086624145508,124442400,0.0,0.0,AAPL
2019-07-01 00:00:00-04:00,48.68900379311359,49.00533908963892,48.08509328129439,48.300777435302734,109012000,0.0,0.0,AAPL
2019-07-02 00:00:00-04:00,48.26722928914985,48.67942179095116,48.25524622614172,48.583560943603516,67740800,0.0,0.0,AAPL
2019-07-03 00:00:00-04:00,48.71536604902747,48.993357013988195,48.573975416695106,48.986167907714844,45448000,0.0,0.0,AAPL
2019-07-05 00:00:00-04:00,48.73215615328759,49.14674390548091,48.62431221679531,48.94304275512695,69062000,0.0,0.0,AAPL
2019-07-08 00:00:00-04:00,48.12343557807911,48.26482620156885,47.548285171877104,47.93411636352539,101354400,0.0,0.0,AAPL
2019-07-09 00:00:00-04:00,47.737616390891624,48.29119961883061,47.6441543349632,48.226497650146484,82312000,0.0,0.0,AAPL
2019-07-10 00:00:00-04:00,48.3726858974758,48.82321918865024,48.303186309529806,48.70339584350586,71588400,0.0,0.0,AAPL
2019-07-11 00:00:00-04:00,48.72255343160577,48.98137221844201,48.33912103596176,48.34870529174805,80767200,0.0,0.0,AAPL
2019-07-12 00:00:00-04:00,48.51646033634091,48.88791335049453,48.45654867782315,48.72016143798828,70380800,0.0,0.0,AAPL
2019-07-15 00:00:00-04:00,48.909484042353284,49.33605478787525,48.88791672141196,49.17789077758789,67789600,0.0,0.0,AAPL
2019-07-16 00:00:00-04:00,49.02931115805789,49.39357511900436,48.76809716632722,49.00774383544922,67467200,0.0,0.0,AAPL
2019-07-17 00:00:00-04:00,48.89989531082296,49.14912619568089,48.712971233000175,48.73214340209961,56430000,0.0,0.0,AAPL
2019-07-18 00:00:00-04:00,48.88790659003687,49.33844336993761,48.81601187841402,49.28572082519531,74162400,0.0,0.0,AAPL
2019-07-19 00:00:00-04:00,49.31687917824089,49.48702989725492,48.49489297923967,48.550010681152344,83717200,0.0,0.0,AAPL
2019-07-22 00:00:00-04:00,48.80404366458104,49.66197919573005,48.79445940658343,49.659584045410156,89111600,0.0,0.0,AAPL
2019-07-23 00:00:00-04:00,49.95674254519547,50.064582806950405,49.67635274522786,50.04780578613281,73420800,0.0,0.0,AAPL
2019-07-24 00:00:00-04:00,49.76741817507398,50.12209418470075,49.647594852943,50.00706481933594,59966400,0.0,0.0,AAPL
2019-07-25 00:00:00-04:00,50.05978660733076,50.14366439422553,49.542148986036345,49.61164855957031,55638400,0.0,0.0,AAPL
2019-07-26 00:00:00-04:00,49.72188066887074,50.26108557444569,49.64040169408489,49.7841911315918,70475600,0.0,0.0,AAPL
2019-07-29 00:00:00-04:00,49.956749399677136,50.47917741603339,49.95195544211181,50.249114990234375,86693600,0.0,0.0,AAPL
2019-07-30 00:00:00-04:00,50.02863804950347,50.364145585133684,49.68115110561913,50.03343200683594,135742800,0.0,0.0,AAPL
2019-07-31 00:00:00-04:00,51.86432039500686,53.05057041741711,50.63733088652627,51.05431365966797,277125600,0.0,0.0,AAPL
2019-08-01 00:00:00-04:00,51.26041812620774,52.250159983136925,49.54455085268824,49.94955062866211,216071600,0.0,0.0,AAPL
2019-08-02 00:00:00-04:00,49.25456908663664,49.47024958006934,48.31994873947202,48.892704010009766,163448400,0.0,0.0,AAPL
2019-08-05 00:00:00-04:00,47.447641588131205,47.60580559815315,46.15115233297481,46.333282470703125,209572000,0.0,0.0,AAPL
2019-08-06 00:00:00-04:00,47.04502381388391,47.46680417334717,46.50102500392178,47.21038055419922,143299200,0.0,0.0,AAPL
2019-08-07 00:00:00-04:00,46.829353474745794,47.82388562486308,46.448316172994446,47.69926834106445,133457600,0.0,0.0,AAPL
2019-08-08 00:00:00-04:00,47.97725466372589,48.775278381580826,47.78314147822122,48.751312255859375,108038000,0.0,0.0,AAPL
2019-08-09 00:00:00-04:00,48.42415480097006,48.77536618277326,47.94063258255727,48.34958267211914,98478800,0.1925,0.0,AAPL
2019-08-12 00:00:00-04:00,48.020015091526766,48.604570850192594,47.906952942126594,48.22689437866211,89927600,0.0,0.0,AAPL
2019-08-13 00:00:00-04:00,48.35680854512529,51.03180338880131,48.226905603803466,50.26923751831055,188874000,0.0,0.0,AAPL
2019-08-14 00:00:00-04:00,48.87158997225576,49.6606171063461,48.73447063907869,48.7729606628418,146189600,0.0,0.0,AAPL
2019-08-15 00:00:00-04:00,48.943761201258695,49.34789546661797,48.032047512807594,48.53000259399414,108909600,0.0,0.0,AAPL
2019-08-16 00:00:00-04:00,49.141019237305535,49.83382507339097,49.03517349339124,49.67505645751953,110481600,0.0,0.0,AAPL
2019-08-19 00:00:00-04:00,50.666144074564244,51.173719791019884,50.52421624172767,50.6011962890625,97654400,0.0,0.0,AAPL
2019-08-20 00:00:00-04:00,50.728701759885844,51.32287831702901,50.593990319832756,50.60361099243164,107537200,0.0,0.0,AAPL
2019-08-21 00:00:00-04:00,51.2362731993296,51.395038142607625,50.901898878290325,51.152076721191406,86141600,0.0,0.0,AAPL
2019-08-22 00:00:00-04:00,51.28437413685631,51.585070543521475,50.69741416374821,51.108768463134766,89014800,0.0,0.0,AAPL
2019-08-23 00:00:00-04:00,50.37989128106551,51.01015362415457,48.35199590142177,48.74650955200195,187272000,0.0,0.0,AAPL
2019-08-26 00:00:00-04:00,49.521097197863455,49.841038661740455,49.32865073537815,49.67264938354492,104174400,0.0,0.0,AAPL
2019-08-27 00:00:00-04:00,50.00220899962749,50.168194019276,48.96059610686594,49.11214828491211,103493200,0.0,0.0,AAPL
2019-08-28 00:00:00-04:00,49.09772024659994,49.487421690431304,48.91008594619143,49.441715240478516,63755200,0.0,0.0,AAPL
2019-08-29 00:00:00-04:00,50.156175336347125,50.35343399884403,49.71355097691558,50.27885818481445,83962000,0.0,0.0,AAPL
2019-08-30 00:00:00-04:00,50.55549991840913,50.625259888422256,49.843449021122325,50.21390914916992,84573600,0.0,0.0,AAPL
2019-09-03 00:00:00-04:00,49.65821067205432,49.790517838568434,49.126581426530514,49.48260498046875,80092000,0.0,0.0,AAPL
2019-09-04 00:00:00-04:00,50.1297009283662,50.391907323066086,49.87230670410968,50.322147369384766,76752400,0.0,0.0,AAPL
2019-09-05 00:00:00-04:00,50.99811740539344,51.47201529946035,50.88024307676292,51.3060302734375,95654800,0.0,0.0,AAPL
2019-09-06 00:00:00-04:00,51.49126598584614,51.58027096935908,51.12080586682492,51.30122375488281,77449200,0.0,0.0,AAPL
2019-09-09 00:00:00-04:00,51.6813030255869,52.0661959770303,50.77440511113955,51.5201301574707,109237600,0.0,0.0,AAPL
2019-09-10 00:00:00-04:00,51.445553151541986,52.14797960143516,50.92835673818088,52.12873458862305,127111600,0.0,0.0,AAPL
2019-09-11 00:00:00-04:00,52.45830188762013,53.81504412951995,52.37650966317453,53.78617477416992,177158400,0.0,0.0,AAPL
2019-09-12 00:00:00-04:00,54.07725173898349,54.46695317394256,53.610570248885764,53.665897369384766,128906800,0.0,0.0,AAPL
2019-09-13 00:00:00-04:00,52.92257603236607,53.11261457668617,52.205716712062376,52.62187957763672,159053200,0.0,0.0,AAPL
2019-09-16 00:00:00-04:00,52.37650901593333,52.95384839785664,52.335614739521375,52.89851760864258,84632400,0.0,0.0,AAPL
2019-09-17 00:00:00-04:00,52.912955319127846,53.11983462664283,52.71088451204481,53.090965270996094,73274800,0.0,0.0,AAPL
2019-09-18 00:00:00-04:00,53.17757758291462,53.60817705510738,52.78787606758123,53.588932037353516,101360000,0.0,0.0,AAPL
2019-09-19 00:00:00-04:00,53.40609695865153,53.82707201378475,53.011583339522566,53.15351486206055,88242400,0.0,0.0,AAPL
2019-09-20 00:00:00-04:00,53.254542597972154,53.53839827071438,52.313963268360816,52.37650680541992,221652400,0.0,0.0,AAPL
2019-09-23 00:00:00-04:00,52.66999310798111,52.884088848434445,52.35726804412726,52.61466598510742,76662000,0.0,0.0,AAPL
2019-09-24 00:00:00-04:00,53.170350865473765,53.52156594791052,52.24661221580906,52.36448287963867,124763200,0.0,0.0,AAPL
2019-09-25 00:00:00-04:00,52.573768388250606,53.28341128066549,52.2345819095354,53.17034912109375,87613600,0.0,0.0,AAPL
2019-09-26 00:00:00-04:00,52.92256815087056,53.148692438449224,52.64111675163237,52.8961067199707,75334000,0.0,0.0,AAPL
2019-09-27 00:00:00-04:00,53.05246488560773,53.15350210472768,52.268250006827,52.638710021972656,101408000,0.0,0.0,AAPL
2019-09-30 00:00:00-04:00,53.139074136101655,54.0243263762996,53.11261270219493,53.877586364746094,103909600,0.0,0.0,AAPL
2019-10-01 00:00:00-04:00,54.14219965889246,54.89995321519849,53.932912441810814,54.026729583740234,139223200,0.0,0.0,AAPL
2019-10-02 00:00:00-04:00,53.65867588561685,53.78376662810997,52.424616563859,52.672393798828125,138449200,0.0,0.0,AAPL
2019-10-03 00:00:00-04:00,52.5449072989882,53.153520390385815,51.75107147751879,53.119842529296875,114426000,0.0,0.0,AAPL
2019-10-04 00:00:00-04:00,54.27932074932847,54.72435299074208,53.85834569362794,54.608882904052734,138478800,0.0,0.0,AAPL
2019-10-07 00:00:00-04:00,54.43088349883904,55.31132013925358,54.32744198494757,54.62092208862305,122306000,0.0,0.0,AAPL
2019-10-08 00:00:00-04:00,54.322616257212765,54.86146191293518,53.964184789667556,53.981021881103516,111820000,0.0,0.0,AAPL
2019-10-09 00:00:00-04:00,54.61368942260742,54.79651153502603,54.27931513122723,54.61368942260742,74770400,0.0,0.0,AAPL
2019-10-10 00:00:00-04:00,54.830199504216615,55.43400041076301,54.67865096790825,55.34980392456055,113013600,0.0,0.0,AAPL
2019-10-11 00:00:00-04:00,56.03779508860913,57.166008865040276,55.88383863819577,56.82201385498047,166795600,0.0,0.0,AAPL
2019-10-14 00:00:00-04:00,56.506863169144424,57.283865270386315,56.45153606210641,56.740203857421875,96427600,0.0,0.0,AAPL
2019-10-15 00:00:00-04:00,56.86530439737924,57.168405084190226,56.50206442322086,56.60791015625,87360000,0.0,0.0,AAPL
2019-10-16 00:00:00-04:00,56.138822117334186,56.58866649343661,56.09792784143595,56.37937927246094,73903200,0.0,0.0,AAPL
2019-10-17 00:00:00-04:00,56.55257922947988,56.8075692199058,56.17490641458794,56.59828567504883,67585200,0.0,0.0,AAPL
2019-10-18 00:00:00-04:00,56.4323014089496,57.15156861487775,56.3601335292246,56.8701171875,97433600,0.0,0.0,AAPL
2019-10-21 00:00:00-04:00,57.137132230710584,57.97186579008106,57.08902153741359,57.85639572143555,87247200,0.0,0.0,AAPL
2019-10-22 00:00:00-04:00,58.01276989960297,58.26294774953404,57.64230979011836,57.72410202026367,82293600,0.0,0.0,AAPL
2019-10-23 00:00:00-04:00,58.23889683993331,58.513131888167614,58.027205339327395,58.498695373535156,75828800,0.0,0.0,AAPL
2019-10-24 00:00:00-04:00,58.81863370887046,58.8883973453656,58.169130068603984,58.59491729736328,69275200,0.0,0.0,AAPL
2019-10-25 00:00:00-04:00,58.493888009473245,59.35267528091994,58.426532288991595,59.316593170166016,73477200,0.0,0.0,AAPL
2019-10-28 00:00:00-04:00,59.518649642872596,59.95886966807034,59.3502603719089,59.91075897216797,96572800,0.0,0.0,AAPL
2019-10-29 00:00:00-04:00,59.891524694792075,60.07915901187092,58.35196012629603,58.5251579284668,142839600,0.0,0.0,AAPL
2019-10-30 00:00:00-04:00,58.87876479036825,59.00866770266938,58.024789872236575,58.51792907714844,124522000,0.0,0.0,AAPL
2019-10-31 00:00:00-04:00,59.47536293467094,59.93963656475917,57.07459945660881,59.841007232666016,139162000,0.0,0.0,AAPL
2019-11-01 00:00:00-04:00,60.02863474954351,61.565794923188214,59.93722552071114,61.539337158203125,151125200,0.0,0.0,AAPL
2019-11-04 00:00:00-05:00,61.902568240845305,62.027662657351385,61.43348620261237,61.94346618652344,103272000,0.0,0.0,AAPL
2019-11-05 00:00:00-05:00,61.83522442720772,62.10946315501973,61.65962237213589,61.85447311401367,79897600,0.0,0.0,AAPL
2019-11-06 00:00:00-05:00,61.76786586873383,61.94106733591677,61.431087277328864,61.88092803955078,75864400,0.0,0.0,AAPL
2019-11-07 00:00:00-05:00,62.428620865759896,62.81708447430913,62.2766136869042,62.5951042175293,94940400,0.1925,0.0,AAPL
2019-11-08 00:00:00-05:00,62.41656042739546,62.8387993222777,61.97260727293929,62.76641845703125,69986400,0.0,0.0,AAPL
2019-11-11 00:00:00-05:00,62.322462751518806,63.32860103570491,62.31763981455063,63.263458251953125,81821200,0.0,0.0,AAPL
2019-11-12 00:00:00-05:00,63.106621898661636,63.4058133511267,62.954622067164166,63.20554733276367,87388800,0.0,0.0,AAPL
2019-11-13 00:00:00-05:00,63.005292522793724,63.88596088282233,62.99081634748193,63.81116485595703,102734400,0.0,0.0,AAPL
2019-11-14 00:00:00-05:00,63.637449352576304,63.91009628527069,63.23933976766793,63.369632720947266,89182800,0.0,0.0,AAPL
2019-11-15 00:00:00-05:00,63.62054080630693,64.12722894235556,63.45888775617379,64.12240600585938,100206400,0.0,0.0,AAPL
2019-11-18 00:00:00-05:00,64.13203409556279,64.52532052717048,63.75323119595114,64.4457015991211,86703200,0.0,0.0,AAPL
2019-11-19 00:00:00-05:00,64.63873851951571,64.66286792796207,64.03313233810385,64.25028228759766,76167200,0.0,0.0,AAPL
2019-11-20 00:00:00-05:00,64.06932349144424,64.19960904465235,62.829144043284764,63.502315521240234,106234400,0.0,0.0,AAPL
2019-11-21 00:00:00-05:00,63.622956975546195,63.70016814029315,63.017343407159025,63.21760940551758,121395200,0.0,0.0,AAPL
2019-11-22 00:00:00-05:00,63.35754123735238,63.49989516487859,62.93530239081728,63.162105560302734,65325200,0.0,0.0,AAPL
2019-11-25 00:00:00-05:00,63.38651632645343,64.28649124165634,63.34067264617482,64.26959991455078,84020400,0.0,0.0,AAPL
2019-11-26 00:00:00-05:00,64.40711575743649,64.46019751348283,63.33583476323734,63.76772689819336,105207600,0.0,0.0,AAPL
2019-11-27 00:00:00-05:00,64.07898139381598,64.65805785871959,64.01383860498274,64.62427520751953,65235600,0.0,0.0,AAPL
2019-11-29 00:00:00-05:00,64.32508058997325,64.6628702304651,64.15618208809639,64.4819107055664,46617600,0.0,0.0,AAPL
2019-12-02 00:00:00-05:00,64.48673394161051,64.7231903726839,63.56505235325846,63.736358642578125,94487200,0.0,0.0,AAPL
2019-12-03 00:00:00-05:00,62.324875414243316,62.61923654932985,61.83749372245772,62.599937438964844,114430400,0.0,0.0,AAPL
2019-12-04 00:00:00-05:00,62.99082036067195,63.53128390878051,62.896717851886834,63.15247344970703,67181600,0.0,0.0,AAPL
2019-12-05 00:00:00-05:00,63.647079513946814,64.15376760341428,63.39132400118668,64.07896423339844,74424400,0.0,0.0,AAPL
2019-12-06 00:00:00-05:00,64.53742176047683,65.38672266610301,64.49398586889878,65.3167495727539,106075600,0.0,0.0,AAPL
2019-12-09 00:00:00-05:00,65.14544297190798,65.33846356133417,63.91733161576993,64.40230560302734,128042400,0.0,0.0,AAPL
2019-12-10 00:00:00-05:00,64.80763886909658,65.16231982994417,64.14652840241263,64.7786865234375,90420400,0.0,0.0,AAPL
2019-12-11 00:00:00-05:00,64.85830938290775,65.41084122340847,64.78351336435996,65.33121490478516,78756800,0.0,0.0,AAPL
2019-12-12 00:00:00-05:00,64.60978960566402,65.76310470333209,64.49880315683109,65.49769592285156,137310400,0.0,0.0,AAPL
2019-12-13 00:00:00-05:00,65.49771688319738,66.42422907979596,65.36983907030586,66.3880386352539,133587600,0.0,0.0,AAPL
2019-12-16 00:00:00-05:00,66.83438907918607,67.7488400023079,66.82956614230139,67.52444458007812,128186000,0.0,0.0,AAPL
2019-12-17 00:00:00-05:00,67.4544688710819,67.98527901702172,67.26867906123083,67.65714263916016,114158400,0.0,0.0,AAPL
2019-12-18 00:00:00-05:00,67.50998246355186,68.01667074592089,67.34591421616044,67.4955062866211,116028400,0.0,0.0,AAPL
2019-12-19 00:00:00-05:00,67.43758668961861,67.84293428071314,67.30488597596364,67.56304931640625,98369200,0.0,0.0,AAPL
2019-12-20 00:00:00-05:00,68.0962670869402,68.19760028081991,67.21076871731513,67.423095703125,275978000,0.0,0.0,AAPL
2019-12-23 00:00:00-05:00,67.68611371554155,68.58367343016074,67.64750812570958,68.52335357666016,98572000,0.0,0.0,AAPL
2019-12-24 00:00:00-05:00,68.68982629575491,68.73808511636746,68.26276445005648,68.58848571777344,48478800,0.0,0.0,AAPL
2019-12-26 00:00:00-05:00,68.72119906551794,69.966201627571,68.69224671623391,69.94931030273438,93121200,0.0,0.0,AAPL
2019-12-27 00:00:00-05:00,70.24126588060444,70.9289137228552,69.51742759681707,69.92277526855469,146266000,0.0,0.0,AAPL
2019-12-30 00:00:00-05:00,69.84071842512762,70.62005337456992,68.81769633977586,70.33775329589844,144114400,0.0,0.0,AAPL
2019-12-31 00:00:00-05:00,69.95413256425645,70.85893028695814,69.85520712964954,70.85169219970703,100805600,0.0,0.0,AAPL
2020-01-02 00:00:00-05:00,71.4765996590847,72.52858156247073,71.22325926076245,72.46826171875,135480400,0.0,0.0,AAPL
2020-01-03 00:00:00-05:00,71.69617497011174,72.52376157647284,71.5393448267866,71.76373291015625,146322800,0.0,0.0,AAPL
2020-01-06 00:00:00-05:00,70.88547942287144,72.37416924858576,70.63454677653742,72.33556365966797,118387200,0.0,0.0,AAPL
2020-01-07 00:00:00-05:00,72.34518902923438,72.60094451443848,71.77577337938688,71.9953384399414,108872000,0.0,0.0,AAPL
2020-01-08 00:00:00-05:00,71.69858142215591,73.45509501348069,71.69858142215591,73.15349578857422,132079200,0.0,0.0,AAPL
2020-01-09 00:00:00-05:00,74.13067516689924,74.90035698659045,73.87974991049977,74.70733642578125,170108400,0.0,0.0,AAPL
2020-01-10 00:00:00-05:00,74.94137847897954,75.44082857328132,74.37437045138542,74.87622833251953,140644800,0.0,0.0,AAPL
2020-01-13 00:00:00-05:00,75.19232073386635,76.5024661955154,75.07408881301154,76.47592163085938,121532000,0.0,0.0,AAPL
2020-01-14 00:00:00-05:00,76.41318515734736,76.62309704687446,75.3201898237738,75.4432373046875,161954400,0.0,0.0,AAPL
2020-01-15 00:00:00-05:00,75.24298130114484,76.12364962606802,74.68803427101611,75.11992645263672,121923600,0.0,0.0,AAPL
2020-01-16 00:00:00-05:00,75.66280356227105,76.17190690767254,75.30088447470833,76.0609130859375,108829200,0.0,0.0,AAPL
2020-01-17 00:00:00-05:00,76.30943200280402,76.90539240608445,76.00300982033474,76.90298461914062,137816400,0.0,0.0,AAPL
2020-01-21 00:00:00-05:00,76.53139743845387,76.97293540809704,76.24427442355741,76.38180541992188,110843200,0.0,0.0,AAPL
2020-01-22 00:00:00-05:00,76.8667843985574,77.20698922015548,76.56036222573736,76.65446472167969,101832400,0.0,0.0,AAPL
2020-01-23 00:00:00-05:00,76.70755279875391,77.10324719984139,76.15984382890906,77.02362823486328,104472000,0.0,0.0,AAPL
2020-01-24 00:00:00-05:00,77.26973366124079,78.01287102929439,76.61103819892749,76.80165100097656,146537600,0.0,0.0,AAPL
2020-01-27 00:00:00-05:00,74.81108286986905,75.22366854186772,73.56125746709372,74.54326629638672,161940000,0.0,0.0,AAPL
2020-01-28 00:00:00-05:00,75.42393505290065,76.82335250031947,75.32500962430629,76.65204620361328,162234000,0.0,0.0,AAPL
2020-01-29 00:00:00-05:00,78.28309821074268,79.103446634538,77.54236874294361,78.25655364990234,216229200,0.0,0.0,AAPL
2020-01-30 00:00:00-05:00,77.33968569636842,78.196224452265,76.90779359376785,78.14314270019531,126743200,0.0,0.0,AAPL
2020-01-31 00:00:00-05:00,77.43378925544725,77.85602816826189,74.38402173692818,74.67838287353516,199588400,0.0,0.0,AAPL
2020-02-03 00:00:00-05:00,73.42131515382538,75.63867332859459,72.91945726436026,74.47329711914062,173788400,0.0,0.0,AAPL
2020-02-04 00:00:00-05:00,76.07779948888638,77.12254331082424,75.67245190422207,76.93193054199219,136616400,0.0,0.0,AAPL
2020-02-05 00:00:00-05:00,78.0587232496429,78.3579147679031,76.95608178413589,77.55928039550781,118826800,0.0,0.0,AAPL
2020-02-06 00:00:00-05:00,77.8295026141326,78.46889159082244,77.27214775489887,78.46647644042969,105425600,0.0,0.0,AAPL
2020-02-07 00:00:00-05:00,77.96582750464246,78.2149347676415,76.90893545307632,77.39989471435547,117684000,0.1925,0.0,AAPL
2020-02-10 00:00:00-05:00,75.98508372340018,77.76753234863281,75.90527578557558,77.76753234863281,109348800,0.0,0.0,AAPL
2020-02-11 00:00:00-05:00,78.26329603987216,78.335848675863,77.08063640806871,77.29830169677734,94323200,0.0,0.0,AAPL
2020-02-12 00:00:00-05:00,77.7481801290524,79.13882944016846,77.7481801290524,79.13399505615234,113730400,0.0,0.0,AAPL
2020-02-13 00:00:00-05:00,78.4059846442796,78.89694380995043,78.20282989097468,78.57044219970703,94747600,0.0,0.0,AAPL
2020-02-14 00:00:00-05:00,78.53901137196604,78.83891285274403,78.08191495757227,78.58980560302734,80113600,0.0,0.0,AAPL
2020-02-18 00:00:00-05:00,76.2704349958008,77.3321687046637,76.08904601525819,77.1507797241211,152531200,0.0,0.0,AAPL
2020-02-19 00:00:00-05:00,77.39264718918032,78.49791270322793,77.39264718918032,78.26815032958984,93984000,0.0,0.0,AAPL
2020-02-20 00:00:00-05:00,78.0287063254119,78.51724467318775,76.95971731481961,77.4651870727539,100566000,0.0,0.0,AAPL
2020-02-21 00:00:00-05:00,77.05888657687778,77.50147989029539,75.09504942814512,75.7117691040039,129554000,0.0,0.0,AAPL
2020-02-24 00:00:00-05:00,71.89294062243466,73.56655262581305,69.95086901349747,72.11544036865234,222195200,0.0,0.0,AAPL
2020-02-25 00:00:00-05:00,72.7853553748288,73.1674782506727,69.20110730705076,69.67271423339844,230673600,0.0,0.0,AAPL
2020-02-26 00:00:00-05:00,69.2978740052463,72.04289650296403,69.29061873830433,70.77800750732422,198054800,0.0,0.0,AAPL
2020-02-27 00:00:00-05:00,67.9846176209649,69.16969127505396,66.01593824961232,66.15137481689453,320605600,0.0,0.0,AAPL
2020-02-28 00:00:00-05:00,62.21884455259078,67.33401260273769,62.0035927413547,66.11265563964844,426510000,0.0,0.0,AAPL
2020-03-02 00:00:00-05:00,68.26998589980724,72.90387135222704,67.16714131154524,72.2677993774414,341397200,0.0,0.0,AAPL
2020-03-03 00:00:00-05:00,73.4432035732901,73.52301148955354,69.12130192834442,69.97262573242188,319475600,0.0,0.0,AAPL
2020-03-04 00:00:00-05:00,71.69461969933852,73.37790783984885,70.89409003325196,73.2182846069336,219178400,0.0,0.0,AAPL
2020-03-05 00:00:00-05:00,71.47211693616212,72.44678042666858,70.4781085286997,70.84330749511719,187572800,0.0,0.0,AAPL
2020-03-06 00:00:00-05:00,68.20226931131931,70.3354058888164,68.01604591388242,69.9024887084961,226176800,0.0,0.0,AAPL
2020-03-09 00:00:00-04:00,63.78846370366684,67.25662042749718,63.6070747073531,64.37374877929688,286744800,0.0,0.0,AAPL
2020-03-10 00:00:00-04:00,67.02688078666671,69.27610190295883,65.14768563149643,69.01006317138672,285290000,0.0,0.0,AAPL
2020-03-11 00:00:00-04:00,67.08734712395831,68.01363727531553,65.74989813353481,66.61331176757812,255598800,0.0,0.0,AAPL
2020-03-12 00:00:00-04:00,61.8995963124533,65.30003455864062,59.97929100201063,60.034915924072266,418474000,0.0,0.0,AAPL
2020-03-13 00:00:00-04:00,64.06420102635313,67.699237494227,61.176482909765234,67.22762298583984,370732000,0.0,0.0,AAPL
2020-03-16 00:00:00-04:00,58.51608417323279,62.65900596438449,58.044473563602175,58.5789680480957,322423600,0.0,0.0,AAPL
2020-03-17 00:00:00-04:00,59.86079146440188,62.303494624543745,57.65751943951495,61.154701232910156,324056000,0.0,0.0,AAPL
2020-03-18 00:00:00-04:00,57.98885363786599,60.46299850331859,57.34794363950967,59.657630920410156,300233600,0.0,0.0,AAPL
2020-03-19 00:00:00-04:00,59.83177257079482,61.14986537455913,58.6757201816232,59.200538635253906,271857200,0.0,0.0,AAPL
2020-03-20 00:00:00-04:00,59.78097160708233,60.905585546401824,55.14225232740792,55.4421501159668,401693200,0.0,0.0,AAPL
2020-03-23 00:00:00-04:00,55.16161211294488,55.26318952393012,51.420160868327166,54.264339447021484,336752800,0.0,0.0,AAPL
2020-03-24 00:00:00-04:00,57.1641431646422,59.904326973466,56.66592859765041,59.70842742919922,287531200,0.0,0.0,AAPL
2020-03-25 00:00:00-04:00,60.644394003218935,62.45828415286656,59.08444921259577,59.37950897216797,303602000,0.0,0.0,AAPL
2020-03-26 00:00:00-04:00,59.621358785658394,62.56227643476942,59.58266157820947,62.504234313964844,252087200,0.0,0.0,AAPL
2020-03-27 00:00:00-04:00,61.12809725879501,61.88267437044843,59.74954150082475,59.916419982910156,204216800,0.0,0.0,AAPL
2020-03-30 00:00:00-04:00,60.6419727055928,61.79802498746447,60.31788821611853,61.62630844116211,167976400,0.0,0.0,AAPL
2020-03-31 00:00:00-04:00,61.81736706345771,63.48372335417798,60.94669846636235,61.50053787231445,197002000,0.0,0.0,AAPL
2020-04-01 00:00:00-04:00,59.61652017243426,60.15343192722889,57.83407204839957,58.26456832885742,176218400,0.0,0.0,AAPL
2020-04-02 00:00:00-04:00,58.12670897901646,59.290016512254034,57.29473750591379,59.23680877685547,165934000,0.0,0.0,AAPL
2020-04-03 00:00:00-04:00,58.721668376231186,59.423037724427395,57.79537474123642,58.385494232177734,129880000,0.0,0.0,AAPL
2020-04-06 00:00:00-04:00,60.68067122588063,63.63368236649505,60.31305880719071,63.47890090942383,201820400,0.0,0.0,AAPL
2020-04-07 00:00:00-04:00,65.49351193571505,65.71118461799709,62.63966158048192,62.743656158447266,202887200,0.0,0.0,AAPL
2020-04-08 00:00:00-04:00,63.54420737089297,64.66398358059458,63.179015782136176,64.34957885742188,168895200,0.0,0.0,AAPL
2020-04-09 00:00:00-04:00,64.98563931197687,65.31697539124775,64.0182312530311,64.81391906738281,161834800,0.0,0.0,AAPL
2020-04-13 00:00:00-04:00,64.89131008954301,66.19489592354667,64.29151446730144,66.0860595703125,131022800,0.0,0.0,AAPL
2020-04-14 00:00:00-04:00,67.71855339125206,69.71383219653002,67.24693908498263,69.4236068725586,194994800,0.0,0.0,AAPL
2020-04-15 00:00:00-04:00,68.29898835261409,69.24946473289131,67.87091306351424,68.78994750976562,131154400,0.0,0.0,AAPL
2020-04-16 00:00:00-04:00,69.50342631571836,69.70174671960459,68.28691109689659,69.3365478515625,157125200,0.0,0.0,AAPL
2020-04-17 00:00:00-04:00,68.85285583806908,69.39944379426973,66.95915028721262,68.395751953125,215250000,0.0,0.0,AAPL
2020-04-20 00:00:00-04:00,67.22277564592211,68.12487900696708,66.95673693299449,66.97608184814453,130015200,0.0,0.0,AAPL
2020-04-21 00:00:00-04:00,66.81887303902265,67.05346978399236,64.19477725392538,64.90582275390625,180991600,0.0,0.0,AAPL
2020-04-22 00:00:00-04:00,66.17313585465308,67.21068321571147,65.83213095921919,66.77535247802734,116862400,0.0,0.0,AAPL
2020-04-23 00:00:00-04:00,66.7197182347329,68.14180934991,66.47786620509702,66.51656341552734,124814400,0.0,0.0,AAPL
2020-04-24 00:00:00-04:00,67.04136083298931,68.44652001629251,66.9929874926138,68.43684387207031,126161200,0.0,0.0,AAPL
2020-04-27 00:00:00-04:00,68.1538936670834,68.81657319534303,67.70647335185146,68.48523712158203,117087600,0.0,0.0,AAPL
2020-04-28 00:00:00-04:00,68.94716776474043,69.12855677224428,67.28323213572467,67.37512969970703,112004800,0.0,0.0,AAPL
2020-04-29 00:00:00-04:00,68.86252533126566,70.05727484881541,68.65937052894684,69.58808135986328,137280800,0.0,0.0,AAPL
2020-04-30 00:00:00-04:00,70.1274184677146,71.23268410942524,69.73804020932337,71.0561294555664,183064000,0.0,0.0,AAPL
2020-05-01 00:00:00-04:00,69.23012322658217,72.31373570217666,69.13338391918131,69.91214752197266,240616800,0.0,0.0,AAPL
2020-05-04 00:00:00-04:00,69.93635703016494,71.02952558414289,69.24707724616884,70.9013442993164,133568000,0.0,0.0,AAPL
2020-05-05 00:00:00-04:00,71.36086971537097,72.79747157206963,71.21575700020902,71.96549987792969,147751200,0.0,0.0,AAPL
2020-05-06 00:00:00-04:00,72.66685157702763,73.33919985774601,72.28230777359485,72.70796966552734,142333600,0.0,0.0,AAPL
2020-05-07 00:00:00-04:00,73.33436839325711,73.80598277550787,73.03205337405477,73.46012878417969,115215200,0.0,0.0,AAPL
2020-05-08 00:00:00-04:00,74.11975020715006,75.26195467448645,73.79236468701193,75.20860290527344,133838400,0.205,0.0,AAPL
2020-05-11 00:00:00-04:00,74.71631428574544,76.88674476777591,74.50775467946016,76.39203643798828,145946400,0.0,0.0,AAPL
2020-05-12 00:00:00-04:00,77.07590132316346,77.52696763422976,75.39775910098548,75.51901245117188,162301200,0.0,0.0,AAPL
2020-05-13 00:00:00-04:00,75.6984577813938,76.61998759486177,73.53044749592581,74.607177734375,200622400,0.0,0.0,AAPL
2020-05-14 00:00:00-04:00,73.84570540703209,75.12614027584165,73.12303289595279,75.06551361083984,158929200,0.0,0.0,AAPL
2020-05-15 00:00:00-04:00,72.83690375248399,74.66782675243014,72.80294925518106,74.62174987792969,166348400,0.0,0.0,AAPL
2020-05-18 00:00:00-04:00,75.94581646414036,76.75336041216173,75.25467098028571,76.37989807128906,135178400,0.0,0.0,AAPL
2020-05-19 00:00:00-04:00,76.39688667871405,77.24323270759544,75.90702580080492,75.93855285644531,101729600,0.0,0.0,AAPL
2020-05-20 00:00:00-04:00,76.79703154307944,77.48574978669299,76.75822957715101,77.4154281616211,111504800,0.0,0.0,AAPL
2020-05-21 00:00:00-04:00,77.27719341349972,77.81798607126746,76.60059758260323,76.8382568359375,102688800,0.0,0.0,AAPL
2020-05-22 00:00:00-04:00,76.57635005515425,77.41542869782153,76.47450136951518,77.33297729492188,81803200,0.0,0.0,AAPL
2020-05-26 00:00:00-04:00,78.45090282570622,78.63035538202438,76.75335624215153,76.80913543701172,125522000,0.0,0.0,AAPL
2020-05-27 00:00:00-04:00,76.66607534046294,77.28931196459057,75.92642542981746,77.14380645751953,112945200,0.0,0.0,AAPL
2020-05-28 00:00:00-04:00,76.8188219012375,78.43634436660551,76.54236819363913,77.177734375,133560800,0.0,0.0,AAPL
2020-05-29 00:00:00-04:00,77.42025271883264,77.88101390169892,76.74608448687897,77.10256958007812,153532400,0.0,0.0,AAPL
2020-06-01 00:00:00-04:00,77.05650232055906,78.1720345974753,76.92554663308496,78.05078125,80791200,0.0,0.0,AAPL
2020-06-02 00:00:00-04:00,77.78404066391353,78.43638441851485,77.3426765993285,78.4121322631836,87642800,0.0,0.0,AAPL
2020-06-03 00:00:00-04:00,78.73222188437157,79.1056842545279,78.15990225471617,78.8437728881836,104491200,0.0,0.0,AAPL
2020-06-04 00:00:00-04:00,78.6667550692759,78.965033585586,77.79130199936047,78.16476440429688,87560400,0.0,0.0,AAPL
2020-06-05 00:00:00-04:00,78.41455514859591,80.45161026599361,78.38545552417453,80.39098358154297,137250400,0.0,0.0,AAPL
2020-06-08 00:00:00-04:00,80.08783519139197,80.90023409134206,79.37729235859877,80.86627960205078,95654400,0.0,0.0,AAPL
2020-06-09 00:00:00-04:00,80.54617766782322,83.81273576255528,80.51465061318699,83.41987609863281,147712400,0.0,0.0,AAPL
2020-06-10 00:00:00-04:00,84.36807924016622,86.0340990809107,83.92914270631454,85.5660629272461,166651600,0.0,0.0,AAPL
2020-06-11 00:00:00-04:00,84.71001596343379,85.13440269433788,81.35615151209016,81.45800018310547,201662400,0.0,0.0,AAPL
2020-06-12 00:00:00-04:00,83.59688206599054,84.34379919680616,81.0505625644107,82.16123962402344,200146000,0.0,0.0,AAPL
2020-06-15 00:00:00-04:00,80.81537017078598,83.82972713796804,80.65288740054817,83.17738342285156,138808800,0.0,0.0,AAPL
2020-06-16 00:00:00-04:00,85.2314142826488,85.65338103043176,83.59692127094438,85.38176727294922,165428800,0.0,0.0,AAPL
2020-06-17 00:00:00-04:00,86.12626281116486,86.18688949305373,85.14168608934729,85.262939453125,114406400,0.0,0.0,AAPL
2020-06-18 00:00:00-04:00,85.21927871070163,85.71399444147255,84.6881884557675,85.29688262939453,96820400,0.0,0.0,AAPL
2020-06-19 00:00:00-04:00,86.0025767936151,86.4681854978016,83.70118325430472,84.80944061279297,264476000,0.0,0.0,AAPL
2020-06-22 00:00:00-04:00,85.20230612758097,87.17145941767127,85.15622926088085,87.02838134765625,135445200,0.0,0.0,AAPL
2020-06-23 00:00:00-04:00,88.27242190241752,90.30462884351627,87.85288272746979,88.8859634399414,212155600,0.0,0.0,AAPL
2020-06-24 00:00:00-04:00,88.51494690487205,89.43404938466047,86.94350079967253,87.31696319580078,192623200,0.0,0.0,AAPL
2020-06-25 00:00:00-04:00,87.47215391548303,88.51492957761795,86.71310689690837,88.47612762451172,137522400,0.0,0.0,AAPL
2020-06-26 00:00:00-04:00,88.37186655732566,88.59254854021978,85.60971171941675,85.75764465332031,205256800,0.0,0.0,AAPL
2020-06-29 00:00:00-04:00,85.66548805897895,87.82865098546023,85.18774958467372,87.73406982421875,130646000,0.0,0.0,AAPL
2020-06-30 00:00:00-04:00,87.32182147239291,88.75261712274803,87.30242419000004,88.4664535522461,140223200,0.0,0.0,AAPL
2020-07-01 00:00:00-04:00,88.54402924512468,89.08724178750444,88.25059826293374,88.2990951538086,110737200,0.0,0.0,AAPL
2020-07-02 00:00:00-04:00,89.20607508168689,89.84144133765948,88.18512412993056,88.2990951538086,114041600,0.0,0.0,AAPL
2020-07-06 00:00:00-04:00,89.7275031739995,91.1291919816078,89.69597611039086,90.6611557006836,118655600,0.0,0.0,AAPL
2020-07-07 00:00:00-04:00,91.03943260618246,91.81787696805416,90.26826314860052,90.37981414794922,112424400,0.0,0.0,AAPL
2020-07-08 00:00:00-04:00,91.3571322149976,92.51631404514396,91.26982594707978,92.48478698730469,117092000,0.0,0.0,AAPL
2020-07-09 00:00:00-04:00,93.37720039708492,93.43055216626935,91.83486136183558,92.88249206542969,125642800,0.0,0.0,AAPL
2020-07-10 00:00:00-04:00,92.47750286894541,93.10317429108636,91.86638865727205,93.04496765136719,90257200,0.0,0.0,AAPL
2020-07-13 00:00:00-04:00,94.34965162813619,96.95902596441493,92.40232321566707,92.61573028564453,191649200,0.0,0.0,AAPL
2020-07-14 00:00:00-04:00,91.99734332779671,94.33995906948405,91.063698400921,94.14838409423828,170989200,0.0,0.0,AAPL
2020-07-15 00:00:00-04:00,96.02295896280789,96.27274058885732,93.59789175816579,94.7958755493164,153198000,0.0,0.0,AAPL
2020-07-16 00:00:00-04:00,93.66821174965895,94.4854581347257,93.03041795220673,93.62940979003906,110577600,0.0,0.0,AAPL
2020-07-17 00:00:00-04:00,94.0804677579499,94.23566818195913,92.9673556043315,93.44024658203125,92186800,0.0,0.0,AAPL
2020-07-20 00:00:00-04:00,93.52757658018402,95.54765444448357,93.18321375708835,95.409423828125,90318000,0.0,0.0,AAPL
2020-07-21 00:00:00-04:00,96.199997340323,96.27517383614766,93.84283157908682,94.09261322021484,103433200,0.0,0.0,AAPL
2020-07-22 00:00:00-04:00,93.79433142600743,95.03839221630454,93.70703254984834,94.35694885253906,89001600,0.0,0.0,AAPL
2020-07-23 00:00:00-04:00,94.09017424204148,94.1677781639269,89.25216991066098,90.06214141845703,197004400,0.0,0.0,AAPL
2020-07-24 00:00:00-04:00,88.26032136137546,90.18339782375423,86.47304066581674,89.83903503417969,185438800,0.0,0.0,AAPL
2020-07-27 00:00:00-04:00,90.90123344996776,92.06041547209047,90.67813137414042,91.96826171875,121214000,0.0,0.0,AAPL
2020-07-28 00:00:00-04:00,91.5389903643371,91.7160228925572,90.45255785000906,90.45741271972656,103625600,0.0,0.0,AAPL
2020-07-29 00:00:00-04:00,90.94000979201954,92.37565266958501,90.9036352682461,92.19134521484375,90329200,0.0,0.0,AAPL
2020-07-30 00:00:00-04:00,91.36439616603701,93.41115323756709,90.95698669984957,93.30687713623047,158130000,0.0,0.0,AAPL
2020-07-31 00:00:00-04:00,99.80120250061277,103.2253956841153,97.80294239807122,103.07504272460938,374336800,0.0,0.0,AAPL
2020-08-03 00:00:00-04:00,104.95691204627916,108.29137965566059,104.6586334984087,105.67230987548828,308151200,0.0,0.0,AAPL
2020-08-04 00:00:00-04:00,105.86144267124749,107.46926317333123,105.13877008729901,106.37798309326172,173071600,0.0,0.0,AAPL
2020-08-05 00:00:00-04:00,106.09909913352544,107.08367565483033,105.63348305512756,106.76356506347656,121776800,0.0,0.0,AAPL
2020-08-06 00:00:00-04:00,107.09580568303383,110.98318771588607,106.50651618913851,110.48847198486328,202428800,0.0,0.0,AAPL
2020-08-07 00:00:00-04:00,110.00988008396922,110.46661589150919,107.179584578467,107.9764404296875,198045600,0.205,0.0,AAPL
2020-08-10 00:00:00-04:00,109.42194125871023,110.56378066058019,106.89532594642495,109.54584503173828,212403600,0.0,0.0,AAPL
2020-08-11 00:00:00-04:00,108.80973853697522,109.30777067354109,106.02802731765381,106.28797912597656,187902400,0.0,0.0,AAPL
2020-08-12 00:00:00-04:00,107.37879756886053,110.07790879616837,107.18444536818468,109.82038879394531,165598000,0.0,0.0,AAPL
2020-08-13 00:00:00-04:00,111.20029955907641,112.76729092425326,110.7119798713676,111.76393127441406,210082000,0.0,0.0,AAPL
2020-08-14 00:00:00-04:00,111.58903274552384,111.75423287561725,109.85440913735687,111.66434478759766,165565200,0.0,0.0,AAPL
2020-08-17 00:00:00-04:00,112.78671524478968,112.81101111968458,110.74598779263943,111.3727798461914,119561600,0.0,0.0,AAPL
2020-08-18 00:00:00-04:00,111.12497179367689,112.72597122811317,110.78970802058514,112.30081939697266,105633600,0.0,0.0,AAPL
2020-08-19 00:00:00-04:00,112.7089894111577,113.85568519716752,112.34700528381059,112.4417495727539,145538000,0.0,0.0,AAPL
2020-08-20 00:00:00-04:00,112.48304002227763,115.05095915162076,112.46603216773778,114.93677520751953,126907200,0.0,0.0,AAPL
2020-08-21 00:00:00-04:00,115.89640603696287,121.34321254794537,115.88426180533297,120.85975646972656,338054800,0.0,0.0,AAPL
2020-08-24 00:00:00-04:00,125.06511476676067,125.15015404891105,120.43946714581988,122.3052749633789,345937600,0.0,0.0,AAPL
2020-08-25 00:00:00-04:00,121.17802164994161,121.64690172019864,119.57944621797552,121.30191802978516,211495600,0.0,0.0,AAPL
2020-08-26 00:00:00-04:00,122.61866792136692,123.40823574071352,121.5521404466388,122.95149993896484,163022400,0.0,0.0,AAPL
2020-08-27 00:00:00-04:00,123.55399319873169,123.88682518833696,120.33741060365348,121.48168182373047,155552400,0.0,0.0,AAPL
2020-08-28 00:00:00-04:00,122.45590402911932,122.87376795038361,121.06140802616056,121.28491973876953,187630000,0.0,0.0,AAPL
2020-08-31 00:00:00-04:00,123.97915723775616,127.30262866474355,122.44374970807395,125.39794158935547,225702700,0.0,4.0,AAPL
2020-09-01 00:00:00-04:00,129.0129180085765,130.99534845473963,126.84586266163116,130.39283752441406,151948100,0.0,0.0,AAPL
2020-09-02 00:00:00-04:00,133.7066003647578,134.0855922531373,123.41550038727598,127.6913070678711,200119000,0.0,0.0,AAPL
2020-09-03 00:00:00-04:00,123.32807630409383,125.20359657134411,117.09898956594436,117.46826171875,257599600,0.0,0.0,AAPL
2020-09-04 00:00:00-04:00,116.68111776737273,120.20866118452791,107.76021579822826,117.5459976196289,332607200,0.0,0.0,AAPL
2020-09-08 00:00:00-04:00,110.73383843385653,115.63158886854931,109.49968655275791,109.63573455810547,231366600,0.0,0.0,AAPL
2020-09-09 00:00:00-04:00,113.95043148169943,115.77736730217215,112.0068798970881,114.00873565673828,176940500,0.0,0.0,AAPL
2020-09-10 00:00:00-04:00,116.96294529880299,117.0989933286325,109.32478630266519,110.2868423461914,182274400,0.0,0.0,AAPL
2020-09-11 00:00:00-04:00,111.33635359603639,111.97772918558881,106.89533846718923,108.8388900756836,180860300,0.0,0.0,AAPL
2020-09-14 00:00:00-04:00,111.48210621661043,112.65795388939479,109.61629870677376,112.10404205322266,140150100,0.0,0.0,AAPL
2020-09-15 00:00:00-04:00,114.99022398928534,115.47611185461919,110.40344135428404,112.27896881103516,184642000,0.0,0.0,AAPL
2020-09-16 00:00:00-04:00,111.97775201716324,112.7260162768132,108.87778419705087,108.96524047851562,154679000,0.0,0.0,AAPL
2020-09-17 00:00:00-04:00,106.62323468611042,109.03323435377406,105.64173911915216,107.2257308959961,178011000,0.0,0.0,AAPL
2020-09-18 00:00:00-04:00,107.2840271982426,107.75047533208858,103.0956693411613,103.82450103759766,287104900,0.0,0.0,AAPL
2020-09-21 00:00:00-04:00,101.58943010037062,107.0799641548333,100.1900707538578,106.97306823730469,195713800,0.0,0.0,AAPL
2020-09-22 00:00:00-04:00,109.49967565732268,109.67459556308755,106.07902878399345,108.65422821044922,183055400,0.0,0.0,AAPL
2020-09-23 00:00:00-04:00,108.46961737823794,108.94578544391972,103.75649882076176,104.09662628173828,150718700,0.0,0.0,AAPL
2020-09-24 00:00:00-04:00,102.20166152378793,107.1382844839182,102.03646141325542,105.16558074951172,167743300,0.0,0.0,AAPL
2020-09-25 00:00:00-04:00,105.3696421159189,109.26646484753799,104.63109048927913,109.11097717285156,149981400,0.0,0.0,AAPL
2020-09-28 00:00:00-04:00,111.76394667933849,112.06519483137623,109.59688319225279,111.7153549194336,137672400,0.0,0.0,AAPL
2020-09-29 00:00:00-04:00,111.31689634080271,112.05544044803256,110.3645530043462,110.869873046875,99382200,0.0,0.0,AAPL
2020-09-30 00:00:00-04:00,110.57837499064281,113.95043838034034,110.41317487532415,112.5413589477539,142675200,0.0,0.0,AAPL
2020-10-01 00:00:00-04:00,114.31970607857447,114.39744992300979,112.5607942290766,113.49369812011719,116120400,0.0,0.0,AAPL
2020-10-02 00:00:00-04:00,109.70376520376246,112.11377235625194,109.05267722245038,109.83009338378906,144712000,0.0,0.0,AAPL
2020-10-05 00:00:00-04:00,110.69498025864371,113.35764376217921,110.34514039230349,113.21187591552734,106243800,0.0,0.0,AAPL
2020-10-06 00:00:00-04:00,112.43444447771981,112.84259590260606,109.08182130955358,109.96614074707031,161498200,0.0,0.0,AAPL
2020-10-07 00:00:00-04:00,111.38493140237664,112.28868308370595,110.9087559798063,111.83194732666016,96849000,0.0,0.0,AAPL
2020-10-08 00:00:00-04:00,112.96892357253944,113.11469140834828,111.35577237395906,111.72505187988281,83477200,0.0,0.0,AAPL
2020-10-09 00:00:00-04:00,112.02630624423392,113.69776170512303,111.67646638432409,113.66860961914062,100506900,0.0,0.0,AAPL
2020-10-12 00:00:00-04:00,116.67138292375654,121.64687695311153,115.91339909808642,120.8888931274414,240226800,0.0,0.0,AAPL
2020-10-13 00:00:00-04:00,121.73433240496897,121.85094815202251,116.27295799734162,117.6820297241211,262330500,0.0,0.0,AAPL
2020-10-14 00:00:00-04:00,117.58487620978688,119.55757997151946,116.2438282245555,117.76951599121094,150712000,0.0,0.0,AAPL
2020-10-15 00:00:00-04:00,115.36923806918682,117.77923819182097,114.81532609297912,117.30307006835938,112559200,0.0,0.0,AAPL
2020-10-16 00:00:00-04:00,117.85697447987833,118.11935811253977,115.45668693235429,115.66075897216797,115393800,0.0,0.0,AAPL
2020-10-19 00:00:00-04:00,116.57422168009768,117.02123764921416,112.39559027449886,112.70655822753906,120639300,0.0,0.0,AAPL
2020-10-20 00:00:00-04:00,112.9203357688391,115.62187849993559,112.36642390465587,114.19336700439453,124423700,0.0,0.0,AAPL
2020-10-21 00:00:00-04:00,113.37708965617799,115.35951333260171,113.16329777724089,113.57144927978516,89946000,0.0,0.0,AAPL
2020-10-22 00:00:00-04:00,114.13507884257669,114.70843049070997,111.35579911814942,112.48306274414062,101988000,0.0,0.0,AAPL
2020-10-23 00:00:00-04:00,113.10499440870647,113.26048210870782,111.05454670282388,111.79309844970703,82572600,0.0,0.0,AAPL
2020-10-26 00:00:00-04:00,110.79214024867784,113.26045120729546,109.69402905569095,111.80278778076172,111850700,0.0,0.0,AAPL
2020-10-27 00:00:00-04:00,112.23037227607989,113.96985164953288,111.30718833691205,113.30904388427734,92276800,0.0,0.0,AAPL
2020-10-28 00:00:00-04:00,111.80282082631223,112.17209300111841,107.96430155345347,108.06147766113281,143937800,0.0,0.0,AAPL
2020-10-29 00:00:00-04:00,109.19844988747217,113.62974518620118,109.03324236591982,112.065185546875,146129200,0.0,0.0,AAPL
2020-10-30 00:00:00-04:00,107.92540973464747,108.8291614562022,104.67968236923052,105.78750610351562,190272600,0.0,0.0,AAPL
2020-11-02 00:00:00-05:00,106.03044267436084,107.55613016138878,104.29096335624901,105.70003509521484,122866900,0.0,0.0,AAPL
2020-11-03 00:00:00-05:00,106.56493781497865,108.3432818947634,105.6611860241768,107.32292175292969,107624400,0.0,0.0,AAPL
2020-11-04 00:00:00-05:00,110.91847624915665,112.32754802876923,109.17899688086699,111.70561218261719,138235500,0.0,0.0,AAPL
2020-11-05 00:00:00-05:00,114.62095911814943,116.2438304304953,113.57144682955949,115.67047882080078,126387100,0.0,0.0,AAPL
2020-11-06 00:00:00-05:00,115.17886724342364,116.03550252982856,113.04700448892655,115.53904724121094,114457900,0.205,0.0,AAPL
2020-11-09 00:00:00-05:00,117.3009789591504,118.75142051987413,112.96912005131604,113.23194885253906,154515300,0.0,0.0,AAPL
2020-11-10 00:00:00-05:00,112.48241768033425,114.46825386220857,111.10010975217423,112.89126586914062,138023400,0.0,0.0,AAPL
2020-11-11 00:00:00-05:00,114.07887428608585,116.45409278270938,113.34878508110145,116.31781005859375,112295000,0.0,0.0,AAPL
2020-11-12 00:00:00-05:00,116.44436895423854,117.33020670166636,115.42224104958544,116.04524993896484,103162300,0.0,0.0,AAPL
2020-11-13 00:00:00-05:00,116.269139549406,116.49302940870272,114.74081980829087,116.09391784667969,81581900,0.0,0.0,AAPL
2020-11-16 00:00:00-05:00,115.76295421656155,117.77800032814827,115.01339915844956,117.1063232421875,91183000,0.0,0.0,AAPL
2020-11-17 00:00:00-05:00,116.37622254278644,117.46648433849896,115.80188183810091,116.22046661376953,74271000,0.0,0.0,AAPL
2020-11-18 00:00:00-05:00,115.46118005472933,116.63905646851767,114.86737354648494,114.89657592773438,76322100,0.0,0.0,AAPL
2020-11-19 00:00:00-05:00,114.46826657985704,115.89924282651538,113.70897488004306,115.49039459228516,74113000,0.0,0.0,AAPL
2020-11-20 00:00:00-05:00,115.49038264932382,115.61692877725572,114.17622350270929,114.22489166259766,73604300,0.0,0.0,AAPL
2020-11-23 00:00:00-05:00,114.06915102717399,114.49747245412723,110.73020904206231,110.82755279541016,127959300,0.0,0.0,AAPL
2020-11-24 00:00:00-05:00,110.88595846342133,112.77445093316165,109.6009942581799,112.11250305175781,113874200,0.0,0.0,AAPL
2020-11-25 00:00:00-05:00,112.48240074487441,113.65054037325973,112.11248416863357,112.94965362548828,76499200,0.0,0.0,AAPL
2020-11-27 00:00:00-05:00,113.47534623148913,114.37092065910097,113.13463937607727,113.49481201171875,46691300,0.0,0.0,AAPL
2020-11-30 00:00:00-05:00,113.86473583148882,117.75854568506469,113.7089798724564,115.88951873779297,169410200,0.0,0.0,AAPL
2020-12-01 00:00:00-05:00,117.79747164276061,120.19216354656007,116.82401928706074,119.46207427978516,127728200,0.0,0.0,AAPL
2020-12-02 00:00:00-05:00,118.78064316901394,120.0948096799896,117.68064477339988,119.81250762939453,89004200,0.0,0.0,AAPL
2020-12-03 00:00:00-05:00,120.24082808918226,120.49392777356492,118.96560791819012,119.67623138427734,78967600,0.0,0.0,AAPL
2020-12-04 00:00:00-05:00,119.34527690234263,119.59837663586485,118.29394640326872,119.00457000732422,78260400,0.0,0.0,AAPL
2020-12-07 00:00:00-05:00,119.0629479962768,121.26295226566269,119.00454323508524,120.4647216796875,86712000,0.0,0.0,AAPL
2020-12-08 00:00:00-05:00,121.06825849577237,121.66206495991713,119.82223338247024,121.07798767089844,82225500,0.0,0.0,AAPL
2020-12-09 00:00:00-05:00,121.22401378468822,122.6063142688594,117.78772835245422,118.5470199584961,115089200,0.0,0.0,AAPL
2020-12-10 00:00:00-05:00,117.30100444410381,120.58154143292921,116.96029761781081,119.96826171875,81312200,0.0,0.0,AAPL
2020-12-11 00:00:00-05:00,119.17975172566112,119.50099273028479,117.3496642850928,119.16028594970703,86939800,0.0,0.0,AAPL
2020-12-14 00:00:00-05:00,119.3452505477775,120.07533977310263,118.31339348591051,118.5470199584961,79184500,0.0,0.0,AAPL
2020-12-15 00:00:00-05:00,121.0390623043862,124.50455773983639,120.83463820097641,124.4850845336914,157243700,0.0,0.0,AAPL
2020-12-16 00:00:00-05:00,124.0275714003019,124.96207736777791,123.20013093515553,124.41694641113281,98208600,0.0,0.0,AAPL
2020-12-17 00:00:00-05:00,125.47799742873109,126.13995272668132,124.64082784390504,125.28330993652344,94359800,0.0,0.0,AAPL
2020-12-18 00:00:00-05:00,125.53641332100761,125.67269604688084,122.7718049671832,123.29747009277344,192541500,0.0,0.0,AAPL
2020-12-21 00:00:00-05:00,121.70100182150271,124.90366074139115,120.17268202586978,124.8257827758789,121251600,0.0,0.0,AAPL
2020-12-22 00:00:00-05:00,128.11605471749206,130.84172406271304,126.20808171972651,128.37889099121094,168904800,0.0,0.0,AAPL
2020-12-23 00:00:00-05:00,128.65143885689488,128.91426024098962,127.30807014560702,127.4832992553711,88223700,0.0,0.0,AAPL
2020-12-24 00:00:00-05:00,127.83373850895474,129.9169254349974,127.6195778559662,128.4664764404297,54930100,0.0,0.0,AAPL
2020-12-28 00:00:00-05:00,130.43285473552945,133.69391042104374,129.9655870238762,133.06117248535156,124486200,0.0,0.0,AAPL
2020-12-29 00:00:00-05:00,134.38509099699746,135.10543618196706,130.77357648181422,131.2895050048828,121047300,0.0,0.0,AAPL
2020-12-30 00:00:00-05:00,131.98065036313264,132.37976932791838,129.85851685438772,130.17002868652344,96452100,0.0,0.0,AAPL
2020-12-31 00:00:00-05:00,130.52045619053087,131.16293812586437,128.22310869600184,129.1673583984375,99116600,0.0,0.0,AAPL
2021-01-04 00:00:00-05:00,129.97535392263828,130.0629610638514,123.39481436257799,125.9744644165039,143301900,0.0,0.0,AAPL
2021-01-05 00:00:00-05:00,125.46829078537516,128.24263632210662,125.02049610454635,127.5320053100586,97664900,0.0,0.0,AAPL
2021-01-06 00:00:00-05:00,124.3293440895093,127.5709424258299,123.02491398664694,123.23907470703125,155088000,0.0,0.0,AAPL
2021-01-07 00:00:00-05:00,124.95233107817177,128.13552408640413,124.46560495444153,127.44436645507812,109578200,0.0,0.0,AAPL
2021-01-08 00:00:00-05:00,128.91425901030706,129.10896132011973,126.77266728567469,128.5443572998047,105158200,0.0,0.0,AAPL
2021-01-11 00:00:00-05:00,125.76031685281629,126.71429603758807,125.08863232599059,125.5558853149414,100384500,0.0,0.0,AAPL
2021-01-12 00:00:00-05:00,125.08861473418492,126.24702529391881,123.4921536305582,125.38065338134766,91951100,0.0,0.0,AAPL
2021-01-13 00:00:00-05:00,125.34172565614995,127.9603149883141,125.07890420286044,127.4151840209961,88636800,0.0,0.0,AAPL
2021-01-14 00:00:00-05:00,127.32759478092305,127.52228231753668,125.34174328782599,125.4877700805664,90221800,0.0,0.0,AAPL
2021-01-15 00:00:00-05:00,125.3611781802463,126.7629517813355,123.62843438270613,123.76471710205078,111598500,0.0,0.0,AAPL
2021-01-19 00:00:00-05:00,124.3877334109567,125.2930517717372,123.5700370457831,124.43640899658203,90757300,0.0,0.0,AAPL
2021-01-20 00:00:00-05:00,125.24438780808299,128.97271223666024,125.13730745125214,128.52491760253906,104319500,0.0,0.0,AAPL
2021-01-21 00:00:00-05:00,130.24789882523683,135.96205811290383,130.04346734095793,133.23638916015625,120150900,0.0,0.0,AAPL
2021-01-22 00:00:00-05:00,132.66206599733243,136.13729751698824,131.435521560002,135.3780059814453,114459400,0.0,0.0,AAPL
2021-01-25 00:00:00-05:00,139.2718507560153,141.23821403300437,132.91519251886263,139.12582397460938,157611700,0.0,0.0,AAPL
2021-01-26 00:00:00-05:00,139.78775742744395,140.4691710725819,137.61694808504978,139.35943603515625,98390600,0.0,0.0,AAPL
2021-01-27 00:00:00-05:00,139.62232181302537,140.46923581217655,136.68250518142418,138.2886962890625,140843800,0.0,0.0,AAPL
2021-01-28 00:00:00-05:00,135.81605814636788,138.22048632254183,133.07091575107856,133.4505615234375,142621100,0.0,0.0,AAPL
2021-01-29 00:00:00-05:00,132.22404319902353,133.10988846080656,126.7532453845792,128.456787109375,177523800,0.0,0.0,AAPL
2021-02-01 00:00:00-05:00,130.19927257414088,131.7860049108473,127.45412937962104,130.57891845703125,106239800,0.0,0.0,AAPL
2021-02-02 00:00:00-05:00,132.12668680443446,132.6912909648265,131.03642489675576,131.40634155273438,83305400,0.0,0.0,AAPL
2021-02-03 00:00:00-05:00,132.1559074116743,132.16565144314657,130.0629904566346,130.3842315673828,89880900,0.0,0.0,AAPL
2021-02-04 00:00:00-05:00,132.68154013575978,133.75232866214105,131.01693030921246,133.7425994873047,84183100,0.0,0.0,AAPL
2021-02-05 00:00:00-05:00,133.90345338134028,133.97168912108438,132.4508369108214,133.3282470703125,75693800,0.205,0.0,AAPL
2021-02-08 00:00:00-05:00,132.6165797613071,133.52325088194496,131.53443254526087,133.47450256347656,71297200,0.0,0.0,AAPL
2021-02-09 00:00:00-05:00,133.19180084894626,134.42019329345555,132.44113310608114,132.59710693359375,76774200,0.0,0.0,AAPL
2021-02-10 00:00:00-05:00,133.05525945656302,133.55247138369472,131.0274517780399,131.99261474609375,73046600,0.0,0.0,AAPL
2021-02-11 00:00:00-05:00,132.4898645085888,132.9675743269367,130.41332257065082,131.73919677734375,64280000,0.0,0.0,AAPL
2021-02-12 00:00:00-05:00,130.9787653308469,132.12914848493614,130.33532312132203,131.97315979003906,60145100,0.0,0.0,AAPL
2021-02-16 00:00:00-05:00,132.09015902011436,132.59709996571863,129.45789813500429,129.84786987304688,80576300,0.0,0.0,AAPL
2021-02-17 00:00:00-05:00,127.95656976954376,128.90223094191285,126.22123614674145,127.55685424804688,97918500,0.0,0.0,AAPL
2021-02-18 00:00:00-05:00,125.95798047907508,126.73790904839909,124.21290350757396,126.45519256591797,96856700,0.0,0.0,AAPL
2021-02-19 00:00:00-05:00,126.97187066157987,127.43007806091106,125.5680024488118,126.61114501953125,87668800,0.0,0.0,AAPL
2021-02-22 00:00:00-05:00,124.797821900289,126.46491917771368,122.44830023340782,122.83826446533203,103916400,0.0,0.0,AAPL
2021-02-23 00:00:00-05:00,120.65448673963841,123.53045927947294,115.41923371769597,122.70178985595703,158273000,0.0,0.0,AAPL
2021-02-24 00:00:00-05:00,121.80486663626253,122.40930413496974,119.16286991288813,122.20457458496094,111039900,0.0,0.0,AAPL
2021-02-25 00:00:00-05:00,121.5513960656033,123.28672920715788,117.51528197921584,117.95398712158203,148199500,0.0,0.0,AAPL
2021-02-26 00:00:00-05:00,119.51385248275434,121.71714451300848,118.15873226929354,118.21723175048828,164560400,0.0,0.0,AAPL
2021-03-01 00:00:00-05:00,120.64473383419431,124.71984514122286,119.70882406427694,124.58335876464844,116307900,0.0,0.0,AAPL
2021-03-02 00:00:00-05:00,125.18780674062197,125.49002551913253,121.87312157746639,121.98036193847656,102260900,0.0,0.0,AAPL
2021-03-03 00:00:00-05:00,121.67813306792647,122.55555080343935,118.78265825970878,118.99713897705078,112966300,0.0,0.0,AAPL
2021-03-04 00:00:00-05:00,118.69490655182288,120.49848269972283,115.64345085160187,117.11555480957031,178155000,0.0,0.0,AAPL
2021-03-05 00:00:00-05:00,117.9442454649468,118.88015523948293,114.61980921267136,118.37319946289062,153766600,0.0,0.0,AAPL
2021-03-08 00:00:00-05:00,117.89549463389245,117.96373782106434,113.29393276187487,113.44017028808594,154376600,0.0,0.0,AAPL
2021-03-09 00:00:00-05:00,116.04318464645965,118.99715180961525,115.80920903774101,118.0514907836914,129525800,0.0,0.0,AAPL
2021-03-10 00:00:00-05:00,118.63641969338748,119.10437082693089,116.45262294368767,116.96932983398438,111943300,0.0,0.0,AAPL
2021-03-11 00:00:00-05:00,119.46508305774302,120.11826884445411,118.21720351359382,118.8996353149414,103026500,0.0,0.0,AAPL
2021-03-12 00:00:00-05:00,117.37879987716553,118.12947496626138,116.16991732521446,117.99298858642578,88105100,0.0,0.0,AAPL
2021-03-15 00:00:00-04:00,118.36344619441722,120.88845140763532,117.39828304156515,120.87870025634766,92403800,0.0,0.0,AAPL
2021-03-16 00:00:00-04:00,122.54580261068884,124.02766536377307,121.59039794957519,122.4190673828125,115227900,0.0,0.0,AAPL
2021-03-17 00:00:00-04:00,120.93720389555035,122.7017830040472,119.27010655149442,121.62938690185547,111932600,0.0,0.0,AAPL
2021-03-18 00:00:00-04:00,119.79656111339463,120.08903616814248,117.3008017478915,117.50553131103516,121229700,0.0,0.0,AAPL
2021-03-19 00:00:00-04:00,116.89136501791376,118.38297171942955,116.6768842617309,116.9791030883789,185549500,0.0,0.0,AAPL
2021-03-22 00:00:00-04:00,117.31054946298083,120.76172079332808,117.24230627726561,120.29376220703125,111912300,0.0,0.0,AAPL
2021-03-23 00:00:00-04:00,120.23527288356823,121.1224343178664,119.07513126230569,119.46509552001953,95467100,0.0,0.0,AAPL
2021-03-24 00:00:00-04:00,119.73808337691133,119.8160777258849,117.05708899403655,117.07658386230469,88530500,0.0,0.0,AAPL
2021-03-25 00:00:00-04:00,116.54039316706906,118.60719885311322,116.01394245162524,117.56404113769531,98844700,0.0,0.0,AAPL
2021-03-26 00:00:00-04:00,117.33004413015976,118.43169368935105,115.93592696323272,118.16846466064453,94071200,0.0,0.0,AAPL
2021-03-29 00:00:00-04:00,118.59744917887969,119.50411307157158,117.70053643972989,118.3439712524414,80819200,0.0,0.0,AAPL
2021-03-30 00:00:00-04:00,117.09608701094061,117.3788109495409,115.87745319177584,116.891357421875,85671900,0.0,0.0,AAPL
2021-03-31 00:00:00-04:00,118.5974235736093,120.42049468098195,118.10997013305847,119.08487701416016,118323800,0.0,0.0,AAPL
2021-04-01 00:00:00-04:00,120.55699346889742,121.06394179532072,119.41634671803331,119.9135513305664,75089100,0.0,0.0,AAPL
2021-04-05 00:00:00-04:00,120.76171631176526,122.99425393009696,119.9817878428641,122.74077606201172,88651200,0.0,0.0,AAPL
2021-04-06 00:00:00-04:00,123.32572316184695,123.93991183273825,122.49705378234141,123.04299926757812,80171300,0.0,0.0,AAPL
2021-04-07 00:00:00-04:00,122.67254799737614,124.71010003062226,121.99985979599343,124.69060516357422,83466700,0.0,0.0,AAPL
2021-04-08 00:00:00-04:00,125.71424485466245,127.11811320514343,125.29504201784057,127.0888671875,88844600,0.0,0.0,AAPL
2021-04-09 00:00:00-04:00,126.54289903368493,129.70158738082736,126.22117802130997,129.66259765625,106686700,0.0,0.0,AAPL
2021-04-12 00:00:00-04:00,129.19467229997423,129.5163933763926,127.35209877205047,127.94679260253906,91420000,0.0,0.0,AAPL
2021-04-13 00:00:00-04:00,129.11667689697725,131.28097148351077,128.61946483937675,131.05673217773438,91266500,0.0,0.0,AAPL
2021-04-14 00:00:00-04:00,131.55396314021985,131.6124551846021,128.35626912284386,128.71697998046875,87222800,0.0,0.0,AAPL
2021-04-15 00:00:00-04:00,130.4620703374586,131.6124535315985,130.2865793306145,131.125,89347100,0.0,0.0,AAPL
2021-04-16 00:00:00-04:00,130.93000444237106,131.29071524829968,129.9355952026849,130.79351806640625,84922400,0.0,0.0,AAPL
2021-04-19 00:00:00-04:00,130.1598082608944,132.07063223335706,129.99407588140957,131.45643615722656,94264200,0.0,0.0,AAPL
2021-04-20 00:00:00-04:00,131.63194282012853,132.12914001786334,128.5024849113631,129.76986694335938,94812300,0.0,0.0,AAPL
2021-04-21 00:00:00-04:00,129.03869205614907,130.3938122009963,128.00529300875627,130.15008544921875,68847100,0.0,0.0,AAPL
2021-04-22 00:00:00-04:00,129.70163080104982,130.7837782500738,128.11254238332913,128.62924194335938,84566500,0.0,0.0,AAPL
2021-04-23 00:00:00-04:00,128.84366104449893,131.72937627728416,128.84366104449893,130.949462890625,78657500,0.0,0.0,AAPL
2021-04-26 00:00:00-04:00,131.44670263718533,131.67092706494682,130.2085666757299,131.33946228027344,66905100,0.0,0.0,AAPL
2021-04-27 00:00:00-04:00,131.6221681983873,132.01213986314156,130.74475798551163,131.01773071289062,66015800,0.0,0.0,AAPL
2021-04-28 00:00:00-04:00,130.93973569140266,131.63192609526544,129.740604439872,130.22805786132812,107760100,0.0,0.0,AAPL
2021-04-29 00:00:00-04:00,133.04556205861587,133.63051222031285,129.12643167740748,130.13058471679688,151101000,0.0,0.0,AAPL
2021-04-30 00:00:00-04:00,128.47323262027362,130.20856574635297,127.78105703815494,128.16127014160156,109839500,0.0,0.0,AAPL
2021-05-03 00:00:00-04:00,128.7267036427075,130.70577838338053,128.5219815192614,129.2141571044922,75135100,0.0,0.0,AAPL
2021-05-04 00:00:00-04:00,127.89803861753046,128.19051366277054,123.52070128030383,124.641845703125,137564700,0.0,0.0,AAPL
2021-05-05 00:00:00-04:00,125.9579706529646,127.17660429874773,124.75883931076572,124.88558197021484,84000900,0.0,0.0,AAPL
2021-05-06 00:00:00-04:00,124.68082962289287,126.49415685961574,123.93989837484678,126.48441314697266,78128300,0.0,0.0,AAPL
2021-05-07 00:00:00-04:00,127.78327916566757,128.18365868536526,126.44537767413243,127.15827941894531,78973300,0.22,0.0,AAPL
2021-05-10 00:00:00-04:00,126.3770049216638,126.50394796231055,123.83793549239249,123.87699890136719,88071200,0.0,0.0,AAPL
2021-05-11 00:00:00-04:00,120.60552510907532,123.31060121990447,119.89263087268371,122.95904541015625,126142800,0.0,0.0,AAPL
2021-05-12 00:00:00-04:00,120.50788630210312,121.71882244257513,119.38483726308996,119.89264678955078,112172300,0.0,0.0,AAPL
2021-05-13 00:00:00-04:00,121.66021008886267,123.19341357180042,121.34771025318693,122.04106903076172,105861300,0.0,0.0,AAPL
2021-05-14 00:00:00-04:00,123.29106392253492,124.892626453878,122.90043727939631,124.46293640136719,81918000,0.0,0.0,AAPL
2021-05-17 00:00:00-04:00,123.8477128828965,123.95513540332345,122.2363825270762,123.31060028076172,74244600,0.0,0.0,AAPL
2021-05-18 00:00:00-04:00,123.59380326356951,124.01372562566158,121.85552242300645,121.92388153076172,63342900,0.0,0.0,AAPL
2021-05-19 00:00:00-04:00,120.27349900757707,121.9922444710152,119.98052713623112,121.76763916015625,92612000,0.0,0.0,AAPL
2021-05-20 00:00:00-04:00,122.2949800317053,124.72661966171272,122.1680220813628,124.32622528076172,76857100,0.0,0.0,AAPL
2021-05-21 00:00:00-04:00,124.8242725716539,125.00005419589023,122.27544274551913,122.49028778076172,79295400,0.0,0.0,AAPL
2021-05-24 00:00:00-04:00,123.05669713625909,124.94146389287052,122.98833802904868,124.12114715576172,63092900,0.0,0.0,AAPL
2021-05-25 00:00:00-04:00,124.82428611341189,125.3125750786712,123.35944156938784,123.92584991455078,72009500,0.0,0.0,AAPL
2021-05-26 00:00:00-04:00,123.98442141340175,124.40434374665045,123.45707656811848,123.87699890136719,56575900,0.0,0.0,AAPL
2021-05-27 00:00:00-04:00,123.47661228754039,124.64848475719648,122.14848618161899,122.34379577636719,94625600,0.0,0.0,AAPL
2021-05-28 00:00:00-04:00,122.62699066719642,122.85160338976284,121.63089988807833,121.68949127197266,71311100,0.0,0.0,AAPL
2021-06-01 00:00:00-04:00,122.1484865589402,122.4121552577231,121.03520547415292,121.36723327636719,67637100,0.0,0.0,AAPL
2021-06-02 00:00:00-04:00,121.36723416808287,122.30473364370846,121.14262887683675,122.12895202636719,59278900,0.0,0.0,AAPL
2021-06-03 00:00:00-04:00,121.75785039468764,121.92386428281043,120.2441750720593,120.64456939697266,76229200,0.0,0.0,AAPL
2021-06-04 00:00:00-04:00,121.16216229807738,123.20318269390796,120.94731726161271,122.93950653076172,75169300,0.0,0.0,AAPL
2021-06-07 00:00:00-04:00,123.21293321808503,123.3594191359653,121.90434257301015,122.94926452636719,71057600,0.0,0.0,AAPL
2021-06-08 00:00:00-04:00,123.63285881954378,125.44927381859075,123.25199989330952,123.76957702636719,74403800,0.0,0.0,AAPL
2021-06-09 00:00:00-04:00,124.22856322000109,124.75590806990476,123.55473244780471,124.15043640136719,56877900,0.0,0.0,AAPL
2021-06-10 00:00:00-04:00,124.04301866252895,125.18560293992083,122.98833637271277,123.15435028076172,71186400,0.0,0.0,AAPL
2021-06-11 00:00:00-04:00,123.56452163585193,124.45319758843415,123.1445992259498,124.36530303955078,53522400,0.0,0.0,AAPL
2021-06-14 00:00:00-04:00,124.82426738240325,127.4805121651489,124.09184522029778,127.42192077636719,96906500,0.0,0.0,AAPL
2021-06-15 00:00:00-04:00,126.89457246686105,127.53910749038236,126.35745994725994,126.60160064697266,62746300,0.0,0.0,AAPL
2021-06-16 00:00:00-04:00,127.3145078232053,127.82232473272363,125.44928390187147,127.09966278076172,91815000,0.0,0.0,AAPL
2021-06-17 00:00:00-04:00,126.75786702289925,129.44341498990488,126.61137364763495,128.7012176513672,96721700,0.0,0.0,AAPL
2021-06-18 00:00:00-04:00,127.64652258250933,128.4277608552948,127.18753690160719,127.40238189697266,108953300,0.0,0.0,AAPL
2021-06-21 00:00:00-04:00,127.24618396376991,129.30673284742429,126.18173368531541,129.19931030273438,79663300,0.0,0.0,AAPL
2021-06-22 00:00:00-04:00,129.0332571523742,130.93755177411464,128.53520055049577,130.8398895263672,74783600,0.0,0.0,AAPL
2021-06-23 00:00:00-04:00,130.63478804589667,131.17190047615895,130.10743587757977,130.56642150878906,60214200,0.0,0.0,AAPL
2021-06-24 00:00:00-04:00,131.2988830515641,131.4844323925828,129.81450322458238,130.28326416015625,68711000,0.0,0.0,AAPL
2021-06-25 00:00:00-04:00,130.33209840454234,130.7520133222248,129.69732354370646,129.99029541015625,70783700,0.0,0.0,AAPL
2021-06-28 00:00:00-04:00,130.28323808863115,132.08010994524813,130.22464670870133,131.62112426757812,62111300,0.0,0.0,AAPL
2021-06-29 00:00:00-04:00,131.64068656233414,133.29108030597018,131.20123622200433,133.13482666015625,64556100,0.0,0.0,AAPL
2021-06-30 00:00:00-04:00,132.9785831720377,134.18952666784298,132.6856112890496,133.7500762939453,63261400,0.0,0.0,AAPL
2021-07-01 00:00:00-04:00,133.3985152300678,134.1114020662822,132.57819096384344,134.0528106689453,52485800,0.0,0.0,AAPL
2021-07-02 00:00:00-04:00,134.66800143213112,136.71878923106325,134.521522975564,136.6797332763672,78852600,0.0,0.0,AAPL
2021-07-06 00:00:00-04:00,136.78715756035768,139.79495784960233,136.78715756035768,138.6914520263672,108181800,0.0,0.0,AAPL
2021-07-07 00:00:00-04:00,140.17581304211686,141.4941787382535,139.3164479398055,141.1816864013672,104911600,0.0,0.0,AAPL
2021-07-08 00:00:00-04:00,138.26180572762215,140.68367804752438,137.37312972878914,139.88290405273438,105575500,0.0,0.0,AAPL
2021-07-09 00:00:00-04:00,139.4043563311566,142.2363828285555,139.30669407903906,141.70904541015625,99890800,0.0,0.0,AAPL
2021-07-12 00:00:00-04:00,142.78327143895456,142.89069395646402,140.62506082396192,141.11334228515625,76299700,0.0,0.0,AAPL
2021-07-13 00:00:00-04:00,140.6543415426895,144.00395975842287,140.26372237579417,142.2266082763672,100827100,0.0,0.0,AAPL
2021-07-14 00:00:00-04:00,144.62894843170855,146.06449685832388,144.2187789659628,145.65432739257812,127050800,0.0,0.0,AAPL
2021-07-15 00:00:00-04:00,145.74228907945587,146.48447170500634,143.64266937764816,145.00009155273438,106820300,0.0,0.0,AAPL
2021-07-16 00:00:00-04:00,144.98050686009336,146.25002646546287,142.4609732736023,142.95901489257812,93251400,0.0,0.0,AAPL
2021-07-19 00:00:00-04:00,140.38093937263613,140.69344670327928,138.34968642696475,139.1114044189453,121434600,0.0,0.0,AAPL
2021-07-20 00:00:00-04:00,140.09774354697396,143.6524324995489,139.60946201556987,142.7246856689453,96350000,0.0,0.0,AAPL
2021-07-21 00:00:00-04:00,142.11920648842988,142.7051502253578,141.24030578420624,141.99224853515625,74993500,0.0,0.0,AAPL
2021-07-22 00:00:00-04:00,142.51956101020923,144.72658731973024,142.3926030924508,143.35940551757812,77338200,0.0,0.0,AAPL
2021-07-23 00:00:00-04:00,144.09184768836266,145.23442440451626,143.47660834075452,145.0781707763672,71447400,0.0,0.0,AAPL
2021-07-26 00:00:00-04:00,144.79502700418263,146.31846318219718,144.23837883850797,145.49815368652344,72434100,0.0,0.0,AAPL
2021-07-27 00:00:00-04:00,145.62503750180875,145.71293947720633,142.13871611344763,143.3301239013672,104818600,0.0,0.0,AAPL
2021-07-28 00:00:00-04:00,141.4160783718357,143.5254579196167,139.19927630353345,141.58209228515625,118931200,0.0,0.0,AAPL
2021-07-29 00:00:00-04:00,141.29887657911624,143.11528401739503,141.19145407304512,142.2266082763672,56699500,0.0,0.0,AAPL
2021-07-30 00:00:00-04:00,140.99615834422465,142.90045304700064,140.73248218501953,142.44146728515625,70440600,0.0,0.0,AAPL
2021-08-02 00:00:00-04:00,142.92971459337417,143.5058829989097,141.84572942137083,142.10940551757812,62880000,0.0,0.0,AAPL
2021-08-03 00:00:00-04:00,142.39265064248633,144.57038199069586,141.7774111754852,143.9063262939453,64786600,0.0,0.0,AAPL
2021-08-04 00:00:00-04:00,143.81841241009994,144.32621435379124,142.85160984220758,143.5059051513672,56368300,0.0,0.0,AAPL
2021-08-05 00:00:00-04:00,143.53520021202812,144.37504483971543,142.7441867059485,143.6133270263672,46397700,0.0,0.0,AAPL
2021-08-06 00:00:00-04:00,143.1341335136214,143.87742801771682,142.42995348932268,142.92874145507812,54126800,0.22,0.0,AAPL
2021-08-09 00:00:00-04:00,142.98737469901172,143.47638761858664,142.32232429166498,142.87979125976562,48908700,0.0,0.0,AAPL
2021-08-10 00:00:00-04:00,143.2221579263746,144.46425536863836,142.10720866457348,142.40061950683594,69023100,0.0,0.0,AAPL
2021-08-11 00:00:00-04:00,142.84071932029642,143.49599503680233,142.33214155394316,142.65489196777344,48493500,0.0,0.0,AAPL
2021-08-12 00:00:00-04:00,142.97763397957073,145.77478914489808,142.63531888467134,145.61830139160156,72282600,0.0,0.0,AAPL
2021-08-13 00:00:00-04:00,145.69653653501413,146.15620995558572,145.01192130974562,145.8236846923828,59375000,0.0,0.0,AAPL
2021-08-16 00:00:00-04:00,145.27599198977236,147.8677701385214,143.25148569982673,147.79930114746094,103296000,0.0,0.0,AAPL
2021-08-17 00:00:00-04:00,146.92885446726953,148.34698930481986,145.8139053280962,146.88973999023438,92229700,0.0,0.0,AAPL
2021-08-18 00:00:00-04:00,146.50830231259667,147.4080844695857,142.938498348175,143.14389038085938,86326000,0.0,0.0,AAPL
2021-08-19 00:00:00-04:00,141.8431233828503,144.74786207926644,141.32477074631083,143.47642517089844,86960300,0.0,0.0,AAPL
2021-08-20 00:00:00-04:00,144.20018093381358,145.23688628655097,143.5546800797901,144.93370056152344,60549600,0.0,0.0,AAPL
2021-08-23 00:00:00-04:00,145.05102753102452,146.8897211086949,144.6402584192349,146.42027282714844,60131800,0.0,0.0,AAPL
2021-08-24 00:00:00-04:00,146.16596700294957,147.5449870963477,145.87255624979176,146.3322296142578,48606400,0.0,0.0,AAPL
2021-08-25 00:00:00-04:00,146.51804903732258,147.01685176789556,144.5522224668886,145.09991455078125,58991300,0.0,0.0,AAPL
2021-08-26 00:00:00-04:00,145.09017201862116,145.84324134015625,144.26861878609316,144.29795837402344,48597200,0.0,0.0,AAPL
2021-08-27 00:00:00-04:00,144.23927174159581,145.48136895257556,143.60356080464544,145.3346710205078,55802400,0.0,0.0,AAPL
2021-08-30 00:00:00-04:00,145.7258781178275,150.11722035437248,145.344448563989,149.75534057617188,90956700,0.0,0.0,AAPL
2021-08-31 00:00:00-04:00,149.3054768809692,149.4423999461669,147.96557089636175,148.49371337890625,86453100,0.0,0.0,AAPL
2021-09-01 00:00:00-04:00,149.47172795102404,151.57447805860386,148.99248979823196,149.15875244140625,80313700,0.0,0.0,AAPL
2021-09-02 00:00:00-04:00,150.4888943859777,151.32022266828497,149.05119460389105,150.2737274169922,71115500,0.0,0.0,AAPL
2021-09-03 00:00:00-04:00,150.38126619393228,151.2321589268622,149.72599059173956,150.90940856933594,57808700,0.0,0.0,AAPL
2021-09-07 00:00:00-04:00,151.5647115758547,153.80438486222874,150.99745462583329,153.24691772460938,82278300,0.0,0.0,AAPL
2021-09-08 00:00:00-04:00,153.53054912098804,153.58922830539066,150.59647051289338,151.70164489746094,74420200,0.0,0.0,AAPL
2021-09-09 00:00:00-04:00,152.073273942186,152.67964530991367,150.56710548729126,150.68447875976562,57305700,0.0,0.0,AAPL
2021-09-10 00:00:00-04:00,151.59404461667017,152.06349296335642,145.43247723787448,145.69654846191406,140893200,0.0,0.0,AAPL
2021-09-13 00:00:00-04:00,147.32006383534568,148.09269782306362,145.48137014638132,146.2637939453125,102404300,0.0,0.0,AAPL
2021-09-14 00:00:00-04:00,147.04622803340942,147.7504080093713,143.68181590903453,144.86521911621094,109296300,0.0,0.0,AAPL
2021-09-15 00:00:00-04:00,145.29552986579753,146.15619746026422,143.15365068997156,145.7552032470703,83281300,0.0,0.0,AAPL
2021-09-16 00:00:00-04:00,145.1781923829195,145.69654500672686,143.98499938228917,145.52049255371094,68034100,0.0,0.0,AAPL
2021-09-17 00:00:00-04:00,145.54985605884855,145.54985605884855,142.55708356060515,142.85049438476562,129868800,0.0,0.0,AAPL
2021-09-20 00:00:00-04:00,140.6401600731503,141.65730067907975,138.16575516526504,139.79905700683594,123478900,0.0,0.0,AAPL
2021-09-21 00:00:00-04:00,140.76730289175725,141.42259357419263,139.64257873843403,140.27828979492188,75834000,0.0,0.0,AAPL
2021-09-22 00:00:00-04:00,141.27585049264187,143.21233776359767,140.54233100418216,142.6450958251953,76404300,0.0,0.0,AAPL
2021-09-23 00:00:00-04:00,143.42752419874412,143.84808318959392,142.43972319227385,143.60357666015625,64838200,0.0,0.0,AAPL
2021-09-24 00:00:00-04:00,142.4593121275063,144.2295373140158,142.36150352969494,143.69161987304688,53477900,0.0,0.0,AAPL
2021-09-27 00:00:00-04:00,142.27345249653945,142.75269063959104,140.65971546291632,142.17564392089844,74150700,0.0,0.0,AAPL
2021-09-28 00:00:00-04:00,140.10220759436288,141.5692464173405,138.57648960622467,138.79165649414062,108972300,0.0,0.0,AAPL
2021-09-29 00:00:00-04:00,139.3393925185162,141.2758801966286,138.90905860704783,139.6914825439453,74602000,0.0,0.0,AAPL
2021-09-30 00:00:00-04:00,140.50321039247126,141.20739026450596,138.17550387527373,138.3906707763672,89056700,0.0,0.0,AAPL
2021-10-01 00:00:00-04:00,138.7818918325454,139.77948259151805,136.0532056936857,139.51541137695312,94639600,0.0,0.0,AAPL
2021-10-04 00:00:00-04:00,138.6449736382081,139.08509731906585,135.23167212302508,136.08255004882812,98322000,0.0,0.0,AAPL
2021-10-05 00:00:00-04:00,136.42483442827913,139.11440557964133,136.29768628924325,138.0092315673828,80861100,0.0,0.0,AAPL
2021-10-06 00:00:00-04:00,136.4052949835953,139.02639764577518,135.32946035449564,138.87969970703125,83221100,0.0,0.0,AAPL
2021-10-07 00:00:00-04:00,139.91640035654444,141.0509141240026,139.5838750906148,140.14134216308594,61732700,0.0,0.0,AAPL
2021-10-08 00:00:00-04:00,140.86506167895476,141.0117595867435,139.4273624886646,139.7598876953125,58773200,0.0,0.0,AAPL
2021-10-11 00:00:00-04:00,139.1437779877816,141.62795772548145,138.69387941362646,139.67190551757812,64452200,0.0,0.0,AAPL
2021-10-12 00:00:00-04:00,140.0826575469626,140.10222224522562,137.94077825367475,138.40045166015625,73035900,0.0,0.0,AAPL
2021-10-13 00:00:00-04:00,138.13641006788947,138.292882900144,136.14122849083293,137.81365966796875,78762700,0.0,0.0,AAPL
2021-10-14 00:00:00-04:00,138.9872611601966,140.7183711807061,138.40043965116223,140.6009979248047,69907100,0.0,0.0,AAPL
2021-10-15 00:00:00-04:00,140.6107923523626,141.7159515069994,140.35649605913446,141.6572723388672,67940300,0.0,0.0,AAPL
2021-10-18 00:00:00-04:00,140.2978253736589,143.61333288501362,140.0142044027078,143.3297119140625,85589200,0.0,0.0,AAPL
2021-10-19 00:00:00-04:00,143.7795892346543,145.89212886384934,143.32970565575582,145.4911346435547,76378900,0.0,0.0,AAPL
2021-10-20 00:00:00-04:00,145.43248657280327,146.45941702243417,144.86522961087866,145.9801788330078,58418800,0.0,0.0,AAPL
2021-10-21 00:00:00-04:00,145.54005210514717,146.35181550626882,144.62070524306984,146.19532775878906,61421000,0.0,0.0,AAPL
2021-10-22 00:00:00-04:00,146.40070968480316,146.87993285856993,145.3737794326728,145.4226837158203,58883400,0.0,0.0,AAPL
2021-10-25 00:00:00-04:00,145.41290903215594,146.08774940871533,144.3762037849461,145.37379455566406,50720600,0.0,0.0,AAPL
2021-10-26 00:00:00-04:00,146.04863902426567,147.52545305998103,145.73566350958762,146.0388641357422,60893400,0.0,0.0,AAPL
2021-10-27 00:00:00-04:00,146.07795043904167,146.4398152500375,145.22707267329858,145.57916259765625,56094900,0.0,0.0,AAPL
2021-10-28 00:00:00-04:00,146.5279261113802,149.80430568001572,146.43011749951094,149.21749877929688,100077900,0.0,0.0,AAPL
2021-10-29 00:00:00-04:00,143.98497686283406,146.64520855406127,143.19277825689716,146.50828552246094,124953200,0.0,0.0,AAPL
2021-11-01 00:00:00-04:00,145.71610716586716,146.4104973070888,144.55225377378474,145.686767578125,74588300,0.0,0.0,AAPL
2021-11-02 00:00:00-04:00,145.39334900645795,148.23940825327995,145.38355919540496,146.7234649658203,69122000,0.0,0.0,AAPL
2021-11-03 00:00:00-04:00,147.08534391435344,148.63062693615777,146.52787680010098,148.1611785888672,54511500,0.0,0.0,AAPL
2021-11-04 00:00:00-04:00,148.249208975671,149.0805222679595,147.32986198602657,147.64283752441406,60394600,0.0,0.0,AAPL
2021-11-05 00:00:00-04:00,148.76917431705436,149.07280247570614,146.9767728258522,148.1717071533203,65463900,0.22,0.0,AAPL
2021-11-08 00:00:00-05:00,148.29905483485294,148.45577097835087,147.07473798616405,147.34898376464844,55020900,0.0,0.0,AAPL
2021-11-09 00:00:00-05:00,147.1138975747547,148.31862107112684,146.9767746966739,147.71136474609375,56787900,0.0,0.0,AAPL
2021-11-10 00:00:00-05:00,146.93762626246985,147.04536675115244,144.81221384507222,144.88076782226562,65187100,0.0,0.0,AAPL
2021-11-11 00:00:00-05:00,145.89938743250096,146.35971678839883,144.64567331029048,144.83177185058594,41000000,0.0,0.0,AAPL
2021-11-12 00:00:00-05:00,145.38027365145768,147.3097982131486,144.449795829464,146.90823364257812,63804000,0.0,0.0,AAPL
2021-11-15 00:00:00-05:00,147.28040751304476,148.7593917575851,146.3597188974358,146.9180145263672,59222800,0.0,0.0,AAPL
2021-11-16 00:00:00-05:00,146.85924274203003,148.3773984758072,146.27156473370576,147.8974609375,59256200,0.0,0.0,AAPL
2021-11-17 00:00:00-05:00,147.89745943010328,151.81527292494047,147.88767027666427,150.3363037109375,88807000,0.0,0.0,AAPL
2021-11-18 00:00:00-05:00,150.5517823821893,155.4098626732955,149.9053395784081,154.6262969970703,137827700,0.0,0.0,AAPL
2021-11-19 00:00:00-05:00,154.41081232255357,157.71158022509883,153.3138293695712,157.25123596191406,117305600,0.0,0.0,AAPL
2021-11-22 00:00:00-05:00,158.3580215257173,162.29542845267346,157.69200037488366,157.7115936279297,117467900,0.0,0.0,AAPL
2021-11-23 00:00:00-05:00,157.80951705712113,158.47555309859132,155.79184557181551,158.09356689453125,96041900,0.0,0.0,AAPL
2021-11-24 00:00:00-05:00,157.44714936539495,158.8085891260157,156.35995538782916,158.61270141601562,69463600,0.0,0.0,AAPL
2021-11-26 00:00:00-05:00,156.2913900038225,157.15329885394945,153.14733793761846,153.5880889892578,76959800,0.0,0.0,AAPL
2021-11-29 00:00:00-05:00,156.09548196515397,157.8780943084946,155.52739720558188,156.94761657714844,88748200,0.0,0.0,AAPL
2021-11-30 00:00:00-05:00,156.70277541909022,162.11915223655976,156.63420649835714,161.90367126464844,174048100,0.0,0.0,AAPL
2021-12-01 00:00:00-05:00,164.03886252915143,166.8009284808444,161.1494777894876,161.38455200195312,152052500,0.0,0.0,AAPL
2021-12-02 00:00:00-05:00,155.4784189693417,160.8262255061017,154.55773049536117,160.395263671875,136739200,0.0,0.0,AAPL
2021-12-03 00:00:00-05:00,160.64998717410649,161.5706759695091,156.43833361283723,158.5147705078125,118023100,0.0,0.0,AAPL
2021-12-06 00:00:00-05:00,160.91441267175034,164.43066217672398,160.90462351682206,161.9232635498047,107497000,0.0,0.0,AAPL
2021-12-07 00:00:00-05:00,165.60598335666447,168.05461686688494,164.88118245734097,167.66282653808594,120405400,0.0,0.0,AAPL
2021-12-08 00:00:00-05:00,168.59332710400926,172.3446356103418,167.19270089919112,171.4827117919922,116998900,0.0,0.0,AAPL
2021-12-09 00:00:00-05:00,171.3161880617465,173.11837862863902,170.3465238704593,170.97337341308594,108923700,0.0,0.0,AAPL
2021-12-10 00:00:00-05:00,171.61003610118843,175.93921831838114,171.1007161505561,175.76290893554688,115402700,0.0,0.0,AAPL
2021-12-13 00:00:00-05:00,177.3985839315142,178.3878413686235,171.92344335477927,172.12913513183594,153237000,0.0,0.0,AAPL
2021-12-14 00:00:00-05:00,171.64918787846642,174.08803193389883,168.67165647349816,170.7480926513672,139380400,0.0,0.0,AAPL
2021-12-15 00:00:00-05:00,171.51207028188244,175.81186972926076,168.76959801571434,175.61598205566406,131063300,0.0,0.0,AAPL
2021-12-16 00:00:00-05:00,175.5964252181878,177.41820935643656,167.24168791922142,168.7206573486328,150185800,0.0,0.0,AAPL
2021-12-17 00:00:00-05:00,166.43852716670187,169.90580094866743,166.20346789014454,167.62367248535156,195432700,0.0,0.0,AAPL
2021-12-20 00:00:00-05:00,164.82242453025603,167.07517044282818,164.01928047689202,166.26222229003906,107499100,0.0,0.0,AAPL
2021-12-21 00:00:00-05:00,168.03502751462352,169.6413305368034,165.64515876193008,169.43565368652344,91185900,0.0,0.0,AAPL
2021-12-22 00:00:00-05:00,169.48460422982922,172.24666990143447,168.61289133008395,172.03118896484375,92135300,0.0,0.0,AAPL
2021-12-23 00:00:00-05:00,172.23690795484498,173.2163614776015,171.66882311821325,172.65806579589844,68356600,0.0,0.0,AAPL
2021-12-27 00:00:00-05:00,173.4514127643316,176.71299463822913,173.43183445537653,176.62484741210938,74919600,0.0,0.0,AAPL
2021-12-28 00:00:00-05:00,176.4583204970068,177.60427913199814,174.86180674158715,175.60618591308594,79144300,0.0,0.0,AAPL
2021-12-29 00:00:00-05:00,175.6453907930184,176.9186832802021,174.4798387842566,175.69436645507812,62348900,0.0,0.0,AAPL
2021-12-30 00:00:00-05:00,175.7825301909609,176.85993507638065,174.4308795065752,174.5386199951172,59773000,0.0,0.0,AAPL
2021-12-31 00:00:00-05:00,174.43085959378186,175.5474359178977,173.61791144491113,173.9215545654297,64062300,0.0,0.0,AAPL
2022-01-03 00:00:00-05:00,174.17620137564992,179.12244407617163,174.05867174915193,178.2703094482422,104487900,0.0,0.0,AAPL
2022-01-04 00:00:00-05:00,178.8776193777369,179.18124760864967,175.43972760704736,176.0078125,99310400,0.0,0.0,AAPL
2022-01-05 00:00:00-05:00,175.91962765597447,176.46811917460536,171.0517430102158,171.32598876953125,94537600,0.0,0.0,AAPL
2022-01-06 00:00:00-05:00,169.15160256379613,171.69818743268368,168.1133843303379,168.4659881591797,96904000,0.0,0.0,AAPL
2022-01-07 00:00:00-05:00,169.3376997173353,170.5620164817169,167.5159157741246,168.6324920654297,86709100,0.0,0.0,AAPL
2022-01-10 00:00:00-05:00,165.6059836604726,168.95571251516662,164.71467747425172,168.65208435058594,106765600,0.0,0.0,AAPL
2022-01-11 00:00:00-05:00,168.77942565072325,171.58064816981238,167.31024547595837,171.4827117919922,76138300,0.0,0.0,AAPL
2022-01-12 00:00:00-05:00,172.5013664795951,173.53958492379155,171.2280887319737,171.92349243164062,74805200,0.0,0.0,AAPL
2022-01-13 00:00:00-05:00,172.16831849084767,172.9910557649256,168.26029402106818,168.65208435058594,84505800,0.0,0.0,AAPL
2022-01-14 00:00:00-05:00,167.81954242119846,170.20941111487983,167.57467907053888,169.51400756835938,80440800,0.0,0.0,AAPL
2022-01-18 00:00:00-05:00,167.98604466295757,168.99488045377709,165.92920152184269,166.31118774414062,90956700,0.0,0.0,AAPL
2022-01-19 00:00:00-05:00,166.5070728064469,167.56488423888524,162.53049451772475,162.8145294189453,94815000,0.0,0.0,AAPL
2022-01-20 00:00:00-05:00,163.54911855874857,166.19363965286126,160.8066461501134,161.12986755371094,91420500,0.0,0.0,AAPL
2022-01-21 00:00:00-05:00,161.04175539217772,162.91251531175593,158.96531859071325,159.07305908203125,122848900,0.0,0.0,AAPL
2022-01-24 00:00:00-05:00,156.7321237742352,158.9652761385697,151.521424960607,158.2992401123047,162294600,0.0,0.0,AAPL
2022-01-25 00:00:00-05:00,155.7135197495045,159.41585293852967,153.79379917867107,156.49708557128906,115798400,0.0,0.0,AAPL
2022-01-26 00:00:00-05:00,160.14065107987773,161.01236411791442,154.5773622405594,156.408935546875,108275300,0.0,0.0,AAPL
2022-01-27 00:00:00-05:00,159.11219273840805,160.47363228871149,155.02787408749768,155.9485626220703,121954600,0.0,0.0,AAPL
2022-01-28 00:00:00-05:00,162.30522203050273,166.8498849998228,159.45500918063075,166.83029174804688,179935700,0.0,0.0,AAPL
2022-01-31 00:00:00-05:00,166.6637882659515,171.4043389682656,166.02713461119168,171.18885803222656,115541600,0.0,0.0,AAPL
2022-02-01 00:00:00-05:00,170.43467612383174,171.2476242171807,168.769608378118,171.02235412597656,86213900,0.0,0.0,AAPL
2022-02-02 00:00:00-05:00,171.15949584991125,172.266283066221,169.7686736999572,172.2270965576172,84914300,0.0,0.0,AAPL
2022-02-03 00:00:00-05:00,170.89502658265624,172.618874147118,168.58351594007854,169.3474884033203,89418100,0.0,0.0,AAPL
2022-02-04 00:00:00-05:00,168.36677539536157,170.74008547588204,167.38607419208668,169.06307983398438,82465400,0.22,0.0,AAPL
2022-02-07 00:00:00-05:00,169.52402175607514,170.5929825465771,167.65087874308003,168.34718322753906,77251200,0.0,0.0,AAPL
2022-02-08 00:00:00-05:00,168.41582891603926,171.9659777736799,168.12161553517308,171.4560089111328,74829200,0.0,0.0,AAPL
2022-02-09 00:00:00-05:00,172.65249461256113,173.24090650856255,171.52467895767091,172.8780517578125,71285000,0.0,0.0,AAPL
2022-02-10 00:00:00-05:00,170.77933021680633,172.09346641687537,168.23931734555768,168.79830932617188,90865900,0.0,0.0,AAPL
2022-02-11 00:00:00-05:00,169.00424214752385,169.73976805864703,164.7970255558841,165.3854522705078,98670700,0.0,0.0,AAPL
2022-02-14 00:00:00-05:00,164.13996586391173,166.30732224292808,163.34560023389338,165.62083435058594,86185500,0.0,0.0,AAPL
2022-02-15 00:00:00-05:00,167.67048439097334,169.61226856573026,166.96437833391397,169.45535278320312,62527400,0.0,0.0,AAPL
2022-02-16 00:00:00-05:00,168.53352854543166,169.99476394129306,166.7682631690513,169.2200164794922,61177400,0.0,0.0,AAPL
2022-02-17 00:00:00-05:00,167.72933608370406,168.5923579851135,165.2187432406735,165.62083435058594,69589300,0.0,0.0,AAPL
2022-02-18 00:00:00-05:00,166.54272185911768,167.24881311236203,162.9827709259436,164.07135009765625,82772700,0.0,0.0,AAPL
2022-02-22 00:00:00-05:00,161.79611631133258,163.47312232621292,159.02072949307376,161.14886474609375,91162800,0.0,0.0,AAPL
2022-02-23 00:00:00-05:00,162.34528786351217,162.94351625967545,156.6670338772365,156.98086547851562,90009200,0.0,0.0,AAPL
2022-02-24 00:00:00-05:00,149.63543454420616,159.70724299641822,149.0666258865526,159.599365234375,141147500,0.0,0.0,AAPL
2022-02-25 00:00:00-05:00,160.67813725963106,161.93343403788458,157.76545247894273,161.6686553955078,91974200,0.0,0.0,AAPL
2022-02-28 00:00:00-05:00,159.91315308309024,162.22760877136363,159.2953064697166,161.9333953857422,95056600,0.0,0.0,AAPL
2022-03-01 00:00:00-05:00,161.5215128724912,163.38485445669167,158.84420231864755,160.0504608154297,83474400,0.0,0.0,AAPL
2022-03-02 00:00:00-05:00,161.21749147612806,164.13017563125035,159.80527916281847,163.34561157226562,79724800,0.0,0.0,AAPL
2022-03-03 00:00:00-05:00,165.21874895199736,165.65025991761865,162.35510295615475,163.02197265625,76678400,0.0,0.0,AAPL
2022-03-04 00:00:00-05:00,161.31554410601458,162.3550849729684,158.9716688608393,160.02101135253906,83737200,0.0,0.0,AAPL
2022-03-07 00:00:00-05:00,160.2073838791356,161.83535182075346,155.97074658012755,156.22573852539062,96418800,0.0,0.0,AAPL
2022-03-08 00:00:00-05:00,155.75501466301262,159.73666023729874,152.79329203332358,154.40164184570312,131148300,0.0,0.0,AAPL
2022-03-09 00:00:00-05:00,158.36365040568722,160.2564117997747,156.33360638496927,159.80528259277344,91454900,0.0,0.0,AAPL
2022-03-10 00:00:00-05:00,157.10835602606574,157.29469168011647,152.96979505950804,155.46078491210938,105342000,0.0,0.0,AAPL
2022-03-11 00:00:00-05:00,155.86285431301891,156.2061057623046,151.51835462854714,151.74391174316406,96970100,0.0,0.0,AAPL
2022-03-14 00:00:00-04:00,148.527210200246,151.1456808985897,147.20327241217439,147.71322631835938,108732100,0.0,0.0,AAPL
2022-03-15 00:00:00-04:00,147.9878136848799,152.56770172333492,147.47785980558257,152.09695434570312,92964300,0.0,0.0,AAPL
2022-03-16 00:00:00-04:00,154.01917189606445,156.91223829679822,151.47915863007114,156.51014709472656,102300200,0.0,0.0,AAPL
2022-03-17 00:00:00-04:00,155.54905912498893,157.8929350151505,154.5879758844706,157.520263671875,75615400,0.0,0.0,AAPL
2022-03-18 00:00:00-04:00,157.4123942449896,161.30578044331628,156.67686811126515,160.8154296875,123511700,0.0,0.0,AAPL
2022-03-21 00:00:00-04:00,160.35447849802293,163.13968181166422,159.8641278042269,162.1884002685547,95811400,0.0,0.0,AAPL
2022-03-22 00:00:00-04:00,162.31584770945418,166.15039293346567,161.72743597716038,165.56198120117188,81532000,0.0,0.0,AAPL
2022-03-23 00:00:00-04:00,164.74801286692667,169.30826781804822,164.41456305995604,166.9251708984375,98062700,0.0,0.0,AAPL
2022-03-24 00:00:00-04:00,167.7587426911126,170.77930414345957,166.92515566056534,170.71066284179688,90131400,0.0,0.0,AAPL
2022-03-25 00:00:00-04:00,170.52435897204094,171.89733490405604,169.4161616355689,171.34814453125,80546200,0.0,0.0,AAPL
2022-03-28 00:00:00-04:00,168.84733794398963,172.33863211398676,168.68062052174977,172.21115112304688,90371900,0.0,0.0,AAPL
2022-03-29 00:00:00-04:00,173.28009079226467,175.55530970776783,172.93683939967303,175.50628662109375,100589400,0.0,0.0,AAPL
2022-03-30 00:00:00-04:00,175.1042250130881,176.14376602591867,173.289921571538,174.3392791748047,92633200,0.0,0.0,AAPL
2022-03-31 00:00:00-04:00,174.40791055107027,174.59424618696573,171.0342957824536,171.24024963378906,103049300,0.0,0.0,AAPL
2022-04-01 00:00:00-04:00,170.67146498333403,171.5050671665747,168.62180263029362,170.94606018066406,78751300,0.0,0.0,AAPL
2022-04-04 00:00:00-04:00,171.20104367313095,175.0453912102986,171.0735477076942,174.99635314941406,76468400,0.0,0.0,AAPL
2022-04-05 00:00:00-04:00,174.07443144318196,174.85899525381606,171.05387049904223,171.6815185546875,73401800,0.0,0.0,AAPL
2022-04-06 00:00:00-04:00,169.03370184368734,170.27919687020847,166.84674180895354,168.51393127441406,89058800,0.0,0.0,AAPL
2022-04-07 00:00:00-04:00,167.85684898260146,170.01438898962488,166.57213259059588,168.81793212890625,77594700,0.0,0.0,AAPL
2022-04-08 00:00:00-04:00,168.46485203266047,168.46485203266047,165.93464112451483,166.80746459960938,76575500,0.0,0.0,AAPL
2022-04-11 00:00:00-04:00,165.4541214198734,165.76793805160875,162.306063690876,162.55123901367188,72246700,0.0,0.0,AAPL
2022-04-12 00:00:00-04:00,164.77743049486364,166.59171885387798,163.4240579625581,164.42437744140625,79265200,0.0,0.0,AAPL
2022-04-13 00:00:00-04:00,164.1595904381064,167.73914420674996,163.55156041909547,167.1114959716797,70618900,0.0,0.0,AAPL
2022-04-14 00:00:00-04:00,167.3272211904121,167.96468590036903,161.8549071161648,162.10008239746094,75329400,0.0,0.0,AAPL
2022-04-18 00:00:00-04:00,160.75659889342774,163.38488687159673,160.41336232393917,161.88441467285156,69023900,0.0,0.0,AAPL
2022-04-19 00:00:00-04:00,161.8353289533827,164.58129552240263,160.7467499371193,164.1693878173828,67723800,0.0,0.0,AAPL
2022-04-20 00:00:00-04:00,165.50315744246095,165.62085178233113,162.89450317699752,164.002685546875,67929800,0.0,0.0,AAPL
2022-04-21 00:00:00-04:00,165.65026467883652,168.21969736612456,162.70816069883412,163.20831298828125,87227800,0.0,0.0,AAPL
2022-04-22 00:00:00-04:00,163.24752061254705,164.63029786624585,158.38323630639394,158.66763305664062,84882400,0.0,0.0,AAPL
2022-04-25 00:00:00-04:00,158.01058942731927,160.0210300948507,155.40193532965264,159.73663330078125,96046400,0.0,0.0,AAPL
2022-04-26 00:00:00-04:00,159.11877502482716,159.20703454434567,153.69549840448505,153.77395629882812,95623200,0.0,0.0,AAPL
2022-04-27 00:00:00-04:00,152.90114966122312,156.70626068843154,152.38137914765707,153.5484161376953,88063200,0.0,0.0,AAPL
2022-04-28 00:00:00-04:00,156.17667104674604,161.34497072445453,155.8628394699356,160.48194885253906,130216800,0.0,0.0,AAPL
2022-04-29 00:00:00-04:00,158.71668452045293,162.99254251007733,154.2152694364459,154.6075439453125,131747600,0.0,0.0,AAPL
2022-05-02 00:00:00-04:00,153.6857290366365,155.17638444909122,150.31211369335705,154.91160583496094,123055300,0.0,0.0,AAPL
2022-05-03 00:00:00-04:00,155.09791756360522,157.60852567132414,153.30324720330452,156.40225219726562,88966500,0.0,0.0,AAPL
2022-05-04 00:00:00-04:00,156.58856589280018,163.267138972668,156.18647479117334,162.81602478027344,108256500,0.0,0.0,AAPL
2022-05-05 00:00:00-04:00,160.68793581379188,160.91349295341686,151.9596840798174,153.74456787109375,130525300,0.0,0.0,AAPL
2022-05-06 00:00:00-04:00,153.22400390708842,156.59275954886184,151.42668182783396,154.47132873535156,116124600,0.23,0.0,AAPL
2022-05-09 00:00:00-04:00,152.16325573701113,153.04719254546444,148.78469978176747,149.34451293945312,131577900,0.0,0.0,AAPL
2022-05-10 00:00:00-04:00,152.74276671948687,153.9409814618481,150.19900690567323,151.75079345703125,115366700,0.0,0.0,AAPL
2022-05-11 00:00:00-04:00,150.7588463480562,152.67402087769284,143.20616949802272,143.88385009765625,142689800,0.0,0.0,AAPL
2022-05-12 00:00:00-04:00,140.22043185006495,143.58917206052791,136.32132651313492,140.01417541503906,182602000,0.0,0.0,AAPL
2022-05-13 00:00:00-04:00,142.00793811597927,145.45526685384394,140.55437184575726,144.48294067382812,113990900,0.0,0.0,AAPL
2022-05-16 00:00:00-04:00,142.95081001781338,144.88563148350204,141.6052649207857,142.94097900390625,86643800,0.0,0.0,AAPL
2022-05-17 00:00:00-04:00,146.2016865687997,147.0954395557584,144.06060880808,146.5749053955078,78336300,0.0,0.0,AAPL
2022-05-18 00:00:00-04:00,144.22756749777338,144.728454553279,137.40166819210114,138.3052520751953,109742900,0.0,0.0,AAPL
2022-05-19 00:00:00-04:00,137.3820660685117,139.13027811714653,134.1606406090294,134.89724731445312,136095600,0.0,0.0,AAPL
2022-05-20 00:00:00-04:00,136.60617864285032,138.18742845795921,130.24190028158935,135.13296508789062,137426100,0.0,0.0,AAPL
2022-05-23 00:00:00-04:00,135.3293635083762,140.70168239695178,135.19186420352216,140.5543670654297,117726300,0.0,0.0,AAPL
2022-05-24 00:00:00-04:00,138.2954614249139,139.4347501436659,134.8776102549607,137.85350036621094,104132700,0.0,0.0,AAPL
2022-05-25 00:00:00-04:00,135.95793161918118,139.25792986661668,135.8695424217508,138.0106201171875,92482700,0.0,0.0,AAPL
2022-05-26 00:00:00-04:00,134.93652895354754,141.7624148884754,134.69099338044722,141.21241760253906,90601500,0.0,0.0,AAPL
2022-05-27 00:00:00-04:00,142.79366865497497,147.00705253559786,142.66598536012808,146.9677734375,90978500,0.0,0.0,AAPL
2022-05-31 00:00:00-04:00,146.40795612568894,147.9695587462053,144.21776806233134,146.1820526123047,103718400,0.0,0.0,AAPL
2022-06-01 00:00:00-04:00,147.2231036462002,149.03025660842948,145.04274685421817,146.0543670654297,74286600,0.0,0.0,AAPL
2022-06-02 00:00:00-04:00,145.1900746138875,148.5686459793301,144.2373955374819,148.5097198486328,72348100,0.0,0.0,AAPL
2022-06-03 00:00:00-04:00,144.2767048307591,145.32760433584582,141.88029009172675,142.7838592529297,88570300,0.0,0.0,AAPL
2022-06-06 00:00:00-04:00,144.40436412307008,145.91687147884687,142.31239647541148,143.53025817871094,71598400,0.0,0.0,AAPL
2022-06-07 00:00:00-04:00,141.77222665254513,146.33918169758047,141.52669111278408,146.0543670654297,67808200,0.0,0.0,AAPL
2022-06-08 00:00:00-04:00,145.92671828674779,147.19367537745603,144.82672360419159,145.3177947998047,53950200,0.0,0.0,AAPL
2022-06-09 00:00:00-04:00,144.45347180040457,145.30793069054988,139.98472194082933,140.09275817871094,69473000,0.0,0.0,AAPL
2022-06-10 00:00:00-04:00,137.77489399581836,138.24631801246798,134.61239520262438,134.68115234375,91437900,0.0,0.0,AAPL
2022-06-13 00:00:00-04:00,130.49724415866797,132.78563754326257,129.09278784637604,129.52493286132812,122207100,0.0,0.0,AAPL
2022-06-14 00:00:00-04:00,130.75260877313121,131.49903152365633,129.1320649915738,130.3892059326172,84784300,0.0,0.0,AAPL
2022-06-15 00:00:00-04:00,131.89187879778933,134.8874157174927,129.79992595411264,133.0115203857422,91533000,0.0,0.0,AAPL
2022-06-16 00:00:00-04:00,129.72135067721175,130.02581237807436,126.73562983340109,127.73741912841797,108123900,0.0,0.0,AAPL
2022-06-17 00:00:00-04:00,127.74728013136735,130.70352361415718,127.49191349420407,129.21066284179688,134520300,0.0,0.0,AAPL
2022-06-21 00:00:00-04:00,131.0374040187389,134.61240084976376,130.93919879539584,133.4436492919922,81000500,0.0,0.0,AAPL
2022-06-22 00:00:00-04:00,132.38297105119662,135.29993525630434,131.51869590671203,132.9329833984375,73409200,0.0,0.0,AAPL
2022-06-23 00:00:00-04:00,134.37672361512418,136.11510478571114,133.20797181999205,135.8008270263672,72433800,0.0,0.0,AAPL
2022-06-24 00:00:00-04:00,137.4016693916089,139.37578454056782,137.2740011133842,139.1302490234375,89116800,0.0,0.0,AAPL
2022-06-27 00:00:00-04:00,140.15167018072825,140.9275708071873,138.45256859835,139.1302490234375,70207900,0.0,0.0,AAPL
2022-06-28 00:00:00-04:00,139.59187553155968,140.85883237422544,134.86777395244602,134.98562622070312,67083400,0.0,0.0,AAPL
2022-06-29 00:00:00-04:00,135.00527146488074,138.15793948922365,134.2293707457082,136.74365234375,66242400,0.0,0.0,AAPL
2022-06-30 00:00:00-04:00,134.79903766505709,135.89903230248103,131.38118647998766,134.27850341796875,98964500,0.0,0.0,AAPL
2022-07-01 00:00:00-04:00,133.6105999003664,136.55702609474315,133.2373961064284,136.44898986816406,71051600,0.0,0.0,AAPL
2022-07-05 00:00:00-04:00,135.30974606974897,139.08116882706545,134.4847351652157,139.0320587158203,73353800,0.0,0.0,AAPL
2022-07-06 00:00:00-04:00,138.82581180795694,141.54633502633234,138.56062920663072,140.36776733398438,74064300,0.0,0.0,AAPL
2022-07-07 00:00:00-04:00,140.73117350935885,143.93296722465507,140.72135748073458,143.73654174804688,66253700,0.0,0.0,AAPL
2022-07-08 00:00:00-04:00,142.66597262808202,144.91508669074653,142.41062104747897,144.4141845703125,64547800,0.0,0.0,AAPL
2022-07-11 00:00:00-04:00,143.0686758701149,144.02135515880028,141.21242740803473,142.282958984375,63141600,0.0,0.0,AAPL
2022-07-12 00:00:00-04:00,143.1570440660671,145.79900902596674,142.4597314847581,143.25526428222656,77588800,0.0,0.0,AAPL
2022-07-13 00:00:00-04:00,140.43653568039218,143.8347397140172,139.5820616716197,142.8918914794922,71185600,0.0,0.0,AAPL
2022-07-14 00:00:00-04:00,141.50703095418416,146.29005802967413,140.6918512393976,145.81863403320312,78140700,0.0,0.0,AAPL
2022-07-15 00:00:00-04:00,147.1052616395071,148.16597704358819,145.55347512166446,147.48829650878906,76259900,0.0,0.0,AAPL
2022-07-18 00:00:00-04:00,148.0481247263253,148.86330457327466,144.08026173602485,144.44366455078125,81420900,0.0,0.0,AAPL
2022-07-19 00:00:00-04:00,145.27848208027842,148.52937058051154,144.286523787425,148.30348205566406,82982400,0.0,0.0,AAPL
2022-07-20 00:00:00-04:00,148.42132610705224,150.97490184976564,147.6847194489196,150.30703735351562,64823400,0.0,0.0,AAPL
2022-07-21 00:00:00-04:00,151.7409787508479,152.79187815956976,149.2266969700013,152.5758056640625,65086600,0.0,0.0,AAPL
2022-07-22 00:00:00-04:00,152.61507520531072,153.48918116011728,150.67043785379852,151.33828735351562,66675400,0.0,0.0,AAPL
2022-07-25 00:00:00-04:00,151.25971149976874,152.27131674461305,149.56060972730697,150.21864318847656,53623900,0.0,0.0,AAPL
2022-07-26 00:00:00-04:00,149.54096368293668,150.3561434947877,148.1070444852617,148.89276123046875,55138700,0.0,0.0,AAPL
2022-07-27 00:00:00-04:00,149.85527117258624,154.52044701167125,149.44277321253915,153.99008178710938,78620700,0.0,0.0,AAPL
2022-07-28 00:00:00-04:00,154.17668202554245,154.82489948966665,151.65258430440582,154.5400848388672,81378700,0.0,0.0,AAPL
2022-07-29 00:00:00-04:00,158.36064587550854,160.70796561063992,156.65171270547043,159.6079559326172,101786900,0.0,0.0,AAPL
2022-08-01 00:00:00-04:00,158.1347223194791,160.66865118760447,158.01687004208316,158.62579345703125,67829400,0.0,0.0,AAPL
2022-08-02 00:00:00-04:00,157.24099208938756,159.50973846034333,156.7793839981374,157.152587890625,59907000,0.0,0.0,AAPL
2022-08-03 00:00:00-04:00,157.96772903161715,163.61504600881742,157.87933984085964,163.16326904296875,82507500,0.0,0.0,AAPL
2022-08-04 00:00:00-04:00,163.04545502447235,164.20439085358342,161.49366822844783,162.84902954101562,55474100,0.0,0.0,AAPL
2022-08-05 00:00:00-04:00,160.51811452535523,163.11457128010184,160.31157154170887,162.62281799316406,56697000,0.23,0.0,AAPL
2022-08-08 00:00:00-04:00,163.62595540473944,165.04220702567798,161.49174831186727,162.15069580078125,60276900,0.0,0.0,AAPL
2022-08-09 00:00:00-04:00,161.31475546531706,163.0850703328182,160.55745118727944,162.1999053955078,63135500,0.0,0.0,AAPL
2022-08-10 00:00:00-04:00,164.91434111224348,166.54696529007254,164.14720734331007,166.44862365722656,70170500,0.0,0.0,AAPL
2022-08-11 00:00:00-04:00,167.2551419804722,168.16981098772024,165.41598930895566,165.71104431152344,57149200,0.0,0.0,AAPL
2022-08-12 00:00:00-04:00,167.01906593388134,169.33029699566112,166.60598003496278,169.26145935058594,68039400,0.0,0.0,AAPL
2022-08-15 00:00:00-04:00,168.6910268994302,170.5301791193321,168.52383260735886,170.33348083496094,54091700,0.0,0.0,AAPL
2022-08-16 00:00:00-04:00,169.93024033504878,170.84490912166515,168.82871793209483,170.17611694335938,56377100,0.0,0.0,AAPL
2022-08-17 00:00:00-04:00,169.92039567056804,173.24463691658173,169.72369740271,171.67103576660156,79542000,0.0,0.0,AAPL
2022-08-18 00:00:00-04:00,170.8842371095866,172.01526346746522,170.26462327491188,171.2776336669922,62290100,0.0,0.0,AAPL
2022-08-19 00:00:00-04:00,170.1761140668042,170.87441022573427,168.48448182965225,168.69102478027344,70346300,0.0,0.0,AAPL
2022-08-22 00:00:00-04:00,166.89119627908354,167.05839055907853,164.38325206492678,164.80616760253906,69026800,0.0,0.0,AAPL
2022-08-23 00:00:00-04:00,164.32425128292837,165.92737151886493,163.90133572678997,164.47177124023438,54147100,0.0,0.0,AAPL
2022-08-24 00:00:00-04:00,164.5603177384026,165.33728128422243,163.5079585610888,164.766845703125,53841500,0.0,0.0,AAPL
2022-08-25 00:00:00-04:00,165.9962181286182,167.33378750652878,165.57331755675585,167.22560119628906,51218200,0.0,0.0,AAPL
2022-08-26 00:00:00-04:00,167.75667592112484,168.2287547406751,160.86228718946123,160.92129516601562,78961000,0.0,0.0,AAPL
2022-08-29 00:00:00-04:00,158.4920749241394,160.2132113909233,157.18402441564837,158.71829223632812,73314000,0.0,0.0,AAPL
2022-08-30 00:00:00-04:00,159.45590875707995,159.87880933569366,155.118641623387,156.2890167236328,77906200,0.0,0.0,AAPL
2022-08-31 00:00:00-04:00,157.665923552681,157.93147450788678,154.54820976951913,154.62689208984375,87991100,0.0,0.0,AAPL
2022-09-01 00:00:00-04:00,154.05645479166745,155.8070951296429,152.11894582091065,155.3546905517578,74229900,0.0,0.0,AAPL
2022-09-02 00:00:00-04:00,157.11512947985167,157.71506891570877,152.41397062462312,153.2401123046875,76957800,0.0,0.0,AAPL
2022-09-06 00:00:00-04:00,153.88925181756636,154.4990209999667,151.15510515135455,151.9812469482422,73714800,0.0,0.0,AAPL
2022-09-07 00:00:00-04:00,152.26648324611122,154.08596126340717,151.07643378022465,153.38768005371094,87449600,0.0,0.0,AAPL
2022-09-08 00:00:00-04:00,152.08946906346367,153.78110171657892,150.16178940975541,151.91244506835938,84923800,0.0,0.0,AAPL
2022-09-09 00:00:00-04:00,152.90574262919617,155.21698869351633,152.19761681404773,154.77439880371094,68028800,0.0,0.0,AAPL
2022-09-12 00:00:00-04:00,156.9577752421011,161.55074810883656,156.6725650029193,160.73443603515625,104956000,0.0,0.0,AAPL
2022-09-13 00:00:00-04:00,157.26267420589616,157.89211772902357,150.8403783347764,151.30262756347656,122656600,0.0,0.0,AAPL
2022-09-14 00:00:00-04:00,152.2369398106262,154.50885206267736,151.07640953249754,152.7483673095703,87965400,0.0,0.0,AAPL
2022-09-15 00:00:00-04:00,152.09926605765543,152.67954626691656,148.88321078041434,149.85687255859375,90481100,0.0,0.0,AAPL
2022-09-16 00:00:00-04:00,148.71604501032593,148.85373533906042,145.92287475909458,148.21444702148438,162278800,0.0,0.0,AAPL
2022-09-19 00:00:00-04:00,146.84734147012324,152.0107501857091,146.64081352548533,151.93206787109375,81474200,0.0,0.0,AAPL
2022-09-20 00:00:00-04:00,150.86989154639073,155.4727097837978,150.5551772691551,154.31216430664062,107689800,0.0,0.0,AAPL
2022-09-21 00:00:00-04:00,154.74490471552286,156.121822780707,151.06660011449515,151.1846160888672,101696800,0.0,0.0,AAPL
2022-09-22 00:00:00-04:00,149.8667164993867,151.9222413623521,148.42096082844884,150.2207794189453,86652500,0.0,0.0,AAPL
2022-09-23 00:00:00-04:00,148.69634230303134,148.97172290795524,146.10971554201328,147.94886779785156,96029900,0.0,0.0,AAPL
2022-09-26 00:00:00-04:00,147.19160174855077,151.23381448556898,147.171927414505,148.28329467773438,93339400,0.0,0.0,AAPL
2022-09-27 00:00:00-04:00,150.22077457787657,152.16811306913462,147.47678328794686,149.25692749023438,84442700,0.0,0.0,AAPL
2022-09-28 00:00:00-04:00,145.20489532446575,148.1554147485666,142.45107419388137,147.3686065673828,146691400,0.0,0.0,AAPL
2022-09-29 00:00:00-04:00,143.69029304650877,144.30006222073425,138.3596750779143,140.12998962402344,128138200,0.0,0.0,AAPL
2022-09-30 00:00:00-04:00,138.9498262348882,140.7398156433782,135.72392543950448,135.92062377929688,124925300,0.0,0.0,AAPL
2022-10-03 00:00:00-04:00,135.93042173003832,140.71026327900083,135.4189942166646,140.10047912597656,114311700,0.0,0.0,AAPL
2022-10-04 00:00:00-04:00,142.6379484443843,143.80832359652302,141.88064422703837,143.6903076171875,87830100,0.0,0.0,AAPL
2022-10-05 00:00:00-04:00,141.69380954476654,144.94921413848994,140.65127989511333,143.98536682128906,79471000,0.0,0.0,AAPL
2022-10-06 00:00:00-04:00,143.40509411965112,145.1065563258667,142.82482883069895,143.03135681152344,68402200,0.0,0.0,AAPL
2022-10-07 00:00:00-04:00,140.18900681575843,140.73978304959337,137.1499753994762,137.7794189453125,85925600,0.0,0.0,AAPL
2022-10-10 00:00:00-04:00,138.10394287109375,139.54969822824856,136.28446535176798,138.10394287109375,74899000,0.0,0.0,AAPL
2022-10-11 00:00:00-04:00,137.59253769929057,139.01863396780078,135.94025417061508,136.68771362304688,77033700,0.0,0.0,AAPL
2022-10-12 00:00:00-04:00,136.83526713014228,138.04497594951954,135.88126460377657,136.05828857421875,70433700,0.0,0.0,AAPL
2022-10-13 00:00:00-04:00,132.76354024673512,141.22168665886508,132.15375604675947,140.631591796875,113224000,0.0,0.0,AAPL
2022-10-14 00:00:00-04:00,141.92982762072035,142.1363705990491,135.9107723458466,136.09764099121094,88598000,0.0,0.0,AAPL
2022-10-17 00:00:00-04:00,138.74329241493984,140.5430964053638,137.95648408162927,140.06118774414062,85250900,0.0,0.0,AAPL
2022-10-18 00:00:00-04:00,143.0903655439518,144.2804000004446,138.2908490399077,141.37905883789062,99136600,0.0,0.0,AAPL
2022-10-19 00:00:00-04:00,139.35303637893844,142.55926212019432,139.16616774549112,141.48724365234375,61758300,0.0,0.0,AAPL
2022-10-20 00:00:00-04:00,140.6611013003117,143.4837601022304,140.29719369702107,141.02499389648438,64522000,0.0,0.0,AAPL
2022-10-21 00:00:00-04:00,140.51359551029486,145.4114696146214,140.2972228386762,144.84103393554688,86548600,0.0,0.0,AAPL
2022-10-24 00:00:00-04:00,144.76231202642796,147.75216493318766,143.5919369881937,146.9850311279297,75981900,0.0,0.0,AAPL
2022-10-25 00:00:00-04:00,147.61445761698823,149.97488175167828,146.89650221681083,149.8273468017578,74732300,0.0,0.0,AAPL
2022-10-26 00:00:00-04:00,148.47018042152496,149.4831911382376,145.59832760509838,146.88673400878906,88194300,0.0,0.0,AAPL
2022-10-27 00:00:00-04:00,145.62782920100577,146.59166146526223,141.75281080290236,142.41175842285156,109180200,0.0,0.0,AAPL
2022-10-28 00:00:00-04:00,145.75564835945892,154.90226106166642,145.3819261249116,153.17129516601562,164762400,0.0,0.0,AAPL
2022-10-31 00:00:00-04:00,150.6338586024099,151.69604741946125,149.41430514421359,150.81088256835938,97943200,0.0,0.0,AAPL
2022-11-01 00:00:00-04:00,152.52216300052189,152.8860555392552,146.6703033559686,148.16522216796875,80379300,0.0,0.0,AAPL
2022-11-02 00:00:00-04:00,146.49329861316923,149.66019092618583,142.60845071578376,142.63795471191406,93604600,0.0,0.0,AAPL
2022-11-03 00:00:00-04:00,139.71694502591794,140.444745311601,136.46154058499346,136.5894012451172,97918500,0.0,0.0,AAPL
2022-11-04 00:00:00-04:00,139.97826383175124,140.54964571240953,132.38285778027205,136.3234100341797,140814800,0.23,0.0,AAPL
2022-11-07 00:00:00-05:00,135.07226465763827,137.08193945756335,133.6536636073325,136.85536193847656,83374600,0.0,0.0,AAPL
2022-11-08 00:00:00-05:00,138.32323704462326,139.32806703138522,135.44663574586633,137.4267578125,89908500,0.0,0.0,AAPL
2022-11-09 00:00:00-05:00,136.44161049413725,136.49087039963513,132.58971737719733,132.8655548095703,74917800,0.0,0.0,AAPL
2022-11-10 00:00:00-05:00,139.14090816003963,144.68722534179688,137.42676248525757,144.68722534179688,118854000,0.0,0.0,AAPL
2022-11-11 00:00:00-05:00,143.6528333928847,147.7805490726991,142.2243712372686,147.47515869140625,93979700,0.0,0.0,AAPL
2022-11-14 00:00:00-05:00,146.75602639191197,148.04655491917902,145.23890527483894,146.07627868652344,73374100,0.0,0.0,AAPL
2022-11-15 00:00:00-05:00,149.95772858664796,151.3073630256227,146.3521193934581,147.81011962890625,89868300,0.0,0.0,AAPL
2022-11-16 00:00:00-05:00,146.91360206864496,147.64259440598903,145.1009371275507,146.57864379882812,64218300,0.0,0.0,AAPL
2022-11-17 00:00:00-05:00,144.25374542723313,149.22869517163417,143.9779079987764,148.47999572753906,80389400,0.0,0.0,AAPL
2022-11-18 00:00:00-05:00,150.0463641188946,150.4305673318375,147.74114484123723,149.04151916503906,74829600,0.0,0.0,AAPL
2022-11-21 00:00:00-05:00,147.928327968664,148.1351985339266,145.52458880647748,145.81027221679688,58724100,0.0,0.0,AAPL
2022-11-22 00:00:00-05:00,145.92847743972578,148.18443654711209,144.74629997055138,147.947998046875,51804100,0.0,0.0,AAPL
2022-11-23 00:00:00-05:00,147.22884977452136,149.57348268525726,147.12048400893244,148.8247833251953,58301400,0.0,0.0,AAPL
2022-11-25 00:00:00-05:00,146.10580754336945,146.66734339247978,144.9334909730617,145.90878295898438,35195900,0.0,0.0,AAPL
2022-11-28 00:00:00-05:00,142.98293960504637,144.4606467175549,141.24910200456142,142.0766143798828,69246000,0.0,0.0,AAPL
2022-11-29 00:00:00-05:00,142.14554009146167,142.6578160052338,138.26410941652946,139.07191467285156,83763800,0.0,0.0,AAPL
2022-11-30 00:00:00-05:00,139.29850181511986,146.50971891238402,138.4611435666205,145.82997131347656,111380900,0.0,0.0,AAPL
2022-12-01 00:00:00-05:00,146.00733016626612,146.91365545012422,144.43110313137328,146.1058349609375,71250400,0.0,0.0,AAPL
2022-12-02 00:00:00-05:00,143.79076945238455,145.8004446428343,143.48536400225353,145.61326599121094,65447400,0.0,0.0,AAPL
2022-12-05 00:00:00-05:00,145.5738317516645,148.67701012513257,143.60355595085647,144.45077514648438,68826400,0.0,0.0,AAPL
2022-12-06 00:00:00-05:00,144.88426506871545,145.11084261882044,139.81079492252832,140.7860870361328,64727200,0.0,0.0,AAPL
2022-12-07 00:00:00-05:00,140.07675927915528,141.23921477643742,137.91930489039092,138.8453369140625,69721100,0.0,0.0,AAPL
2022-12-08 00:00:00-05:00,140.24422386630843,141.38698737134578,139.00295559622268,140.5299072265625,62128300,0.0,0.0,AAPL
2022-12-09 00:00:00-05:00,140.22452830407295,143.40653461732074,138.80592729031733,140.04721069335938,76097000,0.0,0.0,AAPL
2022-12-12 00:00:00-05:00,140.57920002207968,142.35245156002605,138.96357418350942,142.3426055908203,70462700,0.0,0.0,AAPL
2022-12-13 00:00:00-05:00,147.2781498799709,147.7411660018872,142.09632874722436,143.30804443359375,93886200,0.0,0.0,AAPL
2022-12-14 00:00:00-05:00,143.1898139764628,144.48034234830936,139.06208336103646,141.0816192626953,82291200,0.0,0.0,AAPL
2022-12-15 00:00:00-05:00,139.01281523751095,139.69256282085553,134.00831270124763,134.47132873535156,98931900,0.0,0.0,AAPL
2022-12-16 00:00:00-05:00,134.65853424660116,135.60425843945495,131.7425187492694,132.51092529296875,160156900,0.0,0.0,AAPL
2022-12-19 00:00:00-05:00,133.10199344508453,133.1906522558453,129.36832710470327,130.4027099609375,79592600,0.0,0.0,AAPL
2022-12-20 00:00:00-05:00,129.43729149310985,131.26964891983806,127.95958437581338,130.33377075195312,77432800,0.0,0.0,AAPL
2022-12-21 00:00:00-05:00,131.0036134680718,134.77669284525507,130.7770359950843,133.43690490722656,85928000,0.0,0.0,AAPL
2022-12-22 00:00:00-05:00,132.35327292045574,132.56014344596582,128.36346171921937,130.2647705078125,77852100,0.0,0.0,AAPL
2022-12-23 00:00:00-05:00,128.97428208438834,130.45198927834147,127.71330648144284,129.9003143310547,63814900,0.0,0.0,AAPL
2022-12-27 00:00:00-05:00,129.42743066905106,129.45698360544398,126.80696007412172,128.0974884033203,69007800,0.0,0.0,AAPL
2022-12-28 00:00:00-05:00,127.74283419111387,129.08262238361158,123.99931454878694,124.16678619384766,85438400,0.0,0.0,AAPL
2022-12-29 00:00:00-05:00,126.08780488461109,128.54079629058208,125.83167442757419,127.68373107910156,75703700,0.0,0.0,AAPL
2022-12-30 00:00:00-05:00,126.50155605068613,128.01866173908738,125.53611764206177,127.99895477294922,77034200,0.0,0.0,AAPL
2023-01-03 00:00:00-05:00,128.34377240566315,128.9545531314731,122.32457886036785,123.2112045288086,112117500,0.0,0.0,AAPL
2023-01-04 00:00:00-05:00,125.00415469022626,126.74785308207225,123.22105739420844,124.4820327758789,89113600,0.0,0.0,AAPL
2023-01-05 00:00:00-05:00,125.24060645032876,125.87109424564927,122.90583391691001,123.1619644165039,80962700,0.0,0.0,AAPL
2023-01-06 00:00:00-05:00,124.13723942127505,128.35362127262974,123.03388217385093,127.6935806274414,87754700,0.0,0.0,AAPL
2023-01-09 00:00:00-05:00,128.530949601707,131.4272575812406,127.95956778658704,128.2156982421875,70790800,0.0,0.0,AAPL
2023-01-10 00:00:00-05:00,128.3240324145879,129.30917012244996,126.21583832104345,128.78704833984375,63896200,0.0,0.0,AAPL
2023-01-11 00:00:00-05:00,129.29934353146365,131.52574967331964,128.52109123972087,131.5060577392578,69458900,0.0,0.0,AAPL
2023-01-12 00:00:00-05:00,131.8902467800209,132.26458890325407,129.48650826490348,131.42723083496094,71379600,0.0,0.0,AAPL
2023-01-13 00:00:00-05:00,130.0677495016975,132.9147972949888,129.70325330640753,132.75717163085938,57809700,0.0,0.0,AAPL
2023-01-17 00:00:00-05:00,132.82615869144374,135.24958975985854,132.1365650960417,133.91966247558594,63646600,0.0,0.0,AAPL
2023-01-18 00:00:00-05:00,134.78658853017248,136.5499789381121,133.02318309021993,133.2005157470703,69672800,0.0,0.0,AAPL
2023-01-19 00:00:00-05:00,132.08732673527206,134.22507474572916,131.7819363097804,133.2596435546875,58280400,0.0,0.0,AAPL
2023-01-20 00:00:00-05:00,133.26946486486585,135.9687483442848,132.22522101014553,135.8209686279297,80223600,0.0,0.0,AAPL
2023-01-23 00:00:00-05:00,136.06724948686616,141.18997887668803,135.85051793428082,139.0128173828125,81760300,0.0,0.0,AAPL
2023-01-24 00:00:00-05:00,138.22472018745663,141.03236969957698,138.21487421828232,140.41172790527344,66435100,0.0,0.0,AAPL
2023-01-25 00:00:00-05:00,138.7960933961296,140.31319931491353,136.74700453490559,139.75167846679688,65799300,0.0,0.0,AAPL
2023-01-26 00:00:00-05:00,141.04218251884544,142.10613318815084,139.79105325512376,141.82044982910156,54105100,0.0,0.0,AAPL
2023-01-27 00:00:00-05:00,141.03236318771044,145.04186713056833,140.95355034191297,143.7611846923828,70555800,0.0,0.0,AAPL
2023-01-30 00:00:00-05:00,142.80558684927905,143.38681456291806,140.7269454208997,140.8747100830078,64015300,0.0,0.0,AAPL
2023-01-31 00:00:00-05:00,140.57920288721874,142.19482875871702,140.1654466919342,142.14556884765625,65874500,0.0,0.0,AAPL
2023-02-01 00:00:00-05:00,141.83030751885846,144.43107102589934,139.2196980441436,143.2686004638672,77663600,0.0,0.0,AAPL
2023-02-02 00:00:00-05:00,146.68704352311798,148.93315698101298,145.96789698553212,148.57852172851562,118339000,0.0,0.0,AAPL
2023-02-03 00:00:00-05:00,145.82996797468513,155.04101372137666,145.6329433931969,152.2038116455078,154357300,0.0,0.0,AAPL
2023-02-06 00:00:00-05:00,150.3025182240104,150.82464018350336,148.5391127115985,149.47499084472656,69858300,0.0,0.0,AAPL
2023-02-07 00:00:00-05:00,148.40119485902974,152.92297488891165,148.40119485902974,152.35159301757812,83322600,0.0,0.0,AAPL
2023-02-08 00:00:00-05:00,151.5930321421785,152.28262569889247,148.9233016908853,149.6621551513672,64120100,0.0,0.0,AAPL
2023-02-09 00:00:00-05:00,151.49451696275133,152.0363458567265,148.18445275739066,148.6277618408203,56007100,0.0,0.0,AAPL
2023-02-10 00:00:00-05:00,147.46354505272012,149.31842209117474,147.226745512614,148.99282836914062,57450700,0.23,0.0,AAPL
2023-02-13 00:00:00-05:00,148.9336202674222,152.19940317198714,148.90402220916044,151.79489135742188,62199000,0.0,0.0,AAPL
2023-02-14 00:00:00-05:00,150.08798919443248,151.71595766811416,148.8448255867729,151.153564453125,61707600,0.0,0.0,AAPL
2023-02-15 00:00:00-05:00,151.06478017591323,153.4228543120151,150.83785669682248,153.255126953125,65573800,0.0,0.0,AAPL
2023-02-16 00:00:00-05:00,151.45941308943844,154.24175084931028,151.3015618059057,151.65675354003906,68167900,0.0,0.0,AAPL
2023-02-17 00:00:00-05:00,150.31494264074843,150.9562540378776,148.83497936586727,150.51226806640625,59144100,0.0,0.0,AAPL
2023-02-21 00:00:00-05:00,148.19362270368532,149.27893490600394,146.42754017987073,146.49659729003906,58867200,0.0,0.0,AAPL
2023-02-22 00:00:00-05:00,146.88139380804506,147.94696900428042,145.19424437189434,146.92086791992188,51011300,0.0,0.0,AAPL
2023-02-23 00:00:00-05:00,148.08511286734324,148.33177339849212,145.27319184522457,147.40432739257812,48394200,0.0,0.0,AAPL
2023-02-24 00:00:00-05:00,145.14489489054824,145.22382805152512,143.77346321036748,144.750244140625,55469600,0.0,0.0,AAPL
2023-02-27 00:00:00-05:00,145.736905394929,147.17739437262094,145.48036882399748,145.944091796875,44998500,0.0,0.0,AAPL
2023-02-28 00:00:00-05:00,145.085741426228,147.08862392793702,144.86867893348426,145.44093322753906,50547000,0.0,0.0,AAPL
2023-03-01 00:00:00-05:00,144.86865768902635,145.26330849706878,143.0729618860178,143.36895751953125,55479000,0.0,0.0,AAPL
2023-03-02 00:00:00-05:00,142.4513915466776,144.75026945161636,141.977792498003,143.96095275878906,52238100,0.0,0.0,AAPL
2023-03-03 00:00:00-05:00,146.06250758539213,149.09150642636217,145.36200004016092,149.0125732421875,70732300,0.0,0.0,AAPL
2023-03-06 00:00:00-05:00,151.7356723720831,154.21215352218627,151.41009374796985,151.775146484375,87558000,0.0,0.0,AAPL
2023-03-07 00:00:00-05:00,151.64685964722966,151.97245328646787,149.11119774886313,149.57492065429688,56182000,0.0,0.0,AAPL
2023-03-08 00:00:00-05:00,150.76879154793838,151.41997901042942,149.80188641133856,150.82798767089844,47204800,0.0,0.0,AAPL
2023-03-09 00:00:00-05:00,151.50875841619168,152.47566345847628,148.2232384177023,148.57843017578125,53833600,0.0,0.0,AAPL
2023-03-10 00:00:00-05:00,148.2035529702143,148.92379766523285,145.63827685635812,146.51638793945312,68572400,0.0,0.0,AAPL
2023-03-13 00:00:00-04:00,145.83559562377783,151.09440087745867,145.72706436882507,148.46006774902344,84457100,0.0,0.0,AAPL
2023-03-14 00:00:00-04:00,149.25921331444258,151.35088971565344,148.09498288130473,150.5517120361328,73695900,0.0,0.0,AAPL
2023-03-15 00:00:00-04:00,149.17042182051847,151.20290214198522,147.91738213550175,150.94638061523438,77167900,0.0,0.0,AAPL
2023-03-16 00:00:00-04:00,150.127461556798,154.3700254849667,149.6144034630521,153.76817321777344,76161100,0.0,0.0,AAPL
2023-03-17 00:00:00-04:00,153.99512561739482,154.64631312163698,152.21916653990084,152.92955017089844,98944600,0.0,0.0,AAPL
2023-03-20 00:00:00-04:00,152.99859207349292,155.7118577491849,152.0908681263484,155.29745483398438,73641400,0.0,0.0,AAPL
2023-03-21 00:00:00-04:00,155.21853377224946,157.2707359778321,154.44893912645242,157.15234375,73938300,0.0,0.0,AAPL
2023-03-22 00:00:00-04:00,157.17207516380427,159.97413485829682,155.7019731494937,155.72171020507812,75701800,0.0,0.0,AAPL
2023-03-23 00:00:00-04:00,156.70838216666218,159.3920501505052,155.57373460560854,156.80703735351562,67622100,0.0,0.0,AAPL
2023-03-24 00:00:00-04:00,156.73795839634036,158.1981844310787,155.74145533462084,158.10939025878906,59196500,0.0,0.0,AAPL
2023-03-27 00:00:00-04:00,157.8035399490982,158.62245469903792,155.76118357485748,156.16571044921875,52390300,0.0,0.0,AAPL
2023-03-28 00:00:00-04:00,155.85984584155918,156.3729039229444,153.8964227422894,155.5441131591797,45992200,0.0,0.0,AAPL
2023-03-29 00:00:00-04:00,157.241143834068,158.8987103608656,157.22142183199622,158.62245178222656,51305700,0.0,0.0,AAPL
2023-03-30 00:00:00-04:00,159.3722779761809,160.29972384705454,159.11575648092384,160.19119262695312,49501700,0.0,0.0,AAPL
2023-03-31 00:00:00-04:00,160.27017974202465,162.7959816546598,159.747260520501,162.6973114013672,68749800,0.0,0.0,AAPL
2023-04-03 00:00:00-04:00,162.07570339841976,164.06870961825848,162.02636828199599,163.9503173828125,56976200,0.0,0.0,AAPL
2023-04-04 00:00:00-04:00,164.37457023031905,164.6113546852389,162.90446816785285,163.4175262451172,46278300,0.0,0.0,AAPL
2023-04-05 00:00:00-04:00,162.53939919225064,162.84525578594236,159.63866946956193,161.57247924804688,51511700,0.0,0.0,AAPL
2023-04-06 00:00:00-04:00,160.26025717712315,162.75647535534287,159.83600833200663,162.46047973632812,45390100,0.0,0.0,AAPL
2023-04-10 00:00:00-04:00,159.26376357061562,159.86561584472656,157.94166678976978,159.86561584472656,47716900,0.0,0.0,AAPL
2023-04-11 00:00:00-04:00,160.1813212982619,160.19118229764916,158.3658887286299,158.6520233154297,47644200,0.0,0.0,AAPL
2023-04-12 00:00:00-04:00,159.0664295213536,159.8952052146149,157.64566258721274,157.96139526367188,50133100,0.0,0.0,AAPL
2023-04-13 00:00:00-04:00,159.47096870837692,163.58526449148977,159.26376724154565,163.3484649658203,68445600,0.0,0.0,AAPL
2023-04-14 00:00:00-04:00,162.39144539168964,164.09834733508953,161.6317416937249,163.003173828125,49386500,0.0,0.0,AAPL
2023-04-17 00:00:00-04:00,162.8847588763579,163.18075455042484,161.83892054229136,163.02288818359375,41516200,0.0,0.0,AAPL
2023-04-18 00:00:00-04:00,163.88125462301093,165.1737533320214,163.4372536454433,164.24630737304688,49923000,0.0,0.0,AAPL
2023-04-19 00:00:00-04:00,163.58526647837797,165.91374248336922,163.32872989204589,165.3908233642578,47720200,0.0,0.0,AAPL
2023-04-20 00:00:00-04:00,163.8713720291843,165.62759364761484,163.34845295487423,164.42388916015625,52456400,0.0,0.0,AAPL
2023-04-21 00:00:00-04:00,162.84527188495923,164.22656472043278,162.2927547507698,162.815673828125,58337300,0.0,0.0,AAPL
2023-04-24 00:00:00-04:00,162.79594256316088,163.38793383083043,161.70076925644653,163.1215362548828,41949600,0.0,0.0,AAPL
2023-04-25 00:00:00-04:00,162.98339679746925,164.08843103621228,161.5428928319972,161.58236694335938,48714100,0.0,0.0,AAPL
2023-04-26 00:00:00-04:00,160.88183289858796,163.07217921755856,160.6253114130636,161.57247924804688,45498800,0.0,0.0,AAPL
2023-04-27 00:00:00-04:00,162.98341161052969,166.3083906842776,162.98341161052969,166.160400390625,64902300,0.0,0.0,AAPL
2023-04-28 00:00:00-04:00,166.23934534853646,167.58117930762924,165.63749302008387,167.41343688964844,55275900,0.0,0.0,AAPL
2023-05-01 00:00:00-04:00,167.01878932487827,168.17315888477142,166.38733892318547,167.32464599609375,52472900,0.0,0.0,AAPL
2023-05-02 00:00:00-04:00,167.81794875664258,168.07448533412125,165.30200842691818,166.2886505126953,48425700,0.0,0.0,AAPL
2023-05-03 00:00:00-04:00,167.23583030731814,168.6368602354505,164.92709148440827,165.2132110595703,65136000,0.0,0.0,AAPL
2023-05-04 00:00:00-04:00,162.68742177323023,164.8086963510818,162.11516752574818,163.5753936767578,81235400,0.0,0.0,AAPL
2023-05-05 00:00:00-04:00,168.6960655683585,171.97172463520235,168.4790030974248,171.25148010253906,113453200,0.0,0.0,AAPL
2023-05-08 00:00:00-04:00,170.17603958076435,171.52774960942492,169.81098679048802,171.1824188232422,55962800,0.0,0.0,AAPL
2023-05-09 00:00:00-04:00,170.73844101187063,171.22188606967399,169.30781278853107,169.4755401611328,45326900,0.0,0.0,AAPL
2023-05-10 00:00:00-04:00,170.70881232248743,171.70531537679722,169.60376298512443,171.24159240722656,53724500,0.0,0.0,AAPL
2023-05-11 00:00:00-04:00,171.52774738748727,172.2578529585823,169.87018071223292,171.4290771484375,49514700,0.0,0.0,AAPL
2023-05-12 00:00:00-04:00,171.5377460938216,171.97247152405595,168.94917294661113,170.50035095214844,45533100,0.24,0.0,AAPL
2023-05-15 00:00:00-04:00,171.0832715155854,171.13267487374878,169.4135375098661,170.00634765625,37266700,0.0,0.0,AAPL
2023-05-16 00:00:00-04:00,169.92730529834625,171.0635071571624,169.73958158279842,170.00634765625,42110300,0.0,0.0,AAPL
2023-05-17 00:00:00-04:00,169.65066921503973,170.85602374756016,168.37613188825594,170.61891174316406,57951600,0.0,0.0,AAPL
2023-05-18 00:00:00-04:00,170.92519018134206,173.13833101906644,170.51022910097907,172.9506072998047,65496700,0.0,0.0,AAPL
2023-05-19 00:00:00-04:00,174.2745399441767,174.2745399441767,172.84193292592303,173.05929565429688,55809500,0.0,0.0,AAPL
2023-05-22 00:00:00-04:00,171.89341610998645,172.61467191708667,171.36977372037438,172.11077880859375,43570900,0.0,0.0,AAPL
2023-05-23 00:00:00-04:00,171.0536346915268,171.30063640969706,169.22581594675142,169.50245666503906,50747300,0.0,0.0,AAPL
2023-05-24 00:00:00-04:00,169.03807815911904,170.35212899950594,168.4749221279745,169.77908325195312,45143500,0.0,0.0,AAPL
2023-05-25 00:00:00-04:00,170.34225271987503,171.81437317497037,169.63088663153601,170.91529846191406,56058300,0.0,0.0,AAPL
2023-05-26 00:00:00-04:00,171.24135456411133,173.6619683326656,171.03386649216068,173.32603454589844,54835000,0.0,0.0,AAPL
2023-05-30 00:00:00-04:00,174.8376957969301,176.84334846181008,174.45237373510062,175.17361450195312,55964400,0.0,0.0,AAPL
2023-05-31 00:00:00-04:00,175.20324889662425,177.19902686801004,174.64007778024913,175.12420654296875,99625300,0.0,0.0,AAPL
2023-06-01 00:00:00-04:00,175.5687945017499,177.95976900098933,174.8080250915144,177.9301300048828,68901800,0.0,0.0,AAPL
2023-06-02 00:00:00-04:00,178.8588732872537,179.5998784017098,177.11009699591673,178.7798309326172,61996900,0.0,0.0,AAPL
2023-06-05 00:00:00-04:00,180.43969339813148,182.73186141970515,175.90473056039738,177.42626953125,121946500,0.0,0.0,AAPL
2023-06-06 00:00:00-04:00,177.81154853201986,177.95974349130938,175.30200333229928,177.0606689453125,64848400,0.0,0.0,AAPL
2023-06-07 00:00:00-04:00,176.29996795070792,179.03675150695423,175.1934049571889,175.68740844726562,61944600,0.0,0.0,AAPL
2023-06-08 00:00:00-04:00,175.76641213704826,178.67115468077665,175.3317017878174,178.40440368652344,50214900,0.0,0.0,AAPL
2023-06-09 00:00:00-04:00,179.3232203666376,180.04446105377914,178.46365934119785,178.78970336914062,48900000,0.0,0.0,AAPL
2023-06-12 00:00:00-04:00,179.09600328256303,181.68457636718009,178.79959821677159,181.5857696533203,54274900,0.0,0.0,AAPL
2023-06-13 00:00:00-04:00,180.60766365821948,181.94146392274692,180.25198057252106,181.11154174804688,54929100,0.0,0.0,AAPL
2023-06-14 00:00:00-04:00,181.17080494588566,182.1785761189824,179.8370047903456,181.7438507080078,57462900,0.0,0.0,AAPL
2023-06-15 00:00:00-04:00,181.7537423543279,184.28303741690132,181.57589328622848,183.77914428710938,65433200,0.0,0.0,AAPL
2023-06-16 00:00:00-04:00,184.49051471623886,184.7474061455162,182.0600263098281,182.7022247314453,101256200,0.0,0.0,AAPL
2023-06-20 00:00:00-04:00,182.19832743508823,183.8680612460024,182.19832743508823,182.79112243652344,49799100,0.0,0.0,AAPL
2023-06-21 00:00:00-04:00,182.6824521359612,183.1863452547994,180.40015882951445,181.7537384033203,49515700,0.0,0.0,AAPL
2023-06-22 00:00:00-04:00,181.5363515968208,184.8066512736315,181.46718389330616,184.7572479248047,51245300,0.0,0.0,AAPL
2023-06-23 00:00:00-04:00,183.3246636484937,185.31055187722217,182.79113153727351,184.44110107421875,53117000,0.0,0.0,AAPL
2023-06-26 00:00:00-04:00,184.58933834045672,185.79470801287036,183.00852120673045,183.0480499267578,48088700,0.0,0.0,AAPL
2023-06-27 00:00:00-04:00,183.66057729582204,186.13059421306954,183.44321460104132,185.80455017089844,50730800,0.0,0.0,AAPL
2023-06-28 00:00:00-04:00,185.67612459327006,187.62249934110088,185.350095591546,186.9803009033203,51216800,0.0,0.0,AAPL
2023-06-29 00:00:00-04:00,186.8123450566035,187.7904773075337,186.67402469467498,187.31622314453125,46347300,0.0,0.0,AAPL
2023-06-30 00:00:00-04:00,189.33174450555188,192.14755478947328,188.9661717445866,191.6436767578125,85213200,0.0,0.0,AAPL
2023-07-03 00:00:00-04:00,191.4559555638213,191.55476227365418,189.46017761633829,190.15179443359375,31458200,0.0,0.0,AAPL
2023-07-05 00:00:00-04:00,189.2724969662243,190.6655752957469,188.33387831143204,189.03536987304688,46920300,0.0,0.0,AAPL
2023-07-06 00:00:00-04:00,187.56320791106293,189.7170705815605,186.9308841600135,189.50958251953125,45094300,0.0,0.0,AAPL
2023-07-07 00:00:00-04:00,189.11439856972888,190.3592817984136,187.9584323411384,188.3931427001953,46815000,0.0,0.0,AAPL
2023-07-10 00:00:00-04:00,186.9901751208951,187.71143099184326,184.79679865953796,186.3479766845703,59922200,0.0,0.0,AAPL
2023-07-11 00:00:00-04:00,186.8913900886379,187.02971045254367,184.36209481962464,185.8243408203125,46638100,0.0,0.0,AAPL
2023-07-12 00:00:00-04:00,187.40510175376477,189.40087948911426,186.20962210110736,187.49403381347656,60750200,0.0,0.0,AAPL
2023-07-13 00:00:00-04:00,188.2153081360164,188.897035286273,187.5039419858172,188.25482177734375,41342300,0.0,0.0,AAPL
2023-07-14 00:00:00-04:00,187.948525384943,188.88712881002033,187.35573036289856,188.40301513671875,41616200,0.0,0.0,AAPL
2023-07-17 00:00:00-04:00,189.59849130268125,191.9894809296959,189.50957431242833,191.66343688964844,50520200,0.0,0.0,AAPL
2023-07-18 00:00:00-04:00,191.03110761046918,191.9993499863452,190.11225351055063,191.4065399169922,48288200,0.0,0.0,AAPL
2023-07-19 00:00:00-04:00,190.7841182449009,195.85258285437448,190.3395031262878,192.7601318359375,80507300,0.0,0.0,AAPL
2023-07-20 00:00:00-04:00,192.7502360363635,194.1136901954007,190.19130213491889,190.81375122070312,59581200,0.0,0.0,AAPL
2023-07-21 00:00:00-04:00,191.77212935032986,192.63169045749675,188.93653953192955,189.63803100585938,71951700,0.0,0.0,AAPL
2023-07-24 00:00:00-04:00,191.09039681521514,192.57240699977407,189.94430532096735,190.4383087158203,45377800,0.0,0.0,AAPL
2023-07-25 00:00:00-04:00,191.01135149007996,192.1080396126164,190.6062650944163,191.29786682128906,37283200,0.0,0.0,AAPL
2023-07-26 00:00:00-04:00,191.34729559890386,193.2936704090035,191.00150222741644,192.16734313964844,47471900,0.0,0.0,AAPL
2023-07-27 00:00:00-04:00,193.66910156142774,194.83494237556206,190.24071668140024,190.90267944335938,47460200,0.0,0.0,AAPL
2023-07-28 00:00:00-04:00,192.33527753863382,194.2717774555962,191.81163515269853,193.4813690185547,48291400,0.0,0.0,AAPL
2023-07-31 00:00:00-04:00,193.70859582748605,194.1334465580661,192.91818743340556,194.0939178466797,38824100,0.0,0.0,AAPL
2023-08-01 00:00:00-04:00,193.88645666636083,194.37057034188453,192.93796352063418,193.26400756835938,35175100,0.0,0.0,AAPL
2023-08-02 00:00:00-04:00,192.70081265221705,192.83913298181474,189.54908406525655,190.27032470703125,50389300,0.0,0.0,AAPL
2023-08-03 00:00:00-04:00,189.2724853572926,190.06287880115997,188.40303447809214,188.8772735595703,61235200,0.0,0.0,AAPL
2023-08-04 00:00:00-04:00,183.295020485719,185.13271368389906,179.73819007769725,179.80735778808594,115956800,0.0,0.0,AAPL
2023-08-07 00:00:00-04:00,179.9456936325003,180.93370048918646,175.2230220636036,176.7050323486328,97576100,0.0,0.0,AAPL
2023-08-08 00:00:00-04:00,177.53496487660905,178.10801069610721,175.45026968400623,177.64364624023438,67823000,0.0,0.0,AAPL
2023-08-09 00:00:00-04:00,178.7008146829172,178.76009268860713,174.88710720037176,176.05296325683594,60378500,0.0,0.0,AAPL
2023-08-10 00:00:00-04:00,177.3274561288203,178.58222898523437,175.47001359754938,175.8355712890625,54686900,0.0,0.0,AAPL
2023-08-11 00:00:00-04:00,175.4299516016464,176.71608281179377,174.6681548123879,175.89492797851562,52036700,0.24,0.0,AAPL
2023-08-14 00:00:00-04:00,176.07304120627697,177.77470914879805,175.4200724407671,177.5471649169922,43675600,0.0,0.0,AAPL
2023-08-15 00:00:00-04:00,176.9733287591711,177.56692432110017,175.1628328578025,175.55856323242188,43622600,0.0,0.0,AAPL
2023-08-16 00:00:00-04:00,175.24197103328896,176.6369303294026,174.61868139075943,174.6879425048828,46964900,0.0,0.0,AAPL
2023-08-17 00:00:00-04:00,175.25187020963352,175.6179215615527,171.6308784010705,172.1453399658203,66062900,0.0,0.0,AAPL
2023-08-18 00:00:00-04:00,170.46346761685473,173.23362560342792,170.12709527960956,172.630126953125,61172200,0.0,0.0,AAPL
2023-08-21 00:00:00-04:00,173.20396220304474,174.25266140560993,171.88813666332587,173.9657440185547,46311900,0.0,0.0,AAPL
2023-08-22 00:00:00-04:00,175.17269520823896,175.7860817280131,174.37133150436787,175.34088134765625,42038900,0.0,0.0,AAPL
2023-08-23 00:00:00-04:00,176.61717535249278,179.61487764306722,176.4291981302873,179.189453125,52722800,0.0,0.0,AAPL
2023-08-24 00:00:00-04:00,178.74425133745834,179.16967585239115,174.13391827576947,174.49998474121094,54945800,0.0,0.0,AAPL
2023-08-25 00:00:00-04:00,175.4893219988908,177.2404448053197,173.9459523611551,176.70620727539062,51449600,0.0,0.0,AAPL
2023-08-28 00:00:00-04:00,178.17042326142217,178.66509377862053,176.6468447107556,178.2693634033203,43820700,0.0,0.0,AAPL
2023-08-29 00:00:00-04:00,177.78457014737916,182.9291401969668,177.58670497165372,182.15745544433594,53003900,0.0,0.0,AAPL
2023-08-30 00:00:00-04:00,182.9687355268348,185.84772159478027,182.77087033679462,185.64984130859375,60813900,0.0,0.0,AAPL
2023-08-31 00:00:00-04:00,185.8377983965077,187.10415359099386,185.48163505454943,185.8674774169922,60794500,0.0,0.0,AAPL
2023-09-01 00:00:00-04:00,187.47021551879786,187.8956248663274,186.27310636870047,187.44053649902344,45766500,0.0,0.0,AAPL
2023-09-05 00:00:00-04:00,186.27313129788112,187.9550080601447,185.6102746073009,187.67799377441406,45280000,0.0,0.0,AAPL
2023-09-06 00:00:00-04:00,186.39182984634905,186.83704535292617,179.5357042757167,180.96035766601562,81755800,0.0,0.0,AAPL
2023-09-07 00:00:00-04:00,173.312752460059,176.31046963604499,171.69023379276553,175.66738891601562,112488800,0.0,0.0,AAPL
2023-09-08 00:00:00-04:00,176.44896296342043,178.31881673909905,175.89491935539235,176.28076171875,65551300,0.0,0.0,AAPL
2023-09-11 00:00:00-04:00,178.15065045906456,178.3781946740771,175.44973851819339,177.44821166992188,58953100,0.0,0.0,AAPL
2023-09-12 00:00:00-04:00,177.57682236385347,178.2100000030001,172.95660168355545,174.4208221435547,90370200,0.0,0.0,AAPL
2023-09-13 00:00:00-04:00,174.62857587906927,175.4101637291933,172.12554433664133,172.3531036376953,84267900,0.0,0.0,AAPL
2023-09-14 00:00:00-04:00,172.14533201670497,174.22295413122683,171.72981061302968,173.86679077148438,60895800,0.0,0.0,AAPL
2023-09-15 00:00:00-04:00,174.59889423512476,174.61868528190746,171.967258666553,173.14456176757812,109259500,0.0,0.0,AAPL
2023-09-18 00:00:00-04:00,174.59888982853914,177.46798769380123,174.2921965438023,176.07301330566406,67257600,0.0,0.0,AAPL
2023-09-19 00:00:00-04:00,175.62783421196144,177.71534451200176,175.24199179139225,177.16131591796875,51826900,0.0,0.0,AAPL
2023-09-20 00:00:00-04:00,177.34928142287384,177.78459392537832,173.53042414564908,173.61947631835938,58436200,0.0,0.0,AAPL
2023-09-21 00:00:00-04:00,172.68948203416045,174.42082885900223,172.006834299268,172.07608032226562,63149100,0.0,0.0,AAPL
2023-09-22 00:00:00-04:00,172.80817906033587,175.19249433338604,172.19479251227028,172.92689514160156,56725400,0.0,0.0,AAPL
2023-09-25 00:00:00-04:00,172.3432048049037,175.08368369125543,172.29373473406022,174.2031707763672,46172700,0.0,0.0,AAPL
2023-09-26 00:00:00-04:00,172.95662192119033,173.33256128157663,169.8303003575296,170.12710571289062,64588900,0.0,0.0,AAPL
2023-09-27 00:00:00-04:00,170.7800628332761,171.19558430072632,167.24812281187548,168.6134033203125,66921800,0.0,0.0,AAPL
2023-09-28 00:00:00-04:00,167.53500431517824,170.19633406818943,165.83333655703308,168.87062072753906,56294400,0.0,0.0,AAPL
2023-09-29 00:00:00-04:00,170.18644988639232,171.2252609973693,168.5243490895999,169.3850860595703,51861100,0.0,0.0,AAPL
2023-10-02 00:00:00-04:00,169.39494849088058,172.44212024536975,169.108031178775,171.89797973632812,52164500,0.0,0.0,AAPL
2023-10-03 00:00:00-04:00,170.42388604353025,171.77929356494764,168.9992475938596,170.56239318847656,49594600,0.0,0.0,AAPL
2023-10-04 00:00:00-04:00,169.26636140324675,172.35311583182798,169.14764530465982,171.80897521972656,53020300,0.0,0.0,AAPL
2023-10-05 00:00:00-04:00,171.93758200671277,173.5798918450903,170.83941278902026,173.045654296875,48527900,0.0,0.0,AAPL
2023-10-06 00:00:00-04:00,171.94748866333921,176.09283034712797,171.33408690716874,175.59815979003906,57266700,0.0,0.0,AAPL
2023-10-09 00:00:00-04:00,174.9253820623563,177.1415113656987,173.92615307401468,177.0821533203125,42390800,0.0,0.0,AAPL
2023-10-10 00:00:00-04:00,176.20162316730602,177.80435062036204,176.05321297222847,176.488525390625,43698000,0.0,0.0,AAPL
2023-10-11 00:00:00-04:00,176.30057789253502,177.9329997364432,175.7069823006886,177.88352966308594,47551100,0.0,0.0,AAPL
2023-10-12 00:00:00-04:00,178.1506510638416,180.39644439001881,177.13161588848607,178.78382873535156,56743100,0.0,0.0,AAPL
2023-10-13 00:00:00-04:00,179.48624788964275,179.9908063804386,176.24121051823693,176.9436492919922,51427100,0.0,0.0,AAPL
2023-10-16 00:00:00-04:00,174.86602989056055,177.17119633941073,174.6285826048942,176.81503295898438,52517000,0.0,0.0,AAPL
2023-10-17 00:00:00-04:00,174.76709399132676,176.51823191229096,172.93682206936518,175.2617645263672,57549400,0.0,0.0,AAPL
2023-10-18 00:00:00-04:00,173.70852075442576,175.68720305244247,173.2435292067,173.9657440185547,54764400,0.0,0.0,AAPL
2023-10-19 00:00:00-04:00,174.16357191493293,175.94438862084118,173.3226411761323,173.5897674560547,59302900,0.0,0.0,AAPL
2023-10-20 00:00:00-04:00,173.44138408316581,173.55021220691836,170.79984518424126,171.03729248046875,64244000,0.0,0.0,AAPL
2023-10-23 00:00:00-04:00,169.08825648819888,172.15520421409377,168.11869153900426,171.15597534179688,55980100,0.0,0.0,AAPL
2023-10-24 00:00:00-04:00,171.20549664949476,171.8188833590379,169.62254470055612,171.59133911132812,43816600,0.0,0.0,AAPL
2023-10-25 00:00:00-04:00,170.04796051874604,171.21537582153513,168.83106004342108,169.27627563476562,57157000,0.0,0.0,AAPL
2023-10-26 00:00:00-04:00,168.55401686361284,169.55326090861308,163.90411730631092,165.11111450195312,70625300,0.0,0.0,AAPL
2023-10-27 00:00:00-04:00,165.13092178908886,167.1590740039346,165.05177269186868,166.4269561767578,58499100,0.0,0.0,AAPL
2023-10-30 00:00:00-04:00,167.21844688952604,169.34552434251515,167.07003665801523,168.4748992919922,51131000,0.0,0.0,AAPL
2023-10-31 00:00:00-04:00,167.54490564738762,169.07837213199355,166.1103491096919,168.94976806640625,44846000,0.0,0.0,AAPL
2023-11-01 00:00:00-04:00,169.1773325282788,172.37290013800276,168.30670750672277,172.1156768798828,56934900,0.0,0.0,AAPL
2023-11-02 00:00:00-04:00,173.64915484595178,175.88506030695757,173.58979679508,175.67730712890625,77334800,0.0,0.0,AAPL
2023-11-03 00:00:00-04:00,172.38278939451087,174.93529110628108,171.5022764668811,174.76708984375,79829200,0.0,0.0,AAPL
2023-11-06 00:00:00-05:00,174.49999736781203,177.51747580704054,174.33181118336782,177.31961059570312,63841300,0.0,0.0,AAPL
2023-11-07 00:00:00-05:00,177.2701137835187,180.495375116872,177.06236062659886,179.88198852539062,70530000,0.0,0.0,AAPL
2023-11-08 00:00:00-05:00,180.40635996961416,181.4946261481432,179.6544510539658,180.9405975341797,49340300,0.0,0.0,AAPL
2023-11-09 00:00:00-05:00,181.00983881988668,182.1574629246798,179.87208759448916,180.4656982421875,53763500,0.0,0.0,AAPL
2023-11-10 00:00:00-05:00,182.2488540012565,184.8245355233408,181.81296804065445,184.65611267089844,66133400,0.24,0.0,AAPL
2023-11-13 00:00:00-05:00,184.0815522328342,184.28957909475855,182.4866141219331,183.0710906982422,43627500,0.0,0.0,AAPL
2023-11-14 00:00:00-05:00,185.94396348691,186.35013134634684,184.55706727911962,185.6864013671875,60108400,0.0,0.0,AAPL
2023-11-15 00:00:00-05:00,186.09256123667055,187.72711849110286,186.02320887124122,186.2510528564453,53790500,0.0,0.0,AAPL
2023-11-16 00:00:00-05:00,187.7964452917508,189.1734402500684,186.88503924293582,187.9351348876953,54412900,0.0,0.0,AAPL
2023-11-17 00:00:00-05:00,188.47010270019993,188.5988913131576,186.80582731444395,187.91534423828125,50922700,0.0,0.0,AAPL
2023-11-20 00:00:00-05:00,188.11347160798348,190.1145776039652,188.10357060538217,189.65887451171875,46505100,0.0,0.0,AAPL
2023-11-21 00:00:00-05:00,189.6192457228965,189.72821721009598,187.96487141071046,188.8564453125,38134500,0.0,0.0,AAPL
2023-11-22 00:00:00-05:00,189.69852651247717,191.12504193836494,189.04469749475615,189.52020263671875,39617700,0.0,0.0,AAPL
2023-11-24 00:00:00-05:00,189.0843077535022,189.1140258787283,187.47946852715137,188.19273376464844,24048300,0.0,0.0,AAPL
2023-11-27 00:00:00-05:00,188.14317764380084,188.88616092409407,187.13271615011263,188.01438903808594,40552600,0.0,0.0,AAPL
2023-11-28 00:00:00-05:00,188.0044881862593,189.29232889633607,187.62803848681267,188.61868286132812,38415400,0.0,0.0,AAPL
2023-11-29 00:00:00-05:00,189.1140277612682,190.29289712708973,187.202091144525,187.5983428955078,43014200,0.0,0.0,AAPL
2023-11-30 00:00:00-05:00,188.06394110215783,188.53946132762457,186.42938378571617,188.17291259765625,48794400,0.0,0.0,AAPL
2023-12-01 00:00:00-05:00,188.54937654269267,189.76786509072264,187.45966150556924,189.45086669921875,45704800,0.0,0.0,AAPL
2023-12-04 00:00:00-05:00,188.2026180609542,188.27197042434886,185.69628894913777,187.6577606201172,43389500,0.0,0.0,AAPL
2023-12-05 00:00:00-05:00,188.43048297188668,192.58127042048946,188.40074973234698,191.61044311523438,66628400,0.0,0.0,AAPL
2023-12-06 00:00:00-05:00,192.6308143978356,192.93791176533594,190.3127099631217,190.520751953125,41089700,0.0,0.0,AAPL
2023-12-07 00:00:00-05:00,191.8184723448333,193.17565028147504,191.77883810543793,192.45248413085938,47477700,0.0,0.0,AAPL
2023-12-08 00:00:00-05:00,192.38314555463674,194.15640755182167,191.8581052152776,193.8790283203125,53406400,0.0,0.0,AAPL
2023-12-11 00:00:00-05:00,191.3033586686724,191.67980841318465,189.6291670567547,191.37269592285156,60943700,0.0,0.0,AAPL
2023-12-12 00:00:00-05:00,191.27362671385956,192.8982829604503,189.92634969600132,192.8883819580078,52696900,0.0,0.0,AAPL
2023-12-13 00:00:00-05:00,193.26479645974607,196.14757505430106,193.02705149757753,196.1079559326172,70404200,0.0,0.0,AAPL
2023-12-14 00:00:00-05:00,196.1673916599279,197.7524134956911,194.32479262777906,196.2565460205078,66831600,0.0,0.0,AAPL
2023-12-15 00:00:00-05:00,195.68199966761293,196.54385551373443,195.15695931123605,195.7216339111328,128538400,0.0,0.0,AAPL
2023-12-18 00:00:00-05:00,194.25545312358386,194.79040955452615,192.5713606983871,194.0573272705078,55751900,0.0,0.0,AAPL
2023-12-19 00:00:00-05:00,194.32481746504553,195.1074199235508,194.0573392330858,195.09751892089844,40714100,0.0,0.0,AAPL
2023-12-20 00:00:00-05:00,195.05788936850126,195.8305908429342,193.00726318359375,193.00726318359375,52242800,0.0,0.0,AAPL
2023-12-21 00:00:00-05:00,194.26535554386368,195.236182736706,191.68967428738756,192.85862731933594,46482500,0.0,0.0,AAPL
2023-12-22 00:00:00-05:00,193.35399290351117,193.5818520298925,191.16467694820312,191.78878784179688,37149600,0.0,0.0,AAPL
2023-12-26 00:00:00-05:00,191.7986702097743,192.0760494430794,191.02596875756228,191.24391174316406,28919300,0.0,0.0,AAPL
2023-12-27 00:00:00-05:00,190.68915794498034,191.6897034098951,189.3022466284661,191.3429718017578,48087700,0.0,0.0,AAPL
2023-12-28 00:00:00-05:00,192.32369457775746,192.83883387512188,191.3627683436117,191.76893615722656,34049900,0.0,0.0,AAPL
2023-12-29 00:00:00-05:00,192.08593771837442,192.58125990446206,189.9362412446781,190.728759765625,42672100,0.0,0.0,AAPL
2024-01-02 00:00:00-05:00,185.39909638597572,186.67703614744315,182.16960103197144,183.90322875976562,82488700,0.0,0.0,AAPL
2024-01-03 00:00:00-05:00,182.4964812232088,184.14095427252585,181.7138638166885,182.5261993408203,58414500,0.0,0.0,AAPL
2024-01-04 00:00:00-05:00,180.44587486910356,181.37708304150152,179.18776734055538,180.2081298828125,71983600,0.0,0.0,AAPL
2024-01-05 00:00:00-05:00,180.28737421180142,181.05015949262307,178.48439420396812,179.4849395751953,62379700,0.0,0.0,AAPL
2024-01-08 00:00:00-05:00,180.38643729162627,183.86360885082058,179.80196071659407,183.823974609375,59144500,0.0,0.0,AAPL
2024-01-09 00:00:00-05:00,182.19931060924736,183.41779895114087,181.0204413910758,183.40789794921875,42841800,0.0,0.0,AAPL
2024-01-10 00:00:00-05:00,182.62527725276104,184.65608591378964,182.19929235625014,184.44805908203125,46792900,0.0,0.0,AAPL
2024-01-11 00:00:00-05:00,184.7947925921475,185.3000308909078,181.90211286972462,183.8536834716797,49128400,0.0,0.0,AAPL
2024-01-12 00:00:00-05:00,184.31930790747037,184.99295400827782,183.45745205458948,184.1806182861328,40477800,0.0,0.0,AAPL
2024-01-16 00:00:00-05:00,180.4557997638508,182.53614407524432,179.2372961857114,181.91204833984375,65603000,0.0,0.0,AAPL
2024-01-17 00:00:00-05:00,179.5741044525339,181.21856257523459,178.61317822966134,180.9709014892578,47317400,0.0,0.0,AAPL
2024-01-18 00:00:00-05:00,184.34903461223058,187.37050341346043,184.09147247948349,186.8652801513672,78005800,0.0,0.0,AAPL
2024-01-19 00:00:00-05:00,187.5587047602819,190.15418823308323,187.0534815615711,189.76783752441406,68903000,0.0,0.0,AAPL
2024-01-22 00:00:00-05:00,190.50092877344645,193.50258021639056,190.46129453087994,192.0760498046875,60133900,0.0,0.0,AAPL
2024-01-23 00:00:00-05:00,193.19548176740474,193.91864797179585,192.01661247228014,193.35397338867188,42355600,0.0,0.0,AAPL
2024-01-24 00:00:00-05:00,193.59173469903226,194.54276001272405,192.52183688964197,192.6803436279297,53631300,0.0,0.0,AAPL
2024-01-25 00:00:00-05:00,193.39363441288603,194.4338142359283,191.30337376286192,192.35345458984375,54822100,0.0,0.0,AAPL
2024-01-26 00:00:00-05:00,192.4524795638358,192.9378856146602,190.14427644491346,190.61978149414062,44594000,0.0,0.0,AAPL
2024-01-29 00:00:00-05:00,190.213612724154,190.40183756577807,187.80635425336052,189.9362335205078,47145600,0.0,0.0,AAPL
2024-01-30 00:00:00-05:00,189.15363947733223,190.00559424490717,185.71610228505008,186.28076171875,55859400,0.0,0.0,AAPL
2024-01-31 00:00:00-05:00,185.29013601531707,185.34958738130655,182.6253150741395,182.67483520507812,55467800,0.0,0.0,AAPL
2024-02-01 00:00:00-05:00,182.2686867903897,185.2009860420896,182.10027903950464,185.11183166503906,64885400,0.0,0.0,AAPL
2024-02-02 00:00:00-05:00,178.1773164815156,185.5774319441079,177.57302274507782,184.1112823486328,102551700,0.0,0.0,AAPL
2024-02-05 00:00:00-05:00,186.38975267397447,187.47946764726828,184.1013663460926,185.9241485595703,69668800,0.0,0.0,AAPL
2024-02-06 00:00:00-05:00,185.1118168962398,187.53889270164484,185.02266252630227,187.52899169921875,43490800,0.0,0.0,AAPL
2024-02-07 00:00:00-05:00,188.85644306077413,189.26261088240534,186.84543618864265,187.63795471191406,53439000,0.0,0.0,AAPL
2024-02-08 00:00:00-05:00,187.61814818475136,187.7667388029894,185.5972401965417,186.55816650390625,40962000,0.0,0.0,AAPL
2024-02-09 00:00:00-05:00,187.12355136214254,188.45272038917548,186.47881682618166,187.3219451904297,45155200,0.24,0.0,AAPL
2024-02-12 00:00:00-05:00,186.8954092628083,187.14338640307878,185.27859346494134,185.63568115234375,41781900,0.0,0.0,AAPL
2024-02-13 00:00:00-05:00,184.26685928046126,184.70330147289806,182.02513622573113,183.54275512695312,56529500,0.0,0.0,AAPL
2024-02-14 00:00:00-05:00,183.82050423664703,184.02879656144881,180.9638026996327,182.6599578857422,54630500,0.0,0.0,AAPL
2024-02-15 00:00:00-05:00,182.06479474492625,182.99719108766072,179.8825992332856,182.37228393554688,65434500,0.0,0.0,AAPL
2024-02-16 00:00:00-05:00,181.9358425720657,183.3542794985624,180.20000281806102,180.83482360839844,49752500,0.0,0.0,AAPL
2024-02-20 00:00:00-05:00,180.31903131312703,180.95385211869663,178.543521838827,180.0908966064453,53665600,0.0,0.0,AAPL
2024-02-21 00:00:00-05:00,180.46785747722194,181.41016764298323,179.19821564929268,180.84478759765625,41371400,0.0,0.0,AAPL
2024-02-22 00:00:00-05:00,181.99536064224762,183.46339606563654,180.98362490692526,182.87815856933594,52292200,0.0,0.0,AAPL
2024-02-23 00:00:00-05:00,183.51297897874218,183.54273502175582,180.7554746671187,181.0431365966797,45119700,0.0,0.0,AAPL
2024-02-26 00:00:00-05:00,180.76543120985792,181.2812127915497,179.18828501122448,179.6941680908203,40867400,0.0,0.0,AAPL
2024-02-27 00:00:00-05:00,179.63461828889808,182.43179212202116,178.10707086865912,181.15223693847656,54318900,0.0,0.0,AAPL
2024-02-28 00:00:00-05:00,181.03323362922586,181.63829848228303,178.67250144683115,179.95205688476562,48953900,0.0,0.0,AAPL
2024-02-29 00:00:00-05:00,179.80325698202418,181.09274105155225,178.07733075339527,179.28746032714844,136682600,0.0,0.0,AAPL
2024-03-01 00:00:00-05:00,178.0971730296413,179.06923911535185,175.94473341504965,178.20628356933594,73563100,0.0,0.0,AAPL
2024-03-04 00:00:00-05:00,174.7246735635979,175.46860492728393,172.38376893378626,173.6831817626953,81510100,0.0,0.0,AAPL
2024-03-05 00:00:00-05:00,169.37829007310003,170.6479317427376,168.24751498810025,168.74346923828125,95132400,0.0,0.0,AAPL
2024-03-06 00:00:00-05:00,169.67586125903696,169.85441265484894,167.31511424596866,167.75155639648438,68587700,0.0,0.0,AAPL
2024-03-07 00:00:00-05:00,167.78131806385875,169.34853532264208,167.12666995146384,167.63253784179688,71765100,0.0,0.0,AAPL
2024-03-08 00:00:00-05:00,167.6325588229327,172.29452636668307,167.57304672665933,169.3485565185547,76267000,0.0,0.0,AAPL
2024-03-11 00:00:00-04:00,171.54065314121274,172.9690037589795,170.65785520874886,171.35218811035156,60139500,0.0,0.0,AAPL
2024-03-12 00:00:00-04:00,171.7489536078961,172.62183794587216,169.62626998762764,171.82830810546875,59825400,0.0,0.0,AAPL
2024-03-13 00:00:00-04:00,171.3720295685671,171.78862930722158,169.3782838692582,169.74530029296875,52488700,0.0,0.0,AAPL
2024-03-14 00:00:00-04:00,171.5108905650266,172.89955631533712,170.65784870831544,171.60015869140625,72913500,0.0,0.0,AAPL
2024-03-15 00:00:00-04:00,169.7849869531436,171.22325134277344,168.91210257419098,171.22325134277344,121752700,0.0,0.0,AAPL
2024-03-18 00:00:00-04:00,174.14939851903085,176.27208229753154,172.11598288120766,172.31436157226562,75604200,0.0,0.0,AAPL
2024-03-19 00:00:00-04:00,172.92933186407737,175.18096849600929,171.62993409357304,174.65525817871094,55215200,0.0,0.0,AAPL
2024-03-20 00:00:00-04:00,174.2981469011337,177.22427368164062,173.67323975994282,177.22427368164062,53423100,0.0,0.0,AAPL
2024-03-21 00:00:00-04:00,175.61740074055217,176.05384289670778,169.45764237357878,169.9833526611328,106181300,0.0,0.0,AAPL
2024-03-22 00:00:00-04:00,170.37018969692022,171.6497600715003,168.68394836122502,170.885986328125,71160100,0.0,0.0,AAPL
2024-03-25 00:00:00-04:00,169.1898419011277,170.54875171721093,168.078894077347,169.4675750732422,54288300,0.0,0.0,AAPL
2024-03-26 00:00:00-04:00,168.62443878704727,170.0329469889122,168.20783904863555,168.3367919921875,57388400,0.0,0.0,AAPL
2024-03-27 00:00:00-04:00,169.03112531152695,172.19531573949365,168.7335497446837,171.90765380859375,60273300,0.0,0.0,AAPL
2024-03-28 00:00:00-04:00,170.36028779920613,170.83639964948821,169.13031578937776,170.09246826171875,65672700,0.0,0.0,AAPL
2024-04-01 00:00:00-04:00,169.80483820681948,169.86435030206175,168.1086678157934,168.6542205810547,46240500,0.0,0.0,AAPL
2024-04-02 00:00:00-04:00,167.71187939021036,167.96977013364764,166.86875116942764,167.47381591796875,49329500,0.0,0.0,AAPL
2024-04-03 00:00:00-04:00,167.4242255584593,169.29893197888933,167.21593325359058,168.2772674560547,47691700,0.0,0.0,AAPL
2024-04-04 00:00:00-04:00,168.91210166538218,170.52891745806397,167.45401000976562,167.45401000976562,53704400,0.0,0.0,AAPL
2024-04-05 00:00:00-04:00,168.2177383421046,169.01126807227428,167.58291758503302,168.20782470703125,42104800,0.0,0.0,AAPL
2024-04-08 00:00:00-04:00,167.66231443659373,167.83093708737283,166.87871327881734,167.08700561523438,37425500,0.0,0.0,AAPL
2024-04-09 00:00:00-04:00,167.3349666518587,168.70380527202582,166.98780774616682,168.297119140625,42373800,0.0,0.0,AAPL
2024-04-10 00:00:00-04:00,167.4341446269544,167.7217914097351,165.7578169724605,166.42239379882812,49709300,0.0,0.0,AAPL
2024-04-11 00:00:00-04:00,166.97785862713312,174.04025682035402,166.79932237773104,173.62364196777344,91070300,0.0,0.0,AAPL
2024-04-12 00:00:00-04:00,172.8499658132502,176.91679662448954,172.80038249764078,175.12144470214844,101670900,0.0,0.0,AAPL
2024-04-15 00:00:00-04:00,173.94107267383276,175.20080068867838,171.10421379905583,171.2926788330078,73531800,0.0,0.0,AAPL
2024-04-16 00:00:00-04:00,170.36027866522625,172.354009228837,166.9084414489389,168.00946044921875,73711200,0.0,0.0,AAPL
2024-04-17 00:00:00-04:00,168.23761366668208,169.2691919230274,166.64064025878906,166.64064025878906,50901200,0.0,0.0,AAPL
2024-04-18 00:00:00-04:00,166.67034915031465,167.27541381405211,165.20232911554749,165.6883544921875,43122900,0.0,0.0,AAPL
2024-04-19 00:00:00-04:00,164.86511767231858,165.05356757276493,162.7523477339115,163.66490173339844,68149400,0.0,0.0,AAPL
2024-04-22 00:00:00-04:00,164.18068981978783,165.9066008250168,163.4367584871004,164.4980926513672,48116400,0.0,0.0,AAPL
2024-04-23 00:00:00-04:00,164.01206877643943,165.69831011966792,163.58554027123327,165.5495147705078,49537800,0.0,0.0,AAPL
2024-04-24 00:00:00-04:00,165.19244539313124,167.93012271313196,164.86512888648411,167.6523895263672,48251800,0.0,0.0,AAPL
2024-04-25 00:00:00-04:00,168.15826264272923,169.22952573993217,166.7894239404159,168.51535034179688,50558300,0.0,0.0,AAPL
2024-04-26 00:00:00-04:00,168.50540819041237,169.95358601606148,167.81106018420974,167.9300994873047,44838400,0.0,0.0,AAPL
2024-04-29 00:00:00-04:00,171.9671774185786,174.60565774723543,171.69937301226366,172.09613037109375,68169400,0.0,0.0,AAPL
2024-04-30 00:00:00-04:00,171.92750782528833,173.57407962239418,168.6244505944639,168.9517822265625,65934800,0.0,0.0,AAPL
2024-05-01 00:00:00-04:00,168.20783263565716,171.31251085120192,167.74163446478235,167.9300994873047,50383100,0.0,0.0,AAPL
2024-05-02 00:00:00-04:00,171.11414713776406,172.01678759624437,169.50726004906326,171.62994384765625,94214900,0.0,0.0,AAPL
2024-05-03 00:00:00-04:00,185.13972451400554,185.48689856009224,181.18201909229816,181.8961944580078,163224100,0.0,0.0,AAPL
2024-05-06 00:00:00-04:00,180.87450583987064,182.70952732957792,178.96011472526732,180.23968505859375,78569700,0.0,0.0,AAPL
2024-05-07 00:00:00-04:00,181.96562507289974,183.40388947971314,179.8528700999816,180.9241180419922,77305800,0.0,0.0,AAPL
2024-05-08 00:00:00-04:00,181.37049360808004,181.58871471095884,179.98181248654907,181.26138305664062,45057100,0.0,0.0,AAPL
2024-05-09 00:00:00-04:00,181.08280763590477,183.16582147443802,180.6364518520254,183.07655334472656,48983000,0.0,0.0,AAPL
2024-05-10 00:00:00-04:00,183.6526350835399,183.84135574437508,180.9013327671207,181.81512451171875,50759500,0.25,0.0,AAPL
2024-05-13 00:00:00-04:00,184.18900107058352,185.8378061410755,183.37452561798457,185.02333068847656,72044800,0.0,0.0,AAPL
2024-05-14 00:00:00-04:00,186.24503525163803,187.029714327999,185.0332642686859,186.1655731201172,52393600,0.0,0.0,AAPL
2024-05-15 00:00:00-04:00,186.64235255391958,189.3638586651008,186.1059869360216,188.4401397705078,70400000,0.0,0.0,AAPL
2024-05-16 00:00:00-04:00,189.18505039119887,189.81080512810087,188.38051724709635,188.55929565429688,52845200,0.0,0.0,AAPL
2024-05-17 00:00:00-04:00,188.23153932133224,189.52277241007562,187.90376371878457,188.589111328125,41282900,0.0,0.0,AAPL
2024-05-20 00:00:00-04:00,188.052749878466,190.62527366658756,187.73490137733788,189.75120544433594,44361300,0.0,0.0,AAPL
2024-05-21 00:00:00-04:00,189.80088903544183,191.42982486744873,189.63203768676544,191.05239868164062,42309400,0.0,0.0,AAPL
2024-05-22 00:00:00-04:00,190.97293553544338,191.51922822288097,188.9864276944718,189.61216735839844,34648500,0.0,0.0,AAPL
2024-05-23 00:00:00-04:00,189.69162509909052,189.7114944206788,185.370979738518,185.61929321289062,51005900,0.0,0.0,AAPL
2024-05-24 00:00:00-04:00,187.54618613194728,189.2943073297369,186.77143423967982,188.69834899902344,36327000,0.0,0.0,AAPL
2024-05-28 00:00:00-04:00,190.21806337750198,191.69801725699202,187.82433281517635,188.7083282470703,52280100,0.0,0.0,AAPL
2024-05-29 00:00:00-04:00,188.33086600869876,190.95305560689752,188.2315345598267,189.0062713623047,53068000,0.0,0.0,AAPL
2024-05-30 00:00:00-04:00,189.47310363654154,190.88352231957748,189.34399093884022,189.99952697753906,49889100,0.0,0.0,AAPL
2024-05-31 00:00:00-04:00,190.1485307236603,191.2709124904654,188.62885345568,190.95306396484375,75158300,0.0,0.0,AAPL
2024-06-03 00:00:00-04:00,191.5986571441052,193.67456916074488,191.22123099586668,192.72103881835938,50080500,0.0,0.0,AAPL
2024-06-04 00:00:00-04:00,193.32693160548868,194.0023521144802,191.72779227719917,193.0388946533203,47471400,0.0,0.0,AAPL
2024-06-05 00:00:00-04:00,194.0818144537235,195.571695368637,193.55539107625557,194.54864501953125,54156800,0.0,0.0,AAPL
2024-06-06 00:00:00-04:00,194.36985841579607,195.17439165110096,192.86010824182844,193.1680145263672,41181800,0.0,0.0,AAPL
2024-06-07 00:00:00-04:00,193.33687329712626,195.61143330627965,192.83031924399432,195.561767578125,53103900,0.0,0.0,AAPL
2024-06-10 00:00:00-04:00,195.5716673445734,195.96897795846326,190.8537117900643,191.81716918945312,97010200,0.0,0.0,AAPL
2024-06-11 00:00:00-04:00,192.34361998807736,205.76249045694837,192.32376582143226,205.75254821777344,172373300,0.0,0.0,AAPL
2024-06-12 00:00:00-04:00,205.97105482418652,218.7145040828182,205.50422428227435,211.6326141357422,198134300,0.0,0.0,AAPL
2024-06-13 00:00:00-04:00,213.29133517221976,215.28776993558532,210.17251871917932,212.79470825195312,97862700,0.0,0.0,AAPL
2024-06-14 00:00:00-04:00,212.40734441299963,213.71843162956222,209.874544034183,211.0565185546875,70122700,0.0,0.0,AAPL
2024-06-17 00:00:00-04:00,211.93058723086708,217.4729460060793,211.28497823555003,215.2083282470703,93728300,0.0,0.0,AAPL
2024-06-18 00:00:00-04:00,216.12210108008887,217.15509356895643,211.56306955662498,212.8443603515625,79943300,0.0,0.0,AAPL
2024-06-20 00:00:00-04:00,212.48680152632818,212.79472296910444,207.4410850045998,208.26547241210938,86172500,0.0,0.0,AAPL
2024-06-21 00:00:00-04:00,208.9706859649803,210.4605668046439,205.71281440805072,206.0902557373047,241805100,0.0,0.0,AAPL
2024-06-24 00:00:00-04:00,206.3186903055129,211.2650902197957,205.1963086085621,206.73585510253906,80727000,0.0,0.0,AAPL
2024-06-25 00:00:00-04:00,207.73905391104032,209.95402109263304,207.20270345608853,207.65960693359375,55549700,0.0,0.0,AAPL
2024-06-26 00:00:00-04:00,210.07320698316605,213.41054080672134,209.2190079939271,211.8114013671875,66213200,0.0,0.0,AAPL
2024-06-27 00:00:00-04:00,213.24168634094727,214.28460598729217,210.91747580739147,212.65567016601562,49772700,0.0,0.0,AAPL
2024-06-28 00:00:00-04:00,214.31440940079366,214.61238861747256,208.88130907255572,209.1991424560547,82542700,0.0,0.0,AAPL
2024-07-01 00:00:00-04:00,210.65921399467373,216.0426482623776,210.4903626519942,215.28778076171875,60402900,0.0,0.0,AAPL
2024-07-02 00:00:00-04:00,214.6918109818244,218.89328562800327,213.6489065767971,218.78402709960938,58046200,0.0,0.0,AAPL
2024-07-03 00:00:00-04:00,218.51582778223576,220.0553741455078,217.55237042000067,220.0553741455078,37369800,0.0,0.0,AAPL
2024-07-05 00:00:00-04:00,220.1547017635972,224.92232310094593,220.1547017635972,224.8130645751953,60412400,0.0,0.0,AAPL
2024-07-08 00:00:00-04:00,225.55802531049062,226.31290797690275,221.7439339584199,226.28311157226562,59085900,0.0,0.0,AAPL
2024-07-09 00:00:00-04:00,226.39235814584333,227.85244261706796,224.84288445944628,227.13729858398438,48076100,0.0,0.0,AAPL
2024-07-10 00:00:00-04:00,227.75311249906628,231.50761086701095,227.70344677503346,231.4082794189453,62627700,0.0,0.0,AAPL
2024-07-11 00:00:00-04:00,229.82901193417422,230.82226580227746,224.2469300453064,226.0347900390625,64710600,0.0,0.0,AAPL
2024-07-12 00:00:00-04:00,227.3756899381295,231.07059580434316,227.13730353661973,228.98475646972656,53046500,0.0,0.0,AAPL
2024-07-15 00:00:00-04:00,234.88468027763452,235.62962070976812,231.5175501306247,232.81871032714844,62631300,0.0,0.0,AAPL
2024-07-16 00:00:00-04:00,233.4146487749432,234.67608537579065,230.7626628820321,233.23587036132812,43234300,0.0,0.0,AAPL
2024-07-17 00:00:00-04:00,227.90209958898402,229.8985495862513,225.11105861290636,227.33595275878906,57345900,0.0,0.0,AAPL
2024-07-18 00:00:00-04:00,228.7265030667722,228.88542732552744,220.7705449165008,222.6676483154297,66034600,0.0,0.0,AAPL
2024-07-19 00:00:00-04:00,223.30335264411235,225.2699911539264,221.77373312637206,222.79678344726562,49151500,0.0,0.0,AAPL
2024-07-22 00:00:00-04:00,225.47858555528356,226.2433953805214,221.585031685846,222.4491729736328,48201800,0.0,0.0,AAPL
2024-07-23 00:00:00-04:00,222.8563682936816,225.40903804109774,221.17776681088287,223.49205017089844,39960300,0.0,0.0,AAPL
2024-07-24 00:00:00-04:00,222.48886176091068,223.28346786979841,215.66521268088363,217.06568908691406,61777600,0.0,0.0,AAPL
2024-07-25 00:00:00-04:00,217.45305415919788,219.36011485373604,213.17213256832727,216.0227813720703,51391200,0.0,0.0,AAPL
2024-07-26 00:00:00-04:00,217.22460688996878,218.00928589319247,214.55275169554088,216.48960876464844,41601300,0.0,0.0,AAPL
2024-07-29 00:00:00-04:00,215.49636696784094,217.82057739339885,214.2945231128628,216.76773071289062,36311800,0.0,0.0,AAPL
2024-07-30 00:00:00-04:00,217.71131248471113,218.84362126060284,214.66201590891492,217.32394409179688,41643800,0.0,0.0,AAPL
2024-07-31 00:00:00-04:00,219.9461205520653,222.3100694099872,219.14158741123643,220.58180236816406,50036300,0.0,0.0,AAPL
2024-08-01 00:00:00-04:00,222.85636745689294,222.96562598955987,215.5559605569344,216.8869171142578,62501000,0.0,0.0,AAPL
2024-08-02 00:00:00-04:00,217.6715836076827,224.0780833133434,216.24131073912352,218.37680053710938,105568600,0.0,0.0,AAPL
2024-08-05 00:00:00-04:00,197.74691336614487,212.0597055615941,194.6777624827749,207.85824584960938,119548600,0.0,0.0,AAPL
2024-08-06 00:00:00-04:00,203.91502798694503,208.5733911865651,199.7135682482994,205.83200073242188,69660500,0.0,0.0,AAPL
2024-08-07 00:00:00-04:00,205.50421123787663,212.1987475040528,204.9976572409954,208.40452575683594,63516400,0.0,0.0,AAPL
2024-08-08 00:00:00-04:00,211.67235443417223,212.75499762550604,207.42122864939222,211.87100219726562,47161100,0.0,0.0,AAPL
2024-08-09 00:00:00-04:00,210.66914912089348,215.317569896599,210.54002126961797,214.78121948242188,42201600,0.0,0.0,AAPL
2024-08-12 00:00:00-04:00,214.86078610016068,218.28152162650582,214.39341520959198,216.31260681152344,38028100,0.25,0.0,AAPL
2024-08-13 00:00:00-04:00,217.7843155173404,220.64820259017597,217.7843155173404,220.03167724609375,44155300,0.0,0.0,AAPL
2024-08-14 00:00:00-04:00,219.33561365974072,221.78183806687042,218.4704721927748,220.4791717529297,41960600,0.0,0.0,AAPL
2024-08-15 00:00:00-04:00,223.34303300242357,224.0888356302054,221.51331902381992,223.4623565673828,46414000,0.0,0.0,AAPL
2024-08-16 00:00:00-04:00,222.66684293368954,225.56056092969672,222.39834972442236,224.78492736816406,44340200,0.0,0.0,AAPL
2024-08-19 00:00:00-04:00,224.45676193958974,224.7252551363764,221.79175263729985,224.6258087158203,40687800,0.0,0.0,AAPL
2024-08-20 00:00:00-04:00,224.50649118022673,225.89865006504533,224.18827476461456,225.24234008789062,30299000,0.0,0.0,AAPL
2024-08-21 00:00:00-04:00,225.25230383574092,226.70412456960102,223.7905293550798,225.13296508789062,34765500,0.0,0.0,AAPL
2024-08-22 00:00:00-04:00,226.51517227009805,227.06209724349452,222.64694316501192,223.27342224121094,43695300,0.0,0.0,AAPL
2024-08-23 00:00:00-04:00,224.39712188969804,226.9427926991927,223.07456326985692,225.5705108642578,38677300,0.0,0.0,AAPL
2024-08-26 00:00:00-04:00,225.490936936756,226.00803101617393,222.6370036872603,225.90858459472656,30602200,0.0,0.0,AAPL
2024-08-27 00:00:00-04:00,224.73519205544582,227.569248113113,223.63140355832627,226.7538299560547,35934600,0.0,0.0,AAPL
2024-08-28 00:00:00-04:00,226.64446298605537,228.57360836626125,224.41699349604747,225.22247314453125,38052200,0.0,0.0,AAPL
2024-08-29 00:00:00-04:00,228.8122756660522,231.61648594304322,227.5991020536236,228.50399780273438,51906300,0.0,0.0,AAPL
2024-08-30 00:00:00-04:00,228.90175696593346,229.11057321557684,226.2069166530855,227.71841430664062,52990800,0.0,0.0,AAPL
2024-09-03 00:00:00-04:00,227.27093626472063,227.71841483123856,219.9322331496077,221.52328491210938,50190600,0.0,0.0,AAPL
2024-09-04 00:00:00-04:00,220.41947805942777,220.53880162102288,216.26286364094776,219.614013671875,43840200,0.0,0.0,AAPL
2024-09-05 00:00:00-04:00,220.38968006999326,224.2181249188319,220.28029506440387,221.13548278808594,36615400,0.0,0.0,AAPL
2024-09-06 00:00:00-04:00,222.69668624975694,223.97947540850993,218.5400864277892,219.58421325683594,48423000,0.0,0.0,AAPL
2024-09-09 00:00:00-04:00,219.58419811845144,220.03167667908036,215.49719894103853,219.67369079589844,67180000,0.0,0.0,AAPL
2024-09-10 00:00:00-04:00,217.69483113354613,220.2405018848782,215.517084853391,218.878173828125,51591000,0.0,0.0,AAPL
2024-09-11 00:00:00-04:00,220.22061344649163,221.8414808899648,216.670585544778,221.4138946533203,44587100,0.0,0.0,AAPL
2024-09-12 00:00:00-04:00,221.25479170284098,222.29891847364556,218.5897974500539,221.52328491210938,37455600,0.0,0.0,AAPL
2024-09-13 00:00:00-04:00,222.32874892129448,222.78616606005667,220.66809680320824,221.25479125976562,36766600,0.0,0.0,AAPL
2024-09-16 00:00:00-04:00,215.32814508742544,216.00434741371936,212.72281255665072,215.10939025878906,59357400,0.0,0.0,AAPL
2024-09-17 00:00:00-04:00,214.5425786319653,215.68613671290518,213.29957412077198,215.57675170898438,45519300,0.0,0.0,AAPL
2024-09-18 00:00:00-04:00,216.33249894497217,221.46362499015893,216.322545198334,219.45492553710938,59894900,0.0,0.0,AAPL
2024-09-19 00:00:00-04:00,223.7308512841788,228.53382206057998,223.37286541347208,227.58912658691406,66781300,0.0,0.0,AAPL
2024-09-20 00:00:00-04:00,228.68298057338347,231.78551472560144,226.34612621296694,226.92288208007812,318679900,0.0,0.0,AAPL
2024-09-23 00:00:00-04:00,226.06770192621624,228.16589404695566,224.54626569168985,225.20257568359375,54146000,0.0,0.0,AAPL
2024-09-24 00:00:00-04:00,227.37036953161189,228.06646416724695,224.4667129366972,226.0975341796875,43556100,0.0,0.0,AAPL
2024-09-25 00:00:00-04:00,223.67119056847437,226.0179836305296,222.76629484001745,225.10313415527344,42308700,0.0,0.0,AAPL
2024-09-26 00:00:00-04:00,226.02793410267134,227.22121534991766,224.14851196557498,226.2467041015625,36636700,0.0,0.0,AAPL
2024-09-27 00:00:00-04:00,227.1814462394898,228.23551159576573,226.0279344568732,226.5151824951172,34026000,0.0,0.0,AAPL
2024-09-30 00:00:00-04:00,228.75260351180964,231.696044921875,228.36478670449856,231.696044921875,54541900,0.0,0.0,AAPL
2024-10-01 00:00:00-04:00,228.2355040411627,228.36476618305377,222.4878528116685,224.94403076171875,63285000,0.0,0.0,AAPL
2024-10-02 00:00:00-04:00,224.62581519597003,226.09752818761766,221.771881889721,225.51083374023438,32880600,0.0,0.0,AAPL
2024-10-03 00:00:00-04:00,223.8800260213992,225.5406782135141,222.07021935855937,224.4070587158203,34044200,0.0,0.0,AAPL
2024-10-04 00:00:00-04:00,226.6245660168141,226.72401244250622,222.87567550784985,225.53073120117188,37245100,0.0,0.0,AAPL
2024-10-07 00:00:00-04:00,223.24361256318196,224.42695529805295,220.09135491038006,220.4493408203125,39505400,0.0,0.0,AAPL
2024-10-08 00:00:00-04:00,223.0447257693685,224.71531649859696,222.00059897690352,224.50650024414062,31855700,0.0,0.0,AAPL
2024-10-09 00:00:00-04:00,223.9694944669103,228.46420250356093,223.57173913909054,228.25537109375,33591100,0.0,0.0,AAPL
2024-10-10 00:00:00-04:00,226.50523572074002,228.21561101279016,225.89864895817115,227.7581787109375,28183500,0.0,0.0,AAPL
2024-10-11 00:00:00-04:00,228.0167412789572,228.12612627842185,226.0677036085129,226.2765350341797,31759200,0.0,0.0,AAPL
2024-10-14 00:00:00-04:00,227.4200987868959,230.43314046117197,227.32066753158787,230.00555419921875,39882100,0.0,0.0,AAPL
2024-10-15 00:00:00-04:00,232.30261271123658,236.16090332060597,231.0695468532438,232.54127502441406,64751400,0.0,0.0,AAPL
2024-10-16 00:00:00-04:00,230.30386376880503,230.8209426799016,228.55370384388218,230.48284912109375,34082200,0.0,0.0,AAPL
2024-10-17 00:00:00-04:00,232.12363500920497,232.54129789168553,229.22993194101554,230.85079956054688,32993800,0.0,0.0,AAPL
2024-10-18 00:00:00-04:00,234.8582339303053,234.8582339303053,232.70037994861724,233.68484497070312,46431500,0.0,0.0,AAPL
2024-10-21 00:00:00-04:00,233.13791711516282,235.52449481958178,233.13791711516282,235.15655517578125,36254500,0.0,0.0,AAPL
2024-10-22 00:00:00-04:00,232.58103244918055,234.8979944094582,231.29825861907142,234.54000854492188,38846600,0.0,0.0,AAPL
2024-10-23 00:00:00-04:00,232.7700095738542,233.8240750212742,226.48537118587697,229.4685821533203,52287000,0.0,0.0,AAPL
2024-10-24 00:00:00-04:00,228.69292294524882,229.52823345451665,227.131717270346,229.27963256835938,31109500,0.0,0.0,AAPL
2024-10-25 00:00:00-04:00,228.4542922398222,231.91481257552053,228.2852454458818,230.1149444580078,38802300,0.0,0.0,AAPL
2024-10-28 00:00:00-04:00,232.01424158684446,233.41633904858514,231.24854661133642,232.09378051757812,36087100,0.0,0.0,AAPL
2024-10-29 00:00:00-04:00,231.7954872619061,233.01859945208068,231.01985366097637,232.36228942871094,35417200,0.0,0.0,AAPL
2024-10-30 00:00:00-04:00,231.30821865562254,232.1634063461827,228.2653461113998,228.81227111816406,47070900,0.0,0.0,AAPL
2024-10-31 00:00:00-04:00,228.05651850818114,228.54378173572667,224.10873499320775,224.64572143554688,64370100,0.0,0.0,AAPL
2024-11-01 00:00:00-04:00,219.7333456007168,224.08883784550613,219.03726617591775,221.66249084472656,65276700,0.0,0.0,AAPL
2024-11-04 00:00:00-05:00,219.75323643771605,221.54315061130296,218.4804011628397,220.76751708984375,44944500,0.0,0.0,AAPL
2024-11-05 00:00:00-05:00,220.55871830266648,222.6966799421733,219.90240829460964,222.19947814941406,28111300,0.0,0.0,AAPL
2024-11-06 00:00:00-05:00,221.36415627152132,224.8047989417024,219.95210516998125,221.47354125976562,54561100,0.0,0.0,AAPL
2024-11-07 00:00:00-05:00,223.37286824297072,226.60467969295215,223.31320645932942,226.2069091796875,42137700,0.0,0.0,AAPL
2024-11-08 00:00:00-05:00,226.14720213057097,227.63049911588695,225.39062937562588,225.9381561279297,38328800,0.25,0.0,AAPL
2024-11-11 00:00:00-05:00,223.98695058099833,224.6837958336773,220.5027091275161,223.2204132080078,42005600,0.0,0.0,AAPL
2024-11-12 00:00:00-05:00,223.53897971785378,224.57429049467865,222.35433519325588,223.2204132080078,40398300,0.0,0.0,AAPL
2024-11-13 00:00:00-05:00,223.00141185159572,225.62952490733255,221.75703985190805,224.10641479492188,48566200,0.0,0.0,AAPL
2024-11-14 00:00:00-05:00,224.00686988588794,227.83952645793332,223.98695568104733,227.1924591064453,44923900,0.0,0.0,AAPL
2024-11-15 00:00:00-05:00,225.38064426033654,225.89830725108274,223.26024476090137,223.98695373535156,47923700,0.0,0.0,AAPL
2024-11-18 00:00:00-05:00,224.23582987715278,228.70561947942855,224.1561882479486,226.9933624267578,44633700,0.0,0.0,AAPL
2024-11-19 00:00:00-05:00,225.95804731142948,229.123737666772,225.63949596937007,227.252197265625,36211800,0.0,0.0,AAPL
2024-11-20 00:00:00-05:00,227.0331781982001,228.89475383274825,224.8729502483013,227.9689483642578,35169600,0.0,0.0,AAPL
2024-11-21 00:00:00-05:00,227.8494838511811,229.12371949855563,224.69375844400457,227.49110412597656,42108300,0.0,0.0,AAPL
2024-11-22 00:00:00-05:00,227.03318893672346,229.6812162999479,227.03318893672346,228.8350372314453,38168300,0.0,0.0,AAPL
2024-11-25 00:00:00-05:00,230.41787789282506,232.19981188776785,228.70562083004268,231.82151794433594,90152800,0.0,0.0,AAPL
2024-11-26 00:00:00-05:00,232.2794717613211,234.50939199708804,232.2794717613211,234.00167846679688,45986200,0.0,0.0,AAPL
2024-11-27 00:00:00-05:00,233.41431778082386,234.6288260383393,232.75728573526553,233.8722381591797,33498400,0.0,0.0,AAPL
2024-11-29 00:00:00-05:00,233.75280101667178,236.73929396987336,232.91658663539664,236.26145935058594,28481400,0.0,0.0,AAPL
2024-12-02 00:00:00-05:00,236.20171450499868,239.70585504150458,236.0922091638524,238.51126098632812,48137100,0.0,0.0,AAPL
2024-12-03 00:00:00-05:00,238.73027039850206,241.66698519896212,237.82436396202866,241.55747985839844,38861000,0.0,0.0,AAPL
2024-12-04 00:00:00-05:00,241.7765092325954,243.01093178619982,240.16380790150487,241.91587829589844,44383900,0.0,0.0,AAPL
2024-12-05 00:00:00-05:00,242.8914746561807,243.43898620611924,241.03984843814553,241.94573974609375,40033900,0.0,0.0,AAPL
2024-12-06 00:00:00-05:00,241.81631992920728,243.52857697582414,240.99005511798387,241.7466278076172,36870600,0.0,0.0,AAPL
2024-12-09 00:00:00-05:00,240.74119161135067,246.12683738886614,240.6615499788263,245.6390380859375,44649200,0.0,0.0,AAPL
2024-12-10 00:00:00-05:00,245.7783914922151,247.09245556004478,244.23536723926503,246.65443420410156,36914800,0.0,0.0,AAPL
2024-12-11 00:00:00-05:00,246.84360125039836,249.67081089954078,245.15124311202538,245.38021850585938,45205800,0.0,0.0,AAPL
2024-12-12 00:00:00-05:00,245.77839247075497,247.62006903646127,244.57383373711528,246.8435821533203,32777500,0.0,0.0,AAPL
2024-12-13 00:00:00-05:00,246.70423080565516,248.16759835190283,245.13134272203925,247.01283264160156,33155300,0.0,0.0,AAPL
2024-12-16 00:00:00-05:00,246.8734732550572,250.24820975700106,246.53499250196242,249.90972900390625,51694800,0.0,0.0,AAPL
2024-12-17 00:00:00-05:00,248.95404406138837,252.68716009783537,248.655391740455,252.33872985839844,51356400,0.0,0.0,AAPL
2024-12-18 00:00:00-05:00,251.02467749046986,253.13512753347695,246.62457993830327,246.9331817626953,56774100,0.0,0.0,AAPL
2024-12-19 00:00:00-05:00,246.3856613682502,250.86540066585474,245.97750369773615,248.66534423828125,60882300,0.0,0.0,AAPL
2024-12-20 00:00:00-05:00,246.92320588947405,253.8518755287198,244.58379575845774,253.34417724609375,147495300,0.0,0.0,AAPL
2024-12-23 00:00:00-05:00,253.62293295259332,254.49896052911285,252.30886880268173,254.1206817626953,40858800,0.0,0.0,AAPL
2024-12-24 00:00:00-05:00,254.3396705835317,257.0474099027653,254.14055892454206,257.0374755859375,23234700,0.0,0.0,AAPL
2024-12-26 00:00:00-05:00,257.02754060124687,258.9289447577566,256.4700643478404,257.8537902832031,27237100,0.0,0.0,AAPL
2024-12-27 00:00:00-05:00,256.66912911312295,257.53523753189216,251.92061656694878,254.43922424316406,42355300,0.0,0.0,AAPL
2024-12-30 00:00:00-05:00,251.09434735441482,252.35863351915538,249.6210152068174,251.06448364257812,35557500,0.0,0.0,AAPL
2024-12-31 00:00:00-05:00,251.30342042234355,252.1396347735265,248.30696287880588,249.29251098632812,39480700,0.0,0.0,AAPL
2025-01-02 00:00:00-05:00,247.80920478270548,247.97845273823052,240.73123158611202,242.75209045410156,55740700,0.0,0.0,AAPL
2025-01-03 00:00:00-05:00,242.26431274414062,243.080612931882,240.80092995907523,242.26431274414062,40244100,0.0,0.0,AAPL
2025-01-06 00:00:00-05:00,243.2100158477468,246.21642284830082,242.10501290585998,243.89691162109375,45045600,0.0,0.0,AAPL
2025-01-07 00:00:00-05:00,241.88599852058522,244.44443460073458,240.263347789176,241.11947631835938,40856000,0.0,0.0,AAPL
2025-01-08 00:00:00-05:00,240.83078235887348,242.61273160476242,238.9692066706783,241.60726928710938,37628900,0.0,0.0,AAPL
2025-01-10 00:00:00-05:00,238.9293760168756,239.0787097724967,231.95094323601768,235.7836151123047,61710900,0.0,0.0,AAPL
2025-01-13 00:00:00-05:00,232.47855694506205,233.61342361918983,228.68571346021633,233.34463500976562,49630700,0.0,0.0,AAPL
2025-01-14 00:00:00-05:00,233.69307331230715,235.05690023183175,231.42333988575893,232.2296905517578,39435300,0.0,0.0,AAPL
2025-01-15 00:00:00-05:00,233.5835582088168,237.88411516800545,233.3744970274307,236.79901123046875,39832000,0.0,0.0,AAPL
2025-01-16 00:00:00-05:00,236.28136958651152,236.9383864807084,227.0033243432251,227.23228454589844,71759100,0.0,0.0,AAPL
2025-01-17 00:00:00-05:00,231.07489856287185,231.24413133243607,227.4512878984511,228.9445343017578,68488300,0.0,0.0,AAPL
2025-01-21 00:00:00-05:00,222.9914505136237,223.40955766052627,218.39225670760806,221.6375732421875,98070400,0.0,0.0,AAPL
2025-01-22 00:00:00-05:00,218.80041619812283,223.1109227348787,218.80041619812283,222.82223510742188,64126500,0.0,0.0,AAPL
2025-01-23 00:00:00-05:00,223.72815445577547,226.0078374632505,221.29913768199057,222.65301513671875,60234800,0.0,0.0,AAPL
2025-01-24 00:00:00-05:00,223.76794215782238,224.614121166801,220.4131202139208,221.77694702148438,54697900,0.0,0.0,AAPL
2025-01-27 00:00:00-05:00,223.01138591977585,231.10477141655377,222.9715575076631,228.82508850097656,94863400,0.0,0.0,AAPL
2025-01-28 00:00:00-05:00,229.81063008981926,239.1085741517517,229.77080167884077,237.187255859375,75707600,0.0,0.0,AAPL
2025-01-29 00:00:00-05:00,233.06589003597526,238.78005164957875,232.9563846938824,238.2823028564453,45486100,0.0,0.0,AAPL
2025-01-30 00:00:00-05:00,237.59540286874542,239.70585285329432,236.14198492507634,236.520263671875,55658300,0.0,0.0,AAPL
2025-01-31 00:00:00-05:00,246.0770438113447,246.0770438113447,232.38895238779278,234.9374237060547,100959800,0.0,0.0,AAPL
2025-02-03 00:00:00-05:00,228.95449458875606,230.78620649590428,224.6838014511222,226.9833984375,73063300,0.0,0.0,AAPL
2025-02-04 00:00:00-05:00,226.2268166528706,232.08034706669682,225.62951205101965,231.7518310546875,45067300,0.0,0.0,AAPL
2025-02-05 00:00:00-05:00,227.50106167329415,231.62242106375825,227.24223776986636,231.42332458496094,39620300,0.0,0.0,AAPL
2025-02-06 00:00:00-05:00,230.24863411824003,232.74734282564026,229.39250557129796,232.16995239257812,29925300,0.0,0.0,AAPL
2025-02-07 00:00:00-05:00,231.5527419594936,232.94643248808816,226.23677336593994,226.60511779785156,39707200,0.0,0.0,AAPL
2025-02-10 00:00:00-05:00,228.7876615470872,229.80417456619486,226.42572786906877,226.8741912841797,33115600,0.25,0.0,AAPL
2025-02-11 00:00:00-05:00,227.42233485023965,234.42837673351212,227.3525813044295,231.8272705078125,53718400,0.0,0.0,AAPL
2025-02-12 00:00:00-05:00,230.41209906543347,236.15247950770552,229.89386689621963,236.06277465820312,45243300,0.0,0.0,AAPL
2025-02-13 00:00:00-05:00,236.10262821821914,241.5141157963719,234.76719850951847,240.70687866210938,53614100,0.0,0.0,AAPL
2025-02-14 00:00:00-05:00,240.427874198087,244.71322380546283,240.16876569412125,243.76646423339844,40896200,0.0,0.0,AAPL
2025-02-18 00:00:00-05:00,243.31796980618805,244.34445851454996,241.01584434943877,243.6368865966797,48822500,0.0,0.0,AAPL
2025-02-19 00:00:00-05:00,243.8262161273519,245.17160627919233,242.3313280430039,244.03549194335938,32204200,0.0,0.0,AAPL
2025-02-20 00:00:00-05:00,244.1052669318995,245.9389927126525,243.45747295470235,244.9922332763672,32316900,0.0,0.0,AAPL
2025-02-21 00:00:00-05:00,245.11182656230832,247.84249441981407,244.38431857946645,244.71319580078125,53197400,0.0,0.0,AAPL
2025-02-24 00:00:00-05:00,244.0953010258401,248.01191597096326,243.58704451830639,246.25791931152344,51326400,0.0,0.0,AAPL
2025-02-25 00:00:00-05:00,247.15485528022737,249.14803959700342,244.0753891604379,246.1981201171875,48013300,0.0,0.0,AAPL
2025-02-26 00:00:00-05:00,243.49736566903925,244.14514449402503,238.3150894487839,239.5408935546875,44433600,0.0,0.0,AAPL
2025-02-27 00:00:00-05:00,238.5941277716784,241.6337368385667,236.25213016109495,236.49131774902344,41153600,0.0,0.0,AAPL
2025-02-28 00:00:00-05:00,236.14250368420718,241.26498665715278,229.41550676334808,241.01583862304688,56833400,0.0,0.0,AAPL
2025-03-03 00:00:00-05:00,240.96600727263495,243.1983791446907,235.30537120652147,237.2188262939453,47184000,0.0,0.0,AAPL
2025-03-04 00:00:00-05:00,236.89992456399492,239.25188262538288,233.88023638606123,235.1259765625,53798100,0.0,0.0,AAPL
2025-03-05 00:00:00-05:00,234.61771347352882,235.7438674276595,228.44880585950324,234.93663024902344,47227600,0.0,0.0,AAPL
2025-03-06 00:00:00-05:00,233.64107919926062,237.0494227188423,232.36544239217005,234.52804565429688,45170400,0.0,0.0,AAPL
2025-03-07 00:00:00-05:00,234.30878315837532,240.54744460053885,233.95996981993864,238.2552947998047,46273600,0.0,0.0,AAPL
2025-03-10 00:00:00-04:00,234.73730306532093,235.35520052510583,223.45588808739058,226.70477294921875,72071200,0.0,0.0,AAPL
2025-03-11 00:00:00-04:00,223.0472976504486,225.07037859810526,216.70897065581676,220.08741760253906,76137400,0.0,0.0,AAPL
2025-03-12 00:00:00-04:00,219.38980505207962,220.99431909322652,214.17763213362198,216.24057006835938,62547500,0.0,0.0,AAPL
2025-03-13 00:00:00-04:00,215.21406028960521,216.10102664759694,207.70972301630272,208.96542358398438,61368300,0.0,0.0,AAPL
2025-03-14 00:00:00-04:00,210.53009451028822,213.22089031000854,208.86578742228792,212.76246643066406,60107600,0.0,0.0,AAPL
2025-03-17 00:00:00-04:00,212.58307041465437,214.48656508270392,209.25445626243933,213.27072143554688,48073400,0.0,0.0,AAPL
2025-03-18 00:00:00-04:00,213.43018643369246,214.4168029665515,210.76928711901598,211.96519470214844,42432400,0.0,0.0,AAPL
2025-03-19 00:00:00-04:00,213.4899719913265,218.01449366985423,213.02157246340184,214.50650024414062,54385400,0.0,0.0,AAPL
2025-03-20 00:00:00-04:00,213.2607508466693,216.74882322763474,211.4967785561088,213.37037658691406,48862900,0.0,0.0,AAPL
2025-03-21 00:00:00-04:00,210.8390437188948,218.09423372936246,210.55999911901452,217.52618408203125,94127800,0.0,0.0,AAPL
2025-03-24 00:00:00-04:00,220.24686734420678,220.7252273230714,217.83511614199446,219.977783203125,44299500,0.0,0.0,AAPL
2025-03-25 00:00:00-04:00,220.0176475207108,223.3363011191594,219.32999652191663,222.98748779296875,34493600,0.0,0.0,AAPL
2025-03-26 00:00:00-04:00,222.7483031053444,224.25316696482244,219.71866969932233,220.77505493164062,34466100,0.0,0.0,AAPL
2025-03-27 00:00:00-04:00,220.63554992146092,224.22328797900445,219.8083765580053,223.08717346191406,37094800,0.0,0.0,AAPL
2025-03-28 00:00:00-04:00,220.91456609374504,223.04727255158852,216.93815819229235,217.15740966796875,39818600,0.0,0.0,AAPL
2025-03-31 00:00:00-04:00,216.27045427307317,224.8511131847691,215.49311362240712,221.37301635742188,65299300,0.0,0.0,AAPL
2025-04-01 00:00:00-04:00,219.06091135294477,222.91771798921508,218.15400887457568,222.4293975830078,36412700,0.0,0.0,AAPL
2025-04-02 00:00:00-04:00,220.56578026164416,224.4225869866718,220.2667995775576,223.12701416015625,35905900,0.0,0.0,AAPL
2025-04-03 00:00:00-04:00,204.83954098981803,206.78290782089874,200.56416741637668,202.49755859375,103419000,0.0,0.0,AAPL
2025-04-04 00:00:00-04:00,193.2292544699453,199.19884701911502,186.70157274086588,187.738037109375,125910900,0.0,0.0,AAPL
2025-04-07 00:00:00-04:00,176.59612158290105,193.48835506739644,174.02491207450518,180.84161376953125,160466300,0.0,0.0,AAPL
2025-04-08 00:00:00-04:00,186.0637635998773,189.69135865616965,168.63337548243626,171.83242797851562,120859500,0.0,0.0,AAPL
2025-04-09 00:00:00-04:00,171.3640110222038,199.926344669284,171.30421792842867,198.17234802246094,184395900,0.0,0.0,AAPL
2025-04-10 00:00:00-04:00,188.42568213047016,194.11621470149436,182.37636057603893,189.7710723876953,121880000,0.0,0.0,AAPL
2025-04-11 00:00:00-04:00,185.46580802047046,198.85999394662434,185.42593581806156,197.4747314453125,87435900,0.0,0.0,AAPL
2025-04-14 00:00:00-04:00,210.7194495182335,212.2143377637297,200.47448329230923,201.82984924316406,101352900,0.0,0.0,AAPL
2025-04-15 00:00:00-04:00,201.1720815277121,202.81645240683693,199.11910423874315,201.4511260986328,51343900,0.0,0.0,AAPL
2025-04-16 00:00:00-04:00,197.68401406478426,200.01603598224625,191.71442177543545,193.6079559326172,59732400,0.0,0.0,AAPL
2025-04-17 00:00:00-04:00,196.5279673080365,198.15241736523095,193.75744237056688,196.3087158203125,52164700,0.0,0.0,AAPL
2025-04-21 00:00:00-04:00,192.61134997705832,193.13954254760668,189.16313478921086,192.50172424316406,46742500,0.0,0.0,AAPL
2025-04-22 00:00:00-04:00,195.45165216386687,200.9030125684292,195.3021694205859,199.059326171875,52976400,0.0,0.0,AAPL
2025-04-23 00:00:00-04:00,205.29796327240905,207.29114738184992,202.10887173866126,203.90274047851562,52929200,0.0,0.0,AAPL
2025-04-24 00:00:00-04:00,204.1917755069081,208.11835121294007,202.2484237558185,207.659912109375,47311000,0.0,0.0,AAPL
2025-04-25 00:00:00-04:00,205.66671618569228,209.0352025034097,205.49729734578435,208.56680297851562,38222300,0.0,0.0,AAPL
2025-04-28 00:00:00-04:00,209.2843516085664,210.77923983434187,206.7530142372406,209.4238739013672,38743100,0.0,0.0,AAPL
2025-04-29 00:00:00-04:00,207.978817902887,211.51672307140856,207.6599011161091,210.490234375,36827600,0.0,0.0,AAPL
2025-04-30 00:00:00-04:00,208.58674127234366,212.8521544830753,205.96569903614,211.7758331298828,52286500,0.0,0.0,AAPL
2025-05-01 00:00:00-04:00,208.3674918385056,213.82881264887993,208.18809734114114,212.59304809570312,57365700,0.0,0.0,AAPL
2025-05-02 00:00:00-04:00,205.38767599056177,206.28461806468735,201.4710760745947,204.65020751953125,101010600,0.0,0.0,AAPL
2025-05-05 00:00:00-04:00,202.40787903175757,203.4044712176219,197.5345438511527,198.21221923828125,69018500,0.0,0.0,AAPL
2025-05-06 00:00:00-04:00,197.5345306234426,199.96620262041338,196.34858356859348,197.83349609375,51216500,0.0,0.0,AAPL
2025-05-07 00:00:00-04:00,198.49125449640593,198.7603386318323,192.59143085844198,195.58120727539062,68536700,0.0,0.0,AAPL
2025-05-08 00:00:00-04:00,197.04619801698016,199.3682595147921,194.0165494128041,196.81698608398438,50478900,0.0,0.0,AAPL
2025-05-09 00:00:00-04:00,198.32183886048443,199.85658408831688,196.86680762308345,197.8534393310547,36453900,0.0,0.0,AAPL
2025-05-12 00:00:00-04:00,210.52675192915717,210.82612467262763,206.31561695740214,210.3471221923828,63775800,0.26,0.0,AAPL
2025-05-13 00:00:00-04:00,209.98788789546765,212.95164926547025,208.56089957562318,212.48263549804688,51909300,0.0,0.0,AAPL
2025-05-14 00:00:00-04:00,211.98369190366654,213.49052924285678,210.1375877621875,211.8839111328125,49325800,0.0,0.0,AAPL
2025-05-15 00:00:00-04:00,210.506803034962,212.51258988469863,209.0997617101353,211.00575256347656,45029500,0.0,0.0,AAPL
2025-05-16 00:00:00-04:00,211.9138418912236,212.12340739052024,209.3292870180407,210.81614685058594,54737900,0.0,0.0,AAPL
2025-05-19 00:00:00-04:00,207.47318710280226,209.0398806327114,203.83084657536088,208.3413543701172,46140500,0.0,0.0,AAPL
2025-05-20 00:00:00-04:00,207.23369558110693,208.03201787298204,204.5992426766309,206.42539978027344,42496600,0.0,0.0,AAPL
2025-05-21 00:00:00-04:00,204.7389515122616,206.6050179110669,200.2883301620853,201.66542053222656,59211800,0.0,0.0,AAPL
2025-05-22 00:00:00-04:00,200.28832240028711,202.32402973584547,199.28043462788855,200.93695068359375,46742400,0.0,0.0,AAPL
2025-05-23 00:00:00-04:00,193.2630967266574,197.28462846236872,193.05354646446796,194.8597412109375,78432900,0.0,0.0,AAPL
2025-05-27 00:00:00-04:00,197.88337691051132,200.31825293342968,197.01519441683536,199.78936767578125,56288500,0.0,0.0,AAPL
2025-05-28 00:00:00-04:00,200.16857290124128,202.3040763244224,199.48002009942556,199.99893188476562,45339700,0.0,0.0,AAPL
2025-05-29 00:00:00-04:00,203.15228556391767,203.38179807643976,198.09293019267844,199.5299072265625,51396800,0.0,0.0,AAPL
2025-05-30 00:00:00-04:00,198.95112277889336,201.53569281345096,196.36656797106642,200.4280242919922,70819900,0.0,0.0,AAPL
2025-06-02 00:00:00-04:00,199.85921507319503,201.70533435611304,199.69954757512772,201.27622985839844,35423300,0.0,0.0,AAPL
2025-06-03 00:00:00-04:00,200.92697696252267,203.34189080211323,200.53779694760377,202.8429412841797,46381600,0.0,0.0,AAPL
2025-06-04 00:00:00-04:00,202.4836823743862,205.80668775064265,201.67538665008354,202.3938751220703,43604000,0.0,0.0,AAPL
2025-06-05 00:00:00-04:00,203.07244608657666,204.3198198340372,199.72947835269025,200.20848083496094,55126100,0.0,0.0,AAPL
2025-06-06 00:00:00-04:00,202.57349663849442,205.26782088834017,201.62549563553227,203.49156188964844,46607700,0.0,0.0,AAPL
2025-06-09 00:00:00-04:00,203.96057412654167,205.56719211084615,199.59976040917107,201.02674865722656,72862600,0.0,0.0,AAPL
2025-06-10 00:00:00-04:00,200.17855851367187,203.92068000712237,200.14862275986277,202.24420166015625,54672600,0.0,0.0,AAPL
2025-06-11 00:00:00-04:00,203.0724503091444,204.07034932786254,197.99314795828434,198.36236572265625,60989900,0.0,0.0,AAPL
2025-06-12 00:00:00-04:00,198.66173587371065,199.26046614106752,196.94534836583952,198.78147888183594,43904600,0.0,0.0,AAPL
2025-06-13 00:00:00-04:00,199.3103695725812,199.9490243445518,195.2888376882346,196.03726196289062,51447300,0.0,0.0,AAPL
2025-06-16 00:00:00-04:00,196.8854859861783,198.27256505925683,196.1470352061455,198.0031280517578,43020700,0.0,0.0,AAPL
2025-06-17 00:00:00-04:00,196.78567812068002,197.97318035709665,194.79986887227625,195.2289581298828,38856200,0.0,0.0,AAPL
2025-06-18 00:00:00-04:00,195.52833742048526,197.15491770400297,194.66017014117494,196.1669921875,45394700,0.0,0.0,AAPL
2025-06-20 00:00:00-04:00,197.82351706190548,201.27623931614946,196.44641147314488,200.5777130126953,96813500,0.0,0.0,AAPL
2025-06-23 00:00:00-04:00,201.20637663769034,201.87496712850407,198.54198818263384,201.07664489746094,55814300,0.0,0.0,AAPL
2025-06-24 00:00:00-04:00,202.16436301176623,203.0125832870988,199.77938491343542,199.87918090820312,54064000,0.0,0.0,AAPL
2025-06-25 00:00:00-04:00,201.02675088646447,203.24208788881052,200.19849288768373,201.1365203857422,39525700,0.0,0.0,AAPL
2025-06-26 00:00:00-04:00,201.00680230384165,202.2142668779585,199.04095514509618,200.5777130126953,50799100,0.0,0.0,AAPL
2025-06-27 00:00:00-04:00,201.46584280819525,202.79305039965564,199.57981417332658,200.6575469970703,73188600,0.0,0.0,AAPL
2025-06-30 00:00:00-04:00,201.58557286233471,206.95427439094752,198.84135059390303,204.7389373779297,91912800,0.0,0.0,AAPL
2025-07-01 00:00:00-04:00,206.23578409144605,209.74839282792448,205.70689884063935,207.3833770751953,78788900,0.0,0.0,AAPL
2025-07-02 00:00:00-04:00,208.47108532398713,212.8917706186518,207.7026988246806,211.99366760253906,67941800,0.0,0.0,AAPL
2025-07-03 00:00:00-04:00,211.70426588787655,214.1990133776075,211.3649838836884,213.10133361816406,34955800,0.0,0.0,AAPL
2025-07-07 00:00:00-04:00,212.23315593085263,215.77570049162512,208.36131809352125,209.50889587402344,50229000,0.0,0.0,AAPL
2025-07-08 00:00:00-04:00,209.658593847986,210.98578616820197,208.01205130024096,209.5687713623047,42848900,0.0,0.0,AAPL
2025-07-09 00:00:00-04:00,209.0897778625777,210.8859991217609,206.78463359109693,210.69639587402344,48749400,0.0,0.0,AAPL
2025-07-10 00:00:00-04:00,210.06772774811225,213.03148920420767,209.58874045798783,211.9637451171875,44443600,0.0,0.0,AAPL
2025-07-11 00:00:00-04:00,210.12759762046792,211.68431760849728,209.41908263784933,210.7163543701172,39765800,0.0,0.0,AAPL
2025-07-14 00:00:00-04:00,209.48893166698292,210.46688365912564,207.10395364435493,208.1816864013672,38840100,0.0,0.0,AAPL
2025-07-15 00:00:00-04:00,208.7804390594974,211.44482767792792,208.48106630115817,208.67066955566406,42296300,0.0,0.0,AAPL
2025-07-16 00:00:00-04:00,209.85816533566302,211.9537441254909,208.20164932080104,209.7184600830078,47490500,0.0,0.0,AAPL
2025-07-17 00:00:00-04:00,210.12759810142074,211.3550095983717,209.14964612579556,209.57875061035156,48068100,0.0,0.0,AAPL
2025-07-18 00:00:00-04:00,210.42696659875526,211.34503189230253,209.25942654413325,210.73631286621094,48974600,0.0,0.0,AAPL
2025-07-21 00:00:00-04:00,211.65439331220318,215.32665448510335,211.18537954340883,212.03358459472656,51377400,0.0,0.0,AAPL
2025-07-22 00:00:00-04:00,212.69219192810166,214.49838667908332,211.78410018506472,213.9495391845703,46404100,0.0,0.0,AAPL
2025-07-23 00:00:00-04:00,214.54829351654996,214.69797228179937,211.9637386583707,213.7000732421875,46989300,0.0,0.0,AAPL
2025-07-24 00:00:00-04:00,213.45060308663847,215.23685093304425,213.08138530657155,213.31089782714844,46022600,0.0,0.0,AAPL
2025-07-25 00:00:00-04:00,214.24891808809048,214.7877920897316,212.95164630742312,213.43064880371094,40268800,0.0,0.0,AAPL
2025-07-28 00:00:00-04:00,213.5803337758995,214.39861831079742,212.61237047326716,213.6002960205078,37858000,0.0,0.0,AAPL
2025-07-29 00:00:00-04:00,213.73000061776605,214.3586818606333,210.37707459375494,210.8261260986328,51411700,0.0,0.0,AAPL
2025-07-30 00:00:00-04:00,211.454797150492,211.94377315400357,207.28358653790625,208.6107940673828,45512500,0.0,0.0,AAPL
2025-07-31 00:00:00-04:00,208.0519764228089,209.39913099136336,206.72476887181696,207.1339111328125,80698400,0.0,0.0,AAPL
2025-08-01 00:00:00-04:00,210.4269561886582,213.13126916468397,201.07664747870345,201.95480346679688,104434500,0.0,0.0,AAPL
2025-08-04 00:00:00-04:00,204.0803265791815,207.44325668811337,201.25627047720934,202.9227752685547,75109300,0.0,0.0,AAPL
2025-08-05 00:00:00-04:00,202.97265486934364,204.90858140720596,201.73526982787092,202.49366760253906,44155100,0.0,0.0,AAPL
2025-08-06 00:00:00-04:00,205.1979708684584,214.9274858636443,205.15804638253505,212.8019561767578,108483100,0.0,0.0,AAPL
2025-08-07 00:00:00-04:00,218.42014073215765,220.38600300495352,216.12496995802366,219.56771850585938,90224800,0.0,0.0,AAPL
2025-08-08 00:00:00-04:00,220.36603010589778,230.51466074526758,218.78934791515115,228.86813354492188,113854000,0.0,0.0,AAPL
2025-08-11 00:00:00-04:00,227.6992650180531,229.33767612130436,224.54232171734583,226.95997619628906,61806100,0.26,0.0,AAPL
2025-08-12 00:00:00-04:00,227.78917070894937,230.57647717809445,226.8500938879156,229.42758178710938,55626200,0.0,0.0,AAPL
2025-08-13 00:00:00-04:00,230.8462285986664,234.77241529044048,230.2068337695816,233.10403442382812,69878500,0.0,0.0,AAPL
2025-08-14 00:00:00-04:00,233.83332460758467,234.89229562265464,230.6264418350812,232.5545654296875,51916300,0.0,0.0,AAPL
2025-08-15 00:00:00-04:00,233.77337703316005,234.0531046408583,229.11788646444978,231.36570739746094,56038700,0.0,0.0,AAPL
2025-08-18 00:00:00-04:00,231.47561022214762,232.89423321308522,229.88715369469057,230.66639709472656,37476200,0.0,0.0,AAPL
2025-08-19 00:00:00-04:00,231.05601964615855,232.64447617946885,229.1278960385577,230.3367156982422,39402600,0.0,0.0,AAPL
2025-08-20 00:00:00-04:00,229.75726351111018,230.24679444121838,225.55134937034353,225.79110717773438,42263900,0.0,0.0,AAPL
2025-08-21 00:00:00-04:00,226.05087353353895,226.30063142153253,223.56327948127884,224.68218994140625,30621200,0.0,0.0,AAPL
2025-08-22 00:00:00-04:00,225.95095699429655,228.8681272027074,225.1916985271248,227.53941345214844,42477800,0.0,0.0,AAPL
2025-08-25 00:00:00-04:00,226.26065308481304,229.07792927219558,226.01089520624416,226.94000244140625,30983100,0.0,0.0,AAPL
2025-08-26 00:00:00-04:00,226.65028173376106,229.26775474756235,224.4724002828088,229.08792114257812,54575100,0.0,0.0,AAPL
2025-08-27 00:00:00-04:00,228.38860049855515,230.676376013076,228.03893336267103,230.26678466796875,31259500,0.0,0.0,AAPL
2025-08-28 00:00:00-04:00,230.59647266873003,233.18396075811214,229.11789497993007,232.33477783203125,38074700,0.0,0.0,AAPL
2025-08-29 00:00:00-04:00,232.28481317583598,233.15398096397084,231.145917853049,231.91517639160156,39418400,0.0,0.0,AAPL
2025-09-02 00:00:00-04:00,229.02798202980685,230.62643860177437,226.75019132336067,229.49752807617188,44075600,0.0,0.0,AAPL
2025-09-03 00:00:00-04:00,236.98028515930878,238.6186963224971,234.133039090421,238.2390594482422,66427800,0.0,0.0,AAPL
2025-09-04 00:00:00-04:00,238.21906152531412,239.66765417218173,236.51072617258424,239.5477752685547,47549400,0.0,0.0,AAPL
2025-09-05 00:00:00-04:00,239.76756781945676,241.08629675958926,238.25903569310344,239.45787048339844,54870400,0.0,0.0,AAPL
2025-09-08 00:00:00-04:00,239.06825064349684,239.91741830634814,236.11111057683257,237.64962768554688,48999500,0.0,0.0,AAPL
2025-09-09 00:00:00-04:00,236.77047435136637,238.5487492683241,233.13400016518182,234.123046875,66313900,0.0,0.0,AAPL
2025-09-10 00:00:00-04:00,231.96513778704139,232.19491077497392,225.73117543382176,226.5703582763672,83440800,0.0,0.0,AAPL
2025-09-11 00:00:00-04:00,226.66027725307507,230.22681187017153,226.43048902665416,229.80722045898438,50208600,0.0,0.0,AAPL
2025-09-12 00:00:00-04:00,228.9980136278554,234.28288383192944,228.79821036620638,233.84332275390625,55824200,0.0,0.0,AAPL
2025-09-15 00:00:00-04:00,236.77047667310174,237.95932665324483,234.80238330570734,236.47076416015625,42699500,0.0,0.0,AAPL
2025-09-16 00:00:00-04:00,236.9502954777413,240.98639147239973,236.09114297984144,237.9193572998047,63421100,0.0,0.0,AAPL
2025-09-17 00:00:00-04:00,238.73857528095925,239.86748583209587,237.4997706474641,238.75856018066406,46508000,0.0,0.0,AAPL
2025-09-18 00:00:00-04:00,239.737599946219,240.9664044724694,236.4208079152849,237.64962768554688,44249600,0.0,0.0,AAPL
2025-09-19 00:00:00-04:00,240.99636870073516,246.06146581163878,239.9773675285625,245.26223754882812,163741300,0.0,0.0,AAPL
2025-09-22 00:00:00-04:00,248.05953649140056,256.3914711896616,247.8797028858207,255.8319854736328,105517400,0.0,0.0,AAPL
2025-09-23 00:00:00-04:00,255.63220171436936,257.0907792625319,253.33442606621003,254.18359375,60275200,0.0,0.0,AAPL
2025-09-24 00:00:00-04:00,254.9728287261993,255.4923293909784,250.79686899703333,252.06564331054688,42303700,0.0,0.0,AAPL
2025-09-25 00:00:00-04:00,252.96477212582877,256.9209435623003,251.466224879955,256.6212158203125,55202100,0.0,0.0,AAPL
2025-09-26 00:00:00-04:00,253.8539172209246,257.3505275669758,253.5342198150173,255.2126007080078,46076300,0.0,0.0,AAPL
2025-09-29 00:00:00-04:00,254.31347273152574,254.75304905914027,252.76497075706976,254.18359375,40127700,0.0,0.0,AAPL
2025-09-30 00:00:00-04:00,254.61318058017173,255.67215158054225,252.8648753735947,254.38340759277344,37704300,0.0,0.0,AAPL
2025-10-01 00:00:00-04:00,254.7929996074261,258.53938316103813,254.6831055272507,255.20260620117188,48713900,0.0,0.0,AAPL
2025-10-02 00:00:00-04:00,256.33149581258533,257.9299523535748,253.9038565188199,256.8809814453125,42630200,0.0,0.0,AAPL
2025-10-03 00:00:00-04:00,254.42336451804394,258.9889308017334,253.70406057825727,257.7701110839844,49155600,0.0,0.0,AAPL
2025-10-06 00:00:00-04:00,257.7401350456914,258.819106172963,254.80299514816292,256.44140625,44664100,0.0,0.0,AAPL
2025-10-07 00:00:00-04:00,256.56129542181253,257.15072039039774,255.18262697514498,256.23162841796875,31955800,0.0,0.0,AAPL
2025-10-08 00:00:00-04:00,256.2715719294531,258.2696351050741,255.8619653198879,257.8100891113281,36496900,0.0,0.0,AAPL
2025-10-09 00:00:00-04:00,257.5603136690899,257.75013209688524,252.8948383011137,253.79396057128906,38322000,0.0,0.0,AAPL
2025-10-10 00:00:00-04:00,254.69310389004832,256.13171175032437,243.76369637579657,245.032470703125,61999100,0.0,0.0,AAPL
2025-10-13 00:00:00-04:00,249.13848619669534,249.44818352992385,245.32217845998096,247.42015075683594,38142900,0.0,0.0,AAPL
2025-10-14 00:00:00-04:00,246.36117950382103,248.60900042906025,244.46301046499008,247.53004455566406,35478000,0.0,0.0,AAPL
2025-10-15 00:00:00-04:00,249.24838988167792,251.5761352503302,247.2303418581919,249.09852600097656,33893600,0.0,0.0,AAPL
2025-10-16 00:00:00-04:00,248.00958596667436,248.79881419551728,244.8926123625184,247.21035766601562,39777000,0.0,0.0,AAPL
2025-10-17 00:00:00-04:00,247.77980070207627,253.13461023404025,247.03052706557392,252.045654296875,49147000,0.0,0.0,AAPL
2025-10-20 00:00:00-04:00,255.64218177653177,264.1239650925819,255.3824390623343,261.98602294921875,90483000,0.0,0.0,AAPL
2025-10-21 00:00:00-04:00,261.6263807259345,265.03308188579996,261.5764108568555,262.5155029296875,46695900,0.0,0.0,AAPL
2025-10-22 00:00:00-04:00,262.3956210979312,262.5954395959732,255.18261234613632,258.19970703125,45015300,0.0,0.0,AAPL
2025-10-23 00:00:00-04:00,259.68824995662277,260.36758405794774,257.76012648314656,259.3285827636719,32754900,0.0,0.0,AAPL
2025-10-24 00:00:00-04:00,260.93706434715574,263.87421967110856,258.9290010880386,262.56549072265625,38253700,0.0,0.0,AAPL
2025-10-27 00:00:00-04:00,264.6234656652487,268.8593494221352,264.3936774471076,268.5496520996094,44888200,0.0,0.0,AAPL
2025-10-28 00:00:00-04:00,268.7294713644567,269.6286240979669,267.8902885694659,268.7394714355469,41534800,0.0,0.0,AAPL
2025-10-29 00:00:00-04:00,269.01920560410514,271.1471476128123,266.85129379808274,269.4388122558594,51086700,0.0,0.0,AAPL
2025-10-30 00:00:00-04:00,271.72657092903916,273.87451306817263,268.2199910571769,271.13714599609375,69886500,0.0,0.0,AAPL
2025-10-31 00:00:00-04:00,276.721738255342,277.05143573891627,268.89933466249033,270.108154296875,86167100,0.0,0.0,AAPL
2025-11-03 00:00:00-05:00,270.15812755648943,270.5877038096653,265.9921525413924,268.7894287109375,50194600,0.0,0.0,AAPL
2025-11-04 00:00:00-05:00,268.0701070960229,271.22705027239556,267.36080327265466,269.7784729003906,49274800,0.0,0.0,AAPL
2025-11-05 00:00:00-05:00,268.3498399683747,271.43687417180433,266.67147434431234,269.8783874511719,43683100,0.0,0.0,AAPL
2025-11-06 00:00:00-05:00,267.6305743388968,273.1352174017799,267.6305743388968,269.50872802734375,51204000,0.0,0.0,AAPL
2025-11-07 00:00:00-05:00,269.5386899523433,272.02629915101613,266.51162568814635,268.2099914550781,48227400,0.0,0.0,AAPL
2025-11-10 00:00:00-05:00,268.9599914550781,273.7300109863281,267.4599914550781,269.42999267578125,41312400,0.26,0.0,AAPL
2025-11-11 00:00:00-05:00,269.80999755859375,275.9100036621094,269.79998779296875,275.25,46208300,0.0,0.0,AAPL
2025-11-12 00:00:00-05:00,275.0,275.7300109863281,271.70001220703125,273.4700012207031,48398000,0.0,0.0,AAPL
2025-11-13 00:00:00-05:00,274.1099853515625,276.70001220703125,272.0899963378906,272.95001220703125,49602800,0.0,0.0,AAPL
2025-11-14 00:00:00-05:00,271.04998779296875,275.9599914550781,269.6000061035156,272.4100036621094,47431300,0.0,0.0,AAPL
2025-11-17 00:00:00-05:00,268.82000732421875,270.489990234375,265.7300109863281,267.4599914550781,45018300,0.0,0.0,AAPL
2025-11-18 00:00:00-05:00,269.989990234375,270.7099914550781,265.32000732421875,267.44000244140625,45677300,0.0,0.0,AAPL
2025-11-19 00:00:00-05:00,265.5299987792969,272.2099914550781,265.5,268.55999755859375,40424500,0.0,0.0,AAPL
2025-11-20 00:00:00-05:00,270.8299865722656,275.42999267578125,265.9200134277344,266.25,45823600,0.0,0.0,AAPL
2025-11-21 00:00:00-05:00,265.95001220703125,273.3299865722656,265.6700134277344,271.489990234375,59030800,0.0,0.0,AAPL
2025-11-24 00:00:00-05:00,270.8999938964844,277.0,270.8999938964844,275.9200134277344,65585800,0.0,0.0,AAPL
2025-11-25 00:00:00-05:00,275.2699890136719,280.3800048828125,275.25,276.9700012207031,46914200,0.0,0.0,AAPL
2025-11-26 00:00:00-05:00,276.9599914550781,279.5299987792969,276.6300048828125,277.54998779296875,33431400,0.0,0.0,AAPL
2025-11-28 00:00:00-05:00,277.260009765625,279.0,275.989990234375,278.8500061035156,20135600,0.0,0.0,AAPL
2025-12-01 00:00:00-05:00,278.010009765625,283.4200134277344,276.1400146484375,283.1000061035156,46587700,0.0,0.0,AAPL
2025-12-02 00:00:00-05:00,283.0,287.3999938964844,282.6300048828125,286.19000244140625,53669500,0.0,0.0,AAPL
2025-12-03 00:00:00-05:00,286.20001220703125,288.6199951171875,283.29998779296875,284.1499938964844,43538700,0.0,0.0,AAPL
2025-12-04 00:00:00-05:00,284.1000061035156,284.7300109863281,278.5899963378906,280.70001220703125,43989100,0.0,0.0,AAPL
2025-12-05 00:00:00-05:00,280.5400085449219,281.1400146484375,278.04998779296875,278.7799987792969,47265800,0.0,0.0,AAPL
2025-12-08 00:00:00-05:00,278.1300048828125,279.6700134277344,276.1499938964844,277.8900146484375,38211800,0.0,0.0,AAPL
2025-12-09 00:00:00-05:00,278.1600036621094,280.0299987792969,276.9200134277344,277.17999267578125,32193300,0.0,0.0,AAPL
2025-12-10 00:00:00-05:00,277.75,279.75,276.44000244140625,278.7799987792969,33038300,0.0,0.0,AAPL
2025-12-11 00:00:00-05:00,279.1000061035156,279.5899963378906,273.80999755859375,278.0299987792969,33248000,0.0,0.0,AAPL
2025-12-12 00:00:00-05:00,277.8999938964844,279.2200012207031,276.82000732421875,278.2799987792969,39532900,0.0,0.0,AAPL
2025-12-15 00:00:00-05:00,280.1499938964844,280.1499938964844,272.8399963378906,274.1099853515625,50409100,0.0,0.0,AAPL
2025-12-16 00:00:00-05:00,272.82000732421875,275.5,271.7900085449219,274.6099853515625,37648600,0.0,0.0,AAPL
2025-12-17 00:00:00-05:00,275.010009765625,276.1600036621094,271.6400146484375,271.8399963378906,50138700,0.0,0.0,AAPL
2025-12-18 00:00:00-05:00,273.6099853515625,273.6300048828125,266.95001220703125,272.19000244140625,51630700,0.0,0.0,AAPL
2025-12-19 00:00:00-05:00,272.1499938964844,274.6000061035156,269.8999938964844,273.6700134277344,144632000,0.0,0.0,AAPL
2025-12-22 00:00:00-05:00,272.8599853515625,273.8800048828125,270.510009765625,270.9700012207031,36571800,0.0,0.0,AAPL
2025-12-23 00:00:00-05:00,270.8399963378906,272.5,269.55999755859375,272.3599853515625,29642000,0.0,0.0,AAPL
2025-12-24 00:00:00-05:00,272.3399963378906,275.42999267578125,272.20001220703125,273.80999755859375,17910600,0.0,0.0,AAPL
2025-12-26 00:00:00-05:00,274.1600036621094,275.3699951171875,272.8599853515625,273.3999938964844,21521800,0.0,0.0,AAPL
2025-12-29 00:00:00-05:00,272.69000244140625,274.3599853515625,272.3500061035156,273.760009765625,23715200,0.0,0.0,AAPL
2025-12-30 00:00:00-05:00,272.80999755859375,274.0799865722656,272.2799987792969,273.0799865722656,22139600,0.0,0.0,AAPL
2025-12-31 00:00:00-05:00,273.05999755859375,273.67999267578125,271.75,271.8599853515625,27293600,0.0,0.0,AAPL
2026-01-02 00:00:00-05:00,272.260009765625,277.8399963378906,269.0,271.010009765625,37838100,0.0,0.0,AAPL
2026-01-05 00:00:00-05:00,270.6400146484375,271.510009765625,266.1400146484375,267.260009765625,45647200,0.0,0.0,AAPL
2026-01-06 00:00:00-05:00,267.0,267.54998779296875,262.1199951171875,262.3599853515625,52352100,0.0,0.0,AAPL
2026-01-07 00:00:00-05:00,263.20001220703125,263.67999267578125,259.80999755859375,260.3299865722656,48309800,0.0,0.0,AAPL
2026-01-08 00:00:00-05:00,257.0199890136719,259.2900085449219,255.6999969482422,259.0400085449219,50419300,0.0,0.0,AAPL
2026-01-09 00:00:00-05:00,259.0799865722656,260.2099914550781,256.2200012207031,259.3699951171875,39997000,0.0,0.0,AAPL
2026-01-12 00:00:00-05:00,259.1600036621094,261.29998779296875,256.79998779296875,260.25,45263800,0.0,0.0,AAPL
2026-01-13 00:00:00-05:00,258.7200012207031,261.80999755859375,258.3900146484375,261.04998779296875,45730800,0.0,0.0,AAPL
2026-01-14 00:00:00-05:00,259.489990234375,261.82000732421875,256.7099914550781,259.9599914550781,40019400,0.0,0.0,AAPL
2026-01-15 00:00:00-05:00,260.6499938964844,261.0400085449219,257.04998779296875,258.2099914550781,39388600,0.0,0.0,AAPL
2026-01-16 00:00:00-05:00,257.8999938964844,258.8999938964844,254.92999267578125,255.52999877929688,72142800,0.0,0.0,AAPL
2026-01-20 00:00:00-05:00,252.72999572753906,254.7899932861328,243.4199981689453,246.6999969482422,80267500,0.0,0.0,AAPL
2026-01-21 00:00:00-05:00,248.6999969482422,251.55999755859375,245.17999267578125,247.64999389648438,54641700,0.0,0.0,AAPL
2026-01-22 00:00:00-05:00,249.1999969482422,251.0,248.14999389648438,248.35000610351562,39708300,0.0,0.0,AAPL
2026-01-23 00:00:00-05:00,247.32000732421875,249.41000366210938,244.67999267578125,248.0399932861328,41689000,0.0,0.0,AAPL
2026-01-26 00:00:00-05:00,251.47999572753906,256.55999755859375,249.8000030517578,255.41000366210938,55969200,0.0,0.0,AAPL
2026-01-27 00:00:00-05:00,259.1700134277344,261.95001220703125,258.2099914550781,258.2699890136719,49648300,0.0,0.0,AAPL
2026-01-28 00:00:00-05:00,257.6499938964844,258.8599853515625,254.50999450683594,256.44000244140625,41288000,0.0,0.0,AAPL
2026-01-29 00:00:00-05:00,258.0,259.6499938964844,254.41000366210938,258.2799987792969,67253000,0.0,0.0,AAPL
2026-01-30 00:00:00-05:00,255.1699981689453,261.8999938964844,252.17999267578125,259.4800109863281,92352600,0.0,0.0,AAPL
