date,open,high,low,close,volume,dividends,stock_splits,symbol
2006-12-04 00:00:00-05:00,11.94035403704207,12.049868956463483,11.850121793111025,11.986087799072266,196730641,0.0,0.0,GOOG
2006-12-05 00:00:00-05:00,12.0491268502391,12.099558463095336,11.987077924710002,12.039238929748535,164735162,0.0,0.0,GOOG
2006-12-06 00:00:00-05:00,12.03825114463987,12.172734830018673,11.977931604350452,12.081513404846191,178679233,0.0,0.0,GOOG
2006-12-07 00:00:00-05:00,12.11908850899311,12.157900917033652,11.926015639495034,11.9314546585083,187271318,0.0,0.0,GOOG
2006-12-08 00:00:00-05:00,11.914149183471912,12.078792621637163,11.866190023562057,11.967794418334961,159591956,0.0,0.0,GOOG
2006-12-11 00:00:00-05:00,11.98781921256915,12.086209039279865,11.960130952454325,11.96334457397461,131025281,0.0,0.0,GOOG
2006-12-12 00:00:00-05:00,11.961368136186925,12.02341801387537,11.873113279032912,11.910195350646973,167866857,0.0,0.0,GOOG
2006-12-13 00:00:00-05:00,11.982131746538524,12.00215653457061,11.792519579681553,11.841219902038574,187182988,0.0,0.0,GOOG
2006-12-14 00:00:00-05:00,11.872372203761024,11.95889577610414,11.79845511600296,11.918600082397461,190668002,0.0,0.0,GOOG
2006-12-15 00:00:00-05:00,11.931455668406539,11.967795626048774,11.862236431018973,11.873607635498047,208410256,0.0,0.0,GOOG
2006-12-18 00:00:00-05:00,11.928241738751746,11.933926867557119,11.389565845406299,11.440986633300781,321865927,0.0,0.0,GOOG
2006-12-19 00:00:00-05:00,11.414287026968633,11.601920880028802,11.334683868385678,11.58510971069336,264467588,0.0,0.0,GOOG
2006-12-20 00:00:00-05:00,11.618978116115672,11.656059236131112,11.429365937763379,11.443456649780273,175366863,0.0,0.0,GOOG
2006-12-21 00:00:00-05:00,11.47510005569433,11.501552088449605,11.182400196378305,11.277824401855469,279174507,0.0,0.0,GOOG
2006-12-22 00:00:00-05:00,11.309962950483573,11.33814532307027,11.19204244373718,11.262497901916504,160129965,0.0,0.0,GOOG
2006-12-26 00:00:00-05:00,11.285737385222044,11.358665303793824,11.238025276094653,11.31070613861084,83282999,0.0,0.0,GOOG
2006-12-27 00:00:00-05:00,11.371764389081486,11.571512479862042,11.349515150263747,11.57027530670166,169894428,0.0,0.0,GOOG
2006-12-28 00:00:00-05:00,11.547780462290389,11.583874307511278,11.427388448125814,11.435051918029785,125115211,0.0,0.0,GOOG
2006-12-29 00:00:00-05:00,11.423681296855849,11.482270496134246,11.368305719322802,11.38363265991211,102751700,0.0,0.0,GOOG
2007-01-03 00:00:00-05:00,11.520092141430208,11.783620446981969,11.399206025763979,11.559399604797363,309415434,0.0,0.0,GOOG
2007-01-04 00:00:00-05:00,11.594258675130677,11.963840346453507,11.578189618724263,11.946783065795898,316686586,0.0,0.0,GOOG
2007-01-05 00:00:00-05:00,11.927994558336522,12.051600199682301,11.819467854873745,12.043936729431152,275914333,0.0,0.0,GOOG
2007-01-08 00:00:00-05:00,12.05629725025087,12.110190491855723,11.920578288486363,11.954693794250488,190888826,0.0,0.0,GOOG
2007-01-09 00:00:00-05:00,12.000920991661399,12.070141170027942,11.895855917232058,12.002158164978027,216062832,0.0,0.0,GOOG
2007-01-10 00:00:00-05:00,11.9757050911194,12.201163124613773,11.916621783181167,12.100053787231445,239634856,0.0,0.0,GOOG
2007-01-11 00:00:00-05:00,12.29139513355249,12.403877565386445,12.266180273632159,12.353693008422852,289408724,0.0,0.0,GOOG
2007-01-12 00:00:00-05:00,12.409808366602876,12.484219551086426,12.360613932378728,12.484219551086426,179618741,0.0,0.0,GOOG
2007-01-16 00:00:00-05:00,12.547260520209328,12.681991252235454,12.442195444147643,12.466422080993652,303890804,0.0,0.0,GOOG
2007-01-17 00:00:00-05:00,12.444419958587288,12.552699603410275,12.221682374829365,12.293374061584473,268968395,0.0,0.0,GOOG
2007-01-18 00:00:00-05:00,12.225142816029734,12.273597985933305,12.04987027187668,12.059759140014648,238169384,0.0,0.0,GOOG
2007-01-19 00:00:00-05:00,12.063465237304934,12.132190353116345,12.032811359413403,12.107221603393555,199878396,0.0,0.0,GOOG
2007-01-22 00:00:00-05:00,12.175208199515351,12.17891593376125,11.829110091831774,11.886959075927734,216982266,0.0,0.0,GOOG
2007-01-23 00:00:00-05:00,11.885719980480484,11.983616643532141,11.799196414125523,11.842705726623535,187319498,0.0,0.0,GOOG
2007-01-24 00:00:00-05:00,11.97620142259352,12.349244710852377,11.947524934974192,12.337625503540039,243280470,0.0,0.0,GOOG
2007-01-25 00:00:00-05:00,12.385335945567585,12.471860455466643,12.006112520623054,12.066184997558594,255694828,0.0,0.0,GOOG
2007-01-26 00:00:00-05:00,12.136394118918478,12.308701034310488,12.039981682861423,12.25777530670166,220684089,0.0,0.0,GOOG
2007-01-29 00:00:00-05:00,12.311173298196572,12.329713859745043,12.125763896412463,12.174464225769043,191744020,0.0,0.0,GOOG
2007-01-30 00:00:00-05:00,12.212287158904097,12.311172991087057,12.14356298692654,12.220198631286621,167846782,0.0,0.0,GOOG
2007-01-31 00:00:00-05:00,12.273843805913678,12.484221006181206,12.2496162234018,12.397696495056152,490074058,0.0,0.0,GOOG
2007-02-01 00:00:00-05:00,12.50894289927041,12.50918995530229,11.904013426453286,11.909453392028809,628695706,0.0,0.0,GOOG
2007-02-02 00:00:00-05:00,11.930711931650967,11.989796183368481,11.812050262751175,11.903271675109863,252402534,0.0,0.0,GOOG
2007-02-05 00:00:00-05:00,11.804386793021767,11.816748113183307,11.524789425177714,11.5487699508667,289356529,0.0,0.0,GOOG
2007-02-06 00:00:00-05:00,11.572008259450623,11.70055880453919,11.551242300228255,11.65556526184082,213673912,0.0,0.0,GOOG
2007-02-07 00:00:00-05:00,11.71341349537015,11.72651598477523,11.58881868443802,11.619226455688477,165409681,0.0,0.0,GOOG
2007-02-08 00:00:00-05:00,11.570771572440798,11.711682486412768,11.499079888740177,11.644440650939941,163679219,0.0,0.0,GOOG
2007-02-09 00:00:00-05:00,11.659769511862132,11.685231430068292,11.408848597930634,11.418490409851074,195072449,0.0,0.0,GOOG
2007-02-12 00:00:00-05:00,11.388577781702173,11.430850870429596,11.24865507909603,11.329493522644043,231042771,0.0,0.0,GOOG
2007-02-13 00:00:00-05:00,11.350752141585941,11.44049027090941,11.304029210208176,11.349515914916992,163113105,0.0,0.0,GOOG
2007-02-14 00:00:00-05:00,11.371766946053818,11.597472059584778,11.352484268076015,11.518363952636719,228806420,0.0,0.0,GOOG
2007-02-15 00:00:00-05:00,11.520092264111872,11.523305885446762,11.389564336578845,11.40810489654541,162302076,0.0,0.0,GOOG
2007-02-16 00:00:00-05:00,11.440985828731613,11.622686546051058,11.422691377067519,11.617494583129883,248006116,0.0,0.0,GOOG
2007-02-20 00:00:00-05:00,11.581153635999813,11.686961769637637,11.488201881598604,11.670892715454102,163313855,0.0,0.0,GOOG
2007-02-21 00:00:00-05:00,11.615023049657356,11.833557832684448,11.563108153438632,11.76384449005127,226469694,0.0,0.0,GOOG
2007-02-22 00:00:00-05:00,11.833805895643398,11.97100908832285,11.727505533870458,11.76359748840332,230617182,0.0,0.0,GOOG
2007-02-23 00:00:00-05:00,11.761125211657523,11.790790867222503,11.564591663401785,11.634305953979492,155886118,0.0,0.0,GOOG
2007-02-26 00:00:00-05:00,11.688939170777404,11.748763646154654,11.464470310442755,11.49364185333252,159391206,0.0,0.0,GOOG
2007-02-27 00:00:00-05:00,11.248162067590949,11.366823762843898,11.054594106396609,11.094148635864258,373908266,0.0,0.0,GOOG
2007-02-28 00:00:00-05:00,11.134688723817263,11.215281053331648,10.952493889363007,11.110957145690918,322496281,0.0,0.0,GOOG
2007-03-01 00:00:00-05:00,10.943347898362697,11.184379949275916,10.87734228273007,11.080798149108887,348710170,0.0,0.0,GOOG
2007-03-02 00:00:00-05:00,11.003666766116112,11.09241573188961,10.844709396362305,10.844709396362305,264331078,0.0,0.0,GOOG
2007-03-05 00:00:00-05:00,10.803670962692735,11.013307938309596,10.803176850644222,10.900826454162598,255156819,0.0,0.0,GOOG
2007-03-06 00:00:00-05:00,11.062008629587522,11.347044084149935,11.059783232146355,11.311199188232422,302477526,0.0,0.0,GOOG
2007-03-07 00:00:00-05:00,11.43826516588449,11.449390259614544,11.23060747743797,11.263980865478516,262343656,0.0,0.0,GOOG
2007-03-08 00:00:00-05:00,11.352483862609704,11.507733505118173,11.225911653273421,11.241238594055176,215316044,0.0,0.0,GOOG
2007-03-09 00:00:00-05:00,11.322323916039482,11.332212783865714,11.127025639139287,11.197728157043457,199854306,0.0,0.0,GOOG
2007-03-12 00:00:00-04:00,11.188088250996323,11.254340920439441,11.15199440400616,11.241979598999023,139135567,0.0,0.0,GOOG
2007-03-13 00:00:00-04:00,11.127272139801484,11.172265681576482,10.947302705575678,10.95224666595459,256048147,0.0,0.0,GOOG
2007-03-14 00:00:00-04:00,10.95719276951206,11.09142845509904,10.852621796012988,11.075112342834473,321877972,0.0,0.0,GOOG
2007-03-15 00:00:00-04:00,11.071649860202466,11.12010502769635,10.974743311514167,11.030365943908691,158359353,0.0,0.0,GOOG
2007-03-16 00:00:00-04:00,11.017016207153011,11.04297412930774,10.874622952230647,10.898354530334473,227212468,0.0,0.0,GOOG
2007-03-19 00:00:00-04:00,10.957684326268971,11.087471079364834,10.892914004434724,11.056074142456055,208687290,0.0,0.0,GOOG
2007-03-20 00:00:00-04:00,11.020478097786745,11.065223638677175,10.966337801267333,11.007869720458984,137372985,0.0,0.0,GOOG
2007-03-21 00:00:00-04:00,11.008362999534352,11.286971200975298,11.006138548747705,11.286477088928223,232801338,0.0,0.0,GOOG
2007-03-22 00:00:00-04:00,11.26323997687595,11.425410963475203,11.187098443926347,11.422197341918945,228079706,0.0,0.0,GOOG
2007-03-23 00:00:00-04:00,11.407612683060943,11.455571848201306,11.299581033467442,11.417006492614746,165068406,0.0,0.0,GOOG
2007-03-26 00:00:00-04:00,11.385362780300005,11.49537181854248,11.26348747948712,11.49537181854248,189118214,0.0,0.0,GOOG
2007-03-27 00:00:00-04:00,11.459526642075796,11.501058560060015,11.380170539782807,11.461256980895996,150208917,0.0,0.0,GOOG
2007-03-28 00:00:00-04:00,11.417994451924821,11.506249302250168,11.375473364239111,11.418242454528809,184352418,0.0,0.0,GOOG
2007-03-29 00:00:00-04:00,11.484247451176874,11.520093294244065,11.24816032421091,11.394509315490723,160137995,0.0,0.0,GOOG
2007-03-30 00:00:00-04:00,11.423681249209693,11.455819359678923,11.276342135605544,11.326279640197754,135714793,0.0,0.0,GOOG
2007-04-02 00:00:00-04:00,11.316390702662467,11.33542537689209,11.176963062799684,11.33542537689209,138457033,0.0,0.0,GOOG
2007-04-03 00:00:00-04:00,11.471885976729165,11.724043080776926,11.470649750091104,11.683252334594727,261046814,0.0,0.0,GOOG
2007-04-04 00:00:00-04:00,11.671882865416753,11.693142937709563,11.608595814062124,11.644194602966309,151718555,0.0,0.0,GOOG
2007-04-05 00:00:00-04:00,11.65111526453179,11.670644996740755,11.609584293192686,11.6563081741333,109039179,0.0,0.0,GOOG
2007-04-09 00:00:00-04:00,11.692646614035963,11.693141672656008,11.509956731192357,11.574727058410645,122943100,0.0,0.0,GOOG
2007-04-10 00:00:00-04:00,11.547039308713938,11.63850778218504,11.49932720384789,11.532453536987305,119618686,0.0,0.0,GOOG
2007-04-11 00:00:00-04:00,11.5215764418347,11.604146165198364,11.436288155528237,11.483753204345703,153051532,0.0,0.0,GOOG
2007-04-12 00:00:00-04:00,11.470649806575777,11.569534686060921,11.427140497465304,11.554454803466797,108721995,0.0,0.0,GOOG
2007-04-13 00:00:00-04:00,11.58065992181901,11.588570447880837,11.454828886641685,11.527262687683105,112211024,0.0,0.0,GOOG
2007-04-16 00:00:00-04:00,11.580906480275052,11.791779684499852,11.573243010579601,11.72453784942627,203877329,0.0,0.0,GOOG
2007-04-17 00:00:00-04:00,11.712917875050339,11.776946084428692,11.658530529521643,11.688196182250977,128885290,0.0,0.0,GOOG
2007-04-18 00:00:00-04:00,11.650127878827892,11.86371872175018,11.607359731088003,11.76755428314209,227670177,0.0,0.0,GOOG
2007-04-19 00:00:00-04:00,11.730223571788258,11.914397696131552,11.608843330646737,11.659769058227539,442034667,0.0,0.0,GOOG
2007-04-20 00:00:00-04:00,12.126257760240915,12.175206091205636,11.916126667452353,11.927498817443848,488283372,0.0,0.0,GOOG
2007-04-23 00:00:00-04:00,11.868664449779235,11.9897985964055,11.82317678916765,11.843448638916016,227834792,0.0,0.0,GOOG
2007-04-24 00:00:00-04:00,11.83182909584559,11.865696598347085,11.756180724876177,11.805130004882812,148341946,0.0,0.0,GOOG
2007-04-25 00:00:00-04:00,11.866191120709622,11.900059570957007,11.770025735970032,11.81650161743164,159266742,0.0,0.0,GOOG
2007-04-26 00:00:00-04:00,11.819220367114617,11.976201299091327,11.794747619028644,11.895362854003906,165614446,0.0,0.0,GOOG
2007-04-27 00:00:00-04:00,11.867921746774782,11.925522724536565,11.824907488715048,11.841716766357422,117466650,0.0,0.0,GOOG
2007-04-30 00:00:00-04:00,11.845176064691554,11.899563409878457,11.653092384338379,11.653092384338379,146193924,0.0,0.0,GOOG
2007-05-01 00:00:00-04:00,11.67311745168588,11.688444391583456,11.474853564006326,11.594257354736328,146876473,0.0,0.0,GOOG
2007-05-02 00:00:00-04:00,11.585604684002154,11.645677163263226,11.51341793990042,11.514655113220215,122967190,0.0,0.0,GOOG
2007-05-03 00:00:00-04:00,11.52553259457927,11.719595605093057,11.502542182126785,11.69882869720459,144306878,0.0,0.0,GOOG
2007-05-04 00:00:00-04:00,11.621943879560606,11.738628152833995,11.517125867743816,11.646665573120117,158592223,0.0,0.0,GOOG
2007-05-07 00:00:00-04:00,11.671882797921867,11.68869207492955,11.53171304070965,11.55148983001709,121256803,0.0,0.0,GOOG
2007-05-08 00:00:00-04:00,11.523306088531378,11.573737699870914,11.488697421280428,11.540116310119629,116639561,0.0,0.0,GOOG
2007-05-09 00:00:00-04:00,11.523802468112489,11.661746827190711,11.467684775612987,11.600438117980957,156179212,0.0,0.0,GOOG
2007-05-10 00:00:00-04:00,11.545802181365758,11.60636971442445,11.396980749880424,11.40810489654541,148004686,0.0,0.0,GOOG
2007-05-11 00:00:00-04:00,11.417005163284513,11.544814534475584,11.396487207603348,11.538386344909668,118205408,0.0,0.0,GOOG
2007-05-14 00:00:00-04:00,11.507238045482687,11.557421654507538,11.371765208225492,11.415769577026367,155488633,0.0,0.0,GOOG
2007-05-15 00:00:00-04:00,11.420220481250235,11.434559198671733,11.30773897932281,11.322324752807617,165377561,0.0,0.0,GOOG
2007-05-16 00:00:00-04:00,11.421208189712297,11.696602778769352,11.34753911010584,11.683500289916992,263150670,0.0,0.0,GOOG
2007-05-17 00:00:00-04:00,11.679792755484717,11.748022817258581,11.639002952041931,11.64271068572998,187122763,0.0,0.0,GOOG
2007-05-18 00:00:00-04:00,11.66916231358177,11.685725479732993,11.612797569517266,11.6268892288208,148390126,0.0,0.0,GOOG
2007-05-21 00:00:00-04:00,11.607358969886842,11.846413608879073,11.537892681268396,11.633811950683594,247295463,0.0,0.0,GOOG
2007-05-22 00:00:00-04:00,11.693141976727079,11.841715414517122,11.693141976727079,11.76384449005127,154135581,0.0,0.0,GOOG
2007-05-23 00:00:00-04:00,11.886461481751967,11.950490645415554,11.711683058761626,11.717122077941895,203166675,0.0,0.0,GOOG
2007-05-24 00:00:00-04:00,11.74629170496999,11.84641281342764,11.656059463320728,11.726019859313965,167569747,0.0,0.0,GOOG
2007-05-25 00:00:00-04:00,11.858774830221543,11.988561610513521,11.79870234613795,11.95320987701416,214741900,0.0,0.0,GOOG
2007-05-29 00:00:00-04:00,11.989795899071996,12.157900004908594,11.965075152484152,12.041956901550293,209502334,0.0,0.0,GOOG
2007-05-30 00:00:00-04:00,11.97743730599323,12.331939074283246,11.940355234025162,12.326006889343262,290918361,0.0,0.0,GOOG
2007-05-31 00:00:00-04:00,12.37446001878253,12.577667877605695,12.28793550074237,12.308948516845703,358310019,0.0,0.0,GOOG
2007-06-01 00:00:00-04:00,12.385335305472344,12.48471429610559,12.309440834570978,12.370503425598145,192679513,0.0,0.0,GOOG
2007-06-04 00:00:00-04:00,12.308947461808557,12.62043494279469,12.301036936085604,12.535393714904785,285104652,0.0,0.0,GOOG
2007-06-05 00:00:00-04:00,12.601647636562245,12.83031834610969,12.524022820428474,12.826362609863281,419450332,0.0,0.0,GOOG
2007-06-06 00:00:00-04:00,12.774696949371432,12.874323960653491,12.737861932582549,12.811779022216797,316650452,0.0,0.0,GOOG
2007-06-07 00:00:00-04:00,12.848858998351007,13.0157278379308,12.669877787063355,12.732916831970215,426813829,0.0,0.0,GOOG
2007-06-08 00:00:00-04:00,12.761098822713459,12.846139104180436,12.594477990731885,12.743546485900879,255281284,0.0,0.0,GOOG
2007-06-11 00:00:00-04:00,12.707206675808274,12.81177763663549,12.60782673133054,12.640953063964844,186604829,0.0,0.0,GOOG
2007-06-12 00:00:00-04:00,12.575937252778273,12.649111271322136,12.438981130882413,12.478535652160645,257742474,0.0,0.0,GOOG
2007-06-13 00:00:00-04:00,12.535888975822283,12.571734818042765,12.32823033628897,12.490154266357422,282414606,0.0,0.0,GOOG
2007-06-14 00:00:00-04:00,12.49361626958383,12.505976644083212,12.402640959954812,12.430824279785156,185540856,0.0,0.0,GOOG
2007-06-15 00:00:00-04:00,12.563080632493035,12.5831054220584,12.391021733920757,12.50622272491455,247889682,0.0,0.0,GOOG
2007-06-18 00:00:00-04:00,12.513393083349584,12.756154511717803,12.465432974908472,12.73637866973877,194161046,0.0,0.0,GOOG
2007-06-19 00:00:00-04:00,12.706959082457258,12.787055401179057,12.645897436120164,12.714375495910645,174864989,0.0,0.0,GOOG
2007-06-20 00:00:00-04:00,12.77988815760043,12.824138639768375,12.584589883206396,12.607086181640625,174178426,0.0,0.0,GOOG
2007-06-21 00:00:00-04:00,12.632053891635202,12.738601297137837,12.515864675270457,12.709431648254395,177049146,0.0,0.0,GOOG
2007-06-22 00:00:00-04:00,12.766539770650256,12.978400284824064,12.758628297142922,12.978153228759766,289228049,0.0,0.0,GOOG
2007-06-25 00:00:00-04:00,13.077035627745422,13.225610962228213,12.938597163293888,13.038471221923828,318188194,0.0,0.0,GOOG
2007-06-26 00:00:00-04:00,13.169741433846294,13.181360641062403,13.00930077019647,13.108680725097656,228433026,0.0,0.0,GOOG
2007-06-27 00:00:00-04:00,12.978645142306277,13.0525622217582,12.844162420937419,13.010536193847656,245842035,0.0,0.0,GOOG
2007-06-28 00:00:00-04:00,12.975679658320042,13.08989243646941,12.948980567324085,12.978893280029297,167360967,0.0,0.0,GOOG
2007-06-29 00:00:00-04:00,13.003860976633192,13.037976479025556,12.84168999547647,12.92178726196289,155805818,0.0,0.0,GOOG
2007-07-02 00:00:00-04:00,12.990758629434888,13.147985652116365,12.958868524052386,13.111645698547363,140026895,0.0,0.0,GOOG
2007-07-03 00:00:00-04:00,13.128456777721683,13.211025557300768,13.040449925498388,13.209542274475098,75152639,0.0,0.0,GOOG
2007-07-05 00:00:00-04:00,13.239702339179303,13.458239031524082,13.15540321884739,13.38976001739502,198457088,0.0,0.0,GOOG
2007-07-06 00:00:00-04:00,13.380366630646376,13.445135068654274,13.318068753014964,13.33463191986084,110291857,0.0,0.0,GOOG
2007-07-09 00:00:00-04:00,13.423628281904932,13.565527419145779,13.355891388203762,13.412750244140625,149751208,0.0,0.0,GOOG
2007-07-10 00:00:00-04:00,13.443159587586162,13.522513803273412,13.390255515028096,13.432034492492676,154818129,0.0,0.0,GOOG
2007-07-11 00:00:00-04:00,13.438709441125031,13.510153128581228,13.349712468648596,13.459968566894531,132868163,0.0,0.0,GOOG
2007-07-12 00:00:00-04:00,13.494331317515584,13.530423270003489,13.354902735135683,13.481228828430176,138179998,0.0,0.0,GOOG
2007-07-13 00:00:00-04:00,13.545008930421863,13.662682382036468,13.528693766426937,13.650074005126953,210269197,0.0,0.0,GOOG
2007-07-16 00:00:00-04:00,13.604093537548838,13.80878467320708,13.579618897773495,13.67059326171875,264969462,0.0,0.0,GOOG
2007-07-17 00:00:00-04:00,13.721271718179759,13.78777049014354,13.65551222112493,13.720281600952148,173792986,0.0,0.0,GOOG
2007-07-18 00:00:00-04:00,13.692842004845449,13.707921888510674,13.443652393747259,13.58431625366211,244111573,0.0,0.0,GOOG
2007-07-19 00:00:00-04:00,13.682213006300335,13.683696289176117,13.404841001678838,13.561820983886719,446756299,0.0,0.0,GOOG
2007-07-20 00:00:00-04:00,12.65479674780716,12.933651992033242,12.595465441982565,12.85800552368164,713556598,0.0,0.0,GOOG
2007-07-23 00:00:00-04:00,12.830565714604324,12.855040354201828,12.66097830914142,12.669878005981445,255221059,0.0,0.0,GOOG
2007-07-24 00:00:00-04:00,12.590521609545588,12.82265392607334,12.536382265719672,12.706711769104004,223719424,0.0,0.0,GOOG
2007-07-25 00:00:00-04:00,12.780381472171964,12.781369696277821,12.498064587310262,12.60189437866211,222631361,0.0,0.0,GOOG
2007-07-26 00:00:00-04:00,12.576679347883971,12.671856504730947,12.332926852487052,12.558384895324707,276368027,0.0,0.0,GOOG
2007-07-27 00:00:00-04:00,12.571488612554313,12.771482849223604,12.496582354924286,12.65455150604248,221189978,0.0,0.0,GOOG
2007-07-30 00:00:00-04:00,12.680012894062699,12.838722248265606,12.620187474604295,12.758872985839844,159126217,0.0,0.0,GOOG
2007-07-31 00:00:00-04:00,12.860725485308624,12.86591744842041,12.607827186584473,12.607827186584473,171460275,0.0,0.0,GOOG
2007-08-01 00:00:00-04:00,12.620188125306687,12.768762510964637,12.561845985525673,12.68050765991211,177791919,0.0,0.0,GOOG
2007-08-02 00:00:00-04:00,12.699791071740718,12.731186121018684,12.583106785417119,12.632796287536621,126669014,0.0,0.0,GOOG
2007-08-03 00:00:00-04:00,12.609064424599406,12.686936299076708,12.434779167175293,12.434779167175293,127524207,0.0,0.0,GOOG
2007-08-06 00:00:00-04:00,12.434779103397402,12.6115358668893,12.422418728864368,12.607827186584473,146607469,0.0,0.0,GOOG
2007-08-07 00:00:00-04:00,12.601649274871155,12.852075146468836,12.584096935375253,12.756650924682617,171211346,0.0,0.0,GOOG
2007-08-08 00:00:00-04:00,12.838723247603182,12.997928619384766,12.783100615853389,12.997928619384766,163362034,0.0,0.0,GOOG
2007-08-09 00:00:00-04:00,12.874817735386612,13.023639188406293,12.722287601892114,12.724760055541992,194586635,0.0,0.0,GOOG
2007-08-10 00:00:00-04:00,12.612278850224866,12.823397242280976,12.499796405187698,12.74997615814209,235888868,0.0,0.0,GOOG
2007-08-13 00:00:00-04:00,12.843668503679073,12.848859520336182,12.68273278868543,12.743794441223145,127648672,0.0,0.0,GOOG
2007-08-14 00:00:00-04:00,12.749232984852044,12.790763956284136,12.558384564108152,12.573217391967773,145892800,0.0,0.0,GOOG
2007-08-15 00:00:00-04:00,12.583106905595116,12.649607578343318,12.27928286805511,12.300048828125,217191045,0.0,0.0,GOOG
2007-08-16 00:00:00-04:00,12.163340370390156,12.272360237982252,11.877562790878233,12.150979995727539,347120233,0.0,0.0,GOOG
2007-08-17 00:00:00-04:00,12.297327517448979,12.385335305521549,12.154191215503365,12.361602783203125,219997525,0.0,0.0,GOOG
2007-08-20 00:00:00-04:00,12.421428994402332,12.423901447826674,12.261729517150808,12.309194564819336,108296406,0.0,0.0,GOOG
2007-08-21 00:00:00-04:00,12.334411799676314,12.56234136277,12.305488256191465,12.52402400970459,144965337,0.0,0.0,GOOG
2007-08-22 00:00:00-04:00,12.606837689955071,12.762334366377083,12.589285354081902,12.675809860229492,130595677,0.0,0.0,GOOG
2007-08-23 00:00:00-04:00,12.75615527515132,12.759369843568901,12.533664734098341,12.661968231201172,123529289,0.0,0.0,GOOG
2007-08-24 00:00:00-04:00,12.672350565360825,12.745030476919888,12.570745218967792,12.73143482208252,99278731,0.0,0.0,GOOG
2007-08-27 00:00:00-04:00,12.71734287597523,12.792001127330405,12.642437568584915,12.6884183883667,93352602,0.0,0.0,GOOG
2007-08-28 00:00:00-04:00,12.645650514079033,12.73093880279336,12.503751368837113,12.518831253051758,131446855,0.0,0.0,GOOG
2007-08-29 00:00:00-04:00,12.554428943476163,12.689406721490315,12.539349060579424,12.679023742675781,102354216,0.0,0.0,GOOG
2007-08-30 00:00:00-04:00,12.666167602630397,12.74131995689511,12.62216418306842,12.642436027526855,106465569,0.0,0.0,GOOG
2007-08-31 00:00:00-04:00,12.684462551018848,12.768514604216461,12.64416686309797,12.7376127243042,119550431,0.0,0.0,GOOG
2007-09-04 00:00:00-04:00,12.731929264078053,13.052810580241426,12.722040396169788,12.982355117797852,148301796,0.0,0.0,GOOG
2007-09-05 00:00:00-04:00,12.939091166617287,13.089396838656251,12.91066268449103,13.047865867614746,133012703,0.0,0.0,GOOG
2007-09-06 00:00:00-04:00,13.086431120632799,13.098050327528533,12.811531571091074,12.942059516906738,145579631,0.0,0.0,GOOG
2007-09-07 00:00:00-04:00,12.802136112892692,12.885693108265704,12.775931136740228,12.838969230651855,147093283,0.0,0.0,GOOG
2007-09-10 00:00:00-04:00,12.886681495034878,12.906212172674678,12.629581369778062,12.71857738494873,129515644,0.0,0.0,GOOG
2007-09-11 00:00:00-04:00,12.780629899256974,12.8958309062082,12.749480958509878,12.887920379638672,108549350,0.0,0.0,GOOG
2007-09-12 00:00:00-04:00,12.868143237950386,13.052317381210628,12.830319995725814,12.920552253723145,119887690,0.0,0.0,GOOG
2007-09-13 00:00:00-04:00,12.955409033053062,13.03328091016121,12.93464307294757,12.9732084274292,75927532,0.0,0.0,GOOG
2007-09-14 00:00:00-04:00,12.934146917594388,13.108926278183723,12.90992122829193,13.07135009765625,111010541,0.0,0.0,GOOG
2007-09-17 00:00:00-04:00,13.0164679173722,13.084450917005006,12.955654275010613,12.986061096191406,88229471,0.0,0.0,GOOG
2007-09-18 00:00:00-04:00,13.016223098953049,13.281481790990115,12.960600463041539,13.23253345489502,169260059,0.0,0.0,GOOG
2007-09-19 00:00:00-04:00,13.33141775935061,13.583078873505457,13.321281836192728,13.518804550170898,221904647,0.0,0.0,GOOG
2007-09-20 00:00:00-04:00,13.52251288602482,13.764781149044978,13.498534251651304,13.666638374328613,221828362,0.0,0.0,GOOG
2007-09-21 00:00:00-04:00,13.75341034666248,13.863420341190828,13.666639713819102,13.846362113952637,321669193,0.0,0.0,GOOG
2007-09-24 00:00:00-04:00,13.868609279065444,14.127194586113376,13.843888531284259,14.042153358459473,212674178,0.0,0.0,GOOG
2007-09-25 00:00:00-04:00,13.942772020086124,14.080222241580127,13.914590597614088,14.066377639770508,109633398,0.0,0.0,GOOG
2007-09-26 00:00:00-04:00,14.100989816424809,14.135352375742915,13.938076716344352,14.045614242553711,134345680,0.0,0.0,GOOG
2007-09-27 00:00:00-04:00,14.13386783339004,14.134115835988847,13.986776734776772,14.029296875,82560301,0.0,0.0,GOOG
2007-09-28 00:00:00-04:00,14.016939629762232,14.079978681838211,13.945742048175273,14.023613929748535,105975740,0.0,0.0,GOOG
2007-10-01 00:00:00-04:00,14.090361374815659,14.445852323642933,14.081460730724054,14.40135383605957,189158364,0.0,0.0,GOOG
2007-10-02 00:00:00-04:00,14.421869630717746,14.753875983867223,14.338558749137839,14.44683837890625,283759629,0.0,0.0,GOOG
2007-10-03 00:00:00-04:00,14.492820204573915,14.560556150299236,14.34721239022291,14.437691688537598,155761653,0.0,0.0,GOOG
2007-10-04 00:00:00-04:00,14.464144530532234,14.464144530532234,14.265633586379032,14.31433391571045,119915795,0.0,0.0,GOOG
2007-10-05 00:00:00-04:00,14.514081268203384,14.733853218423922,14.511608814831906,14.685646057128906,203507949,0.0,0.0,GOOG
2007-10-08 00:00:00-04:00,14.709133516388835,15.08637864760987,14.683175592197419,15.070557594299316,201873847,0.0,0.0,GOOG
2007-10-09 00:00:00-04:00,15.206275566407765,15.42060849951153,15.040148848399948,15.208005905151367,352026555,0.0,0.0,GOOG
2007-10-10 00:00:00-04:00,15.360784067136644,15.467579483237143,15.2480555197764,15.460411071777344,216231462,0.0,0.0,GOOG
2007-10-11 00:00:00-04:00,15.664360951795786,15.856444655398697,15.055229616626567,15.376605033874512,473729022,0.0,0.0,GOOG
2007-10-12 00:00:00-04:00,15.425554429648775,15.782033578299028,15.283653391212242,15.757065773010254,273971076,0.0,0.0,GOOG
2007-10-15 00:00:00-04:00,15.783765282945067,15.818126898134834,15.217155017761137,15.329882621765137,278793083,0.0,0.0,GOOG
2007-10-16 00:00:00-04:00,15.289832974744655,15.473512034294476,15.129145271251673,15.228278160095215,241915372,0.0,0.0,GOOG
2007-10-17 00:00:00-04:00,15.585499850816653,15.673259645558236,15.366470001444457,15.660405158996582,242124152,0.0,0.0,GOOG
2007-10-18 00:00:00-04:00,15.708117960378729,15.855456129736917,15.537294321196791,15.812193870544434,493410518,0.0,0.0,GOOG
2007-10-19 00:00:00-04:00,16.181529982815185,16.27868454074952,15.90143846025268,15.93802547454834,633927242,0.0,0.0,GOOG
2007-10-22 00:00:00-04:00,15.788707363546227,16.192405415554504,15.729623112337375,16.087339401245117,267575192,0.0,0.0,GOOG
2007-10-23 00:00:00-04:00,16.346913335376716,16.751104563022427,16.31601145432239,16.70586585998535,272766578,0.0,0.0,GOOG
2007-10-24 00:00:00-04:00,16.63021723123049,16.747891622710814,16.305133158264248,16.707101821899414,297278110,0.0,0.0,GOOG
2007-10-25 00:00:00-04:00,16.777802186440844,16.784971543380795,16.40376886472447,16.526386260986328,232688918,0.0,0.0,GOOG
2007-10-26 00:00:00-04:00,16.66284831347045,16.72490007296007,16.515262168725908,16.67694091796875,134658850,0.0,0.0,GOOG
2007-10-29 00:00:00-04:00,16.755308010731675,16.81043652947888,16.614891205649293,16.791400909423828,123111730,0.0,0.0,GOOG
2007-10-30 00:00:00-04:00,16.748881976565876,17.30263776434571,16.748881976565876,17.17557144165039,277058606,0.0,0.0,GOOG
2007-10-31 00:00:00-04:00,17.321917348687126,17.477909088134766,17.20696341277849,17.477909088134766,276103037,0.0,0.0,GOOG
2007-11-01 00:00:00-04:00,17.37383236941498,17.644034024226787,17.348863620726494,17.384214401245117,262066622,0.0,0.0,GOOG
2007-11-02 00:00:00-04:00,17.564681880875163,17.640576363956942,17.239103654504962,17.582975387573242,234535815,0.0,0.0,GOOG
2007-11-05 00:00:00-05:00,17.477662901367456,18.052184638004597,17.454920493048384,17.938961029052734,356679932,0.0,0.0,GOOG
2007-11-06 00:00:00-05:00,18.233391176052635,18.337961196899414,17.922893788676635,18.337961196899414,338716853,0.0,0.0,GOOG
2007-11-07 00:00:00-05:00,18.32164738299361,18.47269424189755,17.876912391892464,18.11918067932129,332180444,0.0,0.0,GOOG
2007-11-08 00:00:00-05:00,18.160216764734386,18.167384229621494,16.740723629584323,17.152578353881836,662963671,0.0,0.0,GOOG
2007-11-09 00:00:00-05:00,16.70611179597737,16.856910626451253,16.34592304841438,16.414154052734375,457231416,0.0,0.0,GOOG
2007-11-12 00:00:00-05:00,16.26014160037836,16.56149316941418,15.480681700964956,15.625547409057617,410625377,0.0,0.0,GOOG
2007-11-13 00:00:00-05:00,15.944947369902238,16.338758525043293,15.625549312456835,16.32961082458496,339082217,0.0,0.0,GOOG
2007-11-14 00:00:00-05:00,16.64430838072459,16.698942785836238,15.72937661622869,15.863118171691895,325001637,0.0,0.0,GOOG
2007-11-15 00:00:00-05:00,15.786235568624065,16.006995734845685,15.426046832965383,15.56572151184082,279752666,0.0,0.0,GOOG
2007-11-16 00:00:00-05:00,15.67177842267624,15.710095775620433,15.228773785405844,15.664114952087402,363067785,0.0,0.0,GOOG
2007-11-19 00:00:00-05:00,15.564240333374455,15.741739217200443,15.290081954559263,15.471782684326172,221924722,0.0,0.0,GOOG
2007-11-20 00:00:00-05:00,15.734568322173322,16.29376306383366,15.645324303596317,16.032705307006836,395099399,0.0,0.0,GOOG
2007-11-21 00:00:00-05:00,15.914785891592453,16.562483527988245,15.87300786343337,16.328866958618164,281591533,0.0,0.0,GOOG
2007-11-23 00:00:00-05:00,16.563221591932678,16.767914593120757,16.516500555924424,16.72885513305664,109958613,0.0,0.0,GOOG
2007-11-26 00:00:00-05:00,16.815379324657258,17.14169960125595,16.439615664016603,16.464338302612305,272622038,0.0,0.0,GOOG
2007-11-27 00:00:00-05:00,16.68188558318169,16.722181273193957,16.075225782174783,16.651477813720703,357515050,0.0,0.0,GOOG
2007-11-28 00:00:00-05:00,16.862597819069595,17.163949373631336,16.616126778486937,17.11351776123047,317846919,0.0,0.0,GOOG
2007-11-29 00:00:00-05:00,17.076190120527095,17.373834914010715,17.002520090292006,17.23069953918457,249250764,0.0,0.0,GOOG
2007-11-30 00:00:00-05:00,17.57679210401093,17.578274439978046,16.862595819718457,17.13180923461914,317003771,0.0,0.0,GOOG
2007-12-03 00:00:00-05:00,17.082617680457265,17.181256464865072,16.838619067548212,16.8482608795166,173652461,0.0,0.0,GOOG
2007-12-04 00:00:00-05:00,16.768658964152753,17.107091662721565,16.739239417280235,16.91327667236328,169906473,0.0,0.0,GOOG
2007-12-05 00:00:00-05:00,17.125133306927783,17.278406461184645,16.99584256810194,17.268022537231445,169015145,0.0,0.0,GOOG
2007-12-06 00:00:00-05:00,17.250473594182342,17.71424412526894,17.23094386315611,17.682106018066406,197096005,0.0,0.0,GOOG
2007-12-07 00:00:00-05:00,17.67543284380941,17.749844989763858,17.564435578011434,17.672466278076172,154661545,0.0,0.0,GOOG
2007-12-10 00:00:00-05:00,17.70015376562694,17.917947376640377,17.650958379764305,17.760225296020508,154826159,0.0,0.0,GOOG
2007-12-11 00:00:00-05:00,17.797803622042007,17.82376059814515,17.27470173757059,17.285083770751953,246484434,0.0,0.0,GOOG
2007-12-12 00:00:00-05:00,17.65095875796091,17.658868337216585,17.020566427173193,17.28879165649414,247287433,0.0,0.0,GOOG
2007-12-13 00:00:00-05:00,17.21363696720659,17.246023073963816,16.840347661993345,17.157766342163086,202387766,0.0,0.0,GOOG
2007-12-14 00:00:00-05:00,16.996094053420855,17.29744562198556,16.98991291966433,17.056659698486328,147490767,0.0,0.0,GOOG
2007-12-17 00:00:00-05:00,17.0082061145198,17.191637171487137,16.406739215127473,16.544189453125,220262515,0.0,0.0,GOOG
2007-12-18 00:00:00-05:00,16.66606571524417,16.729103816316133,16.130603447738697,16.646041870117188,287742502,0.0,0.0,GOOG
2007-12-19 00:00:00-05:00,16.66730152573675,16.798076522345664,16.538502977439308,16.745420455932617,177506855,0.0,0.0,GOOG
2007-12-20 00:00:00-05:00,16.954561663663384,17.082370089215075,16.825517011394783,17.049983978271484,177551020,0.0,0.0,GOOG
2007-12-21 00:00:00-05:00,17.25245345202672,17.28656801038538,17.1377456159829,17.223033905029297,216086922,0.0,0.0,GOOG
2007-12-24 00:00:00-05:00,17.181007352651232,17.322906494140625,17.133296194289894,17.322906494140625,65380146,0.0,0.0,GOOG
2007-12-26 00:00:00-05:00,17.27989374339599,17.63167695531582,17.260612012176885,17.57284164428711,101579322,0.0,0.0,GOOG
2007-12-27 00:00:00-05:00,17.47963838426969,17.700398544128213,17.323152542114258,17.323152542114258,118141168,0.0,0.0,GOOG
2007-12-28 00:00:00-05:00,17.42673433487163,17.501392577479166,17.219324664935613,17.367403030395508,102892225,0.0,0.0,GOOG
2007-12-31 00:00:00-05:00,17.269509847536504,17.366416391593575,17.071986186117066,17.094236373901367,95404263,0.0,0.0,GOOG
2008-01-02 00:00:00-05:00,17.128599979868124,17.23984524613902,16.754320485768382,16.938739776611328,172921733,0.0,0.0,GOOG
2008-01-03 00:00:00-05:00,16.940469354221424,16.979774923405774,16.724404205824822,16.942197799682617,130587647,0.0,0.0,GOOG
2008-01-04 00:00:00-05:00,16.80277309891092,16.83416909331492,16.19240649472587,16.24184799194336,215195594,0.0,0.0,GOOG
2008-01-07 00:00:00-05:00,16.16620270440377,16.37237807932855,15.756077352174398,16.05025863647461,257096061,0.0,0.0,GOOG
2008-01-08 00:00:00-05:00,16.14296339092134,16.31502419639983,15.599096499551186,15.615907669067383,214364490,0.0,0.0,GOOG
2008-01-09 00:00:00-05:00,15.575362970653726,16.151367934545693,15.38921241038142,16.147907257080078,270598482,0.0,0.0,GOOG
2008-01-10 00:00:00-05:00,15.94544257749358,16.246794168162545,15.824308438752853,15.98796272277832,254317685,0.0,0.0,GOOG
2008-01-11 00:00:00-05:00,15.88833410638773,16.055698000593203,15.577093679024916,15.778324127197266,199826201,0.0,0.0,GOOG
2008-01-14 00:00:00-05:00,16.096982045243944,16.25173756407931,15.951374225558522,16.16323471069336,178566813,0.0,0.0,GOOG
2008-01-15 00:00:00-05:00,15.967441592469056,16.045314411525922,15.707374887653348,15.7634916305542,223562839,0.0,0.0,GOOG
2008-01-16 00:00:00-05:00,15.548912662151574,15.821340689265678,14.880450024746475,15.227041244506836,423983259,0.0,0.0,GOOG
2008-01-17 00:00:00-05:00,15.345952502008513,15.469064039205781,14.783544052544467,14.852270126342773,329903943,0.0,0.0,GOOG
2008-01-18 00:00:00-05:00,15.03940989942449,15.079705594820487,14.79442210511124,14.838920593261719,342864341,0.0,0.0,GOOG
2008-01-22 00:00:00-05:00,13.894072957786575,14.770935425804037,13.873554054388826,14.44585132598877,381484558,0.0,0.0,GOOG
2008-01-23 00:00:00-05:00,13.861440143576358,14.041658524855428,12.83031819979498,13.56256103515625,681171664,0.0,0.0,GOOG
2008-01-24 00:00:00-05:00,13.814224655884072,14.330650346729596,13.699023654637726,14.202099800109863,377445475,0.0,0.0,GOOG
2008-01-25 00:00:00-05:00,14.630271733731236,14.709132780005117,13.99666669363902,14.002105712890625,279684411,0.0,0.0,GOOG
2008-01-28 00:00:00-05:00,14.115080488043848,14.146476481766879,13.562066865611655,13.74450969696045,233540097,0.0,0.0,GOOG
2008-01-29 00:00:00-05:00,13.855509322056074,13.876769394757828,13.366028804932924,13.609533309936523,252262009,0.0,0.0,GOOG
2008-01-30 00:00:00-05:00,13.576651699781095,13.854517773260039,13.436234907109299,13.553908348083496,318774383,0.0,0.0,GOOG
2008-01-31 00:00:00-05:00,13.324989243528618,14.165264636028544,13.208305915067715,13.950189590454102,597081651,0.0,0.0,GOOG
2008-02-01 00:00:00-05:00,13.06937243422163,13.26714316081025,12.607827262176155,12.753683090209961,706658840,0.0,0.0,GOOG
2008-02-04 00:00:00-05:00,12.584835127752278,12.676551593730185,12.1764401904107,12.247638702392578,528256642,0.0,0.0,GOOG
2008-02-05 00:00:00-05:00,12.09931097933804,12.583105348864143,12.076814683141293,12.528718948364258,449811709,0.0,0.0,GOOG
2008-02-06 00:00:00-05:00,12.636009812857493,12.636751927563257,12.309442425900587,12.402888298034668,306600924,0.0,0.0,GOOG
2008-02-07 00:00:00-05:00,12.282991263963291,12.711410105423449,12.231076364991171,12.482985496520996,318344779,0.0,0.0,GOOG
2008-02-08 00:00:00-05:00,12.593242045795147,12.798923307620028,12.575690653845417,12.773213386535645,274179856,0.0,0.0,GOOG
2008-02-11 00:00:00-05:00,12.867894577679904,12.946754674284666,12.69187993251229,12.883715629577637,233913491,0.0,0.0,GOOG
2008-02-12 00:00:00-05:00,12.938844278607437,13.11708432302155,12.68273236093886,12.807822227478027,267490877,0.0,0.0,GOOG
2008-02-13 00:00:00-05:00,12.91684281713053,13.225610795289931,12.82265483479244,13.216464042663574,265981240,0.0,0.0,GOOG
2008-02-14 00:00:00-05:00,13.308674846960205,13.3751745698958,13.126973178482732,13.157875061035156,260039050,0.0,0.0,GOOG
2008-02-15 00:00:00-05:00,13.060473992718036,13.168011526122598,12.962084159039915,13.093353271484375,210389647,0.0,0.0,GOOG
2008-02-19 00:00:00-05:00,13.224375799841543,13.227342365649264,12.52130443628631,12.581871032714844,254968114,0.0,0.0,GOOG
2008-02-20 00:00:00-05:00,12.447385198294501,12.632794582693995,12.331443042329154,12.583105087280273,267486862,0.0,0.0,GOOG
2008-02-21 00:00:00-05:00,12.67828347378937,12.687184117786682,12.348256340721326,12.431319236755371,227963272,0.0,0.0,GOOG
2008-02-22 00:00:00-05:00,12.411541907436675,12.583106711553121,12.300048638447997,12.553442001342773,221462998,0.0,0.0,GOOG
2008-02-25 00:00:00-05:00,12.507706547441833,12.521304095836609,12.008091064779743,12.025396347045898,336167332,0.0,0.0,GOOG
2008-02-26 00:00:00-05:00,11.40143138340143,11.53171226389634,11.046681640279541,11.475347518920898,934983461,0.0,0.0,GOOG
2008-02-27 00:00:00-05:00,11.374979935519848,11.754698449128687,11.362866616764638,11.689682006835938,406393575,0.0,0.0,GOOG
2008-02-28 00:00:00-05:00,11.6313388017129,11.843693391175103,11.553713989091712,11.752224922180176,264463573,0.0,0.0,GOOG
2008-02-29 00:00:00-05:00,11.665207716803197,11.859763884007348,11.486720605265216,11.648149490356445,378429149,0.0,0.0,GOOG
2008-03-03 00:00:00-05:00,11.656307040430587,11.68621880263395,11.127271143701197,11.298095703125,303312645,0.0,0.0,GOOG
2008-03-04 00:00:00-05:00,11.148039277693027,11.207616699239841,10.773017677950588,10.991059303283691,546910299,0.0,0.0,GOOG
2008-03-05 00:00:00-05:00,11.007127126720432,11.227640253302063,10.97622619128863,11.067694664001465,298578968,0.0,0.0,GOOG
2008-03-06 00:00:00-05:00,11.067449284537965,11.206135770667471,10.6593022463793,10.696878433227539,299923991,0.0,0.0,GOOG
2008-03-07 00:00:00-05:00,10.602440891167756,10.87734136958237,10.537177395749968,10.712944984436035,324082204,0.0,0.0,GOOG
2008-03-10 00:00:00-04:00,10.601204750489538,10.654849986770138,10.210857161829027,10.225194931030273,320701579,0.0,0.0,GOOG
2008-03-11 00:00:00-04:00,10.512949615560562,10.881048899134335,10.497869732084858,10.873385429382324,354399416,0.0,0.0,GOOG
2008-03-12 00:00:00-04:00,10.877589268771544,11.072145436515642,10.829630104266261,10.881791114807129,267073318,0.0,0.0,GOOG
2008-03-13 00:00:00-04:00,10.69613391964124,11.049895413178724,10.599968549604865,10.951750755310059,310222448,0.0,0.0,GOOG
2008-03-14 00:00:00-04:00,10.951009964399448,11.108236984750201,10.64545561993901,10.825920104980469,263961699,0.0,0.0,GOOG
2008-03-17 00:00:00-04:00,10.580439891106183,10.721845882409209,10.18786781075707,10.379704475402832,316710676,0.0,0.0,GOOG
2008-03-18 00:00:00-04:00,10.604914818461442,10.898108842959221,10.519626520473766,10.856576919555664,290573072,0.0,0.0,GOOG
2008-03-19 00:00:00-04:00,10.904782121199881,11.062750310053557,10.671412623535788,10.679571151733398,248086416,0.0,0.0,GOOG
2008-03-20 00:00:00-04:00,10.563877314518898,10.77104091371614,10.32111492598707,10.717889785766602,398022314,0.0,0.0,GOOG
2008-03-24 00:00:00-04:00,10.838528210270322,11.514654265364555,10.82097587424907,11.385608673095703,271554050,0.0,0.0,GOOG
2008-03-25 00:00:00-04:00,11.308972603275777,11.309219659282222,11.025667517263788,11.143835067749023,234138331,0.0,0.0,GOOG
2008-03-26 00:00:00-04:00,11.188581235149796,11.44271479528402,11.107000686796797,11.327019691467285,209811488,0.0,0.0,GOOG
2008-03-27 00:00:00-04:00,11.025668822747734,11.090191150783442,10.88945575534168,10.978203773498535,234162421,0.0,0.0,GOOG
2008-03-28 00:00:00-04:00,11.061761223281415,11.212808058346091,10.736677144245421,10.829876899719238,175704123,0.0,0.0,GOOG
2008-03-31 00:00:00-04:00,10.769557038513199,10.943841348515953,10.679818901955223,10.888959884643555,178522648,0.0,0.0,GOOG
2008-04-01 00:00:00-04:00,11.068685217778524,11.532454882410411,11.04717714172965,11.512925148010254,244637537,0.0,0.0,GOOG
2008-04-02 00:00:00-04:00,11.616506028736884,11.76087761710943,11.381407139011522,11.512676239013672,240859429,0.0,0.0,GOOG
2008-04-03 00:00:00-04:00,11.41453446485858,11.453098872111257,11.078325265525182,11.251127243041992,272152284,0.0,0.0,GOOG
2008-04-04 00:00:00-04:00,11.297848184736761,11.812545389162219,11.277824341547896,11.645923614501953,236772166,0.0,0.0,GOOG
2008-04-07 00:00:00-04:00,11.792767691600377,12.00067337995699,11.706243182579701,11.787576675415039,238631108,0.0,0.0,GOOG
2008-04-08 00:00:00-04:00,11.694132028035735,11.721324285050613,11.421455984270363,11.564839363098145,182561731,0.0,0.0,GOOG
2008-04-09 00:00:00-04:00,11.59747081750941,11.668420387503856,11.310952081463054,11.475347518920898,242830791,0.0,0.0,GOOG
2008-04-10 00:00:00-04:00,11.494382871982612,11.714401881214746,11.417499226147992,11.596234321594238,203656504,0.0,0.0,GOOG
2008-04-11 00:00:00-04:00,11.472380574691746,11.551241614532932,11.248406778095548,11.30872631072998,167413162,0.0,0.0,GOOG
2008-04-14 00:00:00-04:00,11.301557247925738,11.308726605657329,11.128262115093838,11.1655912399292,154280120,0.0,0.0,GOOG
2008-04-15 00:00:00-04:00,11.32553864445167,11.364844220542535,10.96930464709987,11.046435356140137,183790319,0.0,0.0,GOOG
2008-04-16 00:00:00-04:00,10.986115137692186,11.329246653635348,10.902064017525529,11.248902320861816,306372069,0.0,0.0,GOOG
2008-04-17 00:00:00-04:00,11.263733845143111,11.356191486478936,11.038523819299908,11.113182067871094,536122013,0.0,0.0,GOOG
2008-04-18 00:00:00-04:00,13.231051018703544,13.539819024969901,12.972960740543037,13.334879875183105,732158060,0.0,0.0,GOOG
2008-04-21 00:00:00-04:00,13.334384845756931,13.413492946164686,13.109420918998199,13.294830322265625,298703433,0.0,0.0,GOOG
2008-04-22 00:00:00-04:00,13.289390345409174,13.864407078080278,13.289143289389665,13.720281600952148,318730218,0.0,0.0,GOOG
2008-04-23 00:00:00-04:00,13.792962915925987,13.826831362955904,13.372949683738529,13.509904861450195,197597880,0.0,0.0,GOOG
2008-04-24 00:00:00-04:00,13.628568689104574,13.707675846906003,13.349959511577099,13.424617767333984,166023975,0.0,0.0,GOOG
2008-04-25 00:00:00-04:00,13.572451292409237,13.670841129710533,13.416954589956974,13.449833869934082,167200368,0.0,0.0,GOOG
2008-04-28 00:00:00-04:00,13.494824590732062,13.765027204834437,13.32474213895491,13.64908504486084,160945009,0.0,0.0,GOOG
2008-04-29 00:00:00-04:00,13.617196417225788,13.927941809952257,13.596924569281233,13.806065559387207,174491595,0.0,0.0,GOOG
2008-04-30 00:00:00-04:00,13.898521997336038,14.458458861730577,13.806064355981945,14.19715404510498,317304895,0.0,0.0,GOOG
2008-05-01 00:00:00-04:00,14.29653601117211,14.70740349256286,14.263409674357474,14.66166877746582,265101957,0.0,0.0,GOOG
2008-05-02 00:00:00-04:00,14.795408216012962,14.89330487596069,14.32100858586365,14.370203971862793,281001329,0.0,0.0,GOOG
2008-05-05 00:00:00-04:00,14.80455789742212,14.80801857538905,14.514577505426631,14.706661224365234,252181709,0.0,0.0,GOOG
2008-05-06 00:00:00-04:00,14.610246566820226,14.634968262285712,14.412476789395747,14.4955415725708,185866070,0.0,0.0,GOOG
2008-05-07 00:00:00-04:00,14.592201128545367,14.820130674983654,14.250059752849912,14.313592910766602,265511486,0.0,0.0,GOOG
2008-05-08 00:00:00-04:00,14.491584571525584,14.568220211603089,14.311366200774774,14.41272258758545,205684075,0.0,0.0,GOOG
2008-05-09 00:00:00-04:00,14.313592298073095,14.461919625450417,14.123238941934272,14.170208930969238,180068420,0.0,0.0,GOOG
2008-05-12 00:00:00-04:00,14.208527689134755,14.505181406980636,14.064155146642095,14.46043586730957,195285244,0.0,0.0,GOOG
2008-05-13 00:00:00-04:00,14.49232771215634,14.534847856680798,14.302468451515352,14.412477493286133,207314163,0.0,0.0,GOOG
2008-05-14 00:00:00-04:00,14.498755320334533,14.614944544966049,14.220888269485377,14.246845245361328,175688063,0.0,0.0,GOOG
2008-05-15 00:00:00-04:00,14.313592757978642,14.411241419322304,14.22978680721553,14.363035202026367,174359100,0.0,0.0,GOOG
2008-05-16 00:00:00-04:00,14.37366445814334,14.454007833754902,14.296780813414458,14.340043067932129,171604815,0.0,0.0,GOOG
2008-05-19 00:00:00-04:00,14.302468059740049,14.557837869090466,14.17812030478467,14.277005195617676,225020282,0.0,0.0,GOOG
2008-05-20 00:00:00-04:00,14.205561485818132,14.399622586790358,14.163040395957081,14.303704261779785,133040807,0.0,0.0,GOOG
2008-05-21 00:00:00-04:00,14.301725529210204,14.373170154202215,13.54451397711174,13.596428871154785,259693761,0.0,0.0,GOOG
2008-05-22 00:00:00-04:00,13.64488304861084,13.700752735817941,13.355644798571651,13.58332633972168,203813089,0.0,0.0,GOOG
2008-05-23 00:00:00-04:00,13.521524481331758,13.670840037603607,13.295325276168555,13.463676452636719,177924414,0.0,0.0,GOOG
2008-05-27 00:00:00-04:00,13.47208125091867,13.90816352513324,13.444640047672529,13.86613655090332,155199554,0.0,0.0,GOOG
2008-05-28 00:00:00-04:00,14.040175749049984,14.127936490712944,13.871082455605134,14.047592163085938,162623276,0.0,0.0,GOOG
2008-05-29 00:00:00-04:00,14.209516689449174,14.48367507099209,14.17021016671146,14.412477493286133,194526410,0.0,0.0,GOOG
2008-05-30 00:00:00-04:00,14.424096109043106,14.58354853762476,14.370451818488055,14.481697082519531,129491554,0.0,0.0,GOOG
2008-06-02 00:00:00-04:00,14.400115816167947,14.43447837509396,14.122496781891812,14.214706420898438,147518872,0.0,0.0,GOOG
2008-06-03 00:00:00-04:00,14.251790388903446,14.35067623325929,13.858971254160119,14.024354934692383,172857493,0.0,0.0,GOOG
2008-06-04 00:00:00-04:00,13.975653224481881,14.288871055301145,13.956370548258478,14.14598274230957,135032244,0.0,0.0,GOOG
2008-06-05 00:00:00-04:00,14.266128104998945,14.537072857357353,14.244620030700068,14.494057655334473,157255230,0.0,0.0,GOOG
2008-06-06 00:00:00-04:00,14.33213441309662,14.356113995556576,14.016939163208008,14.016939163208008,190089843,0.0,0.0,GOOG
2008-06-09 00:00:00-04:00,14.043141210191948,14.091100368327568,13.482958251508407,13.791231155395508,212324874,0.0,0.0,GOOG
2008-06-10 00:00:00-04:00,13.585799481157647,13.814719153799485,13.517075304045443,13.6997652053833,146844353,0.0,0.0,GOOG
2008-06-11 00:00:00-04:00,13.750938046889775,13.778131250588437,13.459721439485683,13.478014945983887,153087667,0.0,0.0,GOOG
2008-06-12 00:00:00-04:00,13.566023458872172,13.794447123245265,13.519546632135782,13.669605255126953,220487355,0.0,0.0,GOOG
2008-06-13 00:00:00-04:00,13.880722151478674,14.232011198007505,13.877014418060407,14.128429412841797,248303226,0.0,0.0,GOOG
2008-06-16 00:00:00-04:00,14.004577438320194,14.316063977653489,14.004577438320194,14.160568237304688,142243171,0.0,0.0,GOOG
2008-06-17 00:00:00-04:00,14.248081635758084,14.290602725638992,14.051053022467618,14.077752113342285,139035192,0.0,0.0,GOOG
2008-06-18 00:00:00-04:00,13.95538032772142,14.066131469725748,13.823122060219406,13.902724266052246,135754943,0.0,0.0,GOOG
2008-06-19 00:00:00-04:00,13.728937072450503,13.937336899402442,13.616701684501212,13.848834037780762,228176066,0.0,0.0,GOOG
2008-06-20 00:00:00-04:00,13.769230717401818,13.769230717401818,13.460957795609033,13.508421897888184,240221045,0.0,0.0,GOOG
2008-06-23 00:00:00-04:00,13.481969681235887,13.674548436986951,13.399400905502484,13.478261947631836,145981130,0.0,0.0,GOOG
2008-06-24 00:00:00-04:00,13.476531835724462,13.626095394052458,13.228330445710327,13.406323432922363,187604562,0.0,0.0,GOOG
2008-06-25 00:00:00-04:00,13.472329474749495,13.789503050973375,13.440191364595192,13.62139892578125,165506041,0.0,0.0,GOOG
2008-06-26 00:00:00-04:00,13.450823107751102,13.471341065900948,13.059238311885746,13.073081970214844,227228528,0.0,0.0,GOOG
2008-06-27 00:00:00-04:00,13.044898809015177,13.102251776315335,12.733657441264228,13.05453872680664,218716743,0.0,0.0,GOOG
2008-06-30 00:00:00-04:00,13.163313623173492,13.300020797986413,12.930686235842533,13.013749122619629,151176531,0.0,0.0,GOOG
2008-07-01 00:00:00-04:00,12.844658306079468,13.268380267714823,12.780877140767057,13.219184875488281,199139637,0.0,0.0,GOOG
2008-07-02 00:00:00-04:00,13.263187262768177,13.358858529936978,13.004850893068586,13.029077529907227,169553154,0.0,0.0,GOOG
2008-07-03 00:00:00-04:00,13.124006140488707,13.330429496892634,13.04044914176422,13.275300979614258,96379907,0.0,0.0,GOOG
2008-07-07 00:00:00-04:00,13.406323451395139,13.571955117939194,13.240690838276237,13.446125030517578,170845981,0.0,0.0,GOOG
2008-07-08 00:00:00-04:00,13.497543676933248,13.724980050752183,13.349464350454149,13.708663940429688,198035514,0.0,0.0,GOOG
2008-07-09 00:00:00-04:00,13.615464586894692,13.737093776545004,13.367510249729456,13.387782096862793,166782808,0.0,0.0,GOOG
2008-07-10 00:00:00-04:00,13.473070821594375,13.584316080857914,13.120051421550288,13.363554954528809,173917451,0.0,0.0,GOOG
2008-07-11 00:00:00-04:00,13.26294046861169,13.337103663389756,12.840948870750639,13.196192741394043,200002860,0.0,0.0,GOOG
2008-07-14 00:00:00-04:00,13.324744255797151,13.350949236502101,12.742559963508645,12.895090103149414,177655409,0.0,0.0,GOOG
2008-07-15 00:00:00-04:00,12.763077794709858,13.04045075416122,12.387809109118265,12.758380889892578,243750224,0.0,0.0,GOOG
2008-07-16 00:00:00-04:00,12.707701379382794,13.262940427334195,12.622660146421048,13.240691184997559,190398997,0.0,0.0,GOOG
2008-07-17 00:00:00-04:00,13.205092438222449,13.276536118266439,12.966284866761614,13.187292098999023,352813493,0.0,0.0,GOOG
2008-07-18 00:00:00-04:00,12.319826194905914,12.335400192400897,11.82144596959226,11.898823738098145,453389067,0.0,0.0,GOOG
2008-07-21 00:00:00-04:00,11.887945568253196,11.967300724619028,11.51267691369684,11.589313507080078,236944811,0.0,0.0,GOOG
2008-07-22 00:00:00-04:00,11.537892373284414,11.872371214116239,11.510204113045699,11.794746398925781,188363396,0.0,0.0,GOOG
2008-07-23 00:00:00-04:00,11.905991120081426,12.292135890600465,11.819218609697568,12.09411907196045,196497772,0.0,0.0,GOOG
2008-07-24 00:00:00-04:00,12.279035213717881,12.283238006051635,11.757911682128906,11.757911682128906,142166886,0.0,0.0,GOOG
2008-07-25 00:00:00-04:00,12.026628869647634,12.190778171189896,11.903270310786821,12.162348747253418,127817302,0.0,0.0,GOOG
2008-07-28 00:00:00-04:00,12.165071062781584,12.165071062781584,11.74579896363432,11.794994354248047,126873778,0.0,0.0,GOOG
2008-07-29 00:00:00-04:00,11.848885294373142,12.045666850042863,11.816749077684412,11.943074226379395,112532223,0.0,0.0,GOOG
2008-07-30 00:00:00-04:00,12.002158757528594,12.0150132444982,11.688444908377912,11.932938575744629,140151360,0.0,0.0,GOOG
2008-07-31 00:00:00-04:00,11.731706154363524,11.888191048874594,11.654575459127463,11.711681365966797,115033564,0.0,0.0,GOOG
2008-08-01 00:00:00-04:00,11.68102639075382,11.698578725728503,11.433568095399448,11.566072463989258,120766974,0.0,0.0,GOOG
2008-08-04 00:00:00-04:00,11.572502688055547,11.693389766404819,11.418737277708907,11.445930480957031,99852875,0.0,0.0,GOOG
2008-08-05 00:00:00-04:00,11.559401106858077,11.868169099902484,11.528251220700701,11.862483024597168,143917423,0.0,0.0,GOOG
2008-08-06 00:00:00-04:00,11.8258948582632,12.107717645823358,11.681028201415634,12.022923469543457,135538133,0.0,0.0,GOOG
2008-08-07 00:00:00-04:00,11.915633275548283,11.96507666813665,11.777441861385704,11.844436645507812,111367875,0.0,0.0,GOOG
2008-08-08 00:00:00-04:00,11.869899800752913,12.255551457051546,11.759642755345826,12.23725700378418,150132633,0.0,0.0,GOOG
2008-08-11 00:00:00-04:00,12.174463563525883,12.580139017231003,12.157405339117334,12.381380081176758,170207597,0.0,0.0,GOOG
2008-08-12 00:00:00-04:00,12.410057635451476,12.51215709496622,12.311173690798052,12.425137519836426,110641162,0.0,0.0,GOOG
2008-08-13 00:00:00-04:00,12.400169143173677,12.448127357170023,12.209320725016308,12.361356735229492,145563571,0.0,0.0,GOOG
2008-08-14 00:00:00-04:00,12.303757211373833,12.548744040606596,12.268899591668191,12.49633502960205,117181585,0.0,0.0,GOOG
2008-08-15 00:00:00-04:00,12.533416147131796,12.624143448678876,12.496581135317225,12.61153507232666,142359606,0.0,0.0,GOOG
2008-08-18 00:00:00-04:00,12.60387268865388,12.607827478514102,12.249617038776517,12.31859016418457,133855851,0.0,0.0,GOOG
2008-08-19 00:00:00-04:00,12.124033561269007,12.31809561894914,12.030093572837467,12.125764846801758,122316761,0.0,0.0,GOOG
2008-08-20 00:00:00-04:00,12.230087523583467,12.27878880216933,11.92972510930799,11.989797592163086,159881036,0.0,0.0,GOOG
2008-08-21 00:00:00-04:00,11.93837629127195,12.110931208615458,11.848144042839364,12.027620315551758,141090868,0.0,0.0,GOOG
2008-08-22 00:00:00-04:00,12.150486069457424,12.234044027387807,12.100549507495609,12.127989768981934,92232419,0.0,0.0,GOOG
2008-08-25 00:00:00-04:00,12.017237940428506,12.286451395259096,11.903272223800657,11.940601348876953,80874004,0.0,0.0,GOOG
2008-08-26 00:00:00-04:00,11.951724893612509,11.951724893612509,11.633562177111527,11.721817970275879,132823998,0.0,0.0,GOOG
2008-08-27 00:00:00-04:00,11.711188076188304,11.738382225691453,11.491417055237577,11.583874702453613,176141757,0.0,0.0,GOOG
2008-08-28 00:00:00-04:00,11.68053322688498,11.778428938623462,11.627135996197989,11.712424278259277,121642242,0.0,0.0,GOOG
2008-08-29 00:00:00-04:00,11.612797777106802,11.64394671517295,11.429366719453101,11.45309829711914,154504960,0.0,0.0,GOOG
2008-09-02 00:00:00-04:00,11.786340981149388,11.920083486797479,11.406870486891073,11.50155258178711,245376296,0.0,0.0,GOOG
2008-09-03 00:00:00-04:00,11.587581726713816,11.725031962338635,11.361382529656352,11.480785369873047,173230887,0.0,0.0,GOOG
2008-09-04 00:00:00-04:00,11.371766433256967,11.451863707399022,11.109721373256548,11.1309814453125,194666935,0.0,0.0,GOOG
2008-09-05 00:00:00-04:00,11.013061449969234,11.185368363860265,10.87931894222017,10.982407569885254,182051827,0.0,0.0,GOOG
2008-09-08 00:00:00-04:00,11.174489907660313,11.197233260835608,10.322349178933637,10.381680488586426,362068052,0.0,0.0,GOOG
2008-09-09 00:00:00-04:00,10.461282883044818,10.688966314577648,10.259310317199562,10.3497896194458,290267933,0.0,0.0,GOOG
2008-09-10 00:00:00-04:00,10.493421138270783,10.49366914090357,10.127795210996469,10.238546371459961,250005583,0.0,0.0,GOOG
2008-09-11 00:00:00-04:00,10.094914658903368,10.75596092243103,10.046214326677061,10.722834587097168,259826256,0.0,0.0,GOOG
2008-09-12 00:00:00-04:00,10.63532012829712,10.926535769542516,10.605407416925196,10.819494247436523,242023777,0.0,0.0,GOOG
2008-09-15 00:00:00-04:00,10.481801962006166,10.926041845347779,10.474632604079945,10.725552558898926,263680649,0.0,0.0,GOOG
2008-09-16 00:00:00-04:00,10.530254683045067,11.10675376070958,10.518636423925745,10.949774742126465,280676114,0.0,0.0,GOOG
2008-09-17 00:00:00-04:00,10.83976441881069,10.85608052815075,10.220745220823883,10.246702194213867,366444394,0.0,0.0,GOOG
2008-09-18 00:00:00-04:00,10.448180457715857,10.857070498835036,10.148065117929113,10.854598045349121,344863807,0.0,0.0,GOOG
2008-09-19 00:00:00-04:00,11.39648734424018,11.422938431176355,10.958426713415719,11.103540420532227,401740198,0.0,0.0,GOOG
2008-09-22 00:00:00-04:00,11.226652006528616,11.226652006528616,10.605407372114046,10.633589744567871,176952786,0.0,0.0,GOOG
2008-09-23 00:00:00-04:00,10.71047230781443,10.896870874632771,10.524321743598712,10.612082481384277,208948265,0.0,0.0,GOOG
2008-09-24 00:00:00-04:00,10.638534901988589,11.000948155298149,10.632849772911786,10.756455421447754,170316002,0.0,0.0,GOOG
2008-09-25 00:00:00-04:00,10.848664058912993,11.124552740455607,10.77796154985356,10.867452621459961,201564693,0.0,0.0,GOOG
2008-09-26 00:00:00-04:00,10.580687551295958,10.80713382832539,10.408380626491393,10.655839920043945,212493504,0.0,0.0,GOOG
2008-09-29 00:00:00-04:00,10.370803724384444,10.469688612540876,9.411619552007176,9.41878890991211,432129680,0.0,0.0,GOOG
2008-09-30 00:00:00-04:00,9.789112726274498,10.508500150853866,9.698632475543215,9.901347160339355,123914728,0.0,0.0,GOOG
2008-10-01 00:00:00-04:00,10.16413385095422,10.308258385182725,9.965127855728111,10.178224563598633,250326782,0.0,0.0,GOOG
2008-10-02 00:00:00-04:00,10.130513846193312,10.135210750611837,9.542395531384273,9.653392791748047,240293315,0.0,0.0,GOOG
2008-10-03 00:00:00-04:00,9.82298112781017,10.197507666304178,9.469961716509932,9.564891815185547,320914374,0.0,0.0,GOOG
2008-10-06 00:00:00-04:00,9.245245410868975,9.294934909051042,8.829434027445755,9.176767349243164,450506303,0.0,0.0,GOOG
2008-10-07 00:00:00-04:00,9.229176966179963,9.269966770672424,8.537971901038622,8.553792953491211,443833384,0.0,0.0,GOOG
2008-10-08 00:00:00-04:00,8.16196214840915,8.874674348078566,8.061841029826436,8.358494758605957,474829130,0.0,0.0,GOOG
2008-10-09 00:00:00-04:00,8.516958926751427,8.617080044864398,7.952078062170529,8.132790565490723,324210683,0.0,0.0,GOOG
2008-10-10 00:00:00-04:00,7.741701454052031,8.451941682195375,7.670998462113421,8.207448959350586,425500926,0.0,0.0,GOOG
2008-10-13 00:00:00-04:00,8.795566767603654,9.442274269445397,8.547365379361825,9.419282913208008,357555200,0.0,0.0,GOOG
2008-10-14 00:00:00-04:00,9.728546124290352,9.752525705085404,8.825479636176508,8.96663761138916,312559174,0.0,0.0,GOOG
2008-10-15 00:00:00-04:00,8.767384905517035,8.874922439387001,8.376295182997149,8.384699821472168,269863738,0.0,0.0,GOOG
2008-10-16 00:00:00-04:00,8.226237237138811,8.813119331147979,7.649737649505614,8.727088928222656,652022815,0.0,0.0,GOOG
2008-10-17 00:00:00-04:00,9.368357470232297,9.542394707604135,8.987401827672969,9.209646224975586,572104380,0.0,0.0,GOOG
2008-10-20 00:00:00-04:00,9.387886428306464,9.418293250234564,8.889506283035402,9.377256393432617,271148536,0.0,0.0,GOOG
2008-10-21 00:00:00-04:00,9.205939091215571,9.487513866921466,8.949085063835827,8.967626571655273,232146894,0.0,0.0,GOOG
2008-10-22 00:00:00-04:00,8.825232854269695,9.139191865266225,8.504103538525806,8.792600631713867,263383540,0.0,0.0,GOOG
2008-10-23 00:00:00-04:00,8.742662827992897,8.850199398957987,8.35552795416442,8.709783554077148,260127380,0.0,0.0,GOOG
2008-10-24 00:00:00-04:00,8.070740193072453,8.664048557964204,8.027972996087515,8.387665748596191,295463334,0.0,0.0,GOOG
2008-10-27 00:00:00-04:00,8.276915255976194,8.479382893313533,8.049232756564509,8.145398139953613,248957670,0.0,0.0,GOOG
2008-10-28 00:00:00-04:00,8.381734124422945,9.12979805679045,8.121172349196364,9.115954399108887,325431241,0.0,0.0,GOOG
2008-10-29 00:00:00-04:00,9.042779419954186,9.171577024613809,8.711020068520533,8.850200653076172,391726805,0.0,0.0,GOOG
2008-10-30 00:00:00-04:00,9.108783635020794,9.196296362708388,8.859346046333433,8.89197826385498,320753774,0.0,0.0,GOOG
2008-10-31 00:00:00-04:00,8.804714334855596,9.195309012097457,8.757991396534885,8.883822441101074,298044974,0.0,0.0,GOOG
2008-11-03 00:00:00-05:00,8.839818853462349,8.973560422273833,8.440569648861782,8.565659523010254,239072757,0.0,0.0,GOOG
2008-11-04 00:00:00-05:00,8.737472203671432,9.205197576711631,8.541184754152985,9.071208953857422,295097969,0.0,0.0,GOOG
2008-11-05 00:00:00-05:00,8.952794182782432,9.119167969799411,8.437603766587094,8.460594177246094,278901487,0.0,0.0,GOOG
2008-11-06 00:00:00-05:00,8.404477929578661,8.514486975367326,8.05442505288911,8.188167572021484,344277618,0.0,0.0,GOOG
2008-11-07 00:00:00-05:00,8.235136084516093,8.433648927231335,8.042557319681908,8.186188697814941,187953866,0.0,0.0,GOOG
2008-11-10 00:00:00-05:00,8.1085638573132,8.144162645056193,7.650479360888083,7.880634307861328,324415448,0.0,0.0,GOOG
2008-11-11 00:00:00-05:00,7.631197011488964,7.819324977172187,7.429224442009525,7.699674129486084,407385278,0.0,0.0,GOOG
2008-11-12 00:00:00-05:00,7.46704782503693,7.7251366534542445,7.113781372647436,7.193877220153809,403550960,0.0,0.0,GOOG
2008-11-13 00:00:00-05:00,7.21291363683376,7.737746358462645,6.921944553616679,7.715001583099365,531372276,0.0,0.0,GOOG
2008-11-14 00:00:00-05:00,7.496713840705553,8.034153047476806,7.4796560874229945,7.664076805114746,382110897,0.0,0.0,GOOG
2008-11-17 00:00:00-05:00,7.490532945537069,7.667537716510135,7.36569155014302,7.419335842132568,302883041,0.0,0.0,GOOG
2008-11-18 00:00:00-05:00,7.455182227029614,7.508579936742579,7.054203635580905,7.352588653564453,335095329,0.0,0.0,GOOG
2008-11-19 00:00:00-05:00,7.302405259369492,7.421066471979352,6.886840882811317,6.926394462585449,314558640,0.0,0.0,GOOG
2008-11-20 00:00:00-05:00,6.795619055946896,6.994625063062229,6.403787702317357,6.416642189025879,392642224,0.0,0.0,GOOG
2008-11-21 00:00:00-05:00,6.489569141625467,6.659157469863311,6.113559369340496,6.4875922203063965,411315956,0.0,0.0,GOOG
2008-11-24 00:00:00-05:00,6.6564382794561014,6.67349508358109,6.155832744921778,6.364232540130615,403695499,0.0,0.0,GOOG
2008-11-25 00:00:00-05:00,6.64209977480522,7.0865881112540725,6.608478857661633,6.972622871398926,432462924,0.0,0.0,GOOG
2008-11-26 00:00:00-05:00,6.928866480300914,7.304135138731462,6.828003722333568,7.220824718475342,255217044,0.0,0.0,GOOG
2008-11-28 00:00:00-05:00,7.1834957231870185,7.328609438852076,7.126636389905261,7.242331504821777,103004645,0.0,0.0,GOOG
2008-12-01 00:00:00-05:00,7.087082832649688,7.104387168112824,6.575353091202466,6.5756001472473145,229304279,0.0,0.0,GOOG
2008-12-02 00:00:00-05:00,6.6680583606633475,6.867064861375873,6.4913020510706625,6.801058769226074,234463545,0.0,0.0,GOOG
2008-12-03 00:00:00-05:00,6.671023889915885,6.955564753369042,6.559531101739346,6.907852649688721,237077306,0.0,0.0,GOOG
2008-12-04 00:00:00-05:00,6.83616134888342,7.008220724483802,6.644325185881238,6.782022476196289,196196647,0.0,0.0,GOOG
2008-12-05 00:00:00-05:00,6.6999484168248395,7.026762390104058,6.526899381710631,7.020582675933838,261825722,0.0,0.0,GOOG
2008-12-08 00:00:00-05:00,7.1689094515495,7.649736769391117,6.971386751206016,7.468530178070068,326993073,0.0,0.0,GOOG
2008-12-09 00:00:00-05:00,7.359263233721479,7.8613511237609135,7.342452065100219,7.563954830169678,276629001,0.0,0.0,GOOG
2008-12-10 00:00:00-05:00,7.644793360534425,7.784715104077138,7.527861552969452,7.634410381317139,210265182,0.0,0.0,GOOG
2008-12-11 00:00:00-05:00,7.51945690743239,7.734779028290683,7.361983290511115,7.421808242797852,248094446,0.0,0.0,GOOG
2008-12-12 00:00:00-05:00,7.31031524385883,7.823528251515415,7.268041684175701,7.805975914001465,229741913,0.0,0.0,GOOG
2008-12-15 00:00:00-05:00,7.762713090478667,7.873464713481484,7.542694547113402,7.680144786834717,270526212,0.0,0.0,GOOG
2008-12-16 00:00:00-05:00,7.775322841125365,8.14564662674682,7.694978032481601,8.041322708129883,283442445,0.0,0.0,GOOG
2008-12-17 00:00:00-05:00,7.8771724351984735,7.96344941376051,7.7234065676772765,7.79311990737915,232456049,0.0,0.0,GOOG
2008-12-18 00:00:00-05:00,7.829213926859294,7.919446175644369,7.641580071279197,7.67050313949585,191254191,0.0,0.0,GOOG
2008-12-19 00:00:00-05:00,7.688055591843595,7.856159717364165,7.638860675634011,7.667784690856934,225345496,0.0,0.0,GOOG
2008-12-22 00:00:00-05:00,7.627982498938085,7.651219963725797,7.184730863487457,7.344924449920654,157291365,0.0,0.0,GOOG
2008-12-23 00:00:00-05:00,7.426999037322376,7.498195660265303,7.334046812658931,7.367420673370361,151674390,0.0,0.0,GOOG
2008-12-24 00:00:00-05:00,7.452956959253711,7.573101926522228,7.376320834523473,7.489297389984131,77148090,0.0,0.0,GOOG
2008-12-26 00:00:00-05:00,7.516985149047015,7.546403752467426,7.374591403371985,7.425270080566406,78657728,0.0,0.0,GOOG
2008-12-29 00:00:00-05:00,7.421808362654357,7.450484375823646,7.208216577227604,7.352588653564453,148631025,0.0,0.0,GOOG
2008-12-30 00:00:00-05:00,7.436145415887894,7.584719797153127,7.384478996638343,7.493251800537109,154316255,0.0,0.0,GOOG
2008-12-31 00:00:00-05:00,7.520198108123485,7.688302224384214,7.480891115242134,7.6054863929748535,115904817,0.0,0.0,GOOG
2009-01-02 00:00:00-05:00,7.628971600250987,7.955786506606972,7.552336427023717,7.943426132202148,144961322,0.0,0.0,GOOG
2009-01-05 00:00:00-05:00,7.935514608062785,8.188660416745213,7.787187285290105,8.109798431396484,196293007,0.0,0.0,GOOG
2009-01-06 00:00:00-05:00,8.23167512421103,8.424995050534973,8.068762021500074,8.258374214172363,257971329,0.0,0.0,GOOG
2009-01-07 00:00:00-05:00,8.116474356345345,8.180501626970345,7.879892640078224,7.960483551025391,180453860,0.0,0.0,GOOG
2009-01-08 00:00:00-05:00,7.868274140286051,8.03909683227539,7.845035253307572,8.03909683227539,144567852,0.0,0.0,GOOG
2009-01-09 00:00:00-05:00,8.096203183915389,8.096203183915389,7.747633153322457,7.788917541503906,174270770,0.0,0.0,GOOG
2009-01-12 00:00:00-05:00,7.819572162599201,7.884836606626043,7.669267432394783,7.730081081390381,132667413,0.0,0.0,GOOG
2009-01-13 00:00:00-05:00,7.7073376400315485,7.92562679468326,7.673222608871839,7.770377159118652,177964564,0.0,0.0,GOOG
2009-01-14 00:00:00-05:00,7.6635817438640395,7.757522199180455,7.360746416073602,7.440349102020264,219535801,0.0,0.0,GOOG
2009-01-15 00:00:00-05:00,7.356296133853983,7.504870988046064,7.089800777141633,7.39139986038208,238269759,0.0,0.0,GOOG
2009-01-16 00:00:00-05:00,7.540469517951705,7.620319735835641,7.310068457173828,7.408211708068848,209759293,0.0,0.0,GOOG
2009-01-20 00:00:00-05:00,7.3951081755707015,7.404008345275938,6.989928245544434,6.989928245544434,202684876,0.0,0.0,GOOG
2009-01-21 00:00:00-05:00,7.128367227168413,7.502893305769517,7.128367227168413,7.49251127243042,197718329,0.0,0.0,GOOG
2009-01-22 00:00:00-05:00,7.367915889662045,7.6475133003307905,7.296471726703601,7.577057361602783,331919470,0.0,0.0,GOOG
2009-01-23 00:00:00-05:00,7.645534452968606,8.206458560157639,7.52069165529629,8.026982307434082,430921167,0.0,0.0,GOOG
2009-01-26 00:00:00-05:00,8.030692550824574,8.108564431236697,7.924638768075302,8.006465911865234,185119281,0.0,0.0,GOOG
2009-01-27 00:00:00-05:00,8.070244734131412,8.253676726708667,8.016352445949181,8.194592475891113,197830749,0.0,0.0,GOOG
2009-01-28 00:00:00-05:00,8.355281201158736,8.710031912720265,8.31399728387002,8.619551658630371,308809170,0.0,0.0,GOOG
2009-01-29 00:00:00-05:00,8.517453012111693,8.530060442886967,8.407938085242101,8.487293243408203,292444059,0.0,0.0,GOOG
2009-01-30 00:00:00-05:00,8.521159515243877,8.622763901199503,8.306332484980866,8.368877410888672,187580472,0.0,0.0,GOOG
2009-02-02 00:00:00-05:00,8.264060925020027,8.528824554401865,8.207449119157323,8.419310569763184,209056670,0.0,0.0,GOOG
2009-02-03 00:00:00-05:00,8.468752713287063,8.479383696949357,8.252689400243877,8.41634464263916,263243015,0.0,0.0,GOOG
2009-02-04 00:00:00-05:00,8.406949659536918,8.762194509159395,8.384700415101536,8.47938346862793,273718132,0.0,0.0,GOOG
2009-02-05 00:00:00-05:00,8.427713913166984,8.785430197520293,8.331054430711722,8.744392395019531,291665150,0.0,0.0,GOOG
2009-02-06 00:00:00-05:00,8.8121302570949,9.241044156507376,8.78691350248941,9.178499221801758,282579221,0.0,0.0,GOOG
2009-02-09 00:00:00-05:00,9.178499404713177,9.41878933405551,9.08010767762224,9.36366081237793,199838246,0.0,0.0,GOOG
2009-02-10 00:00:00-05:00,9.294688711982213,9.332264895767443,8.847482240440765,8.862809181213379,285213056,0.0,0.0,GOOG
2009-02-11 00:00:00-05:00,8.873686867584386,9.0232504445941,8.72659479780275,8.851190567016602,210048373,0.0,0.0,GOOG
2009-02-12 00:00:00-05:00,8.730549635115768,8.9891340102597,8.689017716323272,8.975043296813965,222844155,0.0,0.0,GOOG
2009-02-13 00:00:00-05:00,8.953782244713924,8.973559979875526,8.78172238551704,8.842289924621582,166489714,0.0,0.0,GOOG
2009-02-17 00:00:00-05:00,8.56615110799445,8.580489820477192,8.397552914493598,8.470974922180176,228067661,0.0,0.0,GOOG
2009-02-18 00:00:00-05:00,8.58420107647003,8.735989096691386,8.418073392887173,8.729313850402832,241883252,0.0,0.0,GOOG
2009-02-19 00:00:00-05:00,8.837097885983875,8.894697912404556,8.440075048534148,8.470481872558594,200295955,0.0,0.0,GOOG
2009-02-20 00:00:00-05:00,8.357012854306683,8.625732225587722,8.281613428060263,8.564671516418457,249616129,0.0,0.0,GOOG
2009-02-23 00:00:00-05:00,8.578265659746007,8.647485832629064,8.146880302100902,8.159488677978516,209626799,0.0,0.0,GOOG
2009-02-24 00:00:00-05:00,8.183221344431892,8.64303613667408,8.18000677647142,8.539948463439941,244749957,0.0,0.0,GOOG
2009-02-25 00:00:00-05:00,8.45836911191041,8.709290976966773,8.378520784863776,8.445761680603027,258529413,0.0,0.0,GOOG
2009-02-26 00:00:00-05:00,8.552556018667145,8.713985830977009,8.335009466142447,8.335503578186035,225064447,0.0,0.0,GOOG
2009-02-27 00:00:00-05:00,8.230934023878063,8.499653371363248,8.185446369525962,8.355528831481934,217612620,0.0,0.0,GOOG
2009-03-02 00:00:00-05:00,8.24032825086952,8.42252404041009,8.059121632095994,8.087798118591309,232407869,0.0,0.0,GOOG
2009-03-03 00:00:00-05:00,8.159737226566824,8.249228314424577,7.968889733994293,8.046266555786133,261970262,0.0,0.0,GOOG
2009-03-04 00:00:00-05:00,7.988911766918138,8.133284290378926,7.796580088497282,7.884093761444092,313908211,0.0,0.0,GOOG
2009-03-05 00:00:00-05:00,7.823775773705241,7.888051049832214,7.481633905977971,7.555797576904297,262175027,0.0,0.0,GOOG
2009-03-06 00:00:00-05:00,7.594856230040466,7.668278251655848,7.274221998498297,7.62822961807251,290452622,0.0,0.0,GOOG
2009-03-09 00:00:00-04:00,7.415875672148253,7.57878879393574,7.155560934405609,7.191159725189209,259822241,0.0,0.0,GOOG
2009-03-10 00:00:00-04:00,7.37310756677791,7.675941940996219,7.274222206689649,7.618340969085693,270217058,0.0,0.0,GOOG
2009-03-11 00:00:00-04:00,7.6660532181000445,7.9107939328162225,7.557527464551755,7.859126091003418,237832124,0.0,0.0,GOOG
2009-03-12 00:00:00-04:00,7.849979475433954,8.034399226417756,7.753813627154195,7.998059272766113,201717262,0.0,0.0,GOOG
2009-03-13 00:00:00-04:00,8.061594361080731,8.095214809409825,7.886815453173391,8.020061492919922,156841686,0.0,0.0,GOOG
2009-03-16 00:00:00-04:00,8.058874279635122,8.151331925843827,7.875937328679029,7.903130531311035,198613673,0.0,0.0,GOOG
2009-03-17 00:00:00-04:00,7.915243070432992,8.290017127990723,7.88829739816941,8.290017127990723,189206544,0.0,0.0,GOOG
2009-03-18 00:00:00-04:00,8.276914157797068,8.405217635025128,8.109798275266105,8.234641075134277,201239478,0.0,0.0,GOOG
2009-03-19 00:00:00-04:00,8.199536992588962,8.306332393236048,8.093235703950402,8.156521797180176,165064391,0.0,0.0,GOOG
2009-03-20 00:00:00-04:00,8.165421286428995,8.231921953466866,8.067525572509165,8.161961555480957,190226352,0.0,0.0,GOOG
2009-03-23 00:00:00-04:00,8.2460146327785,8.638834710333153,8.232912142571456,8.61782169342041,171500425,0.0,0.0,GOOG
2009-03-24 00:00:00-04:00,8.565904875482941,8.747359463041034,8.50410206542819,8.58246898651123,153372732,0.0,0.0,GOOG
2009-03-25 00:00:00-04:00,8.662318516640944,8.685555980178888,8.312512764350279,8.50583267211914,174102141,0.0,0.0,GOOG
2009-03-26 00:00:00-04:00,8.72980890477739,8.878877415199337,8.615349066318252,8.733763694763184,241032074,0.0,0.0,GOOG
2009-03-27 00:00:00-04:00,8.652430374789217,8.70187376442156,8.54044299988737,8.595571517944336,133410187,0.0,0.0,GOOG
2009-03-30 00:00:00-04:00,8.468258117297054,8.499407058565579,8.307570396662506,8.471719741821289,124227898,0.0,0.0,GOOG
2009-03-31 00:00:00-04:00,8.625979289399488,8.739202903474522,8.55799627768791,8.604472160339355,146760038,0.0,0.0,GOOG
2009-04-01 00:00:00-04:00,8.498663418520595,8.78196851177634,8.420297440587285,8.753539085388184,132542948,0.0,0.0,GOOG
2009-04-02 00:00:00-04:00,8.981469644015007,9.14092205732496,8.907553513303899,8.961444854736328,180192885,0.0,0.0,GOOG
2009-04-03 00:00:00-04:00,9.010889556273925,9.1893766676987,8.850200892863958,9.141417503356934,152160204,0.0,0.0,GOOG
2009-04-06 00:00:00-04:00,9.072692001392289,9.142406301243213,8.934253519107434,9.103347778320312,131703815,0.0,0.0,GOOG
2009-04-07 00:00:00-04:00,8.963918734211125,8.992348165403914,8.783701281478766,8.866270065307617,147755757,0.0,0.0,GOOG
2009-04-08 00:00:00-04:00,8.98616730537148,9.023249375147254,8.805949866123486,8.949085235595703,111022586,0.0,0.0,GOOG
2009-04-09 00:00:00-04:00,9.134494083334822,9.254391979518324,9.054149761460907,9.208658218383789,135811153,0.0,0.0,GOOG
2009-04-13 00:00:00-04:00,9.179734387894682,9.371819038099671,9.154271524138858,9.347344398498535,122461301,0.0,0.0,GOOG
2009-04-14 00:00:00-04:00,9.31842021260587,9.319656439288595,9.038081674640864,9.119908332824707,137658049,0.0,0.0,GOOG
2009-04-15 00:00:00-04:00,9.075162725561817,9.420271587807084,9.002481873612137,9.381706237792969,197967259,0.0,0.0,GOOG
2009-04-16 00:00:00-04:00,9.431150054932937,9.712970939689312,9.419282846274701,9.61013126373291,408931050,0.0,0.0,GOOG
2009-04-17 00:00:00-04:00,9.542889871509072,9.884042082557231,9.512977158877705,9.696656227111816,430840867,0.0,0.0,GOOG
2009-04-20 00:00:00-04:00,9.54610178202279,9.657347985320836,9.292462331652844,9.376762390136719,177820024,0.0,0.0,GOOG
2009-04-21 00:00:00-04:00,9.299384527910618,9.5003679130655,9.297654189196923,9.43040657043457,148370051,0.0,0.0,GOOG
2009-04-22 00:00:00-04:00,9.437329508881904,9.64127947319107,9.369593559006987,9.48949146270752,140597024,0.0,0.0,GOOG
2009-04-23 00:00:00-04:00,9.579724052542227,9.635098677922853,9.42150786221966,9.510009765625,104751167,0.0,0.0,GOOG
2009-04-24 00:00:00-04:00,9.543629473040118,9.71989209819331,9.406427253700473,9.628670692443848,135923572,0.0,0.0,GOOG
2009-04-27 00:00:00-04:00,9.501358041993912,9.62867236391111,9.462051519929885,9.541158676147461,91967429,0.0,0.0,GOOG
2009-04-28 00:00:00-04:00,9.48677274057019,9.61779478973993,9.432138334146275,9.485782623291016,118185333,0.0,0.0,GOOG
2009-04-29 00:00:00-04:00,9.54165486242916,9.764145422090715,9.53819323766876,9.677621841430664,144941247,0.0,0.0,GOOG
2009-04-30 00:00:00-04:00,9.783674079809575,9.981196809045786,9.75994250069853,9.78886604309082,174881049,0.0,0.0,GOOG
2009-05-01 00:00:00-04:00,9.765627371102857,9.828914420115764,9.679597914342537,9.732501983642578,97471985,0.0,0.0,GOOG
2009-05-04 00:00:00-04:00,9.843250997811063,9.947821950399021,9.759694004719568,9.937439918518066,128600225,0.0,0.0,GOOG
2009-05-05 00:00:00-04:00,9.887996875381939,10.012097562553228,9.820507986369783,9.962408065795898,96391952,0.0,0.0,GOOG
2009-05-06 00:00:00-04:00,10.056349297721814,10.093184310038017,9.913212987206453,9.974274635314941,105710750,0.0,0.0,GOOG
2009-05-07 00:00:00-04:00,9.989850815740894,10.011852056872687,9.70308404710694,9.804688453674316,120441759,0.0,0.0,GOOG
2009-05-08 00:00:00-04:00,9.958948125708112,10.138919473412283,9.76488700994869,10.06969928741455,155183494,0.0,0.0,GOOG
2009-05-11 00:00:00-04:00,9.95771132072944,10.185145794498537,9.918156799562135,10.08576774597168,102755715,0.0,0.0,GOOG
2009-05-12 00:00:00-04:00,10.135952369130662,10.160179006984267,9.76760600092717,9.864018440246582,152200354,0.0,0.0,GOOG
2009-05-13 00:00:00-04:00,9.7423910196641,9.799249885264414,9.600490911731791,9.62990951538086,114138220,0.0,0.0,GOOG
2009-05-14 00:00:00-04:00,9.611614464901029,9.695913578923916,9.510010069961801,9.579476356506348,117920344,0.0,0.0,GOOG
2009-05-15 00:00:00-04:00,9.668472422233144,9.742883616018732,9.618782923224344,9.641279220581055,120799094,0.0,0.0,GOOG
2009-05-18 00:00:00-04:00,9.758212303208088,9.821993466913334,9.527563235717757,9.81037425994873,134570520,0.0,0.0,GOOG
2009-05-19 00:00:00-04:00,9.792079435513244,9.929033660704553,9.715442848330564,9.860803604125977,113925426,0.0,0.0,GOOG
2009-05-20 00:00:00-04:00,9.94016018612873,10.028662100904887,9.76488669552003,9.818778991699219,91702440,0.0,0.0,GOOG
2009-05-21 00:00:00-04:00,9.797023660649948,9.958699583694642,9.736209069237413,9.80196762084961,109199779,0.0,0.0,GOOG
2009-05-22 00:00:00-04:00,9.805923114971854,9.855119450778865,9.690722113361002,9.727804183959961,69001669,0.0,0.0,GOOG
2009-05-26 00:00:00-04:00,9.689486270806281,10.012097899856688,9.64127910853799,9.996275901794434,124645457,0.0,0.0,GOOG
2009-05-27 00:00:00-04:00,10.027920190179584,10.18168559419587,10.007400340703672,10.025941848754883,121826932,0.0,0.0,GOOG
2009-05-28 00:00:00-04:00,10.103072554600072,10.175753410882958,10.00245732808205,10.145593643188477,107152133,0.0,0.0,GOOG
2009-05-29 00:00:00-04:00,10.187865677375157,10.314437866210938,10.153009008901012,10.314437866210938,106325044,0.0,0.0,GOOG
2009-06-01 00:00:00-04:00,10.351520834344758,10.620240176325813,10.3465768740115,10.545087814331055,133394127,0.0,0.0,GOOG
2009-06-02 00:00:00-04:00,10.537425038039283,10.629141519007735,10.466969575710282,10.590575218200684,105337356,0.0,0.0,GOOG
2009-06-03 00:00:00-04:00,10.531243780996686,10.690942307883157,10.481801339707026,10.670918464660645,141841672,0.0,0.0,GOOG
2009-06-04 00:00:00-04:00,10.761152454425247,10.9079974660092,10.741375664012997,10.88426399230957,146069460,0.0,0.0,GOOG
2009-06-05 00:00:00-04:00,11.002677133741521,11.058793870590817,10.863990682376269,10.984135627746582,147783862,0.0,0.0,GOOG
2009-06-08 00:00:00-04:00,10.864980767467667,10.900084494632134,10.731980379367421,10.84693431854248,124412588,0.0,0.0,GOOG
2009-06-09 00:00:00-04:00,10.842236998718729,10.889702044625881,10.673637831285882,10.769061088562012,130684007,0.0,0.0,GOOG
2009-06-10 00:00:00-04:00,10.784141791430251,10.825179597682835,10.547807607721678,10.694404602050781,134859599,0.0,0.0,GOOG
2009-06-11 00:00:00-04:00,10.673883860416982,10.722338072310563,10.589831814092529,10.605405807495117,115037579,0.0,0.0,GOOG
2009-06-12 00:00:00-04:00,10.55250384456264,10.573269802412293,10.412828214407796,10.502567291259766,117173555,0.0,0.0,GOOG
2009-06-15 00:00:00-04:00,10.419999513786125,10.419999513786125,10.234591034439463,10.303068161010742,150036273,0.0,0.0,GOOG
2009-06-16 00:00:00-04:00,10.36586043634389,10.409863864195147,10.269694104915306,10.284032821655273,122445241,0.0,0.0,GOOG
2009-06-17 00:00:00-04:00,10.28872847172103,10.375995095202196,10.17426864753517,10.263265609741211,140127270,0.0,0.0,GOOG
2009-06-18 00:00:00-04:00,10.276121173789425,10.350531419361857,10.20986756332827,10.236072540283203,123870563,0.0,0.0,GOOG
2009-06-19 00:00:00-04:00,10.338665494719866,10.394288125338257,10.248927360372578,10.385141372680664,171002566,0.0,0.0,GOOG
2009-06-22 00:00:00-04:00,10.307516642880325,10.320867134504395,9.935215504009792,10.07019329071045,165594371,0.0,0.0,GOOG
2009-06-23 00:00:00-04:00,10.052888301459182,10.110735379664828,9.951530020153019,10.028907775878906,116418737,0.0,0.0,GOOG
2009-06-24 00:00:00-04:00,10.104556017100418,10.190833475983787,10.050663723946876,10.118152618408203,98680498,0.0,0.0,GOOG
2009-06-25 00:00:00-04:00,10.061539732000217,10.281558729340233,10.04942641480476,10.278345108032227,122236461,0.0,0.0,GOOG
2009-06-26 00:00:00-04:00,10.22667888201373,10.586373560919247,10.212588167926773,10.514434814453125,130756276,0.0,0.0,GOOG
2009-06-29 00:00:00-04:00,10.531244638369627,10.57574217655061,10.438291932465768,10.485262870788574,87097243,0.0,0.0,GOOG
2009-06-30 00:00:00-04:00,10.48180049685956,10.56115469530387,10.338912203254846,10.422222137451172,104144903,0.0,0.0,GOOG
2009-07-01 00:00:00-04:00,10.486745903324003,10.54113230789986,10.33718234416555,10.357948303222656,92778458,0.0,0.0,GOOG
2009-07-02 00:00:00-04:00,10.269446000189397,10.269446000189397,10.05684340391496,10.09837532043457,101081463,0.0,0.0,GOOG
2009-07-06 00:00:00-04:00,10.049179695508117,10.151525255068282,9.929528855617592,10.126062393188477,90843231,0.0,0.0,GOOG
2009-07-07 00:00:00-04:00,10.092193368721386,10.115679781091293,9.789111496889374,9.805180549621582,130860666,0.0,0.0,GOOG
2009-07-08 00:00:00-04:00,9.888492683727646,10.036819070614213,9.840533522040868,9.950048446655273,138163938,0.0,0.0,GOOG
2009-07-09 00:00:00-04:00,10.039784617142816,10.245713849453148,10.03187409186878,10.145345687866211,131515110,0.0,0.0,GOOG
2009-07-10 00:00:00-04:00,10.125321487669275,10.317899294181675,10.103566358681999,10.244477272033691,117502785,0.0,0.0,GOOG
2009-07-13 00:00:00-04:00,10.288234371494752,10.494655830381019,10.263759733572584,10.489217758178711,162434571,0.0,0.0,GOOG
2009-07-14 00:00:00-04:00,10.474631823994505,10.549290070131947,10.404423425903166,10.498859405517578,116266167,0.0,0.0,GOOG
2009-07-15 00:00:00-04:00,10.621725550519022,10.844710207083617,10.592801060343515,10.83210277557373,151646285,0.0,0.0,GOOG
2009-07-16 00:00:00-04:00,10.795266130298442,11.01948697990098,10.731484974474007,10.94161605834961,263162715,0.0,0.0,GOOG
2009-07-17 00:00:00-04:00,10.70429261012868,10.765600365398464,10.548547928907807,10.636307716369629,275191634,0.0,0.0,GOOG
2009-07-20 00:00:00-04:00,10.627162345518583,10.70058436780978,10.537424213098806,10.634331703186035,126612804,0.0,0.0,GOOG
2009-07-21 00:00:00-04:00,10.653367971370502,10.677100498747475,10.524323300333167,10.578215599060059,119173022,0.0,0.0,GOOG
2009-07-22 00:00:00-04:00,10.58068725927699,10.635073666053474,10.469441992116044,10.573022842407227,103855823,0.0,0.0,GOOG
2009-07-23 00:00:00-04:00,10.597498555102826,10.907255752862831,10.51888550268268,10.81158447265625,139649486,0.0,0.0,GOOG
2009-07-24 00:00:00-04:00,10.77375807363584,11.136666328904813,10.753734230530604,11.04346752166748,145619780,0.0,0.0,GOOG
2009-07-27 00:00:00-04:00,11.026657030818804,11.044209368225973,10.818257219125059,10.996003150939941,100551484,0.0,0.0,GOOG
2009-07-28 00:00:00-04:00,10.902063761809066,10.946808357305274,10.780928678778798,10.87363338470459,101679697,0.0,0.0,GOOG
2009-07-29 00:00:00-04:00,10.808862232203767,10.822953890430567,10.676851025135463,10.784388542175293,79777911,0.0,0.0,GOOG
2009-07-30 00:00:00-04:00,10.941863152505327,11.160892986731078,10.941863152505327,11.016768455505371,128423566,0.0,0.0,GOOG
2009-07-31 00:00:00-04:00,11.124060330132197,11.191302172130403,10.937414689054927,10.952742576599121,114844859,0.0,0.0,GOOG
2009-08-03 00:00:00-04:00,11.0934044245203,11.220966740377312,11.066211223098977,11.179186820983887,104000363,0.0,0.0,GOOG
2009-08-04 00:00:00-04:00,11.108978912135376,11.22343778808029,11.085740501261586,11.21676254272461,95950302,0.0,0.0,GOOG
2009-08-05 00:00:00-04:00,11.272882575977095,11.295377928443099,11.072145276948783,11.15273666381836,94031136,0.0,0.0,GOOG
2009-08-06 00:00:00-04:00,11.230854974233505,11.245192743427976,11.088213717519093,11.133453369140625,84752487,0.0,0.0,GOOG
2009-08-07 00:00:00-04:00,11.264721894701648,11.357426590626956,11.247912619450807,11.300073623657227,102105287,0.0,0.0,GOOG
2009-08-10 00:00:00-04:00,11.251621057943018,11.332459497274325,11.21824766822271,11.287961959838867,69941178,0.0,0.0,GOOG
2009-08-11 00:00:00-04:00,11.215281953231436,11.303289757201725,11.183391843892807,11.221956253051758,68756755,0.0,0.0,GOOG
2009-08-12 00:00:00-04:00,11.258297253736968,11.4150292385726,11.246182987699655,11.336663246154785,94007046,0.0,0.0,GOOG
2009-08-13 00:00:00-04:00,11.424915574703594,11.48844872904875,11.344819254418367,11.428129196166992,80107140,0.0,0.0,GOOG
2009-08-14 00:00:00-04:00,11.440491211720365,11.450379132735529,11.294882440324653,11.371766090393066,67255147,0.0,0.0,GOOG
2009-08-17 00:00:00-04:00,11.161636249918914,11.173749568776145,10.95447170939088,10.998229026794434,105200846,0.0,0.0,GOOG
2009-08-18 00:00:00-04:00,11.003419871974165,11.06769514567438,10.934695696364004,11.007869720458984,94396500,0.0,0.0,GOOG
2009-08-19 00:00:00-04:00,10.877094075124331,11.000946764055968,10.84174234539076,10.975484848022461,90538092,0.0,0.0,GOOG
2009-08-20 00:00:00-04:00,11.173996979437813,11.425659066919454,11.154961357811672,11.381902694702148,160555554,0.0,0.0,GOOG
2009-08-21 00:00:00-04:00,11.508722948331005,11.52231955051732,11.437278312907969,11.501306533813477,142953825,0.0,0.0,GOOG
2009-08-24 00:00:00-04:00,11.55346613191322,11.621202078505842,11.481034227704562,11.587581634521484,98503838,0.0,0.0,GOOG
2009-08-25 00:00:00-04:00,11.597471711494974,11.726516375205996,11.587335787407348,11.652847290039062,93990986,0.0,0.0,GOOG
2009-08-26 00:00:00-04:00,11.687208703234903,11.69314183415899,11.537398093976536,11.569535255432129,79810030,0.0,0.0,GOOG
2009-08-27 00:00:00-04:00,11.583876678020205,11.583876678020205,11.389814597501937,11.521578788757324,80255695,0.0,0.0,GOOG
2009-08-28 00:00:00-04:00,11.600684324516068,11.67756702480139,11.45532356180011,11.489192008972168,71129616,0.0,0.0,GOOG
2009-08-31 00:00:00-04:00,11.366572866944761,11.417744694083838,11.322321447282816,11.413047790527344,78609548,0.0,0.0,GOOG
2009-09-01 00:00:00-04:00,11.363856200086005,11.540364971173677,11.23382236420468,11.266948699951172,104185053,0.0,0.0,GOOG
2009-09-02 00:00:00-04:00,11.268430402546953,11.330480272712713,11.188581140164374,11.19896411895752,72462593,0.0,0.0,GOOG
2009-09-03 00:00:00-04:00,11.268432156636788,11.328505588007218,11.248161254506481,11.31045913696289,66094814,0.0,0.0,GOOG
2009-09-04 00:00:00-04:00,11.311692426906403,11.436040167307992,11.267441003280549,11.403903007507324,60192775,0.0,0.0,GOOG
2009-09-08 00:00:00-04:00,11.477819082297954,11.544566801434804,11.26892517816413,11.33764934539795,106666319,0.0,0.0,GOOG
2009-09-09 00:00:00-04:00,11.348527538123301,11.52676756770269,11.342099348846224,11.469908714294434,88145156,0.0,0.0,GOOG
2009-09-10 00:00:00-04:00,11.536161490245208,11.642215728759766,11.421207555635382,11.642215728759766,101764012,0.0,0.0,GOOG
2009-09-11 00:00:00-04:00,11.628867427005137,11.700559115462498,11.560389360274158,11.671882629394531,76401301,0.0,0.0,GOOG
2009-09-14 00:00:00-04:00,11.631586339030484,11.787083026728501,11.62021418897537,11.745551109313965,79324216,0.0,0.0,GOOG
2009-09-15 00:00:00-04:00,11.744562410729092,11.839245455451081,11.685973212451504,11.805377006530762,96283547,0.0,0.0,GOOG
2009-09-16 00:00:00-04:00,11.861245761934196,12.097827933953864,11.828613542364284,12.071128845214844,103799614,0.0,0.0,GOOG
2009-09-17 00:00:00-04:00,12.127493462534947,12.295597572236565,12.042947295644945,12.155922889709473,179996150,0.0,0.0,GOOG
2009-09-18 00:00:00-04:00,12.280766138368575,12.28595810166819,12.143810949671249,12.149496078491211,131832295,0.0,0.0,GOOG
2009-09-21 00:00:00-04:00,12.057532629950925,12.333422275824807,12.019956449013321,12.28645133972168,84973311,0.0,0.0,GOOG
2009-09-22 00:00:00-04:00,12.383359315425162,12.409810403447132,12.306475665181514,12.337377548217773,122103967,0.0,0.0,GOOG
2009-09-23 00:00:00-04:00,12.379898024175787,12.533664382224682,12.30400448919911,12.322545051574707,108573440,0.0,0.0,GOOG
2009-09-24 00:00:00-04:00,12.372234968407396,12.395472436167074,12.187566720303469,12.280766487121582,101482963,0.0,0.0,GOOG
2009-09-25 00:00:00-04:00,12.219457724037932,12.358885369727863,12.16284686449475,12.174712181091309,82291296,0.0,0.0,GOOG
2009-09-28 00:00:00-04:00,12.233055490566288,12.39769800185245,12.194983300113298,12.324275970458984,73847766,0.0,0.0,GOOG
2009-09-29 00:00:00-04:00,12.348997668031414,12.354435741031898,12.187814888131983,12.324275970458984,84282733,0.0,0.0,GOOG
2009-09-30 00:00:00-04:00,12.36061587780433,12.364076555486704,12.04517264596128,12.25802230834961,126139035,0.0,0.0,GOOG
2009-10-01 00:00:00-04:00,12.187566160803646,12.273349509169956,12.039239770488566,12.044183731079102,112949783,0.0,0.0,GOOG
2009-10-02 00:00:00-04:00,11.958648020055804,12.1564177965349,11.93046564705831,11.979413032531738,104421937,0.0,0.0,GOOG
2009-10-05 00:00:00-04:00,12.055309429944801,12.173477003978803,11.948760116552224,12.07681655883789,86105539,0.0,0.0,GOOG
2009-10-06 00:00:00-04:00,12.155429567976771,12.34504081575819,12.155429567976771,12.329466819763184,109701653,0.0,0.0,GOOG
2009-10-07 00:00:00-04:00,12.335894147590189,12.830071535961787,12.306475547648034,12.794225692749023,195698788,0.0,0.0,GOOG
2009-10-08 00:00:00-04:00,12.844410006792273,12.935383421293757,12.690396601249773,12.711161613464355,172797268,0.0,0.0,GOOG
2009-10-09 00:00:00-04:00,12.77222464494916,12.892369606893386,12.719073519426177,12.762335777282715,109934523,0.0,0.0,GOOG
2009-10-12 00:00:00-04:00,12.939588111770812,12.997436148313183,12.838230756430969,12.954916000366211,133386097,0.0,0.0,GOOG
2009-10-13 00:00:00-04:00,12.96356525586844,13.039458783480507,12.889154064390683,13.006085395812988,121951397,0.0,0.0,GOOG
2009-10-14 00:00:00-04:00,13.16306595361507,13.240195705843435,13.102251364174132,13.233768463134766,130824531,0.0,0.0,GOOG
2009-10-15 00:00:00-04:00,13.194957190433923,13.272829063969207,13.034763594973489,13.100028038024902,244930632,0.0,0.0,GOOG
2009-10-16 00:00:00-04:00,13.530671060121431,13.714104024119278,13.461452770398013,13.592968940734863,355001664,0.0,0.0,GOOG
2009-10-19 00:00:00-04:00,13.663175913402963,13.685672210166931,13.565280200719872,13.648343086242676,129198459,0.0,0.0,GOOG
2009-10-20 00:00:00-04:00,13.637219008200418,13.669604172093466,13.366768387041727,13.63919734954834,162354271,0.0,0.0,GOOG
2009-10-21 00:00:00-04:00,13.594452248170725,13.827820824980941,13.571955949004376,13.623870849609375,147374332,0.0,0.0,GOOG
2009-10-22 00:00:00-04:00,13.596676991108874,13.720282629259941,13.547234546533476,13.697786331176758,93810311,0.0,0.0,GOOG
2009-10-23 00:00:00-04:00,13.726463033017044,13.791727472878295,13.626341922426391,13.687897682189941,96066737,0.0,0.0,GOOG
2009-10-26 00:00:00-04:00,13.738825409977526,13.88443324762089,13.618680438381555,13.700754165649414,119261352,0.0,0.0,GOOG
2009-10-27 00:00:00-04:00,13.620657886279762,13.709406860411079,13.452305745180858,13.554405212402344,129142249,0.0,0.0,GOOG
2009-10-28 00:00:00-04:00,13.54401991670048,13.596675979000317,13.306201520420313,13.356880187988281,103096990,0.0,0.0,GOOG
2009-10-29 00:00:00-04:00,13.423875932046636,13.64191661041363,13.374185484978192,13.622633934020996,101282213,0.0,0.0,GOOG
2009-10-30 00:00:00-04:00,13.596675311467834,13.600877156744914,13.207067987631277,13.253544807434082,139260032,0.0,0.0,GOOG
2009-11-02 00:00:00-05:00,13.27727818651036,13.33611538727949,13.058743392849559,13.20089054107666,128564090,0.0,0.0,GOOG
2009-11-03 00:00:00-05:00,13.102500308743661,13.287662666503259,13.060227219863139,13.282470703125,95564863,0.0,0.0,GOOG
2009-11-04 00:00:00-05:00,13.369241352815267,13.485430575178952,13.260962656422018,13.357622146606445,93657741,0.0,0.0,GOOG
2009-11-05 00:00:00-05:00,13.435742562676795,13.590992202222525,13.415222712384912,13.563302993774414,74185025,0.0,0.0,GOOG
2009-11-06 00:00:00-05:00,13.540312896541536,13.64068107332793,13.48543143018768,13.623870849609375,73341877,0.0,0.0,GOOG
2009-11-09 00:00:00-05:00,13.731405853069509,13.907668480004277,13.701246089041629,13.905937194824219,106393299,0.0,0.0,GOOG
2009-11-10 00:00:00-05:00,13.911378388663856,14.06094195216997,13.89333193862592,14.011004447937012,89566463,0.0,0.0,GOOG
2009-11-11 00:00:00-05:00,14.102966841466706,14.177625089152158,13.988754072581946,14.104945182800293,93135792,0.0,0.0,GOOG
2009-11-12 00:00:00-05:00,14.080222643562399,14.162791411901594,13.979854483738142,14.037949562072754,75734813,0.0,0.0,GOOG
2009-11-13 00:00:00-05:00,14.073548891665162,14.15315204977745,14.007296225157893,14.141779899597168,66921903,0.0,0.0,GOOG
2009-11-16 00:00:00-05:00,14.214707244174722,14.26390263329754,14.15982672638509,14.24635124206543,88297726,0.0,0.0,GOOG
2009-11-17 00:00:00-05:00,14.21149290822764,14.27651029302806,14.183064426597769,14.276263236999512,76955370,0.0,0.0,GOOG
2009-11-18 00:00:00-05:00,14.255496978759766,14.308153041852004,14.14227432695399,14.255496978759766,62216331,0.0,0.0,GOOG
2009-11-19 00:00:00-05:00,14.18429981093132,14.189986832503818,14.091100999844985,14.165018081665039,87045048,0.0,0.0,GOOG
2009-11-20 00:00:00-05:00,14.078740536234175,14.130655432399461,14.0762680827966,14.090112686157227,80548789,0.0,0.0,GOOG
2009-11-23 00:00:00-05:00,14.251542375770386,14.501474113243617,14.23596837931288,14.396409034729004,102281946,0.0,0.0,GOOG
2009-11-24 00:00:00-05:00,14.400611701964179,14.444368071865389,14.25277847862534,14.414702415466309,64448667,0.0,0.0,GOOG
2009-11-25 00:00:00-05:00,14.496777286250488,14.51284539487994,14.404813750121724,14.48021411895752,58667077,0.0,0.0,GOOG
2009-11-27 00:00:00-05:00,14.140543650838666,14.399128019846778,14.115080787564702,14.332380294799805,55591593,0.0,0.0,GOOG
2009-11-30 00:00:00-05:00,14.353889239827955,14.429041607467644,14.266869662662373,14.412477493286133,69262644,0.0,0.0,GOOG
2009-12-01 00:00:00-05:00,14.53929547996109,14.615684062728928,14.412475287370395,14.582310676574707,93159882,0.0,0.0,GOOG
2009-12-02 00:00:00-05:00,14.610245200179081,14.659935642498944,14.492078592741372,14.523968696594238,66777363,0.0,0.0,GOOG
2009-12-03 00:00:00-05:00,14.561793728625895,14.621372098301674,14.461920612779446,14.48021411895752,57362205,0.0,0.0,GOOG
2009-12-04 00:00:00-05:00,14.660184580223586,14.704930121711309,14.318043194134434,14.462167739868164,100920864,0.0,0.0,GOOG
2009-12-07 00:00:00-05:00,14.442388175622455,14.55313931653975,14.363033973159935,14.492819786071777,65693315,0.0,0.0,GOOG
2009-12-08 00:00:00-05:00,14.424838242464778,14.601842062359548,14.387757118789379,14.512598037719727,61188493,0.0,0.0,GOOG
2009-12-09 00:00:00-05:00,14.523724092895474,14.56896374830618,14.426816591755518,14.561300277709961,71507025,0.0,0.0,GOOG
2009-12-10 00:00:00-05:00,14.596403200629894,14.701962383897994,14.595661085977579,14.622607231140137,66982128,0.0,0.0,GOOG
2009-12-11 00:00:00-05:00,14.701221713658928,14.702951105898332,14.52940891378246,14.598133087158203,69057879,0.0,0.0,GOOG
2009-12-14 00:00:00-05:00,14.717783818358493,14.766238037651934,14.650047869650386,14.727178573608398,76822876,0.0,0.0,GOOG
2009-12-15 00:00:00-05:00,14.66710652370994,14.743247112615933,14.60999966216815,14.663150787353516,91557900,0.0,0.0,GOOG
2009-12-16 00:00:00-05:00,14.79812782812684,14.841885142149064,14.74967455644212,14.777361869812012,112797213,0.0,0.0,GOOG
2009-12-17 00:00:00-05:00,14.744730895799217,14.774396551137508,14.678478229926924,14.682927131652832,105947635,0.0,0.0,GOOG
2009-12-18 00:00:00-05:00,14.734594174581852,14.806285855575661,14.70913131289111,14.744235038757324,141789477,0.0,0.0,GOOG
2009-12-21 00:00:00-05:00,14.773654020960112,14.82878254134967,14.725695805205701,14.8001070022583,103233500,0.0,0.0,GOOG
2009-12-22 00:00:00-05:00,14.865864021505002,14.869819757726827,14.804309206772045,14.86042594909668,75513988,0.0,0.0,GOOG
2009-12-23 00:00:00-05:00,14.91926416093126,15.150901450314977,14.903194158921266,15.121482849121094,83218760,0.0,0.0,GOOG
2009-12-24 00:00:00-05:00,15.152385720725512,15.315298843550146,15.136069608179156,15.28958797454834,34476745,0.0,0.0,GOOG
2009-12-28 00:00:00-05:00,15.368200538282613,15.475243010820638,15.289586548799084,15.398113250732422,68170566,0.0,0.0,GOOG
2009-12-29 00:00:00-05:00,15.444342419946436,15.446813926985923,15.28489093304151,15.31233024597168,57205620,0.0,0.0,GOOG
2009-12-30 00:00:00-05:00,15.290082342631269,15.394652366638184,15.277969023444356,15.394652366638184,58843737,0.0,0.0,GOOG
2009-12-31 00:00:00-05:00,15.444588290168324,15.460657344278232,15.326667785644531,15.326667785644531,48974884,0.0,0.0,GOOG
2010-01-04 00:00:00-05:00,15.498974912798028,15.562261012875917,15.431980132530704,15.494030952453613,78541293,0.0,0.0,GOOG
2010-01-05 00:00:00-05:00,15.504662333458171,15.520978445243125,15.365234688416209,15.425802230834961,120638494,0.0,0.0,GOOG
2010-01-06 00:00:00-05:00,15.472029913440076,15.472029913440076,14.989966766759578,15.03693675994873,159744526,0.0,0.0,GOOG
2010-01-07 00:00:00-05:00,15.065116231361396,15.079949057210108,14.651035227330048,14.686881065368652,257533695,0.0,0.0,GOOG
2010-01-08 00:00:00-05:00,14.634966958856282,14.91308103855544,14.563523281528429,14.882674217224121,189680313,0.0,0.0,GOOG
2010-01-11 00:00:00-05:00,14.942994779780388,14.942994779780388,14.685399583578043,14.86017894744873,289597429,0.0,0.0,GOOG
2010-01-12 00:00:00-05:00,14.774642937869299,14.78725036752953,14.536083372384628,14.597391128540039,194859654,0.0,0.0,GOOG
2010-01-13 00:00:00-05:00,14.251543822553236,14.54547901619076,14.187516544772588,14.513588905334473,260838034,0.0,0.0,GOOG
2010-01-14 00:00:00-05:00,14.43472746679061,14.689357074449635,14.407781317738268,14.581819534301758,170239717,0.0,0.0,GOOG
2010-01-15 00:00:00-05:00,14.668094091105443,14.673533110030139,14.28985888418123,14.338313102722168,218194794,0.0,0.0,GOOG
2010-01-19 00:00:00-05:00,14.36797921716125,14.595909708609181,14.246598030760575,14.526689529418945,173315202,0.0,0.0,GOOG
2010-01-20 00:00:00-05:00,14.486147006285535,14.486147006285535,14.221876555608025,14.34844970703125,130515377,0.0,0.0,GOOG
2010-01-21 00:00:00-05:00,14.423353732075414,14.506911674402724,14.146722931414944,14.411981582641602,253253712,0.0,0.0,GOOG
2010-01-22 00:00:00-05:00,13.955134252844775,14.105934037671828,13.222396346260087,13.596923828125,273035583,0.0,0.0,GOOG
2010-01-25 00:00:00-05:00,13.51237753666758,13.593711038462578,13.23846715756025,13.349465370178223,177458675,0.0,0.0,GOOG
2010-01-26 00:00:00-05:00,13.299278437564093,13.586786313865652,13.257747471186391,13.40928840637207,174873019,0.0,0.0,GOOG
2010-01-27 00:00:00-05:00,13.380861634400262,13.538582787290258,13.233522515232485,13.40138053894043,159170382,0.0,0.0,GOOG
2010-01-28 00:00:00-05:00,13.460463483947402,13.522514312341675,13.117085844378654,13.208308219909668,129648138,0.0,0.0,GOOG
2010-01-29 00:00:00-05:00,13.312135418992733,13.373938237032384,12.99372562690813,13.10076904296875,166240784,0.0,0.0,GOOG
2010-02-01 00:00:00-05:00,13.215969857047051,13.245882568227513,13.109667610567879,13.176909446716309,90369462,0.0,0.0,GOOG
2010-02-02 00:00:00-05:00,13.224868233609055,13.224868233609055,13.043167520807819,13.129940032958984,164462143,0.0,0.0,GOOG
2010-02-03 00:00:00-05:00,13.069372368926377,13.401379715403424,13.058495277189428,13.369735717773438,120413655,0.0,0.0,GOOG
2010-02-04 00:00:00-05:00,13.275301968191586,13.300021771349796,12.992490949658642,13.022650718688965,135614418,0.0,0.0,GOOG
2010-02-05 00:00:00-05:00,13.062698241962085,13.188775380057637,12.915853252629482,13.13414192199707,126713179,0.0,0.0,GOOG
2010-02-08 00:00:00-05:00,13.164055430285348,13.398907279837083,13.140075849279194,13.188035011291504,108175956,0.0,0.0,GOOG
2010-02-09 00:00:00-05:00,13.338093080462592,13.38728752064,13.22758898893557,13.261456489562988,113206742,0.0,0.0,GOOG
2010-02-10 00:00:00-05:00,13.202868344325125,13.294830935513984,13.04514719488392,13.212262153625488,107380987,0.0,0.0,GOOG
2010-02-11 00:00:00-05:00,13.184326002880669,13.36157782102874,13.089891910591373,13.260468482971191,96761331,0.0,0.0,GOOG
2010-02-12 00:00:00-05:00,13.175673637087096,13.279008367323831,13.114611990452934,13.179381370544434,91529795,0.0,0.0,GOOG
2010-02-16 00:00:00-05:00,13.272085467829806,13.451561719612885,13.208552317278514,13.381600379943848,146723904,0.0,0.0,GOOG
2010-02-17 00:00:00-05:00,13.39890781214069,13.433517430234073,13.290382053203395,13.305214881896973,81492313,0.0,0.0,GOOG
2010-02-18 00:00:00-05:00,13.28865174116652,13.473319998641937,13.25404212053782,13.429068565368652,93826371,0.0,0.0,GOOG
2010-02-19 00:00:00-05:00,13.362566685977214,13.449091203056902,13.342048728771942,13.368253707885742,102506786,0.0,0.0,GOOG
2010-02-22 00:00:00-05:00,13.53116549619023,13.534873229911547,13.374185521632349,13.418684005737305,86105539,0.0,0.0,GOOG
2010-02-23 00:00:00-05:00,13.423629048749254,13.439203045056287,13.158863538930728,13.22758960723877,115334688,0.0,0.0,GOOG
2010-02-24 00:00:00-05:00,13.200643542755818,13.310899637520027,13.114861141362335,13.138592720031738,93412827,0.0,0.0,GOOG
2010-02-25 00:00:00-05:00,13.031055303899974,13.06492375319691,12.85504065106834,13.013997077941895,132864148,0.0,0.0,GOOG
2010-02-26 00:00:00-05:00,13.038471662417333,13.145515082551094,12.941070053995846,13.023144721984863,82279251,0.0,0.0,GOOG
2010-03-01 00:00:00-05:00,13.082477103046637,13.183586453518828,13.046383253409363,13.168753623962402,89851528,0.0,0.0,GOOG
2010-03-02 00:00:00-05:00,13.237725128021061,13.48938624770415,13.22610497529231,13.375669479370117,174925214,0.0,0.0,GOOG
2010-03-03 00:00:00-05:00,13.407804962569818,13.550200101033408,13.330923211737872,13.48098087310791,124039193,0.0,0.0,GOOG
2010-03-04 00:00:00-05:00,13.51015267887602,13.748218152463775,13.50273626474985,13.710147857666016,127829347,0.0,0.0,GOOG
2010-03-05 00:00:00-05:00,13.877262154668413,14.033500009429522,13.841416312518183,13.947964668273926,157074555,0.0,0.0,GOOG
2010-03-08 00:00:00-05:00,13.962055998966196,13.97194486595834,13.868856243625297,13.905197143554688,95813793,0.0,0.0,GOOG
2010-03-09 00:00:00-05:00,13.84018239740871,13.959090192417486,13.757365610990151,13.848587036132812,127540267,0.0,0.0,GOOG
2010-03-10 00:00:00-05:00,13.936841186962962,14.30123181032529,13.898522889531481,14.250554084777832,227043838,0.0,0.0,GOOG
2010-03-11 00:00:00-05:00,14.196415506564245,14.491834934139852,14.19493317013381,14.366497993469238,169966698,0.0,0.0,GOOG
2010-03-12 00:00:00-05:00,14.53954409621985,14.543004773897279,14.317547681291826,14.32694149017334,110548817,0.0,0.0,GOOG
2010-03-15 00:00:00-04:00,14.009025121918848,14.077503178836272,13.745002707205114,13.922501564025879,186853758,0.0,0.0,GOOG
2010-03-16 00:00:00-04:00,13.889129819458272,14.052041978680197,13.86267778502936,13.972439765930176,137774484,0.0,0.0,GOOG
2010-03-17 00:00:00-04:00,14.049074439503308,14.126946308015112,13.948953330477446,13.981337547302246,133362007,0.0,0.0,GOOG
2010-03-18 00:00:00-04:00,13.960573793523514,14.052537329264975,13.917064479235307,14.002105712890625,71354455,0.0,0.0,GOOG
2010-03-19 00:00:00-04:00,13.843889236450195,14.041659015072709,13.776647398129558,13.843889236450195,192486794,0.0,0.0,GOOG
2010-03-22 00:00:00-04:00,13.747721909331322,14.01322760074215,13.702482263461766,13.782084465026855,160792439,0.0,0.0,GOOG
2010-03-23 00:00:00-04:00,13.770714635518571,13.802110631311162,13.398907593207795,13.571955680847168,220876809,0.0,0.0,GOOG
2010-03-24 00:00:00-04:00,13.485676845268202,13.84017949108714,13.342046436632332,13.777881622314453,263592319,0.0,0.0,GOOG
2010-03-25 00:00:00-04:00,13.81966158790288,14.14054286931203,13.810761891721823,13.915085792541504,157825359,0.0,0.0,GOOG
2010-03-26 00:00:00-04:00,13.974170107104035,14.026579117319457,13.8443842816187,13.910388946533203,108252241,0.0,0.0,GOOG
2010-03-29 00:00:00-04:00,13.918050838093674,13.960571922510042,13.857978364633244,13.904455184936523,124645457,0.0,0.0,GOOG
2010-03-30 00:00:00-04:00,13.913849218637074,14.032511839495958,13.850810174593208,14.00976848602295,79412546,0.0,0.0,GOOG
2010-03-31 00:00:00-04:00,13.968730409120132,14.084673518233664,13.913354835987876,14.019904136657715,121686407,0.0,0.0,GOOG
2010-04-01 00:00:00-04:00,14.124473786989004,14.176388681273096,13.98109042430185,14.061434745788574,84423257,0.0,0.0,GOOG
2010-04-05 00:00:00-04:00,14.113351237699819,14.211741072095268,14.066380298219807,14.116070747375488,76345092,0.0,0.0,GOOG
2010-04-06 00:00:00-04:00,14.07775204032612,14.113103771933735,13.977383867312215,14.047098159790039,82712870,0.0,0.0,GOOG
2010-04-07 00:00:00-04:00,14.024353966051914,14.06020075658967,13.889871233755356,13.931402206420898,103626969,0.0,0.0,GOOG
2010-04-08 00:00:00-04:00,13.925963143856084,14.087392958235329,13.845124708653982,14.02904987335205,78191988,0.0,0.0,GOOG
2010-04-09 00:00:00-04:00,14.029050917533299,14.060694915729432,13.94277440363606,13.997655868530273,82572346,0.0,0.0,GOOG
2010-04-12 00:00:00-04:00,14.025589923287125,14.189987258216766,13.9976555526711,14.158590316772461,94448695,0.0,0.0,GOOG
2010-04-13 00:00:00-04:00,14.153646034647917,14.557837275861587,14.119035472349351,14.50567626953125,157078570,0.0,0.0,GOOG
2010-04-14 00:00:00-04:00,14.587008397489203,14.643372194461483,14.437444844871772,14.56080436706543,136618166,0.0,0.0,GOOG
2010-04-15 00:00:00-04:00,14.63917115768168,14.77934090964373,14.543252833887145,14.716548919677734,271485795,0.0,0.0,GOOG
2010-04-16 00:00:00-04:00,13.918053370606806,14.061683809824304,13.587531178427916,13.600385665893555,491254466,0.0,0.0,GOOG
2010-04-19 00:00:00-04:00,13.565775362228818,13.695314124978047,13.473070665061325,13.599148750305176,156343827,0.0,0.0,GOOG
2010-04-20 00:00:00-04:00,13.699763442892136,13.835482387322706,13.622879800074957,13.721271514892578,119542401,0.0,0.0,GOOG
2010-04-21 00:00:00-04:00,13.756376314439695,13.850069239397722,13.65007406594113,13.702978134155273,96018557,0.0,0.0,GOOG
2010-04-22 00:00:00-04:00,13.646118701930938,13.658479075766454,13.432279880332391,13.523996353149414,131719875,0.0,0.0,GOOG
2010-04-23 00:00:00-04:00,13.52869281895478,13.579865597961426,13.40558130348884,13.472822189331055,83889263,0.0,0.0,GOOG
2010-04-26 00:00:00-04:00,13.472329514661366,13.472823626747553,13.082723081277223,13.14279556274414,175407013,0.0,0.0,GOOG
2010-04-27 00:00:00-04:00,13.076293361482943,13.30817956845748,13.033773222948666,13.079012870788574,154364435,0.0,0.0,GOOG
2010-04-28 00:00:00-04:00,13.154165497527593,13.22165438664983,12.880502207600241,13.08222770690918,136754676,0.0,0.0,GOOG
2010-04-29 00:00:00-04:00,13.185562737321543,13.262939548427347,13.0199301308415,13.151693344116211,122814620,0.0,0.0,GOOG
2010-04-30 00:00:00-04:00,13.13018731362538,13.292110295272138,12.989523455833156,12.995950698852539,97781139,0.0,0.0,GOOG
2010-05-03 00:00:00-04:00,13.015728106477853,13.174438420749086,12.980624377652147,13.117084503173828,74590540,0.0,0.0,GOOG
2010-05-04 00:00:00-04:00,13.016221439909218,13.021660458751503,12.464691109309186,12.518088340759277,243963019,0.0,0.0,GOOG
2010-05-05 00:00:00-04:00,12.384840987503898,12.74923253476641,12.372233557555724,12.60189437866211,183975008,0.0,0.0,GOOG
2010-05-06 00:00:00-04:00,12.57692647023162,12.793730926728609,11.371766267810061,12.327735900878906,200753664,0.0,0.0,GOOG
2010-05-07 00:00:00-04:00,12.359873879835964,12.492132160027612,11.899069875508426,12.191027641296387,204322993,0.0,0.0,GOOG
2010-05-10 00:00:00-04:00,12.70597090179408,12.92475464242821,12.672103399863804,12.895830154418945,165738910,0.0,0.0,GOOG
2010-05-11 00:00:00-04:00,12.747997234611596,12.852074089554442,12.563824999382588,12.584342956542969,133402157,0.0,0.0,GOOG
2010-05-12 00:00:00-04:00,12.658259511040425,12.658259511040425,12.410058102873478,12.493864059448242,154649500,0.0,0.0,GOOG
2010-05-13 00:00:00-04:00,12.76851593126554,12.904482891806046,12.61697497443029,12.629582405090332,133530637,0.0,0.0,GOOG
2010-05-14 00:00:00-04:00,12.602142814059443,12.632302584085473,12.267911943513301,12.546767234802246,165257111,0.0,0.0,GOOG
2010-05-17 00:00:00-04:00,12.52822528953863,12.567284755581738,12.319825469768794,12.55764389038086,112170874,0.0,0.0,GOOG
2010-05-18 00:00:00-04:00,12.607827088853123,12.631807616192116,12.288182012868468,12.320319175720215,113443627,0.0,0.0,GOOG
2010-05-19 00:00:00-04:00,12.268159119592978,12.346772167272576,12.057533892882196,12.222919464111328,138344613,0.0,0.0,GOOG
2010-05-20 00:00:00-04:00,11.991527695480823,12.00413512632127,11.712919471022442,11.74283218383789,197268650,0.0,0.0,GOOG
2010-05-21 00:00:00-04:00,11.595739670563363,11.989796884883232,11.480538672349653,11.669656753540039,389084940,0.0,0.0,GOOG
2010-05-24 00:00:00-04:00,11.8842372164284,12.10821197842958,11.787083610385212,11.795982360839844,174475535,0.0,0.0,GOOG
2010-05-25 00:00:00-04:00,11.573243363233248,11.803151247401647,11.470898744632716,11.793757438659668,121148398,0.0,0.0,GOOG
2010-05-26 00:00:00-04:00,11.917363954586104,12.107470258690276,11.74258459025396,11.754203796386719,139545096,0.0,0.0,GOOG
2010-05-27 00:00:00-04:00,11.988560916751956,12.17050964400044,11.892148480532834,12.124774932861328,112785168,0.0,0.0,GOOG
2010-05-28 00:00:00-04:00,12.181139633036361,12.198691024101247,11.940354652876158,12.00537109375,116226017,0.0,0.0,GOOG
2010-06-01 00:00:00-04:00,11.876821682996002,12.13960696022963,11.869157266228438,11.92478084564209,107071833,0.0,0.0,GOOG
2010-06-02 00:00:00-04:00,12.03132789039325,12.209073821916178,11.90228418129673,12.1967134475708,102012942,0.0,0.0,GOOG
2010-06-03 00:00:00-04:00,12.239728409098456,12.558385276983962,12.229593431631443,12.499054908752441,146575349,0.0,0.0,GOOG
2010-06-04 00:00:00-04:00,12.353693558335179,12.589286574512405,12.279035306208014,12.328971862792969,157399770,0.0,0.0,GOOG
2010-06-07 00:00:00-04:00,12.337376140369294,12.38311084631807,11.94406107687895,12.00265121459961,145852650,0.0,0.0,GOOG
2010-06-08 00:00:00-04:00,12.060251351771466,12.084725042344827,11.805375683719895,11.984356880187988,107806577,0.0,0.0,GOOG
2010-06-09 00:00:00-04:00,12.044677404777495,12.085715210567413,11.668420530282598,11.71835708618164,109569158,0.0,0.0,GOOG
2010-06-10 00:00:00-04:00,11.875337548288167,12.076320953497934,11.763350167015144,12.0394868850708,103502504,0.0,0.0,GOOG
2010-06-11 00:00:00-04:00,11.927994260906958,12.081512611296054,11.90623913091804,12.07632064819336,71535130,0.0,0.0,GOOG
2010-06-14 00:00:00-04:00,12.224153515246497,12.22464762730866,11.945051193237305,11.945051193237305,81921917,0.0,0.0,GOOG
2010-06-15 00:00:00-04:00,11.942332078857724,12.370504805832878,11.920083783276702,12.31092643737793,171022641,0.0,0.0,GOOG
2010-06-16 00:00:00-04:00,12.265933543476029,12.459500540612712,12.264450260587147,12.392011642456055,91915234,0.0,0.0,GOOG
2010-06-17 00:00:00-04:00,12.445904539232725,12.505729018655062,12.278788636113235,12.362592697143555,79388456,0.0,0.0,GOOG
2010-06-18 00:00:00-04:00,12.422665440693407,12.446397964947161,12.314385798785663,12.361356735229492,115346733,0.0,0.0,GOOG
2010-06-21 00:00:00-04:00,12.358144090869171,12.384595180139554,11.987079153755507,12.077805519104004,119787316,0.0,0.0,GOOG
2010-06-22 00:00:00-04:00,12.110931753530059,12.276563429807332,12.007844067299333,12.020699501037598,89120799,0.0,0.0,GOOG
2010-06-23 00:00:00-04:00,12.036520982404527,12.036520982404527,11.820704736888175,11.916871070861816,81468223,0.0,0.0,GOOG
2010-06-24 00:00:00-04:00,11.857784680617016,11.934172317600927,11.699568494898324,11.745055198669434,76027907,0.0,0.0,GOOG
2010-06-25 00:00:00-04:00,11.793509909438875,11.808095681780207,11.632822197364936,11.68523120880127,90144622,0.0,0.0,GOOG
2010-06-28 00:00:00-04:00,11.68300613522689,11.805623545627428,11.594504228294413,11.670397758483887,70756221,0.0,0.0,GOOG
2010-06-29 00:00:00-04:00,11.456806378780126,11.484246635212655,11.152240262366828,11.229865074157715,140609069,0.0,0.0,GOOG
2010-06-30 00:00:00-04:00,11.247171262901109,11.318121781616634,10.99402590806622,10.999711036682129,144668227,0.0,0.0,GOOG
2010-07-01 00:00:00-04:00,11.008115150235497,11.084998789905194,10.719866105199767,10.86473274230957,141070793,0.0,0.0,GOOG
2010-07-02 00:00:00-04:00,10.91739014526687,10.93370530940064,10.778456621494874,10.79205322265625,77730264,0.0,0.0,GOOG
2010-07-06 00:00:00-04:00,10.976225114498696,11.066951463641816,10.71986617070564,10.78018569946289,102787835,0.0,0.0,GOOG
2010-07-07 00:00:00-04:00,10.83556237674614,11.156443673967523,10.763129523626663,11.129497528076172,125657235,0.0,0.0,GOOG
2010-07-08 00:00:00-04:00,11.212313846496427,11.305760665052082,11.11614846489044,11.286725044250488,107156148,0.0,0.0,GOOG
2010-07-09 00:00:00-04:00,11.66743080696784,11.699567965369559,11.440489517261721,11.556926727294922,173909421,0.0,0.0,GOOG
2010-07-12 00:00:00-04:00,11.67756718948318,11.852346553592406,11.645677083241763,11.763102531433105,133875926,0.0,0.0,GOOG
2010-07-13 00:00:00-04:00,11.921813218330952,12.187318949194179,11.873112888027368,12.093626022338867,159648166,0.0,0.0,GOOG
2010-07-14 00:00:00-04:00,12.110435342772698,12.208083991084482,12.02588823518681,12.146527290344238,125187481,0.0,0.0,GOOG
2010-07-15 00:00:00-04:00,12.156172005554412,12.229594037980206,11.932445230266708,12.212783813476562,195056389,0.0,0.0,GOOG
2010-07-16 00:00:00-04:00,11.597222358943545,11.632820194363893,11.359898092217833,11.362123489379883,314165171,0.0,0.0,GOOG
2010-07-19 00:00:00-04:00,11.396735325680433,11.610326166198874,11.310458809589328,11.524543762207031,182694226,0.0,0.0,GOOG
2010-07-20 00:00:00-04:00,11.397228518451755,11.940107166343935,11.386598483150692,11.905497550964355,162787890,0.0,0.0,GOOG
2010-07-21 00:00:00-04:00,11.965074772938852,12.007099851490153,11.75321336211664,11.804386138916016,131675710,0.0,0.0,GOOG
2010-07-22 00:00:00-04:00,11.946039382164294,12.088187470800916,11.927498820989863,11.985099792480469,86230004,0.0,0.0,GOOG
2010-07-23 00:00:00-04:00,11.885225464395367,12.127987825782784,11.866436901044647,12.114886283874512,90915501,0.0,0.0,GOOG
2010-07-26 00:00:00-04:00,12.09090583495477,12.13194269283919,11.986828987648934,12.087940216064453,80107140,0.0,0.0,GOOG
2010-07-27 00:00:00-04:00,12.127740445902777,12.298811119964318,12.117605469711322,12.17841911315918,98415508,0.0,0.0,GOOG
2010-07-28 00:00:00-04:00,12.235525203895776,12.243188673444472,11.93219625708131,11.973727226257324,100214225,0.0,0.0,GOOG
2010-07-29 00:00:00-04:00,12.013282153830701,12.085715006249439,11.849627885230865,11.989548683166504,107421137,0.0,0.0,GOOG
2010-07-30 00:00:00-04:00,11.857538206761166,12.048138617707584,11.84492983026852,11.986087799072266,86085465,0.0,0.0,GOOG
2010-08-02 00:00:00-04:00,12.088435241341184,12.19448854486918,12.037756568579152,12.123538970947266,74626675,0.0,0.0,GOOG
2010-08-03 00:00:00-04:00,12.125763636836968,12.174216909120974,12.033305993959486,12.109199523925781,72362219,0.0,0.0,GOOG
2010-08-04 00:00:00-04:00,12.167294607517944,12.533663554886093,12.13935929120047,12.516853332519531,153071607,0.0,0.0,GOOG
2010-08-05 00:00:00-04:00,12.506223359545455,12.57321719331561,12.448623334413025,12.560856819152832,97178890,0.0,0.0,GOOG
2010-08-06 00:00:00-04:00,12.494110974111516,12.502515612676694,12.26296779508322,12.36605453491211,133277692,0.0,0.0,GOOG
2010-08-09 00:00:00-04:00,12.416237543584293,12.496580918165904,12.394235359287126,12.49287223815918,75168699,0.0,0.0,GOOG
2010-08-10 00:00:00-04:00,12.418712047885196,12.508944304145235,12.32526427655025,12.452332496643066,83270954,0.0,0.0,GOOG
2010-08-11 00:00:00-04:00,12.304498123614087,12.311173369481084,12.150484715497846,12.156417846679688,89253294,0.0,0.0,GOOG
2010-08-12 00:00:00-04:00,11.963592496412229,12.230829519478942,11.928241710554163,12.163093566894531,88514535,0.0,0.0,GOOG
2010-08-13 00:00:00-04:00,12.08868197062886,12.142821319706657,12.01476583301566,12.023170471191406,77678069,0.0,0.0,GOOG
2010-08-16 00:00:00-04:00,11.957164135537372,12.11018931117452,11.878550151658409,12.00438117980957,52395658,0.0,0.0,GOOG
2010-08-17 00:00:00-04:00,12.077062508875857,12.229592631903907,12.015259691043894,12.12625789642334,75911472,0.0,0.0,GOOG
2010-08-18 00:00:00-04:00,12.124280230921304,12.13491026695912,11.904509205357646,11.919341087341309,107858771,0.0,0.0,GOOG
2010-08-19 00:00:00-04:00,11.891157846319684,11.928239912061263,11.55099295868326,11.568793296813965,157588475,0.0,0.0,GOOG
2010-08-20 00:00:00-04:00,11.568793477010898,11.658283601628154,11.396980691877694,11.42170238494873,157291365,0.0,0.0,GOOG
2010-08-23 00:00:00-04:00,11.408849380472516,11.57571729454985,11.315650556106766,11.472382545471191,119895720,0.0,0.0,GOOG
2010-08-24 00:00:00-04:00,11.314906311519794,11.33146947711955,11.147296314220185,11.158915519714355,110922211,0.0,0.0,GOOG
2010-08-25 00:00:00-04:00,11.124553886568854,11.317626761652248,11.124553886568854,11.238765716552734,104072633,0.0,0.0,GOOG
2010-08-26 00:00:00-04:00,11.274363842110592,11.304029496617886,11.135431271126118,11.14877986907959,71346425,0.0,0.0,GOOG
2010-08-27 00:00:00-04:00,11.187840467396718,11.371518579267416,11.066458337893174,11.342841148376465,92842698,0.0,0.0,GOOG
2010-08-30 00:00:00-04:00,11.35075384693819,11.3658346786754,11.18438005146625,11.191055297851562,49440624,0.0,0.0,GOOG
2010-08-31 00:00:00-04:00,11.127272141684992,11.244945592691781,11.075111135227774,11.125048637390137,78163883,0.0,0.0,GOOG
2010-09-01 00:00:00-04:00,11.247665539243279,11.493889542289567,11.186356831167785,11.379923820495605,129616018,0.0,0.0,GOOG
2010-09-02 00:00:00-04:00,11.441974733262304,11.481282201828533,11.379429797908225,11.450379371643066,67620512,0.0,0.0,GOOG
2010-09-03 00:00:00-04:00,11.63183329790054,11.66545374257206,11.555691765468183,11.626395225524902,101996882,0.0,0.0,GOOG
2010-09-07 00:00:00-04:00,11.48301177553128,11.559401316321926,11.446424762599097,11.480539321899414,68652365,0.0,0.0,GOOG
2010-09-08 00:00:00-04:00,11.500068594100094,11.6807801322073,11.483257425981002,11.633315086364746,96432101,0.0,0.0,GOOG
2010-09-09 00:00:00-04:00,11.812545975219988,11.876079131959735,11.633315815413615,11.771756172180176,97588419,0.0,0.0,GOOG
2010-09-10 00:00:00-04:00,11.841966698155998,11.861001375042902,11.74456412957166,11.770768165588379,79268006,0.0,0.0,GOOG
2010-09-13 00:00:00-04:00,11.888438569330553,11.973726848915065,11.854571070770541,11.922307014465332,89996068,0.0,0.0,GOOG
2010-09-14 00:00:00-04:00,11.91588003649256,11.98361693364766,11.868168877126914,11.876821517944336,88992319,0.0,0.0,GOOG
2010-09-15 00:00:00-04:00,11.864954136162464,11.912913293617732,11.829107349504131,11.882011413574219,96472251,0.0,0.0,GOOG
2010-09-16 00:00:00-04:00,11.86495571345954,11.926757588612807,11.851605221084572,11.892395973205566,79075287,0.0,0.0,GOOG
2010-09-17 00:00:00-04:00,11.958895941368771,12.143069130033759,11.895362779440779,12.117111206054688,226509844,0.0,0.0,GOOG
2010-09-20 00:00:00-04:00,12.17520613681506,12.61796272827901,12.164328098843374,12.565306663513184,176800216,0.0,0.0,GOOG
2010-09-21 00:00:00-04:00,12.599915421275465,12.8545449803774,12.580879802695833,12.693361282348633,179321632,0.0,0.0,GOOG
2010-09-22 00:00:00-04:00,12.678528297254928,12.800157473942974,12.649357703001535,12.756153106689453,101864387,0.0,0.0,GOOG
2010-09-23 00:00:00-04:00,12.72179250941435,12.847376485431957,12.639964901548199,12.693857192993164,93043447,0.0,0.0,GOOG
2010-09-24 00:00:00-04:00,12.898053214309833,13.048605929619729,12.812023767400433,13.035256385803223,134779299,0.0,0.0,GOOG
2010-09-27 00:00:00-04:00,13.073822306674789,13.27159207273269,13.073822306674789,13.112387657165527,124761892,0.0,0.0,GOOG
2010-09-28 00:00:00-04:00,13.188282218703588,13.191001728316403,12.816722236863116,13.032291412353516,146735949,0.0,0.0,GOOG
2010-09-29 00:00:00-04:00,13.049102685954637,13.174934680375387,12.971477860594172,13.045147895812988,87213678,0.0,0.0,GOOG
2010-09-30 00:00:00-04:00,13.081486513577381,13.148481295379401,12.828341160892009,12.998175621032715,130250387,0.0,0.0,GOOG
2010-10-01 00:00:00-04:00,13.102253383541338,13.117580324628001,12.929204343169602,12.993973731994629,89333594,0.0,0.0,GOOG
2010-10-04 00:00:00-04:00,12.97741079463611,13.058990402944708,12.826611006052953,12.913134574890137,77910939,0.0,0.0,GOOG
2010-10-05 00:00:00-04:00,13.06220345091382,13.349464299383161,13.016962853723472,13.305707931518555,140809819,0.0,0.0,GOOG
2010-10-06 00:00:00-04:00,13.331171411286427,13.348228690423966,13.100769408747473,13.209789276123047,110906151,0.0,0.0,GOOG
2010-10-07 00:00:00-04:00,13.255769330620376,13.280243967267989,13.080989983112568,13.102498054504395,96191202,0.0,0.0,GOOG
2010-10-08 00:00:00-04:00,13.170731551776209,13.29013535266612,13.043416277654824,13.259232521057129,114796679,0.0,0.0,GOOG
2010-10-11 00:00:00-04:00,13.311887733561461,13.463181623204523,13.279502570007264,13.32078742980957,105445761,0.0,0.0,GOOG
2010-10-12 00:00:00-04:00,13.352431219713441,13.49754494084263,13.29483118941787,13.383828163146973,150706777,0.0,0.0,GOOG
2010-10-13 00:00:00-04:00,13.522512102047429,13.534625419838672,13.407064052419296,13.431044578552246,122682126,0.0,0.0,GOOG
2010-10-14 00:00:00-04:00,13.452798980264161,13.479251962083111,13.278020553226424,13.372455596923828,266358649,0.0,0.0,GOOG
2010-10-15 00:00:00-04:00,14.814692337409644,14.873281537536686,14.625080132513558,14.868584632873535,595214680,0.0,0.0,GOOG
2010-10-18 00:00:00-04:00,14.846334712782902,15.319498110667794,14.846334712782902,15.270550727844238,284992232,0.0,0.0,GOOG
2010-10-19 00:00:00-04:00,15.05152100650058,15.199107173166045,14.903440727755541,15.026305198669434,184203863,0.0,0.0,GOOG
2010-10-20 00:00:00-04:00,15.033968827914148,15.262394383625999,15.018147775451554,15.030014038085938,141532518,0.0,0.0,GOOG
2010-10-21 00:00:00-04:00,15.117280306478428,15.228278513396878,14.981065345491706,15.129145622253418,117257870,0.0,0.0,GOOG
2010-10-22 00:00:00-04:00,15.127417183914147,15.199108879092956,15.081188355464194,15.142498016357422,90582257,0.0,0.0,GOOG
2010-10-25 00:00:00-04:00,15.218141482929754,15.44434067265794,15.202814544034352,15.24063777923584,126809538,0.0,0.0,GOOG
2010-10-26 00:00:00-04:00,15.156585050495025,15.357568438174981,15.105413216776382,15.292552947998047,100892759,0.0,0.0,GOOG
2010-10-27 00:00:00-04:00,15.22259149391373,15.32716150452237,15.137550267873731,15.239896774291992,90012128,0.0,0.0,GOOG
2010-10-28 00:00:00-04:00,15.328398900378577,15.351884369376204,15.161531003570083,15.292058944702148,87699492,0.0,0.0,GOOG
2010-10-29 00:00:00-04:00,15.25472907964012,15.302442130019912,15.153866799688945,15.171418190002441,91473585,0.0,0.0,GOOG
2010-11-01 00:00:00-04:00,15.221602509453492,15.343478748506044,15.109863139990576,15.203556060791016,123946848,0.0,0.0,GOOG
2010-11-02 00:00:00-04:00,15.294283042378009,15.327162319585312,15.193173703838344,15.218389511108398,80203500,0.0,0.0,GOOG
2010-11-03 00:00:00-04:00,15.265358966149439,15.37240047884568,15.166473141517637,15.331610679626465,135726838,0.0,0.0,GOOG
2010-11-04 00:00:00-04:00,15.441869805521657,15.572397748708564,15.379077814229392,15.432723999023438,143367369,0.0,0.0,GOOG
2010-11-05 00:00:00-04:00,15.405776400675151,15.462883261362744,15.354603617720867,15.452746391296387,70892731,0.0,0.0,GOOG
2010-11-08 00:00:00-05:00,15.426541951835421,15.561766791575819,15.404539766608755,15.494524955749512,84367048,0.0,0.0,GOOG
2010-11-09 00:00:00-05:00,15.574373130896117,15.595385196107415,15.339768377568822,15.446316719055176,89823423,0.0,0.0,GOOG
2010-11-10 00:00:00-05:00,15.37858251125313,15.401325864152733,15.265606914829377,15.398359298706055,100254375,0.0,0.0,GOOG
2010-11-11 00:00:00-05:00,15.319746026398041,15.323454706666165,15.184027070766758,15.257696151733398,90803081,0.0,0.0,GOOG
2010-11-12 00:00:00-05:00,15.178587631698518,15.250527318421014,14.862650298834293,14.914071083068848,136228712,0.0,0.0,GOOG
2010-11-15 00:00:00-05:00,14.908879723127622,14.931624023949707,14.685647079899981,14.72075080871582,139677591,0.0,0.0,GOOG
2010-11-16 00:00:00-05:00,14.653756556547792,14.78057581344362,14.42360161787969,14.430275917053223,132791878,0.0,0.0,GOOG
2010-11-17 00:00:00-05:00,14.461919870398237,14.573166077746567,14.372180789849834,14.426074028015137,98066204,0.0,0.0,GOOG
2010-11-18 00:00:00-05:00,14.560806078048552,14.832244955455627,14.549928039071007,14.747697830200195,103988318,0.0,0.0,GOOG
2010-11-19 00:00:00-05:00,14.758573948636792,14.780576134619018,14.593931450838712,14.60604476928711,92244464,0.0,0.0,GOOG
2010-11-22 00:00:00-05:00,14.52298170986745,14.670567883213195,14.406298367541092,14.615686416625977,87791837,0.0,0.0,GOOG
2010-11-23 00:00:00-05:00,14.511608414242442,14.561050854283552,14.29381386478637,14.41272258758545,86828238,0.0,0.0,GOOG
2010-11-24 00:00:00-05:00,14.519027926636781,14.748688786449382,14.512599735991264,14.708392143249512,96215292,0.0,0.0,GOOG
2010-11-26 00:00:00-05:00,14.596897662754923,14.659195538901352,14.511362321000588,14.585525512695312,52640573,0.0,0.0,GOOG
2010-11-29 00:00:00-05:00,14.565007599769809,14.58058254315222,14.33707804362391,14.39047622680664,114816754,0.0,0.0,GOOG
2010-11-30 00:00:00-05:00,14.197896775409559,14.197896775409559,13.678502668901308,13.737833976745605,285763111,0.0,0.0,GOOG
2010-12-01 00:00:00-05:00,13.91805311456688,14.129914563546583,13.903220285783302,13.95142650604248,150726852,0.0,0.0,GOOG
2010-12-02 00:00:00-05:00,14.05797516308091,14.173423219595259,13.976147552528293,14.136094093322754,102298006,0.0,0.0,GOOG
2010-12-03 00:00:00-05:00,14.077504344956058,14.251294536314367,14.04165850289511,14.165265083312988,105642495,0.0,0.0,GOOG
2010-12-06 00:00:00-05:00,14.352404917026496,14.387757596175422,14.254509194892483,14.297771453857422,84065923,0.0,0.0,GOOG
2010-12-07 00:00:00-05:00,14.616921467833116,14.659689611883683,14.486640587432602,14.514822959899902,122144116,0.0,0.0,GOOG
2010-12-08 00:00:00-05:00,14.634227732069078,14.647824333866563,14.429535643813935,14.598875999450684,70539412,0.0,0.0,GOOG
2010-12-09 00:00:00-05:00,14.68144442828119,14.723469510192949,14.56080441511426,14.622607231140137,75036204,0.0,0.0,GOOG
2010-12-10 00:00:00-05:00,14.663150971191643,14.6841639868598,14.592695510035172,14.64016056060791,68443585,0.0,0.0,GOOG
2010-12-13 00:00:00-05:00,14.761542278606218,14.906903054614858,14.686636966276641,14.699739456176758,96299607,0.0,0.0,GOOG
2010-12-14 00:00:00-05:00,14.760797651727339,14.790463304348634,14.646832891719486,14.706905364990234,65978380,0.0,0.0,GOOG
2010-12-15 00:00:00-05:00,14.68935561966135,14.74497825126278,14.564512808673287,14.592942237854004,87033003,0.0,0.0,GOOG
2010-12-16 00:00:00-05:00,14.655981398564004,14.67872475130335,14.537812893579016,14.627798080444336,64115423,0.0,0.0,GOOG
2010-12-17 00:00:00-05:00,14.610246771201261,14.64881307102285,14.527925048135115,14.605302810668945,123946848,0.0,0.0,GOOG
2010-12-20 00:00:00-05:00,14.700480180828624,14.78032945150259,14.552399899571876,14.710615158081055,79227857,0.0,0.0,GOOG
2010-12-21 00:00:00-05:00,14.797386070516895,14.949422071691636,14.773652601099247,14.908631324768066,75461793,0.0,0.0,GOOG
2010-12-22 00:00:00-05:00,14.93162505911344,15.005788258241523,14.913824717569787,14.968459129333496,48481040,0.0,0.0,GOOG
2010-12-23 00:00:00-05:00,14.964749515212358,14.981064678642307,14.88292190916308,14.937308311462402,44598542,0.0,0.0,GOOG
2010-12-27 00:00:00-05:00,14.90047456384008,14.926184484443937,14.82037823632134,14.891575813293457,48505130,0.0,0.0,GOOG
2010-12-28 00:00:00-05:00,14.883416617472411,14.928409213157027,14.78354255866404,14.806038856506348,42751645,0.0,0.0,GOOG
2010-12-29 00:00:00-05:00,14.882179807393033,14.89231478325082,14.806037334431391,14.857458114624023,40920808,0.0,0.0,GOOG
2010-12-30 00:00:00-05:00,14.783296780789337,14.865618509305065,14.768216895578869,14.804557800292969,39728356,0.0,0.0,GOOG
2010-12-31 00:00:00-05:00,14.752147152853318,14.793679069885542,14.635708983600571,14.683669090270996,61802787,0.0,0.0,GOOG
2011-01-03 00:00:00-05:00,14.745718100118868,14.97092811593276,14.745718100118868,14.940274238586426,94962614,0.0,0.0,GOOG
2011-01-04 00:00:00-05:00,14.971671596612408,14.985514306434327,14.835703699714152,14.885146141052246,73253547,0.0,0.0,GOOG
2011-01-05 00:00:00-05:00,14.834470522397538,15.08811000790878,14.8339764102838,15.056962013244629,101671667,0.0,0.0,GOOG
2011-01-06 00:00:00-05:00,15.096760052906102,15.288350584207706,15.08118605727605,15.166474342346191,82620526,0.0,0.0,GOOG
2011-01-07 00:00:00-05:00,15.226052320152002,15.283900346084149,15.083164013923616,15.239153861999512,84363033,0.0,0.0,GOOG
2011-01-10 00:00:00-05:00,15.198613444277886,15.213199216741806,15.044352974349412,15.184027671813965,63404769,0.0,0.0,GOOG
2011-01-11 00:00:00-05:00,15.270552147221641,15.297498294511362,15.191196988199389,15.22852611541748,57787794,0.0,0.0,GOOG
2011-01-12 00:00:00-05:00,15.311094121892927,15.311094121892927,15.197870519162825,15.249784469604492,65552790,0.0,0.0,GOOG
2011-01-13 00:00:00-05:00,15.252258842357017,15.319006575491755,15.18279254594407,15.24533748626709,53560006,0.0,0.0,GOOG
2011-01-14 00:00:00-05:00,15.262886227591979,15.432721613020995,15.254975702536216,15.430496215820312,94978674,0.0,0.0,GOOG
2011-01-18 00:00:00-05:00,15.476971922564864,15.870781108642783,15.45744219165898,15.812439918518066,145222296,0.0,0.0,GOOG
2011-01-19 00:00:00-05:00,15.873996597151892,15.894761609352699,15.565969786271229,15.617636680603027,136754676,0.0,0.0,GOOG
2011-01-20 00:00:00-05:00,15.629008627402124,15.675237448693636,15.408495502801417,15.494524955749512,220254485,0.0,0.0,GOOG
2011-01-21 00:00:00-05:00,15.811203766018576,15.864354886861932,15.113570575683235,15.125189781188965,357511035,0.0,0.0,GOOG
2011-01-24 00:00:00-05:00,15.019877826608345,15.141505115466034,14.863143971667524,15.106648445129395,184657557,0.0,0.0,GOOG
2011-01-25 00:00:00-05:00,15.035451587552238,15.344219548755712,14.993919672391787,15.32493782043457,146418764,0.0,0.0,GOOG
2011-01-26 00:00:00-05:00,15.335319868536207,15.38871804522639,15.210478013482053,15.24063777923584,81829572,0.0,0.0,GOOG
2011-01-27 00:00:00-05:00,15.275001659156716,15.319746253048464,15.160294770381682,15.247808456420898,81070738,0.0,0.0,GOOG
2011-01-28 00:00:00-05:00,15.304171442299864,15.336062494395875,14.826805243864479,14.85721206665039,169878368,0.0,0.0,GOOG
2011-01-31 00:00:00-05:00,14.921733930038103,14.94324105574597,14.722727940223805,14.84163761138916,112616538,0.0,0.0,GOOG
2011-02-01 00:00:00-05:00,14.943736508528223,15.162767307587172,14.909621950187718,15.105661392211914,110223602,0.0,0.0,GOOG
2011-02-02 00:00:00-05:00,15.104670923028575,15.187240641902946,15.018887582744384,15.12939167022705,70691981,0.0,0.0,GOOG
2011-02-03 00:00:00-05:00,15.067096005007544,15.115796335421551,14.984280169754744,15.083659172058105,60028160,0.0,0.0,GOOG
2011-02-04 00:00:00-05:00,15.083658565275138,15.115548671315013,14.99614488247002,15.10417652130127,62264511,0.0,0.0,GOOG
2011-02-07 00:00:00-05:00,15.083907074714881,15.287361995238877,15.060421604332163,15.186005592346191,72253814,0.0,0.0,GOOG
2011-02-08 00:00:00-05:00,15.201826802568634,15.318017928834308,15.191444768720034,15.287115097045898,68050116,0.0,0.0,GOOG
2011-02-09 00:00:00-05:00,15.249783584794596,15.31356474028565,15.137797161875971,15.24063777923584,73976246,0.0,0.0,GOOG
2011-02-10 00:00:00-05:00,15.176362822446405,15.265359785418939,15.118514796514258,15.239153861999512,93725996,0.0,0.0,GOOG
2011-02-11 00:00:00-05:00,15.173644289602395,15.450769226195845,15.15411455701119,15.438408851623535,103984303,0.0,0.0,GOOG
2011-02-14 00:00:00-05:00,15.409731068803621,15.56547481390939,15.32815146259338,15.528640747070312,85439051,0.0,0.0,GOOG
2011-02-15 00:00:00-05:00,15.508122138777084,15.576599253140976,15.403798236641766,15.429755210876465,83993653,0.0,0.0,GOOG
2011-02-16 00:00:00-05:00,15.466343748174006,15.48784992849578,15.379077120699314,15.431486129760742,67612482,0.0,0.0,GOOG
2011-02-17 00:00:00-05:00,15.358063343830803,15.5063906670275,15.334083764646877,15.457195281982422,59373716,0.0,0.0,GOOG
2011-02-18 00:00:00-05:00,15.475490789365194,15.603546275576234,15.430498193321469,15.576353073120117,129198459,0.0,0.0,GOOG
2011-02-22 00:00:00-05:00,15.327904507580033,15.44903863752452,15.024822599970772,15.085142135620117,146141730,0.0,0.0,GOOG
2011-02-23 00:00:00-05:00,15.088108514319796,15.196140153872538,14.931623602019323,15.112582206726074,116017237,0.0,0.0,GOOG
2011-02-24 00:00:00-05:00,15.114312498928781,15.156338528404856,14.866111111728426,15.050779342651367,108874565,0.0,0.0,GOOG
2011-02-25 00:00:00-05:00,15.125931888458933,15.196634403385868,15.067589747863138,15.080939292907715,77585724,0.0,0.0,GOOG
2011-02-28 00:00:00-05:00,15.079951303811345,15.240391956306762,15.030754968604944,15.164002418518066,91602065,0.0,0.0,GOOG
2011-03-01 00:00:00-05:00,15.272282627839786,15.307882365277349,14.815435264736116,14.85152816772461,133426247,0.0,0.0,GOOG
2011-03-02 00:00:00-05:00,14.82779548459456,14.981066792652811,14.713830701079726,14.852270126342773,81371863,0.0,0.0,GOOG
2011-03-03 00:00:00-05:00,14.990458735382557,15.116783870803992,14.956342287659659,15.069071769714355,78103658,0.0,0.0,GOOG
2011-03-04 00:00:00-05:00,15.038667713342479,15.05473676952754,14.837684296011796,14.848066329956055,120891439,0.0,0.0,GOOG
2011-03-07 00:00:00-05:00,14.846336963252826,14.923960841359461,14.511363969404917,14.626564979553223,139027162,0.0,0.0,GOOG
2011-03-08 00:00:00-05:00,14.657959425261497,14.782802242611382,14.590470527844637,14.642632484436035,91738575,0.0,0.0,GOOG
2011-03-09 00:00:00-05:00,14.610246384700732,14.697018900497802,14.48046150806785,14.62928295135498,86362499,0.0,0.0,GOOG
2011-03-10 00:00:00-05:00,14.472796125989543,14.501966720959684,14.324715860683417,14.345728874206543,125592995,0.0,0.0,GOOG
2011-03-11 00:00:00-05:00,14.294310977725129,14.338314405453085,14.17342389628005,14.25698184967041,121734587,0.0,0.0,GOOG
2011-03-14 00:00:00-04:00,14.160320923404239,14.2960398733742,14.042153363598409,14.090853691101074,113066217,0.0,0.0,GOOG
2011-03-15 00:00:00-04:00,13.782086093436574,14.115822823663963,13.732643649942695,14.08022403717041,160824559,0.0,0.0,GOOG
2011-03-16 00:00:00-04:00,14.041907194762553,14.085910620828272,13.628320236023661,13.772197723388672,152509508,0.0,0.0,GOOG
2011-03-17 00:00:00-04:00,13.954639827005781,14.066379198420378,13.85723822441704,13.877510070800781,116406692,0.0,0.0,GOOG
2011-03-18 00:00:00-04:00,13.958595262953702,14.041412044522868,13.837462077398547,13.870094299316406,132438559,0.0,0.0,GOOG
2011-03-21 00:00:00-04:00,14.096539457919615,14.333369646885087,14.066873801967793,14.251789093017578,121288923,0.0,0.0,GOOG
2011-03-22 00:00:00-04:00,14.27082321398221,14.319276482562863,14.153150719836407,14.272059440612793,75758903,0.0,0.0,GOOG
2011-03-23 00:00:00-04:00,14.21940243885359,14.39887963857233,14.140542349374996,14.39171028137207,72920303,0.0,0.0,GOOG
2011-03-24 00:00:00-04:00,14.472550255780746,14.545726176442143,14.308648915466124,14.508644104003906,84262658,0.0,0.0,GOOG
2011-03-25 00:00:00-04:00,14.50839503152881,14.509136199587106,14.319524017684913,14.33188533782959,114764559,0.0,0.0,GOOG
2011-03-28 00:00:00-04:00,14.389485780402824,14.4616725223495,14.207538009238478,14.223607063293457,89068604,0.0,0.0,GOOG
2011-03-29 00:00:00-04:00,14.239429493201454,14.385037324748856,14.165513351912766,14.381082534790039,64432607,0.0,0.0,GOOG
2011-03-30 00:00:00-04:00,14.446593461967312,14.474281725264733,14.352652526121501,14.38380241394043,57105245,0.0,0.0,GOOG
2011-03-31 00:00:00-04:00,14.412475610610608,14.54003792067055,14.381327621007957,14.505427360534668,81480268,0.0,0.0,GOOG
2011-04-01 00:00:00-04:00,14.554871594104409,14.713828959030556,14.554871594104409,14.630023956298828,104919797,0.0,0.0,GOOG
2011-04-04 00:00:00-04:00,14.659688637697736,14.702702888346131,14.414947944899327,14.52817153930664,82488031,0.0,0.0,GOOG
2011-04-05 00:00:00-04:00,14.365013040375603,14.375148017588526,13.984305357537147,14.068605422973633,242806701,0.0,0.0,GOOG
2011-04-06 00:00:00-04:00,14.144992678727593,14.218661754752835,14.041657948846607,14.194435119628906,107132058,0.0,0.0,GOOG
2011-04-07 00:00:00-04:00,14.232753918346036,14.354135100864577,14.194682679022813,14.338313102722168,101639547,0.0,0.0,GOOG
2011-04-08 00:00:00-04:00,14.459200432447075,14.459200432447075,14.29035514562344,14.292826652526855,76357137,0.0,0.0,GOOG
2011-04-11 00:00:00-04:00,14.244372821745237,14.291343759664514,14.165265667180938,14.273297309875488,74606600,0.0,0.0,GOOG
2011-04-12 00:00:00-04:00,14.21470785845297,14.261925854713686,14.042895993022134,14.106182098388672,83736694,0.0,0.0,GOOG
2011-04-13 00:00:00-04:00,14.227316568012656,14.278982517545128,14.134363862392867,14.24635124206543,83086265,0.0,0.0,GOOG
2011-04-14 00:00:00-04:00,14.219402772973217,14.324715843051363,14.1430151349618,14.301477432250977,219070062,0.0,0.0,GOOG
2011-04-15 00:00:00-04:00,13.480241258344115,13.491613409952498,13.103737280414968,13.119558334350586,563853569,0.0,0.0,GOOG
2011-04-18 00:00:00-04:00,13.013750701822026,13.044405530994382,12.830319625202112,13.024133682250977,202347616,0.0,0.0,GOOG
2011-04-19 00:00:00-04:00,13.101016995980164,13.12400740732812,12.877290230345485,12.892864227294922,107766427,0.0,0.0,GOOG
2011-04-20 00:00:00-04:00,13.000894495938928,13.023637848823796,12.889402182310748,12.996691703796387,122858785,0.0,0.0,GOOG
2011-04-21 00:00:00-04:00,13.040202457327169,13.05973218948546,12.914123421129831,12.981118202209473,99174342,0.0,0.0,GOOG
2011-04-25 00:00:00-04:00,12.98482810141314,13.02808941551848,12.904730823839115,12.979883193969727,65476506,0.0,0.0,GOOG
2011-04-26 00:00:00-04:00,13.016223739561386,13.286180296251697,12.983838569960291,13.171967506408691,140524754,0.0,0.0,GOOG
2011-04-27 00:00:00-04:00,13.300021502014685,13.302741958183093,13.209789252796334,13.294089317321777,92280599,0.0,0.0,GOOG
2011-04-28 00:00:00-04:00,13.301506517944734,13.330925119982828,13.203115734127763,13.299281120300293,80299860,0.0,0.0,GOOG
2011-04-29 00:00:00-04:00,13.349465482099307,13.450822830200195,13.312630466092303,13.450822830200195,169773978,0.0,0.0,GOOG
2011-05-02 00:00:00-04:00,13.490375364370832,13.491117479041966,13.27826782177753,13.313865661621094,85667905,0.0,0.0,GOOG
2011-05-03 00:00:00-04:00,13.278513973888769,13.39915303532786,13.09310458715598,13.198416709899902,83572079,0.0,0.0,GOOG
2011-05-04 00:00:00-04:00,13.230061091861936,13.32474223612274,13.176909023753637,13.24538803100586,84997401,0.0,0.0,GOOG
2011-05-05 00:00:00-04:00,13.19767638596691,13.335125677558777,13.13933329963804,13.207812309265137,80211530,0.0,0.0,GOOG
2011-05-06 00:00:00-04:00,13.303729918961404,13.385557528313655,13.23030884083856,13.233274459838867,82552271,0.0,0.0,GOOG
2011-05-09 00:00:00-04:00,13.225857777663668,13.312135233628835,13.129445345001306,13.292110443115234,78240168,0.0,0.0,GOOG
2011-05-10 00:00:00-04:00,13.349464560160028,13.458979483262965,13.288649966184485,13.41522216796875,82022292,0.0,0.0,GOOG
2011-05-11 00:00:00-04:00,13.352926406954365,13.437224577629546,13.193473978745423,13.236982345581055,93902656,0.0,0.0,GOOG
2011-05-12 00:00:00-04:00,13.231790600787871,13.273816629080674,13.124747188708685,13.227093696594238,58149143,0.0,0.0,GOOG
2011-05-13 00:00:00-04:00,13.216218225416288,13.248603393266631,13.078767973955946,13.0911283493042,84664157,0.0,0.0,GOOG
2011-05-16 00:00:00-04:00,13.011032141787375,13.034764668487902,12.766044350705812,12.815980911254883,118771522,0.0,0.0,GOOG
2011-05-17 00:00:00-04:00,12.742064573700388,13.132413138297043,12.732176652109194,13.113624572753906,132639308,0.0,0.0,GOOG
2011-05-18 00:00:00-04:00,13.090880868054587,13.110410601237469,12.995951711806441,13.097556114196777,78420843,0.0,0.0,GOOG
2011-05-19 00:00:00-04:00,13.16973902249525,13.263927943256705,13.095328781190211,13.133152961730957,99118132,0.0,0.0,GOOG
2011-05-20 00:00:00-04:00,13.146749844438702,13.151446748800575,12.932417849727987,12.954667091369629,93047462,0.0,0.0,GOOG
2011-05-23 00:00:00-04:00,12.770989424622472,12.85504244620406,12.691882257492766,12.815240859985352,92344839,0.0,0.0,GOOG
2011-05-24 00:00:00-04:00,12.864186066569149,12.952935025177512,12.809304607161371,12.812024116516113,76284867,0.0,0.0,GOOG
2011-05-25 00:00:00-04:00,12.78903479045274,12.923517521136084,12.787056448986535,12.846882820129395,52259149,0.0,0.0,GOOG
2011-05-26 00:00:00-04:00,12.79818019867538,12.907449011301637,12.7314343673514,12.808810234069824,85057626,0.0,0.0,GOOG
2011-05-27 00:00:00-04:00,12.817462448385708,12.899290047787842,12.763569215940477,12.877287864685059,70093747,0.0,0.0,GOOG
2011-05-31 00:00:00-04:00,12.978644924330208,13.078766032251675,12.941562857215816,13.078024864196777,107894906,0.0,0.0,GOOG
2011-06-01 00:00:00-04:00,13.053796395030536,13.181357750655643,12.986307510758687,12.993476867675781,118679178,0.0,0.0,GOOG
2011-06-02 00:00:00-04:00,13.042179353931926,13.10966729792651,12.91634737857566,13.054291725158691,88510520,0.0,0.0,GOOG
2011-06-03 00:00:00-04:00,12.904482810011284,13.042921276653308,12.892122435470002,12.931180953979492,70202152,0.0,0.0,GOOG
2011-06-06 00:00:00-04:00,12.942553367875648,13.023638865311145,12.836499118235514,12.881244659423828,77975179,0.0,0.0,GOOG
2011-06-07 00:00:00-04:00,12.926485586351623,12.969501739471191,12.830073138947334,12.831061363220215,76590006,0.0,0.0,GOOG
2011-06-08 00:00:00-04:00,12.769256848696491,12.885693119078924,12.750715341930663,12.83452033996582,66383894,0.0,0.0,GOOG
2011-06-09 00:00:00-04:00,12.855041748922865,12.855041748922865,12.74725715099381,12.774203300476074,67817246,0.0,0.0,GOOG
2011-06-10 00:00:00-04:00,12.708689215943844,12.773212490039622,12.590275542950963,12.59571361541748,97961814,0.0,0.0,GOOG
2011-06-13 00:00:00-04:00,12.607826616730538,12.61277152358014,12.414259639033654,12.477545738220215,97455925,0.0,0.0,GOOG
2011-06-14 00:00:00-04:00,12.562093520174779,12.708689570018821,12.533417034541504,12.567532539367676,94011061,0.0,0.0,GOOG
2011-06-15 00:00:00-04:00,12.484962088593331,12.567036750927475,12.3756951715984,12.433542251586914,83242849,0.0,0.0,GOOG
2011-06-16 00:00:00-04:00,12.430081948773926,12.523033705089375,12.27829394001648,12.36976146697998,110693357,0.0,0.0,GOOG
2011-06-17 00:00:00-04:00,12.513393491194135,12.52600092216788,11.984853522709967,11.990291595458984,210602442,0.0,0.0,GOOG
2011-06-20 00:00:00-04:00,11.98979695863198,12.02020378252606,11.847155701394277,11.979413032531738,121598077,0.0,0.0,GOOG
2011-06-21 00:00:00-04:00,12.043935379535117,12.210804207196446,11.983120789856029,12.187564849853516,111030616,0.0,0.0,GOOG
2011-06-22 00:00:00-04:00,12.149248868793592,12.1714981114215,12.032565529525375,12.0394868850708,96644896,0.0,0.0,GOOG
2011-06-23 00:00:00-04:00,11.918845798295091,11.93689224683015,11.71118716555592,11.871627807617188,192787918,0.0,0.0,GOOG
2011-06-24 00:00:00-04:00,11.883002640208336,11.884732979192995,11.69363748435595,11.739619255065918,152794573,0.0,0.0,GOOG
2011-06-27 00:00:00-04:00,11.717862052887611,12.07384799911008,11.70797318626902,11.935409545898438,138304463,0.0,0.0,GOOG
2011-06-28 00:00:00-04:00,11.965570694199908,12.266922272697876,11.965570694199908,12.203636169433594,109011074,0.0,0.0,GOOG
2011-06-29 00:00:00-04:00,12.275079022326604,12.366795495861915,12.17223840156717,12.300542831420898,94071286,0.0,0.0,GOOG
2011-06-30 00:00:00-04:00,12.409810540062637,12.525505654186464,12.39769722138444,12.518336296081543,97500090,0.0,0.0,GOOG
2011-07-01 00:00:00-04:00,12.527236244112588,12.884211380960869,12.51833560105506,12.880502700805664,146013250,0.0,0.0,GOOG
2011-07-05 00:00:00-04:00,12.986062202401227,13.235746875496455,12.986062202401227,13.162571907043457,154545110,0.0,0.0,GOOG
2011-07-06 00:00:00-04:00,13.188775658095048,13.312629294583017,13.177403508139633,13.234757423400879,108228151,0.0,0.0,GOOG
2011-07-07 00:00:00-04:00,13.37418532275813,13.613487962639178,13.24761312084153,13.51262378692627,158010049,0.0,0.0,GOOG
2011-07-08 00:00:00-04:00,13.175181723518262,13.291370958808095,13.034764902403579,13.151448249816895,191523195,0.0,0.0,GOOG
2011-07-11 00:00:00-04:00,13.0572605345465,13.250086361007408,12.991006917516922,13.035011291503906,113997696,0.0,0.0,GOOG
2011-07-12 00:00:00-04:00,13.056764000549844,13.335125143316136,13.003366769856036,13.201383590698242,114073981,0.0,0.0,GOOG
2011-07-13 00:00:00-04:00,13.275300945649883,13.448349020177037,13.262444566533139,13.306448936462402,112026334,0.0,0.0,GOOG
2011-07-14 00:00:00-04:00,13.327709974983051,13.39890755132634,13.021413488285182,13.076047897338867,266976958,0.0,0.0,GOOG
2011-07-15 00:00:00-04:00,14.770934420285705,14.838918369199746,14.54003832178103,14.773900985717773,551342851,0.0,0.0,GOOG
2011-07-18 00:00:00-04:00,14.647082641627467,14.883417788877665,14.634969322341675,14.707650184631348,179401931,0.0,0.0,GOOG
2011-07-19 00:00:00-04:00,14.737315385735611,14.948433770498744,14.722235501109672,14.895777702331543,119144917,0.0,0.0,GOOG
2011-07-20 00:00:00-04:00,14.886630144127196,14.90269825105119,14.717782974243164,14.717782974243164,89446014,0.0,0.0,GOOG
2011-07-21 00:00:00-04:00,14.685151772433853,15.031990972839187,14.6846567138205,15.005538940429688,139300182,0.0,0.0,GOOG
2011-07-22 00:00:00-04:00,14.965983761625958,15.314800341419508,14.93829645033772,15.283404350280762,141656982,0.0,0.0,GOOG
2011-07-25 00:00:00-04:00,15.163014062697888,15.46090495489878,15.15411436594007,15.301946640014648,125733520,0.0,0.0,GOOG
2011-07-26 00:00:00-04:00,15.278956467155703,15.512572090812132,15.25843851034687,15.389460563659668,94067271,0.0,0.0,GOOG
2011-07-27 00:00:00-04:00,15.257451645824403,15.350650474704144,14.950166893576537,15.01122760772705,157965884,0.0,0.0,GOOG
2011-07-28 00:00:00-04:00,14.961041370364477,15.22778332171952,14.906902022153702,15.103188514709473,124802042,0.0,0.0,GOOG
2011-07-29 00:00:00-04:00,14.937308322940954,15.202567928803758,14.923958778381348,14.923958778381348,166116320,0.0,0.0,GOOG
2011-08-01 00:00:00-04:00,15.11011107315731,15.215917317882848,14.812467234385524,15.000101089477539,159238637,0.0,0.0,GOOG
2011-08-02 00:00:00-04:00,14.981065655963173,15.071792964297467,14.624338503115226,14.644857406616211,128503865,0.0,0.0,GOOG
2011-08-03 00:00:00-04:00,14.691084400343653,14.906900604560436,14.428051154241489,14.861660957336426,153601587,0.0,0.0,GOOG
2011-08-04 00:00:00-04:00,14.696772342860928,14.804309874621168,14.275769915406535,14.277005195617676,197320845,0.0,0.0,GOOG
2011-08-05 00:00:00-04:00,14.401106390132982,14.585526632691469,13.89333237303914,14.314581871032715,238052949,0.0,0.0,GOOG
2011-08-08 00:00:00-04:00,13.917558337056574,14.066379783303343,13.457002338358148,13.498287200927734,300987964,0.0,0.0,GOOG
2011-08-09 00:00:00-04:00,13.868609212929673,14.205066388403555,13.374431849940324,14.175400733947754,259758001,0.0,0.0,GOOG
2011-08-10 00:00:00-04:00,13.878003113770093,13.9457390562255,13.5405577349656,13.5722017288208,215589063,0.0,0.0,GOOG
2011-08-11 00:00:00-04:00,13.691112159876115,14.054020469872203,13.557371534219703,13.896547317504883,193948251,0.0,0.0,GOOG
2011-08-12 00:00:00-04:00,14.078741054111832,14.103461803097614,13.853777126836981,13.937088966369629,126644924,0.0,0.0,GOOG
2011-08-15 00:00:00-04:00,13.681470673457996,13.967248238905896,13.499027841842869,13.775410652160645,286867234,0.0,0.0,GOOG
2011-08-16 00:00:00-04:00,13.656748697062955,13.656995753086973,13.10966726953189,13.324742317199707,278616423,0.0,0.0,GOOG
2011-08-17 00:00:00-04:00,13.350204832216441,13.440685075716909,13.121286133984361,13.180123329162598,163775579,0.0,0.0,GOOG
2011-08-18 00:00:00-04:00,12.940822337123649,12.975926064699772,12.372727880210332,12.481254577636719,252571164,0.0,0.0,GOOG
2011-08-19 00:00:00-04:00,12.344299295399276,12.728219630983636,12.134662316088859,12.136146545410156,217211120,0.0,0.0,GOOG
2011-08-22 00:00:00-04:00,12.459498912353313,12.533663047105316,12.225390142281395,12.315375328063965,196971541,0.0,0.0,GOOG
2011-08-23 00:00:00-04:00,12.447139277950098,12.889896822276585,12.337377298573498,12.825868606567383,174523715,0.0,0.0,GOOG
2011-08-24 00:00:00-04:00,12.838476092845266,13.102252426781114,12.78656214178457,12.936372756958008,144318923,0.0,0.0,GOOG
2011-08-25 00:00:00-04:00,13.111646364645418,13.281975884513804,12.813013355502317,12.85602855682373,132213719,0.0,0.0,GOOG
2011-08-26 00:00:00-04:00,12.854793225011793,13.113376650828606,12.685451929976315,13.024627685546875,144391193,0.0,0.0,GOOG
2011-08-29 00:00:00-04:00,13.214982763224686,13.335868898438354,13.190261066293575,13.326722145080566,93782206,0.0,0.0,GOOG
2011-08-30 00:00:00-04:00,13.30471896309746,13.423381584974758,13.122277075110794,13.366768836975098,120008140,0.0,0.0,GOOG
2011-08-31 00:00:00-04:00,13.466642467052601,13.50520687136276,13.250579194206361,13.373196601867676,108135806,0.0,0.0,GOOG
2011-09-01 00:00:00-04:00,13.368005775081151,13.444146360679609,13.132411820853227,13.164054870605469,96982155,0.0,0.0,GOOG
2011-09-02 00:00:00-04:00,12.96554369140507,13.050831980737694,12.873086990548662,12.974691390991211,96408011,0.0,0.0,GOOG
2011-09-06 00:00:00-04:00,12.627605882917774,12.923271402935708,12.620189468318456,12.90893268585205,109039179,0.0,0.0,GOOG
2011-09-07 00:00:00-04:00,13.113376638507113,13.249096541130228,13.0379772184803,13.201878547668457,110645177,0.0,0.0,GOOG
2011-09-08 00:00:00-04:00,13.196193241204067,13.327216247031844,13.149223247618117,13.224869728088379,95576908,0.0,0.0,GOOG
2011-09-09 00:00:00-04:00,13.136864260850608,13.217207654513258,12.88446098112262,12.974940299987793,131242091,0.0,0.0,GOOG
2011-09-12 00:00:00-04:00,12.804608488673445,13.151446762896747,12.79323633851947,13.105218887329102,107216373,0.0,0.0,GOOG
2011-09-13 00:00:00-04:00,13.151695109756094,13.198171939068887,12.939092486185585,13.090387344360352,94520965,0.0,0.0,GOOG
2011-09-14 00:00:00-04:00,13.166278748535126,13.27406332577062,12.998915807968586,13.153424263000488,108179971,0.0,0.0,GOOG
2011-09-15 00:00:00-04:00,13.238218886756485,13.47257566554506,13.214981421643712,13.412750244140625,118875912,0.0,0.0,GOOG
2011-09-16 00:00:00-04:00,13.468126777187164,13.518557443610762,13.427088972653713,13.514601707458496,141901897,0.0,0.0,GOOG
2011-09-19 00:00:00-04:00,13.358118737800242,13.594205889851809,13.235254255541403,13.51435661315918,99106087,0.0,0.0,GOOG
2011-09-20 00:00:00-04:00,13.58184381586984,13.80730184958893,13.415469090147871,13.51336669921875,111580670,0.0,0.0,GOOG
2011-09-21 00:00:00-04:00,13.53957019452283,13.720281735530957,13.321281527236275,13.329686164855957,100948969,0.0,0.0,GOOG
2011-09-22 00:00:00-04:00,13.009547408864321,13.072091393964621,12.706712564278199,12.871355056762695,176671736,0.0,0.0,GOOG
2011-09-23 00:00:00-04:00,12.769998607012257,13.013749196401138,12.719072881562477,12.991252899169922,111508400,0.0,0.0,GOOG
2011-09-26 00:00:00-04:00,13.034267539994353,13.174684336291403,12.688170455912388,13.148974418640137,105762945,0.0,0.0,GOOG
2011-09-27 00:00:00-04:00,13.304966582409842,13.52374938089624,13.251815456347956,13.333148956298828,120887424,0.0,0.0,GOOG
2011-09-28 00:00:00-04:00,13.386546742455828,13.448843673161349,13.04539359335587,13.073575019836426,90871336,0.0,0.0,GOOG
2011-09-29 00:00:00-04:00,13.251567509958077,13.28271739400157,12.840453975616336,13.040449142456055,116699786,0.0,0.0,GOOG
2011-09-30 00:00:00-04:00,12.86023125839531,12.953924183860888,12.716105771368614,12.732422828674316,109352349,0.0,0.0,GOOG
2011-10-03 00:00:00-04:00,12.60411926085094,12.657270385053096,12.23700913815817,12.249863624572754,179646846,0.0,0.0,GOOG
2011-10-04 00:00:00-04:00,12.114145046470641,12.445657339225077,11.881023532614414,12.407586097717285,166975528,0.0,0.0,GOOG
2011-10-05 00:00:00-04:00,12.27038232895472,12.553440365166953,11.885224846184824,12.47680377960205,182043797,0.0,0.0,GOOG
2011-10-06 00:00:00-04:00,12.546025055938035,12.737119584917854,12.424889980335669,12.724265098571777,137485405,0.0,0.0,GOOG
2011-10-07 00:00:00-04:00,12.776673827019641,12.867400183848442,12.615243063967096,12.734399795532227,114664185,0.0,0.0,GOOG
2011-10-10 00:00:00-04:00,12.983095269554534,13.286919282359225,12.934146939089123,13.279502868652344,93236167,0.0,0.0,GOOG
2011-10-11 00:00:00-04:00,13.187788722409454,13.517569744437852,13.187788722409454,13.428079605102539,114563810,0.0,0.0,GOOG
2011-10-12 00:00:00-04:00,13.550446448987984,13.725966962975557,13.463921945314969,13.559593200683594,127588447,0.0,0.0,GOOG
2011-10-13 00:00:00-04:00,13.597417844573414,13.819168145204673,13.547728345109824,13.818921089172363,228356741,0.0,0.0,GOOG
2011-10-14 00:00:00-04:00,14.819635827725769,14.822849449210398,14.525452681821958,14.627057075500488,342474886,0.0,0.0,GOOG
2011-10-17 00:00:00-04:00,14.430275261458418,14.630764535635903,14.28887023932826,14.3978910446167,160928949,0.0,0.0,GOOG
2011-10-18 00:00:00-04:00,14.34301128871456,14.648812704288863,14.274038166154929,14.598133087158203,152601853,0.0,0.0,GOOG
2011-10-19 00:00:00-04:00,14.519768786623644,14.636454027713727,14.319032422539557,14.355620384216309,117699519,0.0,0.0,GOOG
2011-10-20 00:00:00-04:00,14.385284539587824,14.558084619007428,14.326200283742715,14.429040908813477,135666613,0.0,0.0,GOOG
2011-10-21 00:00:00-04:00,14.573414345799106,14.653510675176408,14.503947106115103,14.597640037536621,136148412,0.0,0.0,GOOG
2011-10-24 00:00:00-04:00,14.504439248715848,14.831995773285037,14.499001176581523,14.744235038757324,137589795,0.0,0.0,GOOG
2011-10-25 00:00:00-04:00,14.662162287118058,14.709133227164697,14.40876986390164,14.416433334350586,102000897,0.0,0.0,GOOG
2011-10-26 00:00:00-04:00,14.574401929414092,14.589975925766147,14.161804141781689,14.494304656982422,115354763,0.0,0.0,GOOG
2011-10-27 00:00:00-04:00,14.793679806169328,14.899486052250976,14.66710665396317,14.799859046936035,151778780,0.0,0.0,GOOG
2011-10-28 00:00:00-04:00,14.697266228284596,14.889597934330828,14.690590982373006,14.836198806762695,100696024,0.0,0.0,GOOG
2011-10-31 00:00:00-04:00,14.711357745834585,14.825074515520775,14.626810626746886,14.650789260864258,102695490,0.0,0.0,GOOG
2011-11-01 00:00:00-04:00,14.340787015835073,14.474528585986473,14.25797117626719,14.304940223693848,125472546,0.0,0.0,GOOG
2011-11-02 00:00:00-04:00,14.459447327901797,14.535093801858054,14.350180409203833,14.45746898651123,85153986,0.0,0.0,GOOG
2011-11-03 00:00:00-04:00,14.511361528305022,14.770934104919434,14.430275092701443,14.770934104919434,107192283,0.0,0.0,GOOG
2011-11-04 00:00:00-04:00,14.6720507330912,14.826312148135134,14.645598698069584,14.73731517791748,113817021,0.0,0.0,GOOG
2011-11-07 00:00:00-05:00,14.667601783946397,15.049792774079807,14.640655635185178,15.038667678833008,134799374,0.0,0.0,GOOG
2011-11-08 00:00:00-05:00,15.055229531272282,15.187982868430176,14.921735026002677,15.137798309326172,121630197,0.0,0.0,GOOG
2011-11-09 00:00:00-05:00,14.93805167293772,15.064871883454337,14.799612255655129,14.856224060058594,148996390,0.0,0.0,GOOG
2011-11-10 00:00:00-05:00,14.97933436949699,14.979828481517707,14.624089597820246,14.711109161376953,115166059,0.0,0.0,GOOG
2011-11-11 00:00:00-05:00,14.864875473977975,15.131617416033393,14.798127751170288,15.039159774780273,159676271,0.0,0.0,GOOG
2011-11-14 00:00:00-05:00,15.030509082297817,15.279698719923749,15.025071009303064,15.154115676879883,128026081,0.0,0.0,GOOG
2011-11-15 00:00:00-05:00,15.149168988375418,15.279696923527677,15.092311078510734,15.242120742797852,107441212,0.0,0.0,GOOG
2011-11-16 00:00:00-05:00,15.13137092292041,15.285137273836764,15.095030967993946,15.116290092468262,104731092,0.0,0.0,GOOG
2011-11-17 00:00:00-05:00,15.081184578138954,15.136560146667195,14.753133958789567,14.854244232177734,140255750,0.0,0.0,GOOG
2011-11-18 00:00:00-05:00,14.882179936501503,14.943981802523307,14.678229045755753,14.706164360046387,132000924,0.0,0.0,GOOG
2011-11-21 00:00:00-05:00,14.530149509859967,14.548443961143564,14.142768503208368,14.361551284790039,120501984,0.0,0.0,GOOG
2011-11-22 00:00:00-05:00,14.338313102722168,14.461177567986095,14.220640600354509,14.338313102722168,96572626,0.0,0.0,GOOG
2011-11-23 00:00:00-05:00,14.22336124683474,14.344494436433438,14.09382152557373,14.09382152557373,93380707,0.0,0.0,GOOG
2011-11-25 00:00:00-05:00,13.972193927355063,14.196661869203108,13.876769707525591,13.91805362701416,62730250,0.0,0.0,GOOG
2011-11-28 00:00:00-05:00,14.322739399668361,14.556355016975361,14.251788882469295,14.540781021118164,113580136,0.0,0.0,GOOG
2011-11-29 00:00:00-05:00,14.533117886606277,14.594425647316054,14.371193004286964,14.410747528076172,73546641,0.0,0.0,GOOG
2011-11-30 00:00:00-05:00,14.782059631809261,14.820624036158847,14.637192983104669,14.817657470703125,136389312,0.0,0.0,GOOG
2011-12-01 00:00:00-05:00,14.832738079723827,15.22827858221467,14.808017330766505,15.173150062561035,145366836,0.0,0.0,GOOG
2011-12-02 00:00:00-05:00,15.254234825204561,15.426047619189447,15.23470414712462,15.33606243133545,164040568,0.0,0.0,GOOG
2011-12-05 00:00:00-05:00,15.516033270554043,15.621345400897336,15.386493557193775,15.466837882995605,128379401,0.0,0.0,GOOG
2011-12-06 00:00:00-05:00,15.401078843412273,15.540258470550683,15.333095840582466,15.420361518859863,93408812,0.0,0.0,GOOG
2011-12-07 00:00:00-05:00,15.368694746582825,15.467085525429978,15.280193782033711,15.410968780517578,90630437,0.0,0.0,GOOG
2011-12-08 00:00:00-05:00,15.35287269118657,15.511335940998721,15.210972607461935,15.229513168334961,96885796,0.0,0.0,GOOG
2011-12-09 00:00:00-05:00,15.27771992458751,15.552866497782038,15.2532452868585,15.51059341430664,111062736,0.0,0.0,GOOG
2011-12-12 00:00:00-05:00,15.373639500391041,15.479939857836651,15.334332032507813,15.460411071777344,87683432,0.0,0.0,GOOG
2011-12-13 00:00:00-05:00,15.543720693923877,15.736546509259453,15.397617812994557,15.466343879699707,161731947,0.0,0.0,GOOG
2011-12-14 00:00:00-05:00,15.37289723297756,15.433958883823331,15.14150606272117,15.279450416564941,156733281,0.0,0.0,GOOG
2011-12-15 00:00:00-05:00,15.389458293996803,15.426046246920174,15.294775263777519,15.315789222717285,96705121,0.0,0.0,GOOG
2011-12-16 00:00:00-05:00,15.433959813354297,15.557565458715498,15.363504349388936,15.474502563476562,179040582,0.0,0.0,GOOG
2011-12-19 00:00:00-05:00,15.525179373175192,15.537293638202474,15.327162538993885,15.37240219116211,86061375,0.0,0.0,GOOG
2011-12-20 00:00:00-05:00,15.524931701321092,15.619861796872348,15.524684645293066,15.583521842956543,95886062,0.0,0.0,GOOG
2011-12-21 00:00:00-05:00,15.574622517582302,15.619368056966096,15.301452376910635,15.471040725708008,100290510,0.0,0.0,GOOG
2011-12-22 00:00:00-05:00,15.523697123571367,15.617142994032896,15.500459657263018,15.566959381103516,73165217,0.0,0.0,GOOG
2011-12-23 00:00:00-05:00,15.623816143188137,15.69006880209806,15.588217360523199,15.651997566223145,58365953,0.0,0.0,GOOG
2011-12-27 00:00:00-05:00,15.62505363794693,15.932585400884864,15.623818357741587,15.827768325805664,64496847,0.0,0.0,GOOG
2011-12-28 00:00:00-05:00,15.889569296221612,15.945191922258244,15.774615364239365,15.814169883728027,85406931,0.0,0.0,GOOG
2011-12-29 00:00:00-05:00,15.858422211539457,15.895752284699574,15.702925517870266,15.880919456481934,63252199,0.0,0.0,GOOG
2011-12-30 00:00:00-05:00,15.87152513172592,15.988704477826095,15.87152513172592,15.967442512512207,71559220,0.0,0.0,GOOG
2012-01-03 00:00:00-05:00,16.14147990178212,16.517489699771126,16.12738729627083,16.449752807617188,147611217,0.0,0.0,GOOG
2012-01-04 00:00:00-05:00,16.440358986880668,16.569403635099555,16.331338181807887,16.520702362060547,114989399,0.0,0.0,GOOG
2012-01-05 00:00:00-05:00,16.36866894659579,16.41415565620277,16.22281311544916,16.29153823852539,131808205,0.0,0.0,GOOG
2012-01-06 00:00:00-05:00,16.29499909479282,16.31601305750842,16.06360886119694,16.06929588317871,108119746,0.0,0.0,GOOG
2012-01-09 00:00:00-05:00,15.982275176685587,15.99463744470011,15.357569828451519,15.387977600097656,233776981,0.0,0.0,GOOG
2012-01-10 00:00:00-05:00,15.568195224727383,15.66831633865773,15.250774604327395,15.404787063598633,176483032,0.0,0.0,GOOG
2012-01-11 00:00:00-05:00,15.413687965005709,15.55929674423238,15.354851708104176,15.474502563476562,96359832,0.0,0.0,GOOG
2012-01-12 00:00:00-05:00,15.604536832433906,15.64582169843493,15.487851593025171,15.565476417541504,75289148,0.0,0.0,GOOG
2012-01-13 00:00:00-05:00,15.481917462776252,15.498974741049102,15.353366922647348,15.450521469116211,92637933,0.0,0.0,GOOG
2012-01-17 00:00:00-05:00,15.623324364043176,15.623324364043176,15.467579666628348,15.539271354675293,76658261,0.0,0.0,GOOG
2012-01-18 00:00:00-05:00,15.491064039531032,15.673258865843788,15.379570778939827,15.646313667297363,110882061,0.0,0.0,GOOG
2012-01-19 00:00:00-05:00,15.846060674346342,15.846060674346342,15.610466725586107,15.810956001281738,253157352,0.0,0.0,GOOG
2012-01-20 00:00:00-05:00,14.598626440710808,14.610244698985154,14.380338734654881,14.4863920211792,424637703,0.0,0.0,GOOG
2012-01-23 00:00:00-05:00,14.486639668321056,14.5523982177144,14.416431270925726,14.474773406982422,137027695,0.0,0.0,GOOG
2012-01-24 00:00:00-05:00,14.494552704466646,14.52817409960834,14.288872383259868,14.361306190490723,122690156,0.0,0.0,GOOG
2012-01-25 00:00:00-05:00,14.276757963262426,14.306423619460942,14.001610421883486,14.07849407196045,200255805,0.0,0.0,GOOG
2012-01-26 00:00:00-05:00,14.140049594249135,14.20185241255929,13.956370531563428,14.044130325317383,129531704,0.0,0.0,GOOG
2012-01-27 00:00:00-05:00,14.110383672174688,14.346224683905502,14.074538776559873,14.33781909942627,145242371,0.0,0.0,GOOG
2012-01-30 00:00:00-05:00,14.290107735330867,14.33831395413104,14.175154735599648,14.281208038330078,93569411,0.0,0.0,GOOG
2012-01-31 00:00:00-05:00,14.412476664946473,14.437198360198492,14.218415569476186,14.341032981872559,86017210,0.0,0.0,GOOG
2012-02-01 00:00:00-05:00,14.460436770439548,14.474281375040736,14.317054336283606,14.358833312988281,93175942,0.0,0.0,GOOG
2012-02-02 00:00:00-05:00,14.45870652542475,14.496776819395665,14.389733402261948,14.464638710021973,96950036,0.0,0.0,GOOG
2012-02-03 00:00:00-05:00,14.601841325070477,14.76030457512628,14.537318999380371,14.742011070251465,127215053,0.0,0.0,GOOG
2012-02-06 00:00:00-05:00,14.709378675767681,15.100468361425689,14.684656981617115,15.057454109191895,147735682,0.0,0.0,GOOG
2012-02-07 00:00:00-05:00,15.00949584496521,15.064871420862872,14.925689893140877,15.000101089477539,83997668,0.0,0.0,GOOG
2012-02-08 00:00:00-05:00,15.046329735094332,15.113324516611264,14.949917300418374,15.076242446899414,73731331,0.0,0.0,GOOG
2012-02-09 00:00:00-05:00,15.129885785477382,15.191194484185662,15.055227543347359,15.11604118347168,90927546,0.0,0.0,GOOG
2012-02-10 00:00:00-05:00,15.027541147106795,15.03372038732243,14.931622830695842,14.978839874267578,93356617,0.0,0.0,GOOG
2012-02-13 00:00:00-05:00,15.092311388299303,15.174880165188272,15.080445126080543,15.134336471557617,72924318,0.0,0.0,GOOG
2012-02-14 00:00:00-05:00,15.118019984773122,15.129391187354571,14.950409992173665,15.074015617370605,72418428,0.0,0.0,GOOG
2012-02-15 00:00:00-05:00,15.15238488579254,15.15238488579254,14.8960249506921,14.970189094543457,97399715,0.0,0.0,GOOG
2012-02-16 00:00:00-05:00,14.90245090657226,15.050531169448252,14.776619883515881,14.993919372558594,101615457,0.0,0.0,GOOG
2012-02-17 00:00:00-05:00,14.955602497858246,15.021361052925242,14.89206934027164,14.947444915771484,98331193,0.0,0.0,GOOG
2012-02-21 00:00:00-05:00,14.928408137688288,15.27475227709444,14.90393350017644,15.178833961486816,99603946,0.0,0.0,GOOG
2012-02-22 00:00:00-05:00,15.128403108813526,15.247559833788616,14.998616349191146,15.029023170471191,78974912,0.0,0.0,GOOG
2012-02-23 00:00:00-05:00,15.005786861204125,15.02902432697771,14.841391422255017,14.983784675598145,82508106,0.0,0.0,GOOG
2012-02-24 00:00:00-05:00,15.01443936469805,15.120740664954916,14.968951711125566,15.077478408813477,77714204,0.0,0.0,GOOG
2012-02-27 00:00:00-05:00,14.995650126795141,15.138291375032155,14.957826891341005,15.062891960144043,72827958,0.0,0.0,GOOG
2012-02-28 00:00:00-05:00,15.079951446007867,15.32147759645064,15.022597528115902,15.287361145019531,114330940,0.0,0.0,GOOG
2012-02-29 00:00:00-05:00,15.292553855364986,15.465601937798231,15.215917261814345,15.28390121459961,125946315,0.0,0.0,GOOG
2012-03-01 00:00:00-05:00,15.383033958679675,15.468075194800628,15.281429554855288,15.386494636535645,89843498,0.0,0.0,GOOG
2012-03-02 00:00:00-05:00,15.376605213501929,15.42604860535213,15.335074241004559,15.358064651489258,63167885,0.0,0.0,GOOG
2012-03-05 00:00:00-05:00,15.337794780309059,15.38872051182728,15.114067061480263,15.185017585754395,63970883,0.0,0.0,GOOG
2012-03-06 00:00:00-05:00,15.031744223960132,15.050531840707006,14.680454221730718,14.955354690551758,127451937,0.0,0.0,GOOG
2012-03-07 00:00:00-05:00,15.056465682963038,15.109369754688565,14.97760558062764,15.000843048095703,50769586,0.0,0.0,GOOG
2012-03-08 00:00:00-05:00,15.080940431673739,15.117034279828873,14.989719006935065,15.009249687194824,54021731,0.0,0.0,GOOG
2012-03-09 00:00:00-05:00,15.029273974916613,15.126921699637206,14.832739458872808,14.838920593261719,107224403,0.0,0.0,GOOG
2012-03-12 00:00:00-04:00,14.832738171224166,15.005787201292346,14.814444665430923,14.960052490234375,67010233,0.0,0.0,GOOG
2012-03-13 00:00:00-04:00,15.049047117094887,15.274011024642947,14.969939970017299,15.272279739379883,90168712,0.0,0.0,GOOG
2012-03-14 00:00:00-04:00,15.203556519543703,15.395888220305544,15.16548622630181,15.228031158447266,117916329,0.0,0.0,GOOG
2012-03-15 00:00:00-04:00,15.243110399967682,15.413686017562766,15.199353086967522,15.355097770690918,97769094,0.0,0.0,GOOG
2012-03-16 00:00:00-04:00,15.349165762083219,15.473266467171111,15.328399801454575,15.451759338378906,122477361,0.0,0.0,GOOG
2012-03-19 00:00:00-04:00,15.404293434522476,15.75409923087636,15.357817555017514,15.672765731811523,87237768,0.0,0.0,GOOG
2012-03-20 00:00:00-04:00,15.597118053215045,15.72418530730018,15.50688486417967,15.660651206970215,61850967,0.0,0.0,GOOG
2012-03-21 00:00:00-04:00,15.688339270352682,16.004276608666064,15.636425319738755,15.82109260559082,99154267,0.0,0.0,GOOG
2012-03-22 00:00:00-04:00,15.784505716123729,16.039133403902177,15.599096314170874,15.971150398254395,96769361,0.0,0.0,GOOG
2012-03-23 00:00:00-04:00,15.98474730199248,16.03171824003366,15.843837327593546,15.885616302490234,77898894,0.0,0.0,GOOG
2012-03-26 00:00:00-04:00,15.94519218773635,16.056191332220134,15.810214411037537,16.052234649658203,73040752,0.0,0.0,GOOG
2012-03-27 00:00:00-04:00,15.995380448923052,16.155325109498374,15.940251924481686,15.995132446289062,80588939,0.0,0.0,GOOG
2012-03-28 00:00:00-04:00,16.118983448771825,16.28115442695398,16.095498928396985,16.211193084716797,101936657,0.0,0.0,GOOG
2012-03-29 00:00:00-04:00,16.15384108231682,16.231712008089357,15.927889881752705,16.02949333190918,77260510,0.0,0.0,GOOG
2012-03-30 00:00:00-04:00,16.112062133790726,16.155078283405853,15.84631028490867,15.852242469787598,92774443,0.0,0.0,GOOG
2012-04-02 00:00:00-04:00,15.840623545854328,16.006998285581098,15.69402748895173,15.992659568786621,91710470,0.0,0.0,GOOG
2012-04-03 00:00:00-04:00,15.95532947726595,16.018121466958075,15.78796652343282,15.886356353759766,82102591,0.0,0.0,GOOG
2012-04-04 00:00:00-04:00,15.783269326087177,15.796865927076073,15.601568606272064,15.701689720153809,65348026,0.0,0.0,GOOG
2012-04-05 00:00:00-04:00,15.629749830914019,15.733331621072358,15.53902347347985,15.631728172302246,93095642,0.0,0.0,GOOG
2012-04-09 00:00:00-04:00,15.536798316793186,15.706139609375121,15.457938220167193,15.59514045715332,87635252,0.0,0.0,GOOG
2012-04-10 00:00:00-04:00,15.661395239212707,15.685620930941521,15.439644920823223,15.49675178527832,99652126,0.0,0.0,GOOG
2012-04-11 00:00:00-04:00,15.672517680122075,15.722701290201783,15.606512072108115,15.721713066101074,88289696,0.0,0.0,GOOG
2012-04-12 00:00:00-04:00,15.879684116267361,16.146425143311312,15.828016270662149,16.093769073486328,231127086,0.0,0.0,GOOG
2012-04-13 00:00:00-04:00,16.00823410715617,16.043832895613725,15.414676749875312,15.440881729125977,327595322,0.0,0.0,GOOG
2012-04-16 00:00:00-04:00,15.401327614529098,15.421351460282509,14.873775856837371,14.982797622680664,228537416,0.0,0.0,GOOG
2012-04-17 00:00:00-04:00,15.044352873033093,15.270057974335277,15.006034575211325,15.069320678710938,121409373,0.0,0.0,GOOG
2012-04-18 00:00:00-04:00,15.031745288585642,15.14916979471982,14.902205570653095,15.016912460327148,107180238,0.0,0.0,GOOG
2012-04-19 00:00:00-04:00,14.973402661837536,15.23470561014359,14.808018041513446,14.815434455871582,132277959,0.0,0.0,GOOG
2012-04-20 00:00:00-04:00,14.937803930349114,15.051520699446929,14.72965117518718,14.735336303710938,122794545,0.0,0.0,GOOG
2012-04-23 00:00:00-04:00,14.657216810625139,14.794419989514973,14.59046908794432,14.773406028747559,88241516,0.0,0.0,GOOG
2012-04-24 00:00:00-04:00,14.78922948155103,14.996639174603477,14.76648518125044,14.864134788513184,77453230,0.0,0.0,GOOG
2012-04-25 00:00:00-04:00,14.931623536498707,15.113324255080222,14.903934329493213,15.073028564453125,73117037,0.0,0.0,GOOG
2012-04-26 00:00:00-04:00,15.102447085844636,15.277720560408964,15.072534374711342,15.21517562866211,84013728,0.0,0.0,GOOG
2012-04-27 00:00:00-04:00,15.204051235335195,15.246571378559338,15.094784311627809,15.203063011169434,65701345,0.0,0.0,GOOG
2012-04-30 00:00:00-04:00,15.153869097356628,15.230257696917459,14.84781964040735,14.952637672424316,96652926,0.0,0.0,GOOG
2012-05-01 00:00:00-04:00,14.926431121040492,15.119503996052629,14.837436045475993,14.942254066467285,80392204,0.0,0.0,GOOG
2012-05-02 00:00:00-04:00,14.86240216000956,15.033225773411308,14.847816389589216,15.012213706970215,64701612,0.0,0.0,GOOG
2012-05-03 00:00:00-04:00,15.070556818010822,15.199354421811218,15.053993650811579,15.1051664352417,75000069,0.0,0.0,GOOG
2012-05-04 00:00:00-04:00,14.97908970616776,15.027790988032155,14.753879644312397,14.757834434509277,88626955,0.0,0.0,GOOG
2012-05-07 00:00:00-04:00,14.709133102050243,15.094041693028498,14.709133102050243,15.019384384155273,80079035,0.0,0.0,GOOG
2012-05-08 00:00:00-04:00,14.969447589298149,15.250528268302832,14.850043793673747,15.14892292022705,107493407,0.0,0.0,GOOG
2012-05-09 00:00:00-04:00,15.001337046968661,15.23767217437668,14.877483408181382,15.058937072753906,93501157,0.0,0.0,GOOG
2012-05-10 00:00:00-04:00,15.153123949715795,15.232974157936566,15.085635061470308,15.170429229736328,61666277,0.0,0.0,GOOG
2012-05-11 00:00:00-04:00,15.088602611523699,15.192432405273484,14.950658260688108,14.962030410766602,84290763,0.0,0.0,GOOG
2012-05-14 00:00:00-04:00,14.852020302147318,15.042868718919525,14.847076341821948,14.931623458862305,73249532,0.0,0.0,GOOG
2012-05-15 00:00:00-04:00,14.964998101252965,15.203557695628657,14.925443575611846,15.107392311096191,84399167,0.0,0.0,GOOG
2012-05-16 00:00:00-04:00,15.276732224809129,15.576847576667944,15.226794720463927,15.54792308807373,194128926,0.0,0.0,GOOG
2012-05-17 00:00:00-04:00,15.66905993059752,15.76843894522655,15.357571446533054,15.40256404876709,134654835,0.0,0.0,GOOG
2012-05-18 00:00:00-04:00,15.453241171607509,15.634200722106314,14.751158098993077,14.842626571655273,239835606,0.0,0.0,GOOG
2012-05-21 00:00:00-04:00,14.845346548340071,15.22061520601366,14.832738171171226,15.181554794311523,123477094,0.0,0.0,GOOG
2012-05-22 00:00:00-04:00,15.164991873808816,15.174137679708302,14.733853547929025,14.85251522064209,122533571,0.0,0.0,GOOG
2012-05-23 00:00:00-04:00,14.8735269840423,15.070061469927822,14.761540559243702,15.06659984588623,127600492,0.0,0.0,GOOG
2012-05-24 00:00:00-04:00,15.059183780776603,15.127414787049348,14.80480315643592,14.9232177734375,75935562,0.0,0.0,GOOG
2012-05-25 00:00:00-04:00,14.85745890939609,14.875505357987182,14.543003920604784,14.6233491897583,143813034,0.0,0.0,GOOG
2012-05-29 00:00:00-04:00,14.729154778568617,14.811228489691391,14.543993396655623,14.692814826965332,104618672,0.0,0.0,GOOG
2012-05-30 00:00:00-04:00,14.540038688926696,14.632495385127694,14.425579807453152,14.541769027709961,76553871,0.0,0.0,GOOG
2012-05-31 00:00:00-04:00,14.553882459913913,14.585525510044898,14.313592545113877,14.359573364257812,119177037,0.0,0.0,GOOG
2012-06-01 00:00:00-04:00,14.135353580899693,14.156613653294757,14.05031234474453,14.115328788757324,122774470,0.0,0.0,GOOG
2012-06-04 00:00:00-04:00,14.096539778450364,14.350428198648542,14.091348761828188,14.303457260131836,97672734,0.0,0.0,GOOG
2012-06-05 00:00:00-04:00,14.225832105376055,14.2920847725628,14.003835691148158,14.101237297058105,93946821,0.0,0.0,GOOG
2012-06-06 00:00:00-04:00,14.251294305838309,14.387013255526401,14.1803447375269,14.35240364074707,84146223,0.0,0.0,GOOG
2012-06-07 00:00:00-04:00,14.526195802698627,14.533365160816624,14.270330934010547,14.294557571411133,70603652,0.0,0.0,GOOG
2012-06-08 00:00:00-04:00,14.235720943760764,14.363035261374092,14.20432400249001,14.349437713623047,56627461,0.0,0.0,GOOG
2012-06-11 00:00:00-04:00,14.442388182056185,14.469829384570865,14.009272484787472,14.054018020629883,106842978,0.0,0.0,GOOG
2012-06-12 00:00:00-04:00,14.0854149410016,14.098517429799339,13.808784126364518,13.969966888427734,129451404,0.0,0.0,GOOG
2012-06-13 00:00:00-04:00,13.886408345596225,14.016937222757752,13.811255986765206,13.870834350585938,78460993,0.0,0.0,GOOG
2012-06-14 00:00:00-04:00,13.876026685797664,13.969225501848486,13.757859117578034,13.820404052734375,94147570,0.0,0.0,GOOG
2012-06-15 00:00:00-04:00,13.852294659521624,13.955629396043008,13.771950332928435,13.955381393432617,120497969,0.0,0.0,GOOG
2012-06-18 00:00:00-04:00,13.90865905328471,14.19517875309407,13.82534910412989,14.112115859985352,100250360,0.0,0.0,GOOG
2012-06-19 00:00:00-04:00,14.17985123947705,14.444120739259958,14.168232033180741,14.376137733459473,83359284,0.0,0.0,GOOG
2012-06-20 00:00:00-04:00,14.333616096271644,14.338313000502751,14.177872355691076,14.27675724029541,94219840,0.0,0.0,GOOG
2012-06-21 00:00:00-04:00,14.334355917797811,14.334355917797811,13.936096907349528,13.972684860229492,80753554,0.0,0.0,GOOG
2012-06-22 00:00:00-04:00,14.041658959200372,14.127689361572266,13.987766666342932,14.127689361572266,89450029,0.0,0.0,GOOG
2012-06-25 00:00:00-04:00,14.025095934643085,14.043883552577629,13.778377821920714,13.861193656921387,63501129,0.0,0.0,GOOG
2012-06-26 00:00:00-04:00,13.912120140404538,14.007049292659282,13.831033698795974,13.959585189819336,54210435,0.0,0.0,GOOG
2012-06-27 00:00:00-04:00,14.034243645912776,14.189739402870318,13.992712670843915,14.073797225952148,67945726,0.0,0.0,GOOG
2012-06-28 00:00:00-04:00,13.989745013266335,13.997902595379434,13.77491700986484,13.950437545776367,77124000,0.0,0.0,GOOG
2012-06-29 00:00:00-04:00,14.213717928411391,14.341526350638876,14.145487870475801,14.340043067932129,101157748,0.0,0.0,GOOG
2012-07-02 00:00:00-04:00,14.383306059918823,14.412476656930645,14.25178895089385,14.349932670593262,66468209,0.0,0.0,GOOG
2012-07-03 00:00:00-04:00,14.33856139336926,14.546220049029115,14.28887189040768,14.531881332397461,47758342,0.0,0.0,GOOG
2012-07-05 00:00:00-04:00,14.554871605385458,14.83422193023268,14.549432586397828,14.7318754196167,94187720,0.0,0.0,GOOG
2012-07-06 00:00:00-04:00,14.646093467494406,14.672544555418774,14.408027996725922,14.486146926879883,86796118,0.0,0.0,GOOG
2012-07-09 00:00:00-04:00,14.460685804131913,14.550919010224678,14.369217317696418,14.486889839172363,68861145,0.0,0.0,GOOG
2012-07-10 00:00:00-04:00,14.590222725474753,14.64559830102844,14.307164660482345,14.380340576171875,77212330,0.0,0.0,GOOG
2012-07-11 00:00:00-04:00,14.246845744418714,14.28516404276464,13.966012118113472,14.12052059173584,140496649,0.0,0.0,GOOG
2012-07-12 00:00:00-04:00,14.019904374448265,14.138813104467562,13.895555678886687,14.102967262268066,92738308,0.0,0.0,GOOG
2012-07-13 00:00:00-04:00,14.14425050908033,14.317299524849249,14.05525449443403,14.25228214263916,79336261,0.0,0.0,GOOG
2012-07-16 00:00:00-04:00,14.248573391738935,14.318287673050587,14.135103694146935,14.212728500366211,58723287,0.0,0.0,GOOG
2012-07-17 00:00:00-04:00,14.299501892511984,14.354877470784396,14.051547543819135,14.257476806640625,67455897,0.0,0.0,GOOG
2012-07-18 00:00:00-04:00,14.263656516821754,14.429536201046792,14.242644446482297,14.357102394104004,62160121,0.0,0.0,GOOG
2012-07-19 00:00:00-04:00,14.490100294971988,14.795160518193741,14.48663961761859,14.661171913146973,187688877,0.0,0.0,GOOG
2012-07-20 00:00:00-04:00,15.04929496178454,15.152630642212708,14.787744978909817,15.100221633911133,259517101,0.0,0.0,GOOG
2012-07-23 00:00:00-04:00,14.844603676834703,15.286372035802934,14.789476106226584,15.216163635253906,143002005,0.0,0.0,GOOG
2012-07-24 00:00:00-04:00,15.203557466193153,15.275990323562851,14.940029122896041,15.019879341125488,80677269,0.0,0.0,GOOG
2012-07-25 00:00:00-04:00,15.038420522744914,15.163509453400087,14.96549260370355,15.030261993408203,73193322,0.0,0.0,GOOG
2012-07-26 00:00:00-04:00,15.203556204118684,15.249784078319461,15.080691739811156,15.163013458251953,67660662,0.0,0.0,GOOG
2012-07-27 00:00:00-04:00,15.299721109182656,15.69798014454685,15.265359497908259,15.696991920471191,142520206,0.0,0.0,GOOG
2012-07-30 00:00:00-04:00,15.723938868473793,15.885861852640147,15.562013991157773,15.631234169006348,87795852,0.0,0.0,GOOG
2012-07-31 00:00:00-04:00,15.531359405362881,15.735062300265104,15.530370234706872,15.647795677185059,74903709,0.0,0.0,GOOG
2012-08-01 00:00:00-04:00,15.75484063991745,15.809475049055871,15.60849164372073,15.64062786102295,74060561,0.0,0.0,GOOG
2012-08-02 00:00:00-04:00,15.463377870747394,15.77288703193477,15.411462971441258,15.543474197387695,79404516,0.0,0.0,GOOG
2012-08-03 00:00:00-04:00,15.821587162212975,15.913550691457923,15.72616295545686,15.854466438293457,76168432,0.0,0.0,GOOG
2012-08-06 00:00:00-04:00,15.81194599908411,16.05347214475574,15.802305134233054,15.891301155090332,71563235,0.0,0.0,GOOG
2012-08-07 00:00:00-04:00,15.865838031125197,15.92689968057057,15.734321870148408,15.83493709564209,79569131,0.0,0.0,GOOG
2012-08-08 00:00:00-04:00,15.79810357341722,15.966702766034441,15.784506971206548,15.876717567443848,53086237,0.0,0.0,GOOG
2012-08-09 00:00:00-04:00,15.93308072016082,15.979061539066135,15.85916363832005,15.879682540893555,42972470,0.0,0.0,GOOG
2012-08-10 00:00:00-04:00,15.786730732438407,15.876962977730948,15.725915193014803,15.871028900146484,57599089,0.0,0.0,GOOG
2012-08-13 00:00:00-04:00,16.005018017360044,16.319720061623595,15.986724512777782,16.316259384155273,131205956,0.0,0.0,GOOG
2012-08-14 00:00:00-04:00,16.29747338218818,16.633681678269028,16.29129414056464,16.530099868774414,147016998,0.0,0.0,GOOG
2012-08-15 00:00:00-04:00,16.570145873933402,16.66828864223422,16.417368701388966,16.502408981323242,96789436,0.0,0.0,GOOG
2012-08-16 00:00:00-04:00,16.501669004112355,16.677930700027083,16.491037075813583,16.634172439575195,68965534,0.0,0.0,GOOG
2012-08-17 00:00:00-04:00,16.66507640017943,16.742453212551283,16.605250978184838,16.739734649658203,87434502,0.0,0.0,GOOG
2012-08-20 00:00:00-04:00,16.699189922307795,16.782499860512292,16.628980578848903,16.700178146362305,70587592,0.0,0.0,GOOG
2012-08-21 00:00:00-04:00,16.64011010670927,16.760995302119255,16.36965849450205,16.55111312866211,89221174,0.0,0.0,GOOG
2012-08-22 00:00:00-04:00,16.49845440592276,16.825268825236442,16.48164323727591,16.74072265625,76654246,0.0,0.0,GOOG
2012-08-23 00:00:00-04:00,16.6687849867921,16.8223042945403,16.587947488138127,16.73133087158203,71635505,0.0,0.0,GOOG
2012-08-24 00:00:00-04:00,16.701665000390694,16.821561965249145,16.664087869469906,16.776569366455078,57277890,0.0,0.0,GOOG
2012-08-27 00:00:00-04:00,16.38992620338725,16.612664701725976,16.29722246120332,16.5439395904541,104939872,0.0,0.0,GOOG
2012-08-28 00:00:00-04:00,16.439618714868853,16.751600335472236,16.433191471312018,16.742454528808594,82652646,0.0,0.0,GOOG
2012-08-29 00:00:00-04:00,16.745417288937464,17.032678094223396,16.715257526394314,17.008451461791992,120060335,0.0,0.0,GOOG
2012-08-30 00:00:00-04:00,16.915252952669718,16.993125764355376,16.814885738580966,16.851966857910156,65319921,0.0,0.0,GOOG
2012-08-31 00:00:00-04:00,16.909320761250765,17.02254435990754,16.811424101827278,16.936267852783203,85402916,0.0,0.0,GOOG
2012-09-04 00:00:00-04:00,16.922917930437794,16.93404207791325,16.649749684747473,16.83614730834961,75867307,0.0,0.0,GOOG
2012-09-05 00:00:00-04:00,16.810436233221846,16.971124882269912,16.789176162664823,16.828235626220703,68584110,0.0,0.0,GOOG
2012-09-06 00:00:00-04:00,16.957774179717795,17.302141882860546,16.9273664104361,17.290027618408203,122196311,0.0,0.0,GOOG
2012-09-07 00:00:00-04:00,17.30486267014219,17.60769849573238,17.247261692238368,17.456899642944336,129804723,0.0,0.0,GOOG
2012-09-10 00:00:00-04:00,17.546138926443465,17.62153929121256,17.265059209711602,17.323896408081055,102783820,0.0,0.0,GOOG
2012-09-11 00:00:00-04:00,17.254429049479786,17.32092971720288,17.082370143623514,17.111787796020508,75232938,0.0,0.0,GOOG
2012-09-12 00:00:00-04:00,17.043065830893525,17.179033756997597,16.832193531914747,17.07940673828125,106088160,0.0,0.0,GOOG
2012-09-13 00:00:00-04:00,17.13403866545256,17.52735187959232,17.070998672780195,17.454177856445312,106758663,0.0,0.0,GOOG
2012-09-14 00:00:00-04:00,17.542184408815864,17.6262364688472,17.478156193078217,17.54416275024414,105132591,0.0,0.0,GOOG
2012-09-17 00:00:00-04:00,17.505351605906473,17.623270222919118,17.42846700921507,17.55158042907715,60558139,0.0,0.0,GOOG
2012-09-18 00:00:00-04:00,17.497189945374128,17.766157266021512,17.472469199333236,17.756763458251953,82981875,0.0,0.0,GOOG
2012-09-19 00:00:00-04:00,17.73748227295619,18.01089850326388,17.710535182291203,17.98469352722168,124396528,0.0,0.0,GOOG
2012-09-20 00:00:00-04:00,17.90978779135178,18.080612359394827,17.82944441538978,18.00002098083496,116731906,0.0,0.0,GOOG
2012-09-21 00:00:00-04:00,18.101133400416984,18.16812818294838,18.049465558073624,18.1451358795166,255317419,0.0,0.0,GOOG
2012-09-24 00:00:00-04:00,18.07121799611626,18.541909874073273,18.052678382632585,18.52559471130371,143086320,0.0,0.0,GOOG
2012-09-25 00:00:00-04:00,18.616323207900386,18.909023107486018,18.483075748276594,18.520158767700195,243248350,0.0,0.0,GOOG
2012-09-26 00:00:00-04:00,18.53721413922605,18.818789861251904,18.31843229838322,18.62645721435547,227766537,0.0,0.0,GOOG
2012-09-27 00:00:00-04:00,18.786900748326723,18.858344434098314,18.581713604369224,18.701610565185547,157833389,0.0,0.0,GOOG
2012-09-28 00:00:00-04:00,18.643514686724696,18.770830896057515,18.569352441042042,18.65216827392578,111757330,0.0,0.0,GOOG
2012-10-01 00:00:00-04:00,18.76465107111494,18.911741239145964,18.69444361022338,18.83213996887207,127194978,0.0,0.0,GOOG
2012-10-02 00:00:00-04:00,18.91668300062472,18.93621273086911,18.547596467209097,18.713722229003906,112026334,0.0,0.0,GOOG
2012-10-03 00:00:00-04:00,18.682329327589223,18.88504402330228,18.59531069641895,18.849939346313477,88663090,0.0,0.0,GOOG
2012-10-04 00:00:00-04:00,18.85612144389002,19.032631168905397,18.773303707924057,18.98714256286621,98535958,0.0,0.0,GOOG
2012-10-05 00:00:00-04:00,19.05290135256386,19.143628669937765,18.911990416774394,18.97725486755371,109846193,0.0,0.0,GOOG
2012-10-08 00:00:00-04:00,18.812858237555698,18.8766384548236,18.64351598660249,18.734739303588867,78637653,0.0,0.0,GOOG
2012-10-09 00:00:00-04:00,18.779978739689362,18.82076854718517,18.356257717963903,18.39482307434082,120578269,0.0,0.0,GOOG
2012-10-10 00:00:00-04:00,18.339692050992344,18.479860849634072,18.251437201518005,18.40643882751465,81901842,0.0,0.0,GOOG
2012-10-11 00:00:00-04:00,18.61261550984444,18.751053979606397,18.548093179532003,18.577510833740234,95713418,0.0,0.0,GOOG
2012-10-12 00:00:00-04:00,18.58665618504331,18.66131253661861,18.39506566666818,18.411134719848633,96528461,0.0,0.0,GOOG
2012-10-15 00:00:00-04:00,18.341668467330134,18.38839140012951,18.063803323947013,18.317935943603516,121216653,0.0,0.0,GOOG
2012-10-16 00:00:00-04:00,18.29692506081384,18.466513415401373,18.206197752204186,18.409900665283203,82636586,0.0,0.0,GOOG
2012-10-17 00:00:00-04:00,18.391358960347528,18.697653516720212,18.300135656867273,18.676639556884766,92059774,0.0,0.0,GOOG
2012-10-18 00:00:00-04:00,18.67787706982993,18.773793487890412,16.711549796876366,17.18125343322754,499561487,0.0,0.0,GOOG
2012-10-19 00:00:00-04:00,17.44280700912403,17.470494325911584,16.612668365563298,16.85468864440918,461009524,0.0,0.0,GOOG
2012-10-22 00:00:00-04:00,16.835406365815135,16.924897450213333,16.55580896437059,16.777559280395508,162832055,0.0,0.0,GOOG
2012-10-23 00:00:00-04:00,16.61291451899051,16.99164289378993,16.612666516385694,16.819087982177734,117101285,0.0,0.0,GOOG
2012-10-24 00:00:00-04:00,16.978537530425754,16.983482436487627,16.693501180315497,16.74368667602539,100234300,0.0,0.0,GOOG
2012-10-25 00:00:00-04:00,16.8104386457973,16.859882042273284,16.649997976327356,16.755064010620117,96403996,0.0,0.0,GOOG
2012-10-26 00:00:00-04:00,16.723910846636567,16.88534160190058,16.592887859442012,16.69053840637207,78324483,0.0,0.0,GOOG
2012-10-31 00:00:00-04:00,16.80697779562864,16.83515922505791,16.686832823448757,16.817855834960938,61710442,0.0,0.0,GOOG
2012-11-01 00:00:00-04:00,16.798075544867245,17.079897368926513,16.77879192290446,16.998069763183594,82311371,0.0,0.0,GOOG
2012-11-02 00:00:00-04:00,17.176063839742152,17.194851456670172,16.992632785793177,17.006227493286133,93324497,0.0,0.0,GOOG
2012-11-05 00:00:00-05:00,16.921681010081432,16.980022201146664,16.700672833226253,16.883609771728516,65681270,0.0,0.0,GOOG
2012-11-06 00:00:00-05:00,16.945910446522404,16.97112720329433,16.74987098726966,16.85295867919922,63549309,0.0,0.0,GOOG
2012-11-07 00:00:00-05:00,16.686832417002215,16.766681691590133,16.476454246205662,16.492029190063477,89626688,0.0,0.0,GOOG
2012-11-08 00:00:00-05:00,16.568170551212596,16.600060661998114,16.099208913145862,16.12541389465332,104269368,0.0,0.0,GOOG
2012-11-09 00:00:00-05:00,16.183753236218422,16.52218782628189,16.076216652381408,16.39091682434082,125030896,0.0,0.0,GOOG
2012-11-12 00:00:00-05:00,16.40871621446148,16.55828072216379,16.33752053276382,16.461868286132812,56446786,0.0,0.0,GOOG
2012-11-13 00:00:00-05:00,16.39017681656199,16.503892642584955,16.272256304944655,16.29252815246582,64007018,0.0,0.0,GOOG
2012-11-14 00:00:00-05:00,16.332328100201973,16.369905230185786,16.08116202573565,16.131839752197266,66986143,0.0,0.0,GOOG
2012-11-15 00:00:00-05:00,16.068799304606983,16.31601247536235,15.918000463130538,16.00106430053711,74233205,0.0,0.0,GOOG
2012-11-16 00:00:00-05:00,15.96966872562847,16.143459875107503,15.722702604414813,15.999086380004883,138043489,0.0,0.0,GOOG
2012-11-19 00:00:00-05:00,16.20970936702485,16.536523787037318,16.20550657485415,16.518972396850586,95083064,0.0,0.0,GOOG
2012-11-20 00:00:00-05:00,16.55111068393327,16.760992826389177,16.42898738650989,16.562482833862305,83861158,0.0,0.0,GOOG
2012-11-21 00:00:00-05:00,16.538257034330627,16.558280879158875,16.32590053454527,16.46112632751465,84804682,0.0,0.0,GOOG
2012-11-23 00:00:00-05:00,16.562483935218935,16.5632241567801,16.466811718300367,16.51304054260254,37038310,0.0,0.0,GOOG
2012-11-26 00:00:00-05:00,16.47521736807388,16.489061972416856,16.291786299565814,16.34444236755371,88514535,0.0,0.0,GOOG
2012-11-27 00:00:00-05:00,16.32021445804906,16.686830457024897,16.26657017005615,16.58077621459961,100724129,0.0,0.0,GOOG
2012-11-28 00:00:00-05:00,16.5140291236875,16.931818890328707,16.41217955685908,16.901165008544922,122136087,0.0,0.0,GOOG
2012-11-29 00:00:00-05:00,17.002766684677916,17.15406152249139,16.85987932430641,17.104372024536133,111476280,0.0,0.0,GOOG
2012-11-30 00:00:00-05:00,17.090035047564502,17.285578491227174,16.951102462608816,17.26456642150879,127018318,0.0,0.0,GOOG
2012-12-03 00:00:00-05:00,17.360238072666892,17.450469375863364,17.15925372302671,17.187435150146484,88028721,0.0,0.0,GOOG
2012-12-04 00:00:00-05:00,17.181253571959623,17.19386194755305,16.95134571177692,17.083110809326172,79966615,0.0,0.0,GOOG
2012-12-05 00:00:00-05:00,17.11079802725297,17.168893105289722,16.86803568336765,17.003755569458008,74775229,0.0,0.0,GOOG
2012-12-06 00:00:00-05:00,16.998071909618858,17.196335814224316,16.921931315700125,17.085586547851562,58711242,0.0,0.0,GOOG
2012-12-07 00:00:00-05:00,17.181255534527143,17.22773046662909,16.87026215307848,16.914512634277344,77059760,0.0,0.0,GOOG
2012-12-10 00:00:00-05:00,16.94368346823257,17.0984389843641,16.904129893108266,16.944425582885742,54872909,0.0,0.0,GOOG
2012-12-11 00:00:00-05:00,17.057647341346083,17.352325547191487,17.001284490525812,17.22772979736328,107906951,0.0,0.0,GOOG
2012-12-12 00:00:00-05:00,17.28582506393906,17.39163129321491,17.1436760447867,17.244539260864258,97403730,0.0,0.0,GOOG
2012-12-13 00:00:00-05:00,17.698425140092112,17.712023636538536,17.293739716748618,17.371612548828125,138312493,0.0,0.0,GOOG
2012-12-14 00:00:00-05:00,17.284340320205725,17.498179116137408,17.266046817672944,17.35331153869629,85523366,0.0,0.0,GOOG
2012-12-17 00:00:00-05:00,17.440825263843287,17.84674869940375,17.40423825667668,17.818567276000977,121871097,0.0,0.0,GOOG
2012-12-18 00:00:00-05:00,17.715233863513284,18.024248908920338,17.67691651281954,17.82573890686035,120646524,0.0,0.0,GOOG
2012-12-19 00:00:00-05:00,17.816838597084054,17.87345135091233,17.717213478121405,17.802005767822266,77031655,0.0,0.0,GOOG
2012-12-20 00:00:00-05:00,17.879878072669108,17.914240635026427,17.72438042601916,17.857629776000977,66528434,0.0,0.0,GOOG
2012-12-21 00:00:00-05:00,17.65021774763517,17.77011660219297,17.564929457222853,17.691253662109375,141568653,0.0,0.0,GOOG
2012-12-24 00:00:00-05:00,17.663566566053895,17.680131626771217,17.489529305283224,17.539714813232422,33762076,0.0,0.0,GOOG
2012-12-26 00:00:00-05:00,17.504359763704723,17.623268486306944,17.36443897435896,17.524137496948242,47473277,0.0,0.0,GOOG
2012-12-27 00:00:00-05:00,17.481371628640968,17.523397660741875,17.27049935342031,17.460357666015625,66142994,0.0,0.0,GOOG
2012-12-28 00:00:00-05:00,17.346642853835814,17.47568752341164,17.305110931396484,17.305110931396484,56290202,0.0,0.0,GOOG
2012-12-31 00:00:00-05:00,17.30486184337383,17.566165734661148,17.205976951008545,17.4873046875,80195470,0.0,0.0,GOOG
2013-01-02 00:00:00-05:00,17.784948931355007,17.97233478375112,17.713997466163693,17.879629135131836,102033017,0.0,0.0,GOOG
2013-01-03 00:00:00-05:00,17.921162643537404,18.094211688458817,17.817086728469196,17.8900146484375,93075567,0.0,0.0,GOOG
2013-01-04 00:00:00-05:00,18.030185517093237,18.330052889306984,17.989147706621523,18.243528366088867,110954331,0.0,0.0,GOOG
2013-01-07 00:00:00-05:00,18.181228559191982,18.27838310884587,18.060837490072565,18.163925170898438,66476239,0.0,0.0,GOOG
2013-01-08 00:00:00-05:00,18.183456896099564,18.20224451582003,17.90880249325739,18.128080368041992,67295297,0.0,0.0,GOOG
2013-01-09 00:00:00-05:00,18.102616643805245,18.252921380745473,18.0118893317524,18.247236251831055,81291563,0.0,0.0,GOOG
2013-01-10 00:00:00-05:00,18.36367180696925,18.417317991328474,18.133023693935503,18.330297470092773,73703226,0.0,0.0,GOOG
2013-01-11 00:00:00-05:00,18.34315416288162,18.353784198888068,18.20224323856604,18.29346466064453,51600690,0.0,0.0,GOOG
2013-01-14 00:00:00-05:00,18.21954606043643,18.348096605846692,17.85738083962705,17.879629135131836,114985384,0.0,0.0,GOOG
2013-01-15 00:00:00-05:00,17.782723180596644,18.170105168595956,17.603989016455742,17.921161651611328,157696879,0.0,0.0,GOOG
2013-01-16 00:00:00-05:00,17.858618015781257,17.906577180177553,17.642800829423013,17.680377960205078,81239368,0.0,0.0,GOOG
2013-01-17 00:00:00-05:00,17.742673539591046,17.79038469517134,17.57728799274973,17.584705352783203,88791570,0.0,0.0,GOOG
2013-01-18 00:00:00-05:00,17.560972844778526,17.62055216151631,17.33774019527731,17.41635513305664,129555794,0.0,0.0,GOOG
2013-01-22 00:00:00-05:00,17.42006108500512,17.436870359272152,17.194108014660124,17.375808715820312,152264594,0.0,0.0,GOOG
2013-01-23 00:00:00-05:00,18.19457745677949,18.51619895234512,18.189632550186182,18.33078956604004,237249950,0.0,0.0,GOOG
2013-01-24 00:00:00-05:00,18.32436526063843,18.709768879249964,18.306317865064134,18.64499855041504,135815168,0.0,0.0,GOOG
2013-01-25 00:00:00-05:00,18.559959237000584,18.750559660147204,18.54710285708433,18.631650924682617,89369729,0.0,0.0,GOOG
2013-01-28 00:00:00-05:00,18.584434269633597,18.679362479288134,18.48876205211367,18.558971405029297,65327951,0.0,0.0,GOOG
2013-01-29 00:00:00-05:00,18.460576390414094,18.7127344440137,18.455385374362667,18.631895065307617,70145942,0.0,0.0,GOOG
2013-01-30 00:00:00-05:00,18.633382314671564,18.81162237318969,18.612862463431227,18.63560676574707,69579828,0.0,0.0,GOOG
2013-01-31 00:00:00-05:00,18.553532673794837,18.729300293070253,18.54710542952014,18.681589126586914,65613015,0.0,0.0,GOOG
2013-02-01 00:00:00-05:00,18.74363418107624,19.198506895555536,18.741163620953397,19.173784255981445,150405652,0.0,0.0,GOOG
2013-02-04 00:00:00-05:00,18.978239406894435,19.046964522406633,18.745366865190828,18.763906478881836,122075862,0.0,0.0,GOOG
2013-02-05 00:00:00-05:00,18.816068923784087,19.062787967896483,18.775033012731612,18.930034637451172,75108474,0.0,0.0,GOOG
2013-02-06 00:00:00-05:00,18.765144406366304,19.108522012457012,18.751053692876134,19.03955078125,83435569,0.0,0.0,GOOG
2013-02-07 00:00:00-05:00,19.02792958340504,19.25313864130917,18.924099802127706,19.132993698120117,114033831,0.0,0.0,GOOG
2013-02-08 00:00:00-05:00,19.28577304791506,19.447449921971224,19.27168233500069,19.415311813354492,121256803,0.0,0.0,GOOG
2013-02-11 00:00:00-05:00,19.24300723107076,19.356723054222005,19.12805328801439,19.342384338378906,87037018,0.0,0.0,GOOG
2013-02-12 00:00:00-05:00,19.32582459342365,19.47785967171919,19.266987389180645,19.29986572265625,74638720,0.0,0.0,GOOG
2013-02-13 00:00:00-05:00,19.28577495609761,19.414819622243957,19.28182016606798,19.35326385498047,48107646,0.0,0.0,GOOG
2013-02-14 00:00:00-05:00,19.275885442754984,19.498623969568886,19.227430276431395,19.475879669189453,69672173,0.0,0.0,GOOG
2013-02-15 00:00:00-05:00,19.465497357344066,19.610364969959647,19.45733977465202,19.60121726989746,109601278,0.0,0.0,GOOG
2013-02-19 00:00:00-05:00,19.67785206740604,19.950033982335377,19.660300676778448,19.946325302124023,117711564,0.0,0.0,GOOG
2013-02-20 00:00:00-05:00,19.908006332509036,19.99873363872934,19.57402254189332,19.590585708618164,110982436,0.0,0.0,GOOG
2013-02-21 00:00:00-05:00,19.72754075779838,19.911713923129486,19.55993075828572,19.666479110717773,140781714,0.0,0.0,GOOG
2013-02-22 00:00:00-05:00,19.758691310674216,19.807886702465215,19.623713513248106,19.769817352294922,82463941,0.0,0.0,GOOG
2013-02-25 00:00:00-05:00,19.833841648310916,19.984890379272365,19.541885789052113,19.54880714416504,92501423,0.0,0.0,GOOG
2013-02-26 00:00:00-05:00,19.653378655138425,19.67686507145995,19.391334540357143,19.53298568725586,88430220,0.0,0.0,GOOG
2013-02-27 00:00:00-05:00,19.648433892465054,19.89441084677031,19.557214362208416,19.771547317504883,81347773,0.0,0.0,GOOG
2013-02-28 00:00:00-05:00,19.804175800978314,19.949785511586946,19.802447355366517,19.80664825439453,90971711,0.0,0.0,GOOG
2013-03-01 00:00:00-05:00,19.722596352668816,19.953492455910304,19.681806550428476,19.930007934570312,87342157,0.0,0.0,GOOG
2013-03-04 00:00:00-05:00,19.908008163561835,20.34161899701897,19.900592695505097,20.30849266052246,111440145,0.0,0.0,GOOG
2013-03-05 00:00:00-05:00,20.49216847673805,20.769541393207515,20.49142636210562,20.73122215270996,162370331,0.0,0.0,GOOG
2013-03-06 00:00:00-05:00,20.791297778919166,20.864719806573618,20.489204083308294,20.552738189697266,115350748,0.0,0.0,GOOG
2013-03-07 00:00:00-05:00,20.61899008535104,20.68227618674466,20.508238934624785,20.582897186279297,82415761,0.0,0.0,GOOG
2013-03-08 00:00:00-05:00,20.629866254563794,20.640250180692327,20.396251581043092,20.556198120117188,116912581,0.0,0.0,GOOG
2013-03-11 00:00:00-04:00,20.560402415465962,20.758418316420812,20.555703617556194,20.637779235839844,64027093,0.0,0.0,GOOG
2013-03-12 00:00:00-04:00,20.53617601311892,20.565345666231877,20.362136852921147,20.45953941345215,80633104,0.0,0.0,GOOG
2013-03-13 00:00:00-04:00,20.46670766145405,20.535678893576847,20.32851530143989,20.402679443359375,65898080,0.0,0.0,GOOG
2013-03-14 00:00:00-04:00,20.444208515904666,20.444208515904666,20.206885187960207,20.309476852416992,66295564,0.0,0.0,GOOG
2013-03-15 00:00:00-04:00,20.23432678894922,20.278825272945166,20.106766361310562,20.1304988861084,124452737,0.0,0.0,GOOG
2013-03-18 00:00:00-04:00,19.900591299144885,20.092427948723763,19.813324668672895,19.969562530517578,73807616,0.0,0.0,GOOG
2013-03-19 00:00:00-04:00,20.054853004156072,20.252868897368494,19.936436486120613,20.05682945251465,84242583,0.0,0.0,GOOG
2013-03-20 00:00:00-04:00,20.193042599528393,20.20985187559927,20.059795151958564,20.140634536743164,58771467,0.0,0.0,GOOG
2013-03-21 00:00:00-04:00,20.056087664198582,20.195268251162744,20.020488875367626,20.055347442626953,59325536,0.0,0.0,GOOG
2013-03-22 00:00:00-04:00,20.14137719525537,20.153737571057327,20.015299090295525,20.031862258911133,59751126,0.0,0.0,GOOG
2013-03-25 00:00:00-04:00,20.083772140404594,20.252372251415842,19.94558169032413,20.015295028686523,68736680,0.0,0.0,GOOG
2013-03-26 00:00:00-04:00,20.110721612983475,20.1230819877413,19.96956268771654,20.084022521972656,47854701,0.0,0.0,GOOG
2013-03-27 00:00:00-04:00,19.94212002279923,19.950033388200854,19.809862697363172,19.842742919921875,86852328,0.0,0.0,GOOG
2013-03-28 00:00:00-04:00,19.875622451379297,19.909738902701612,19.611353893974893,19.63335418701172,91855009,0.0,0.0,GOOG
2013-04-01 00:00:00-04:00,19.653623138204257,19.832605273802564,19.61011288432285,19.806400299072266,72562968,0.0,0.0,GOOG
2013-04-02 00:00:00-04:00,19.8892179256301,20.143600440717535,19.875869327625473,20.099348068237305,81966082,0.0,0.0,GOOG
2013-04-03 00:00:00-04:00,20.109730262064453,20.12802566018547,19.793545874938804,19.930255889892578,69800653,0.0,0.0,GOOG
2013-04-04 00:00:00-04:00,19.882048812232327,19.919129934389236,19.5619096341437,19.655107498168945,98270968,0.0,0.0,GOOG
2013-04-05 00:00:00-04:00,19.432369998144917,19.45536230182984,19.193564302679807,19.357959747314453,137870844,0.0,0.0,GOOG
2013-04-08 00:00:00-04:00,19.251659156453087,19.27143499847793,18.99579429170259,19.155244827270508,113708616,0.0,0.0,GOOG
2013-04-09 00:00:00-04:00,19.171312349081898,19.375263245770896,19.112229044046515,19.224464416503906,86615444,0.0,0.0,GOOG
2013-04-10 00:00:00-04:00,19.35474538925157,19.58786593575417,19.183674713481793,19.534221649169922,79440651,0.0,0.0,GOOG
2013-04-11 00:00:00-04:00,19.600971126676278,19.606410146178224,19.382929486537943,19.53941535949707,81452163,0.0,0.0,GOOG
2013-04-12 00:00:00-04:00,19.57896883882568,19.581689295137632,19.35499406822421,19.531009674072266,65713390,0.0,0.0,GOOG
2013-04-15 00:00:00-04:00,19.42965167865817,19.70282183176639,19.208891483820207,19.330272674560547,98491793,0.0,0.0,GOOG
2013-04-16 00:00:00-04:00,19.445472869543465,19.678099328802137,19.379468202295843,19.613082885742188,69941178,0.0,0.0,GOOG
2013-04-17 00:00:00-04:00,19.449424129896993,19.550533445414164,19.235585348723262,19.345842361450195,81785407,0.0,0.0,GOOG
2013-04-18 00:00:00-04:00,19.41482023112755,19.42594627312518,18.819286385743553,18.934240341186523,133398142,0.0,0.0,GOOG
2013-04-19 00:00:00-04:00,19.014582262447988,19.86202614151746,18.942890574190578,19.773771286010742,232998073,0.0,0.0,GOOG
2013-04-22 00:00:00-04:00,19.791817404790176,19.874879345142517,19.15895262611749,19.77970314025879,115768308,0.0,0.0,GOOG
2013-04-23 00:00:00-04:00,19.801707727669974,20.16016618930054,19.78588478107879,19.9722843170166,92035684,0.0,0.0,GOOG
2013-04-24 00:00:00-04:00,19.977474398999732,20.221967120324244,19.97475583591747,20.109485626220703,73438237,0.0,0.0,GOOG
2013-04-25 00:00:00-04:00,20.17870704481821,20.18414606472099,19.96561029636821,20.001949310302734,79986690,0.0,0.0,GOOG
2013-04-26 00:00:00-04:00,19.964869008710025,19.968327793545317,19.692439061171395,19.812089920043945,99880980,0.0,0.0,GOOG
2013-04-29 00:00:00-04:00,19.857330082291767,20.338157958227708,19.851148948062583,20.248172760009766,92376959,0.0,0.0,GOOG
2013-04-30 00:00:00-04:00,20.246685919384255,20.46027862944078,20.214053699792284,20.384384155273438,92613843,0.0,0.0,GOOG
2013-05-01 00:00:00-04:00,20.352000989279308,20.388091995047553,20.18142441554186,20.282039642333984,58418148,0.0,0.0,GOOG
2013-05-02 00:00:00-04:00,20.27388468006971,20.63110503515799,20.24792770125983,20.508983612060547,81034603,0.0,0.0,GOOG
2013-05-03 00:00:00-04:00,20.690684399353565,20.933940914929735,20.666951871672968,20.907241821289062,100880714,0.0,0.0,GOOG
2013-05-06 00:00:00-04:00,20.970031576467687,21.305993715662563,20.970031576467687,21.29857635498047,85973045,0.0,0.0,GOOG
2013-05-07 00:00:00-04:00,21.33466743372776,21.35592750349549,21.02960720378095,21.1917781829834,78653713,0.0,0.0,GOOG
2013-05-08 00:00:00-04:00,21.18609541527482,21.603389171332957,21.084986071315466,21.597209930419922,99102072,0.0,0.0,GOOG
2013-05-09 00:00:00-04:00,21.528236807474602,21.74627844136802,21.463714476337753,21.54405975341797,88353936,0.0,0.0,GOOG
2013-05-10 00:00:00-04:00,21.638742946975228,21.768033725252952,21.560870119586646,21.7603702545166,76192522,0.0,0.0,GOOG
2013-05-13 00:00:00-04:00,21.727243036563596,21.81574589696937,21.591030907829392,21.693622589111328,58157173,0.0,0.0,GOOG
2013-05-14 00:00:00-04:00,21.69287914599682,21.969509965400288,21.683981342440912,21.930204391479492,63408784,0.0,0.0,GOOG
2013-05-15 00:00:00-04:00,22.137863346911814,22.65404199888776,22.10127633386942,22.641929626464844,160033605,0.0,0.0,GOOG
2013-05-16 00:00:00-04:00,22.718811438550325,22.743038075592132,22.298797240371446,22.344778060913086,128865215,0.0,0.0,GOOG
2013-05-17 00:00:00-04:00,22.496817292004472,22.582599701037346,22.261964472218008,22.476051330566406,112098604,0.0,0.0,GOOG
2013-05-20 00:00:00-04:00,22.372709581336153,22.758361153391036,22.372709581336153,22.459976196289062,91248746,0.0,0.0,GOOG
2013-05-21 00:00:00-04:00,22.44736848653754,22.537353666702337,22.190021321451244,22.421411514282227,79617311,0.0,0.0,GOOG
2013-05-22 00:00:00-04:00,22.312394469722587,22.47926237070568,21.924766372993517,21.987558364868164,102807910,0.0,0.0,GOOG
2013-05-23 00:00:00-04:00,21.680520700598898,22.00090791735611,21.606358447936937,21.82365608215332,91345105,0.0,0.0,GOOG
2013-05-24 00:00:00-04:00,21.63750727824744,21.725514139243067,21.53244124319387,21.589548110961914,92216359,0.0,0.0,GOOG
2013-05-28 00:00:00-04:00,21.84120601488466,22.054796828885124,21.7645694271184,21.78607749938965,90638467,0.0,0.0,GOOG
2013-05-29 00:00:00-04:00,21.648629474944965,21.70499422285568,21.366313516452852,21.4656925201416,80837869,0.0,0.0,GOOG
2013-05-30 00:00:00-04:00,21.505492510407024,21.72748891471535,21.418719997410832,21.52625846862793,85145956,0.0,0.0,GOOG
2013-05-31 00:00:00-04:00,21.46099728015215,21.680521264313114,21.44616445060412,21.53763198852539,79071272,0.0,0.0,GOOG
2013-06-03 00:00:00-04:00,21.58163640807272,21.605615044885734,21.13714941917197,21.448883056640625,99399181,0.0,0.0,GOOG
2013-06-04 00:00:00-04:00,21.45431979958348,21.52205669632454,21.113660760727242,21.23801040649414,75024159,0.0,0.0,GOOG
2013-06-05 00:00:00-04:00,21.322309201274848,21.493874005914545,21.18930975057357,21.252843856811523,84587872,0.0,0.0,GOOG
2013-06-06 00:00:00-04:00,21.366558175996133,21.416743679672994,20.944319547131638,21.374963760375977,103550684,0.0,0.0,GOOG
2013-06-07 00:00:00-04:00,21.51785283516794,21.754682066236168,21.391774749975124,21.74800682067871,107385002,0.0,0.0,GOOG
2013-06-10 00:00:00-04:00,21.806597409083743,22.026617378747495,21.75690790785103,22.007333755493164,93862506,0.0,0.0,GOOG
2013-06-11 00:00:00-04:00,21.852824412837784,21.927730662373133,21.742815383741572,21.749984741210938,70567517,0.0,0.0,GOOG
2013-06-12 00:00:00-04:00,21.88966105262819,21.903009651328208,21.498818399073023,21.556419372558594,88522565,0.0,0.0,GOOG
2013-06-13 00:00:00-04:00,21.482253323186065,21.746275746455737,21.39622292794834,21.680517196655273,83106340,0.0,0.0,GOOG
2013-06-14 00:00:00-04:00,21.757154681357285,21.870872393531304,21.609568522243244,21.632064819335938,90136592,0.0,0.0,GOOG
2013-06-17 00:00:00-04:00,21.73564609460876,21.987802260908435,21.71216157396258,21.909189224243164,86173794,0.0,0.0,GOOG
2013-06-18 00:00:00-04:00,21.968520376464,22.27382671529631,21.961103016428623,22.264432907104492,87000883,0.0,0.0,GOOG
2013-06-19 00:00:00-04:00,22.282974101773743,22.517082868103646,22.187301896185495,22.26591682434082,117073180,0.0,0.0,GOOG
2013-06-20 00:00:00-04:00,22.100532154022446,22.273827284257717,21.836509721230914,21.87186050415039,135385563,0.0,0.0,GOOG
2013-06-21 00:00:00-04:00,21.96085675186002,21.998926096397483,21.583362729244758,21.777671813964844,159889066,0.0,0.0,GOOG
2013-06-24 00:00:00-04:00,21.553947124360732,21.663710053222108,21.340602400543922,21.50227928161621,121128323,0.0,0.0,GOOG
2013-06-25 00:00:00-04:00,21.686944676737745,21.746770096486888,21.371750417541065,21.413528442382812,102510801,0.0,0.0,GOOG
2013-06-26 00:00:00-04:00,21.600176387328496,21.70524052066892,21.52156334271417,21.59770393371582,73530581,0.0,0.0,GOOG
2013-06-27 00:00:00-04:00,21.725015302730448,21.87062311196271,21.67186512988326,21.682247161865234,77348840,0.0,0.0,GOOG
2013-06-28 00:00:00-04:00,21.6286062795626,21.800171088889567,21.61105488757736,21.763830184936523,94324230,0.0,0.0,GOOG
2013-07-01 00:00:00-04:00,21.914133101997557,22.053315572088085,21.87828820627408,21.949485778808594,69250599,0.0,0.0,GOOG
2013-07-02 00:00:00-04:00,22.006837867812283,22.026615601553075,21.687192812007098,21.81178855895996,75943592,0.0,0.0,GOOG
2013-07-03 00:00:00-04:00,21.7522120895389,21.981377877041233,21.717603417408956,21.91364097595215,42036977,0.0,0.0,GOOG
2013-07-05 00:00:00-04:00,22.00214440976625,22.135639873838727,21.936137845909606,22.08817481994629,68331166,0.0,0.0,GOOG
2013-07-08 00:00:00-04:00,22.229575345300216,22.404106690779397,22.17691928512994,22.374935150146484,79075287,0.0,0.0,GOOG
2013-07-09 00:00:00-04:00,22.521040083051275,22.569245351146936,22.199168682338243,22.378644943237305,79472771,0.0,0.0,GOOG
2013-07-10 00:00:00-04:00,22.334396196065224,22.524502506668544,22.258501716133573,22.397188186645508,68592140,0.0,0.0,GOOG
2013-07-11 00:00:00-04:00,22.570479991410544,22.763552839118507,22.45972885483395,22.749462127685547,103755449,0.0,0.0,GOOG
2013-07-12 00:00:00-04:00,22.743529578325443,22.81769371032715,22.62585708431574,22.81769371032715,103113050,0.0,0.0,GOOG
2013-07-15 00:00:00-04:00,22.849834263798297,22.941301792106096,22.653546822267977,22.859474182128906,78713937,0.0,0.0,GOOG
2013-07-16 00:00:00-04:00,22.919795958978373,22.940560025328253,22.592733516721683,22.7338924407959,79617311,0.0,0.0,GOOG
2013-07-17 00:00:00-04:00,22.768251111755944,22.91311870346591,22.65206284294416,22.707685470581055,60469809,0.0,0.0,GOOG
2013-07-18 00:00:00-04:00,22.71856151259959,22.743530262220094,22.327966894227995,22.51312828063965,145924920,0.0,0.0,GOOG
2013-07-19 00:00:00-04:00,21.91809482665821,22.322040049519888,21.646160853329587,22.16506004333496,295475379,0.0,0.0,GOOG
2013-07-22 00:00:00-04:00,22.29854913542645,22.562323556275004,22.174941614587265,22.513622283935547,116563276,0.0,0.0,GOOG
2013-07-23 00:00:00-04:00,22.513622767552192,22.570481622551746,22.238476191407646,22.343048095703125,82134711,0.0,0.0,GOOG
2013-07-24 00:00:00-04:00,22.428583457725008,22.50373582053189,22.26641246992333,22.320798873901367,83451629,0.0,0.0,GOOG
2013-07-25 00:00:00-04:00,22.09756510311259,22.17123323279318,21.904986355043082,21.945035934448242,120493954,0.0,0.0,GOOG
2013-07-26 00:00:00-04:00,21.92748562092526,22.001649765839552,21.804127977463477,21.886943817138672,71374530,0.0,0.0,GOOG
2013-07-29 00:00:00-04:00,21.875816994943946,22.121051829943266,21.776685993499818,21.810800552368164,75959652,0.0,0.0,GOOG
2013-07-30 00:00:00-04:00,21.8896632345507,22.140583217057223,21.77619161511614,22.024641036987305,70487217,0.0,0.0,GOOG
2013-07-31 00:00:00-04:00,22.075812559265362,22.16283118625421,21.907460433903946,21.946271896362305,87265872,0.0,0.0,GOOG
2013-08-01 00:00:00-04:00,22.125502153572025,22.361589283848346,22.125502153572025,22.353431701660156,85856610,0.0,0.0,GOOG
2013-08-02 00:00:00-04:00,22.33414702105233,22.422155761551124,22.269378585543283,22.41152572631836,68812965,0.0,0.0,GOOG
2013-08-05 00:00:00-04:00,22.382354900418385,22.38556946861133,22.22932971690616,22.372713088989258,52584363,0.0,0.0,GOOG
2013-08-06 00:00:00-04:00,22.365048696679068,22.48915033393575,22.143546404452838,22.1643123626709,60469809,0.0,0.0,GOOG
2013-08-07 00:00:00-04:00,22.126490109552012,22.210790172874205,21.979398056733753,22.017963409423828,55374783,0.0,0.0,GOOG
2013-08-08 00:00:00-04:00,22.137613106658208,22.146266693521113,21.885456937632153,22.06765365600586,59743096,0.0,0.0,GOOG
2013-08-09 00:00:00-04:00,22.01573834219916,22.138355752167147,22.001893738776293,22.01203155517578,53146462,0.0,0.0,GOOG
2013-08-12 00:00:00-04:00,21.925258401882182,21.927730855258826,21.79547163795473,21.89089584350586,55286453,0.0,0.0,GOOG
2013-08-13 00:00:00-04:00,21.923531679093493,21.964815599213882,21.66074353987622,21.785587310791016,57004870,0.0,0.0,GOOG
2013-08-14 00:00:00-04:00,21.714387668794608,21.760368489483092,21.437262731589303,21.50277328491211,83600184,0.0,0.0,GOOG
2013-08-15 00:00:00-04:00,21.37002056626542,21.381886829129268,21.21081613494199,21.251853942871094,75048249,0.0,0.0,GOOG
2013-08-16 00:00:00-04:00,21.29189909475791,21.320576524309498,21.174720709523875,21.183868408203125,67255147,0.0,0.0,GOOG
2013-08-19 00:00:00-04:00,21.203647314351727,21.556914752981143,21.197220070662468,21.399934768676758,72707508,0.0,0.0,GOOG
2013-08-20 00:00:00-04:00,21.466678958983834,21.559630711494687,21.347770232223482,21.39424705505371,49504863,0.0,0.0,GOOG
2013-08-21 00:00:00-04:00,21.52353990619854,21.678295435791966,21.4209482259221,21.490909576416016,70555472,0.0,0.0,GOOG
2013-08-22 00:00:00-04:00,21.574219098864678,21.6248968245929,21.51365155882871,21.59918785095215,34926424,0.0,0.0,GOOG
2013-08-23 00:00:00-04:00,21.701038873221677,21.70524166595503,21.501292629394634,21.512662887573242,43245489,0.0,0.0,GOOG
2013-08-26 00:00:00-04:00,21.50746931680666,21.628604390637637,21.409820657596804,21.41822624206543,42257801,0.0,0.0,GOOG
2013-08-27 00:00:00-04:00,21.25086290093917,21.352466343376484,20.961129616530396,21.016752243041992,69623993,0.0,0.0,GOOG
2013-08-28 00:00:00-04:00,21.01922749393095,21.146787926631642,20.957917838053653,20.977201461791992,53395392,0.0,0.0,GOOG
2013-08-29 00:00:00-04:00,20.990051773432015,21.26964911682109,20.978185512922682,21.14727783203125,59361671,0.0,0.0,GOOG
2013-08-30 00:00:00-04:00,21.155440753905033,21.211805500510682,20.903284570134755,20.936410903930664,74743109,0.0,0.0,GOOG
2013-09-03 00:00:00-04:00,21.120830922537973,21.413284701375655,21.11069499858732,21.2696533203125,82210996,0.0,0.0,GOOG
2013-09-04 00:00:00-04:00,21.26891234035278,21.593996466234554,21.14085778889125,21.547767639160156,81954037,0.0,0.0,GOOG
2013-09-05 00:00:00-04:00,21.593992422391295,21.751714496185425,21.54726949194623,21.743803024291992,51845604,0.0,0.0,GOOG
2013-09-06 00:00:00-04:00,21.81500241059449,21.84812874386383,21.59992735380344,21.744300842285156,62698130,0.0,0.0,GOOG
2013-09-09 00:00:00-04:00,21.846895109578924,21.995717517491308,21.814510887145047,21.953691482543945,49569103,0.0,0.0,GOOG
2013-09-10 00:00:00-04:00,22.00239136652775,22.051338754452694,21.853568968068355,21.969017028808594,51697050,0.0,0.0,GOOG
2013-09-11 00:00:00-04:00,21.96580248595782,22.174202308677625,21.904988835053228,22.15492057800293,64665477,0.0,0.0,GOOG
2013-09-12 00:00:00-04:00,22.184831841485448,22.19719221622468,22.002142890292955,22.077543258666992,43984248,0.0,0.0,GOOG
2013-09-13 00:00:00-04:00,22.113140376188618,22.14231191853343,21.87433280489901,21.97890281677246,53214717,0.0,0.0,GOOG
2013-09-16 00:00:00-04:00,22.155165742955088,22.17494158319368,21.87507426647609,21.946517944335938,53660381,0.0,0.0,GOOG
2013-09-17 00:00:00-04:00,21.93786931248166,21.962095950702167,21.77940510011866,21.905731201171875,50564822,0.0,0.0,GOOG
2013-09-18 00:00:00-04:00,21.911662396223782,22.34724962674453,21.830576903536553,22.331180572509766,77678069,0.0,0.0,GOOG
2013-09-19 00:00:00-04:00,22.397186656392257,22.397186656392257,22.135388676167292,22.209304809570312,64155573,0.0,0.0,GOOG
2013-09-20 00:00:00-04:00,22.20930639230445,22.351207431492437,22.140829272853193,22.325990676879883,174463490,0.0,0.0,GOOG
2013-09-23 00:00:00-04:00,22.153932441579567,22.288416124187815,21.88323473744246,21.915372848510742,71362485,0.0,0.0,GOOG
2013-09-24 00:00:00-04:00,21.91537102795759,22.00436609968859,21.789292940951505,21.92377471923828,59694916,0.0,0.0,GOOG
2013-09-25 00:00:00-04:00,21.916604990453273,21.916604990453273,21.645907313386786,21.686203002929688,66207234,0.0,0.0,GOOG
2013-09-26 00:00:00-04:00,21.712654799193338,21.822663824142303,21.631073307305233,21.709440231323242,50584897,0.0,0.0,GOOG
2013-09-27 00:00:00-04:00,21.626624347190166,21.693371119326788,21.539853732727508,21.665437698364258,50540732,0.0,0.0,GOOG
2013-09-30 00:00:00-04:00,21.48472773772554,21.775449275710777,21.46569211721018,21.65357208251953,69154239,0.0,0.0,GOOG
2013-10-01 00:00:00-04:00,21.760860784269422,21.944291832774365,21.75591777073222,21.927730560302734,67644602,0.0,0.0,GOOG
2013-10-02 00:00:00-04:00,21.82217468255929,21.98607603197671,21.700793480849256,21.95220947265625,60036190,0.0,0.0,GOOG
2013-10-03 00:00:00-04:00,21.952454065536813,22.103252913784427,21.55938694274151,21.658023834228516,84997401,0.0,0.0,GOOG
2013-10-04 00:00:00-04:00,21.63107566207157,21.693127430356643,21.507470023877087,21.56556510925293,54523605,0.0,0.0,GOOG
2013-10-07 00:00:00-04:00,21.444432772041303,21.606109657440612,21.361863043856726,21.402158737182617,51937949,0.0,0.0,GOOG
2013-10-08 00:00:00-04:00,21.39177609358076,21.408091258024154,21.0533415011908,21.10377311706543,78039419,0.0,0.0,GOOG
2013-10-09 00:00:00-04:00,21.16829714935567,21.325771250393124,20.83950623528179,21.157915115356445,106449509,0.0,0.0,GOOG
2013-10-10 00:00:00-04:00,21.35518594939,21.4785454723194,21.265448763859137,21.463960647583008,90550137,0.0,0.0,GOOG
2013-10-11 00:00:00-04:00,21.40932915173792,21.593502345204065,21.39128364702883,21.55666732788086,56567236,0.0,0.0,GOOG
2013-10-14 00:00:00-04:00,21.424901265163967,21.66197850085898,21.39350527161003,21.65851593017578,49930453,0.0,0.0,GOOG
2013-10-15 00:00:00-04:00,21.649863371949998,21.89386195297025,21.606355008765703,21.804370880126953,63914673,0.0,0.0,GOOG
2013-10-16 00:00:00-04:00,21.899795680351286,22.207822481027158,21.853812969439478,22.20040512084961,80604999,0.0,0.0,GOOG
2013-10-17 00:00:00-04:00,22.075812753369068,22.172473192743855,21.89633647866093,21.971982955932617,170902191,0.0,0.0,GOOG
2013-10-18 00:00:00-04:00,24.142261093442027,25.10342274408006,24.078480874594476,25.0033016204834,464390148,0.0,0.0,GOOG
2013-10-21 00:00:00-04:00,25.004535231376142,25.190932854128498,24.710105023056567,24.802810668945312,145675990,0.0,0.0,GOOG
2013-10-22 00:00:00-04:00,24.844837980807398,25.042607763799207,24.617154538433077,24.89427947998047,88675135,0.0,0.0,GOOG
2013-10-23 00:00:00-04:00,24.745950982941036,25.580294259220327,24.73680517652171,25.497724533081055,106927293,0.0,0.0,GOOG
2013-10-24 00:00:00-04:00,25.509097363410362,25.724172432251162,25.334317987971165,25.352859497070312,83997668,0.0,0.0,GOOG
2013-10-25 00:00:00-04:00,25.433696767652318,25.433696767652318,24.986737356900885,25.096994400024414,81524432,0.0,0.0,GOOG
2013-10-28 00:00:00-04:00,25.096993552074963,25.300448458790186,25.04235914445142,25.09204864501953,46521724,0.0,0.0,GOOG
2013-10-29 00:00:00-04:00,25.193407380072575,25.63443366889197,25.054968906366014,25.617130279541016,64440637,0.0,0.0,GOOG
2013-10-30 00:00:00-04:00,25.64654648113705,25.648524822586392,25.363982527679475,25.473251342773438,53162522,0.0,0.0,GOOG
2013-10-31 00:00:00-04:00,25.436417378453697,25.74765688344661,25.31379995967858,25.47720718383789,65845885,0.0,0.0,GOOG
2013-11-01 00:00:00-04:00,25.50711870744932,25.61119650933511,25.341735036484888,25.389692306518555,51524405,0.0,0.0,GOOG
2013-11-04 00:00:00-05:00,25.499944740899284,25.52145281157623,25.26583598920654,25.366697311401367,45722740,0.0,0.0,GOOG
2013-11-05 00:00:00-05:00,25.22430560249096,25.503654963012277,25.151873700909583,25.25322914123535,47433127,0.0,0.0,GOOG
2013-11-06 00:00:00-05:00,25.354093456985886,25.388702125306843,25.10119517098822,25.28363800048828,36652871,0.0,0.0,GOOG
2013-11-07 00:00:00-05:00,25.28017981231988,25.31281203564414,24.910103100602466,24.917766571044922,67435822,0.0,0.0,GOOG
2013-11-08 00:00:00-05:00,24.937539469360203,25.178571488772747,24.931358335951085,25.117509841918945,51825529,0.0,0.0,GOOG
2013-11-11 00:00:00-05:00,24.956329320816106,25.115041530849687,24.919002087020772,24.983028411865234,44670812,0.0,0.0,GOOG
2013-11-12 00:00:00-05:00,24.911582227095604,25.155332806693725,24.844835452743812,25.0124454498291,48906630,0.0,0.0,GOOG
2013-11-13 00:00:00-05:00,24.888098246876314,25.533321496963556,24.8819171133996,25.523927688598633,63412799,0.0,0.0,GOOG
2013-11-14 00:00:00-05:00,25.559775065065683,25.703900558870558,25.47152020797655,25.592161178588867,46842923,0.0,0.0,GOOG
2013-11-15 00:00:00-05:00,25.583258927223216,25.660635737871804,25.47052944085405,25.550874710083008,51243355,0.0,0.0,GOOG
2013-11-18 00:00:00-05:00,25.605012343122183,25.926141621531023,25.444077593181095,25.501182556152344,70651832,0.0,0.0,GOOG
2013-11-19 00:00:00-05:00,25.505392442221236,25.580296812518554,25.29105757926867,25.344207763671875,45433661,0.0,0.0,GOOG
2013-11-20 00:00:00-05:00,25.461632388522236,25.545932456029483,25.224555132040734,25.272762298583984,38692487,0.0,0.0,GOOG
2013-11-21 00:00:00-05:00,25.38870481357588,25.668302218360253,25.36398406313628,25.56348419189453,43835693,0.0,0.0,GOOG
2013-11-22 00:00:00-05:00,25.547411476550593,25.61539447709599,25.443583582317466,25.50958824157715,50356042,0.0,0.0,GOOG
2013-11-25 00:00:00-05:00,25.63987070794221,26.036152370167706,25.586966640320288,25.85667610168457,64761837,0.0,0.0,GOOG
2013-11-26 00:00:00-05:00,25.922684892575347,26.241587875689294,25.782762188157136,26.165199279785156,91794785,0.0,0.0,GOOG
2013-11-27 00:00:00-05:00,26.25468633370854,26.402272485999855,26.20450272554853,26.28138542175293,45112461,0.0,0.0,GOOG
2013-11-29 00:00:00-05:00,26.257902464966396,26.368157607928435,26.190907684851,26.194368362426758,47890836,0.0,0.0,GOOG
2013-12-02 00:00:00-05:00,26.29127539439709,26.361484743933815,25.97607922246111,26.068042755126953,55133884,0.0,0.0,GOOG
2013-12-03 00:00:00-05:00,25.980776896346196,26.289545834217492,25.933065736355072,26.037883758544922,67295297,0.0,0.0,GOOG
2013-12-04 00:00:00-05:00,25.99115944728253,26.302894934314654,25.957291000053278,26.15951156616211,47842656,0.0,0.0,GOOG
2013-12-05 00:00:00-05:00,26.135285583950846,26.196099231662625,25.9842387422383,26.13874626159668,45517975,0.0,0.0,GOOG
2013-12-06 00:00:00-05:00,26.44652515282356,26.451716169307872,26.206481343142862,26.448503494262695,57366220,0.0,0.0,GOOG
2013-12-09 00:00:00-05:00,26.476188763348443,26.756034130756568,26.40276674410755,26.652944564819336,59526286,0.0,0.0,GOOG
2013-12-10 00:00:00-05:00,26.603752619070477,27.003246954792058,26.59139035174987,26.814128875732422,74433955,0.0,0.0,GOOG
2013-12-11 00:00:00-05:00,26.88186878075093,26.978775336717515,26.579527065748756,26.63193702697754,68728650,0.0,0.0,GOOG
2013-12-12 00:00:00-05:00,26.688298814605062,26.771608758894786,26.42699493853059,26.450727462768555,64099363,0.0,0.0,GOOG
2013-12-13 00:00:00-05:00,26.585212265215727,26.60721445159192,26.152343575238433,26.224035263061523,86820208,0.0,0.0,GOOG
2013-12-16 00:00:00-05:00,26.30339039160189,26.567658950987955,26.254195002294434,26.525386810302734,64320188,0.0,0.0,GOOG
2013-12-17 00:00:00-05:00,26.521435279774373,26.717720855892733,26.411672337144346,26.448259353637695,61658247,0.0,0.0,GOOG
2013-12-18 00:00:00-05:00,26.49745179424136,26.821299672979407,26.180773273674166,26.816356658935547,88743390,0.0,0.0,GOOG
2013-12-19 00:00:00-05:00,26.717963783431166,26.995336726414717,26.676185754671042,26.85269546508789,66877738,0.0,0.0,GOOG
2013-12-20 00:00:00-05:00,26.90411496438666,27.222277707924572,26.896699496896254,27.208681106567383,130953011,0.0,0.0,GOOG
2013-12-23 00:00:00-05:00,27.38716649247562,27.58394804242081,27.31992560227558,27.56664276123047,69122119,0.0,0.0,GOOG
2013-12-24 00:00:00-05:00,27.563428368191854,27.57010172038458,27.393593921323845,27.486051559448242,29478078,0.0,0.0,GOOG
2013-12-26 00:00:00-05:00,27.539698360024342,27.663057889651743,27.408181248205686,27.62498664855957,53712576,0.0,0.0,GOOG
2013-12-27 00:00:00-05:00,27.68777745259011,27.69469880771043,27.513246093209005,27.648223876953125,63023345,0.0,0.0,GOOG
2013-12-30 00:00:00-05:00,27.69618484444383,27.700139634320717,27.416339444921853,27.427217483520508,49629328,0.0,0.0,GOOG
2013-12-31 00:00:00-05:00,27.495941856332166,27.71249925301623,27.348109580851222,27.70532989501953,54519590,0.0,0.0,GOOG
2014-01-02 00:00:00-05:00,27.57554153466605,27.632152383652336,27.39754762028654,27.51769256591797,73129082,0.0,0.0,GOOG
2014-01-03 00:00:00-05:00,27.564170623780296,27.611881779190576,27.31522713504982,27.316957473754883,66917888,0.0,0.0,GOOG
2014-01-06 00:00:00-05:00,27.514978355241688,27.65959606711204,27.352559355968314,27.62152671813965,71037271,0.0,0.0,GOOG
2014-01-07 00:00:00-05:00,27.811384812482252,28.1745401597779,27.716456603691757,28.154020309448242,102486711,0.0,0.0,GOOG
2014-01-08 00:00:00-05:00,28.330530752632153,28.363162973836044,28.01632280545859,28.212610244750977,90036218,0.0,0.0,GOOG
2014-01-09 00:00:00-05:00,28.26724398782282,28.286525716961098,27.82522762231831,27.940921783447266,83692529,0.0,0.0,GOOG
2014-01-10 00:00:00-05:00,28.15945973476639,28.15945973476639,27.743400339190934,27.93943977355957,86061375,0.0,0.0,GOOG
2014-01-13 00:00:00-05:00,27.847722503547775,28.353024942854244,27.61781463600295,27.761445999145508,97118665,0.0,0.0,GOOG
2014-01-14 00:00:00-05:00,28.13152323767309,28.45413485897214,27.887770762464125,28.414579391479492,99676216,0.0,0.0,GOOG
2014-01-15 00:00:00-05:00,28.503330586690506,28.553020084525084,28.275895165047835,28.39529800415039,78300393,0.0,0.0,GOOG
2014-01-16 00:00:00-05:00,28.40716578673846,28.625455414297893,28.37997258427314,28.583181381225586,67608467,0.0,0.0,GOOG
2014-01-17 00:00:00-05:00,28.59875417460675,28.692200037375667,28.28603047660819,28.442516326904297,108457005,0.0,0.0,GOOG
2014-01-21 00:00:00-05:00,28.699619814650426,28.77551429915568,28.4615543273342,28.768098831176758,79492846,0.0,0.0,GOOG
2014-01-22 00:00:00-05:00,28.84003341712915,28.871677413414226,28.64844478009377,28.80072784423828,63091600,0.0,0.0,GOOG
2014-01-23 00:00:00-05:00,28.676627583068395,28.73818334667171,28.537447000918974,28.679100036621094,78256228,0.0,0.0,GOOG
2014-01-24 00:00:00-05:00,28.454383558789228,28.51717555004189,27.761943209278712,27.782461166381836,156283602,0.0,0.0,GOOG
2014-01-27 00:00:00-05:00,27.838577973245883,27.84846589379389,26.755045138069406,27.223758697509766,174796734,0.0,0.0,GOOG
2014-01-28 00:00:00-05:00,27.448476019498052,27.829924852869812,27.439082210847502,27.762187957763672,88739375,0.0,0.0,GOOG
2014-01-29 00:00:00-05:00,27.666023316222983,27.731039754760886,27.179014354251148,27.364423751831055,95552818,0.0,0.0,GOOG
2014-01-30 00:00:00-05:00,28.30580866390836,28.49097195924117,27.867006847623017,28.0682373046875,204419353,0.0,0.0,GOOG
2014-01-31 00:00:00-05:00,28.95721276060202,29.332728470427536,28.45735119182281,29.195032119750977,223486554,0.0,0.0,GOOG
2014-02-03 00:00:00-05:00,29.151273135348724,29.21357101116294,27.984680239050522,28.01978302001953,183449044,0.0,0.0,GOOG
2014-02-04 00:00:00-05:00,28.13251214311548,28.553020432946553,28.10828550725049,28.136714935302734,112897588,0.0,0.0,GOOG
2014-02-05 00:00:00-05:00,28.265761372463025,28.448450323674436,27.886042860657547,28.261310577392578,96139007,0.0,0.0,GOOG
2014-02-06 00:00:00-05:00,28.457350470745922,28.68058310575789,28.36884761740817,28.67563819885254,78155853,0.0,0.0,GOOG
2014-02-07 00:00:00-05:00,28.865247045171113,29.119135439826216,28.69046958442684,29.107763290405273,105843245,0.0,0.0,GOOG
2014-02-10 00:00:00-05:00,28.968333926095475,29.23037989504854,28.89961070571254,28.99627113342285,78099643,0.0,0.0,GOOG
2014-02-11 00:00:00-05:00,29.175254951145476,29.464494155059178,28.97847528749137,29.422714233398438,82339476,0.0,0.0,GOOG
2014-02-12 00:00:00-05:00,29.393542193202432,29.41826483526887,29.205168117581266,29.336437225341797,69238554,0.0,0.0,GOOG
2014-02-13 00:00:00-05:00,29.189591572055996,29.66300392150879,29.162644480559706,29.66300392150879,73731331,0.0,0.0,GOOG
2014-02-14 00:00:00-05:00,29.55694950087877,29.774002902124952,29.48748415834723,29.734695434570312,87795852,0.0,0.0,GOOG
2014-02-18 00:00:00-05:00,29.700333741190956,29.98363790696373,29.66547706982295,29.9344425201416,84672187,0.0,0.0,GOOG
2014-02-19 00:00:00-05:00,29.796495929465912,29.893404359643966,29.60367107945213,29.72332191467285,84459392,0.0,0.0,GOOG
2014-02-20 00:00:00-05:00,29.743099780552203,29.835805425137092,29.670913984885114,29.767080307006836,68287001,0.0,0.0,GOOG
2014-02-21 00:00:00-05:00,29.85854762123341,29.909473346115536,29.73568410379381,29.75916862487793,74771214,0.0,0.0,GOOG
2014-02-24 00:00:00-05:00,29.797983259326887,30.163857157662445,29.791554122927867,29.97473907470703,67223027,0.0,0.0,GOOG
2014-02-25 00:00:00-05:00,30.05953153887454,30.271144014581722,29.923069529588947,30.15989875793457,57763704,0.0,0.0,GOOG
2014-02-26 00:00:00-05:00,30.25878466253596,30.3794256247088,30.005640262411926,30.164104461669922,79585191,0.0,0.0,GOOG
2014-02-27 00:00:00-05:00,30.12009946228164,30.264471052446876,30.085983012945587,30.140369415283203,50588912,0.0,0.0,GOOG
2014-02-28 00:00:00-05:00,30.168308433235147,30.263484649005616,29.819245676816507,30.052366256713867,92890878,0.0,0.0,GOOG
2014-03-03 00:00:00-05:00,29.832340862536444,29.85928795267333,29.47116390571441,29.73197364807129,84507572,0.0,0.0,GOOG
2014-03-04 00:00:00-05:00,30.036297327064613,30.061019971114685,29.900331303963586,30.034072875976562,58928052,0.0,0.0,GOOG
2014-03-05 00:00:00-05:00,30.037530982935657,30.236042874191906,29.94754579138907,30.116886138916016,49597208,0.0,0.0,GOOG
2014-03-06 00:00:00-05:00,30.216267502098013,30.311939722825077,30.1252940792941,30.1502628326416,50914126,0.0,0.0,GOOG
2014-03-07 00:00:00-05:00,30.32800579563993,30.332702699951245,29.94828730219298,30.031103134155273,60831159,0.0,0.0,GOOG
2014-03-10 00:00:00-04:00,30.053351390648192,30.101558553578766,29.766586545969098,29.951499938964844,48766105,0.0,0.0,GOOG
2014-03-11 00:00:00-04:00,30.005883081684534,30.01948157421129,29.58240826665939,29.665225982666016,68776830,0.0,0.0,GOOG
2014-03-12 00:00:00-04:00,29.576481978330992,29.8595400525801,29.27463628575856,29.845943450927734,78866507,0.0,0.0,GOOG
2014-03-13 00:00:00-04:00,29.862010411402576,29.92505040518776,29.288724908593956,29.39502716064453,94175675,0.0,0.0,GOOG
2014-03-14 00:00:00-04:00,29.22024658565703,29.43977243623446,28.986383912554,28.993059158325195,92099924,0.0,0.0,GOOG
2014-03-17 00:00:00-04:00,29.152511871008993,29.593044019561752,29.12432855144671,29.470178604125977,86808163,0.0,0.0,GOOG
2014-03-18 00:00:00-04:00,29.53371560848292,29.950515273348117,29.493914025311778,29.94384002685547,72872123,0.0,0.0,GOOG
2014-03-19 00:00:00-04:00,29.957187683468327,29.961884587886992,29.527283675806498,29.646936416625977,64757822,0.0,0.0,GOOG
2014-03-20 00:00:00-04:00,29.664239478814316,29.90304705945544,29.550769766179553,29.59526824951172,67640587,0.0,0.0,GOOG
2014-03-21 00:00:00-04:00,29.821468212878397,29.903543826387175,29.231619550680463,29.246204376220703,128821050,0.0,0.0,GOOG
2014-03-24 00:00:00-04:00,29.27463583414096,29.292187225393324,28.329293403930993,28.625455856323242,121939352,0.0,0.0,GOOG
2014-03-25 00:00:00-04:00,28.82495556925054,28.919883775392957,28.35525187299432,28.644983291625977,96769361,0.0,0.0,GOOG
2014-03-26 00:00:00-04:00,28.726318054662002,28.96265319599883,27.97207392307777,27.983694076538086,103586819,0.0,0.0,GOOG
2014-03-27 00:00:00-04:00,28.111401332912052,28.111401332912052,27.365064910407288,27.63924789428711,262719,0.0,2.002,GOOG
2014-03-28 00:00:00-04:00,27.774855654005634,28.033698441343773,27.649642732143338,27.7149715423584,824257,0.0,0.0,GOOG
2014-03-31 00:00:00-04:00,28.056465970595397,28.061910669262357,27.563527639961663,27.565505981445312,216593,0.0,0.0,GOOG
2014-04-01 00:00:00-04:00,27.651618027981318,28.133670685709433,27.651618027981318,28.06982421875,158434,0.0,0.0,GOOG
2014-04-02 00:00:00-04:00,29.694648158873708,29.934188395782083,27.82385462176214,28.06191062927246,2942055,0.0,0.0,GOOG
2014-04-03 00:00:00-04:00,28.202962093765564,29.06560607805258,27.919868049368258,28.19751739501953,101983228,0.0,0.0,GOOG
2014-04-04 00:00:00-04:00,28.440524581111575,28.59493934550786,26.874105922763174,26.88103485107422,127386783,0.0,0.0,GOOG
2014-04-07 00:00:00-04:00,26.762250805722797,27.145318280506316,26.089656380851594,26.63406753540039,88033033,0.0,0.0,GOOG
2014-04-08 00:00:00-04:00,26.854308592138953,27.468007165165446,26.805310089920745,27.463058471679688,63024560,0.0,0.0,GOOG
2014-04-09 00:00:00-04:00,27.69665844232941,27.981236700023153,27.3665480420346,27.92036247253418,66616395,0.0,0.0,GOOG
2014-04-10 00:00:00-04:00,27.962926013923123,27.962926013923123,26.72067898875045,26.772645950317383,80737057,0.0,0.0,GOOG
2014-04-11 00:00:00-04:00,26.356911660396783,26.725625265254777,26.058969667508304,26.26040267944336,78496923,0.0,0.0,GOOG
2014-04-14 00:00:00-04:00,26.639016841811156,26.92854379856342,26.20893298532389,26.35542869567871,51501009,0.0,0.0,GOOG
2014-04-15 00:00:00-04:00,26.56824311821601,26.648915905877395,25.65957102404463,26.549436569213867,77101101,0.0,0.0,GOOG
2014-04-16 00:00:00-04:00,26.874103708593054,27.566988910011187,26.72562587423961,27.54422378540039,97865955,0.0,0.0,GOOG
2014-04-17 00:00:00-04:00,27.16164859818087,27.195799122526548,26.287621216985205,26.53260612487793,136190888,0.0,0.0,GOOG
2014-04-21 00:00:00-04:00,26.532608573764932,26.562304520010766,26.012944659660473,26.16240882873535,51334553,0.0,0.0,GOOG
2014-04-22 00:00:00-04:00,26.163400218887826,26.588535371928256,26.107472791679132,26.468765258789062,47307527,0.0,0.0,GOOG
2014-04-23 00:00:00-04:00,26.418281325709568,26.42224179461442,26.04511314780347,26.079261779785156,41046384,0.0,0.0,GOOG
2014-04-24 00:00:00-04:00,26.234175576274676,26.312372128431207,25.84071278926458,25.991168975830078,37663121,0.0,0.0,GOOG
2014-04-25 00:00:00-04:00,25.86001606459711,25.96840457265367,25.50911884773875,25.54673194885254,42007014,0.0,0.0,GOOG
2014-04-28 00:00:00-04:00,25.596222235934945,25.66649973807318,24.884528586446,25.594738006591797,66710653,0.0,0.0,GOOG
2014-04-29 00:00:00-04:00,25.582364716645163,26.20398231289402,25.55365888778543,26.11687660217285,53981801,0.0,0.0,GOOG
2014-04-30 00:00:00-04:00,26.1119290620317,26.131725729290338,25.860509305382212,26.065406799316406,35023895,0.0,0.0,GOOG
2014-05-01 00:00:00-04:00,26.087679207210243,26.375721961761013,25.9278197380218,26.29752540588379,38110345,0.0,0.0,GOOG
2014-05-02 00:00:00-04:00,26.416798385477136,26.428676006472124,26.013438238512727,26.128259658813477,33770463,0.0,0.0,GOOG
2014-05-05 00:00:00-04:00,25.97434213885369,26.176269277907576,25.80112082951867,26.12232208251953,20482080,0.0,0.0,GOOG
2014-05-06 00:00:00-04:00,25.994629507373958,26.07282604770059,25.491297848334096,25.495256423950195,33780490,0.0,0.0,GOOG
2014-05-07 00:00:00-04:00,25.52742841589569,25.571476328378772,24.90927530497089,25.238889694213867,64486563,0.0,0.0,GOOG
2014-05-08 00:00:00-04:00,25.16465439079652,25.598698746016666,25.065175046554323,25.29036521911621,40426688,0.0,0.0,GOOG
2014-05-09 00:00:00-04:00,25.277990373148377,25.73084125697126,24.953818770378668,25.672935485839844,48789585,0.0,0.0,GOOG
2014-05-12 00:00:00-04:00,25.9095067517187,26.240111270774708,25.68679283427638,26.226749420166016,38250730,0.0,0.0,GOOG
2014-05-13 00:00:00-04:00,26.274755764151575,26.531122290828577,26.20645660759243,26.383636474609375,33068541,0.0,0.0,GOOG
2014-05-14 00:00:00-04:00,26.379183196360838,26.379183196360838,25.997601846007054,26.064910888671875,23835261,0.0,0.0,GOOG
2014-05-15 00:00:00-04:00,26.017894383994697,26.02630943475929,25.608101289831623,25.734800338745117,34087331,0.0,0.0,GOOG
2014-05-16 00:00:00-04:00,25.804582779191744,25.82487545091561,25.510107128356427,25.766969680786133,29705333,0.0,0.0,GOOG
2014-05-19 00:00:00-04:00,25.720942818648016,26.21981993858265,25.616166450509407,26.174287796020508,25555972,0.0,0.0,GOOG
2014-05-20 00:00:00-04:00,26.217839896790164,26.539043029996478,26.04758894628008,26.21932601928711,35695734,0.0,0.0,GOOG
2014-05-21 00:00:00-04:00,26.374232276836626,26.685189653239043,26.325235674874598,26.67316436767578,23925508,0.0,0.0,GOOG
2014-05-22 00:00:00-04:00,26.781552966261224,27.10176597448268,26.764230647127555,26.976057052612305,32316482,0.0,0.0,GOOG
2014-05-23 00:00:00-04:00,27.084937494909,27.400695918869378,26.90874584672179,27.35417366027832,38643806,0.0,0.0,GOOG
2014-05-27 00:00:00-04:00,27.517498802185234,28.012417355077854,27.43583589682167,28.00994300842285,42083223,0.0,0.0,GOOG
2014-05-28 00:00:00-04:00,27.941643840539466,28.103481635568023,27.764958072434514,27.798612594604492,33040464,0.0,0.0,GOOG
2014-05-29 00:00:00-04:00,27.8812649106808,27.913435204857173,27.651622056318296,27.71942710876465,27082150,0.0,0.0,GOOG
2014-05-30 00:00:00-04:00,27.755060020147134,27.782281620849368,27.51304543158246,27.710023880004883,35422988,0.0,0.0,GOOG
2014-06-02 00:00:00-04:00,27.750109585374247,27.760006971808732,27.00921599928648,27.415048599243164,28700582,0.0,0.0,GOOG
2014-06-03 00:00:00-04:00,27.269543807774323,27.336358740762,26.851831681456527,26.970117568969727,37332215,0.0,0.0,GOOG
2014-06-04 00:00:00-04:00,26.799867591470765,27.151754914926403,26.66376526700434,26.956262588500977,36329469,0.0,0.0,GOOG
2014-06-05 00:00:00-04:00,27.042372941972143,27.465529729864162,26.94586396410368,27.413562774658203,33782496,0.0,0.0,GOOG
2014-06-06 00:00:00-04:00,27.619452122956346,27.619452122956346,27.16758947958007,27.533830642700195,34735104,0.0,0.0,GOOG
2014-06-09 00:00:00-04:00,27.574413739046992,27.858991994231932,27.519478322542493,27.82038688659668,29350361,0.0,0.0,GOOG
2014-06-10 00:00:00-04:00,27.74070699074651,27.893637517363764,27.61153359982354,27.742687225341797,27034019,0.0,0.0,GOOG
2014-06-11 00:00:00-04:00,27.616482690953728,27.709527214176386,27.468996860774247,27.658056259155273,22002242,0.0,0.0,GOOG
2014-06-12 00:00:00-04:00,27.581836786651227,27.615987313172905,27.144328009574526,27.28736114501953,29169867,0.0,0.0,GOOG
2014-06-13 00:00:00-04:00,27.332396878474558,27.33437711297837,27.00080225656709,27.30765151977539,24410836,0.0,0.0,GOOG
2014-06-16 00:00:00-04:00,27.18392336343055,27.201739794863556,26.800853995848826,26.93745231628418,34051232,0.0,0.0,GOOG
2014-06-17 00:00:00-04:00,26.933493453014364,26.988924878310385,26.692468983064302,26.87459945678711,28891103,0.0,0.0,GOOG
2014-06-18 00:00:00-04:00,26.96615636697229,27.396736189992026,26.923592686013478,27.387332916259766,34835379,0.0,0.0,GOOG
2014-06-19 00:00:00-04:00,27.430394065634058,27.468007165165446,27.146804017133828,27.463058471679688,49136535,0.0,0.0,GOOG
2014-06-20 00:00:00-04:00,27.559567715999957,27.595696586450643,27.23994913135738,27.535316467285156,90166875,0.0,0.0,GOOG
2014-06-23 00:00:00-04:00,27.475426198634132,27.962921657783408,27.43088417745837,27.960447311401367,30736155,0.0,0.0,GOOG
2014-06-24 00:00:00-04:00,27.972328323711764,28.341341066848763,27.765452495069045,27.94411849975586,44142862,0.0,0.0,GOOG
2014-06-25 00:00:00-04:00,27.975791735482872,28.70332346550341,27.973813394101413,28.63848876953125,39387843,0.0,0.0,GOOG
2014-06-26 00:00:00-04:00,28.754794906404346,28.826556633430062,28.301942173989605,28.507333755493164,34839390,0.0,0.0,GOOG
2014-06-27 00:00:00-04:00,28.565738053686527,28.698870021611334,28.39845366477053,28.568706512451172,44738493,0.0,0.0,GOOG
2014-06-30 00:00:00-04:00,28.638985066525446,28.68402120394466,28.445471093902913,28.471702575683594,26275943,0.0,0.0,GOOG
2014-07-01 00:00:00-04:00,28.62215913709378,28.92306962110258,28.539508002370535,28.83745002746582,28959290,0.0,0.0,GOOG
2014-07-02 00:00:00-04:00,28.871102264874825,28.974540176398552,28.72460466416761,28.82086753845215,21127848,0.0,0.0,GOOG
2014-07-03 00:00:00-04:00,28.871102451398347,28.95325757489269,28.75083633170471,28.93939971923828,14283107,0.0,0.0,GOOG
2014-07-07 00:00:00-04:00,28.891395818162977,29.023539570785495,28.685014087354762,28.816661834716797,21292298,0.0,0.0,GOOG
2014-07-08 00:00:00-04:00,28.58949353722761,28.681943611547602,28.01909887997719,28.264331817626953,38190565,0.0,0.0,GOOG
2014-07-09 00:00:00-04:00,28.288583302575113,28.542971514488734,28.17950380004083,28.51129722595215,22335153,0.0,0.0,GOOG
2014-07-10 00:00:00-04:00,28.007961375404143,28.536534424082646,27.963419351538683,28.26482391357422,27134293,0.0,0.0,GOOG
2014-07-11 00:00:00-04:00,28.304914189187677,28.74737166340107,28.28066294196489,28.66472053527832,32434806,0.0,0.0,GOOG
2014-07-14 00:00:00-04:00,28.833982033617836,28.96315541613854,28.607803666333954,28.946327209472656,37081529,0.0,0.0,GOOG
2014-07-15 00:00:00-04:00,28.989391641186405,28.992608102858643,28.535054597795572,28.941877365112305,32460877,0.0,0.0,GOOG
2014-07-16 00:00:00-04:00,29.101237768823133,29.121034433908683,28.814183285358336,28.836950302124023,27942506,0.0,0.0,GOOG
2014-07-17 00:00:00-04:00,28.682045458853807,28.75430320187015,28.14159282940455,28.39499282836914,60331186,0.0,0.0,GOOG
2014-07-18 00:00:00-04:00,29.348702989567517,29.5367722926511,28.80429174942293,29.45164680480957,80283816,0.0,0.0,GOOG
2014-07-21 00:00:00-04:00,29.286835240271564,29.417986974677863,28.964295533092123,29.173992156982422,41242922,0.0,0.0,GOOG
2014-07-22 00:00:00-04:00,29.235857672630303,29.677819147484275,29.229916968899396,29.434814453125,33983045,0.0,0.0,GOOG
2014-07-23 00:00:00-04:00,29.36008108374602,29.58873380028658,29.323950323471664,29.496183395385742,24663528,0.0,0.0,GOOG
2014-07-24 00:00:00-04:00,29.5194467521182,29.67039704752629,29.28782366636427,29.36602210998535,20702684,0.0,0.0,GOOG
2014-07-25 00:00:00-04:00,29.220019207529578,29.292276944015562,29.053230828726612,29.15172004699707,18649061,0.0,0.0,GOOG
2014-07-28 00:00:00-04:00,29.10470460328326,29.32395216634851,28.940540124682755,29.229917526245117,19736037,0.0,0.0,GOOG
2014-07-29 00:00:00-04:00,29.138358898869683,29.185375271980053,28.87926810866369,28.982954025268555,26997920,0.0,0.0,GOOG
2014-07-30 00:00:00-04:00,29.029478667911857,29.17548027886903,28.903273725122617,29.07253646850586,20329662,0.0,0.0,GOOG
2014-07-31 00:00:00-04:00,28.734999612544506,28.885949909446936,28.21038509350987,28.28957176208496,42055146,0.0,0.0,GOOG
2014-08-01 00:00:00-04:00,28.230181334764893,28.50535631066324,27.856517143328265,28.015880584716797,39105069,0.0,0.0,GOOG
2014-08-04 00:00:00-04:00,28.162875852274325,28.47516795897599,27.91838501442985,28.366287231445312,28546159,0.0,0.0,GOOG
2014-08-05 00:00:00-04:00,28.21286167441242,28.308380547206898,27.84464025341804,27.96639060974121,31024946,0.0,0.0,GOOG
2014-08-06 00:00:00-04:00,27.803560372713235,28.245029615558124,27.715464547596085,28.030925750732422,26687069,0.0,0.0,GOOG
2014-08-07 00:00:00-04:00,28.111400579971995,28.20494110618323,27.76990666618759,27.881757736206055,22218835,0.0,0.0,GOOG
2014-08-08 00:00:00-04:00,27.89165487506972,28.22275537163873,27.732785551530444,28.149507522583008,29895854,0.0,0.0,GOOG
2014-08-11 00:00:00-04:00,28.209891062712106,28.23463642342569,28.012418502795267,28.1054630279541,24294518,0.0,0.0,GOOG
2014-08-12 00:00:00-04:00,27.93917015764675,28.007469320901034,27.759019921315726,27.8505802154541,30840441,0.0,0.0,GOOG
2014-08-13 00:00:00-04:00,28.07725476739419,28.457847939984596,28.00004643580471,28.446958541870117,28784812,0.0,0.0,GOOG
2014-08-14 00:00:00-04:00,28.516243437510187,28.601368908796424,28.253936203004777,28.440521240234375,19709966,0.0,0.0,GOOG
2014-08-15 00:00:00-04:00,28.59938924802099,28.674617334763028,28.236118445477537,28.38261604309082,30383189,0.0,0.0,GOOG
2014-08-18 00:00:00-04:00,28.51278003862365,28.928511917677433,28.507335340201262,28.812206268310547,25682318,0.0,0.0,GOOG
2014-08-19 00:00:00-04:00,28.952764471797057,29.06857601433058,28.903271857999467,29.044818878173828,19573592,0.0,0.0,GOOG
2014-08-20 00:00:00-04:00,28.996317826841945,29.036899384160296,28.832497902442395,28.927522659301758,20734771,0.0,0.0,GOOG
2014-08-21 00:00:00-04:00,28.89436419979162,28.928016829215643,28.761724450954137,28.87209129333496,18296094,0.0,0.0,GOOG
2014-08-22 00:00:00-04:00,28.88297756942572,28.96444168622716,28.73697598564091,28.832000732421875,15781209,0.0,0.0,GOOG
2014-08-25 00:00:00-04:00,28.938904447112456,28.952762302211347,28.65581042797748,28.715200424194336,27228551,0.0,0.0,GOOG
2014-08-26 00:00:00-04:00,28.76766263913475,28.794388233154717,28.53604145534491,28.599390029907227,32793789,0.0,0.0,GOOG
2014-08-27 00:00:00-04:00,28.57018805831441,28.6305681698877,28.215479987052806,28.25987434387207,34067276,0.0,0.0,GOOG
2014-08-28 00:00:00-04:00,28.18861186008157,28.37123645728517,28.066861497562535,28.170793533325195,25858801,0.0,0.0,GOOG
2014-08-29 00:00:00-04:00,28.276209911009058,28.311348663888044,28.065326278691348,28.28957176208496,21675347,0.0,0.0,GOOG
2014-09-02 00:00:00-04:00,28.30194565398348,28.597907439731397,28.269281247547895,28.573162078857422,31568434,0.0,0.0,GOOG
2014-09-03 00:00:00-04:00,28.7053033865859,28.853285223212545,28.457845996265913,28.603351593017578,24302540,0.0,0.0,GOOG
2014-09-04 00:00:00-04:00,28.705301937206965,29.002253819636948,28.66669872257297,28.80329704284668,29163850,0.0,0.0,GOOG
2014-09-05 00:00:00-04:00,28.902282119411257,29.02947527155029,28.801812667679968,29.006214141845703,32647388,0.0,0.0,GOOG
2014-09-08 00:00:00-04:00,29.031948475389118,29.28782089206797,29.017100503297314,29.186363220214844,28620362,0.0,0.0,GOOG
2014-09-09 00:00:00-04:00,29.14577957149315,29.150728264439707,28.70530046366015,28.75528907775879,25744488,0.0,0.0,GOOG
2014-09-10 00:00:00-04:00,28.779539843043956,28.878523166070067,28.553855594764997,28.858726501464844,19547521,0.0,0.0,GOOG
2014-09-11 00:00:00-04:00,28.72311910312887,28.79488272424125,28.520201865443724,28.77211570739746,24420864,0.0,0.0,GOOG
2014-09-12 00:00:00-04:00,28.75480077293218,28.78647506459635,28.43112324805636,28.48853302001953,32033708,0.0,0.0,GOOG
2014-09-15 00:00:00-04:00,28.35589054065471,28.455369874441843,28.121793122734594,28.36380958557129,31951483,0.0,0.0,GOOG
2014-09-16 00:00:00-04:00,28.346985347639688,28.779545488497416,28.342036653805017,28.702831268310547,29607064,0.0,0.0,GOOG
2014-09-17 00:00:00-04:00,28.705797897454318,29.077481861969815,28.644675667758815,28.94137954711914,33856699,0.0,0.0,GOOG
2014-09-18 00:00:00-04:00,29.051745946271694,29.17745486762667,28.952762618163437,29.164093017578125,28891103,0.0,0.0,GOOG
2014-09-19 00:00:00-04:00,29.274460476302036,29.520929631130112,29.175477146090916,29.50113296508789,74732617,0.0,0.0,GOOG
2014-09-22 00:00:00-04:00,29.389283645412615,29.395667346461348,28.876546746054224,29.07006072998047,33790518,0.0,0.0,GOOG
2014-09-23 00:00:00-04:00,29.044326432691665,29.044326432691665,28.75479945289417,28.761232376098633,29428575,0.0,0.0,GOOG
2014-09-24 00:00:00-04:00,28.777562763084788,29.181911149159884,28.73104050150551,29.100744247436523,34562632,0.0,0.0,GOOG
2014-09-25 00:00:00-04:00,29.078968545244336,29.10024944090368,28.417261613732588,28.460813522338867,38519466,0.0,0.0,GOOG
2014-09-26 00:00:00-04:00,28.510306161063177,28.668185379562765,28.441016882364394,28.561777114868164,28873054,0.0,0.0,GOOG
2014-09-29 00:00:00-04:00,28.29699549944519,28.615722394933144,28.26828967069762,28.52515411376953,25648224,0.0,0.0,GOOG
2014-09-30 00:00:00-04:00,28.553363193635487,28.69787866459792,28.35143606667318,28.574644088745117,32434806,0.0,0.0,GOOG
2014-10-01 00:00:00-04:00,28.507830958387782,28.585533391981123,28.062403139813174,28.12476348876953,28909153,0.0,0.0,GOOG
2014-10-02 00:00:00-04:00,28.077253489626198,28.304916111333384,27.87978092769453,28.214345932006836,23568530,0.0,0.0,GOOG
2014-10-03 00:00:00-04:00,28.361335736419,28.567963556782207,28.334114137362675,28.471702575683594,22834521,0.0,0.0,GOOG
2014-10-06 00:00:00-04:00,28.645913709147397,28.75479631798948,28.4301287259948,28.57415008544922,24292512,0.0,0.0,GOOG
2014-10-07 00:00:00-04:00,28.428147097498368,28.47120489097602,27.900562286376953,27.900562286376953,38226664,0.0,0.0,GOOG
2014-10-08 00:00:00-04:00,27.991135936663305,28.40241323507864,27.591240254018523,28.33411407470703,39817018,0.0,0.0,GOOG
2014-10-09 00:00:00-04:00,28.26878638837514,28.284128473848554,27.668943787170136,27.75901985168457,50496258,0.0,0.0,GOOG
2014-10-10 00:00:00-04:00,27.602625399450496,27.969360694351195,26.926070464474922,26.947847366333008,61638766,0.0,0.0,GOOG
2014-10-13 00:00:00-04:00,26.972592260116947,27.195802187286244,26.384135060092614,26.389577865600586,51633371,0.0,0.0,GOOG
2014-10-14 00:00:00-04:00,26.67118868091151,27.08147589473474,26.387598625189003,26.623676300048828,44451708,0.0,0.0,GOOG
2014-10-15 00:00:00-04:00,26.280695504217174,26.369287340391683,25.651654847123055,26.232194900512695,74387672,0.0,0.0,GOOG
2014-10-16 00:00:00-04:00,25.68629519422931,26.202496504782914,25.48832854231346,25.958995819091797,74171079,0.0,0.0,GOOG
2014-10-17 00:00:00-04:00,26.09460564601278,26.279210459695523,25.168117113645515,25.298776626586914,110787334,0.0,0.0,GOOG
2014-10-20 00:00:00-04:00,25.213652864814904,25.822898770549347,25.14683792785998,25.77736473083496,52150788,0.0,0.0,GOOG
2014-10-21 00:00:00-04:00,25.99265047972397,26.07183903406791,25.691740031295698,26.059465408325195,46725935,0.0,0.0,GOOG
2014-10-22 00:00:00-04:00,26.22526324498919,26.715727181784622,26.171316055035305,26.364830017089844,58385859,0.0,0.0,GOOG
2014-10-23 00:00:00-04:00,26.691974454615732,27.082959098130512,26.52023737581479,26.922607421875,46976621,0.0,0.0,GOOG
2014-10-24 00:00:00-04:00,26.941413245062737,26.967148721954974,26.517266308961016,26.714740753173828,39462046,0.0,0.0,GOOG
2014-10-27 00:00:00-04:00,26.578635911412512,26.943886951971482,26.578635911412512,26.763736724853516,23706909,0.0,0.0,GOOG
2014-10-28 00:00:00-04:00,26.87410208462468,27.170061938728143,26.805802928620214,27.16610336303711,25419598,0.0,0.0,GOOG
2014-10-29 00:00:00-04:00,27.220547877712022,27.42791971665571,27.071081810626236,27.187387466430664,35410955,0.0,0.0,GOOG
2014-10-30 00:00:00-04:00,27.168582292015735,27.359125932345393,26.899346091426334,27.235891342163086,29113713,0.0,0.0,GOOG
2014-10-31 00:00:00-04:00,27.683295169657008,27.694184566717237,27.45563255963011,27.669933319091797,40701440,0.0,0.0,GOOG
2014-11-03 00:00:00-05:00,27.492751134653794,27.611531123021315,27.38040406841934,27.478893280029297,27645693,0.0,0.0,GOOG
2014-11-04 00:00:00-05:00,27.369020504152175,27.492751078310256,27.18589993593205,27.4239559173584,24884132,0.0,0.0,GOOG
2014-11-05 00:00:00-05:00,27.55709383271645,27.55709383271645,26.926071029724735,27.01862144470215,40645286,0.0,0.0,GOOG
2014-11-06 00:00:00-05:00,26.997830639011504,27.06637779728334,26.773632512478677,26.826589584350586,26665008,0.0,0.0,GOOG
2014-11-07 00:00:00-05:00,27.032972361041363,27.032972361041363,26.659804149900104,26.775615692138672,32675465,0.0,0.0,GOOG
2014-11-10 00:00:00-05:00,26.79788499982795,27.200255020106276,26.776108099746736,27.09632110595703,22692131,0.0,0.0,GOOG
2014-11-11 00:00:00-05:00,27.14581356549252,27.316560515088334,27.037425070889796,27.23489761352539,19310873,0.0,0.0,GOOG
2014-11-12 00:00:00-05:00,27.239846369473163,27.243308939876602,26.981497725347648,27.08740997314453,22593862,0.0,0.0,GOOG
2014-11-13 00:00:00-05:00,27.210651028461907,27.210651028461907,26.89786103183036,26.99189567565918,26787343,0.0,0.0,GOOG
2014-11-14 00:00:00-05:00,27.056236818794588,27.056236818794588,26.832038640032682,26.943395614624023,25790614,0.0,0.0,GOOG
2014-11-17 00:00:00-05:00,26.90280737542122,26.913200766927833,26.431695195127386,26.552900314331055,34520517,0.0,0.0,GOOG
2014-11-18 00:00:00-05:00,26.60189877903059,26.821642352190974,26.43709062587286,26.47965431213379,39253475,0.0,0.0,GOOG
2014-11-19 00:00:00-05:00,26.47817092950736,26.638522613236567,26.23467021210594,26.57666015625,27844237,0.0,0.0,GOOG
2014-11-20 00:00:00-05:00,26.292575284887977,26.48361302911372,26.28416212726892,26.469755172729492,31267610,0.0,0.0,GOOG
2014-11-21 00:00:00-05:00,26.805311480915705,26.83154296542102,26.555377835968287,26.601900100708008,44485801,0.0,0.0,GOOG
2014-11-24 00:00:00-05:00,26.609320212983086,26.859255723575124,26.5088526539462,26.689496994018555,34127440,0.0,0.0,GOOG
2014-11-25 00:00:00-05:00,26.676135636568556,26.92260668784539,26.65643741404522,26.77907943725586,35798014,0.0,0.0,GOOG
2014-11-26 00:00:00-05:00,26.76917982474544,26.80234023430137,26.579230652971404,26.743940353393555,30459397,0.0,0.0,GOOG
2014-11-28 00:00:00-05:00,26.756314248113544,26.824613414144654,26.5573574541532,26.816200256347656,22966883,0.0,0.0,GOOG
2014-12-01 00:00:00-05:00,26.671187331346925,26.79541202950579,26.322764484750714,26.418777465820312,42307838,0.0,0.0,GOOG
2014-12-02 00:00:00-05:00,26.40442791957559,26.50291714950884,26.22081320479018,26.416305541992188,30533600,0.0,0.0,GOOG
2014-12-03 00:00:00-05:00,26.301978392118514,26.5274638882899,26.19408589373637,26.296039581298828,25559983,0.0,0.0,GOOG
2014-12-04 00:00:00-05:00,26.288116259297635,26.593977272227832,26.160921226581145,26.592491149902344,27842232,0.0,0.0,GOOG
2014-12-05 00:00:00-05:00,26.280200791545013,26.37374131905478,25.947616035587508,25.996116638183594,51312493,0.0,0.0,GOOG
2014-12-08 00:00:00-05:00,26.08866846280551,26.28020221634321,25.923366193166704,26.08124542236328,46587556,0.0,0.0,GOOG
2014-12-09 00:00:00-05:00,25.841702483992933,26.438080628550374,25.76053747428999,26.397497177124023,37426473,0.0,0.0,GOOG
2014-12-10 00:00:00-05:00,26.383140144349365,26.543987796616513,26.01096022482963,26.035707473754883,34245764,0.0,0.0,GOOG
2014-12-11 00:00:00-05:00,26.12182825290135,26.42471896475748,26.087183612029765,26.1485538482666,32216207,0.0,0.0,GOOG
2014-12-12 00:00:00-05:00,25.909504139051727,26.15646927929489,25.66946792602539,25.66946792602539,39891221,0.0,0.0,GOOG
2014-12-15 00:00:00-05:00,25.871397296317806,25.889213727936987,25.402708337398277,25.428939819335938,56268061,0.0,0.0,GOOG
2014-12-16 00:00:00-05:00,25.31807914818297,25.391821115256416,24.20154110503644,24.517793655395508,79285081,0.0,0.0,GOOG
2014-12-17 00:00:00-05:00,24.597476019688273,25.0923945667179,24.58807274525078,24.987966537475586,57663883,0.0,0.0,GOOG
2014-12-18 00:00:00-05:00,25.38687317623009,25.43240532099234,24.9785643164784,25.295312881469727,58534266,0.0,0.0,GOOG
2014-12-19 00:00:00-05:00,25.315605026421405,25.622950333161143,25.087991619073403,25.555147171020508,73804074,0.0,0.0,GOOG
2014-12-22 00:00:00-05:00,25.541781727974794,26.055508732256172,25.541781727974794,25.976816177368164,54475152,0.0,0.0,GOOG
2014-12-23 00:00:00-05:00,26.08223279796566,26.45639110265916,26.04709215471021,26.25990867614746,43952341,0.0,0.0,GOOG
2014-12-24 00:00:00-05:00,26.255949731900515,26.31776675004812,26.083222536795898,26.16983413696289,14118657,0.0,0.0,GOOG
2014-12-26 00:00:00-05:00,26.16983162071206,26.44104801131469,26.097573888748798,26.430158615112305,20810980,0.0,0.0,GOOG
2014-12-29 00:00:00-05:00,26.339096090997707,26.501924001358134,26.231252819785603,26.247039794921875,45570772,0.0,0.0,GOOG
2014-12-30 00:00:00-05:00,26.136176026082314,26.287620411126337,26.08866365382058,26.25149154663086,17525986,0.0,0.0,GOOG
2014-12-31 00:00:00-05:00,26.292576079506574,26.359391016685507,26.022843877104407,26.052539825439453,27364925,0.0,0.0,GOOG
2015-01-02 00:00:00-05:00,26.18171046518221,26.293563425180242,25.93870577778741,25.973844528198242,28951268,0.0,0.0,GOOG
2015-01-05 00:00:00-05:00,25.897135925515368,25.95009300790314,25.39231992983995,25.43240737915039,41196796,0.0,0.0,GOOG
2015-01-06 00:00:00-05:00,25.488329348959635,25.546483119696987,24.79791849875994,24.842954635620117,57998800,0.0,0.0,GOOG
2015-01-07 00:00:00-05:00,25.09239536661254,25.104471768776605,24.72863043119614,24.80039405822754,41301082,0.0,0.0,GOOG
2015-01-08 00:00:00-05:00,24.646470553752845,24.918181051759053,24.300522090620387,24.87858772277832,67071641,0.0,0.0,GOOG
2015-01-09 00:00:00-05:00,24.981535487791785,24.989452640327688,24.48810113311393,24.556400299072266,41427428,0.0,0.0,GOOG
2015-01-12 00:00:00-05:00,24.495523209022753,24.546797276655266,24.130272149705686,24.37723731994629,46535413,0.0,0.0,GOOG
2015-01-13 00:00:00-05:00,24.688542046929324,24.893437650746673,24.369319126152455,24.556894302368164,47409807,0.0,0.0,GOOG
2015-01-14 00:00:00-05:00,24.48117159689095,24.905810769814128,24.39950868840014,24.789011001586914,44714427,0.0,0.0,GOOG
2015-01-15 00:00:00-05:00,25.02162047419548,25.027065172534495,24.63508854141728,24.83454132080078,54316718,0.0,0.0,GOOG
2015-01-16 00:00:00-05:00,24.746443861418143,25.151288203838778,24.745947856247557,25.145843505859375,45965854,0.0,0.0,GOOG
2015-01-20 00:00:00-05:00,25.29036154068997,25.364597614269712,25.043693619157004,25.087444305419922,44640224,0.0,0.0,GOOG
2015-01-21 00:00:00-05:00,25.10477040885701,25.700158461709435,25.052803445681647,25.6387882232666,45374234,0.0,0.0,GOOG
2015-01-22 00:00:00-05:00,25.80903901276364,26.54399385329427,25.720945071744904,26.447978973388672,53538588,0.0,0.0,GOOG
2015-01-23 00:00:00-05:00,26.507369064617308,26.83302488981985,26.37918389838782,26.72315216064453,45634948,0.0,0.0,GOOG
2015-01-26 00:00:00-05:00,26.652875671617547,26.676136802874257,26.214378641824,26.488561630249023,30874534,0.0,0.0,GOOG
2015-01-27 00:00:00-05:00,26.229223389778692,26.265354151354362,25.646209015409116,25.667985916137695,38080263,0.0,0.0,GOOG
2015-01-28 00:00:00-05:00,25.873378438482636,25.88377183057916,25.24087142944336,25.24087142944336,33676205,0.0,0.0,GOOG
2015-01-29 00:00:00-05:00,25.290361073533216,25.294813761209095,24.805339952280924,25.27353286743164,83727244,0.0,0.0,GOOG
2015-01-30 00:00:00-05:00,25.53089426372995,26.719194061633104,25.514066055740642,26.45441246032715,112127002,0.0,0.0,GOOG
2015-02-02 00:00:00-05:00,26.31633093301896,26.37918539980697,25.664027235043704,26.15548324584961,56996054,0.0,0.0,GOOG
2015-02-03 00:00:00-05:00,26.131724021104986,26.398979958201462,25.89713248819256,26.19309425354004,40773638,0.0,0.0,GOOG
2015-02-04 00:00:00-05:00,26.193095985442792,26.362953170210506,25.798646869401445,25.87238883972168,33273101,0.0,0.0,GOOG
2015-02-05 00:00:00-05:00,25.923363851359532,26.156471153875355,25.83922660153243,26.110937118530273,36995292,0.0,0.0,GOOG
2015-02-06 00:00:00-05:00,26.113908579218332,26.587050238905025,26.053032456537004,26.280200958251953,35270570,0.0,0.0,GOOG
2015-02-09 00:00:00-05:00,26.13172324593803,26.329691792860846,26.033730036292727,26.123310089111328,25355423,0.0,0.0,GOOG
2015-02-10 00:00:00-05:00,26.196061834675948,26.611795592304738,26.078271960105003,26.574180603027344,34997823,0.0,0.0,GOOG
2015-02-11 00:00:00-05:00,26.493014136467572,26.64891500803467,26.39789094044134,26.526174545288086,27555446,0.0,0.0,GOOG
2015-02-12 00:00:00-05:00,26.589527876162382,26.964180334044542,26.461986372225923,26.87063980102539,32404724,0.0,0.0,GOOG
2015-02-13 00:00:00-05:00,26.89142328944435,27.216088956600476,26.880533893733208,27.171546936035156,38006060,0.0,0.0,GOOG
2015-02-17 00:00:00-05:00,27.06365870027936,27.220547807186694,26.77957454044964,26.866186141967773,32336537,0.0,0.0,GOOG
2015-02-18 00:00:00-05:00,26.794918351667746,26.99733960218584,26.60239259488307,26.71078109741211,29061570,0.0,0.0,GOOG
2015-02-19 00:00:00-05:00,26.62862393494129,26.879547680660078,26.62713970554673,26.8676700592041,19782163,0.0,0.0,GOOG
2015-02-20 00:00:00-05:00,26.88053609598724,26.911222158146934,26.51775940727021,26.673660278320312,28887092,0.0,0.0,GOOG
2015-02-23 00:00:00-05:00,26.530132855967732,26.549386187455156,26.201506695406554,26.325237274169922,29157834,0.0,0.0,GOOG
2015-02-24 00:00:00-05:00,26.230711334097563,26.566762487614174,26.144101617281905,26.53211784362793,20101036,0.0,0.0,GOOG
2015-02-25 00:00:00-05:00,26.522710952291927,27.03346759252031,26.500191936770648,26.91716194152832,36519991,0.0,0.0,GOOG
2015-02-26 00:00:00-05:00,26.884498409739233,27.524428460156592,26.79986704340472,27.491762161254883,46230579,0.0,0.0,GOOG
2015-02-27 00:00:00-05:00,27.43039055507155,27.94857019038701,27.364069740991212,27.636276245117188,48203982,0.0,0.0,GOOG
2015-03-02 00:00:00-05:00,27.741695027018952,28.316790322933638,27.653599205083474,28.276702880859375,42592618,0.0,0.0,GOOG
2015-03-03 00:00:00-05:00,28.2326542432167,28.47714314456204,28.038150168593635,28.390533447265625,34095352,0.0,0.0,GOOG
2015-03-04 00:00:00-05:00,28.30293259530306,28.56226947615815,28.111894871671716,28.37717056274414,37536775,0.0,0.0,GOOG
2015-03-05 00:00:00-05:00,28.458832429090155,28.601865563263097,28.379151654214173,28.47417640686035,27792094,0.0,0.0,GOOG
2015-03-06 00:00:00-05:00,28.45190767672363,28.540993632046394,28.050033600093023,28.095813751220703,33182854,0.0,0.0,GOOG
2015-03-09 00:00:00-04:00,28.05497987744902,28.223748497953903,27.89042162198169,28.153470993041992,21242161,0.0,0.0,GOOG
2015-03-10 00:00:00-04:00,27.925807496874565,27.955501549721944,27.45464418896573,27.468502044677734,35846146,0.0,0.0,GOOG
2015-03-11 00:00:00-04:00,27.47493423904803,27.62341017879839,27.254200563943048,27.278945922851562,36415706,0.0,0.0,GOOG
2015-03-12 00:00:00-04:00,27.394266552820167,27.53581168831443,27.24331435567744,27.493249893188477,27792094,0.0,0.0,GOOG
2015-03-13 00:00:00-04:00,27.393766935144612,27.636277506929524,26.934483160511437,27.087907791137695,34071287,0.0,0.0,GOOG
2015-03-16 00:00:00-04:00,27.267562544882093,27.559565732631754,27.02257762174876,27.443754196166992,32819860,0.0,0.0,GOOG
2015-03-17 00:00:00-04:00,27.30517899842508,27.408616914344403,27.121564297537436,27.262121200561523,36110871,0.0,0.0,GOOG
2015-03-18 00:00:00-04:00,27.344276992712242,27.704579368331956,27.07207234275031,27.69072151184082,42690887,0.0,0.0,GOOG
2015-03-19 00:00:00-04:00,27.68527325075196,27.75505663632476,27.524671694953213,27.615985870361328,23945563,0.0,0.0,GOOG
2015-03-20 00:00:00-04:00,27.797128563231638,27.80059302720248,27.66844928423581,27.7332820892334,52337299,0.0,0.0,GOOG
2015-03-23 00:00:00-04:00,27.736749113051232,27.832267984007853,27.509084602801895,27.656570434570312,32876014,0.0,0.0,GOOG
2015-03-24 00:00:00-04:00,27.84216292784366,28.43755090137257,27.775349892505268,28.219785690307617,51665459,0.0,0.0,GOOG
2015-03-25 00:00:00-04:00,28.235128521065903,28.32223422332447,27.65310431413129,27.655330657958984,43045859,0.0,0.0,GOOG
2015-03-26 00:00:00-04:00,27.596187663525384,27.661022356998778,27.25271353624772,27.47641944885254,31452115,0.0,0.0,GOOG
2015-03-27 00:00:00-04:00,27.369022546714252,27.481863733168478,27.127996195679607,27.138389587402344,37949906,0.0,0.0,GOOG
2015-03-30 00:00:00-04:00,27.30072364007657,27.392283931872456,27.12997668288414,27.321016311645508,25750504,0.0,0.0,GOOG
2015-03-31 00:00:00-04:00,27.2205462874368,27.453653590665485,27.058212490883076,27.121562957763672,31760961,0.0,0.0,GOOG
2015-04-01 00:00:00-04:00,27.151257576596628,27.276966502561876,26.7008810507498,26.852327346801758,39261497,0.0,0.0,GOOG
2015-04-02 00:00:00-04:00,26.76769570951711,26.76769570951711,26.42110354657176,26.504398345947266,34327989,0.0,0.0,GOOG
2015-04-06 00:00:00-04:00,26.340579085398254,26.64693423082376,26.20942546839209,26.565519332885742,26488525,0.0,0.0,GOOG
2015-04-07 00:00:00-04:00,26.630603222461662,26.85875994131742,26.527659422821618,26.578140258789062,26057345,0.0,0.0,GOOG
2015-04-08 00:00:00-04:00,26.645449838259005,26.91617022737166,26.645449838259005,26.805307388305664,23570536,0.0,0.0,GOOG
2015-04-09 00:00:00-04:00,26.77660436926291,26.822138407596878,26.502421380826586,26.764232635498047,31157308,0.0,0.0,GOOG
2015-04-10 00:00:00-04:00,26.838963087795975,26.838963087795975,26.592493933897263,26.72612190246582,28189181,0.0,0.0,GOOG
2015-04-13 00:00:00-04:00,26.646932423547817,26.926561957305033,26.59249112460088,26.684545516967773,32906096,0.0,0.0,GOOG
2015-04-14 00:00:00-04:00,26.54003248754941,26.605361295001444,26.136278572686102,26.250009536743164,52082601,0.0,0.0,GOOG
2015-04-15 00:00:00-04:00,26.166367298915272,26.464803395342926,25.89515279999164,26.355920791625977,46376979,0.0,0.0,GOOG
2015-04-16 00:00:00-04:00,26.225759493229173,26.507369299997556,26.211407525221276,26.418777465820312,25997180,0.0,0.0,GOOG
2015-04-17 00:00:00-04:00,26.164390253679453,26.222790138383512,25.785777334143372,25.936233520507812,43037837,0.0,0.0,GOOG
2015-04-20 00:00:00-04:00,26.012945781159797,26.53211560557473,25.958504472795102,26.496976852416992,33585958,0.0,0.0,GOOG
2015-04-21 00:00:00-04:00,26.602392336577008,26.69543875264382,26.412590824122823,26.42719268798828,36895018,0.0,0.0,GOOG
2015-04-22 00:00:00-04:00,26.448473468203517,26.779079883507862,26.317319841801552,26.69420051574707,31871263,0.0,0.0,GOOG
2015-04-23 00:00:00-04:00,26.775121078422803,27.268059398675238,26.737011974856166,27.072071075439453,83697161,0.0,0.0,GOOG
2015-04-24 00:00:00-04:00,28.017365652352442,28.266805159856716,27.5793627581653,27.96589469909668,98650102,0.0,0.0,GOOG
2015-04-27 00:00:00-04:00,27.959798649162074,28.08684603854636,27.454091011002113,27.561782836914062,47960000,0.0,1.0027455,GOOG
2015-04-28 00:00:00-04:00,27.5255559111676,27.59404249900625,27.31344551233881,27.47791290283203,29820000,0.0,0.0,GOOG
2015-04-29 00:00:00-04:00,27.318603017799532,27.477907758915208,27.141678734620307,27.24962043762207,33976000,0.0,0.0,GOOG
2015-04-30 00:00:00-04:00,27.189573465167296,27.225306666204713,26.553346423777004,26.666994094848633,41644000,0.0,0.0,GOOG
2015-05-01 00:00:00-04:00,26.721085692193764,26.776172560034222,26.406942122572396,26.69478416442871,35364000,0.0,0.0,GOOG
2015-05-04 00:00:00-04:00,26.726051482135674,27.00098983621262,26.553843006908753,26.83771324157715,26160000,0.0,0.0,GOOG
2015-05-05 00:00:00-04:00,26.71017261574927,26.786103074391296,26.32213366821122,26.342432022094727,27662000,0.0,0.0,GOOG
2015-05-06 00:00:00-04:00,26.364263639098752,26.420838524008754,25.860293943367346,26.01587677001953,31340000,0.0,0.0,GOOG
2015-05-07 00:00:00-04:00,26.004464021094545,26.474440374448026,25.893298259551123,26.337467193603516,30926000,0.0,0.0,GOOG
2015-05-08 00:00:00-04:00,26.63275218242336,26.856077601165694,26.054588013109825,26.71066665649414,30552000,0.0,0.0,GOOG
2015-05-11 00:00:00-04:00,26.71810902531629,26.897265342835944,26.570714078329715,26.585601806640625,18106000,0.0,0.0,GOOG
2015-05-12 00:00:00-04:00,26.382130471372733,26.46198163511388,26.067490874354906,26.255083084106445,32684000,0.0,0.0,GOOG
2015-05-13 00:00:00-04:00,26.33051789356233,26.517218432358497,26.23597777952342,26.28386878967285,25046000,0.0,0.0,GOOG
2015-05-14 00:00:00-04:00,26.48981962013835,26.74937421236589,26.422326944849118,26.71959686279297,28078000,0.0,0.0,GOOG
2015-05-15 00:00:00-04:00,26.758308137670383,26.762972858565345,26.321583109628293,26.493791580200195,39426000,0.0,0.0,GOOG
2015-05-18 00:00:00-04:00,26.40247457990096,26.541927759244697,26.24564986063626,26.416866302490234,40068000,0.0,0.0,GOOG
2015-05-19 00:00:00-04:00,26.50024338604702,26.831758511285642,26.453594284032864,26.667985916137695,39338000,0.0,0.0,GOOG
2015-05-20 00:00:00-04:00,26.724066187000282,26.94391767430623,26.450220173995092,26.762775421142578,28616000,0.0,0.0,GOOG
2015-05-21 00:00:00-04:00,26.697263503968543,26.9895714782783,26.599497473455507,26.923566818237305,29254000,0.0,0.0,GOOG
2015-05-22 00:00:00-04:00,26.806448361199838,27.006944283865845,26.774686987013602,26.80446434020996,23524000,0.0,0.0,GOOG
2015-05-26 00:00:00-04:00,26.705704002364126,26.749377074447352,26.29677039962965,26.417861938476562,48130000,0.0,0.0,GOOG
2015-05-27 00:00:00-04:00,26.441681100500084,26.82629716035731,26.387588136863673,26.7885799407959,30500000,0.0,0.0,GOOG
2015-05-28 00:00:00-04:00,26.700241888213576,26.829275179381593,26.612897644623406,26.788084030151367,20596000,0.0,0.0,GOOG
2015-05-29 00:00:00-04:00,26.668480895424622,26.731011627953826,26.374684896318502,26.407438278198242,51948000,0.0,0.0,GOOG
2015-06-01 00:00:00-04:00,26.639695301923947,26.639695301923947,26.29081246277373,26.500736236572266,38086000,0.0,0.0,GOOG
2015-06-02 00:00:00-04:00,26.44813475836086,26.94788653177511,26.36873037910223,26.75830841064453,38780000,0.0,0.0,GOOG
2015-06-03 00:00:00-04:00,26.79453859946637,26.972701034237932,26.65557951080676,26.814388275146484,34340000,0.0,0.0,GOOG
2015-06-04 00:00:00-04:00,26.687837862966227,26.828283069376845,26.517117405956864,26.635231018066406,26966000,0.0,0.0,GOOG
2015-06-05 00:00:00-04:00,26.617862049630023,26.660047106304393,26.427787917997684,26.467987060546875,27764000,0.0,0.0,GOOG
2015-06-08 00:00:00-04:00,26.466996089749234,26.507193340727685,26.11612726728692,26.14540672302246,30412000,0.0,0.0,GOOG
2015-06-09 00:00:00-04:00,26.181631498803263,26.263019890655954,25.955824194329722,26.13845443725586,29106000,0.0,0.0,GOOG
2015-06-10 00:00:00-04:00,26.270964490959972,26.717613416915288,26.27046848572704,26.634735107421875,36300000,0.0,0.0,GOOG
2015-06-11 00:00:00-04:00,26.720839520261684,26.74838295606894,26.452601024413564,26.531509399414062,24350000,0.0,0.0,GOOG
2015-06-12 00:00:00-04:00,26.382130549399058,26.457564994972444,26.310666038884833,26.418359756469727,19116000,0.0,0.0,GOOG
2015-06-15 00:00:00-04:00,26.203468101494,26.218357723199443,26.004958112534343,26.163766860961914,32654000,0.0,0.0,GOOG
2015-06-16 00:00:00-04:00,26.223320407380392,26.284859130431588,26.082377307877575,26.210912704467773,21436000,0.0,0.0,GOOG
2015-06-17 00:00:00-04:00,26.271460591562217,26.35136097679835,26.059548981047072,26.266000747680664,25884000,0.0,0.0,GOOG
2015-06-18 00:00:00-04:00,26.352350644351603,26.707189350061622,26.34192885589955,26.63671875,36662000,0.0,0.0,GOOG
2015-06-19 00:00:00-04:00,26.660542524732264,26.7121554662033,26.452104844766655,26.634735107421875,37870000,0.0,0.0,GOOG
2015-06-22 00:00:00-04:00,26.77865561145297,26.984611368060165,26.676421740984157,26.709177017211914,25006000,0.0,0.0,GOOG
2015-06-23 00:00:00-04:00,26.781139226314075,26.873396203668904,26.563273651107412,26.822826385498047,23950000,0.0,0.0,GOOG
2015-06-24 00:00:00-04:00,26.79900452176099,26.79900452176099,26.583620868866173,26.691808700561523,25732000,0.0,0.0,GOOG
2015-06-25 00:00:00-04:00,26.742923070051955,26.843667027053474,26.56227684020996,26.56227684020996,26714000,0.0,0.0,GOOG
2015-06-26 00:00:00-04:00,26.663024944750642,26.687838458911397,26.36972303570224,26.3865966796875,42182000,0.0,0.0,GOOG
2015-06-29 00:00:00-04:00,26.05508027252566,26.23374058183423,25.833244794585596,25.881879806518555,38756000,0.0,0.0,GOOG
2015-06-30 00:00:00-04:00,26.105206917119617,26.11662071650879,25.831260586582086,25.831756591796875,44344000,0.0,0.0,GOOG
2015-07-01 00:00:00-04:00,26.041187323722706,26.088830330357357,25.718607858193902,25.897762298583984,39220000,0.0,0.0,GOOG
2015-07-02 00:00:00-04:00,25.86004589595944,26.037216308057232,25.86004589595944,25.975181579589844,24718000,0.0,0.0,GOOG
2015-07-06 00:00:00-04:00,25.781632805483216,26.06699292704751,25.756819293423195,25.948381423950195,25610000,0.0,0.0,GOOG
2015-07-07 00:00:00-04:00,25.961782130334914,26.113147020787245,25.56724216198026,26.055578231811523,31944000,0.0,0.0,GOOG
2015-07-08 00:00:00-04:00,25.858553810394646,25.942126895650503,25.613392841597538,25.649124145507812,25934000,0.0,0.0,GOOG
2015-07-09 00:00:00-04:00,25.961284320112636,25.993541695467222,25.82381515795536,25.840192794799805,36846000,0.0,0.0,GOOG
2015-07-10 00:00:00-04:00,26.11860916184972,26.429774845150362,26.081883947749617,26.309179306030273,39134000,0.0,0.0,GOOG
2015-07-13 00:00:00-04:00,26.445653287629167,27.151856837724353,26.42183367728231,27.124065399169922,44130000,0.0,0.0,GOOG
2015-07-14 00:00:00-04:00,27.134487938249897,28.08183335901995,27.132007911988858,27.84615135192871,64882000,0.0,0.0,GOOG
2015-07-15 00:00:00-04:00,27.798009035696843,28.114286179245703,27.632252429961532,27.802474975585938,35692000,0.0,0.0,GOOG
2015-07-16 00:00:00-04:00,28.045651560894623,28.817859696873313,28.039695712355318,28.776668548583984,95366000,0.0,0.0,GOOG
2015-07-17 00:00:00-04:00,32.2084347796004,33.47235462693699,32.00992287274207,33.396026611328125,223298000,0.0,0.0,GOOG
2015-07-20 00:00:00-04:00,32.7166207537647,33.19503102686359,32.40743912704662,32.904212951660156,117218000,0.0,0.0,GOOG
2015-07-21 00:00:00-04:00,32.51662367432456,33.39950165845655,32.47146069257796,32.86848449707031,67544000,0.0,0.0,GOOG
2015-07-22 00:00:00-04:00,32.798500324167016,33.679394131971286,32.70470612677035,32.858551025390625,78586000,0.0,0.0,GOOG
2015-07-23 00:00:00-04:00,32.81735870379724,32.93448028478205,31.81140347796119,31.974184036254883,60582000,0.0,0.0,GOOG
2015-07-24 00:00:00-04:00,32.1091702276738,32.167236907713914,30.894283215128773,30.94589614868164,72514000,0.0,0.0,GOOG
2015-07-27 00:00:00-04:00,30.81885457512733,31.47890504248779,30.79404106057501,31.129526138305664,53508000,0.0,0.0,GOOG
2015-07-28 00:00:00-04:00,31.405949447043778,31.405949447043778,30.933493133597004,31.16624641418457,34546000,0.0,0.0,GOOG
2015-07-29 00:00:00-04:00,31.20595133459531,31.43225277421784,30.90073962780574,31.361286163330078,31502000,0.0,0.0,GOOG
2015-07-30 00:00:00-04:00,31.2655018550058,31.524558552326717,30.870961906975865,31.3940372467041,29484000,0.0,0.0,GOOG
2015-07-31 00:00:00-04:00,31.33399008268344,31.4099205306011,31.042178095736297,31.047637939453125,34122000,0.0,0.0,GOOG
2015-08-03 00:00:00-04:00,31.034236011553975,31.417163372789712,31.034236011553975,31.325550079345703,26090000,0.0,0.0,GOOG
2015-08-04 00:00:00-04:00,31.187093681411476,31.504215212535946,31.12456294191508,31.22828483581543,29818000,0.0,0.0,GOOG
2015-08-05 00:00:00-04:00,31.480394607168137,32.151860800917675,31.42233169965578,31.949377059936523,46686000,0.0,0.0,GOOG
2015-08-06 00:00:00-04:00,32.009918685120084,32.028729019558156,31.377163721293915,31.8947811126709,31452000,0.0,0.0,GOOG
2015-08-07 00:00:00-04:00,31.773195078633766,31.89478071711694,31.251109860672635,31.528528213500977,28078000,0.0,0.0,GOOG
2015-08-10 00:00:00-04:00,31.735978904519342,31.932504900247537,31.327492062104245,31.450618743896484,36184000,0.0,0.0,GOOG
2015-08-11 00:00:00-04:00,33.2109124410076,33.49379066088468,32.4699714972678,32.79304885864258,100584000,0.0,0.0,GOOG
2015-08-12 00:00:00-04:00,32.90719431659846,33.002480339757675,32.371709281339086,32.732505798339844,58734000,0.0,0.0,GOOG
2015-08-13 00:00:00-04:00,32.72069079792512,32.97766317180094,32.340493300535044,32.57815933227539,36214000,0.0,0.0,GOOG
2015-08-14 00:00:00-04:00,32.50669433697847,32.74713949512706,32.390068742349904,32.61140823364258,21442000,0.0,0.0,GOOG
2015-08-17 00:00:00-04:00,32.59552812803517,32.8228234657589,32.319597774851744,32.79751205444336,21034000,0.0,0.0,GOOG
2015-08-18 00:00:00-04:00,32.8486289513891,32.95284683553377,32.4297696077559,32.56227493286133,29122000,0.0,0.0,GOOG
2015-08-19 00:00:00-04:00,32.5856039555013,33.10172956391123,32.46599854560898,32.79899978637695,42682000,0.0,0.0,GOOG
2015-08-20 00:00:00-04:00,32.529025781931814,32.90272596003465,31.905702457038124,32.100738525390625,57106000,0.0,0.0,GOOG
2015-08-21 00:00:00-04:00,31.750860943707295,31.76425876299522,30.388578932643277,30.39602279663086,85304000,0.0,0.0,GOOG
2015-08-24 00:00:00-04:00,28.436718805659787,29.743418022477567,28.042178846107912,29.261035919189453,115406000,0.0,0.0,GOOG
2015-08-25 00:00:00-04:00,30.51662136055824,30.642674842045373,28.83920172353988,28.886348724365234,70760000,0.0,0.0,GOOG
2015-08-26 00:00:00-04:00,30.290316360975844,31.35036656130228,29.7295218999777,31.1970157623291,84718000,0.0,0.0,GOOG
2015-08-27 00:00:00-04:00,31.732003572361105,31.939945238896094,30.86848121366697,31.643171310424805,69826000,0.0,0.0,GOOG
2015-08-28 00:00:00-04:00,31.405456226288337,31.606944158690993,30.995530608595207,31.28436279296875,39574000,0.0,0.0,GOOG
2015-08-31 00:00:00-04:00,31.1434193843463,31.553344973175623,30.654089419366358,30.682376861572266,43534000,0.0,0.0,GOOG
2015-09-01 00:00:00-04:00,29.893791520220717,30.414882865218292,29.483865924950692,29.6669921875,74042000,0.0,0.0,GOOG
2015-09-02 00:00:00-04:00,30.054085865730205,30.48832893371582,29.76227579624036,30.48832893371582,51512000,0.0,0.0,GOOG
2015-09-03 00:00:00-04:00,30.620342537311277,30.754833784015112,29.916670158651982,30.086843490600586,35192000,0.0,0.0,GOOG
2015-09-04 00:00:00-04:00,29.77666970005061,29.948878167063363,29.540938488851747,29.81140899658203,41780000,0.0,0.0,GOOG
2015-09-08 00:00:00-04:00,30.396521511998568,30.58609963059343,29.981136068849622,30.504213333129883,45590000,0.0,0.0,GOOG
2015-09-09 00:00:00-04:00,30.829773404429226,31.092800059026505,30.25309727074043,30.407936096191406,34042000,0.0,0.0,GOOG
2015-09-10 00:00:00-04:00,30.42679400554642,30.975676777918633,30.343915699987818,30.83622169494629,38106000,0.0,0.0,GOOG
2015-09-11 00:00:00-04:00,30.75681838142332,31.05607423703804,30.64118668970436,31.055578231811523,27470000,0.0,0.0,GOOG
2015-09-14 00:00:00-04:00,31.052104834065403,31.060044704125126,30.74093916823421,30.930021286010742,34046000,0.0,0.0,GOOG
2015-09-15 00:00:00-04:00,31.10173234668663,31.69726615289722,30.956819303513203,31.520591735839844,41688000,0.0,0.0,GOOG
2015-09-16 00:00:00-04:00,31.53696732242825,31.660042874863507,31.380638596245085,31.56227684020996,25730000,0.0,0.0,GOOG
2015-09-17 00:00:00-04:00,31.652103828718037,32.30272258871117,31.514634655854124,31.905702590942383,45494000,0.0,0.0,GOOG
2015-09-18 00:00:00-04:00,31.602479155423033,31.761783928875733,31.117615081971035,31.22828483581543,102668000,0.0,0.0,GOOG
2015-09-21 00:00:00-04:00,31.483867555083428,31.58758944871073,31.064018034834323,31.535480499267578,35770000,0.0,0.0,GOOG
2015-09-22 00:00:00-04:00,31.11661892636908,31.143914357248885,30.542424760654207,30.90272331237793,51258000,0.0,0.0,GOOG
2015-09-23 00:00:00-04:00,30.870963082828165,31.21240209089551,30.769225219760663,30.8863468170166,29418000,0.0,0.0,GOOG
2015-09-24 00:00:00-04:00,30.602477191787592,31.1325004210136,30.392055495438207,31.05706787109375,44802000,0.0,0.0,GOOG
2015-09-25 00:00:00-04:00,31.254086101887683,31.254086101887683,30.322571368053424,30.370710372924805,43480000,0.0,0.0,GOOG
2015-09-28 00:00:00-04:00,30.28981957039971,30.50148126544612,29.24962096399895,29.523069381713867,62554000,0.0,0.0,GOOG
2015-09-29 00:00:00-04:00,29.64168398074317,30.02481016596885,29.29131117973288,29.52704429626465,46190000,0.0,0.0,GOOG
2015-09-30 00:00:00-04:00,29.93944942678706,30.211409852742523,29.81289993924107,30.194536209106445,48268000,0.0,0.0,GOOG
2015-10-01 00:00:00-04:00,30.19205443661584,30.37666870917105,29.769225146006118,30.33696746826172,37352000,0.0,0.0,GOOG
2015-10-02 00:00:00-04:00,30.133990082547374,31.133493589907726,29.932004266041517,31.112154006958008,53696000,0.0,0.0,GOOG
2015-10-05 00:00:00-04:00,31.364759563946183,31.91116232378943,31.116620646340834,31.834735870361328,36072000,0.0,0.0,GOOG
2015-10-06 00:00:00-04:00,31.704217820648392,32.22084520601984,31.589578121861074,32.031761169433594,43326000,0.0,0.0,GOOG
2015-10-07 00:00:00-04:00,32.22034719171078,32.28828476869315,31.372206574868883,31.87890625,41854000,0.0,0.0,GOOG
2015-10-08 00:00:00-04:00,31.82927449774736,31.982623402459307,31.04515464706674,31.7200927734375,43642000,0.0,0.0,GOOG
2015-10-09 00:00:00-04:00,31.76178261423614,32.05905256374491,31.52942498404643,31.94093894958496,32974000,0.0,0.0,GOOG
2015-10-12 00:00:00-04:00,31.865504790630897,32.18361832197208,31.71265187681294,32.09280014038086,25504000,0.0,0.0,GOOG
2015-10-13 00:00:00-04:00,31.918109167776755,32.64574880479432,31.918109167776755,32.3722038269043,36154000,0.0,0.0,GOOG
2015-10-14 00:00:00-04:00,32.417365922565516,32.72406755073955,32.20099025814245,32.31562805175781,28310000,0.0,0.0,GOOG
2015-10-15 00:00:00-04:00,32.489325821456845,32.90967320024922,32.47939814461891,32.84069061279297,37714000,0.0,0.0,GOOG
2015-10-16 00:00:00-04:00,32.95831158930779,33.000990759702034,32.61538263776615,32.863521575927734,32222000,0.0,0.0,GOOG
2015-10-19 00:00:00-04:00,32.81289698813525,33.09279917959269,32.73349450105978,33.05706787109375,29546000,0.0,0.0,GOOG
2015-10-20 00:00:00-04:00,32.954835476669125,32.9885827657378,31.969973493696656,32.27195739746094,49964000,0.0,0.0,GOOG
2015-10-21 00:00:00-04:00,32.46401595011995,32.549374286217954,31.84763668068833,31.891311645507812,35822000,0.0,0.0,GOOG
2015-10-22 00:00:00-04:00,32.09428277579215,32.64515140852133,31.960785447778097,32.34688949584961,81420000,0.0,0.0,GOOG
2015-10-23 00:00:00-04:00,36.10420921974331,36.22827866723384,34.813887723101644,34.83869934082031,133078000,0.0,0.0,GOOG
2015-10-26 00:00:00-04:00,34.81636349419704,35.689813357952815,34.80197177324122,35.37368392944336,54332000,0.0,0.0,GOOG
2015-10-27 00:00:00-04:00,35.10570261719741,35.415380273317034,34.96525740698032,35.160789489746094,44916000,0.0,0.0,GOOG
2015-10-28 00:00:00-04:00,35.10322326438328,35.38361768495184,34.892303656089545,35.38212966918945,43578000,0.0,0.0,GOOG
2015-10-29 00:00:00-04:00,35.26054541269647,35.64565375164805,35.23622600908147,35.57915496826172,29120000,0.0,0.0,GOOG
2015-10-30 00:00:00-04:00,35.52009176690267,35.63274931688685,35.23820556878569,35.27592468261719,38176000,0.0,0.0,GOOG
2015-11-02 00:00:00-05:00,35.28833245000141,35.81240171251794,35.02976985522646,35.78709030151367,37726000,0.0,0.0,GOOG
2015-11-03 00:00:00-05:00,35.67543028178916,35.96277255171653,35.46997052509739,35.839202880859375,31308000,0.0,0.0,GOOG
2015-11-04 00:00:00-05:00,35.83126133783705,36.3821300862551,35.82630128518444,36.13448715209961,34134000,0.0,0.0,GOOG
2015-11-05 00:00:00-05:00,36.20197938201973,36.698753233890756,36.20197938201973,36.29031753540039,37232000,0.0,0.0,GOOG
2015-11-06 00:00:00-05:00,36.30272489749993,36.4967689581934,36.07989360206134,36.41488265991211,30232000,0.0,0.0,GOOG
2015-11-09 00:00:00-05:00,36.23820449639933,36.46202779081635,35.7037153477529,35.97468185424805,41396000,0.0,0.0,GOOG
2015-11-10 00:00:00-05:00,35.950368835043555,36.25756267502318,35.65756293328786,36.1449089050293,32160000,0.0,0.0,GOOG
2015-11-11 00:00:00-05:00,36.35036799097904,36.77418742132852,36.23969824398583,36.496273040771484,27328000,0.0,0.0,GOOG
2015-11-12 00:00:00-05:00,36.27790620759486,36.61537526104547,36.16103451294037,36.28932189941406,36744000,0.0,0.0,GOOG
2015-11-13 00:00:00-05:00,36.18708609426327,36.285348123512335,35.569714912189575,35.58311462402344,41510000,0.0,0.0,GOOG
2015-11-16 00:00:00-05:00,35.513639842847375,36.20296970949171,35.3017320291909,36.17667007446289,38118000,0.0,0.0,GOOG
2015-11-17 00:00:00-05:00,36.19304916393739,36.319848553352664,35.88222803829945,35.995033264160156,30218000,0.0,0.0,GOOG
2015-11-18 00:00:00-05:00,36.1081805676859,36.79453056117573,36.07939333634017,36.72455596923828,33686000,0.0,0.0,GOOG
2015-11-19 00:00:00-05:00,36.66202851566143,36.823813300356306,36.597013969615524,36.645652770996094,26542000,0.0,0.0,GOOG
2015-11-20 00:00:00-05:00,37.048631924913074,37.613892390938666,36.87344741116427,37.54838562011719,44246000,0.0,0.0,GOOG
2015-11-23 00:00:00-05:00,37.59056305375395,37.85150342924722,37.31115689752036,37.517608642578125,28290000,0.0,0.0,GOOG
2015-11-24 00:00:00-05:00,37.32009135796941,37.48282271850297,36.606941872022865,37.13547897338867,46662000,0.0,0.0,GOOG
2015-11-25 00:00:00-05:00,37.12853612972556,37.32009639952421,37.02531023611339,37.129032135009766,22442000,0.0,0.0,GOOG
2015-11-27 00:00:00-05:00,37.14440779193258,37.39006666097351,37.09626878573683,37.23373794555664,16770000,0.0,0.0,GOOG
2015-11-30 00:00:00-05:00,37.16178544206001,37.46550728800456,36.7875929793218,36.853599548339844,41952000,0.0,0.0,GOOG
2015-12-01 00:00:00-05:00,37.07741041302642,38.16128020162459,37.05706284125127,38.06649398803711,42692000,0.0,0.0,GOOG
2015-12-02 00:00:00-05:00,38.15879747000296,38.508920316338546,37.66549951675457,37.83522415161133,44608000,0.0,0.0,GOOG
2015-12-03 00:00:00-05:00,38.01537188840113,38.16351083092641,37.00396059426379,37.346885681152344,51812000,0.0,0.0,GOOG
2015-12-04 00:00:00-05:00,37.374686160408324,38.13845854938219,37.22084122828068,38.055084228515625,55146000,0.0,0.0,GOOG
2015-12-07 00:00:00-05:00,38.102725846149696,38.15036885437532,37.4734466341898,37.8784065246582,36246000,0.0,0.0,GOOG
2015-12-08 00:00:00-05:00,37.61240435308607,37.95533330150462,37.42927618270911,37.83473587036133,36590000,0.0,0.0,GOOG
2015-12-09 00:00:00-05:00,37.67591983667693,37.92703475569815,36.575723591618704,37.30073547363281,54000000,0.0,0.0,GOOG
2015-12-10 00:00:00-05:00,37.36227881954174,37.51115989903572,36.91463599801292,37.19403839111328,39768000,0.0,0.0,GOOG
2015-12-11 00:00:00-05:00,36.782121866345676,37.00792916039392,36.56326621708553,36.66847610473633,44488000,0.0,0.0,GOOG
2015-12-14 00:00:00-05:00,36.81339830330879,37.1578152827213,35.938956139613914,37.110172271728516,48250000,0.0,0.0,GOOG
2015-12-15 00:00:00-05:00,37.36972151449509,37.621828467185466,36.87393969765876,36.89329147338867,53324000,0.0,0.0,GOOG
2015-12-16 00:00:00-05:00,37.220838062979716,37.74639535742673,36.69651888845119,37.6223258972168,39866000,0.0,0.0,GOOG
2015-12-17 00:00:00-05:00,37.83721357594649,37.85011728446831,37.17121107548575,37.19255065917969,31068000,0.0,0.0,GOOG
2015-12-18 00:00:00-05:00,37.04763588140042,37.42580009370656,36.63274835246324,36.69031524658203,62974000,0.0,0.0,GOOG
2015-12-21 00:00:00-05:00,37.028781970186685,37.22084202999825,36.724564136264945,37.110172271728516,30514000,0.0,0.0,GOOG
2015-12-22 00:00:00-05:00,37.30272675745655,37.461535525275394,36.99900494167426,37.22084045410156,27308000,0.0,0.0,GOOG
2015-12-23 00:00:00-05:00,37.39304987890845,37.42977320050905,36.92307541827602,37.23622512817383,31318000,0.0,0.0,GOOG
2015-12-24 00:00:00-05:00,37.19850839661029,37.28783856404282,37.053099345193395,37.14143371582031,10544000,0.0,0.0,GOOG
2015-12-28 00:00:00-05:00,37.36575215306692,37.865505830859604,37.19701949985719,37.84168243408203,30306000,0.0,0.0,GOOG
2015-12-29 00:00:00-05:00,38.04912553223249,38.70867997077677,38.036221823592406,38.54093933105469,35300000,0.0,0.0,GOOG
2015-12-30 00:00:00-05:00,38.54093771853485,38.59056474378993,38.05954762233193,38.26301956176758,25866000,0.0,0.0,GOOG
2015-12-31 00:00:00-05:00,38.18857480234715,38.18857480234715,37.63473011602601,37.661529541015625,30018000,0.0,0.0,GOOG
2016-01-04 00:00:00-05:00,36.873450513305926,36.92605357923204,36.290720011516626,36.815879821777344,65456000,0.0,0.0,GOOG
2016-01-05 00:00:00-05:00,37.04465634333568,37.320090685894435,36.65706424292037,36.85260009765625,39014000,0.0,0.0,GOOG
2016-01-06 00:00:00-05:00,36.228279022725054,37.080885425281096,36.17468017275222,36.90420913696289,38940000,0.0,0.0,GOOG
2016-01-07 00:00:00-05:00,36.24365806425234,36.6501096467666,35.68534561733928,36.04911804199219,59274000,0.0,0.0,GOOG
2016-01-08 00:00:00-05:00,36.30023637526437,36.388574516352975,35.38460705611669,35.457557678222656,49018000,0.0,0.0,GOOG
2016-01-11 00:00:00-05:00,35.56377182648305,35.675183699958055,34.9151332243165,35.53498458862305,41812000,0.0,0.0,GOOG
2016-01-12 00:00:00-05:00,35.8153776377121,36.166246422752735,35.59885053871225,36.03324508666992,40490000,0.0,0.0,GOOG
2016-01-13 00:00:00-05:00,36.270467770657596,36.463519832308506,34.6704683981863,34.767242431640625,50034000,0.0,0.0,GOOG
2016-01-14 00:00:00-05:00,35.006448128301784,35.827537471886735,34.19850860298625,35.469970703125,44516000,0.0,0.0,GOOG
2016-01-15 00:00:00-05:00,34.35681444345213,35.0739395092132,34.01339332101498,34.464012145996094,72162000,0.0,0.0,GOOG
2016-01-19 00:00:00-05:00,34.90321983772874,35.23473305656427,34.412401863430595,34.82828140258789,45362000,0.0,0.0,GOOG
2016-01-20 00:00:00-05:00,34.17419098427219,35.07940059175905,33.412402624184665,34.66252899169922,68900000,0.0,0.0,GOOG
2016-01-21 00:00:00-05:00,34.84763830921904,35.691805122815886,34.464510243957584,35.06649398803711,48244000,0.0,0.0,GOOG
2016-01-22 00:00:00-05:00,35.91066360103038,36.13547890895012,35.73800835242589,35.992549896240234,40236000,0.0,0.0,GOOG
2016-01-25 00:00:00-05:00,35.90967521662659,36.21240502234687,35.23622502158397,35.318607330322266,34234000,0.0,0.0,GOOG
2016-01-26 00:00:00-05:00,35.42679582213477,35.64664730618874,35.06103928446814,35.3865966796875,26634000,0.0,0.0,GOOG
2016-01-27 00:00:00-05:00,35.41785495149714,35.644408152489724,34.46103447501964,34.738948822021484,43884000,0.0,0.0,GOOG
2016-01-28 00:00:00-05:00,35.84217381644913,36.411406004077286,35.352347890886556,36.27592086791992,53528000,0.0,0.0,GOOG
2016-01-29 00:00:00-05:00,36.30421180548731,36.97220209359434,36.06947260542966,36.8709602355957,69486000,0.0,0.0,GOOG
2016-02-01 00:00:00-05:00,37.243664795043365,37.61091311484829,36.886843943666825,37.320091247558594,102784000,0.0,0.0,GOOG
2016-02-02 00:00:00-05:00,38.93299543132762,39.19949790632756,37.94788360595703,37.94788360595703,126962000,0.0,0.0,GOOG
2016-02-03 00:00:00-05:00,38.224315622579745,38.43671946100992,35.75682199595203,36.07691955566406,123420000,0.0,0.0,GOOG
2016-02-04 00:00:00-05:00,35.871455748761534,36.079395516459414,34.831753123972895,35.136966705322266,103374000,0.0,0.0,GOOG
2016-02-05 00:00:00-05:00,34.931508022061124,34.93746387093855,33.75433619527138,33.92406463623047,102114000,0.0,0.0,GOOG
2016-02-08 00:00:00-05:00,33.14392036664999,33.946896106563216,32.906201321153084,33.882877349853516,84948000,0.0,0.0,GOOG
2016-02-09 00:00:00-05:00,33.36575297993921,34.734485086686284,33.18957268013216,33.65309524536133,72178000,0.0,0.0,GOOG
2016-02-10 00:00:00-05:00,34.08733998859648,34.80446135285707,33.852600770226466,33.95136260986328,52760000,0.0,0.0,GOOG
2016-02-11 00:00:00-05:00,33.49875006407995,34.21090746493768,33.19443385688364,33.90122985839844,60480000,0.0,0.0,GOOG
2016-02-12 00:00:00-05:00,34.25607708370277,34.429277577427904,33.677416899722104,33.86600112915039,42828000,0.0,0.0,GOOG
2016-02-16 00:00:00-05:00,34.39105912907694,34.6401938393045,33.99751117574858,34.29279708862305,50400000,0.0,0.0,GOOG
2016-02-17 00:00:00-05:00,34.64465711472665,35.223317229867966,34.31165588154884,35.15631866455078,49852000,0.0,0.0,GOOG
2016-02-18 00:00:00-05:00,35.23573193282588,35.35235754564839,34.54243011110314,34.607940673828125,37664000,0.0,0.0,GOOG
2016-02-19 00:00:00-05:00,34.492800655616,34.89235372213086,34.444165635437244,34.78461456298828,31786000,0.0,0.0,GOOG
2016-02-22 00:00:00-05:00,35.109181992640416,35.39652429662812,34.864019070210524,35.06005096435547,38996000,0.0,0.0,GOOG
2016-02-23 00:00:00-05:00,34.81140742077595,35.15632036812345,34.42083927479936,34.53349304199219,40186000,0.0,0.0,GOOG
2016-02-24 00:00:00-05:00,34.18957587076465,34.73945262617876,33.78560796658197,34.71761703491211,39272000,0.0,0.0,GOOG
2016-02-25 00:00:00-05:00,34.73994473861081,35.03622266910347,34.27220423837553,35.02480697631836,32844000,0.0,0.0,GOOG
2016-02-26 00:00:00-05:00,35.16525081572277,35.40594583530344,34.78212280500499,34.991058349609375,44870000,0.0,0.0,GOOG
2016-02-29 00:00:00-05:00,34.755326027276524,35.27989127245896,34.62430871727856,34.62877655029297,49622000,0.0,0.0,GOOG
2016-03-01 00:00:00-05:00,34.919105994142726,35.672950744628906,34.72803793899509,35.672950744628906,43028000,0.0,0.0,GOOG
2016-03-02 00:00:00-05:00,35.68237443657649,35.732001459121,35.334977706166676,35.674930572509766,32580000,0.0,0.0,GOOG
2016-03-03 00:00:00-05:00,35.66648931722082,35.70470443251406,35.03820222850446,35.35581970214844,39160000,0.0,0.0,GOOG
2016-03-04 00:00:00-05:00,35.483367688897495,35.55781011824286,35.038204914725604,35.27989196777344,39442000,0.0,0.0,GOOG
2016-03-07 00:00:00-05:00,35.081880454901345,35.14098458700254,34.0893248107286,34.49924850463867,59702000,0.0,0.0,GOOG
2016-03-08 00:00:00-05:00,34.173198496769565,34.92753919476325,34.01190591690502,34.4401969909668,41526000,0.0,0.0,GOOG
2016-03-09 00:00:00-05:00,34.66351919946229,35.02133586405433,34.44168369623189,34.9995002746582,28430000,0.0,0.0,GOOG
2016-03-10 00:00:00-05:00,35.14242401501762,35.555327533930644,34.90619679731429,35.375675201416016,56670000,0.0,0.0,GOOG
2016-03-11 00:00:00-05:00,35.732003999338694,36.075428926387694,35.589324879517875,36.070465087890625,39416000,0.0,0.0,GOOG
2016-03-14 00:00:00-04:00,36.069969470612726,36.501236548091136,35.9875871676525,36.252601623535156,34366000,0.0,0.0,GOOG
2016-03-15 00:00:00-04:00,36.07543402150702,36.34193274153828,35.968732303396614,36.145408630371094,34420000,0.0,0.0,GOOG
2016-03-16 00:00:00-04:00,36.048139201871265,36.59900798698815,35.95582920818682,36.530521392822266,32488000,0.0,0.0,GOOG
2016-03-17 00:00:00-04:00,36.54837714430486,36.87691432216236,36.52604555187656,36.614383697509766,37216000,0.0,0.0,GOOG
2016-03-18 00:00:00-04:00,36.81686530060881,36.82381315987963,36.31909945917154,36.60545349121094,59614000,0.0,0.0,GOOG
2016-03-21 00:00:00-04:00,36.550863033882976,36.84862897541433,36.40277329283578,36.82828140258789,36730000,0.0,0.0,GOOG
2016-03-22 00:00:00-04:00,36.59850318167564,36.97269554682291,36.59850318167564,36.761775970458984,25394000,0.0,0.0,GOOG
2016-03-23 00:00:00-04:00,36.841680253571596,37.008428874021476,36.53349063708343,36.62828063964844,28642000,0.0,0.0,GOOG
2016-03-24 00:00:00-04:00,36.32803352379687,36.612748105346995,36.27791049025039,36.491310119628906,31898000,0.0,0.0,GOOG
2016-03-28 00:00:00-04:00,36.56525383910718,36.67443556506204,36.35235023075506,36.403465270996094,26026000,0.0,0.0,GOOG
2016-03-29 00:00:00-04:00,36.45607113743088,37.08435826376169,36.16674108591393,36.961280822753906,38076000,0.0,0.0,GOOG
2016-03-30 00:00:00-04:00,37.22579558230464,37.61189961635426,37.15830101985767,37.247135162353516,35648000,0.0,0.0,GOOG
2016-03-31 00:00:00-04:00,37.183618278816795,37.263020763491824,36.77121076208945,36.970218658447266,34376000,0.0,0.0,GOOG
2016-04-01 00:00:00-04:00,36.65508479282281,37.23771302911774,36.57567851400728,37.216373443603516,31534000,0.0,0.0,GOOG
2016-04-04 00:00:00-04:00,37.223814293312,37.35979545230238,36.84515405640411,36.987091064453125,22684000,0.0,0.0,GOOG
2016-04-05 00:00:00-04:00,36.625307010868916,36.86351825962312,36.494785693402925,36.615379333496094,22646000,0.0,0.0,GOOG
2016-04-06 00:00:00-04:00,36.51464049607052,37.0342419994643,36.50421681253575,37.0069465637207,21074000,0.0,0.0,GOOG
2016-04-07 00:00:00-04:00,36.99105964430995,37.0719501389796,36.53994103415194,36.73845291137695,29064000,0.0,0.0,GOOG
2016-04-08 00:00:00-04:00,36.92158390030754,36.99503053654203,36.503716536932565,36.682376861572266,25816000,0.0,0.0,GOOG
2016-04-11 00:00:00-04:00,36.874434582885165,36.97269661937292,36.52852964810511,36.531009674072266,24402000,0.0,0.0,GOOG
2016-04-12 00:00:00-04:00,36.62530384785634,36.91463390160469,36.2784031146963,36.877906799316406,27060000,0.0,0.0,GOOG
2016-04-13 00:00:00-04:00,37.179152622677805,37.43821124265762,36.93602675149768,37.30619812011719,34142000,0.0,0.0,GOOG
2016-04-14 00:00:00-04:00,37.41984544191735,37.58361803583099,37.35508079081242,37.37964630126953,22706000,0.0,0.0,GOOG
2016-04-15 00:00:00-04:00,37.41835717242139,37.76674214974042,37.35453531029808,37.66748809814453,36186000,0.0,0.0,GOOG
2016-04-18 00:00:00-04:00,37.73994099357698,38.11661718250387,37.583120053596936,38.0451545715332,31176000,0.0,0.0,GOOG
2016-04-19 00:00:00-04:00,38.1890785915503,38.20843415646569,37.18759091807297,37.41587829589844,40610000,0.0,0.0,GOOG
2016-04-20 00:00:00-04:00,37.61785857773333,37.62440887520315,37.22133083026363,37.35334014892578,30584000,0.0,0.0,GOOG
2016-04-21 00:00:00-04:00,37.487834476598536,37.73944541975394,37.19850442045027,37.674434661865234,61210000,0.0,0.0,GOOG
2016-04-22 00:00:00-04:00,36.04465969902896,36.53200567951451,35.41488448646954,35.670963287353516,119038000,0.0,0.0,GOOG
2016-04-25 00:00:00-04:00,35.53845936676997,35.92704352400392,35.51314795292877,35.888336181640625,39184000,0.0,0.0,GOOG
2016-04-26 00:00:00-04:00,36.00098772325792,36.018158591566674,34.88962173018415,35.1434211730957,54892000,0.0,0.0,GOOG
2016-04-27 00:00:00-04:00,35.10123260581638,35.18510670884649,34.36054158328284,35.029273986816406,61972000,0.0,0.0,GOOG
2016-04-28 00:00:00-04:00,35.149371394299635,35.44267328470268,34.22083828094387,34.29378890991211,57346000,0.0,0.0,GOOG
2016-04-29 00:00:00-04:00,34.27790984908636,34.62133477666476,34.19354352600306,34.39255142211914,49754000,0.0,0.0,GOOG
2016-05-02 00:00:00-04:00,34.62183605446401,34.77121694718035,34.2928028007712,34.65061950683594,32906000,0.0,0.0,GOOG
2016-05-03 00:00:00-04:00,34.58411003280644,34.632249041018724,34.34242298135085,34.36029052734375,30876000,0.0,0.0,GOOG
2016-05-04 00:00:00-04:00,34.267487955030994,34.72703865820813,34.194037537381675,34.52604675292969,33870000,0.0,0.0,GOOG
2016-05-05 00:00:00-04:00,34.625304986360504,34.854588146781744,34.527042938351194,34.81041717529297,33670000,0.0,0.0,GOOG
2016-05-06 00:00:00-04:00,34.65905036150577,35.32803267477772,34.64550298217596,35.29130935668945,36586000,0.0,0.0,GOOG
2016-05-09 00:00:00-04:00,35.33498313840046,35.66798819705597,35.235729078052586,35.3796501159668,30206000,0.0,0.0,GOOG
2016-05-10 00:00:00-04:00,35.57071457853108,35.90569983822282,35.519595751418876,35.88982009887695,31392000,0.0,0.0,GOOG
2016-05-11 00:00:00-04:00,35.90123631206559,35.95433537449207,35.37468323066756,35.49825668334961,33842000,0.0,0.0,GOOG
2016-05-12 00:00:00-04:00,35.58610191416711,35.69478764713215,35.1861020683786,35.39999771118164,27214000,0.0,0.0,GOOG
2016-05-13 00:00:00-04:00,35.33151118781801,35.566348854712906,35.199005843177254,35.276920318603516,26290000,0.0,0.0,GOOG
2016-05-16 00:00:00-04:00,35.19255121910822,35.65656978461728,35.01984674403997,35.55781173706055,26342000,0.0,0.0,GOOG
2016-05-17 00:00:00-04:00,35.53299202591204,35.80743433292553,34.943416057036686,35.04862594604492,40024000,0.0,0.0,GOOG
2016-05-18 00:00:00-04:00,34.921584400771096,35.31513618720665,34.77071928565267,35.068485260009766,35336000,0.0,0.0,GOOG
2016-05-19 00:00:00-04:00,34.856570994490674,35.0372153437786,34.58064063191037,34.75532913208008,33404000,0.0,0.0,GOOG
2016-05-20 00:00:00-04:00,34.81984446305801,35.46301931399168,34.765253601860486,35.22282028198242,36568000,0.0,0.0,GOOG
2016-05-23 00:00:00-04:00,35.06351683655987,35.309073491011915,34.946891245687574,34.94987106323242,26614000,0.0,0.0,GOOG
2016-05-24 00:00:00-04:00,35.07989467001935,35.78014426216064,35.07989467001935,35.736473083496094,38590000,0.0,0.0,GOOG
2016-05-25 00:00:00-04:00,35.7697222121811,36.104711291209796,35.717365260027826,35.99354553222656,32584000,0.0,0.0,GOOG
2016-05-26 00:00:00-04:00,35.874439113631865,36.14540564519285,35.74590181448519,35.93647384643555,31526000,0.0,0.0,GOOG
2016-05-27 00:00:00-04:00,35.931011269161054,36.42361638349716,35.93051526394993,36.36029052734375,39500000,0.0,0.0,GOOG
2016-05-31 00:00:00-04:00,36.31463752315086,36.711161529848496,36.290814126380795,36.51215362548828,42590000,0.0,0.0,GOOG
2016-06-01 00:00:00-04:00,36.453094174853284,36.58609550260242,36.261034154069414,36.434234619140625,25072000,0.0,0.0,GOOG
2016-06-02 00:00:00-04:00,36.35235633283087,36.37816375303569,35.938956749464815,36.248138427734375,26836000,0.0,0.0,GOOG
2016-06-03 00:00:00-04:00,36.19205786591821,36.202973768061625,35.759798742678214,35.84813690185547,24526000,0.0,0.0,GOOG
2016-06-06 00:00:00-04:00,35.9756708794459,35.9756708794459,35.4645053766528,35.56078338623047,31306000,0.0,0.0,GOOG
2016-06-07 00:00:00-04:00,35.72406669814251,35.83026861729982,35.560790097913596,35.56575393676758,26724000,0.0,0.0,GOOG
2016-06-08 00:00:00-04:00,35.92852603763279,36.157309354692835,35.760781643092365,36.14291763305664,31674000,0.0,0.0,GOOG
2016-06-09 00:00:00-04:00,35.874443569993474,36.20546085448203,35.84793946943391,36.15781784057617,19778000,0.0,0.0,GOOG
2016-06-10 00:00:00-04:00,35.70570430311351,36.024313857221046,35.55483540197541,35.702728271484375,24328000,0.0,0.0,GOOG
2016-06-13 00:00:00-04:00,35.55880549947904,36.001980508561516,35.55880549947904,35.65061569213867,25178000,0.0,0.0,GOOG
2016-06-14 00:00:00-04:00,35.557318333040676,35.85458829420302,35.39056590844889,35.64615249633789,26122000,0.0,0.0,GOOG
2016-06-15 00:00:00-04:00,35.68237377472298,35.879889850868395,35.59850346450758,35.678401947021484,24290000,0.0,0.0,GOOG
2016-06-16 00:00:00-04:00,35.4793969796826,35.565751109157844,34.90123285389928,35.25359344482422,39650000,0.0,0.0,GOOG
2016-06-17 00:00:00-04:00,35.16872813635627,35.17716779782022,34.166347007463074,34.328529357910156,68048000,0.0,0.0,GOOG
2016-06-20 00:00:00-04:00,34.6784068268809,34.8625269999382,34.412404140404654,34.42729187011719,41650000,0.0,0.0,GOOG
2016-06-21 00:00:00-04:00,34.66004553055746,34.876920994880514,34.34292399361762,34.5379638671875,29312000,0.0,0.0,GOOG
2016-06-22 00:00:00-04:00,34.69279817729522,34.782128340906795,34.39612268160644,34.61339569091797,23686000,0.0,0.0,GOOG
2016-06-23 00:00:00-04:00,34.61289701693121,34.83622051559153,34.09428383095918,34.83224868774414,43428000,0.0,0.0,GOOG
2016-06-24 00:00:00-04:00,33.5071940742348,34.21339958458738,33.42183572950626,33.50967788696289,88980000,0.0,0.0,GOOG
2016-06-27 00:00:00-04:00,33.30024202112495,33.364760563003216,32.91731463069898,33.16426086425781,52580000,0.0,0.0,GOOG
2016-06-28 00:00:00-04:00,33.695779413573405,33.76327020374017,33.399501470765586,33.748878479003906,43476000,0.0,0.0,GOOG
2016-06-29 00:00:00-04:00,33.89577601719161,34.11557447312443,33.816865755178966,33.950862884521484,38652000,0.0,0.0,GOOG
2016-06-30 00:00:00-04:00,34.01835601015208,34.358308908889335,33.92803383607649,34.347389221191406,31954000,0.0,0.0,GOOG
2016-07-01 00:00:00-04:00,34.352352115979826,34.77170748957298,34.348876293153445,34.70024108886719,26894000,0.0,0.0,GOOG
2016-07-05 00:00:00-04:00,34.54391743807474,34.58758861670037,34.18758879055797,34.48883056640625,29252000,0.0,0.0,GOOG
2016-07-06 00:00:00-04:00,34.24217647407582,34.82282059618742,34.198005508019804,34.62877655029297,28238000,0.0,0.0,GOOG
2016-07-07 00:00:00-04:00,34.644163525775554,34.65011937491906,34.15458742536042,34.509178161621094,26084000,0.0,0.0,GOOG
2016-07-08 00:00:00-04:00,34.71463445202472,35.0228240905165,34.56252744004464,35.018856048583984,31504000,0.0,0.0,GOOG
2016-07-11 00:00:00-04:00,35.138953862647796,35.55880526341749,35.098754720079484,35.48833465576172,22236000,0.0,0.0,GOOG
2016-07-12 00:00:00-04:00,35.68832899312985,35.87790519682477,35.52902424979046,35.763763427734375,26738000,0.0,0.0,GOOG
2016-07-13 00:00:00-04:00,35.911659671058956,35.93051923006151,35.57567857737276,35.582130432128906,18718000,0.0,0.0,GOOG
2016-07-14 00:00:00-04:00,35.810415391348286,35.84168265249215,35.63423887632962,35.779151916503906,19004000,0.0,0.0,GOOG
2016-07-15 00:00:00-04:00,36.01637372072502,36.01686972599288,35.68511035518918,35.72456359863281,25586000,0.0,0.0,GOOG
2016-07-18 00:00:00-04:00,35.866493821398976,36.53249624944845,35.79105938568038,36.415870666503906,25910000,0.0,0.0,GOOG
2016-07-19 00:00:00-04:00,36.222819737246034,36.575176522646885,36.17865255763587,36.57368850708008,24550000,0.0,0.0,GOOG
2016-07-20 00:00:00-04:00,36.5920586876865,36.83026995570555,36.5806429936744,36.78362274169922,25794000,0.0,0.0,GOOG
2016-07-21 00:00:00-04:00,36.74243238626867,36.80843516648577,36.517666264077995,36.65657424926758,20526000,0.0,0.0,GOOG
2016-07-22 00:00:00-04:00,36.816867332180074,36.88535391824283,36.55384067579976,36.86054229736328,25196000,0.0,0.0,GOOG
2016-07-25 00:00:00-04:00,36.75781318631254,36.85409121300379,36.60049243717689,36.7131462097168,20648000,0.0,0.0,GOOG
2016-07-26 00:00:00-04:00,36.67691615003534,36.80842947113085,36.44019292932329,36.646148681640625,23734000,0.0,0.0,GOOG
2016-07-27 00:00:00-04:00,36.63920034336357,36.94589815807279,36.57567381395452,36.812400817871094,30250000,0.0,0.0,GOOG
2016-07-28 00:00:00-04:00,37.07394311156192,37.15384160699113,36.6898230110362,37.01786422729492,70604000,0.0,0.0,GOOG
2016-07-29 00:00:00-04:00,38.347887053303594,38.6377131318667,38.05309713614676,38.153343200683594,76830000,0.0,0.0,GOOG
2016-08-01 00:00:00-04:00,37.771211236453,38.73101165364052,37.771211236453,38.3563232421875,54010000,0.0,0.0,GOOG
2016-08-02 00:00:00-04:00,38.14838114548327,38.50321796716653,38.10669399060329,38.26649475097656,35690000,0.0,0.0,GOOG
2016-08-03 00:00:00-04:00,38.073446046624035,38.372700021355776,38.05557849883873,38.371212005615234,25748000,0.0,0.0,GOOG
2016-08-04 00:00:00-04:00,38.323568278652864,38.41537846949154,38.153593720457145,38.293296813964844,22806000,0.0,0.0,GOOG
2016-08-05 00:00:00-04:00,38.40098393809813,38.86053843653714,38.32952132612069,38.81984329223633,36024000,0.0,0.0,GOOG
2016-08-08 00:00:00-04:00,38.808927870935044,38.840195133548974,38.61493302142093,38.797019958496094,22158000,0.0,0.0,GOOG
2016-08-09 00:00:00-04:00,38.76426442765847,39.1533445784556,38.73796100407354,38.92108917236328,26378000,0.0,0.0,GOOG
2016-08-10 00:00:00-04:00,38.895773875547185,39.0477332100441,38.84753642297603,38.94192886352539,15728000,0.0,0.0,GOOG
2016-08-11 00:00:00-04:00,38.95781083864917,39.19354205780149,38.85706498215927,38.95036697387695,19502000,0.0,0.0,GOOG
2016-08-12 00:00:00-04:00,38.78411416864706,38.87815827462221,38.72952330303993,38.86947250366211,14810000,0.0,0.0,GOOG
2016-08-15 00:00:00-04:00,38.89577553156822,39.08138371549032,38.7151311861872,38.83076477050781,18764000,0.0,0.0,GOOG
2016-08-16 00:00:00-04:00,38.72456232825659,38.75830961783487,38.38431407476474,38.5677375793457,20560000,0.0,0.0,GOOG
2016-08-17 00:00:00-04:00,38.576666699868724,38.749867165759085,38.38857471963011,38.7052001953125,18484000,0.0,0.0,GOOG
2016-08-18 00:00:00-04:00,38.710163444036944,38.85160443094863,38.56078258803986,38.58559799194336,14388000,0.0,0.0,GOOG
2016-08-19 00:00:00-04:00,38.461536332898284,38.565754235057256,38.368734124654274,38.48237991333008,17230000,0.0,0.0,GOOG
2016-08-22 00:00:00-04:00,38.37568172933709,38.438708475487495,38.21587716079065,38.32009506225586,19028000,0.0,0.0,GOOG
2016-08-23 00:00:00-04:00,38.48535252259468,38.5329955288163,38.30197825299927,38.316619873046875,18564000,0.0,0.0,GOOG
2016-08-24 00:00:00-04:00,38.24217711841625,38.43671718351474,38.06798462649486,38.195526123046875,21440000,0.0,0.0,GOOG
2016-08-25 00:00:00-04:00,38.064507141120934,38.30718999296785,37.875177032317545,38.184112548828125,18538000,0.0,0.0,GOOG
2016-08-26 00:00:00-04:00,38.16376377649888,38.515128551604406,38.00743505706703,38.1905632019043,23334000,0.0,0.0,GOOG
2016-08-29 00:00:00-04:00,38.150866393555134,38.46104007159437,38.04540658576183,38.32009506225586,16952000,0.0,0.0,GOOG
2016-08-30 00:00:00-04:00,38.180143662539194,38.43503356287783,38.056570203673914,38.16823196411133,22600000,0.0,0.0,GOOG
2016-08-31 00:00:00-04:00,38.065005906116916,38.16823179065698,37.98411540260249,38.066993713378906,24972000,0.0,0.0,GOOG
2016-09-01 00:00:00-04:00,38.17617468107784,38.26401304249782,37.93051578512155,38.15284729003906,18502000,0.0,0.0,GOOG
2016-09-02 00:00:00-04:00,38.36277298114517,38.40793217269903,38.13448563844736,38.285850524902344,21454000,0.0,0.0,GOOG
2016-09-06 00:00:00-04:00,38.38461270556867,38.808928166794864,38.26302326357595,38.713645935058594,28856000,0.0,0.0,GOOG
2016-09-07 00:00:00-04:00,38.709671609991354,38.84515676311333,38.521087393420736,38.72704315185547,17874000,0.0,0.0,GOOG
2016-09-08 00:00:00-04:00,38.639697761255675,38.727043904903404,38.391062830616505,38.477413177490234,25406000,0.0,0.0,GOOG
2016-09-09 00:00:00-04:00,38.21835834361104,38.374437182433304,37.70024490356445,37.70024490356445,37710000,0.0,0.0,GOOG
2016-09-12 00:00:00-04:00,37.47543066534474,38.227787333232975,37.41935178153158,38.16476058959961,26220000,0.0,0.0,GOOG
2016-09-13 00:00:00-04:00,37.93944403773687,38.02579816150702,37.508676788149906,37.70172882080078,27900000,0.0,0.0,GOOG
2016-09-14 00:00:00-04:00,37.69776159031159,38.09825742736602,37.67294996922705,37.84069061279297,21748000,0.0,0.0,GOOG
2016-09-15 00:00:00-04:00,37.86053656458993,38.40197353652569,37.71512753746232,38.30073547363281,26102000,0.0,0.0,GOOG
2016-09-16 00:00:00-04:00,38.200989202021105,38.200989202021105,37.94838621365606,38.157814025878906,40986000,0.0,0.0,GOOG
2016-09-19 00:00:00-04:00,38.333489610343214,38.411903868233416,37.93751086004515,37.99999237060547,23456000,0.0,0.0,GOOG
2016-09-20 00:00:00-04:00,38.16376553382802,38.378653165856164,38.14043814367181,38.28336715698242,19572000,0.0,0.0,GOOG
2016-09-21 00:00:00-04:00,38.34539936546978,38.568726644023805,38.12907295391212,38.52207565307617,23356000,0.0,0.0,GOOG
2016-09-22 00:00:00-04:00,38.70967295492521,39.19850694834971,38.63225448743687,39.06748962402344,29724000,0.0,0.0,GOOG
2016-09-23 00:00:00-04:00,39.03671742883275,39.152847020423096,38.91562778491338,39.05210494995117,28238000,0.0,0.0,GOOG
2016-09-26 00:00:00-04:00,38.84565619603147,38.84565619603147,38.365754057641276,38.42232894897461,30664000,0.0,0.0,GOOG
2016-09-27 00:00:00-04:00,38.48635015935505,39.00694364346971,38.427193013619174,38.85905456542969,23064000,0.0,0.0,GOOG
2016-09-28 00:00:00-04:00,38.60297391721462,38.799498004874934,38.46004489854382,38.78709030151367,22196000,0.0,0.0,GOOG
2016-09-29 00:00:00-04:00,38.781134032948664,38.997513472685974,38.42341960814602,38.46202850341797,26294000,0.0,0.0,GOOG
2016-09-30 00:00:00-04:00,38.52753702211991,38.75632036670652,38.41636749047011,38.57517623901367,31706000,0.0,0.0,GOOG
2016-10-03 00:00:00-04:00,38.42431677025811,38.51438905578986,38.188581745784305,38.3404426574707,25576000,0.0,0.0,GOOG
2016-10-04 00:00:00-04:00,38.51264965171149,38.645654785325476,38.3568207038916,38.532501220703125,24028000,0.0,0.0,GOOG
2016-10-05 00:00:00-04:00,38.67542223705003,38.812395384319196,38.49378590852292,38.534481048583984,29224000,0.0,0.0,GOOG
2016-10-06 00:00:00-04:00,38.66004634153382,38.73349298155275,38.48833386749018,38.55384063720703,21414000,0.0,0.0,GOOG
2016-10-07 00:00:00-04:00,38.69279902987211,38.69279902987211,38.25061227210507,38.46550369262695,18664000,0.0,0.0,GOOG
2016-10-10 00:00:00-04:00,38.59602748433919,39.17518365888751,38.50470951036048,39.00446319580078,23498000,0.0,0.0,GOOG
2016-10-11 00:00:00-04:00,39.04019818892391,39.319104617065804,38.738460371983244,38.86203384399414,27450000,0.0,0.0,GOOG
2016-10-12 00:00:00-04:00,38.89627161271668,39.11314705768161,38.81190528885089,39.01438522338867,18748000,0.0,0.0,GOOG
2016-10-13 00:00:00-04:00,38.77021923005526,38.77021923005526,38.362279531777254,38.61984634399414,27306000,0.0,0.0,GOOG
2016-10-14 00:00:00-04:00,38.791559472139355,38.905701259879,38.511161268966546,38.63671875,17050000,0.0,0.0,GOOG
2016-10-17 00:00:00-04:00,38.69974750803206,38.99999347996453,38.58560193921761,38.70768737792969,21860000,0.0,0.0,GOOG
2016-10-18 00:00:00-04:00,39.09925088315243,39.78212890862154,38.98585121659037,39.46699142456055,41138000,0.0,0.0,GOOG
2016-10-19 00:00:00-04:00,39.614879977989716,39.93051346317294,39.60446008221917,39.776668548583984,35336000,0.0,0.0,GOOG
2016-10-20 00:00:00-04:00,39.865998649004936,39.89924992971703,39.50520218589227,39.55185317993164,35150000,0.0,0.0,GOOG
2016-10-21 00:00:00-04:00,39.45408781596988,39.67741132682353,39.40446078981344,39.67095947265625,25324000,0.0,0.0,GOOG
2016-10-24 00:00:00-04:00,39.945404349311694,40.455577934661335,39.94143630729475,40.352848052978516,33950000,0.0,0.0,GOOG
2016-10-25 00:00:00-04:00,40.530017291044345,40.530017291044345,39.95731301076307,40.08287048339844,31528000,0.0,0.0,GOOG
2016-10-26 00:00:00-04:00,40.01687101847204,40.048630500015264,39.519601139001594,39.65607452392578,32954000,0.0,0.0,GOOG
2016-10-27 00:00:00-04:00,39.751852830123774,39.875426280555786,39.28039041320761,39.471458435058594,54984000,0.0,0.0,GOOG
2016-10-28 00:00:00-04:00,40.11662101734775,40.47096565669446,39.38411591383553,39.47245407104492,85398000,0.0,0.0,GOOG
2016-10-31 00:00:00-04:00,39.47740746828257,39.54639005003523,38.90817906067988,38.93497848510742,48546000,0.0,0.0,GOOG
2016-11-01 00:00:00-04:00,38.853093158202306,39.18063453519418,38.48832867467331,38.888824462890625,48128000,0.0,0.0,GOOG
2016-11-02 00:00:00-04:00,38.62034245172275,38.79155891718238,37.888333374239885,38.14888000488281,37448000,0.0,0.0,GOOG
2016-11-03 00:00:00-04:00,38.07691350502245,38.21091063155155,37.66897384948779,37.822818756103516,38864000,0.0,0.0,GOOG
2016-11-04 00:00:00-04:00,37.25359511214035,38.23126311092357,37.24868049522704,37.81736755371094,42696000,0.0,0.0,GOOG
2016-11-07 00:00:00-05:00,38.43671626827202,38.96723738762346,38.33994224325345,38.83473205566406,31702000,0.0,0.0,GOOG
2016-11-08 00:00:00-05:00,38.87840559055196,39.48550465102759,38.719100822149294,39.23126220703125,27338000,0.0,0.0,GOOG
2016-11-09 00:00:00-05:00,38.70669164808257,39.26684051773109,38.296268188573094,38.97319030761719,52142000,0.0,0.0,GOOG
2016-11-10 00:00:00-05:00,39.26400898462665,39.26400898462665,37.32902460440064,37.84415817260742,94904000,0.0,0.0,GOOG
2016-11-11 00:00:00-05:00,37.54540296077512,37.7558265497516,37.23969714747847,37.42034149169922,48636000,0.0,0.0,GOOG
2016-11-14 00:00:00-05:00,37.498753993117816,37.61041954096461,36.10619843528943,36.53002166748047,73088000,0.0,0.0,GOOG
2016-11-15 00:00:00-05:00,37.070465295336334,37.93627081948035,37.070465295336334,37.64217758178711,47680000,0.0,0.0,GOOG
2016-11-16 00:00:00-05:00,37.4788989858322,38.03274748182516,37.24614759808376,37.93944549560547,29452000,0.0,0.0,GOOG
2016-11-17 00:00:00-05:00,38.06053752634623,38.34738376104715,37.927036405828275,38.27443313598633,26080000,0.0,0.0,GOOG
2016-11-18 00:00:00-05:00,38.28138068457017,38.46152900873246,37.717112318240865,37.74391174316406,30942000,0.0,0.0,GOOG
2016-11-21 00:00:00-05:00,37.846641611427636,38.198502385404836,37.74688777573191,38.17368698120117,26612000,0.0,0.0,GOOG
2016-11-22 00:00:00-05:00,38.34391624947282,38.5588038948387,38.06451005956321,38.127540588378906,31862000,0.0,0.0,GOOG
2016-11-23 00:00:00-05:00,38.10073984636432,38.12818294464654,37.48138455789728,37.7662467956543,29568000,0.0,0.0,GOOG
2016-11-25 00:00:00-05:00,37.928532625113654,37.9652559445132,37.74292443454913,37.80049133300781,11748000,0.0,0.0,GOOG
2016-11-28 00:00:00-05:00,37.71711355358646,38.68634557029054,37.7071896633598,38.12604522705078,43764000,0.0,0.0,GOOG
2016-11-29 00:00:00-05:00,38.28932446918368,38.63522943005835,38.12604787704736,38.25508117675781,32332000,0.0,0.0,GOOG
2016-11-30 00:00:00-05:00,38.21686617273224,38.36177919851358,37.46053778060396,37.619842529296875,47858000,0.0,0.0,GOOG
2016-12-01 00:00:00-05:00,37.590073009773256,37.70967464490287,36.57691978910331,37.11761474609375,60358000,0.0,0.0,GOOG
2016-12-02 00:00:00-05:00,36.95235314709294,37.419351554264765,36.878406715777096,37.24565505981445,29050000,0.0,0.0,GOOG
2016-12-05 00:00:00-05:00,37.603467299469365,37.910661109240465,37.36475628261027,37.8421745300293,27884000,0.0,0.0,GOOG
2016-12-06 00:00:00-05:00,37.95185330638222,38.155329028877595,37.58510478698611,37.67294692993164,33814000,0.0,0.0,GOOG
2016-12-07 00:00:00-05:00,37.76674001963072,38.28088536792118,37.50867722825697,38.2724494934082,35220000,0.0,0.0,GOOG
2016-12-08 00:00:00-05:00,38.336469428435905,38.61934763323172,38.0759228167373,38.53200149536133,29762000,0.0,0.0,GOOG
2016-12-09 00:00:00-05:00,38.70966900980554,39.17765937635304,38.66108321856163,39.170711517333984,36438000,0.0,0.0,GOOG
2016-12-12 00:00:00-05:00,38.959792122577674,39.26798173317467,38.92579872825928,39.16971969604492,42082000,0.0,0.0,GOOG
2016-12-13 00:00:00-05:00,39.39949670763077,39.9195979343639,39.3717052702511,39.5086784362793,42904000,0.0,0.0,GOOG
2016-12-14 00:00:00-05:00,39.573195661571255,39.90074086796353,39.4049590111386,39.556819915771484,34084000,0.0,0.0,GOOG
2016-12-15 00:00:00-05:00,39.570216238223395,39.851110423081735,39.35086077560079,39.59552764892578,32530000,0.0,0.0,GOOG
2016-12-16 00:00:00-05:00,39.72208136298325,39.74471207620549,39.220343646414655,39.24565505981445,48876000,0.0,0.0,GOOG
2016-12-19 00:00:00-05:00,39.216866849135236,39.586095390778695,39.02083499299683,39.41438293457031,24642000,0.0,0.0,GOOG
2016-12-20 00:00:00-05:00,39.541430741325385,39.635224942285184,39.368230275932795,39.52455520629883,19020000,0.0,0.0,GOOG
2016-12-21 00:00:00-05:00,39.495777540322244,39.5372678117788,39.062030412447754,39.432254791259766,24226000,0.0,0.0,GOOG
2016-12-22 00:00:00-05:00,39.323069256492985,39.370712260262756,39.13547705894284,39.26847839355469,19444000,0.0,0.0,GOOG
2016-12-23 00:00:00-05:00,39.250611886163526,39.34192985448051,39.070959553436765,39.201480865478516,12468000,0.0,0.0,GOOG
2016-12-27 00:00:00-05:00,39.23969988497537,39.596028554534826,39.08967532994451,39.282875061035156,15782000,0.0,0.0,GOOG
2016-12-28 00:00:00-05:00,39.38957204306204,39.415871677972994,38.86847881613216,38.960289001464844,23076000,0.0,0.0,GOOG
2016-12-29 00:00:00-05:00,38.87492869751911,39.003961984684615,38.656069250410106,38.84812927246094,14886000,0.0,0.0,GOOG
2016-12-30 00:00:00-05:00,38.84614756676194,38.847635582398496,38.233740154285954,38.303714752197266,35400000,0.0,0.0,GOOG
2017-01-03 00:00:00-05:00,38.65061271949631,39.18758570444588,38.501235634443205,39.01438522338867,33146000,0.0,0.0,GOOG
2017-01-04 00:00:00-05:00,39.124559576949736,39.27245243494324,38.86649676275968,39.05210494995117,21460000,0.0,0.0,GOOG
2017-01-05 00:00:00-05:00,39.01141254131537,39.428284144182996,38.95880569253933,39.40545654296875,26704000,0.0,0.0,GOOG
2017-01-06 00:00:00-05:00,39.46699361445281,40.094288799765806,39.31532959789692,40.00743865966797,32804000,0.0,0.0,GOOG
2017-01-09 00:00:00-05:00,40.01984556185832,40.19681720135895,39.8426732484832,40.03225326538086,25492000,0.0,0.0,GOOG
2017-01-10 00:00:00-05:00,40.092305920969146,40.155332665814186,39.87642247084123,39.939945220947266,23536000,0.0,0.0,GOOG
2017-01-11 00:00:00-05:00,39.95036674750823,40.10669548117953,39.770218403695324,40.094783782958984,21318000,0.0,0.0,GOOG
2017-01-12 00:00:00-05:00,40.05656775148522,40.068975454657924,39.66103576972348,40.017860412597656,27062000,0.0,0.0,GOOG
2017-01-13 00:00:00-05:00,40.07344066980867,40.25924572870806,40.03423354196029,40.093292236328125,21984000,0.0,0.0,GOOG
2017-01-17 00:00:00-05:00,40.053596472652515,40.056572504343364,39.720595186166015,39.93101501464844,27242000,0.0,0.0,GOOG
2017-01-18 00:00:00-05:00,39.990567665249664,40.01016933862105,39.75136061124463,40.00347137451172,25888000,0.0,0.0,GOOG
2017-01-19 00:00:00-05:00,39.956320343953806,40.17269598916422,39.7915557442902,39.81016540527344,18386000,0.0,0.0,GOOG
2017-01-20 00:00:00-05:00,40.045160616369444,40.045160616369444,39.78610197974281,39.95136260986328,33400000,0.0,0.0,GOOG
2017-01-23 00:00:00-05:00,40.06202979463292,40.73796000274862,39.88783729432724,40.66054153442383,39272000,0.0,0.0,GOOG
2017-01-24 00:00:00-05:00,40.80892254703892,40.98757906020461,40.586636511753724,40.886837005615234,29480000,0.0,0.0,GOOG
2017-01-25 00:00:00-05:00,41.17219671491281,41.47741027967802,40.945893408220684,41.47244644165039,29890000,0.0,0.0,GOOG
2017-01-26 00:00:00-05:00,41.578654215537,41.58808588775149,41.04267322182403,41.297760009765625,59478000,0.0,0.0,GOOG
2017-01-27 00:00:00-05:00,41.424803307797255,41.784107939342384,40.716613939602595,40.859046936035156,59316000,0.0,0.0,GOOG
2017-01-30 00:00:00-05:00,40.42977502645504,40.48833393765033,39.69230607454499,39.81736755371094,64932000,0.0,0.0,GOOG
2017-01-31 00:00:00-05:00,39.54639501026497,39.76426246920867,39.23175730896048,39.54292297363281,43212000,0.0,0.0,GOOG
2017-02-01 00:00:00-05:00,39.68634860907984,39.76128704973565,39.26500919536834,39.488582611083984,40594000,0.0,0.0,GOOG
2017-02-02 00:00:00-05:00,39.39453325655453,39.8362202276675,39.30520309462722,39.6292724609375,30642000,0.0,0.0,GOOG
2017-02-03 00:00:00-05:00,39.85061506934635,39.999992151074885,39.72058976356617,39.77617263793945,29268000,0.0,0.0,GOOG
2017-02-06 00:00:00-05:00,39.6873398700256,39.785105908810436,39.46649638045499,39.76873016357422,23690000,0.0,0.0,GOOG
2017-02-07 00:00:00-05:00,39.90024477408092,40.22332214621939,39.790567033611964,40.048133850097656,24824000,0.0,0.0,GOOG
2017-02-08 00:00:00-05:00,40.04962406583902,40.289823139261095,39.86054382610397,40.11811065673828,23106000,0.0,0.0,GOOG
2017-02-09 00:00:00-05:00,40.17418244753128,40.23125712073323,39.92753534910208,40.176666259765625,19794000,0.0,0.0,GOOG
2017-02-10 00:00:00-05:00,40.28287588847433,40.45905620743384,40.187589866103544,40.38064193725586,22700000,0.0,0.0,GOOG
2017-02-13 00:00:00-05:00,40.49627358504194,40.74237927803399,40.47096595797139,40.65707015991211,24266000,0.0,0.0,GOOG
2017-02-14 00:00:00-05:00,40.645151067819725,40.843662937707414,40.49626621882921,40.71710968017578,21094000,0.0,0.0,GOOG
2017-02-15 00:00:00-05:00,40.66301699435409,40.84366511522525,40.61884981424967,40.644161224365234,26272000,0.0,0.0,GOOG
2017-02-16 00:00:00-05:00,40.691309887125975,40.913149186654856,40.64416666953877,40.90123748779297,25752000,0.0,0.0,GOOG
2017-02-17 00:00:00-05:00,40.844664532864165,41.09528350830078,40.7769200553897,41.09528350830078,32220000,0.0,0.0,GOOG
2017-02-21 00:00:00-05:00,41.12455645434048,41.362275468445574,41.10917272035874,41.273441314697266,25246000,0.0,0.0,GOOG
2017-02-22 00:00:00-05:00,41.1245571349592,41.35234847611755,41.12356512453096,41.22877502441406,19658000,0.0,0.0,GOOG
2017-02-23 00:00:00-05:00,41.19701411382051,41.313143696977114,40.837709463720124,41.25706481933594,29456000,0.0,0.0,GOOG
2017-02-24 00:00:00-05:00,41.078402670435935,41.141429404318366,40.90321439998022,41.12356185913086,27844000,0.0,0.0,GOOG
2017-02-27 00:00:00-05:00,40.92059144456626,41.215877374112395,40.89329601108806,41.155330657958984,22030000,0.0,0.0,GOOG
2017-02-28 00:00:00-05:00,40.97319345157122,41.1186024958721,40.704706957159814,40.854087829589844,45216000,0.0,0.0,GOOG
2017-03-01 00:00:00-05:00,41.1339855486726,41.5014799476348,41.05507529028573,41.451107025146484,29930000,0.0,0.0,GOOG
2017-03-02 00:00:00-05:00,41.38212895463181,41.41488044493772,41.17319337797737,41.222328186035156,18850000,0.0,0.0,GOOG
2017-03-03 00:00:00-05:00,41.218859065487194,41.25856220805266,40.98020099928594,41.145408630371094,17928000,0.0,0.0,GOOG
2017-03-06 00:00:00-05:00,41.03969568936762,41.13547770594073,40.81388836421494,41.08088684082031,22180000,0.0,0.0,GOOG
2017-03-07 00:00:00-05:00,41.062031015005466,41.36029677937437,41.01835983346017,41.28585433959961,20752000,0.0,0.0,GOOG
2017-03-08 00:00:00-05:00,41.365255322597086,41.595530493595966,41.27989698370072,41.45756530761719,19796000,0.0,0.0,GOOG
2017-03-09 00:00:00-05:00,41.48882483736409,41.78659077097475,41.39999068385554,41.621826171875,25230000,0.0,0.0,GOOG
2017-03-10 00:00:00-05:00,41.85011698500722,41.93100748203498,41.66252100271283,41.84862518310547,34080000,0.0,0.0,GOOG
2017-03-13 00:00:00-04:00,41.88584619764227,42.118351463638184,41.84862309164449,41.96227264404297,24472000,0.0,0.0,GOOG
2017-03-14 00:00:00-04:00,41.86797789792606,42.04663820185852,41.727036704487716,41.96623992919922,15598000,0.0,0.0,GOOG
2017-03-15 00:00:00-04:00,42.064010406911706,42.115621449200134,41.72554934894057,42.044654846191406,27630000,0.0,0.0,GOOG
2017-03-16 00:00:00-04:00,42.13547746646631,42.22579963973736,41.991556438245574,42.123069763183594,19552000,0.0,0.0,GOOG
2017-03-17 00:00:00-04:00,42.2635183635105,42.35234873397759,42.04019106538763,42.28882598876953,34246000,0.0,0.0,GOOG
2017-03-20 00:00:00-04:00,42.18411599845583,42.19453968169785,41.94292491738086,42.10421371459961,24630000,0.0,0.0,GOOG
2017-03-21 00:00:00-04:00,42.25309288446713,42.35731077130629,41.14242364895355,41.21388626098633,49270000,0.0,0.0,GOOG
2017-03-22 00:00:00-04:00,41.28584909240162,41.46649343146167,41.05110989540507,41.170711517333984,28030000,0.0,0.0,GOOG
2017-03-23 00:00:00-04:00,40.744408797073135,40.822327051095456,40.31051403843853,40.574684143066406,69742000,0.0,0.0,GOOG
2017-03-24 00:00:00-04:00,40.69875220841776,40.790562391563014,40.14341570388484,40.41835403442383,39620000,0.0,0.0,GOOG
2017-03-27 00:00:00-04:00,40.047136473143844,40.7756734264578,39.8694681745933,40.67045974731445,37886000,0.0,0.0,GOOG
2017-03-28 00:00:00-04:00,40.715128957835745,40.9920513159965,40.398355799548625,40.740440368652344,32410000,0.0,0.0,GOOG
2017-03-29 00:00:00-04:00,40.94292239464675,41.328280598193444,40.81289708374157,41.26103591918945,35726000,0.0,0.0,GOOG
2017-03-30 00:00:00-04:00,41.36476080650256,41.37369268765522,41.141437273587634,41.265506744384766,21106000,0.0,0.0,GOOG
2017-03-31 00:00:00-04:00,41.139944332799736,41.27244966361733,41.06153007399209,41.16922378540039,28038000,0.0,0.0,GOOG
2017-04-03 00:00:00-04:00,41.15234899560436,41.729521114707175,41.15234899560436,41.615379333496094,33430000,0.0,0.0,GOOG
2017-04-04 00:00:00-04:00,41.25855716866297,41.448133403862776,41.1432226962265,41.41786193847656,20908000,0.0,0.0,GOOG
2017-04-05 00:00:00-04:00,41.46451165396842,41.80892860109225,41.22679262657053,41.26103591918945,31106000,0.0,0.0,GOOG
2017-04-06 00:00:00-04:00,41.310169115657374,41.508185016988755,41.015382966778716,41.085853576660156,25088000,0.0,0.0,GOOG
2017-04-07 00:00:00-04:00,41.08981698639696,41.11587429794484,40.72024010135241,40.926544189453125,21146000,0.0,0.0,GOOG
2017-04-10 00:00:00-04:00,40.96227492781551,41.158799002188246,40.881876650318,40.92951965332031,19578000,0.0,0.0,GOOG
2017-04-11 00:00:00-04:00,40.92853660726624,41.06337432438686,40.54690028076239,40.86104202270508,21594000,0.0,0.0,GOOG
2017-04-12 00:00:00-04:00,40.79055864537647,41.02529781568782,40.745395672595954,40.9091682434082,18010000,0.0,0.0,GOOG
2017-04-13 00:00:00-04:00,40.800981760030545,41.011405335682156,40.76624246526485,40.871456146240234,22448000,0.0,0.0,GOOG
2017-04-17 00:00:00-04:00,40.94342227263516,41.5756813396555,40.91662284228549,41.546897888183594,17900000,0.0,0.0,GOOG
2017-04-18 00:00:00-04:00,41.40048864317392,41.63423583973453,41.3255539907542,41.52952194213867,16734000,0.0,0.0,GOOG
2017-04-19 00:00:00-04:00,41.676913585433226,41.79751100510896,41.50321710407866,41.59850311279297,19084000,0.0,0.0,GOOG
2017-04-20 00:00:00-04:00,41.75879857781581,41.94539876143398,41.653588681863894,41.769222259521484,19180000,0.0,0.0,GOOG
2017-04-21 00:00:00-04:00,41.830265985205344,41.87989301005637,41.71711243079374,41.84564971923828,26472000,0.0,0.0,GOOG
2017-04-24 00:00:00-04:00,42.24317151812467,42.85111112082653,42.17666895413511,42.81686782836914,27450000,0.0,0.0,GOOG
2017-04-25 00:00:00-04:00,42.92803304718076,43.424310885876494,42.81934732208493,43.29031753540039,33440000,0.0,0.0,GOOG
2017-04-26 00:00:00-04:00,43.386097204266136,43.47642316642792,43.064413194152735,43.262027740478516,24744000,0.0,0.0,GOOG
2017-04-27 00:00:00-04:00,43.354833318436775,43.44416348297021,43.195032547270166,43.38709259033203,40536000,0.0,0.0,GOOG
2017-04-28 00:00:00-04:00,45.19403992364505,45.5012337641926,44.951360840953,44.96078872680664,65526000,0.0,0.0,GOOG
2017-05-01 00:00:00-04:00,44.76128469011674,45.44317073115996,44.73696528824315,45.2888298034668,42320000,0.0,0.0,GOOG
2017-05-02 00:00:00-04:00,45.14242724835839,45.695779807352466,45.13413903826958,45.48088836669922,31744000,0.0,0.0,GOOG
2017-05-03 00:00:00-04:00,45.40247141524718,46.059541988850334,45.28748529541386,46.00693893432617,29990000,0.0,0.0,GOOG
2017-05-04 00:00:00-04:00,45.95880294057706,46.44813291994641,45.885352517944334,46.23622131347656,28442000,0.0,0.0,GOOG
2017-05-05 00:00:00-04:00,46.329515622549145,46.39701019050465,45.91562012151198,46.01140213012695,38226000,0.0,0.0,GOOG
2017-05-08 00:00:00-04:00,45.96128900122679,46.497516155734196,45.91860982845395,46.367244720458984,26596000,0.0,0.0,GOOG
2017-05-09 00:00:00-04:00,46.49875105709951,46.52604648915845,46.13051451321091,46.261531829833984,31636000,0.0,0.0,GOOG
2017-05-10 00:00:00-04:00,46.25210099309267,46.253093003541906,45.91363990123135,46.093292236328125,23478000,0.0,0.0,GOOG
2017-05-11 00:00:00-04:00,45.921581987559854,46.2793986593498,45.807936204846335,46.183616638183594,16700000,0.0,0.0,GOOG
2017-05-12 00:00:00-04:00,46.229764280155294,46.32455427575338,46.04713593393289,46.264007568359375,21012000,0.0,0.0,GOOG
2017-05-15 00:00:00-04:00,46.30023570465546,46.56326232865718,46.12107939141929,46.50519943237305,22162000,0.0,0.0,GOOG
2017-05-16 00:00:00-04:00,46.65011492634763,46.804455843629945,46.53001729969409,46.79899978637695,19390000,0.0,0.0,GOOG
2017-05-17 00:00:00-04:00,46.43523000344474,46.61701402845444,45.565255754992194,45.638702392578125,47242000,0.0,0.0,GOOG
2017-05-18 00:00:00-04:00,45.707189883773566,46.31116145954097,45.5955281231808,46.16575241088867,31938000,0.0,0.0,GOOG
2017-05-19 00:00:00-04:00,46.226794569259525,46.53870235136343,46.20346717789845,46.352848052978516,27860000,0.0,0.0,GOOG
2017-05-22 00:00:00-04:00,46.401978890976345,46.74356747368186,46.401978890976345,46.74242401123047,22408000,0.0,0.0,GOOG
2017-05-23 00:00:00-04:00,47.043170243504406,47.21919909565694,46.77790966997185,47.08783721923828,25416000,0.0,0.0,GOOG
2017-05-24 00:00:00-04:00,47.29428178243206,47.398999461380285,47.12157731376715,47.392547607421875,20496000,0.0,0.0,GOOG
2017-05-25 00:00:00-04:00,47.51016761961398,48.26942289214357,47.417857638692354,48.11612319946289,33210000,0.0,0.0,GOOG
2017-05-26 00:00:00-04:00,48.12406428333508,48.386098930619966,47.892301101024955,48.21190643310547,25040000,0.0,0.0,GOOG
2017-05-30 00:00:00-04:00,48.15433686630226,48.44664677164796,48.11364171769658,48.430763244628906,29334000,0.0,0.0,GOOG
2017-05-31 00:00:00-04:00,48.38807922893853,48.598998815949265,47.651602372064126,47.88386154174805,48962000,0.0,0.0,GOOG
2017-06-01 00:00:00-04:00,48.0868410314482,48.21339430753962,47.643170023015905,47.987586975097656,28210000,0.0,0.0,GOOG
2017-06-02 00:00:00-04:00,48.112148696505194,48.4307582060517,47.940436239079666,48.41686248779297,35020000,0.0,0.0,GOOG
2017-06-05 00:00:00-04:00,48.46401101341419,48.97815639148954,48.392052393842036,48.81785583496094,25042000,0.0,0.0,GOOG
2017-06-06 00:00:00-04:00,48.79205699497941,49.04465998240771,48.39404116587857,48.46500778198242,36292000,0.0,0.0,GOOG
2017-06-07 00:00:00-04:00,48.63523376502066,48.83275366994126,48.43374581784428,48.681884765625,29078000,0.0,0.0,GOOG
2017-06-08 00:00:00-04:00,48.75185558665962,48.86202933149749,48.496272793201456,48.80446243286133,29638000,0.0,0.0,GOOG
2017-06-09 00:00:00-04:00,48.858551420704245,48.858551420704245,46.43324490847689,47.13795852661133,66188000,0.0,0.0,GOOG
2017-06-12 00:00:00-04:00,46.628280252393715,47.11438429413952,45.42098462870696,46.794036865234375,75270000,0.0,0.0,GOOG
2017-06-13 00:00:00-04:00,47.24118187457375,47.64167767282315,46.85308999251498,47.31512451171875,40266000,0.0,0.0,GOOG
2017-06-14 00:00:00-04:00,47.63869940387733,47.69974212162027,46.76177733464676,47.18410873413086,29794000,0.0,0.0,GOOG
2017-06-15 00:00:00-04:00,46.35085974128331,46.81582106596264,45.87790553905088,46.76475524902344,42662000,0.0,0.0,GOOG
2017-06-16 00:00:00-04:00,46.65011799104457,46.7513598539676,46.232996517886285,46.639198303222656,61894000,0.0,0.0,GOOG
2017-06-19 00:00:00-04:00,47.144409275854144,47.64217511566177,47.09924629759205,47.512149810791016,30666000,0.0,0.0,GOOG
2017-06-20 00:00:00-04:00,47.51959502424593,47.72307075535797,47.14689064032308,47.17766189575195,22520000,0.0,0.0,GOOG
2017-06-21 00:00:00-04:00,47.327037467885646,47.64763478887066,47.18410845545118,47.61537551879883,24044000,0.0,0.0,GOOG
2017-06-22 00:00:00-04:00,47.57815131998193,47.67839737008507,47.37219559043966,47.49824905395508,18828000,0.0,0.0,GOOG
2017-06-23 00:00:00-04:00,47.48535061817338,47.94043729431351,47.354829307448945,47.92008972167969,30558000,0.0,0.0,GOOG
2017-06-26 00:00:00-04:00,48.13398264888684,48.303215074551744,47.18559801680138,47.2590446472168,31968000,0.0,0.0,GOOG
2017-06-27 00:00:00-04:00,46.77220036875806,47.061530427789705,45.99750839207663,46.021331787109375,51598000,0.0,0.0,GOOG
2017-06-28 00:00:00-04:00,46.10421795077958,46.78660006747591,45.45905516229217,46.674442291259766,54428000,0.0,0.0,GOOG
2017-06-29 00:00:00-04:00,46.149865808451395,46.21636836965115,45.19204945658739,45.547882080078125,65984000,0.0,0.0,GOOG
2017-06-30 00:00:00-04:00,45.95781335510783,45.95781335510783,45.077415392708794,45.09825897216797,41804000,0.0,0.0,GOOG
2017-07-03 00:00:00-04:00,45.26946901033317,45.35681135777333,44.406438926937405,44.600486755371094,34196000,0.0,0.0,GOOG
2017-07-05 00:00:00-04:00,44.75235311306236,45.38510434941178,44.59056453309868,45.24614715576172,36278000,0.0,0.0,GOOG
2017-07-06 00:00:00-04:00,44.86946779652247,45.406637604065175,44.65011235196556,44.99700927734375,28490000,0.0,0.0,GOOG
2017-07-07 00:00:00-04:00,45.104215105005395,45.73399032630195,45.104215105005395,45.587589263916016,32756000,0.0,0.0,GOOG
2017-07-10 00:00:00-04:00,45.745399285346814,46.17269449719142,45.6372095749869,46.09428024291992,23856000,0.0,0.0,GOOG
2017-07-11 00:00:00-04:00,46.1310106896659,46.2248048976662,45.7568145092016,46.15830612182617,22264000,0.0,0.0,GOOG
2017-07-12 00:00:00-04:00,46.584600533981394,46.96276471532122,46.3756687710078,46.840187072753906,30642000,0.0,0.0,GOOG
2017-07-13 00:00:00-04:00,46.96227605698227,47.367239725721824,46.79949925287977,47.005455017089844,25894000,0.0,0.0,GOOG
2017-07-14 00:00:00-04:00,47.245652462319704,47.489327353894744,47.047390449678595,47.443668365478516,21076000,0.0,0.0,GOOG
2017-07-17 00:00:00-04:00,47.493784664627135,47.679392837251136,47.10872560953818,47.31612014770508,23310000,0.0,0.0,GOOG
2017-07-18 00:00:00-04:00,47.295276371476426,48.04167710038074,47.176166972039134,47.91065979003906,23080000,0.0,0.0,GOOG
2017-07-19 00:00:00-04:00,48.03175962797341,48.28982626194624,47.842679379619064,48.18312454223633,24490000,0.0,0.0,GOOG
2017-07-20 00:00:00-04:00,48.38708730819932,48.43175049444477,47.717609015627566,48.04713821411133,32490000,0.0,0.0,GOOG
2017-07-21 00:00:00-04:00,47.75433395090197,48.29924680210186,47.65011605983089,48.28386306762695,34220000,0.0,0.0,GOOG
2017-07-24 00:00:00-04:00,48.24912376395567,48.942921480189746,48.177165143809155,48.652099609375,64966000,0.0,0.0,GOOG
2017-07-25 00:00:00-04:00,47.33547801874476,47.627787926503736,46.91811041891342,47.18113708496094,93220000,0.0,0.0,GOOG
2017-07-26 00:00:00-04:00,47.37864943513754,47.39452917345917,46.763213024547845,47.037208557128906,41766000,0.0,0.0,GOOG
2017-07-27 00:00:00-04:00,47.23472934835672,47.23472934835672,45.657557796490224,46.3568115234375,64260000,0.0,0.0,GOOG
2017-07-28 00:00:00-04:00,46.12406000121661,46.84018926128604,46.02976600748313,46.726043701171875,36928000,0.0,0.0,GOOG
2017-07-31 00:00:00-04:00,46.74391413660201,46.828280459211264,45.9573104420471,46.178653717041016,39402000,0.0,0.0,GOOG
2017-08-01 00:00:00-04:00,46.271948850646496,46.52341212046593,46.11711193439397,46.19502639770508,25554000,0.0,0.0,GOOG
2017-08-02 00:00:00-04:00,46.08486054006636,46.28287644532785,45.49280063166004,46.17319869995117,36488000,0.0,0.0,GOOG
2017-08-03 00:00:00-04:00,46.17071240541818,46.26500640976916,45.76872855326852,45.83870315551758,24050000,0.0,0.0,GOOG
2017-08-04 00:00:00-04:00,45.99255393310528,46.16907879933005,45.80793774434774,46.0526008605957,21646000,0.0,0.0,GOOG
2017-08-07 00:00:00-04:00,46.10718639836257,46.23820371292688,45.98014091176052,46.122074127197266,20644000,0.0,0.0,GOOG
2017-08-08 00:00:00-04:00,46.00942126794548,46.44237324213131,45.935970846445734,45.99453353881836,21232000,0.0,0.0,GOOG
2017-08-09 00:00:00-04:00,45.68783358825149,45.954336065452665,45.52108495789973,45.801483154296875,23842000,0.0,0.0,GOOG
2017-08-10 00:00:00-04:00,45.535968791269354,45.62083490118997,44.96922038414177,45.02430725097656,36480000,0.0,0.0,GOOG
2017-08-11 00:00:00-04:00,45.06053708272487,45.54738703170126,44.941927467836045,45.379150390625,24136000,0.0,0.0,GOOG
2017-08-14 00:00:00-04:00,45.7831179060402,45.889221373235564,45.567734266479526,45.79006576538086,21290000,0.0,0.0,GOOG
2017-08-15 00:00:00-04:00,45.86748840823038,45.982625996210196,45.64863271220587,45.767738342285156,17668000,0.0,0.0,GOOG
2017-08-16 00:00:00-04:00,45.92008953038423,46.287830057876775,45.82852545583672,46.002967834472656,20134000,0.0,0.0,GOOG
2017-08-17 00:00:00-04:00,45.94440797677057,45.99800304141589,45.20991516113281,45.20991516113281,25544000,0.0,0.0,GOOG
2017-08-18 00:00:00-04:00,45.17666675487365,45.423067761142036,45.02004269375686,45.19453430175781,26854000,0.0,0.0,GOOG
2017-08-21 00:00:00-04:00,45.16128962903536,45.31017451595876,44.83374439232387,44.99553298950195,18868000,0.0,0.0,GOOG
2017-08-22 00:00:00-04:00,45.29627213762163,45.94837891083374,45.23448351769891,45.890316009521484,23334000,0.0,0.0,GOOG
2017-08-23 00:00:00-04:00,45.753344329484456,46.15036433866498,45.625799043721415,46.00495529174805,21804000,0.0,0.0,GOOG
2017-08-24 00:00:00-04:00,46.08734097552345,46.19553070605173,45.43424212276142,45.72108840942383,25406000,0.0,0.0,GOOG
2017-08-25 00:00:00-04:00,45.83076261868448,45.93324260120297,45.43423861627441,45.453590393066406,21068000,0.0,0.0,GOOG
2017-08-28 00:00:00-04:00,45.45905041289345,45.6200930905454,45.25408666076372,45.350364685058594,21730000,0.0,0.0,GOOG
2017-08-29 00:00:00-04:00,44.91810507703027,45.82281854396294,44.91314123882906,45.72157669067383,23712000,0.0,0.0,GOOG
2017-08-30 00:00:00-04:00,45.66004523859853,46.19448902296728,45.64019366893288,46.132503509521484,26024000,0.0,0.0,GOOG
2017-08-31 00:00:00-04:00,46.241186637666125,46.74838039403895,46.241186637666125,46.61686706542969,31652000,0.0,0.0,GOOG
2017-09-01 00:00:00-04:00,46.706196581809024,46.77319515143556,46.40942264081455,46.51810836791992,18948000,0.0,0.0,GOOG
2017-09-05 00:00:00-04:00,46.30669493782445,46.501235015196514,45.75483418739369,46.07691955566406,26528000,0.0,0.0,GOOG
2017-09-06 00:00:00-04:00,46.16128416457899,46.199249390018984,45.621335133054494,46.0451545715332,30554000,0.0,0.0,GOOG
2017-09-07 00:00:00-04:00,46.239691809203734,46.47195098106808,45.83721197955997,46.44912338256836,24254000,0.0,0.0,GOOG
2017-09-08 00:00:00-04:00,46.475922499812725,46.50073411898231,45.89974240716335,45.980140686035156,20230000,0.0,0.0,GOOG
2017-09-11 00:00:00-04:00,46.364755750091,46.56971569818122,46.000983268514176,46.108177185058594,25340000,0.0,0.0,GOOG
2017-09-12 00:00:00-04:00,46.28238395926626,46.326551149417156,45.84918201098214,46.25657653808594,22688000,0.0,0.0,GOOG
2017-09-13 00:00:00-04:00,46.18659687556188,46.51364229341428,46.1468937375189,46.40644836425781,22052000,0.0,0.0,GOOG
2017-09-14 00:00:00-04:00,46.21587331808351,46.29130776092807,45.85607264548448,45.91115951538086,27952000,0.0,0.0,GOOG
2017-09-15 00:00:00-04:00,45.88883056417229,45.97964874668832,45.476919029280324,45.67195510864258,50108000,0.0,0.0,GOOG
2017-09-18 00:00:00-04:00,45.65805492580574,45.760784796861834,45.19105656349604,45.409420013427734,26138000,0.0,0.0,GOOG
2017-09-19 00:00:00-04:00,45.52952327536885,45.77766221326404,45.28783619218213,45.74739074707031,18734000,0.0,0.0,GOOG
2017-09-20 00:00:00-04:00,45.805450962608845,46.34639578432198,45.756815945670915,46.23225021362305,33396000,0.0,0.0,GOOG
2017-09-21 00:00:00-04:00,46.302720387805934,46.47790487660978,45.84763373476711,46.27542495727539,25812000,0.0,0.0,GOOG
2017-09-22 00:00:00-04:00,46.0421718768786,46.388572798628836,45.97914514393597,46.08087921142578,21054000,0.0,0.0,GOOG
2017-09-25 00:00:00-04:00,45.92802758862629,45.97517458491713,45.146391576717626,45.70569610595703,37136000,0.0,0.0,GOOG
2017-09-26 00:00:00-04:00,45.842179231470105,46.194536057173885,45.71413793839541,45.89875411987305,33338000,0.0,0.0,GOOG
2017-09-27 00:00:00-04:00,46.0416807784182,47.14143036797624,46.0416807784182,46.87294387817383,44788000,0.0,0.0,GOOG
2017-09-28 00:00:00-04:00,46.71761036695246,47.18063691371901,46.67741122681818,47.121578216552734,20406000,0.0,0.0,GOOG
2017-09-29 00:00:00-04:00,47.24565031301964,47.63205354155148,47.22133469727457,47.598506927490234,31620000,0.0,0.0,GOOG
2017-10-02 00:00:00-04:00,47.64167891063977,47.768724397414616,47.03919539312805,47.308677673339844,25668000,0.0,0.0,GOOG
2017-10-03 00:00:00-04:00,47.344901312423936,47.54341318312258,47.10371027930535,47.532989501953125,17766000,0.0,0.0,GOOG
2017-10-04 00:00:00-04:00,47.49378549287015,47.66202591404066,47.18063582654868,47.229766845703125,19048000,0.0,0.0,GOOG
2017-10-05 00:00:00-04:00,47.41884960605897,48.18410988773783,47.403462086281706,48.136962890625,24276000,0.0,0.0,GOOG
2017-10-06 00:00:00-04:00,47.97517562328337,48.60842660192808,47.80941901427693,48.58013916015625,23478000,0.0,0.0,GOOG
2017-10-09 00:00:00-04:00,48.63522442368395,48.90445679628668,48.44217238968034,48.4863395690918,17828000,0.0,0.0,GOOG
2017-10-10 00:00:00-04:00,48.6352270144884,48.713141482241916,47.94440912788304,48.267982482910156,19368000,0.0,0.0,GOOG
2017-10-11 00:00:00-04:00,48.32356767385465,49.16674249989779,48.25061325473489,49.09428787231445,33866000,0.0,0.0,GOOG
2017-10-12 00:00:00-04:00,49.00495175632329,49.33596895151522,48.88336233465673,49.023807525634766,25248000,0.0,0.0,GOOG
2017-10-13 00:00:00-04:00,49.23075726054038,49.4893198473855,49.08187618925017,49.115623474121094,23396000,0.0,0.0,GOOG
2017-10-16 00:00:00-04:00,49.23573013556389,49.3254086488448,48.833746247110966,49.23076629638672,18210000,0.0,0.0,GOOG
2017-10-17 00:00:00-04:00,49.14589850551029,49.451108320805176,49.06153218035553,49.23969650268555,25804000,0.0,0.0,GOOG
2017-10-18 00:00:00-04:00,49.21935071130757,49.46500583087603,48.981385566274305,49.27096176147461,21152000,0.0,0.0,GOOG
2017-10-19 00:00:00-04:00,48.93299393103233,49.07592294755481,48.55532570983306,48.85607147216797,26272000,0.0,0.0,GOOG
2017-10-20 00:00:00-04:00,49.10371401685845,49.18113248036504,48.862522959792216,49.04217529296875,23664000,0.0,0.0,GOOG
2017-10-23 00:00:00-04:00,49.10768548447024,49.10768548447024,47.94639339519753,48.06202697753906,29568000,0.0,0.0,GOOG
2017-10-24 00:00:00-04:00,48.13895298207021,48.24962273410961,47.69230214559519,48.16575241088867,24244000,0.0,0.0,GOOG
2017-10-25 00:00:00-04:00,48.058051970674605,48.44118000459799,47.66847586937394,48.30420684814453,24226000,0.0,0.0,GOOG
2017-10-26 00:00:00-04:00,48.63522736704138,49.01239957821491,48.24813126523405,48.265995025634766,40842000,0.0,0.0,GOOG
2017-10-27 00:00:00-04:00,50.08386438970749,52.02927267947317,50.03473336653514,50.58411407470703,103354000,0.0,0.0,GOOG
2017-10-30 00:00:00-04:00,50.322572531822665,50.86698936988566,49.99999118626432,50.47691345214844,41702000,0.0,0.0,GOOG
2017-10-31 00:00:00-04:00,50.38311978883886,50.81885090882115,50.144904762781685,50.453590393066406,26614000,0.0,0.0,GOOG
2017-11-01 00:00:00-04:00,50.481879767040475,51.10024306170599,50.46897605822922,50.89329528808594,27468000,0.0,0.0,GOOG
2017-11-02 00:00:00-04:00,50.70768254421325,51.02182421571997,50.27343946228091,50.89725875854492,20980000,0.0,0.0,GOOG
2017-11-03 00:00:00-04:00,50.725051318627195,51.24812856276158,50.63572115995284,51.23969268798828,21528000,0.0,0.0,GOOG
2017-11-06 00:00:00-05:00,51.06649586194201,51.35830596751635,50.868479968581084,50.913143157958984,22504000,0.0,0.0,GOOG
2017-11-07 00:00:00-05:00,50.98112986073933,51.31363887477932,50.874927953010854,51.28187561035156,22246000,0.0,0.0,GOOG
2017-11-08 00:00:00-05:00,51.14243069544163,51.787691918401094,51.03970080750984,51.6054573059082,21774000,0.0,0.0,GOOG
2017-11-09 00:00:00-05:00,51.31463478412583,51.31463478412583,50.603764618087496,51.17914962768555,24904000,0.0,0.0,GOOG
2017-11-10 00:00:00-05:00,50.94093738512943,51.15433322304356,50.88237469128597,51.020835876464844,14400000,0.0,0.0,GOOG
2017-11-13 00:00:00-05:00,50.79007087877265,51.19503077087245,50.747887714441404,50.90570068359375,17716000,0.0,0.0,GOOG
2017-11-14 00:00:00-05:00,50.748877424195406,50.958305220597,50.33001804509275,50.91810607910156,19184000,0.0,0.0,GOOG
2017-11-15 00:00:00-05:00,50.5811305338434,50.82331359517658,50.39304233043226,50.66550064086914,17080000,0.0,0.0,GOOG
2017-11-16 00:00:00-05:00,50.745402481436805,51.410416773354946,50.745402481436805,51.24068832397461,22594000,0.0,0.0,GOOG
2017-11-17 00:00:00-05:00,51.31562882099525,51.33597639552678,50.508681272263736,50.57518005371094,27942000,0.0,0.0,GOOG
2017-11-20 00:00:00-05:00,50.633245690072435,50.749871290677724,50.49627251535985,50.53994369506836,19070000,0.0,0.0,GOOG
2017-11-21 00:00:00-05:00,50.784606479356626,51.37021446123188,50.75210109983056,51.33944320678711,21940000,0.0,0.0,GOOG
2017-11-22 00:00:00-05:00,51.3647562863004,51.598302807565666,51.18758397720592,51.41239929199219,14926000,0.0,0.0,GOOG
2017-11-24 00:00:00-05:00,51.407930382493554,51.77061242442869,51.364755211029625,51.643165588378906,10740000,0.0,0.0,GOOG
2017-11-27 00:00:00-05:00,51.61289794040864,52.38014233808192,51.53547947191954,52.31810760498047,26158000,0.0,0.0,GOOG
2017-11-28 00:00:00-05:00,52.36177680574575,52.723315372195174,51.612892257425585,51.98063278198242,28488000,0.0,0.0,GOOG
2017-11-29 00:00:00-05:00,51.74589922487287,51.81537782295853,50.404462490269424,50.70272445678711,49188000,0.0,0.0,GOOG
2017-11-30 00:00:00-05:00,50.73795443504229,51.041676213734505,50.3721979298355,50.690311431884766,34480000,0.0,0.0,GOOG
2017-12-01 00:00:00-05:00,50.41190205066266,50.74391127737167,49.72803203001534,50.13249588012695,38192000,0.0,0.0,GOOG
2017-12-04 00:00:00-05:00,50.25606880836923,50.42678925572848,49.40793020140598,49.56227111816406,38128000,0.0,0.0,GOOG
2017-12-05 00:00:00-05:00,49.42629115261506,50.650606099304724,49.04614294055463,49.88336181640625,41346000,0.0,0.0,GOOG
2017-12-06 00:00:00-05:00,49.702228692525665,50.866992896532004,49.684361144663306,50.53994369506836,25440000,0.0,0.0,GOOG
2017-12-07 00:00:00-05:00,50.641683655312185,51.32704556240526,50.5246112665219,51.162776947021484,29164000,0.0,0.0,GOOG
2017-12-08 00:00:00-05:00,51.48832728697451,51.71463060665092,51.2417748389267,51.46649169921875,25816000,0.0,0.0,GOOG
2017-12-11 00:00:00-05:00,51.38956991510815,51.80147762923954,51.218353460935184,51.667484283447266,23856000,0.0,0.0,GOOG
2017-12-12 00:00:00-05:00,51.594527961705865,52.12455304909128,51.29974185459812,51.63671112060547,25590000,0.0,0.0,GOOG
2017-12-13 00:00:00-05:00,51.916615913582454,51.9436614498244,51.53249584473959,51.643165588378906,25654000,0.0,0.0,GOOG
2017-12-14 00:00:00-05:00,51.86103414127662,52.53100846622461,51.76723614553814,52.06698989868164,31174000,0.0,0.0,GOOG
2017-12-15 00:00:00-05:00,52.33795458082559,52.983613268189714,52.08435582661199,52.81338882446289,65518000,0.0,0.0,GOOG
2017-12-18 00:00:00-05:00,52.90718904579441,53.52306851514536,52.704705323539706,53.45606994628906,31092000,0.0,0.0,GOOG
2017-12-19 00:00:00-05:00,53.3597906783683,53.44118096955348,52.78163033768194,53.135475158691406,26774000,0.0,0.0,GOOG
2017-12-20 00:00:00-05:00,53.19006564048792,53.26946812393466,52.68088410532427,52.85110855102539,25372000,0.0,0.0,GOOG
2017-12-21 00:00:00-05:00,52.85111312642187,53.068480804015806,52.69448526808906,52.78560256958008,19914000,0.0,0.0,GOOG
2017-12-22 00:00:00-05:00,52.66054307467154,52.81389200326739,52.577664758135285,52.611412048339844,15102000,0.0,0.0,GOOG
2017-12-26 00:00:00-05:00,52.5096673204526,52.611405183065564,52.11909540084048,52.44366455078125,15212000,0.0,0.0,GOOG
2017-12-27 00:00:00-05:00,52.47591568392906,52.524550694606994,52.01239317383143,52.07789993286133,25438000,0.0,0.0,GOOG
2017-12-28 00:00:00-05:00,52.18858106237623,52.34490601205693,51.849620167414976,52.016868591308594,16742000,0.0,0.0,GOOG
2017-12-29 00:00:00-05:00,51.946391214026214,52.09428406610581,51.85606904335651,51.930511474609375,17750000,0.0,0.0,GOOG
2018-01-02 00:00:00-05:00,52.02678531507236,52.94986230134308,51.87244440762036,52.85358428955078,24752000,0.0,0.0,GOOG
2018-01-03 00:00:00-05:00,52.81934333525549,53.91016098945797,52.76475247339593,53.7210807800293,28604000,0.0,0.0,GOOG
2018-01-04 00:00:00-05:00,53.995032801077066,54.271459175928854,53.79661934317085,53.915626525878906,20092000,0.0,0.0,GOOG
2018-01-05 00:00:00-05:00,54.29279721142535,54.80148276178872,54.193539370259614,54.70123291015625,25582000,0.0,0.0,GOOG
2018-01-08 00:00:00-05:00,54.70122749445384,55.14986229046725,54.670956033017525,54.934974670410156,20952000,0.0,0.0,GOOG
2018-01-09 00:00:00-05:00,55.0570625781523,55.115125477717996,54.651652154598466,54.90122985839844,18050000,0.0,0.0,GOOG
2018-01-10 00:00:00-05:00,54.44663484507749,54.81884318045781,54.39750382945356,54.72008514404297,20856000,0.0,0.0,GOOG
2018-01-11 00:00:00-05:00,54.90320928749849,54.914375083161936,54.570208079358615,54.864501953125,19566000,0.0,0.0,GOOG
2018-01-12 00:00:00-05:00,54.710166311283736,55.7960240273906,54.6476355734461,55.69527816772461,34410000,0.0,0.0,GOOG
2018-01-16 00:00:00-05:00,56.20395686791563,56.571201379835045,55.475522136392314,55.67045974731445,31506000,0.0,0.0,GOOG
2018-01-17 00:00:00-05:00,55.89180383174745,56.20842933665583,55.43472933517314,56.17765808105469,24052000,0.0,0.0,GOOG
2018-01-18 00:00:00-05:00,56.14937182540565,56.20396269197885,55.459049909433055,56.068973541259766,23964000,0.0,0.0,GOOG
2018-01-19 00:00:00-05:00,56.17021644247376,56.46947420368151,55.99503193274338,56.45210266113281,35564000,0.0,0.0,GOOG
2018-01-22 00:00:00-05:00,56.451105393016405,57.56227063210888,56.33299178810452,57.360286712646484,32360000,0.0,0.0,GOOG
2018-01-23 00:00:00-05:00,57.56078511383782,58.14524964937371,57.50619424897152,58.063018798828125,26662000,0.0,0.0,GOOG
2018-01-24 00:00:00-05:00,58.428278935273944,58.5538364091276,57.62033944134248,57.77865219116211,28332000,0.0,0.0,GOOG
2018-01-25 00:00:00-05:00,58.19006440615728,58.35929684484292,57.70520226187664,58.08287048339844,29610000,0.0,0.0,GOOG
2018-01-26 00:00:00-05:00,58.31661664240436,58.354331970214844,57.47443007831587,58.354331970214844,40376000,0.0,0.0,GOOG
2018-01-29 00:00:00-05:00,58.38609382169802,58.90271921009497,58.162766532632624,58.341426849365234,27578000,0.0,0.0,GOOG
2018-01-30 00:00:00-05:00,57.95681400019914,58.38808108207836,57.74291837071484,57.75135803222656,31126000,0.0,0.0,GOOG
2018-01-31 00:00:00-05:00,58.092794541260176,58.21339196429759,57.525054087435535,58.06153106689453,30774000,0.0,0.0,GOOG
2018-02-01 00:00:00-05:00,57.69776018582842,58.26302062942556,57.44515342617763,57.95036315917969,48242000,0.0,0.0,GOOG
2018-02-02 00:00:00-05:00,55.68237115370843,55.73547400239868,54.95175168171802,55.18113327026367,97158000,0.0,0.0,GOOG
2018-02-05 00:00:00-05:00,54.12406330019608,55.08684357978296,52.20992222082111,52.39701843261719,75966000,0.0,0.0,GOOG
2018-02-06 00:00:00-05:00,50.976663492071545,53.682863964922404,50.776016144932,53.627777099609375,68960000,0.0,0.0,GOOG
2018-02-07 00:00:00-05:00,53.67443453937646,53.68634623771288,52.022820391908624,52.03870391845703,47384000,0.0,0.0,GOOG
2018-02-08 00:00:00-05:00,52.37765368049451,52.5369584247816,49.66053357566595,49.70321273803711,57182000,0.0,0.0,GOOG
2018-02-09 00:00:00-05:00,50.483860811368885,51.80991748741445,49.258549987379055,51.50271987915039,70118000,0.0,0.0,GOOG
2018-02-12 00:00:00-05:00,52.00991608653701,52.67989037385945,51.658945080736665,52.205448150634766,41154000,0.0,0.0,GOOG
2018-02-13 00:00:00-05:00,51.86103354330303,52.5245560063745,51.81572289856643,52.2133903503418,25302000,0.0,0.0,GOOG
2018-02-14 00:00:00-05:00,52.057062785079864,53.18708764800204,51.94788483988162,53.08684158325195,31116000,0.0,0.0,GOOG
2018-02-15 00:00:00-05:00,53.55184808807386,54.16768207726366,52.82083109149914,54.07046127319336,36868000,0.0,0.0,GOOG
2018-02-16 00:00:00-05:00,54.01537515079228,54.8223226022631,54.010558978167694,54.332496643066406,33590000,0.0,0.0,GOOG
2018-02-20 00:00:00-05:00,54.12257443655203,55.2828708064444,54.020836566065846,54.712650299072266,28462000,0.0,0.0,GOOG
2018-02-21 00:00:00-05:00,54.91165613318555,56.27642020301784,54.90470827366589,55.153343200683594,30258000,0.0,0.0,GOOG
2018-02-22 00:00:00-05:00,55.394036046654044,55.72306545709481,54.7190979034279,54.919593811035156,26344000,0.0,0.0,GOOG
2018-02-23 00:00:00-05:00,55.217859908546615,55.944409152405285,54.824508815748224,55.92009353637695,25220000,0.0,0.0,GOOG
2018-02-26 00:00:00-05:00,55.97021599895641,56.77220346784738,55.91537902241603,56.76177978515625,31182000,0.0,0.0,GOOG
2018-02-27 00:00:00-05:00,56.63721343657824,56.77617062830554,55.4838649589421,55.49825668334961,35482000,0.0,0.0,GOOG
2018-02-28 00:00:00-05:00,55.733487610623385,55.956811110673875,54.75135188573955,54.82529830932617,37652000,0.0,0.0,GOOG
2018-03-01 00:00:00-05:00,54.98112861157505,55.09279035669693,52.95289151200574,53.077903747558594,50318000,0.0,0.0,GOOG
2018-03-02 00:00:00-05:00,52.262025157385395,53.69721057452737,52.0156241533111,53.54440689086914,45432000,0.0,0.0,GOOG
2018-03-05 00:00:00-05:00,53.35681421042986,54.44663989340734,53.05210041249542,54.140438079833984,24044000,0.0,0.0,GOOG
2018-03-06 00:00:00-05:00,54.55184970646674,54.682371016958115,54.08311720835521,54.34539794921875,30656000,0.0,0.0,GOOG
2018-03-07 00:00:00-05:00,54.05408250714306,55.19701100777629,53.87006457804611,55.0689697265625,25850000,0.0,0.0,GOOG
2018-03-08 00:00:00-05:00,55.35085715301563,55.96028853250133,55.22579568650959,55.880882263183594,27102000,0.0,0.0,GOOG
2018-03-09 00:00:00-05:00,56.37715799102591,57.607928615586886,56.20152671734672,57.57020950317383,42560000,0.0,0.0,GOOG
2018-03-12 00:00:00-04:00,57.75929419952639,58.414380759798085,57.440184900912406,57.79154968261719,43446000,0.0,0.0,GOOG
2018-03-13 00:00:00-04:00,58.06450343077077,58.39998847027691,56.24465280300403,56.4848518371582,38144000,0.0,0.0,GOOG
2018-03-14 00:00:00-04:00,56.834238469691485,57.49825697203579,56.64713847600175,57.0466423034668,25828000,0.0,0.0,GOOG
2018-03-15 00:00:00-04:00,57.06996887189512,57.62182960015321,56.30470851615093,57.051109313964844,27908000,0.0,0.0,GOOG
2018-03-16 00:00:00-04:00,57.277407220953144,57.36375755971805,56.176661900201736,56.3637580871582,61840000,0.0,0.0,GOOG
2018-03-19 00:00:00-04:00,55.58361427582476,55.681876319189044,54.04515372380921,54.58163070678711,56118000,0.0,0.0,GOOG
2018-03-20 00:00:00-04:00,54.54093219932872,54.84862201899151,53.769716056783,54.47691345214844,36638000,0.0,0.0,GOOG
2018-03-21 00:00:00-04:00,54.230264690475025,54.903215035822676,53.85358848427491,54.13795471191406,37578000,0.0,0.0,GOOG
2018-03-22 00:00:00-04:00,53.69130922062191,53.74192825829559,51.90619775260949,52.063514709472656,53340000,0.0,0.0,GOOG
2018-03-23 00:00:00-04:00,51.961783514058624,52.77220309856432,50.68088968963551,50.69825744628906,43134000,0.0,0.0,GOOG
2018-03-26 00:00:00-04:00,51.910657946187136,52.38857598927086,50.04465232842335,52.26847457885742,53302000,0.0,0.0,GOOG
2018-03-27 00:00:00-04:00,52.754331152177684,52.84559610561771,49.47492663287411,49.880882263183594,61906000,0.0,0.0,GOOG
2018-03-28 00:00:00-04:00,49.5285228621433,50.83025620919586,48.66698462484414,49.85408020019531,67386000,0.0,0.0,GOOG
2018-03-29 00:00:00-04:00,50.20495266962171,51.76177666141171,49.77170159991489,51.205448150634766,54536000,0.0,0.0,GOOG
2018-04-02 00:00:00-04:00,50.76029081514383,51.35483450713833,49.14987158617625,49.94887924194336,53608000,0.0,0.0,GOOG
2018-04-03 00:00:00-04:00,50.31810843543543,50.66947325473178,49.33349257574345,50.293296813964844,45502000,0.0,0.0,GOOG
2018-04-04 00:00:00-04:00,49.30073936197883,51.052997119904965,49.28039178848185,50.87542724609375,49694000,0.0,0.0,GOOG
2018-04-05 00:00:00-04:00,51.678900865440376,51.7513554900192,50.62683972489518,51.007930755615234,27260000,0.0,0.0,GOOG
2018-04-06 00:00:00-04:00,50.620336263374114,51.18708467027028,49.77815352241644,49.9771614074707,34928000,0.0,0.0,GOOG
2018-04-09 00:00:00-04:00,50.46153745663364,51.59305047253901,50.326548291574085,50.39453887939453,35032000,0.0,0.0,GOOG
2018-04-10 00:00:00-04:00,50.939939089910794,51.428277039610286,50.19056230891741,51.19800567626953,39490000,0.0,0.0,GOOG
2018-04-11 00:00:00-04:00,51.0168703421532,51.184311871676165,50.415378779391325,50.61885452270508,29678000,0.0,0.0,GOOG
2018-04-12 00:00:00-04:00,50.8704600741607,51.64713606649352,50.691553648349895,51.241180419921875,27140000,0.0,0.0,GOOG
2018-04-13 00:00:00-04:00,51.65657112681037,51.931509498660986,50.768233259935926,51.08039474487305,24460000,0.0,0.0,GOOG
2018-04-16 00:00:00-04:00,51.464006893852805,51.7736845169661,50.95482916728013,51.51264190673828,24224000,0.0,0.0,GOOG
2018-04-17 00:00:00-04:00,52.17716114101497,53.492794112984804,52.02281643850836,53.30817794799805,46406000,0.0,0.0,GOOG
2018-04-18 00:00:00-04:00,53.47045890293108,53.47045890293108,52.91438027595463,53.204952239990234,26882000,0.0,0.0,GOOG
2018-04-19 00:00:00-04:00,53.071958838418944,54.300987975299435,53.01141211791809,53.98014450073242,34954000,0.0,0.0,GOOG
2018-04-20 00:00:00-04:00,53.697253855960355,54.21090317161349,53.080382458313004,53.248619079589844,37794000,0.0,0.0,GOOG
2018-04-23 00:00:00-04:00,53.491799310289814,53.73299034603568,52.640184928098655,52.97517395019531,46826000,0.0,0.0,GOOG
2018-04-24 00:00:00-04:00,52.208422235143956,52.456561131292545,50.15333647275878,50.61934280395508,95206000,0.0,0.0,GOOG
2018-04-25 00:00:00-04:00,50.89428911533289,51.24019409419192,50.387587562131614,50.67890167236328,47822000,0.0,0.0,GOOG
2018-04-26 00:00:00-04:00,51.09230211972928,52.00892742257072,50.530517469151015,51.61488342285156,41590000,0.0,0.0,GOOG
2018-04-27 00:00:00-04:00,51.910662441237456,52.08435893177367,50.89775916591828,51.11909866333008,32396000,0.0,0.0,GOOG
2018-04-30 00:00:00-04:00,51.11711798033736,51.46401497882495,50.464015346973966,50.48783874511719,33426000,0.0,0.0,GOOG
2018-05-01 00:00:00-04:00,50.30569702956278,51.5369637153954,50.0352265217496,51.47939682006836,28558000,0.0,0.0,GOOG
2018-05-02 00:00:00-04:00,51.022319894438645,51.63219803316886,50.76276908636814,50.83770751953125,32062000,0.0,0.0,GOOG
2018-05-03 00:00:00-04:00,50.57071513096834,51.10049038805684,49.939944117709636,50.80495834350586,36302000,0.0,0.0,GOOG
2018-05-04 00:00:00-04:00,50.466495656884376,52.03522769547663,50.466495656884376,52.02033996582031,38774000,0.0,0.0,GOOG
2018-05-07 00:00:00-04:00,52.07095533780392,52.68882257913594,51.96524943564682,52.346885681152344,29322000,0.0,0.0,GOOG
2018-05-08 00:00:00-04:00,52.53299038476868,52.63274422551583,51.967483869979674,52.30321502685547,24354000,0.0,0.0,GOOG
2018-05-09 00:00:00-04:00,52.51115864962099,53.867982881320565,52.42505441144925,53.734981536865234,40656000,0.0,0.0,GOOG
2018-05-10 00:00:00-04:00,53.89725882767105,54.612396109503536,53.877907051906945,54.469966888427734,28860000,0.0,0.0,GOOG
2018-05-11 00:00:00-04:00,54.272944230471595,54.656568298649965,54.139446886480506,54.504207611083984,25074000,0.0,0.0,GOOG
2018-05-14 00:00:00-04:00,54.59056286445841,55.12406003247765,54.54639568113281,54.600486755371094,30362000,0.0,0.0,GOOG
2018-05-15 00:00:00-04:00,54.094284524826406,54.096764550957,53.27393731642061,53.559791564941406,29898000,0.0,0.0,GOOG
2018-05-16 00:00:00-04:00,53.464512545080375,54.05806045285485,53.412401702818215,53.68585205078125,21946000,0.0,0.0,GOOG
2018-05-17 00:00:00-04:00,53.59254896885641,53.938949945409796,53.275427447004056,53.52803421020508,20876000,0.0,0.0,GOOG
2018-05-18 00:00:00-04:00,52.69775425581037,53.09874984777895,52.639195352004336,52.92108154296875,31304000,0.0,0.0,GOOG
2018-05-21 00:00:00-04:00,53.303213561287905,53.99502722109449,53.28286598934361,53.5771598815918,20464000,0.0,0.0,GOOG
2018-05-22 00:00:00-04:00,53.774679311205865,53.925048396722396,52.93745662348038,53.08832550048828,21800000,0.0,0.0,GOOG
2018-05-23 00:00:00-04:00,52.86004512635948,53.63672120624044,52.69031667079601,53.58262634277344,21214000,0.0,0.0,GOOG
2018-05-24 00:00:00-04:00,53.548375778423335,53.62132640437116,52.91065698322221,53.56028747558594,15336000,0.0,0.0,GOOG
2018-05-25 00:00:00-04:00,53.54937038831117,53.72505089164157,53.28907366720822,53.38262176513672,17988000,0.0,0.0,GOOG
2018-05-29 00:00:00-04:00,52.848133426498684,53.26897684914661,52.36823508780978,52.621334075927734,37302000,0.0,0.0,GOOG
2018-05-30 00:00:00-04:00,52.755819061463555,53.062516860320976,52.448125465945566,52.9925422668457,22770000,0.0,0.0,GOOG
2018-05-31 00:00:00-04:00,52.980639287881765,54.451113148387016,52.980639287881765,53.84565353393555,61766000,0.0,0.0,GOOG
2018-06-01 00:00:00-04:00,54.55830052140517,55.58311542364438,54.51611736137707,55.55830001831055,48432000,0.0,0.0,GOOG
2018-06-04 00:00:00-04:00,55.698752796044495,56.66947290689728,55.682623160109,56.54043960571289,37792000,0.0,0.0,GOOG
2018-06-05 00:00:00-04:00,56.624806331968365,56.86043911137499,56.237710211977124,56.55880355834961,33560000,0.0,0.0,GOOG
2018-06-06 00:00:00-04:00,56.68336421672166,56.724555365945136,55.86812855888481,56.420833587646484,33964000,0.0,0.0,GOOG
2018-06-07 00:00:00-04:00,56.14490544361574,56.36822895300192,55.41041258790898,55.774681091308594,30400000,0.0,0.0,GOOG
2018-06-08 00:00:00-04:00,55.492803448024304,55.914142906795405,55.19354565863814,55.62630081176758,25816000,0.0,0.0,GOOG
2018-06-11 00:00:00-04:00,55.513631406937705,56.439684388840696,55.513631406937705,56.07889175415039,21586000,0.0,0.0,GOOG
2018-06-12 00:00:00-04:00,56.132499627906,56.565250942544125,56.11587398681744,56.541927337646484,18240000,0.0,0.0,GOOG
2018-06-13 00:00:00-04:00,56.6312536156547,56.89825207891892,56.247133558106086,56.317108154296875,30128000,0.0,0.0,GOOG
2018-06-14 00:00:00-04:00,56.76673866436751,57.34341096860713,56.607433910560495,57.17715835571289,26868000,0.0,0.0,GOOG
2018-06-15 00:00:00-04:00,57.01537608780714,57.24167941646082,56.74862750899572,57.18410873413086,42450000,0.0,0.0,GOOG
2018-06-18 00:00:00-04:00,56.75680820367375,58.278396841735294,56.75383217262488,58.23621368408203,28274000,0.0,0.0,GOOG
2018-06-19 00:00:00-04:00,57.493781367177064,58.12752831872561,57.27095388078042,57.968223571777344,32420000,0.0,0.0,GOOG
2018-06-20 00:00:00-04:00,58.32802684119872,58.87274278102621,58.02281704594933,58.05656433105469,32970000,0.0,0.0,GOOG
2018-06-21 00:00:00-04:00,58.30520518825776,58.42654473229993,57.18272258810182,57.45210266113281,24762000,0.0,0.0,GOOG
2018-06-22 00:00:00-04:00,57.52555036052441,57.69215132237108,56.93597052886166,57.343910217285156,26220000,0.0,0.0,GOOG
2018-06-25 00:00:00-04:00,56.75433574773209,56.769719482801236,55.224807036564926,55.82183074951172,43146000,0.0,0.0,GOOG
2018-06-26 00:00:00-04:00,55.98013351970186,56.2386922972046,55.417303978391445,55.506683349609375,31264000,0.0,0.0,GOOG
2018-06-27 00:00:00-04:00,55.64962048081708,56.170513051945385,54.770214575804744,54.788082122802734,25878000,0.0,0.0,GOOG
2018-06-28 00:00:00-04:00,54.694280937576984,55.69775624370907,54.39254318120302,55.2962646484375,21448000,0.0,0.0,GOOG
2018-06-29 00:00:00-04:00,55.58311290505235,55.99140089438881,55.334974008154795,55.36723327636719,26302000,0.0,0.0,GOOG
2018-07-02 00:00:00-04:00,54.540935371943874,55.98014186516903,54.28286877482241,55.95334243774414,24346000,0.0,0.0,GOOG
2018-07-03 00:00:00-04:00,56.36822841907488,56.36822841907488,54.591552892562575,54.733985900878906,13580000,0.0,0.0,GOOG
2018-07-05 00:00:00-04:00,55.11314267397664,55.95532545667653,55.011404809889015,55.79502868652344,21334000,0.0,0.0,GOOG
2018-07-06 00:00:00-04:00,55.76078701061992,56.621829375432405,55.61969434678643,56.584110260009766,19922000,0.0,0.0,GOOG
2018-07-09 00:00:00-04:00,56.99651523556588,57.30371284385501,56.745400292669544,57.27294158935547,18180000,0.0,0.0,GOOG
2018-07-10 00:00:00-04:00,57.41835036988177,57.54787966872457,57.051601847680345,57.212890625,15968000,0.0,0.0,GOOG
2018-07-11 00:00:00-04:00,56.80346078754713,57.781128663814286,56.625296481017024,57.26549530029297,22400000,0.0,0.0,GOOG
2018-07-12 00:00:00-04:00,57.56276998230441,58.77964498069898,57.36649200439671,58.733489990234375,25038000,0.0,0.0,GOOG
2018-07-13 00:00:00-04:00,58.80891701902606,59.32589071003724,58.56077812865042,58.998497009277344,24438000,0.0,0.0,GOOG
2018-07-16 00:00:00-04:00,59.02679219898326,59.10669069068556,58.525054509217405,58.752349853515625,21114000,0.0,0.0,GOOG
2018-07-17 00:00:00-04:00,58.17467705824214,59.70420562041646,58.0942787814422,59.49378204345703,32208000,0.0,0.0,GOOG
2018-07-18 00:00:00-04:00,59.38262424223517,59.77666823696019,59.07393858765371,59.348876953125,27872000,0.0,0.0,GOOG
2018-07-19 00:00:00-04:00,59.10669251698679,59.55334334936696,58.72555224029552,58.90619659423828,25534000,0.0,0.0,GOOG
2018-07-20 00:00:00-04:00,58.906192666950986,59.397506656663374,58.77021151216233,58.8044548034668,24948000,0.0,0.0,GOOG
2018-07-23 00:00:00-04:00,58.610906994755815,59.87542496585613,58.61041098953917,59.8262939453125,52384000,0.0,0.0,GOOG
2018-07-24 00:00:00-04:00,62.659542799088456,62.82877144618691,61.318102393602004,61.9394416809082,66364000,0.0,0.0,GOOG
2018-07-25 00:00:00-04:00,61.49527514708107,62.82182404714775,61.49527514708107,62.714630126953125,42556000,0.0,0.0,GOOG
2018-07-26 00:00:00-04:00,62.08435805761631,63.01592025542997,61.98609601295738,62.94440841674805,48112000,0.0,0.0,GOOG
2018-07-27 00:00:00-04:00,63.07691127468046,63.220336294153725,61.09179995974922,61.46400833129883,42612000,0.0,0.0,GOOG
2018-07-30 00:00:00-04:00,60.943416820579046,61.286145076237545,60.1225735990212,60.53299331665039,36998000,0.0,0.0,GOOG
2018-07-31 00:00:00-04:00,60.54638926537705,60.922467223403395,59.8312519969657,60.409912109375,32894000,0.0,0.0,GOOG
2018-08-01 00:00:00-04:00,60.942922141638405,61.2143846745319,60.06004417030798,60.54639434814453,31344000,0.0,0.0,GOOG
2018-08-02 00:00:00-04:00,59.846145130448114,61.0362207374463,59.79105825787217,60.85110855102539,30626000,0.0,0.0,GOOG
2018-08-03 00:00:00-04:00,61.02331673862328,61.04217629673706,60.300735544085526,60.730018615722656,21792000,0.0,0.0,GOOG
2018-08-06 00:00:00-04:00,60.794035169082,60.84803158516902,60.33730901475114,60.78261947631836,21634000,0.0,0.0,GOOG
2018-08-07 00:00:00-04:00,61.38956961747566,62.09279525250614,61.348378464325116,61.64862823486328,29880000,0.0,0.0,GOOG
2018-08-08 00:00:00-04:00,61.56177342918178,62.35730898772184,61.439589550937214,61.81686019897461,27406000,0.0,0.0,GOOG
2018-08-09 00:00:00-04:00,62.02976587775118,62.30976650624542,61.836713829164474,61.99006652832031,16972000,0.0,0.0,GOOG
2018-08-10 00:00:00-04:00,61.68733241439009,61.82107964575506,61.141423802166074,61.419837951660156,22174000,0.0,0.0,GOOG
2018-08-13 00:00:00-04:00,61.388571848982316,61.99864688447845,61.22286446332697,61.29080581665039,19946000,0.0,0.0,GOOG
2018-08-14 00:00:00-04:00,61.29973695989903,61.82976205077563,60.79949111208236,61.64266586303711,26962000,0.0,0.0,GOOG
2018-08-15 00:00:00-04:00,61.005447718159836,61.30222163847336,60.025296007876435,60.26698684692383,36576000,0.0,0.0,GOOG
2018-08-16 00:00:00-04:00,60.780632928579564,60.843659666172826,59.67988757836699,59.875423431396484,26864000,0.0,0.0,GOOG
2018-08-17 00:00:00-04:00,59.65408551462471,60.00098247624438,58.96971569050751,59.600982666015625,27792000,0.0,0.0,GOOG
2018-08-20 00:00:00-04:00,59.802468614115675,60.09924253493787,59.28663835069556,59.93894577026367,17416000,0.0,0.0,GOOG
2018-08-21 00:00:00-04:00,59.95036114279354,60.40991185184236,59.57090580746533,59.63373565673828,24112000,0.0,0.0,GOOG
2018-08-22 00:00:00-04:00,59.55334174717575,60.14093378007894,59.50371471964633,59.9171142578125,17748000,0.0,0.0,GOOG
2018-08-23 00:00:00-04:00,59.907681558218684,60.6094191500728,59.76376431674172,59.82033920288086,19852000,0.0,0.0,GOOG
2018-08-24 00:00:00-04:00,59.99105950151113,60.62778254412683,59.86892484099524,60.578155517578125,18932000,0.0,0.0,GOOG
2018-08-27 00:00:00-04:00,60.92306334833212,61.69179565581634,60.8295644782094,61.62876892089844,23126000,0.0,0.0,GOOG
2018-08-28 00:00:00-04:00,61.60246500055364,61.66474962034078,60.97715770828337,61.099239349365234,26080000,0.0,0.0,GOOG
2018-08-29 00:00:00-04:00,61.41190432600026,62.067486946211524,61.35776024257344,61.99999237060547,25978000,0.0,0.0,GOOG
2018-08-30 00:00:00-04:00,61.748372643313836,62.21512489522372,61.17070832790965,61.49477767944336,26628000,0.0,0.0,GOOG
2018-08-31 00:00:00-04:00,61.289324725946706,61.471953103480665,60.11339471075804,60.45607376098633,36328000,0.0,0.0,GOOG
2018-09-04 00:00:00-04:00,59.76525357281565,60.1980086755781,59.18113357444855,59.404457092285156,36620000,0.0,0.0,GOOG
2018-09-05 00:00:00-04:00,59.245646519111034,59.50420911859776,57.66748285396054,58.88237380981445,41226000,0.0,0.0,GOOG
2018-09-06 00:00:00-04:00,58.87343612166781,58.87343612166781,57.17120305634378,58.13596725463867,37770000,0.0,0.0,GOOG
2018-09-07 00:00:00-04:00,57.50222419741703,58.32555124285028,57.43001567917386,57.80793380737305,28026000,0.0,0.0,GOOG
2018-09-10 00:00:00-04:00,58.173192248592336,58.28981784237908,57.57368853480023,57.798500061035156,22308000,0.0,0.0,GOOG
2018-09-11 00:00:00-04:00,57.64911977444748,58.495270556038534,57.38162531006034,58.42976379394531,24186000,0.0,0.0,GOOG
2018-09-12 00:00:00-04:00,58.1994934215384,58.491799509390425,57.48683617803756,57.70817565917969,25910000,0.0,0.0,GOOG
2018-09-13 00:00:00-04:00,58.10123010895812,58.491802037945554,57.70966995582557,58.32902145385742,28624000,0.0,0.0,GOOG
2018-09-14 00:00:00-04:00,58.516120645539615,58.581877306442195,57.98162769705614,58.1900634765625,18880000,0.0,0.0,GOOG
2018-09-17 00:00:00-04:00,58.07146149846982,58.42381834909803,57.27195778039136,57.37220764160156,26130000,0.0,0.0,GOOG
2018-09-18 00:00:00-04:00,57.42381660251142,58.36624931940409,57.42381660251142,57.628780364990234,24072000,0.0,0.0,GOOG
2018-09-19 00:00:00-04:00,57.81537316416435,58.22380883468861,57.299243784644965,58.11859893798828,23828000,0.0,0.0,GOOG
2018-09-20 00:00:00-04:00,58.56028485472054,59.05159882041535,58.23125167115349,58.9017219543457,24508000,0.0,0.0,GOOG
2018-09-21 00:00:00-04:00,59.15631814290364,59.166741825456775,57.86798051247211,57.87046432495117,88112000,0.0,0.0,GOOG
2018-09-24 00:00:00-04:00,57.4277828303761,58.461529636684205,56.91860129434319,58.23175048828125,25420000,0.0,0.0,GOOG
2018-09-25 00:00:00-04:00,58.369714296079,58.902223209903646,57.96525045053261,58.79154968261719,19554000,0.0,0.0,GOOG
2018-09-26 00:00:00-04:00,58.816365455069715,59.266984291373426,58.30098196956823,58.58510208129883,29246000,0.0,0.0,GOOG
2018-09-27 00:00:00-04:00,58.89477848823333,59.657558801914746,58.74093356916582,59.28733444213867,25216000,0.0,0.0,GOOG
2018-09-28 00:00:00-04:00,59.14986085431678,59.32554513547581,58.78410435517966,59.22926712036133,27612000,0.0,0.0,GOOG
2018-10-01 00:00:00-04:00,59.54788250570878,60.0446563638618,59.07195222650694,59.320587158203125,27152000,0.0,0.0,GOOG
2018-10-02 00:00:00-04:00,59.104708858172174,60.04763755757506,58.88982120932517,59.55880355834961,33758000,0.0,0.0,GOOG
2018-10-03 00:00:00-04:00,59.80148304979937,59.87145765361811,59.24714227704415,59.699745178222656,25124000,0.0,0.0,GOOG
2018-10-04 00:00:00-04:00,59.321570577794915,59.42976028509724,57.34867026786037,57.974674224853516,44190000,0.0,0.0,GOOG
2018-10-05 00:00:00-04:00,57.940435860019676,58.23820179668711,56.82976660660757,57.43671417236328,23686000,0.0,0.0,GOOG
2018-10-08 00:00:00-04:00,57.07741076199877,57.96525253412296,55.94857481979366,57.020835876464844,38648000,0.0,0.0,GOOG
2018-10-09 00:00:00-04:00,56.88088143683387,57.28782909891012,56.45517644804331,56.517112731933594,26174000,0.0,0.0,GOOG
2018-10-10 00:00:00-04:00,56.132999437932966,56.18709430250425,53.65409005813715,53.6585578918457,53514000,0.0,0.0,GOOG
2018-10-11 00:00:00-04:00,53.247629284117984,54.908175125104385,53.015869915705004,53.56425476074219,58980000,0.0,0.0,GOOG
2018-10-12 00:00:00-04:00,54.98758680036194,55.334979777720214,53.91572328035809,55.09081268310547,42026000,0.0,0.0,GOOG
2018-10-15 00:00:00-04:00,55.03274696294184,55.25785761623235,54.04465908785686,54.20594787597656,27448000,0.0,0.0,GOOG
2018-10-16 00:00:00-04:00,54.818349941525625,55.79254200162412,54.714628061907995,55.646636962890625,38570000,0.0,0.0,GOOG
2018-10-17 00:00:00-04:00,55.90371367728621,56.02927114906864,54.699246427696266,55.36922073364258,29344000,0.0,0.0,GOOG
2018-10-18 00:00:00-04:00,55.67443143689045,55.67443143689045,53.45358889312594,53.99353790283203,41890000,0.0,0.0,GOOG
2018-10-19 00:00:00-04:00,54.26153756578507,55.10471629045215,53.982631133508974,54.41489028930664,25352000,0.0,0.0,GOOG
2018-10-22 00:00:00-04:00,54.74242633065854,55.197513044279575,54.14391458636214,54.64813232421875,30284000,0.0,0.0,GOOG
2018-10-23 00:00:00-04:00,53.642168905055264,54.98212121999023,53.10172393245924,54.773685455322266,36974000,0.0,0.0,GOOG
2018-10-24 00:00:00-04:00,54.801478699056624,54.89428089270968,52.046639333072015,52.144405364990234,39648000,0.0,0.0,GOOG
2018-10-25 00:00:00-04:00,53.190564365135984,55.13547663254539,53.07939861084746,54.37071228027344,50916000,0.0,0.0,GOOG
2018-10-26 00:00:00-04:00,51.46550163693563,54.91463106628275,51.31959280364146,53.1746826171875,83752000,0.0,0.0,GOOG
2018-10-29 00:00:00-04:00,53.720590123630004,54.44366732636698,49.42083803407899,50.62431335449219,77614000,0.0,0.0,GOOG
2018-10-30 00:00:00-04:00,50.04763670270087,51.48833124954801,49.66500463027883,51.424808502197266,64254000,0.0,0.0,GOOG
2018-10-31 00:00:00-04:00,52.59602301795857,54.19056244154555,52.45656603740237,53.43770980834961,50596000,0.0,0.0,GOOG
2018-11-01 00:00:00-04:00,53.38956857516668,53.795274328359646,52.72753414762246,53.10172653198242,29640000,0.0,0.0,GOOG
2018-11-02 00:00:00-04:00,53.28683719879931,53.74564578631446,52.337952765271446,52.49576950073242,36780000,0.0,0.0,GOOG
2018-11-05 00:00:00-05:00,52.3573080302403,52.529516487849456,50.68187444588615,51.61735916137695,48828000,0.0,0.0,GOOG
2018-11-06 00:00:00-05:00,51.58708722178409,52.82108384082481,51.517112622839925,52.39751052856445,24666000,0.0,0.0,GOOG
2018-11-07 00:00:00-05:00,53.05209678761467,54.365245888284164,52.8982480972212,54.262516021728516,41168000,0.0,0.0,GOOG
2018-11-08 00:00:00-05:00,54.16276461455837,54.25656259923977,53.21115030511011,53.717105865478516,29764000,0.0,0.0,GOOG
2018-11-09 00:00:00-05:00,53.29974369883126,53.37765816711325,52.2635130755954,52.91065979003906,26864000,0.0,0.0,GOOG
2018-11-12 00:00:00-05:00,52.67443550491351,52.710662819230706,51.16624636848579,51.54490661621094,29436000,0.0,0.0,GOOG
2018-11-13 00:00:00-05:00,51.776170967178786,52.436963505228604,51.17368743937391,51.416866302490234,30274000,0.0,0.0,GOOG
2018-11-14 00:00:00-05:00,52.10917042778004,52.33567063443929,51.16624182468418,51.79452896118164,31318000,0.0,0.0,GOOG
2018-11-15 00:00:00-05:00,51.846643370564856,53.19353990468014,51.20495647684598,52.83919906616211,36722000,0.0,0.0,GOOG
2018-11-16 00:00:00-05:00,52.576167893969014,52.95284029455292,52.05855050668651,52.67939376831055,33162000,0.0,0.0,GOOG
2018-11-19 00:00:00-05:00,52.466492565323634,52.64465688103662,50.43473025971473,50.620338439941406,37172000,0.0,0.0,GOOG
2018-11-20 00:00:00-05:00,49.62778659859198,51.20297433236472,49.43026670544251,50.90619659423828,48982000,0.0,0.0,GOOG
2018-11-21 00:00:00-05:00,51.45210242158334,52.0377104224124,51.28882583140617,51.494285583496094,30686000,0.0,0.0,GOOG
2018-11-23 00:00:00-05:00,51.11661853027526,51.493294751057334,50.73939708236326,50.812896728515625,13830000,0.0,0.0,GOOG
2018-11-26 00:00:00-05:00,51.5310099980645,52.07493085377874,51.31066251194047,52.040687561035156,38856000,0.0,0.0,GOOG
2018-11-27 00:00:00-05:00,51.66252414633079,52.485355195726704,51.53795867686173,51.831756591796875,36064000,0.0,0.0,GOOG
2018-11-28 00:00:00-05:00,52.047634529275605,53.9374598795694,51.40247182208586,53.907188415527344,49508000,0.0,0.0,GOOG
2018-11-29 00:00:00-05:00,53.40346663208833,54.30495423760984,53.39949480397906,54.009918212890625,29378000,0.0,0.0,GOOG
2018-11-30 00:00:00-05:00,54.04812623976902,54.370707573153645,53.4927935216429,54.31413269042969,51604000,0.0,0.0,GOOG
2018-12-03 00:00:00-05:00,55.73895471725297,55.813889374698114,54.77245249586861,54.909671783447266,39824000,0.0,0.0,GOOG
2018-12-04 00:00:00-05:00,54.74539897767924,54.809917519696555,52.10818085492468,52.14986801147461,46904000,0.0,0.0,GOOG
2018-12-06 00:00:00-05:00,51.32803115161956,53.161281543375395,51.15483067675385,53.038700103759766,55384000,0.0,0.0,GOOG
2018-12-07 00:00:00-05:00,52.60594490836211,53.36276934087964,51.04217301339652,51.44316482543945,42024000,0.0,0.0,GOOG
2018-12-10 00:00:00-05:00,51.367229827471654,52.03224401600145,50.78360970745148,51.59055709838867,36154000,0.0,0.0,GOOG
2018-12-11 00:00:00-05:00,52.43125340744433,52.635221338197155,51.60495043050275,52.19601821899414,27894000,0.0,0.0,GOOG
2018-12-12 00:00:00-05:00,53.00247372304621,53.679891900379005,52.74391112607517,52.78807830810547,30476000,0.0,0.0,GOOG
2018-12-13 00:00:00-05:00,53.00594316404591,53.586091282421535,52.30420562028769,52.69974136352539,26596000,0.0,0.0,GOOG
2018-12-14 00:00:00-05:00,52.108177590669534,52.73448069643032,51.65209892330714,51.71710968017578,33732000,0.0,0.0,GOOG
2018-12-17 00:00:00-05:00,51.48932226483842,52.2655022962488,50.01984429730477,50.4481315612793,47708000,0.0,0.0,GOOG
2018-12-18 00:00:00-05:00,50.922575546252155,52.08336791675684,50.69180437232231,51.0526008605957,43850000,0.0,0.0,GOOG
2018-12-19 00:00:00-05:00,51.31463100089168,52.70470262113094,50.02728546589889,50.769718170166016,49586000,0.0,0.0,GOOG
2018-12-20 00:00:00-05:00,50.52753119404101,51.32603892846739,49.44713350149328,50.09477615356445,53470000,0.0,0.0,GOOG
2018-12-21 00:00:00-05:00,50.3870877993337,50.81984288772774,48.322077976863575,48.61240005493164,91920000,0.0,0.0,GOOG
2018-12-24 00:00:00-05:00,48.332501877743596,49.803467952436755,48.14441365382821,48.44763946533203,31806000,0.0,0.0,GOOG
2018-12-26 00:00:00-05:00,49.08237320702475,51.61289332895883,48.78411126679523,51.58609390258789,47466000,0.0,0.0,GOOG
2018-12-27 00:00:00-05:00,50.47890145510754,51.80595025940411,49.4789018553998,51.80545425415039,42196000,0.0,0.0,GOOG
2018-12-28 00:00:00-05:00,52.09031071710802,52.3851006159341,51.27045955943804,51.467979431152344,28296000,0.0,0.0,GOOG
2018-12-31 00:00:00-05:00,52.15681545144992,52.24316579519487,50.79850326533941,51.39502716064453,29866000,0.0,0.0,GOOG
2019-01-02 00:00:00-05:00,50.45011510701264,52.22431065247262,50.407435939846046,51.90321731567383,30652000,0.0,0.0,GOOG
2019-01-03 00:00:00-05:00,51.66252330657634,52.45557509698363,50.32604666588562,50.424808502197266,36822000,0.0,0.0,GOOG
2019-01-04 00:00:00-05:00,51.245157246269045,53.14341855987174,50.9884802088492,53.136966705322266,41878000,0.0,0.0,GOOG
2019-01-07 00:00:00-05:00,53.17616475964746,53.30023420435672,52.34539397074116,53.021820068359375,39638000,0.0,0.0,GOOG
2019-01-08 00:00:00-05:00,53.40495523804268,53.8243106231069,52.631755021494904,53.41339111328125,35298000,0.0,0.0,GOOG
2019-01-09 00:00:00-05:00,53.67989333873496,53.72852835531283,52.92306887095246,53.3329963684082,23986000,0.0,0.0,GOOG
2019-01-10 00:00:00-05:00,52.98559769618042,53.15879817248444,52.49180368346479,53.11810302734375,29128000,0.0,0.0,GOOG
2019-01-11 00:00:00-05:00,52.76326571843411,52.792795066597165,52.03373671642569,52.46599578857422,30416000,0.0,0.0,GOOG
2019-01-14 00:00:00-05:00,51.95631946376203,52.18510281738695,51.67517916233614,51.84564971923828,22886000,0.0,0.0,GOOG
2019-01-15 00:00:00-05:00,52.11760549128232,53.60048306029553,51.97716029586862,53.45656204223633,29272000,0.0,0.0,GOOG
2019-01-16 00:00:00-05:00,53.59800966793215,54.2121550432304,53.56525438968833,53.646148681640625,26636000,0.0,0.0,GOOG
2019-01-17 00:00:00-05:00,53.571699930675734,54.183611317066536,53.2754220182368,54.089317321777344,24854000,0.0,0.0,GOOG
2019-01-18 00:00:00-05:00,54.590561741335414,55.005051722163834,54.138947094960656,54.504207611083984,39112000,0.0,0.0,GOOG
2019-01-22 00:00:00-05:00,53.99503874498399,54.169231263528516,52.77766756378074,53.12754440307617,32270000,0.0,0.0,GOOG
2019-01-23 00:00:00-05:00,53.46649290602938,53.84266932439849,52.59304285545852,53.37815475463867,19340000,0.0,0.0,GOOG
2019-01-24 00:00:00-05:00,53.423314105391064,53.571949064692376,52.64018628028893,53.29527282714844,27226000,0.0,0.0,GOOG
2019-01-25 00:00:00-05:00,53.846139819622955,54.29279058460313,53.68832308978666,54.143409729003906,22382000,0.0,0.0,GOOG
2019-01-28 00:00:00-05:00,53.60346345868098,53.74688847310223,52.79403219791114,53.10569763183594,25686000,0.0,0.0,GOOG
2019-01-29 00:00:00-05:00,53.234723025510974,53.357304453264334,52.40023410095324,52.63621139526367,20436000,0.0,0.0,GOOG
2019-01-30 00:00:00-05:00,53.02381495968173,54.14391214787525,52.945400697498215,54.04763412475586,25596000,0.0,0.0,GOOG
2019-01-31 00:00:00-05:00,54.73944689238962,55.45061236586029,54.36277068162671,55.40296936035156,30766000,0.0,0.0,GOOG
2019-02-01 00:00:00-05:00,55.205944065066795,55.831255183283375,54.83323969196794,55.12405776977539,29244000,0.0,0.0,GOOG
2019-02-04 00:00:00-05:00,55.218853476008874,56.21835708618164,55.038209117020685,56.21835708618164,51530000,0.0,0.0,GOOG
2019-02-05 00:00:00-05:00,55.82331355918271,56.91561922801698,55.44653892616135,56.87294006347656,71044000,0.0,0.0,GOOG
2019-02-06 00:00:00-05:00,56.55433288109731,56.92306542976768,55.22430814890697,55.34639358520508,42112000,0.0,0.0,GOOG
2019-02-07 00:00:00-05:00,54.79700933915435,54.830756623078564,53.895767922052435,54.52653884887695,40896000,0.0,0.0,GOOG
2019-02-08 00:00:00-05:00,53.945398142838194,54.53646597229041,53.92306654939197,54.34539794921875,21516000,0.0,0.0,GOOG
2019-02-11 00:00:00-05:00,54.43919259473224,54.88559347194579,54.23621667275103,54.34291458129883,21304000,0.0,0.0,GOOG
2019-02-12 00:00:00-05:00,54.92803062303724,55.84589774594937,54.880883623167165,55.65110778808594,32182000,0.0,0.0,GOOG
2019-02-13 00:00:00-05:00,55.83076369487137,56.31413784976207,55.50867833126117,55.591060638427734,20996000,0.0,0.0,GOOG
2019-02-14 00:00:00-05:00,55.486348017616436,55.99155777409327,55.10892966261939,55.66600036621094,18952000,0.0,0.0,GOOG
2019-02-15 00:00:00-05:00,56.083369667490516,56.162276150488836,55.119101397594555,55.267982482910156,28996000,0.0,0.0,GOOG
2019-02-19 00:00:00-05:00,55.08683868771907,55.676914507080824,55.08683868771907,55.511653900146484,20928000,0.0,0.0,GOOG
2019-02-20 00:00:00-05:00,55.58261874280414,55.75234717755814,54.85259375073205,55.275421142578125,21756000,0.0,0.0,GOOG
2019-02-21 00:00:00-05:00,55.12852723861364,55.18311810376094,54.219345874858,54.440189361572266,28302000,0.0,0.0,GOOG
2019-02-22 00:00:00-05:00,54.635219752592135,55.14837307437955,54.3721931312939,55.10519790649414,20990000,0.0,0.0,GOOG
2019-02-25 00:00:00-05:00,55.38460929500011,55.51066278298017,54.95135817113835,55.05706787109375,28262000,0.0,0.0,GOOG
2019-02-26 00:00:00-05:00,54.87592407885467,55.55880215683104,54.58659398915068,55.341434478759766,29426000,0.0,0.0,GOOG
2019-02-27 00:00:00-05:00,54.9354741337875,55.48286700411467,54.640188219702644,55.387088775634766,19368000,0.0,0.0,GOOG
2019-02-28 00:00:00-05:00,55.15135607474391,55.962771419176846,55.13696435029679,55.57914733886719,30850000,0.0,0.0,GOOG
2019-03-01 00:00:00-05:00,55.82629006002571,56.72306367331062,55.818846195743205,56.62480163574219,29006000,0.0,0.0,GOOG
2019-03-04 00:00:00-05:00,56.922569414476996,57.48286977875043,56.113637917014984,56.9627685546875,28920000,0.0,0.0,GOOG
2019-03-05 00:00:00-05:00,57.074931935872776,58.04515609495763,56.88312177815293,57.66897964477539,28864000,0.0,0.0,GOOG
2019-03-06 00:00:00-05:00,57.69180387504559,57.94371395356665,57.34441089566263,57.46202850341797,21986000,0.0,0.0,GOOG
2019-03-07 00:00:00-05:00,57.35582018692131,57.40718512363419,56.32306539532885,56.739444732666016,23332000,0.0,0.0,GOOG
2019-03-08 00:00:00-05:00,55.9171111598587,56.927038378433075,55.74689049655078,56.69081115722656,24248000,0.0,0.0,GOOG
2019-03-11 00:00:00-04:00,56.79651660653413,58.37170424005521,56.79651660653413,58.35036087036133,34384000,0.0,0.0,GOOG
2019-03-12 00:00:00-04:00,58.47442919763344,59.55333897587974,58.47442919763344,59.21586990356445,40262000,0.0,0.0,GOOG
2019-03-13 00:00:00-04:00,59.58535491338427,59.59950052921121,59.153345685701744,59.221832275390625,28718000,0.0,0.0,GOOG
2019-03-14 00:00:00-04:00,59.28088279603259,59.448131215724246,58.78311693768877,58.836219787597656,23456000,0.0,0.0,GOOG
2019-03-15 00:00:00-04:00,59.22480254293871,59.38311529224077,58.69031337852478,58.78212356567383,49236000,0.0,0.0,GOOG
2019-03-18 00:00:00-04:00,58.72455471998491,59.05705994710976,58.43279385903887,58.77219772338867,25852000,0.0,0.0,GOOG
2019-03-19 00:00:00-04:00,58.99800358458469,59.55334011685571,58.85209853739669,59.49626922607422,30414000,0.0,0.0,GOOG
2019-03-20 00:00:00-04:00,59.42183078080623,60.90024070069271,59.36326808413361,60.742923736572266,44548000,0.0,0.0,GOOG
2019-03-21 00:00:00-04:00,60.347386540294345,61.1310104563471,60.20594932019147,61.11860275268555,24080000,0.0,0.0,GOOG
2019-03-22 00:00:00-04:00,60.85954475127679,61.042173114786465,59.693538717021745,59.8262939453125,34284000,0.0,0.0,GOOG
2019-03-25 00:00:00-04:00,59.40098394651485,59.870859920922854,58.91016594989514,59.20594787597656,29936000,0.0,0.0,GOOG
2019-03-26 00:00:00-04:00,59.48038768036716,59.69378730767583,58.39800580886961,58.79006576538086,38024000,0.0,0.0,GOOG
2019-03-27 00:00:00-04:00,58.8337374400555,58.93591829951689,57.53696021699804,58.21438217163086,28004000,0.0,0.0,GOOG
2019-03-28 00:00:00-04:00,58.140931690309486,58.142173596481655,57.5399891960569,57.989566802978516,19234000,0.0,0.0,GOOG
2019-03-29 00:00:00-04:00,58.30768150355095,58.51066122716179,57.71115760839455,58.22877502441406,25398000,0.0,0.0,GOOG
2019-04-01 00:00:00-04:00,58.76425533754632,59.387578610414,58.66003366898269,59.27690887451172,25050000,0.0,0.0,GOOG
2019-04-02 00:00:00-04:00,59.321077229776115,59.62033495634836,58.84415498780034,59.57765579223633,16558000,0.0,0.0,GOOG
2019-04-03 00:00:00-04:00,59.92455591416854,60.3622710515838,59.578154958398066,59.847137451171875,20286000,0.0,0.0,GOOG
2019-04-04 00:00:00-04:00,59.848133146879746,60.331011292785256,59.758306975351886,60.297760009765625,19000000,0.0,0.0,GOOG
2019-04-05 00:00:00-04:00,60.29726033081854,60.358303049126576,59.80296652175782,59.90817642211914,18144000,0.0,0.0,GOOG
2019-04-08 00:00:00-04:00,59.94490748645297,59.984610624182075,59.54639566601369,59.74391555786133,17204000,0.0,0.0,GOOG
2019-04-09 00:00:00-04:00,59.35482394827804,59.666981593106364,59.209910921975165,59.4168586730957,17528000,0.0,0.0,GOOG
2019-04-10 00:00:00-04:00,59.58708348789128,59.74117829054517,59.376413803394186,59.6605339050293,14492000,0.0,0.0,GOOG
2019-04-11 00:00:00-04:00,59.74986798655146,59.94837609123345,59.559791970622165,59.78261947631836,14204000,0.0,0.0,GOOG
2019-04-12 00:00:00-04:00,60.04961743711937,60.46400897086258,59.955819443008906,60.440189361572266,18668000,0.0,0.0,GOOG
2019-04-15 00:00:00-04:00,60.446638033071565,60.754327848276084,60.00544709566908,60.60048294067383,23748000,0.0,0.0,GOOG
2019-04-16 00:00:00-04:00,60.79403621732034,61.08287028756819,60.55185314308113,60.899742126464844,17126000,0.0,0.0,GOOG
2019-04-17 00:00:00-04:00,61.191054918182104,61.56623930337003,60.93398034943935,61.3568115234375,24438000,0.0,0.0,GOOG
2019-04-18 00:00:00-04:00,61.497760086351896,61.63770929318938,61.27096073865519,61.358306884765625,26636000,0.0,0.0,GOOG
2019-04-22 00:00:00-04:00,61.33944635854237,61.98956913955247,60.958306085136854,61.97716522216797,16146000,0.0,0.0,GOOG
2019-04-23 00:00:00-04:00,62.06897497161146,62.97766035733738,61.855079337945355,62.75681686401367,26398000,0.0,0.0,GOOG
2019-04-24 00:00:00-04:00,62.735472443745365,62.92852448355696,62.282865804111765,62.33249282836914,20376000,0.0,0.0,GOOG
2019-04-25 00:00:00-04:00,62.76772767979792,62.89864654841681,62.13547250218492,62.70222091674805,22146000,0.0,0.0,GOOG
2019-04-26 00:00:00-04:00,62.97766602272353,63.17964997620408,62.54689489890103,63.13548278808594,24828000,0.0,0.0,GOOG
2019-04-29 00:00:00-04:00,63.22579973487195,63.98361623449353,62.84341755520759,63.899742126464844,49988000,0.0,0.0,GOOG
2019-04-30 00:00:00-04:00,58.808920138441984,59.1965122273465,58.312642331366526,58.981624603271484,124140000,0.0,0.0,GOOG
2019-05-01 00:00:00-04:00,58.96028683685597,58.96028683685597,57.924556021175,57.96921920776367,52784000,0.0,0.0,GOOG
2019-05-02 00:00:00-04:00,57.95334050111244,58.27244602583083,57.320187947635795,57.697757720947266,38896000,0.0,0.0,GOOG
2019-05-03 00:00:00-04:00,58.2456417660397,58.89824827153737,58.01487441110194,58.82876968383789,39614000,0.0,0.0,GOOG
2019-05-06 00:00:00-04:00,57.87889823519034,59.09924524387455,57.87889823519034,59.026790618896484,31278000,0.0,0.0,GOOG
2019-05-07 00:00:00-04:00,58.58411202815132,59.07890188037364,57.61984373688023,58.26798629760742,31028000,0.0,0.0,GOOG
2019-05-08 00:00:00-04:00,58.164256766702366,58.58182500986882,57.853091109309574,57.87939453125,26186000,0.0,0.0,GOOG
2019-05-09 00:00:00-04:00,57.5200915215265,58.0476366323101,57.114135846920284,57.686344146728516,23714000,0.0,0.0,GOOG
2019-05-10 00:00:00-04:00,57.74639644932622,58.193543288636164,56.699745860506205,57.78014373779297,26290000,0.0,0.0,GOOG
2019-05-13 00:00:00-04:00,56.67293961506713,56.9697135294784,55.68782787237828,56.180137634277344,37212000,0.0,0.0,GOOG
2019-05-14 00:00:00-04:00,56.437208802500564,56.59651355442407,55.56078277117502,55.604949951171875,36732000,0.0,0.0,GOOG
2019-05-15 00:00:00-04:00,55.47741527362779,58.13051708777836,55.4176636788489,57.777164459228516,45786000,0.0,0.0,GOOG
2019-05-16 00:00:00-04:00,57.79204527518627,58.965745018113175,57.70916697205991,58.510162353515625,30628000,0.0,0.0,GOOG
2019-05-17 00:00:00-04:00,57.988578693294606,58.5682308655447,57.56872729397723,57.682376861572266,24172000,0.0,0.0,GOOG
2019-05-20 00:00:00-04:00,56.798994856853625,56.912992755497015,56.15100759852266,56.51860046386719,27066000,0.0,0.0,GOOG
2019-05-21 00:00:00-04:00,56.9970139801652,57.20634333392742,56.473440699993105,57.0535888671875,23196000,0.0,0.0,GOOG
2019-05-22 00:00:00-04:00,56.910658536515314,57.49477469325968,56.86797558615537,57.142417907714844,18290000,0.0,0.0,GOOG
2019-05-23 00:00:00-04:00,56.60048807341125,56.87209825838484,56.04088438611019,56.613887786865234,23978000,0.0,0.0,GOOG
2019-05-24 00:00:00-04:00,56.94093975802655,57.06029528670719,56.16178362572675,56.251609802246094,22240000,0.0,0.0,GOOG
2019-05-28 00:00:00-04:00,56.27790312078791,57.15070564937318,56.234228160406715,56.28534698486328,27300000,0.0,0.0,GOOG
2019-05-29 00:00:00-04:00,55.95631725704594,56.034731516716384,54.998500895164106,55.40743637084961,30764000,0.0,0.0,GOOG
2019-05-30 00:00:00-04:00,55.36177883544807,55.73845505047299,55.19205038975909,55.481380462646484,19038000,0.0,0.0,GOOG
2019-05-31 00:00:00-04:00,54.65458040296678,55.06698791846135,54.599493533190234,54.77070999145508,30156000,0.0,0.0,GOOG
2019-06-03 00:00:00-04:00,52.8784026408867,52.8784026408867,50.8684759779692,51.42579650878906,102612000,0.0,0.0,GOOG
2019-06-04 00:00:00-04:00,51.75681828538223,52.40942488052288,51.29974755931126,52.26054000854492,56670000,0.0,0.0,GOOG
2019-06-05 00:00:00-04:00,52.185594933875485,52.28534876985866,51.14093229549497,51.72306442260742,43368000,0.0,0.0,GOOG
2019-06-06 00:00:00-04:00,51.860533041153666,51.98460248863292,51.300236506791464,51.82827377319336,34064000,0.0,0.0,GOOG
2019-06-07 00:00:00-04:00,52.140440412083024,53.147387815308555,52.029766879599684,52.90520095825195,36048000,0.0,0.0,GOOG
2019-06-10 00:00:00-04:00,53.249614943728666,54.226290828748546,53.216961899214574,53.61686325073242,29284000,0.0,0.0,GOOG
2019-06-11 00:00:00-04:00,54.29180147568166,54.68931745940361,53.47904584153486,53.534481048583984,28734000,0.0,0.0,GOOG
2019-06-12 00:00:00-04:00,53.49874630514141,53.64415533148651,52.97963714125314,53.45060729980469,21220000,0.0,0.0,GOOG
2019-06-13 00:00:00-04:00,53.778646703684636,54.30122792349193,53.60544623622099,54.03323745727539,21154000,0.0,0.0,GOOG
2019-06-14 00:00:00-04:00,53.91662064358467,54.227786329421974,53.60654541207461,53.863521575927734,22230000,0.0,0.0,GOOG
2019-06-17 00:00:00-04:00,53.90966764142528,54.5498665005429,53.90966764142528,54.218353271484375,18832000,0.0,0.0,GOOG
2019-06-18 00:00:00-04:00,55.07145987277663,55.4039651371961,54.540442702959076,54.76922607421875,27734000,0.0,0.0,GOOG
2019-06-19 00:00:00-04:00,54.868476624776434,54.93795521927746,54.26698888396777,54.70619583129883,26776000,0.0,0.0,GOOG
2019-06-20 00:00:00-04:00,55.58261786858196,55.58906972233689,54.82579346259445,55.15730667114258,25240000,0.0,0.0,GOOG
2019-06-21 00:00:00-04:00,55.04912693659235,55.78709186949948,54.99155625151225,55.676422119140625,38952000,0.0,0.0,GOOG
2019-06-24 00:00:00-04:00,55.563762377776555,55.6823719936885,55.13696313354409,55.36078643798828,27912000,0.0,0.0,GOOG
2019-06-25 00:00:00-04:00,55.21884849387336,55.302718811100675,53.786589887993486,53.913143157958984,30938000,0.0,0.0,GOOG
2019-06-26 00:00:00-04:00,53.92059043320143,54.24167999853569,53.212896960481615,53.58808517456055,36218000,0.0,0.0,GOOG
2019-06-27 00:00:00-04:00,53.796517857509905,53.95036277413282,53.36425877448817,53.39999008178711,20086000,0.0,0.0,GOOG
2019-06-28 00:00:00-04:00,53.41885009408402,53.64763345008945,53.26897321794013,53.64316940307617,33864000,0.0,0.0,GOOG
2019-07-01 00:00:00-04:00,54.49130674937056,54.96674099702669,54.27805479864713,54.48882293701172,28726000,0.0,0.0,GOOG
2019-07-02 00:00:00-04:00,54.70172557803824,55.17467979124682,54.49974165769573,55.14887237548828,19832000,0.0,0.0,GOOG
2019-07-03 00:00:00-04:00,55.45457796842676,55.91860029992848,55.278401464507844,55.66152572631836,15340000,0.0,0.0,GOOG
2019-07-05 00:00:00-04:00,55.4739324891486,56.222321025181735,55.39155019169893,56.15829849243164,25286000,0.0,0.0,GOOG
2019-07-08 00:00:00-04:00,55.83969268415039,55.8798918251512,55.14689076046542,55.4019775390625,24728000,0.0,0.0,GOOG
2019-07-09 00:00:00-04:00,55.17616806134396,55.98137761096042,54.9463927033707,55.822818756103516,26608000,0.0,0.0,GOOG
2019-07-10 00:00:00-04:00,56.13994418593404,56.677413192379966,56.12753648233123,56.59949493408203,24190000,0.0,0.0,GOOG
2019-07-11 00:00:00-04:00,56.73696011510128,57.224306053867195,56.55482776100763,56.784603118896484,23910000,0.0,0.0,GOOG
2019-07-12 00:00:00-04:00,56.773692275454636,56.93994490519269,56.51512966113453,56.818851470947266,17280000,0.0,0.0,GOOG
2019-07-15 00:00:00-04:00,56.91611313755484,57.11264099010133,56.545892602073785,57.08881759643555,18076000,0.0,0.0,GOOG
2019-07-16 00:00:00-04:00,56.87343833126037,57.49775744427222,56.823811305720476,57.24961853027344,24776000,0.0,0.0,GOOG
2019-07-17 00:00:00-04:00,57.12008362522738,57.48683211658345,56.86202084596042,56.890804290771484,23400000,0.0,0.0,GOOG
2019-07-18 00:00:00-04:00,56.66203254803566,56.95309676869065,56.214885692800785,56.88982391357422,25814000,0.0,0.0,GOOG
2019-07-19 00:00:00-04:00,56.98212773994733,57.12852879996483,56.060538632997535,56.0843620300293,32944000,0.0,0.0,GOOG
2019-07-22 00:00:00-04:00,56.25060956499521,56.5384516064992,55.79353887855921,56.479888916015625,26030000,0.0,0.0,GOOG
2019-07-23 00:00:00-04:00,56.774191424159866,56.91811246674487,56.16873179200908,56.88386917114258,21874000,0.0,0.0,GOOG
2019-07-24 00:00:00-04:00,56.17368570378367,56.774181390743465,55.93001084911636,56.466983795166016,31796000,0.0,0.0,GOOG
2019-07-25 00:00:00-04:00,56.467486690097324,56.660042743377936,55.62877967581696,56.184608459472656,44196000,0.0,0.0,GOOG
2019-07-26 00:00:00-04:00,60.746391440646434,62.806441206796734,60.74440741977182,62.055076599121094,96116000,0.0,0.0,GOOG
2019-07-29 00:00:00-04:00,61.590560822079084,61.904206497577476,60.95433001842405,61.50917053222656,44474000,0.0,0.0,GOOG
2019-07-30 00:00:00-04:00,60.8143831427052,61.283861556588356,60.7096692451428,60.80098342895508,29066000,0.0,0.0,GOOG
2019-07-31 00:00:00-04:00,60.69477968279282,61.240684534568935,59.93864813305677,60.38113021850586,34510000,0.0,0.0,GOOG
2019-08-01 00:00:00-04:00,60.24961921445477,61.24614673357335,59.83721168876102,60.00048828125,33970000,0.0,0.0,GOOG
2019-08-02 00:00:00-04:00,59.590062623880264,59.89577221917585,59.00445463591391,59.25507736206055,32902000,0.0,0.0,GOOG
2019-08-05 00:00:00-04:00,58.06649011603183,58.32455670789354,56.58262046487473,57.18708801269531,51950000,0.0,0.0,GOOG
2019-08-06 00:00:00-04:00,57.73249397333079,58.55879697306576,57.56822538376678,58.0620231628418,34188000,0.0,0.0,GOOG
2019-08-07 00:00:00-04:00,57.36971426618547,58.4836094205948,57.053289453906565,58.26251983642578,28886000,0.0,0.0,GOOG
2019-08-08 00:00:00-04:00,58.70122803573656,59.801973392962765,58.2143818866247,59.79155349731445,29360000,0.0,0.0,GOOG
2019-08-09 00:00:00-04:00,59.45358734544703,59.74589343170104,58.739589755917585,58.95830154418945,21314000,0.0,0.0,GOOG
2019-08-12 00:00:00-04:00,58.52158326873438,58.80694532425747,57.94897736669752,58.29825973510742,20060000,0.0,0.0,GOOG
2019-08-13 00:00:00-04:00,58.13696438308925,59.79055868591504,58.13696438308925,59.41785430908203,25888000,0.0,0.0,GOOG
2019-08-14 00:00:00-04:00,58.3776517806826,58.6749254821144,57.59502375620316,57.7811279296875,31574000,0.0,0.0,GOOG
2019-08-15 00:00:00-04:00,57.74192382888701,58.35433123671482,57.67294124192365,57.928524017333984,24374000,0.0,0.0,GOOG
2019-08-16 00:00:00-04:00,58.53845111687133,58.69577185206579,58.154331054645624,58.44167709350586,26266000,0.0,0.0,GOOG
2019-08-19 00:00:00-04:00,59.06152621172046,59.900233121575305,59.06152621172046,59.47641372680664,24632000,0.0,0.0,GOOG
2019-08-20 00:00:00-04:00,59.317609650098724,59.357808791282324,58.66549908337455,58.69428253173828,18310000,0.0,0.0,GOOG
2019-08-21 00:00:00-04:00,59.2133888453167,59.50371091340738,58.92951484485984,59.11909484863281,14814000,0.0,0.0,GOOG
2019-08-22 00:00:00-04:00,59.25904470871033,59.454679007196304,58.490312362011,59.03373718261719,18950000,0.0,0.0,GOOG
2019-08-23 00:00:00-04:00,58.65953998942244,59.259539683725365,56.960286756513135,57.13596725463867,33740000,0.0,0.0,GOOG
2019-08-26 00:00:00-04:00,57.432242602425724,58.03819811833643,57.21884300087708,58.00941467285156,24522000,0.0,0.0,GOOG
2019-08-27 00:00:00-04:00,58.587092552608595,58.67989475819816,57.64019200642041,57.957313537597656,21544000,0.0,0.0,GOOG
2019-08-28 00:00:00-04:00,57.653093005689776,58.38311805717957,57.434237320853576,58.11512756347656,16040000,0.0,0.0,GOOG
2019-08-29 00:00:00-04:00,58.6163694213861,59.3578101680603,58.6163694213861,59.19850540161133,21768000,0.0,0.0,GOOG
2019-08-30 00:00:00-04:00,59.478897959106185,59.478897959106185,58.74952038547454,58.9627685546875,22596000,0.0,0.0,GOOG
2019-09-03 00:00:00-04:00,58.41339092605463,58.90272089712399,57.72703708121411,57.98460388183594,29598000,0.0,0.0,GOOG
2019-09-04 00:00:00-04:00,58.397509000381646,58.73349007006451,58.11413477552133,58.630760192871094,21378000,0.0,0.0,GOOG
2019-09-05 00:00:00-04:00,59.132998752415965,60.20049296736502,59.132998752415965,60.11811065673828,28162000,0.0,0.0,GOOG
2019-09-06 00:00:00-04:00,59.95681669471074,60.14961884923402,59.678500967007274,59.798004150390625,21442000,0.0,0.0,GOOG
2019-09-09 00:00:00-04:00,59.751850151072006,60.54589390402892,59.18708575085717,59.77219772338867,29438000,0.0,0.0,GOOG
2019-09-10 00:00:00-04:00,59.312647532748755,60.049620450269664,59.28436008879114,59.85110855102539,25202000,0.0,0.0,GOOG
2019-09-11 00:00:00-04:00,59.72256985021579,60.67492633502758,59.66251914452966,60.55432891845703,26140000,0.0,0.0,GOOG
2019-09-12 00:00:00-04:00,60.75929212325835,61.63075431754109,60.69576938173941,61.253089904785156,34518000,0.0,0.0,GOOG
2019-09-13 00:00:00-04:00,61.10917313705777,61.58212358814052,60.89378570632474,61.51661682128906,26028000,0.0,0.0,GOOG
2019-09-16 00:00:00-04:00,61.01835127749754,61.516613110372376,60.824303442192246,61.106685638427734,21066000,0.0,0.0,GOOG
2019-09-17 00:00:00-04:00,61.062023283262015,61.29031062556814,60.72902204815212,60.9999885559082,19102000,0.0,0.0,GOOG
2019-09-18 00:00:00-04:00,60.91860620827062,61.320590082311966,60.37369330419021,61.161781311035156,22702000,0.0,0.0,GOOG
2019-09-19 00:00:00-04:00,61.14440488412211,61.75879630187581,61.14242086332365,61.474430084228516,19920000,0.0,0.0,GOOG
2019-09-20 00:00:00-04:00,61.19700903545717,61.70321453427306,60.69874719257586,61.0386962890625,45400000,0.0,0.0,GOOG
2019-09-23 00:00:00-04:00,60.84366803169522,61.493294845096976,60.7528498449977,61.24217987060547,21248000,0.0,0.0,GOOG
2019-09-24 00:00:00-04:00,61.53845029941724,61.87294334059735,60.08336411030615,60.48435592651367,31664000,0.0,0.0,GOOG
2019-09-25 00:00:00-04:00,60.33844593874253,61.95035672749608,60.05407973760999,61.86201858520508,29060000,0.0,0.0,GOOG
2019-09-26 00:00:00-04:00,61.635720761539886,61.786589645462605,61.154728223540516,61.6074333190918,30760000,0.0,0.0,GOOG
2019-09-27 00:00:00-04:00,61.687829813041134,61.7379528423924,60.27045898259754,60.798500061035156,27078000,0.0,0.0,GOOG
2019-09-30 00:00:00-04:00,60.59403908437005,60.84366603485259,60.16376777696534,60.496273040771484,28082000,0.0,0.0,GOOG
2019-10-01 00:00:00-04:00,60.49626814046876,61.10321571358501,59.73100781866637,59.80644226074219,25470000,0.0,0.0,GOOG
2019-10-02 00:00:00-04:00,59.40346284592329,59.40346284592329,58.12852497691889,58.39353942871094,32302000,0.0,0.0,GOOG
2019-10-03 00:00:00-04:00,58.56078719902371,59.01041405960488,57.68882512518281,58.949371337890625,32424000,0.0,0.0,GOOG
2019-10-04 00:00:00-04:00,59.15085794190588,60.12107819207989,59.01586880120381,59.9999885559082,23248000,0.0,0.0,GOOG
2019-10-07 00:00:00-04:00,59.7717095755281,60.4567685801398,59.7394503014441,59.934486389160156,16858000,0.0,0.0,GOOG
2019-10-08 00:00:00-04:00,59.433744551266486,59.85508399090553,59.00793727788576,59.013893127441406,20786000,0.0,0.0,GOOG
2019-10-09 00:00:00-04:00,59.521079353845636,59.96773015078462,59.43572102242367,59.6679801940918,17354000,0.0,0.0,GOOG
2019-10-10 00:00:00-04:00,59.482870173687076,60.297757538546065,59.42133144893541,59.983612060546875,16932000,0.0,0.0,GOOG
2019-10-11 00:00:00-04:00,60.65557248503451,60.962270303398405,60.23522510596829,60.32008743286133,25454000,0.0,0.0,GOOG
2019-10-14 00:00:00-04:00,60.165749932029854,60.860043679703296,60.13696648288434,60.403961181640625,17350000,0.0,0.0,GOOG
2019-10-15 00:00:00-04:00,60.56574317053716,61.90221967980454,60.56574317053716,61.687828063964844,27634000,0.0,0.0,GOOG
2019-10-16 00:00:00-04:00,61.59651188475595,62.26996199964419,61.461526530437325,61.719093322753906,21892000,0.0,0.0,GOOG
2019-10-17 00:00:00-04:00,62.08088228966795,62.69601582858317,62.03175127029145,62.18708419799805,19048000,0.0,0.0,GOOG
2019-10-18 00:00:00-04:00,62.20644124803805,62.4759197463978,61.59204980908252,61.810909271240234,27056000,0.0,0.0,GOOG
2019-10-21 00:00:00-04:00,62.14688805391777,62.264456438334214,61.568227908016986,61.84366226196289,20544000,0.0,0.0,GOOG
2019-10-22 00:00:00-04:00,61.9280290311206,62.06450240135809,61.60693570935776,61.677406311035156,20476000,0.0,0.0,GOOG
2019-10-23 00:00:00-04:00,61.65557222941775,62.52554644349272,61.65557222941775,62.487831115722656,18230000,0.0,0.0,GOOG
2019-10-24 00:00:00-04:00,62.57567514122245,62.72952385641841,62.21910036816656,62.580142974853516,20562000,0.0,0.0,GOOG
2019-10-25 00:00:00-04:00,62.085845181491635,63.00743425318063,62.03522614418525,62.78559875488281,24262000,0.0,0.0,GOOG
2019-10-28 00:00:00-04:00,63.29775131552286,64.48187093804916,63.153334293471175,64.01983642578125,52264000,0.0,0.0,GOOG
2019-10-29 00:00:00-04:00,63.33646395027355,63.60246661687388,62.39264178055414,62.66102981567383,37728000,0.0,0.0,GOOG
2019-10-30 00:00:00-04:00,62.18211680936054,62.99551607700663,62.133977803142265,62.59502029418945,28178000,0.0,0.0,GOOG
2019-10-31 00:00:00-04:00,62.59453140851168,62.91165292214998,62.0765656385192,62.536468505859375,29114000,0.0,0.0,GOOG
2019-11-01 00:00:00-04:00,62.77914733097876,63.25656561781784,62.5558238154674,63.212894439697266,33402000,0.0,0.0,GOOG
2019-11-04 00:00:00-05:00,63.34736955885557,64.22478747000035,63.34265561707131,64.08781433105469,30020000,0.0,0.0,GOOG
2019-11-05 00:00:00-05:00,64.16326937922462,64.46302314716876,64.08083406400027,64.12059020996094,25654000,0.0,0.0,GOOG
2019-11-06 00:00:00-05:00,63.99305081584397,64.20496245223339,63.64764181532116,64.10917663574219,23060000,0.0,0.0,GOOG
2019-11-07 00:00:00-05:00,64.2322487970933,65.69428297186461,64.23051467185299,64.95582580566406,40600000,0.0,0.0,GOOG
2019-11-08 00:00:00-05:00,64.77815330947345,65.40942029189435,64.73274043437955,65.08038330078125,25028000,0.0,0.0,GOOG
2019-11-11 00:00:00-05:00,64.67392993949373,64.83497639427907,64.38757969539478,64.47592163085938,20238000,0.0,0.0,GOOG
2019-11-12 00:00:00-05:00,64.51612440870433,65.01240228877128,64.30619680568894,64.45657348632812,21718000,0.0,0.0,GOOG
2019-11-13 00:00:00-05:00,64.22183024546263,64.7295200311456,64.1940388054397,64.4168701171875,16534000,0.0,0.0,GOOG
2019-11-14 00:00:00-05:00,64.39204462555429,65.35978482217013,64.30023444406228,65.08484649658203,23870000,0.0,0.0,GOOG
2019-11-15 00:00:00-05:00,65.45607127710072,66.24714285795687,65.22480409594581,66.24664306640625,35652000,0.0,0.0,GOOG
2019-11-18 00:00:00-05:00,66.1151119978357,66.27933134115696,65.38459111658236,65.54340362548828,29748000,0.0,0.0,GOOG
2019-11-19 00:00:00-05:00,65.8908145969329,65.8908145969329,65.1513578481253,65.28337097167969,25384000,0.0,0.0,GOOG
2019-11-20 00:00:00-05:00,65.09874754847438,65.26053612388678,64.07691619865,64.66748046875,26172000,0.0,0.0,GOOG
2019-11-21 00:00:00-05:00,64.58956647833071,65.14093498063947,64.16872686416106,64.58311462402344,19910000,0.0,0.0,GOOG
2019-11-22 00:00:00-05:00,64.79502462557038,64.94936933358494,64.08981879304345,64.28485107421875,27714000,0.0,0.0,GOOG
2019-11-25 00:00:00-05:00,64.47542111790541,65.07740483821895,64.42331406740566,64.84812927246094,20724000,0.0,0.0,GOOG
2019-11-26 00:00:00-05:00,65.00543997186847,65.25060284005981,64.76872055072062,65.18856811523438,21394000,0.0,0.0,GOOG
2019-11-27 00:00:00-05:00,65.26053570496784,65.4272843315867,64.9940332337327,65.16078186035156,19912000,0.0,0.0,GOOG
2019-11-29 00:00:00-05:00,64.86948105016896,65.02257630347442,64.71315229668238,64.76228332519531,11740000,0.0,0.0,GOOG
2019-12-02 00:00:00-05:00,64.56576118944946,64.80545670319324,63.57320533763687,64.01588439941406,30218000,0.0,0.0,GOOG
2019-12-03 00:00:00-05:00,63.50222355249014,64.43974157818509,63.473936109556284,64.28187561035156,22876000,0.0,0.0,GOOG
2019-12-04 00:00:00-05:00,64.86401431779517,65.79651932252534,64.75780861469353,65.53547668457031,30750000,0.0,0.0,GOOG
2019-12-05 00:00:00-05:00,65.90570329667075,65.9730994314105,65.33200316544796,65.91215515136719,24254000,0.0,0.0,GOOG
2019-12-06 00:00:00-05:00,66.1756690423759,66.69973831750863,66.1756690423759,66.53199768066406,26296000,0.0,0.0,GOOG
2019-12-09 00:00:00-05:00,66.40395590378165,67.46648989602035,66.39402822734522,66.67790222167969,27086000,0.0,0.0,GOOG
2019-12-10 00:00:00-05:00,66.57566964517135,66.99626693476351,66.30470691037269,66.73249816894531,21882000,0.0,0.0,GOOG
2019-12-11 00:00:00-05:00,67.03919263532063,67.05705639529288,66.63373299132144,66.75035858154297,17008000,0.0,0.0,GOOG
2019-12-12 00:00:00-05:00,66.79601477261926,67.28410661922929,66.5260440578028,67.01090240478516,25620000,0.0,0.0,GOOG
2019-12-13 00:00:00-05:00,66.89576834670235,67.1510027835043,66.6932846319524,66.88981628417969,30992000,0.0,0.0,GOOG
2019-12-16 00:00:00-05:00,67.32009762266759,67.72605714614943,67.13002535794723,67.55186462402344,27946000,0.0,0.0,GOOG
2019-12-17 00:00:00-05:00,67.63721406886204,67.74192797047691,67.0631656145796,67.25160217285156,37080000,0.0,0.0,GOOG
2019-12-18 00:00:00-05:00,67.32505663702509,67.51711289842932,67.04714224567046,67.12753295898438,30452000,0.0,0.0,GOOG
2019-12-19 00:00:00-05:00,67.08784390417873,67.39950182789906,66.94714499702732,67.29727172851562,29398000,0.0,0.0,GOOG
2019-12-20 00:00:00-05:00,67.66003938132583,67.67442731849732,66.94787435433022,66.97715759277344,66300000,0.0,0.0,GOOG
2019-12-23 00:00:00-05:00,67.28882618120298,67.48385846499603,66.82430782156663,66.93994140625,17662000,0.0,0.0,GOOG
2019-12-24 00:00:00-05:00,66.92306509325059,67.0104074426158,66.63919109891611,66.67790222167969,6950000,0.0,0.0,GOOG
2019-12-26 00:00:00-05:00,66.80742832804023,67.55963720400958,66.72306201385287,67.51362609863281,13350000,0.0,0.0,GOOG
2019-12-27 00:00:00-05:00,67.64216965615002,67.71859989474075,66.96326346568391,67.09130096435547,20768000,0.0,0.0,GOOG
2019-12-30 00:00:00-05:00,66.99750369067553,67.14638854673004,66.20444818383356,66.30966186523438,21018000,0.0,0.0,GOOG
2019-12-31 00:00:00-05:00,66.01040740618228,66.4019713183176,65.95953469090176,66.35333251953125,19236000,0.0,0.0,GOOG
2020-01-02 00:00:00-05:00,66.57815309878687,67.89775418065835,66.57815309878687,67.85954284667969,28132000,0.0,0.0,GOOG
2020-01-03 00:00:00-05:00,66.89130003014904,68.1141308205774,66.77636312898343,67.52653503417969,23728000,0.0,0.0,GOOG
2020-01-06 00:00:00-05:00,66.99750440375196,69.30519319306404,66.99750440375196,69.1915512084961,34646000,0.0,0.0,GOOG
2020-01-07 00:00:00-05:00,69.37666760347787,69.62728276362967,69.00147561904272,69.14837646484375,30054000,0.0,0.0,GOOG
2020-01-08 00:00:00-05:00,69.08584712935792,70.05359504931563,69.02431218618617,69.69329833984375,30560000,0.0,0.0,GOOG
2020-01-09 00:00:00-05:00,70.499739797411,70.83522105043521,69.98856668958533,70.4630126953125,30018000,0.0,0.0,GOOG
2020-01-10 00:00:00-05:00,70.84664056812932,71.21235167314282,70.38957362655471,70.95433807373047,36414000,0.0,0.0,GOOG
2020-01-13 00:00:00-05:00,71.27194397944992,71.48980762246067,70.77020635710151,71.42578887939453,33046000,0.0,0.0,GOOG
2020-01-14 00:00:00-05:00,71.41488927905296,71.55334669890598,70.88685187551155,71.01141357421875,31178000,0.0,0.0,GOOG
2020-01-15 00:00:00-05:00,70.97814636864022,71.53323297517342,70.97814636864022,71.42430114746094,25654000,0.0,0.0,GOOG
2020-01-16 00:00:00-05:00,71.83322781167836,72.05903509516261,71.50965072246403,72.04463958740234,23474000,0.0,0.0,GOOG
2020-01-17 00:00:00-05:00,72.60098867794581,73.51339605946397,72.36823725640721,73.4684829711914,47924000,0.0,0.0,GOOG
2020-01-21 00:00:00-05:00,73.4054458415932,74.03720501969366,73.01239011455874,73.66748046875,40734000,0.0,0.0,GOOG
2020-01-22 00:00:00-05:00,73.99502273571977,74.60117136173093,73.69377720518882,73.74440002441406,32216000,0.0,0.0,GOOG
2020-01-23 00:00:00-05:00,73.82827524843472,74.21933937263805,73.55333691999178,73.77913665771484,27024000,0.0,0.0,GOOG
2020-01-24 00:00:00-05:00,74.12356276079099,74.2181066629572,72.71711146680417,72.7895736694336,35692000,0.0,0.0,GOOG
2020-01-27 00:00:00-05:00,71.01736053217846,71.3682293216221,70.53100280630098,71.1612777709961,35104000,0.0,0.0,GOOG
2020-01-28 00:00:00-05:00,71.61289520522637,72.25805792416695,71.09031014666691,72.08733367919922,31548000,0.0,0.0,GOOG
2020-01-29 00:00:00-05:00,72.39700856741933,72.7260379651945,71.79849311259875,72.3885726928711,21554000,0.0,0.0,GOOG
2020-01-30 00:00:00-05:00,71.46202648613372,72.32157705806684,71.28535017791077,72.25011444091797,26788000,0.0,0.0,GOOG
2020-01-31 00:00:00-05:00,72.89824316075375,72.9592858732218,70.89476848081826,71.17765045166016,48344000,0.0,0.0,GOOG
2020-02-03 00:00:00-05:00,72.55580888931455,73.94538816806623,72.40643182405248,73.743896484375,60736000,0.0,0.0,GOOG
2020-02-04 00:00:00-05:00,72.31115822916287,72.92802972873821,70.78411331963115,71.81488037109375,78660000,0.0,0.0,GOOG
2020-02-05 00:00:00-05:00,72.57666555309214,72.64713615775062,70.99552206378603,71.87244415283203,39724000,0.0,0.0,GOOG
2020-02-06 00:00:00-05:00,71.97666614100454,73.548374178957,71.93894702609819,73.26202392578125,33588000,0.0,0.0,GOOG
2020-02-07 00:00:00-05:00,72.81884032824163,73.73894131882467,72.77169333088047,73.41090393066406,23446000,0.0,0.0,GOOG
2020-02-10 00:00:00-05:00,73.16723874540432,74.91313929966732,73.16723874540432,74.87244415283203,28398000,0.0,0.0,GOOG
2020-02-11 00:00:00-05:00,75.02779132829747,75.91215742157826,74.72148723010751,74.87791442871094,26892000,0.0,0.0,GOOG
2020-02-12 00:00:00-05:00,75.1602775921821,75.46871708523169,74.84415191206503,75.3483657836914,23352000,0.0,0.0,GOOG
2020-02-13 00:00:00-05:00,75.0714425284829,75.79055158010962,74.66995852752311,75.1692123413086,18590000,0.0,0.0,GOOG
2020-02-14 00:00:00-05:00,75.21587194600436,75.47096252441406,74.80594443068485,75.47096252441406,23956000,0.0,0.0,GOOG
2020-02-18 00:00:00-05:00,75.18608730786443,76.01139450922071,75.06648568987477,75.4178466796875,22414000,0.0,0.0,GOOG
2020-02-19 00:00:00-05:00,75.68583707921132,76.03501714291905,75.50370095350817,75.7662353515625,18986000,0.0,0.0,GOOG
2020-02-20 00:00:00-05:00,75.53348673013704,75.91264676090906,74.7801418661208,75.34242248535156,21932000,0.0,0.0,GOOG
2020-02-21 00:00:00-05:00,74.84017010396849,75.0478637347588,73.47094603775304,73.70270538330078,34634000,0.0,0.0,GOOG
2020-02-24 00:00:00-05:00,70.77466950953685,71.31363404543069,70.04415610067947,70.55035400390625,57342000,0.0,0.0,GOOG
2020-02-25 00:00:00-05:00,71.11661947805261,71.3717024837463,68.6054546959806,68.90570068359375,49566000,0.0,0.0,GOOG
2020-02-26 00:00:00-05:00,69.28733511403237,70.2580590131553,68.43671263578089,69.14043426513672,44048000,0.0,0.0,GOOG
2020-02-27 00:00:00-05:00,67.59603040213847,68.07464146863232,65.36823950197726,65.41390228271484,59566000,0.0,0.0,GOOG
2020-02-28 00:00:00-05:00,63.399501482950654,66.55781323894234,63.07692009192224,66.46798706054688,75782000,0.0,0.0,GOOG
2020-03-02 00:00:00-05:00,67.0773967956138,69.02578833042685,65.846879953697,68.93843841552734,48630000,0.0,0.0,GOOG
2020-03-03 00:00:00-05:00,69.4501103772567,69.98261550134394,66.10420318090857,66.5702133178711,48046000,0.0,0.0,GOOG
2020-03-04 00:00:00-05:00,67.45558448106046,68.88784331815295,66.65558473174752,68.80992126464844,38266000,0.0,0.0,GOOG
2020-03-05 00:00:00-05:00,67.0074293133011,67.4396883587625,64.76921163436674,65.46102905273438,51226000,0.0,0.0,GOOG
2020-03-06 00:00:00-05:00,63.37765587779967,64.82479839546724,62.58311611834475,64.43721008300781,53212000,0.0,0.0,GOOG
2020-03-09 00:00:00-04:00,59.816368521731185,62.27095833830953,59.553341867623764,60.3255500793457,67308000,0.0,0.0,GOOG
2020-03-10 00:00:00-04:00,62.53101166894128,63.58064209094856,60.48485746410266,63.54292297363281,52228000,0.0,0.0,GOOG
2020-03-11 00:00:00-04:00,62.019844812142125,62.57865341026819,59.35830716209071,60.31810760498047,52170000,0.0,0.0,GOOG
2020-03-12 00:00:00-04:00,55.88088571721534,59.24912479138592,55.250614507320506,55.33051300048828,84534000,0.0,0.0,GOOG
2020-03-13 00:00:00-04:00,58.51115871161663,60.533985421700905,55.441333110841626,60.53249740600586,74002000,0.0,0.0,GOOG
2020-03-16 00:00:00-04:00,54.39205290243332,57.18446022019943,53.32207871068787,53.812896728515625,85048000,0.0,0.0,GOOG
2020-03-17 00:00:00-04:00,54.248620205461535,56.12206962642932,52.40743005257064,55.57318878173828,77230000,0.0,0.0,GOOG
2020-03-18 00:00:00-04:00,52.432255604037564,54.91314903754728,51.47791116613419,54.431758880615234,84668000,0.0,0.0,GOOG
2020-03-19 00:00:00-04:00,54.245643915523765,57.467477718543876,52.61080706975277,55.349365234375,73022000,0.0,0.0,GOOG
2020-03-20 00:00:00-04:00,56.36326921356634,56.77369273612304,52.87791223747987,53.21686935424805,72036000,0.0,0.0,GOOG
2020-03-23 00:00:00-04:00,52.67096865964692,53.16724656623157,50.29955220866909,52.43771743774414,80882000,0.0,0.0,GOOG
2020-03-24 00:00:00-04:00,54.77765865985945,56.32753490108742,54.12505208793588,56.30073547363281,66890000,0.0,0.0,GOOG
2020-03-25 00:00:00-04:00,55.90420584580776,57.01735505197963,53.89626330031822,54.71413040161133,81630000,0.0,0.0,GOOG
2020-03-26 00:00:00-04:00,55.17616609299508,58.06301472918006,54.26946482358245,57.65507507324219,71434000,0.0,0.0,GOOG
2020-03-27 00:00:00-04:00,55.86450684722796,57.105201415370466,54.883862890441534,55.122074127197266,64170000,0.0,0.0,GOOG
2020-03-30 00:00:00-04:00,55.83323740240344,57.15284218347833,54.415870376162985,56.91413116455078,51482000,0.0,0.0,GOOG
2020-03-31 00:00:00-04:00,56.93795540158393,58.32802701751027,56.4833647411366,57.707679748535156,49728000,0.0,0.0,GOOG
2020-04-01 00:00:00-04:00,55.682375902935306,56.064015980671925,54.46401660084524,54.86947250366211,46884000,0.0,0.0,GOOG
2020-04-02 00:00:00-04:00,54.50420847802494,55.9235634087798,54.41190228365983,55.62480545043945,39298000,0.0,0.0,GOOG
2020-04-03 00:00:00-04:00,55.53423221494732,55.75879763078969,53.588577914784345,54.4853515625,46268000,0.0,0.0,GOOG
2020-04-06 00:00:00-04:00,56.476415172043325,59.28832536945817,56.12604240903636,58.904205322265625,53294000,0.0,0.0,GOOG
2020-04-07 00:00:00-04:00,60.59552254277233,60.79403443287424,58.67145393292798,58.88386154174805,47746000,0.0,0.0,GOOG
2020-04-08 00:00:00-04:00,59.87591869991545,60.49973800052175,58.965745375592086,60.06351089477539,39502000,0.0,0.0,GOOG
2020-04-09 00:00:00-04:00,60.74837352629233,60.822319950809394,59.39130329128434,60.12157440185547,43508000,0.0,0.0,GOOG
2020-04-13 00:00:00-04:00,60.00892511851571,60.57120953185182,58.93786049065735,60.4248046875,34796000,0.0,0.0,GOOG
2020-04-14 00:00:00-04:00,61.79105923957873,63.62629373229565,61.38609558099836,62.989070892333984,49408000,0.0,0.0,GOOG
2020-04-15 00:00:00-04:00,61.8168643906998,63.54639680397047,61.55830556692104,62.65359115600586,33434000,0.0,0.0,GOOG
2020-04-16 00:00:00-04:00,63.2307616555306,63.47393673790401,61.66847770670217,62.703216552734375,50362000,0.0,0.0,GOOG
2020-04-17 00:00:00-04:00,63.7642626917449,64.2396931977291,63.088332472351915,63.68485641479492,38980000,0.0,0.0,GOOG
2020-04-20 00:00:00-04:00,63.07691442636183,63.60297152578697,62.5990001256094,62.85905075073242,33910000,0.0,0.0,GOOG
2020-04-21 00:00:00-04:00,61.88585058610073,62.246647091382115,60.035232205401115,60.36426544189453,43060000,0.0,0.0,GOOG
2020-04-22 00:00:00-04:00,61.81338935311163,63.80212037823691,61.637705062447075,62.690311431884766,41848000,0.0,0.0,GOOG
2020-04-23 00:00:00-04:00,63.10420780735259,64.1841058371172,62.812397711164635,63.34043502807617,31324000,0.0,0.0,GOOG
2020-04-24 00:00:00-04:00,62.589073141844395,63.54341373820569,62.00743694500075,63.489322662353516,32792000,0.0,0.0,GOOG
2020-04-27 00:00:00-04:00,64.3176109242683,64.32505478894481,62.97765848800471,63.319095611572266,32012000,0.0,0.0,GOOG
2020-04-28 00:00:00-04:00,63.917112874248254,63.923064937095035,61.15135738104774,61.224308013916016,59026000,0.0,0.0,GOOG
2020-04-29 00:00:00-04:00,66.57367687394832,67.49327802155027,65.77367733807603,66.57466888427734,75872000,0.0,0.0,GOOG
2020-04-30 00:00:00-04:00,65.75086325856888,67.13745915321299,65.63224606701583,66.9310073852539,53378000,0.0,0.0,GOOG
2020-05-01 00:00:00-04:00,65.93051966441345,67.10024396693953,65.06203337075968,65.53895568847656,41450000,0.0,0.0,GOOG
2020-05-04 00:00:00-04:00,64.92455274761657,65.8888247389471,64.46648625668634,65.84613800048828,30080000,0.0,0.0,GOOG
2020-05-05 00:00:00-04:00,66.39801397208144,68.18560181124619,66.37518258457368,67.05259704589844,33030000,0.0,0.0,GOOG
2020-05-06 00:00:00-04:00,67.5776592020445,68.04564580472392,66.86301791291726,66.86351013183594,24308000,0.0,0.0,GOOG
2020-05-07 00:00:00-04:00,67.78856640329671,68.36722649555365,67.25903732822962,68.11710357666016,27952000,0.0,0.0,GOOG
2020-05-08 00:00:00-04:00,68.64167516418064,69.41735914565652,68.26202293871333,68.90172576904297,27738000,0.0,0.0,GOOG
2020-05-11 00:00:00-04:00,68.40097595451812,70.2992369662248,68.34499173726651,69.64067840576172,28242000,0.0,0.0,GOOG
2020-05-12 00:00:00-04:00,69.83225302845207,70.2233171954459,68.2267938483236,68.27493286132812,27812000,0.0,0.0,GOOG
2020-05-13 00:00:00-04:00,68.33994780324477,68.75840965966415,65.92555314041886,66.96426391601562,36252000,0.0,0.0,GOOG
2020-05-14 00:00:00-04:00,66.25407348937019,67.36573840661484,65.70271264969891,67.30171966552734,32062000,0.0,0.0,GOOG
2020-05-15 00:00:00-04:00,66.99751553947635,68.21240285196609,66.45160682826297,68.14838409423828,34154000,0.0,0.0,GOOG
2020-05-18 00:00:00-04:00,67.58063946679195,69.09800660874522,67.2084310697719,68.68187713623047,36448000,0.0,0.0,GOOG
2020-05-19 00:00:00-04:00,68.83358594249799,69.08186872358338,68.16300964355469,68.16300964355469,25612000,0.0,0.0,GOOG
2020-05-20 00:00:00-04:00,68.9617782859622,69.99602878372372,68.8461522638333,69.8124008178711,33108000,0.0,0.0,GOOG
2020-05-21 00:00:00-04:00,69.87591018368292,70.24761871256297,69.15382513353916,69.61784362792969,27700000,0.0,0.0,GOOG
2020-05-22 00:00:00-04:00,69.31561949895216,70.11214325095916,69.07343266017584,69.99601745605469,26188000,0.0,0.0,GOOG
2020-05-26 00:00:00-04:00,71.32852208461908,71.51363424986954,70.08087593520875,70.32355499267578,41212000,0.0,0.0,GOOG
2020-05-27 00:00:00-04:00,70.33497451808856,70.55779822298318,69.0466332245921,70.36425018310547,33716000,0.0,0.0,GOOG
2020-05-28 00:00:00-04:00,69.32306974282896,71.5056972334195,69.280390574892,70.30917358398438,33844000,0.0,0.0,GOOG
2020-05-29 00:00:00-04:00,70.31958372532064,71.09526765059182,70.14142321347529,70.91412353515625,36418000,0.0,0.0,GOOG
2020-06-01 00:00:00-04:00,70.39155737771887,71.3627735097976,70.37220181427762,71.05805969238281,24342000,0.0,0.0,GOOG
2020-06-02 00:00:00-04:00,70.99501792987367,71.44464853016092,70.41338179495615,71.42529296875,25562000,0.0,0.0,GOOG
2020-06-03 00:00:00-04:00,71.3796488128832,71.78917499558794,70.95667369340917,71.28436279296875,25124000,0.0,0.0,GOOG
2020-06-04 00:00:00-04:00,70.98757242363524,71.41238760926663,69.71363423081955,70.08335876464844,29686000,0.0,0.0,GOOG
2020-06-05 00:00:00-04:00,70.13249522653545,71.71463071575131,69.77666638275234,71.38410949707031,34698000,0.0,0.0,GOOG
2020-06-08 00:00:00-04:00,70.58757081793824,71.86052454009054,70.58757081793824,71.79203796386719,28084000,0.0,0.0,GOOG
2020-06-09 00:00:00-04:00,71.7300026726426,72.85357931793546,71.62330476780633,72.26598358154297,28184000,0.0,0.0,GOOG
2020-06-10 00:00:00-04:00,72.43372996728506,73.16420553960302,72.27144918071639,72.74688720703125,30504000,0.0,0.0,GOOG
2020-06-11 00:00:00-04:00,71.58708074582259,72.1823626964432,69.57814614869571,69.66946411132812,39826000,0.0,0.0,GOOG
2020-06-12 00:00:00-04:00,70.89279225239302,71.31512366180317,68.78510324712983,70.13298797607422,38928000,0.0,0.0,GOOG
2020-06-15 00:00:00-04:00,69.02231809743643,70.70965960709182,68.87939287616906,70.46400451660156,30078000,0.0,0.0,GOOG
2020-06-16 00:00:00-04:00,71.7230608424095,72.20941095967879,70.764248752909,71.59899139404297,34184000,0.0,0.0,GOOG
2020-06-17 00:00:00-04:00,71.81933744745595,72.45655642551151,71.03620965078113,72.01586151123047,30992000,0.0,0.0,GOOG
2020-06-18 00:00:00-04:00,71.91859436387979,72.03025989872235,70.81934084639603,71.26350402832031,31638000,0.0,0.0,GOOG
2020-06-19 00:00:00-04:00,71.66252059899932,71.85110861072593,70.53845153890116,71.05309295654297,63158000,0.0,0.0,GOOG
2020-06-22 00:00:00-04:00,70.91809305910033,72.09675280864079,70.63075082408083,72.0525894165039,30848000,0.0,0.0,GOOG
2020-06-23 00:00:00-04:00,72.24019511764466,73.24769167354945,71.72406942512856,72.67543029785156,28596000,0.0,0.0,GOOG
2020-06-24 00:00:00-04:00,72.53150043296567,73.22182609400859,70.95532461500848,71.06549835205078,35120000,0.0,0.0,GOOG
2020-06-25 00:00:00-04:00,70.96276578682838,71.60792087273813,70.47144803565568,71.5300064086914,24610000,0.0,0.0,GOOG
2020-06-26 00:00:00-04:00,71.03672210462665,71.1389521960982,67.09627458775486,67.48883056640625,85354000,0.0,0.0,GOOG
2020-06-29 00:00:00-04:00,67.40345680245349,69.26053056481355,66.8491198754687,69.22926330566406,36204000,0.0,0.0,GOOG
2020-06-30 00:00:00-04:00,69.00445855320582,70.40445790397327,68.68286542681156,70.15432739257812,40848000,0.0,0.0,GOOG
2020-07-01 00:00:00-04:00,70.02975728639103,71.61288460372084,69.96623076259365,71.36672973632812,35504000,0.0,0.0,GOOG
2020-07-02 00:00:00-04:00,71.8084218280624,73.59551719863788,71.78261441255393,72.68981170654297,37182000,0.0,0.0,GOOG
2020-07-06 00:00:00-04:00,73.45209531245898,74.76872034277596,73.09477466690498,74.22827911376953,31280000,0.0,0.0,GOOG
2020-07-07 00:00:00-04:00,73.9454029147021,75.27542397657523,73.62530156699184,73.7061996459961,29164000,0.0,0.0,GOOG
2020-07-08 00:00:00-04:00,74.1597973739932,74.73348992166684,73.72853027328489,74.24317169189453,24994000,0.0,0.0,GOOG
2020-07-09 00:00:00-04:00,74.76177590495855,75.5692193900517,73.85036063926268,74.9870834350586,28466000,0.0,0.0,GOOG
2020-07-10 00:00:00-04:00,74.7468897075301,76.61685970435279,74.26996742955905,76.51313781738281,37126000,0.0,0.0,GOOG
2020-07-13 00:00:00-04:00,76.92307999076804,78.26957920118167,74.70189243368914,75.00447082519531,36928000,0.0,0.0,GOOG
2020-07-14 00:00:00-04:00,73.96079077385033,75.580637938563,73.62282566269967,75.46302032470703,31700000,0.0,0.0,GOOG
2020-07-15 00:00:00-04:00,75.58957683448338,76.19503647264395,74.34243024109291,75.11860656738281,32214000,0.0,0.0,GOOG
2020-07-16 00:00:00-04:00,74.44167458672857,75.36921948776053,73.7622686009857,75.33497619628906,30386000,0.0,0.0,GOOG
2020-07-17 00:00:00-04:00,75.51463210009686,75.6049504894592,74.36326384385416,75.21338653564453,29134000,0.0,0.0,GOOG
2020-07-20 00:00:00-04:00,75.1989959832784,77.93001588763573,74.62033584382972,77.70321655273438,31146000,0.0,0.0,GOOG
2020-07-21 00:00:00-04:00,78.75879778961406,78.75879778961406,77.13546737568947,77.34092712402344,24324000,0.0,0.0,GOOG
2020-07-22 00:00:00-04:00,77.4441513951141,77.91561378566698,76.72951015896744,77.8406753540039,18640000,0.0,0.0,GOOG
2020-07-23 00:00:00-04:00,77.76525668741822,78.00842799788757,74.80852769688292,75.21984100341797,32552000,0.0,0.0,GOOG
2020-07-24 00:00:00-04:00,74.38856743938653,75.31689978978966,73.86598245760713,75.03074645996094,30880000,0.0,0.0,GOOG
2020-07-27 00:00:00-04:00,75.2158683374083,76.47492649167059,75.19651277464828,75.94043731689453,24920000,0.0,0.0,GOOG
2020-07-28 00:00:00-04:00,75.69131580055831,75.75582677851672,74.3255595580783,74.45855712890625,34044000,0.0,0.0,GOOG
2020-07-29 00:00:00-04:00,74.75531741740346,75.99263450497357,74.50767074301636,75.53446960449219,22130000,0.0,0.0,GOOG
2020-07-30 00:00:00-04:00,74.29279858802568,76.32108911034089,74.05557933180364,76.00247955322266,33428000,0.0,0.0,GOOG
2020-07-31 00:00:00-04:00,74.69031714107773,74.88584922303987,72.16028905619345,73.59602355957031,68798000,0.0,0.0,GOOG
2020-08-03 00:00:00-04:00,73.77865058359723,73.96872281811605,72.73646407571327,73.17369079589844,46604000,0.0,0.0,GOOG
2020-08-04 00:00:00-04:00,73.27889301271779,73.72504780335576,72.38956703528302,72.70320892333984,38070000,0.0,0.0,GOOG
2020-08-05 00:00:00-04:00,72.9181005236001,73.5687230839682,72.62827444230203,73.13199615478516,39590000,0.0,0.0,GOOG
2020-08-06 00:00:00-04:00,73.03969650401996,74.56028958464269,72.75433824535169,74.44664001464844,39908000,0.0,0.0,GOOG
2020-08-07 00:00:00-04:00,74.441674690049,75.27765172835954,73.53050931881228,74.16822814941406,31556000,0.0,0.0,GOOG
2020-08-10 00:00:00-04:00,73.80544421227378,74.64390502378875,73.10569068546498,74.24812316894531,25786000,0.0,0.0,GOOG
2020-08-11 00:00:00-04:00,74.06648783621367,74.93795004342145,73.34986255039844,73.46499633789062,29088000,0.0,0.0,GOOG
2020-08-12 00:00:00-04:00,73.72604731602124,75.0563712798316,73.70966778362227,74.77021789550781,28740000,0.0,0.0,GOOG
2020-08-13 00:00:00-04:00,74.95482381331381,76.29031217439456,74.8389479080458,75.35730743408203,29104000,0.0,0.0,GOOG
2020-08-14 00:00:00-04:00,75.21885011836144,75.52853157359432,74.5846070499416,74.82530212402344,27096000,0.0,0.0,GOOG
2020-08-17 00:00:00-04:00,75.16970437751056,75.71263693526197,74.8371991725744,75.33397674560547,27566000,0.0,0.0,GOOG
2020-08-18 00:00:00-04:00,75.74091880478201,77.54190974120438,75.61834116408122,77.349853515625,40542000,0.0,0.0,GOOG
2020-08-19 00:00:00-04:00,77.08733382002706,78.0982531022047,76.62282300938666,76.80049133300781,33212000,0.0,0.0,GOOG
2020-08-20 00:00:00-04:00,76.59800374525486,78.70321652137234,76.33746090855072,78.49874877929688,34138000,0.0,0.0,GOOG
2020-08-21 00:00:00-04:00,78.26450645623639,79.29130543886384,77.81661751847746,78.43274688720703,28930000,0.0,0.0,GOOG
2020-08-24 00:00:00-04:00,79.10570543423205,80.10769673428159,78.44020261963195,78.81886291503906,28198000,0.0,0.0,GOOG
2020-08-25 00:00:00-04:00,78.51463149226906,79.98113347227084,78.51463149226906,79.8124008178711,44942000,0.0,0.0,GOOG
2020-08-26 00:00:00-04:00,79.80146945654732,82.34340130649105,79.58310601921963,82.00395202636719,79868000,0.0,0.0,GOOG
2020-08-27 00:00:00-04:00,82.06847361310274,82.13398416730115,80.68236994166742,81.1081771850586,37232000,0.0,0.0,GOOG
2020-08-28 00:00:00-04:00,81.06648828781452,81.74539449397781,80.9305071299718,81.6084213256836,29980000,0.0,0.0,GOOG
2020-08-31 00:00:00-04:00,81.7811288983985,81.78484704441053,80.90867464516772,81.1007308959961,36468000,0.0,0.0,GOOG
2020-09-01 00:00:00-04:00,81.22232649182634,82.66649698635236,81.00347078702691,82.41736602783203,36506000,0.0,0.0,GOOG
2020-09-02 00:00:00-04:00,83.06575101334117,86.01388511779149,82.69626874386255,85.77071380615234,50224000,0.0,0.0,GOOG
2020-09-03 00:00:00-04:00,84.84931647343939,84.84931647343939,80.15184424761775,81.48088073730469,62156000,0.0,0.0,GOOG
2020-09-04 00:00:00-04:00,80.60841583905999,81.64315838965975,76.80460126517468,78.95978546142578,52172000,0.0,0.0,GOOG
2020-09-08 00:00:00-04:00,76.10470855192,77.61116363896181,75.83175420194426,76.04912567138672,52218000,0.0,0.0,GOOG
2020-09-09 00:00:00-04:00,77.29676199232381,77.86598665234358,76.23080515815435,77.26847076416016,35494000,0.0,0.0,GOOG
2020-09-10 00:00:00-04:00,77.45109322527088,78.61441844294171,75.72231454471562,76.03074645996094,32372000,0.0,0.0,GOOG
2020-09-11 00:00:00-04:00,76.22827551548885,78.17368364419161,74.31065125070333,75.46996307373047,31942000,0.0,0.0,GOOG
2020-09-14 00:00:00-04:00,76.37740068883937,77.61784529962766,75.22281419764987,75.39849090576172,33932000,0.0,0.0,GOOG
2020-09-15 00:00:00-04:00,76.22826693094107,77.39799094518347,76.02156530540854,76.49823760986328,26622000,0.0,0.0,GOOG
2020-09-16 00:00:00-04:00,77.19800582468778,77.51859938019965,75.42529823829437,75.47889709472656,26234000,0.0,0.0,GOOG
2020-09-17 00:00:00-04:00,74.24317218190565,74.85349339624949,72.95284669432681,74.21984100341797,37596000,0.0,0.0,GOOG
2020-09-18 00:00:00-04:00,74.3429115679416,74.59070213973557,71.32157345578229,72.45606231689453,62078000,0.0,0.0,GOOG
2020-09-21 00:00:00-04:00,71.46697837668651,71.87888985447366,69.80395251864239,71.0252914428711,57776000,0.0,0.0,GOOG
2020-09-22 00:00:00-04:00,71.96475115766872,72.92901556169352,71.1925429970855,72.72753143310547,31664000,0.0,0.0,GOOG
2020-09-23 00:00:00-04:00,72.39602158292905,72.50420373029236,69.86103353259674,70.23373413085938,33148000,0.0,0.0,GOOG
2020-09-24 00:00:00-04:00,70.02629137290262,71.64807703200857,69.96773246504247,70.88286590576172,29004000,0.0,0.0,GOOG
2020-09-25 00:00:00-04:00,71.09824791579504,71.96028222676772,70.14092759920929,71.71015930175781,26460000,0.0,0.0,GOOG
2020-09-28 00:00:00-04:00,73.16177556082938,73.2903052771851,71.92559427191328,72.68087768554688,40158000,0.0,0.0,GOOG
2020-09-29 00:00:00-04:00,72.97220065731825,73.28351778090314,72.39725863958432,72.91959381103516,19564000,0.0,0.0,GOOG
2020-09-30 00:00:00-04:00,72.79403388769244,73.93299825620367,72.45061650998154,72.93299865722656,34032000,0.0,0.0,GOOG
2020-10-01 00:00:00-04:00,73.66102557767228,74.39403036798248,73.40991064795878,73.94985961914062,35590000,0.0,0.0,GOOG
2020-10-02 00:00:00-04:00,72.55731105816068,73.60793343449701,72.00594255705482,72.3781509399414,25682000,0.0,0.0,GOOG
2020-10-05 00:00:00-04:00,72.76476632975901,73.8565762442053,72.66848829167947,73.74789428710938,22266000,0.0,0.0,GOOG
2020-10-06 00:00:00-04:00,73.22977347152488,73.78461028397533,71.89031687924354,72.13101196289062,24908000,0.0,0.0,GOOG
2020-10-07 00:00:00-04:00,72.66946298758458,72.90122235940702,71.26549568501143,72.47095489501953,34924000,0.0,0.0,GOOG
2020-10-08 00:00:00-04:00,72.70916545083577,73.94539211646187,72.70916545083577,73.743408203125,23756000,0.0,0.0,GOOG
2020-10-09 00:00:00-04:00,74.17865073894797,75.26152482602063,73.91810789711114,75.19701385498047,28706000,0.0,0.0,GOOG
2020-10-12 00:00:00-04:00,76.57567423494667,79.09974266841846,76.05805679773535,77.8734359741211,49652000,0.0,0.0,GOOG
2020-10-13 00:00:00-04:00,78.5970009205124,78.90816654145827,77.57814573397125,77.99898529052734,32020000,0.0,0.0,GOOG
2020-10-14 00:00:00-04:00,78.34192085711464,78.79324018059705,76.94936534993373,77.8203353881836,38586000,0.0,0.0,GOOG
2020-10-15 00:00:00-04:00,76.78162738962374,78.16897299714017,76.67642126905331,77.37616729736328,30800000,0.0,0.0,GOOG
2020-10-16 00:00:00-04:00,77.70968095859747,78.4679935551264,77.56823993484083,78.06501007080078,28694000,0.0,0.0,GOOG
2020-10-19 00:00:00-04:00,78.43472353680188,78.81635977044212,75.83124911574544,76.15928649902344,32142000,0.0,0.0,GOOG
2020-10-20 00:00:00-04:00,75.78411076251808,78.28783163248045,75.71562417619946,77.21736145019531,44834000,0.0,0.0,GOOG
2020-10-21 00:00:00-04:00,78.0808699012377,80.33397531029891,77.99650358558185,79.07243347167969,51366000,0.0,0.0,GOOG
2020-10-22 00:00:00-04:00,79.05953210886015,80.49576625610072,78.66003211059048,80.16524505615234,28672000,0.0,0.0,GOOG
2020-10-23 00:00:00-04:00,80.69825280175915,81.50668836013458,80.42232242767868,81.43920135498047,27516000,0.0,0.0,GOOG
2020-10-26 00:00:00-04:00,80.64564438902183,81.30221896620628,78.23819417588084,78.93050384521484,37066000,0.0,0.0,GOOG
2020-10-27 00:00:00-04:00,79.18956815347553,79.74415501457528,78.54986527950285,79.6158676147461,24580000,0.0,0.0,GOOG
2020-10-28 00:00:00-04:00,77.40644314565797,77.48634164034564,75.16724069260567,75.26649475097656,36680000,0.0,0.0,GOOG
2020-10-29 00:00:00-04:00,75.55134272922399,79.09228964702433,75.54539066703965,77.77864074707031,40062000,0.0,0.0,GOOG
2020-10-30 00:00:00-04:00,82.98310820938278,83.72206508135392,79.62578912567685,80.44712829589844,86582000,0.0,0.0,GOOG
2020-11-02 00:00:00-05:00,80.80197208483241,82.42033495137787,80.19998832120534,80.6962661743164,50708000,0.0,0.0,GOOG
2020-11-03 00:00:00-05:00,80.98162946076212,82.46649507050768,80.22927655048163,81.89627075195312,33234000,0.0,0.0,GOOG
2020-11-04 00:00:00-05:00,84.87740613292816,87.90892191546988,84.66648653697001,86.8054428100586,71418000,0.0,0.0,GOOG
2020-11-05 00:00:00-05:00,88.38707634204215,89.01436764430528,86.87391980549184,87.51213836669922,41316000,0.0,0.0,GOOG
2020-11-06 00:00:00-05:00,87.04465133837695,87.96176876172139,86.36971319268075,87.43174743652344,33218000,0.0,0.0,GOOG
2020-11-09 00:00:00-05:00,88.87839384296987,90.226286111646,87.34588919189159,87.49378204345703,45366000,0.0,0.0,GOOG
2020-11-10 00:00:00-05:00,85.9101541605865,87.49378141372907,85.22578813543656,86.37169647216797,52722000,0.0,0.0,GOOG
2020-11-11 00:00:00-05:00,86.84861916883732,87.55432478037316,86.7178479630942,86.98310852050781,25280000,0.0,0.0,GOOG
2020-11-12 00:00:00-05:00,86.731009028004,87.75532424241983,86.63026316716248,86.84068298339844,24950000,0.0,0.0,GOOG
2020-11-13 00:00:00-05:00,87.22727953659363,88.38906762036554,86.57814880833777,88.18955993652344,29998000,0.0,0.0,GOOG
2020-11-16 00:00:00-05:00,87.92553912134699,89.2838512516731,87.7265312339121,88.40593719482422,24936000,0.0,0.0,GOOG
2020-11-17 00:00:00-05:00,88.18559827448735,88.58559810893249,87.69229644541501,87.84862518310547,22942000,0.0,0.0,GOOG
2020-11-18 00:00:00-05:00,87.604453131627,88.01338862768735,86.65706040467028,86.6888198852539,23470000,0.0,0.0,GOOG
2020-11-19 00:00:00-05:00,86.2719423645219,87.82082653054185,86.20370567882044,87.53943634033203,24998000,0.0,0.0,GOOG
2020-11-20 00:00:00-05:00,87.60345391853068,88.03968102584562,86.44464946545325,86.46102142333984,46270000,0.0,0.0,GOOG
2020-11-23 00:00:00-05:00,86.8287801959575,87.042176047001,85.2466445762745,86.09725952148438,43232000,0.0,0.0,GOOG
2020-11-24 00:00:00-05:00,85.88087812758405,87.92058026741198,85.74142115251018,87.78559112548828,31560000,0.0,0.0,GOOG
2020-11-25 00:00:00-05:00,87.98460214757017,88.26500033701676,87.17319061042556,87.91214752197266,20916000,0.0,0.0,GOOG
2020-11-27 00:00:00-05:00,87.99452684926271,89.52851571481793,87.96226757934123,88.9920425415039,17698000,0.0,0.0,GOOG
2020-11-30 00:00:00-05:00,88.39621434880539,88.73770827948194,87.09676390951667,87.38162994384766,36476000,0.0,0.0,GOOG
2020-12-01 00:00:00-05:00,88.05804237759918,90.5622627652361,87.8099034772164,89.23571014404297,34738000,0.0,0.0,GOOG
2020-12-02 00:00:00-05:00,89.2357124739142,91.09923808767552,88.80757290127825,90.71710205078125,24440000,0.0,0.0,GOOG
2020-12-03 00:00:00-05:00,90.52157328153271,91.67244169462239,90.45407870885857,90.6585464477539,24546000,0.0,0.0,GOOG
2020-12-04 00:00:00-05:00,90.54687723213468,90.97566047385342,90.17318464409912,90.71908569335938,27564000,0.0,0.0,GOOG
2020-12-07 00:00:00-05:00,90.27293716272597,90.93646342957646,89.61686233326083,90.29676055908203,26418000,0.0,0.0,GOOG
2020-12-08 00:00:00-05:00,89.83124734969482,90.41685912728639,89.14167136413829,90.25060272216797,21926000,0.0,0.0,GOOG
2020-12-09 00:00:00-05:00,89.9260391505422,91.03075254663202,87.73249209754806,88.54241180419922,30152000,0.0,0.0,GOOG
2020-12-10 00:00:00-05:00,87.8312514986635,88.4024677868778,86.36822537072041,88.10569763183594,27256000,0.0,0.0,GOOG
2020-12-11 00:00:00-05:00,87.49676363827062,88.55830572922827,87.34490273535823,88.42530059814453,24414000,0.0,0.0,GOOG
2020-12-14 00:00:00-05:00,88.08931824492798,89.20048356188695,87.20668639374409,87.3478775024414,32004000,0.0,0.0,GOOG
2020-12-15 00:00:00-05:00,87.56425044108076,87.91164339523793,86.84613335692426,87.73049926757812,29646000,0.0,0.0,GOOG
2020-12-16 00:00:00-05:00,87.98410023321698,87.99005986835175,87.15035712224122,87.49378204345703,30270000,0.0,0.0,GOOG
2020-12-17 00:00:00-05:00,87.76722323186408,87.92970847111908,86.28583371192838,86.74439239501953,32494000,0.0,0.0,GOOG
2020-12-18 00:00:00-05:00,87.05605764981478,87.10221263566275,85.37070020103279,85.90618133544922,80328000,0.0,0.0,GOOG
2020-12-21 00:00:00-05:00,85.03769417792094,86.39452201143068,84.31759310873788,86.3210678100586,36568000,0.0,0.0,GOOG
2020-12-22 00:00:00-05:00,86.07590297119219,86.22354591256064,84.99129491834705,85.53347778320312,18734000,0.0,0.0,GOOG
2020-12-23 00:00:00-05:00,85.76226291525929,86.74885885416467,85.60990224219043,85.97417449951172,20676000,0.0,0.0,GOOG
2020-12-24 00:00:00-05:00,86.1042085774782,86.65011725167767,85.81189867689874,86.29527282714844,6936000,0.0,0.0,GOOG
2020-12-28 00:00:00-05:00,86.929764423894,88.8698643014064,86.66673776836896,88.1434097290039,27860000,0.0,0.0,GOOG
2020-12-29 00:00:00-05:00,88.72406590779995,88.95483330287551,87.15085837590568,87.28137969970703,25988000,0.0,0.0,GOOG
2020-12-30 00:00:00-05:00,87.4446469340254,87.59774972629965,85.63769624730531,86.3285140991211,26122000,0.0,0.0,GOOG
2020-12-31 00:00:00-05:00,86.12505365283228,87.29180183899791,86.12505365283228,86.94192504882812,20238000,0.0,0.0,GOOG
2021-01-04 00:00:00-05:00,87.22282070502261,87.37716542648809,84.75681884770782,85.76873016357422,38038000,0.0,0.0,GOOG
2021-01-05 00:00:00-05:00,85.6079306360175,86.73299169369423,85.26127976412366,86.39800262451172,22906000,0.0,0.0,GOOG
2021-01-06 00:00:00-05:00,84.4977598216801,86.74937380604294,84.31760768222894,86.11860656738281,52042000,0.0,0.0,GOOG
2021-01-07 00:00:00-05:00,86.35531082845031,88.75431746516027,86.20593375919945,88.69725036621094,45300000,0.0,0.0,GOOG
2021-01-08 00:00:00-05:00,88.73347615156787,89.81833410302609,88.01660102371942,89.68781280517578,41012000,0.0,0.0,GOOG
2021-01-11 00:00:00-05:00,88.6386945524747,89.0478799376341,87.37070829111397,87.67839813232422,24194000,0.0,0.0,GOOG
2021-01-12 00:00:00-05:00,87.04316284004813,88.2401862729812,85.62331568317703,86.67740631103516,27140000,0.0,0.0,GOOG
2021-01-13 00:00:00-05:00,86.28188173260166,87.59478118732932,86.25359050051594,87.0669937133789,21882000,0.0,0.0,GOOG
2021-01-14 00:00:00-05:00,87.02826150055535,88.08980339976486,86.02478628097046,86.36126708984375,23590000,0.0,0.0,GOOG
2021-01-15 00:00:00-05:00,86.2625231023288,87.14639689560761,85.43671600067835,86.16326904296875,26844000,0.0,0.0,GOOG
2021-01-19 00:00:00-05:00,86.9602790123325,89.79030281440636,86.4247903078785,88.87640380859375,34692000,0.0,0.0,GOOG
2021-01-20 00:00:00-05:00,90.89129469400088,94.47690493351953,90.59700079890858,93.64266204833984,49806000,0.0,0.0,GOOG
2021-01-21 00:00:00-05:00,94.19353244147311,96.02280722888308,93.65308365003949,93.8585433959961,41278000,0.0,0.0,GOOG
2021-01-22 00:00:00-05:00,94.07839194324099,94.83621218523086,93.38757405452097,94.34489440917969,25442000,0.0,0.0,GOOG
2021-01-25 00:00:00-05:00,95.31859047067545,95.76076963604262,92.68137249950749,94.26300811767578,38546000,0.0,0.0,GOOG
2021-01-26 00:00:00-05:00,93.73894915218186,95.53348857095014,93.5109078991677,95.14837646484375,26262000,0.0,0.0,GOOG
2021-01-27 00:00:00-05:00,93.42578674157069,93.79650328610012,89.77665011622798,90.85803985595703,54966000,0.0,0.0,GOOG
2021-01-28 00:00:00-05:00,91.5106525806787,94.23472079571793,91.44614161229457,92.46202087402344,35462000,0.0,0.0,GOOG
2021-01-29 00:00:00-05:00,91.62132375858636,92.1726846562811,89.8362123934404,91.10370635986328,32252000,0.0,0.0,GOOG
2021-02-01 00:00:00-05:00,91.98857146290209,95.40405597386508,91.85755792611496,94.35978698730469,32044000,0.0,0.0,GOOG
2021-02-02 00:00:00-05:00,95.41239547422798,97.06004161908778,95.01190341768233,95.6580581665039,45474000,0.0,0.0,GOOG
2021-02-03 00:00:00-05:00,102.87840313083534,105.03720730426068,100.16773064017131,102.73299407958984,82364000,0.0,0.0,GOOG
2021-02-04 00:00:00-05:00,102.67442246381972,103.1538209466893,101.36920941459294,102.35084533691406,37046000,0.0,0.0,GOOG
2021-02-05 00:00:00-05:00,102.72950782114751,104.34291051322235,102.19997872555514,104.11908721923828,30702000,0.0,0.0,GOOG
2021-02-08 00:00:00-05:00,104.51164830223856,105.3869347160513,102.82876693597579,103.86648559570312,24838000,0.0,0.0,GOOG
2021-02-09 00:00:00-05:00,103.1533315305854,104.47293255250594,103.1533315305854,103.39997863769531,17798000,0.0,0.0,GOOG
2021-02-10 00:00:00-05:00,103.93100033477586,104.63372991225886,102.38658399549954,103.98905944824219,22710000,0.0,0.0,GOOG
2021-02-11 00:00:00-05:00,104.19402610698783,104.3190875718258,103.09278096474972,104.01437377929688,18914000,0.0,0.0,GOOG
2021-02-12 00:00:00-05:00,103.73446803117707,104.65606084760412,103.38112301012299,104.42230987548828,17114000,0.0,0.0,GOOG
2021-02-16 00:00:00-05:00,104.43473597346188,106.83275109250258,104.43473597346188,105.30520629882812,22676000,0.0,0.0,GOOG
2021-02-17 00:00:00-05:00,104.21833932555077,105.88880908882014,104.16474047433805,105.62329864501953,21418000,0.0,0.0,GOOG
2021-02-18 00:00:00-05:00,104.73397249673239,105.84290379891695,104.40245928622272,105.07193756103516,22432000,0.0,0.0,GOOG
2021-02-19 00:00:00-05:00,105.17467874674287,105.73348355681483,104.0898130453819,104.2749252319336,29148000,0.0,0.0,GOOG
2021-02-22 00:00:00-05:00,102.58063184033716,103.79254303721723,102.33944455710851,102.47542572021484,27350000,0.0,0.0,GOOG
2021-02-23 00:00:00-05:00,100.49675675125818,103.32553876597618,99.35580848769983,102.77218627929688,33348000,0.0,0.0,GOOG
2021-02-24 00:00:00-05:00,101.3315068929085,104.25706715011387,101.14788649838893,103.97865295410156,24966000,0.0,0.0,GOOG
2021-02-25 00:00:00-05:00,102.60295304770493,103.96424877038558,100.31213601750446,100.8118896484375,36568000,0.0,0.0,GOOG
2021-02-26 00:00:00-05:00,101.76275298637039,102.7796241651447,100.05258016925387,101.0848388671875,41670000,0.0,0.0,GOOG
2021-03-01 00:00:00-05:00,102.06052547894382,103.54935898000207,101.54340785341348,103.30072784423828,28090000,0.0,0.0,GOOG
2021-03-02 00:00:00-05:00,103.03670442654219,104.43521190472185,102.79204134384504,103.01933288574219,22692000,0.0,0.0,GOOG
2021-03-03 00:00:00-05:00,102.59104243879125,103.6485179525727,99.7518405206589,100.58112335205078,29684000,0.0,0.0,GOOG
2021-03-04 00:00:00-05:00,100.41537321345079,103.68435059593537,100.2615207203599,101.6917953491211,42360000,0.0,0.0,GOOG
2021-03-05 00:00:00-05:00,102.88436139384845,105.11711970632639,101.55905042476952,104.64218139648438,43904000,0.0,0.0,GOOG
2021-03-08 00:00:00-05:00,104.2744241479968,105.64811623726695,100.32801743764185,100.45507049560547,32948000,0.0,0.0,GOOG
2021-03-09 00:00:00-05:00,102.72951498133257,103.12852279691981,101.62926935019789,101.87095642089844,33946000,0.0,0.0,GOOG
2021-03-10 00:00:00-05:00,102.81685483464553,102.97765139857192,100.91164954542201,101.98658752441406,25372000,0.0,0.0,GOOG
2021-03-11 00:00:00-05:00,102.93100076362254,105.4937801610599,102.8476264530874,104.95134735107422,24782000,0.0,0.0,GOOG
2021-03-12 00:00:00-05:00,103.47392260962944,103.73496522037964,101.61536464833783,102.3285140991211,34516000,0.0,0.0,GOOG
2021-03-15 00:00:00-04:00,102.34738478779681,102.58361202814716,101.41487974432123,102.55532836914062,25962000,0.0,0.0,GOOG
2021-03-16 00:00:00-04:00,103.17565990064335,105.38757043005971,102.72950512628432,103.84712219238281,29832000,0.0,0.0,GOOG
2021-03-17 00:00:00-04:00,103.02876472611351,104.70370240170875,101.93546321311196,103.77566528320312,25980000,0.0,0.0,GOOG
2021-03-18 00:00:00-04:00,102.28286011376694,103.00246142686906,100.92057237004009,101.0530776977539,27228000,0.0,0.0,GOOG
2021-03-19 00:00:00-04:00,101.34240805448042,101.8907928977242,100.13298082469584,101.39948272705078,46298000,0.0,0.0,GOOG
2021-03-22 00:00:00-04:00,101.33200406944363,102.13348798788701,100.54936835085859,101.17070770263672,39096000,0.0,0.0,GOOG
2021-03-23 00:00:00-04:00,101.82132320572043,102.84375278509316,101.20196791810987,101.88385772705078,27340000,0.0,0.0,GOOG
2021-03-24 00:00:00-04:00,102.49974164241104,103.13696071838505,101.31785579766643,101.4917984008789,23080000,0.0,0.0,GOOG
2021-03-25 00:00:00-04:00,101.47940099339321,102.17716304458992,99.78808357537307,101.45706939697266,28378000,0.0,0.0,GOOG
2021-03-26 00:00:00-04:00,101.1841011784745,101.78608490659278,99.95134270224546,101.01982879638672,29870000,0.0,0.0,GOOG
2021-03-29 00:00:00-04:00,100.63918654962447,102.15531926926886,100.03075095540598,102.03224182128906,24596000,0.0,0.0,GOOG
2021-03-30 00:00:00-04:00,102.11561611154833,102.768222674311,101.4406779549868,102.01189422607422,20732000,0.0,0.0,GOOG
2021-03-31 00:00:00-04:00,102.18957489445198,103.88719272135977,102.07170738020747,102.66153717041016,29198000,0.0,0.0,GOOG
2021-04-01 00:00:00-04:00,104.1166056180529,106.34936361659216,104.0639987751281,106.09178924560547,33980000,0.0,0.0,GOOG
2021-04-05 00:00:00-04:00,106.84565267866017,111.03274738094558,106.7801421207213,110.4491195678711,43298000,0.0,0.0,GOOG
2021-04-06 00:00:00-04:00,110.29775065496709,111.05011107606593,109.91561459536234,110.40941619873047,27060000,0.0,0.0,GOOG
2021-04-07 00:00:00-04:00,110.47790474172571,111.91065562912694,110.43820160485271,111.64663696289062,25798000,0.0,0.0,GOOG
2021-04-08 00:00:00-04:00,113.05011896482257,113.35011506719265,112.04366748113668,112.42877960205078,27166000,0.0,0.0,GOOG
2021-04-09 00:00:00-04:00,111.99500752978824,113.59997425829108,111.84681935786513,113.44314575195312,20888000,0.0,0.0,GOOG
2021-04-12 00:00:00-04:00,112.46896286047254,112.91908569979363,111.09005321800934,111.90023040771484,31318000,0.0,0.0,GOOG
2021-04-13 00:00:00-04:00,112.23174260920688,113.01287887576844,111.96474035408396,112.51958465576172,23310000,0.0,0.0,GOOG
2021-04-14 00:00:00-04:00,112.91114526151502,113.05158667158682,111.62231173029588,111.90270233154297,20220000,0.0,0.0,GOOG
2021-04-15 00:00:00-04:00,113.00147344964974,114.47129978297473,112.456564366128,113.9781494140625,27472000,0.0,0.0,GOOG
2021-04-16 00:00:00-04:00,114.29278835061344,114.46350502011981,113.37219507545284,114.0327377319336,22596000,0.0,0.0,GOOG
2021-04-19 00:00:00-04:00,113.74589052815423,115.05953958182683,113.54068066554962,114.26301574707031,24688000,0.0,0.0,GOOG
2021-04-20 00:00:00-04:00,114.53546368191472,114.6203297949644,112.7399323890532,113.82777404785156,21774000,0.0,0.0,GOOG
2021-04-21 00:00:00-04:00,113.41188241825846,113.9116360461608,112.0878135973065,113.8108901977539,23930000,0.0,0.0,GOOG
2021-04-22 00:00:00-04:00,113.80790850434748,114.33059193403923,111.98260191703122,112.55183410644531,21096000,0.0,0.0,GOOG
2021-04-23 00:00:00-04:00,113.3235541982414,115.42529112029511,113.06251157388485,114.90320587158203,28670000,0.0,0.0,GOOG
2021-04-26 00:00:00-04:00,115.13298978738486,116.19155587367531,114.83075977593948,115.47095489501953,20834000,0.0,0.0,GOOG
2021-04-27 00:00:00-04:00,115.9305194820792,116.00247432469477,114.35582765903801,114.49726867675781,31972000,0.0,0.0,GOOG
2021-04-28 00:00:00-04:00,119.46127545090711,121.7060892192107,117.85854995111147,118.10966491699219,59728000,0.0,0.0,GOOG
2021-04-29 00:00:00-04:00,119.61934105132906,120.91908679997171,119.21983344543095,120.59005737304688,39554000,0.0,0.0,GOOG
2021-04-30 00:00:00-04:00,119.32951100319795,120.45357999007767,119.21387742017966,119.6089096069336,39142000,0.0,0.0,GOOG
2021-05-03 00:00:00-04:00,119.24166605463816,120.08434482450056,118.33744477612487,118.86697387695312,33788000,0.0,0.0,GOOG
2021-05-04 00:00:00-04:00,117.60493685466814,118.07739126840382,114.72454003134625,116.8362045288086,35120000,0.0,0.0,GOOG
2021-05-05 00:00:00-04:00,117.53942229946459,118.22329606442196,116.69525934978749,116.95977020263672,21806000,0.0,0.0,GOOG
2021-05-06 00:00:00-04:00,116.65704545809791,118.24860876685227,116.24503552108047,118.18111419677734,20618000,0.0,0.0,GOOG
2021-05-07 00:00:00-04:00,119.10668251478764,119.92107766726444,118.61040467097602,119.04167175292969,23272000,0.0,0.0,GOOG
2021-05-10 00:00:00-04:00,117.86052553400093,118.01487024218662,115.86747811780978,116.21139526367188,26006000,0.0,0.0,GOOG
2021-05-11 00:00:00-04:00,113.73993305446795,115.23571061757734,113.30023010951443,114.57864379882812,32110000,0.0,0.0,GOOG
2021-05-12 00:00:00-04:00,112.24364417816744,113.4178360707028,110.67242854784533,111.12056732177734,34934000,0.0,0.0,GOOG
2021-05-13 00:00:00-04:00,112.21287490269839,112.98265224138152,111.30121736158576,112.25655364990234,26670000,0.0,0.0,GOOG
2021-05-14 00:00:00-04:00,113.73843385961295,115.19302396371116,113.31610248358523,114.94587707519531,26624000,0.0,0.0,GOOG
2021-05-17 00:00:00-04:00,114.60644402584497,115.30222202263761,113.89577072621832,115.2064437866211,19842000,0.0,0.0,GOOG
2021-05-18 00:00:00-04:00,115.97546234582424,116.28534065744955,114.30072156132653,114.31412506103516,17302000,0.0,0.0,GOOG
2021-05-19 00:00:00-04:00,112.37715722017664,114.9756642787799,112.33348604170753,114.57616424560547,19350000,0.0,0.0,GOOG
2021-05-20 00:00:00-04:00,115.53545752658258,117.13843270235449,115.19054082028367,116.9275131225586,23832000,0.0,0.0,GOOG
2021-05-21 00:00:00-04:00,117.41885261350731,117.56822971476973,116.24664447364022,116.38212585449219,22832000,0.0,0.0,GOOG
2021-05-24 00:00:00-04:00,117.46896653672783,120.0238100181119,117.12703339736446,119.43770599365234,21244000,0.0,0.0,GOOG
2021-05-25 00:00:00-04:00,120.09923365607258,120.7389364994994,119.25506307653886,119.55680084228516,18838000,0.0,0.0,GOOG
2021-05-26 00:00:00-04:00,119.74364968862118,121.23789760351696,119.72776994891755,120.77069854736328,21856000,0.0,0.0,GOOG
2021-05-27 00:00:00-04:00,120.93992810290065,121.09178899580758,119.20593175102528,119.23124694824219,38962000,0.0,0.0,GOOG
2021-05-28 00:00:00-04:00,120.19650739692102,120.50320522425173,119.4883179494514,119.68038177490234,24108000,0.0,0.0,GOOG
2021-06-01 00:00:00-04:00,120.19848657292914,120.99109532079021,119.34886373038158,120.5860824584961,19166000,0.0,0.0,GOOG
2021-06-02 00:00:00-04:00,120.85904326166703,121.19104871890133,119.31511906311083,120.16276550292969,17158000,0.0,0.0,GOOG
2021-06-03 00:00:00-04:00,118.85952661366748,119.5902975008336,118.2545668756939,119.33545684814453,18346000,0.0,0.0,GOOG
2021-06-04 00:00:00-04:00,120.22430061160439,121.77958371082647,119.98856560491551,121.6754150390625,25948000,0.0,0.0,GOOG
2021-06-07 00:00:00-04:00,121.65357653961168,122.48136758049505,121.1450386821504,122.3865737915039,23850000,0.0,0.0,GOOG
2021-06-08 00:00:00-04:00,123.07194458762119,123.79625609948549,122.49328444293478,123.21834564208984,25060000,0.0,0.0,GOOG
2021-06-09 00:00:00-04:00,124.04464589132988,124.31760022070551,123.44067811638156,123.64266204833984,20126000,0.0,0.0,GOOG
2021-06-10 00:00:00-04:00,123.77217905601435,125.2237931234959,123.77167926453289,125.14141082763672,31234000,0.0,0.0,GOOG
2021-06-11 00:00:00-04:00,125.30618154477034,125.40891141702494,123.9845889238439,124.76077270507812,25240000,0.0,0.0,GOOG
2021-06-14 00:00:00-04:00,124.7339778092754,125.47045091033763,124.11610675138665,125.41139221191406,22550000,0.0,0.0,GOOG
2021-06-15 00:00:00-04:00,125.58012276594714,125.91758803507994,124.71312084525886,125.09475708007812,22182000,0.0,0.0,GOOG
2021-06-16 00:00:00-04:00,125.30766577409084,125.58161210010309,123.22573124814696,124.76077270507812,26316000,0.0,0.0,GOOG
2021-06-17 00:00:00-04:00,124.58855773088163,126.24959956869215,124.5806140753926,125.43024444580078,25756000,0.0,0.0,GOOG
2021-06-18 00:00:00-04:00,124.7697017407003,125.44811570686733,123.67540823030943,124.63272857666016,53306000,0.0,0.0,GOOG
2021-06-21 00:00:00-04:00,124.80395245987306,126.09105198061793,124.20271081057095,125.51363372802734,26256000,0.0,0.0,GOOG
2021-06-22 00:00:00-04:00,125.50866066639675,126.3225560078602,125.08831328217012,126.05406951904297,20984000,0.0,0.0,GOOG
2021-06-23 00:00:00-04:00,125.60792271224543,126.84464168187691,125.31213700392834,125.52008056640625,19694000,0.0,0.0,GOOG
2021-06-24 00:00:00-04:00,126.10765808328922,126.58607211572415,126.01485589313316,126.33445739746094,18934000,0.0,0.0,GOOG
2021-06-25 00:00:00-04:00,126.01190246395066,126.55581956782022,125.50272087396098,126.04962158203125,33484000,0.0,0.0,GOOG
2021-06-28 00:00:00-04:00,126.0545721620701,126.38906142919231,125.03601217104567,125.87541961669922,28110000,0.0,0.0,GOOG
2021-06-29 00:00:00-04:00,125.82877580197854,126.0545831490086,124.50321496239403,125.08039093017578,20950000,0.0,0.0,GOOG
2021-06-30 00:00:00-04:00,124.71814454004452,124.86350814875675,123.82876551564229,124.38311004638672,24006000,0.0,0.0,GOOG
2021-07-01 00:00:00-04:00,123.92033308783375,125.52108214804063,123.92033308783375,125.42778015136719,17120000,0.0,0.0,GOOG
2021-07-02 00:00:00-04:00,125.89524793272744,127.88880244491926,125.82526955688022,127.76074981689453,21160000,0.0,0.0,GOOG
2021-07-06 00:00:00-04:00,128.48580712187092,128.9175814879052,127.45305627056501,128.80491638183594,21350000,0.0,0.0,GOOG
2021-07-07 00:00:00-04:00,129.3706885083143,129.66735260804575,128.7940048792825,129.10914611816406,16680000,0.0,0.0,GOOG
2021-07-08 00:00:00-04:00,127.29527667621416,129.06450853637082,127.08683330197957,128.2153778076172,19780000,0.0,0.0,GOOG
2021-07-09 00:00:00-04:00,127.98460923107149,128.88287097720044,127.98360964794479,128.6099090576172,15106000,0.0,0.0,GOOG
2021-07-12 00:00:00-04:00,128.86697978581287,129.7965163396776,128.63522795938133,129.592041015625,16944000,0.0,0.0,GOOG
2021-07-13 00:00:00-04:00,129.90716755887453,131.05903549499658,129.6644809267212,130.0193328857422,16618000,0.0,0.0,GOOG
2021-07-14 00:00:00-04:00,130.91959082375635,132.00594074095577,130.91610742818474,131.0992431640625,17912000,0.0,0.0,GOOG
2021-07-15 00:00:00-04:00,131.51362929765733,131.60792330009033,129.62579551846136,130.289306640625,16586000,0.0,0.0,GOOG
2021-07-16 00:00:00-04:00,130.66102248243504,131.19897988108596,129.84761938532512,130.86399841308594,14856000,0.0,0.0,GOOG
2021-07-19 00:00:00-04:00,130.1791120261331,130.26992261319532,127.58010575471901,128.29176330566406,25710000,0.0,0.0,GOOG
2021-07-20 00:00:00-04:00,129.0362157442271,131.0186919827376,128.2266897207231,130.12554931640625,19084000,0.0,0.0,GOOG
2021-07-21 00:00:00-04:00,129.813396259614,131.63001749045003,129.62927607066993,131.61338806152344,14742000,0.0,0.0,GOOG
2021-07-22 00:00:00-04:00,131.66250650083572,132.51065273060368,131.41436757780724,132.33596801757812,13608000,0.0,0.0,GOOG
2021-07-23 00:00:00-04:00,134.25306715065287,137.77515838675583,133.6977382204893,136.7900390625,26378000,0.0,0.0,GOOG
2021-07-26 00:00:00-04:00,137.22081514644972,138.67292148132793,136.62627529640977,138.6049346923828,23052000,0.0,0.0,GOOG
2021-07-27 00:00:00-04:00,138.96869983262025,138.96869983262025,134.09426389918332,135.7781219482422,42164000,0.0,0.0,GOOG
2021-07-28 00:00:00-04:00,137.5304899963096,138.63619539548873,135.33496650963016,135.36622619628906,54688000,0.0,0.0,GOOG
2021-07-29 00:00:00-04:00,135.36532608083013,136.13049168789192,135.12453260498444,135.52403259277344,19284000,0.0,0.0,GOOG
2021-07-30 00:00:00-04:00,134.50220507746448,134.76061242377017,133.8105845243994,134.21435546875,23954000,0.0,0.0,GOOG
2021-08-02 00:00:00-04:00,134.47591210930958,135.00791749055307,133.6669767768594,134.97715759277344,20140000,0.0,0.0,GOOG
2021-08-03 00:00:00-04:00,134.9875732904457,135.3205707554601,133.18459806780936,135.26548767089844,19064000,0.0,0.0,GOOG
2021-08-04 00:00:00-04:00,135.23521704851842,135.52156731397042,134.40692615003803,135.015869140625,16528000,0.0,0.0,GOOG
2021-08-05 00:00:00-04:00,135.01586446484032,135.93049810751398,134.59055701913545,135.9205780029297,11866000,0.0,0.0,GOOG
2021-08-06 00:00:00-04:00,135.28038797452203,136.05959333086716,135.0337332594948,136.015869140625,13560000,0.0,0.0,GOOG
2021-08-09 00:00:00-04:00,135.9295002965452,137.29178041771095,135.41312482703896,136.9746551513672,12374000,0.0,0.0,GOOG
2021-08-10 00:00:00-04:00,137.0515791788081,137.5200655428445,136.20493240279666,137.06845092773438,16034000,0.0,0.0,GOOG
2021-08-11 00:00:00-04:00,137.2535620141227,137.8141008472948,136.32750903110934,136.6644744873047,15204000,0.0,0.0,GOOG
2021-08-12 00:00:00-04:00,136.68780590456788,137.38755941541558,135.76076843083266,137.35926818847656,14646000,0.0,0.0,GOOG
2021-08-13 00:00:00-04:00,137.32752480161344,137.64166650285745,136.97765557779516,137.37567138671875,12580000,0.0,0.0,GOOG
2021-08-16 00:00:00-04:00,136.97268508047947,137.9558053111823,135.15209598719215,137.88186645507812,18040000,0.0,0.0,GOOG
2021-08-17 00:00:00-04:00,137.16223983742046,137.68582440620398,135.76919986021008,136.27838134765625,21272000,0.0,0.0,GOOG
2021-08-18 00:00:00-04:00,136.09475511424054,137.26449440218946,135.40543661936505,135.55332946777344,14934000,0.0,0.0,GOOG
2021-08-19 00:00:00-04:00,134.4590220686158,136.42874571286038,134.34835611957467,135.89425659179688,18296000,0.0,0.0,GOOG
2021-08-20 00:00:00-04:00,136.0625238889608,137.58263247691931,135.45111216127714,137.4064483642578,15564000,0.0,0.0,GOOG
2021-08-23 00:00:00-04:00,137.96374550714967,141.11858084675495,137.71506137766556,140.04910278320312,21090000,0.0,0.0,GOOG
2021-08-24 00:00:00-04:00,140.4898090672745,141.94291508013427,140.301221062979,141.33843994140625,15126000,0.0,0.0,GOOG
2021-08-25 00:00:00-04:00,141.81934642744991,142.24615329821128,141.379151200216,141.88584899902344,12838000,0.0,0.0,GOOG
2021-08-26 00:00:00-04:00,141.5567971724876,142.06925006619173,141.03372749552045,141.0649871826172,14922000,0.0,0.0,GOOG
2021-08-27 00:00:00-04:00,141.05457200960822,143.93149319224364,140.96276182088488,143.47442626953125,24562000,0.0,0.0,GOOG
2021-08-30 00:00:00-04:00,143.6272617254506,145.39897712605327,143.5235474184348,144.38656616210938,16916000,0.0,0.0,GOOG
2021-08-31 00:00:00-04:00,144.7984904986015,145.02429024446116,143.9205688493798,144.37913513183594,26756000,0.0,0.0,GOOG
2021-09-01 00:00:00-04:00,144.56572985506747,145.7275179837796,144.5305021248187,144.7563018798828,15824000,0.0,0.0,GOOG
2021-09-02 00:00:00-04:00,144.86298722490184,145.23569536696743,143.03372009438192,143.14537048339844,21844000,0.0,0.0,GOOG
2021-09-03 00:00:00-04:00,143.07291979778907,144.29475856360895,142.43670036333523,143.69723510742188,19104000,0.0,0.0,GOOG
2021-09-07 00:00:00-04:00,143.671927181134,144.73843680455298,143.46498321012623,144.43569946289062,15170000,0.0,0.0,GOOG
2021-09-08 00:00:00-04:00,144.31112955567522,144.4674582777872,143.12651769194417,143.804931640625,15486000,0.0,0.0,GOOG
2021-09-09 00:00:00-04:00,143.80495659344726,144.5851009648863,143.3588093065794,143.83473205566406,14798000,0.0,0.0,GOOG
2021-09-10 00:00:00-04:00,144.36077090628712,144.9319871932157,140.6863338441148,140.864501953125,32896000,0.0,0.0,GOOG
2021-09-13 00:00:00-04:00,142.1349760961205,143.11759656902206,141.22331087777422,142.39700317382812,20176000,0.0,0.0,GOOG
2021-09-14 00:00:00-04:00,143.08780915095542,143.6500897401695,141.84166232984532,142.33843994140625,18916000,0.0,0.0,GOOG
2021-09-15 00:00:00-04:00,142.68881144698267,144.49773868069406,141.19699435668716,144.12503051757812,20648000,0.0,0.0,GOOG
2021-09-16 00:00:00-04:00,144.04068482915795,144.1190915232704,142.3487238016389,143.2987518310547,20292000,0.0,0.0,GOOG
2021-09-17 00:00:00-04:00,142.72800940533847,143.1756560121104,140.01138501348882,140.410400390625,60040000,0.0,0.0,GOOG
2021-09-20 00:00:00-04:00,137.96542657889054,138.3250341287408,136.03271774080557,137.9821014404297,34918000,0.0,0.0,GOOG
2021-09-21 00:00:00-04:00,139.07390517031737,139.7633296012432,137.8714221066277,138.60690307617188,18130000,0.0,0.0,GOOG
2021-09-22 00:00:00-04:00,139.00790767183713,140.52948491090066,138.43346554116167,139.88929748535156,22068000,0.0,0.0,GOOG
2021-09-23 00:00:00-04:00,140.55531117351342,141.1934843736055,140.0461296231635,140.7707061767578,17272000,0.0,0.0,GOOG
2021-09-24 00:00:00-04:00,139.8967444234875,141.83967630216847,139.80195063589665,141.57118225097656,14950000,0.0,0.0,GOOG
2021-09-27 00:00:00-04:00,140.53147553011047,141.43917259131214,139.45406139704812,140.44761657714844,18844000,0.0,0.0,GOOG
2021-09-28 00:00:00-04:00,138.05308511117352,138.5672342973503,134.68980610725293,135.1702117919922,42190000,0.0,0.0,GOOG
2021-09-29 00:00:00-04:00,136.08900522770074,136.37565838188394,133.25059831773436,133.5195770263672,26338000,0.0,0.0,GOOG
2021-09-30 00:00:00-04:00,133.32502897061534,134.5806112085042,132.009895819498,132.27342224121094,35294000,0.0,0.0,GOOG
2021-10-01 00:00:00-04:00,132.56028322993208,136.0506001030267,132.38459893425915,135.44662475585938,28388000,0.0,0.0,GOOG
2021-10-04 00:00:00-04:00,134.68930385428592,134.68980364581515,130.1900593467162,132.7692108154297,31530000,0.0,0.0,GOOG
2021-10-05 00:00:00-04:00,133.00245817803045,136.33942981573142,133.00245817803045,135.1632537841797,24126000,0.0,0.0,GOOG
2021-10-06 00:00:00-04:00,133.62330864718834,136.82579101308863,133.48533589520042,136.3314971923828,19764000,0.0,0.0,GOOG
2021-10-07 00:00:00-04:00,137.82925928825028,139.11108818353836,137.5314895695696,138.14935302734375,18250000,0.0,0.0,GOOG
2021-10-08 00:00:00-04:00,138.86448941748162,139.27242528559856,138.391383768763,139.01336669921875,18924000,0.0,0.0,GOOG
2021-10-11 00:00:00-04:00,138.75928193526627,139.7157617186635,137.77317814616356,137.81387329101562,16584000,0.0,0.0,GOOG
2021-10-12 00:00:00-04:00,138.59797983809693,138.65506208394265,135.23570076553443,135.69525146484375,22536000,0.0,0.0,GOOG
2021-10-13 00:00:00-04:00,136.72455104413717,137.51859865274355,135.9568106452077,136.87342834472656,16380000,0.0,0.0,GOOG
2021-10-14 00:00:00-04:00,138.9101455206981,140.59700246627008,138.30171750397628,140.35928344726562,21426000,0.0,0.0,GOOG
2021-10-15 00:00:00-04:00,141.14141649120276,141.14141649120276,140.0143714405811,140.62033081054688,21250000,0.0,0.0,GOOG
2021-10-18 00:00:00-04:00,140.162251533837,141.9342092421769,140.162251533837,141.896240234375,16564000,0.0,0.0,GOOG
2021-10-19 00:00:00-04:00,142.22477450428352,143.03419433015125,142.03071911492563,142.75132751464844,15316000,0.0,0.0,GOOG
2021-10-20 00:00:00-04:00,143.14885188684437,143.17391718679707,140.85555111093032,141.35479736328125,17940000,0.0,0.0,GOOG
2021-10-21 00:00:00-04:00,141.13348557491108,141.78609217845622,140.58260926971855,141.7176055908203,14850000,0.0,0.0,GOOG
2021-10-22 00:00:00-04:00,139.30619735074902,140.5047127226984,136.14937737750057,137.59304809570312,30182000,0.0,0.0,GOOG
2021-10-25 00:00:00-04:00,137.77715609659143,138.16950760323758,135.73050972700017,137.73992919921875,21082000,0.0,0.0,GOOG
2021-10-26 00:00:00-04:00,139.55928535661496,139.7910371703666,137.97069043462946,138.63223266601562,28258000,0.0,0.0,GOOG
2021-10-27 00:00:00-04:00,138.86102798544903,148.0079254314992,138.86102798544903,145.33746337890625,51850000,0.0,0.0,GOOG
2021-10-28 00:00:00-04:00,146.20244117156471,146.32701041121462,143.68582448151446,145.04115295410156,32418000,0.0,0.0,GOOG
2021-10-29 00:00:00-04:00,144.43668982491883,147.5066664845486,144.08582106977636,147.1667022705078,28954000,0.0,0.0,GOOG
2021-11-01 00:00:00-04:00,147.06200817568674,147.29477472394305,142.5106489949172,142.70370483398438,32272000,0.0,0.0,GOOG
2021-11-02 00:00:00-04:00,143.73138470049585,145.82676809614077,143.56424230998508,144.7771453857422,21150000,0.0,0.0,GOOG
2021-11-03 00:00:00-04:00,145.18606956082002,145.81685187394913,143.97366624427914,145.69723510742188,17886000,0.0,0.0,GOOG
2021-11-04 00:00:00-04:00,146.1042099353532,148.8337383704896,145.54341348817505,147.576171875,24700000,0.0,0.0,GOOG
2021-11-05 00:00:00-04:00,148.24165515956287,149.44984808403348,147.54536988479148,148.12998962402344,20408000,0.0,0.0,GOOG
2021-11-08 00:00:00-05:00,148.8833406552989,149.91013954917986,148.00988687699157,148.2396697998047,18388000,0.0,0.0,GOOG
2021-11-09 00:00:00-05:00,148.63122989032894,149.25901341844508,146.4088995243999,148.13743591308594,16876000,0.0,0.0,GOOG
2021-11-10 00:00:00-05:00,146.90791180091054,147.59301993563162,144.24314466659487,145.5344696044922,22708000,0.0,0.0,GOOG
2021-11-11 00:00:00-05:00,146.01188442531517,147.39674617543128,145.60246429068016,145.6555633544922,12464000,0.0,0.0,GOOG
2021-11-12 00:00:00-05:00,146.73097246607614,148.7438749929474,145.36372477772395,148.53146362304688,17048000,0.0,0.0,GOOG
2021-11-15 00:00:00-05:00,148.88335301950136,149.35680704972827,147.54588059669535,148.27590942382812,16248000,0.0,0.0,GOOG
2021-11-16 00:00:00-05:00,148.0600112396068,148.71708556640772,147.24562376235107,147.96621704101562,17254000,0.0,0.0,GOOG
2021-11-17 00:00:00-05:00,148.11808045681914,148.5121281720986,147.45703807735867,147.9523162841797,15290000,0.0,0.0,GOOG
2021-11-18 00:00:00-05:00,148.0356986810806,150.48136024573412,147.8893052064059,149.58706665039062,26658000,0.0,0.0,GOOG
2021-11-19 00:00:00-05:00,149.8758995234392,150.71957786360355,148.77167836049367,148.83619689941406,19766000,0.0,0.0,GOOG
2021-11-22 00:00:00-05:00,149.02407162717182,149.6223373121087,145.9111575379977,145.98362731933594,24608000,0.0,0.0,GOOG
2021-11-23 00:00:00-05:00,146.0178423356301,146.5945108538756,143.81088423922463,145.66448974609375,18126000,0.0,0.0,GOOG
2021-11-24 00:00:00-05:00,145.2605329664016,145.9056881142698,144.11810038473118,145.6252899169922,16464000,0.0,0.0,GOOG
2021-11-26 00:00:00-05:00,143.93595956453348,144.2153581696764,141.4247949329026,141.74290466308594,16992000,0.0,0.0,GOOG
2021-11-29 00:00:00-05:00,143.22428490327337,145.76870835636387,143.22428490327337,145.02627563476562,26276000,0.0,0.0,GOOG
2021-11-30 00:00:00-05:00,144.36748107624754,145.5369478353583,141.00841245185228,141.39154052734375,41590000,0.0,0.0,GOOG
2021-12-01 00:00:00-05:00,143.1389347162511,145.40856383692665,140.44663340256741,140.56375122070312,28476000,0.0,0.0,GOOG
2021-12-02 00:00:00-05:00,140.7682125267617,143.5979865232936,139.93247027965248,142.7061767578125,21250000,0.0,0.0,GOOG
2021-12-03 00:00:00-05:00,143.41982187599402,144.13197933473333,140.09922226334348,141.4595184326172,26688000,0.0,0.0,GOOG
2021-12-06 00:00:00-05:00,142.50518107562021,143.27688941041777,139.59996893105446,142.72601318359375,22198000,0.0,0.0,GOOG
2021-12-07 00:00:00-05:00,144.86350912138303,147.19602119901376,144.61785399574723,146.93447875976562,23258000,0.0,0.0,GOOG
2021-12-08 00:00:00-05:00,147.22727637343118,148.04613181549928,146.10419933103717,147.61338806152344,18964000,0.0,0.0,GOOG
2021-12-09 00:00:00-05:00,147.0729347716643,148.49129777736877,146.4307632005666,147.0034637451172,18580000,0.0,0.0,GOOG
2021-12-10 00:00:00-05:00,147.99003064353516,148.2877851764445,146.26049481471279,147.5681915283203,21634000,0.0,0.0,GOOG
2021-12-13 00:00:00-05:00,147.338918061026,147.45653565277846,145.2704326336793,145.61236572265625,24104000,0.0,0.0,GOOG
2021-12-14 00:00:00-05:00,143.69227325268514,144.35926768387006,141.18357755412106,143.8912811279297,24778000,0.0,0.0,GOOG
2021-12-15 00:00:00-05:00,143.29128780502376,146.41907398342383,141.64315712757917,146.2714385986328,27280000,0.0,0.0,GOOG
2021-12-16 00:00:00-05:00,146.97465547461675,147.44562566406887,143.019820486314,143.76026916503906,27400000,0.0,0.0,GOOG
2021-12-17 00:00:00-05:00,141.6520870481512,143.3846977519663,140.73248574286316,141.73992919921875,43404000,0.0,0.0,GOOG
2021-12-20 00:00:00-05:00,139.63234043015785,141.54887445019585,139.20594250690468,141.3414306640625,20264000,0.0,0.0,GOOG
2021-12-21 00:00:00-05:00,142.08433946520867,143.61491314947824,140.67987984257488,143.14688110351562,19548000,0.0,0.0,GOOG
2021-12-22 00:00:00-05:00,143.0272818136254,146.2064254697476,142.89129308083713,145.85507202148438,18438000,0.0,0.0,GOOG
2021-12-23 00:00:00-05:00,145.9945199793773,147.4665878505096,145.8569107046352,146.04713439941406,13818000,0.0,0.0,GOOG
2021-12-27 00:00:00-05:00,146.3657373545969,147.32156594224003,146.15382574492025,146.96176147460938,13256000,0.0,0.0,GOOG
2021-12-28 00:00:00-05:00,147.2699295135893,147.2699295135893,144.84909113828473,145.35777282714844,18624000,0.0,0.0,GOOG
2021-12-29 00:00:00-05:00,145.33942549431936,146.08805256360324,144.42130852958016,145.4138641357422,17022000,0.0,0.0,GOOG
2021-12-30 00:00:00-05:00,145.35975151768864,145.96769479705114,144.67340156292545,144.91558837890625,12978000,0.0,0.0,GOOG
2021-12-31 00:00:00-05:00,144.4605290859402,145.27541644485942,143.6004787476641,143.6024627685547,17298000,0.0,0.0,GOOG
2022-01-03 00:00:00-05:00,143.39998217189947,144.46649192392618,142.43423342727468,143.99452209472656,25214000,0.0,0.0,GOOG
2022-01-04 00:00:00-05:00,144.4669915447545,145.51859841995093,142.74554281924932,143.3414306640625,22928000,0.0,0.0,GOOG
2022-01-05 00:00:00-05:00,143.1076566107107,143.22378997601456,136.49971658954954,136.62875366210938,49642000,0.0,0.0,GOOG
2022-01-06 00:00:00-05:00,136.47392425130153,138.6461394172011,135.7453947927287,136.5270233154297,29050000,0.0,0.0,GOOG
2022-01-07 00:00:00-05:00,136.8783824200505,137.22552547895285,134.77813738055747,135.98458862304688,19408000,0.0,0.0,GOOG
2022-01-10 00:00:00-05:00,134.09326742248393,137.60790714951153,132.1493511659353,137.5424041748047,34096000,0.0,0.0,GOOG
2022-01-11 00:00:00-05:00,137.1518585566263,139.28486311752135,135.7950455061005,138.97518920898438,23502000,0.0,0.0,GOOG
2022-01-12 00:00:00-05:00,140.5007264921033,141.75109886568754,140.06151575997302,140.59352111816406,23642000,0.0,0.0,GOOG
2022-01-13 00:00:00-05:00,140.7845933770484,142.11958197417889,137.879880763518,138.0952606201172,26566000,0.0,0.0,GOOG
2022-01-14 00:00:00-05:00,136.47638758142082,140.1493398642129,136.47638758142082,138.74586486816406,23826000,0.0,0.0,GOOG
2022-01-18 00:00:00-05:00,135.5831146211295,136.36871118932217,134.60743067217714,135.27590942382812,27382000,0.0,0.0,GOOG
2022-01-19 00:00:00-05:00,135.91908788899167,137.36921022886403,134.49128956976696,134.64215087890625,20796000,0.0,0.0,GOOG
2022-01-20 00:00:00-05:00,135.49773713281073,136.88532483707263,132.1533143907383,132.5126190185547,21930000,0.0,0.0,GOOG
2022-01-21 00:00:00-05:00,132.02182682080982,133.7573152582599,129.0332548478179,129.12356567382812,41920000,0.0,0.0,GOOG
2022-01-24 00:00:00-05:00,125.08930303836267,129.80494193976503,123.71407369385679,129.40145874023438,55148000,0.0,0.0,GOOG
2022-01-25 00:00:00-05:00,127.47938717730084,128.37566484254896,125.43720112277326,125.79203796386719,36008000,0.0,0.0,GOOG
2022-01-26 00:00:00-05:00,129.62033328956258,131.81884060228168,126.20693872951242,128.2779083251953,39630000,0.0,0.0,GOOG
2022-01-27 00:00:00-05:00,130.38308964820584,131.62275428424127,127.98509008213493,128.15977478027344,30248000,0.0,0.0,GOOG
2022-01-28 00:00:00-05:00,129.03222468109425,132.37763191206795,127.73644713463236,132.2972412109375,30518000,0.0,0.0,GOOG
2022-01-31 00:00:00-05:00,133.19897551267866,134.83223351960174,131.28930252166472,134.6883087158203,34056000,0.0,0.0,GOOG
2022-02-01 00:00:00-05:00,136.80890223167307,137.17117531802901,133.56646723761187,136.85206604003906,51204000,0.0,0.0,GOOG
2022-02-02 00:00:00-05:00,150.73298550700446,150.96773608945543,144.47392917090647,146.93447875976562,89750000,0.0,0.0,GOOG
2022-02-03 00:00:00-05:00,144.21334516088166,148.00759502448037,141.14635239418,141.58853149414062,56930000,0.0,0.0,GOOG
2022-02-04 00:00:00-05:00,141.95232415946552,143.45927123161638,138.77664902396063,141.9513397216797,49224000,0.0,0.0,GOOG
2022-02-07 00:00:00-05:00,142.63918095821072,142.7756543324009,137.66648255462243,137.90370178222656,44610000,0.0,0.0,GOOG
2022-02-08 00:00:00-05:00,137.95657622223416,138.7961200600047,135.85408935255396,138.17666625976562,34256000,0.0,0.0,GOOG
2022-02-09 00:00:00-05:00,139.8012132567481,141.11710373666713,139.33198474953912,140.3999786376953,28628000,0.0,0.0,GOOG
2022-02-10 00:00:00-05:00,138.46151936934115,140.37814417291187,137.02231664149514,137.57069396972656,33018000,0.0,0.0,GOOG
2022-02-11 00:00:00-05:00,137.71711849388376,138.2463977885599,132.29627288347464,133.1315155029297,38808000,0.0,0.0,GOOG
2022-02-14 00:00:00-05:00,132.37269252661488,135.1528513402029,132.30967335201737,134.2928009033203,26792000,0.0,0.0,GOOG
2022-02-15 00:00:00-05:00,136.4481154203491,136.87342286569958,134.5305061976068,135.409912109375,26578000,0.0,0.0,GOOG
2022-02-16 00:00:00-05:00,135.41483607612537,136.9190568074777,133.81995620967564,136.46397399902344,25610000,0.0,0.0,GOOG
2022-02-17 00:00:00-05:00,135.13644153659638,135.82080754578618,131.2178338894028,131.32354736328125,30968000,0.0,0.0,GOOG
2022-02-18 00:00:00-05:00,132.04713705513697,132.8277811560627,129.3370098366061,129.4962615966797,31858000,0.0,0.0,GOOG
2022-02-22 00:00:00-05:00,129.01734637178785,130.9188410316313,126.79004822871806,128.43917846679688,38906000,0.0,0.0,GOOG
2022-02-23 00:00:00-05:00,130.10270852577185,130.7682036214181,126.55431763340238,126.63520812988281,26432000,0.0,0.0,GOOG
2022-02-24 00:00:00-05:00,124.06946781385389,132.04664086080683,123.8357243895979,131.6858367919922,43166000,0.0,0.0,GOOG
2022-02-25 00:00:00-05:00,132.531493288803,134.38113088815695,130.7841009213244,133.51809692382812,26236000,0.0,0.0,GOOG
2022-02-28 00:00:00-05:00,132.292293746533,134.63075782305722,131.83646870873483,133.8868408203125,29676000,0.0,0.0,GOOG
2022-03-01 00:00:00-05:00,133.478893852951,135.09774901994817,132.38559223355898,133.16921997070312,24640000,0.0,0.0,GOOG
2022-03-02 00:00:00-05:00,133.6061689449605,134.60591851870706,132.43917096499558,133.74835205078125,23966000,0.0,0.0,GOOG
2022-03-03 00:00:00-05:00,134.96624790680133,135.69607992253347,132.43771142497914,133.3081817626953,19780000,0.0,0.0,GOOG
2022-03-04 00:00:00-05:00,132.3895573004322,133.19997678353596,129.43768270962033,131.138427734375,24446000,0.0,0.0,GOOG
2022-03-07 00:00:00-05:00,130.92206108215305,130.92206108215305,125.46895733133104,125.5230484008789,39178000,0.0,0.0,GOOG
2022-03-08 00:00:00-05:00,125.31066173347229,130.26947238219728,124.92380792457851,126.33100891113281,35250000,0.0,0.0,GOOG
2022-03-09 00:00:00-05:00,130.42181526683854,133.19949007640952,129.11958567871105,132.8694610595703,32258000,0.0,0.0,GOOG
2022-03-10 00:00:00-05:00,130.4838555684289,132.54440532495585,130.42282041654835,131.6942901611328,24266000,0.0,0.0,GOOG
2022-03-11 00:00:00-05:00,133.0019488562682,133.20095673609262,129.32651261001283,129.50418090820312,26600000,0.0,0.0,GOOG
2022-03-14 00:00:00-04:00,129.6009590989562,130.05058968905004,125.471931782802,125.7974853515625,30254000,0.0,0.0,GOOG
2022-03-15 00:00:00-04:00,126.79056119760617,129.5456394607547,125.6257969643007,128.69528198242188,30292000,0.0,0.0,GOOG
2022-03-16 00:00:00-04:00,130.02478981722507,132.77515763916549,128.2391862057771,132.6952667236328,32058000,0.0,0.0,GOOG
2022-03-17 00:00:00-04:00,132.32854023243647,133.7364835200706,131.7310166313583,133.5985107421875,23994000,0.0,0.0,GOOG
2022-03-18 00:00:00-04:00,132.88733446105417,135.8942773297475,131.94242552245822,135.78311157226562,45900000,0.0,0.0,GOOG
2022-03-21 00:00:00-04:00,135.8287654682813,136.55829449037427,133.60940336052556,135.46250915527344,26632000,0.0,0.0,GOOG
2022-03-22 00:00:00-04:00,135.48382531877277,140.44660280297688,135.48382531877277,139.2332000732422,29776000,0.0,0.0,GOOG
2022-03-23 00:00:00-04:00,138.10270990614384,138.9826004436537,137.1379456820029,137.47242736816406,25302000,0.0,0.0,GOOG
2022-03-24 00:00:00-04:00,138.235702849934,140.34388386183252,137.01177411450277,140.260009765625,20544000,0.0,0.0,GOOG
2022-03-25 00:00:00-04:00,140.69873918568095,140.90271471411023,138.65952912852086,140.4679718017578,19270000,0.0,0.0,GOOG
2022-03-28 00:00:00-04:00,139.63718274744636,140.91957197695686,138.78721917051678,140.8932647705078,23774000,0.0,0.0,GOOG
2022-03-29 00:00:00-04:00,142.09479766831544,143.08933753085307,141.4233200715702,142.18362426757812,28678000,0.0,0.0,GOOG
2022-03-30 00:00:00-04:00,141.8064421019281,142.412401536478,141.10967205079334,141.58262634277344,21046000,0.0,0.0,GOOG
2022-03-31 00:00:00-04:00,141.38806838856462,141.58260845238024,138.57963380751463,138.6099090576172,29516000,0.0,0.0,GOOG
2022-04-01 00:00:00-04:00,138.96770683116304,139.900711536706,137.76373940912654,139.65257263183594,23480000,0.0,0.0,GOOG
2022-04-04 00:00:00-04:00,139.77613592513214,142.97142397126512,139.77613592513214,142.5731658935547,19076000,0.0,0.0,GOOG
2022-04-05 00:00:00-04:00,142.33200221989182,142.52107487982641,139.89427648093854,140.0128936767578,19256000,0.0,0.0,GOOG
2022-04-06 00:00:00-04:00,138.12555461617885,138.80743694510858,135.40258400558852,136.1548309326172,23574000,0.0,0.0,GOOG
2022-04-07 00:00:00-04:00,135.60097284162686,136.67641822626814,133.85333812173886,135.44911193847656,19448000,0.0,0.0,GOOG
2022-04-08 00:00:00-04:00,135.23570875849643,135.23570875849643,132.7568034193475,133.01287841796875,16434000,0.0,0.0,GOOG
2022-04-11 00:00:00-04:00,131.91064286590625,131.94955087865642,128.65257765810549,128.8302459716797,24188000,0.0,0.0,GOOG
2022-04-12 00:00:00-04:00,131.43768467153507,131.43768467153507,126.6262751301095,127.41883087158203,23004000,0.0,0.0,GOOG
2022-04-13 00:00:00-04:00,127.66895485008241,129.68309949549987,127.48245689037394,129.31610107421875,19542000,0.0,0.0,GOOG
2022-04-14 00:00:00-04:00,129.67690171095137,129.7371947398729,126.16523791028946,126.30567932128906,23484000,0.0,0.0,GOOG
2022-04-18 00:00:00-04:00,126.46151453771307,127.75382388698448,125.63615432239608,127.00840759277344,14918000,0.0,0.0,GOOG
2022-04-19 00:00:00-04:00,127.12353902620332,129.92924725515346,126.50269955944287,129.5592803955078,22720000,0.0,0.0,GOOG
2022-04-20 00:00:00-04:00,130.30667265754636,130.94140787669275,126.94196261557961,127.2907943725586,22610000,0.0,0.0,GOOG
2022-04-21 00:00:00-04:00,128.38708133094494,129.3374424756781,123.72206516169979,124.0074234008789,30158000,0.0,0.0,GOOG
2022-04-22 00:00:00-04:00,124.06947109352785,124.51810975410744,118.25359347442587,118.72356414794922,46410000,0.0,0.0,GOOG
2022-04-25 00:00:00-04:00,118.54041938949047,122.36027282075277,117.88508671576217,122.33248138427734,34522000,0.0,0.0,GOOG
2022-04-26 00:00:00-04:00,121.83621763176325,121.83621763176325,118.27477871306729,118.61636352539062,49394000,0.0,0.0,GOOG
2022-04-27 00:00:00-04:00,113.52156674047187,116.62528712088584,112.28211410279226,114.16424560546875,62238000,0.0,0.0,GOOG
2022-04-28 00:00:00-04:00,116.24315487819466,119.54191521421045,114.28672854739176,118.5225601196289,36790000,0.0,0.0,GOOG
2022-04-29 00:00:00-04:00,116.70270397495705,118.07441198264338,113.84017099014669,114.11064147949219,33694000,0.0,0.0,GOOG
2022-05-02 00:00:00-04:00,113.05853043198225,116.46597229991572,112.55530101248394,116.28482818603516,30280000,0.0,0.0,GOOG
2022-05-03 00:00:00-04:00,115.89576265591572,118.4118949240734,115.75878948827263,117.25010681152344,21216000,0.0,0.0,GOOG
2022-05-04 00:00:00-04:00,117.12503549928263,122.22627083706429,114.87689769265191,121.6624984741211,33232000,0.0,0.0,GOOG
2022-05-05 00:00:00-04:00,119.32553296831163,120.33074999731035,114.32504320659723,115.87739562988281,43090000,0.0,0.0,GOOG
2022-05-06 00:00:00-04:00,114.6590315762313,116.62379527334397,113.29327556813456,114.79898834228516,35310000,0.0,0.0,GOOG
2022-05-09 00:00:00-04:00,112.46003592271695,114.70261576616211,111.71363510132933,112.24217224121094,34520000,0.0,0.0,GOOG
2022-05-10 00:00:00-04:00,115.17666120478796,115.82232374190606,112.53924601792326,113.73150634765625,31158000,0.0,0.0,GOOG
2022-05-11 00:00:00-04:00,112.86400162054564,115.80245764892041,112.80395091338548,113.11263275146484,36502000,0.0,0.0,GOOG
2022-05-12 00:00:00-04:00,111.10469317220583,114.00146192853805,109.29377443536994,112.31858825683594,41464000,0.0,0.0,GOOG
2022-05-13 00:00:00-04:00,113.99055094754328,117.20593702410864,113.15134796410668,115.64812469482422,29738000,0.0,0.0,GOOG
2022-05-16 00:00:00-04:00,114.52503847826414,115.73942577678814,113.4838440753947,113.93794250488281,23282000,0.0,0.0,GOOG
2022-05-17 00:00:00-04:00,116.3548183956085,116.3548183956085,114.47888882248881,115.83273315429688,21576000,0.0,0.0,GOOG
2022-05-18 00:00:00-04:00,114.37964107756378,114.83437565155293,111.30718016760673,111.56425476074219,27982000,0.0,0.0,GOOG
2022-05-19 00:00:00-04:00,111.00843109303007,112.74192783341164,109.6456509570308,109.92108154296875,29192000,0.0,0.0,GOOG
2022-05-20 00:00:00-04:00,111.25109663511402,111.71213914916441,105.58112108606554,108.49923706054688,37586000,0.0,0.0,GOOG
2022-05-23 00:00:00-04:00,109.28435201426997,111.17170121117366,108.34167699891671,110.83522033691406,31558000,0.0,0.0,GOOG
2022-05-24 00:00:00-04:00,105.58559764452096,105.60296161430037,101.44713436310151,105.13745880126953,60386000,0.0,0.0,GOOG
2022-05-25 00:00:00-04:00,104.3592727280257,105.75153269600311,103.43545365977407,105.05158233642578,37900000,0.0,0.0,GOOG
2022-05-26 00:00:00-04:00,105.26102469115388,108.14415539524781,104.7027121233859,107.48980712890625,30288000,0.0,0.0,GOOG
2022-05-27 00:00:00-04:00,108.971202525864,112.02777619515817,108.73448307343126,111.95929718017578,29924000,0.0,0.0,GOOG
2022-05-31 00:00:00-04:00,112.23719576146728,115.56672330155064,111.73446611353832,113.19004821777344,51302000,0.0,0.0,GOOG
2022-06-01 00:00:00-04:00,114.07591068775803,116.52504049374802,112.70518706116705,113.28732299804688,28630000,0.0,0.0,GOOG
2022-06-02 00:00:00-04:00,113.33794934994897,117.02032994413179,112.4644955216671,116.86946105957031,27472000,0.0,0.0,GOOG
2022-06-03 00:00:00-04:00,115.12900651225891,115.49823883363,112.82180997462731,113.71114349365234,25052000,0.0,0.0,GOOG
2022-06-06 00:00:00-04:00,115.87342452096117,118.50965048515532,115.66081624820232,116.1394271850586,23786000,0.0,0.0,GOOG
2022-06-07 00:00:00-04:00,114.78708742646226,116.8720966114918,114.26847796734052,116.3568115234375,26414000,0.0,0.0,GOOG
2022-06-08 00:00:00-04:00,116.00642191198135,117.7627496877635,115.82800393289608,116.36522674560547,22544000,0.0,0.0,GOOG
2022-06-09 00:00:00-04:00,115.47541835897833,117.46896563522633,114.01189243425299,114.06251525878906,23142000,0.0,0.0,GOOG
2022-06-10 00:00:00-04:00,111.94165854517539,112.65208183431146,110.0357037611222,110.59798431396484,31324000,0.0,0.0,GOOG
2022-06-13 00:00:00-04:00,106.6461435198987,108.4054476657475,105.7945820042928,106.08088684082031,36756000,0.0,0.0,GOOG
2022-06-14 00:00:00-04:00,106.09427358464099,107.65010185105413,105.56027664193988,106.39601135253906,25480000,0.0,0.0,GOOG
2022-06-15 00:00:00-04:00,108.08881256768618,111.2287678955715,107.3138782536219,109.56871795654297,33192000,0.0,0.0,GOOG
2022-06-16 00:00:00-04:00,107.34439244845272,108.47689726429446,105.00494417401566,105.8421630859375,35314000,0.0,0.0,GOOG
2022-06-17 00:00:00-04:00,105.74192971363297,108.43621512942886,104.8422216113712,107.0625228881836,43516000,0.0,0.0,GOOG
2022-06-21 00:00:00-04:00,108.88534463984828,111.83422060419495,108.4798849857038,111.18112182617188,39010000,0.0,0.0,GOOG
2022-06-22 00:00:00-04:00,110.33546349800969,112.92255847543518,109.90002393931785,111.1999740600586,23922000,0.0,0.0,GOOG
2022-06-23 00:00:00-04:00,112.10916095800074,112.3538316275646,110.20246386054443,111.84564208984375,24710000,0.0,0.0,GOOG
2022-06-24 00:00:00-04:00,112.75728877244866,117.75430997742473,112.75728877244866,117.65555572509766,39122000,0.0,0.0,GOOG
2022-06-27 00:00:00-04:00,118.04961094608326,118.3622684179662,115.13720447516587,115.75432586669922,32840000,0.0,0.0,GOOG
2022-06-28 00:00:00-04:00,115.48484964529182,116.97914308388886,111.60693671146727,111.73348999023438,28232000,0.0,0.0,GOOG
2022-06-29 00:00:00-04:00,111.31362443846164,112.81833763360945,110.72355241414265,111.42082214355469,18628000,0.0,0.0,GOOG
2022-06-30 00:00:00-04:00,109.67688226641633,110.50100804753899,106.5111276095988,108.55827331542969,38046000,0.0,0.0,GOOG
2022-07-01 00:00:00-04:00,107.5304944051267,108.98890868286857,106.30767123286135,108.26895904541016,31028000,0.0,0.0,GOOG
2022-07-05 00:00:00-04:00,106.71411901052572,113.20354018090566,105.45852925090168,113.03917694091797,36398000,0.0,0.0,GOOG
2022-07-06 00:00:00-04:00,113.24266278225355,115.48583311314871,111.41487220762426,114.3558120727539,28852000,0.0,0.0,GOOG
2022-07-07 00:00:00-04:00,115.14439411029898,118.96969972566629,114.67391614910093,118.41783905029297,32184000,0.0,0.0,GOOG
2022-07-08 00:00:00-04:00,116.67492653097854,119.53844429693852,116.63919143586197,119.27393341064453,29082000,0.0,0.0,GOOG
2022-07-11 00:00:00-04:00,117.7667242916959,117.91014930388491,115.36920180045507,115.65505981445312,26718000,0.0,0.0,GOOG
2022-07-12 00:00:00-04:00,115.96871369752942,116.9721890297241,113.76176313125352,113.99452209472656,24970000,0.0,0.0,GOOG
2022-07-13 00:00:00-04:00,111.80048342510196,114.29973648077389,110.99055608145653,111.35184478759766,38958000,0.0,0.0,GOOG
2022-07-14 00:00:00-04:00,110.00097738401358,111.15383746378811,108.5116515751349,110.61041259765625,32366000,0.0,0.0,GOOG
2022-07-15 00:00:00-04:00,112.12206845294672,113.1518510631691,110.99006332709506,111.92752838134766,34330000,0.0,0.0,GOOG
2022-07-18 00:00:00-04:00,112.595517164046,113.94539347549131,108.48633731298709,109.091796875,33354000,0.0,20.0,GOOG
2022-07-19 00:00:00-04:00,110.89826091526031,113.95532697031113,109.67741397079091,113.7667465209961,30992300,0.0,0.0,GOOG
2022-07-20 00:00:00-04:00,113.21090294580016,115.46400866977766,112.41686291373959,113.84613800048828,26780100,0.0,0.0,GOOG
2022-07-21 00:00:00-04:00,114.23322461768115,114.3523340202464,111.07690496198657,114.18360137939453,27267800,0.0,0.0,GOOG
2022-07-22 00:00:00-04:00,110.97763551524935,112.3374393680792,106.7989774871844,107.5533218383789,44455300,0.0,0.0,GOOG
2022-07-25 00:00:00-04:00,108.06946762917852,109.75681695234908,106.21339321807018,107.40445709228516,28289900,0.0,0.0,GOOG
2022-07-26 00:00:00-04:00,106.63025101577186,106.93794083605695,103.98012931645567,104.65506744384766,36626600,0.0,0.0,GOOG
2022-07-27 00:00:00-04:00,108.78409571083199,113.54836577163863,107.6128797626186,112.75431823730469,41474600,0.0,0.0,GOOG
2022-07-28 00:00:00-04:00,111.96027819059562,113.84612783116005,111.01833780811867,113.73694610595703,23303800,0.0,0.0,GOOG
2022-07-29 00:00:00-04:00,112.5558047666668,116.02974931148616,112.38707213477056,115.77168273925781,31336200,0.0,0.0,GOOG
2022-08-01 00:00:00-04:00,114.66993878453268,116.24810600968827,113.83619577697704,114.62031555175781,22856200,0.0,0.0,GOOG
2022-08-02 00:00:00-04:00,113.57815044859643,116.20842460041492,113.40941779494823,115.0372085571289,17911000,0.0,0.0,GOOG
2022-08-03 00:00:00-04:00,115.47392135917269,118.53099459641399,115.28534093394066,117.89575958251953,25302800,0.0,0.0,GOOG
2022-08-04 00:00:00-04:00,117.41933574874363,118.61039949285419,116.83372398086027,117.98509216308594,15757700,0.0,0.0,GOOG
2022-08-05 00:00:00-04:00,116.05953754934694,117.9751703407965,115.84117408515078,117.33993530273438,15615700,0.0,0.0,GOOG
2022-08-08 00:00:00-04:00,118.23323647221227,119.96028125180207,116.95283872390638,117.26052856445312,17061100,0.0,0.0,GOOG
2022-08-09 00:00:00-04:00,117.11163240829929,117.32006817431427,115.69227760606545,116.62528228759766,15424300,0.0,0.0,GOOG
2022-08-10 00:00:00-04:00,118.69972456331234,120.87342382368719,118.4714410082858,119.75183868408203,20497000,0.0,0.0,GOOG
2022-08-11 00:00:00-04:00,121.17118675943614,121.42924575740243,118.66002235913103,118.92800903320312,16671600,0.0,0.0,GOOG
2022-08-12 00:00:00-04:00,120.2580479159398,121.73695373535156,119.5037034907786,121.73695373535156,16121100,0.0,0.0,GOOG
2022-08-15 00:00:00-04:00,121.30022239574865,122.34240883424458,120.66498739960207,121.9652328491211,15525000,0.0,0.0,GOOG
2022-08-16 00:00:00-04:00,121.40941156862304,122.31064928688622,120.63025929055411,121.5979995727539,15626200,0.0,0.0,GOOG
2022-08-17 00:00:00-04:00,120.02976839644879,121.2406876356354,119.3051993594832,119.42430877685547,17589200,0.0,0.0,GOOG
2022-08-18 00:00:00-04:00,119.33497401312613,120.78410441269445,118.66003584061222,119.96028137207031,15652000,0.0,0.0,GOOG
2022-08-19 00:00:00-04:00,118.97764153644847,119.10667103727016,116.79401469053958,117.24066925048828,20187000,0.0,0.0,GOOG
2022-08-22 00:00:00-04:00,115.23571771686524,115.6327415198653,113.81636273264448,114.21338653564453,19316000,0.0,0.0,GOOG
2022-08-23 00:00:00-04:00,113.46895664376403,115.06697177620009,113.44910886357526,113.91560363769531,14390700,0.0,0.0,GOOG
2022-08-24 00:00:00-04:00,113.597999070607,114.85557304358227,112.932988555949,113.84613800048828,16051200,0.0,0.0,GOOG
2022-08-25 00:00:00-04:00,114.29278672262073,116.90320540419083,114.19353267030758,116.82379913330078,14874700,0.0,0.0,GOOG
2022-08-26 00:00:00-04:00,114.94786355566094,115.73198340162622,110.3920369095038,110.47144317626953,31698700,0.0,0.0,GOOG
2022-08-29 00:00:00-04:00,109.95532742764134,111.12654354381779,108.99254711528448,109.51860046386719,20386100,0.0,0.0,GOOG
2022-08-30 00:00:00-04:00,110.20345437435583,110.54092723851655,107.99005948003216,109.091796875,20548200,0.0,0.0,GOOG
2022-08-31 00:00:00-04:00,110.79898183257136,110.93793901443901,108.23819407201151,108.33744812011719,25898000,0.0,0.0,GOOG
2022-09-01 00:00:00-04:00,108.3870868073371,110.39205369881228,107.38461093419906,109.72704315185547,22784400,0.0,0.0,GOOG
2022-09-02 00:00:00-04:00,110.51114289368336,110.84365570169682,107.32504015270432,107.8709487915039,20618100,0.0,0.0,GOOG
2022-09-06 00:00:00-04:00,107.33001628702269,108.06946546149767,105.71711322121716,106.67989349365234,20565100,0.0,0.0,GOOG
2022-09-07 00:00:00-04:00,106.95780941251782,110.16376023453637,106.81388458855325,109.65756225585938,22987200,0.0,0.0,GOOG
2022-09-08 00:00:00-04:00,108.36721938227544,109.75679871975825,107.25555439776954,108.60543060302734,21660700,0.0,0.0,GOOG
2022-09-09 00:00:00-04:00,109.2307513287724,111.1662317998191,109.18112051767947,110.94786834716797,21732900,0.0,0.0,GOOG
2022-09-12 00:00:00-04:00,111.15631803189174,111.80148079383501,110.10421134394088,111.03721618652344,19732900,0.0,0.0,GOOG
2022-09-13 00:00:00-04:00,108.07938248471206,108.555812521435,104.21834167053534,104.52603149414062,33015000,0.0,0.0,GOOG
2022-09-14 00:00:00-04:00,104.6550717936455,105.31015459512474,103.72206704484307,105.08187103271484,22115800,0.0,0.0,GOOG
2022-09-15 00:00:00-04:00,104.22827859607038,105.41934243467084,102.54092932335399,103.12654113769531,26494900,0.0,0.0,GOOG
2022-09-16 00:00:00-04:00,102.20345299775033,103.25555952754694,101.09675560616625,102.85853576660156,64540100,0.0,0.0,GOOG
2022-09-19 00:00:00-04:00,101.77665879894217,103.24563694250317,101.60792615331398,103.076904296875,19738600,0.0,0.0,GOOG
2022-09-20 00:00:00-04:00,102.1141163871197,102.4019584169711,100.36722400074994,101.07193756103516,24001700,0.0,0.0,GOOG
2022-09-21 00:00:00-04:00,101.47888241812235,102.71957691805449,99.24563231824449,99.26548767089844,26596800,0.0,0.0,GOOG
2022-09-22 00:00:00-04:00,98.70965454640623,100.92305693710516,98.66995898502375,99.82131958007812,21272700,0.0,0.0,GOOG
2022-09-23 00:00:00-04:00,99.31511371020326,99.36474452064054,97.28037921644933,98.4317398071289,25657000,0.0,0.0,GOOG
2022-09-26 00:00:00-04:00,97.87590902187726,99.69228760029272,97.64761790030114,98.07441711425781,22437900,0.0,0.0,GOOG
2022-09-27 00:00:00-04:00,99.16623789732465,99.71213895725225,96.61536262588275,97.35977935791016,24225000,0.0,0.0,GOOG
2022-09-28 00:00:00-04:00,97.29030618867614,100.64514929447122,97.07195029609333,99.99005889892578,24617000,0.0,0.0,GOOG
2022-09-29 00:00:00-04:00,98.5607783494678,98.5607783494678,95.80146730177007,97.35977935791016,21921500,0.0,0.0,GOOG
2022-09-30 00:00:00-04:00,97.00247448446149,98.75334272545689,95.31512520582285,95.43423461914062,26277800,0.0,0.0,GOOG
2022-10-03 00:00:00-04:00,96.49626572648086,99.22579388340206,96.2977500442363,98.56078338623047,24840000,0.0,0.0,GOOG
2022-10-04 00:00:00-04:00,100.28782480372733,101.95531861557453,100.28782480372733,101.64762878417969,22580900,0.0,0.0,GOOG
2022-10-05 00:00:00-04:00,99.94042887742157,101.97516337677725,98.99749648470683,101.45903778076172,18475500,0.0,0.0,GOOG
2022-10-06 00:00:00-04:00,100.74440039069306,102.95780286422516,100.74440039069306,101.47888946533203,17156200,0.0,0.0,GOOG
2022-10-07 00:00:00-04:00,99.9007355018137,100.66500008015534,98.47145283077565,98.82877349853516,24249900,0.0,0.0,GOOG
2022-10-10 00:00:00-04:00,99.10667142714573,99.24562860012439,97.14141565353422,97.97515869140625,16529900,0.0,0.0,GOOG
2022-10-11 00:00:00-04:00,97.51859171730234,99.37467349189947,96.52603607641377,97.32008361816406,21617700,0.0,0.0,GOOG
2022-10-12 00:00:00-04:00,97.53844664290189,98.90619435315163,96.94291472926554,97.56822967529297,17343400,0.0,0.0,GOOG
2022-10-13 00:00:00-04:00,95.21587567742034,99.78163072208707,94.56078523190662,98.96773529052734,32812200,0.0,0.0,GOOG
2022-10-14 00:00:00-04:00,99.87590423398422,100.53595459676404,96.30766574812084,96.45655059814453,22624800,0.0,0.0,GOOG
2022-10-17 00:00:00-04:00,98.77913996531755,101.01239029106955,98.76921986058552,100.0297622680664,23311600,0.0,0.0,GOOG
2022-10-18 00:00:00-04:00,103.1662434922349,103.44415788095885,99.90073427953011,100.63522338867188,21610500,0.0,0.0,GOOG
2022-10-19 00:00:00-04:00,99.95036281141722,100.90222342947165,98.8932960678347,99.54341888427734,21573700,0.0,0.0,GOOG
2022-10-20 00:00:00-04:00,100.06945825217235,102.23322982714598,99.22578748171075,99.7816162109375,25125100,0.0,0.0,GOOG
2022-10-21 00:00:00-04:00,97.72702610624557,100.8635055217882,97.49874255273618,100.72454833984375,28988700,0.0,0.0,GOOG
2022-10-24 00:00:00-04:00,101.32999927479946,102.33248256800137,99.55333138478001,102.20345306396484,24680800,0.0,0.0,GOOG
2022-10-25 00:00:00-04:00,102.53100176135153,104.31759738931376,102.25307981813201,104.14886474609375,29910200,0.0,0.0,GOOG
2022-10-26 00:00:00-04:00,96.03968853145226,97.80643640842473,93.86598919585641,94.11412811279297,71504300,0.0,0.0,GOOG
2022-10-27 00:00:00-04:00,93.60792142239198,94.46151989170572,91.21586623101646,91.91065216064453,54036500,0.0,0.0,GOOG
2022-10-28 00:00:00-04:00,91.84116968634454,96.13893730932492,91.63570994742354,95.86102294921875,35696900,0.0,0.0,GOOG
2022-10-31 00:00:00-04:00,95.06698747631206,95.63274394467682,93.67740792709708,93.95532989501953,29868700,0.0,0.0,GOOG
2022-11-01 00:00:00-04:00,94.87838288056484,95.44910687434188,89.75680009983557,89.82627868652344,43220600,0.0,0.0,GOOG
2022-11-02 00:00:00-04:00,90.23323929201062,90.62033539620485,86.36227067746957,86.42182159423828,43553600,0.0,0.0,GOOG
2022-11-03 00:00:00-04:00,85.70221895576579,85.90569468178349,82.82876610350229,82.86846923828125,48510400,0.0,0.0,GOOG
2022-11-04 00:00:00-04:00,84.87342944334618,86.08434845795665,83.2555590076363,86.0545654296875,40173300,0.0,0.0,GOOG
2022-11-07 00:00:00-05:00,86.68980586266004,88.27790094290526,86.312637446031,87.99005889892578,26899900,0.0,0.0,GOOG
2022-11-08 00:00:00-05:00,88.49626972299257,89.73199672129972,86.99750849776242,88.24813079833984,30172000,0.0,0.0,GOOG
2022-11-09 00:00:00-05:00,87.88583966636955,88.82380446823927,86.70966362488497,86.7493667602539,26743900,0.0,0.0,GOOG
2022-11-10 00:00:00-05:00,91.65259244958854,93.84614727620713,90.96773414543361,93.4689712524414,42371200,0.0,0.0,GOOG
2022-11-11 00:00:00-05:00,94.00494394598225,96.63521791182642,93.45904288643632,96.0099105834961,30569100,0.0,0.0,GOOG
2022-11-14 00:00:00-05:00,94.78907119211138,96.45656510342108,94.404951098873,95.31512451171875,24170100,0.0,0.0,GOOG
2022-11-15 00:00:00-05:00,97.93546897850322,99.67244145132042,96.2977505610415,97.98509979248047,31831000,0.0,0.0,GOOG
2022-11-16 00:00:00-05:00,97.29029452273949,99.10667304975361,97.17317672042482,98.2530746459961,24660200,0.0,0.0,GOOG
2022-11-17 00:00:00-05:00,96.45654305632682,98.73942371793292,96.3771367995098,97.76671600341797,21818700,0.0,0.0,GOOG
2022-11-18 00:00:00-05:00,98.27293661316246,98.42182147455547,96.01983105649133,97.07194519042969,24969900,0.0,0.0,GOOG
2022-11-21 00:00:00-05:00,96.83372466211372,97.98509282565104,94.95779513065939,95.11660766601562,18696900,0.0,0.0,GOOG
2022-11-22 00:00:00-05:00,95.44416507480832,96.82182537536049,93.70719250284564,96.60545349121094,18868900,0.0,0.0,GOOG
2022-11-23 00:00:00-05:00,96.61536486869264,98.33149749193493,96.61536486869264,98.0843505859375,17568900,0.0,0.0,GOOG
2022-11-25 00:00:00-05:00,97.73199454465066,98.2034645659175,96.80395737718689,96.8734359741211,8567800,0.0,0.0,GOOG
2022-11-28 00:00:00-05:00,96.47640258682915,97.10171746969127,95.17615715659574,95.53347778320312,19974500,0.0,0.0,GOOG
2022-11-29 00:00:00-05:00,95.28533615060284,95.6724322229068,93.6873210531026,94.72950744628906,20220000,0.0,0.0,GOOG
2022-11-30 00:00:00-05:00,94.41190626050462,100.69477844238281,93.96525162663308,100.69477844238281,39888100,0.0,0.0,GOOG
2022-12-01 00:00:00-05:00,100.64514089409802,101.82627692679915,99.92057196307098,100.52603149414062,21771500,0.0,0.0,GOOG
2022-12-02 00:00:00-05:00,98.63026860784426,100.39701664921658,98.43175291226342,100.07939910888672,18821500,0.0,0.0,GOOG
2022-12-05 00:00:00-05:00,99.0719426457391,100.9925353668301,98.61536796458614,99.12653350830078,19955500,0.0,0.0,GOOG
2022-12-06 00:00:00-05:00,98.92802626981928,99.46400726448594,96.0396930777035,96.5855941772461,20877600,0.0,0.0,GOOG
2022-12-07 00:00:00-05:00,96.0496086137237,96.585589582895,94.3176038203689,94.4416732788086,26647900,0.0,0.0,GOOG
2022-12-08 00:00:00-05:00,94.9776550505126,95.15631537507932,93.1017254288614,93.25060272216797,25593200,0.0,0.0,GOOG
2022-12-09 00:00:00-05:00,93.20097447341072,93.78657865587707,92.32752067909017,92.37715148925781,21885300,0.0,0.0,GOOG
2022-12-12 00:00:00-05:00,92.39699255273892,93.17615229465709,91.21585659711863,92.86349487304688,27380900,0.0,0.0,GOOG
2022-12-13 00:00:00-05:00,97.33992634108336,99.05705084253914,94.66994938259829,95.1364517211914,34788500,0.0,0.0,GOOG
2022-12-14 00:00:00-05:00,94.82877791137402,96.49627188566666,93.24069021504758,94.6004867553711,26452900,0.0,0.0,GOOG
2022-12-15 00:00:00-05:00,92.84366437510401,93.33001456500213,89.75681543296425,90.52108001708984,28298800,0.0,0.0,GOOG
2022-12-16 00:00:00-05:00,90.52108196053382,91.06699065562916,89.33994575970856,90.1836166381836,48485500,0.0,0.0,GOOG
2022-12-19 00:00:00-05:00,90.20346052769705,90.52107805315164,88.26301986274427,88.48634338378906,23020500,0.0,0.0,GOOG
2022-12-20 00:00:00-05:00,88.06946689092203,89.11164578855437,87.38460106347884,88.96276092529297,21976800,0.0,0.0,GOOG
2022-12-21 00:00:00-05:00,89.06202986482222,90.23820599326167,88.24813446108449,89.57815551757812,20336400,0.0,0.0,GOOG
2022-12-22 00:00:00-05:00,88.2679767957943,88.51611571543022,86.29279311582003,87.60296630859375,23656100,0.0,0.0,GOOG
2022-12-23 00:00:00-05:00,86.96773422614893,89.42926815166591,86.96773422614893,89.14142608642578,17815000,0.0,0.0,GOOG
2022-12-27 00:00:00-05:00,88.64515300236263,88.83374102105819,86.88337257650508,87.27542877197266,15470900,0.0,0.0,GOOG
2022-12-28 00:00:00-05:00,86.84861925694143,87.86102268662181,85.72703410010159,85.81636047363281,17879600,0.0,0.0,GOOG
2022-12-29 00:00:00-05:00,86.38212141038457,88.69973806254102,86.34241827364924,88.28782653808594,18280700,0.0,0.0,GOOG
2022-12-30 00:00:00-05:00,86.71462173067384,88.16871968710213,86.38211649859605,88.06946563720703,19190300,0.0,0.0,GOOG
2023-01-03 00:00:00-05:00,89.16127890666588,90.86847589467597,88.357303653299,89.03224182128906,20738500,0.0,0.0,GOOG
2023-01-04 00:00:00-05:00,90.33248723113951,90.56077077837028,87.14638466544511,88.04960632324219,27046500,0.0,0.0,GOOG
2023-01-05 00:00:00-05:00,87.41437938210237,87.5533365730005,85.91561816873094,86.12405395507812,23136100,0.0,0.0,GOOG
2023-01-06 00:00:00-05:00,86.70966035351863,87.81139770749454,84.93298486893224,87.50370788574219,26612600,0.0,0.0,GOOG
2023-01-09 00:00:00-05:00,88.53100269094597,90.15383333187394,87.92058307416708,88.13894653320312,22996700,0.0,0.0,GOOG
2023-01-10 00:00:00-05:00,86.07442389495867,88.80891188022328,86.05456854206112,88.5756607055664,22855600,0.0,0.0,GOOG
2023-01-11 00:00:00-05:00,89.38955430366411,91.76176156569193,89.0719368167323,91.57318115234375,25998800,0.0,0.0,GOOG
2023-01-12 00:00:00-05:00,91.71214207135343,91.93050552239022,89.89576344420028,91.22579193115234,22754200,0.0,0.0,GOOG
2023-01-13 00:00:00-05:00,90.84663504663001,92.2878293294662,90.2530871813159,92.10916900634766,18630700,0.0,0.0,GOOG
2023-01-17 00:00:00-05:00,92.08931768282399,92.27790569120275,90.16375717966973,91.47393798828125,22935800,0.0,0.0,GOOG
2023-01-18 00:00:00-05:00,92.24812416569286,92.89129525669863,90.71958756208764,91.09675598144531,19641600,0.0,0.0,GOOG
2023-01-19 00:00:00-05:00,90.70966244322658,93.69725714236587,90.69973476615866,93.21090698242188,28707700,0.0,0.0,GOOG
2023-01-20 00:00:00-05:00,95.23572667552543,98.67989653826014,95.19603110712374,98.54093933105469,53704800,0.0,0.0,GOOG
2023-01-23 00:00:00-05:00,98.39203314852789,100.64513858393207,98.01486474955105,100.45655059814453,31791800,0.0,0.0,GOOG
2023-01-24 00:00:00-05:00,98.80892368387408,100.33745280912245,97.96524527464857,98.47145080566406,27391400,0.0,0.0,GOOG
2023-01-25 00:00:00-05:00,96.47640537425762,96.99253854875762,94.55283659895657,96.0099105834961,31000900,0.0,0.0,GOOG
2023-01-26 00:00:00-05:00,97.54837534007642,98.47145246627174,96.0992448917933,98.42182922363281,24542100,0.0,0.0,GOOG
2023-01-27 00:00:00-05:00,98.31264288517572,100.82380753762881,98.2332366135522,99.96028137207031,29020400,0.0,0.0,GOOG
2023-01-30 00:00:00-05:00,98.00991271096092,98.66896355953914,96.79402595278148,97.2208251953125,24365100,0.0,0.0,GOOG
2023-01-31 00:00:00-05:00,97.13149457139012,99.16623664221824,97.06201598018421,99.12653350830078,22306800,0.0,0.0,GOOG
2023-02-01 00:00:00-05:00,98.99750517152452,101.42927122365668,97.6873319269526,100.6749267578125,26392600,0.0,0.0,GOOG
2023-02-02 00:00:00-05:00,105.9950124124079,108.00989904939696,105.74687351479648,107.99005126953125,46622600,0.0,0.0,GOOG
2023-02-03 00:00:00-05:00,102.73943729280762,107.215857815108,102.53100151534208,104.43670654296875,36823400,0.0,0.0,GOOG
2023-02-06 00:00:00-05:00,101.9205777042125,103.92057679608975,101.44911527014645,102.69973754882812,25573000,0.0,0.0,GOOG
2023-02-07 00:00:00-05:00,102.85855085888514,107.86103280656751,102.77716055945615,107.23572540283203,33738800,0.0,0.0,GOOG
2023-02-08 00:00:00-05:00,101.92554669965989,102.80892066202824,97.72207272730535,99.25556945800781,73546000,0.0,0.0,GOOG
2023-02-09 00:00:00-05:00,99.79154352738443,99.86102211828701,93.16127164408728,94.74935913085938,97798600,0.0,0.0,GOOG
2023-02-10 00:00:00-05:00,95.02727774558286,96.29774779183593,93.82628629334056,94.1538314819336,49325300,0.0,0.0,GOOG
2023-02-13 00:00:00-05:00,94.30272858163808,94.64019391844417,93.34987592332702,94.29280090332031,43116600,0.0,0.0,GOOG
2023-02-14 00:00:00-05:00,93.95532195698155,94.46648751360657,91.96028296968275,94.24315643310547,42513100,0.0,0.0,GOOG
2023-02-15 00:00:00-05:00,94.03471956430559,96.61536272341945,93.6575511458331,96.37715148925781,36964500,0.0,0.0,GOOG
2023-02-16 00:00:00-05:00,94.82876722014726,97.15134379430933,94.26301080547198,95.06697845458984,35642100,0.0,0.0,GOOG
2023-02-17 00:00:00-05:00,94.36227144437989,95.03720963292763,92.75432846126934,93.8858413696289,31095100,0.0,0.0,GOOG
2023-02-21 00:00:00-05:00,92.54587438145323,92.71957462614878,91.31510765941455,91.36473846435547,28367200,0.0,0.0,GOOG
2023-02-22 00:00:00-05:00,91.24961285071565,91.67244405811714,90.19353820157238,91.11661529541016,29891100,0.0,0.0,GOOG
2023-02-23 00:00:00-05:00,91.44415064857093,91.44415064857093,89.3399374861947,90.39204406738281,32423700,0.0,0.0,GOOG
2023-02-24 00:00:00-05:00,88.96275933844787,89.45903715873452,88.19849482714982,88.68484497070312,31295600,0.0,0.0,GOOG
2023-02-27 00:00:00-05:00,89.41933257733358,89.77665320796535,88.94291011822351,89.42926025390625,22724300,0.0,0.0,GOOG
2023-02-28 00:00:00-05:00,88.87343269474542,90.76921002471055,88.85357734133927,89.62777709960938,30546900,0.0,0.0,GOOG
2023-03-01 00:00:00-05:00,89.48882680224405,90.52107808083787,89.18112938156017,89.83621978759766,26323900,0.0,0.0,GOOG
2023-03-02 00:00:00-05:00,89.19105203078807,91.79155058079907,89.10171808381965,91.62281036376953,23328600,0.0,0.0,GOOG
2023-03-03 00:00:00-05:00,92.04960600776123,93.40940993225209,91.97020731339703,93.32007598876953,30242500,0.0,0.0,GOOG
2023-03-06 00:00:00-05:00,93.65755768617807,95.58311819266453,93.59800676662871,94.86847686767578,28288200,0.0,0.0,GOOG
2023-03-07 00:00:00-05:00,94.70966591461972,95.37467643612347,93.14540165881215,93.4689712524414,24101500,0.0,0.0,GOOG
2023-03-08 00:00:00-05:00,93.70221755613018,95.52355631627923,93.70221755613018,93.94539642333984,25395200,0.0,0.0,GOOG
2023-03-09 00:00:00-05:00,93.78658602050105,95.20594097512884,91.66748505219165,91.97021484375,24438900,0.0,0.0,GOOG
2023-03-10 00:00:00-05:00,91.81140252008929,92.48634070097877,90.12406085416511,90.3324966430664,32850100,0.0,0.0,GOOG
2023-03-13 00:00:00-04:00,89.89080386712311,92.3870806933407,89.2704565927629,90.97765350341797,31508600,0.0,0.0,GOOG
2023-03-14 00:00:00-04:00,92.37715438705688,94.12405445789844,92.08931233877172,93.54837036132812,32303900,0.0,0.0,GOOG
2023-03-15 00:00:00-04:00,92.84365097056084,96.5260313076205,92.34737317463478,95.83124542236328,38367300,0.0,0.0,GOOG
2023-03-16 00:00:00-04:00,95.8510961355268,101.21089801007058,95.1563102290075,100.31759643554688,54499500,0.0,0.0,GOOG
2023-03-17 00:00:00-04:00,100.08930749694275,102.7195814678215,99.99998112383827,101.69725036621094,76140300,0.0,0.0,GOOG
2023-03-20 00:00:00-04:00,100.30767742123733,101.8163663379624,100.03969071203699,101.17120361328125,26033900,0.0,0.0,GOOG
2023-03-21 00:00:00-04:00,101.22082070078228,105.17118764200598,101.10171130584662,105.05207824707031,33122800,0.0,0.0,GOOG
2023-03-22 00:00:00-04:00,104.35730222829764,106.70966188535226,103.43422515503305,103.44415283203125,32336900,0.0,0.0,GOOG
2023-03-23 00:00:00-04:00,105.10172291573843,106.30370641962918,104.62530041836065,105.4689712524414,31385800,0.0,0.0,GOOG
2023-03-24 00:00:00-04:00,104.95283688779055,105.36971603414612,103.960281194504,105.27045440673828,25236200,0.0,0.0,GOOG
2023-03-27 00:00:00-04:00,104.53595579809486,104.61536206375317,101.8659788029712,102.29277801513672,25393400,0.0,0.0,GOOG
2023-03-28 00:00:00-04:00,102.23323659598337,102.23323659598337,99.53348389367748,100.6054458618164,24913500,0.0,0.0,GOOG
2023-03-29 00:00:00-04:00,101.95532144739781,102.05457550164338,100.2778999120315,101.14142608642578,26148300,0.0,0.0,GOOG
2023-03-30 00:00:00-04:00,100.68484426351796,100.85357690107116,99.54340378886097,100.56573486328125,25009800,0.0,0.0,GOOG
2023-03-31 00:00:00-04:00,100.9528235657697,103.41436464913065,100.68483690058258,103.22577667236328,28108000,0.0,0.0,GOOG
2023-04-03 00:00:00-04:00,101.90569050119943,104.16871625448533,101.61784844344304,104.12902069091797,20719900,0.0,0.0,GOOG
2023-04-04 00:00:00-04:00,104.059541407356,105.31016377523416,103.82133014719805,104.33746337890625,20377200,0.0,0.0,GOOG
2023-04-05 00:00:00-04:00,105.32999691194759,105.7468684224363,103.32701449577492,104.168701171875,21864200,0.0,0.0,GOOG
2023-04-06 00:00:00-04:00,104.98260572198302,108.81387106210268,104.03472084988645,108.08930969238281,34684200,0.0,0.0,GOOG
2023-04-10 00:00:00-04:00,106.59056608380513,107.16625026159758,104.81389030430064,106.15383911132812,19741500,0.0,0.0,GOOG
2023-04-11 00:00:00-04:00,106.12404944560701,106.42181917291539,104.496258767545,105.33000946044922,18721300,0.0,0.0,GOOG
2023-04-12 00:00:00-04:00,106.59055048271136,106.78608255210057,104.18856763085282,104.43670654296875,22761600,0.0,0.0,GOOG
2023-04-13 00:00:00-04:00,105.67740836345907,107.45904405742401,105.6476329035754,107.38460540771484,21650700,0.0,0.0,GOOG
2023-04-14 00:00:00-04:00,106.88831390981959,108.76424336910276,106.78905229274152,108.64513397216797,20758700,0.0,0.0,GOOG
2023-04-17 00:00:00-04:00,104.64514150620903,105.91561151474151,104.53595977991965,105.62776947021484,29043400,0.0,0.0,GOOG
2023-04-18 00:00:00-04:00,106.20346546657571,106.25309628321669,103.99999048546637,104.33746337890625,17641400,0.0,0.0,GOOG
2023-04-19 00:00:00-04:00,103.43918210633547,104.93794323898553,103.02727818074284,104.23818969726562,16732000,0.0,0.0,GOOG
2023-04-20 00:00:00-04:00,103.8709464139381,106.09228484593666,103.86101873748065,105.11164093017578,22515300,0.0,0.0,GOOG
2023-04-21 00:00:00-04:00,105.30022715234816,105.84613579862736,104.69973521403983,105.12157440185547,22379000,0.0,0.0,GOOG
2023-04-24 00:00:00-04:00,105.26052319470531,106.52106546021989,104.57565741537479,105.9850845336914,21410900,0.0,0.0,GOOG
2023-04-25 00:00:00-04:00,105.81636446454722,106.6401875182786,103.78162223739844,103.83125305175781,31408100,0.0,0.0,GOOG
2023-04-26 00:00:00-04:00,104.77418471570493,106.22331523199153,102.50123109244045,103.67244720458984,37068200,0.0,0.0,GOOG
2023-04-27 00:00:00-04:00,104.44663867611075,108.3374551666708,103.64266341718557,107.56326293945312,38235200,0.0,0.0,GOOG
2023-04-28 00:00:00-04:00,106.99749614340858,107.48384626451002,105.25059617631587,107.41436767578125,23957900,0.0,0.0,GOOG
2023-05-01 00:00:00-04:00,106.91809265456016,107.87094514155227,106.69972920642893,106.90816497802734,20926300,0.0,0.0,GOOG
2023-05-02 00:00:00-04:00,106.8585414086637,106.9280199989807,103.72206202269942,105.19104766845703,20343100,0.0,0.0,GOOG
2023-05-03 00:00:00-04:00,105.4292635120191,107.32504088657967,104.83373163000108,105.33000946044922,17116300,0.0,0.0,GOOG
2023-05-04 00:00:00-04:00,105.36971312684835,105.50867031426654,103.92057519074666,104.4267807006836,19780600,0.0,0.0,GOOG
2023-05-05 00:00:00-04:00,104.53595955347107,105.64762459482817,103.95928345525331,105.4242935180664,20710600,0.0,0.0,GOOG
2023-05-08 00:00:00-04:00,105.00741368882778,107.61287203472229,105.00245363716134,107.43421173095703,17266000,0.0,0.0,GOOG
2023-05-09 00:00:00-04:00,107.97020246225496,109.77169339135227,106.92305594795248,107.13645935058594,24782400,0.0,0.0,GOOG
2023-05-10 00:00:00-04:00,107.74192431010384,112.66499967549679,107.6724457139781,111.44415283203125,47533500,0.0,0.0,GOOG
2023-05-11 00:00:00-04:00,114.99748831344371,117.55828348738113,114.07441133551734,116.02974700927734,57115100,0.0,0.0,GOOG
2023-05-12 00:00:00-04:00,116.12900308682514,117.37962524039534,115.68235610399198,117.04215240478516,31293800,0.0,0.0,GOOG
2023-05-15 00:00:00-04:00,115.62281491686178,117.910656178395,115.61289481182901,116.08931732177734,22107900,0.0,0.0,GOOG
2023-05-16 00:00:00-04:00,115.96028074298842,120.29774417440517,115.96028074298842,119.19600677490234,32370100,0.0,0.0,GOOG
2023-05-17 00:00:00-04:00,119.28534291125621,121.36970834196474,118.57070160413352,120.57566833496094,26659600,0.0,0.0,GOOG
2023-05-18 00:00:00-04:00,120.65506331636973,122.97764749293866,120.58558472324069,122.60047149658203,27014500,0.0,0.0,GOOG
2023-05-19 00:00:00-04:00,123.27540620363604,125.53743981777286,121.80642811204997,122.33248138427734,30268900,0.0,0.0,GOOG
2023-05-22 00:00:00-04:00,122.5905589260997,126.10420707869818,122.53100043361555,124.93299102783203,29760200,0.0,0.0,GOOG
2023-05-23 00:00:00-04:00,123.9999753837632,124.48632552301795,122.1339735221134,122.37218475341797,24477900,0.0,0.0,GOOG
2023-05-24 00:00:00-04:00,120.97268542869617,121.83621160982608,119.85110021903462,120.7344741821289,23087900,0.0,0.0,GOOG
2023-05-25 00:00:00-04:00,124.27789198256367,125.0421640734408,121.9850908551296,123.4242935180664,33812700,0.0,0.0,GOOG
2023-05-26 00:00:00-04:00,123.14141764185113,125.06201037799596,122.37218550794296,124.49625396728516,25154700,0.0,0.0,GOOG
2023-05-30 00:00:00-04:00,125.34985364805256,125.43918002149202,121.97516293158685,123.7121353149414,27230700,0.0,0.0,GOOG
2023-05-31 00:00:00-04:00,122.77913674607848,123.97020812658324,122.18360484212559,122.45159912109375,41548800,0.0,0.0,GOOG
2023-06-01 00:00:00-04:00,122.58061151095687,124.10914798021011,122.38210342823741,123.44413757324219,25017700,0.0,0.0,GOOG
2023-06-02 00:00:00-04:00,123.56325571756055,125.8014736447889,123.42429852677995,124.2977523803711,19367500,0.0,0.0,GOOG
2023-06-05 00:00:00-04:00,123.68236535847436,127.03720087055406,123.45407421742149,125.68732452392578,22672500,0.0,0.0,GOOG
2023-06-06 00:00:00-04:00,125.65754871684929,127.92058204882389,125.03224135889516,126.95780181884766,19450100,0.0,0.0,GOOG
2023-06-07 00:00:00-04:00,126.62528557418186,128.58558906507577,121.71709812758215,122.02479553222656,34179300,0.0,0.0,GOOG
2023-06-08 00:00:00-04:00,121.67242384625139,122.80890421648522,121.10170742157193,121.75679016113281,24815000,0.0,0.0,GOOG
2023-06-09 00:00:00-04:00,121.64762484754077,123.35978949767356,121.50866765457333,121.955322265625,20304500,0.0,0.0,GOOG
2023-06-12 00:00:00-04:00,122.47640105523767,123.82131729244166,121.43918221878879,123.4242935180664,22255700,0.0,0.0,GOOG
2023-06-13 00:00:00-04:00,124.71461166092148,124.92304742654909,122.92304851429088,123.50369262695312,19287700,0.0,0.0,GOOG
2023-06-14 00:00:00-04:00,122.87839451365849,123.86102250294128,121.25060382677839,123.45407104492188,24659600,0.0,0.0,GOOG
2023-06-15 00:00:00-04:00,122.95779923919002,125.22083263020997,122.2233101304708,124.85358428955078,24517100,0.0,0.0,GOOG
2023-06-16 00:00:00-04:00,125.75679803575493,125.75679803575493,122.86846502718774,123.1364517211914,56699200,0.0,0.0,GOOG
2023-06-20 00:00:00-04:00,122.61536677986311,124.24315745229883,121.91561322392616,122.92801666259766,22698000,0.0,0.0,GOOG
2023-06-21 00:00:00-04:00,122.31760344549545,122.49130372366842,119.9602836358289,120.35730743408203,22612000,0.0,0.0,GOOG
2023-06-22 00:00:00-04:00,119.76177312218508,123.01238694700854,118.70965894201572,122.9478759765625,20781900,0.0,0.0,GOOG
2023-06-23 00:00:00-04:00,121.13147919231747,122.52105846492493,120.95281889194511,122.10417938232422,29573100,0.0,0.0,GOOG
2023-06-26 00:00:00-04:00,120.56178018394282,121.80644291417342,118.10420663282828,118.20346069335938,23185000,0.0,0.0,GOOG
2023-06-27 00:00:00-04:00,116.96274294200637,119.00244491001071,116.03967354574252,118.12403869628906,27221700,0.0,0.0,GOOG
2023-06-28 00:00:00-04:00,117.08185842536834,120.36721505940888,116.72453780124691,120.17863464355469,19753100,0.0,0.0,GOOG
2023-06-29 00:00:00-04:00,119.19600636416656,120.00990928045304,118.32256010371597,119.11660766601562,18517500,0.0,0.0,GOOG
2023-06-30 00:00:00-04:00,120.19849515357218,121.12157226821294,119.98013168541644,120.06946563720703,23871800,0.0,0.0,GOOG
2023-07-03 00:00:00-04:00,119.42429486911182,120.11908079137234,118.81387526794018,119.66250610351562,13888300,0.0,0.0,GOOG
2023-07-05 00:00:00-04:00,119.16622675014786,122.45159104130967,119.16622675014786,121.71709442138672,17830300,0.0,0.0,GOOG
2023-07-06 00:00:00-04:00,119.74192781466131,120.2481333790744,118.36227589639391,120.02976989746094,17732500,0.0,0.0,GOOG
2023-07-07 00:00:00-04:00,119.9900527288294,120.84365119937208,119.19600517445522,119.24563598632812,20997700,0.0,0.0,GOOG
2023-07-10 00:00:00-04:00,118.18360420240127,118.18360420240127,115.77169360347068,115.99998474121094,32960100,0.0,0.0,GOOG
2023-07-11 00:00:00-04:00,115.8908001345202,117.34489053094033,114.96772307456591,116.83372497558594,18286600,0.0,0.0,GOOG
2023-07-12 00:00:00-04:00,118.41188994689867,120.05952835854934,118.11412022820832,118.72950744628906,22059600,0.0,0.0,GOOG
2023-07-13 00:00:00-04:00,120.63521724968534,124.40196420644293,120.15878719531577,123.90072631835938,31535900,0.0,0.0,GOOG
2023-07-14 00:00:00-04:00,124.19848765336158,126.14389584833242,123.97020409103372,124.76424407958984,20499800,0.0,0.0,GOOG
2023-07-17 00:00:00-04:00,125.12157644906726,126.3324956856253,123.5731918895862,124.12902069091797,20675300,0.0,0.0,GOOG
2023-07-18 00:00:00-04:00,123.97516644506437,124.05953276945621,122.38211881358517,123.15631103515625,21045800,0.0,0.0,GOOG
2023-07-19 00:00:00-04:00,123.8610210416639,124.53595918967088,121.55829222598103,121.86598205566406,22313800,0.0,0.0,GOOG
2023-07-20 00:00:00-04:00,121.21089792035092,123.77168572561716,117.80146413528023,118.64017486572266,27541700,0.0,0.0,GOOG
2023-07-21 00:00:00-04:00,119.97020398843856,120.39700322029749,118.18360079168052,119.41436767578125,56514600,0.0,0.0,GOOG
2023-07-24 00:00:00-04:00,121.01834954001981,122.43174486757401,120.47640891438763,120.97268676757812,22276100,0.0,0.0,GOOG
2023-07-25 00:00:00-04:00,120.97268620389816,122.76921717344406,120.62529322280334,121.87591552734375,31820800,0.0,0.0,GOOG
2023-07-26 00:00:00-04:00,129.38956441816555,130.39204024428076,127.75185353630636,128.6947784423828,46216900,0.0,0.0,GOOG
2023-07-27 00:00:00-04:00,130.8188540199741,132.60545744190986,128.21834759380127,128.90321350097656,35931600,0.0,0.0,GOOG
2023-07-28 00:00:00-04:00,129.9950143108181,133.07194287487187,129.94538349942422,132.0198211669922,26971000,0.0,0.0,GOOG
2023-07-31 00:00:00-04:00,132.01983321678517,132.8337361913796,131.14639446636025,132.1190948486328,18381900,0.0,0.0,GOOG
2023-08-01 00:00:00-04:00,129.88087380784845,131.93050378195832,129.7766596984593,130.90817260742188,22154300,0.0,0.0,GOOG
2023-08-02 00:00:00-04:00,128.87342153510892,129.44910562762945,126.89823791846632,127.68235778808594,22705800,0.0,0.0,GOOG
2023-08-03 00:00:00-04:00,127.41437760688932,128.8039647530154,126.82381329279501,127.81140899658203,15018100,0.0,0.0,GOOG
2023-08-04 00:00:00-04:00,128.63522879142084,130.94787031679957,127.35979104228042,127.5831069946289,20521900,0.0,0.0,GOOG
2023-08-07 00:00:00-04:00,128.54587609724663,131.0768960203581,128.46646982824424,130.95779418945312,17621000,0.0,0.0,GOOG
2023-08-08 00:00:00-04:00,130.00493728545047,130.95779739158098,129.16127405391586,130.85853576660156,16836000,0.0,0.0,GOOG
2023-08-09 00:00:00-04:00,131.2059439908013,131.48385838277812,128.54093428672445,129.18112182617188,17745200,0.0,0.0,GOOG
2023-08-10 00:00:00-04:00,130.9875693584939,131.65953146708318,129.0669766133977,129.2406768798828,17855700,0.0,0.0,GOOG
2023-08-11 00:00:00-04:00,128.2401621468015,129.46895249966602,127.79153114336826,129.20095825195312,15205500,0.0,0.0,GOOG
2023-08-14 00:00:00-04:00,128.88336154132946,130.92802382580282,128.62528737073137,130.84861755371094,17526200,0.0,0.0,GOOG
2023-08-15 00:00:00-04:00,130.61038213478358,131.00741344477407,128.8525701201837,129.3002166748047,14769200,0.0,0.0,GOOG
2023-08-16 00:00:00-04:00,128.3175973946591,129.92354873259305,127.50370961068525,128.14886474609375,17548400,0.0,0.0,GOOG
2023-08-17 00:00:00-04:00,129.4788800583026,131.50468648067013,128.8833557621138,129.4888153076172,23665600,0.0,0.0,GOOG
2023-08-18 00:00:00-04:00,128.09923591890941,128.86350804677585,126.05457360492731,127.15631103515625,23627200,0.0,0.0,GOOG
2023-08-21 00:00:00-04:00,126.89823004936373,128.2977294867013,126.21337184496372,127.97018432617188,21851100,0.0,0.0,GOOG
2023-08-22 00:00:00-04:00,128.1687195832365,129.97516304221003,127.96524385176463,128.72454833984375,15557900,0.0,0.0,GOOG
2023-08-23 00:00:00-04:00,129.8759211815992,133.07195179098147,129.53844072862722,132.21835327148438,26497000,0.0,0.0,GOOG
2023-08-24 00:00:00-04:00,133.72405610235262,133.9652433802546,129.33001010152705,129.44911193847656,18680400,0.0,0.0,GOOG
2023-08-25 00:00:00-04:00,129.17117821239202,130.42179274867954,127.08680550671716,129.7170867919922,20678100,0.0,0.0,GOOG
2023-08-28 00:00:00-04:00,131.0967485378374,132.24811669566833,129.8759093618806,130.80889892578125,16715500,0.0,0.0,GOOG
2023-08-29 00:00:00-04:00,132.0079160036478,136.2729246777636,131.99004467103134,134.4813690185547,30803300,0.0,0.0,GOOG
2023-08-30 00:00:00-04:00,134.56076821338795,136.22825433002848,134.0158440492033,135.91062927246094,21773400,0.0,0.0,GOOG
2023-08-31 00:00:00-04:00,136.02976017156342,137.36970126425066,135.80147660380746,136.32752990722656,28147900,0.0,0.0,GOOG
2023-09-01 00:00:00-04:00,137.3994716248239,137.54836405972944,134.92801774448316,135.7816162109375,16671600,0.0,0.0,GOOG
2023-09-05 00:00:00-04:00,135.42429699028372,136.3473664865473,134.5508431609782,135.69229125976562,17730200,0.0,0.0,GOOG
2023-09-06 00:00:00-04:00,135.99501726186614,136.4565520228765,133.68732831161628,134.3622589111328,15814300,0.0,0.0,GOOG
2023-09-07 00:00:00-04:00,133.5980009276753,135.56325693844485,132.96276589665896,135.1860809326172,16976000,0.0,0.0,GOOG
2023-09-08 00:00:00-04:00,134.8585488983401,136.49130739608137,134.8585488983401,136.17864990234375,17810700,0.0,0.0,GOOG
2023-09-11 00:00:00-04:00,136.357309462463,137.2347313832264,135.53348639863302,136.71463012695312,17180800,0.0,0.0,GOOG
2023-09-12 00:00:00-04:00,136.10917454051634,136.61537251961622,134.91809552701272,135.05706787109375,15212900,0.0,0.0,GOOG
2023-09-13 00:00:00-04:00,134.8882996392758,136.67490274377676,133.92551949810576,136.4763946533203,16394900,0.0,0.0,GOOG
2023-09-14 00:00:00-04:00,137.35978278724207,138.51115103467677,136.03968188814508,137.955322265625,19064600,0.0,0.0,GOOG
2023-09-15 00:00:00-04:00,137.76673990672967,138.32256869856639,136.15878930726072,137.2704620361328,48958800,0.0,0.0,GOOG
2023-09-18 00:00:00-04:00,136.60545141583313,138.88831750289697,136.60545141583313,137.92555236816406,16233600,0.0,0.0,GOOG
2023-09-19 00:00:00-04:00,137.22080947418783,138.13892641833468,136.47639278626275,137.79649353027344,15479100,0.0,0.0,GOOG
2023-09-20 00:00:00-04:00,137.79649979089223,137.80641989491127,133.51858745315243,133.5880584716797,21473500,0.0,0.0,GOOG
2023-09-21 00:00:00-04:00,131.40445708049916,132.19850472128493,130.1141315573722,130.3821258544922,22058400,0.0,0.0,GOOG
2023-09-22 00:00:00-04:00,130.69971032703205,132.0198110539608,129.53842212631943,130.27291870117188,17348700,0.0,0.0,GOOG
2023-09-25 00:00:00-04:00,129.79650905432595,131.2357117450985,129.06201240711627,131.1860809326172,14650000,0.0,0.0,GOOG
2023-09-26 00:00:00-04:00,129.93944953651223,130.42679176156122,127.23572854652693,128.48634338378906,20378800,0.0,0.0,GOOG
2023-09-27 00:00:00-04:00,128.47640241705648,130.73942802857053,128.4168515028372,130.4813690185547,18764200,0.0,0.0,GOOG
2023-09-28 00:00:00-04:00,129.7170931981803,133.1811025335243,129.7170931981803,132.13893127441406,18201400,0.0,0.0,GOOG
2023-09-29 00:00:00-04:00,133.08186410943372,133.88583176717268,130.3424159524719,130.86846923828125,23237300,0.0,0.0,GOOG
2023-10-02 00:00:00-04:00,131.17118746071154,134.35233005748373,131.08186108927444,134.1637420654297,19210400,0.0,0.0,GOOG
2023-10-03 00:00:00-04:00,133.92554916498565,134.2332541903312,131.82630330422384,132.3076934814453,19628700,0.0,0.0,GOOG
2023-10-04 00:00:00-04:00,132.6649984756145,135.55333919699976,132.43669976010844,135.2555694580078,22848000,0.0,0.0,GOOG
2023-10-05 00:00:00-04:00,135.1166183312201,135.4838591101834,133.45408443031548,134.9776611328125,15922900,0.0,0.0,GOOG
2023-10-06 00:00:00-04:00,133.93547086301086,138.14986461791753,133.93547086301086,137.69725036621094,20826700,0.0,0.0,GOOG
2023-10-09 00:00:00-04:00,136.96276370973717,138.92801971511255,135.682358401467,138.46151733398438,16599100,0.0,0.0,GOOG
2023-10-10 00:00:00-04:00,138.47143189061256,139.69228623241167,137.3994699819387,138.1637420654297,19554900,0.0,0.0,GOOG
2023-10-11 00:00:00-04:00,138.8089376779205,141.16129012812456,138.7990024267788,140.64515686035156,20146300,0.0,0.0,GOOG
2023-10-12 00:00:00-04:00,141.1017100284966,141.32007347566807,138.41187764480986,139.24562072753906,18173100,0.0,0.0,GOOG
2023-10-13 00:00:00-04:00,139.60293729270438,140.28780307115827,136.94289558849107,137.54835510253906,19438700,0.0,0.0,GOOG
2023-10-16 00:00:00-04:00,138.68980082286427,139.85605677503867,138.28286450471643,139.44415283203125,17345600,0.0,0.0,GOOG
2023-10-17 00:00:00-04:00,138.98755442332967,140.19847342309527,137.4977366395047,139.94041442871094,17424000,0.0,0.0,GOOG
2023-10-18 00:00:00-04:00,139.70220681115188,140.9329812612618,137.67243233778476,138.24314880371094,18304900,0.0,0.0,GOOG
2023-10-19 00:00:00-04:00,138.75927639972875,139.95530771938184,137.56821270455615,137.94537353515625,21831200,0.0,0.0,GOOG
2023-10-20 00:00:00-04:00,137.55827997016817,138.00492697087307,135.23073582577402,135.72206115722656,24970300,0.0,0.0,GOOG
2023-10-23 00:00:00-04:00,135.21586210230492,137.98510105485485,134.1042045373751,136.87342834472656,20780700,0.0,0.0,GOOG
2023-10-24 00:00:00-04:00,138.12405927563407,139.66252368900274,137.7171077907381,139.076904296875,26535200,0.0,0.0,GOOG
2023-10-25 00:00:00-04:00,128.8039566013589,129.13150179767632,125.15134377334468,125.7270278930664,58796100,0.0,0.0,GOOG
2023-10-26 00:00:00-04:00,123.5434034999891,124.52603147739978,121.40940732876491,122.52107238769531,33907400,0.0,0.0,GOOG
2023-10-27 00:00:00-04:00,123.10667635342031,123.51362780574462,120.55580862970052,122.48136901855469,37367700,0.0,0.0,GOOG
2023-10-30 00:00:00-04:00,123.5334831418189,125.60792851991764,122.95779901080594,124.81388092041016,24165600,0.0,0.0,GOOG
2023-10-31 00:00:00-04:00,125.32999826395783,125.6178403104127,123.00246163181177,124.36722564697266,21123400,0.0,0.0,GOOG
2023-11-01 00:00:00-04:00,124.40691326742852,126.7890481836193,123.99500936394259,126.62031555175781,26536600,0.0,0.0,GOOG
2023-11-02 00:00:00-04:00,128.59551068350785,129.12156397904374,127.1563079854343,127.62281036376953,24091700,0.0,0.0,GOOG
2023-11-03 00:00:00-04:00,128.12898996973402,129.7567804361356,128.04958370976377,129.3994598388672,19529400,0.0,0.0,GOOG
2023-11-06 00:00:00-05:00,129.25059635315685,130.5806172728301,128.96274673691292,130.471435546875,15360400,0.0,0.0,GOOG
2023-11-07 00:00:00-05:00,130.99748089182108,132.28780617174849,130.1637378414789,131.4143524169922,19223800,0.0,0.0,GOOG
2023-11-08 00:00:00-05:00,131.37468072943096,132.54588925412858,131.17617260687868,132.26797485351562,15093600,0.0,0.0,GOOG
2023-11-09 00:00:00-05:00,132.367252781712,132.96279236787828,130.53101834536668,130.70968627929688,17976500,0.0,0.0,GOOG
2023-11-10 00:00:00-05:00,130.55086203680568,133.27047035762973,129.89577157960582,133.06202697753906,20872900,0.0,0.0,GOOG
2023-11-13 00:00:00-05:00,132.36721199358695,133.11162867430707,131.78160783960087,132.64512634277344,16409900,0.0,0.0,GOOG
2023-11-14 00:00:00-05:00,134.64017743498135,136.21835254101194,134.09428390483572,134.42181396484375,22317300,0.0,0.0,GOOG
2023-11-15 00:00:00-05:00,135.6228051137204,135.82131321717435,134.32255961911986,135.36474609375,15840900,0.0,0.0,GOOG
2023-11-16 00:00:00-05:00,135.94041300973822,137.84611782333138,135.06695929072634,137.66744995117188,17615100,0.0,0.0,GOOG
2023-11-17 00:00:00-05:00,136.7940318526801,136.97268460638475,134.47144003813452,135.9205780029297,25565300,0.0,0.0,GOOG
2023-11-20 00:00:00-05:00,134.49128206688442,137.39451018851142,134.48136196328304,136.8932647705078,19569400,0.0,0.0,GOOG
2023-11-21 00:00:00-05:00,136.91311271977708,137.93047608357764,136.6798615635873,137.58804321289062,17648100,0.0,0.0,GOOG
2023-11-22 00:00:00-05:00,138.0644964965985,140.04960778974763,137.96523487386216,138.97764587402344,17306400,0.0,0.0,GOOG
2023-11-24 00:00:00-05:00,138.50122099631608,138.63720973487497,136.44663849446076,137.19105529785156,8828600,0.0,0.0,GOOG
2023-11-27 00:00:00-05:00,136.54587068004687,138.5905326358614,136.51608008075286,137.0222930908203,17886400,0.0,0.0,GOOG
2023-11-28 00:00:00-05:00,136.60542292761087,137.62775391554172,136.0198036524735,137.58804321289062,17046900,0.0,0.0,GOOG
2023-11-29 00:00:00-05:00,137.9503454992033,138.63024368576404,135.28036841853944,135.38458251953125,21014700,0.0,0.0,GOOG
2023-11-30 00:00:00-05:00,135.38459922272398,135.94044316871782,131.8014723334578,132.92306518554688,29913500,0.0,0.0,GOOG
2023-12-01 00:00:00-05:00,132.32752990722656,132.5061826590945,131.16821046019072,132.32752990722656,24268000,0.0,0.0,GOOG
2023-12-04 00:00:00-05:00,130.31660539036469,130.4714347394466,128.43669266571038,129.6575469970703,24117100,0.0,0.0,GOOG
2023-12-05 00:00:00-05:00,129.39949771977643,132.5458978593593,128.76426259924867,131.4044647216797,19235100,0.0,0.0,GOOG
2023-12-06 00:00:00-05:00,131.910641902377,132.31759336012723,130.3324820288939,130.4515838623047,16360600,0.0,0.0,GOOG
2023-12-07 00:00:00-05:00,135.58312297082477,138.95780649915318,135.21586704062742,137.41934204101562,38419400,0.0,0.0,GOOG
2023-12-08 00:00:00-05:00,134.65011759222878,136.96277432282307,134.5607912089712,135.62281799316406,23016100,0.0,0.0,GOOG
2023-12-11 00:00:00-05:00,132.82379648588753,133.78656147578397,131.90071191055682,133.69723510742188,24502900,0.0,0.0,GOOG
2023-12-12 00:00:00-05:00,132.2778856267476,133.5384203015591,131.8411587508271,132.64512634277344,26584000,0.0,0.0,GOOG
2023-12-13 00:00:00-05:00,133.54338793500753,133.77663910079028,131.96026058228568,132.97267150878906,25414500,0.0,0.0,GOOG
2023-12-14 00:00:00-05:00,133.7667086835169,134.02973528463465,130.08432112267317,132.20838928222656,29619100,0.0,0.0,GOOG
2023-12-15 00:00:00-05:00,131.93049381733584,133.826278724094,131.64265934569684,132.84364318847656,58594000,0.0,0.0,GOOG
2023-12-18 00:00:00-05:00,132.86348930391583,137.34984472427678,132.77416293739708,136.168701171875,25699800,0.0,0.0,GOOG
2023-12-19 00:00:00-05:00,136.97268356455018,137.73695567726864,136.42677491260847,137.0719451904297,20661000,0.0,0.0,GOOG
2023-12-20 00:00:00-05:00,139.28534130307386,142.0128854200126,138.37219188892348,138.62033081054688,33507300,0.0,0.0,GOOG
2023-12-21 00:00:00-05:00,139.7220688742158,140.97268359270743,139.4272827418426,140.74440002441406,18101500,0.0,0.0,GOOG
2023-12-22 00:00:00-05:00,141.07192758858,142.183584977192,140.99747380489586,141.65753173828125,18513500,0.0,0.0,GOOG
2023-12-26 00:00:00-05:00,141.91561808969738,142.87344590686627,141.43919556634015,141.75682067871094,11170100,0.0,0.0,GOOG
2023-12-27 00:00:00-05:00,141.76673682067968,142.25309458095086,140.00097326971112,140.3870849609375,17288400,0.0,0.0,GOOG
2023-12-28 00:00:00-05:00,140.7940508371397,141.2109224691849,139.77965562656306,140.22828674316406,12192500,0.0,0.0,GOOG
2023-12-29 00:00:00-05:00,139.63275092791076,140.3821354476703,138.8585585697647,139.88088989257812,14881000,0.0,0.0,GOOG
2024-01-02 00:00:00-05:00,138.56078309738433,139.56822653666876,136.71462887199826,138.5210723876953,20071900,0.0,0.0,GOOG
2024-01-03 00:00:00-05:00,137.56821679113014,140.03967062436058,137.39946900574765,139.3151092529297,18974300,0.0,0.0,GOOG
2024-01-04 00:00:00-05:00,138.80891332135792,139.58805799407324,136.98259942012896,137.0123748779297,18253300,0.0,0.0,GOOG
2024-01-05 00:00:00-05:00,137.32209284265804,137.776676034132,135.83127503646986,136.36724853515625,15439500,0.0,0.0,GOOG
2024-01-08 00:00:00-05:00,136.97269140371955,139.59303793780887,136.85358956200596,139.48385620117188,17645300,0.0,0.0,GOOG
2024-01-09 00:00:00-05:00,139.01734435202192,141.73695233295356,138.74935008117012,141.4987335205078,19579700,0.0,0.0,GOOG
2024-01-10 00:00:00-05:00,141.4590525315388,143.44911655095675,141.3995016085915,142.72952270507812,16641900,0.0,0.0,GOOG
2024-01-11 00:00:00-05:00,143.81635055771315,145.56821061824715,141.15629362510245,142.6004638671875,17471100,0.0,0.0,GOOG
2024-01-12 00:00:00-05:00,143.26547572373775,143.66250706209212,142.29277544886418,143.16622924804688,13998700,0.0,0.0,GOOG
2024-01-16 00:00:00-05:00,142.36224553035362,144.75430821315538,141.99103675526231,143.00741577148438,19198900,0.0,0.0,GOOG
2024-01-17 00:00:00-05:00,141.8461340405236,142.34241187414503,139.46399135202222,141.82627868652344,17884500,0.0,0.0,GOOG
2024-01-18 00:00:00-05:00,142.37219538970797,144.50123165708615,142.28286900944835,143.91065979003906,18876800,0.0,0.0,GOOG
2024-01-19 00:00:00-05:00,145.21587059121103,146.93795552830417,144.71464020562468,146.8684844970703,27181000,0.0,0.0,GOOG
2024-01-22 00:00:00-05:00,147.60296832126176,148.8982462708717,146.48137550712406,146.61041259765625,21829200,0.0,0.0,GOOG
2024-01-23 00:00:00-05:00,146.62032095653905,147.75183378499338,146.09426767678733,147.5731658935547,14113600,0.0,0.0,GOOG
2024-01-24 00:00:00-05:00,149.17117734908445,150.4416624752705,148.7245303494736,149.23074340820312,19245000,0.0,0.0,GOOG
2024-01-25 00:00:00-05:00,150.61041176967234,153.60791916668836,150.0942785499404,152.4962615966797,21495100,0.0,0.0,GOOG
2024-01-26 00:00:00-05:00,151.7319769646309,152.96275141962158,151.66250594481866,152.64512634277344,19494500,0.0,0.0,GOOG
2024-01-29 00:00:00-05:00,152.49625311502484,154.04463754290293,151.78161181828145,153.68731689453125,20909300,0.0,0.0,GOOG
2024-01-30 00:00:00-05:00,152.8635048238572,153.8858360295156,151.63769787306504,151.91065979003906,26578900,0.0,0.0,GOOG
2024-01-31 00:00:00-05:00,144.3076713205496,144.50617942972633,140.49626110164365,140.74440002441406,43908600,0.0,0.0,GOOG
2024-02-01 00:00:00-05:00,142.62032911698014,143.54339863638106,141.20096660878144,141.6476287841797,25526900,0.0,0.0,GOOG
2024-02-02 00:00:00-05:00,139.8411540776488,142.8089006932634,137.1414017074058,142.47142028808594,42136100,0.0,0.0,GOOG
2024-02-05 00:00:00-05:00,142.96770035050338,145.57812639557662,142.8386784226896,143.85107421875,29254400,0.0,0.0,GOOG
2024-02-06 00:00:00-05:00,144.87345389509096,145.64764622170694,143.44417109358457,144.32754516601562,21517700,0.0,0.0,GOOG
2024-02-07 00:00:00-05:00,145.0322297194602,145.90568355591802,144.1290155697023,145.5880584716797,21436100,0.0,0.0,GOOG
2024-02-08 00:00:00-05:00,145.87589979280332,146.5111347799189,145.3299911760954,146.12403869628906,18241300,0.0,0.0,GOOG
2024-02-09 00:00:00-05:00,146.84862448748711,149.57320039982767,146.33249124170396,149.1017303466797,21877700,0.0,0.0,GOOG
2024-02-12 00:00:00-05:00,148.4267704156937,149.46895691359484,147.45407008541162,147.622802734375,17236100,0.0,0.0,GOOG
2024-02-13 00:00:00-05:00,144.98261041273219,146.9379311008512,144.02975032913352,145.28036499023438,18138500,0.0,0.0,GOOG
2024-02-14 00:00:00-05:00,146.27293079046242,146.72951308299176,144.47143974552327,146.04464721679688,16651800,0.0,0.0,GOOG
2024-02-15 00:00:00-05:00,143.3845871267003,143.68234168740076,140.82379188830166,142.8684539794922,26724300,0.0,0.0,GOOG
2024-02-16 00:00:00-05:00,143.13643929642654,143.40441838433287,140.46646250400082,140.7046661376953,21865100,0.0,0.0,GOOG
2024-02-20 00:00:00-05:00,139.89080371891967,142.26201166893406,139.75184652579617,141.14141845703125,18625600,0.0,0.0,GOOG
2024-02-21 00:00:00-05:00,141.5781469830933,142.90816801011562,140.85358554974505,142.7692108154297,16440800,0.0,0.0,GOOG
2024-02-22 00:00:00-05:00,145.03223741840605,145.1116436936809,142.93794423677772,144.2382049560547,23024700,0.0,0.0,GOOG
2024-02-23 00:00:00-05:00,143.8908098319027,144.86847786194312,143.71214191948363,144.2084197998047,14519400,0.0,0.0,GOOG
2024-02-26 00:00:00-05:00,142.38209499122223,142.76919106180267,137.707166688458,137.7170867919922,33513000,0.0,0.0,GOOG
2024-02-27 00:00:00-05:00,138.37220197426464,139.4441640112321,137.46897259887552,139.05706787109375,22364000,0.0,0.0,GOOG
2024-02-28 00:00:00-05:00,138.06450271897674,138.2431554737171,135.62280905447278,136.40692138671875,30628700,0.0,0.0,GOOG
2024-02-29 00:00:00-05:00,137.32007836867083,138.90815829996205,136.545886183812,138.7394256591797,35485000,0.0,0.0,GOOG
2024-03-01 00:00:00-05:00,138.57070252225125,138.9577986412296,136.94787939753394,137.05209350585938,28551500,0.0,0.0,GOOG
2024-03-04 00:00:00-05:00,135.52355024178948,135.612891766213,131.87095249161578,133.2009735107422,43571500,0.0,0.0,GOOG
2024-03-05 00:00:00-05:00,131.7518369654915,133.02230693315045,130.57069336777806,132.78408813476562,28447600,0.0,0.0,GOOG
2024-03-06 00:00:00-05:00,133.24069805581092,133.73697596330325,130.9677367581842,131.5731964111328,23175200,0.0,0.0,GOOG
2024-03-07 00:00:00-05:00,132.89327441489877,134.8089146810949,131.6724352148529,134.2332305908203,24107300,0.0,0.0,GOOG
2024-03-08 00:00:00-05:00,134.02975881406402,137.9503506897374,133.79650762531753,135.27540588378906,26495200,0.0,0.0,GOOG
2024-03-11 00:00:00-04:00,136.0496111924357,138.93793664433252,136.0496111924357,137.9056854248047,22536400,0.0,0.0,GOOG
2024-03-12 00:00:00-04:00,137.22083092535453,139.235717864035,137.18113535967947,138.58062744140625,19019700,0.0,0.0,GOOG
2024-03-13 00:00:00-04:00,139.01735517342172,141.13150375600466,138.96772435714914,139.72207641601562,19637000,0.0,0.0,GOOG
2024-03-14 00:00:00-04:00,141.24068068462822,143.65258379232648,140.4317453570444,143.26548767089844,36117900,0.0,0.0,GOOG
2024-03-15 00:00:00-04:00,142.3424077447282,143.26547721879055,140.07938210068167,141.11163330078125,41039500,0.0,0.0,GOOG
2024-03-18 00:00:00-04:00,148.2580536133624,151.7915498050932,147.0372142314328,147.3746795654297,47676700,0.0,0.0,GOOG
2024-03-19 00:00:00-04:00,147.8709389809071,148.5061740017726,145.91560310593732,146.81883239746094,17748400,0.0,0.0,GOOG
2024-03-20 00:00:00-04:00,147.6823608666149,148.64514113935445,146.56573566685813,148.56573486328125,17730000,0.0,0.0,GOOG
2024-03-21 00:00:00-04:00,149.20097598630602,150.17862878450183,146.90815966045912,147.6327362060547,19843900,0.0,0.0,GOOG
2024-03-22 00:00:00-04:00,149.1215885940702,151.42431017070282,148.97269613720027,150.64019775390625,19252900,0.0,0.0,GOOG
2024-03-25 00:00:00-04:00,149.82628741129568,150.32851734935844,147.6922986071909,150.02479553222656,15114700,0.0,0.0,GOOG
2024-03-26 00:00:00-04:00,150.11412683719794,152.0595274931158,149.90568348003643,150.57069396972656,19312700,0.0,0.0,GOOG
2024-03-27 00:00:00-04:00,151.0123899187446,151.5533309531698,149.0123908062486,150.8089141845703,16622000,0.0,0.0,GOOG
2024-03-28 00:00:00-04:00,150.86846684841055,151.53347735196334,150.20345634485778,151.12652587890625,21105600,0.0,0.0,GOOG
2024-04-01 00:00:00-04:00,150.69974262178533,155.83125407551043,150.5210747097622,155.33497619628906,24469800,0.0,0.0,GOOG
2024-04-02 00:00:00-04:00,153.59799819796115,154.8287727472631,152.31760797864735,154.70965576171875,17598100,0.0,0.0,GOOG
2024-04-03 00:00:00-04:00,153.76671473931447,155.38458524539197,152.9845864846633,155.20591735839844,17266200,0.0,0.0,GOOG
2024-04-04 00:00:00-04:00,153.92553844996553,155.01734062345932,150.74936326631402,150.8089141845703,24184800,0.0,0.0,GOOG
2024-04-05 00:00:00-04:00,150.55083610895826,153.6873156475276,149.9562962344758,152.7940216064453,16297300,0.0,0.0,GOOG
2024-04-08 00:00:00-04:00,152.86844996745216,155.48879614288904,152.84364213555688,154.97763061523438,16641500,0.0,0.0,GOOG
2024-04-09 00:00:00-04:00,156.17864097924695,158.69972572114182,155.473919788547,156.96275329589844,21521500,0.0,0.0,GOOG
2024-04-10 00:00:00-04:00,156.70470686068956,156.98262125943583,155.03720532301298,156.48634338378906,16339200,0.0,0.0,GOOG
2024-04-11 00:00:00-04:00,157.16125924518346,159.92056276267266,156.754307790576,159.593017578125,17841700,0.0,0.0,GOOG
2024-04-12 00:00:00-04:00,158.2183396876894,160.49625319515445,157.4193396212034,158.00494384765625,16989800,0.0,0.0,GOOG
2024-04-15 00:00:00-04:00,159.08682110387247,159.63272974979193,154.98756135247436,155.16622924804688,21140900,0.0,0.0,GOOG
2024-04-16 00:00:00-04:00,154.48136343603403,156.05952331202272,153.89575922723787,154.83868408203125,15413200,0.0,0.0,GOOG
2024-04-17 00:00:00-04:00,156.01983278787083,157.49973066989327,154.9726786496622,155.71214294433594,16237800,0.0,0.0,GOOG
2024-04-18 00:00:00-04:00,155.75679039899535,157.3051747101729,155.04711678057174,156.28781127929688,14016100,0.0,0.0,GOOG
2024-04-19 00:00:00-04:00,156.5756780861959,156.81389693143566,152.76426743355734,154.560791015625,21479900,0.0,0.0,GOOG
2024-04-22 00:00:00-04:00,154.8485943675992,157.99996144014912,154.5012089932278,156.77415466308594,17243900,0.0,0.0,GOOG
2024-04-23 00:00:00-04:00,157.4093762697895,159.28530559663673,156.78902906983745,158.72947692871094,16115400,0.0,0.0,GOOG
2024-04-24 00:00:00-04:00,157.90566463757577,160.18854551579835,157.63768553373473,159.9007110595703,19485700,0.0,0.0,GOOG
2024-04-25 00:00:00-04:00,152.21832807440128,157.1016998299138,151.6307398819835,156.77415466308594,36197800,0.0,0.0,GOOG
2024-04-26 00:00:00-04:00,174.6798688681452,175.10666051468928,170.12402706585365,172.39698791503906,56500800,0.0,0.0,GOOG
2024-04-29 00:00:00-04:00,169.49871490746665,170.10417439660733,165.8163271662609,166.6500701904297,35914600,0.0,0.0,GOOG
2024-04-30 00:00:00-04:00,166.13396019726625,168.60541393380345,163.27539523961738,163.4143524169922,29420800,0.0,0.0,GOOG
2024-05-01 00:00:00-04:00,164.9428925341537,167.55331876997855,163.67242249923606,164.3374481201172,25223200,0.0,0.0,GOOG
2024-05-02 00:00:00-04:00,165.42924951011173,167.27540363766448,164.45654920705198,167.2059326171875,17041100,0.0,0.0,GOOG
2024-05-03 00:00:00-04:00,168.277872843964,168.58557780756806,163.75182164825128,167.7319793701172,22767100,0.0,0.0,GOOG
2024-05-06 00:00:00-04:00,167.9602752858077,168.63520588616618,166.64017439901465,168.56573486328125,15147900,0.0,0.0,GOOG
2024-05-07 00:00:00-04:00,168.85355116510593,172.17861843079527,168.73444934144536,171.6922607421875,21102400,0.0,0.0,GOOG
2024-05-08 00:00:00-04:00,169.47888227678672,170.6292509168176,169.25258273205898,169.88583374023438,14569900,0.0,0.0,GOOG
2024-05-09 00:00:00-04:00,169.87589704336452,171.15630234033898,168.6649779130589,170.30270385742188,11937700,0.0,0.0,GOOG
2024-05-10 00:00:00-04:00,168.426783999603,170.06449489361867,166.6600360144133,169.02230834960938,18740500,0.0,0.0,GOOG
2024-05-13 00:00:00-04:00,164.612384104361,169.6773926544997,164.52602618565487,169.6277618408203,19648600,0.0,0.0,GOOG
2024-05-14 00:00:00-04:00,170.3126201634331,171.49376380888015,169.15133187161973,170.65008544921875,18729500,0.0,0.0,GOOG
2024-05-15 00:00:00-04:00,171.017331635319,172.75033588092006,170.74933738465998,172.5855712890625,20958200,0.0,0.0,GOOG
2024-05-16 00:00:00-04:00,173.30023079535803,175.02726801562068,172.75432213283904,174.12403869628906,17247300,0.0,0.0,GOOG
2024-05-17 00:00:00-04:00,174.24316229907933,176.17367532804903,173.67739826046392,175.97019958496094,16546400,0.0,0.0,GOOG
2024-05-20 00:00:00-04:00,175.99006724084128,178.61041395843952,175.90570847878587,177.1315155029297,17495100,0.0,0.0,GOOG
2024-05-21 00:00:00-04:00,177.0719325314541,178.4813749668358,175.99005044285664,178.2034454345703,14706000,0.0,0.0,GOOG
2024-05-22 00:00:00-04:00,177.07192771397584,177.52057390820545,175.46399235466149,176.67491149902344,16189400,0.0,0.0,GOOG
2024-05-23 00:00:00-04:00,177.44911398431128,178.5707068169668,173.24067219446994,173.75680541992188,14928400,0.0,0.0,GOOG
2024-05-24 00:00:00-04:00,175.205937250306,175.98409753033752,173.8957564502872,175.01734924316406,11403600,0.0,0.0,GOOG
2024-05-28 00:00:00-04:00,174.43173748593026,177.18110576503003,174.37217142424652,176.69476318359375,15655300,0.0,0.0,GOOG
2024-05-29 00:00:00-04:00,175.4937567808549,176.90318394408737,174.94784816071635,176.07936096191406,15023800,0.0,0.0,GOOG
2024-05-30 00:00:00-04:00,175.37466368707715,175.37466368707715,171.9404144063307,172.26795959472656,18826300,0.0,0.0,GOOG
2024-05-31 00:00:00-04:00,172.10913417199438,173.12154511988513,169.6972313450389,172.66497802734375,28085200,0.0,0.0,GOOG
2024-06-03 00:00:00-04:00,172.58559334783465,174.55084943172886,171.16623079349,173.12156677246094,20742800,0.0,0.0,GOOG
2024-06-04 00:00:00-04:00,173.15134815747416,173.88584486728672,171.93050882140636,173.8262939453125,14066600,0.0,0.0,GOOG
2024-06-05 00:00:00-04:00,175.22082537536804,176.6451403917242,173.98508322138107,175.75184631347656,15233900,0.0,0.0,GOOG
2024-06-06 00:00:00-04:00,176.10912863285355,177.37961370409542,175.89078033964847,177.0222930908203,14255800,0.0,0.0,GOOG
2024-06-07 00:00:00-04:00,177.13150713925583,178.08435218510095,174.4813699390767,174.6401824951172,14716300,0.0,0.0,GOOG
2024-06-10 00:00:00-04:00,175.33573146009923,177.3429795915251,173.27881120401568,175.5146026611328,17099800,0.2,0.0,GOOG
2024-06-11 00:00:00-04:00,176.59774028847596,177.2635075730835,174.33213917707215,177.0647735595703,14402400,0.0,0.0,GOOG
2024-06-12 00:00:00-04:00,178.61491956248847,180.9302079610102,176.65735845220254,178.42611694335938,18600400,0.0,0.0,GOOG
2024-06-13 00:00:00-04:00,176.71696117955426,177.3827284020576,175.54441999550025,175.62391662597656,15956900,0.0,0.0,GOOG
2024-06-14 00:00:00-04:00,174.74151730896983,177.6013338101472,174.74151730896983,177.2436065673828,12361600,0.0,0.0,GOOG
2024-06-17 00:00:00-04:00,175.8623951756443,178.78383196878292,175.3754991517427,177.65103149414062,15272900,0.0,0.0,GOOG
2024-06-18 00:00:00-04:00,177.66097417509516,177.7802267121932,174.5109938407552,175.33575439453125,15640300,0.0,0.0,GOOG
2024-06-20 00:00:00-04:00,175.59412907046394,177.61130893646848,175.34570775531623,176.5878143310547,16753200,0.0,0.0,GOOG
2024-06-21 00:00:00-04:00,177.3628769542596,181.35946682334284,176.93558443343846,179.12168884277344,58903200,0.0,0.0,GOOG
2024-06-24 00:00:00-04:00,180.13524186798963,180.93019301645566,179.09186943327995,179.64833068847656,18198300,0.0,0.0,GOOG
2024-06-25 00:00:00-04:00,180.00109010095835,184.57700570070918,179.96133420634663,184.4080810546875,18797000,0.0,0.0,GOOG
2024-06-26 00:00:00-04:00,183.03679210972498,184.75586308463522,182.8281267300032,184.19940185546875,13375700,0.0,0.0,GOOG
2024-06-27 00:00:00-04:00,184.4726841150096,186.31596582475487,184.27890823258446,185.6800079345703,13025700,0.0,0.0,GOOG
2024-06-28 00:00:00-04:00,184.54721295668855,185.40178281851416,182.1673327036361,182.26173400878906,23032400,0.0,0.0,GOOG
2024-07-01 00:00:00-04:00,183.31503513383882,184.16960498288933,181.57608609375964,183.32498168945312,11815900,0.0,0.0,GOOG
2024-07-02 00:00:00-04:00,182.31140894074,185.76942888936475,181.90399440532445,185.43157958984375,12555500,0.0,0.0,GOOG
2024-07-03 00:00:00-04:00,185.12353666317827,186.43519310717625,184.21430630816909,186.20664978027344,7409100,0.0,0.0,GOOG
2024-07-05 00:00:00-04:00,186.1371043737339,191.04589614109807,186.1371043737339,190.747802734375,14303400,0.0,0.0,GOOG
2024-07-08 00:00:00-04:00,190.15655112826096,190.46856363455257,188.1244669555665,189.27713012695312,12097600,0.0,0.0,GOOG
2024-07-09 00:00:00-04:00,190.53913668217973,191.64212785825836,189.0287309360106,189.23741149902344,10198500,0.0,0.0,GOOG
2024-07-10 00:00:00-04:00,189.5454324574855,192.08926388256418,189.41624854275796,191.44337463378906,12052900,0.0,0.0,GOOG
2024-07-11 00:00:00-04:00,190.13173023437844,191.194980719436,185.64028386530777,186.11724853515625,16452000,0.0,0.0,GOOG
2024-07-12 00:00:00-04:00,185.73960968673657,187.49843648927916,184.96453655255118,185.60049438476562,14449100,0.0,0.0,GOOG
2024-07-15 00:00:00-04:00,185.3123556492613,188.70081060739636,185.3123556492613,187.00161743164062,12186000,0.0,0.0,GOOG
2024-07-16 00:00:00-04:00,187.76675536324498,189.13803057985837,183.9509928079568,184.32859802246094,12760100,0.0,0.0,GOOG
2024-07-17 00:00:00-04:00,183.51375521766312,184.060285049871,180.47308126701884,181.46676635742188,17376600,0.0,0.0,GOOG
2024-07-18 00:00:00-04:00,182.3809532461557,182.88774234184083,177.08462510298332,178.08824157714844,17877200,0.0,0.0,GOOG
2024-07-19 00:00:00-04:00,179.23099413726175,180.8208965174912,177.7305349482144,178.25718688964844,14485900,0.0,0.0,GOOG
2024-07-22 00:00:00-04:00,181.19848408923778,183.13616700217142,180.75131366419583,182.19216918945312,16303900,0.0,0.0,GOOG
2024-07-23 00:00:00-04:00,182.67905698478197,184.05034721350475,182.1722830648947,182.44058227539062,23772600,0.0,0.0,GOOG
2024-07-24 00:00:00-04:00,174.28243822270719,176.82626978612888,172.47393913032514,173.2688751220703,31250700,0.0,0.0,GOOG
2024-07-25 00:00:00-04:00,173.14963533064466,174.09363317944442,167.9824756445121,168.09178161621094,28967900,0.0,0.0,GOOG
2024-07-26 00:00:00-04:00,167.7042503176182,168.7674855646174,164.81759611294638,167.61480712890625,25150100,0.0,0.0,GOOG
2024-07-29 00:00:00-04:00,169.42330521607508,171.0728260788631,168.6482320708963,170.04933166503906,13768900,0.0,0.0,GOOG
2024-07-30 00:00:00-04:00,170.74492515486463,171.8578476970294,169.04571683697938,170.7747344970703,13681400,0.0,0.0,GOOG
2024-07-31 00:00:00-04:00,173.8154065705776,174.7991603386014,170.63561708735276,172.05657958984375,15650200,0.0,0.0,GOOG
2024-08-01 00:00:00-04:00,170.89395922173026,174.57059105858158,169.43324091199892,171.36099243164062,17177800,0.0,0.0,GOOG
2024-08-02 00:00:00-04:00,167.1279129721506,169.1351612826965,165.33927661435882,167.33657836914062,18907800,0.0,0.0,GOOG
2024-08-05 00:00:00-04:00,156.3762401380253,164.892129855876,155.61111342618975,159.62559509277344,34907800,0.0,0.0,GOOG
2024-08-06 00:00:00-04:00,159.92867105318848,161.32479753974454,157.13144480212082,159.52621459960938,36146500,0.0,0.0,GOOG
2024-08-07 00:00:00-04:00,162.20917537275696,163.7493752825507,159.22811981197012,159.73489379882812,19334200,0.0,0.0,GOOG
2024-08-08 00:00:00-04:00,161.3188189520736,164.45489516194675,161.00680641897057,162.8053741455078,15733600,0.0,0.0,GOOG
2024-08-09 00:00:00-04:00,160.62425005314302,164.47478024278507,159.9137536043793,164.34559631347656,13549200,0.0,0.0,GOOG
2024-08-12 00:00:00-04:00,164.94675710820903,165.6473069392791,162.51720486741277,162.9146728515625,12435000,0.0,0.0,GOOG
2024-08-13 00:00:00-04:00,164.14188103724572,165.4883201860964,163.72950836654053,164.88217163085938,12717600,0.0,0.0,GOOG
2024-08-14 00:00:00-04:00,163.17303149122787,163.9182952913303,158.52257749412473,161.0067901611328,22515900,0.0,0.0,GOOG
2024-08-15 00:00:00-04:00,161.18565824757977,162.48738323398658,160.4702038002915,162.13958740234375,18392500,0.0,0.0,GOOG
2024-08-16 00:00:00-04:00,162.37810388183337,165.89574285542548,162.0501859428864,163.69970703125,16853100,0.0,0.0,GOOG
2024-08-19 00:00:00-04:00,165.94542518109844,167.40614360975903,165.04116802765475,167.33657836914062,13100800,0.0,0.0,GOOG
2024-08-20 00:00:00-04:00,167.67443919947158,169.3338915956219,167.59494256725435,167.89305114746094,12622500,0.0,0.0,GOOG
2024-08-21 00:00:00-04:00,165.93546857904872,167.57504281319,165.51812268603877,166.57142639160156,15269600,0.0,0.0,GOOG
2024-08-22 00:00:00-04:00,167.97253171361726,168.35013692400975,163.9878597056695,164.44496154785156,19123800,0.0,0.0,GOOG
2024-08-23 00:00:00-04:00,165.4982633089983,166.88941644178666,164.61388413977602,166.37269592285156,14281600,0.0,0.0,GOOG
2024-08-26 00:00:00-04:00,167.09313785297806,168.31040831898503,165.2697339554535,166.8695526123047,11990300,0.0,0.0,GOOG
2024-08-27 00:00:00-04:00,166.55158960509237,167.18257429645269,165.11074898834605,165.32936096191406,13718200,0.0,0.0,GOOG
2024-08-28 00:00:00-04:00,165.72681315627662,166.33296172275269,162.24891502525102,163.46121215820312,15208700,0.0,0.0,GOOG
2024-08-29 00:00:00-04:00,165.01137047100107,166.57146359413528,160.95911910338887,162.3681640625,17133800,0.0,0.0,GOOG
2024-08-30 00:00:00-04:00,163.18297313639766,164.23627694740046,162.37809060770428,164.06735229492188,18498800,0.0,0.0,GOOG
2024-09-03 00:00:00-04:00,162.2836887747074,162.34828073388488,156.8581613154102,157.6083984375,26533100,0.0,0.0,GOOG
2024-09-04 00:00:00-04:00,157.0767719946935,159.38708686154732,156.44578740324155,156.81344604492188,17410700,0.0,0.0,GOOG
2024-09-05 00:00:00-04:00,156.7836358953015,159.9982078419264,156.5252832244312,157.5984649658203,14139500,0.0,0.0,GOOG
2024-09-06 00:00:00-04:00,157.6878830260937,158.21453488965136,150.97553566070164,151.1693115234375,24999100,0.0,0.0,GOOG
2024-09-09 00:00:00-04:00,152.86082438822885,153.86576214801275,147.45800291500046,148.79129028320312,28057700,0.2,0.0,GOOG
2024-09-10 00:00:00-04:00,150.69173445252943,151.5374848428565,148.79428450940117,149.25894165039062,20401800,0.0,0.0,GOOG
2024-09-11 00:00:00-04:00,150.33350856255606,151.716548407751,147.95547558607294,151.38819885253906,18991500,0.0,0.0,GOOG
2024-09-12 00:00:00-04:00,154.03490489530117,154.83090254362375,152.7314661475892,154.76124572753906,20980800,0.0,0.0,GOOG
2024-09-13 00:00:00-04:00,155.57913012080755,158.47753979735216,155.32839292130552,157.5770721435547,16733900,0.0,0.0,GOOG
2024-09-16 00:00:00-04:00,157.53728578536007,158.44273330210058,156.82088941853155,158.19398498535156,14157600,0.0,0.0,GOOG
2024-09-17 00:00:00-04:00,159.28845740813813,160.78094720498908,158.61186932111355,159.47750854492188,12064800,0.0,0.0,GOOG
2024-09-18 00:00:00-04:00,160.0446605246212,160.82075399745483,158.8606162005211,160.00485229492188,16756500,0.0,0.0,GOOG
2024-09-19 00:00:00-04:00,163.99480549324826,164.16395253493934,161.7083067253853,162.42271423339844,17548200,0.0,0.0,GOOG
2024-09-20 00:00:00-04:00,163.6962795068724,163.92512368340348,162.3629771291916,163.815673828125,46362700,0.0,0.0,GOOG
2024-09-23 00:00:00-04:00,164.51217902638942,165.77582469509017,162.1341457847575,162.25355529785156,15648400,0.0,0.0,GOOG
2024-09-24 00:00:00-04:00,163.42762514067337,163.72612612261392,161.21873912966024,162.8206787109375,18774100,0.0,0.0,GOOG
2024-09-25 00:00:00-04:00,162.15404607986716,163.39479667219365,161.96001511465622,162.1739501953125,13607900,0.0,0.0,GOOG
2024-09-26 00:00:00-04:00,164.2037392619377,164.67138731664284,162.68140076296737,163.00975036621094,18234500,0.0,0.0,GOOG
2024-09-27 00:00:00-04:00,163.08933732513577,166.13401405564426,163.0097360480935,164.46241760253906,13604300,0.0,0.0,GOOG
2024-09-30 00:00:00-04:00,163.9549832044503,166.52206755941856,163.81568475956325,166.35292053222656,14070100,0.0,0.0,GOOG
2024-10-01 00:00:00-04:00,168.01455114299765,169.58664220950388,165.06936461206638,167.57675170898438,18629500,0.0,0.0,GOOG
2024-10-02 00:00:00-04:00,166.92006448892445,168.0344672685374,165.4176301260722,166.47232055664062,12745000,0.0,0.0,GOOG
2024-10-03 00:00:00-04:00,164.98977806625155,167.0693101897403,164.54201898480358,166.37281799316406,11004300,0.0,0.0,GOOG
2024-10-04 00:00:00-04:00,168.49214266571013,168.70109791526065,166.1240692043542,167.71604919433594,11422100,0.0,0.0,GOOG
2024-10-07 00:00:00-04:00,168.2931425612473,169.0493318975737,163.30823229275637,163.56692504882812,14034700,0.0,0.0,GOOG
2024-10-08 00:00:00-04:00,164.6017241614429,165.26838299175876,163.48733659266168,164.87037658691406,11723900,0.0,0.0,GOOG
2024-10-09 00:00:00-04:00,164.02958688197026,165.42755100383786,160.31328696387484,162.2435760498047,19666400,0.0,0.0,GOOG
2024-10-10 00:00:00-04:00,161.2983412910555,163.48832523779743,160.830693292667,162.36297607421875,12900500,0.0,0.0,GOOG
2024-10-11 00:00:00-04:00,162.51222955123868,164.44251865032217,161.6863834324354,163.69627380371094,10946000,0.0,0.0,GOOG
2024-10-14 00:00:00-04:00,164.08434289007533,166.78076613469128,163.95498890732665,165.5171356201172,9981800,0.0,0.0,GOOG
2024-10-15 00:00:00-04:00,166.30316540961533,168.24339914310818,165.21862644863623,166.06436157226562,14829300,0.0,0.0,GOOG
2024-10-16 00:00:00-04:00,165.19871479504792,166.44245625750682,164.38879497014153,165.90516662597656,9968500,0.0,0.0,GOOG
2024-10-17 00:00:00-04:00,166.54195034244108,167.0891844028635,163.54701138740907,163.68630981445312,15113400,0.0,0.0,GOOG
2024-10-18 00:00:00-04:00,164.04451089720126,165.53700057775777,163.9251165811216,164.22361755371094,13091300,0.0,0.0,GOOG
2024-10-21 00:00:00-04:00,163.75598620564867,165.38777448150628,163.48235396031905,164.96987915039062,11384000,0.0,0.0,GOOG
2024-10-22 00:00:00-04:00,163.87537583552393,166.63151123094954,163.84552725432798,165.98477172851562,11958600,0.0,0.0,GOOG
2024-10-23 00:00:00-04:00,165.59672804397988,166.7608835683857,162.8137346919664,163.656494140625,12754300,0.0,0.0,GOOG
2024-10-24 00:00:00-04:00,163.76595022298804,164.22365383974224,161.95507023863277,163.7062530517578,12764400,0.0,0.0,GOOG
2024-10-25 00:00:00-04:00,164.53705149933973,166.56185106753804,164.4027177042704,166.15391540527344,14566400,0.0,0.0,GOOG
2024-10-28 00:00:00-04:00,169.7358967018464,169.7518230313522,164.95992601392894,167.49716186523438,20858300,0.0,0.0,GOOG
2024-10-29 00:00:00-04:00,168.5369392016573,170.99955375855131,167.81557814913205,170.2831573486328,28916100,0.0,0.0,GOOG
2024-10-30 00:00:00-04:00,181.4967298616468,182.86981027924938,174.8650910747521,175.25811767578125,49698300,0.0,0.0,GOOG
2024-10-31 00:00:00-04:00,173.84521340267813,177.52668521221588,171.69602444339213,171.82537841796875,32801900,0.0,0.0,GOOG
2024-11-01 00:00:00-04:00,170.68114034943142,172.94973899268834,169.4573028676897,171.78558349609375,21752900,0.0,0.0,GOOG
2024-11-04 00:00:00-05:00,170.38263311364355,171.05922117064537,168.636415270449,169.82542419433594,16194000,0.0,0.0,GOOG
2024-11-05 00:00:00-05:00,169.97470565842073,171.2353604572077,169.51700206448294,170.5518035888672,12518300,0.0,0.0,GOOG
2024-11-06 00:00:00-05:00,174.4720433903764,177.74556395719833,174.1635827810619,177.43711853027344,27061500,0.0,0.0,GOOG
2024-11-07 00:00:00-05:00,178.21322879299478,181.66585633668203,177.99432907915246,181.3673553466797,16730400,0.0,0.0,GOOG
2024-11-08 00:00:00-05:00,181.08875743861722,181.4370111220325,178.67093131640752,178.95947265625,15021500,0.0,0.0,GOOG
2024-11-11 00:00:00-05:00,179.1684180742373,181.17332860002983,179.08881680289787,181.05889892578125,12503400,0.0,0.0,GOOG
2024-11-12 00:00:00-05:00,180.47187140805784,183.10361748976914,180.08382466749606,182.40216064453125,14065800,0.0,0.0,GOOG
2024-11-13 00:00:00-05:00,181.2380114579533,181.70069485027344,179.21817640799486,179.58633422851562,13969700,0.0,0.0,GOOG
2024-11-14 00:00:00-05:00,178.850044481498,179.5415721079319,175.1486682156066,176.46206665039062,17925800,0.0,0.0,GOOG
2024-11-15 00:00:00-05:00,174.76060146772068,174.99940529649922,171.88009196154317,173.0193634033203,21708900,0.0,0.0,GOOG
2024-11-18 00:00:00-05:00,174.07904641414385,176.02426004579834,173.546721379973,175.91481018066406,18662800,0.0,0.0,GOOG
2024-11-19 00:00:00-05:00,174.3576459789536,179.2679353288625,174.23923850062837,178.68089294433594,15392900,0.0,0.0,GOOG
2024-11-20 00:00:00-05:00,177.93462841007488,178.21322527994758,174.4521523542752,176.442138671875,15729800,0.0,0.0,GOOG
2024-11-21 00:00:00-05:00,174.5765335052864,174.70090765512782,164.48232325308783,168.3926544189453,38839400,0.0,0.0,GOOG
2024-11-22 00:00:00-05:00,166.32309591322917,167.42255933958018,164.8803585585216,165.73605346679688,24497000,0.0,0.0,GOOG
2024-11-25 00:00:00-05:00,167.14890293052022,169.60653719909206,166.56184543973808,168.58168029785156,21395700,0.0,0.0,GOOG
2024-11-26 00:00:00-05:00,168.64139984017382,170.63635084555315,168.58168749606043,169.76573181152344,14937500,0.0,0.0,GOOG
2024-11-27 00:00:00-05:00,169.82542332257182,170.28312685119872,168.82048570810457,169.96473693847656,12433400,0.0,0.0,GOOG
2024-11-29 00:00:00-05:00,169.20852811877984,170.0144701194683,167.90508955644262,169.63638305664062,9250700,0.0,0.0,GOOG
2024-12-02 00:00:00-05:00,169.46723668110263,172.73081292312753,169.41748398827372,172.11390686035156,16593400,0.0,0.0,GOOG
2024-12-03 00:00:00-05:00,172.25322251301944,173.4472265307308,171.64627603755983,172.1537322998047,15721500,0.0,0.0,GOOG
2024-12-04 00:00:00-05:00,171.9149335172347,175.54665282783589,171.88508493415299,175.20835876464844,18239800,0.0,0.0,GOOG
2024-12-05 00:00:00-05:00,176.43219499752993,176.8202417239073,173.13875487391763,173.437255859375,16145500,0.0,0.0,GOOG
2024-12-06 00:00:00-05:00,173.00943595688167,175.95362070074273,172.6810863534066,175.6063690185547,13319500,0.0,0.0,GOOG
2024-12-09 00:00:00-05:00,175.033569343468,177.34954989746097,174.71978848912806,176.4132080078125,19887800,0.2,0.0,GOOG
2024-12-10 00:00:00-05:00,183.8193820434649,187.3008236666633,181.96160898980182,185.806640625,34317400,0.0,0.0,GOOG
2024-12-11 00:00:00-05:00,185.9759826785147,196.12646874446978,185.53768654697186,195.94717407226562,41664500,0.0,0.0,GOOG
2024-12-12 00:00:00-05:00,195.53876395662004,195.94219217606218,192.53047107123982,192.87911987304688,25197800,0.0,0.0,GOOG
2024-12-13 00:00:00-05:00,191.96267672150887,193.58634524081108,190.51828766622816,190.63783264160156,18883200,0.0,0.0,GOOG
2024-12-16 00:00:00-05:00,193.61127430182802,199.86193429821952,193.35725830656568,197.3915557861328,32248600,0.0,0.0,GOOG
2024-12-17 00:00:00-05:00,197.76009594579685,202.09323264899297,195.92723514612658,196.35556030273438,24129500,0.0,0.0,GOOG
2024-12-18 00:00:00-05:00,196.0667007110212,197.9194882921804,188.54597635525514,189.41259765625,27638400,0.0,0.0,GOOG
2024-12-19 00:00:00-05:00,192.53045879108183,193.8453471258527,188.78504554591882,188.96434020996094,26981200,0.0,0.0,GOOG
2024-12-20 00:00:00-05:00,186.28476260696812,193.38213158489262,185.6472451593918,192.21170043945312,45319700,0.0,0.0,GOOG
2024-12-23 00:00:00-05:00,193.2775442063514,195.72801093509787,190.88685756335263,195.22994995117188,15235900,0.0,0.0,GOOG
2024-12-24 00:00:00-05:00,195.40925307265215,196.90343608914247,194.44102235636947,196.8038330078125,6809800,0.0,0.0,GOOG
2024-12-26 00:00:00-05:00,195.9770430636019,197.3915344458099,195.1104066085955,196.3356475830078,7907900,0.0,0.0,GOOG
2024-12-27 00:00:00-05:00,195.70809046620545,196.03681255000853,191.2275326178882,193.28750610351562,14693000,0.0,0.0,GOOG
2024-12-30 00:00:00-05:00,190.12484454267624,193.02853369164805,189.62179803297198,191.94276428222656,12209500,0.0,0.0,GOOG
2024-12-31 00:00:00-05:00,191.6987065345426,192.50057745269567,188.84481151855695,189.70147705078125,14355200,0.0,0.0,GOOG
2025-01-02 00:00:00-05:00,190.7424271483995,192.45077277859082,187.97819460041782,189.8907470703125,17545200,0.0,0.0,GOOG
2025-01-03 00:00:00-05:00,191.9776295221275,193.74574009352003,190.60796169370286,192.3810577392578,12875000,0.0,0.0,GOOG
2025-01-06 00:00:00-05:00,194.3932061333201,198.78610788965761,194.3035587994232,197.19232177734375,19483300,0.0,0.0,GOOG
2025-01-07 00:00:00-05:00,197.501122029833,201.35610947838407,195.18015584206566,195.94717407226562,16966800,0.0,0.0,GOOG
2025-01-08 00:00:00-05:00,193.1978451732744,196.87353752481414,192.99862382731104,194.63226318359375,14335300,0.0,0.0,GOOG
2025-01-10 00:00:00-05:00,194.66217309499478,196.85363860906642,190.85699469140422,192.4208984375,20753800,0.0,0.0,GOOG
2025-01-13 00:00:00-05:00,190.60795433486177,191.74353282805677,187.92838367294684,191.54429626464844,13169100,0.0,0.0,GOOG
2025-01-14 00:00:00-05:00,191.75350179419556,192.52052005726506,188.90459201669714,190.3091278076172,13651200,0.0,0.0,GOOG
2025-01-15 00:00:00-05:00,193.59631966617226,197.03293757748568,192.58027095513168,196.2161102294922,12894900,0.0,0.0,GOOG
2025-01-16 00:00:00-05:00,195.06557272917394,196.21609233543538,193.54649287490568,193.65606689453125,13449600,0.0,0.0,GOOG
2025-01-17 00:00:00-05:00,197.28196603154788,198.03901328310783,194.55258626735076,196.78390502929688,22109100,0.0,0.0,GOOG
2025-01-21 00:00:00-05:00,199.73241196420346,203.04949996870735,198.66656935353225,198.8558349609375,19005200,0.0,0.0,GOOG
2025-01-22 00:00:00-05:00,199.77227542933375,201.3361791069415,198.4275046138818,199.25428771972656,15477400,0.0,0.0,GOOG
2025-01-23 00:00:00-05:00,199.20448828233938,201.15689423697205,196.05675407736828,198.80604553222656,15170800,0.0,0.0,GOOG
2025-01-24 00:00:00-05:00,199.0749968784714,201.78445005827487,199.00924333890612,201.11703491210938,12732400,0.0,0.0,GOOG
2025-01-27 00:00:00-05:00,193.43695466666185,197.8995774565055,191.95272725324895,193.01858520507812,24970200,0.0,0.0,GOOG
2025-01-28 00:00:00-05:00,193.89514224561265,196.46513884315854,191.86306004269633,196.30577087402344,15939200,0.0,0.0,GOOG
2025-01-29 00:00:00-05:00,196.6046098652269,197.6903944830283,194.43307102885743,196.41534423828125,12287800,0.0,0.0,GOOG
2025-01-30 00:00:00-05:00,198.98532725904212,202.44985164814932,198.6984497136015,201.84420776367188,14571500,0.0,0.0,GOOG
2025-01-31 00:00:00-05:00,202.92500402601587,206.2769602664651,202.79053301830598,204.80270385742188,17060300,0.0,0.0,GOOG
2025-02-03 00:00:00-05:00,201.43080161465778,204.42415301471644,200.87796121410668,201.85415649414062,16719500,0.0,0.0,GOOG
2025-02-04 00:00:00-05:00,203.7069521409136,207.89066156549822,203.4678773853658,206.90451049804688,28285400,0.0,0.0,GOOG
2025-02-05 00:00:00-05:00,192.35116316256466,193.79553701425183,189.17353156908362,192.55038452148438,43666400,0.0,0.0,GOOG
2025-02-06 00:00:00-05:00,190.24935328906002,193.07833622579454,189.7512922706371,192.5603485107422,20816600,0.0,0.0,GOOG
2025-02-07 00:00:00-05:00,191.9925655719954,192.26649305045316,184.3821938692764,186.41427612304688,29565700,0.0,0.0,GOOG
2025-02-10 00:00:00-05:00,188.32681932034947,189.25322066659953,186.88244548763515,187.47015380859375,16606000,0.0,0.0,GOOG
2025-02-11 00:00:00-05:00,186.11048466630118,188.06786100194904,185.3584075950013,186.34457397460938,13028100,0.0,0.0,GOOG
2025-02-12 00:00:00-05:00,184.51168560959832,186.10548699141967,182.91789942739342,184.71090698242188,17632300,0.0,0.0,GOOG
2025-02-13 00:00:00-05:00,185.2089477338026,187.2609717280751,184.16303184110322,187.15139770507812,12729300,0.0,0.0,GOOG
2025-02-14 00:00:00-05:00,186.10547125689223,187.4203443660532,185.38826221567163,186.1453094482422,12714200,0.0,0.0,GOOG
2025-02-18 00:00:00-05:00,186.7131072201513,187.0517850469982,182.868075751718,185.0794677734375,19796000,0.0,0.0,GOOG
2025-02-19 00:00:00-05:00,185.4629695610536,186.63341593471333,184.7806284324732,186.40431213378906,13120500,0.0,0.0,GOOG
2025-02-20 00:00:00-05:00,185.77675751385402,186.3943483049828,183.88413174771472,185.9162139892578,12063800,0.0,0.0,GOOG
2025-02-21 00:00:00-05:00,186.56368748782089,186.74299735623012,180.42758736179914,180.87583923339844,19520800,0.0,0.0,GOOG
2025-02-24 00:00:00-05:00,183.08722953293318,184.37222024540685,180.1785550709263,180.4873504638672,18734000,0.0,0.0,GOOG
2025-02-25 00:00:00-05:00,179.45637842094075,180.05902804465345,176.08451053335727,176.6821746826172,20832500,0.0,0.0,GOOG
2025-02-26 00:00:00-05:00,176.25881089274952,177.38940386719918,172.91681070904968,174.0225067138672,23637200,0.0,0.0,GOOG
2025-02-27 00:00:00-05:00,175.25770137508286,175.90517457404238,169.09369511454358,169.5499267578125,25930500,0.0,0.0,GOOG
2025-02-28 00:00:00-05:00,169.6395716969422,171.8310369544088,167.73697511811918,171.5521240234375,30049800,0.0,0.0,GOOG
2025-03-03 00:00:00-05:00,173.05628188737933,174.3213611642928,166.9899021667699,168.00595092773438,24122000,0.0,0.0,GOOG
2025-03-04 00:00:00-05:00,167.2887250456122,174.48569711486192,166.89026714029205,171.94061279296875,30711400,0.0,0.0,GOOG
2025-03-05 00:00:00-05:00,171.65175734257568,175.0684486462283,170.26713311442498,174.3114013671875,18848000,0.0,0.0,GOOG
2025-03-06 00:00:00-05:00,171.88085762667328,176.04464037532372,171.83901308441207,173.534423828125,19082400,0.0,0.0,GOOG
2025-03-07 00:00:00-05:00,172.57018119468756,176.21398520957717,171.58202373998432,175.06845092773438,16395300,0.0,0.0,GOOG
2025-03-10 00:00:00-04:00,169.69321463380882,169.98241239995258,165.11081858534763,167.3496551513672,28990700,0.2,0.0,GOOG
2025-03-11 00:00:00-04:00,166.2227654766119,168.19235385425318,162.79221467372713,165.52468872070312,23705900,0.0,0.0,GOOG
2025-03-12 00:00:00-04:00,168.00787776905614,169.06496768992824,165.02607404266914,168.5364227294922,19880100,0.0,0.0,GOOG
2025-03-13 00:00:00-04:00,167.5192068154746,167.65882217030887,163.6199439708421,164.2781219482422,15206200,0.0,0.0,GOOG
2025-03-14 00:00:00-04:00,164.86151705390753,167.78846344663302,164.05871738434496,167.16018676757812,18611100,0.0,0.0,GOOG
2025-03-17 00:00:00-04:00,166.86600146939315,167.99789774713304,165.3551579314285,166.1130828857422,17839100,0.0,0.0,GOOG
2025-03-18 00:00:00-04:00,165.504769270585,165.9834483433943,158.36440589305724,162.22378540039062,24616800,0.0,0.0,GOOG
2025-03-19 00:00:00-04:00,163.46536491130865,167.67179700457908,162.60274739553324,165.82388305664062,24955700,0.0,0.0,GOOG
2025-03-20 00:00:00-04:00,163.37559854857543,166.57180854248293,162.69248004880873,164.5972442626953,19981500,0.0,0.0,GOOG
2025-03-21 00:00:00-04:00,162.93182312599697,166.01334302891465,162.58277715435602,165.7939453125,29882100,0.0,0.0,GOOG
2025-03-24 00:00:00-04:00,168.80069800737297,170.03231095640905,166.98070710650484,169.4638671875,18742800,0.0,0.0,GOOG
2025-03-25 00:00:00-04:00,170.71042533673634,172.43569069454404,170.0821638501357,172.31600952148438,13841600,0.0,0.0,GOOG
2025-03-26 00:00:00-04:00,170.83011093308616,171.46835474384497,166.40327693916822,166.6815185546875,22498000,0.0,0.0,GOOG
2025-03-27 00:00:00-04:00,166.25270383611067,166.98069710948675,163.40054850472754,163.62991333007812,21571200,0.0,0.0,GOOG
2025-03-28 00:00:00-04:00,161.914617985198,163.36063733153796,154.91288174399585,155.63189697265625,34866500,0.0,0.0,GOOG
2025-03-31 00:00:00-04:00,154.38533444093966,156.69897769591987,151.79247569514342,155.8014373779297,33591600,0.0,0.0,GOOG
2025-04-01 00:00:00-04:00,154.87400177182084,159.64088860290096,154.82912703672736,158.44418334960938,20111400,0.0,0.0,GOOG
2025-04-02 00:00:00-04:00,156.5294429126843,159.83533661020232,156.10061455152714,158.42422485351562,17113300,0.0,0.0,GOOG
2025-04-03 00:00:00-04:00,152.41575845146545,154.2626679250501,151.7625412104826,152.21131896972656,28416100,0.0,0.0,GOOG
2025-04-04 00:00:00-04:00,149.488795280342,152.67004705701973,147.13526851271615,147.33473205566406,39832200,0.0,0.0,GOOG
2025-04-07 00:00:00-04:00,142.9966537424444,154.5049906637876,142.26866053002584,148.8306121826172,47823000,0.0,0.0,GOOG
2025-04-08 00:00:00-04:00,153.15374057783458,154.01637336006476,144.81169552004857,146.1779327392578,35304400,0.0,0.0,GOOG
2025-04-09 00:00:00-04:00,145.92860463972767,161.42597023789327,145.41002678872394,160.61819458007812,46479500,0.0,0.0,GOOG
2025-04-10 00:00:00-04:00,158.32450221012635,159.5910227518202,151.78249928810382,154.9438018798828,35270500,0.0,0.0,GOOG
2025-04-11 00:00:00-04:00,155.15823077671178,159.42149819282994,155.15823077671178,158.96275329589844,22582000,0.0,0.0,GOOG
2025-04-14 00:00:00-04:00,161.8647612161283,163.5800442613397,159.48131788958594,161.02706909179688,18255900,0.0,0.0,GOOG
2025-04-15 00:00:00-04:00,161.12680756053086,161.60548662047464,157.2125711136264,158.24472045898438,15690800,0.0,0.0,GOOG
2025-04-16 00:00:00-04:00,155.0435088076943,157.7460660903544,153.48779070570203,155.07342529296875,16921500,0.0,0.0,GOOG
2025-04-17 00:00:00-04:00,156.1804006573908,156.63914551785228,150.48605717451858,152.93931579589844,19513400,0.0,0.0,GOOG
2025-04-21 00:00:00-04:00,150.5508781432317,150.6456187622393,147.99291186389016,149.44891357421875,16147800,0.0,0.0,GOOG
2025-04-22 00:00:00-04:00,150.6556053772964,154.18588806543661,150.45614182614645,153.4778289794922,15910300,0.0,0.0,GOOG
2025-04-23 00:00:00-04:00,157.47685003131366,159.5810628232613,155.92113161014544,157.28736877441406,18575700,0.0,0.0,GOOG
2025-04-24 00:00:00-04:00,158.0901402859029,161.26641622029112,157.65633597926455,161.02706909179688,30787500,0.0,0.0,GOOG
2025-04-25 00:00:00-04:00,166.64164358154204,167.77851590370872,162.55288397155766,163.4005584716797,35148100,0.0,0.0,GOOG
2025-04-28 00:00:00-04:00,163.80940575078378,164.4975154163947,159.9400594955455,161.97445678710938,20871200,0.0,0.0,GOOG
2025-04-29 00:00:00-04:00,161.60047449610482,162.23372707882336,158.9527589395059,161.6154327392578,15955200,0.0,0.0,GOOG
2025-04-30 00:00:00-04:00,159.4214808354622,160.93132003878804,156.7238992270367,160.4486541748047,20639500,0.0,0.0,GOOG
2025-05-01 00:00:00-04:00,162.07419641613544,163.49029939480852,160.4885463727588,162.34344482421875,21904300,0.0,0.0,GOOG
2025-05-02 00:00:00-04:00,164.50251318845105,166.24272160342787,163.2110673335134,165.35516357421875,16844900,0.0,0.0,GOOG
2025-05-05 00:00:00-04:00,164.06371993062646,166.64163573828003,164.01884519571095,165.59451293945312,15309300,0.0,0.0,GOOG
2025-05-06 00:00:00-04:00,163.51025257901807,166.2826256209725,162.6825275029046,164.74684143066406,10691900,0.0,0.0,GOOG
2025-05-07 00:00:00-04:00,165.61446287344089,166.53193740752073,149.07994142713306,152.380859375,78729800,0.0,0.0,GOOG
2025-05-08 00:00:00-04:00,155.49230101963664,156.97821934560366,153.67730129276063,155.32276916503906,38387500,0.0,0.0,GOOG
2025-05-09 00:00:00-04:00,155.12330110234345,156.0008767547779,153.4080181578182,153.95651245117188,22871000,0.0,0.0,GOOG
2025-05-12 00:00:00-04:00,158.66356342699288,159.99988389080556,157.45687600004305,159.14224243164062,31884900,0.0,0.0,GOOG
2025-05-13 00:00:00-04:00,159.48131381182282,161.6154428646326,157.147736432167,160.4486541748047,24944300,0.0,0.0,GOOG
2025-05-14 00:00:00-04:00,160.8675041761217,167.87821879457485,160.48854169395702,166.3524169921875,31769200,0.0,0.0,GOOG
2025-05-15 00:00:00-04:00,166.68150616819955,167.05048632634782,163.39055558165364,164.94627380371094,22717600,0.0,0.0,GOOG
2025-05-16 00:00:00-04:00,168.46660375995745,170.18188687531853,166.4920393241564,166.97071838378906,36271400,0.0,0.0,GOOG
2025-05-19 00:00:00-04:00,165.26042792162292,167.48929776101073,164.9612478002886,167.40951538085938,21374700,0.0,0.0,GOOG
2025-05-20 00:00:00-04:00,167.2998101390324,169.2145415389476,163.809411029233,164.86651611328125,33563300,0.0,0.0,GOOG
2025-05-21 00:00:00-04:00,164.49750769501136,174.05122975671364,164.43767472114624,169.59349060058594,45567600,0.0,0.0,GOOG
2025-05-22 00:00:00-04:00,172.87447668494502,177.64136309066095,171.4085079349726,171.5082244873047,45024100,0.0,0.0,GOOG
2025-05-23 00:00:00-04:00,169.81288072069805,170.73534627167578,168.7956745596943,169.12477111816406,24963600,0.0,0.0,GOOG
2025-05-27 00:00:00-04:00,170.83010546531364,173.81189377809147,170.74035599876692,173.50274658203125,24341300,0.0,0.0,GOOG
2025-05-28 00:00:00-04:00,173.50273337610258,175.99587536996458,172.54038421853534,172.90438842773438,25999200,0.0,0.0,GOOG
2025-05-29 00:00:00-04:00,174.51994718708875,174.91884383674366,171.30877894149177,172.4855499267578,21174700,0.0,0.0,GOOG
2025-05-30 00:00:00-04:00,171.93705903868528,172.96423238805087,168.0627063952781,172.3758544921875,36258300,0.0,0.0,GOOG
2025-06-02 00:00:00-04:00,168.54637896709238,170.59275202237717,168.18736588341204,169.90264892578125,24742900,0.0,0.0,GOOG
2025-06-03 00:00:00-04:00,168.40178467639365,169.33421740320648,166.2227656610953,167.2499542236328,25386700,0.0,0.0,GOOG
2025-06-04 00:00:00-04:00,167.8183830228989,169.11481998304504,167.3347128375843,168.9253387451172,18508700,0.0,0.0,GOOG
2025-06-05 00:00:00-04:00,171.14922506717411,171.88720065454083,168.88546285033186,169.3441925048828,25375400,0.0,0.0,GOOG
2025-06-06 00:00:00-04:00,171.8273621519075,175.347677694002,171.8273621519075,174.44017028808594,22258100,0.0,0.0,GOOG
2025-06-09 00:00:00-04:00,175.59837556705574,177.6402153718793,175.38870842986094,177.3556671142578,18817600,0.21,0.0,GOOG
2025-06-10 00:00:00-04:00,177.48545436637687,182.16323144952992,176.20245055412113,179.7319793701172,32908000,0.0,0.0,GOOG
2025-06-11 00:00:00-04:00,180.9500888768485,181.46929001096765,177.72508182642224,178.51385498046875,18994400,0.0,0.0,GOOG
2025-06-12 00:00:00-04:00,177.20589265380562,177.85489792406833,175.83801337999012,176.69668579101562,17345900,0.0,0.0,GOOG
2025-06-13 00:00:00-04:00,173.3119321552168,178.06757686527797,173.3019530834781,175.60838317871094,20873200,0.0,0.0,GOOG
2025-06-16 00:00:00-04:00,175.63333085081038,177.96971329505277,175.54847065665547,177.66519165039062,18132500,0.0,0.0,GOOG
2025-06-17 00:00:00-04:00,176.72664304480134,178.43899076022245,175.66828253538915,176.95628356933594,17656100,0.0,0.0,GOOG
2025-06-18 00:00:00-04:00,177.00621028898257,177.54937648164295,172.57306491872816,173.7113037109375,32531800,0.0,0.0,GOOG
2025-06-20 00:00:00-04:00,174.5949374560243,175.09416523737374,166.01321067580938,167.470947265625,55402600,0.0,0.0,GOOG
2025-06-23 00:00:00-04:00,167.0615906478564,168.21978751200217,163.07774750177026,165.75360107421875,36975600,0.0,0.0,GOOG
2025-06-24 00:00:00-04:00,167.4260187941308,168.98860418926247,166.65222182620118,167.48094177246094,27310300,0.0,0.0,GOOG
2025-06-25 00:00:00-04:00,168.38951816341654,173.0922503887219,168.3006663473058,171.2251434326172,23627400,0.0,0.0,GOOG
2025-06-26 00:00:00-04:00,173.11721450651243,174.3802602003527,170.59612027198173,174.1605987548828,25909100,0.0,0.0,GOOG
2025-06-27 00:00:00-04:00,174.3602970998626,178.56378642226113,172.4432642772778,177.9946746826172,74053100,0.0,0.0,GOOG
2025-06-30 00:00:00-04:00,180.50578866003735,181.29955898701076,175.2289474687003,177.11602783203125,43964600,0.0,0.0,GOOG
2025-07-01 00:00:00-04:00,176.5319309802097,176.94629857639345,174.39025473688548,176.63677978515625,25778500,0.0,0.0,GOOG
2025-07-02 00:00:00-04:00,176.27234494873161,179.65710887852734,175.8180458150953,179.4823760986328,19325900,0.0,0.0,GOOG
2025-07-03 00:00:00-04:00,179.54228041184373,180.49081011668443,177.91479302544332,180.27114868164062,13287400,0.0,0.0,GOOG
2025-07-07 00:00:00-04:00,179.85678661869872,180.061471836501,176.3671893155965,177.2857666015625,20991400,0.0,0.0,GOOG
2025-07-08 00:00:00-04:00,178.50388486434102,178.51386393532042,173.65139020434393,174.8894805908203,24108600,0.0,0.0,GOOG
2025-07-09 00:00:00-04:00,175.8380260632261,180.00158431757495,173.61147421778338,177.38563537597656,31288000,0.0,0.0,GOOG
2025-07-10 00:00:00-04:00,176.397147597673,179.31263609787564,175.46859121008725,178.42401123046875,24693700,0.0,0.0,GOOG
2025-07-11 00:00:00-04:00,177.6352405535543,182.32797885559833,177.26680714406226,181.0299835205078,23975700,0.0,0.0,GOOG
2025-07-14 00:00:00-04:00,181.78880160062218,184.4446816723468,180.4318917901642,182.52764892578125,20990400,0.0,0.0,GOOG
2025-07-15 00:00:00-04:00,183.6559139606627,185.12364481924809,182.10830483087008,182.8172149658203,23911600,0.0,0.0,GOOG
2025-07-16 00:00:00-04:00,184.0353291212338,185.04876086661793,182.79723878931895,183.48617553710938,21152600,0.0,0.0,GOOG
2025-07-17 00:00:00-04:00,182.8322055265823,184.90099654275474,181.21969422278445,184.4147491455078,21654400,0.0,0.0,GOOG
2025-07-18 00:00:00-04:00,186.3317745092629,187.0706371193561,184.4446940821443,185.65283203125,21033400,0.0,0.0,GOOG
2025-07-21 00:00:00-04:00,186.8110491071922,190.96461283004993,186.7611232800799,190.8547821044922,24665000,0.0,0.0,GOOG
2025-07-22 00:00:00-04:00,192.12281223527594,193.0613628759034,188.20387121297293,191.81329345703125,26212900,0.0,0.0,GOOG
2025-07-23 00:00:00-04:00,192.06291145675814,193.06136701325298,189.88627042128354,191.21421813964844,34068100,0.0,0.0,GOOG
2025-07-24 00:00:00-04:00,197.80403178883356,198.6627041806578,191.6535418769399,192.901611328125,45252100,0.0,0.0,GOOG
2025-07-25 00:00:00-04:00,192.63202513607754,194.97340465838818,191.83327287103867,193.78025817871094,31101800,0.0,0.0,GOOG
2025-07-28 00:00:00-04:00,194.10975336639692,194.51912381149856,191.5586914318958,193.12127685546875,25553500,0.0,0.0,GOOG
2025-07-29 00:00:00-04:00,193.0014619032327,196.35627317873985,192.69194311869856,196.12661743164062,31891600,0.0,0.0,GOOG
2025-07-30 00:00:00-04:00,195.99683205679682,198.1734578933613,195.257969447984,197.13507080078125,21150500,0.0,0.0,GOOG
2025-07-31 00:00:00-04:00,196.29637850411646,196.52601902795027,191.78335489291655,192.56214904785156,27852000,0.0,0.0,GOOG
2025-08-01 00:00:00-04:00,189.4868958519525,191.32205462037308,188.40856201383838,189.65663146972656,21236700,0.0,0.0,GOOG
2025-08-04 00:00:00-04:00,190.879761333795,195.77718506278148,190.62515026857625,195.44769287109375,23386000,0.0,0.0,GOOG
2025-08-05 00:00:00-04:00,195.24299969351156,198.39312591237345,194.37434819135635,195.0183563232422,19010200,0.0,0.0,GOOG
2025-08-06 00:00:00-04:00,194.94845621765052,197.0751715243873,194.16666072818697,196.61587524414062,15383700,0.0,0.0,GOOG
2025-08-07 00:00:00-04:00,197.4046550915873,198.0636241811511,194.91849526728674,196.97531127929688,14660600,0.0,0.0,GOOG
2025-08-08 00:00:00-04:00,197.6742398490951,203.1158199439158,197.59436157107942,201.77789306640625,24379900,0.0,0.0,GOOG
2025-08-11 00:00:00-04:00,201.2437071589298,201.84778375432532,199.49142797559023,201.318603515625,16690200,0.0,0.0,GOOG
2025-08-12 00:00:00-04:00,201.78288282269472,204.81319918192554,201.0889488776854,203.84469604492188,19854000,0.0,0.0,GOOG
2025-08-13 00:00:00-04:00,204.66341595456223,205.11271790848946,198.33321137510248,202.7164306640625,19573000,0.0,0.0,GOOG
2025-08-14 00:00:00-04:00,202.2471699206443,205.1027536310835,202.0125322382486,203.50523376464844,17777100,0.0,0.0,GOOG
2025-08-15 00:00:00-04:00,204.40382737928184,207.0097970502324,201.7729024129421,204.59353637695312,21111400,0.0,0.0,GOOG
2025-08-18 00:00:00-04:00,204.75329668712357,205.82163625410575,203.0958567388613,203.9744873046875,13000200,0.0,0.0,GOOG
2025-08-19 00:00:00-04:00,203.5900845586483,203.97448447366057,200.61967310329786,202.17727661132812,13476600,0.0,0.0,GOOG
2025-08-20 00:00:00-04:00,201.36851794980555,201.85776667813298,197.15504933725106,199.88082885742188,13971700,0.0,0.0,GOOG
2025-08-21 00:00:00-04:00,200.4100017968599,203.04592387341168,200.09048870383648,200.31015014648438,11768900,0.0,0.0,GOOG
2025-08-22 00:00:00-04:00,203.6450096228341,208.9068596330031,201.81783405788252,206.40074157714844,25723700,0.0,0.0,GOOG
2025-08-25 00:00:00-04:00,206.68029226314627,210.7639716760469,205.63191092201342,208.8369598388672,22788800,0.0,0.0,GOOG
2025-08-26 00:00:00-04:00,208.04817946161637,208.13805204048316,206.13114662109604,207.6288299560547,23051000,0.0,0.0,GOOG
2025-08-27 00:00:00-04:00,206.1411457283501,209.2463431912284,206.07124652485047,207.88844299316406,15249000,0.0,0.0,GOOG
2025-08-28 00:00:00-04:00,207.51898993739863,212.57117238999064,207.2793703650841,212.0419921875,20915700,0.0,0.0,GOOG
2025-08-29 00:00:00-04:00,210.94372162932564,215.0074280520148,210.6441818983739,213.20022583007812,24682200,0.0,0.0,GOOG
2025-09-02 00:00:00-04:00,208.6672460473044,212.041025402124,206.64038235228847,211.66261291503906,28900100,0.0,0.0,GOOG
2025-09-03 00:00:00-04:00,226.13021268624902,231.44200361883648,224.77231250489172,230.7430877685547,72250300,0.0,0.0,GOOG
2025-09-04 00:00:00-04:00,229.79953838333347,232.41050515957645,226.40977748846325,232.30067443847656,32196000,0.0,0.0,GOOG
2025-09-05 00:00:00-04:00,232.3006752313413,235.76531725805415,232.02110889217334,234.80679321289062,26127700,0.0,0.0,GOOG
2025-09-08 00:00:00-04:00,235.63625103996944,238.24454985055107,233.57759666242987,234.00732421875,23128800,0.21,0.0,GOOG
2025-09-09 00:00:00-04:00,234.0373032564655,240.4331241573419,233.22783384154016,239.78355407714844,22854800,0.0,0.0,GOOG
2025-09-10 00:00:00-04:00,239.09399790914586,241.922154447817,237.95474185194615,239.40379333496094,19990100,0.0,0.0,GOOG
2025-09-11 00:00:00-04:00,239.9834190128315,242.41184249017257,236.42574270750922,240.6230010986328,21308600,0.0,0.0,GOOG
2025-09-12 00:00:00-04:00,240.64300206108857,242.2649449671254,238.34449860548148,241.22262573242188,14536600,0.0,0.0,GOOG
2025-09-15 00:00:00-04:00,244.980161745602,252.58520043798106,244.82026241003442,251.59584045410156,29935200,0.0,0.0,GOOG
2025-09-16 00:00:00-04:00,252.165483340186,253.06489044304075,249.5521828236566,251.25607299804688,24493500,0.0,0.0,GOOG
2025-09-17 00:00:00-04:00,251.2960541573909,251.7857249169014,246.41923105002894,249.68710327148438,20491300,0.0,0.0,GOOG
2025-09-18 00:00:00-04:00,251.6957867895291,253.97429899966014,249.9469277971752,252.1654815673828,21166400,0.0,0.0,GOOG
2025-09-19 00:00:00-04:00,253.23476605196709,256.5326326066914,251.90363384209934,255.07357788085938,41616800,0.0,0.0,GOOG
2025-09-22 00:00:00-04:00,254.6138734432144,256.1428746106005,250.64646080006915,252.71511840820312,20079000,0.0,0.0,GOOG
2025-09-23 00:00:00-04:00,253.48960582394037,254.6038842900218,250.92627586419746,252.1754608154297,17521100,0.0,0.0,GOOG
2025-09-24 00:00:00-04:00,251.9855865910959,252.79507126242333,247.05880837825745,247.6684112548828,16958500,0.0,0.0,GOOG
2025-09-25 00:00:00-04:00,244.68035772423693,247.1537500940936,241.49243520267595,246.40924072265625,17379800,0.0,0.0,GOOG
2025-09-26 00:00:00-04:00,247.62344586003442,249.95691488202831,246.4791881395072,247.01882934570312,16594600,0.0,0.0,GOOG
2025-09-29 00:00:00-04:00,248.11310889238666,251.48391066241172,243.04142104059784,244.20066833496094,23157200,0.0,0.0,GOOG
2025-09-30 00:00:00-04:00,242.90151883167655,243.51612333212861,239.4147952973542,243.39120483398438,22541200,0.0,0.0,GOOG
2025-10-01 00:00:00-04:00,241.02274023707793,246.98884894065887,239.0440354920674,245.37989807128906,23967700,0.0,0.0,GOOG
2025-10-02 00:00:00-04:00,245.4798394250779,247.4735337836427,242.94648861306507,246.26931762695312,20657500,0.0,0.0,GOOG
2025-10-03 00:00:00-04:00,245.0701008850218,246.95687035937326,242.31190594958701,246.289306640625,19941400,0.0,0.0,GOOG
2025-10-06 00:00:00-04:00,245.61974856895048,252.03556085596028,245.52981090927676,251.34600830078125,18309000,0.0,0.0,GOOG
2025-10-07 00:00:00-04:00,248.76768624174676,251.38598832802836,246.64907339611258,246.9688720703125,13811200,0.0,0.0,GOOG
2025-10-08 00:00:00-04:00,246.0394650074506,247.09877140655033,244.9301881605209,245.29995727539062,14136500,0.0,0.0,GOOG
2025-10-09 00:00:00-04:00,244.9002108090174,245.39488317397436,239.52371385692186,242.0520782470703,19375700,0.0,0.0,GOOG
2025-10-10 00:00:00-04:00,242.00211257865035,244.68035786865013,236.53067624153942,237.3351593017578,22449100,0.0,0.0,GOOG
2025-10-13 00:00:00-04:00,240.87283726789343,244.83026189387334,240.5930210593619,244.48048400878906,12465000,0.0,0.0,GOOG
2025-10-14 00:00:00-04:00,241.59737415880704,247.86327497207864,241.0207392770717,246.02947998046875,17705400,0.0,0.0,GOOG
2025-10-15 00:00:00-04:00,247.92324680271904,252.59518634371952,246.62907776804082,251.54588317871094,16048100,0.0,0.0,GOOG
2025-10-16 00:00:00-04:00,252.30038456613704,257.412039733801,250.5065567686617,251.7157745361328,18946000,0.0,0.0,GOOG
2025-10-17 00:00:00-04:00,251.18611550864574,254.71381258280724,248.42790538348763,253.62451171875,17653800,0.0,0.0,GOOG
2025-10-20 00:00:00-04:00,255.06359074677613,257.71187214774994,254.4340118637041,256.8524169921875,13726800,0.0,0.0,GOOG
2025-10-21 00:00:00-04:00,255.08357119414507,255.21349131081692,244.5104677649344,251.17611694335938,27836400,0.0,0.0,GOOG
2025-10-22 00:00:00-04:00,254.8437198779537,257.0123031390601,250.2877020062622,252.36534118652344,19650200,0.0,0.0,GOOG
2025-10-23 00:00:00-04:00,253.53458071688394,255.69317602396845,252.60319681232596,253.56455993652344,13241300,0.0,0.0,GOOG
2025-10-24 00:00:00-04:00,257.1322199898904,262.3388448619566,255.933020726793,260.34014892578125,18406000,0.0,0.0,GOOG
2025-10-27 00:00:00-04:00,265.1869701320579,270.6234256814365,264.7672610515648,269.7539978027344,22987700,0.0,0.0,GOOG
2025-10-28 00:00:00-04:00,270.0238398308567,271.2030631428179,266.9958166328353,268.2549743652344,20101200,0.0,0.0,GOOG
2025-10-29 00:00:00-04:00,268.4348496955852,275.790066781071,268.25497437633226,274.9906005859375,26287900,0.0,0.0,GOOG
2025-10-30 00:00:00-04:00,291.5297909040995,291.73964543835973,280.26715026616273,281.7161865234375,48570000,0.0,0.0,GOOG
2025-10-31 00:00:00-04:00,283.0203372294134,286.09834615146855,277.34206555342627,281.6362609863281,29932800,0.0,0.0,GOOG
2025-11-03 00:00:00-05:00,282.23588008942727,285.75357412647895,280.1871983580786,283.93475341796875,19691800,0.0,0.0,GOOG
2025-11-04 00:00:00-05:00,276.88434628169716,281.65024916844396,276.6844644896837,277.8786926269531,18123700,0.0,0.0,GOOG
2025-11-05 00:00:00-05:00,279.19783739958865,286.51307177195645,277.69881546251395,284.5643310546875,20063200,0.0,0.0,GOOG
2025-11-06 00:00:00-05:00,285.5486926715029,288.62170004085374,281.4363853167139,285.1539611816406,23103800,0.0,0.0,GOOG
2025-11-07 00:00:00-05:00,284.02467776243657,284.3144972128298,275.56019924413687,279.51763916015625,21991100,0.0,0.0,GOOG
2025-11-10 00:00:00-05:00,285.0790032414487,291.26994051890455,283.35512195449274,290.4005126953125,19508200,0.0,0.0,GOOG
2025-11-11 00:00:00-05:00,288.01210422755497,292.14938906618625,287.6923055498566,291.5497741699219,14156700,0.0,0.0,GOOG
2025-11-12 00:00:00-05:00,291.8945478823368,292.16936247888566,284.1945850710095,287.2425842285156,16998800,0.0,0.0,GOOG
2025-11-13 00:00:00-05:00,282.8004891969117,283.3251713137129,277.8187538786583,278.9380187988281,18060200,0.0,0.0,GOOG
2025-11-14 00:00:00-05:00,271.7177016420648,278.96797594579846,271.2330325220686,276.7994079589844,18330500,0.0,0.0,GOOG
2025-11-17 00:00:00-05:00,286.2132540229553,294.32795470266535,284.04468599528104,285.4137878417969,34286100,0.0,0.0,GOOG
2025-11-18 00:00:00-05:00,288.2968960757756,289.246288884512,278.8280980775343,284.7742004394531,29702200,0.0,0.0,GOOG
2025-11-19 00:00:00-05:00,287.4974165660577,304.05161802852626,287.482442205392,292.7989501953125,43123600,0.0,0.0,GOOG
2025-11-20 00:00:00-05:00,304.5413108694683,306.68993354598797,288.98148512013125,289.79095458984375,34801400,0.0,0.0,GOOG
2025-11-21 00:00:00-05:00,296.6764341573702,303.7618077764989,294.1680609326802,299.4546203613281,43670600,0.0,0.0,GOOG
2025-11-24 00:00:00-05:00,310.8072320588326,319.5914790436659,309.19826591579596,318.2623596191406,55311800,0.0,0.0,GOOG
2025-11-25 00:00:00-05:00,326.5868982838347,328.4557045708052,317.6087780037563,323.4289855957031,50899300,0.0,0.0,GOOG
2025-11-26 00:00:00-05:00,320.57084097778153,324.7780873971327,316.99318865990756,320.0711669921875,29839600,0.0,0.0,GOOG
2025-11-28 00:00:00-05:00,323.21912492867204,326.6668878195667,316.73336599519826,319.9112854003906,19695800,0.0,0.0,GOOG
2025-12-01 00:00:00-05:00,317.26799565865406,319.42158926511087,313.77527946257874,314.9145202636719,28520600,0.0,0.0,GOOG
2025-12-02 00:00:00-05:00,316.6933654189159,318.39226916605145,314.0151201802352,315.8139343261719,24668200,0.0,0.0,GOOG
2025-12-03 00:00:00-05:00,315.82394606355047,321.83003728081405,314.07508706995475,320.41094970703125,32285100,0.0,0.0,GOOG
2025-12-04 00:00:00-05:00,322.83439794428057,322.88834834302395,315.38424129791457,318.18243408203125,20831600,0.0,0.0,GOOG
2025-12-05 00:00:00-05:00,319.79134083015884,323.61883002174113,319.77136485052137,321.8799743652344,15719900,0.0,0.0,GOOG
2025-12-08 00:00:00-05:00,321.0299987792969,321.2300109863281,311.9100036621094,314.45001220703125,22006900,0.21,0.0,GOOG
2025-12-09 00:00:00-05:00,313.1000061035156,318.7090148925781,312.6199951171875,317.75,14151300,0.0,0.0,GOOG
2025-12-10 00:00:00-05:00,316.6199951171875,321.8699951171875,315.3999938964844,321.0,22764500,0.0,0.0,GOOG
2025-12-11 00:00:00-05:00,321.1000061035156,321.989990234375,309.8800048828125,313.70001220703125,25912100,0.0,0.0,GOOG
2025-12-12 00:00:00-05:00,314.7950134277344,316.1400146484375,306.9599914550781,310.5199890136719,21264800,0.0,0.0,GOOG
2025-12-15 00:00:00-05:00,312.625,312.70001220703125,305.739990234375,309.32000732421875,22028900,0.0,0.0,GOOG
2025-12-16 00:00:00-05:00,306.0,311.8450012207031,303.8299865722656,307.7300109863281,21285200,0.0,0.0,GOOG
2025-12-17 00:00:00-05:00,309.010009765625,309.19500732421875,297.45001220703125,298.05999755859375,29120400,0.0,0.0,GOOG
2025-12-18 00:00:00-05:00,303.05999755859375,305.260009765625,300.6300048828125,303.75,21040500,0.0,0.0,GOOG
2025-12-19 00:00:00-05:00,303.2699890136719,308.989990234375,302.3399963378906,308.6099853515625,45234400,0.0,0.0,GOOG
2025-12-22 00:00:00-05:00,311.2250061035156,311.70001220703125,306.5899963378906,311.3299865722656,14091400,0.0,0.0,GOOG
2025-12-23 00:00:00-05:00,311.135009765625,316.29998779296875,310.75,315.67999267578125,13961400,0.0,0.0,GOOG
2025-12-24 00:00:00-05:00,316.1499938964844,316.2900085449219,313.32000732421875,315.6700134277344,6138200,0.0,0.0,GOOG
2025-12-26 00:00:00-05:00,315.9200134277344,316.55999755859375,313.7200012207031,314.9599914550781,6730900,0.0,0.0,GOOG
2025-12-29 00:00:00-05:00,312.82000732421875,314.9700012207031,311.8999938964844,314.3900146484375,12317700,0.0,0.0,GOOG
2025-12-30 00:00:00-05:00,313.4100036621094,317.70001220703125,313.25,314.54998779296875,11052500,0.0,0.0,GOOG
2025-12-31 00:00:00-05:00,313.3699951171875,315.3900146484375,312.20001220703125,313.79998779296875,10821500,0.0,0.0,GOOG
2026-01-02 00:00:00-05:00,317.5899963378906,322.91400146484375,310.6499938964844,315.32000732421875,22043700,0.0,0.0,GOOG
2026-01-05 00:00:00-05:00,317.69500732421875,319.25,315.2489929199219,317.32000732421875,19934000,0.0,0.0,GOOG
2026-01-06 00:00:00-05:00,317.30999755859375,321.55999755859375,312.3399963378906,314.54998779296875,18989900,0.0,0.0,GOOG
2026-01-07 00:00:00-05:00,314.57000732421875,326.4649963378906,314.5,322.42999267578125,24681800,0.0,0.0,GOOG
2026-01-08 00:00:00-05:00,329.2650146484375,330.5400085449219,321.989990234375,326.010009765625,21789600,0.0,0.0,GOOG
2026-01-09 00:00:00-05:00,327.489990234375,331.4800109863281,326.25,329.1400146484375,17917700,0.0,0.0,GOOG
2026-01-12 00:00:00-05:00,326.5,334.44000244140625,325.510009765625,332.7300109863281,23893800,0.0,0.0,GOOG
2026-01-13 00:00:00-05:00,335.2799987792969,341.20001220703125,334.3500061035156,336.42999267578125,24616700,0.0,0.0,GOOG
2026-01-14 00:00:00-05:00,334.9849853515625,337.0299987792969,331.1400146484375,336.30999755859375,17839300,0.0,0.0,GOOG
2026-01-15 00:00:00-05:00,338.05499267578125,338.1300048828125,331.2900085449219,333.1600036621094,16424900,0.0,0.0,GOOG
2026-01-16 00:00:00-05:00,334.93499755859375,335.239990234375,328.1700134277344,330.3399963378906,21868600,0.0,0.0,GOOG
2026-01-20 00:00:00-05:00,321.239990234375,328.0899963378906,320.8900146484375,322.1600036621094,27169900,0.0,0.0,GOOG
2026-01-21 00:00:00-05:00,321.0950012207031,332.7250061035156,319.5400085449219,328.3800048828125,22791700,0.0,0.0,GOOG
2026-01-22 00:00:00-05:00,334.2650146484375,335.2099914550781,328.8800048828125,330.8399963378906,19902100,0.0,0.0,GOOG
2026-01-23 00:00:00-05:00,332.6549987792969,334.0299987792969,327.9700012207031,328.42999267578125,19110600,0.0,0.0,GOOG
2026-01-26 00:00:00-05:00,328.20001220703125,336.3500061035156,327.489990234375,333.5899963378906,18502500,0.0,0.0,GOOG
2026-01-27 00:00:00-05:00,335.6300048828125,338.2149963378906,333.75,335.0,16080900,0.0,0.0,GOOG
2026-01-28 00:00:00-05:00,336.6099853515625,337.6300048828125,332.1300048828125,336.2799987792969,17538500,0.0,0.0,GOOG
2026-01-29 00:00:00-05:00,340.3500061035156,342.2900085449219,326.7200012207031,338.6600036621094,24548300,0.0,0.0,GOOG
2026-01-30 00:00:00-05:00,334.4599914550781,340.2900085449219,332.6400146484375,338.5299987792969,21720800,0.0,0.0,GOOG
