date,open,high,low,close,volume,dividends,stock_splits,symbol
2012-05-18 00:00:00-04:00,41.7583025202686,44.687839417507796,37.73639773033992,37.96480178833008,573576400,0.0,0.0,META
2012-05-21 00:00:00-04:00,36.27659964576322,36.40569893016316,32.77108755307844,33.793941497802734,168192700,0.0,0.0,META
2012-05-22 00:00:00-04:00,32.383790175603224,33.35699161546748,30.725374626638857,30.784957885742188,101786600,0.0,0.0,META
2012-05-23 00:00:00-04:00,31.152390036721727,32.27455049753189,31.142459178505305,31.778018951416016,73600000,0.0,0.0,META
2012-05-24 00:00:00-04:00,32.721429725047805,32.97962446282299,31.549614970349158,32.800872802734375,50237200,0.0,0.0,META
2012-05-25 00:00:00-04:00,32.67178054378367,32.721432945754344,30.894196520291167,31.68864631652832,37149800,0.0,0.0,META
2012-05-29 00:00:00-04:00,31.261628349709188,31.47017260176927,28.451259635252747,28.639942169189453,78063400,0.0,0.0,META
2012-05-30 00:00:00-04:00,28.500915912840963,29.345018156498437,27.666742634818057,27.99445343017578,57267900,0.0,0.0,META
2012-05-31 00:00:00-04:00,28.351951172013045,29.46418269408395,26.64388329631165,29.394668579101562,111639200,0.0,0.0,META
2012-06-01 00:00:00-04:00,28.68959193961696,28.947788569191818,27.19999731107415,27.527708053588867,41855500,0.0,0.0,META
2012-06-04 00:00:00-04:00,27.01131612838842,27.458193371213287,26.256587971617723,26.713396072387695,35230300,0.0,0.0,META
2012-06-05 00:00:00-04:00,26.514786454464442,27.567432846906506,25.57137571884075,25.69054412841797,42473400,0.0,0.0,META
2012-06-06 00:00:00-04:00,25.889156908501278,26.981526789922295,25.342972914849625,26.6240234375,61489200,0.0,0.0,META
2012-06-07 00:00:00-04:00,26.812705102509298,27.1602775845135,25.968601044532697,26.127490997314453,26159500,0.0,0.0,META
2012-06-08 00:00:00-04:00,26.365824355377466,27.567431682569417,26.256588703172767,26.912010192871094,38034000,0.0,0.0,META
2012-06-11 00:00:00-04:00,26.9914545409212,27.875280066948473,26.653812945651065,26.822633743286133,28219600,0.0,0.0,META
2012-06-12 00:00:00-04:00,27.289373484666633,27.57736269232864,26.77298021900082,27.209928512573242,15816800,0.0,0.0,META
2012-06-13 00:00:00-04:00,27.468125535399363,27.905073835175585,26.91201072284989,27.08083152770996,17102800,0.0,0.0,META
2012-06-14 00:00:00-04:00,27.45819592071798,28.123548311878448,27.19006841365682,28.09375762939453,16855000,0.0,0.0,META
2012-06-15 00:00:00-04:00,28.31222807213062,29.891198489296286,28.153338134036243,29.801822662353516,43563800,0.0,0.0,META
2012-06-18 00:00:00-04:00,29.75216789014614,31.85746427103185,29.205983973573243,31.192110061645508,42978900,0.0,0.0,META
2012-06-19 00:00:00-04:00,31.32121399606278,31.956773833052505,30.48704076295491,31.68864631652832,30849000,0.0,0.0,META
2012-06-20 00:00:00-04:00,31.69857441597449,31.70850527432756,30.93391536984613,31.380794525146484,15553600,0.0,0.0,META
2012-06-21 00:00:00-04:00,31.450310275706837,32.27455262071737,31.291420322026564,31.619131088256836,21875300,0.0,0.0,META
2012-06-22 00:00:00-04:00,32.18517612961737,33.21796270162605,31.83760554684292,32.820735931396484,74834000,0.0,0.0,META
2012-06-25 00:00:00-04:00,32.63205620431654,32.7909461591691,31.331142094549364,31.83760643005371,24352900,0.0,0.0,META
2012-06-26 00:00:00-04:00,32.463228532491854,33.208025792271364,32.27454792377889,32.870384216308594,24858700,0.0,0.0,META
2012-06-27 00:00:00-04:00,32.23483185546349,32.67178210545622,31.678716971515847,32.00642776489258,28568000,0.0,0.0,META
2012-06-28 00:00:00-04:00,31.738296222648113,31.966700284340234,30.685649851882946,31.142459869384766,17713300,0.0,0.0,META
2012-06-29 00:00:00-04:00,31.698573505343703,31.768087617700644,30.546620487126496,30.884262084960938,19526900,0.0,0.0,META
2012-07-02 00:00:00-04:00,31.033222733562184,31.509892580161473,30.33807778668335,30.55655288696289,14122000,0.0,0.0,META
2012-07-03 00:00:00-04:00,30.695584664166294,31.221908864402597,30.586347101409103,30.98357391357422,8763600,0.0,0.0,META
2012-07-05 00:00:00-04:00,31.102736544099283,31.41058558024122,30.80481836642871,31.25169563293457,10032100,0.0,0.0,META
2012-07-06 00:00:00-04:00,31.2219041977642,31.678712311711486,31.043152537830903,31.509891510009766,10945600,0.0,0.0,META
2012-07-09 00:00:00-04:00,31.87732807077374,32.65191996381857,31.768092403806,31.946842193603516,17785200,0.0,0.0,META
2012-07-10 00:00:00-04:00,32.20503721089205,32.25468960913129,30.943846596792632,31.25169563293457,14269500,0.0,0.0,META
2012-07-11 00:00:00-04:00,31.261627534327836,31.34107251063153,30.338078500973843,30.755165100097656,13030300,0.0,0.0,META
2012-07-12 00:00:00-04:00,30.48703967034565,31.182182743610856,30.387732975845577,30.596275329589844,11300700,0.0,0.0,META
2012-07-13 00:00:00-04:00,30.82468067483334,30.85447135670147,30.348008929649463,30.506898880004883,8108300,0.0,0.0,META
2012-07-16 00:00:00-04:00,30.28842531052311,30.28842531052311,28.014309845245094,28.054033279418945,24672100,0.0,0.0,META
2012-07-17 00:00:00-04:00,28.282437523988904,28.391675074546267,26.961663635164157,27.895143508911133,30438600,0.0,0.0,META
2012-07-18 00:00:00-04:00,28.11361422480672,29.08681744674701,27.954724289411864,28.908065795898438,16841800,0.0,0.0,META
2012-07-19 00:00:00-04:00,29.205987688004953,29.29536352486446,28.431397733261765,28.798831939697266,13685100,0.0,0.0,META
2012-07-20 00:00:00-04:00,28.798828373309505,29.265567323684312,28.520770038167687,28.56049346923828,11869100,0.0,0.0,META
2012-07-23 00:00:00-04:00,27.92493303396787,28.798827660602072,27.81569549534457,28.550561904907227,12390700,0.0,0.0,META
2012-07-24 00:00:00-04:00,28.620077772864263,29.245708576381716,27.905073034390405,28.25264549255371,11539800,0.0,0.0,META
2012-07-25 00:00:00-04:00,28.193061960637937,29.2854317943199,27.885212917348948,29.136472702026367,17230200,0.0,0.0,META
2012-07-26 00:00:00-04:00,27.55750430503143,28.034174195178842,26.544579367879845,26.663747787475586,64597400,0.0,0.0,META
2012-07-27 00:00:00-04:00,23.029135103256458,24.36977074182211,22.125447783404145,23.5455265045166,123102300,0.0,0.0,META
2012-07-30 00:00:00-04:00,23.83351639211694,23.873239828613634,22.87024578648459,22.989412307739258,29285900,0.0,0.0,META
2012-07-31 00:00:00-04:00,23.207887166849723,23.207887166849723,21.460095756549574,21.55940055847168,56179400,0.0,0.0,META
2012-08-01 00:00:00-04:00,21.350856977804142,21.430301951259175,20.695435473270724,20.735157012939453,44604400,0.0,0.0,META
2012-08-02 00:00:00-04:00,20.625925290207984,20.695439418468005,19.682514393232996,19.900989532470703,56374500,0.0,0.0,META
2012-08-03 00:00:00-04:00,20.21876886950077,22.006282005472944,19.76195877841231,20.94370460510254,80647000,0.0,0.0,META
2012-08-06 00:00:00-04:00,21.241618323029712,21.99634647861516,21.152242495781604,21.767942428588867,27778900,0.0,0.0,META
2012-08-07 00:00:00-04:00,22.046004148714253,22.29426995266771,20.357795924183627,20.576269149780273,36782900,0.0,0.0,META
2012-08-08 00:00:00-04:00,20.566338290328,21.003286635639064,20.079737541873357,20.576269149780273,29537400,0.0,0.0,META
2012-08-09 00:00:00-04:00,20.60605927251491,21.02314584921726,20.467031044986637,20.864255905151367,15610700,0.0,0.0,META
2012-08-10 00:00:00-04:00,21.26148365817612,21.66863943200771,20.98342527116912,21.658708572387695,25794700,0.0,0.0,META
2012-08-13 00:00:00-04:00,21.996348779351383,22.294268866045577,21.251551403792412,21.450164794921875,24973100,0.0,0.0,META
2012-08-14 00:00:00-04:00,21.261482222481455,21.450164754285222,20.10952910199533,20.23862648010254,39308800,0.0,0.0,META
2012-08-15 00:00:00-04:00,20.49682176197079,21.261480802965398,20.258486845449912,21.05293846130371,47861100,0.0,0.0,META
2012-08-16 00:00:00-04:00,20.29821200184021,20.337933544240464,19.55341461418779,19.732166290283203,157565300,0.0,0.0,META
2012-08-17 00:00:00-04:00,19.87119602179549,19.940710146803358,18.86820190382437,18.91785430908203,129293400,0.0,0.0,META
2012-08-20 00:00:00-04:00,18.91785136764548,19.990359443865863,18.61993319418553,19.871192932128906,101186600,0.0,0.0,META
2012-08-21 00:00:00-04:00,19.44417667731866,19.841401564135232,18.957575954203644,19.027090072631836,70640600,0.0,0.0,META
2012-08-22 00:00:00-04:00,19.225705997880166,19.39452683379982,18.828479164574212,19.305150985717773,49892200,0.0,0.0,META
2012-08-23 00:00:00-04:00,19.364734253066498,19.59313835633488,19.225705997880166,19.305150985717773,32813700,0.0,0.0,META
2012-08-24 00:00:00-04:00,19.384595767482896,19.543485741468995,19.116468226087147,19.275358200073242,29622200,0.0,0.0,META
2012-08-27 00:00:00-04:00,19.354802064313084,19.39452550256424,18.967508011953257,19.017160415649414,20704000,0.0,0.0,META
2012-08-28 00:00:00-04:00,18.96750425713188,19.245560693374554,18.818545181413672,19.205839157104492,25417000,0.0,0.0,META
2012-08-29 00:00:00-04:00,19.18598154757059,19.245564811784774,18.93771573687404,18.96750831604004,16124700,0.0,0.0,META
2012-08-30 00:00:00-04:00,19.136328431825568,19.31508011194215,18.927784173650302,18.957576751708984,30647500,0.0,0.0,META
2012-08-31 00:00:00-04:00,18.550421014964595,18.570282733698363,17.90493030905909,17.934720993041992,58764200,0.0,0.0,META
2012-09-04 00:00:00-04:00,17.954584327695578,18.14326688441239,17.428260098587796,17.607011795043945,46622400,0.0,0.0,META
2012-09-05 00:00:00-04:00,18.143263709455066,18.619933553845282,18.0538878768672,18.451112747192383,60781800,0.0,0.0,META
2012-09-06 00:00:00-04:00,18.610000861182346,19.12639408876987,18.590139146094195,18.828474044799805,46066500,0.0,0.0,META
2012-09-07 00:00:00-04:00,18.967503659402905,19.285283516018755,18.64972380278705,18.84833526611328,36371700,0.0,0.0,META
2012-09-10 00:00:00-04:00,18.927781606419114,19.066811724384802,18.42131921282104,18.679515838623047,24797800,0.0,0.0,META
2012-09-11 00:00:00-04:00,18.788755074824284,19.444176609308577,18.719240956639233,19.295217514038086,50508200,0.0,0.0,META
2012-09-12 00:00:00-04:00,20.61599021685791,21.013215078681103,20.139320382670082,20.78481101989746,121584000,0.0,0.0,META
2012-09-13 00:00:00-04:00,20.81460338089376,21.330996690006653,20.467032782565564,20.56633758544922,65041600,0.0,0.0,META
2012-09-14 00:00:00-04:00,20.983421618474576,21.926832282855685,20.75501756932714,21.847387313842773,72819800,0.0,0.0,META
2012-09-17 00:00:00-04:00,22.5127441875793,22.592189172641458,21.3508600972216,21.3707218170166,50667600,0.0,0.0,META
2012-09-18 00:00:00-04:00,21.45016095978073,21.827524062515575,21.221756926701293,21.71828842163086,36760500,0.0,0.0,META
2012-09-19 00:00:00-04:00,21.837459471880397,23.20788774426713,21.61898625045135,23.128442764282227,78782800,0.0,0.0,META
2012-09-20 00:00:00-04:00,22.86031365153248,23.07878685771825,22.383643804881206,22.43329620361328,57248900,0.0,0.0,META
2012-09-21 00:00:00-04:00,22.810657384249822,23.078784860076826,22.443225119554242,22.7014217376709,51218100,0.0,0.0,META
2012-09-24 00:00:00-04:00,21.628914698719818,21.82752617948381,20.218765040590135,20.645782470703125,79106500,0.0,0.0,META
2012-09-25 00:00:00-04:00,21.052938502372868,21.062867466561087,20.079735223700542,20.139320373535156,46291700,0.0,0.0,META
2012-09-26 00:00:00-04:00,20.01022214918291,20.635852996124225,19.662649666895245,20.47696304321289,38271900,0.0,0.0,META
2012-09-27 00:00:00-04:00,20.84439322926097,20.85432408707272,20.020150972060414,20.179040908813477,30215900,0.0,0.0,META
2012-09-28 00:00:00-04:00,20.427307623146,21.797735759114953,20.357793509343633,21.509746551513672,65486000,0.0,0.0,META
2012-10-01 00:00:00-04:00,21.926831573524627,22.433293944891975,21.579259135043028,21.83745574951172,51262700,0.0,0.0,META
2012-10-02 00:00:00-04:00,21.9268341349604,22.33398987230768,21.66863749032985,22.115516662597656,29341400,0.0,0.0,META
2012-10-03 00:00:00-04:00,22.1453088204147,22.3339913606256,21.648777215525424,21.678569793701172,32000100,0.0,0.0,META
2012-10-04 00:00:00-04:00,22.165169430108758,22.244614407151104,21.261482105957953,21.79773712158203,46892100,0.0,0.0,META
2012-10-05 00:00:00-04:00,21.340928295750306,21.479956539945615,20.735159127554578,20.764951705932617,40529300,0.0,0.0,META
2012-10-08 00:00:00-04:00,20.258485794067383,20.606058239582627,20.0201508899157,20.258485794067383,32236700,0.0,0.0,META
2012-10-09 00:00:00-04:00,20.248556313485036,20.407446260392923,19.831469729322436,20.08966636657715,27161800,0.0,0.0,META
2012-10-10 00:00:00-04:00,19.79174666724818,19.801677524930724,19.31507686319056,19.50375747680664,39321800,0.0,0.0,META
2012-10-11 00:00:00-04:00,19.74209635000885,19.821541333332352,19.473970715115673,19.612998962402344,21817300,0.0,0.0,META
2012-10-12 00:00:00-04:00,19.61299418356393,19.6626465757488,19.344866719884006,19.38459014892578,18809400,0.0,0.0,META
2012-10-15 00:00:00-04:00,19.543480076858177,19.742091539714995,19.35479757714445,19.38459014892578,20189700,0.0,0.0,META
2012-10-16 00:00:00-04:00,19.54348300033184,19.553413859077825,19.166117944455046,19.34486961364746,21834700,0.0,0.0,META
2012-10-17 00:00:00-04:00,19.36473088681641,20.337932292181016,19.235633514316042,19.742094039916992,44074500,0.0,0.0,META
2012-10-18 00:00:00-04:00,19.563341837616303,19.652717659054183,18.758959444675405,18.84833526611328,52157400,0.0,0.0,META
2012-10-19 00:00:00-04:00,18.86819839477539,18.927781648827047,18.669585022446547,18.86819839477539,34835000,0.0,0.0,META
2012-10-22 00:00:00-04:00,19.066813325297716,19.29521739625946,18.917852336818825,19.18597984313965,32447300,0.0,0.0,META
2012-10-23 00:00:00-04:00,19.116466937920986,19.662650949928764,18.967507834111387,19.36473274230957,78381200,0.0,0.0,META
2012-10-24 00:00:00-04:00,23.9626116940018,24.081780099037623,22.691492142246588,23.06885528564453,228949900,0.0,0.0,META
2012-10-25 00:00:00-04:00,23.128440933840082,23.148300756676253,22.314127585794445,22.40350341796875,76142000,0.0,0.0,META
2012-10-26 00:00:00-04:00,22.244613686924716,22.721283533745385,21.728220405810195,21.787805557250977,73175800,0.0,0.0,META
2012-10-31 00:00:00-04:00,20.675572812271188,21.35085600286238,20.586196984450737,20.96356201171875,99378200,0.0,0.0,META
2012-11-01 00:00:00-04:00,20.933770744551715,21.291274078151034,20.864256628377984,21.062868118286133,37713900,0.0,0.0,META
2012-11-02 00:00:00-04:00,21.11252412858749,21.539541613093,20.92384158782785,21.033079147338867,38344400,0.0,0.0,META
2012-11-05 00:00:00-05:00,20.953633370838702,21.330996543918186,20.77488169628401,21.10259246826172,31806700,0.0,0.0,META
2012-11-06 00:00:00-05:00,21.092661702504817,21.221760976528707,20.84439590766255,21.023147583007812,29062700,0.0,0.0,META
2012-11-07 00:00:00-05:00,20.705368004677577,20.804674703049585,20.228698125433223,20.3280029296875,33396800,0.0,0.0,META
2012-11-08 00:00:00-05:00,20.377655850786713,20.586198198588903,19.84140085223662,19.85133171081543,34254600,0.0,0.0,META
2012-11-09 00:00:00-05:00,19.82153953356673,19.86126296868056,18.997297196131193,19.07674217224121,42295500,0.0,0.0,META
2012-11-12 00:00:00-05:00,19.01715844620409,20.030083287295085,18.739101983713095,19.930776596069336,67349200,0.0,0.0,META
2012-11-13 00:00:00-05:00,19.473968938945166,19.970500512959127,19.42431464507319,19.72223472595215,71775100,0.0,0.0,META
2012-11-14 00:00:00-05:00,19.960570118175312,22.343921350020644,19.79174930332156,22.204893112182617,229751000,0.0,0.0,META
2012-11-15 00:00:00-05:00,22.185031370705453,22.343921326385892,21.49981725301,22.016210556030273,78857700,0.0,0.0,META
2012-11-16 00:00:00-05:00,22.09565604577313,23.76400251318697,22.026141925317173,23.396568298339844,107182200,0.0,0.0,META
2012-11-19 00:00:00-05:00,23.793791992540744,23.95268383797849,22.661700615855477,22.76100730895996,85021300,0.0,0.0,META
2012-11-20 00:00:00-05:00,22.57232599217075,23.734210007341886,22.54253530852388,22.939760208129883,46655300,0.0,0.0,META
2012-11-21 00:00:00-05:00,23.0589249004629,24.359838947813788,22.89010409476716,24.151294708251953,89862400,0.0,0.0,META
2012-11-23 00:00:00-05:00,24.409491708013167,24.508798400033506,23.714346757988398,23.833515167236328,29520900,0.0,0.0,META
2012-11-26 00:00:00-05:00,24.766992511474093,25.90901461774642,24.637893256800993,25.760055541992188,123865000,0.0,0.0,META
2012-11-27 00:00:00-05:00,25.85936746665145,26.31617564412769,25.283388973823115,25.968603134155273,85760600,0.0,0.0,META
2012-11-28 00:00:00-05:00,25.760058409265532,26.306242379197585,25.57137588211254,26.17714500427246,49205600,0.0,0.0,META
2012-11-29 00:00:00-05:00,26.31617403732651,27.329098926559016,25.97853240758234,27.13048553466797,88759700,0.0,0.0,META
2012-11-30 00:00:00-05:00,27.07090244270681,27.805768966674805,26.574370854016188,27.805768966674805,127049600,0.0,0.0,META
2012-12-03 00:00:00-05:00,27.805766174301752,28.679660849225247,26.792841380506843,26.852426528930664,123526100,0.0,0.0,META
2012-12-04 00:00:00-05:00,26.872289189662702,27.567434175100285,26.494926013702504,27.269514083862305,72869200,0.0,0.0,META
2012-12-05 00:00:00-05:00,27.55749992084262,27.70645900105071,27.070899248633552,27.517776489257812,58976300,0.0,0.0,META
2012-12-06 00:00:00-05:00,27.487989048782236,27.557503168129497,26.63395411024687,26.782913208007812,46001500,0.0,0.0,META
2012-12-07 00:00:00-05:00,26.882218375677965,27.58729417635251,26.653814312493395,27.299304962158203,51751900,0.0,0.0,META
2012-12-10 00:00:00-05:00,26.981526787072283,27.974589971146912,26.912012667245893,27.646879196166992,50608500,0.0,0.0,META
2012-12-11 00:00:00-05:00,27.87528167096934,28.044102478318823,27.468125940441336,27.785905838012695,77099100,0.0,0.0,META
2012-12-12 00:00:00-05:00,27.805766071227644,27.944794295466185,27.180137168036723,27.38867950439453,46704200,0.0,0.0,META
2012-12-13 00:00:00-05:00,27.39861107894864,28.550564123352775,27.239721134487212,28.04410171508789,81051600,0.0,0.0,META
2012-12-14 00:00:00-05:00,27.984520833237735,28.133479932041123,26.574371035938107,26.6240234375,91631600,0.0,0.0,META
2012-12-17 00:00:00-05:00,26.584297673980473,26.812701715487187,26.137418554408722,26.564435958862305,57742500,0.0,0.0,META
2012-12-18 00:00:00-05:00,26.772979194099904,27.71638985894691,26.713395940840165,27.517776489257812,60512900,0.0,0.0,META
2012-12-19 00:00:00-05:00,27.636948601317478,28.024242640692513,26.763053824386756,27.21986198425293,61390300,0.0,0.0,META
2012-12-20 00:00:00-05:00,27.299305351421662,27.408542902379555,26.941802016735902,27.170207977294922,35574800,0.0,0.0,META
2012-12-21 00:00:00-05:00,26.47506378423434,26.822636270241567,25.93881066094925,26.077838897705078,54555200,0.0,0.0,META
2012-12-24 00:00:00-05:00,26.31617143359806,26.77297953798601,26.01825326935527,26.743188858032227,28230100,0.0,0.0,META
2012-12-26 00:00:00-05:00,26.842500370526285,26.991459479431043,26.197007741742617,26.326107025146484,33175400,0.0,0.0,META
2012-12-27 00:00:00-05:00,26.36582282306961,26.61408858183342,25.342969109197867,25.869291305541992,43481700,0.0,0.0,META
2012-12-28 00:00:00-05:00,25.303247229392905,25.92887804052683,24.97553648350479,25.73026466369629,56574800,0.0,0.0,META
2012-12-31 00:00:00-05:00,26.01825429844046,26.802773172172106,25.928878466809095,26.435340881347656,60374500,0.0,0.0,META
2013-01-02 00:00:00-05:00,27.249654117694263,27.98452064166226,27.22979239955839,27.805768966674805,69846400,0.0,0.0,META
2013-01-03 00:00:00-05:00,27.6865977108493,28.27250507690933,27.39861040390246,27.577362060546875,63140600,0.0,0.0,META
2013-01-04 00:00:00-05:00,27.815696183721656,28.729314263053414,27.636944532138873,28.56049346923828,72715400,0.0,0.0,META
2013-01-07 00:00:00-05:00,28.490981951338036,29.583351781645824,28.45125851665306,29.215917587280273,83781800,0.0,0.0,META
2013-01-08 00:00:00-05:00,29.30529092042368,29.394666746720333,28.659800314817005,28.85841178894043,45871300,0.0,0.0,META
2013-01-09 00:00:00-05:00,29.46418557180941,30.387734661903018,29.285433890614808,30.377803802490234,104787700,0.0,0.0,META
2013-01-10 00:00:00-05:00,30.387733128682857,31.231837195002484,30.069953219978448,31.082876205444336,95316400,0.0,0.0,META
2013-01-11 00:00:00-05:00,31.063015438880285,31.73829677732145,30.884263772130303,31.499961853027344,89598000,0.0,0.0,META
2013-01-14 00:00:00-05:00,31.85746624892087,31.98656172513142,30.407593129670843,30.73530387878418,98892800,0.0,0.0,META
2013-01-15 00:00:00-05:00,30.427454132214724,31.49003139345145,29.672725915327508,29.89120101928711,173242600,0.0,0.0,META
2013-01-16 00:00:00-05:00,30.000434307520457,30.139464424727148,29.325153013860376,29.642932891845703,75332700,0.0,0.0,META
2013-01-17 00:00:00-05:00,29.871340201819706,30.20898183255054,29.82168780076069,29.930923461914062,40256700,0.0,0.0,META
2013-01-18 00:00:00-05:00,30.09974289781495,30.2288421652401,29.06695822900174,29.454252243041992,49631500,0.0,0.0,META
2013-01-22 00:00:00-05:00,29.543625309331237,30.67571656380652,29.533694451681068,30.516826629638672,55243300,0.0,0.0,META
2013-01-23 00:00:00-05:00,30.884265266106784,31.28149015914541,30.58634517573954,30.6062068939209,48899800,0.0,0.0,META
2013-01-24 00:00:00-05:00,31.053085300733994,31.271558512876332,30.59627526465028,30.864402770996094,43845100,0.0,0.0,META
2013-01-25 00:00:00-05:00,31.192117296876006,31.708510654144042,30.914058898166015,31.321216583251953,54363600,0.0,0.0,META
2013-01-28 00:00:00-05:00,31.65885310328046,32.284482068492146,31.589338984270015,32.2447624206543,59682500,0.0,0.0,META
2013-01-29 00:00:00-05:00,31.778017581553865,31.84753169195472,30.4969653386211,30.576412200927734,72976500,0.0,0.0,META
2013-01-30 00:00:00-05:00,30.76509589551941,31.271558328706195,30.665789201814967,31.023292541503906,87682100,0.0,0.0,META
2013-01-31 00:00:00-05:00,28.947789337772054,31.25169545469615,28.540633613356206,30.765094757080078,190744900,0.0,0.0,META
2013-02-01 00:00:00-05:00,30.79489099517487,30.804821854770807,29.424462676820553,29.52376937866211,85856700,0.0,0.0,META
2013-02-04 00:00:00-05:00,28.858413551701474,28.997443675609464,27.81569804003821,27.91500473022461,92362200,0.0,0.0,META
2013-02-05 00:00:00-05:00,28.063964884602697,28.759107954081014,27.845491673186824,28.441328048706055,47948200,0.0,0.0,META
2013-02-06 00:00:00-05:00,28.540634990070753,29.08682086452154,28.46119001303834,28.84848403930664,38375900,0.0,0.0,META
2013-02-07 00:00:00-05:00,28.908067720956854,28.947789260392,28.073894557525524,28.451257705688477,34540100,0.0,0.0,META
2013-02-08 00:00:00-05:00,28.68959321479415,28.96765157303008,28.312230058868877,28.351951599121094,37708800,0.0,0.0,META
2013-02-11 00:00:00-05:00,28.41153346309969,28.481047571085604,27.84548784765166,28.063961029052734,37361800,0.0,0.0,META
2013-02-12 00:00:00-05:00,27.478057732187324,27.96465845363361,26.912012033650164,27.180139541625977,93498700,0.0,0.0,META
2013-02-13 00:00:00-05:00,27.170210409001307,28.123550194662794,27.12055611134116,27.716394424438477,50164000,0.0,0.0,META
2013-02-14 00:00:00-05:00,27.825631521964645,28.431398790392112,27.815700662597934,28.30230140686035,35615800,0.0,0.0,META
2013-02-15 00:00:00-05:00,28.32215997736311,28.55056403505534,27.895142542649563,28.123546600341797,33109300,0.0,0.0,META
2013-02-19 00:00:00-05:00,28.034173622585982,28.878277719638298,27.92493795881526,28.729318618774414,49396400,0.0,0.0,META
2013-02-20 00:00:00-05:00,28.71938710241585,28.848484481779472,28.133479677521148,28.262577056884766,42098200,0.0,0.0,META
2013-02-21 00:00:00-05:00,28.083828207509416,28.351953834172264,26.96166572162814,27.09076499938965,49642300,0.0,0.0,META
2013-02-22 00:00:00-05:00,27.428403657018947,27.438332621196086,26.633952040501867,26.941801071166992,36350200,0.0,0.0,META
2013-02-25 00:00:00-05:00,26.971593979236513,27.44826381856463,26.961663120819146,27.08083152770996,34652000,0.0,0.0,META
2013-02-26 00:00:00-05:00,27.17020817356355,27.26951297247795,26.514786651316854,27.19999885559082,31611700,0.0,0.0,META
2013-02-27 00:00:00-05:00,27.15034803075585,27.15034803075585,26.445272174042472,26.683609008789062,44319700,0.0,0.0,META
2013-02-28 00:00:00-05:00,26.65381645306773,27.110624616123243,26.157284852815526,27.060972213745117,83027800,0.0,0.0,META
2013-03-01 00:00:00-05:00,26.862357978919185,27.92493716140598,26.624023045519188,27.587295532226562,54064800,0.0,0.0,META
2013-03-04 00:00:00-05:00,27.567431486193083,27.86534965425464,27.24965160182942,27.527708053588867,32400700,0.0,0.0,META
2013-03-05 00:00:00-05:00,27.686597253722816,27.984517307917127,27.0212449283749,27.3290958404541,40622200,0.0,0.0,META
2013-03-06 00:00:00-05:00,27.905075100333267,27.934865782818438,27.16027773232144,27.259584426879883,33532600,0.0,0.0,META
2013-03-07 00:00:00-05:00,27.37875038892233,28.48105107730689,27.279443696381065,28.381744384765625,74540200,0.0,0.0,META
2013-03-08 00:00:00-05:00,28.232787446355303,28.272508989930838,27.53764243966467,27.76604652404785,44198900,0.0,0.0,META
2013-03-11 00:00:00-04:00,27.815700134787036,28.44132911007644,27.636948457813574,27.94479751586914,35642100,0.0,0.0,META
2013-03-12 00:00:00-04:00,27.90507513928268,28.123548352322068,27.40854355991508,27.636947631835938,27569600,0.0,0.0,META
2013-03-13 00:00:00-04:00,27.428405906085786,27.45819658929507,26.73326092139773,26.89215087890625,39619500,0.0,0.0,META
2013-03-14 00:00:00-04:00,26.912009783236982,27.23972052309798,26.6438822976823,26.852426528930664,27646400,0.0,0.0,META
2013-03-15 00:00:00-04:00,26.8424987403589,26.872289423859936,26.375757828253636,26.465133666992188,31597400,0.0,0.0,META
2013-03-18 00:00:00-04:00,26.18707547468223,26.604162063504713,25.601168078619278,26.306241989135742,26653700,0.0,0.0,META
2013-03-19 00:00:00-04:00,26.34596582977263,26.713398131476087,26.028184033386843,26.365825653076172,25254200,0.0,0.0,META
2013-03-20 00:00:00-04:00,26.494925976944412,26.504856836050337,25.601169492705843,25.680614471435547,44006500,0.0,0.0,META
2013-03-21 00:00:00-04:00,25.48200026002515,25.928879434866264,25.38269356626961,25.561445236206055,24336100,0.0,0.0,META
2013-03-22 00:00:00-04:00,25.621025874811455,25.829570099784167,25.452205080925907,25.551511764526367,18456300,0.0,0.0,META
2013-03-25 00:00:00-04:00,25.571375086838255,25.621027484699653,24.906022727260673,24.95567512512207,39199000,0.0,0.0,META
2013-03-26 00:00:00-04:00,24.906022639918532,25.30324750376939,24.856370242231257,25.035120010375977,26957200,0.0,0.0,META
2013-03-27 00:00:00-04:00,24.826578585029512,26.09770009046537,24.548520222994835,25.90901756286621,52297400,0.0,0.0,META
2013-03-28 00:00:00-04:00,25.909017902771332,25.988462879520974,25.342972206665422,25.402555465698242,28585700,0.0,0.0,META
2013-04-01 00:00:00-04:00,25.452208167614966,25.710404818641702,25.104637574038275,25.352903366088867,22249300,0.0,0.0,META
2013-04-02 00:00:00-04:00,25.59123818128379,25.93881066737715,25.124497282143288,25.24366569519043,35153300,0.0,0.0,META
2013-04-03 00:00:00-04:00,25.650820740275336,26.206935566367715,25.521723365940854,26.067907333374023,48195200,0.0,0.0,META
2013-04-04 00:00:00-04:00,26.43534015545812,27.041107349293235,25.92887775482654,26.882217407226562,82016800,0.0,0.0,META
2013-04-05 00:00:00-04:00,26.673676602521045,27.607154592316263,26.425410816999793,27.19999885559082,64566600,0.0,0.0,META
2013-04-08 00:00:00-04:00,27.001389433192777,27.011320292668906,26.44527266723636,26.663747787475586,27256000,0.0,0.0,META
2013-04-09 00:00:00-04:00,26.395619143997003,26.703468198223664,26.236729187356296,26.405550003051758,21311100,0.0,0.0,META
2013-04-10 00:00:00-04:00,26.822636900551533,27.646879269762895,26.713399343894867,27.378751754760742,45949400,0.0,0.0,META
2013-04-11 00:00:00-04:00,27.289377043190914,27.9050770777899,27.060972955403304,27.825632095336914,33368500,0.0,0.0,META
2013-04-12 00:00:00-04:00,27.805766750332445,27.805766750332445,27.05103856838646,27.209928512573242,28697400,0.0,0.0,META
2013-04-15 00:00:00-04:00,26.97159652795791,27.28937645087241,26.177146720671658,26.336036682128906,30275400,0.0,0.0,META
2013-04-16 00:00:00-04:00,26.624023551553066,26.92194364455379,26.21686779582469,26.733261108398438,27365900,0.0,0.0,META
2013-04-17 00:00:00-04:00,26.465132255683415,27.011318118194467,26.20693561244289,26.445270538330078,26440600,0.0,0.0,META
2013-04-18 00:00:00-04:00,26.63395168387649,26.63395168387649,24.97553625322059,25.511791229248047,39059000,0.0,0.0,META
2013-04-19 00:00:00-04:00,25.442276117271565,25.779915810925214,25.154286924241976,25.551511764526367,20380900,0.0,0.0,META
2013-04-22 00:00:00-04:00,25.630960276899874,26.1771461651717,25.52172461453967,25.78985023498535,25687600,0.0,0.0,META
2013-04-23 00:00:00-04:00,26.03811289302211,26.147350436334193,25.5912356500606,25.79977798461914,25191500,0.0,0.0,META
2013-04-24 00:00:00-04:00,25.750129012928543,26.2168680338475,25.621029736554156,25.92888069152832,19729900,0.0,0.0,META
2013-04-25 00:00:00-04:00,25.889157448540445,26.216868230390915,25.81964332725667,25.95867156982422,17150000,0.0,0.0,META
2013-04-26 00:00:00-04:00,26.41548198292575,27.428406920077336,26.41548198292575,26.663747787475586,33018000,0.0,0.0,META
2013-04-29 00:00:00-04:00,26.9715945319306,27.219860315099414,26.673676349775064,26.792842864990234,29201100,0.0,0.0,META
2013-04-30 00:00:00-04:00,26.941800404242564,27.65680703082023,26.822633895891286,27.577362060546875,36245700,0.0,0.0,META
2013-05-01 00:00:00-04:00,27.65680400535862,27.726318109978756,27.120549094087924,27.239717483520508,64567600,0.0,0.0,META
2013-05-02 00:00:00-04:00,27.81569942662246,28.818693448679934,27.785906849846135,28.769039154052734,104257000,0.0,0.0,META
2013-05-03 00:00:00-04:00,28.83855251804959,28.86834319797232,27.954725096031197,28.113615036010742,58506400,0.0,0.0,META
2013-05-06 00:00:00-04:00,28.133480003960667,28.262577384822233,27.28937591642669,27.378751754760742,43939400,0.0,0.0,META
2013-05-07 00:00:00-04:00,27.358889870482773,27.656809961161702,26.663746780467335,26.703468322753906,41259100,0.0,0.0,META
2013-05-08 00:00:00-04:00,26.693538390416872,27.110625016553907,26.46513430551553,26.931875228881836,34654900,0.0,0.0,META
2013-05-09 00:00:00-04:00,26.892148067095707,27.358887031710616,26.663744013823575,26.852426528930664,33457200,0.0,0.0,META
2013-05-10 00:00:00-04:00,26.951730734536874,27.110620671972278,26.385685095658562,26.494922637939453,30847100,0.0,0.0,META
2013-05-13 00:00:00-04:00,26.415479885706336,27.14041552284835,26.345965769010203,26.633953094482422,29068800,0.0,0.0,META
2013-05-14 00:00:00-04:00,26.70346574887218,27.090761640012516,26.6339516359827,26.882217407226562,24930300,0.0,0.0,META
2013-05-15 00:00:00-04:00,26.73326148914875,26.802775610270327,26.216868169220234,26.415481567382812,30299800,0.0,0.0,META
2013-05-16 00:00:00-04:00,26.296312496586765,26.365826615981945,25.720335929161084,25.948740005493164,35499100,0.0,0.0,META
2013-05-17 00:00:00-04:00,26.216866425026925,26.415479809975867,26.018254934195596,26.067907333374023,29462700,0.0,0.0,META
2013-05-20 00:00:00-04:00,25.99839498635419,26.008325845689303,25.511794243640118,25.581308364868164,42402900,0.0,0.0,META
2013-05-21 00:00:00-04:00,25.690546520953035,25.8990888894875,25.412488135455963,25.48200225830078,26261300,0.0,0.0,META
2013-05-22 00:00:00-04:00,25.472070556048685,25.670683952564175,24.74713487876728,24.985469818115234,45314500,0.0,0.0,META
2013-05-23 00:00:00-04:00,24.627963272466587,25.352900749979053,24.598172592729863,24.886159896850586,37663100,0.0,0.0,META
2013-05-24 00:00:00-04:00,24.796782671475235,24.796782671475235,23.912957198918857,24.141361236572266,58727900,0.0,0.0,META
2013-05-28 00:00:00-04:00,24.369771513705498,24.369771513705498,23.754071504466157,23.932823181152344,50079700,0.0,0.0,META
2013-05-29 00:00:00-04:00,23.6249706696847,23.64483049098816,23.09864657573561,23.15822982788086,64237800,0.0,0.0,META
2013-05-30 00:00:00-04:00,23.962614980723057,24.608107597516995,23.764003470578448,24.379701614379883,60733200,0.0,0.0,META
2013-05-31 00:00:00-04:00,24.459143956906416,24.776925748245414,24.101642519591135,24.181087493896484,35925000,0.0,0.0,META
2013-06-03 00:00:00-04:00,24.101643567832205,24.15129596863846,23.545526829390237,23.68455696105957,35733800,0.0,0.0,META
2013-06-04 00:00:00-04:00,23.724276224933,23.763999657057994,23.158230575974265,23.356843948364258,34760800,0.0,0.0,META
2013-06-05 00:00:00-04:00,23.188025269307154,23.545526720518023,22.631910427554285,22.741146087646484,53819700,0.0,0.0,META
2013-06-06 00:00:00-04:00,22.83051921674324,22.929825900238487,22.512739344852402,22.810657501220703,31260700,0.0,0.0,META
2013-06-07 00:00:00-04:00,22.87024610580186,23.237678427937887,22.701425286569226,23.128442764282227,38699200,0.0,0.0,META
2013-06-10 00:00:00-04:00,23.893096882324365,24.429351848144385,23.82358277063306,24.161224365234375,58393000,0.0,0.0,META
2013-06-11 00:00:00-04:00,23.86330795288086,24.181087854845742,23.833515376777545,23.86330795288086,29885900,0.0,0.0,META
2013-06-12 00:00:00-04:00,23.992404168498815,24.091710856593963,23.416427650488007,23.60511016845703,26445800,0.0,0.0,META
2013-06-13 00:00:00-04:00,23.5554568671915,23.664694418098264,23.108579593161085,23.565387725830078,31189300,0.0,0.0,META
2013-06-14 00:00:00-04:00,23.396563697778316,23.724274411287105,23.098645556085724,23.46607780456543,30677100,0.0,0.0,META
2013-06-17 00:00:00-04:00,23.744138840186732,24.081780449565716,23.58524889390457,23.853376388549805,33664500,0.0,0.0,META
2013-06-18 00:00:00-04:00,23.922894320383914,24.51873266107186,23.91296346039203,24.04206085205078,36709100,0.0,0.0,META
2013-06-19 00:00:00-04:00,24.032125593500023,25.01525774585447,23.932818913701947,24.141361236572266,31790600,0.0,0.0,META
2013-06-20 00:00:00-04:00,24.111574120831197,24.57831312248698,23.485943271552916,23.734209060668945,42765600,0.0,0.0,META
2013-06-21 00:00:00-04:00,24.419423653283005,24.52866120877817,23.883168628980567,24.359840393066406,45833900,0.0,0.0,META
2013-06-24 00:00:00-04:00,23.783864269885314,23.94275422950237,23.2178166578671,23.77393341064453,40626000,0.0,0.0,META
2013-06-25 00:00:00-04:00,23.97254383471223,24.260533057386656,23.87323903500705,24.0817813873291,24713200,0.0,0.0,META
2013-06-26 00:00:00-04:00,24.339981280122178,24.47900953354733,23.82358791866034,23.992408752441406,29890300,0.0,0.0,META
2013-06-27 00:00:00-04:00,24.071850774899254,24.667689049816683,24.042058198212203,24.488937377929688,34694100,0.0,0.0,META
2013-06-28 00:00:00-04:00,24.508799315039937,24.806717508105766,24.250602663794638,24.70741081237793,96778900,0.0,0.0,META
2013-07-01 00:00:00-04:00,24.796787452117893,24.88616329175544,24.449216846991575,24.637897491455078,20582200,0.0,0.0,META
2013-07-02 00:00:00-04:00,24.52866037834956,24.598174495268438,24.131433606040034,24.240671157836914,18394100,0.0,0.0,META
2013-07-03 00:00:00-04:00,24.051988748046004,24.53858946297587,23.982474630787113,24.34990882873535,10404400,0.0,0.0,META
2013-07-05 00:00:00-04:00,24.479003243260408,24.488934100827148,24.03212601746157,24.200946807861328,20229500,0.0,0.0,META
2013-07-08 00:00:00-04:00,24.30025454931672,24.86630213472713,24.25060214956451,24.538589477539062,27064600,0.0,0.0,META
2013-07-09 00:00:00-04:00,24.896093607064323,25.313180218220005,24.856372064825432,25.30324935913086,30387900,0.0,0.0,META
2013-07-10 00:00:00-04:00,25.402557576806547,25.6508233865463,25.29332001440336,25.621030807495117,26721800,0.0,0.0,META
2013-07-11 00:00:00-04:00,25.779919564508106,25.819643001379042,25.273459003227728,25.63096046447754,26777400,0.0,0.0,META
2013-07-12 00:00:00-04:00,25.56144386162559,25.75012638020285,25.37276134304833,25.73026466369629,16537900,0.0,0.0,META
2013-07-15 00:00:00-04:00,25.750129521570663,26.246661130103476,25.47207113890989,26.097702026367188,24234000,0.0,0.0,META
2013-07-16 00:00:00-04:00,26.206936681099187,26.56444003156691,25.82957350658591,26.137422561645508,30817600,0.0,0.0,META
2013-07-17 00:00:00-04:00,26.187077185688,26.59423294255575,26.117561171244233,26.465133666992188,21518500,0.0,0.0,META
2013-07-18 00:00:00-04:00,26.5644377656482,26.584299482117267,25.938808849812872,25.99839210510254,24806900,0.0,0.0,META
2013-07-19 00:00:00-04:00,25.64089052606521,25.928879752067637,25.422417312424436,25.70047378540039,46539700,0.0,0.0,META
2013-07-22 00:00:00-04:00,25.809708053791557,25.948736272581712,25.54158057973846,25.869291305541992,27526300,0.0,0.0,META
2013-07-23 00:00:00-04:00,25.918949322391054,26.11756082150333,25.789850048556264,25.948740005493164,28221600,0.0,0.0,META
2013-07-24 00:00:00-04:00,26.13742447700428,26.34596874476521,25.86929694450502,26.326107025146484,82635600,0.0,0.0,META
2013-07-25 00:00:00-04:00,33.307339209757735,34.638043992258496,32.52281840620263,34.12165069580078,365457900,0.0,0.0,META
2013-07-26 00:00:00-04:00,33.53574153051236,34.48908120270659,33.327199187513955,33.77407455444336,136028900,0.0,0.0,META
2013-07-29 00:00:00-04:00,33.83365685891414,35.382836537110066,33.77407171382533,35.18422317504883,124718800,0.0,0.0,META
2013-07-30 00:00:00-04:00,35.4026970707307,37.69667015069415,35.0749844660304,37.368961334228516,173582800,0.0,0.0,META
2013-07-31 00:00:00-04:00,37.69667662419461,38.04425100294929,36.07798640179267,36.54472351074219,154828700,0.0,0.0,META
2013-08-01 00:00:00-04:00,37.04125408742019,38.024388255493456,36.663889036335625,37.22993850708008,106066500,0.0,0.0,META
2013-08-02 00:00:00-04:00,37.39875867528423,38.22300292131259,37.23986872027381,37.78605270385742,73058500,0.0,0.0,META
2013-08-05 00:00:00-04:00,38.16341788452121,39.04724349873927,37.9846662110574,38.91814422607422,79994800,0.0,0.0,META
2013-08-06 00:00:00-04:00,38.838701893150045,38.977730133367956,37.676815993177414,38.28258514404297,63950800,0.0,0.0,META
2013-08-07 00:00:00-04:00,38.34216613630803,38.669874982923176,37.43847888476897,38.60036087036133,68854800,0.0,0.0,META
2013-08-08 00:00:00-04:00,38.858562908983096,38.91814427472194,38.16341793222552,38.27265548706055,41301000,0.0,0.0,META
2013-08-09 00:00:00-04:00,38.32230505998459,38.47126603981007,37.746326645443524,38.23292922973633,43532300,0.0,0.0,META
2013-08-12 00:00:00-04:00,37.9350142278597,38.232932424167174,37.83570563693362,37.95487594604492,31161000,0.0,0.0,META
2013-08-13 00:00:00-04:00,37.97473712705152,38.054180210433216,36.514933061088826,36.76319885253906,65379200,0.0,0.0,META
2013-08-14 00:00:00-04:00,36.57451505467522,37.28951789627389,36.36596892881705,36.3957633972168,48423900,0.0,0.0,META
2013-08-15 00:00:00-04:00,36.107775474296155,36.81284937690208,35.77013386360336,36.30638885498047,56521100,0.0,0.0,META
2013-08-16 00:00:00-04:00,36.71355067161427,37.229944031771325,36.64403654507734,36.82278823852539,45840800,0.0,0.0,META
2013-08-19 00:00:00-04:00,37.17035677697115,38.01445900206766,36.88236753283777,37.54772186279297,57609600,0.0,0.0,META
2013-08-20 00:00:00-04:00,38.083969535910754,38.312377389551926,37.428548021369885,38.1435546875,57995200,0.0,0.0,META
2013-08-21 00:00:00-04:00,38.113765298874405,38.58050241000151,37.885361225719585,38.05418014526367,46116900,0.0,0.0,META
2013-08-22 00:00:00-04:00,38.103833467124105,38.48119853931231,38.0740427837161,38.28258514404297,21931200,0.0,0.0,META
2013-08-23 00:00:00-04:00,38.72946392260577,40.348157962641096,38.65994980323941,40.26871109008789,86442300,0.0,0.0,META
2013-08-26 00:00:00-04:00,40.61628009449548,41.64906278322106,40.338219865630805,41.053226470947266,94162400,0.0,0.0,META
2013-08-27 00:00:00-04:00,40.39781120185311,40.914204519454465,39.14654945083257,39.36502456665039,72695100,0.0,0.0,META
2013-08-28 00:00:00-04:00,39.682803663831876,40.566629285691626,39.60336057951406,40.26871109008789,57918200,0.0,0.0,META
2013-08-29 00:00:00-04:00,40.60635447918441,41.490180139291205,40.516978637812066,40.993648529052734,58303400,0.0,0.0,META
2013-08-30 00:00:00-04:00,41.728513827647134,41.96684686115053,40.77517411716305,41.003578186035156,67735100,0.0,0.0,META
2013-09-03 00:00:00-04:00,41.549764827431844,41.86754475133975,41.22205215001934,41.57955551147461,48774900,0.0,0.0,META
2013-09-04 00:00:00-04:00,41.71858122423135,41.8774711765479,41.15253553233894,41.490177154541016,42581900,0.0,0.0,META
2013-09-05 00:00:00-04:00,41.50010333549727,42.47330461284963,41.48024162107359,42.36406707763672,50035400,0.0,0.0,META
2013-09-06 00:00:00-04:00,42.79109142486492,44.300547872385856,42.10587921289044,43.64512634277344,117535700,0.0,0.0,META
2013-09-09 00:00:00-04:00,44.0522807815937,44.479298227922456,43.396859271359936,43.734500885009766,75794700,0.0,0.0,META
2013-09-10 00:00:00-04:00,43.93311764639853,43.95297557675654,42.93012169272241,43.29755401611328,54540300,0.0,0.0,META
2013-09-11 00:00:00-04:00,43.08901003133146,44.77721816587789,42.81095355795981,44.72756576538086,72328300,0.0,0.0,META
2013-09-12 00:00:00-04:00,45.214159345517054,45.30353517133148,44.340266591148044,44.439571380615234,68072300,0.0,0.0,META
2013-09-13 00:00:00-04:00,44.727567828873575,44.76729126639796,43.62526706110261,44.00263214111328,52765300,0.0,0.0,META
2013-09-16 00:00:00-04:00,44.538882612576344,44.62825845131888,42.13567150808774,42.21511459350586,70424200,0.0,0.0,META
2013-09-17 00:00:00-04:00,42.20518640555979,45.1247908778502,42.13567228395065,44.75735855102539,91934600,0.0,0.0,META
2013-09-18 00:00:00-04:00,44.52895427758041,45.154585157630954,44.092007831009276,44.9162483215332,79317000,0.0,0.0,META
2013-09-19 00:00:00-04:00,45.19430416238731,45.73055919478452,44.91624768110081,45.66104507446289,63972400,0.0,0.0,META
2013-09-20 00:00:00-04:00,45.998686162333094,47.26980581960773,45.422711488218795,47.16057205200195,115508400,0.0,0.0,META
2013-09-23 00:00:00-04:00,46.95202766596956,47.22015518902473,45.968897203002804,46.86265182495117,75177000,0.0,0.0,META
2013-09-24 00:00:00-04:00,48.17348822052847,49.31551227489596,47.82591765871315,48.11390686035156,136716100,0.0,0.0,META
2013-09-25 00:00:00-04:00,48.88849733287189,49.19634826629151,48.12383826978592,49.11690139770508,87879700,0.0,0.0,META
2013-09-26 00:00:00-04:00,49.66308599566261,50.24899340015876,49.156625460769106,50.04045104980469,98220100,0.0,0.0,META
2013-09-27 00:00:00-04:00,49.94114135323719,50.924271644623836,49.5141239415893,50.884552001953125,81410500,0.0,0.0,META
2013-09-30 00:00:00-04:00,49.792185444788174,51.24205672616462,49.4545438242259,49.881561279296875,100095000,0.0,0.0,META
2013-10-01 00:00:00-04:00,49.62336465333138,50.67600912194799,49.106971383266476,50.07024002075195,98114000,0.0,0.0,META
2013-10-02 00:00:00-04:00,49.78225618111009,50.745524849211314,49.60350451316652,49.93121337890625,62834000,0.0,0.0,META
2013-10-03 00:00:00-04:00,50.11990054161498,50.36816633975932,48.71968159161031,48.83884811401367,82045000,0.0,0.0,META
2013-10-04 00:00:00-04:00,49.424756680190534,50.80511394334324,49.22614327948294,50.68594741821289,74447000,0.0,0.0,META
2013-10-07 00:00:00-04:00,50.37809037552751,50.93420707272137,50.05038152392467,50.16954803466797,57204000,0.0,0.0,META
2013-10-08 00:00:00-04:00,50.248989378309794,50.248989378309794,46.75341073674932,46.812992095947266,136081000,0.0,0.0,META
2013-10-09 00:00:00-04:00,47.051329536967934,47.508137642124176,44.94603309121004,46.445560455322266,147297000,0.0,0.0,META
2013-10-10 00:00:00-04:00,47.53793248081167,49.335378166910765,47.498212833410086,48.709747314453125,99774000,0.0,0.0,META
2013-10-11 00:00:00-04:00,48.838839364315476,49.52405148067026,48.451545394713435,48.769325256347656,58428000,0.0,0.0,META
2013-10-14 00:00:00-04:00,47.974884503888674,49.2857276234124,47.57765770902402,49.16655731201172,68781000,0.0,0.0,META
2013-10-15 00:00:00-04:00,49.643234134937465,50.64622636274858,48.83885152894072,49.15663146972656,81167000,0.0,0.0,META
2013-10-16 00:00:00-04:00,49.69287987630501,50.884556388559446,49.553851644385105,50.785247802734375,64678000,0.0,0.0,META
2013-10-17 00:00:00-04:00,50.76538515456643,51.857756849197635,50.59656624411264,51.84782409667969,71522000,0.0,0.0,META
2013-10-18 00:00:00-04:00,53.80416008047524,54.449652622999295,53.228181653209454,53.8438835144043,88260000,0.0,0.0,META
2013-10-21 00:00:00-04:00,54.300692275702936,54.429791543366434,53.13880644320187,53.47644805908203,58235000,0.0,0.0,META
2013-10-22 00:00:00-04:00,53.953123295026025,54.380136968601036,51.83789770376034,52.31456756591797,83204000,0.0,0.0,META
2013-10-23 00:00:00-04:00,51.39101704236166,51.88754860798834,50.77531896169043,51.53997802734375,57207000,0.0,0.0,META
2013-10-24 00:00:00-04:00,52.016644640635846,52.47345274342524,51.23212390656169,52.086158752441406,46775000,0.0,0.0,META
2013-10-25 00:00:00-04:00,52.81109731671998,52.87068246801417,51.5201160112275,51.589630126953125,45085000,0.0,0.0,META
2013-10-28 00:00:00-04:00,51.18247536198233,51.341365313527206,49.265863190589876,49.881561279296875,73472000,0.0,0.0,META
2013-10-29 00:00:00-04:00,50.37809553817277,50.43768069376813,48.90836246093989,49.05732345581055,102143000,0.0,0.0,META
2013-10-30 00:00:00-04:00,49.65315519684999,49.86169753950033,48.41182631692874,48.670021057128906,127073000,0.0,0.0,META
2013-10-31 00:00:00-04:00,46.83285640415066,51.639282037645536,46.177434899048414,49.861698150634766,248809000,0.0,0.0,META
2013-11-01 00:00:00-04:00,50.49725992312356,51.72865990230968,49.3751012853548,49.40489196777344,95033000,0.0,0.0,META
2013-11-04 00:00:00-05:00,49.02752991650206,49.40489499931332,47.686896090106366,47.8855094909668,80371000,0.0,0.0,META
2013-11-05 00:00:00-05:00,47.458484159374535,49.831904247292805,47.1804239288434,49.76239013671875,76835000,0.0,0.0,META
2013-11-06 00:00:00-05:00,49.91135006326062,50.10003447795624,48.372103005913004,48.779258728027344,67889000,0.0,0.0,META
2013-11-07 00:00:00-05:00,48.8984298142835,49.524056853872366,46.971884932337915,47.23008346557617,97128000,0.0,0.0,META
2013-11-08 00:00:00-05:00,47.47834710295712,48.31252023965535,46.92223041574663,47.200286865234375,70731000,0.0,0.0,META
2013-11-11 00:00:00-05:00,46.71369365249123,47.20029249715557,45.4127795018697,45.879520416259766,80910000,0.0,0.0,META
2013-11-12 00:00:00-05:00,45.680909130491294,47.04140471128038,45.51209019770997,46.286678314208984,68196000,0.0,0.0,META
2013-11-13 00:00:00-05:00,45.90930489145443,48.40189529793126,45.74048598930477,48.372100830078125,79245000,0.0,0.0,META
2013-11-14 00:00:00-05:00,48.3621687499319,49.226132497301904,47.69681457153176,48.6501579284668,75117000,0.0,0.0,META
2013-11-15 00:00:00-05:00,48.769329640463674,49.13676192821453,48.37210288359483,48.670021057128906,42453000,0.0,0.0,META
2013-11-18 00:00:00-05:00,48.13376697751351,48.50119924326025,45.482286678906526,45.512081146240234,85910000,0.0,0.0,META
2013-11-19 00:00:00-05:00,45.93909778815867,46.67396615616429,45.402846587976335,46.03840637207031,75602000,0.0,0.0,META
2013-11-20 00:00:00-05:00,46.28667709695115,47.220155156086676,45.98875888984284,46.10792541503906,53933000,0.0,0.0,META
2013-11-21 00:00:00-05:00,46.66404209771288,47.13077923234302,46.366120102892346,46.37605285644531,34886000,0.0,0.0,META
2013-11-22 00:00:00-05:00,46.713691909783215,46.94209598177107,45.64118187968164,45.90930938720703,40545000,0.0,0.0,META
2013-11-25 00:00:00-05:00,46.03840859556791,46.32639782046787,43.73450237283889,44.509090423583984,82565000,0.0,0.0,META
2013-11-26 00:00:00-05:00,44.35020322695073,45.84972702142367,43.24790244729715,45.57167053222656,82016000,0.0,0.0,META
2013-11-27 00:00:00-05:00,45.65111388283098,46.34625505214307,45.214163675565935,46.16750717163086,44993000,0.0,0.0,META
2013-11-29 00:00:00-05:00,46.425696575836405,46.88250465970571,46.177430818746366,46.68389129638672,22953900,0.0,0.0,META
2013-12-02 00:00:00-05:00,46.57466488205055,47.210224714199924,45.93910126166576,46.73355484008789,50774000,0.0,0.0,META
2013-12-03 00:00:00-05:00,46.425699729199756,46.87257887996206,45.96889161430277,46.40583801269531,32086000,0.0,0.0,META
2013-12-04 00:00:00-05:00,46.137706523622576,48.43168343990033,45.939093164026424,48.28272247314453,60890000,0.0,0.0,META
2013-12-05 00:00:00-05:00,47.81599236870124,48.36217634562061,47.537932109649226,48.00467300415039,43855000,0.0,0.0,META
2013-12-06 00:00:00-05:00,48.64023132050409,49.04738704949302,47.37904069943226,47.607444763183594,42938000,0.0,0.0,META
2013-12-09 00:00:00-05:00,47.756408065760894,48.63030471732818,47.40883747105336,48.50120544433594,36056000,0.0,0.0,META
2013-12-10 00:00:00-05:00,48.30258470949189,50.41781000379648,48.20327992273891,49.90141677856445,68479000,0.0,0.0,META
2013-12-11 00:00:00-05:00,50.19934241608056,50.41781752541222,48.67002422722968,49.03746032714844,65776000,0.0,0.0,META
2013-12-12 00:00:00-05:00,50.69586348285373,51.7087881592893,50.308569533559016,51.470455169677734,92723000,0.0,0.0,META
2013-12-13 00:00:00-05:00,51.301634585052604,53.128870662159045,50.983854727141455,52.95011901855469,82641000,0.0,0.0,META
2013-12-16 00:00:00-05:00,52.880605153747325,54.121933913224964,52.542963579640016,53.43672180175781,85119000,0.0,0.0,META
2013-12-17 00:00:00-05:00,54.38012639741612,54.797214813371525,53.863736988304986,54.479434967041016,78751000,0.0,0.0,META
2013-12-18 00:00:00-05:00,54.47944300542424,55.502296799956866,53.37714234346938,55.18451690673828,76003000,0.0,0.0,META
2013-12-19 00:00:00-05:00,53.95311850228666,54.807149561807094,53.57575347434554,54.668121337890625,89753200,0.0,0.0,META
2013-12-20 00:00:00-05:00,54.54895974400912,54.76743485169334,53.85381477357004,54.737640380859375,239824000,0.0,0.0,META
2013-12-23 00:00:00-05:00,55.11500506568285,57.91544285785332,55.06535266561308,57.369258880615234,98297000,0.0,0.0,META
2013-12-24 00:00:00-05:00,57.86578855354868,58.17363948502705,56.51522210197737,57.55793762207031,46617800,0.0,0.0,META
2013-12-26 00:00:00-05:00,57.91544386072193,57.97502901477861,56.97203309011889,57.32953643798828,55101000,0.0,0.0,META
2013-12-27 00:00:00-05:00,57.08126571117237,57.27987908595842,54.86673548466026,55.055416107177734,60466000,0.0,0.0,META
2013-12-30 00:00:00-05:00,54.54895578338893,54.797221555646026,53.059361149846325,53.33741760253906,68307000,0.0,0.0,META
2013-12-31 00:00:00-05:00,53.74458225500226,54.47945072991214,53.53603988080301,54.27090835571289,43076200,0.0,0.0,META
2014-01-02 00:00:00-05:00,54.44965278505199,54.83694679642502,53.81408920500106,54.330482482910156,43195500,0.0,0.0,META
2014-01-03 00:00:00-05:00,54.63833816533787,55.263969047159264,54.15173552653556,54.1815299987793,38246200,0.0,0.0,META
2014-01-06 00:00:00-05:00,54.04249316301946,56.862792574877744,53.675060869386684,56.8032112121582,68852600,0.0,0.0,META
2014-01-07 00:00:00-05:00,57.299747665120925,58.14384987376699,56.8230777814841,57.518218994140625,77207400,0.0,0.0,META
2014-01-08 00:00:00-05:00,57.20043423673292,58.00481672826046,56.83300194278165,57.82606506347656,56682400,0.0,0.0,META
2014-01-09 00:00:00-05:00,58.24315494052151,58.55100209084754,56.2570286515112,56.82307434082031,92253300,0.0,0.0,META
2014-01-10 00:00:00-05:00,56.73369957043913,57.89558165295065,56.66418545207871,57.53807830810547,42449500,0.0,0.0,META
2014-01-13 00:00:00-05:00,57.508289792209425,57.845931431925194,54.995841107058155,55.52216339111328,63010900,0.0,0.0,META
2014-01-14 00:00:00-05:00,56.068346458177054,57.37918955796815,55.71084310582759,57.33946990966797,37503600,0.0,0.0,META
2014-01-15 00:00:00-05:00,57.577796854381226,58.16370422240411,56.87272297760785,57.20043182373047,33663400,0.0,0.0,META
2014-01-16 00:00:00-05:00,56.86279567429436,57.617525807918,56.43578199466684,56.79328155517578,34541800,0.0,0.0,META
2014-01-17 00:00:00-05:00,56.902513608957065,57.41890686407989,55.681046477665284,55.90945053100586,40849200,0.0,0.0,META
2014-01-21 00:00:00-05:00,56.207371732078705,58.17364006625216,56.10806693421489,58.104122161865234,48669200,0.0,0.0,META
2014-01-22 00:00:00-05:00,58.44176198859206,58.898573894189184,56.703901561543624,57.11105728149414,61352900,0.0,0.0,META
2014-01-23 00:00:00-05:00,55.97897261465005,56.28682357641662,55.303689322426,56.2371711730957,47951800,0.0,0.0,META
2014-01-24 00:00:00-05:00,55.76049660204115,56.028620315115816,54.022636114030334,54.072288513183594,55200700,0.0,0.0,META
2014-01-27 00:00:00-05:00,54.35034258393824,54.55888492413312,51.49031981756906,53.17852783203125,73924100,0.0,0.0,META
2014-01-28 00:00:00-05:00,53.645273801103066,54.89653174954436,53.62541208278045,54.757503509521484,48191200,0.0,0.0,META
2014-01-29 00:00:00-05:00,54.23117852451433,54.56882014266624,52.82102689991449,53.158668518066406,92995600,0.0,0.0,META
2014-01-30 00:00:00-05:00,61.68908627737239,62.066451362361505,60.04060148071749,60.65630340576172,150178900,0.0,0.0,META
2014-01-31 00:00:00-05:00,60.05052488475772,62.93040550664584,59.752602934015016,62.135955810546875,87794600,0.0,0.0,META
2014-02-03 00:00:00-05:00,62.592767281988685,63.3276356580891,60.278932180769246,61.05352020263672,74866600,0.0,0.0,META
2014-02-04 00:00:00-05:00,61.619567563307406,62.7020065459382,61.39116349390177,62.31471252441406,45985500,0.0,0.0,META
2014-02-05 00:00:00-05:00,62.30478226345344,62.72186695849845,60.844978254325504,61.75859451293945,51685100,0.0,0.0,META
2014-02-06 00:00:00-05:00,61.03366057608475,62.344503637174064,61.03366057608475,61.72880554199219,42086500,0.0,0.0,META
2014-02-07 00:00:00-05:00,61.83804995277649,64.1220947041358,61.78839754718436,63.87382888793945,60704300,0.0,0.0,META
2014-02-10 00:00:00-05:00,63.853962515321314,64.04263935868843,63.02971829615459,63.109161376953125,43666100,0.0,0.0,META
2014-02-11 00:00:00-05:00,63.30777848849514,64.54910747846563,62.91055169641041,64.400146484375,45675600,0.0,0.0,META
2014-02-12 00:00:00-05:00,64.46966298782242,64.6086912337205,63.60570282780874,64.00292205810547,47282100,0.0,0.0,META
2014-02-13 00:00:00-05:00,63.73480230480888,66.86295318603516,63.6057068045383,66.86295318603516,61911700,0.0,0.0,META
2014-02-14 00:00:00-05:00,67.03176280075782,67.11120967131907,66.25717475396213,66.62460327148438,36694900,0.0,0.0,META
2014-02-18 00:00:00-05:00,66.47565702082375,67.07149346127808,65.61168925745856,66.83316040039062,43809900,0.0,0.0,META
2014-02-19 00:00:00-05:00,66.58489455888883,68.60081176279733,66.53523836534107,67.58788299560547,62087100,0.0,0.0,META
2014-02-20 00:00:00-05:00,67.26017389549084,69.62366158486944,65.27404749472771,69.14698791503906,130928900,0.0,0.0,META
2014-02-21 00:00:00-05:00,69.20656453501964,69.474688217729,67.9751609307711,68.11418914794922,70932400,0.0,0.0,META
2014-02-24 00:00:00-05:00,68.26316675272734,70.94444211560433,68.06455713020524,70.28901672363281,76620300,0.0,0.0,META
2014-02-25 00:00:00-05:00,70.4578312655123,70.50748745628117,68.9682364600979,69.36546325683594,52077000,0.0,0.0,META
2014-02-26 00:00:00-05:00,69.70309758028964,70.72595130480462,68.37238915970475,68.77954864501953,55322700,0.0,0.0,META
2014-02-27 00:00:00-05:00,68.85898826290078,69.52434626463965,68.39225499354997,68.4617691040039,41653700,0.0,0.0,META
2014-02-28 00:00:00-05:00,68.98808791585854,69.39523980664698,66.91258230327777,67.98509216308594,66783700,0.0,0.0,META
2014-03-03 00:00:00-05:00,66.49549990095868,67.57794254865374,66.04862456588705,66.9423828125,56824100,0.0,0.0,META
2014-03-04 00:00:00-05:00,68.18371804497197,68.42205107441933,67.15093148207288,68.32274627685547,42013500,0.0,0.0,META
2014-03-05 00:00:00-05:00,69.2065686084822,71.4707512231884,69.13705449580158,71.07352447509766,74567700,0.0,0.0,META
2014-03-06 00:00:00-05:00,71.38138906193156,71.39132181659208,69.7626985699731,70.34860229492188,46026500,0.0,0.0,META
2014-03-07 00:00:00-05:00,70.58693078169753,70.68623558177109,68.98809849816028,69.31581115722656,38927000,0.0,0.0,META
2014-03-10 00:00:00-04:00,70.2790728348908,71.64950477317161,70.02088188181288,71.53033447265625,59871600,0.0,0.0,META
2014-03-11 00:00:00-04:00,71.99708466788788,72.08645672249355,69.47470313724325,69.61373138427734,59408300,0.0,0.0,META
2014-03-12 00:00:00-04:00,69.37539221483819,70.85505418585406,68.5213573003395,70.38831329345703,46340500,0.0,0.0,META
2014-03-13 00:00:00-04:00,70.79545772068579,70.85503907246331,67.67724070317952,68.35252380371094,57091000,0.0,0.0,META
2014-03-14 00:00:00-04:00,68.01489178922297,68.94837355777288,66.99203797549892,67.25023651123047,48227000,0.0,0.0,META
2014-03-17 00:00:00-04:00,67.7070477505912,68.47170306368211,66.15787161803412,68.2631607055664,52197000,0.0,0.0,META
2014-03-18 00:00:00-04:00,68.28301980211104,69.1171891562691,67.82621169248115,68.71003723144531,40827000,0.0,0.0,META
2014-03-19 00:00:00-04:00,68.6901889120439,68.80935923951087,67.0019842768574,67.76663970947266,43981000,0.0,0.0,META
2014-03-20 00:00:00-04:00,67.53821858613902,67.75669366430917,66.35647115956573,66.50543212890625,44439000,0.0,0.0,META
2014-03-21 00:00:00-04:00,67.06154877351925,67.4488427697183,65.72091512694789,66.7735595703125,59999900,0.0,0.0,META
2014-03-24 00:00:00-04:00,66.72391096814275,66.8927298738921,62.92047754207651,63.65534210205078,85696000,0.0,0.0,META
2014-03-25 00:00:00-04:00,64.43986511230469,65.73085019612057,63.33756444535413,64.43986511230469,68786000,0.0,0.0,META
2014-03-26 00:00:00-04:00,64.29090380571452,64.49944615024054,59.95121906318371,59.9710807800293,97503900,0.0,0.0,META
2014-03-27 00:00:00-04:00,60.09024998869373,61.470610959625944,57.57780141265504,60.547061920166016,112650000,0.0,0.0,META
2014-03-28 00:00:00-04:00,60.914491424670196,61.52026052893936,58.9283652012225,59.59371566772461,67052000,0.0,0.0,META
2014-03-31 00:00:00-04:00,60.358375691115924,61.09324407245866,59.4546883964122,59.82212448120117,53011000,0.0,0.0,META
2014-04-01 00:00:00-04:00,60.040599213013216,62.22533897609889,59.82212788846944,62.18561553955078,59291000,0.0,0.0,META
2014-04-02 00:00:00-04:00,62.771518543346396,63.46666348097707,61.77845542908405,62.28491973876953,66277000,0.0,0.0,META
2014-04-03 00:00:00-04:00,62.11609850514622,62.73179658981096,58.71982439258382,59.077327728271484,83859000,0.0,0.0,META
2014-04-04 00:00:00-04:00,59.5242007938147,59.78239932098162,55.92931343592798,56.35633087158203,125214400,0.0,0.0,META
2014-04-07 00:00:00-04:00,55.51223135418393,57.597662444644186,55.055419428150365,56.55494689941406,108488000,0.0,0.0,META
2014-04-08 00:00:00-04:00,57.27988208742989,58.302735907058384,56.77341776577493,57.78634262084961,78836000,0.0,0.0,META
2014-04-09 00:00:00-04:00,59.21635556276684,62.02672225363973,58.77940536065239,61.97706985473633,100215000,0.0,0.0,META
2014-04-10 00:00:00-04:00,62.64242822890279,62.74173303321949,58.27294865072942,58.74961853027344,114988000,0.0,0.0,META
2014-04-11 00:00:00-04:00,57.200436252673214,59.891640283662454,56.91245081658082,58.123985290527344,91452000,0.0,0.0,META
2014-04-14 00:00:00-04:00,59.673163790966996,60.030667124829634,57.379186590838515,58.48148727416992,72325000,0.0,0.0,META
2014-04-15 00:00:00-04:00,58.878712867513144,59.26600687539032,55.492367804370126,58.68009948730469,108623000,0.0,0.0,META
2014-04-16 00:00:00-04:00,59.37524684472265,59.772469833099734,57.33946813811365,59.30573272705078,78774000,0.0,0.0,META
2014-04-17 00:00:00-04:00,58.88864270581338,60.15976608507182,58.31266806171917,58.5311393737793,88040000,0.0,0.0,META
2014-04-21 00:00:00-04:00,59.04753066345367,60.815185546875,58.739683528766435,60.815185546875,60364000,0.0,0.0,META
2014-04-22 00:00:00-04:00,62.215404558675665,62.999921526452944,61.78838712379477,62.59276580810547,60631000,0.0,0.0,META
2014-04-23 00:00:00-04:00,63.0098549207027,63.03964560168877,60.83504429107711,60.93435287475586,95908700,0.0,0.0,META
2014-04-24 00:00:00-04:00,63.158815897197975,63.20847208612941,59.35538593799475,60.44775390625,138769000,0.0,0.0,META
2014-04-25 00:00:00-04:00,59.554002107244926,59.593721756713535,57.17064888029451,57.30967712402344,92502000,0.0,0.0,META
2014-04-28 00:00:00-04:00,57.647315038135226,57.90551357827055,54.280831569357055,55.75056457519531,107758000,0.0,0.0,META
2014-04-29 00:00:00-04:00,55.70090884978679,57.87571565234743,55.452643077375235,57.746620178222656,75557000,0.0,0.0,META
2014-04-30 00:00:00-04:00,57.180578562559184,59.434828601773305,56.7634900655395,59.36531448364258,76093000,0.0,0.0,META
2014-05-01 00:00:00-04:00,60.01080811930159,61.84797348237992,59.79233300801657,60.72581481933594,82429000,0.0,0.0,META
2014-05-02 00:00:00-04:00,60.8747691901094,61.46067658909682,59.76253954377631,60.04059600830078,54189000,0.0,0.0,META
2014-05-05 00:00:00-04:00,59.25607162759117,60.92441788991234,58.7694728442179,60.79532241821289,46057000,0.0,0.0,META
2014-05-06 00:00:00-04:00,60.55699077962441,60.725813485974726,58.08426564335842,58.123985290527344,55901000,0.0,0.0,META
2014-05-07 00:00:00-04:00,58.36232198072772,58.888644239801835,55.86973134424687,56.99189376831055,78587000,0.0,0.0,META
2014-05-08 00:00:00-04:00,56.83299755680927,58.411967948389716,56.108061989235644,56.36625671386719,61251000,0.0,0.0,META
2014-05-09 00:00:00-04:00,56.45563965139273,57.25009321730818,55.98890253788806,56.84293746948242,52584000,0.0,0.0,META
2014-05-12 00:00:00-04:00,57.57780128776496,59.48448451575905,57.57780128776496,59.41497039794922,48575000,0.0,0.0,META
2014-05-13 00:00:00-04:00,59.246147691671545,60.46761491806114,59.09718670308745,59.41497039794922,48525000,0.0,0.0,META
2014-05-14 00:00:00-04:00,59.117044297303174,60.03066430630475,58.5410696773058,58.81912612915039,47429000,0.0,0.0,META
2014-05-15 00:00:00-04:00,58.84892383988174,58.96809415196756,57.12099598522768,57.518218994140625,56814000,0.0,0.0,META
2014-05-16 00:00:00-04:00,57.90551624368103,58.044544484814054,56.912453049033175,57.61752700805664,47933000,0.0,0.0,META
2014-05-19 00:00:00-04:00,57.48842379116857,59.14684118242707,57.17064389372416,58.79926681518555,43034000,0.0,0.0,META
2014-05-20 00:00:00-04:00,59.087252175781195,59.77246432464332,57.77640923729325,58.15377426147461,53931000,0.0,0.0,META
2014-05-21 00:00:00-04:00,58.15378039423128,60.08032157348406,57.84592944885036,60.07039260864258,58992000,0.0,0.0,META
2014-05-22 00:00:00-04:00,60.517270120459415,61.053525158311366,59.981018870842945,60.10018539428711,54200000,0.0,0.0,META
2014-05-23 00:00:00-04:00,59.990948969423776,61.02373562741328,59.73275419904418,60.9244270324707,38294000,0.0,0.0,META
2014-05-27 00:00:00-04:00,61.1925444438916,63.06943301342622,61.142892048743555,63.039642333984375,55682000,0.0,0.0,META
2014-05-28 00:00:00-04:00,62.95027241713663,63.69506977898299,62.185613337719474,63.06943893432617,47795000,0.0,0.0,META
2014-05-29 00:00:00-04:00,63.39714743935921,63.8539593370958,63.06943480325915,63.3872184753418,42700000,0.0,0.0,META
2014-05-30 00:00:00-04:00,63.506389631386305,63.724860949869836,62.12603244963065,62.860897064208984,45253500,0.0,0.0,META
2014-06-02 00:00:00-04:00,62.791390384720074,63.14889376961608,61.619575417887944,62.642433166503906,35996000,0.0,0.0,META
2014-06-03 00:00:00-04:00,62.18561026259247,62.98005998496204,61.88769209023327,62.433876037597656,32217000,0.0,0.0,META
2014-06-04 00:00:00-04:00,62.01679015630581,63.14888146234947,61.63942512487959,62.90061569213867,36514000,0.0,0.0,META
2014-06-05 00:00:00-04:00,63.21839260219975,63.91353748374886,62.38421950198778,62.751651763916016,47352000,0.0,0.0,META
2014-06-06 00:00:00-04:00,62.93041211007046,63.03964966504066,61.718877616978716,62.06644821166992,42442000,0.0,0.0,META
2014-06-09 00:00:00-04:00,61.967139670365015,62.90061763137226,61.361370566257115,62.443809509277344,37617000,0.0,0.0,META
2014-06-10 00:00:00-04:00,63.089299556098275,65.36341503727982,63.05950887437715,65.31375885009766,69338000,0.0,0.0,META
2014-06-11 00:00:00-04:00,64.86688418526141,65.34355782745702,64.44979948363431,65.32369232177734,44242000,0.0,0.0,META
2014-06-12 00:00:00-04:00,65.39321622719527,66.00891819542885,63.61563202630939,63.84403991699219,55730000,0.0,0.0,META
2014-06-13 00:00:00-04:00,64.25117610712253,64.51930737262231,63.38721610521608,64.05256652832031,29419000,0.0,0.0,META
2014-06-16 00:00:00-04:00,63.714937405148945,64.42993653208053,63.307777863750594,63.744728088378906,31046000,0.0,0.0,META
2014-06-17 00:00:00-04:00,63.65534417860587,64.4299321963432,63.486525267349336,63.95326614379883,27715000,0.0,0.0,META
2014-06-18 00:00:00-04:00,64.0426424989403,65.29390422992948,63.605699850770584,65.14494323730469,35570000,0.0,0.0,META
2014-06-19 00:00:00-04:00,65.00591792895459,65.12508824372185,63.7645888952292,63.89368438720703,34245000,0.0,0.0,META
2014-06-20 00:00:00-04:00,64.0128430972659,64.3604136484047,62.91054250903304,64.05256652832031,46466000,0.0,0.0,META
2014-06-23 00:00:00-04:00,63.87382269569575,65.2045312812679,63.77451789413859,64.91654205322266,34560000,0.0,0.0,META
2014-06-24 00:00:00-04:00,64.90660343600533,66.70404518414962,64.81722381914958,65.26410675048828,57335000,0.0,0.0,META
2014-06-25 00:00:00-04:00,65.12508510816951,67.01190666388226,65.11515235496601,66.97218322753906,44308000,0.0,0.0,META
2014-06-26 00:00:00-04:00,67.52829723567693,67.52829723567693,66.43592923686457,66.6643295288086,47714000,0.0,0.0,META
2014-06-27 00:00:00-04:00,66.84307615479625,67.23037016531677,66.37633527635604,67.13106536865234,46461000,0.0,0.0,META
2014-06-30 00:00:00-04:00,66.99203821400442,67.448846347174,66.66432556092502,66.8232192993164,27102800,0.0,0.0,META
2014-07-01 00:00:00-04:00,67.11121687402104,67.96525188303715,66.9225324303052,67.58788299560547,33243000,0.0,0.0,META
2014-07-02 00:00:00-04:00,67.56802637126303,67.82622494505812,65.33363399487128,65.98905181884766,41895000,0.0,0.0,META
2014-07-03 00:00:00-04:00,66.39620778313471,66.53523602841969,65.3038397516937,65.83016204833984,25203200,0.0,0.0,META
2014-07-07 00:00:00-04:00,65.84008537289273,66.10820907140915,64.66827063297241,64.83708953857422,28745000,0.0,0.0,META
2014-07-08 00:00:00-04:00,64.60869064355674,65.1052222533633,61.778461982953665,62.32464599609375,68926000,0.0,0.0,META
2014-07-09 00:00:00-04:00,62.97013766372768,64.66827862296469,62.71194289730785,64.51931762695312,51432000,0.0,0.0,META
2014-07-10 00:00:00-04:00,62.87081855809267,64.88673140479538,62.612620062166584,64.41999816894531,44422000,0.0,0.0,META
2014-07-11 00:00:00-04:00,64.82716199149415,66.12807230901015,64.34056316361324,65.87980651855469,39212000,0.0,0.0,META
2014-07-14 00:00:00-04:00,66.66433031339984,67.69711695715951,66.4359300187677,67.42899322509766,38537000,0.0,0.0,META
2014-07-15 00:00:00-04:00,67.48858437137314,67.61767987937101,65.80037970659801,66.70406341552734,44213200,0.0,0.0,META
2014-07-16 00:00:00-04:00,67.07149587576107,67.46872270918738,66.60475491472053,67.19066619873047,29541600,0.0,0.0,META
2014-07-17 00:00:00-04:00,66.56501984815517,67.37933130504743,65.58188947889424,65.94932556152344,38188000,0.0,0.0,META
2014-07-18 00:00:00-04:00,66.33662365698372,67.98510460104848,65.70106382596227,67.94538116455078,42456000,0.0,0.0,META
2014-07-21 00:00:00-04:00,68.3326755105403,69.47469969151187,68.02482834687184,68.91858673095703,49539000,0.0,0.0,META
2014-07-22 00:00:00-04:00,69.27608083932076,69.28600601481263,68.13405681075851,68.78947448730469,40398000,0.0,0.0,META
2014-07-23 00:00:00-04:00,69.25622777838711,70.83520225931476,69.12713228557013,70.79547882080078,78435000,0.0,0.0,META
2014-07-24 00:00:00-04:00,75.43307464126073,76.20766267243438,73.99313612961438,74.45987701416016,124168000,0.0,0.0,META
2014-07-25 00:00:00-04:00,74.46979410405248,75.14507726393639,74.14208906400425,74.66841125488281,45917000,0.0,0.0,META
2014-07-28 00:00:00-04:00,74.64856489210885,74.97627759265508,73.33772166639547,74.40029907226562,41725000,0.0,0.0,META
2014-07-29 00:00:00-04:00,74.20167287252745,74.40028245344992,72.9106878671218,73.19867706298828,41324000,0.0,0.0,META
2014-07-30 00:00:00-04:00,73.69521589159203,74.66842111803997,73.61576902076554,74.16195678710938,36853000,0.0,0.0,META
2014-07-31 00:00:00-04:00,73.48667565391472,73.65549457692882,71.93749951054609,72.14604187011719,43992000,0.0,0.0,META
2014-08-01 00:00:00-04:00,71.71901925560555,72.71208236891724,71.05366878803959,71.85804748535156,43535000,0.0,0.0,META
2014-08-04 00:00:00-04:00,71.85805212461207,73.36750482065138,71.85805212461207,73.00007629394531,30777000,0.0,0.0,META
2014-08-05 00:00:00-04:00,72.69221723335176,73.07951124339446,71.67929618627167,72.18576049804688,34986000,0.0,0.0,META
2014-08-06 00:00:00-04:00,71.52039462659845,73.20860628900913,71.29199437718509,71.96727752685547,30986000,0.0,0.0,META
2014-08-07 00:00:00-04:00,72.49360327856476,73.48666633717525,72.19568133039368,72.66242218017578,38141000,0.0,0.0,META
2014-08-08 00:00:00-04:00,72.89083755327194,72.92062823587504,72.0566605580317,72.55319213867188,27202000,0.0,0.0,META
2014-08-11 00:00:00-04:00,72.9504228110092,73.3973058033128,72.55319601000748,72.9305648803711,24591000,0.0,0.0,META
2014-08-12 00:00:00-04:00,72.5829666049905,72.82130716550728,71.71900669664133,72.32477569580078,27419000,0.0,0.0,META
2014-08-13 00:00:00-04:00,72.61278523310064,73.73494394199467,72.54327111089431,73.25827026367188,29266000,0.0,0.0,META
2014-08-14 00:00:00-04:00,73.45689422307375,73.8640462402429,73.17883770862227,73.78460693359375,22207000,0.0,0.0,META
2014-08-15 00:00:00-04:00,73.80445583134038,74.13216850174332,72.49361272619943,73.1192398071289,38846600,0.0,0.0,META
2014-08-18 00:00:00-04:00,73.48668236391569,74.20168913428654,73.44695892373159,74.07258605957031,23974000,0.0,0.0,META
2014-08-19 00:00:00-04:00,74.2910646145893,75.0557276145326,73.99315016419227,74.76773834228516,26679000,0.0,0.0,META
2014-08-20 00:00:00-04:00,74.4499322254138,74.65847454036405,74.10236170049673,74.2910385131836,22917000,0.0,0.0,META
2014-08-21 00:00:00-04:00,74.40029737013998,74.66842869226043,73.89384056430599,74.05272674560547,20102000,0.0,0.0,META
2014-08-22 00:00:00-04:00,73.82431886292771,74.21162050337631,73.0596634889518,74.05272674560547,20897000,0.0,0.0,META
2014-08-25 00:00:00-04:00,74.42014872538849,74.75778653173485,74.27118774992452,74.49958801269531,19734000,0.0,0.0,META
2014-08-26 00:00:00-04:00,74.47973524915909,75.46286563303626,74.21161153590913,75.43307495117188,23993000,0.0,0.0,META
2014-08-27 00:00:00-04:00,74.7478568414131,74.96633193751327,73.94347814801725,74.11229705810547,36323000,0.0,0.0,META
2014-08-28 00:00:00-04:00,73.48667686260625,73.91369434202888,73.21855313202504,73.34764862060547,21947000,0.0,0.0,META
2014-08-29 00:00:00-04:00,73.78458256804572,74.30097198486328,73.49659339418754,74.30097198486328,26241000,0.0,0.0,META
2014-09-02 00:00:00-04:00,74.48966535747087,76.16793684683816,74.3009809437343,76.14807891845703,34979000,0.0,0.0,META
2014-09-03 00:00:00-04:00,76.60490374725511,76.94254921515305,75.07558532830154,75.30399322509766,32389000,0.0,0.0,META
2014-09-04 00:00:00-04:00,75.36356773969892,76.39635440562404,75.0060643716298,75.42314910888672,26676000,0.0,0.0,META
2014-09-05 00:00:00-04:00,75.57211069822452,76.84323042729403,75.07557908052728,76.72406768798828,29476000,0.0,0.0,META
2014-09-08 00:00:00-04:00,76.72405863202104,77.62774212980054,76.47579285247598,77.34968566894531,28183000,0.0,0.0,META
2014-09-09 00:00:00-04:00,77.0517616730824,77.6277400848065,75.67140458129299,76.13814544677734,28882000,0.0,0.0,META
2014-09-10 00:00:00-04:00,75.98919215887146,77.4092728272505,75.97926698200519,76.89288330078125,29909000,0.0,0.0,META
2014-09-11 00:00:00-04:00,76.59495766071593,77.81642866294253,76.5155183672186,77.37947845458984,32219000,0.0,0.0,META
2014-09-12 00:00:00-04:00,77.47879051112128,77.75685458205456,76.5651741503256,76.94254302978516,26676800,0.0,0.0,META
2014-09-15 00:00:00-04:00,76.61483250855795,76.71413731989136,72.92063594577242,74.06266021728516,49679000,0.0,0.0,META
2014-09-16 00:00:00-04:00,73.00999191101837,75.70119943675905,72.56311657027742,75.55223846435547,37742000,0.0,0.0,META
2014-09-17 00:00:00-04:00,75.43306993558615,76.71412220587027,75.04577594415954,75.89981079101562,28693000,0.0,0.0,META
2014-09-18 00:00:00-04:00,76.23745061354424,76.79357109979466,75.98918483932518,76.46585845947266,23031000,0.0,0.0,META
2014-09-19 00:00:00-04:00,76.8630807117545,77.75683896189102,75.90974110376547,77.36954498291016,76671000,0.0,0.0,META
2014-09-22 00:00:00-04:00,76.46585965292216,76.99218189024599,75.42314035433967,76.26725006103516,31961000,0.0,0.0,META
2014-09-23 00:00:00-04:00,75.80050735124736,78.08454790854437,75.51251814645272,77.74691009521484,36814000,0.0,0.0,META
2014-09-24 00:00:00-04:00,77.55823561277403,78.0746327276413,76.97233195235388,77.99518585205078,30680000,0.0,0.0,META
2014-09-25 00:00:00-04:00,78.05475815186598,78.39240354566145,76.59495418249683,76.68433380126953,37533000,0.0,0.0,META
2014-09-26 00:00:00-04:00,77.05175851326733,78.29308732738599,76.79356757498891,78.24343872070312,28872000,0.0,0.0,META
2014-09-29 00:00:00-04:00,77.57810292716869,78.65060546674141,77.36956055623868,78.45199584960938,34031000,0.0,0.0,META
2014-09-30 00:00:00-04:00,78.799561638167,79.15706498827012,78.05476425486397,78.49171447753906,35899000,0.0,0.0,META
2014-10-01 00:00:00-04:00,78.2335162145768,78.27323965100733,75.37349697981612,76.01898956298828,55090000,0.0,0.0,META
2014-10-02 00:00:00-04:00,76.03884663592878,76.94253775747838,75.11529758462314,76.5453109741211,36488000,0.0,0.0,META
2014-10-03 00:00:00-04:00,77.2206043549015,77.5185187991168,76.7240727047376,76.90282440185547,23340000,0.0,0.0,META
2014-10-06 00:00:00-04:00,76.65455174620612,77.34969296390395,76.31690631441644,77.02198028564453,25729000,0.0,0.0,META
2014-10-07 00:00:00-04:00,76.5155103673172,77.40926104336474,75.7111241518168,75.76078033447266,25317000,0.0,0.0,META
2014-10-08 00:00:00-04:00,75.65156050741878,77.17094610422338,74.57905035327263,76.98226165771484,32976000,0.0,0.0,META
2014-10-09 00:00:00-04:00,76.74391443687738,77.22058805405909,75.32383391412097,75.3834228515625,32487000,0.0,0.0,META
2014-10-10 00:00:00-04:00,75.06563773258789,75.96932881004054,72.2552748562947,72.40423583984375,52146000,0.0,0.0,META
2014-10-13 00:00:00-04:00,72.72201369327577,74.26125694279754,72.0169322293777,72.48367309570312,43938000,0.0,0.0,META
2014-10-14 00:00:00-04:00,73.48667307788804,73.66542474789308,71.55020296655896,73.07951354980469,50299000,0.0,0.0,META
2014-10-15 00:00:00-04:00,71.19269586338908,73.28805960461784,69.83219669268338,72.7021484375,61528000,0.0,0.0,META
2014-10-16 00:00:00-04:00,70.29893490424917,72.84117391257138,70.09039257089178,72.12616729736328,53529000,0.0,0.0,META
2014-10-17 00:00:00-04:00,73.71508672157678,75.47280530085733,73.2384130386609,75.42314910888672,76342000,0.0,0.0,META
2014-10-20 00:00:00-04:00,75.07558011823897,76.55524223801702,74.85710499119699,76.41621398925781,34701000,0.0,0.0,META
2014-10-21 00:00:00-04:00,77.02197593593388,78.19379076278432,76.61482398183881,78.1441421508789,32252000,0.0,0.0,META
2014-10-22 00:00:00-04:00,78.27324567466744,79.29609961793898,77.46886686034155,77.82637023925781,41862000,0.0,0.0,META
2014-10-23 00:00:00-04:00,78.82934644337459,80.07067532298696,78.46191794395027,79.48477172851562,35056000,0.0,0.0,META
2014-10-24 00:00:00-04:00,79.64366406110004,80.25936596066003,78.76977118961848,80.11040496826172,32248000,0.0,0.0,META
2014-10-27 00:00:00-04:00,80.17991451215117,80.23950345159236,79.20671689343268,79.72310638427734,30169000,0.0,0.0,META
2014-10-28 00:00:00-04:00,79.62380553198554,80.59701077539007,79.01803639020257,80.20970916748047,74212000,0.0,0.0,META
2014-10-29 00:00:00-04:00,74.9266112259803,76.34669182575075,74.26126073748232,75.33377075195312,106120000,0.0,0.0,META
2014-10-30 00:00:00-04:00,74.52938315850143,74.82729752052603,72.3942961365451,73.59590148925781,83270000,0.0,0.0,META
2014-10-31 00:00:00-04:00,74.41020624584756,75.17486137444529,73.93353270197116,74.46978759765625,44544000,0.0,0.0,META
2014-11-03 00:00:00-05:00,74.94646680627717,74.99611541104741,73.18874103037548,73.36749267578125,40727000,0.0,0.0,META
2014-11-04 00:00:00-05:00,73.71507366637029,75.24438409879926,73.13909527799221,75.23445892333984,39326000,0.0,0.0,META
2014-11-05 00:00:00-05:00,75.97925158496804,76.2672407616183,73.903745993409,74.31090545654297,35913000,0.0,0.0,META
2014-11-06 00:00:00-05:00,74.37048663502311,75.07556044798874,73.79450828308974,74.73792266845703,21383000,0.0,0.0,META
2014-11-07 00:00:00-05:00,74.86702681015255,75.33376768130339,74.49959073411524,75.07556915283203,20774000,0.0,0.0,META
2014-11-10 00:00:00-05:00,74.83723200260195,74.95640229604905,74.09243471561466,74.47972869873047,21575100,0.0,0.0,META
2014-11-11 00:00:00-05:00,74.43009088632671,74.45988914939556,73.51647447381183,74.09245300292969,18715700,0.0,0.0,META
2014-11-12 00:00:00-05:00,73.76472523027374,74.61876009514953,73.02986066391671,74.20167541503906,26536600,0.0,0.0,META
2014-11-13 00:00:00-05:00,74.22153072207868,74.71806225033323,73.12916287521264,73.73493194580078,26448500,0.0,0.0,META
2014-11-14 00:00:00-05:00,73.75480363135432,74.41022900761757,73.52640332857503,74.3605728149414,19476900,0.0,0.0,META
2014-11-17 00:00:00-05:00,74.36057360829523,75.13516930936267,73.36751035594713,73.72501373291016,28701200,0.0,0.0,META
2014-11-18 00:00:00-05:00,73.93355549510122,74.28113369172475,73.38737525671094,73.8243179321289,20690500,0.0,0.0,META
2014-11-19 00:00:00-05:00,73.49661049720301,74.0229327877263,72.60285209043181,72.82132720947266,25441200,0.0,0.0,META
2014-11-20 00:00:00-05:00,72.29500103979308,73.47674104755889,72.00701181437114,73.08944702148438,19154900,0.0,0.0,META
2014-11-21 00:00:00-05:00,73.98320834919558,73.98320834919558,72.99014514987752,73.23841094970703,23060400,0.0,0.0,META
2014-11-24 00:00:00-05:00,73.02986403262636,73.8342427494394,72.84117961205226,73.4966049194336,22103800,0.0,0.0,META
2014-11-25 00:00:00-05:00,73.69521410952379,75.21459948910379,73.61576724061845,75.10536193847656,32250200,0.0,0.0,META
2014-11-26 00:00:00-05:00,75.00606731922609,77.2404596692299,74.98620938754016,77.08157348632812,32695300,0.0,0.0,META
2014-11-28 00:00:00-05:00,77.13121243076439,77.72704880074737,76.69426980022781,77.16100311279297,15992000,0.0,0.0,META
2014-12-01 00:00:00-05:00,76.72405270419671,76.7737013103876,74.28111853139467,74.57903289794922,31789900,0.0,0.0,META
2014-12-02 00:00:00-05:00,74.80745845662916,75.38343697550272,74.5194691971924,74.93655395507812,16773900,0.0,0.0,META
2014-12-03 00:00:00-05:00,74.85710443581794,75.20468263160855,73.88390670172383,74.3605728149414,16689900,0.0,0.0,META
2014-12-04 00:00:00-05:00,74.31091143507102,75.02591805855889,74.14209253132249,74.71806335449219,14362800,0.0,0.0,META
2014-12-05 00:00:00-05:00,75.2741940360159,76.22753380448067,74.83724380095958,75.83030700683594,24306400,0.0,0.0,META
2014-12-08 00:00:00-05:00,75.65155890806807,76.7141362855994,74.87697078305084,75.98919677734375,25733900,0.0,0.0,META
2014-12-09 00:00:00-05:00,74.67834573165068,76.39634831208859,74.26126102766132,76.30696868896484,25358600,0.0,0.0,META
2014-12-10 00:00:00-05:00,76.11828350444475,77.01204175542344,75.54230512309518,75.65154266357422,32210500,0.0,0.0,META
2014-12-11 00:00:00-05:00,75.98919042499215,77.97531676473703,75.94947456549149,77.19080352783203,33462100,0.0,0.0,META
2014-12-12 00:00:00-05:00,76.62475722677561,78.3328195014065,76.48572141372419,77.29010772705078,28091600,0.0,0.0,META
2014-12-15 00:00:00-05:00,77.91572116363679,78.03489144977826,76.0288999703115,76.45591735839844,29396500,0.0,0.0,META
2014-12-16 00:00:00-05:00,75.66147722448606,76.85314986997132,74.07257026187916,74.17188262939453,31554600,0.0,0.0,META
2014-12-17 00:00:00-05:00,74.48967090184142,75.87996086257753,74.38043334643905,75.58203887939453,29203900,0.0,0.0,META
2014-12-18 00:00:00-05:00,76.35662786135207,77.85615539550781,75.97926657772747,77.85615539550781,34222100,0.0,0.0,META
2014-12-19 00:00:00-05:00,78.20371580084147,79.44504462307704,77.78663113492308,79.32587432861328,43335000,0.0,0.0,META
2014-12-22 00:00:00-05:00,79.52449527243515,81.3219370681431,79.44504840567662,80.8849868774414,31395800,0.0,0.0,META
2014-12-23 00:00:00-05:00,81.45103446843625,81.59999545300992,79.84227704915766,80.05081939697266,19865800,0.0,0.0,META
2014-12-24 00:00:00-05:00,80.46790771392996,80.86513449851283,80.18985123766316,80.20970916748047,7685500,0.0,0.0,META
2014-12-26 00:00:00-05:00,80.45796802939485,80.71616655360074,79.9515113097415,80.21963500976562,10647400,0.0,0.0,META
2014-12-29 00:00:00-05:00,79.931653321883,80.39839422921521,79.1570652528937,79.46491241455078,14134700,0.0,0.0,META
2014-12-30 00:00:00-05:00,79.2960829257879,80.03094746043647,78.55128563924048,78.67045593261719,14370800,0.0,0.0,META
2014-12-31 00:00:00-05:00,78.9882350875941,79.24643359932985,77.31988887782495,77.47877502441406,19935400,0.0,0.0,META
2015-01-02 00:00:00-05:00,78.03489528010238,78.38246582782209,77.16099495844173,77.90579223632812,18177500,0.0,0.0,META
2015-01-05 00:00:00-05:00,77.43907716728613,78.70026418717447,76.3268435767957,76.65455627441406,26452200,0.0,0.0,META
2015-01-06 00:00:00-05:00,76.69426748682473,77.05176323685461,74.83723673953054,75.62175750732422,27399300,0.0,0.0,META
2015-01-07 00:00:00-05:00,76.22752661186782,76.82336296387801,75.29404486195402,75.62175750732422,22045300,0.0,0.0,META
2015-01-08 00:00:00-05:00,76.20766664381,77.6873362435156,75.55224888191928,77.63768005371094,23961000,0.0,0.0,META
2015-01-09 00:00:00-05:00,77.65752984848196,78.0746221003231,76.66446676818694,77.20072174072266,21157000,0.0,0.0,META
2015-01-12 00:00:00-05:00,77.30003104163643,77.45892478045602,75.68134085388192,76.18780517578125,19190200,0.0,0.0,META
2015-01-13 00:00:00-05:00,76.6942656784468,77.53836778859728,75.32383376701954,75.91967010498047,25179600,0.0,0.0,META
2015-01-14 00:00:00-05:00,75.88989036793856,76.66447847663105,75.50259631359233,75.75086212158203,25918600,0.0,0.0,META
2015-01-15 00:00:00-05:00,75.87003599541677,76.03885493441466,73.02987441268714,73.53633880615234,34134000,0.0,0.0,META
2015-01-16 00:00:00-05:00,73.52638655203198,74.79750599920874,73.32776940311716,74.65847778320312,21791500,0.0,0.0,META
2015-01-20 00:00:00-05:00,75.19474633651272,75.78064998484794,74.30098794573189,75.71113586425781,22821600,0.0,0.0,META
2015-01-21 00:00:00-05:00,75.6316860455025,76.76377732418045,75.32383134588316,76.20765686035156,25096700,0.0,0.0,META
2015-01-22 00:00:00-05:00,76.63467739287881,77.21065580760997,76.14807859666051,77.1113510131836,19519500,0.0,0.0,META
2015-01-23 00:00:00-05:00,77.11135605480828,77.64761107153579,76.50558691979039,77.29010772705078,16746500,0.0,0.0,META
2015-01-26 00:00:00-05:00,77.43906836365275,77.92566718946722,76.75385236043499,76.96239471435547,19260800,0.0,0.0,META
2015-01-27 00:00:00-05:00,76.1778826415747,76.34670157936321,75.10537249008621,75.25433349609375,20110000,0.0,0.0,META
2015-01-28 00:00:00-05:00,76.36656120965407,77.10142585253124,75.47280281887322,75.71113586425781,53306400,0.0,0.0,META
2015-01-29 00:00:00-05:00,76.31690675375657,77.47878889994209,73.69522046553081,77.45893096923828,61293500,0.0,0.0,META
2015-01-30 00:00:00-05:00,77.45892107441489,77.61781480563216,75.22452912034522,75.3834228515625,42649500,0.0,0.0,META
2015-02-02 00:00:00-05:00,75.58202081572189,75.61181149162624,73.23839167597323,74.46978759765625,41955300,0.0,0.0,META
2015-02-03 00:00:00-05:00,74.6684108002501,75.05570477142412,73.34763516703124,74.876953125,26957700,0.0,0.0,META
2015-02-04 00:00:00-05:00,74.5691069380712,75.82036860568373,74.48966764563629,75.10536193847656,20277400,0.0,0.0,META
2015-02-05 00:00:00-05:00,75.18479978109163,75.45293103733911,74.68826827474989,75.08549499511719,15062600,0.0,0.0,META
2015-02-06 00:00:00-05:00,75.15502818769119,75.17488611934097,73.734947415882,73.95342254638672,21211000,0.0,0.0,META
2015-02-09 00:00:00-05:00,73.53632811514285,74.31091614755246,72.94048417347045,73.92362213134766,16194300,0.0,0.0,META
2015-02-10 00:00:00-05:00,74.33076588670606,74.81736464741854,73.98319534334,74.66841125488281,15811300,0.0,0.0,META
2015-02-11 00:00:00-05:00,74.56910788238324,76.21759633892779,74.50952651818494,75.97926330566406,20877400,0.0,0.0,META
2015-02-12 00:00:00-05:00,76.32683710178468,76.33676985505909,75.36356459888064,75.70121002197266,17235000,0.0,0.0,META
2015-02-13 00:00:00-05:00,75.92959857580423,75.94946407928249,74.9762589735291,75.21459197998047,18621900,0.0,0.0,META
2015-02-17 00:00:00-05:00,74.77765476749144,76.376486971171,74.55917967235953,75.07556915283203,25254400,0.0,0.0,META
2015-02-18 00:00:00-05:00,75.41322398135462,76.36656377134332,74.92661754442979,76.1778793334961,22426400,0.0,0.0,META
2015-02-19 00:00:00-05:00,76.45593564762703,79.28616432640685,76.41621220941086,78.86907958984375,45851200,0.0,0.0,META
2015-02-20 00:00:00-05:00,78.99817830670982,79.7826915447347,78.65060013558173,79.34574890136719,36931700,0.0,0.0,META
2015-02-23 00:00:00-05:00,79.40533195269042,79.63373982058259,77.83629029039355,78.29309844970703,24139100,0.0,0.0,META
2015-02-24 00:00:00-05:00,77.9554484187751,78.92865352885998,77.55822168860841,77.90579223632812,18897100,0.0,0.0,META
2015-02-25 00:00:00-05:00,77.9554428386105,79.64364685038764,77.9554428386105,79.00808715820312,25593800,0.0,0.0,META
2015-02-26 00:00:00-05:00,79.32587358918418,80.8055429865547,79.16698744118341,79.85220336914062,31111900,0.0,0.0,META
2015-02-27 00:00:00-05:00,80.12032465811072,80.66651234902675,78.07461726389721,78.42218780517578,30739200,0.0,0.0,META
2015-03-02 00:00:00-05:00,78.45198762229991,79.30602252405271,77.97531398411236,79.19678497314453,21662500,0.0,0.0,META
2015-03-03 00:00:00-05:00,79.05776142766162,79.14713347835591,77.97531860715962,79.0478286743164,18635000,0.0,0.0,META
2015-03-04 00:00:00-05:00,78.74992166767137,80.5870872328134,78.30303864276334,80.33882141113281,28126700,0.0,0.0,META
2015-03-05 00:00:00-05:00,80.6665253574763,81.42124791839801,80.48777368221153,80.64665985107422,27825700,0.0,0.0,META
2015-03-06 00:00:00-05:00,80.33881218988574,80.76582965722238,79.27623489811376,79.45498657226562,24488600,0.0,0.0,META
2015-03-09 00:00:00-04:00,79.12727193792354,79.35567979561701,78.084552601906,78.8889389038086,18925100,0.0,0.0,META
2015-03-10 00:00:00-04:00,77.95546145586746,78.71019161175653,77.01205444335938,77.01205444335938,23067100,0.0,0.0,META
2015-03-11 00:00:00-04:00,77.26031397980698,77.88594101960423,76.72405898435062,77.03190612792969,20215700,0.0,0.0,META
2015-03-12 00:00:00-04:00,77.55823255197733,78.5016471153234,77.36955570048472,78.38247680664062,16093300,0.0,0.0,META
2015-03-13 00:00:00-04:00,78.05475558062915,78.82934356094893,77.14113937699403,77.50857543945312,18557300,0.0,0.0,META
2015-03-16 00:00:00-04:00,77.41918958929082,77.57808330398166,76.8233533121388,77.52842712402344,19305400,0.0,0.0,META
2015-03-17 00:00:00-04:00,77.8164233122569,79.22657106310672,77.79655780789562,78.80948638916016,22170000,0.0,0.0,META
2015-03-18 00:00:00-04:00,78.70026617542835,80.6764600122384,78.62081929342803,80.3487548828125,36912400,0.0,0.0,META
2015-03-19 00:00:00-04:00,80.55728932944608,82.42424541369665,80.4381190181859,82.17597961425781,42099500,0.0,0.0,META
2015-03-20 00:00:00-04:00,82.81153705823525,84.0131425835697,82.49375714720854,83.21869659423828,44466300,0.0,0.0,META
2015-03-23 00:00:00-04:00,83.33786545909886,84.37065214006462,82.72217109793537,83.84432983398438,27357300,0.0,0.0,META
2015-03-24 00:00:00-04:00,84.12237956035996,85.47294606706278,83.9336951350723,84.71821594238281,32576500,0.0,0.0,META
2015-03-25 00:00:00-04:00,84.90690785932544,84.9267657906744,82.34480285644531,82.34480285644531,37436100,0.0,0.0,META
2015-03-26 00:00:00-04:00,82.14618436347017,83.188896117259,81.57020592244177,82.43417358398438,32794800,0.0,0.0,META
2015-03-27 00:00:00-04:00,82.80159963027408,83.367645301597,82.30506807379889,82.72216033935547,18372600,0.0,0.0,META
2015-03-30 00:00:00-04:00,83.22863299040948,83.75495532870362,81.83835042754639,82.62286376953125,24527700,0.0,0.0,META
2015-03-31 00:00:00-04:00,82.32493379537134,82.92077014941438,81.63971782116316,81.64965057373047,19734300,0.0,0.0,META
2015-04-01 00:00:00-04:00,81.92769871037353,82.14617378583631,80.30900872398851,81.10345458984375,22058200,0.0,0.0,META
2015-04-02 00:00:00-04:00,81.67944821029141,81.9872953778595,80.87506944266077,80.99423217773438,19664100,0.0,0.0,META
2015-04-06 00:00:00-04:00,80.23949552964575,82.23554675680428,80.23949552964575,81.86811828613281,19062900,0.0,0.0,META
2015-04-07 00:00:00-04:00,82.07667507702311,82.84133040813731,81.64965759753906,81.74896240234375,17467000,0.0,0.0,META
2015-04-08 00:00:00-04:00,82.05680673807541,82.52354763866644,81.2722859271946,81.70923614501953,18966700,0.0,0.0,META
2015-04-09 00:00:00-04:00,81.92771113702214,82.22563311719959,81.14319032726085,81.5999984741211,15927300,0.0,0.0,META
2015-04-10 00:00:00-04:00,81.63971276069161,82.03693949758815,81.34179839037158,81.47089385986328,12529700,0.0,0.0,META
2015-04-13 00:00:00-04:00,81.361663571684,83.35772260960907,81.35173081884682,82.43417358398438,26883100,0.0,0.0,META
2015-04-14 00:00:00-04:00,82.59305747671553,83.10945453946718,81.8681256454088,82.94062805175781,19634200,0.0,0.0,META
2015-04-15 00:00:00-04:00,82.97043035417062,83.0796679082906,81.6993031404537,82.1362533569336,22390900,0.0,0.0,META
2015-04-16 00:00:00-04:00,81.89791503390667,82.49375137835561,81.58013514510256,81.73902130126953,13769700,0.0,0.0,META
2015-04-17 00:00:00-04:00,80.91478371701683,81.54041073471984,79.81248308358528,80.21963500976562,24215000,0.0,0.0,META
2015-04-20 00:00:00-04:00,80.97436755278996,82.57319977892496,80.67644558679486,82.51361083984375,28796800,0.0,0.0,META
2015-04-21 00:00:00-04:00,83.41731646229312,83.90391535357777,82.96050825750955,83.03995513916016,27171900,0.0,0.0,META
2015-04-22 00:00:00-04:00,83.73507585341024,84.152160514964,83.06972543000737,84.04292297363281,45548000,0.0,0.0,META
2015-04-23 00:00:00-04:00,83.51659681918187,84.99625856838124,81.83832550048828,81.83832550048828,73728100,0.0,0.0,META
2015-04-24 00:00:00-04:00,82.19582786143474,82.36465434328234,80.91478315453898,80.96443176269531,29660400,0.0,0.0,META
2015-04-27 00:00:00-04:00,81.30207344440339,82.35471783756942,81.06373286082378,81.341796875,25446000,0.0,0.0,META
2015-04-28 00:00:00-04:00,81.26235488513207,81.33186899872577,79.67345544836883,80.12033081054688,23775300,0.0,0.0,META
2015-04-29 00:00:00-04:00,79.45499599476278,80.82542060813068,78.96838952735547,79.91180419921875,26430300,0.0,0.0,META
2015-04-30 00:00:00-04:00,79.45498314284404,80.39839008563872,77.77670402888194,78.22357940673828,28999000,0.0,0.0,META
2015-05-01 00:00:00-04:00,78.69032818530829,79.20672530747963,77.56816946348665,78.44206237792969,24136400,0.0,0.0,META
2015-05-04 00:00:00-04:00,78.77970275304821,79.13720609881658,78.08455399117832,78.2633056640625,14692000,0.0,0.0,META
2015-05-05 00:00:00-04:00,78.00511832042278,78.25338412338216,76.68434243032588,77.02198028564453,22311300,0.0,0.0,META
2015-05-06 00:00:00-04:00,77.42913206201989,78.26330143947112,76.51551581724846,77.5582275390625,28663000,0.0,0.0,META
2015-05-07 00:00:00-04:00,77.45891552091994,78.39239718371924,77.02196536787012,77.88593292236328,19749400,0.0,0.0,META
2015-05-08 00:00:00-04:00,78.5512890243056,78.68039207514468,77.48871181943304,77.96538543701172,19943600,0.0,0.0,META
2015-05-11 00:00:00-04:00,77.9356053697303,78.48178559856532,77.38941756442414,77.46886444091797,18874100,0.0,0.0,META
2015-05-12 00:00:00-04:00,77.32982797341872,77.34968590219526,76.25731798419694,76.92266845703125,21285300,0.0,0.0,META
2015-05-13 00:00:00-04:00,77.1808673605233,77.98524606806659,77.1113532447661,77.8958740234375,21512300,0.0,0.0,META
2015-05-14 00:00:00-04:00,78.39239851089202,81.28220800679394,78.12426724826491,80.8055419921875,49438000,0.0,0.0,META
2015-05-15 00:00:00-04:00,80.84527481605548,80.9545047923888,79.62380380582569,79.86213684082031,27069900,0.0,0.0,META
2015-05-18 00:00:00-04:00,79.77276663820238,80.81547842570524,79.67346183603127,80.3189468383789,21613700,0.0,0.0,META
2015-05-19 00:00:00-04:00,80.68638058880609,81.12333079738835,79.99123941739843,80.0706787109375,17955400,0.0,0.0,META
2015-05-20 00:00:00-04:00,79.91179458304471,80.53742165324869,78.90879865891739,79.99124145507812,23056900,0.0,0.0,META
2015-05-21 00:00:00-04:00,79.63374840489028,80.35868037064209,79.52451083583644,79.92173767089844,13402700,0.0,0.0,META
2015-05-22 00:00:00-04:00,79.79261594673595,80.74595558222103,79.69331115529437,79.9813003540039,19567900,0.0,0.0,META
2015-05-26 00:00:00-04:00,79.87206144361912,80.04088034382778,78.5314278409253,78.77969360351562,16321300,0.0,0.0,META
2015-05-27 00:00:00-04:00,79.0478268967405,80.10047901000638,78.87900797602255,79.99124145507812,14160900,0.0,0.0,META
2015-05-28 00:00:00-04:00,79.69332183355621,80.50763335484025,79.44505603345168,79.5940170288086,11982000,0.0,0.0,META
2015-05-29 00:00:00-04:00,79.39538558873362,79.5145558789183,78.33280845811292,78.64066314697266,16134600,0.0,0.0,META
2015-06-01 00:00:00-04:00,78.74990947572081,79.82241190121921,78.11434967673272,79.73303985595703,18119000,0.0,0.0,META
2015-06-02 00:00:00-04:00,79.20671296091813,80.78567961301412,79.00809580009253,79.88199615478516,18923300,0.0,0.0,META
2015-06-03 00:00:00-04:00,80.78567564805212,81.95749032176546,80.6863708607482,81.86811828613281,31775000,0.0,0.0,META
2015-06-04 00:00:00-04:00,81.57019937048746,82.37457802686747,80.94457236846632,81.48082733154297,20863900,0.0,0.0,META
2015-06-05 00:00:00-04:00,81.30208197440578,81.88798559012032,80.94457863799774,81.57020568847656,16143100,0.0,0.0,META
2015-06-08 00:00:00-04:00,81.2524291413544,81.43118081693822,79.57414994151026,80.11040496826172,16915500,0.0,0.0,META
2015-06-09 00:00:00-04:00,80.04089084867194,80.62680206504643,78.76977118961848,80.11040496826172,16497500,0.0,0.0,META
2015-06-10 00:00:00-04:00,80.26929681441382,82.02701526900165,80.24943130844638,81.59007263183594,21531200,0.0,0.0,META
2015-06-11 00:00:00-04:00,81.73902568970313,82.32493688967148,80.79561872504819,81.26235961914062,18656800,0.0,0.0,META
2015-06-12 00:00:00-04:00,80.80554560953702,81.5205446634544,80.6367191276894,80.96443176269531,11417900,0.0,0.0,META
2015-06-15 00:00:00-04:00,79.99123743657724,80.36859869507244,79.51456380479404,80.1501235961914,18805100,0.0,0.0,META
2015-06-16 00:00:00-04:00,80.25936289001513,80.9445788829492,79.89192679968646,80.49769592285156,13693700,0.0,0.0,META
2015-06-17 00:00:00-04:00,81.19285030709636,81.64965847528549,80.77575800007932,81.22264099121094,18350300,0.0,0.0,META
2015-06-18 00:00:00-04:00,81.07367494172456,82.61292585446806,81.00416082429896,82.33486938476562,26782600,0.0,0.0,META
2015-06-19 00:00:00-04:00,82.25542487247601,82.40438586450708,81.55035092509779,81.9376449584961,23353200,0.0,0.0,META
2015-06-22 00:00:00-04:00,82.83140005722863,84.38057612953324,82.7320876821564,84.15216827392578,29383100,0.0,0.0,META
2015-06-23 00:00:00-04:00,84.37065057671929,87.35977300148038,84.17204096256692,87.27039337158203,50667900,0.0,0.0,META
2015-06-24 00:00:00-04:00,87.05191104370908,88.630877664557,86.84336113485196,88.24358367919922,41370200,0.0,0.0,META
2015-06-25 00:00:00-04:00,88.64082490622752,88.77985315054535,87.23066937940641,87.36970520019531,27302000,0.0,0.0,META
2015-06-26 00:00:00-04:00,87.50872027063707,87.72718778133972,86.22766800387319,87.39948272705078,38214600,0.0,0.0,META
2015-06-29 00:00:00-04:00,86.00920512972603,86.89303077953736,85.13531223341568,85.20482635498047,35957900,0.0,0.0,META
2015-06-30 00:00:00-04:00,85.99927020083933,86.09857500392408,84.97641633377192,85.1750259399414,23016500,0.0,0.0,META
2015-07-01 00:00:00-04:00,86.16808546667265,87.33990027686963,85.89002899924803,86.30712127685547,25260000,0.0,0.0,META
2015-07-02 00:00:00-04:00,86.79372394570511,86.83344738230971,85.74107181686014,86.68448638916016,16908800,0.0,0.0,META
2015-07-06 00:00:00-04:00,85.89002074847117,87.57823247297253,85.79071595914044,86.94267272949219,24635900,0.0,0.0,META
2015-07-07 00:00:00-04:00,87.19094577951444,87.24059439009513,84.63877384037802,86.6149673461914,33059900,0.0,0.0,META
2015-07-08 00:00:00-04:00,85.69141456603289,86.14822267623478,84.85723763436023,85.05585479736328,24399300,0.0,0.0,META
2015-07-09 00:00:00-04:00,86.12836567446386,86.9923257192911,85.05585571212299,85.28425598144531,23307400,0.0,0.0,META
2015-07-10 00:00:00-04:00,86.74406838470914,87.60803609006354,86.16808991447287,87.33990478515625,23245900,0.0,0.0,META
2015-07-13 00:00:00-04:00,88.04498502005156,89.59416115364563,87.80664440221341,89.47499084472656,29976700,0.0,0.0,META
2015-07-14 00:00:00-04:00,89.83248748402869,90.17013287917337,89.02810879421111,89.05789947509766,26627800,0.0,0.0,META
2015-07-15 00:00:00-04:00,89.37567737861626,90.35880770836943,88.79969897271236,89.13734436035156,30886600,0.0,0.0,META
2015-07-16 00:00:00-04:00,89.65374189307191,90.2297203507811,89.14727755429517,90.21978759765625,21804100,0.0,0.0,META
2015-07-17 00:00:00-04:00,91.9079995750679,94.72829534610179,91.8980668219387,94.31121063232422,54001600,0.0,0.0,META
2015-07-20 00:00:00-04:00,95.18508945925191,97.91601277881374,94.69849069826874,97.23080444335938,54860500,0.0,0.0,META
2015-07-21 00:00:00-04:00,98.26358664337272,98.55157583961781,96.4661449313108,97.70747375488281,39453300,0.0,0.0,META
2015-07-22 00:00:00-04:00,96.06891461071383,96.90309148881774,95.25460323586954,96.36683654785156,28299500,0.0,0.0,META
2015-07-23 00:00:00-04:00,96.28739132802681,96.77399009560281,94.15230427942029,94.77793884277344,29418800,0.0,0.0,META
2015-07-24 00:00:00-04:00,96.67470024186679,97.08185978736003,95.21489613715043,96.27747344970703,33444900,0.0,0.0,META
2015-07-27 00:00:00-04:00,95.91003995641442,95.93983063840301,93.17911631922588,93.51675415039062,38585400,0.0,0.0,META
2015-07-28 00:00:00-04:00,94.18211479529107,94.8971215460233,92.66272923822075,94.62899780273438,35236000,0.0,0.0,META
2015-07-29 00:00:00-04:00,95.65183401376821,96.60517364595555,94.08279255442096,96.31718444824219,64648300,0.0,0.0,META
2015-07-30 00:00:00-04:00,94.25162327199966,95.14537400854515,91.16319639819936,94.5495376586914,86211300,0.0,0.0,META
2015-07-31 00:00:00-04:00,94.29133854415754,95.66177047443759,93.29827544173789,93.35786437988281,46509000,0.0,0.0,META
2015-08-03 00:00:00-04:00,92.88119225637409,94.42044312055941,92.15626042272913,93.4869613647461,29343100,0.0,0.0,META
2015-08-04 00:00:00-04:00,93.13939276546675,94.07287454109323,92.68258463046054,93.40751647949219,20136000,0.0,0.0,META
2015-08-05 00:00:00-04:00,94.58927133034359,96.41650401120002,94.51975720827778,95.7710189819336,29813200,0.0,0.0,META
2015-08-06 00:00:00-04:00,96.50587453884609,98.0550505853349,93.76501819958325,94.46016693115234,42271300,0.0,0.0,META
2015-08-07 00:00:00-04:00,94.71836893319451,94.73823444078265,92.96065033520543,93.64586639404297,23199100,0.0,0.0,META
2015-08-10 00:00:00-04:00,95.01627245372714,95.23474753587395,92.98049018078063,93.49688720703125,21624200,0.0,0.0,META
2015-08-11 00:00:00-04:00,93.0798109762595,94.10266479306392,92.25556675586489,92.97057342529297,22491000,0.0,0.0,META
2015-08-12 00:00:00-04:00,92.05694402745793,93.78487923312042,90.55742423917599,93.53661346435547,27050500,0.0,0.0,META
2015-08-13 00:00:00-04:00,93.39760043275639,94.07288373670279,92.70245162125411,92.78189849853516,17451800,0.0,0.0,META
2015-08-14 00:00:00-04:00,92.89112941963131,94.06294425810104,92.56341675662952,93.76502227783203,15929700,0.0,0.0,META
2015-08-17 00:00:00-04:00,93.76501830373854,93.80474173785551,92.74216449875547,93.2784194946289,18313500,0.0,0.0,META
2015-08-18 00:00:00-04:00,93.42738382407649,95.18510228199116,93.38766038853703,94.50981903076172,22278800,0.0,0.0,META
2015-08-19 00:00:00-04:00,93.97355864527188,95.43336261792155,93.50682535141516,94.64884185791016,23251300,0.0,0.0,META
2015-08-20 00:00:00-04:00,92.89111674691019,94.11258003113885,89.83248079577768,89.9317855834961,44598200,0.0,0.0,META
2015-08-21 00:00:00-04:00,86.91286847479137,88.56135665448114,85.01612212714545,85.46299743652344,62778700,0.0,0.0,META
2015-08-24 00:00:00-04:00,76.49564911537614,81.52054595947266,71.50054295194104,81.52054595947266,83710700,0.0,0.0,META
2015-08-25 00:00:00-04:00,86.34683646055511,87.06184312918627,82.42424011230469,82.42424011230469,52021200,0.0,0.0,META
2015-08-26 00:00:00-04:00,85.35377085513008,86.85329826528442,82.68243625433655,86.58517456054688,45124300,0.0,0.0,META
2015-08-27 00:00:00-04:00,88.4819321505536,89.43527194080708,86.58518532374433,89.1075668334961,42431400,0.0,0.0,META
2015-08-28 00:00:00-04:00,89.25651118498688,90.84541825039135,89.16713914020484,90.37867736816406,33215900,0.0,0.0,META
2015-08-31 00:00:00-04:00,89.97152878870678,90.41841179636441,88.27339154313894,88.80964660644531,32850700,0.0,0.0,META
2015-09-01 00:00:00-04:00,86.24753957283774,88.76992107342308,85.89996895939453,86.62490844726562,36097400,0.0,0.0,META
2015-09-02 00:00:00-04:00,88.19393138015559,89.26644134521484,87.02211662051015,89.26644134521484,27190500,0.0,0.0,META
2015-09-03 00:00:00-04:00,89.13735313855334,89.19693450486955,87.12143609583326,87.53852081298828,27048200,0.0,0.0,META
2015-09-04 00:00:00-04:00,86.59509882217223,87.77684632926636,86.09856727485136,87.64775085449219,27328700,0.0,0.0,META
2015-09-08 00:00:00-04:00,89.0678369179923,89.61401710810543,88.21380199740895,88.90894317626953,27012500,0.0,0.0,META
2015-09-09 00:00:00-04:00,90.15027517699941,91.34195555089562,89.5445060249748,89.81263732910156,32551100,0.0,0.0,META
2015-09-10 00:00:00-04:00,89.44519525968283,91.42138875467899,89.00824506073018,91.34194946289062,26437400,0.0,0.0,META
2015-09-11 00:00:00-04:00,91.0440172052545,91.44124392518276,90.49782951829445,91.41145324707031,21185000,0.0,0.0,META
2015-09-14 00:00:00-04:00,91.66966247558594,91.97751722263571,90.96458850577817,91.66966247558594,20127900,0.0,0.0,META
2015-09-15 00:00:00-04:00,91.72923960741406,92.6031323920024,91.15326120152922,92.25556182861328,18859400,0.0,0.0,META
2015-09-16 00:00:00-04:00,92.25556998562213,92.950711173863,91.98743868696441,92.80175018310547,16321200,0.0,0.0,META
2015-09-17 00:00:00-04:00,92.72230491480578,94.84745935507105,92.25556404285092,93.6855697631836,27841800,0.0,0.0,META
2015-09-18 00:00:00-04:00,92.55348263685892,94.5296837622849,92.40452922539464,93.74516296386719,62300000,0.0,0.0,META
2015-09-21 00:00:00-04:00,93.96363513844187,95.82065832383194,93.86432276526929,94.8871841430664,28790000,0.0,0.0,META
2015-09-22 00:00:00-04:00,93.1195261085036,94.0232171910061,91.28236083838681,92.31514739990234,36888900,0.0,0.0,META
2015-09-23 00:00:00-04:00,92.7521076406011,93.66572399821463,92.15627121504754,93.31815338134766,21701400,0.0,0.0,META
2015-09-24 00:00:00-04:00,92.41445511032593,94.11259220227241,91.60014362337257,93.75509643554688,29106000,0.0,0.0,META
2015-09-25 00:00:00-04:00,95.12551979149686,95.18510115586582,91.42139091832529,92.12646484375,28961600,0.0,0.0,META
2015-09-28 00:00:00-04:00,91.4412576332969,91.64979998781654,87.56830979221779,88.5911636352539,41199900,0.0,0.0,META
2015-09-29 00:00:00-04:00,88.48193052525858,89.43527029800048,85.12537960186707,86.06878662109375,42281800,0.0,0.0,META
2015-09-30 00:00:00-04:00,87.8265035901384,89.39553754076995,87.39948615115425,89.27637481689453,36169100,0.0,0.0,META
2015-10-01 00:00:00-04:00,89.42534100984136,90.319091796875,87.74706183706493,90.319091796875,29283700,0.0,0.0,META
2015-10-02 00:00:00-04:00,88.28331195160477,91.56041566713797,87.75698971579452,91.43132019042969,37881700,0.0,0.0,META
2015-10-05 00:00:00-04:00,92.2952871633526,93.61605533145337,92.01723070691033,93.35786437988281,27292500,0.0,0.0,META
2015-10-06 00:00:00-04:00,93.4273771702463,93.51674921149208,91.69944194146021,92.15625762939453,22172800,0.0,0.0,META
2015-10-07 00:00:00-04:00,92.46411479255546,93.01030258098446,90.73618695279879,91.75904083251953,24129300,0.0,0.0,META
2015-10-08 00:00:00-04:00,91.25256620945716,92.57334192991809,89.8424184481156,91.82854461669922,27290500,0.0,0.0,META
2015-10-09 00:00:00-04:00,92.25557047020372,93.08973990047434,91.60014513801616,92.59320831298828,20012900,0.0,0.0,META
2015-10-12 00:00:00-04:00,92.67264318981489,93.94376267701048,92.02715069434126,93.60612487792969,18449600,0.0,0.0,META
2015-10-13 00:00:00-04:00,93.01030152434785,94.7084386611661,92.90106396790304,93.46710968017578,19480300,0.0,0.0,META
2015-10-14 00:00:00-04:00,93.42738270405532,94.53960857994396,92.9606418126504,93.41744995117188,19253400,0.0,0.0,META
2015-10-15 00:00:00-04:00,94.33106198991135,95.63197980625294,94.24168994738746,95.2943344116211,27557500,0.0,0.0,META
2015-10-16 00:00:00-04:00,95.51281394379663,96.91302904368094,94.68856971203328,96.8633804321289,25412900,0.0,0.0,META
2015-10-19 00:00:00-04:00,96.50587394039023,97.88623106586235,96.24767540875312,97.78692626953125,23729900,0.0,0.0,META
2015-10-20 00:00:00-04:00,98.04512813245127,98.89915547109229,95.89017533884892,96.3271255493164,30881800,0.0,0.0,META
2015-10-21 00:00:00-04:00,96.69455411112,97.49893277549327,95.80079583044414,96.43635559082031,21917800,0.0,0.0,META
2015-10-22 00:00:00-04:00,97.11165109205388,99.03819612164557,96.8733180458219,98.97860717773438,26392100,0.0,0.0,META
2015-10-23 00:00:00-04:00,101.20306841048038,102.13654261170728,99.46520791245167,101.48112487792969,42809700,0.0,0.0,META
2015-10-26 00:00:00-04:00,101.49104685927202,103.0898790732436,100.84556189864384,103.05015563964844,25961200,0.0,0.0,META
2015-10-27 00:00:00-04:00,102.22592927086151,103.37787865479788,101.68967422823782,102.98065185546875,23795500,0.0,0.0,META
2015-10-28 00:00:00-04:00,103.1792508575332,103.75522923621797,102.20604574953241,103.47716522216797,24081500,0.0,0.0,META
2015-10-29 00:00:00-04:00,103.23883436856872,104.39079114996629,102.80188419956,104.15245056152344,20316700,0.0,0.0,META
2015-10-30 00:00:00-04:00,103.78503081936732,103.99357316946339,100.9448696345859,101.26264953613281,33487100,0.0,0.0,META
2015-11-02 00:00:00-05:00,101.01438647399644,102.75224701477585,100.47813145509373,102.59335327148438,24003900,0.0,0.0,META
2015-11-03 00:00:00-05:00,102.50398329498414,102.93100076812225,101.68967178533367,101.86842346191406,21242300,0.0,0.0,META
2015-11-04 00:00:00-05:00,102.47418914674066,103.41759611117284,101.76911521753345,103.21898651123047,43469300,0.0,0.0,META
2015-11-05 00:00:00-05:00,108.0452852680242,109.88245077606867,107.20117543936713,108.00556182861328,63232900,0.0,0.0,META
2015-11-06 00:00:00-05:00,107.29053739524251,107.98567852922542,105.17531573629157,106.3570556640625,35084300,0.0,0.0,META
2015-11-09 00:00:00-05:00,106.25775367952258,107.49908257764784,105.12566233054996,105.75128936767578,26383500,0.0,0.0,META
2015-11-10 00:00:00-05:00,105.22496048358578,107.39977100026213,104.50995387117328,107.16143798828125,25031700,0.0,0.0,META
2015-11-11 00:00:00-05:00,107.51894252074894,109.10784960129386,106.36699322147138,108.25381469726562,25057100,0.0,0.0,META
2015-11-12 00:00:00-05:00,107.7275066887236,108.6311903231944,107.25083298624837,107.27069091796875,20924700,0.0,0.0,META
2015-11-13 00:00:00-05:00,106.96282404762705,107.49907902306168,103.10974200278233,103.2289047241211,30278400,0.0,0.0,META
2015-11-16 00:00:00-05:00,102.60328403246119,103.44738619201408,99.77305557915065,103.31829071044922,49309200,0.0,0.0,META
2015-11-17 00:00:00-05:00,103.8942695664991,105.4633035866798,103.41759592045761,104.40072631835938,26807200,0.0,0.0,META
2015-11-18 00:00:00-05:00,105.06607957840058,107.13164507944624,104.65892006849447,107.02240753173828,23836500,0.0,0.0,META
2015-11-19 00:00:00-05:00,106.61526379760691,106.9826999023798,105.21504107464906,105.52289581298828,25520600,0.0,0.0,META
2015-11-20 00:00:00-05:00,106.09886498209143,107.12172640695356,105.88039744988225,106.5755386352539,22129600,0.0,0.0,META
2015-11-23 00:00:00-05:00,106.44643997293451,106.72449643878086,105.34413928585042,106.20809936523438,19897200,0.0,0.0,META
2015-11-24 00:00:00-05:00,105.26469114840862,105.75128995777729,103.66585891258403,105.0064926147461,23577300,0.0,0.0,META
2015-11-25 00:00:00-05:00,105.59240348450084,105.86052719354983,104.37093251190569,104.67878723144531,15150800,0.0,0.0,META
2015-11-27 00:00:00-05:00,105.04622616962983,105.22497785223807,104.13260982584151,104.71851348876953,5913100,0.0,0.0,META
2015-11-30 00:00:00-05:00,105.10579861017435,105.36399714678059,103.0303002939703,103.51689910888672,20383200,0.0,0.0,META
2015-12-01 00:00:00-05:00,104.10281465254407,106.40672091988802,103.77510198581481,106.3769302368164,22781900,0.0,0.0,META
2015-12-02 00:00:00-05:00,106.25777003162023,107.17138642288474,105.05616438249531,105.33422088623047,24429100,0.0,0.0,META
2015-12-03 00:00:00-05:00,105.53281055787441,106.10878896470076,102.63306817218806,103.65592193603516,23236500,0.0,0.0,META
2015-12-04 00:00:00-05:00,104.08294408462162,106.98269417826579,103.38780292518626,105.44344329833984,21224700,0.0,0.0,META
2015-12-07 00:00:00-05:00,105.74137095516447,106.0889415535774,103.93399626694642,104.87740325927734,15474900,0.0,0.0,META
2015-12-08 00:00:00-05:00,103.27856432402194,106.16838163556332,103.22890813750881,105.75128936767578,20401800,0.0,0.0,META
2015-12-09 00:00:00-05:00,105.4434542613033,105.70165282299723,102.83170068905723,103.8744125366211,23517300,0.0,0.0,META
2015-12-10 00:00:00-05:00,104.32129216814545,105.66192597256286,103.68573232639986,104.688720703125,17454300,0.0,0.0,META
2015-12-11 00:00:00-05:00,103.42753048357098,103.61620733352935,101.20307110820946,101.41161346435547,26427700,0.0,0.0,META
2015-12-14 00:00:00-05:00,101.58042068404728,104.01342213530933,100.75617653102698,103.9339828491211,24648100,0.0,0.0,META
2015-12-15 00:00:00-05:00,104.56955783591002,105.06608943517556,103.5566291305846,103.82476043701172,21764300,0.0,0.0,META
2015-12-16 00:00:00-05:00,104.63906933587963,106.34713163033607,103.46725448790427,106.0492172241211,22680500,0.0,0.0,META
2015-12-17 00:00:00-05:00,106.74436414971186,107.00256271014594,105.39379755486286,105.4831771850586,21675700,0.0,0.0,META
2015-12-18 00:00:00-05:00,105.34414043925848,105.8505971891079,103.24877659322652,103.31829071044922,35994200,0.0,0.0,META
2015-12-21 00:00:00-05:00,104.1822639677928,104.4205970144246,102.88134602355423,104.04322814941406,16138800,0.0,0.0,META
2015-12-22 00:00:00-05:00,104.49010982643694,104.92706005351404,104.08295028275676,104.7780990600586,14597100,0.0,0.0,META
2015-12-23 00:00:00-05:00,105.15545941984256,105.37393453146132,103.13954237867624,103.9041976928711,19599700,0.0,0.0,META
2015-12-24 00:00:00-05:00,104.01341695967437,104.58939532058031,103.77508396002929,104.29147338867188,6501800,0.0,0.0,META
2015-12-28 00:00:00-05:00,104.29147654345621,105.24482372381388,103.80487777799112,105.1951675415039,13069700,0.0,0.0,META
2015-12-29 00:00:00-05:00,105.68177609798596,106.99261912183532,105.5129571848431,106.51595306396484,17179900,0.0,0.0,META
2015-12-30 00:00:00-05:00,106.2577652898897,106.50603109664178,105.32428343203111,105.4831771850586,13115000,0.0,0.0,META
2015-12-31 00:00:00-05:00,105.26468370452943,105.43350260532544,103.89425941779206,103.9339828491211,18391100,0.0,0.0,META
2016-01-04 00:00:00-05:00,101.2427787576847,101.53076796228632,99.05804299539192,101.51091003417969,37912400,0.0,0.0,META
2016-01-05 00:00:00-05:00,102.1762735647399,102.99058509781774,100.96473523044752,102.01738739013672,23258200,0.0,0.0,META
2016-01-06 00:00:00-05:00,100.42847426914615,103.05016039566198,100.20007398602057,102.2557144165039,25096200,0.0,0.0,META
2016-01-07 00:00:00-05:00,99.80285038766395,100.72639945550415,96.62505121685403,97.2407455444336,45172900,0.0,0.0,META
2016-01-08 00:00:00-05:00,99.18713722862745,99.80283906281281,96.35690897945362,96.65483093261719,35402300,0.0,0.0,META
2016-01-11 00:00:00-05:00,97.23082207331635,97.91603053301314,94.72829855299021,96.8335952758789,29932400,0.0,0.0,META
2016-01-12 00:00:00-05:00,98.31325846233577,99.26659824127886,96.87331982857685,98.68069458007812,28395400,0.0,0.0,META
2016-01-13 00:00:00-05:00,99.88228225583103,99.88228225583103,94.54953101021425,94.77793884277344,33410600,0.0,0.0,META
2016-01-14 00:00:00-05:00,95.18509875923849,98.18415363147334,91.80868262805072,97.6876220703125,48658600,0.0,0.0,META
2016-01-15 00:00:00-05:00,93.32808021371405,95.71142576471196,92.89112999367808,94.31121063232422,46132800,0.0,0.0,META
2016-01-19 00:00:00-05:00,95.86037651807044,96.74420204041003,93.26848131052223,94.59918975830078,30998300,0.0,0.0,META
2016-01-20 00:00:00-05:00,92.18604312964472,94.34098809191791,88.75004594621016,93.69549560546875,59051400,0.0,0.0,META
2016-01-21 00:00:00-05:00,94.25161796823413,95.32412030703047,91.97750266838025,93.50682067871094,30518900,0.0,0.0,META
2016-01-22 00:00:00-05:00,95.74121948983004,97.38970033708118,94.82759565698095,97.26060485839844,30495400,0.0,0.0,META
2016-01-25 00:00:00-05:00,98.03518834709915,98.78991840836588,96.25760452694821,96.33705139160156,32482000,0.0,0.0,META
2016-01-26 00:00:00-05:00,97.08184902750155,97.20101174841271,94.99641807038569,96.66475677490234,26877100,0.0,0.0,META
2016-01-27 00:00:00-05:00,97.11164215152786,97.17122351348279,93.57633991475718,93.79480743408203,58699400,0.0,0.0,META
2016-01-28 00:00:00-05:00,106.45635718255681,109.57457459014515,104.08293707123582,108.35311126708984,107475300,0.0,0.0,META
2016-01-29 00:00:00-05:00,108.23396051787584,112.05725248052688,108.08499951642787,111.43162536621094,62739500,0.0,0.0,META
2016-02-01 00:00:00-05:00,111.49119584294313,114.91726823561653,111.23300488056258,114.29163360595703,46132700,0.0,0.0,META
2016-02-02 00:00:00-05:00,114.00364871088367,116.77428813634263,112.4147416646162,113.8149642944336,59778600,0.0,0.0,META
2016-02-03 00:00:00-05:00,114.47039198123167,114.53990610232519,108.98868643886492,111.90829467773438,56919300,0.0,0.0,META
2016-02-04 00:00:00-05:00,111.0244668099525,111.16349504935461,108.49215266453967,109.72354888916016,38890200,0.0,0.0,META
2016-02-05 00:00:00-05:00,108.75034954953901,108.81986366817654,102.46425788350048,103.34808349609375,76894700,0.0,0.0,META
2016-02-08 00:00:00-05:00,99.71347739755463,101.96772747927574,96.78393647487201,99.05805206298828,71229700,0.0,0.0,META
2016-02-09 00:00:00-05:00,96.46615703722263,101.6896715037443,96.14837712156755,98.8495101928711,62709000,0.0,0.0,META
2016-02-10 00:00:00-05:00,100.84556520063578,102.53376951312075,99.5446473313265,100.29937744140625,45179400,0.0,0.0,META
2016-02-11 00:00:00-05:00,98.90908305621565,104.38086284819977,98.194076413343,101.20306396484375,43670600,0.0,0.0,META
2016-02-12 00:00:00-05:00,103.02036307086952,103.51689461700543,100.3887443610551,101.3023681640625,36176800,0.0,0.0,META
2016-02-16 00:00:00-05:00,103.0799465906386,103.20904205831958,99.54463701596308,100.90513610839844,45687200,0.0,0.0,META
2016-02-17 00:00:00-05:00,101.31228929222415,104.98662713271221,99.70353199595888,104.47023010253906,44073400,0.0,0.0,META
2016-02-18 00:00:00-05:00,105.06608194803556,105.26469154300024,102.31529284130544,102.75224304199219,29593500,0.0,0.0,META
2016-02-19 00:00:00-05:00,101.83862043283057,104.29147984122908,101.35201407550895,103.8446044921875,32404500,0.0,0.0,META
2016-02-22 00:00:00-05:00,104.75822767614306,107.49908404195,104.6092666910449,106.4166488647461,35709700,0.0,0.0,META
2016-02-23 00:00:00-05:00,106.10879650925261,106.72449839237603,104.39080149533805,104.72843933105469,25319300,0.0,0.0,META
2016-02-24 00:00:00-05:00,103.48709625175084,106.20808680110936,102.0272924022778,106.1385726928711,34412400,0.0,0.0,META
2016-02-25 00:00:00-05:00,106.36699566384853,107.3203353881836,104.87740092398673,107.3203353881836,29906300,0.0,0.0,META
2016-02-26 00:00:00-05:00,107.94595949121238,108.69075684071882,106.41664893418645,107.17137145996094,26686200,0.0,0.0,META
2016-02-29 00:00:00-05:00,106.85358212383598,108.15449986475046,106.0094800509026,106.17829895019531,32779000,0.0,0.0,META
2016-03-01 00:00:00-05:00,107.08199594353842,109.05818939208984,106.85358809678021,109.05818939208984,26817300,0.0,0.0,META
2016-03-02 00:00:00-05:00,108.91917028042253,109.78313797768496,108.01547914663958,109.18729400634766,25670200,0.0,0.0,META
2016-03-03 00:00:00-05:00,109.4852128613571,109.53486904970559,107.78707577513293,108.81986236572266,21353100,0.0,0.0,META
2016-03-04 00:00:00-05:00,109.28661115196952,109.28661115196952,107.18131438339195,107.63812255859375,24938900,0.0,0.0,META
2016-03-07 00:00:00-05:00,107.32033083127041,107.32033083127041,103.99357090213029,104.99656677246094,31436400,0.0,0.0,META
2016-03-08 00:00:00-05:00,104.05314353660162,106.62518073557075,103.67578231104274,105.1951675415039,25617000,0.0,0.0,META
2016-03-09 00:00:00-05:00,105.95984246122435,106.76422882080078,104.75823687513291,106.76422882080078,20493300,0.0,0.0,META
2016-03-10 00:00:00-05:00,107.16144984275631,107.90624721699909,105.03628769789724,106.5755386352539,24854300,0.0,0.0,META
2016-03-11 00:00:00-05:00,107.72749768743516,108.66097192972482,107.17137715160275,108.65104675292969,20697600,0.0,0.0,META
2016-03-14 00:00:00-04:00,108.5219241361975,109.56464332359215,108.01545988147986,109.12769317626953,17249400,0.0,0.0,META
2016-03-15 00:00:00-04:00,108.35311434841738,110.06118407533279,108.08498307131293,109.90229034423828,17618500,0.0,0.0,META
2016-03-16 00:00:00-04:00,109.72355331041025,111.71961250864327,109.33625925983131,111.4018325805664,24744800,0.0,0.0,META
2016-03-17 00:00:00-04:00,111.37203653642892,111.90829155984004,109.96188864697976,110.24987030029297,24241200,0.0,0.0,META
2016-03-18 00:00:00-04:00,110.78612506726778,111.64016000148597,109.5050726659405,110.67688751220703,36256900,0.0,0.0,META
2016-03-21 00:00:00-04:00,110.88544270819686,111.59051668475165,110.25980803107123,111.0741195678711,18448000,0.0,0.0,META
2016-03-22 00:00:00-04:00,110.5875183538905,112.0969710814557,110.39883392176826,111.47134399414062,19001100,0.0,0.0,META
2016-03-23 00:00:00-04:00,111.23300847840443,112.40482332928266,111.22307572523142,111.75933074951172,18562000,0.0,0.0,META
2016-03-24 00:00:00-04:00,111.35216141748931,112.3055010735427,110.90528605812588,112.26578521728516,17839100,0.0,0.0,META
2016-03-28 00:00:00-04:00,112.53390823117947,113.79509501259162,112.16647216304251,112.9013442993164,21351800,0.0,0.0,META
2016-03-29 00:00:00-04:00,113.04038467219853,115.5131098924899,112.85170024173443,115.33435821533203,29825300,0.0,0.0,META
2016-03-30 00:00:00-04:00,115.92025948774817,116.17845043978348,113.56669720324793,113.90433502197266,33235200,0.0,0.0,META
2016-03-31 00:00:00-04:00,113.90433089350523,114.212185596651,112.98078193700785,113.3084945678711,21207500,0.0,0.0,META
2016-04-01 00:00:00-04:00,112.96092479228537,115.36413561566734,112.56369804695257,115.25489807128906,24760500,0.0,0.0,META
2016-04-04 00:00:00-04:00,113.27871692494733,113.75539058619546,110.83578240516884,111.7692642211914,48487900,0.0,0.0,META
2016-04-05 00:00:00-04:00,111.33232127455655,112.53392689476016,111.12377890177456,111.44155883789062,22962400,0.0,0.0,META
2016-04-06 00:00:00-04:00,111.68980749700185,113.02050840747843,111.64015131166819,112.92120361328125,20814600,0.0,0.0,META
2016-04-07 00:00:00-04:00,113.00065318280181,114.09302109804635,112.28564652512311,112.85169219970703,20714500,0.0,0.0,META
2016-04-08 00:00:00-04:00,113.45745510756701,113.53690197107171,109.13763229272607,109.86256408691406,48497800,0.0,0.0,META
2016-04-11 00:00:00-04:00,109.93208478662167,110.1406347099374,108.01547265441006,108.23394775390625,39762300,0.0,0.0,META
2016-04-12 00:00:00-04:00,108.58152553784744,110.38890781672579,108.23395493670579,109.84272003173828,26248100,0.0,0.0,META
2016-04-13 00:00:00-04:00,111.4514702443675,111.86855491004309,105.78107352040277,109.74340057373047,88227400,0.0,0.0,META
2016-04-14 00:00:00-04:00,109.85263844801963,111.26278617516584,109.49513514022625,110.07110595703125,28473300,0.0,0.0,META
2016-04-15 00:00:00-04:00,110.02147212491259,110.20022380281422,108.44249770736977,108.87944793701172,20922800,0.0,0.0,META
2016-04-18 00:00:00-04:00,108.97874869972385,110.04132597438159,108.44249368590538,109.68382263183594,21167200,0.0,0.0,META
2016-04-19 00:00:00-04:00,110.3292999456648,111.66993350662916,108.40276283992999,111.51104736328125,30210500,0.0,0.0,META
2016-04-20 00:00:00-04:00,111.65009236003239,112.4842617850347,110.78612467573369,111.6401596069336,21027900,0.0,0.0,META
2016-04-21 00:00:00-04:00,111.7692582223964,113.2489201634973,111.53091761632898,112.65308380126953,20875200,0.0,0.0,META
2016-04-22 00:00:00-04:00,110.43855287060343,110.97480788499598,108.25381695401502,109.79306030273438,38458200,0.0,0.0,META
2016-04-25 00:00:00-04:00,109.10784241211991,109.90228832357543,108.3133889241944,109.33624267578125,21017900,0.0,0.0,META
2016-04-26 00:00:00-04:00,109.72355701842501,109.73348977239559,107.39979263642171,108.00556182861328,22521500,0.0,0.0,META
2016-04-27 00:00:00-04:00,107.19124417517469,108.18430737464386,105.5725463110985,108.13465118408203,52213100,0.0,0.0,META
2016-04-28 00:00:00-04:00,118.75048585319327,119.9520912802115,115.42372602447728,115.92025756835938,87110100,0.0,0.0,META
2016-04-29 00:00:00-04:00,116.00963603995532,117.02255711197407,115.03643082635492,116.76436614990234,37140600,0.0,0.0,META
2016-05-02 00:00:00-04:00,117.01263294796854,117.90639129952383,115.76137125579115,117.74749755859375,28095200,0.0,0.0,META
2016-05-03 00:00:00-04:00,116.70477426557238,117.34034163129184,116.20824270669212,116.61540222167969,24117500,0.0,0.0,META
2016-05-04 00:00:00-04:00,115.8010893593843,117.47936843245286,115.76136592598071,117.24102783203125,23448400,0.0,0.0,META
2016-05-05 00:00:00-04:00,117.22117519224261,118.15465697816764,116.43665439418422,116.99276733398438,22056700,0.0,0.0,META
2016-05-06 00:00:00-04:00,116.34727861601368,118.81007090740577,116.2976224294938,118.6611099243164,26395600,0.0,0.0,META
2016-05-09 00:00:00-04:00,118.71076375714678,119.44562832895495,118.07520397993913,118.412841796875,21138100,0.0,0.0,META
2016-05-10 00:00:00-04:00,118.79021544138035,119.66410827636719,118.17451356753274,119.66410827636719,23220000,0.0,0.0,META
2016-05-11 00:00:00-04:00,119.57473587156888,120.2400863544979,118.59159791163086,118.69090270996094,22038400,0.0,0.0,META
2016-05-12 00:00:00-04:00,119.1477109289159,120.00173820203686,118.0752009908524,119.44562530517578,22035500,0.0,0.0,META
2016-05-13 00:00:00-04:00,119.5449428039033,119.80314135194888,118.84980160893917,118.97889709472656,18124300,0.0,0.0,META
2016-05-16 00:00:00-04:00,118.55187568253743,118.78028353984266,116.53595870770255,117.8468017578125,31247800,0.0,0.0,META
2016-05-17 00:00:00-04:00,117.99576135660335,118.18444577665827,116.3869963509335,116.53595733642578,21328600,0.0,0.0,META
2016-05-18 00:00:00-04:00,115.98978300118745,117.44957951843124,115.92026888131869,116.8338851928711,21642300,0.0,0.0,META
2016-05-19 00:00:00-04:00,116.23804306123378,116.67498568893043,115.07615343437762,115.99970245361328,20544100,0.0,0.0,META
2016-05-20 00:00:00-04:00,116.14866332002812,117.1715171364871,116.13873056726985,116.53595733642578,18944800,0.0,0.0,META
2016-05-23 00:00:00-04:00,116.60548123803616,116.78423292033321,115.13575191823473,115.16554260253906,20441000,0.0,0.0,META
2016-05-24 00:00:00-04:00,115.4336659087795,116.91333555314515,115.31450317200502,116.88353729248047,20183600,0.0,0.0,META
2016-05-25 00:00:00-04:00,117.31054524990125,117.84680025124577,116.56574789966784,117.07221221923828,20019800,0.0,0.0,META
2016-05-26 00:00:00-04:00,117.41977210419887,118.92923217265562,117.10199223344004,118.64124298095703,18481300,0.0,0.0,META
2016-05-27 00:00:00-04:00,118.73063155854567,119.01862079036414,118.18445135458992,118.5518798828125,13493600,0.0,0.0,META
2016-05-31 00:00:00-04:00,118.63132478692792,119.26688460643815,117.30062378247547,117.98583221435547,23547600,0.0,0.0,META
2016-06-01 00:00:00-04:00,117.67798295969126,118.25396140350091,117.00269971644181,117.95603942871094,15029500,0.0,0.0,META
2016-06-02 00:00:00-04:00,117.86666270305084,118.61146003398802,117.39992183009495,118.10499572753906,13228300,0.0,0.0,META
2016-06-03 00:00:00-04:00,118.15465769058707,118.15465769058707,117.04242422780993,117.648193359375,14135100,0.0,0.0,META
2016-06-06 00:00:00-04:00,117.79713874571475,118.60151737144453,117.53894023781929,117.96595764160156,12744700,0.0,0.0,META
2016-06-07 00:00:00-04:00,118.41285213571055,118.47244107884983,116.85374323729604,116.94312286376953,17103000,0.0,0.0,META
2016-06-08 00:00:00-04:00,116.94311381371179,117.77728318839816,116.45650743534117,117.56874084472656,14505600,0.0,0.0,META
2016-06-09 00:00:00-04:00,117.3105466313595,117.85673439188413,116.89346192867008,117.73756408691406,13859200,0.0,0.0,META
2016-06-10 00:00:00-04:00,116.72464380844576,117.2906895020909,115.45352418597743,115.81102752685547,18510800,0.0,0.0,META
2016-06-13 00:00:00-04:00,114.20224986465274,114.67892345860406,112.52397089869318,113.15953063964844,31718200,0.0,0.0,META
2016-06-14 00:00:00-04:00,113.27870966618465,114.15260248325896,112.79211085935115,114.1426773071289,17618500,0.0,0.0,META
2016-06-15 00:00:00-04:00,114.50017954522099,114.63920777442036,113.27870858700341,113.8050308227539,19819400,0.0,0.0,META
2016-06-16 00:00:00-04:00,113.08010706195135,113.7057341379758,112.1565580012653,113.59649658203125,19236300,0.0,0.0,META
2016-06-17 00:00:00-04:00,113.62628233900163,113.63621509178526,111.77918429770938,112.23599243164062,24644300,0.0,0.0,META
2016-06-20 00:00:00-04:00,112.98078393142224,113.92419840876086,111.96786291761042,112.58356475830078,20785400,0.0,0.0,META
2016-06-21 00:00:00-04:00,113.32837214018014,114.41080736309378,113.17941114879154,113.58656311035156,19166300,0.0,0.0,META
2016-06-22 00:00:00-04:00,113.85469188150772,113.94406392847353,112.82190529434727,113.11982727050781,14846300,0.0,0.0,META
2016-06-23 00:00:00-04:00,113.57663384471853,114.29163293999524,112.75238962165051,114.28170776367188,16176900,0.0,0.0,META
2016-06-24 00:00:00-04:00,110.23995103074479,112.89142803040738,110.23001827705566,111.30252838134766,40643100,0.0,0.0,META
2016-06-27 00:00:00-04:00,110.7960666366333,110.7960666366333,107.4792390142325,108.21410369873047,36130400,0.0,0.0,META
2016-06-28 00:00:00-04:00,109.86257998235291,111.96787671101193,109.78314068382448,111.91822052001953,26813800,0.0,0.0,META
2016-06-29 00:00:00-04:00,112.58357458257632,113.45746744675931,112.25586191733117,113.36809539794922,20968300,0.0,0.0,META
2016-06-30 00:00:00-04:00,113.87454528948703,114.38100959826244,112.88148217700915,113.48725128173828,23192700,0.0,0.0,META
2016-07-01 00:00:00-04:00,113.40781336044287,114.33136243095932,113.02051932214283,113.39788818359375,14980000,0.0,0.0,META
2016-07-05 00:00:00-04:00,113.14961543778615,113.40780639648438,112.18634298961166,113.40780639648438,14207000,0.0,0.0,META
2016-07-06 00:00:00-04:00,112.57363754969974,115.97984440459771,112.18634353330505,115.89046478271484,24337600,0.0,0.0,META
2016-07-07 00:00:00-04:00,115.820959552177,116.1586049836259,114.55977260806358,115.04637145996094,16630200,0.0,0.0,META
2016-07-08 00:00:00-04:00,115.6223409517565,116.68491820168322,115.04636251589741,116.42671966552734,18142600,0.0,0.0,META
2016-07-11 00:00:00-04:00,116.8934591690645,117.87658953832869,116.68491682264302,117.05235290527344,17711600,0.0,0.0,META
2016-07-12 00:00:00-04:00,117.80707965628082,117.89645928022782,116.75443513371576,117.1119384765625,15217700,0.0,0.0,META
2016-07-13 00:00:00-04:00,117.56874962809522,117.57868238133695,115.87061249435843,115.96991729736328,16207700,0.0,0.0,META
2016-07-14 00:00:00-04:00,116.6849217497586,116.82394998657682,115.89046818810814,116.47637939453125,14579700,0.0,0.0,META
2016-07-15 00:00:00-04:00,116.92324735430414,117.45950233785534,115.77129809726355,116.04935455322266,16646000,0.0,0.0,META
2016-07-18 00:00:00-04:00,116.5061640008732,118.7802794366095,116.0791465596394,118.54194641113281,20868400,0.0,0.0,META
2016-07-19 00:00:00-04:00,118.1645809325904,120.01167897950512,117.83687585443752,119.77334594726562,21541300,0.0,0.0,META
2016-07-20 00:00:00-04:00,120.40891399522086,121.35232101243007,119.72369795708661,121.07426452636719,20046500,0.0,0.0,META
2016-07-21 00:00:00-04:00,121.07425623647472,121.25300790477196,119.41584261067112,119.77334594726562,17801700,0.0,0.0,META
2016-07-22 00:00:00-04:00,119.06826899076903,120.17056965441607,118.48235781321857,120.16063690185547,18422400,0.0,0.0,META
2016-07-25 00:00:00-04:00,120.54795233187667,121.00476053672494,116.96299324395517,120.78628540039062,18487400,0.0,0.0,META
2016-07-26 00:00:00-04:00,121.15371561957707,121.22322974351306,119.9123865660978,120.3791275024414,17612000,0.0,0.0,META
2016-07-27 00:00:00-04:00,121.57077409121787,124.13287852227025,120.66709067533995,122.48439025878906,52654200,0.0,0.0,META
2016-07-28 00:00:00-04:00,126.63541228158725,127.43979860241059,122.77239715101058,124.13289642333984,78955800,0.0,0.0,META
2016-07-29 00:00:00-04:00,123.78532755340642,124.96706759182224,122.85184573482564,123.08025360107422,35058800,0.0,0.0,META
2016-08-01 00:00:00-04:00,122.99087707416078,123.71581655129047,122.00774661742523,123.44768524169922,25006900,0.0,0.0,META
2016-08-02 00:00:00-04:00,123.19939446223589,123.93426654389526,121.22320119589507,122.23612213134766,23968400,0.0,0.0,META
2016-08-03 00:00:00-04:00,122.23614239131025,123.06038664368106,121.46155432820352,121.66017150878906,18525300,0.0,0.0,META
2016-08-04 00:00:00-04:00,122.08718944782521,123.92435481062773,121.66017197850607,123.4973373413086,21066000,0.0,0.0,META
2016-08-05 00:00:00-04:00,124.11303380775884,124.96706113255514,123.75553047343925,124.28185272216797,20184000,0.0,0.0,META
2016-08-08 00:00:00-04:00,124.38116526909147,124.57977487765535,123.686024062647,124.39109802246094,15233900,0.0,0.0,META
2016-08-09 00:00:00-04:00,124.47053083332148,125.21532819132787,123.66615211114515,124.19247436523438,19621000,0.0,0.0,META
2016-08-10 00:00:00-04:00,124.20240970652618,124.60956924076093,123.67608744146813,124.01372528076172,10670100,0.0,0.0,META
2016-08-11 00:00:00-04:00,124.33149898338264,124.51025064716443,123.88462361216337,124.03358459472656,11729500,0.0,0.0,META
2016-08-12 00:00:00-04:00,123.83497360805609,124.13289558805569,123.31858409605688,124.01372528076172,12159000,0.0,0.0,META
2016-08-15 00:00:00-04:00,124.04351556765616,124.05344074360643,122.84190254829731,123.04051971435547,19295100,0.0,0.0,META
2016-08-16 00:00:00-04:00,122.64329648494683,123.0603811809557,121.92828981951997,122.44468688964844,14222400,0.0,0.0,META
2016-08-17 00:00:00-04:00,122.80219686214487,123.51719598976055,121.99781053181214,123.50727081298828,13794200,0.0,0.0,META
2016-08-18 00:00:00-04:00,123.1497579814096,123.39802375808084,122.7823219044069,123.05045318603516,12400800,0.0,0.0,META
2016-08-19 00:00:00-04:00,122.74261192656802,123.29873247927581,122.42483200065116,122.70288848876953,11688300,0.0,0.0,META
2016-08-22 00:00:00-04:00,122.47447638659767,123.96407106633795,122.25600128800052,123.28878784179688,14386400,0.0,0.0,META
2016-08-23 00:00:00-04:00,123.64629905250834,124.22226994060397,123.38810050348359,123.50727081298828,13309500,0.0,0.0,META
2016-08-24 00:00:00-04:00,123.60656633014763,123.82504142625803,122.23613439144432,122.6234359741211,12243700,0.0,0.0,META
2016-08-25 00:00:00-04:00,122.26594615706838,123.50727517986667,122.2460806498798,123.03060150146484,10730800,0.0,0.0,META
2016-08-26 00:00:00-04:00,123.18948664036398,124.32157802388878,123.05045840564834,124.09317016601562,17504800,0.0,0.0,META
2016-08-29 00:00:00-04:00,123.48739039483472,125.8508853342146,123.48739039483472,125.66220092773438,15925900,0.0,0.0,META
2016-08-30 00:00:00-04:00,125.72178634824506,125.72178634824506,124.28184789066462,124.96705627441406,17804300,0.0,0.0,META
2016-08-31 00:00:00-04:00,124.72872774591957,125.34442961470651,124.23219618038927,125.24512481689453,14200600,0.0,0.0,META
2016-09-01 00:00:00-04:00,125.50331162856422,125.75157740312525,124.72872362416902,125.29476928710938,13536100,0.0,0.0,META
2016-09-02 00:00:00-04:00,125.97005359111434,125.97998634359469,125.12595146556922,125.63241577148438,12118800,0.0,0.0,META
2016-09-06 00:00:00-04:00,125.79130731239712,129.03862805366188,125.59269771311126,128.830078125,26278400,0.0,0.0,META
2016-09-07 00:00:00-04:00,129.13791154490053,131.06445627428977,129.04853950766648,130.1409149169922,27990800,0.0,0.0,META
2016-09-08 00:00:00-04:00,130.01181795528956,130.1707116864329,128.90951731901043,129.3663330078125,15676600,0.0,0.0,META
2016-09-09 00:00:00-04:00,128.81022571495706,129.04855116911745,126.21832275390625,126.21832275390625,27100700,0.0,0.0,META
2016-09-12 00:00:00-04:00,125.08621404564609,127.86678588809013,124.877671725698,127.79727935791016,21252800,0.0,0.0,META
2016-09-13 00:00:00-04:00,127.14187957057257,127.45966706620207,125.78138784314554,126.32756805419922,18016200,0.0,0.0,META
2016-09-14 00:00:00-04:00,126.00978935892037,127.90654371540911,126.00978935892037,126.88368225097656,15691100,0.0,0.0,META
2016-09-15 00:00:00-04:00,127.09223489964003,128.2044684394365,126.7843801478158,127.45967102050781,15077200,0.0,0.0,META
2016-09-16 00:00:00-04:00,127.31069211851924,128.2838897574908,127.31069211851924,128.17466735839844,24119200,0.0,0.0,META
2016-09-19 00:00:00-04:00,129.0088453320697,129.03863601615382,127.37028194273424,127.75757598876953,14958800,0.0,0.0,META
2016-09-20 00:00:00-04:00,127.75758295346732,128.27398009397976,127.14188857824209,127.7476577758789,11083800,0.0,0.0,META
2016-09-21 00:00:00-04:00,128.23425648250316,129.10814179871122,127.49938425590501,129.03863525390625,14068300,0.0,0.0,META
2016-09-22 00:00:00-04:00,129.5947427912252,129.8231430759264,128.66126099339252,129.1776580810547,15538300,0.0,0.0,META
2016-09-23 00:00:00-04:00,126.67514562161773,127.70793988625536,126.41695463192964,127.07237243652344,28326300,0.0,0.0,META
2016-09-26 00:00:00-04:00,126.48646119679883,127.27098202582084,125.92041548174127,126.42687225341797,15064900,0.0,0.0,META
2016-09-27 00:00:00-04:00,126.72476950406046,128.1150516370478,126.54601786175218,127.79727935791016,15637100,0.0,0.0,META
2016-09-28 00:00:00-04:00,128.31367626154244,128.5718671852052,127.50928250705931,128.33352661132812,12047600,0.0,0.0,META
2016-09-29 00:00:00-04:00,128.2838893501657,128.39312690185227,126.66520673346244,127.20145416259766,14532200,0.0,0.0,META
2016-09-30 00:00:00-04:00,127.14187027217353,127.69798319591257,126.56589184317504,127.38021087646484,18402900,0.0,0.0,META
2016-10-03 00:00:00-04:00,127.48946071203352,128.19452711081337,126.91348222752848,127.87675476074219,13156900,0.0,0.0,META
2016-10-04 00:00:00-04:00,128.27396362291285,128.38320117413025,126.66520618947528,127.30076599121094,14307500,0.0,0.0,META
2016-10-05 00:00:00-04:00,127.36034417791745,127.90653192037968,126.943259489021,127.57881927490234,12386800,0.0,0.0,META
2016-10-06 00:00:00-04:00,127.53908443221526,128.16471902322994,127.1915214450494,127.8469467163086,11682700,0.0,0.0,META
2016-10-07 00:00:00-04:00,128.1448558764441,128.3534057949327,127.43978956043189,128.09521484375,12804400,0.0,0.0,META
2016-10-10 00:00:00-04:00,128.78040457562892,129.793333094254,128.30373857101557,129.33653259277344,15138700,0.0,0.0,META
2016-10-11 00:00:00-04:00,129.32661868466616,129.73377824090136,127.34049224793898,127.98599243164062,17537900,0.0,0.0,META
2016-10-12 00:00:00-04:00,128.11505414999175,128.7605542017062,127.5688816139229,128.15478515625,11073000,0.0,0.0,META
2016-10-13 00:00:00-04:00,127.32063595804527,127.36035181763371,125.87075705953274,126.93333435058594,17139300,0.0,0.0,META
2016-10-14 00:00:00-04:00,127.5986889936971,128.05548955488467,126.69499789477503,126.99291229248047,13345300,0.0,0.0,META
2016-10-17 00:00:00-04:00,127.31069116833827,127.57882245822654,126.43679833506377,126.6552734375,11351700,0.0,0.0,META
2016-10-18 00:00:00-04:00,127.7873382267601,128.49241961666053,127.12198784208884,127.67811584472656,13504000,0.0,0.0,META
2016-10-19 00:00:00-04:00,127.84693651279781,129.56493126585724,127.70790829843934,129.20742797851562,16752300,0.0,0.0,META
2016-10-20 00:00:00-04:00,129.16774252520588,129.75364619839866,128.60168920663688,129.0982208251953,13167500,0.0,0.0,META
2016-10-21 00:00:00-04:00,128.87974631934625,131.21345099894842,128.80029944164252,131.15386962890625,19088800,0.0,0.0,META
2016-10-24 00:00:00-04:00,131.79934055978467,132.48455654777095,131.2332872991209,132.35545349121094,17470200,0.0,0.0,META
2016-10-25 00:00:00-04:00,132.5739275045425,132.5739275045425,131.30280791373795,131.372314453125,13336800,0.0,0.0,META
2016-10-26 00:00:00-04:00,130.7268406928031,131.34253503563718,130.0316994746127,130.13099670410156,13084700,0.0,0.0,META
2016-10-27 00:00:00-04:00,130.82615744007845,130.88573881034804,128.37329001102964,128.79037475585938,16741400,0.0,0.0,META
2016-10-28 00:00:00-04:00,129.59472879648257,132.04759575681976,129.0286755812018,130.37924194335938,24545500,0.0,0.0,META
2016-10-31 00:00:00-04:00,131.09424270742807,131.2034802448226,129.9720918083086,130.08132934570312,15669000,0.0,0.0,META
2016-11-01 00:00:00-04:00,130.49843892153052,131.02476120599218,127.75757478801786,128.6016845703125,22077800,0.0,0.0,META
2016-11-02 00:00:00-04:00,129.32660486651906,129.32660486651906,125.40400860368858,126.28783416748047,39640900,0.0,0.0,META
2016-11-03 00:00:00-04:00,121.15370597839355,122.42482561576762,118.67104806900024,119.1675796508789,63766300,0.0,0.0,META
2016-11-04 00:00:00-04:00,118.76041194699766,121.08418353009239,118.42277413125363,119.91236877441406,30545500,0.0,0.0,META
2016-11-07 00:00:00-05:00,121.97795662972776,122.35531792424753,120.50821973651983,121.30267333984375,23008900,0.0,0.0,META
2016-11-08 00:00:00-05:00,121.18348864611181,123.74559325750354,120.69688984946569,123.3582992553711,19460800,0.0,0.0,META
2016-11-09 00:00:00-05:00,120.65716939801426,122.95114278678994,119.67403902803474,122.32551574707031,31916000,0.0,0.0,META
2016-11-10 00:00:00-05:00,123.07031335643464,123.3185791376284,114.47038305917665,119.96202850341797,67846700,0.0,0.0,META
2016-11-11 00:00:00-05:00,118.70084608006346,119.86272823503916,117.33042155700014,118.19438171386719,32840100,0.0,0.0,META
2016-11-14 00:00:00-05:00,118.30360892754403,118.30360892754403,112.76232237444435,114.28170776367188,51377000,0.0,0.0,META
2016-11-15 00:00:00-05:00,115.92026011095152,117.6680457286939,115.02650179706606,116.38699340820312,34681400,0.0,0.0,META
2016-11-16 00:00:00-05:00,113.68587607109288,117.06228481868037,113.4177447699262,115.53296661376953,32397900,0.0,0.0,META
2016-11-17 00:00:00-05:00,115.99970281041848,116.97290802001953,115.20525684531788,116.97290802001953,18597800,0.0,0.0,META
2016-11-18 00:00:00-05:00,117.56874354152309,118.30360813747984,116.02949265698743,116.20824432373047,22879300,0.0,0.0,META
2016-11-21 00:00:00-05:00,117.38005792813173,121.10404463367487,116.98283874071674,120.92529296875,35415400,0.0,0.0,META
2016-11-22 00:00:00-05:00,121.55092939085414,122.12690782822521,120.06133468649678,120.62738037109375,26089200,0.0,0.0,META
2016-11-23 00:00:00-05:00,120.38905638332166,120.46849568207057,119.10800393216641,120.00175476074219,15672100,0.0,0.0,META
2016-11-25 00:00:00-05:00,120.17056408673048,120.29965955815585,119.23708237751173,119.54492950439453,8658600,0.0,0.0,META
2016-11-28 00:00:00-05:00,119.28674832610199,120.84585716881205,118.98882635046238,119.57473754882812,18101300,0.0,0.0,META
2016-11-29 00:00:00-05:00,119.73362556613635,121.25301099717773,119.56480664634746,120.03154754638672,18891000,0.0,0.0,META
2016-11-30 00:00:00-05:00,119.48535508615306,120.94515909445,117.13179274864673,117.5985336303711,30188900,0.0,0.0,META
2016-12-01 00:00:00-05:00,117.55881299819737,117.62832711565554,113.2091991276639,114.30156707763672,43277000,0.0,0.0,META
2016-12-02 00:00:00-05:00,114.31150569655674,115.67200500973394,113.50712692805328,114.59949493408203,25070400,0.0,0.0,META
2016-12-05 00:00:00-05:00,115.14566547374714,116.75443045204854,114.27177265764718,116.61540222167969,20201500,0.0,0.0,META
2016-12-06 00:00:00-05:00,116.87359225595897,116.98282979708772,115.5230259078852,116.49622344970703,19131200,0.0,0.0,META
2016-12-07 00:00:00-05:00,116.18839081026306,117.13179779052734,115.76137334439728,117.13179779052734,21913700,0.0,0.0,META
2016-12-08 00:00:00-05:00,117.16160257043839,118.67105533816355,116.82395713431377,118.08515167236328,22442800,0.0,0.0,META
2016-12-09 00:00:00-05:00,118.3929919622957,119.10799865465215,118.12486066442668,118.84980010986328,17464700,0.0,0.0,META
2016-12-12 00:00:00-05:00,118.39299487932591,118.41285280950478,116.83388597203974,116.95304870605469,17805500,0.0,0.0,META
2016-12-13 00:00:00-05:00,117.04241654770324,120.67702352212683,116.79415077487619,119.47541809082031,29768000,0.0,0.0,META
2016-12-14 00:00:00-05:00,119.16756393449802,120.84584288437917,118.02553993149849,119.37610626220703,25913100,0.0,0.0,META
2016-12-15 00:00:00-05:00,119.24702088411937,121.65023180843102,118.8001379356756,119.7336196899414,20139600,0.0,0.0,META
2016-12-16 00:00:00-05:00,120.06132880460082,120.6571651418592,118.44263112289264,119.0384750366211,25324300,0.0,0.0,META
2016-12-19 00:00:00-05:00,119.01861089334949,119.52507519522345,117.68790997746792,118.412841796875,15918100,0.0,0.0,META
2016-12-20 00:00:00-05:00,118.67105267709819,118.93917640807705,117.97591146606341,118.2638931274414,13684400,0.0,0.0,META
2016-12-21 00:00:00-05:00,118.09507071953779,118.37312719575361,117.65812807540038,118.21424102783203,10767600,0.0,0.0,META
2016-12-22 00:00:00-05:00,118.03548837689374,118.16458386079118,116.11887616572791,116.58561706542969,16258600,0.0,0.0,META
2016-12-23 00:00:00-05:00,116.18838873389457,116.74450167430416,115.49324755838256,116.45651245117188,10890000,0.0,0.0,META
2016-12-27 00:00:00-05:00,116.1486715949477,117.85674152047899,116.04936678970144,117.19139099121094,12051500,0.0,0.0,META
2016-12-28 00:00:00-05:00,117.3701345509431,117.4297159146745,115.84081641124996,116.10894012451172,12087400,0.0,0.0,META
2016-12-29 00:00:00-05:00,116.1883926711386,116.71471494707167,115.25491085255793,115.54290008544922,9934900,0.0,0.0,META
2016-12-30 00:00:00-05:00,115.79116600021031,116.01957386669253,113.97385855103936,114.25192260742188,18684100,0.0,0.0,META
2017-01-03 00:00:00-05:00,115.22511036129376,117.0225521490795,114.70872088257974,116.04935455322266,20663900,0.0,0.0,META
2017-01-04 00:00:00-05:00,116.73457730665392,118.82994117710588,116.47637876404455,117.86666870117188,19630900,0.0,0.0,META
2017-01-05 00:00:00-05:00,118.03548959613047,120.11098799534177,117.49923457241076,119.83293151855469,19492200,0.0,0.0,META
2017-01-06 00:00:00-05:00,120.14078085059289,123.02065786760421,119.19736633082158,122.55392456054688,28545300,0.0,0.0,META
2017-01-09 00:00:00-05:00,122.69295090459842,124.55990683350892,122.18648659447167,124.03358459472656,22880400,0.0,0.0,META
2017-01-10 00:00:00-05:00,123.95415243073394,124.6294357321823,123.41789737577749,123.48741149902344,17324600,0.0,0.0,META
2017-01-11 00:00:00-05:00,123.48739670498578,125.24512265950915,123.19940749276246,125.21532440185547,18356500,0.0,0.0,META
2017-01-12 00:00:00-05:00,124.73866515058913,125.8508986263855,123.93428640890242,125.74166107177734,18653900,0.0,0.0,META
2017-01-13 00:00:00-05:00,126.60560496178657,128.37326353880718,126.48644224582029,127.44970703125,24884300,0.0,0.0,META
2017-01-17 00:00:00-05:00,127.1517901496493,127.44971210436323,126.51623796076831,126.98297882080078,15294500,0.0,0.0,META
2017-01-18 00:00:00-05:00,127.51924495686795,127.53909531009727,125.96012851070743,127.03263854980469,13145900,0.0,0.0,META
2017-01-19 00:00:00-05:00,127.34048257294904,127.45966045409854,126.56589453371195,126.66520690917969,12195500,0.0,0.0,META
2017-01-20 00:00:00-05:00,127.21138922102944,127.58874289517787,125.90053865510436,126.15873718261719,19097200,0.0,0.0,META
2017-01-23 00:00:00-05:00,126.42685669333416,128.3534014686689,126.06935338293246,128.03561401367188,16593600,0.0,0.0,META
2017-01-24 00:00:00-05:00,128.48250502586112,128.9988869128691,127.4894419544674,128.47256469726562,15162700,0.0,0.0,META
2017-01-25 00:00:00-05:00,129.0982029839127,130.8261382327559,128.86980271376447,130.56793212890625,18731300,0.0,0.0,META
2017-01-26 00:00:00-05:00,130.71691585887382,132.21643585868816,130.52823142352497,131.8589324951172,20020100,0.0,0.0,META
2017-01-27 00:00:00-05:00,131.75962366196595,132.02775498010305,130.17073156669045,131.26309204101562,19539500,0.0,0.0,META
2017-01-30 00:00:00-05:00,130.66723977357248,130.66723977357248,128.7009791497644,130.07139587402344,18956100,0.0,0.0,META
2017-01-31 00:00:00-05:00,129.267047039275,129.75365350793402,128.6215619599633,129.416015625,19790500,0.0,0.0,META
2017-02-01 00:00:00-05:00,131.33261887808786,132.56402280126707,129.7735022539107,132.30581665039062,50139800,0.0,0.0,META
2017-02-02 00:00:00-05:00,132.29585254982823,134.55010977671003,129.49540764864398,129.93235778808594,54366400,0.0,0.0,META
2017-02-03 00:00:00-05:00,130.32960196853327,131.92843410761867,129.85292078771812,130.07139587402344,24804900,0.0,0.0,META
2017-02-06 00:00:00-05:00,130.0713957135473,131.14390563964844,129.396120104302,131.14390563964844,17058500,0.0,0.0,META
2017-02-07 00:00:00-05:00,131.32266461393144,132.07738708507352,130.74668622032044,130.92543029785156,14596400,0.0,0.0,META
2017-02-08 00:00:00-05:00,131.68016643992127,133.50739881450454,131.5212727152776,133.26905822753906,22390600,0.0,0.0,META
2017-02-09 00:00:00-05:00,133.5570660724015,133.56699124866242,132.3852436971591,133.20948791503906,16470600,0.0,0.0,META
2017-02-10 00:00:00-05:00,133.16978322077475,134.00395268484465,132.75268333579768,133.2591552734375,15061900,0.0,0.0,META
2017-02-13 00:00:00-05:00,133.7656021684869,133.7656021684869,132.7725390266972,133.1201171875,13526200,0.0,0.0,META
2017-02-14 00:00:00-05:00,133.16975928946113,133.29884718023996,131.6305085519095,132.92149353027344,14364900,0.0,0.0,META
2017-02-15 00:00:00-05:00,132.52426843771815,132.77253421416682,131.7397552514341,132.51434326171875,13226500,0.0,0.0,META
2017-02-16 00:00:00-05:00,132.14691239096575,132.94135073899795,132.0972562059787,132.91156005859375,12831100,0.0,0.0,META
2017-02-17 00:00:00-05:00,132.5739233086147,133.15982689851637,132.2462106686001,132.6037139892578,12276500,0.0,0.0,META
2017-02-21 00:00:00-05:00,132.57392907196393,132.98108859570726,131.97808512731805,132.7924041748047,14759100,0.0,0.0,META
2017-02-22 00:00:00-05:00,132.67325748818558,135.8411165565112,132.5342292380175,135.17576599121094,27360100,0.0,0.0,META
2017-02-23 00:00:00-05:00,134.94734273343116,135.17574300137466,133.3981667370487,134.4210205078125,18422500,0.0,0.0,META
2017-02-24 00:00:00-05:00,133.22935342573706,134.6792171128092,133.22935342573706,134.50047302246094,12625700,0.0,0.0,META
2017-02-27 00:00:00-05:00,134.32169829647188,136.22837747178278,134.08337287014496,135.46372985839844,14306700,0.0,0.0,META
2017-02-28 00:00:00-05:00,135.8410908015193,135.86095630576054,133.81524880417086,134.59976196289062,16112100,0.0,0.0,META
2017-03-01 00:00:00-05:00,135.52332888079954,136.52631720419205,135.35450996416563,136.46673583984375,16257000,0.0,0.0,META
2017-03-02 00:00:00-05:00,136.13903776520118,136.86398485026626,135.3644496398227,135.8113250732422,12294800,0.0,0.0,META
2017-03-03 00:00:00-05:00,135.68222788890108,136.37736908818883,135.13604010626722,136.21847534179688,11160600,0.0,0.0,META
2017-03-06 00:00:00-05:00,135.93048840776783,136.873895366812,135.56304473938474,136.46673583984375,12748200,0.0,0.0,META
2017-03-07 00:00:00-05:00,136.07943342130324,137.41013431943628,136.0397175651689,136.34756469726562,13527100,0.0,0.0,META
2017-03-08 00:00:00-05:00,136.19861040475394,137.03279500032895,136.09931317755002,136.76466369628906,10184500,0.0,0.0,META
2017-03-09 00:00:00-05:00,136.7646697701353,137.60877958003587,136.44688226190934,137.28106689453125,15535300,0.0,0.0,META
2017-03-10 00:00:00-05:00,137.94641788267032,138.52239637845958,137.26120182469788,137.82723999023438,16314100,0.0,0.0,META
2017-03-13 00:00:00-04:00,137.74779671379844,138.711054032159,137.70806570200432,138.63162231445312,10955500,0.0,0.0,META
2017-03-14 00:00:00-04:00,138.49258963230034,138.49258963230034,137.55910787334605,138.3535614013672,12944000,0.0,0.0,META
2017-03-15 00:00:00-04:00,138.3237683955284,139.12816232725115,137.5293299467696,138.75079345703125,19344800,0.0,0.0,META
2017-03-16 00:00:00-04:00,139.22747096358097,139.2771271589322,138.7607300025776,139.01893615722656,13612900,0.0,0.0,META
2017-03-17 00:00:00-04:00,139.36648092326286,139.36648092326286,138.73092110385406,138.8699493408203,20592800,0.0,0.0,META
2017-03-20 00:00:00-04:00,138.7408685020914,139.21753460269827,138.28405275567576,138.96926879882812,12099500,0.0,0.0,META
2017-03-21 00:00:00-04:00,140.1708653323767,141.32282228694692,137.43994151847468,137.54917907714844,29894800,0.0,0.0,META
2017-03-22 00:00:00-04:00,136.97318521208032,138.82028317209492,136.64548772581506,138.62167358398438,17055400,0.0,0.0,META
2017-03-23 00:00:00-04:00,138.51244708226218,139.41613820610485,138.12515305103554,138.56210327148438,13022800,0.0,0.0,META
2017-03-24 00:00:00-04:00,139.10829461923572,140.04177644999447,138.7905071224064,139.36648559570312,16664700,0.0,0.0,META
2017-03-27 00:00:00-04:00,138.0854242979809,139.6743161341408,137.8073678478294,139.34661865234375,12800500,0.0,0.0,META
2017-03-28 00:00:00-04:00,139.38634423909812,140.9653110097479,139.03876607567358,140.77662658691406,14679400,0.0,0.0,META
2017-03-29 00:00:00-04:00,141.00502084434697,141.86898080552473,140.44889283580227,141.66043090820312,16527600,0.0,0.0,META
2017-03-30 00:00:00-04:00,141.412178811783,141.95836654518095,140.86600623132537,141.422119140625,12404000,0.0,0.0,META
2017-03-31 00:00:00-04:00,141.32281193101508,141.64059940675793,140.90572723380828,141.0646209716797,11478300,0.0,0.0,META
2017-04-03 00:00:00-04:00,140.94545160668204,141.48171421615984,139.84316601007697,141.29302978515625,13564000,0.0,0.0,META
2017-04-04 00:00:00-04:00,140.87592922129497,141.1043294870118,140.29002564044134,140.746826171875,12948600,0.0,0.0,META
2017-04-05 00:00:00-04:00,141.27314164181345,142.44496390046683,140.30986928741632,140.86599731445312,17158100,0.0,0.0,META
2017-04-06 00:00:00-04:00,141.12418600651407,141.23342354454383,139.93251341624145,140.19070434570312,15103400,0.0,0.0,META
2017-04-07 00:00:00-04:00,140.2205057012156,140.5680838449422,139.26717361758077,139.8034210205078,11818300,0.0,0.0,META
2017-04-10 00:00:00-04:00,140.0219143874138,140.448924299722,139.65448584399118,140.06163024902344,9039400,0.0,0.0,META
2017-04-11 00:00:00-04:00,139.82328697024343,140.0516872395375,137.8470859538219,138.9493865966797,16638100,0.0,0.0,META
2017-04-12 00:00:00-04:00,138.75078360504907,139.4260592691346,138.47272713713843,138.61175537109375,11612500,0.0,0.0,META
2017-04-13 00:00:00-04:00,138.65148074015627,139.60482809048713,138.3634990761169,138.42308044433594,10965600,0.0,0.0,META
2017-04-17 00:00:00-04:00,138.7905068192461,140.56809842575078,138.78058164234508,140.43899536132812,11519700,0.0,0.0,META
2017-04-18 00:00:00-04:00,140.29004015553377,140.92559998676398,139.63461481781277,139.98219299316406,14807500,0.0,0.0,META
2017-04-19 00:00:00-04:00,140.36948004857229,142.04774401652003,140.29003317950136,141.28309631347656,15563900,0.0,0.0,META
2017-04-20 00:00:00-04:00,141.95838045885043,143.2493656407943,141.70018948363838,142.802490234375,15968200,0.0,0.0,META
2017-04-21 00:00:00-04:00,142.90177893474345,143.1699102237719,141.28309633017236,142.6833038330078,12382000,0.0,0.0,META
2017-04-24 00:00:00-04:00,143.95445019823723,144.65951659467416,143.33874070143042,144.46090698242188,14407200,0.0,0.0,META
2017-04-25 00:00:00-04:00,144.77867482609412,146.12924136150053,144.77867482609412,145.4738311767578,17767500,0.0,0.0,META
2017-04-26 00:00:00-04:00,146.069641911905,146.56617344208587,145.07657885154325,145.54331970214844,12395000,0.0,0.0,META
2017-04-27 00:00:00-04:00,145.65259157561377,146.72510175195077,145.12626924180162,146.67544555664062,11275100,0.0,0.0,META
2017-04-28 00:00:00-04:00,148.46293581742017,150.47885273033117,148.03592595102236,149.20773315429688,30652200,0.0,0.0,META
2017-05-01 00:00:00-04:00,150.68741333760536,151.5116576005512,150.3696258445913,151.4024200439453,25218300,0.0,0.0,META
2017-05-02 00:00:00-04:00,152.27631257118807,152.37562495570396,150.60797361250664,151.72019958496094,21870400,0.0,0.0,META
2017-05-03 00:00:00-04:00,152.53451077627304,152.53451077627304,150.29017828766047,150.7469940185547,29782500,0.0,0.0,META
2017-05-04 00:00:00-04:00,149.1283132057827,150.46895471533577,147.68837445848632,149.80360412597656,36225500,0.0,0.0,META
2017-05-05 00:00:00-04:00,150.39941288200032,150.57817213072272,148.75092439607093,149.19781494140625,17148500,0.0,0.0,META
2017-05-08 00:00:00-04:00,149.6645524713391,150.03198098413574,148.701280013467,150.01211547851562,15827500,0.0,0.0,META
2017-05-09 00:00:00-04:00,150.43913010876204,151.53149039530075,149.16801058988136,149.43612670898438,17453900,0.0,0.0,META
2017-05-10 00:00:00-04:00,149.18787041864087,149.47586721322622,147.8273787736313,149.24745178222656,12080700,0.0,0.0,META
2017-05-11 00:00:00-04:00,149.26730729651976,149.6049451028661,148.37355659667585,148.99917602539062,11841900,0.0,0.0,META
2017-05-12 00:00:00-04:00,149.35669221015388,149.41628872782846,148.5920444921537,149.2871856689453,9598200,0.0,0.0,META
2017-05-15 00:00:00-04:00,149.128297335185,150.42920768884002,148.73107812059814,149.14816284179688,15064700,0.0,0.0,META
2017-05-16 00:00:00-04:00,149.06869467972123,149.16800704565597,147.99618476997222,148.74098205566406,14550800,0.0,0.0,META
2017-05-17 00:00:00-04:00,146.9733735458854,147.6387241618277,143.41820498905733,143.84523010253906,28300100,0.0,0.0,META
2017-05-18 00:00:00-04:00,143.7161035186623,147.12230292650415,143.50755358516884,146.63571166992188,23031600,0.0,0.0,META
2017-05-19 00:00:00-04:00,147.42022249155588,148.35370428275476,146.93363124295223,147.03292846679688,16187900,0.0,0.0,META
2017-05-22 00:00:00-04:00,147.05279144171797,147.55924818755005,146.66549742362497,147.21168518066406,12586700,0.0,0.0,META
2017-05-23 00:00:00-04:00,147.48973730728926,147.77771894183152,146.22854291504584,147.04286193847656,12817800,0.0,0.0,META
2017-05-24 00:00:00-04:00,147.4797907438921,149.18786043274298,147.3904187044957,148.99917602539062,17862400,0.0,0.0,META
2017-05-25 00:00:00-04:00,149.25739531409565,151.53150327307716,148.90981714846654,150.9058837890625,19891400,0.0,0.0,META
2017-05-26 00:00:00-04:00,151.17400425788526,151.19386976438898,150.1014942008095,151.07470703125,14996200,0.0,0.0,META
2017-05-30 00:00:00-04:00,150.91582321913762,151.83936476764012,150.58811052849208,151.32298278808594,13226000,0.0,0.0,META
2017-05-31 00:00:00-04:00,151.6407207272127,152.28622078454643,150.04188865252894,150.40933227539062,18023900,0.0,0.0,META
2017-06-01 00:00:00-04:00,150.69734169497124,151.2335891595732,149.257403075097,150.47886657714844,14530600,0.0,0.0,META
2017-06-02 00:00:00-04:00,150.79664787598009,152.5642990999012,150.25046010388283,152.54443359375,16854400,0.0,0.0,META
2017-06-05 00:00:00-04:00,152.57421045402606,153.6367952191995,152.34581018927418,152.5642852783203,12520400,0.0,0.0,META
2017-06-06 00:00:00-04:00,152.34581340201132,153.4481140461935,151.42225684194173,151.74996948242188,13457100,0.0,0.0,META
2017-06-07 00:00:00-04:00,152.20679938081847,152.68346546921575,151.28324273454814,152.05783081054688,12066700,0.0,0.0,META
2017-06-08 00:00:00-04:00,153.0111756542305,153.65666065609466,152.03797798662345,153.63681030273438,17799400,0.0,0.0,META
2017-06-09 00:00:00-04:00,153.69639061493035,154.51069453242306,145.59299153468632,148.562255859375,35577700,0.0,0.0,META
2017-06-12 00:00:00-04:00,147.1421775219623,148.16503144045868,143.55721864211486,147.41030883789062,33170200,0.0,0.0,META
2017-06-13 00:00:00-04:00,149.10841289609826,150.13126663908113,147.86708406695013,149.63473510742188,20483400,0.0,0.0,META
2017-06-14 00:00:00-04:00,150.21072144623218,151.34281279216714,148.0160604458823,149.20773315429688,20808800,0.0,0.0,META
2017-06-15 00:00:00-04:00,146.64563488007298,148.99918971810456,145.3546497427064,148.7608642578125,18994200,0.0,0.0,META
2017-06-16 00:00:00-04:00,148.55231240417723,149.78371616053087,147.56918958731606,149.59503173828125,22882400,0.0,0.0,META
2017-06-19 00:00:00-04:00,150.65761334506806,152.50471136348983,150.65761334506806,151.80955505371094,19026500,0.0,0.0,META
2017-06-20 00:00:00-04:00,151.81951286348902,152.7728450875087,151.15416231155334,151.19387817382812,14743900,0.0,0.0,META
2017-06-21 00:00:00-04:00,151.3030953474221,153.01116510097424,150.82642929964538,152.84234619140625,15039800,0.0,0.0,META
2017-06-22 00:00:00-04:00,151.9485976743654,153.47792351717473,151.8493004442371,152.3358917236328,13005500,0.0,0.0,META
2017-06-23 00:00:00-04:00,151.66061905786412,154.12341164752556,151.59109735772836,153.99432373046875,18027000,0.0,0.0,META
2017-06-26 00:00:00-04:00,155.16611828477656,155.4143840740322,152.13727262526947,152.52456665039062,18049700,0.0,0.0,META
2017-06-27 00:00:00-04:00,151.77979433482105,152.24653530789544,149.3467922291219,149.5354766845703,19360800,0.0,0.0,META
2017-06-28 00:00:00-04:00,149.87307315314158,152.40538695219828,148.82042874836606,152.17698669433594,16719100,0.0,0.0,META
2017-06-29 00:00:00-04:00,151.22365227180285,151.44212737270695,147.8869595478341,149.99224853515625,23973500,0.0,0.0,META
2017-06-30 00:00:00-04:00,150.8462945515296,150.8661600584235,149.0190618937829,149.93267822265625,17666000,0.0,0.0,META
2017-07-03 00:00:00-04:00,150.66754644581417,151.09455633856646,146.77474060983266,147.40036010742188,13862700,0.0,0.0,META
2017-07-05 00:00:00-04:00,147.96640295505324,149.80357576432908,147.10244290083384,149.29710388183594,14334300,0.0,0.0,META
2017-07-06 00:00:00-04:00,147.99622401863544,148.9992125076352,146.97337002059248,147.78768920898438,14951800,0.0,0.0,META
2017-07-07 00:00:00-04:00,148.21466994405515,150.9356683347701,148.15508858161346,150.3894805908203,13615900,0.0,0.0,META
2017-07-10 00:00:00-04:00,150.63773893868301,152.91184669302274,150.45897970723553,152.4351806640625,13378700,0.0,0.0,META
2017-07-11 00:00:00-04:00,152.30608782606402,154.34187027885838,151.8492872706305,154.1929168701172,13667700,0.0,0.0,META
2017-07-12 00:00:00-04:00,155.40447382884113,158.05595089449335,155.11647699998665,157.79774475097656,22739400,0.0,0.0,META
2017-07-13 00:00:00-04:00,157.63883053784087,158.6716094197859,157.3210430954336,158.15521240234375,13929200,0.0,0.0,META
2017-07-14 00:00:00-04:00,159.01918424525442,159.20786864115598,158.22473080863998,158.86029052734375,16371200,0.0,0.0,META
2017-07-17 00:00:00-04:00,159.13836055183071,159.6646827785501,157.70834727435164,158.62196350097656,12858800,0.0,0.0,META
2017-07-18 00:00:00-04:00,158.55245627576127,162.59421516462118,158.3141156795693,161.73025512695312,23722900,0.0,0.0,META
2017-07-19 00:00:00-04:00,162.45518556660878,164.55054927083134,162.03810089149994,163.00137329101562,26273600,0.0,0.0,META
2017-07-20 00:00:00-04:00,163.6568184406949,163.85542805016732,161.68061721703077,163.38868713378906,18523100,0.0,0.0,META
2017-07-21 00:00:00-04:00,163.02126676717182,163.90509245361085,162.61410719793943,163.2893829345703,14744000,0.0,0.0,META
2017-07-24 00:00:00-04:00,163.4979137564106,165.01729913901661,163.17020110387625,164.84848022460938,17367000,0.0,0.0,META
2017-07-25 00:00:00-04:00,163.86532211314628,164.39164429713654,162.723305710814,164.13345336914062,15383200,0.0,0.0,META
2017-07-26 00:00:00-04:00,164.8584008219692,164.8584008219692,162.96166180516906,164.461181640625,35236900,0.0,0.0,META
2017-07-27 00:00:00-04:00,173.4881184714125,174.27264679670745,166.33806726723006,169.25767517089844,68910700,0.0,0.0,META
2017-07-28 00:00:00-04:00,167.8971802767594,172.22692070890795,167.87731477256483,171.25372314453125,24557600,0.0,0.0,META
2017-07-31 00:00:00-04:00,170.80688224127584,171.5218890070794,167.38081699435048,168.07595825195312,25478900,0.0,0.0,META
2017-08-01 00:00:00-04:00,168.64197054757364,169.287455454059,167.87730777382905,168.6816864013672,14385000,0.0,0.0,META
2017-08-02 00:00:00-04:00,169.11864289838718,169.36690866448788,165.75215971617925,168.12557983398438,17433800,0.0,0.0,META
2017-08-03 00:00:00-04:00,168.12558316597753,168.522802338435,167.0828638971015,167.42050170898438,10793800,0.0,0.0,META
2017-08-04 00:00:00-04:00,167.79785921625376,168.88029426821726,167.51980278369322,168.44334411621094,10777700,0.0,0.0,META
2017-08-07 00:00:00-04:00,168.77107042853194,170.8664341708587,168.48308879748416,170.7869873046875,12787800,0.0,0.0,META
2017-08-08 00:00:00-04:00,170.68770597592456,171.8495880900743,169.4364366584235,170.04220581054688,14393500,0.0,0.0,META
2017-08-09 00:00:00-04:00,168.800880884643,170.26068502155996,168.38379615308702,169.9925537109375,10815000,0.0,0.0,META
2017-08-10 00:00:00-04:00,168.88030571375126,169.4066279362641,165.69258169837636,166.23875427246094,20832700,0.0,0.0,META
2017-08-11 00:00:00-04:00,166.78494418959886,167.6489193883977,165.6925838741454,166.91404724121094,13791200,0.0,0.0,META
2017-08-14 00:00:00-04:00,168.91012636907018,169.89326445218367,168.11567272995305,169.5655517578125,12954200,0.0,0.0,META
2017-08-15 00:00:00-04:00,170.3004033908926,170.31032856723718,168.83065903308116,169.8137969970703,8729200,0.0,0.0,META
2017-08-16 00:00:00-04:00,170.062068714815,170.19117177650332,168.06601718817015,168.82073974609375,15779900,0.0,0.0,META
2017-08-17 00:00:00-04:00,168.16530282350945,168.68169988172968,165.6925853861254,165.75216674804688,17216000,0.0,0.0,META
2017-08-18 00:00:00-04:00,165.6826497427864,167.49995709748833,165.0570302719775,166.2487030029297,15093600,0.0,0.0,META
2017-08-21 00:00:00-04:00,166.00044033746792,166.83460974950958,164.6697393487908,166.6161346435547,11907500,0.0,0.0,META
2017-08-22 00:00:00-04:00,167.11264473861345,168.69161131263925,165.99047867072557,168.4632110595703,11391000,0.0,0.0,META
2017-08-23 00:00:00-04:00,167.66876074330753,168.18515776910624,167.0332010011474,167.5396728515625,9856500,0.0,0.0,META
2017-08-24 00:00:00-04:00,167.70852274790806,168.11566715504102,165.2556553631807,166.57643127441406,14030400,0.0,0.0,META
2017-08-25 00:00:00-04:00,166.695570251037,167.21196729866998,165.0272163867383,165.166259765625,12614500,0.0,0.0,META
2017-08-28 00:00:00-04:00,165.75219757386526,166.53671090663227,165.17621904660575,166.0799102783203,8553700,0.0,0.0,META
2017-08-29 00:00:00-04:00,164.1036822894085,167.26161577049203,163.85541650682242,166.88426208496094,11121000,0.0,0.0,META
2017-08-30 00:00:00-04:00,167.003411631706,168.99946291111058,166.4671642509348,168.74127197265625,11138300,0.0,0.0,META
2017-08-31 00:00:00-04:00,169.21795269138102,170.95581318326467,168.8803148610923,170.77706909179688,17226500,0.0,0.0,META
2017-09-01 00:00:00-04:00,171.2040748708996,171.72047193323968,170.1216397128492,170.82672119140625,11677600,0.0,0.0,META
2017-09-05 00:00:00-04:00,170.0819238274325,171.19414966649737,168.37385405861684,169.53573608398438,13210900,0.0,0.0,META
2017-09-06 00:00:00-04:00,169.72440263866403,171.28350368449455,168.39370184226058,170.89620971679688,13906300,0.0,0.0,META
2017-09-07 00:00:00-04:00,170.74730452425675,172.10779638275184,169.08889064814304,172.0084991455078,18049500,0.0,0.0,META
2017-09-08 00:00:00-04:00,171.88929946283218,172.28653382029586,169.6151914840004,169.76414489746094,10998500,0.0,0.0,META
2017-09-11 00:00:00-04:00,171.20406536483895,172.68373477827754,171.00545578356378,172.30636596679688,12372000,0.0,0.0,META
2017-09-12 00:00:00-04:00,172.5546465230831,172.79298713280784,170.5585950578146,171.7602081298828,11186300,0.0,0.0,META
2017-09-13 00:00:00-04:00,171.80984784630212,171.96874158489928,170.86644089691058,171.84957885742188,9119300,0.0,0.0,META
2017-09-14 00:00:00-04:00,171.06504830816147,171.08491381346752,169.31726266474533,169.77407836914062,15615700,0.0,0.0,META
2017-09-15 00:00:00-04:00,169.69464874192767,171.1445125648226,169.07893923840882,170.44937133789062,15660500,0.0,0.0,META
2017-09-18 00:00:00-04:00,170.7969338744533,170.87638074352748,168.16530747754663,168.83065795898438,12954000,0.0,0.0,META
2017-09-19 00:00:00-04:00,169.43645856680314,171.36300382931506,169.17826755903263,171.3232879638672,13168600,0.0,0.0,META
2017-09-20 00:00:00-04:00,171.30337485386633,171.84956255790132,169.51585834654242,170.9756622314453,12264100,0.0,0.0,META
2017-09-21 00:00:00-04:00,170.4990284186307,171.07500691050356,168.8306743123537,169.9230499267578,11161400,0.0,0.0,META
2017-09-22 00:00:00-04:00,169.02929710136482,170.5387422834842,168.04615905991395,169.35699462890625,12097100,0.0,0.0,META
2017-09-25 00:00:00-04:00,168.06602695358538,168.1256083230753,160.43929344708368,161.74020385742188,41251600,0.0,0.0,META
2017-09-26 00:00:00-04:00,163.35891981233019,164.3519831546544,161.65084965129705,163.07093811035156,23363300,0.0,0.0,META
2017-09-27 00:00:00-04:00,164.74916406013335,167.1722404755381,164.42146656807827,166.51681518554688,19242500,0.0,0.0,META
2017-09-28 00:00:00-04:00,166.7750265796235,167.89719277961456,166.0004385406916,167.55953979492188,12178700,0.0,0.0,META
2017-09-29 00:00:00-04:00,167.6588351857989,170.46920541278678,167.63896968213743,169.68467712402344,15340400,0.0,0.0,META
2017-10-02 00:00:00-04:00,170.2010823906376,170.67774843101898,167.5793964391297,168.29440307617188,13392300,0.0,0.0,META
2017-10-03 00:00:00-04:00,168.1255805971883,169.5456535123196,168.02626822912126,168.781005859375,8190300,0.0,0.0,META
2017-10-04 00:00:00-04:00,168.65190101575786,169.48607034805556,167.12257542027234,167.25167846679688,12127900,0.0,0.0,META
2017-10-05 00:00:00-04:00,168.00641646450137,170.12164582320582,167.43045317201788,170.05213928222656,14580600,0.0,0.0,META
2017-10-06 00:00:00-04:00,169.0690022560824,171.17429129720227,168.5724706782378,171.03526306152344,13124500,0.0,0.0,META
2017-10-09 00:00:00-04:00,171.5020153754917,173.66690107856107,170.80687415081522,171.30340576171875,14570400,0.0,0.0,META
2017-10-10 00:00:00-04:00,171.7999266717307,171.99853627313288,169.6151907504241,170.3997039794922,11341100,0.0,0.0,META
2017-10-11 00:00:00-04:00,170.75718923041313,171.58143338419265,170.21100151972314,171.54171752929688,11283700,0.0,0.0,META
2017-10-12 00:00:00-04:00,171.41265449283765,172.6440584231856,171.09486696773757,171.3530731201172,10351000,0.0,0.0,META
2017-10-13 00:00:00-04:00,172.24680848508078,173.43848129086487,171.99854268583653,172.53480529785156,13658300,0.0,0.0,META
2017-10-16 00:00:00-04:00,173.27961178058445,173.78606858253704,172.85258670396576,173.3094024658203,11498800,0.0,0.0,META
2017-10-17 00:00:00-04:00,173.4980690956778,174.90821694619504,173.15049093301928,174.8883514404297,15990100,0.0,0.0,META
2017-10-18 00:00:00-04:00,175.42459320815635,175.51398040474353,174.53084246580923,174.80889892578125,12752400,0.0,0.0,META
2017-10-19 00:00:00-04:00,173.71651907055272,174.80889453079334,171.43248608576994,173.34909057617188,14048400,0.0,0.0,META
2017-10-20 00:00:00-04:00,174.2825713632688,174.65994018439224,173.4186113285285,173.76617431640625,12602200,0.0,0.0,META
2017-10-23 00:00:00-04:00,173.9846552182496,174.1236834486322,170.06205893329602,170.08192443847656,13852700,0.0,0.0,META
2017-10-24 00:00:00-04:00,171.10477740612572,172.03825915684698,170.31032388511144,170.60824584960938,12267900,0.0,0.0,META
2017-10-25 00:00:00-04:00,170.70755017855,171.05512834376316,167.71843553889343,169.4165802001953,15868200,0.0,0.0,META
2017-10-26 00:00:00-04:00,170.19117802380686,171.09485402997214,169.20803998943205,169.44638061523438,11833100,0.0,0.0,META
2017-10-27 00:00:00-04:00,172.9419360451542,176.97378503519025,172.69367026550114,176.6460723876953,30285300,0.0,0.0,META
2017-10-30 00:00:00-04:00,178.0164843260402,179.4365724264046,176.37793628625226,178.62225341796875,24353200,0.0,0.0,META
2017-10-31 00:00:00-04:00,179.31743079642138,179.54583109150695,177.6987329179484,178.8109588623047,20174200,0.0,0.0,META
2017-11-01 00:00:00-04:00,181.09499185065036,181.631239270174,179.3174155264565,181.39291381835938,40918300,0.0,0.0,META
2017-11-02 00:00:00-04:00,179.37699283712175,180.6779030753569,176.10980674819155,177.67884826660156,35529900,0.0,0.0,META
2017-11-03 00:00:00-04:00,178.04627676514238,178.6123300062959,175.48418729837076,177.67884826660156,17822100,0.0,0.0,META
2017-11-06 00:00:00-05:00,177.32134903828393,179.1982377369636,177.07308325722607,178.92018127441406,13312700,0.0,0.0,META
2017-11-07 00:00:00-05:00,179.2478842979992,179.49615006572498,177.71857383610208,178.99961853027344,12928200,0.0,0.0,META
2017-11-08 00:00:00-05:00,178.54283817488422,179.09896633308887,177.86756242647868,178.31443786621094,10494100,0.0,0.0,META
2017-11-09 00:00:00-05:00,177.07307547407183,178.15551059520038,175.86153730352683,178.05621337890625,12610300,0.0,0.0,META
2017-11-10 00:00:00-05:00,177.1128388510704,177.85763629762167,176.72554478498145,177.22207641601562,11070200,0.0,0.0,META
2017-11-13 00:00:00-05:00,176.26868245647293,177.7979928088022,176.07007288710975,177.52987670898438,9523400,0.0,0.0,META
2017-11-14 00:00:00-05:00,176.89434393783202,177.7285133479721,175.9509218220224,176.8347625732422,9585900,0.0,0.0,META
2017-11-15 00:00:00-05:00,175.4345314361276,177.33128559981677,175.17632533143126,176.715576171875,10253700,0.0,0.0,META
2017-11-16 00:00:00-05:00,177.51996352946998,178.58254837512075,177.26177256510624,178.34420776367188,15607600,0.0,0.0,META
2017-11-17 00:00:00-05:00,178.0562074673323,178.73148306629716,177.65897315652396,177.75828552246094,13018000,0.0,0.0,META
2017-11-20 00:00:00-05:00,177.62922525237795,178.2548599719735,176.86457743169805,177.50013732910156,10052400,0.0,0.0,META
2017-11-21 00:00:00-05:00,177.9072571635059,180.62825564806863,177.74837857582853,180.5984649658203,14504000,0.0,0.0,META
2017-11-22 00:00:00-05:00,180.04236625406278,180.4693761686598,179.18833127192642,179.61534118652344,10376300,0.0,0.0,META
2017-11-24 00:00:00-05:00,179.1485897679096,181.8795134848164,179.0393522131157,181.5120849609375,9426300,0.0,0.0,META
2017-11-27 00:00:00-05:00,181.29361979015204,182.4555019441429,180.72758163187342,181.76036071777344,12344500,0.0,0.0,META
2017-11-28 00:00:00-05:00,182.23700669132907,182.97187885113578,180.82685888705717,181.15457153320312,14379700,0.0,0.0,META
2017-11-29 00:00:00-05:00,180.62821529184475,180.70766214440386,172.79294939933715,173.9151153564453,41933500,0.0,0.0,META
2017-11-30 00:00:00-05:00,175.62321498774895,177.04328794484366,173.98465178386235,175.95091247558594,25307600,0.0,0.0,META
2017-12-01 00:00:00-05:00,174.8088868185829,176.24882520505278,171.144481753462,173.88534545898438,20182500,0.0,0.0,META
2017-12-04 00:00:00-05:00,175.06713621501814,175.345207901527,169.60528763680767,170.28057861328125,24459400,0.0,0.0,META
2017-12-05 00:00:00-05:00,169.26759335568448,174.16340205764968,167.83758014332193,171.63108825683594,20184900,0.0,0.0,META
2017-12-06 00:00:00-05:00,171.30338192872622,175.5437655387127,170.7075380173633,174.83868408203125,20255800,0.0,0.0,META
2017-12-07 00:00:00-05:00,174.58049077142067,179.13864662692453,174.58049077142067,178.890380859375,20404500,0.0,0.0,META
2017-12-08 00:00:00-05:00,180.27073382068292,181.01553110639153,177.5000945851402,177.75828552246094,19883800,0.0,0.0,META
2017-12-11 00:00:00-05:00,178.05621024467848,178.96982644437904,177.55967871312777,177.79800415039062,13168600,0.0,0.0,META
2017-12-12 00:00:00-05:00,177.36109066648527,177.93705397843124,175.3749642991246,175.7324676513672,16854100,0.0,0.0,META
2017-12-13 00:00:00-05:00,176.07007784144264,177.91717567907847,176.0204216594699,177.06314086914062,14615700,0.0,0.0,META
2017-12-14 00:00:00-05:00,177.0532144837025,179.10886238632793,176.4474453829856,177.15252685546875,13591000,0.0,0.0,META
2017-12-15 00:00:00-05:00,177.77817298481438,179.2379770573487,177.12274765572928,178.93011474609375,28463100,0.0,0.0,META
2017-12-18 00:00:00-05:00,179.75435836012767,180.04235516413516,178.50310422506925,179.56568908691406,17265400,0.0,0.0,META
2017-12-19 00:00:00-05:00,178.70170544637455,178.83080850093938,176.98371049128104,178.26475524902344,14920600,0.0,0.0,META
2017-12-20 00:00:00-05:00,178.56270074177294,178.56270074177294,176.1296988073579,176.65602111816406,11860500,0.0,0.0,META
2017-12-21 00:00:00-05:00,176.70566158052242,177.44051862297647,175.821835971911,176.21905517578125,11600700,0.0,0.0,META
2017-12-22 00:00:00-05:00,175.91119805703332,176.2984920624017,175.00750699352696,175.9707794189453,8509500,0.0,0.0,META
2017-12-26 00:00:00-05:00,175.40475538955366,175.77218391942694,173.45834487772782,174.76919555664062,8897300,0.0,0.0,META
2017-12-27 00:00:00-05:00,175.3253086874568,177.2021975046837,175.03731187759257,176.38787841796875,9496100,0.0,0.0,META
2017-12-28 00:00:00-05:00,176.71559695877707,177.69873500158266,176.44746564656788,176.68580627441406,12220800,0.0,0.0,META
2017-12-29 00:00:00-05:00,176.7652419913627,177.6093517362058,175.23593139648438,175.23593139648438,10261500,0.0,0.0,META
2018-01-02 00:00:00-05:00,176.4474377137419,180.320392750181,176.3183498195851,180.1614990234375,18151900,0.0,0.0,META
2018-01-03 00:00:00-05:00,180.61833742444432,183.49821460754387,180.07214964063118,183.38897705078125,16886600,0.0,0.0,META
2018-01-04 00:00:00-05:00,183.61738398311937,184.9183095345115,182.82294552659033,183.0513458251953,13880900,0.0,0.0,META
2018-01-05 00:00:00-05:00,184.3025638935398,185.60347403690517,183.64713865777213,185.5538330078125,13574500,0.0,0.0,META
2018-01-08 00:00:00-05:00,185.90141274321354,187.58961701399005,185.0374526791032,186.9739227294922,17994700,0.0,0.0,META
2018-01-09 00:00:00-05:00,187.39100138225353,187.49031375207446,185.80210953569997,186.56675720214844,12393100,0.0,0.0,META
2018-01-10 00:00:00-05:00,185.64322130280325,186.58662823227942,184.3423110455009,186.53697204589844,10529900,0.0,0.0,META
2018-01-11 00:00:00-05:00,187.09308772995047,187.09308772995047,186.0801742469312,186.46746826171875,9588600,0.0,0.0,META
2018-01-12 00:00:00-05:00,176.8248221194416,180.22109627514337,176.16939680353218,178.125732421875,77551300,0.0,0.0,META
2018-01-16 00:00:00-05:00,180.24095372093686,180.48921949741197,176.8049487072274,177.15252685546875,36183800,0.0,0.0,META
2018-01-17 00:00:00-05:00,178.0165000950676,178.07609661430618,174.58050997978083,176.36802673339844,27992400,0.0,0.0,META
2018-01-18 00:00:00-05:00,176.8943360637807,179.72455682640532,175.85161677104932,178.55274963378906,23304900,0.0,0.0,META
2018-01-19 00:00:00-05:00,179.5954593938482,181.1049043259526,178.9201686375365,180.0323944091797,26826500,0.0,0.0,META
2018-01-22 00:00:00-05:00,179.54580096559303,184.10395669018,179.15850698545702,184.08409118652344,21059500,0.0,0.0,META
2018-01-23 00:00:00-05:00,184.759402843244,188.2351238824501,184.26287126621455,188.03651428222656,25678800,0.0,0.0,META
2018-01-24 00:00:00-05:00,188.5727785211352,189.3374414607203,185.22616024269337,185.25595092773438,24334500,0.0,0.0,META
2018-01-25 00:00:00-05:00,186.64623006361617,187.3115806058543,185.3056038019515,186.1794891357422,17377700,0.0,0.0,META
2018-01-26 00:00:00-05:00,186.44759957162958,188.68199157714844,185.51411782040898,188.68199157714844,17759200,0.0,0.0,META
2018-01-29 00:00:00-05:00,187.44068502512843,187.53005707929518,184.34233259047582,184.6898956298828,20453200,0.0,0.0,META
2018-01-30 00:00:00-05:00,186.3185072935063,186.87462024479393,180.57860337737924,185.8219757080078,20858600,0.0,0.0,META
2018-01-31 00:00:00-05:00,187.06331145688196,188.5131904064215,183.93516841595468,185.5935821533203,43275100,0.0,0.0,META
2018-02-01 00:00:00-05:00,186.9143517681629,193.96510636268923,186.5866391024852,191.7505645751953,54211300,0.0,0.0,META
2018-02-02 00:00:00-05:00,190.70783815624117,192.862798498052,188.66213051855547,188.96005249023438,26677500,0.0,0.0,META
2018-02-05 00:00:00-05:00,185.6332908601518,189.2877712006641,179.35713951321085,180.00262451171875,33128200,0.0,0.0,META
2018-02-06 00:00:00-05:00,177.33128526926728,184.48133656790674,176.5070410768507,184.02452087402344,37758500,0.0,0.0,META
2018-02-07 00:00:00-05:00,182.87257674430663,183.7961333721886,178.70171445975492,178.93011474609375,27601900,0.0,0.0,META
2018-02-08 00:00:00-05:00,179.7543644742594,180.57860874905867,170.29047338537103,170.38978576660156,38478300,0.0,0.0,META
2018-02-09 00:00:00-05:00,173.54771013067952,175.67286465933802,166.02028965737182,174.8883514404297,39887600,0.0,0.0,META
2018-02-12 00:00:00-05:00,175.83176430297976,176.31837071645086,170.64797328888466,175.186279296875,32092100,0.0,0.0,META
2018-02-13 00:00:00-05:00,174.40173483989793,174.7493129822213,171.8992267657541,171.94886779785156,21809400,0.0,0.0,META
2018-02-14 00:00:00-05:00,172.2467885396452,178.56267034718502,172.00846309785055,178.27468872070312,28929700,0.0,0.0,META
2018-02-15 00:00:00-05:00,179.24791741193448,179.24791741193448,175.61330226427154,178.711669921875,20922100,0.0,0.0,META
2018-02-16 00:00:00-05:00,177.74838226438385,178.632207879621,175.07703991244753,176.1296844482422,20645300,0.0,0.0,META
2018-02-20 00:00:00-05:00,174.55070653465867,176.7155768341903,173.89528124742893,174.78903198242188,21204900,0.0,0.0,META
2018-02-21 00:00:00-05:00,175.48420002533416,180.01256567121982,175.17633771313297,176.67587280273438,23200800,0.0,0.0,META
2018-02-22 00:00:00-05:00,177.46038576290178,178.95992085014174,176.17934093862578,177.74838256835938,18464200,0.0,0.0,META
2018-02-23 00:00:00-05:00,178.65205593168352,182.11785180561444,178.2647619064659,182.01853942871094,19007300,0.0,0.0,META
2018-02-26 00:00:00-05:00,183.29960799091424,184.37211806945996,181.9490414275169,183.6471710205078,17599700,0.0,0.0,META
2018-02-27 00:00:00-05:00,183.17048181729038,183.41874758694053,180.20123291015625,180.20123291015625,15849800,0.0,0.0,META
2018-02-28 00:00:00-05:00,181.03541005141068,181.61138848014247,176.90426382991816,177.08302307128906,18783000,0.0,0.0,META
2018-03-01 00:00:00-05:00,177.7682241048076,178.8705247769073,173.2001428330427,174.7195281982422,23201600,0.0,0.0,META
2018-03-02 00:00:00-05:00,172.0879188241625,175.88142760012752,171.7900119803472,175.3948211669922,20025900,0.0,0.0,META
2018-03-05 00:00:00-05:00,174.97771289439487,179.89337214433274,174.66986576190308,179.14857482910156,16189300,0.0,0.0,META
2018-03-06 00:00:00-05:00,180.51900888803414,181.1148528084916,177.86753223258503,178.5328826904297,15086800,0.0,0.0,META
2018-03-07 00:00:00-05:00,177.50011334717735,182.54487598063582,176.8347628533018,182.43563842773438,19097300,0.0,0.0,META
2018-03-08 00:00:00-05:00,182.2866418318433,183.1208111150296,180.19127829599802,181.07510375976562,17225900,0.0,0.0,META
2018-03-09 00:00:00-05:00,182.634248135514,184.22314008881534,181.93910695888587,183.94508361816406,18526300,0.0,0.0,META
2018-03-12 00:00:00-04:00,183.9450733877962,184.80904858699967,182.94208511393975,183.47833251953125,15301200,0.0,0.0,META
2018-03-13 00:00:00-04:00,184.32243767158442,184.69980648844114,179.85365384100092,180.61831665039062,18067500,0.0,0.0,META
2018-03-14 00:00:00-04:00,181.33334093538332,182.97188910499779,180.58854355775105,182.9123077392578,16821700,0.0,0.0,META
2018-03-15 00:00:00-04:00,181.9689004111685,182.7236229640044,180.92618105388345,182.5845947265625,15614300,0.0,0.0,META
2018-03-16 00:00:00-04:00,183.21021676402341,184.04438613127203,182.13770679772932,183.80604553222656,24403400,0.0,0.0,META
2018-03-19 00:00:00-04:00,175.78210409554964,175.9409978374931,168.88031817988215,171.36297607421875,88140100,0.0,0.0,META
2018-03-20 00:00:00-04:00,166.30829060073853,169.0193488170456,160.82657764934302,166.9835662841797,129851800,0.0,0.0,META
2018-03-21 00:00:00-04:00,163.65679476815947,172.19712796367182,162.16720018316943,168.21495056152344,106598800,0.0,0.0,META
2018-03-22 00:00:00-04:00,164.97760446068423,169.0888857566469,162.58431836407127,163.74620056152344,73743000,0.0,0.0,META
2018-03-23 00:00:00-04:00,164.29236726490421,165.44432413670978,157.91690376486022,158.28433227539062,53609700,0.0,0.0,META
2018-03-26 00:00:00-04:00,159.70444482601198,159.98250133367907,147.98629502810167,158.94970703125,126116600,0.0,0.0,META
2018-03-27 00:00:00-04:00,155.22570250912426,161.7203441613361,149.70427367883968,151.16407775878906,79117000,0.0,0.0,META
2018-03-28 00:00:00-04:00,150.59798265631503,154.79864963154682,149.7538882834558,151.96841430664062,60029200,0.0,0.0,META
2018-03-29 00:00:00-04:00,154.07373680754304,160.300246804713,153.07074851269897,158.68154907226562,59434300,0.0,0.0,META
2018-04-02 00:00:00-04:00,156.71528361031537,158.09564069755277,153.04095321254837,154.31207275390625,36796000,0.0,0.0,META
2018-04-03 00:00:00-04:00,155.46401924628893,156.29818854871598,149.76383204049222,155.02706909179688,42543900,0.0,0.0,META
2018-04-04 00:00:00-04:00,150.97539757930008,154.4809094745706,149.46593726752195,154.02410888671875,49885600,0.0,0.0,META
2018-04-05 00:00:00-04:00,160.43928160179667,160.4492219312727,155.56333785263115,158.23468017578125,41449600,0.0,0.0,META
2018-04-06 00:00:00-04:00,156.63583454651416,160.3002397170231,155.72221833604436,156.10951232910156,41644800,0.0,0.0,META
2018-04-09 00:00:00-04:00,156.725250244978,159.41644318153854,154.95758370960976,156.83447265625,34915200,0.0,0.0,META
2018-04-10 00:00:00-04:00,156.83444713933653,164.82860807546894,155.92083091134143,163.89512634277344,57889300,0.0,0.0,META
2018-04-11 00:00:00-04:00,164.2129125356057,167.48008342181961,162.11754881766407,165.166259765625,56144600,0.0,0.0,META
2018-04-12 00:00:00-04:00,165.82170380300047,166.28844476120275,161.9686285445525,162.7332763671875,38263000,0.0,0.0,META
2018-04-13 00:00:00-04:00,163.438335026632,164.55056090556343,162.6339562996947,163.37875366210938,19990600,0.0,0.0,META
2018-04-16 00:00:00-04:00,164.5704406640595,164.63002203374216,162.25660150608084,163.68661499023438,18119400,0.0,0.0,META
2018-04-17 00:00:00-04:00,164.67965045004675,167.82765855850135,164.51083154677264,167.49002075195312,22743000,0.0,0.0,META
2018-04-18 00:00:00-04:00,165.7223754498516,166.9537639994837,164.62007479958842,165.2059783935547,20969600,0.0,0.0,META
2018-04-19 00:00:00-04:00,165.0471002776731,167.1623297357998,164.05403708087252,166.93392944335938,22235000,0.0,0.0,META
2018-04-20 00:00:00-04:00,166.62604565783647,167.26160541579353,164.65978502430374,165.12652587890625,19119400,0.0,0.0,META
2018-04-23 00:00:00-04:00,166.10969403965865,167.28150140102983,163.94480827552812,164.68960571289062,23088100,0.0,0.0,META
2018-04-24 00:00:00-04:00,164.28241722573094,164.94778282057578,157.09265026052972,158.58224487304688,35079900,0.0,0.0,META
2018-04-25 00:00:00-04:00,159.02912022621402,159.94273643687174,155.10652411050685,158.58224487304688,41083600,0.0,0.0,META
2018-04-26 00:00:00-04:00,172.0184223902006,175.04726842155586,169.61521107351928,172.951904296875,77556900,0.0,0.0,META
2018-04-27 00:00:00-04:00,175.58348284951006,175.87147963179962,171.40269571837328,172.3858184814453,29804700,0.0,0.0,META
2018-04-30 00:00:00-04:00,172.5844459582464,174.50106580375402,170.51888784763625,170.80686950683594,20750500,0.0,0.0,META
2018-05-01 00:00:00-04:00,170.80686310243846,172.8128549235581,169.0491370707119,172.65396118164062,26025900,0.0,0.0,META
2018-05-02 00:00:00-04:00,173.0412657410691,176.8446996844626,172.99160954957935,174.84864807128906,30424500,0.0,0.0,META
2018-05-03 00:00:00-04:00,173.9151516378394,174.89827444336046,170.92602190435747,172.81285095214844,24026100,0.0,0.0,META
2018-05-04 00:00:00-04:00,171.87937590474584,175.75231622060258,171.85951039845025,175.3848876953125,17677800,0.0,0.0,META
2018-05-07 00:00:00-04:00,176.11974883522183,178.25482846315865,175.94098959567398,176.73544311523438,18697200,0.0,0.0,META
2018-05-08 00:00:00-04:00,177.01349780708208,177.79801098981687,175.8814064777154,177.67884826660156,15577200,0.0,0.0,META
2018-05-09 00:00:00-04:00,178.42364962332948,181.7404768199026,177.5398240493219,181.39291381835938,23282800,0.0,0.0,META
2018-05-10 00:00:00-04:00,181.87950118265704,184.83884013856513,181.23401622713382,184.2429962158203,21071400,0.0,0.0,META
2018-05-11 00:00:00-04:00,183.56771670512563,187.0136468107041,182.9023511058294,185.69287109375,21207800,0.0,0.0,META
2018-05-14 00:00:00-04:00,186.4079065906001,186.55686001473825,184.90837140721172,185.34532165527344,15646700,0.0,0.0,META
2018-05-15 00:00:00-04:00,183.5975100039146,184.0046543569657,181.92915612341014,183.04139709472656,15429400,0.0,0.0,META
2018-05-16 00:00:00-04:00,182.4257002834092,183.04140974938363,181.39292125964974,181.92916870117188,16975500,0.0,0.0,META
2018-05-17 00:00:00-04:00,181.41275010095788,182.7831819543688,180.95594958511393,182.48526000976562,14840700,0.0,0.0,META
2018-05-18 00:00:00-04:00,182.21715936753333,182.91230052866533,181.34325896328693,181.4127655029297,13130500,0.0,0.0,META
2018-05-21 00:00:00-04:00,182.49521367877423,184.01459903908622,181.85965388853225,183.21022033691406,13532900,0.0,0.0,META
2018-05-22 00:00:00-04:00,183.6471602055765,184.13376660188175,182.15756548747518,182.52500915527344,12731400,0.0,0.0,META
2018-05-23 00:00:00-04:00,181.23402848046132,185.613440695791,180.91624099272752,185.60350036621094,16628100,0.0,0.0,META
2018-05-24 00:00:00-04:00,184.5905872352443,185.5042035350073,183.7464774779823,184.64022827148438,12354700,0.0,0.0,META
2018-05-25 00:00:00-04:00,184.7296130849338,185.0374602397614,183.17049665185036,183.63723754882812,10965100,0.0,0.0,META
2018-05-29 00:00:00-04:00,183.0612558549565,185.51412302653,182.43563637985392,184.45155334472656,16398900,0.0,0.0,META
2018-05-30 00:00:00-04:00,185.2459826599284,186.69586144268123,183.96493793753564,186.36814880371094,13736900,0.0,0.0,META
2018-05-31 00:00:00-04:00,186.56678046598967,191.38314309701488,186.17948642009893,190.4496612548828,30782600,0.0,0.0,META
2018-06-01 00:00:00-04:00,191.73071657307693,193.2004458453696,190.73765338718755,192.6443328857422,17307200,0.0,0.0,META
2018-06-04 00:00:00-04:00,190.5092564683336,192.634411286657,190.14182790276925,191.93927001953125,18939800,0.0,0.0,META
2018-06-05 00:00:00-04:00,192.95219014474927,193.64733138065546,191.283836025632,191.60162353515625,15544300,0.0,0.0,META
2018-06-06 00:00:00-04:00,189.70483293316178,191.19442750583673,187.7981536984906,190.01268005371094,22558900,0.0,0.0,META
2018-06-07 00:00:00-04:00,189.426798129732,189.6452732375822,185.47441098824973,186.87461853027344,21503200,0.0,0.0,META
2018-06-08 00:00:00-04:00,186.22913731497124,188.16560748935305,185.136761753555,187.7882537841797,12677100,0.0,0.0,META
2018-06-11 00:00:00-04:00,187.50026067214586,191.2639786919079,187.49033549518882,190.21131896972656,12928900,0.0,0.0,META
2018-06-12 00:00:00-04:00,190.83695310064772,191.93925385746576,190.23118394324425,191.0653533935547,11562700,0.0,0.0,META
2018-06-13 00:00:00-04:00,191.4029842424792,193.1507698150531,190.5787400645043,191.0752716064453,15853800,0.0,0.0,META
2018-06-14 00:00:00-04:00,191.7604922785688,195.91148879795227,191.57180786351674,195.4447479248047,19120900,0.0,0.0,META
2018-06-15 00:00:00-04:00,194.4318280429011,195.7029628193445,193.2898114782196,194.49142456054688,21860900,0.0,0.0,META
2018-06-18 00:00:00-04:00,193.44869539597664,198.19553581365187,192.78334493566004,196.93434143066406,16826000,0.0,0.0,META
2018-06-19 00:00:00-04:00,194.87869683216988,196.58676647677677,192.4456802567306,196.12002563476562,19994000,0.0,0.0,META
2018-06-20 00:00:00-04:00,197.71887782933467,202.13800578502625,197.43088103222226,200.5987548828125,28230900,0.0,0.0,META
2018-06-21 00:00:00-04:00,201.35347270374544,201.97910731812365,198.7019959923883,200.1022186279297,19045700,0.0,0.0,META
2018-06-22 00:00:00-04:00,199.76456726552894,200.83707718051684,197.92739455733914,200.34054565429688,17420200,0.0,0.0,META
2018-06-25 00:00:00-04:00,198.61261980694115,198.61261980694115,191.77041566070966,194.98794555664062,25275100,0.0,0.0,META
2018-06-26 00:00:00-04:00,196.22928551508667,197.71888024778335,194.868778688557,197.61956787109375,17897600,0.0,0.0,META
2018-06-27 00:00:00-04:00,197.79831849987062,199.35743497834366,194.44177522864408,194.4814910888672,18734400,0.0,0.0,META
2018-06-28 00:00:00-04:00,193.82605509345888,195.97107509819645,191.91937569578354,194.8687744140625,18172400,0.0,0.0,META
2018-06-29 00:00:00-04:00,195.95118897831765,196.22924539266566,192.61449685320312,192.9720001220703,15811600,0.0,0.0,META
2018-07-02 00:00:00-04:00,192.0286090096052,196.08030832262045,190.88659249262903,195.99093627929688,13961600,0.0,0.0,META
2018-07-03 00:00:00-04:00,193.2004333018475,194.0445278632857,191.1845163776106,191.39305114746094,13489500,0.0,0.0,META
2018-07-05 00:00:00-04:00,193.3891087341872,197.27197384227958,192.68402728344807,197.0733642578125,19684200,0.0,0.0,META
2018-07-06 00:00:00-04:00,197.0733802739101,202.22738047792387,196.32858290692408,201.82022094726562,19740100,0.0,0.0,META
2018-07-09 00:00:00-04:00,203.50844773436398,204.37242307938777,200.71794238265835,203.3197784423828,18149400,0.0,0.0,META
2018-07-10 00:00:00-04:00,203.08139897776456,203.48855847550138,200.85693223316977,202.1280517578125,13190100,0.0,0.0,META
2018-07-11 00:00:00-04:00,200.81720695826104,203.08138945238997,200.3504661223456,201.13497924804688,12927400,0.0,0.0,META
2018-07-12 00:00:00-04:00,202.01880839249557,205.643497606073,201.78048295907954,205.48460388183594,15454700,0.0,0.0,META
2018-07-13 00:00:00-04:00,206.36841183250226,206.98410602037123,205.01784559725482,205.88182067871094,11486800,0.0,0.0,META
2018-07-16 00:00:00-04:00,206.0605964940054,207.27213470731385,205.40517120098139,205.79246520996094,11078200,0.0,0.0,META
2018-07-17 00:00:00-04:00,203.47862251531816,209.00006606314045,203.4190411539683,208.5333251953125,15349900,0.0,0.0,META
2018-07-18 00:00:00-04:00,208.3645305889453,209.52641272960082,206.99409850630147,207.90771484375,15334900,0.0,0.0,META
2018-07-19 00:00:00-04:00,207.32179043044025,208.5333286410416,206.3187869880093,206.64649963378906,11350400,0.0,0.0,META
2018-07-20 00:00:00-04:00,207.40125311502538,210.03286450509455,207.0536749376464,208.4836883544922,16163900,0.0,0.0,META
2018-07-23 00:00:00-04:00,209.11923254417522,210.15201151632886,207.35158141197147,209.4469451904297,16732000,0.0,0.0,META
2018-07-24 00:00:00-04:00,213.61781263279005,214.70024781858933,211.12522960666732,213.1808624267578,28468700,0.0,0.0,META
2018-07-25 00:00:00-04:00,214.22359020850868,217.1034673667331,212.78365162939647,215.99124145507812,58954200,0.0,0.0,META
2018-07-26 00:00:00-04:00,173.6768160542366,178.88047248591084,172.5447246539914,175.0373077392578,169803700,0.0,0.0,META
2018-07-27 00:00:00-04:00,178.62225354520353,178.68183490626512,171.79991495072542,173.6768035888672,60073700,0.0,0.0,META
2018-07-30 00:00:00-04:00,174.08396020571564,174.08396020571564,165.40458346879407,169.8733673095703,65280800,0.0,0.0,META
2018-07-31 00:00:00-04:00,169.4860736437764,173.03131610438982,168.82072320010525,171.38282775878906,40356500,0.0,0.0,META
2018-08-01 00:00:00-04:00,172.72347239910673,173.86550415299672,169.7144921624389,170.45928955078125,34042100,0.0,0.0,META
2018-08-02 00:00:00-04:00,169.49599881522386,175.5636148256159,169.088854469633,175.1465301513672,32400000,0.0,0.0,META
2018-08-03 00:00:00-04:00,176.45739614036944,177.60935304799912,174.9280703812545,176.54676818847656,24763400,0.0,0.0,META
2018-08-06 00:00:00-04:00,177.72848616134507,184.50116793568586,177.14258262858078,184.40187072753906,49716200,0.0,0.0,META
2018-08-07 00:00:00-04:00,185.20626955185432,186.9937861759724,182.44555532519328,182.53492736816406,33398600,0.0,0.0,META
2018-08-08 00:00:00-04:00,183.46840640325328,185.55384495940547,182.48526848627748,183.89541625976562,22205200,0.0,0.0,META
2018-08-09 00:00:00-04:00,184.56079506034698,185.27580175054516,181.214161894215,181.81993103027344,19732100,0.0,0.0,META
2018-08-10 00:00:00-04:00,180.77721854730927,180.83681506787494,178.17539780812575,179.0095672607422,21500400,0.0,0.0,META
2018-08-13 00:00:00-04:00,178.8506815793249,181.34326466147064,177.65899366229235,178.801025390625,17423300,0.0,0.0,META
2018-08-14 00:00:00-04:00,179.45646423802907,180.72758396924198,177.38095055631865,179.8536834716797,19102000,0.0,0.0,META
2018-08-15 00:00:00-04:00,178.09593777355548,179.6153231474566,173.56757233346266,178.2846221923828,33020200,0.0,0.0,META
2018-08-16 00:00:00-04:00,179.16843531390668,179.24788217699165,172.80289746803487,173.4881134033203,31351800,0.0,0.0,META
2018-08-17 00:00:00-04:00,173.28954741361335,174.99761751726095,170.84660500627527,172.5944061279297,24893200,0.0,0.0,META
2018-08-20 00:00:00-04:00,172.83271645600703,173.35905390427163,169.72443887575164,171.30340576171875,21518000,0.0,0.0,META
2018-08-21 00:00:00-04:00,171.61123079899346,172.96179721255226,170.20108302428272,171.42254638671875,19578500,0.0,0.0,META
2018-08-22 00:00:00-04:00,171.01542793298862,173.03134510626717,170.93598105510787,172.4355010986328,16894100,0.0,0.0,META
2018-08-23 00:00:00-04:00,171.88929171697956,174.33223365823537,171.63110076096905,171.7006072998047,18053600,0.0,0.0,META
2018-08-24 00:00:00-04:00,172.4950695816798,173.60731063597208,171.72048152139024,173.4384765625,14631600,0.0,0.0,META
2018-08-27 00:00:00-04:00,174.76918464298603,177.4305865418209,174.57055989583895,176.22898864746094,17921900,0.0,0.0,META
2018-08-28 00:00:00-04:00,176.86455547628944,177.00358371305845,174.61029785237488,175.0373077392578,15910700,0.0,0.0,META
2018-08-29 00:00:00-04:00,175.07704393923842,175.56363520587774,173.53779295965174,174.6798095703125,18494100,0.0,0.0,META
2018-08-30 00:00:00-04:00,174.67979483756682,178.5428097260263,174.48118524632577,176.40773010253906,24216500,0.0,0.0,META
2018-08-31 00:00:00-04:00,175.9211342088032,176.38787511015445,173.76618895187613,174.510986328125,18065200,0.0,0.0,META
2018-09-04 00:00:00-04:00,172.29646629239426,172.68376033673212,167.62907225339043,169.9727020263672,29809000,0.0,0.0,META
2018-09-05 00:00:00-04:00,168.31426738069982,169.94289023058582,165.51382221342868,166.02027893066406,31226700,0.0,0.0,META
2018-09-06 00:00:00-04:00,165.82168549181256,165.82168549181256,158.89010874081802,161.40255737304688,41514800,0.0,0.0,META
2018-09-07 00:00:00-04:00,159.19795364174527,163.48799379024945,159.0490002280922,161.9090118408203,24300600,0.0,0.0,META
2018-09-10 00:00:00-04:00,162.37574146260647,163.8653361074386,161.03511537402179,163.0410919189453,20197700,0.0,0.0,META
2018-09-11 00:00:00-04:00,162.80276843626777,166.03022353897816,162.58429334015673,164.7888946533203,20457100,0.0,0.0,META
2018-09-12 00:00:00-04:00,162.11754956657504,163.34895325417597,160.67761111556104,160.876220703125,24078100,0.0,0.0,META
2018-09-13 00:00:00-04:00,160.87622139579904,162.18707195465765,159.74413007357586,160.24066162109375,25453800,0.0,0.0,META
2018-09-14 00:00:00-04:00,160.59815635778963,161.7103821158427,159.22772451094605,161.19400024414062,21770400,0.0,0.0,META
2018-09-17 00:00:00-04:00,160.7967806733984,160.93580890589763,158.66170099867264,159.46607971191406,21005300,0.0,0.0,META
2018-09-18 00:00:00-04:00,158.28434290853062,160.6378978445802,157.76794580148945,159.1880340576172,22465200,0.0,0.0,META
2018-09-19 00:00:00-04:00,158.96953978752828,162.3062323450229,158.3736958778921,161.92886352539062,19629000,0.0,0.0,META
2018-09-20 00:00:00-04:00,163.35888694847847,165.29535704585095,163.32909626643743,164.86834716796875,18936000,0.0,0.0,META
2018-09-21 00:00:00-04:00,165.4840451786803,166.08981431533522,161.68061143908528,161.79977416992188,45994800,0.0,0.0,META
2018-09-24 00:00:00-04:00,159.91293710133706,164.55053959227072,159.76398370932367,164.26255798339844,19222800,0.0,0.0,META
2018-09-25 00:00:00-04:00,160.86629459739999,164.44131261170682,160.03211008974893,163.7660369873047,27622800,0.0,0.0,META
2018-09-26 00:00:00-04:00,163.1602741608582,168.12558977650852,163.07090211648224,165.79188537597656,25252200,0.0,0.0,META
2018-09-27 00:00:00-04:00,166.38773267835091,170.57846035500611,166.05009484635943,167.6687774658203,27266900,0.0,0.0,META
2018-09-28 00:00:00-04:00,167.1623019150956,167.6191024239515,161.43232398036858,163.31915283203125,34265600,0.0,0.0,META
2018-10-01 00:00:00-04:00,161.89909028958493,164.72932643590048,160.14136420441187,161.3131866455078,26407700,0.0,0.0,META
2018-10-02 00:00:00-04:00,160.4591386955215,161.1542798400418,157.56932141657936,158.22474670410156,36031000,0.0,0.0,META
2018-10-03 00:00:00-04:00,158.89007170682382,162.52468573382254,158.42333090894996,161.30320739746094,23109500,0.0,0.0,META
2018-10-04 00:00:00-04:00,160.33997265513239,160.33997265513239,156.25848276244213,157.74807739257812,25739600,0.0,0.0,META
2018-10-05 00:00:00-04:00,158.10558039164562,159.78384427641726,155.1164508086418,156.23861694335938,25744000,0.0,0.0,META
2018-10-08 00:00:00-04:00,154.46105013363245,157.24163024434569,153.31903346547256,156.15919494628906,24046000,0.0,0.0,META
2018-10-09 00:00:00-04:00,156.59612221766216,159.47599913828736,156.32799093860217,156.80465698242188,18844400,0.0,0.0,META
2018-10-10 00:00:00-04:00,155.7321606394569,156.5961206765539,150.26037333000198,150.32989501953125,30610000,0.0,0.0,META
2018-10-11 00:00:00-04:00,149.08857507906976,153.73610333271458,148.12530261443172,152.28623962402344,35338900,0.0,0.0,META
2018-10-12 00:00:00-04:00,155.6427874078182,155.80168115276192,150.25046163291145,152.6735382080078,25293500,0.0,0.0,META
2018-10-15 00:00:00-04:00,152.25643802289184,154.49082994296967,151.49177521186425,152.45504760742188,15433500,0.0,0.0,META
2018-10-16 00:00:00-04:00,154.3219852771215,158.35383381532952,153.93469131038233,157.6785430908203,19180100,0.0,0.0,META
2018-10-17 00:00:00-04:00,158.45314565938952,159.37670222103174,156.85431346380702,158.31411743164062,17592000,0.0,0.0,META
2018-10-18 00:00:00-04:00,157.41042988237461,157.55939844231526,152.21671400145328,153.8453369140625,21675100,0.0,0.0,META
2018-10-19 00:00:00-04:00,154.77882618949516,156.25849576696672,152.4848526926415,152.98138427734375,19761300,0.0,0.0,META
2018-10-22 00:00:00-04:00,153.68646383778574,156.2485688531894,153.3885569837387,153.70632934570312,15424700,0.0,0.0,META
2018-10-23 00:00:00-04:00,150.1710072100987,153.69638433996218,149.80357870221385,153.3190155029297,19095000,0.0,0.0,META
2018-10-24 00:00:00-04:00,153.20977734828747,153.57720585472234,144.589996717205,145.0269317626953,27744600,0.0,0.0,META
2018-10-25 00:00:00-04:00,146.7052132876706,151.15414706069078,145.9802814389943,149.9028778076172,22105700,0.0,0.0,META
2018-10-26 00:00:00-04:00,144.80846276523178,147.96639602442247,142.8024711400641,144.361572265625,31303300,0.0,0.0,META
2018-10-29 00:00:00-04:00,147.46989398636813,147.79760668024653,138.06558370981685,141.10435485839844,31336800,0.0,0.0,META
2018-10-30 00:00:00-04:00,138.96926799063732,145.62278846507476,138.77065837928467,145.20570373535156,50528300,0.0,0.0,META
2018-10-31 00:00:00-04:00,153.92478459110535,155.31506690688096,147.92668997497816,150.73704528808594,60101300,0.0,0.0,META
2018-11-01 00:00:00-04:00,150.46894162377004,151.6904051276369,148.31399627926237,150.6973419189453,25640800,0.0,0.0,META
2018-11-02 00:00:00-04:00,150.74700657395633,153.06084579847578,147.92671053962727,149.30706787109375,24708700,0.0,0.0,META
2018-11-05 00:00:00-05:00,149.0587990055159,149.14817106078164,146.41724713941633,147.6486358642578,15971200,0.0,0.0,META
2018-11-06 00:00:00-05:00,148.27425246853886,149.92274088940104,146.97334220189796,148.89988708496094,16667100,0.0,0.0,META
2018-11-07 00:00:00-05:00,150.51859759108459,151.9485958810038,148.79066215547027,150.47886657714844,21877400,0.0,0.0,META
2018-11-08 00:00:00-05:00,149.4460894812828,149.89296489983917,145.72210240507616,146.84425354003906,24145800,0.0,0.0,META
2018-11-09 00:00:00-05:00,145.73201358217426,146.73500188328592,143.0706116807972,143.95443725585938,17326900,0.0,0.0,META
2018-11-12 00:00:00-05:00,143.47773674929056,144.0338495999836,139.5154251116333,140.5680694580078,18542100,0.0,0.0,META
2018-11-13 00:00:00-05:00,141.0149649045714,143.87499157692912,140.6375960650406,141.17385864257812,15141700,0.0,0.0,META
2018-11-14 00:00:00-05:00,142.70316167101495,144.57012511173735,140.56808210861098,143.2195587158203,22068400,0.0,0.0,META
2018-11-15 00:00:00-05:00,141.34269717804793,143.83528053316786,139.85310227156623,142.85215759277344,30320300,0.0,0.0,META
2018-11-16 00:00:00-05:00,140.09142904305526,140.78657023334137,136.81431754263056,138.56210327148438,37250600,0.0,0.0,META
2018-11-19 00:00:00-05:00,136.65542697239982,136.79445521368626,130.29982858081726,130.63746643066406,44362700,0.0,0.0,META
2018-11-20 00:00:00-05:00,126.14880267400333,133.22934733014625,125.97005101536298,131.51133728027344,41939500,0.0,0.0,META
2018-11-21 00:00:00-05:00,133.4676658157978,136.23832016853282,133.19954970651847,133.884765625,25469700,0.0,0.0,META
2018-11-23 00:00:00-05:00,132.7229028458298,133.56701270476958,130.34948218529772,130.81622314453125,11886100,0.0,0.0,META
2018-11-26 00:00:00-05:00,132.07740159770862,136.04965427733893,131.85892648809363,135.4339599609375,24263600,0.0,0.0,META
2018-11-27 00:00:00-05:00,134.80835037231446,135.66238546329552,132.78250779644586,134.0635528564453,20750300,0.0,0.0,META
2018-11-28 00:00:00-05:00,135.33465895445758,135.8411157586073,130.93539601552456,135.8113250732422,29847500,0.0,0.0,META
2018-11-29 00:00:00-05:00,134.9771233323317,139.01889708134053,134.71893240319923,137.7179718017578,24238700,0.0,0.0,META
2018-11-30 00:00:00-05:00,137.30090852480677,139.99211638467614,136.40715773236062,139.63461303710938,25732600,0.0,0.0,META
2018-12-03 00:00:00-05:00,142.00800575440974,142.68328130556569,139.7835392301919,140.1112518310547,24819200,0.0,0.0,META
2018-12-04 00:00:00-05:00,139.75377010342598,142.39532166709137,136.2085426072989,136.9731903076172,30307400,0.0,0.0,META
2018-12-06 00:00:00-05:00,132.8917424499967,138.7309445420366,132.74277385833133,138.66143798828125,28218100,0.0,0.0,META
2018-12-07 00:00:00-05:00,138.2840432171728,139.89280066634169,135.7120133031966,136.46673583984375,21195500,0.0,0.0,META
2018-12-10 00:00:00-05:00,138.63160548985056,142.0576699236533,138.0456867840542,140.86599731445312,26422200,0.0,0.0,META
2018-12-11 00:00:00-05:00,142.88192272662894,142.88192272662894,140.12120853922576,141.0944061279297,20300300,0.0,0.0,META
2018-12-12 00:00:00-05:00,142.08747182876053,146.16896182363112,141.52141858172638,143.49761962890625,23696900,0.0,0.0,META
2018-12-13 00:00:00-05:00,144.56020215891255,144.83825861355882,142.19670714147887,144.0040740966797,18148600,0.0,0.0,META
2018-12-14 00:00:00-05:00,142.34566229516082,144.99713897574813,141.5214180969876,143.0606689453125,21785800,0.0,0.0,META
2018-12-17 00:00:00-05:00,142.0874657007703,143.91469811063763,137.45978816350515,139.21751403808594,24334000,0.0,0.0,META
2018-12-18 00:00:00-05:00,140.1013624528026,144.91771003155802,138.86003341400857,142.66346740722656,24709100,0.0,0.0,META
2018-12-19 00:00:00-05:00,140.23044910001016,143.9047795939674,131.58086270331356,132.31573486328125,57404900,0.0,0.0,META
2018-12-20 00:00:00-05:00,129.79334207816916,134.62956960236468,129.09820094979673,132.474609375,40297900,0.0,0.0,META
2018-12-21 00:00:00-05:00,132.46469204620433,133.96421193716105,122.5638512976946,124.08323669433594,56901500,0.0,0.0,META
2018-12-24 00:00:00-05:00,122.24607735958473,128.84002392156424,122.16663048591093,123.19941711425781,22066000,0.0,0.0,META
2018-12-26 00:00:00-05:00,125.12595722808128,133.30880306059558,125.0167196751772,133.24920654296875,39723400,0.0,0.0,META
2018-12-27 00:00:00-05:00,131.52127995213837,134.05359389857932,128.77049091052587,133.58685302734375,31202500,0.0,0.0,META
2018-12-28 00:00:00-05:00,134.40115538977898,134.97713380215694,131.2829378834157,132.2760009765625,22627600,0.0,0.0,META
2018-12-31 00:00:00-05:00,133.517341699094,133.70602612801716,129.04855738311358,130.18064880371094,24625300,0.0,0.0,META
2019-01-02 00:00:00-05:00,128.09522034668402,136.55610741995005,127.66819531541115,134.73880004882812,28146200,0.0,0.0,META
2019-01-03 00:00:00-05:00,133.7556589409655,136.21845095741136,130.21041672981713,130.8261260986328,22717900,0.0,0.0,META
2019-01-04 00:00:00-05:00,133.08037122853827,137.04269817428778,132.8221802957318,136.9930419921875,29002100,0.0,0.0,META
2019-01-07 00:00:00-05:00,136.60577028976442,137.90668064703007,134.96722208386868,137.09237670898438,20089300,0.0,0.0,META
2019-01-08 00:00:00-05:00,138.91960415987464,142.14705941392765,138.57202599441553,141.54129028320312,26263800,0.0,0.0,META
2019-01-09 00:00:00-05:00,141.9584028295142,143.69626369174003,140.29006367519062,143.22952270507812,22205900,0.0,0.0,META
2019-01-10 00:00:00-05:00,142.08746598215473,143.5571950840508,139.8629992486024,143.19969177246094,16125000,0.0,0.0,META
2019-01-11 00:00:00-05:00,142.15699006693217,144.35166639153093,141.5810267493777,142.802490234375,12908000,0.0,0.0,META
2019-01-14 00:00:00-05:00,141.01498581223325,145.55329227692698,140.2900538603888,144.3814697265625,20520300,0.0,0.0,META
2019-01-15 00:00:00-05:00,144.99714006236596,149.63474299414236,144.97728971017003,147.916748046875,24069000,0.0,0.0,META
2019-01-16 00:00:00-05:00,147.96641949302634,148.6119045235976,145.98029305687834,146.51654052734375,18025700,0.0,0.0,META
2019-01-17 00:00:00-05:00,145.93062941482347,147.9664119385257,145.48375402009407,147.27127075195312,15787900,0.0,0.0,META
2019-01-18 00:00:00-05:00,148.71119440302223,151.37259615131458,147.51952175225043,148.99917602539062,31029600,0.0,0.0,META
2019-01-22 00:00:00-05:00,148.1650390512821,150.4788783230586,145.3546681371401,146.54635620117188,22378700,0.0,0.0,META
2019-01-23 00:00:00-05:00,147.25138252515296,147.7677795353312,142.0675923790821,143.2989959716797,20098400,0.0,0.0,META
2019-01-24 00:00:00-05:00,143.63665754438068,145.42417429642154,141.5313684547223,144.8184051513672,20955500,0.0,0.0,META
2019-01-25 00:00:00-05:00,146.4569633223408,148.79066801233625,145.52348144634266,147.97634887695312,22237200,0.0,0.0,META
2019-01-28 00:00:00-05:00,147.02299992005916,147.92669100809505,145.1957673914382,146.447021484375,15508500,0.0,0.0,META
2019-01-29 00:00:00-05:00,147.0627293341723,147.07266966430407,142.43505106957574,143.18978881835938,17632100,0.0,0.0,META
2019-01-30 00:00:00-05:00,145.20570905237417,149.90289396345435,144.68931192159462,149.37657165527344,44613200,0.0,0.0,META
2019-01-31 00:00:00-05:00,164.4512714174556,170.48908231816978,163.85542743832133,165.53370666503906,77233600,0.0,0.0,META
2019-02-01 00:00:00-05:00,164.6896042747698,167.9270001387855,164.51086016477612,164.56051635742188,30806500,0.0,0.0,META
2019-02-04 00:00:00-05:00,164.5505806169661,168.12561444598396,162.48500719941615,168.07595825195312,20036000,0.0,0.0,META
2019-02-05 00:00:00-05:00,167.97663528382893,170.78700597600024,167.51983469458017,169.9727020263672,22557000,0.0,0.0,META
2019-02-06 00:00:00-05:00,170.0124242051095,171.27361876679637,168.09581941914755,169.30735778808594,13281200,0.0,0.0,META
2019-02-07 00:00:00-05:00,167.03322774597922,168.06602196294438,164.10369432715694,165.22586059570312,17517600,0.0,0.0,META
2019-02-08 00:00:00-05:00,163.32908941365235,166.20896634502262,163.07089846248257,166.16925048828125,12561400,0.0,0.0,META
2019-02-11 00:00:00-05:00,166.7352713696489,167.1325056607709,163.93484159369808,164.63990783691406,12811200,0.0,0.0,META
2019-02-12 00:00:00-05:00,165.7025084470035,167.17223758308776,163.35887893938468,163.89512634277344,16292300,0.0,0.0,META
2019-02-13 00:00:00-05:00,164.2328104999481,165.06698002049683,162.59424699214546,162.93190002441406,14205100,0.0,0.0,META
2019-02-14 00:00:00-05:00,162.0579758348086,163.72631463241456,161.12449406107817,162.8126983642578,12755200,0.0,0.0,META
2019-02-15 00:00:00-05:00,163.3688238211578,163.55750825622047,159.74414915254195,161.37277221679688,15504400,0.0,0.0,META
2019-02-19 00:00:00-05:00,159.38662359154245,163.01129775534545,159.217804687088,161.16419982910156,14345400,0.0,0.0,META
2019-02-20 00:00:00-05:00,161.1244801489309,162.58428404726115,160.13141709716552,161.4323272705078,11770700,0.0,0.0,META
2019-02-21 00:00:00-05:00,160.80671363518204,161.11457594978071,158.48294942821414,158.92982482910156,15607800,0.0,0.0,META
2019-02-22 00:00:00-05:00,159.46608794412768,161.28339538964576,159.19795664155836,160.76699829101562,15858500,0.0,0.0,META
2019-02-25 00:00:00-05:00,161.93880692055532,164.91799621927018,161.76997285904065,163.47804260253906,18737100,0.0,0.0,META
2019-02-26 00:00:00-05:00,163.1999898481178,165.08681887185963,162.66374242948132,162.991455078125,13784100,0.0,0.0,META
2019-02-27 00:00:00-05:00,161.76995980359777,162.7928135013732,159.29724258310384,161.6805877685547,12697500,0.0,0.0,META
2019-02-28 00:00:00-05:00,161.24366391596246,162.36583015989265,159.74414396709827,160.33004760742188,11114200,0.0,0.0,META
2019-03-01 00:00:00-05:00,161.47206908746014,161.9983913278936,160.56837801315342,161.15428161621094,11097800,0.0,0.0,META
2019-03-04 00:00:00-05:00,162.76303888647507,166.3380721704185,162.69353234778373,166.20896911621094,18894700,0.0,0.0,META
2019-03-05 00:00:00-05:00,166.20897588868576,170.68770042869457,165.39467197873768,170.07199096679688,28187900,0.0,0.0,META
2019-03-06 00:00:00-05:00,171.70060271596694,172.36596832285446,170.08192017840042,171.3133087158203,21531700,0.0,0.0,META
2019-03-07 00:00:00-05:00,170.31032661728906,170.54866722329905,166.44731165173755,167.95677185058594,18306500,0.0,0.0,META
2019-03-08 00:00:00-05:00,165.04708406128657,168.4433580422972,164.81868379128719,168.4235076904297,13184800,0.0,0.0,META
2019-03-11 00:00:00-04:00,170.40966286036985,173.0909306535448,170.38979735218462,170.87640380859375,18884000,0.0,0.0,META
2019-03-12 00:00:00-04:00,170.89623591137405,172.59438058568327,170.0322758093778,170.7274169921875,12155300,0.0,0.0,META
2019-03-13 00:00:00-04:00,171.12465418342126,172.82278373291857,170.92602942537857,172.1673583984375,11973300,0.0,0.0,META
2019-03-14 00:00:00-04:00,168.58240343942427,169.96276068181822,166.99351141060052,168.98956298828125,18037400,0.0,0.0,META
2019-03-15 00:00:00-04:00,166.00043564853922,166.41752034277886,161.38268302450012,164.82861328125,37135400,0.0,0.0,META
2019-03-18 00:00:00-04:00,162.43534381210173,162.76304131114932,158.17509448919265,159.35684204101562,37524200,0.0,0.0,META
2019-03-19 00:00:00-04:00,160.3598315511945,162.68361081425897,159.704421395247,160.44921875,25611500,0.0,0.0,META
2019-03-20 00:00:00-04:00,160.37968743832016,164.9676340195034,160.12149649254908,164.2923583984375,20211500,0.0,0.0,META
2019-03-21 00:00:00-04:00,163.74620029447055,165.2357951840993,162.61410878447043,164.92794799804688,16223000,0.0,0.0,META
2019-03-22 00:00:00-04:00,164.50090727031096,166.25863331571065,162.95173115691787,163.1999969482422,16389200,0.0,0.0,META
2019-03-25 00:00:00-04:00,161.8693033140726,165.38474041200396,160.8762401035568,165.136474609375,12631200,0.0,0.0,META
2019-03-26 00:00:00-04:00,166.1891176934918,168.27454113490862,165.19605458245317,166.51681518554688,15437900,0.0,0.0,META
2019-03-27 00:00:00-04:00,166.6856515069607,167.76808667594995,163.64686561754857,164.71937561035156,10620300,0.0,0.0,META
2019-03-28 00:00:00-04:00,163.42841366136489,165.56349342223425,162.19700987173064,164.401611328125,10443000,0.0,0.0,META
2019-03-29 00:00:00-04:00,165.23578467547193,166.03023826333703,163.6667430064974,165.53370666503906,13455500,0.0,0.0,META
2019-04-01 00:00:00-04:00,166.665794525122,167.728364243139,166.11960674813125,167.52975463867188,10381500,0.0,0.0,META
2019-04-02 00:00:00-04:00,168.95975856603962,173.6867335603725,168.37385496216956,172.99159240722656,23946500,0.0,0.0,META
2019-04-03 00:00:00-04:00,173.28951363992826,176.72551868655825,171.7502627804468,172.33616638183594,27391100,0.0,0.0,META
2019-04-04 00:00:00-04:00,174.79896545410156,176.765226085715,174.31235909577353,174.79896545410156,17847700,0.0,0.0,META
2019-04-05 00:00:00-04:00,175.65299435413797,175.7721570693122,173.88534336533712,174.50103759765625,9594100,0.0,0.0,META
2019-04-08 00:00:00-04:00,173.99459382775456,174.2825754617936,173.0213810717539,173.71652221679688,7297400,0.0,0.0,META
2019-04-09 00:00:00-04:00,174.4017493068618,177.94699210206062,174.33224276439555,176.34815979003906,19751000,0.0,0.0,META
2019-04-10 00:00:00-04:00,176.94395969408401,177.5497287357733,175.31533696522183,176.5864715576172,11701500,0.0,0.0,META
2019-04-11 00:00:00-04:00,177.00360310473656,177.1624817120633,175.77219919206038,176.27865600585938,8071000,0.0,0.0,META
2019-04-12 00:00:00-04:00,176.7652598535054,178.38395781234155,176.71560366003666,177.85763549804688,12329800,0.0,0.0,META
2019-04-15 00:00:00-04:00,177.26177674484026,179.2479030949225,175.64307892058193,178.40379333496094,10834800,0.0,0.0,META
2019-04-16 00:00:00-04:00,177.75829922207217,178.9201812589697,177.06315806575836,177.6291961669922,11215200,0.0,0.0,META
2019-04-17 00:00:00-04:00,178.35415980948073,179.48625127058503,177.12275596551345,177.5398406982422,9973700,0.0,0.0,META
2019-04-18 00:00:00-04:00,177.55968624210274,177.6391331088724,176.1098074412026,177.0432891845703,11655600,0.0,0.0,META
2019-04-22 00:00:00-04:00,177.01349234688985,180.40976623022775,177.01349234688985,180.18136596679688,13389900,0.0,0.0,META
2019-04-23 00:00:00-04:00,181.47234804368554,182.94207712159772,180.22107889707004,182.505126953125,19954800,0.0,0.0,META
2019-04-24 00:00:00-04:00,183.21021544768485,183.85570039683563,180.38990474786817,181.31346130371094,37289900,0.0,0.0,META
2019-04-25 00:00:00-04:00,195.61358411899766,197.1031789131023,190.78729637998094,191.9193878173828,54148800,0.0,0.0,META
2019-04-26 00:00:00-04:00,191.1646551903428,191.56187438670477,187.77830623312232,190.1616668701172,22075000,0.0,0.0,META
2019-04-29 00:00:00-04:00,189.62541440438395,194.0544829295468,189.32749241474613,193.42884826660156,19641300,0.0,0.0,META
2019-04-30 00:00:00-04:00,192.8429237118389,196.02072256661867,190.94616957480432,192.0583953857422,23494700,0.0,0.0,META
2019-05-01 00:00:00-04:00,193.42882412265106,194.8191063635022,191.67109824083647,191.6909637451172,15996600,0.0,0.0,META
2019-05-02 00:00:00-04:00,191.66116833520294,192.65423138357187,188.43371342800393,191.19442749023438,13209500,0.0,0.0,META
2019-05-03 00:00:00-04:00,193.03162422743932,194.79927546141104,192.3662737205346,194.1140594482422,14575400,0.0,0.0,META
2019-05-06 00:00:00-04:00,189.91340901177026,192.93231442778696,189.22819298944282,192.53509521484375,13994900,0.0,0.0,META
2019-05-07 00:00:00-04:00,191.2043720349844,191.56187537473048,186.5469185947955,188.45359802246094,16253000,0.0,0.0,META
2019-05-08 00:00:00-04:00,188.0762052991483,189.39698093794564,187.24203599662556,188.22515869140625,12505700,0.0,0.0,META
2019-05-09 00:00:00-04:00,185.90141585485125,188.4535953853974,184.96793408341324,187.3413543701172,12967000,0.0,0.0,META
2019-05-10 00:00:00-04:00,186.94413625481548,188.68199675120817,183.30952152279687,187.03350830078125,12578500,0.0,0.0,META
2019-05-13 00:00:00-04:00,182.22708052722422,184.14368505445333,179.5855290202056,180.28067016601562,16833300,0.0,0.0,META
2019-05-14 00:00:00-04:00,181.25387925684896,182.21715166546596,176.86454222158576,179.47628784179688,17628100,0.0,0.0,META
2019-05-15 00:00:00-04:00,179.16846412330474,185.9808784106095,178.77124489694884,184.97789001464844,16746900,0.0,0.0,META
2019-05-16 00:00:00-04:00,183.76632629086865,187.271837756876,183.76632629086865,185.69287109375,12953100,0.0,0.0,META
2019-05-17 00:00:00-04:00,183.5577869499637,186.2787854054957,183.00167401667332,184.0146026611328,10485400,0.0,0.0,META
2019-05-20 00:00:00-04:00,180.61832998306934,182.95201928620904,180.11185808033548,181.45249938964844,10352000,0.0,0.0,META
2019-05-21 00:00:00-04:00,183.28966756928773,184.41181859234194,182.61437676728363,183.53793334960938,7502800,0.0,0.0,META
2019-05-22 00:00:00-04:00,183.44853562154393,185.44460207862736,182.33630983849153,184.03445434570312,9213800,0.0,0.0,META
2019-05-23 00:00:00-04:00,181.1545922204014,182.62432155491203,178.42366834359746,179.61534118652344,12768800,0.0,0.0,META
2019-05-24 00:00:00-04:00,181.0651952230433,182.3561802720929,179.57560058635687,179.8040008544922,8807700,0.0,0.0,META
2019-05-28 00:00:00-04:00,180.28068953121294,183.428713259926,180.191317478496,183.03147888183594,14843300,0.0,0.0,META
2019-05-29 00:00:00-04:00,182.22708828238248,183.2797327983987,180.0920085680433,180.92617797851562,12797700,0.0,0.0,META
2019-05-30 00:00:00-04:00,181.81001547297282,182.20723469834743,179.63520460463263,181.74049377441406,8581500,0.0,0.0,META
2019-05-31 00:00:00-04:00,179.02942720438097,179.2876181737081,175.93107496068941,176.23892211914062,15226500,0.0,0.0,META
2019-06-03 00:00:00-04:00,173.78608032137623,173.83573651777107,159.89311907376765,163.01133728027344,56059600,0.0,0.0,META
2019-06-04 00:00:00-04:00,162.57437114738372,167.11266175709775,159.7242696696142,166.33807373046875,46044300,0.0,0.0,META
2019-06-05 00:00:00-04:00,166.31821720860052,167.5496210073409,163.48799623625894,167.00343322753906,19758300,0.0,0.0,META
2019-06-06 00:00:00-04:00,167.13253231557897,168.52281467388545,166.06994746441947,167.16232299804688,12446400,0.0,0.0,META
2019-06-07 00:00:00-04:00,168.98954297241914,172.6638733479888,167.66876725401505,172.14749145507812,16917300,0.0,0.0,META
2019-06-10 00:00:00-04:00,173.53780861907703,176.62623603380894,172.5944015312787,173.60733032226562,14767900,0.0,0.0,META
2019-06-11 00:00:00-04:00,177.2419167024295,178.73151151091156,175.5636374604023,176.86456298828125,15266600,0.0,0.0,META
2019-06-12 00:00:00-04:00,177.14260218714344,178.0264277478102,171.68075508903763,173.8257598876953,17699800,0.0,0.0,META
2019-06-13 00:00:00-04:00,174.31237714348165,176.79503507027076,173.39876084477623,176.23892211914062,12253600,0.0,0.0,META
2019-06-14 00:00:00-04:00,179.25782449489844,180.57860030822917,178.75136774135675,180.0721435546875,16773700,0.0,0.0,META
2019-06-17 00:00:00-04:00,183.72661504396743,188.1854742152614,183.13078622264982,187.69886779785156,29459900,0.0,0.0,META
2019-06-18 00:00:00-04:00,192.6542509170899,193.1805731738549,185.98086534319046,187.16261291503906,37571400,0.0,0.0,META
2019-06-19 00:00:00-04:00,185.70282303067978,186.795198639096,183.2698211605989,186.1794891357422,21417100,0.0,0.0,META
2019-06-20 00:00:00-04:00,189.6254343241638,189.8339842847006,186.3383972218255,188.2152862548828,14635700,0.0,0.0,META
2019-06-21 00:00:00-04:00,187.44066662882705,190.66812181581346,187.44066662882705,189.8140869140625,22751200,0.0,0.0,META
2019-06-24 00:00:00-04:00,191.08521779649487,192.6343939532484,190.2411231741314,191.26397705078125,15509000,0.0,0.0,META
2019-06-25 00:00:00-04:00,191.5420282303452,191.80021919834294,186.82497819373347,187.53004455566406,16750300,0.0,0.0,META
2019-06-26 00:00:00-04:00,188.22516355935073,189.43670169084572,186.01063720385466,186.35821533203125,12808600,0.0,0.0,META
2019-06-27 00:00:00-04:00,188.56282414493978,197.50039194388643,186.9639919658995,188.18545532226562,11159000,0.0,0.0,META
2019-06-28 00:00:00-04:00,189.2281770207883,191.85978817857844,188.62240792275767,191.6611785888672,16378900,0.0,0.0,META
2019-07-01 00:00:00-04:00,193.85585471046872,193.92536124804448,190.59859379685432,191.6611785888672,14181800,0.0,0.0,META
2019-07-02 00:00:00-04:00,191.66116700783755,193.6472930908203,191.37318539309842,193.6472930908203,9050000,0.0,0.0,META
2019-07-03 00:00:00-04:00,192.81314125620622,196.03065610450858,192.81314125620622,195.83204650878906,10246100,0.0,0.0,META
2019-07-05 00:00:00-04:00,194.81913779152683,195.7029786157896,192.82308614810242,195.03761291503906,11164100,0.0,0.0,META
2019-07-08 00:00:00-04:00,193.83600045304996,195.31565486225594,192.29674952582613,194.40203857421875,9723900,0.0,0.0,META
2019-07-09 00:00:00-04:00,193.61751667994074,198.07637551987906,193.53806981241408,197.82810974121094,14698600,0.0,0.0,META
2019-07-10 00:00:00-04:00,198.61264163566875,201.55211539917116,198.28492895861686,201.32369995117188,20571700,0.0,0.0,META
2019-07-11 00:00:00-04:00,201.85000814613915,202.38627072676124,198.82117769502122,199.83409118652344,13678500,0.0,0.0,META
2019-07-12 00:00:00-04:00,198.29483724438776,203.8758623029449,197.77845533023998,203.44883728027344,15366300,0.0,0.0,META
2019-07-15 00:00:00-04:00,202.8331211874542,203.9056310639829,200.4199853299689,202.4954833984375,16030300,0.0,0.0,META
2019-07-16 00:00:00-04:00,202.4756510626103,204.04469270457696,201.69113781809776,202.42599487304688,12132700,0.0,0.0,META
2019-07-17 00:00:00-04:00,202.76362647482506,202.94238572116157,200.19159655580592,200.400146484375,12083700,0.0,0.0,META
2019-07-18 00:00:00-04:00,198.76158764327712,201.0655014737429,197.99693991161416,199.38722229003906,11937900,0.0,0.0,META
2019-07-19 00:00:00-04:00,200.777517728855,200.9264863059817,196.69604237678112,196.98402404785156,12098300,0.0,0.0,META
2019-07-22 00:00:00-04:00,198.5232637841171,201.16481547740912,197.43088822585602,200.9165496826172,13589000,0.0,0.0,META
2019-07-23 00:00:00-04:00,201.43293440028953,202.82323196203978,199.5659859017384,200.95626831054688,14583700,0.0,0.0,META
2019-07-24 00:00:00-04:00,196.25907784210779,203.3892640822867,195.85191830838625,203.2403106689453,32532500,0.0,0.0,META
2019-07-25 00:00:00-04:00,205.26615728544672,207.21256779511856,196.88470158053417,199.31771850585938,39889900,0.0,0.0,META
2019-07-26 00:00:00-04:00,198.80131483540052,201.472657138913,194.88864359181278,198.36436462402344,24434000,0.0,0.0,META
2019-07-29 00:00:00-04:00,197.61955059385767,198.24518517583425,193.94522027169552,194.58078002929688,16530800,0.0,0.0,META
2019-07-30 00:00:00-04:00,194.03457833717098,197.33155475993274,192.1576898793507,195.67312622070312,11903600,0.0,0.0,META
2019-07-31 00:00:00-04:00,195.58379301180506,197.3812349683282,191.3434089309462,192.88265991210938,14593500,0.0,0.0,META
2019-08-01 00:00:00-04:00,192.82306446676884,197.09323891944084,189.5558934646079,191.39305114746094,17777000,0.0,0.0,META
2019-08-02 00:00:00-04:00,189.77434359103898,191.28378842684356,186.7653639413406,187.70877075195312,15297000,0.0,0.0,META
2019-08-05 00:00:00-04:00,183.4088339158982,184.38203155114934,178.09594005094718,180.4693603515625,23086700,0.0,0.0,META
2019-08-06 00:00:00-04:00,182.41575294628024,184.50117624656727,181.81990905880423,183.2300567626953,18035700,0.0,0.0,META
2019-08-07 00:00:00-04:00,182.32638025466036,185.07715396609052,179.96288536987828,183.86561584472656,15833200,0.0,0.0,META
2019-08-08 00:00:00-04:00,185.32542951379364,189.01962543093387,182.77326524504144,188.84088134765625,14828900,0.0,0.0,META
2019-08-09 00:00:00-04:00,188.68198507701038,189.6551826519528,185.82195855953384,186.54690551757812,11058800,0.0,0.0,META
2019-08-12 00:00:00-04:00,185.55383539832022,186.2886923512791,183.18041533483236,184.08409118652344,10930900,0.0,0.0,META
2019-08-13 00:00:00-04:00,184.23307824070483,190.05242885559556,184.0841096777259,187.1427459716797,13577000,0.0,0.0,META
2019-08-14 00:00:00-04:00,184.51112963455034,184.6998140507041,178.06614456883665,178.46337890625,18903700,0.0,0.0,META
2019-08-15 00:00:00-04:00,179.69478695652361,181.92917920560348,178.78117061080846,181.3234100341797,12925900,0.0,0.0,META
2019-08-16 00:00:00-04:00,182.4753458831961,183.81598713861618,181.09498877079594,182.42568969726562,12654600,0.0,0.0,META
2019-08-19 00:00:00-04:00,184.71964631965213,186.19931566990036,183.56770473627472,184.8785400390625,9691200,0.0,0.0,META
2019-08-20 00:00:00-04:00,184.16355025837376,184.709737998096,181.12477957384328,182.53492736816406,10083400,0.0,0.0,META
2019-08-21 00:00:00-04:00,183.71667184991637,184.61042257071284,181.86957389438876,182.2767333984375,8398200,0.0,0.0,META
2019-08-22 00:00:00-04:00,182.15756357237575,182.8328543836781,178.66199224743258,180.77720642089844,10821400,0.0,0.0,META
2019-08-23 00:00:00-04:00,179.5855446701736,181.85966787392957,175.43454778564075,176.51698303222656,17323400,0.0,0.0,META
2019-08-26 00:00:00-04:00,178.1555089851355,179.24788442507926,177.00356733830563,179.10885620117188,8773600,0.0,0.0,META
2019-08-27 00:00:00-04:00,180.6679779007347,182.76334182635685,179.75436158925638,180.0423583984375,14399600,0.0,0.0,META
2019-08-28 00:00:00-04:00,179.27768212473174,180.6878299232763,177.67884991072336,180.4991455078125,9386100,0.0,0.0,META
2019-08-29 00:00:00-04:00,182.49522857011976,184.7892021384447,182.19730657942807,184.28274536132812,10128700,0.0,0.0,META
2019-08-30 00:00:00-04:00,185.48433501071017,185.50420051664787,182.18737321329252,184.3820343017578,10774500,0.0,0.0,META
2019-09-03 00:00:00-04:00,182.72360325274315,184.38201674652126,180.8467146732755,181.12477111816406,9779400,0.0,0.0,META
2019-09-04 00:00:00-04:00,183.3691249371663,186.44762710500393,182.61440231446377,185.84185791015625,11308000,0.0,0.0,META
2019-09-05 00:00:00-04:00,187.22220493936683,190.03257562956537,186.63630128476942,189.5757598876953,13876700,0.0,0.0,META
2019-09-06 00:00:00-04:00,188.89054021135885,188.89054021135885,185.05731601300062,186.1894073486328,15226800,0.0,0.0,META
2019-09-09 00:00:00-04:00,186.42775339899964,187.66908241967977,184.5608048558974,187.4506072998047,14722400,0.0,0.0,META
2019-09-10 00:00:00-04:00,186.13973431335623,186.79515954121968,183.26978280061508,184.8785400390625,15455900,0.0,0.0,META
2019-09-11 00:00:00-04:00,185.16653267365547,188.12585615527195,184.7891638866993,187.1824493408203,11761700,0.0,0.0,META
2019-09-12 00:00:00-04:00,188.54296060606552,189.6055302426007,185.93119980642481,186.16954040527344,11419800,0.0,0.0,META
2019-09-13 00:00:00-04:00,186.03052298681473,186.66608280106655,185.24599460727404,185.89149475097656,11441100,0.0,0.0,META
2019-09-16 00:00:00-04:00,185.63327369643224,186.48730854870652,184.48133204343208,184.92820739746094,8444800,0.0,0.0,META
2019-09-17 00:00:00-04:00,185.36516651218918,187.01365493606576,184.25292550841158,186.7753143310547,9671100,0.0,0.0,META
2019-09-18 00:00:00-04:00,186.78524371439704,187.7683816851536,184.71967054993166,186.83489990234375,9681900,0.0,0.0,META
2019-09-19 00:00:00-04:00,187.35128528109814,189.7743616333345,186.84481340979,188.82101440429688,10392700,0.0,0.0,META
2019-09-20 00:00:00-04:00,189.33740420994047,191.76048046950308,186.81501558448514,188.61245727539062,19934200,0.0,0.0,META
2019-09-23 00:00:00-04:00,188.0265713133327,188.781308997705,183.92523084864314,185.52406311035156,13327600,0.0,0.0,META
2019-09-24 00:00:00-04:00,186.6759958854556,186.7355772465352,179.13865065008108,180.02247619628906,18546600,0.0,0.0,META
2019-09-25 00:00:00-04:00,180.19132569939856,182.14766153603782,176.6361574062405,181.53196716308594,18068300,0.0,0.0,META
2019-09-26 00:00:00-04:00,180.07213389841695,180.1416404359486,176.43751931254107,178.860595703125,16083300,0.0,0.0,META
2019-09-27 00:00:00-04:00,179.23795841060212,179.5060745285645,174.4414619788343,175.87147521972656,14656200,0.0,0.0,META
2019-09-30 00:00:00-04:00,176.63613086533923,177.43058438545017,175.62321740131483,176.8446807861328,10740000,0.0,0.0,META
2019-10-01 00:00:00-04:00,177.90725074682496,178.59246671970473,173.6668821617138,174.59042358398438,17073000,0.0,0.0,META
2019-10-02 00:00:00-04:00,173.62714991057808,175.30542898509952,171.88928947413478,173.38882446289062,16151700,0.0,0.0,META
2019-10-03 00:00:00-04:00,174.35209786100668,178.59246643946403,172.4255529991042,178.1356658935547,16086300,0.0,0.0,META
2019-10-04 00:00:00-04:00,178.30450659735692,179.7245797477846,176.86456793943626,179.19825744628906,10430200,0.0,0.0,META
2019-10-07 00:00:00-04:00,178.75136597079293,179.92317320763422,176.85461172850813,178.43357849121094,9178300,0.0,0.0,META
2019-10-08 00:00:00-04:00,177.0234398069646,179.11880375596834,176.4871923485915,176.51698303222656,9466900,0.0,0.0,META
2019-10-09 00:00:00-04:00,177.91718578091115,179.4663617676093,176.7056476060954,178.60240173339844,7556900,0.0,0.0,META
2019-10-10 00:00:00-04:00,179.069155247645,180.35020004933247,177.92712352849358,178.78115844726562,8605000,0.0,0.0,META
2019-10-11 00:00:00-04:00,180.8864503864508,185.19635606125178,180.87652520980797,182.9123077392578,14930500,0.0,0.0,META
2019-10-14 00:00:00-04:00,182.92222220172795,183.33930689041946,181.30353963315056,182.00860595703125,7006000,0.0,0.0,META
2019-10-15 00:00:00-04:00,182.52502373686787,189.05938157397676,182.3859954915227,187.5797119140625,15039100,0.0,0.0,META
2019-10-16 00:00:00-04:00,187.0136744115679,188.384091362509,185.60351129290802,188.23513793945312,10516900,0.0,0.0,META
2019-10-17 00:00:00-04:00,188.97991811545484,189.51616554246363,187.46053272716543,189.0692901611328,9603000,0.0,0.0,META
2019-10-18 00:00:00-04:00,188.91039727390913,190.16166653080458,182.6441712718929,184.560791015625,16874200,0.0,0.0,META
2019-10-21 00:00:00-04:00,185.74251643498474,188.5926178494608,185.45453480191676,188.4436492919922,8122600,0.0,0.0,META
2019-10-22 00:00:00-04:00,188.6819699754825,189.32745486422309,180.24093447657935,181.07510375976562,19537600,0.0,0.0,META
2019-10-23 00:00:00-04:00,180.7474226827228,185.08711905321445,180.73749750605063,184.85870361328125,12300400,0.0,0.0,META
2019-10-24 00:00:00-04:00,183.33932672147424,185.43469072058065,181.53195954164897,185.08712768554688,11413500,0.0,0.0,META
2019-10-25 00:00:00-04:00,184.54093168761338,187.68894013501702,183.80605948281945,186.58663940429688,8061200,0.0,0.0,META
2019-10-28 00:00:00-04:00,185.90140018187873,188.21523890987382,183.79611136196027,188.0861358642578,13657900,0.0,0.0,META
2019-10-29 00:00:00-04:00,190.36026006434327,191.19442939658495,187.16259580447706,187.99676513671875,13574900,0.0,0.0,META
2019-10-30 00:00:00-04:00,188.24504787238885,189.1288734678127,184.68987998491397,186.9441375732422,28734600,0.0,0.0,META
2019-10-31 00:00:00-04:00,195.3355288423279,196.71588608726947,186.9441478143187,190.320556640625,42286500,0.0,0.0,META
2019-11-01 00:00:00-04:00,191.51225345421105,192.76350769173777,188.59264508037276,192.2769012451172,21711800,0.0,0.0,META
2019-11-04 00:00:00-05:00,193.20044377387438,196.00087404852658,192.46557156913653,193.3692626953125,16371300,0.0,0.0,META
2019-11-05 00:00:00-05:00,194.0147040994064,194.39207287013792,192.2569935843359,192.9720001220703,9942000,0.0,0.0,META
2019-11-06 00:00:00-05:00,192.68402939344588,193.02166720603125,190.02262759597522,190.2212371826172,10973000,0.0,0.0,META
2019-11-07 00:00:00-05:00,190.57874480422507,192.09813014811667,188.15566839482025,189.0990753173828,13473000,0.0,0.0,META
2019-11-08 00:00:00-05:00,188.68198968728436,191.0057537130431,188.3840677256111,189.5161590576172,10760800,0.0,0.0,META
2019-11-11 00:00:00-05:00,188.61249587133372,188.76146445065638,187.2321385594227,188.2947235107422,8631200,0.0,0.0,META
2019-11-12 00:00:00-05:00,188.6820084699735,193.70690585001896,188.4238174923895,193.12100219726562,17615500,0.0,0.0,META
2019-11-13 00:00:00-05:00,193.34938864772855,194.3424517791015,191.4029933958844,191.84986877441406,10860700,0.0,0.0,META
2019-11-14 00:00:00-05:00,191.59167503124263,192.68405060745135,190.1219457447506,191.81015014648438,9040500,0.0,0.0,META
2019-11-15 00:00:00-05:00,192.91244324029518,193.94523740824005,192.03855796696632,193.7466278076172,11524300,0.0,0.0,META
2019-11-18 00:00:00-05:00,193.2103442283279,197.25211810780843,191.7108244806429,196.0306396484375,16167200,0.0,0.0,META
2019-11-19 00:00:00-05:00,196.03066800797748,198.61263836793736,195.49442055167842,197.93736267089844,19056800,0.0,0.0,META
2019-11-20 00:00:00-05:00,197.20247739644824,198.2054656987361,194.07431945751387,196.139892578125,12355400,0.0,0.0,META
2019-11-21 00:00:00-05:00,196.05053480104607,197.70894852394719,195.49442183443753,196.55699157714844,12131000,0.0,0.0,META
2019-11-22 00:00:00-05:00,197.00389142246638,197.91750778965437,196.24915365826658,197.4408416748047,9959800,0.0,0.0,META
2019-11-25 00:00:00-05:00,198.1359518691035,199.5758903183576,197.86782059210273,198.40406799316406,15272300,0.0,0.0,META
2019-11-26 00:00:00-05:00,198.61260590544353,198.76155929869688,196.6661957002769,197.58975219726562,11735500,0.0,0.0,META
2019-11-27 00:00:00-05:00,198.51331622136922,201.73084625969688,198.0366501555603,200.5987548828125,12736600,0.0,0.0,META
2019-11-29 00:00:00-05:00,200.2015255986541,202.3862613725425,199.8142315985236,200.24124145507812,7985200,0.0,0.0,META
2019-12-02 00:00:00-05:00,200.72787935766326,200.77752039775626,196.67617948362528,198.31472778320312,11503400,0.0,0.0,META
2019-12-03 00:00:00-05:00,196.22930330348217,197.55006408494668,193.72677968287178,197.4408416748047,11595300,0.0,0.0,META
2019-12-04 00:00:00-05:00,198.61258749077282,198.64237816666142,196.67611779332537,197.33154296875,8456300,0.0,0.0,META
2019-12-05 00:00:00-05:00,198.47361290168908,199.89368601245917,196.8350646734248,197.97708129882812,9740400,0.0,0.0,META
2019-12-06 00:00:00-05:00,199.1091771843273,200.17176211154126,198.67222693960164,199.65536499023438,12270600,0.0,0.0,META
2019-12-09 00:00:00-05:00,199.2581128667402,201.73084553899562,198.82117781385858,199.94332885742188,11954800,0.0,0.0,META
2019-12-10 00:00:00-05:00,200.2611060844321,200.64840008286976,198.7615711227595,199.47657775878906,9475700,0.0,0.0,META
2019-12-11 00:00:00-05:00,198.89068804281123,201.2243925249452,198.89068804281123,200.85694885253906,8036800,0.0,0.0,META
2019-12-12 00:00:00-05:00,200.9463530876869,202.24726351028667,192.7535813408685,195.38519287109375,23734800,0.0,0.0,META
2019-12-13 00:00:00-05:00,195.03761215591953,195.43484653936943,191.8300221683909,192.7635040283203,18798000,0.0,0.0,META
2019-12-16 00:00:00-05:00,193.91543174757714,197.73871551131217,193.45861606378233,196.5470428466797,14911500,0.0,0.0,META
2019-12-17 00:00:00-05:00,197.46065403025725,197.61954775561048,194.76946163943256,197.01377868652344,10175700,0.0,0.0,META
2019-12-18 00:00:00-05:00,198.70199019346893,202.88279247286235,198.70199019346893,201.09527587890625,23274400,0.0,0.0,META
2019-12-19 00:00:00-05:00,201.37335390124366,204.86894059795554,201.10522259519556,204.63059997558594,16514600,0.0,0.0,META
2019-12-20 00:00:00-05:00,206.04074956945112,206.26916501676246,202.0188405578539,204.8689422607422,27306900,0.0,0.0,META
2019-12-23 00:00:00-05:00,205.2661376501532,207.14302628393207,204.2532090556398,204.74974060058594,13348900,0.0,0.0,META
2019-12-24 00:00:00-05:00,204.86893545986018,205.35552671636611,203.57795030538406,203.69711303710938,6046300,0.0,0.0,META
2019-12-26 00:00:00-05:00,204.14400076498254,206.37839287159358,203.88579464589174,206.3485870361328,9350700,0.0,0.0,META
2019-12-27 00:00:00-05:00,207.222486482387,207.48067744731281,205.15691330415703,206.6564483642578,10284200,0.0,0.0,META
2019-12-30 00:00:00-05:00,206.41808411090483,206.45779996521347,202.4855478050136,202.9920196533203,10524300,0.0,0.0,META
2019-12-31 00:00:00-05:00,202.58487351077193,204.1340495307956,202.18765432977014,203.82620239257812,8953500,0.0,0.0,META
2020-01-02 00:00:00-05:00,205.3157881988708,208.33469324197424,204.83912217163126,208.32476806640625,12077100,0.0,0.0,META
2020-01-03 00:00:00-05:00,205.77265497505545,208.94051420306062,205.514448816769,207.22251892089844,11188400,0.0,0.0,META
2020-01-06 00:00:00-05:00,205.2661324493684,211.30395770128737,205.08738837112787,211.12521362304688,17058900,0.0,0.0,META
2020-01-07 00:00:00-05:00,211.34370579308143,213.09149147322898,210.28112095451584,211.58203125,14912400,0.0,0.0,META
2020-01-08 00:00:00-05:00,211.52244939225042,214.73997942961384,211.13515537272028,213.72705078125,13475000,0.0,0.0,META
2020-01-09 00:00:00-05:00,216.03095261005296,216.86513717856823,214.77969848669196,216.7856903076172,12642800,0.0,0.0,META
2020-01-10 00:00:00-05:00,217.6794240685626,218.35471484237715,215.91177299869705,216.54733276367188,12119400,0.0,0.0,META
2020-01-13 00:00:00-05:00,218.07666265158258,220.43021734781135,217.68936864900138,220.37063598632812,14463400,0.0,0.0,META
2020-01-14 00:00:00-05:00,220.07273470377893,220.83739760485452,217.1134106328486,217.54042053222656,13288900,0.0,0.0,META
2020-01-15 00:00:00-05:00,219.0796735588214,220.14224330523513,218.61293264173239,219.6159210205078,10036500,0.0,0.0,META
2020-01-16 00:00:00-05:00,221.02608200246482,221.0856633695372,218.86119636353655,220.23162841796875,10015300,0.0,0.0,META
2020-01-17 00:00:00-05:00,220.4898072485414,220.74799820928146,219.00021254201002,220.5990447998047,15905900,0.0,0.0,META
2020-01-21 00:00:00-05:00,220.61892211491747,220.82745689934762,217.6000015291001,219.90391540527344,14275800,0.0,0.0,META
2020-01-22 00:00:00-05:00,220.7678670861368,221.20481729786243,219.74501325093416,219.7847442626953,12212800,0.0,0.0,META
2020-01-23 00:00:00-05:00,219.21868788922464,219.95356006699245,217.74895868662998,218.2355499267578,11195000,0.0,0.0,META
2020-01-24 00:00:00-05:00,219.26836890209546,220.24156664547655,214.61089982935755,216.42820739746094,11905800,0.0,0.0,META
2020-01-27 00:00:00-05:00,211.62177512063826,214.5612337228181,211.02593113625323,213.37948608398438,13810700,0.0,0.0,META
2020-01-28 00:00:00-05:00,214.64064212949285,217.22261206182884,212.0388218467257,216.27919006347656,13413800,0.0,0.0,META
2020-01-29 00:00:00-05:00,219.9038813504916,222.6447298777122,216.93461741463136,221.68145751953125,33181300,0.0,0.0,META
2020-01-30 00:00:00-05:00,205.0973333453647,209.96333677110164,203.3296821317416,208.07652282714844,48775500,0.0,0.0,META
2020-01-31 00:00:00-05:00,206.98414497999343,207.24235109674964,199.66527441700927,200.50938415527344,31359900,0.0,0.0,META
2020-02-03 00:00:00-05:00,202.02876223518646,203.71696649755066,201.0952804840247,202.7735595703125,15495600,0.0,0.0,META
2020-02-04 00:00:00-05:00,205.18669615551534,209.1390982668606,203.77654834930945,208.3744354248047,19628900,0.0,0.0,META
2020-02-05 00:00:00-05:00,211.03585723878854,211.2543323571584,207.2622291642732,208.6525115966797,12538200,0.0,0.0,META
2020-02-06 00:00:00-05:00,209.0099907941408,209.72499743469822,207.88782464797202,209.38735961914062,10567500,0.0,0.0,META
2020-02-07 00:00:00-05:00,208.84116933586483,211.34369254725343,208.47372569124286,210.85708618164062,12242500,0.0,0.0,META
2020-02-10 00:00:00-05:00,210.0527206739885,212.31690343236147,209.19868576316776,211.58203125,11856400,0.0,0.0,META
2020-02-11 00:00:00-05:00,208.7319513685439,209.39730187804918,205.0774710016734,205.7527618408203,25030800,0.0,0.0,META
2020-02-12 00:00:00-05:00,206.40817152622643,209.75478932639408,205.96128100859255,209.2979736328125,13813700,0.0,0.0,META
2020-02-13 00:00:00-05:00,208.06658493317434,212.8432160192069,207.7289319629748,211.66146850585938,15396600,0.0,0.0,META
2020-02-14 00:00:00-05:00,212.5155155487479,213.43905701113206,211.17487422593211,212.6942596435547,10741700,0.0,0.0,META
2020-02-18 00:00:00-05:00,212.06863572470812,216.46789814380386,211.91966716254262,216.28915405273438,15609200,0.0,0.0,META
2020-02-19 00:00:00-05:00,216.4778395538806,216.80555220875178,214.6108759999265,215.98130798339844,12135100,0.0,0.0,META
2020-02-20 00:00:00-05:00,215.01800583355413,217.25239759218678,211.47276363644627,213.09146118164062,13109200,0.0,0.0,META
2020-02-21 00:00:00-05:00,211.999126960116,212.75386468738904,207.3813891572602,208.72201538085938,14092300,0.0,0.0,META
2020-02-24 00:00:00-05:00,200.40014673931017,202.23730447540046,196.79532265517247,199.32763671875,23080100,0.0,0.0,META
2020-02-25 00:00:00-05:00,200.84704217798446,202.0883712396531,194.59074067658602,195.40505981445312,21433500,0.0,0.0,META
2020-02-26 00:00:00-05:00,195.8221213325324,199.8142393641403,194.13391703950523,195.83204650878906,16524500,0.0,0.0,META
2020-02-27 00:00:00-05:00,190.48937905519435,194.52121298477465,188.1854652937536,188.43373107910156,21682600,0.0,0.0,META
2020-02-28 00:00:00-05:00,181.43262639164234,191.40298845911272,180.55874116257365,191.13485717773438,32568900,0.0,0.0,META
2020-03-02 00:00:00-05:00,192.68401552334103,195.20640406623767,187.53995638078374,195.07730102539062,24949000,0.0,0.0,META
2020-03-03 00:00:00-05:00,194.85886998016431,195.8717987268272,182.6938453017058,184.60052490234375,27984100,0.0,0.0,META
2020-03-04 00:00:00-05:00,187.85774920031216,190.499300744771,185.09703493000848,190.42977905273438,23062500,0.0,0.0,META
2020-03-05 00:00:00-05:00,185.4843302930154,187.6790064786015,182.61437845213564,183.885498046875,19333400,0.0,0.0,META
2020-03-06 00:00:00-05:00,177.0929374184928,182.50512806827697,175.0372896096009,179.8337860107422,24559600,0.0,0.0,META
2020-03-09 00:00:00-04:00,168.4235005993396,173.78603504822317,164.04408887941884,168.32418823242188,29949000,0.0,0.0,META
2020-03-10 00:00:00-04:00,173.45833205788816,177.05321567652598,168.3241975841464,176.95391845703125,24517800,0.0,0.0,META
2020-03-11 00:00:00-04:00,172.80288813434163,174.6599262586503,166.49694714109444,169.05905151367188,20373900,0.0,0.0,META
2020-03-12 00:00:00-04:00,158.43329037500783,165.44432903502332,153.26936495743283,153.39846801757812,43266300,0.0,0.0,META
2020-03-13 00:00:00-04:00,162.39560939830452,169.60524213215632,156.5067524209944,169.09878540039062,35028600,0.0,0.0,META
2020-03-16 00:00:00-04:00,151.26340379575458,158.02616220582382,142.10735928036794,144.99716186523438,39120400,0.0,0.0,META
2020-03-17 00:00:00-04:00,149.69434982189327,152.87214898033153,139.02884576991374,148.3834991455078,34255600,0.0,0.0,META
2020-03-18 00:00:00-04:00,138.78058955655547,147.15210550290516,136.14897799823436,145.94058227539062,37553100,0.0,0.0,META
2020-03-19 00:00:00-04:00,145.60288428853224,158.82054967486394,143.79551760640265,152.06773376464844,39862300,0.0,0.0,META
2020-03-20 00:00:00-04:00,154.93772108236993,158.16517640687016,146.9733501618565,148.69134521484375,32568400,0.0,0.0,META
2020-03-23 00:00:00-04:00,148.6218539023494,151.2534655292916,141.263251371694,147.0726776123047,29830800,0.0,0.0,META
2020-03-24 00:00:00-04:00,154.13334793934374,160.19102444618358,151.51166166344214,159.86331176757812,30440400,0.0,0.0,META
2020-03-25 00:00:00-04:00,157.81761202597167,161.8593867820573,151.99826069541558,155.1264190673828,35184300,0.0,0.0,META
2020-03-26 00:00:00-04:00,157.1522220717165,162.86233440607586,155.93075880649386,162.2069091796875,26556800,0.0,0.0,META
2020-03-27 00:00:00-04:00,157.1025847157249,158.9794734322402,153.6765199351577,155.70236206054688,24879900,0.0,0.0,META
2020-03-30 00:00:00-04:00,158.07578629902892,165.59328168240037,156.96356041043316,164.798828125,22515200,0.0,0.0,META
2020-03-31 00:00:00-04:00,164.33207850408797,169.74426940008115,163.06095894090598,165.64292907714844,23676300,0.0,0.0,META
2020-04-01 00:00:00-04:00,160.49885066352596,163.0112990518757,156.94368300719125,158.4928741455078,19507600,0.0,0.0,META
2020-04-02 00:00:00-04:00,157.99634240851967,160.23073434303583,154.83839392820795,157.0926513671875,20886300,0.0,0.0,META
2020-04-03 00:00:00-04:00,156.0598569333392,156.81459457188794,149.78370614837337,153.11045837402344,25983300,0.0,0.0,META
2020-04-06 00:00:00-04:00,159.03906110191917,165.0470963294274,157.41043810424367,164.401611328125,28453600,0.0,0.0,META
2020-04-07 00:00:00-04:00,170.59831779332245,172.1872249496559,164.85841379930383,167.6588592529297,31411900,0.0,0.0,META
2020-04-08 00:00:00-04:00,170.06207977699125,173.7860669253925,166.57643326114695,173.07106018066406,21664200,0.0,0.0,META
2020-04-09 00:00:00-04:00,174.67981309966032,175.85163557049088,170.37986272210367,173.97474670410156,23534300,0.0,0.0,META
2020-04-13 00:00:00-04:00,172.46527352296636,173.78604931612182,168.27454586436517,173.57749938964844,19355400,0.0,0.0,META
2020-04-14 00:00:00-04:00,177.73844553201988,179.97283770987997,175.39481579712452,176.93406677246094,21011800,0.0,0.0,META
2020-04-15 00:00:00-04:00,173.9747044689599,176.95389338461416,171.62115007453335,175.7423553466797,17423000,0.0,0.0,META
2020-04-16 00:00:00-04:00,176.71559394085583,176.81490632233124,171.31332769213867,175.0273895263672,23593200,0.0,0.0,META
2020-04-17 00:00:00-04:00,177.95692731045364,179.02943741434424,175.43455338028036,177.9966583251953,20974800,0.0,0.0,META
2020-04-20 00:00:00-04:00,176.17934156160146,179.24790313648407,175.54378173554545,177.0035858154297,16110700,0.0,0.0,META
2020-04-21 00:00:00-04:00,174.03430091743022,174.16340396391308,167.17223154982912,169.61517333984375,24850500,0.0,0.0,META
2020-04-22 00:00:00-04:00,177.2121001073752,183.4981910983999,176.9042529831049,181.01553344726562,33242000,0.0,0.0,META
2020-04-23 00:00:00-04:00,182.80306011709644,185.7524587823264,181.87950354016493,183.8457794189453,21426600,0.0,0.0,META
2020-04-24 00:00:00-04:00,181.95896221208622,189.0891637233697,179.57561664147886,188.75152587890625,28792000,0.0,0.0,META
2020-04-27 00:00:00-04:00,191.32356599510462,192.40600128173827,186.10998402488977,186.19935607910156,29197800,0.0,0.0,META
2020-04-28 00:00:00-04:00,187.35130285028313,187.88755029925795,181.29361140162203,181.6411895751953,21731000,0.0,0.0,META
2020-04-29 00:00:00-04:00,189.60553061795113,195.5440588725942,188.68198920734758,192.84292602539062,45954500,0.0,0.0,META
2020-04-30 00:00:00-04:00,205.48463925351143,208.23542861023947,200.1717601288913,203.28997802734375,46230100,0.0,0.0,META
2020-05-01 00:00:00-04:00,200.20154705777097,205.84213875688195,197.66923286874353,200.8668975830078,30415600,0.0,0.0,META
2020-05-04 00:00:00-04:00,198.8112387706745,204.48163600083174,197.38122541616488,203.8361358642578,19250700,0.0,0.0,META
2020-05-05 00:00:00-04:00,205.5839497659938,208.9206427542864,205.0675526545001,205.63360595703125,21071200,0.0,0.0,META
2020-05-06 00:00:00-04:00,206.6762866014675,210.13215708417445,205.2264229675792,207.02386474609375,21857000,0.0,0.0,META
2020-05-07 00:00:00-04:00,209.69521266717027,210.1321628657145,207.58990854263362,209.7945098876953,15152000,0.0,0.0,META
2020-05-08 00:00:00-04:00,210.767715579033,211.73098798812205,209.38735849068996,210.876953125,12506000,0.0,0.0,META
2020-05-11 00:00:00-04:00,209.42707927255074,213.5085692726715,208.91068221102137,211.70118713378906,12911900,0.0,0.0,META
2020-05-12 00:00:00-04:00,211.81042141907403,213.7866224383497,208.54325049527515,208.64256286621094,14704600,0.0,0.0,META
2020-05-13 00:00:00-04:00,207.97721152556448,209.31785286047747,200.70799703194544,203.67726135253906,20684600,0.0,0.0,META
2020-05-14 00:00:00-04:00,201.15487815397768,205.49455946285534,199.29785483012236,205.37539672851562,17178900,0.0,0.0,META
2020-05-15 00:00:00-04:00,203.8460752067552,209.87396059341705,202.70404350277974,209.4171600341797,19383200,0.0,0.0,META
2020-05-18 00:00:00-04:00,210.67834170021413,213.15107440451104,209.47674377157279,211.7111358642578,20151900,0.0,0.0,META
2020-05-19 00:00:00-04:00,211.7905755925761,218.96049252265828,211.35362539582684,215.3755340576172,31843200,0.0,0.0,META
2020-05-20 00:00:00-04:00,221.94959095802795,229.7352016081723,221.64174383799275,228.3747100830078,50162900,0.0,0.0,META
2020-05-21 00:00:00-04:00,233.0917682201073,235.55456042487916,229.59618192263295,229.7848663330078,47782600,0.0,0.0,META
2020-05-22 00:00:00-04:00,229.90403290997045,234.35296650971358,227.15325903208213,233.28045654296875,33925600,0.0,0.0,META
2020-05-26 00:00:00-04:00,238.10674359332853,239.22889459168582,230.0629264267635,230.58924865722656,33178300,0.0,0.0,META
2020-05-27 00:00:00-04:00,227.48098479150323,228.96063919848814,219.5960608954578,227.5504913330078,34697600,0.0,0.0,META
2020-05-28 00:00:00-04:00,222.74403934902236,230.0231931344465,222.4461174111874,223.89599609375,29377200,0.0,0.0,META
2020-05-29 00:00:00-04:00,223.63780199775556,225.91192493062624,221.33390353773837,223.528564453125,23241500,0.0,0.0,META
2020-06-01 00:00:00-04:00,223.03205506808072,230.82760706110014,221.94961984291297,230.30128479003906,18223800,0.0,0.0,META
2020-06-02 00:00:00-04:00,229.33798556164643,231.3836930413182,224.98836450875305,231.1056365966797,20919000,0.0,0.0,META
2020-06-03 00:00:00-04:00,230.49988561626694,231.03613304360687,226.94471776311875,228.56341552734375,15380300,0.0,0.0,META
2020-06-04 00:00:00-04:00,227.9675814656623,230.02322952428327,223.05192174901174,224.7202606201172,17041500,0.0,0.0,META
2020-06-05 00:00:00-04:00,225.1373554519171,229.74516790371774,223.7470579375046,229.169189453125,16750400,0.0,0.0,META
2020-06-08 00:00:00-04:00,227.4412450602746,229.9437683643857,225.83248765553066,229.7947998046875,15466500,0.0,0.0,META
2020-06-09 00:00:00-04:00,229.9139933117588,238.10676460503242,228.81169256800067,237.01438903808594,27462900,0.0,0.0,META
2020-06-10 00:00:00-04:00,239.28848199176275,239.53674775716414,233.64787592231463,235.0878143310547,20720700,0.0,0.0,META
2020-06-11 00:00:00-04:00,228.3449256634376,231.27445870119334,221.99925322660053,222.87313842773438,26708200,0.0,0.0,META
2020-06-12 00:00:00-04:00,228.3052049440834,230.05300573100092,222.9426701639008,226.99436950683594,22091400,0.0,0.0,META
2020-06-15 00:00:00-04:00,223.5285455773194,232.1483402407017,223.2405639764883,230.88714599609375,15340300,0.0,0.0,META
2020-06-16 00:00:00-04:00,235.49497398328725,236.80582449890977,231.38369351155995,234.0153045654297,15236700,0.0,0.0,META
2020-06-17 00:00:00-04:00,233.36982645548687,235.94185622524807,230.1225059041128,233.89614868164062,19578100,0.0,0.0,META
2020-06-18 00:00:00-04:00,233.35990727858544,234.50192380176196,230.53959651055766,234.30331420898438,15782500,0.0,0.0,META
2020-06-19 00:00:00-04:00,236.14046656860805,239.15938686146742,233.9160149348593,237.13352966308594,30081300,0.0,0.0,META
2020-06-22 00:00:00-04:00,236.9051520508348,239.03030667014116,235.2666038494182,237.56057739257812,18917800,0.0,0.0,META
2020-06-23 00:00:00-04:00,239.6062688246097,243.48914926769837,238.19612100995397,240.5596160888672,24017900,0.0,0.0,META
2020-06-24 00:00:00-04:00,239.52682293334746,241.53281469046254,231.06592085796711,232.39663696289062,20834900,0.0,0.0,META
2020-06-25 00:00:00-04:00,232.99246051513478,235.6538775122826,231.12551218438674,234.04510498046875,18704300,0.0,0.0,META
2020-06-26 00:00:00-04:00,231.0261919581322,231.47306730896577,213.90577917927885,214.58106994628906,76343900,0.0,0.0,META
2020-06-29 00:00:00-04:00,208.29497976571423,219.21867357941082,205.67329385654466,219.10943603515625,58514300,0.0,0.0,META
2020-06-30 00:00:00-04:00,219.05981245951153,225.92188295883548,216.95452327824324,225.494873046875,33927100,0.0,0.0,META
2020-07-01 00:00:00-04:00,226.91492118776134,237.34208386816175,225.98143943761693,235.9021453857422,43399700,0.0,0.0,META
2020-07-02 00:00:00-04:00,237.34209065284438,238.33515379365124,230.99641778920605,231.80079650878906,30633600,0.0,0.0,META
2020-07-06 00:00:00-04:00,232.1384291791159,238.7323676813612,230.65877483009118,238.6132049560547,26206200,0.0,0.0,META
2020-07-07 00:00:00-04:00,237.7492703386848,245.9321016149645,237.1633666726293,239.189208984375,27887800,0.0,0.0,META
2020-07-08 00:00:00-04:00,236.4582931051619,245.27669969024032,234.94883270930552,241.89035034179688,29791300,0.0,0.0,META
2020-07-09 00:00:00-04:00,243.30048668360175,244.8198721841252,237.58044804356885,242.803955078125,22174900,0.0,0.0,META
2020-07-10 00:00:00-04:00,241.9995479389582,243.7870645397628,237.65986706465105,243.36997985839844,22982700,0.0,0.0,META
2020-07-13 00:00:00-04:00,245.29651696540154,248.41473457069335,236.76610836134074,237.3420867919922,24674900,0.0,0.0,META
2020-07-14 00:00:00-04:00,235.11763300398982,238.66287582943255,230.42044840616765,238.06703186035156,23378100,0.0,0.0,META
2020-07-15 00:00:00-04:00,239.87439935966435,243.12172000073272,236.3986784441116,238.6132049560547,19133600,0.0,0.0,META
2020-07-16 00:00:00-04:00,236.3490146798004,240.08292643144802,234.69060114304705,239.25868225097656,18880700,0.0,0.0,META
2020-07-17 00:00:00-04:00,239.32820518737046,242.46628819499767,236.20998768440782,240.35105895996094,18152400,0.0,0.0,META
2020-07-20 00:00:00-04:00,238.39474065095692,244.34319445651906,234.00540328579996,243.71755981445312,20872200,0.0,0.0,META
2020-07-21 00:00:00-04:00,244.51199119817755,245.1972071434436,238.41458453228765,240.072998046875,19364200,0.0,0.0,META
2020-07-22 00:00:00-04:00,238.59331814552505,240.22194090869473,236.46816386732877,238.20602416992188,15427900,0.0,0.0,META
2020-07-23 00:00:00-04:00,237.96771302086844,240.73835237368777,230.14237102551525,230.98648071289062,21771800,0.0,0.0,META
2020-07-24 00:00:00-04:00,228.59320680579518,231.87031820103158,225.32602058690804,229.10960388183594,18325800,0.0,0.0,META
2020-07-27 00:00:00-04:00,229.85440683416718,233.320187582074,229.2287721912869,231.8802490234375,13163100,0.0,0.0,META
2020-07-28 00:00:00-04:00,233.0024371511596,233.330149844762,228.23573048058194,228.52371215820312,14170100,0.0,0.0,META
2020-07-29 00:00:00-04:00,229.53659709915772,232.07883613062532,228.71235293376256,231.6716766357422,13588300,0.0,0.0,META
2020-07-30 00:00:00-04:00,228.6229972484639,233.26060029280399,227.4114590057178,232.87330627441406,20615300,0.0,0.0,META
2020-07-31 00:00:00-04:00,254.04541893258948,254.07520961445857,247.27272106612182,251.9103240966797,53005100,0.0,0.0,META
2020-08-03 00:00:00-04:00,250.89738954048218,253.6283131023447,248.59349099691272,250.21218872070312,23124900,0.0,0.0,META
2020-08-04 00:00:00-04:00,249.81494925379172,251.0463529441859,245.7135938307086,248.09695434570312,17183500,0.0,0.0,META
2020-08-05 00:00:00-04:00,248.4544610179766,250.52003409766883,246.05125011880963,247.39187622070312,13050100,0.0,0.0,META
2020-08-06 00:00:00-04:00,247.31243795431067,264.750639437822,246.94500944110115,263.4397888183594,45241600,0.0,0.0,META
2020-08-07 00:00:00-04:00,262.2480796396627,276.95537144468835,261.60259471161845,266.5778503417969,72766400,0.0,0.0,META
2020-08-10 00:00:00-04:00,266.18061360628644,271.96021720343504,257.8885315387039,261.1755676269531,30248800,0.0,0.0,META
2020-08-11 00:00:00-04:00,258.3850899803572,264.0753524439361,253.36019312725054,254.35325622558594,28238300,0.0,0.0,META
2020-08-12 00:00:00-04:00,257.1735573160089,262.0693512226244,256.319507274025,258.0871887207031,21415700,0.0,0.0,META
2020-08-13 00:00:00-04:00,259.73566203468766,263.3206358656525,257.7694163383827,259.4873962402344,17374000,0.0,0.0,META
2020-08-14 00:00:00-04:00,260.4903495615322,260.8279873402333,256.88552607163575,259.4277648925781,14792700,0.0,0.0,META
2020-08-17 00:00:00-04:00,260.6790590475865,262.26796604010025,257.6005574319438,259.3483581542969,13351100,0.0,0.0,META
2020-08-18 00:00:00-04:00,259.13986051394573,263.3107078726441,257.46158124033997,260.52020263671875,18690400,0.0,0.0,META
2020-08-19 00:00:00-04:00,259.5768054733447,266.05156665412864,259.5370744595321,260.7684631347656,23291500,0.0,0.0,META
2020-08-20 00:00:00-04:00,259.6860367989726,267.75964577478095,259.64630578379536,267.1439514160156,20299700,0.0,0.0,META
2020-08-21 00:00:00-04:00,266.8262066658212,268.6137086587447,264.5719636638947,265.1578674316406,15538600,0.0,0.0,META
2020-08-24 00:00:00-04:00,269.18959781679655,275.3267199548224,266.9055347066833,269.50738525390625,23685600,0.0,0.0,META
2020-08-25 00:00:00-04:00,270.52028509566316,281.12619025564976,268.3852057886921,278.8719482421875,42127200,0.0,0.0,META
2020-08-26 00:00:00-04:00,282.02992833374987,302.5565565227695,282.02992833374987,301.80181884765625,69015200,0.0,0.0,META
2020-08-27 00:00:00-04:00,298.07780347357453,299.14038819176636,289.9942558421575,291.1859436035156,30301300,0.0,0.0,META
2020-08-28 00:00:00-04:00,292.9536257731887,295.1681674815239,288.9615228676851,291.6229248046875,17157400,0.0,0.0,META
2020-08-31 00:00:00-04:00,291.9109044877328,294.8205720387154,289.52752885103376,291.1661071777344,17345100,0.0,0.0,META
2020-09-01 00:00:00-04:00,292.66564743568614,299.39861472518686,290.67952103399404,293.3905944824219,17295900,0.0,0.0,META
2020-09-02 00:00:00-04:00,296.8066973205317,301.4939562564885,291.0171226099811,300.4015808105469,24341400,0.0,0.0,META
2020-09-03 00:00:00-04:00,293.93676837981997,295.53561589909145,281.6625217116018,289.1005554199219,32294100,0.0,0.0,META
2020-09-04 00:00:00-04:00,285.25737204081344,286.9952324448915,269.2591402392374,280.76873779296875,30333700,0.0,0.0,META
2020-09-08 00:00:00-04:00,269.3981544213337,277.36250951011533,267.5510716167908,269.27899169921875,24864000,0.0,0.0,META
2020-09-09 00:00:00-04:00,273.8569952231671,276.5482179957205,269.4676733718574,271.82122802734375,22918800,0.0,0.0,META
2020-09-10 00:00:00-04:00,273.5988586209002,277.22353332836695,265.17767156883707,266.2303161621094,24814700,0.0,0.0,META
2020-09-11 00:00:00-04:00,268.1866391651495,269.5074301618983,260.8181273628567,264.76055908203125,18913900,0.0,0.0,META
2020-09-14 00:00:00-04:00,269.07043151288696,274.7209623977084,263.85685077178965,264.3037109375,24093800,0.0,0.0,META
2020-09-15 00:00:00-04:00,268.7923826241494,272.61565103014607,267.43186082137817,270.5302429199219,18478500,0.0,0.0,META
2020-09-16 00:00:00-04:00,265.43585349381885,270.5501225712264,259.974006258438,261.6919860839844,29183400,0.0,0.0,META
2020-09-17 00:00:00-04:00,256.48834283374737,259.6860073099909,248.45446578541365,253.05235290527344,31281400,0.0,0.0,META
2020-09-18 00:00:00-04:00,256.607504431696,257.40197311210676,248.31543646225495,250.77822875976562,28130800,0.0,0.0,META
2020-09-21 00:00:00-04:00,245.82285024541395,248.21613611997893,242.43651635455427,246.42861938476562,24709400,0.0,0.0,META
2020-09-22 00:00:00-04:00,251.55282052218462,253.54888712316094,246.49813279732368,252.9828338623047,30293100,0.0,0.0,META
2020-09-23 00:00:00-04:00,253.48930721499917,256.20036551072144,246.42862725025063,247.2926025390625,19641300,0.0,0.0,META
2020-09-24 00:00:00-04:00,244.7900466012825,250.4902340745614,243.9161462512905,247.7990264892578,20006800,0.0,0.0,META
2020-09-25 00:00:00-04:00,247.66993743064677,253.9758943385475,244.8992979778838,253.05235290527344,18351300,0.0,0.0,META
2020-09-28 00:00:00-04:00,257.6006030545499,257.7992278284968,253.05238666766678,255.03851318359375,18826300,0.0,0.0,META
2020-09-29 00:00:00-04:00,256.021596951166,261.50329438654944,255.1179058879375,259.9739990234375,20200200,0.0,0.0,META
2020-09-30 00:00:00-04:00,260.162683455331,264.2342179457792,258.2957199668565,260.0832214355469,20142500,0.0,0.0,META
2020-10-01 00:00:00-04:00,263.5093064368688,266.46861515536716,262.9631035342646,264.7804260253906,20009800,0.0,0.0,META
2020-10-02 00:00:00-04:00,259.39802012625506,263.31069140999944,257.38210311911837,258.1368408203125,16367600,0.0,0.0,META
2020-10-05 00:00:00-04:00,260.3811614952056,263.03262304727406,259.03057989653223,262.81414794921875,12822300,0.0,0.0,META
2020-10-06 00:00:00-04:00,259.96407489128376,263.8469555146379,256.44862279112647,256.86572265625,18696900,0.0,0.0,META
2020-10-07 00:00:00-04:00,257.4119030223598,258.3751755364846,253.05237134297118,256.3294677734375,23133400,0.0,0.0,META
2020-10-08 00:00:00-04:00,257.94810565635004,262.7843174562892,257.3522618150253,261.9302978515625,16312800,0.0,0.0,META
2020-10-09 00:00:00-04:00,262.6850614584868,262.91347690000043,260.3513872302378,262.6155700683594,14107800,0.0,0.0,META
2020-10-12 00:00:00-04:00,268.32569985520615,278.23645160516094,266.0118455322542,273.8371887207031,31019300,0.0,0.0,META
2020-10-13 00:00:00-04:00,275.6544704349761,277.16394589864916,271.49356349761814,274.2244873046875,18063300,0.0,0.0,META
2020-10-14 00:00:00-04:00,275.69420272133084,276.81636899435705,269.61666074248586,269.9344482421875,15577800,0.0,0.0,META
2020-10-15 00:00:00-04:00,265.743712457179,267.1737258577717,261.8409814415914,264.86981201171875,15416100,0.0,0.0,META
2020-10-16 00:00:00-04:00,265.525219748102,269.4875318672881,263.4596315037506,264.08526611328125,16622700,0.0,0.0,META
2020-10-19 00:00:00-04:00,263.68805608352665,266.6870958759029,258.07725536685854,259.5867004394531,13587000,0.0,0.0,META
2020-10-20 00:00:00-04:00,261.2352252289536,267.82917998568837,261.05648111113385,265.7040100097656,18763200,0.0,0.0,META
2020-10-21 00:00:00-04:00,277.6207072786257,281.08648766825246,274.45283368534405,276.7964782714844,28998600,0.0,0.0,META
2020-10-22 00:00:00-04:00,277.9285954791895,280.49071552993775,273.1321135138718,276.19073486328125,16720000,0.0,0.0,META
2020-10-23 00:00:00-04:00,276.8659844556583,283.2613133434085,274.89973888289836,282.814453125,17535200,0.0,0.0,META
2020-10-26 00:00:00-04:00,281.1957326512578,283.25138040729377,272.3574777001807,275.18768310546875,21322900,0.0,0.0,META
2020-10-27 00:00:00-04:00,276.8262548702941,282.53636718820695,274.39323836900616,281.3248291015625,16287200,0.0,0.0,META
2020-10-28 00:00:00-04:00,276.8560582534552,276.8560582534552,265.4060424140643,265.8132019042969,23121800,0.0,0.0,META
2020-10-29 00:00:00-04:00,274.6315881178936,281.6327011547713,271.88081424165927,278.88189697265625,32368100,0.0,0.0,META
2020-10-30 00:00:00-04:00,272.59585577506135,274.7806069965232,257.30268814248257,261.28485107421875,47247800,0.0,0.0,META
2020-11-02 00:00:00-05:00,262.76454261571706,268.5938190576868,255.55489370624662,259.5469970703125,27165700,0.0,0.0,META
2020-11-03 00:00:00-05:00,261.3345162653245,268.17670597826356,259.0703333736183,263.45965576171875,17961900,0.0,0.0,META
2020-11-04 00:00:00-05:00,279.05072726940637,286.9356505996386,276.68723227490966,285.386474609375,35364400,0.0,0.0,META
2020-11-05 00:00:00-05:00,289.8751497008854,295.31714709122343,286.94563136677965,292.6358642578125,23823600,0.0,0.0,META
2020-11-06 00:00:00-05:00,291.91095747039725,292.5564425283772,286.0618003207486,291.37469482421875,13891000,0.0,0.0,META
2020-11-09 00:00:00-05:00,287.8591877997786,290.55038023895384,276.59785620125297,276.836181640625,25117700,0.0,0.0,META
2020-11-10 00:00:00-05:00,271.2055573077003,272.09930809794037,262.16867641553375,270.5401916503906,29067700,0.0,0.0,META
2020-11-11 00:00:00-05:00,271.573003757464,276.4687982266486,270.5898808538926,274.5621337890625,14957000,0.0,0.0,META
2020-11-12 00:00:00-05:00,275.25719126203853,277.8093704101734,272.5262680497848,273.1717529296875,12899500,0.0,0.0,META
2020-11-13 00:00:00-05:00,275.7934561898012,275.8331871952478,271.205510001739,275.02880859375,10391200,0.0,0.0,META
2020-11-16 00:00:00-05:00,273.1420215872313,277.4717929070027,272.724952013687,277.02490234375,12970400,0.0,0.0,META
2020-11-17 00:00:00-05:00,275.75374796451496,275.75374796451496,271.39421681528063,273.09234619140625,15040300,0.0,0.0,META
2020-11-18 00:00:00-05:00,272.6156728201886,275.4657893900018,269.95427097077754,270.0833740234375,12152900,0.0,0.0,META
2020-11-19 00:00:00-05:00,269.13993647182775,271.57295306280076,267.32264442781167,271.046630859375,12963700,0.0,0.0,META
2020-11-20 00:00:00-05:00,270.6693088604697,271.10625910180784,267.5411657781642,267.82916259765625,18114700,0.0,0.0,META
2020-11-23 00:00:00-05:00,269.0108276857389,269.0704090361898,262.69493178506355,266.56787109375,20990800,0.0,0.0,META
2020-11-24 00:00:00-05:00,266.62750877747334,275.89280470654967,266.01181448881255,274.9990539550781,16930400,0.0,0.0,META
2020-11-25 00:00:00-05:00,276.2106130353077,278.23644014336827,270.75867545850764,273.67828369140625,12467000,0.0,0.0,META
2020-11-27 00:00:00-05:00,275.4658039800366,277.19372417729744,272.913624390235,275.88287353515625,7808400,0.0,0.0,META
2020-11-30 00:00:00-05:00,274.1152242550069,275.7736530753407,269.13005807623745,275.0487060546875,16693300,0.0,0.0,META
2020-12-01 00:00:00-05:00,277.2235046330134,287.2931489259058,277.02487988636204,284.5622253417969,20738900,0.0,0.0,META
2020-12-02 00:00:00-05:00,283.3804623158279,289.7559405419843,278.88188783354457,285.5254821777344,17361600,0.0,0.0,META
2020-12-03 00:00:00-05:00,284.2643699243617,284.66158918360264,279.12030929835726,279.8948974609375,12921700,0.0,0.0,META
2020-12-04 00:00:00-05:00,278.35560983284415,281.4936932604116,277.362546607888,277.7597961425781,10880300,0.0,0.0,META
2020-12-07 00:00:00-05:00,277.2533105694201,286.4887859851163,276.2701877229296,283.5989685058594,13007700,0.0,0.0,META
2020-12-08 00:00:00-05:00,284.0259925324439,284.4430620713791,279.5969091988282,281.43408203125,10747700,0.0,0.0,META
2020-12-09 00:00:00-05:00,281.69233044709796,285.63479283622564,269.8649432797149,275.9921569824219,25189700,0.0,0.0,META
2020-12-10 00:00:00-05:00,273.6286055271856,276.7964791302961,269.97411041402864,275.1976318359375,20065100,0.0,0.0,META
2020-12-11 00:00:00-05:00,272.6256175544194,274.56210276384803,268.37530860630324,271.65240478515625,14391400,0.0,0.0,META
2020-12-14 00:00:00-05:00,271.47364488152203,275.29694373803864,269.6762031606504,272.2879638671875,16376900,0.0,0.0,META
2020-12-15 00:00:00-05:00,272.92354309585454,274.16487208300316,265.6146125663476,273.6385498046875,23979500,0.0,0.0,META
2020-12-16 00:00:00-05:00,272.85399946336145,275.9324705173673,270.61960771429926,273.7576904296875,15885000,0.0,0.0,META
2020-12-17 00:00:00-05:00,275.1480187332912,278.49463675445423,271.7119983579931,272.57598876953125,16377800,0.0,0.0,META
2020-12-18 00:00:00-05:00,273.8569704464479,276.07151182915015,269.2591142495398,274.48260498046875,26693200,0.0,0.0,META
2020-12-21 00:00:00-05:00,271.0863895010287,272.7646686484044,265.932389329885,270.897705078125,16553700,0.0,0.0,META
2020-12-22 00:00:00-05:00,269.6166559548355,269.6166559548355,262.7943166917705,265.23724365234375,17312900,0.0,0.0,META
2020-12-23 00:00:00-05:00,265.0386142325745,270.2819859692725,264.3831889772523,266.2501220703125,14329000,0.0,0.0,META
2020-12-24 00:00:00-05:00,267.0147881164967,268.52423298801807,264.35338651175715,265.5450439453125,6702000,0.0,0.0,META
2020-12-28 00:00:00-05:00,266.8757503264271,275.3763674815061,263.81712951323203,275.0784606933594,23299700,0.0,0.0,META
2020-12-29 00:00:00-05:00,275.028849938261,278.5641523075244,274.363484296987,274.8600158691406,16383000,0.0,0.0,META
2020-12-30 00:00:00-05:00,276.02191065990667,276.15098341059274,269.8251760858184,269.98406982421875,11803800,0.0,0.0,META
2020-12-31 00:00:00-05:00,270.1131494272033,275.1678367117642,267.93833892462425,271.2651062011719,12900400,0.0,0.0,META
2021-01-04 00:00:00-05:00,272.8739181053437,273.09239323216485,263.3603855229727,267.0744323730469,15106100,0.0,0.0,META
2021-01-05 00:00:00-05:00,266.4288997572722,270.5103744315404,266.3494377403135,269.0903015136719,9871600,0.0,0.0,META
2021-01-06 00:00:00-05:00,260.18251878562035,265.8926313162208,258.2063330163895,261.4834289550781,24354100,0.0,0.0,META
2021-01-07 00:00:00-05:00,264.05549761855696,269.72587997913473,262.94327168855403,266.87579345703125,15789800,0.0,0.0,META
2021-01-08 00:00:00-05:00,266.4487240902713,267.0842989403587,261.3543061854605,265.7138671875,18528300,0.0,0.0,META
2021-01-11 00:00:00-05:00,258.67309874273616,261.6423478463724,254.12485257045407,255.05833435058594,30412300,0.0,0.0,META
2021-01-12 00:00:00-05:00,254.8497835250912,257.91834481107315,248.5636923990969,249.34820556640625,26383500,0.0,0.0,META
2021-01-13 00:00:00-05:00,249.8050218800193,252.18836722110376,247.4713175707965,249.89439392089844,19528900,0.0,0.0,META
2021-01-14 00:00:00-05:00,251.64219985880376,253.2608976661095,242.91318130890528,243.93603515625,29739400,0.0,0.0,META
2021-01-15 00:00:00-05:00,246.1803431790925,252.0990060846761,245.44548616282455,249.61634826660156,24942900,0.0,0.0,META
2021-01-19 00:00:00-05:00,255.11791059696782,260.38116333981225,250.9669140103909,259.2887878417969,28028500,0.0,0.0,META
2021-01-20 00:00:00-05:00,267.064434937094,268.44480710364064,261.7714222910091,265.62451171875,25199900,0.0,0.0,META
2021-01-21 00:00:00-05:00,267.3921687234662,271.70205875894015,265.634427714856,270.97711181640625,20838700,0.0,0.0,META
2021-01-22 00:00:00-05:00,270.1231077356851,276.5382869759463,270.1131674066485,272.5958251953125,21954000,0.0,0.0,META
2021-01-25 00:00:00-05:00,276.21058498544335,278.15698017441997,269.6265717881597,276.08148193359375,19087000,0.0,0.0,META
2021-01-26 00:00:00-05:00,276.2105946394288,283.4103023609769,275.88286683391283,280.09344482421875,19373600,0.0,0.0,META
2021-01-27 00:00:00-05:00,280.57010675992376,281.4837381150198,266.2600643454643,270.252197265625,35346200,0.0,0.0,META
2021-01-28 00:00:00-05:00,275.25724544437986,284.800598380068,262.8638363318904,263.1617431640625,37758800,0.0,0.0,META
2021-01-29 00:00:00-05:00,263.45964586527754,264.71091515254716,253.08215396222317,256.5379943847656,30389500,0.0,0.0,META
2021-02-01 00:00:00-05:00,257.71975684833694,262.33752508224313,253.14174993490226,260.1925048828125,22914300,0.0,0.0,META
2021-02-02 00:00:00-05:00,262.16864356397065,266.9850053875906,261.4436966318781,265.2272644042969,17320800,0.0,0.0,META
2021-02-03 00:00:00-05:00,263.7774390975395,267.3326222811993,262.0097878354705,264.80029296875,14223400,0.0,0.0,META
2021-02-04 00:00:00-05:00,265.1578001708641,266.2998167269826,262.16867040510544,264.6413879394531,16060000,0.0,0.0,META
2021-02-05 00:00:00-05:00,264.94923410714415,267.3028192101267,263.82709821386266,266.240234375,12454400,0.0,0.0,META
2021-02-08 00:00:00-05:00,266.88576516551876,267.9880508952835,263.16177774460454,264.7308044433594,13755200,0.0,0.0,META
2021-02-09 00:00:00-05:00,264.59177204978135,271.49357368908437,263.9065559898149,267.5809020996094,14613400,0.0,0.0,META
2021-02-10 00:00:00-05:00,270.5600634141554,271.900674402498,265.86286387269195,269.98406982421875,14687200,0.0,0.0,META
2021-02-11 00:00:00-05:00,270.00393789566357,271.6821866351648,266.627499147351,268.51434326171875,12828600,0.0,0.0,META
2021-02-12 00:00:00-05:00,268.6434160254985,269.2988413011865,266.4785457640893,268.6235656738281,9097600,0.0,0.0,META
2021-02-16 00:00:00-05:00,268.9214652817526,274.68124922947464,268.17666798465854,272.0694885253906,15417200,0.0,0.0,META
2021-02-17 00:00:00-05:00,269.35844805841447,272.0695214581162,267.70995953793226,271.67230224609375,12763200,0.0,0.0,META
2021-02-18 00:00:00-05:00,267.70007590425774,270.0635713617295,264.18462340424156,267.5213317871094,15249100,0.0,0.0,META
2021-02-19 00:00:00-05:00,267.9879863347758,268.3951458314142,258.3453523815268,259.7455749511719,25622600,0.0,0.0,META
2021-02-22 00:00:00-05:00,256.16064411630646,261.2451224455358,255.7435442710094,258.52410888671875,17434900,0.0,0.0,META
2021-02-23 00:00:00-05:00,257.6999099486897,265.604684827942,253.19140952092832,264.0157775878906,21924600,0.0,0.0,META
2021-02-24 00:00:00-05:00,260.5101953582652,264.53211856678286,256.59755514128494,262.4764709472656,15736100,0.0,0.0,META
2021-02-25 00:00:00-05:00,260.4804126529998,265.0882395176161,252.27771773198307,252.9232177734375,19053100,0.0,0.0,META
2021-02-26 00:00:00-05:00,254.69089973234236,263.7078995320883,254.69089973234236,255.83291625976562,26619500,0.0,0.0,META
2021-03-01 00:00:00-05:00,259.01076266266045,264.8003080425841,256.1110046545927,263.0723876953125,22157300,0.0,0.0,META
2021-03-02 00:00:00-05:00,263.9363364333064,264.8598779371174,256.85579095898794,257.203369140625,15191700,0.0,0.0,META
2021-03-03 00:00:00-05:00,258.48441285340874,259.1795388669576,253.33041273917416,253.6382598876953,15513500,0.0,0.0,META
2021-03-04 00:00:00-05:00,254.6909316482942,264.64141445272037,251.74153259851408,255.8528289794922,31626500,0.0,0.0,META
2021-03-05 00:00:00-05:00,258.8617730445713,263.6086134766132,253.83686100228493,262.44671630859375,26820100,0.0,0.0,META
2021-03-08 00:00:00-05:00,263.7078969878338,263.7376876689268,253.28074947590162,253.5389404296875,18391800,0.0,0.0,META
2021-03-09 00:00:00-05:00,259.3682706480934,266.66729211138085,258.00777874861495,263.8966369628906,22039700,0.0,0.0,META
2021-03-10 00:00:00-05:00,266.7765159880859,267.1042135136652,261.0465218554377,263.06243896484375,14210300,0.0,0.0,META
2021-03-11 00:00:00-05:00,266.2501095648282,275.97220493665156,265.96214311161896,271.9801025390625,21834000,0.0,0.0,META
2021-03-12 00:00:00-05:00,267.2730037197899,267.86881730485464,262.18849544883045,266.5381164550781,20600200,0.0,0.0,META
2021-03-15 00:00:00-04:00,267.213455344063,274.04573559254817,266.6374919734589,271.85107421875,16844800,0.0,0.0,META
2021-03-16 00:00:00-04:00,274.1648072713798,280.18279665985693,272.8936879012632,277.3426208496094,22437700,0.0,0.0,META
2021-03-17 00:00:00-04:00,273.79738455723657,284.24442645784393,273.4994777868636,282.0398254394531,21315000,0.0,0.0,META
2021-03-18 00:00:00-04:00,277.92858482314426,283.2116881663582,276.3496180179357,276.687255859375,18728300,0.0,0.0,META
2021-03-19 00:00:00-04:00,279.2691890055399,290.76884566116183,279.2493386548787,288.0975036621094,38930500,0.0,0.0,META
2021-03-22 00:00:00-04:00,288.43516209398456,297.6309049176878,284.7608168509757,291.50372314453125,28273100,0.0,0.0,META
2021-03-23 00:00:00-04:00,291.1164916858374,295.9328546089386,287.7996639990744,288.6139831542969,23000900,0.0,0.0,META
2021-03-24 00:00:00-04:00,288.98135511711854,289.69636174407646,279.2096180859463,280.1828308105469,18675000,0.0,0.0,META
2021-03-25 00:00:00-04:00,279.0309091806208,286.06178331046056,275.82330413065733,276.8064270019531,24505600,0.0,0.0,META
2021-03-26 00:00:00-04:00,276.36947272447486,282.5264766041057,275.8431504477816,281.0567321777344,17629200,0.0,0.0,META
2021-03-29 00:00:00-04:00,283.7876855406201,291.14628815797516,282.7251308525413,288.80267333984375,21718800,0.0,0.0,META
2021-03-30 00:00:00-04:00,287.819489559495,290.44119091458725,284.7112272475432,286.002197265625,17474500,0.0,0.0,META
2021-03-31 00:00:00-04:00,287.9783924701882,294.44324370782823,286.60796038240426,292.4869079589844,19498200,0.0,0.0,META
2021-04-01 00:00:00-04:00,296.33005070789403,300.3023034795974,294.54254908298094,296.5882568359375,17616000,0.0,0.0,META
2021-04-05 00:00:00-04:00,298.80276535214335,308.614203147411,298.5942002846461,306.7671203613281,28237000,0.0,0.0,META
2021-04-06 00:00:00-04:00,306.6975565953026,309.19015428755654,303.13246425599135,304.1354675292969,17335200,0.0,0.0,META
2021-04-07 00:00:00-04:00,304.21494543454486,312.07007816687496,303.3807760699453,310.9181213378906,22855200,0.0,0.0,META
2021-04-08 00:00:00-04:00,312.6659554448147,313.6888093314046,307.8992338881179,310.8486328125,20894100,0.0,0.0,META
2021-04-09 00:00:00-04:00,309.23986644593833,312.55669381171714,308.177281575922,310.2925109863281,15988600,0.0,0.0,META
2021-04-12 00:00:00-04:00,308.8922542226104,309.984629655204,305.79390230898474,309.3788757324219,10881900,0.0,0.0,META
2021-04-13 00:00:00-04:00,310.0442845096929,312.24888624865605,307.1743473308067,307.6112976074219,14036900,0.0,0.0,META
2021-04-14 00:00:00-04:00,305.1682943929614,305.89324140381507,299.85543077610873,300.7193908691406,17421400,0.0,0.0,META
2021-04-15 00:00:00-04:00,304.2149480766785,307.9886060607909,301.99049641842674,305.6846923828125,14558300,0.0,0.0,META
2021-04-16 00:00:00-04:00,306.03224630477484,306.8068342534468,302.49691404794436,304.0560302734375,13059200,0.0,0.0,META
2021-04-19 00:00:00-04:00,302.89417567255794,305.5655177464558,298.4750329033836,300.14337158203125,14553500,0.0,0.0,META
2021-04-20 00:00:00-04:00,299.8950813844623,302.98352302936263,295.14824152456384,300.5505065917969,16796400,0.0,0.0,META
2021-04-21 00:00:00-04:00,299.8554960239207,299.88528671271854,295.32712949130905,299.3788146972656,14863500,0.0,0.0,META
2021-04-22 00:00:00-04:00,299.2397360604261,300.8187332985432,293.9864532833794,294.4631042480469,16375400,0.0,0.0,META
2021-04-23 00:00:00-04:00,296.687582670293,300.4910015370838,295.08873509812,299.0411376953125,17536800,0.0,0.0,META
2021-04-26 00:00:00-04:00,301.235742486538,303.6786691082406,299.4680914666265,300.9378356933594,16172600,0.0,0.0,META
2021-04-27 00:00:00-04:00,302.16929985612603,303.221944530158,299.02127585903185,301.4642333984375,15309300,0.0,0.0,META
2021-04-28 00:00:00-04:00,305.22784130964635,308.76317361208896,303.25165555869114,304.96966552734375,33907200,0.0,0.0,META
2021-04-29 00:00:00-04:00,327.8299665552439,329.5082455205875,319.37899037048027,327.2242126464844,56526800,0.0,0.0,META
2021-04-30 00:00:00-04:00,323.87765659537024,327.532122010799,322.24901835025764,322.8249816894531,26332400,0.0,0.0,META
2021-05-03 00:00:00-04:00,323.907408395523,326.27087314382874,319.60742815166054,320.34228515625,18719500,0.0,0.0,META
2021-05-04 00:00:00-04:00,317.80006933320976,319.9550297777541,310.9479394226379,316.1515808105469,24032600,0.0,0.0,META
2021-05-05 00:00:00-04:00,315.98277088195334,318.83285731643707,312.30842504926153,312.8347473144531,15577600,0.0,0.0,META
2021-05-06 00:00:00-04:00,312.33820166682153,318.0185239268124,311.09687276652534,317.800048828125,19012200,0.0,0.0,META
2021-05-07 00:00:00-04:00,320.14367289977616,320.6997857867658,316.53884915690736,316.8665466308594,15916700,0.0,0.0,META
2021-05-10 00:00:00-04:00,312.16943960537833,312.3978247577751,302.7154580421525,303.8475646972656,24239200,0.0,0.0,META
2021-05-11 00:00:00-04:00,298.6637819675191,304.71153371628975,297.6111373134013,304.4036865234375,18920100,0.0,0.0,META
2021-05-12 00:00:00-04:00,299.04106988573005,302.84448789007007,296.1214622037027,300.4512023925781,24645500,0.0,0.0,META
2021-05-13 00:00:00-04:00,303.9567753757269,306.71748989994825,300.66973856002795,303.1424865722656,18079200,0.0,0.0,META
2021-05-14 00:00:00-04:00,307.3927842966852,314.65207369614257,306.9359534150257,313.7483825683594,19245700,0.0,0.0,META
2021-05-17 00:00:00-04:00,311.37491338064495,313.49014256803696,309.4185779211098,313.27166748046875,15401300,0.0,0.0,META
2021-05-18 00:00:00-04:00,313.4008264166306,314.3045176079125,307.6609220624403,307.80987548828125,14522400,0.0,0.0,META
2021-05-19 00:00:00-04:00,302.0799444100279,312.47731895008087,301.4642499788128,311.41473388671875,19106200,0.0,0.0,META
2021-05-20 00:00:00-04:00,311.4047347873846,317.0354162827345,310.9876652282522,316.39984130859375,17320200,0.0,0.0,META
2021-05-21 00:00:00-04:00,317.07514782686013,317.7106924961839,313.6192770874103,314.036376953125,13600900,0.0,0.0,META
2021-05-24 00:00:00-04:00,316.00266360216654,323.68899413744924,315.8239194819217,322.3781433105469,16445400,0.0,0.0,META
2021-05-25 00:00:00-04:00,324.81104721709437,326.89648567144167,322.5468646881719,325.5161437988281,16437000,0.0,0.0,META
2021-05-26 00:00:00-04:00,326.0723009791142,327.5420150886895,323.55985234776074,325.3870849609375,9686900,0.0,0.0,META
2021-05-27 00:00:00-04:00,325.72469228376224,331.4645957099421,324.4933037547175,330.4417419433594,20477700,0.0,0.0,META
2021-05-28 00:00:00-04:00,328.7038883383271,330.56091149903165,326.05239650868407,326.44964599609375,12037400,0.0,0.0,META
2021-06-01 00:00:00-04:00,327.85980685651253,329.1210165064215,324.37417565975466,326.8468933105469,11765900,0.0,0.0,META
2021-06-02 00:00:00-04:00,328.0881776892321,329.5678319465902,324.85078242485343,326.86669921875,11654300,0.0,0.0,META
2021-06-03 00:00:00-04:00,323.520083700462,325.1089906636587,321.23605077615906,323.7782897949219,12610800,0.0,0.0,META
2021-06-04 00:00:00-04:00,323.63929770571855,330.15379001187324,322.92429097426816,328.0584411621094,13289400,0.0,0.0,META
2021-06-07 00:00:00-04:00,327.19442430172865,335.3474634485492,326.6482214412393,334.2451477050781,20136700,0.0,0.0,META
2021-06-08 00:00:00-04:00,334.36433464179675,335.95321124660705,329.93525170354593,331.3652648925781,14580500,0.0,0.0,META
2021-06-09 00:00:00-04:00,333.41101346017734,334.463657978423,327.710840656936,327.9591064453125,13727900,0.0,0.0,META
2021-06-10 00:00:00-04:00,328.4953491638462,331.62349184699826,326.27086722654735,330.15374755859375,13240200,0.0,0.0,META
2021-06-11 00:00:00-04:00,330.27294808646184,330.52121388823963,326.64827344168265,328.9621276855469,13587900,0.0,0.0,META
2021-06-14 00:00:00-04:00,329.59762560722135,334.4835092274623,327.5221274355902,334.433837890625,12250800,0.0,0.0,META
2021-06-15 00:00:00-04:00,334.65235745209895,337.5620556551971,332.7059620693409,334.4140319824219,15795200,0.0,0.0,META
2021-06-16 00:00:00-04:00,334.36433436395004,335.20841369484964,326.4396804734715,328.7832946777344,17232200,0.0,0.0,META
2021-06-17 00:00:00-04:00,328.1974601209938,335.6355243882391,327.85982225647933,334.17572021484375,17794100,0.0,0.0,META
2021-06-18 00:00:00-04:00,332.2094430903154,333.8182006835169,326.71780460807463,327.37322998046875,23039500,0.0,0.0,META
2021-06-21 00:00:00-04:00,328.79323655230536,330.6105588772653,325.3770972881534,329.98492431640625,11337500,0.0,0.0,META
2021-06-22 00:00:00-04:00,330.3822054708277,337.56206346990325,330.2928334176298,336.67822265625,15345300,0.0,0.0,META
2021-06-23 00:00:00-04:00,336.9959674168666,341.0377414877368,335.8539509185642,338.22735595703125,14817800,0.0,0.0,META
2021-06-24 00:00:00-04:00,339.47864729083625,342.5074778063374,339.41906592570973,340.7994079589844,12329100,0.0,0.0,META
2021-06-25 00:00:00-04:00,340.2134913461353,341.7328767106353,337.3236740242663,339.001953125,14594400,0.0,0.0,META
2021-06-28 00:00:00-04:00,340.0843496223811,355.65560063806936,339.39913372160845,353.1729431152344,29156100,0.0,0.0,META
2021-06-29 00:00:00-04:00,353.7985962511624,354.26533714219687,346.6286791220538,349.4490051269531,21417300,0.0,0.0,META
2021-06-30 00:00:00-04:00,349.72705702806195,350.4718543781205,344.76174136100525,345.2979736328125,15107500,0.0,0.0,META
2021-07-01 00:00:00-04:00,344.414145811275,352.2096970760789,344.096358351219,351.931640625,17137000,0.0,0.0,META
2021-07-02 00:00:00-04:00,352.6367211412645,353.9674220897666,350.17391368538927,352.239501953125,11521300,0.0,0.0,META
2021-07-06 00:00:00-04:00,354.02702092017273,356.30114407035626,346.7577912256229,350.33282470703125,13488500,0.0,0.0,META
2021-07-07 00:00:00-04:00,352.7955848761856,354.01703301819634,347.5720635940059,348.05865478515625,14218900,0.0,0.0,META
2021-07-08 00:00:00-04:00,343.331720320965,345.9136601651972,340.1836969240964,343.25225830078125,14406500,0.0,0.0,META
2021-07-09 00:00:00-04:00,342.92456873238206,348.2771632659908,342.8748973921492,347.98919677734375,13018700,0.0,0.0,META
2021-07-12 00:00:00-04:00,348.79360036608597,351.7330589669335,347.21463350700583,350.710205078125,10018600,0.0,0.0,META
2021-07-13 00:00:00-04:00,349.061709882351,356.003211854675,346.3804271577719,349.6476135253906,11456000,0.0,0.0,META
2021-07-14 00:00:00-04:00,352.100518759537,352.7360938139149,344.3248465095412,345.2185974121094,13894200,0.0,0.0,META
2021-07-15 00:00:00-04:00,346.807456771449,346.807456771449,337.8599480408071,342.0705261230469,14781600,0.0,0.0,META
2021-07-16 00:00:00-04:00,342.51738245801107,343.5898772244563,337.7804825885688,338.79339599609375,11026100,0.0,0.0,META
2021-07-19 00:00:00-04:00,335.2283958321339,337.4329976386176,332.2194151522199,334.6127014160156,14372300,0.0,0.0,META
2021-07-20 00:00:00-04:00,336.4498015039066,341.067569648738,332.1796418476506,339.28997802734375,11024300,0.0,0.0,META
2021-07-21 00:00:00-04:00,339.1310778108753,344.11624409141785,338.88281201452764,343.8282775878906,9279700,0.0,0.0,META
2021-07-22 00:00:00-04:00,344.27515089851886,349.1014539216713,342.81534674837894,348.7538757324219,12385400,0.0,0.0,META
2021-07-23 00:00:00-04:00,358.4064175626375,372.7263709130637,354.712221510125,367.2248229980469,33694300,0.0,0.0,META
2021-07-26 00:00:00-04:00,367.01625509949724,371.8425576289156,365.6657038011167,369.87628173828125,14925200,0.0,0.0,META
2021-07-27 00:00:00-04:00,369.33014064595517,370.5615293237317,362.02117968943355,365.2585754394531,15705400,0.0,0.0,META
2021-07-28 00:00:00-04:00,371.9617630396669,374.93101241573123,364.38468570436436,370.6906433105469,29676900,0.0,0.0,META
2021-07-29 00:00:00-04:00,358.4957829668107,362.984417317109,354.26532441729825,355.8343811035156,33413200,0.0,0.0,META
2021-07-30 00:00:00-04:00,351.54436646173724,358.22769258735656,350.49172191318684,353.8283996582031,15976200,0.0,0.0,META
2021-08-02 00:00:00-04:00,355.61593858624593,356.906908626089,348.3069776627504,349.50860595703125,13180400,0.0,0.0,META
2021-08-03 00:00:00-04:00,350.2831820422814,351.3159459164224,345.2880755211377,348.8034973144531,12406100,0.0,0.0,META
2021-08-04 00:00:00-04:00,349.97535634826033,357.9794435460874,349.07166517355284,356.4302673339844,14180600,0.0,0.0,META
2021-08-05 00:00:00-04:00,357.14526133882947,361.3756899337369,354.4242475815402,360.4521484375,10247200,0.0,0.0,META
2021-08-06 00:00:00-04:00,358.892993928078,362.6169805079333,358.892993928078,360.9883728027344,8925000,0.0,0.0,META
2021-08-09 00:00:00-04:00,361.23667258484005,363.2426493012661,358.2475427107706,359.1015625,7798900,0.0,0.0,META
2021-08-10 00:00:00-04:00,359.3200344847057,361.5743072827586,356.5494100527903,358.6249084472656,7469900,0.0,0.0,META
2021-08-11 00:00:00-04:00,359.5881517418357,359.8463275378054,355.3279025907099,357.4629821777344,8400300,0.0,0.0,META
2021-08-12 00:00:00-04:00,355.9634914124329,360.4819165359161,354.6327601477801,360.13433837890625,7170700,0.0,0.0,META
2021-08-13 00:00:00-04:00,360.4521402686356,362.1304194515307,358.9724858422268,360.6606750488281,7195700,0.0,0.0,META
2021-08-16 00:00:00-04:00,360.00522845589376,364.4045210745695,354.90089981921847,364.0172119140625,11222100,0.0,0.0,META
2021-08-17 00:00:00-04:00,360.4620449651616,362.1403239821523,352.606912425003,355.9634704589844,12328700,0.0,0.0,META
2021-08-18 00:00:00-04:00,353.77872178787584,357.3636649551706,352.68634634012676,352.9842834472656,10042400,0.0,0.0,META
2021-08-19 00:00:00-04:00,348.912718284329,355.08957183761447,348.5651401460842,352.65655517578125,12004500,0.0,0.0,META
2021-08-20 00:00:00-04:00,352.14017520075987,357.4927694576704,350.85911533837884,356.8770751953125,8697700,0.0,0.0,META
2021-08-23 00:00:00-04:00,356.94667815192275,363.153323832138,356.6090402636255,360.8295593261719,10942000,0.0,0.0,META
2021-08-24 00:00:00-04:00,361.1373753161005,365.4075350526847,359.3299929768121,362.97454833984375,9235100,0.0,0.0,META
2021-08-25 00:00:00-04:00,363.06387912846816,368.287370479807,362.8652543840877,365.83453369140625,9684500,0.0,0.0,META
2021-08-26 00:00:00-04:00,365.82460856264174,366.877253078658,361.6040901691806,361.85235595703125,7888700,0.0,0.0,META
2021-08-27 00:00:00-04:00,362.5673112058317,371.147359857758,361.5543675393287,370.0450744628906,11219100,0.0,0.0,META
2021-08-30 00:00:00-04:00,369.97559188303035,378.84363823095765,367.94973464178105,378.0194091796875,13547300,0.0,0.0,META
2021-08-31 00:00:00-04:00,377.3143442669874,380.10484920750287,376.17229743518845,376.748291015625,12345400,0.0,0.0,META
2021-09-01 00:00:00-04:00,376.9568533074591,381.66396313831876,376.18226523015454,379.3997802734375,11567200,0.0,0.0,META
2021-09-02 00:00:00-04:00,378.85358112737276,379.10184690792806,371.4651890735768,372.6767272949219,14832900,0.0,0.0,META
2021-09-03 00:00:00-04:00,372.1503674826965,374.543653002346,370.5217295798465,373.64990234375,7509600,0.0,0.0,META
2021-09-07 00:00:00-04:00,373.2725838694114,380.30345767823303,370.56151054382633,379.52886962890625,10793800,0.0,0.0,META
2021-09-08 00:00:00-04:00,377.5228966613497,378.22796302326014,372.1901523111581,374.95086669921875,11067200,0.0,0.0,META
2021-09-09 00:00:00-04:00,375.02041095563226,377.1951915376633,373.9578260311305,375.3778991699219,9098900,0.0,0.0,META
2021-09-10 00:00:00-04:00,378.71454142479524,381.1277078677201,375.63606996069,376.0630798339844,11549600,0.0,0.0,META
2021-09-13 00:00:00-04:00,379.03237443176556,379.1018961327597,371.75323413530566,373.89825439453125,13026300,0.0,0.0,META
2021-09-14 00:00:00-04:00,374.7819897915199,375.9637372479582,372.5078669166244,373.91802978515625,8711600,0.0,0.0,META
2021-09-15 00:00:00-04:00,374.38482369186454,374.94093665537116,365.11955743747427,371.3262023925781,17940300,0.0,0.0,META
2021-09-16 00:00:00-04:00,370.20399081447476,370.9686384692154,367.1453395837524,370.47210693359375,11934200,0.0,0.0,META
2021-09-17 00:00:00-04:00,368.8335664300614,368.8335664300614,359.0816795986663,362.1899719238281,26299000,0.0,0.0,META
2021-09-20 00:00:00-04:00,356.80754673058533,358.5255567412185,347.3734476237028,353.2325439453125,19822800,0.0,0.0,META
2021-09-21 00:00:00-04:00,356.013188300571,357.5425142478172,352.726151245893,355.0002746582031,11751900,0.0,0.0,META
2021-09-22 00:00:00-04:00,344.82129547424677,347.4131755007979,338.3266546093435,340.82916259765625,43692900,0.0,0.0,META
2021-09-23 00:00:00-04:00,342.96430614109624,347.244436588427,340.6206914406906,343.5601501464844,21806300,0.0,0.0,META
2021-09-24 00:00:00-04:00,340.8589909880195,351.8919385080049,339.9950308835849,350.5115661621094,18801900,0.0,0.0,META
2021-09-27 00:00:00-04:00,347.3834211027895,352.6863747332731,344.67234776955803,351.12725830078125,15205800,0.0,0.0,META
2021-09-28 00:00:00-04:00,345.5561863357287,347.1748841230016,336.56897692930727,338.2869567871094,21710300,0.0,0.0,META
2021-09-29 00:00:00-04:00,340.76957147240074,342.8351595387527,336.5292032594852,337.2541198730469,14452200,0.0,0.0,META
2021-09-30 00:00:00-04:00,338.0883500451467,340.422024123598,335.80428669427346,337.03570556640625,16547100,0.0,0.0,META
2021-10-01 00:00:00-04:00,339.2403025206699,342.6266516425788,336.2909339336575,340.630615234375,14905300,0.0,0.0,META
2021-10-04 00:00:00-04:00,333.2024859034126,333.6096454418782,320.4614987024491,323.9670104980469,42885000,0.0,0.0,META
2021-10-05 00:00:00-04:00,326.30070772753515,332.85493120611443,323.89751164578337,330.65032958984375,35377900,0.0,0.0,META
2021-10-06 00:00:00-04:00,327.4526518109316,332.06047963306645,323.5399803552705,331.32562255859375,26443000,0.0,0.0,META
2021-10-07 00:00:00-04:00,334.66227881082483,336.4895113551633,326.6979233231299,326.9362487792969,28307500,0.0,0.0,META
2021-10-08 00:00:00-04:00,329.21036149099893,331.087235010964,326.42976659780624,327.7604675292969,15946100,0.0,0.0,META
2021-10-11 00:00:00-04:00,325.3572837172374,328.1676390888034,323.05336994266753,323.1924133300781,14708200,0.0,0.0,META
2021-10-12 00:00:00-04:00,320.78912991664765,322.1297709870296,315.16838987097276,321.52398681640625,31658700,0.0,0.0,META
2021-10-13 00:00:00-04:00,324.70183226875514,324.7316229485336,320.42173287393445,322.2886962890625,14761500,0.0,0.0,META
2021-10-14 00:00:00-04:00,326.08220352646043,328.22722358123883,324.8309645572515,326.25103759765625,14302200,0.0,0.0,META
2021-10-15 00:00:00-04:00,326.3999618857561,326.7872710290615,320.27277972807207,322.5071716308594,21596400,0.0,0.0,META
2021-10-18 00:00:00-04:00,326.6681361594644,333.5599968627541,325.22818246588844,333.0137939453125,21585000,0.0,0.0,META
2021-10-19 00:00:00-04:00,337.2938929273335,340.0843979551159,334.94033811013963,337.63153076171875,18786300,0.0,0.0,META
2021-10-20 00:00:00-04:00,341.0675379865776,341.5938602237762,337.0952855380206,338.4160461425781,13639500,0.0,0.0,META
2021-10-21 00:00:00-04:00,337.919515805233,339.93543271791094,335.4567083681282,339.5084228515625,16354400,0.0,0.0,META
2021-10-22 00:00:00-04:00,324.08613514392806,327.3433807629827,318.8824641103329,322.3581848144531,35224500,0.0,0.0,META
2021-10-25 00:00:00-04:00,318.07806843165025,327.273841557349,317.5021052232415,326.4098815917969,38409000,0.0,0.0,META
2021-10-26 00:00:00-04:00,325.9829424293362,327.91939752560313,307.45237909979846,313.6192932128906,65654000,0.0,0.0,META
2021-10-27 00:00:00-04:00,312.0104735506991,317.0353700214792,309.89524446324407,310.05413818359375,29971800,0.0,0.0,META
2021-10-28 00:00:00-04:00,310.81879676750776,323.26187566968946,305.9726441964319,314.7215576171875,50806800,0.0,0.0,META
2021-10-29 00:00:00-04:00,317.9689114736582,323.73860629637124,317.3830078167604,321.3254699707031,37059400,0.0,0.0,META
2021-11-01 00:00:00-04:00,323.77830788954685,331.1369092399776,323.73857687912965,327.69097900390625,31518900,0.0,0.0,META
2021-11-02 00:00:00-04:00,329.08129551893205,332.467644744342,321.55385932113387,325.8041687011719,28353000,0.0,0.0,META
2021-11-03 00:00:00-04:00,325.2182246298572,329.84590230841843,320.95800575490676,329.319580078125,20786500,0.0,0.0,META
2021-11-04 00:00:00-04:00,331.69303111979514,334.9303963680135,330.34244948206873,333.520263671875,22495300,0.0,0.0,META
2021-11-05 00:00:00-04:00,337.9493222910368,344.3843824919673,337.28398694368224,338.7636413574219,26872800,0.0,0.0,META
2021-11-08 00:00:00-05:00,342.03081085258987,342.3982393556077,335.99297015181077,336.2710266113281,18342500,0.0,0.0,META
2021-11-09 00:00:00-05:00,337.6414353317068,338.94234549630863,332.14979790457625,333.0435485839844,17556700,0.0,0.0,META
2021-11-10 00:00:00-05:00,330.18351897750097,330.8786752247067,323.25195838543164,325.3671875,21872600,0.0,0.0,META
2021-11-11 00:00:00-05:00,327.5321413473969,330.15381267206436,324.73169559818325,325.466552734375,12376600,0.0,0.0,META
2021-11-12 00:00:00-05:00,327.88960087262967,339.4885718024575,327.4923816528735,338.52532958984375,25414300,0.0,0.0,META
2021-11-15 00:00:00-05:00,341.9513830937844,351.19679918142634,340.8193067901365,345.1490478515625,25076600,0.0,0.0,META
2021-11-16 00:00:00-05:00,341.44489271681016,344.24533809936,338.50543425102154,340.5809326171875,18181100,0.0,0.0,META
2021-11-17 00:00:00-05:00,341.85205836625045,344.8908292635212,337.7407925723655,338.4061279296875,13602800,0.0,0.0,META
2021-11-18 00:00:00-05:00,337.3633994408119,340.0843826522268,332.9740471795485,336.3405456542969,17487200,0.0,0.0,META
2021-11-19 00:00:00-05:00,339.8261918393417,349.6575100890898,337.5421286138821,342.9046630859375,26488500,0.0,0.0,META
2021-11-22 00:00:00-05:00,346.6286760200637,351.3755166050516,338.1479386460966,338.64447021484375,27116800,0.0,0.0,META
2021-11-23 00:00:00-05:00,336.5788918252043,339.0317590592541,331.1865661032912,334.9105529785156,17225000,0.0,0.0,META
2021-11-24 00:00:00-05:00,333.6692250990394,339.40912900904357,330.5013511624678,338.6941223144531,13566200,0.0,0.0,META
2021-11-26 00:00:00-05:00,333.4706369331873,335.40712244940215,329.59769620664383,330.8092346191406,14750700,0.0,0.0,META
2021-11-29 00:00:00-05:00,334.55307386475175,338.30685152461643,332.9840170474469,335.6851501464844,16650900,0.0,0.0,META
2021-11-30 00:00:00-05:00,332.6761530506527,333.4805317723644,321.1864052077006,322.2092590332031,25390000,0.0,0.0,META
2021-12-01 00:00:00-05:00,327.99881886115134,328.2073536259176,308.1375569170716,308.4454040527344,30329600,0.0,0.0,META
2021-12-02 00:00:00-05:00,309.23985058811394,312.41766470557803,305.0690036530589,308.23687744140625,24396200,0.0,0.0,META
2021-12-03 00:00:00-05:00,311.5537375237762,311.5735878782237,297.4224368749896,304.7115173339844,27471000,0.0,0.0,META
2021-12-06 00:00:00-05:00,305.99255266304647,317.87951975765236,304.2149611423583,315.66497802734375,21758300,0.0,0.0,META
2021-12-07 00:00:00-05:00,319.33932063498895,324.27484564424213,318.7732673727845,320.5707092285156,18794000,0.0,0.0,META
2021-12-08 00:00:00-05:00,322.7454788174438,330.44171715847517,320.8288744781848,328.26690673828125,19937700,0.0,0.0,META
2021-12-09 00:00:00-05:00,327.25401752303907,333.7982996166133,325.72469188646227,327.5320739746094,16879200,0.0,0.0,META
2021-12-10 00:00:00-05:00,330.2530905762638,332.7059578569133,324.1060270329738,327.46258544921875,14528000,0.0,0.0,META
2021-12-13 00:00:00-05:00,328.65422586839105,338.7238693550957,327.3036443722298,332.1696472167969,22948700,0.0,0.0,META
2021-12-14 00:00:00-05:00,325.7743343201105,333.37129119790376,325.37711514556946,331.42486572265625,20461000,0.0,0.0,META
2021-12-15 00:00:00-05:00,330.18357510906884,339.7368382857609,321.7326278482403,339.28997802734375,24681300,0.0,0.0,META
2021-12-16 00:00:00-05:00,336.62861966847333,342.0705873397763,331.4249471934162,332.576904296875,22635000,0.0,0.0,META
2021-12-17 00:00:00-05:00,330.4913952399913,334.77149487601264,328.4556279600217,331.47454833984375,40012600,0.0,0.0,META
2021-12-20 00:00:00-05:00,327.4923634222205,327.61152615092544,320.2926556061012,323.1924133300781,17901800,0.0,0.0,META
2021-12-21 00:00:00-05:00,324.1457435126229,333.6692153987566,321.50419192067693,331.8817138671875,16116800,0.0,0.0,META
2021-12-22 00:00:00-05:00,331.48445199749193,332.189548621576,325.98290422148904,328.15771484375,16764600,0.0,0.0,META
2021-12-23 00:00:00-05:00,327.81019082525495,334.33462376937337,326.0822401309469,332.9145202636719,13987700,0.0,0.0,META
2021-12-27 00:00:00-05:00,336.49945539510196,345.45687412344387,335.6652859834369,343.7785949707031,17795000,0.0,0.0,META
2021-12-28 00:00:00-05:00,344.2254883901896,350.26329907524985,342.80541534319065,343.8183288574219,16637600,0.0,0.0,META
2021-12-29 00:00:00-05:00,344.5036200488882,347.2643350270935,339.2701869577048,340.5611572265625,10747000,0.0,0.0,META
2021-12-30 00:00:00-05:00,341.6137642117308,344.821369477675,340.8391760748815,341.97125244140625,10593300,0.0,0.0,META
2021-12-31 00:00:00-05:00,340.64049867127704,341.05759851401064,333.9373226475047,334.01678466796875,12870500,0.0,0.0,META
2022-01-03 00:00:00-05:00,335.9532641001233,338.71397854824414,334.85097850917924,336.1916198730469,14537900,0.0,0.0,META
2022-01-04 00:00:00-05:00,337.59181528292993,340.71001767926003,329.5678484085995,334.1955261230469,15998000,0.0,0.0,META
2022-01-05 00:00:00-05:00,330.7098484616282,333.4308618468726,321.59353686820657,321.9212646484375,20564500,0.0,0.0,META
2022-01-06 00:00:00-05:00,320.58063509691385,336.8172227357935,320.481322726394,330.15374755859375,27962800,0.0,0.0,META
2022-01-07 00:00:00-05:00,330.4318562598737,334.66231540471273,326.59864665992654,329.48846435546875,14722000,0.0,0.0,META
2022-01-10 00:00:00-05:00,323.05338636520554,326.0623666414972,313.2419171246315,325.79425048828125,24942400,0.0,0.0,META
2022-01-11 00:00:00-05:00,324.51316123835636,332.3087126977734,323.0235665762721,332.0505065917969,16226800,0.0,0.0,META
2022-01-12 00:00:00-05:00,332.85490650522934,334.0366541036262,327.7406372338682,330.9482421875,14104900,0.0,0.0,META
2022-01-13 00:00:00-05:00,332.6562765338066,333.30176146509405,323.500233859244,324.2152404785156,14797100,0.0,0.0,META
2022-01-14 00:00:00-05:00,319.5578022642355,330.4219156428618,318.9818086610025,329.59765625,16868500,0.0,0.0,META
2022-01-18 00:00:00-05:00,321.04738263480675,321.9609837284619,315.4365821014618,315.9430236816406,22645600,0.0,0.0,META
2022-01-19 00:00:00-05:00,317.3631065456677,324.83096079185947,317.1148407594168,317.373046875,20814700,0.0,0.0,META
2022-01-20 00:00:00-05:00,321.65312351378554,325.5459440973195,313.78808094128794,314.3640441894531,16925000,0.0,0.0,META
2022-01-21 00:00:00-05:00,312.62622606527816,316.10194729304766,300.93788301801146,301.0669860839844,28710700,0.0,0.0,META
2022-01-24 00:00:00-05:00,295.77392053287866,307.38283100711567,287.00518638419567,306.5685119628906,38878100,0.0,0.0,META
2022-01-25 00:00:00-05:00,297.8693071627254,304.1057425994434,295.51572201501665,298.0679016113281,25108500,0.0,0.0,META
2022-01-26 00:00:00-05:00,304.8803074843086,305.37683902690725,288.83240439081436,292.586181640625,28348800,0.0,0.0,META
2022-01-27 00:00:00-05:00,295.68457294761424,299.6170948024286,292.2187920171608,292.5961608886719,21629900,0.0,0.0,META
2022-01-28 00:00:00-05:00,293.56934456757705,299.8057803837421,290.99731446167857,299.6170959472656,21871600,0.0,0.0,META
2022-01-31 00:00:00-05:00,298.5942528696925,311.6133279292589,297.2437013868694,311.0870056152344,21579500,0.0,0.0,META
2022-02-01 00:00:00-05:00,312.37793715110746,317.4425651980272,309.95486067855575,316.7871398925781,18023800,0.0,0.0,META
2022-02-02 00:00:00-05:00,325.54597109978323,325.72471519446594,314.6719174183467,320.7593994140625,58458300,0.0,0.0,META
2022-02-03 00:00:00-05:00,242.95290740109166,246.27967520393452,234.11465092470792,236.11070251464844,188119900,0.0,0.0,META
2022-02-04 00:00:00-05:00,233.3400690713389,240.92707156537676,228.51378115281858,235.4453582763672,89342200,0.0,0.0,META
2022-02-07 00:00:00-05:00,236.05112549290544,236.6469694889334,222.45608752158304,223.349853515625,88613800,0.0,0.0,META
2022-02-08 00:00:00-05:00,219.31796869120927,224.203836812362,214.6505604884364,218.65260314941406,94729700,0.0,0.0,META
2022-02-09 00:00:00-05:00,222.6447597583816,231.75114721199498,220.6685737472987,230.39065551757812,86563300,0.0,0.0,META
2022-02-10 00:00:00-05:00,226.686524634217,233.36983524763434,225.12740824872546,226.4879150390625,49310400,0.0,0.0,META
2022-02-11 00:00:00-05:00,226.87523572809076,228.8216312035703,217.2524504549851,218.02703857421875,46156900,0.0,0.0,META
2022-02-14 00:00:00-05:00,217.7886667974301,219.46694586676406,213.29009215094842,216.18983459472656,38184000,0.0,0.0,META
2022-02-15 00:00:00-05:00,218.94061199946717,219.61588760053033,213.56813725848932,219.46693420410156,42685500,0.0,0.0,META
2022-02-16 00:00:00-05:00,210.93653210494622,215.95150368110467,210.8868759204417,215.03787231445312,45817500,0.0,0.0,META
2022-02-17 00:00:00-05:00,212.53535999533352,215.99121519564065,205.7229468087925,206.26913452148438,38747500,0.0,0.0,META
2022-02-18 00:00:00-05:00,207.9375094283715,209.2880760292688,203.75670655664874,204.72991943359375,37128400,0.0,0.0,META
2022-02-22 00:00:00-05:00,200.9363830884198,206.04072679270618,198.67220044312174,200.67819213867188,39852400,0.0,0.0,META
2022-02-23 00:00:00-05:00,202.74376108492856,205.50447522195893,196.67614508887834,197.0733642578125,44481400,0.0,0.0,META
2022-02-24 00:00:00-05:00,189.73463943279745,206.90470945781502,188.90047003925045,206.159912109375,49957200,0.0,0.0,META
2022-02-25 00:00:00-05:00,203.5183647840356,209.8541125423845,201.77056393873042,209.01992797851562,37627600,0.0,0.0,META
2022-02-28 00:00:00-05:00,206.23934870344502,211.67140537212006,205.39525411367887,209.5661163330078,34239800,0.0,0.0,META
2022-03-01 00:00:00-05:00,208.41414716725657,210.28111063720308,200.81722054189382,202.0784149169922,27094900,0.0,0.0,META
2022-03-02 00:00:00-05:00,203.3594495534795,207.69913021995131,200.61860099880352,206.66635131835938,29452100,0.0,0.0,META
2022-03-03 00:00:00-05:00,207.57006201226622,207.62964337626647,200.02277607812186,201.56202697753906,27263500,0.0,0.0,META
2022-03-04 00:00:00-05:00,200.96619957261413,204.46178636010308,197.411031416221,198.67222595214844,32130900,0.0,0.0,META
2022-03-07 00:00:00-05:00,199.39713300609475,199.49644537718342,185.98085599196915,186.16954040527344,38560600,0.0,0.0,META
2022-03-08 00:00:00-05:00,186.54692452981288,195.3355245860247,184.81898914057544,188.96998596191406,37508100,0.0,0.0,META
2022-03-09 00:00:00-05:00,194.38219787476945,197.71889086123977,192.5748155619996,197.123046875,31894700,0.0,0.0,META
2022-03-10 00:00:00-05:00,193.48843703641893,194.9184505190364,189.74459955125067,193.8558807373047,24853000,0.0,0.0,META
2022-03-11 00:00:00-05:00,191.303669263992,192.2172854703511,185.3750815218328,186.30856323242188,34694500,0.0,0.0,META
2022-03-14 00:00:00-04:00,185.73260739881346,190.95611432836714,184.53100942336172,185.33538818359375,31010500,0.0,0.0,META
2022-03-15 00:00:00-04:00,189.4764431200351,190.94617226993915,184.62036515153324,190.69790649414062,31721700,0.0,0.0,META
2022-03-16 00:00:00-04:00,193.34939124128513,202.31675022563442,193.17064714865197,202.2174530029297,40640300,0.0,0.0,META
2022-03-17 00:00:00-04:00,200.30081726148748,206.59683345944606,199.7149136896044,206.39822387695312,29499700,0.0,0.0,META
2022-03-18 00:00:00-04:00,205.26612469285288,215.29606732880725,204.57098360439667,214.98822021484375,52128000,0.0,0.0,META
2022-03-21 00:00:00-04:00,213.01203315188104,213.22058306841436,206.189694561412,210.02291870117188,30142300,0.0,0.0,META
2022-03-22 00:00:00-04:00,209.9037381409255,217.93762996556708,208.72199065254847,215.14710998535156,31998800,0.0,0.0,META
2022-03-23 00:00:00-04:00,211.85016024926963,215.2960905373746,210.68827820054256,211.97926330566406,23717300,0.0,0.0,META
2022-03-24 00:00:00-04:00,213.5085543588696,219.1392199973298,213.30000445243496,218.04685974121094,31502300,0.0,0.0,META
2022-03-25 00:00:00-04:00,218.98035503124117,223.9357457242786,217.37159753839384,220.28128051757812,40039000,0.0,0.0,META
2022-03-28 00:00:00-04:00,220.58912249182504,222.48586159323668,218.01707741553452,222.0389862060547,26224100,0.0,0.0,META
2022-03-29 00:00:00-04:00,224.50180014859438,229.28835679181603,223.7271969282728,228.2655029296875,31417900,0.0,0.0,META
2022-03-30 00:00:00-04:00,227.32208418810893,229.546535896173,225.13734833785708,226.26943969726562,25588000,0.0,0.0,META
2022-03-31 00:00:00-04:00,226.86527101996631,226.9050020311638,220.7182077665488,220.81752014160156,24192300,0.0,0.0,META
2022-04-01 00:00:00-04:00,222.99233071349855,225.7033888379623,221.15515784665132,223.29025268554688,19544800,0.0,0.0,META
2022-04-04 00:00:00-04:00,224.41239943888382,232.72434805076864,224.29323671351824,232.2675323486328,28054800,0.0,0.0,META
2022-04-05 00:00:00-04:00,232.45621733585187,235.2169316018234,229.4174466080516,230.23175048828125,29727200,0.0,0.0,META
2022-04-06 00:00:00-04:00,225.33596570060982,227.40153889568887,219.8741183102283,221.75100708007812,28995100,0.0,0.0,META
2022-04-07 00:00:00-04:00,222.37660944612904,223.95559126819157,217.04386552632997,221.40341186523438,21037200,0.0,0.0,META
2022-04-08 00:00:00-04:00,220.83739117412068,223.56831487406782,218.50368667844387,220.78773498535156,18375700,0.0,0.0,META
2022-04-11 00:00:00-04:00,216.90484555322809,219.07965621752902,213.72704658954345,214.9584503173828,20516600,0.0,0.0,META
2022-04-12 00:00:00-04:00,218.71224794767295,220.48982443539919,211.65156788222686,212.65455627441406,20128800,0.0,0.0,META
2022-04-13 00:00:00-04:00,210.35066381723541,215.10743009321757,209.864057372154,213.49867248535156,19231800,0.0,0.0,META
2022-04-14 00:00:00-04:00,213.3993497039803,213.49866208481365,208.54327127888956,208.72201538085938,18379500,0.0,0.0,META
2022-04-18 00:00:00-04:00,208.543274705327,211.89983321381135,206.85507027401516,209.3079376220703,16580800,0.0,0.0,META
2022-04-19 00:00:00-04:00,209.0596443485752,216.91476181408353,207.55018422051188,215.8025360107422,20089900,0.0,0.0,META
2022-04-20 00:00:00-04:00,212.12819758778258,212.674385292964,197.54009903644246,199.02969360351562,43036500,0.0,0.0,META
2022-04-21 00:00:00-04:00,200.20153948544436,201.56203116820575,184.29266339015666,186.76539611816406,49954100,0.0,0.0,META
2022-04-22 00:00:00-04:00,189.0494565782136,191.38316140681135,181.99871620245432,182.8328857421875,36426800,0.0,0.0,META
2022-04-25 00:00:00-04:00,181.46241266801752,185.88154035079478,180.39984305017538,185.69287109375,29281100,0.0,0.0,META
2022-04-26 00:00:00-04:00,185.33536941679247,185.89148232296554,178.2548247330513,179.69476318359375,31747400,0.0,0.0,META
2022-04-27 00:00:00-04:00,173.22000731030988,179.95298977063828,167.82768138880363,173.7364044189453,71062900,0.0,0.0,META
2022-04-28 00:00:00-04:00,201.51236675769346,207.08345147435523,191.5618700393527,204.30287170410156,100890600,0.0,0.0,META
2022-04-29 00:00:00-04:00,203.04168818781721,211.00604334340784,198.51330772123916,199.07936096191406,49193400,0.0,0.0,META
2022-05-02 00:00:00-04:00,199.77451976842804,210.41023318222747,199.59577566794923,209.66543579101562,49915300,0.0,0.0,META
2022-05-03 00:00:00-04:00,208.9901168800485,213.40924444391214,206.6464874642892,210.5591583251953,41556300,0.0,0.0,META
2022-05-04 00:00:00-04:00,209.18873471344116,222.74405503982925,205.52434462463904,221.8602294921875,41375900,0.0,0.0,META
2022-05-05 00:00:00-04:00,217.22262091760084,218.64269383122198,204.72988570563564,206.83517456054688,41129200,0.0,0.0,META
2022-05-06 00:00:00-04:00,205.90168775625787,207.92754485018818,199.6255372022785,202.35646057128906,34747200,0.0,0.0,META
2022-05-09 00:00:00-04:00,198.45374711598748,201.1648205739182,194.22330332061387,194.84893798828125,36303200,0.0,0.0,META
2022-05-10 00:00:00-04:00,198.12601337505205,201.55209318806584,192.84292556927107,196.27891540527344,34452500,0.0,0.0,META
2022-05-11 00:00:00-04:00,194.96808586619244,199.27797620782732,186.9639994737446,187.4307403564453,31153400,0.0,0.0,META
2022-05-12 00:00:00-04:00,185.76239443568494,196.67616414549158,183.49821161690798,189.9134063720703,38262200,0.0,0.0,META
2022-05-13 00:00:00-04:00,191.24410785549279,198.503397232515,189.953122698784,197.24220275878906,24549800,0.0,0.0,META
2022-05-16 00:00:00-04:00,195.68310969161757,203.94538776702177,194.57086858599118,198.65235900878906,27112600,0.0,0.0,META
2022-05-17 00:00:00-04:00,200.717915455325,204.0347578335047,196.98400353286522,201.21444702148438,24872700,0.0,0.0,META
2022-05-18 00:00:00-04:00,198.61262813981287,199.60569128051193,190.3006945011028,190.90646362304688,23960000,0.0,0.0,META
2022-05-19 00:00:00-04:00,189.87365591452544,193.93528023328804,188.2847640946148,189.96302795410156,24446900,0.0,0.0,META
2022-05-20 00:00:00-04:00,193.61755238464488,196.537160904653,186.56679690907504,192.1974639892578,31465600,0.0,0.0,META
2022-05-23 00:00:00-04:00,193.83599542267453,195.62351209328918,189.91339907653796,194.8687744140625,25059200,0.0,0.0,META
2022-05-24 00:00:00-04:00,179.29754438158685,182.4058215571146,174.88834182641335,180.02247619628906,50406300,0.0,0.0,META
2022-05-25 00:00:00-04:00,179.14859492045568,184.16356710269176,178.07610000083076,182.5548095703125,28030200,0.0,0.0,META
2022-05-26 00:00:00-04:00,181.61138743549637,191.49236240543442,180.99567799980568,190.30068969726562,23056500,0.0,0.0,META
2022-05-27 00:00:00-04:00,190.0325607294829,193.97502255882603,188.48338467468687,193.7764129638672,22562700,0.0,0.0,META
2022-05-31 00:00:00-04:00,193.53809725784882,196.22930534754266,190.67807023307347,192.29676818847656,26131100,0.0,0.0,META
2022-06-01 00:00:00-04:00,195.1468225764307,198.1458773543672,183.7166718529617,187.3314208984375,36623500,0.0,0.0,META
2022-06-02 00:00:00-04:00,187.14273921918476,199.54610286315108,186.42773257091963,197.48052978515625,31951600,0.0,0.0,META
2022-06-03 00:00:00-04:00,194.6205141545029,195.2461487952102,188.46352558358373,189.4565887451172,19465000,0.0,0.0,META
2022-06-06 00:00:00-04:00,192.64430540145412,195.55397284757993,187.09307146808337,192.90249633789062,30574200,0.0,0.0,META
2022-06-07 00:00:00-04:00,190.59861971005478,195.16671665918022,190.16168461446182,194.29281616210938,18828700,0.0,0.0,META
2022-06-08 00:00:00-04:00,193.31958919038397,200.628534111621,193.06139824300615,195.2759246826172,22267200,0.0,0.0,META
2022-06-09 00:00:00-04:00,192.9323054091504,198.0664400188012,182.40583007585803,182.72361755371094,23501600,0.0,0.0,META
2022-06-10 00:00:00-04:00,181.7702799166873,181.82987643665223,173.8059240304574,174.35211181640625,27450800,0.0,0.0,META
2022-06-13 00:00:00-04:00,169.4066517176232,171.38285298811775,162.89215939372417,163.1205596923828,31749300,0.0,0.0,META
2022-06-14 00:00:00-04:00,164.87828673909902,165.5932934763899,160.24068327688394,162.59423828125,27244300,0.0,0.0,META
2022-06-15 00:00:00-04:00,166.04015237028412,170.96575216430253,162.84248787819953,168.1752471923828,30008300,0.0,0.0,META
2022-06-16 00:00:00-04:00,162.58431031260895,163.93487688731022,158.50281990437463,159.7540740966797,26944100,0.0,0.0,META
2022-06-17 00:00:00-04:00,160.55843379168454,164.74916126130907,158.79078269630057,162.60415649414062,31374200,0.0,0.0,META
2022-06-21 00:00:00-04:00,164.77896178821595,166.59626917748903,154.88806126492062,155.9605712890625,50724900,0.0,0.0,META
2022-06-22 00:00:00-04:00,157.28133881462222,159.67460937224337,154.36173087266783,154.76889038085938,47267800,0.0,0.0,META
2022-06-23 00:00:00-04:00,155.1859958737986,158.64185168649269,153.18000389759936,157.64878845214844,40499200,0.0,0.0,META
2022-06-24 00:00:00-04:00,160.60809926890386,169.0690015635416,160.18108938711842,168.97962951660156,68736000,0.0,0.0,META
2022-06-27 00:00:00-04:00,170.13159273167577,170.5586026293299,166.8445408491839,168.3142852783203,29174600,0.0,0.0,META
2022-06-28 00:00:00-04:00,168.72142760981015,170.11172514854024,159.49587736831415,159.5653839111328,27744500,0.0,0.0,META
2022-06-29 00:00:00-04:00,162.4353516237137,165.17620054541592,159.20789628875934,162.8027801513672,28595200,0.0,0.0,META
2022-06-30 00:00:00-04:00,161.0251746738575,164.08381082254584,157.39057526508302,160.1314239501953,35250600,0.0,0.0,META
2022-07-01 00:00:00-04:00,159.19796310685604,159.50581028200295,153.9247998088432,158.91990661621094,31423900,0.0,0.0,META
2022-07-05 00:00:00-04:00,157.0430120915462,167.08288153776365,155.930786168884,167.02330017089844,28618600,0.0,0.0,META
2022-07-06 00:00:00-04:00,167.0332296710171,170.39971336251205,164.31224616080019,168.59234619140625,23085900,0.0,0.0,META
2022-07-07 00:00:00-04:00,168.27454597600874,171.52186668535077,166.61613235121607,170.99554443359375,24083400,0.0,0.0,META
2022-07-08 00:00:00-04:00,168.800875159169,171.20408623734986,166.98356772070983,169.69464111328125,19249200,0.0,0.0,META
2022-07-11 00:00:00-04:00,165.9110432194368,166.32812786243167,160.7868344861762,161.75010681152344,21885600,0.0,0.0,META
2022-07-12 00:00:00-04:00,163.65680602324343,164.75910669806157,160.9755386164519,162.13742065429688,16639700,0.0,0.0,META
2022-07-13 00:00:00-04:00,159.04902386269782,163.835581152306,158.50283600990446,162.35592651367188,16555100,0.0,0.0,META
2022-07-14 00:00:00-04:00,160.1016679295878,161.4621598143189,156.18899606667017,156.9536590576172,23765200,0.0,0.0,META
2022-07-15 00:00:00-04:00,159.42633397021643,163.83553629770498,158.71134252124213,163.55747985839844,23342800,0.0,0.0,META
2022-07-18 00:00:00-04:00,165.59326500501615,170.4989989384807,164.49096440396264,166.06993103027344,23574300,0.0,0.0,META
2022-07-19 00:00:00-04:00,169.1881631762132,175.26571992802639,168.3341282653375,174.56063842773438,25933700,0.0,0.0,META
2022-07-20 00:00:00-04:00,176.2587864045491,182.32640294171296,175.47425801947045,181.81993103027344,24784300,0.0,0.0,META
2022-07-21 00:00:00-04:00,179.3770096978159,182.5746743968108,177.6292087773565,181.89938354492188,27195800,0.0,0.0,META
2022-07-22 00:00:00-04:00,171.86945307838997,174.38190172971616,167.2417749894323,168.09580993652344,42583900,0.0,0.0,META
2022-07-25 00:00:00-04:00,167.8276618370209,169.38677815826725,163.66672507469772,165.49395751953125,26166300,0.0,0.0,META
2022-07-26 00:00:00-04:00,164.78889708215877,164.84847844507803,156.85431727302677,158.04598999023438,28468400,0.0,0.0,META
2022-07-27 00:00:00-04:00,161.46212428769684,169.68468546683903,160.8960862055005,168.4036407470703,43846600,0.0,0.0,META
2022-07-28 00:00:00-04:00,159.94277093827108,160.38964638783415,153.77585639782575,159.60513305664062,73214300,0.0,0.0,META
2022-07-29 00:00:00-04:00,156.5961304718885,159.0291321576182,154.09360709228082,157.99635314941406,42065400,0.0,0.0,META
2022-08-01 00:00:00-04:00,156.15917010521343,164.04409342402658,154.15317843083196,158.82057189941406,40596700,0.0,0.0,META
2022-08-02 00:00:00-04:00,157.2118176426038,161.11456352266092,156.91389568067768,159.0787811279297,27374500,0.0,0.0,META
2022-08-03 00:00:00-04:00,161.56142782042818,168.36390052817472,160.44920206857296,167.62904357910156,31721900,0.0,0.0,META
2022-08-04 00:00:00-04:00,167.1325373671115,170.95582154448263,165.64294258692857,169.3867950439453,23938200,0.0,0.0,META
2022-08-05 00:00:00-04:00,165.83162767132987,170.41957476345786,164.6498800499171,165.95079040527344,25832700,0.0,0.0,META
2022-08-08 00:00:00-04:00,166.83463828469164,176.27866503253315,165.97067804251648,169.06903076171875,27299100,0.0,0.0,META
2022-08-09 00:00:00-04:00,167.77801610097995,168.35399454612372,165.44432679109218,167.36093139648438,18655100,0.0,0.0,META
2022-08-10 00:00:00-04:00,174.7691854949126,179.2280292454022,172.74332822648657,177.10287475585938,30262100,0.0,0.0,META
2022-08-11 00:00:00-04:00,178.46340598134142,181.82988984283608,175.1465631607316,176.25880432128906,24079100,0.0,0.0,META
2022-08-12 00:00:00-04:00,179.5557414317746,180.20124155559793,177.6689275530866,179.24789428710938,21274000,0.0,0.0,META
2022-08-15 00:00:00-04:00,177.71857316609862,180.18136532983021,176.96383553717615,179.6351776123047,15878700,0.0,0.0,META
2022-08-16 00:00:00-04:00,178.1952459401866,179.7344967831318,175.81188539703066,178.22503662109375,21156700,0.0,0.0,META
2022-08-17 00:00:00-04:00,175.5338547714706,176.90428690663433,172.96182458838325,173.63711547851562,20118100,0.0,0.0,META
2022-08-18 00:00:00-04:00,173.1306377897958,174.54078574100586,170.66784525197417,173.44842529296875,18844500,0.0,0.0,META
2022-08-19 00:00:00-04:00,169.0193585513689,171.12466290092638,165.89121544108187,166.79490661621094,26240800,0.0,0.0,META
2022-08-22 00:00:00-04:00,164.34202175823924,164.34202175823924,161.13441695931127,161.9189453125,19499700,0.0,0.0,META
2022-08-23 00:00:00-04:00,161.3528927591669,163.90507227097777,159.58524160395055,159.99240112304688,18111800,0.0,0.0,META
2022-08-24 00:00:00-04:00,159.48595067474253,164.31223827227942,158.66170642781384,162.1274871826172,20891500,0.0,0.0,META
2022-08-25 00:00:00-04:00,164.0341436741475,167.7084889997073,162.88220207802408,167.6091766357422,15550500,0.0,0.0,META
2022-08-26 00:00:00-04:00,167.31129680993618,169.73437363236965,160.54853831222465,160.65777587890625,24023600,0.0,0.0,META
2022-08-29 00:00:00-04:00,159.5455264556274,161.91894673546284,157.90696319573627,158.06585693359375,20052700,0.0,0.0,META
2022-08-30 00:00:00-04:00,159.23768284651592,160.53859315412387,154.82848001713788,156.06980895996094,19567900,0.0,0.0,META
2022-08-31 00:00:00-04:00,165.91107021908033,166.67571794587022,161.0152609370121,161.79977416992188,40953000,0.0,0.0,META
2022-09-01 00:00:00-04:00,162.4452548742399,166.19903197568158,159.2376654786566,164.21290588378906,30145700,0.0,0.0,META
2022-09-02 00:00:00-04:00,166.28844731724544,166.76511346060795,158.11554056357707,159.20791625976562,22634200,0.0,0.0,META
2022-09-06 00:00:00-04:00,158.98942262661697,160.56838946048592,156.5961367043225,157.4402313232422,19339800,0.0,0.0,META
2022-09-07 00:00:00-04:00,156.66562873223995,159.8434427650851,155.72222182065045,159.2773895263672,16831200,0.0,0.0,META
2022-09-08 00:00:00-04:00,157.60905392509943,161.104625185907,156.6457814896264,160.93580627441406,22530800,0.0,0.0,META
2022-09-09 00:00:00-04:00,162.11757181554066,168.36393284637623,161.88917151614353,167.9766387939453,22086800,0.0,0.0,META
2022-09-12 00:00:00-04:00,166.228832262736,170.20108467611442,166.11959471525049,167.78794860839844,23220400,0.0,0.0,META
2022-09-13 00:00:00-04:00,160.41938162398603,160.50876880535583,151.61091814221155,152.06773376464844,44444100,0.0,0.0,META
2022-09-14 00:00:00-04:00,152.26639457194455,152.4749293751391,148.01608494490932,150.41929626464844,43064200,0.0,0.0,META
2022-09-15 00:00:00-04:00,148.76085427407986,153.1303258195217,147.6684788112493,148.51258850097656,34606300,0.0,0.0,META
2022-09-16 00:00:00-04:00,147.02299299091143,147.5493152145355,143.28906608768818,145.2751922607422,40122800,0.0,0.0,META
2022-09-19 00:00:00-04:00,144.23249552916624,147.54932277133344,144.09346729604968,146.9932098388672,22169500,0.0,0.0,META
2022-09-20 00:00:00-04:00,144.76873672743025,147.80750737262215,144.2126238188906,145.0765838623047,23217400,0.0,0.0,META
2022-09-21 00:00:00-04:00,145.37450849074926,148.56224775043975,141.01496203125282,141.13412475585938,38338600,0.0,0.0,META
2022-09-22 00:00:00-04:00,140.56809023965945,143.577070336103,139.89279942616923,141.82928466796875,34418500,0.0,0.0,META
2022-09-23 00:00:00-04:00,140.43896225758382,141.63063478131042,137.92651417613962,139.43597412109375,31710700,0.0,0.0,META
2022-09-26 00:00:00-04:00,139.14802924338096,141.25333381141166,135.2452976216839,135.42404174804688,30497000,0.0,0.0,META
2022-09-27 00:00:00-04:00,136.96326843093527,138.45286316247478,133.18962541378022,133.46768188476562,30826500,0.0,0.0,META
2022-09-28 00:00:00-04:00,133.68616806769387,141.0447702879112,133.33860502663492,140.627685546875,32658500,0.0,0.0,META
2022-09-29 00:00:00-04:00,138.39326272953332,138.86992873512628,134.26211693989015,135.46372985839844,38985400,0.0,0.0,META
2022-09-30 00:00:00-04:00,135.1062437159562,140.0119780697595,134.56005595639368,134.73880004882812,33166400,0.0,0.0,META
2022-10-03 00:00:00-04:00,136.18866414251312,138.651456228818,135.1558852524302,137.64846801757812,27723100,0.0,0.0,META
2022-10-04 00:00:00-04:00,139.51544995703262,141.4022639154571,138.37341822182503,139.30690002441406,34670700,0.0,0.0,META
2022-10-05 00:00:00-04:00,137.2810426926311,139.2373781305464,133.84503784216344,138.01589965820312,27979300,0.0,0.0,META
2022-10-06 00:00:00-04:00,136.76465957644757,140.46878091958473,135.6524336864408,138.1053009033203,36231100,0.0,0.0,META
2022-10-07 00:00:00-04:00,135.8113133948686,137.3306988296089,131.5212883888198,132.52427673339844,33214800,0.0,0.0,META
2022-10-10 00:00:00-04:00,132.62358250842252,135.1658216673534,130.9552285897862,132.86190795898438,24024000,0.0,0.0,META
2022-10-11 00:00:00-04:00,130.70695919793616,131.73975329829742,126.10907981380274,127.64832305908203,38481400,0.0,0.0,META
2022-10-12 00:00:00-04:00,127.42986620800094,128.77049232167374,125.37421828625249,126.61554718017578,34605200,0.0,0.0,META
2022-10-13 00:00:00-04:00,122.67308358829318,130.2302943889548,121.68002048782748,129.3861846923828,34325700,0.0,0.0,META
2022-10-14 00:00:00-04:00,130.09126942927062,130.87578263105397,125.64234329376768,125.88068389892578,23559400,0.0,0.0,META
2022-10-17 00:00:00-04:00,129.39612223902975,133.85496576636612,129.27694436553693,133.11016845703125,29612200,0.0,0.0,META
2022-10-18 00:00:00-04:00,136.13903401056328,136.88383143003554,130.48850183036296,131.87879943847656,25445000,0.0,0.0,META
2022-10-19 00:00:00-04:00,131.9681787716448,136.04966946161085,131.30282819190106,132.30581665039062,30691000,0.0,0.0,META
2022-10-20 00:00:00-04:00,132.00788188487778,135.82125603082707,130.39912437440867,130.6175994873047,26356300,0.0,0.0,META
2022-10-21 00:00:00-04:00,125.43380828954469,129.21737659439395,124.56984816879879,129.10813903808594,46348600,0.0,0.0,META
2022-10-24 00:00:00-04:00,126.36730755658232,132.55408780159703,123.70589755409995,128.82017517089844,63563400,0.0,0.0,META
2022-10-25 00:00:00-04:00,129.9721082704897,137.39029111902516,129.6841114749998,136.5561065673828,38433200,0.0,0.0,META
2022-10-26 00:00:00-04:00,130.76656248235753,134.60972759312372,127.6384192822142,128.9194793701172,82791500,0.0,0.0,META
2022-10-27 00:00:00-04:00,97.30032829256321,101.78897028259763,95.71142123185368,97.26060485839844,232316600,0.0,0.0,META
2022-10-28 00:00:00-04:00,98.88923256309111,100.15041945886574,96.83359209850978,98.5118637084961,95928300,0.0,0.0,META
2022-10-31 00:00:00-04:00,97.53866840882115,98.63103641008414,91.9576505148814,92.5137710571289,121361400,0.0,0.0,META
2022-11-01 00:00:00-04:00,93.6756441380607,96.81371959753587,92.90105613149628,94.53960418701172,110189600,0.0,0.0,META
2022-11-02 00:00:00-04:00,93.55648159280648,94.53961202289622,89.85236016179088,89.91194152832031,71821100,0.0,0.0,META
2022-11-03 00:00:00-04:00,89.4551176811427,89.83247889708458,87.7967042742416,88.2932357788086,60664000,0.0,0.0,META
2022-11-04 00:00:00-04:00,89.72325941932384,90.75604606587727,87.47893444553524,90.16020965576172,55638100,0.0,0.0,META
2022-11-07 00:00:00-05:00,94.1225197898974,96.20795079311442,92.45417347202974,96.04906463623047,81987300,0.0,0.0,META
2022-11-08 00:00:00-05:00,95.2546239561724,97.12158769227108,94.13246522493209,95.80081176757812,52088300,0.0,0.0,META
2022-11-09 00:00:00-05:00,101.01439435093836,104.17233576863617,100.04118903856578,100.76612854003906,107677300,0.0,0.0,META
2022-11-10 00:00:00-05:00,106.37692885293671,111.96787173860783,103.88433818993818,111.09397888183594,80671000,0.0,0.0,META
2022-11-11 00:00:00-05:00,108.47228980898205,114.10295597850015,108.05519753324442,112.23599243164062,59961700,0.0,0.0,META
2022-11-14 00:00:00-05:00,110.22007605616892,115.46344823592956,110.03139921110841,113.42767333984375,53395000,0.0,0.0,META
2022-11-15 00:00:00-05:00,115.26484160335141,117.9163184434814,113.61636068428409,116.26783752441406,50670500,0.0,0.0,META
2022-11-16 00:00:00-05:00,113.70572106198635,115.27476252468793,111.87848865717179,112.44453430175781,33287800,0.0,0.0,META
2022-11-17 00:00:00-05:00,109.64410848040296,111.55078795269303,109.03833933923725,110.67688751220703,35093800,0.0,0.0,META
2022-11-18 00:00:00-05:00,113.01059621140104,113.52698574641832,109.85265490381686,111.27273559570312,33357700,0.0,0.0,META
2022-11-21 00:00:00-05:00,110.74639649912582,111.59050621756411,108.43256517321927,109.09791564941406,24351100,0.0,0.0,META
2022-11-22 00:00:00-05:00,109.09792757013905,110.84572098462105,107.5686092795262,110.6669692993164,29029000,0.0,0.0,META
2022-11-23 00:00:00-05:00,110.94500580829292,111.88841268073267,109.96187550444402,111.46139526367188,21343100,0.0,0.0,META
2022-11-25 00:00:00-05:00,110.52792371008826,111.94800421594746,110.24985968376664,110.63716125488281,12007600,0.0,0.0,META
2022-11-28 00:00:00-05:00,110.0115321403808,111.26279380344529,107.62817911717663,108.02540588378906,23309400,0.0,0.0,META
2022-11-29 00:00:00-05:00,108.78014572827324,110.17043574773703,107.78708251100926,108.70069885253906,23899200,0.0,0.0,META
2022-11-30 00:00:00-05:00,108.75034544287803,117.34034302913078,108.62124238709019,117.28075408935547,43348600,0.0,0.0,META
2022-12-01 00:00:00-05:00,118.37311144985567,120.35923753174231,117.57866556298286,119.6045150756836,36551400,0.0,0.0,META
2022-12-02 00:00:00-05:00,117.01262853139106,123.17954955964963,116.7941534340937,122.63336181640625,39950500,0.0,0.0,META
2022-12-05 00:00:00-05:00,120.905428177411,123.80517050918586,120.50820143607213,121.5807113647461,35474900,0.0,0.0,META
2022-12-06 00:00:00-05:00,119.0781976583812,119.71375742399132,112.9509926915763,113.32836151123047,43689200,0.0,0.0,META
2022-12-07 00:00:00-05:00,112.97086766493533,115.07615672380238,112.09696723162085,113.13968658447266,29461100,0.0,0.0,META
2022-12-08 00:00:00-05:00,115.58261271516358,116.52601962232978,113.79509611830431,114.52996826171875,30619400,0.0,0.0,META
2022-12-09 00:00:00-05:00,114.50019475944286,116.7246542986782,113.08011402123863,115.09603118896484,26033400,0.0,0.0,META
2022-12-12 00:00:00-05:00,114.38100170715738,114.91725666007584,112.3551521882887,113.91426086425781,24747100,0.0,0.0,META
2022-12-13 00:00:00-05:00,121.28279669381777,122.44468630785089,117.81700850997686,119.31653594970703,44701100,0.0,0.0,META
2022-12-14 00:00:00-05:00,118.56181549227547,123.27886571815174,118.56181549227547,120.74655151367188,36922000,0.0,0.0,META
2022-12-15 00:00:00-05:00,117.50915421135193,117.80706858474572,113.21912207683988,115.34427642822266,34531000,0.0,0.0,META
2022-12-16 00:00:00-05:00,119.39599321133228,122.454622143585,117.99577044689154,118.6015396118164,67064000,0.0,0.0,META
2022-12-19 00:00:00-05:00,116.01957187119426,116.98284435751376,113.53691394829686,113.68587493896484,29769900,0.0,0.0,META
2022-12-20 00:00:00-05:00,112.47434454955203,116.51611162846854,111.67989092791186,116.27777099609375,28742500,0.0,0.0,META
2022-12-21 00:00:00-05:00,115.8904666033582,119.50521586414342,114.81796415920795,118.92924499511719,20392800,0.0,0.0,META
2022-12-22 00:00:00-05:00,116.38698780977433,117.79714311561598,113.58655027861963,116.30754852294922,23618100,0.0,0.0,META
2022-12-23 00:00:00-05:00,115.22511707731186,117.3602043835439,114.7385182510215,117.22117614746094,17796600,0.0,0.0,META
2022-12-27 00:00:00-05:00,117.11194086388592,117.77729137467526,115.2449848171056,116.06922149658203,21392300,0.0,0.0,META
2022-12-28 00:00:00-05:00,115.44358969536862,117.33041117127519,114.70872509527865,114.81796264648438,19612500,0.0,0.0,META
2022-12-29 00:00:00-05:00,115.59254934920521,120.19042889376358,114.96691473106002,119.42577362060547,22366200,0.0,0.0,META
2022-12-30 00:00:00-05:00,117.34034806387496,119.58466537798836,116.92325577343314,119.50521850585938,19583800,0.0,0.0,META
2023-01-03 00:00:00-05:00,121.9680154005033,125.49339260262421,121.4317603919951,123.87469482421875,35528500,0.0,0.0,META
2023-01-04 00:00:00-05:00,126.4963830012802,128.15480424194706,124.97699757381477,126.48645782470703,32397100,0.0,0.0,META
2023-01-05 00:00:00-05:00,125.25505429699473,127.62848223213497,123.67608750105978,126.05944061279297,25447100,0.0,0.0,META
2023-01-06 00:00:00-05:00,128.07536832739842,129.4259349510134,125.1656927072315,129.1180877685547,27584500,0.0,0.0,META
2023-01-09 00:00:00-05:00,130.25016326294266,132.0277395914627,128.38319973683383,128.57188415527344,26649100,0.0,0.0,META
2023-01-10 00:00:00-05:00,126.38714433308007,132.51434975414818,126.26798160348737,132.06747436523438,28684400,0.0,0.0,META
2023-01-11 00:00:00-05:00,130.05155039539636,132.9215021516353,129.4358409686768,131.96815490722656,25423000,0.0,0.0,META
2023-01-12 00:00:00-05:00,132.5143372630711,136.72491494315477,130.84598344132982,135.76165771484375,30757700,0.0,0.0,META
2023-01-13 00:00:00-05:00,134.03373369283793,136.43694468179817,133.90463063523947,136.02978515625,22423800,0.0,0.0,META
2023-01-17 00:00:00-05:00,135.23532436232162,135.8013775971984,133.31871987147267,134.4210205078125,21147600,0.0,0.0,META
2023-01-18 00:00:00-05:00,134.86789893919627,136.29791224625038,131.87878442440996,132.09725952148438,20215500,0.0,0.0,META
2023-01-19 00:00:00-05:00,131.57092158651824,136.49650555322395,131.22334347729372,135.2055206298828,28625200,0.0,0.0,META
2023-01-20 00:00:00-05:00,134.9473578036574,138.96926679906724,133.67623811836893,138.40321350097656,28688600,0.0,0.0,META
2023-01-23 00:00:00-05:00,138.32375154454283,142.76274478209868,137.6981321000071,142.27615356445312,27470100,0.0,0.0,META
2023-01-24 00:00:00-05:00,140.70711051189517,143.99414688881774,140.37939787648503,142.1470489501953,21970200,0.0,0.0,META
2023-01-25 00:00:00-05:00,140.2403761535725,142.17684622265583,139.33668507035335,140.5184326171875,26622000,0.0,0.0,META
2023-01-26 00:00:00-05:00,143.3983061489729,146.48673300837004,142.3059458263939,146.2781982421875,25482100,0.0,0.0,META
2023-01-27 00:00:00-05:00,147.21168740816768,152.12734699001797,146.3675776660674,150.68740844726562,35771900,0.0,0.0,META
2023-01-30 00:00:00-05:00,148.3735602855576,150.07168968806806,145.93061841073978,146.03985595703125,28040100,0.0,0.0,META
2023-01-31 00:00:00-05:00,146.92368635959087,148.84030607097574,146.4966764891175,147.93661499023438,29842100,0.0,0.0,META
2023-02-01 00:00:00-05:00,147.00314280993058,152.51464654526134,146.03987030335287,152.05783081054688,55661000,0.0,0.0,META
2023-02-02 00:00:00-05:00,182.10793083625816,195.79234024734723,178.91026618373948,187.46054077148438,150475700,0.0,0.0,META
2023-02-03 00:00:00-05:00,182.19728289326244,195.4050247713877,181.62130449358847,185.23605346679688,76809700,0.0,0.0,META
2023-02-06 00:00:00-05:00,185.23605849534317,189.37712979649177,184.2330702212179,184.76931762695312,42483800,0.0,0.0,META
2023-02-07 00:00:00-05:00,184.29264668049973,192.4357608385614,183.12082437626285,190.29074096679688,47080700,0.0,0.0,META
2023-02-08 00:00:00-05:00,188.68201008412757,189.50625436758497,181.65112073211336,182.15757751464844,36139100,0.0,0.0,META
2023-02-09 00:00:00-05:00,184.83886197746415,185.3552439417176,176.04032124262613,176.68580627441406,37118800,0.0,0.0,META
2023-02-10 00:00:00-05:00,175.12667589321265,177.64904938681158,172.14748672680432,172.94192504882812,33433600,0.0,0.0,META
2023-02-13 00:00:00-05:00,176.98368972678773,179.74440366476279,174.60034457914875,178.18528747558594,31463200,0.0,0.0,META
2023-02-14 00:00:00-05:00,175.93108652361,180.25090250837437,174.659966793786,178.2349853515625,24034600,0.0,0.0,META
2023-02-15 00:00:00-05:00,175.1961734537621,176.95389921473284,174.11373841544983,175.93104553222656,25308900,0.0,0.0,META
2023-02-16 00:00:00-05:00,171.55166735716432,174.63016933039438,170.59832002033082,171.2438201904297,25827500,0.0,0.0,META
2023-02-17 00:00:00-05:00,169.03920410116666,171.97866242641902,168.5228070402124,171.68075561523438,24171300,0.0,0.0,META
2023-02-21 00:00:00-05:00,173.10083331965035,176.9340576419765,170.68769716550068,170.8863067626953,34592600,0.0,0.0,META
2023-02-22 00:00:00-05:00,169.88331184819478,171.5615757592957,168.51287992078773,169.93295288085938,22433200,0.0,0.0,META
2023-02-23 00:00:00-05:00,170.8068570183825,172.48513611937082,168.20503648715976,170.84657287597656,20017800,0.0,0.0,META
2023-02-24 00:00:00-05:00,167.47016262504536,169.53573571664788,166.49696501797226,169.20802307128906,19791300,0.0,0.0,META
2023-02-27 00:00:00-05:00,170.68770143860985,171.91909006380854,167.88725604335212,168.36392211914062,19277000,0.0,0.0,META
2023-02-28 00:00:00-05:00,170.70755046716732,176.31836639072463,170.67775978472054,173.72647094726562,46051100,0.0,0.0,META
2023-03-01 00:00:00-05:00,173.3789079326183,176.61630380219518,171.84959720592275,172.21702575683594,30998400,0.0,0.0,META
2023-03-02 00:00:00-05:00,171.1842257694203,173.7959714755196,170.24080368144263,173.31930541992188,17352000,0.0,0.0,META
2023-03-03 00:00:00-05:00,177.67884419711405,185.32542687141702,175.82182108915276,183.96493530273438,45877700,0.0,0.0,META
2023-03-06 00:00:00-05:00,186.6958879501446,188.3443765549212,183.35919487853496,183.6173858642578,33209400,0.0,0.0,META
2023-03-07 00:00:00-05:00,187.68891528456678,189.03948163029818,182.73352524077848,183.2300567626953,36701500,0.0,0.0,META
2023-03-08 00:00:00-05:00,181.6014509997279,183.97487129085047,180.08206561247465,183.6868896484375,19432400,0.0,0.0,META
2023-03-09 00:00:00-05:00,185.05733517601084,187.61942492227118,179.04929972715175,180.42965698242188,26582800,0.0,0.0,META
2023-03-10 00:00:00-05:00,179.7543499292982,183.48827695906897,177.55968891934018,178.26475524902344,25665000,0.0,0.0,META
2023-03-13 00:00:00-04:00,176.72554828178457,182.5051687018514,173.6073301833086,179.6451416015625,24728000,0.0,0.0,META
2023-03-14 00:00:00-04:00,186.2787741315394,192.97202473741814,185.26584554838433,192.67410278320312,41642600,0.0,0.0,META
2023-03-15 00:00:00-04:00,191.61152878670697,196.4080255450834,189.51616496662461,196.37823486328125,42123600,0.0,0.0,META
2023-03-16 00:00:00-04:00,196.88467873646928,204.33265175894712,194.7297336936518,203.50840759277344,50447100,0.0,0.0,META
2023-03-17 00:00:00-04:00,199.16875745432947,200.49945853560095,194.07433827462287,194.2530975341797,50141100,0.0,0.0,META
2023-03-20 00:00:00-04:00,197.10315562016626,197.97705597837466,192.29673395590015,196.43780517578125,25186300,0.0,0.0,META
2023-03-21 00:00:00-04:00,201.79043897159778,202.1380171523649,196.57685717774208,200.75765991210938,31827000,0.0,0.0,META
2023-03-22 00:00:00-04:00,201.095277091243,205.9314895234594,198.28490670909648,198.42393493652344,28477800,0.0,0.0,META
2023-03-23 00:00:00-04:00,201.432932150443,206.43797907213462,200.7477161305615,202.86294555664062,27389700,0.0,0.0,META
2023-03-24 00:00:00-04:00,203.7566731929015,206.14003364990157,202.13799069467774,204.58091735839844,27716400,0.0,0.0,META
2023-03-27 00:00:00-04:00,203.38925794851974,204.4319772692873,199.9631931685185,201.43292236328125,18527200,0.0,0.0,META
2023-03-28 00:00:00-04:00,198.76158058225792,199.63548099076047,196.52718852656108,199.28790283203125,19127300,0.0,0.0,META
2023-03-29 00:00:00-04:00,202.14793034442258,204.29295036342754,201.13500169884674,203.92552185058594,18851100,0.0,0.0,META
2023-03-30 00:00:00-04:00,201.96917109089566,206.64648964330425,201.41305819873952,206.39822387695312,22608300,0.0,0.0,META
2023-03-31 00:00:00-04:00,205.8023942409932,210.69818785889007,205.33565339003295,210.46978759765625,25440300,0.0,0.0,META
2023-04-03 00:00:00-04:00,207.3913118002008,212.00906469957744,206.7557519682816,211.59197998046875,17924600,0.0,0.0,META
2023-04-04 00:00:00-04:00,211.9097235929772,214.7399593461134,211.0656139394623,213.23049926757812,21026400,0.0,0.0,META
2023-04-05 00:00:00-04:00,212.66446195233036,213.69725608698042,208.48367468576205,210.0129852294922,19396600,0.0,0.0,META
2023-04-06 00:00:00-04:00,207.79846352965933,215.43512155529157,207.2026195802258,214.6009521484375,26104400,0.0,0.0,META
2023-04-10 00:00:00-04:00,213.22058382610507,214.16399073590577,209.19867526017546,213.2602996826172,16106100,0.0,0.0,META
2023-04-11 00:00:00-04:00,213.9852291542091,214.52149170535768,211.92959644931315,212.36654663085938,16710100,0.0,0.0,META
2023-04-12 00:00:00-04:00,213.34965697645262,215.33578302945168,211.1053399916218,212.51548767089844,18972200,0.0,0.0,META
2023-04-13 00:00:00-04:00,214.23349515104934,219.61589525507537,214.1937792949306,218.8214569091797,23310400,0.0,0.0,META
2023-04-14 00:00:00-04:00,216.3686088464835,220.5692618228154,216.04089618124604,219.9535675048828,21591200,0.0,0.0,META
2023-04-17 00:00:00-04:00,218.26535363457387,219.4471012647374,215.62381704396694,217.34181213378906,15481900,0.0,0.0,META
2023-04-18 00:00:00-04:00,218.38451654561058,218.91083879225266,214.71018599535682,216.37852478027344,12281000,0.0,0.0,META
2023-04-19 00:00:00-04:00,211.98919349384875,215.82241788882212,211.45293090302494,214.20372009277344,15898100,0.0,0.0,META
2023-04-20 00:00:00-04:00,211.99912436985045,215.24644522576878,211.29405799455063,211.59197998046875,16475400,0.0,0.0,META
2023-04-21 00:00:00-04:00,208.7518211737734,211.9296203715316,208.12618651112626,211.41322326660156,17717200,0.0,0.0,META
2023-04-24 00:00:00-04:00,212.19771409502508,212.43605469201742,209.24833065429874,211.3138885498047,15750900,0.0,0.0,META
2023-04-25 00:00:00-04:00,209.35758075618784,209.79451581413423,205.69317530472057,206.11026000976562,19198200,0.0,0.0,META
2023-04-26 00:00:00-04:00,211.0259200488981,212.6247523316215,207.43103628335922,207.94741821289062,41992700,0.0,0.0,META
2023-04-27 00:00:00-04:00,238.22591187983951,240.0134285311485,235.12755978619774,236.90513610839844,71196500,0.0,0.0,META
2023-04-28 00:00:00-04:00,237.35201341308866,238.762161240327,234.11463306207162,238.65293884277344,39554000,0.0,0.0,META
2023-05-01 00:00:00-04:00,236.96473723497323,242.30742212922294,234.81973222744224,241.49310302734375,29143900,0.0,0.0,META
2023-05-02 00:00:00-04:00,241.4930850874803,243.2210203916547,237.3321632942295,237.58042907714844,24350100,0.0,0.0,META
2023-05-03 00:00:00-04:00,237.80883395896282,240.07301673078624,231.13544837265977,235.38575744628906,34463900,0.0,0.0,META
2023-05-04 00:00:00-04:00,234.42245890467396,236.54761320512407,231.31416673911798,231.90008544921875,17889400,0.0,0.0,META
2023-05-05 00:00:00-04:00,230.62898999634135,233.0520513390073,228.25556968851794,231.1652374267578,27000500,0.0,0.0,META
2023-05-08 00:00:00-04:00,229.81468249897824,233.98554488249752,228.67266588724453,231.65185546875,16400500,0.0,0.0,META
2023-05-09 00:00:00-04:00,229.8544052930158,234.24374263445586,229.4770364439114,231.7511444091797,16865600,0.0,0.0,META
2023-05-10 00:00:00-04:00,234.5317268391623,235.1077052956207,229.11953559789785,231.46316528320312,19119000,0.0,0.0,META
2023-05-11 00:00:00-04:00,231.4333745254559,236.55758411330328,230.6885771488365,234.15435791015625,20449000,0.0,0.0,META
2023-05-12 00:00:00-04:00,235.0977780320759,235.31625313958426,229.84446542827206,232.18809509277344,16161400,0.0,0.0,META
2023-05-15 00:00:00-04:00,235.276534169513,238.59336165807903,233.69756730047578,237.2030792236328,20653200,0.0,0.0,META
2023-05-16 00:00:00-04:00,234.15433502989876,237.97763391746344,233.8862189106324,237.163330078125,18163800,0.0,0.0,META
2023-05-17 00:00:00-04:00,236.7958781724835,242.14848733648358,236.48803105544425,240.807861328125,21193100,0.0,0.0,META
2023-05-18 00:00:00-04:00,239.62616082865472,245.37599027263568,239.5169232670551,245.13766479492188,22943300,0.0,0.0,META
2023-05-19 00:00:00-04:00,245.75334256589562,246.9648808389927,241.72150854192458,243.93603515625,21733600,0.0,0.0,META
2023-05-22 00:00:00-04:00,243.70762529469803,251.8110240364493,243.4196285026219,246.59744262695312,27738500,0.0,0.0,META
2023-05-23 00:00:00-04:00,245.09790314444322,249.8646090911643,244.93900941053306,245.0283966064453,17748100,0.0,0.0,META
2023-05-24 00:00:00-04:00,243.5785163383719,247.85861588162453,243.2508036965043,247.48126220703125,17724300,0.0,0.0,META
2023-05-25 00:00:00-04:00,251.64220015112937,253.8468015914283,247.44154720264257,250.9371337890625,22371400,0.0,0.0,META
2023-05-26 00:00:00-04:00,251.1754685062599,260.49040619358874,250.95700854244143,260.2222900390625,25727200,0.0,0.0,META
2023-05-30 00:00:00-04:00,263.4099867418485,266.7863952138384,259.4774653594547,260.69891357421875,23816500,0.0,0.0,META
2023-05-31 00:00:00-04:00,258.19640791321996,263.16172345001263,256.6571722191666,262.8836669921875,25473700,0.0,0.0,META
2023-06-01 00:00:00-04:00,264.0554877972459,272.0993054426767,264.04557777366057,270.71893310546875,25609500,0.0,0.0,META
2023-06-02 00:00:00-04:00,270.76860444692574,273.4399467678956,269.2392786971118,270.71893310546875,19416900,0.0,0.0,META
2023-06-05 00:00:00-04:00,268.4249199021339,273.6583813688135,267.690062971461,269.50738525390625,20742900,0.0,0.0,META
2023-06-06 00:00:00-04:00,268.26607538837465,274.6514637291308,267.81918487933905,269.2392578125,19419000,0.0,0.0,META
2023-06-07 00:00:00-04:00,269.785480795916,272.3475704025808,260.97698514947285,261.7714538574219,26163600,0.0,0.0,META
2023-06-08 00:00:00-04:00,258.8121074074924,265.79333998070234,257.0841872637423,262.74462890625,20899400,0.0,0.0,META
2023-06-09 00:00:00-04:00,260.65916343027135,266.09121875819227,259.8845755729935,263.1120300292969,16949800,0.0,0.0,META
2023-06-12 00:00:00-04:00,265.31667943229814,269.8648950557806,263.48941667516516,269.16973876953125,15442500,0.0,0.0,META
2023-06-13 00:00:00-04:00,272.9731990602745,273.8073684559375,267.22335503008594,269.4378967285156,16164000,0.0,0.0,META
2023-06-14 00:00:00-04:00,270.0039024348313,273.0823733626368,266.4586603982439,271.4537658691406,19175100,0.0,0.0,META
2023-06-15 00:00:00-04:00,270.4110790356921,282.01998948674196,269.5372089354566,279.8749694824219,25973500,0.0,0.0,META
2023-06-16 00:00:00-04:00,282.77473761942036,285.85323950718237,278.18679062357944,279.0507507324219,43127700,0.0,0.0,META
2023-06-20 00:00:00-04:00,276.79650603592376,282.8243763963911,274.30390780158746,282.3576354980469,20701600,0.0,0.0,META
2023-06-21 00:00:00-04:00,281.56321406215625,282.0299549886334,276.42906387090784,279.68634033203125,20556200,0.0,0.0,META
2023-06-22 00:00:00-04:00,277.1440545745205,283.2812079627255,275.86302491273386,282.9038391113281,17563100,0.0,0.0,META
2023-06-23 00:00:00-04:00,279.55722497559066,287.66062414590505,277.0149856640273,286.7271423339844,51092000,0.0,0.0,META
2023-06-26 00:00:00-04:00,286.69734660419147,287.7797818126023,275.674339459716,276.5382995605469,24232700,0.0,0.0,META
2023-06-27 00:00:00-04:00,280.0537901747979,287.3428711404125,278.703208331383,285.0588073730469,26108300,0.0,0.0,META
2023-06-28 00:00:00-04:00,282.8442637293146,287.5414332003297,282.08952601055387,283.3110046386719,16722100,0.0,0.0,META
2023-06-29 00:00:00-04:00,282.5264555414938,284.5821034580367,278.7428875068673,279.5770568847656,15395700,0.0,0.0,META
2023-06-30 00:00:00-04:00,282.7846868116461,287.04490612365464,282.44704896001576,284.9892883300781,19694900,0.0,0.0,META
2023-07-03 00:00:00-04:00,284.71119459265833,287.392446700968,282.8740218500381,284.035888671875,8629300,0.0,0.0,META
2023-07-05 00:00:00-04:00,285.65464698058673,296.0520207544327,284.3735868612731,292.3280334472656,33865500,0.0,0.0,META
2023-07-06 00:00:00-04:00,293.8374787010274,296.0519901953358,289.28923236805707,289.9645080566406,47600500,0.0,0.0,META
2023-07-07 00:00:00-04:00,290.1531659549426,294.14529896689464,286.657594793173,288.5146179199219,25586000,0.0,0.0,META
2023-07-10 00:00:00-04:00,293.4997988575209,296.06191872960335,285.0587621688762,292.05987548828125,37058300,0.0,0.0,META
2023-07-11 00:00:00-04:00,291.86126327728795,298.09769885118925,289.8751369122763,296.2208251953125,27585900,0.0,0.0,META
2023-07-12 00:00:00-04:00,299.6568071198081,307.30340553817604,298.01825897469564,307.19415283203125,36677100,0.0,0.0,META
2023-07-13 00:00:00-04:00,311.4444967143283,314.04631762297777,308.1376093722849,311.2359619140625,30281000,0.0,0.0,META
2023-07-14 00:00:00-04:00,309.6271747881225,312.69573635195104,305.227881905047,306.7274169921875,23054100,0.0,0.0,META
2023-07-17 00:00:00-04:00,305.4066498267778,309.54770619356174,302.59626413923417,308.46527099609375,25323100,0.0,0.0,META
2023-07-18 00:00:00-04:00,308.7234177323757,312.02039403168993,305.4860227861679,309.8852844238281,20731900,0.0,0.0,META
2023-07-19 00:00:00-04:00,310.8585322289493,316.46933252480835,308.3659342202433,313.81787109375,21763700,0.0,0.0,META
2023-07-20 00:00:00-04:00,311.32529185234506,313.35114912707894,300.12354093668733,300.42144775390625,23836900,0.0,0.0,META
2023-07-21 00:00:00-04:00,302.4572278736158,303.3410382508624,289.179979416503,292.21875,42139300,0.0,0.0,META
2023-07-24 00:00:00-04:00,293.7282143136056,295.45613447918595,286.30009111687883,289.5871276855469,24915700,0.0,0.0,META
2023-07-25 00:00:00-04:00,293.1422832172786,296.23069474608803,289.835366300053,292.4272766113281,19585600,0.0,0.0,META
2023-07-26 00:00:00-04:00,299.1006606584719,299.6766238894275,289.8750964937067,296.49884033203125,47256900,0.0,0.0,META
2023-07-27 00:00:00-04:00,322.86467915054084,323.0930945799738,307.690675775202,309.5476989746094,64229200,0.0,0.0,META
2023-07-28 00:00:00-04:00,314.68181979529624,323.9371745671294,312.07005916085666,323.22216796875,39220300,0.0,0.0,META
2023-07-31 00:00:00-04:00,321.4446418568017,323.40097764743524,315.3869500452548,316.38995361328125,25799600,0.0,0.0,META
2023-08-01 00:00:00-04:00,315.33728544494596,321.89150838566957,312.47725868492967,320.4714050292969,22817900,0.0,0.0,META
2023-08-02 00:00:00-04:00,315.79413630621855,316.18144554851443,308.4951148304162,312.1297302246094,20461100,0.0,0.0,META
2023-08-03 00:00:00-04:00,307.7800302287447,313.75828931012387,307.7800302287447,311.0174255371094,15180200,0.0,0.0,META
2023-08-04 00:00:00-04:00,312.77513072716664,316.2012103828058,308.0481712022811,308.5744934082031,17612800,0.0,0.0,META
2023-08-07 00:00:00-04:00,311.05715748858296,314.87051605492724,308.3063533786406,314.3640441894531,16236500,0.0,0.0,META
2023-08-08 00:00:00-04:00,312.2190228348617,315.684833553697,307.95877378317203,310.47125244140625,15183500,0.0,0.0,META
2023-08-09 00:00:00-04:00,310.70961186199514,311.45440924520847,300.749189402724,303.0928039550781,19955800,0.0,0.0,META
2023-08-10 00:00:00-04:00,305.8038611045428,310.1733327929032,301.7620869128098,303.6191101074219,14358900,0.0,0.0,META
2023-08-11 00:00:00-04:00,300.4711183412435,302.60619800831466,298.2764270049962,299.5475769042969,14046300,0.0,0.0,META
2023-08-14 00:00:00-04:00,298.89215897523803,304.08585987444496,296.1810856549344,304.0660095214844,15641900,0.0,0.0,META
2023-08-15 00:00:00-04:00,304.0163753659542,305.09881059151013,297.9487435991702,299.8554382324219,11623600,0.0,0.0,META
2023-08-16 00:00:00-04:00,298.11754145231623,298.9914114844194,292.2385948278113,292.24853515625,18547700,0.0,0.0,META
2023-08-17 00:00:00-04:00,291.0171397972553,293.9963292043832,282.9733526427155,283.11236572265625,23950100,0.0,0.0,META
2023-08-18 00:00:00-04:00,277.09439819859506,283.7082021437842,272.47666080114544,281.2851257324219,35347900,0.0,0.0,META
2023-08-21 00:00:00-04:00,281.4837682910043,288.4848515328741,279.8948611542594,287.8890075683594,20181500,0.0,0.0,META
2023-08-22 00:00:00-04:00,290.5206250923043,290.8682032711536,284.76087069322546,285.60498046875,12980200,0.0,0.0,META
2023-08-23 00:00:00-04:00,286.49877028386,295.33702784669055,285.6745410557622,292.1989440917969,18287000,0.0,0.0,META
2023-08-24 00:00:00-04:00,296.42932474789876,297.3826568041552,284.65161134996356,284.7608337402344,18360900,0.0,0.0,META
2023-08-25 00:00:00-04:00,284.145165887689,286.3894983198096,274.1152219434127,283.51953125,23701400,0.0,0.0,META
2023-08-28 00:00:00-04:00,286.00218856847266,289.4282685747188,283.8174375056661,288.24652099609375,14239300,0.0,0.0,META
2023-08-29 00:00:00-04:00,286.57815408473397,297.074838985224,286.1809348809312,295.9228820800781,20844500,0.0,0.0,META
2023-08-30 00:00:00-04:00,295.1086267683013,296.22085278736694,291.3945495117741,293.052978515625,17717000,0.0,0.0,META
2023-08-31 00:00:00-04:00,293.7480610282445,299.0113137881702,293.6090479494358,293.83746337890625,17229900,0.0,0.0,META
2023-09-01 00:00:00-04:00,297.2932845068725,299.6468391187103,292.4272815563122,294.32403564453125,12842300,0.0,0.0,META
2023-09-05 00:00:00-04:00,294.9596090695169,299.2993205385484,293.4601043049184,298.0679016113281,14956000,0.0,0.0,META
2023-09-06 00:00:00-04:00,299.61702368027,301.1959901842422,293.6090047641939,297.09466552734375,15418100,0.0,0.0,META
2023-09-07 00:00:00-04:00,295.9327789754771,304.91998715422676,290.192875951208,296.59814453125,33748700,0.0,0.0,META
2023-09-08 00:00:00-04:00,297.144338453534,303.13250766294516,294.72126209393633,295.8235778808594,17548000,0.0,0.0,META
2023-09-11 00:00:00-04:00,299.3191810869582,306.8962581098335,299.19007802273353,305.426513671875,19489300,0.0,0.0,META
2023-09-12 00:00:00-04:00,304.2050319475846,306.5188861385687,298.14737076735327,299.56744384765625,13480400,0.0,0.0,META
2023-09-13 00:00:00-04:00,300.26256497984866,305.04913672382065,299.22980110519165,302.94384765625,13210900,0.0,0.0,META
2023-09-14 00:00:00-04:00,304.61221231602815,310.699694901637,302.9140826402241,309.55767822265625,19343100,0.0,0.0,META
2023-09-15 00:00:00-04:00,309.44837699255953,309.83568614706604,296.677600116782,298.2267761230469,28131100,0.0,0.0,META
2023-09-18 00:00:00-04:00,296.1214622037027,301.49393673951823,295.7341530818992,300.4512023925781,14234200,0.0,0.0,META
2023-09-19 00:00:00-04:00,300.3817663465524,304.04617196316946,297.73027427943487,302.95379638671875,15924400,0.0,0.0,META
2023-09-20 00:00:00-04:00,302.93390184979273,305.92303162981295,297.3528917945429,297.59124755859375,19379500,0.0,0.0,META
2023-09-21 00:00:00-04:00,293.64873715467905,298.17710194748116,291.2355710656396,293.67852783203125,21319600,0.0,0.0,META
2023-09-22 00:00:00-04:00,297.223785161248,303.261626013211,296.20093134106725,297.00531005859375,25369600,0.0,0.0,META
2023-09-25 00:00:00-04:00,293.58919436823385,298.86235709344436,291.6626494973639,298.7431640625,18987000,0.0,0.0,META
2023-09-26 00:00:00-04:00,295.5951993800877,298.21687050123535,293.95665114113496,296.88616943359375,19417200,0.0,0.0,META
2023-09-27 00:00:00-04:00,298.365813825326,299.2098931966896,284.8005685468743,295.6745910644531,36429800,0.0,0.0,META
2023-09-28 00:00:00-04:00,296.8662747588232,304.2049950422856,294.6418231934781,301.8514404296875,22167100,0.0,0.0,META
2023-09-29 00:00:00-04:00,305.2477166099444,308.48511176016746,297.28333177621215,298.12744140625,25373700,0.0,0.0,META
2023-10-02 00:00:00-04:00,300.6398754449468,305.0490774797564,299.5375900891829,304.69158935546875,16265600,0.0,0.0,META
2023-10-03 00:00:00-04:00,302.14939381555854,304.64196163237807,297.561447061845,298.8524169921875,17362300,0.0,0.0,META
2023-10-04 00:00:00-04:00,296.65771733695345,304.77102497821284,296.429301939581,303.4601745605469,16880500,0.0,0.0,META
2023-10-05 00:00:00-04:00,302.51682647716126,304.0858528897177,297.42240776565654,302.67572021484375,19130000,0.0,0.0,META
2023-10-06 00:00:00-04:00,299.3489102680191,314.1157520871837,298.82258809531163,313.2418518066406,21803900,0.0,0.0,META
2023-10-09 00:00:00-04:00,310.33224509730616,318.1079164958756,309.6569694053864,316.1515808105469,22503700,0.0,0.0,META
2023-10-10 00:00:00-04:00,316.90628905267334,322.40786706769734,315.9529569700523,319.607421875,19038000,0.0,0.0,META
2023-10-11 00:00:00-04:00,320.7693282869798,326.55887294556385,320.70974692421356,325.54595947265625,22036300,0.0,0.0,META
2023-10-12 00:00:00-04:00,325.72470520119657,328.24709402590145,320.45154242865993,321.9113464355469,20530500,0.0,0.0,META
2023-10-13 00:00:00-04:00,321.28569292034854,322.79513787238227,310.2031054536438,312.50701904296875,21341000,0.0,0.0,META
2023-10-16 00:00:00-04:00,316.42964290324574,319.58757630951493,313.3312605530342,318.9222106933594,16536100,0.0,0.0,META
2023-10-17 00:00:00-04:00,315.9728069446153,322.14966058137793,315.0989065758056,321.75244140625,16387800,0.0,0.0,META
2023-10-18 00:00:00-04:00,319.1605928644108,323.67901825207645,313.3710175011576,314.771240234375,16851000,0.0,0.0,META
2023-10-19 00:00:00-04:00,317.6610392954345,319.65710588726887,309.5874311888656,310.64007568359375,18709200,0.0,0.0,META
2023-10-20 00:00:00-04:00,311.96081694606715,313.11274332580086,304.3440106070813,306.5088806152344,22312300,0.0,0.0,META
2023-10-23 00:00:00-04:00,307.35300219253065,315.15846291948395,305.12855074368696,311.83172607421875,17796800,0.0,0.0,META
2023-10-24 00:00:00-04:00,314.58256529909806,316.141681826323,308.4752325634926,310.38189697265625,19525500,0.0,0.0,META
2023-10-25 00:00:00-04:00,307.8495504686246,308.7234508156699,296.7669630150486,297.4521789550781,42192500,0.0,0.0,META
2023-10-26 00:00:00-04:00,292.953656992166,292.953656992166,277.4618643239456,286.34979248046875,66684100,0.0,0.0,META
2023-10-27 00:00:00-04:00,292.43720855053454,297.2336895945246,290.93767369496186,294.6716003417969,29596300,0.0,0.0,META
2023-10-30 00:00:00-04:00,297.015243248038,307.2537215329918,296.97551223781545,300.56048583984375,28435100,0.0,0.0,META
2023-10-31 00:00:00-04:00,301.20597199311294,301.5734004979503,294.8007027575976,299.18011474609375,19434200,0.0,0.0,META
2023-11-01 00:00:00-04:00,299.7561059558693,310.57054746980504,299.7561059558693,309.6867370605469,20434600,0.0,0.0,META
2023-11-02 00:00:00-04:00,315.0989201697946,316.60839552863507,306.1911426491428,308.7135314941406,21631800,0.0,0.0,META
2023-11-03 00:00:00-04:00,310.38183567622644,313.3610247448418,308.8624504634677,312.4176330566406,16764300,0.0,0.0,META
2023-11-06 00:00:00-05:00,313.78808835480413,316.1217623884559,312.2687030283649,313.60931396484375,12887700,0.0,0.0,META
2023-11-07 00:00:00-05:00,314.86059760841897,318.77326881523226,312.93405268705885,316.6083984375,14055600,0.0,0.0,META
2023-11-08 00:00:00-05:00,315.93315959331096,319.10100350638385,312.69576367284776,317.561767578125,13609700,0.0,0.0,META
2023-11-09 00:00:00-05:00,317.2042191682573,321.93117877367166,316.58849460789054,318.32635498046875,16103100,0.0,0.0,META
2023-11-10 00:00:00-05:00,317.7206153955323,326.81707716443447,317.24393419027814,326.4893493652344,19096200,0.0,0.0,META
2023-11-13 00:00:00-05:00,323.9371842361514,330.02463537350303,323.44065270317503,326.90643310546875,16908900,0.0,0.0,META
2023-11-14 00:00:00-05:00,332.21937035057084,335.7546729067874,331.0177420621796,333.9770812988281,17179400,0.0,0.0,META
2023-11-15 00:00:00-05:00,335.58582953023244,336.05257043204165,327.73069622431444,330.40203857421875,14531200,0.0,0.0,META
2023-11-16 00:00:00-05:00,327.0851936445304,332.25904399287276,324.11594462578523,331.87176513671875,18932600,0.0,0.0,META
2023-11-17 00:00:00-05:00,327.96901069081383,333.1726513447855,327.06531968384377,332.7158508300781,14494400,0.0,0.0,META
2023-11-20 00:00:00-05:00,332.56694665905934,339.4985083381047,331.8717903028424,337.6116943359375,16960500,0.0,0.0,META
2023-11-21 00:00:00-05:00,335.9830671620636,337.542183696788,333.5699308017252,334.6424560546875,12027900,0.0,0.0,META
2023-11-22 00:00:00-05:00,336.85694150534493,340.5412275998249,336.2313068739848,339.1211242675781,10702700,0.0,0.0,META
2023-11-24 00:00:00-05:00,337.77057245981536,339.4885523054197,334.4338645325488,335.8837585449219,5467500,0.0,0.0,META
2023-11-27 00:00:00-05:00,333.84794886953887,337.5421448490172,331.8817033085443,332.37823486328125,15684500,0.0,0.0,META
2023-11-28 00:00:00-05:00,331.0872690473393,337.02579796930206,331.0872690473393,336.63848876953125,12637200,0.0,0.0,META
2023-11-29 00:00:00-05:00,337.3336328595528,337.5421676409766,328.48543631997484,329.8955993652344,16024500,0.0,0.0,META
2023-11-30 00:00:00-05:00,329.5877553439527,331.18657252656726,320.1635651009382,324.880615234375,23146400,0.0,0.0,META
2023-12-01 00:00:00-05:00,323.22219776202286,324.59259942151226,318.5349385863459,322.5667724609375,15276400,0.0,0.0,META
2023-12-04 00:00:00-05:00,315.08900590564207,318.6342182124183,311.4841819302408,317.800048828125,19037100,0.0,0.0,META
2023-12-05 00:00:00-05:00,316.76733889674813,319.6472163742291,313.2022453252534,316.0821228027344,16952100,0.0,0.0,META
2023-12-06 00:00:00-05:00,319.69682854269684,320.01461603995,314.8407652561851,315.2479248046875,11294300,0.0,0.0,META
2023-12-07 00:00:00-05:00,315.56566907383996,325.96304155910934,315.56566907383996,324.3244934082031,15905100,0.0,0.0,META
2023-12-08 00:00:00-05:00,320.84874889366245,330.85884177416375,320.7593768526073,330.4417419433594,14087400,0.0,0.0,META
2023-12-11 00:00:00-05:00,327.1149437337118,327.60156520813075,317.7801576635214,323.0235290527344,25802500,0.0,0.0,META
2023-12-12 00:00:00-05:00,322.3483177648806,332.1498466082238,322.30858675160493,331.9015808105469,18485500,0.0,0.0,META
2023-12-13 00:00:00-05:00,331.61355953176974,336.02276219765315,330.3325299305127,332.4179382324219,16353300,0.0,0.0,META
2023-12-14 00:00:00-05:00,331.5341624357067,332.3782722348448,326.3603115392627,330.85888671875,19607300,0.0,0.0,META
2023-12-15 00:00:00-05:00,329.6870122597024,336.31075653936995,328.9223645749602,332.5967102050781,31776900,0.0,0.0,META
2023-12-18 00:00:00-05:00,335.138945860617,345.1490085729094,334.682115014434,342.2294006347656,18993900,0.0,0.0,META
2023-12-19 00:00:00-05:00,343.1827251295134,351.147110410114,342.7259245993213,347.9295654296875,17729400,0.0,0.0,META
2023-12-20 00:00:00-05:00,346.23148202811683,352.4977084573488,345.3774622145316,346.85711669921875,16369900,0.0,0.0,META
2023-12-21 00:00:00-05:00,350.53138163108093,353.9375803794646,346.7875148002863,351.6336669921875,15289600,0.0,0.0,META
2023-12-22 00:00:00-05:00,353.1133483277579,354.7221359363727,348.7836079478467,350.9385681152344,11772800,0.0,0.0,META
2023-12-26 00:00:00-05:00,352.5274850525142,354.5037013689945,350.9981895908106,352.36859130859375,9898600,0.0,0.0,META
2023-12-27 00:00:00-05:00,353.59997739376473,356.50964493837427,352.84523975673784,355.3477478027344,13207900,0.0,0.0,META
2023-12-28 00:00:00-05:00,357.2048130452383,359.38953370527474,355.32790921917086,355.8343811035156,11798800,0.0,0.0,META
2023-12-29 00:00:00-05:00,356.4997453113809,357.5027488323767,349.3794992017642,351.504638671875,14987100,0.0,0.0,META
2024-01-02 00:00:00-05:00,348.8829543501039,350.71018691578075,337.65141250884125,343.8878479003906,19042200,0.0,0.0,META
2024-01-03 00:00:00-05:00,342.5869162104764,345.5363148044209,340.79938446227584,342.0804443359375,15451100,0.0,0.0,META
2024-01-04 00:00:00-05:00,342.1102461152332,345.7349204555681,341.01787061798507,344.7120666503906,12099900,0.0,0.0,META
2024-01-05 00:00:00-05:00,344.58299065641415,351.0478417972967,343.8580739149464,349.50860595703125,13920700,0.0,0.0,META
2024-01-08 00:00:00-05:00,352.2395060594666,356.4898150644595,349.60786450736515,356.1720275878906,13890200,0.0,0.0,META
2024-01-09 00:00:00-05:00,353.92767724109865,358.13828532721635,352.89488314761167,354.9505310058594,13463900,0.0,0.0,META
2024-01-10 00:00:00-05:00,357.6715477088535,370.3529525023192,356.58908226779886,367.90008544921875,22117200,0.0,0.0,META
2024-01-11 00:00:00-05:00,369.54854789076046,370.19403279504627,360.4123559495696,367.1056213378906,17205400,0.0,0.0,META
2024-01-12 00:00:00-05:00,367.59226177945345,374.44439150060066,366.97656747114235,371.8922119140625,19310000,0.0,0.0,META
2024-01-16 00:00:00-05:00,371.05804360841296,373.00443891602794,364.6825950936139,364.9109802246094,15306900,0.0,0.0,META
2024-01-17 00:00:00-05:00,363.75901875957754,365.9835008176881,356.1223607318254,365.8146667480469,12724800,0.0,0.0,META
2024-01-18 00:00:00-05:00,368.91304613290293,374.23588075452443,368.376813814001,373.5208740234375,16354300,0.0,0.0,META
2024-01-19 00:00:00-05:00,376.3709566896328,381.6937609498175,375.3481027952974,380.79010009765625,21670800,0.0,0.0,META
2024-01-22 00:00:00-05:00,385.2588658770631,387.64221140503804,378.51595852044164,379.13165283203125,17680500,0.0,0.0,META
2024-01-23 00:00:00-05:00,381.9519604782741,385.6858877821844,379.42957148217187,382.5279541015625,15506100,0.0,0.0,META
2024-01-24 00:00:00-05:00,387.29465076159596,393.4019834239674,385.1198399136178,387.98980712890625,15698500,0.0,0.0,META
2024-01-25 00:00:00-05:00,387.463476105673,392.74654921576047,382.98475144483166,390.45257568359375,15091100,0.0,0.0,META
2024-01-26 00:00:00-05:00,391.6144490770692,394.0375255245111,388.8735851564818,391.4059143066406,13163700,0.0,0.0,META
2024-01-29 00:00:00-05:00,392.2499898127957,400.13491336467393,390.3731162858589,398.2381591796875,18742400,0.0,0.0,META
2024-01-30 00:00:00-05:00,400.7903628671586,403.5411369497702,396.7982598167087,397.28485107421875,18614700,0.0,0.0,META
2024-01-31 00:00:00-05:00,386.3015482973079,395.2391162527726,384.41473445677485,387.43365478515625,20180800,0.0,0.0,META
2024-02-01 00:00:00-05:00,391.20727351770364,397.72176492064756,390.323432826613,392.04144287109375,29727100,0.0,0.0,META
2024-02-02 00:00:00-05:00,456.41184183690996,482.5889726143862,449.86755914254087,471.695068359375,84707600,0.0,0.0,META
2024-02-05 00:00:00-05:00,466.62054811775994,468.6265249011017,456.0344906135864,456.2231750488281,40832400,0.0,0.0,META
2024-02-06 00:00:00-05:00,460.7812674472568,463.87961939666826,449.85757360691235,451.5656433105469,21655200,0.0,0.0,META
2024-02-07 00:00:00-05:00,454.82289153063925,468.24909348841373,453.0155094480888,466.3324890136719,23066000,0.0,0.0,META
2024-02-08 00:00:00-05:00,465.07134622371103,467.32558868611034,461.8041599426537,466.73968505859375,18815100,0.0,0.0,META
2024-02-09 00:00:00-05:00,469.66918378694487,470.3047283828201,464.2271873377185,464.86273193359375,18413100,0.0,0.0,META
2024-02-12 00:00:00-05:00,464.9422419936449,475.82620571090297,463.34339455149507,465.6473083496094,19382000,0.0,0.0,META
2024-02-13 00:00:00-05:00,453.70076734156714,464.64434291204145,451.93311610453003,456.92822265625,20916600,0.0,0.0,META
2024-02-14 00:00:00-05:00,464.6840540818281,470.82117736036906,462.8568214376938,469.9969482421875,16858400,0.0,0.0,META
2024-02-15 00:00:00-05:00,471.98300064234945,485.2304579649525,468.94423016311026,480.67230224609375,24212300,0.0,0.0,META
2024-02-16 00:00:00-05:00,474.7934022206939,475.6375119489184,465.9551463563073,470.0366516113281,23324600,0.0,0.0,META
2024-02-20 00:00:00-05:00,466.46159170236916,472.87677072112166,463.3235087291464,468.4775085449219,18015500,0.0,0.0,META
2024-02-21 00:00:00-05:00,463.7554917524033,466.2407837767999,459.0732100730906,465.2764892578125,12921800,0.5,0.0,META
2024-02-22 00:00:00-05:00,477.41462669114475,487.1072651737646,473.25922588434,483.2699890136719,21625800,0.0,0.0,META
2024-02-23 00:00:00-05:00,485.1787118236024,491.45158665950396,479.5122640361267,481.182373046875,18374300,0.0,0.0,META
2024-02-26 00:00:00-05:00,480.62562513120974,483.27993019579174,477.7725149199475,478.9057922363281,12101400,0.0,0.0,META
2024-02-27 00:00:00-05:00,477.1562177404633,484.40330775112943,477.09657315636196,484.1846008300781,10809600,0.0,0.0,META
2024-02-28 00:00:00-05:00,482.1466697460405,488.16106452209016,479.90990684515685,481.17242431640625,12715500,0.0,0.0,META
2024-02-29 00:00:00-05:00,485.5664305958888,488.80726119471376,479.7707124432421,487.2464904785156,17732000,0.0,0.0,META
2024-03-01 00:00:00-05:00,489.2147961734658,501.28338849746706,488.95634643940537,499.3448486328125,16273600,0.0,0.0,META
2024-03-04 00:00:00-05:00,500.040763224294,501.45242246523446,493.49948786126953,495.2590637207031,12324100,0.0,0.0,META
2024-03-05 00:00:00-05:00,492.0878145767347,492.6643889703307,485.0196587114357,487.3359375,15325300,0.0,0.0,META
2024-03-06 00:00:00-05:00,494.70239626981873,500.0109768588221,491.38204947466113,493.17144775390625,11757900,0.0,0.0,META
2024-03-07 00:00:00-05:00,500.31911226510823,516.791604925774,498.4302963735491,509.17669677734375,18586400,0.0,0.0,META
2024-03-08 00:00:00-05:00,511.1649010956574,520.4897211921858,496.41221196459594,502.973388671875,18597100,0.0,0.0,META
2024-03-11 00:00:00-04:00,494.0859947316571,494.3941685090311,473.199591298322,480.74493408203125,20428300,0.0,0.0,META
2024-03-12 00:00:00-04:00,490.3580671035689,499.3548120932543,481.87825193306827,496.80987548828125,15448200,0.0,0.0,META
2024-03-13 00:00:00-04:00,492.4755157274268,498.0326247688167,488.1411508830756,492.6544494628906,12090700,0.0,0.0,META
2024-03-14 00:00:00-04:00,497.3168592141215,498.40044284010156,485.28804037111354,488.9364318847656,12620000,0.0,0.0,META
2024-03-15 00:00:00-04:00,486.13303946882996,488.93642563448503,478.46837751695034,481.2519226074219,29153600,0.0,0.0,META
2024-03-18 00:00:00-04:00,489.0160033565001,494.4935966845107,483.9460015609113,494.0561828613281,11755300,0.0,0.0,META
2024-03-19 00:00:00-04:00,485.29799633874035,493.7082157075301,478.4485172399462,493.32049560546875,10903100,0.0,0.0,META
2024-03-20 00:00:00-04:00,496.56135656046746,505.2101851162554,492.25684403551685,502.5459289550781,11711100,0.0,0.0,META
2024-03-21 00:00:00-04:00,511.68185921058966,512.0098740545075,503.03303126628924,504.7727355957031,9712500,0.0,0.0,META
2024-03-22 00:00:00-04:00,504.0172232261066,506.9697513685857,501.37286886802445,506.58203125,8120600,0.0,0.0,META
2024-03-25 00:00:00-04:00,502.81433078593295,504.2359104892771,497.2969644965207,500.06060791015625,8380600,0.0,0.0,META
2024-03-26 00:00:00-04:00,502.158224751726,506.9995687205203,492.2965727329748,492.97259521484375,11205400,0.0,0.0,META
2024-03-27 00:00:00-04:00,496.3625268537015,496.9490824876934,485.19861413937207,490.95452880859375,9989700,0.0,0.0,META
2024-03-28 00:00:00-04:00,489.9405029909663,489.9902270320551,482.2957426384375,482.72320556640625,15212800,0.0,0.0,META
2024-04-01 00:00:00-04:00,484.3337109507277,494.5035062693651,478.9455846143477,488.45928955078125,9247000,0.0,0.0,META
2024-04-02 00:00:00-04:00,482.2460459428788,494.6029099782821,481.7986812660362,494.44384765625,11081000,0.0,0.0,META
2024-04-03 00:00:00-04:00,495.99467839274877,504.2557864179736,495.8157446532508,503.75872802734375,12099200,0.0,0.0,META
2024-04-04 00:00:00-04:00,513.381827648084,526.8819520115695,507.57618864761565,507.9142150878906,26476300,0.0,0.0,META
2024-04-05 00:00:00-04:00,513.8192239462539,527.5778279392391,511.3836255123389,524.2376098632812,19263300,0.0,0.0,META
2024-04-08 00:00:00-04:00,526.1661496559301,528.363108870354,515.8372619219651,516.1951293945312,13260600,0.0,0.0,META
2024-04-09 00:00:00-04:00,519.1576077555757,522.7762075444691,503.7587479141373,513.8590087890625,10863800,0.0,0.0,META
2024-04-10 00:00:00-04:00,506.2937294481195,519.4856478339971,502.8242413515318,516.771728515625,11418500,0.0,0.0,META
2024-04-11 00:00:00-04:00,518.0442258786559,520.778047262265,514.2466921664769,520.0821533203125,10369500,0.0,0.0,META
2024-04-12 00:00:00-04:00,514.703986717133,517.1296341998783,506.3335096925716,508.8883972167969,11984500,0.0,0.0,META
2024-04-15 00:00:00-04:00,513.6799940142547,515.4794036371065,494.354391700334,497.28704833984375,13512900,0.0,0.0,META
2024-04-16 00:00:00-04:00,495.1795072199256,501.8003287823735,494.185390414838,496.81982421875,9847900,0.0,0.0,META
2024-04-17 00:00:00-04:00,500.14021288460617,500.19985747089834,484.2741158320514,491.26275634765625,12193700,0.0,0.0,META
2024-04-18 00:00:00-04:00,496.87941615355777,509.1965366258005,496.10400634126887,498.8477478027344,14808700,0.0,0.0,META
2024-04-19 00:00:00-04:00,499.8419152749836,499.8419152749836,472.93119653596085,478.2397766113281,25215400,0.0,0.0,META
2024-04-22 00:00:00-04:00,486.8388571664129,489.11539302390713,470.6148644871972,478.8958740234375,17271100,0.0,0.0,META
2024-04-23 00:00:00-04:00,488.35989326844737,495.8257203780364,486.09330810710463,493.1813659667969,15079200,0.0,0.0,META
2024-04-24 00:00:00-04:00,505.071019015776,506.99960818769,481.72914377987206,490.5966796875,37772700,0.0,0.0,META
2024-04-25 00:00:00-04:00,418.92080020267707,443.1474209983465,412.06140056723507,438.78326416015625,82890700,0.0,0.0,META
2024-04-26 00:00:00-04:00,438.8627866508182,443.8134991532309,429.4186772096866,440.6820373535156,32691400,0.0,0.0,META
2024-04-29 00:00:00-04:00,436.97397149750554,437.1728069896792,426.0386868647591,430.0747985839844,21502600,0.0,0.0,META
2024-04-30 00:00:00-04:00,428.51401845869754,437.0336063968029,427.1918565129434,427.63922119140625,18429500,0.0,0.0,META
2024-05-01 00:00:00-04:00,426.0784473398745,447.3127666683678,424.5971927447846,436.60614013671875,20344900,0.0,0.0,META
2024-05-02 00:00:00-04:00,436.2582243057381,441.3480976010575,429.7368203538555,439.0815124511719,15221300,0.0,0.0,META
2024-05-03 00:00:00-04:00,443.30647212359105,451.49801471944727,441.2387226459596,449.3009948730469,16489100,0.0,0.0,META
2024-05-06 00:00:00-04:00,452.89969193853585,463.41746405742725,450.6728801447899,462.9402770996094,15094600,0.0,0.0,META
2024-05-07 00:00:00-04:00,463.5467503722718,468.7559129119254,458.59603758146096,465.4852600097656,13406800,0.0,0.0,META
2024-05-08 00:00:00-04:00,460.7731116247885,472.78202856392227,460.2760532519462,469.819580078125,11683900,0.0,0.0,META
2024-05-09 00:00:00-04:00,467.2348900216278,473.2791067395544,464.8788380898599,472.6230163574219,9437700,0.0,0.0,META
2024-05-10 00:00:00-04:00,474.28312453672146,474.6907160172165,466.8372002910305,473.39837646484375,10750000,0.0,0.0,META
2024-05-13 00:00:00-04:00,469.9686955031615,470.56517162323166,460.12694570512866,465.256591796875,14668800,0.0,0.0,META
2024-05-14 00:00:00-04:00,460.6438839752648,469.7599481269555,457.3732312994019,469.0740051269531,10478600,0.0,0.0,META
2024-05-15 00:00:00-04:00,472.1855971099574,479.66134434257765,468.4278369108054,478.7070007324219,13100500,0.0,0.0,META
2024-05-16 00:00:00-04:00,472.2054681039629,474.8796446556367,469.9687053603125,470.4458923339844,16608200,0.0,0.0,META
2024-05-17 00:00:00-04:00,468.060003849129,470.0184151764491,465.6642090368279,469.1336669921875,10807300,0.0,0.0,META
2024-05-20 00:00:00-04:00,467.1852115197864,470.4160911835801,464.29232793410193,466.08172607421875,11745100,0.0,0.0,META
2024-05-21 00:00:00-04:00,464.37179476806216,467.93074959484926,459.5503226357023,461.8964538574219,11742200,0.0,0.0,META
2024-05-22 00:00:00-04:00,465.11739044928146,470.9329793978697,462.91045009118255,465.0279235839844,10078600,0.0,0.0,META
2024-05-23 00:00:00-04:00,470.0979074516569,471.56918074349574,458.8246277741351,463.0396728515625,11747900,0.0,0.0,META
2024-05-24 00:00:00-04:00,464.8688807910191,477.0269398531673,463.556639368811,475.4065246582031,12024300,0.0,0.0,META
2024-05-28 00:00:00-04:00,473.77615043562696,478.0309689396704,472.0463969875921,477.0965270996094,10175800,0.0,0.0,META
2024-05-29 00:00:00-04:00,471.8674976362521,477.02696640517695,470.91315397517894,471.5692443847656,9226200,0.0,0.0,META
2024-05-30 00:00:00-04:00,468.8950604414013,468.9547050193101,461.9759860236206,464.3022155761719,10719600,0.0,0.0,META
2024-05-31 00:00:00-04:00,463.05958753361114,466.36006254960574,451.786306802676,464.0835266113281,16919800,0.0,0.0,META
2024-06-03 00:00:00-04:00,468.08981747441885,476.7784188544019,465.48523633705065,474.6808166503906,11279400,0.0,0.0,META
2024-06-04 00:00:00-04:00,474.1937277319372,476.0726231021899,470.4459182059382,474.18377685546875,7088700,0.0,0.0,META
2024-06-05 00:00:00-04:00,481.59986638058245,493.7280723944885,481.06303484683156,492.1474304199219,15690500,0.0,0.0,META
2024-06-06 00:00:00-04:00,490.07972314692046,499.86182906109696,488.0020226239272,490.8551330566406,10667300,0.0,0.0,META
2024-06-07 00:00:00-04:00,492.99247117957646,495.97482161134235,487.28625039496967,490.059814453125,9380700,0.0,0.0,META
2024-06-10 00:00:00-04:00,490.9544956849635,499.70274150325434,490.507161339267,499.6430969238281,11220900,0.0,0.0,META
2024-06-11 00:00:00-04:00,497.2175050647525,504.6137371195067,495.3386095890023,504.4844970703125,9673700,0.0,0.0,META
2024-06-12 00:00:00-04:00,510.96600816587994,510.9859099152574,501.50202856215105,505.8463134765625,11983200,0.0,0.0,META
2024-06-13 00:00:00-04:00,502.73482142025176,506.36334183855377,498.41040707491607,501.1343078613281,9954600,0.0,0.0,META
2024-06-14 00:00:00-04:00,500.18888145968765,504.6668482236386,498.29819045520617,501.6914978027344,10243300,0.5,0.0,META
2024-06-17 00:00:00-04:00,499.2137382202111,508.2492673895921,493.5814470509708,504.1494445800781,11266600,0.0,0.0,META
2024-06-18 00:00:00-04:00,502.0895867902152,503.5225387370223,492.596287734658,497.0444030761719,13060400,0.0,0.0,META
2024-06-20 00:00:00-04:00,499.5421103029458,501.2039470199272,494.3377064682487,499.24359130859375,11801200,0.0,0.0,META
2024-06-21 00:00:00-04:00,500.9850156207208,500.9850156207208,489.97917012403093,492.3574523925781,22359200,0.0,0.0,META
2024-06-24 00:00:00-04:00,496.75584325197343,505.31371188112524,491.86987981067074,496.4672546386719,13525300,0.0,0.0,META
2024-06-25 00:00:00-04:00,494.61636110697793,508.20948346889764,493.0739622723606,508.10003662109375,12063200,0.0,0.0,META
2024-06-26 00:00:00-04:00,504.1693431011828,511.294290079205,502.20898736583194,510.607666015625,8882300,0.0,0.0,META
2024-06-27 00:00:00-04:00,511.7322355048258,520.3199879425491,511.38397339697184,517.0162353515625,10121200,0.0,0.0,META
2024-06-28 00:00:00-04:00,514.6179667414566,519.3247883921233,501.37310690877666,501.7512512207031,15855100,0.0,0.0,META
2024-07-01 00:00:00-04:00,502.4776513058608,504.0996449110336,490.7553303316806,502.2089538574219,10328200,0.0,0.0,META
2024-07-02 00:00:00-04:00,498.30820385105653,508.00050544177236,497.0046202626273,507.0054016113281,7739500,0.0,0.0,META
2024-07-03 00:00:00-04:00,503.89071570148445,508.776679094368,503.542423291387,507.463134765625,6005600,0.0,0.0,META
2024-07-05 00:00:00-04:00,509.09512300088096,538.2218010293692,509.09512300088096,537.2664794921875,21354100,0.0,0.0,META
2024-07-08 00:00:00-04:00,539.6945030030015,540.1522726002711,524.0714224714271,526.7283325195312,14917500,0.0,0.0,META
2024-07-09 00:00:00-04:00,531.1366686551077,534.8483865011414,525.6038937960874,527.405029296875,8753200,0.0,0.0,META
2024-07-10 00:00:00-04:00,528.1911531915238,536.241570100338,525.7730581128677,532.0720825195312,10983300,0.0,0.0,META
2024-07-11 00:00:00-04:00,528.2906998418636,532.8383317448535,505.8809416050376,510.18975830078125,16458300,0.0,0.0,META
2024-07-12 00:00:00-04:00,495.3228785549261,505.6022874749347,491.8101633460848,496.42742919921875,19750500,0.0,0.0,META
2024-07-15 00:00:00-04:00,496.1885898608711,504.19916293564853,490.954334395492,493.7306823730469,12539200,0.0,0.0,META
2024-07-16 00:00:00-04:00,499.0445951724543,501.482611822555,483.4115217410242,487.3919372558594,14075800,0.0,0.0,META
2024-07-17 00:00:00-04:00,476.8238716112405,476.8238716112405,456.87202343876913,459.72796630859375,28076600,0.0,0.0,META
2024-07-18 00:00:00-04:00,472.6743277747539,476.8935583722376,462.2655500283145,473.5201721191406,19267200,0.0,0.0,META
2024-07-19 00:00:00-04:00,473.7290992026768,484.3269482993647,473.3808068088941,474.4555358886719,15149400,0.0,0.0,META
2024-07-22 00:00:00-04:00,484.19761839377304,489.6507984290717,481.5307473618028,485.01361083984375,12023100,0.0,0.0,META
2024-07-23 00:00:00-04:00,487.4416655984561,492.79532916331743,485.3320502981374,486.29730224609375,9455500,0.0,0.0,META
2024-07-24 00:00:00-04:00,469.9974592525505,473.96791357765954,458.32488109609346,459.0115051269531,17649700,0.0,0.0,META
2024-07-25 00:00:00-04:00,460.99178061568097,461.28033884291114,440.4826761953806,451.19000244140625,18240500,0.0,0.0,META
2024-07-26 00:00:00-04:00,461.9272355300325,467.4699410892697,457.1706401748114,463.4198913574219,14222400,0.0,0.0,META
2024-07-29 00:00:00-04:00,467.57940602342404,471.63941640526457,462.7431854783001,463.4298095703125,11339600,0.0,0.0,META
2024-07-30 00:00:00-04:00,464.7134928556887,470.41544878621977,454.4639354603108,460.9221496582031,11390400,0.0,0.0,META
2024-07-31 00:00:00-04:00,468.7137838808179,474.166963671529,464.46470156072644,472.505126953125,24285800,0.0,0.0,META
2024-08-01 00:00:00-04:00,518.4491036879097,524.5888774106356,489.6906086164732,495.302978515625,43083100,0.0,0.0,META
2024-08-02 00:00:00-04:00,486.6057747203378,498.6962802271807,473.81868438258266,485.75,24044700,0.0,0.0,META
2024-08-05 00:00:00-04:00,449.1401205576873,481.11281153240685,448.5927952293006,473.4007568359375,21396200,0.0,0.0,META
2024-08-06 00:00:00-04:00,476.6547245669501,500.0993678802894,476.3064321601276,491.67083740234375,20955000,0.0,0.0,META
2024-08-07 00:00:00-04:00,500.6666011821778,507.65221922463576,484.4762422275854,486.52618408203125,20105300,0.0,0.0,META
2024-08-08 00:00:00-04:00,495.0641514061811,507.4631365242445,492.2977639959644,507.134765625,16156800,0.0,0.0,META
2024-08-09 00:00:00-04:00,505.2241519485124,515.8021407821636,503.22401392066257,515.2349243164062,13696600,0.0,0.0,META
2024-08-12 00:00:00-04:00,514.3293458773064,515.4837003209536,506.60736088372124,513.423828125,9767400,0.0,0.0,META
2024-08-13 00:00:00-04:00,517.4640045298117,528.8977389715159,515.6131257961117,525.9522094726562,13743800,0.0,0.0,META
2024-08-14 00:00:00-04:00,525.4744698614029,531.3853884091141,520.5686157923502,524.1808471679688,11444200,0.0,0.0,META
2024-08-15 00:00:00-04:00,529.186243628135,537.1272134882921,524.1211991482853,534.6991577148438,13482100,0.0,0.0,META
2024-08-16 00:00:00-04:00,529.2956914023695,531.047022925906,522.0910894723046,524.8375854492188,14776700,0.0,0.0,META
2024-08-19 00:00:00-04:00,524.2903643248923,529.0568899352673,520.2005020489785,526.6885986328125,9879700,0.0,0.0,META
2024-08-20 00:00:00-04:00,525.7630642608573,528.4896996697129,523.3051870478047,524.1510009765625,7944400,0.0,0.0,META
2024-08-21 00:00:00-04:00,524.5690634241616,536.7590866231334,524.3501089756588,532.539794921875,13423300,0.0,0.0,META
2024-08-22 00:00:00-04:00,534.3708067373781,541.5653886662076,526.0020094675776,529.3256225585938,15708300,0.0,0.0,META
2024-08-23 00:00:00-04:00,534.2911656840746,537.2267343182201,522.4892480796358,525.4148559570312,11323900,0.0,0.0,META
2024-08-26 00:00:00-04:00,525.0167963537939,525.4148622106036,512.4287683884583,518.5685424804688,9584000,0.0,0.0,META
2024-08-27 00:00:00-04:00,516.4389420142859,521.444343197647,512.7869281357935,516.558349609375,6282700,0.0,0.0,META
2024-08-28 00:00:00-04:00,515.135413196109,518.5387122265323,509.94100004912804,514.2498168945312,9106100,0.0,0.0,META
2024-08-29 00:00:00-04:00,516.5086314086758,524.6187519270367,513.1551363566217,515.6826782226562,8317400,0.0,0.0,META
2024-08-30 00:00:00-04:00,518.7972896071401,520.9765691392004,512.677438295027,518.7575073242188,9157500,0.0,0.0,META
2024-09-03 00:00:00-04:00,517.0957253590994,522.9170579810492,506.12966263808596,509.2543029785156,12459100,0.0,0.0,META
2024-09-04 00:00:00-04:00,503.59219723501985,514.0607088520369,501.60198959597125,510.2295227050781,8335200,0.0,0.0,META
2024-09-05 00:00:00-04:00,509.214588289198,519.0760719574297,508.647371756267,514.3294067382812,8640900,0.0,0.0,META
2024-09-06 00:00:00-04:00,519.3247650985389,522.011557449387,495.8104579393683,497.820556640625,14744500,0.0,0.0,META
2024-09-09 00:00:00-04:00,503.6817382618634,508.82640785276607,499.62169779030836,502.3184509277344,11047800,0.0,0.0,META
2024-09-10 00:00:00-04:00,505.6719458429353,511.6624597294251,497.5817471669727,502.3184509277344,9899000,0.0,0.0,META
2024-09-11 00:00:00-04:00,504.52762750902974,510.607697634201,493.1734886032229,509.3240051269531,10782500,0.0,0.0,META
2024-09-12 00:00:00-04:00,514.5184246686891,524.1311617071216,512.6973676482601,523.0265502929688,11970500,0.0,0.0,META
2024-09-13 00:00:00-04:00,517.7923180495212,524.9968595658981,514.5780915987693,522.0513305664062,10321400,0.0,0.0,META
2024-09-16 00:00:00-04:00,522.469676680895,531.9919419852342,515.3579036757625,531.1752319335938,9527600,0.5,0.0,META
2024-09-17 00:00:00-04:00,535.4781635235854,539.9604028191319,528.4759413037808,534.2032470703125,11690800,0.0,0.0,META
2024-09-18 00:00:00-04:00,534.9502506269691,542.0521141587554,531.7927792933529,535.8267822265625,10323500,0.0,0.0,META
2024-09-19 00:00:00-04:00,547.8292508952223,559.8516201147253,544.3630052709944,556.893310546875,15647000,0.0,0.0,META
2024-09-20 00:00:00-04:00,557.7897520081747,562.2719910868118,554.1043432735547,559.1343994140625,22066800,0.0,0.0,META
2024-09-23 00:00:00-04:00,567.2522491176607,571.7145476196829,560.1902057812791,562.1823120117188,12830700,0.0,0.0,META
2024-09-24 00:00:00-04:00,564.4433820957124,565.5091662433006,552.0026881920077,561.1066284179688,12993000,0.0,0.0,META
2024-09-25 00:00:00-04:00,561.8236989002396,574.6030762858749,561.4949843782488,566.06689453125,16543400,0.0,0.0,META
2024-09-26 00:00:00-04:00,573.4576905129869,575.1211431321373,560.1304938071579,565.598876953125,14400800,0.0,0.0,META
2024-09-27 00:00:00-04:00,567.8499035731115,568.587034006437,562.2820002439122,565.1207275390625,9398400,0.0,0.0,META
2024-09-30 00:00:00-04:00,565.4593818880203,572.4118133775064,562.5708034533277,570.1806640625,12792300,0.0,0.0,META
2024-10-01 00:00:00-04:00,575.6987520585425,580.7387783195545,567.8498487564399,574.1947021484375,15259300,0.0,0.0,META
2024-10-02 00:00:00-04:00,572.5910911056551,573.726606271189,567.0929191356522,570.5491943359375,6524700,0.0,0.0,META
2024-10-03 00:00:00-04:00,567.8996641519551,581.0574858806771,566.4852250655888,580.4698486328125,11581000,0.0,0.0,META
2024-10-04 00:00:00-04:00,581.4261200952628,594.494333330652,579.1352098739677,593.5879516601562,14169500,0.0,0.0,META
2024-10-07 00:00:00-04:00,595.8588807132597,600.5702534093805,581.7348544719052,582.4719848632812,12014200,0.0,0.0,META
2024-10-08 00:00:00-04:00,587.3625447345094,591.2172653007906,583.6571956540708,590.5499267578125,7857400,0.0,0.0,META
2024-10-09 00:00:00-04:00,591.645566596269,592.0440121509104,579.3144244494694,588.1793212890625,9529700,0.0,0.0,META
2024-10-10 00:00:00-04:00,585.2508632249344,587.9003374315595,580.2208077791677,581.525634765625,7740400,0.0,0.0,META
2024-10-11 00:00:00-04:00,582.5217946450296,588.8766187572965,580.4101667801536,587.62158203125,8587100,0.0,0.0,META
2024-10-14 00:00:00-04:00,591.8745888786619,597.7313854257404,587.6314541342896,588.089599609375,8252000,0.0,0.0,META
2024-10-15 00:00:00-04:00,587.8306549386698,588.2788909804673,577.850244485156,583.9560546875,9564200,0.0,0.0,META
2024-10-16 00:00:00-04:00,579.1053401086986,579.7826489722071,571.7644330744417,574.5134887695312,11268400,0.0,0.0,META
2024-10-17 00:00:00-04:00,581.0277187741455,582.6611997864444,572.9298015535481,574.6529541015625,8701200,0.0,0.0,META
2024-10-18 00:00:00-04:00,578.8064328711839,581.6651004084903,572.9795465460454,574.1947021484375,7694300,0.0,0.0,META
2024-10-21 00:00:00-04:00,573.7565147335716,574.9617001148115,566.8637832891501,572.889892578125,8171900,0.0,0.0,META
2024-10-22 00:00:00-04:00,572.0233890911012,581.226972027945,569.8619705986506,579.7129516601562,8544500,0.0,0.0,META
2024-10-23 00:00:00-04:00,577.6808610458894,582.6910370930768,560.2798433587277,561.4651489257812,14248400,0.0,0.0,META
2024-10-24 00:00:00-04:00,564.8916036624881,566.6346966004356,559.3037603206038,565.5390625,7184700,0.0,0.0,META
2024-10-25 00:00:00-04:00,571.6647355552979,578.9956716161158,569.463436367779,570.9874267578125,11337900,0.0,0.0,META
2024-10-28 00:00:00-04:00,579.7029225322412,581.4460155123639,571.8540189924909,575.8780517578125,10925100,0.0,0.0,META
2024-10-29 00:00:00-04:00,577.860233390468,591.3268300347977,573.128981140023,590.9384155273438,13019100,0.0,0.0,META
2024-10-30 00:00:00-04:00,598.6079938865262,598.8271571893389,587.0538018330492,589.4642333984375,26864900,0.0,0.0,META
2024-10-31 00:00:00-04:00,582.691009073761,587.5716931255836,560.7878131777096,565.3397827148438,26838400,0.0,0.0,META
2024-11-01 00:00:00-04:00,565.3698059735835,571.4058866140263,560.3397489055928,564.9215698242188,15303200,0.0,0.0,META
2024-11-04 00:00:00-05:00,561.8735255720723,566.4454360194603,555.6880747714519,558.467041015625,12064600,0.0,0.0,META
2024-11-05 00:00:00-05:00,565.0608971597502,571.2164978665354,564.433378859103,570.170654296875,9775400,0.0,0.0,META
2024-11-06 00:00:00-05:00,560.5288333903976,570.7383767795608,552.9787345250944,569.7921142578125,18305400,0.0,0.0,META
2024-11-07 00:00:00-05:00,574.6131397370345,592.4524256318628,572.9397776720764,589.3646850585938,14653700,0.0,0.0,META
2024-11-08 00:00:00-05:00,589.2053065593938,590.7591471684567,582.2130542157424,587.0140380859375,9415700,0.0,0.0,META
2024-11-11 00:00:00-05:00,584.0456980456348,584.6831866387249,574.2345990441023,580.8682861328125,10209100,0.0,0.0,META
2024-11-12 00:00:00-05:00,586.217068126676,597.2931737075237,578.0893016004109,582.5117797851562,16287700,0.0,0.0,META
2024-11-13 00:00:00-05:00,580.3104995084991,583.3285696737983,572.899861789148,577.7108154296875,10757600,0.0,0.0,META
2024-11-14 00:00:00-05:00,574.7226772857438,578.4678469202681,570.7484348770021,574.8820190429688,11053700,0.0,0.0,META
2024-11-15 00:00:00-05:00,568.9654316430945,570.3101398260193,549.323293380173,551.8931274414062,17712900,0.0,0.0,META
2024-11-18 00:00:00-05:00,554.8414482862169,557.690206619492,547.9189272359731,552.2119140625,14327300,0.0,0.0,META
2024-11-19 00:00:00-05:00,549.6819364043778,559.2141733793588,548.426899572135,558.8755493164062,9522400,0.0,0.0,META
2024-11-20 00:00:00-05:00,560.7081596102355,564.1146441614266,552.012635573936,563.2879638671875,9797300,0.0,0.0,META
2024-11-21 00:00:00-05:00,567.27222943096,567.7503155056431,546.8829891189956,560.8676147460938,11154700,0.0,0.0,META
2024-11-22 00:00:00-05:00,561.3257340956305,561.6046581556811,552.4011368821567,556.9331665039062,9164000,0.0,0.0,META
2024-11-25 00:00:00-05:00,559.8814479460827,570.3300964942197,554.1940234019514,562.8795776367188,13599800,0.0,0.0,META
2024-11-26 00:00:00-05:00,563.7660872296004,575.2206985425693,562.9692568623328,571.2763061523438,10356600,0.0,0.0,META
2024-11-27 00:00:00-05:00,572.6209746815437,572.7105854147321,561.8735229474948,566.9534301757812,7200200,0.0,0.0,META
2024-11-29 00:00:00-05:00,566.7542128784901,576.1768970734391,564.6625256899628,572.05322265625,7130500,0.0,0.0,META
2024-12-02 00:00:00-05:00,575.2206623708795,592.1535649861262,573.2982871928123,590.4901733398438,12522400,0.0,0.0,META
2024-12-03 00:00:00-05:00,592.651612157578,611.7758444062205,588.9164129212908,611.22802734375,14907200,0.0,0.0,META
2024-12-04 00:00:00-05:00,610.5407730504924,615.3417566258435,602.7117489296108,611.3575439453125,14697000,0.0,0.0,META
2024-12-05 00:00:00-05:00,614.6444684702592,617.453345528134,604.6540266228751,606.526611328125,8081200,0.0,0.0,META
2024-12-06 00:00:00-05:00,607.6918954642776,627.3041809652283,606.12814579315,621.3079833984375,16935500,0.0,0.0,META
2024-12-09 00:00:00-05:00,621.4574408246348,623.9276938833166,603.7774980807178,611.1483154296875,11426000,0.0,0.0,META
2024-12-10 00:00:00-05:00,615.1225471765403,623.1208827140154,610.3215639612993,616.8756103515625,10938900,0.0,0.0,META
2024-12-11 00:00:00-05:00,620.9096094972598,635.8803166127035,619.0769058574836,630.182861328125,10837200,0.0,0.0,META
2024-12-12 00:00:00-05:00,629.0075125330641,634.1471196152161,624.7344667566571,628.30029296875,7474700,0.0,0.0,META
2024-12-13 00:00:00-05:00,624.7443688921585,628.5891798937306,614.4551845907804,617.9014892578125,8453300,0.0,0.0,META
2024-12-16 00:00:00-05:00,627.999656702773,629.1660226489364,616.6355287775485,622.2777099609375,10885600,0.5,0.0,META
2024-12-17 00:00:00-05:00,624.2016843799404,630.3822075101276,614.6019503899752,617.4928588867188,12897800,0.0,0.0,META
2024-12-18 00:00:00-05:00,619.0479587782994,625.387952256149,594.4455447869857,595.3128051757812,17075500,0.0,0.0,META
2024-12-19 00:00:00-05:00,608.4712976770209,609.5977504710141,593.1296604292414,593.6978759765625,14958100,0.0,0.0,META
2024-12-20 00:00:00-05:00,588.723602198965,601.2141840625833,578.1768420780382,583.4103393554688,48989400,0.0,0.0,META
2024-12-23 00:00:00-05:00,587.746636194458,599.2005698155671,584.4071908696653,597.9644165039062,10205800,0.0,0.0,META
2024-12-24 00:00:00-05:00,600.8253211686514,606.0787743995681,597.3961932142544,605.8395385742188,4726100,0.0,0.0,META
2024-12-26 00:00:00-05:00,603.576678438532,604.3941081026211,597.0572585697707,601.453369140625,6081400,0.0,0.0,META
2024-12-27 00:00:00-05:00,597.5257935657311,599.9581261267912,587.9460161502445,597.924560546875,8084200,0.0,0.0,META
2024-12-30 00:00:00-05:00,586.8993065979166,595.0635643540043,583.7392883016993,589.3814697265625,7025900,0.0,0.0,META
2024-12-31 00:00:00-05:00,590.4083164544484,592.102924110321,582.0147395278991,583.6695556640625,6019500,0.0,0.0,META
2025-01-02 00:00:00-05:00,587.866169129129,603.0084213639393,585.9721783393792,597.3562622070312,12682300,0.0,0.0,META
2025-01-03 00:00:00-05:00,602.8590273821567,607.5841180897974,594.5352379868413,602.7294311523438,11436800,0.0,0.0,META
2025-01-06 00:00:00-05:00,609.9068039022728,629.0065500033512,603.7163023778119,628.2190551757812,14560800,0.0,0.0,META
2025-01-07 00:00:00-05:00,629.7143414477341,630.1130475912898,606.3180848477177,615.94775390625,12071500,0.0,0.0,META
2025-01-08 00:00:00-05:00,611.4718611566152,614.5022833089956,600.895166417742,608.8002319335938,10085800,0.0,0.0,META
2025-01-10 00:00:00-05:00,608.112381815468,627.9298324702991,595.4622707729309,613.9240112304688,19256600,0.0,0.0,META
2025-01-13 00:00:00-05:00,605.1916106669787,607.0557276203978,596.5688376806378,606.4177856445312,10785000,0.0,0.0,META
2025-01-14 00:00:00-05:00,603.1680144738151,603.586677198732,586.6999244030517,592.3820190429688,13598000,0.0,0.0,META
2025-01-15 00:00:00-05:00,608.2918626953108,620.5033555415417,604.5935029582943,615.1801147460938,15524300,0.0,0.0,META
2025-01-16 00:00:00-05:00,609.5778014543201,614.3128702309481,607.7934500715568,609.37841796875,8355300,0.0,0.0,META
2025-01-17 00:00:00-05:00,622.0883213436317,623.0054123386464,601.7723798733631,610.8438110351562,17280600,0.0,0.0,META
2025-01-21 00:00:00-05:00,615.8879054164239,619.5463519549992,607.0956232572347,614.522216796875,11674000,0.0,0.0,META
2025-01-22 00:00:00-05:00,621.3406555902126,631.7079877162228,617.4828257324606,621.5400390625,12274000,0.0,0.0,META
2025-01-23 00:00:00-05:00,625.3878883324852,634.5988327915112,619.197448317166,634.4493408203125,9910200,0.0,0.0,META
2025-01-24 00:00:00-05:00,634.3995455880619,649.9504837452617,632.2064489650473,645.4546508789062,19065300,0.0,0.0,META
2025-01-27 00:00:00-05:00,624.6403451579879,661.7832345224654,623.13508184709,657.8057861328125,28399200,0.0,0.0,META
2025-01-28 00:00:00-05:00,663.9064946462431,680.434394086623,657.3969918528114,672.2103271484375,20950100,0.0,0.0,META
2025-01-29 00:00:00-05:00,672.8782187611764,678.9091891458575,663.5775294568425,674.363525390625,21377800,0.0,0.0,META
2025-01-30 00:00:00-05:00,694.6295927845299,708.5556496697027,673.9746933017885,684.8404541015625,29322900,0.0,0.0,META
2025-01-31 00:00:00-05:00,688.8278359211887,703.0828715870788,683.4248907710689,687.0135498046875,19303900,0.0,0.0,META
2025-02-03 00:00:00-05:00,673.7853303532094,701.7870595426608,673.1274317559399,695.2676391601562,21415700,0.0,0.0,META
2025-02-04 00:00:00-05:00,700.291750368734,705.4853950757674,689.435967564897,701.9764404296875,13826300,0.0,0.0,META
2025-02-05 00:00:00-05:00,701.338438880343,715.8826032404849,696.8127318836921,702.654296875,17778200,0.0,0.0,META
2025-02-06 00:00:00-05:00,703.6611131134636,716.6402049884904,701.2885896343017,709.7518920898438,13080700,0.0,0.0,META
2025-02-07 00:00:00-05:00,714.5468494223469,722.7310645927636,709.5127354037381,712.2740478515625,16427100,0.0,0.0,META
2025-02-10 00:00:00-05:00,716.3013465299549,718.9330628152472,709.0940920727812,715.14501953125,12904300,0.0,0.0,META
2025-02-11 00:00:00-05:00,711.077742352479,721.3852053088176,707.8080235680292,717.537353515625,12998000,0.0,0.0,META
2025-02-12 00:00:00-05:00,713.0515218383842,724.8144176821432,710.3599968194253,723.099853515625,12016500,0.0,0.0,META
2025-02-13 00:00:00-05:00,719.2519879198333,726.7084557601091,715.7828856053137,726.2698364257812,12569100,0.0,0.0,META
2025-02-14 00:00:00-05:00,723.85738092295,738.5809097984375,723.3389960821124,734.354248046875,16901200,0.0,0.0,META
2025-02-18 00:00:00-05:00,733.6864014553627,734.6832579790791,704.2193250480339,714.1181030273438,21938700,0.0,0.0,META
2025-02-19 00:00:00-05:00,701.886719169158,704.7776276936228,693.2041369812721,701.5578002929688,17535500,0.0,0.0,META
2025-02-20 00:00:00-05:00,695.088155137264,703.4118828816584,691.4595827411689,692.6558227539062,12587400,0.0,0.0,META
2025-02-21 00:00:00-05:00,694.3903766528952,701.6574392501641,680.2150443830811,681.4013061523438,15660400,0.0,0.0,META
2025-02-24 00:00:00-05:00,684.122756243814,685.1096345134455,660.3676471383606,666.02978515625,15677000,0.0,0.0,META
2025-02-25 00:00:00-05:00,663.8765120828333,665.9001600374287,639.8423158192022,655.4331665039062,20579700,0.0,0.0,META
2025-02-26 00:00:00-05:00,657.5764529173535,680.8630075132187,655.9316152590968,671.582275390625,14488700,0.0,0.0,META
2025-02-27 00:00:00-05:00,680.3047560748793,686.485278775033,655.5029605584499,656.1708374023438,12500000,0.0,0.0,META
2025-02-28 00:00:00-05:00,655.9714518798419,667.5250458825946,640.579984557629,666.0995483398438,17534200,0.0,0.0,META
2025-03-03 00:00:00-05:00,671.5623491469186,679.1085609343871,648.7941784019307,652.9909057617188,10843800,0.0,0.0,META
2025-03-04 00:00:00-05:00,643.4809097831836,647.7075720071792,621.6896392388619,637.9882202148438,21495200,0.0,0.0,META
2025-03-05 00:00:00-05:00,638.9850308732081,657.4268765380355,635.6555033172657,654.4063720703125,13770000,0.0,0.0,META
2025-03-06 00:00:00-05:00,645.9630966353535,648.5150471759833,622.1481771276858,625.9561767578125,13446500,0.0,0.0,META
2025-03-07 00:00:00-05:00,623.4041708110899,632.7945424007281,598.7219930959255,623.6932373046875,21375700,0.0,0.0,META
2025-03-10 00:00:00-04:00,606.1585603987916,608.1921258261364,585.0251896930085,596.1102294921875,21999900,0.0,0.0,META
2025-03-11 00:00:00-04:00,593.1795048947525,612.9970188777876,591.4649407555324,603.8060302734375,17401500,0.0,0.0,META
2025-03-12 00:00:00-04:00,627.9199500067502,631.3391605894193,607.4344997247063,617.6124267578125,15747000,0.0,0.0,META
2025-03-13 00:00:00-04:00,618.300295022882,618.549509168397,584.666363679096,588.7833862304688,16480300,0.0,0.0,META
2025-03-14 00:00:00-04:00,601.43972556622,607.4860482974414,593.4378646925935,606.2288818359375,12364500,0.525,0.0,META
2025-03-17 00:00:00-04:00,606.0892549627374,611.7164817099355,596.6505800508986,603.5350341796875,15473900,0.0,0.0,META
2025-03-18 00:00:00-04:00,598.6959836433429,598.8955445257114,573.3632611970426,581.0458984375,20297700,0.0,0.0,META
2025-03-19 00:00:00-04:00,582.9616006660708,590.9834364727485,573.473050249603,582.7420654296875,20537500,0.0,0.0,META
2025-03-20 00:00:00-04:00,581.4449335433823,608.8230139342973,578.2022676048324,584.6776123046875,24336500,0.0,0.0,META
2025-03-21 00:00:00-04:00,582.1034155863823,596.1915469952162,579.6390187113977,594.9044799804688,25015900,0.0,0.0,META
2025-03-24 00:00:00-04:00,613.5822418688982,621.1351668672481,610.818534005287,617.4534912109375,15741300,0.0,0.0,META
2025-03-25 00:00:00-04:00,625.3457252697278,632.4496541118687,619.7782994932003,624.896728515625,15312500,0.0,0.0,META
2025-03-26 00:00:00-04:00,623.479902445872,625.3356905979604,605.2411234358802,609.6012573242188,12609800,0.0,0.0,META
2025-03-27 00:00:00-04:00,600.6416285927081,612.8639873140713,598.7458914524616,601.2203369140625,10436500,0.0,0.0,META
2025-03-28 00:00:00-04:00,598.9554211422102,600.3921742735024,572.6249545466391,575.4385986328125,17602800,0.0,0.0,META
2025-03-31 00:00:00-04:00,562.2284810192266,577.3941949049992,552.0514847999954,575.0594482421875,21124700,0.0,0.0,META
2025-04-01 00:00:00-04:00,569.5518496754252,588.5787620697387,568.713718453365,584.6776123046875,12836600,0.0,0.0,META
2025-04-02 00:00:00-04:00,573.612639602056,591.3225852084037,572.0661494891557,582.6123046875,13470800,0.0,0.0,META
2025-04-03 00:00:00-04:00,544.9873786131755,551.3130986556911,529.1033205063213,530.4203491210938,34777500,0.0,0.0,META
2025-04-04 00:00:00-04:00,505.4767837476822,516.8311091249631,493.0848271014097,503.591064453125,38589800,0.0,0.0,META
2025-04-07 00:00:00-04:00,484.0053216518451,538.1528441381656,480.8125306436679,515.0850219726562,36606100,0.0,0.0,META
2025-04-08 00:00:00-04:00,542.0241297513288,546.1946900687835,501.72525715038495,509.29815673828125,28034200,0.0,0.0,META
2025-04-09 00:00:00-04:00,508.1207792653783,586.563392325636,500.9769327422793,584.4481811523438,39216600,0.0,0.0,META
2025-04-10 00:00:00-04:00,574.1913720884271,579.9882591353082,534.0920601322453,545.0572509765625,28173500,0.0,0.0,META
2025-04-11 00:00:00-04:00,534.3015744722139,546.1647580379857,527.3972072394978,542.3433837890625,17642300,0.0,0.0,META
2025-04-14 00:00:00-04:00,554.9149903570471,556.5114165099282,527.0879701726936,530.2807006835938,14130900,0.0,0.0,META
2025-04-15 00:00:00-04:00,530.9092700648307,536.7261316213554,516.3322523952014,520.3432006835938,15558700,0.0,0.0,META
2025-04-16 00:00:00-04:00,507.36253528750194,512.2115538752881,494.5115946838527,501.176513671875,18735100,0.0,0.0,META
2025-04-17 00:00:00-04:00,504.109870459736,506.1552323217004,496.8862177349848,500.348388671875,14593500,0.0,0.0,META
2025-04-21 00:00:00-04:00,490.22127698998224,492.38639367876976,478.71729620364266,483.56634521484375,16166000,0.0,0.0,META
2025-04-22 00:00:00-04:00,490.7600964557397,505.73623631689287,485.2625199601335,499.151123046875,17399400,0.0,0.0,META
2025-04-23 00:00:00-04:00,527.3374410103529,534.1320723212986,515.3545309290855,519.0960693359375,18173900,0.0,0.0,META
2025-04-24 00:00:00-04:00,517.5595150131655,532.6953291798529,516.3323098797614,531.947021484375,13910000,0.0,0.0,META
2025-04-25 00:00:00-04:00,545.566124111354,548.6192167322417,535.0399425493104,546.0350952148438,17098900,0.0,0.0,META
2025-04-28 00:00:00-04:00,554.3862228326028,557.2297674992926,539.3701950695558,548.49951171875,15179000,0.0,0.0,META
2025-04-29 00:00:00-04:00,544.7679463052672,555.3141023170735,542.8921836696377,553.1889038085938,11835000,0.0,0.0,META
2025-04-30 00:00:00-04:00,537.1851129255415,547.8609194224242,528.305171612182,547.7611694335938,29244000,0.0,0.0,META
2025-05-01 00:00:00-04:00,590.7439814787114,591.6120134415539,569.2126599544815,570.9188232421875,31159000,0.0,0.0,META
2025-05-02 00:00:00-04:00,582.1434519633877,602.976341384666,577.025022870384,595.6728515625,24739300,0.0,0.0,META
2025-05-05 00:00:00-04:00,589.8858412822701,601.8488361583287,586.7230116613694,597.917724609375,13887700,0.0,0.0,META
2025-05-06 00:00:00-04:00,591.1929324469492,594.685034384837,585.256346973055,585.9846801757812,10600700,0.0,0.0,META
2025-05-07 00:00:00-04:00,589.0277995025451,601.7191276587725,585.3461237925522,595.4632568359375,13139100,0.0,0.0,META
2025-05-08 00:00:00-04:00,604.9218677784463,609.9205723172726,595.2737054544873,596.6605834960938,14622800,0.0,0.0,META
2025-05-09 00:00:00-04:00,602.3576547482705,605.6003210056944,590.3748069015998,591.1530151367188,10427300,0.0,0.0,META
2025-05-12 00:00:00-04:00,629.4963146177121,638.944977269137,619.628677643235,637.9871215820312,21965100,0.0,0.0,META
2025-05-13 00:00:00-04:00,644.083302386897,659.4286019389394,641.3794565378789,654.5496826171875,18570800,0.0,0.0,META
2025-05-14 00:00:00-04:00,659.7179933381154,661.1746598556101,652.8335389149222,657.8721313476562,12348200,0.0,0.0,META
2025-05-15 00:00:00-04:00,652.8036193165813,655.8267503294444,637.1390348372435,642.4270629882812,14341800,0.0,0.0,META
2025-05-16 00:00:00-04:00,636.5203854269974,638.9947695097792,624.7370386043494,638.89501953125,18519000,0.0,0.0,META
2025-05-19 00:00:00-04:00,626.832294867769,641.5490101074022,626.3832981555494,638.9848022460938,9592400,0.0,0.0,META
2025-05-20 00:00:00-04:00,634.5748472134089,637.9072763695222,630.8333091235804,635.662353515625,6743500,0.0,0.0,META
2025-05-21 00:00:00-04:00,630.3642681060018,645.150832304797,628.7479287022497,634.06591796875,11464600,0.0,0.0,META
2025-05-22 00:00:00-04:00,632.619272775214,641.7985254271919,629.2868434888497,635.1336059570312,8228400,0.0,0.0,META
2025-05-23 00:00:00-04:00,622.5919269408028,631.0228714642786,621.2449976116812,625.64501953125,8454100,0.0,0.0,META
2025-05-27 00:00:00-04:00,633.9761034753569,641.6288391569669,631.322132840975,640.8705444335938,9508400,0.0,0.0,META
2025-05-28 00:00:00-04:00,641.1499165908115,649.4112615873161,641.1000415977985,642.1277465820312,9042900,0.0,0.0,META
2025-05-29 00:00:00-04:00,650.1795649115138,651.8457794764735,638.0569572367845,643.5944213867188,8858800,0.0,0.0,META
2025-05-30 00:00:00-04:00,641.0501397655987,647.9445199213626,631.3521030687026,646.0288696289062,16241000,0.0,0.0,META
2025-06-02 00:00:00-04:00,642.9359196596392,671.7407683371362,642.8062081386795,669.3861083984375,15766300,0.0,0.0,META
2025-06-03 00:00:00-04:00,669.9348713872049,674.0555568287034,663.5293753010757,665.34521484375,11585000,0.0,0.0,META
2025-06-04 00:00:00-04:00,667.8096780088563,687.4452625248051,667.0613703936261,686.3976440429688,14031900,0.0,0.0,META
2025-06-05 00:00:00-04:00,690.0991647687987,692.8130584501095,680.7104262850396,683.0750732421875,13083100,0.0,0.0,META
2025-06-06 00:00:00-04:00,694.5989952947568,701.2240259866394,690.3087109186762,696.1355590820312,11728000,0.0,0.0,META
2025-06-09 00:00:00-04:00,696.883869686411,703.5986632099265,692.3740500791279,692.4937744140625,12773200,0.0,0.0,META
2025-06-10 00:00:00-04:00,699.7673231326536,701.6430856337115,689.9994369756769,700.8150024414062,10850100,0.0,0.0,META
2025-06-11 00:00:00-04:00,702.1220199077359,707.2703489833287,690.4284357601101,692.5736083984375,9582500,0.0,0.0,META
2025-06-12 00:00:00-04:00,691.7355479828731,693.8108714889893,685.4497761885773,691.79541015625,7322700,0.0,0.0,META
2025-06-13 00:00:00-04:00,686.3976556130428,693.00271273635,679.4733132608307,681.3291015625,9274400,0.0,0.0,META
2025-06-16 00:00:00-04:00,698.2888218186604,706.097186349852,692.4774795938313,701.0746459960938,13720300,0.525,0.0,META
2025-06-17 00:00:00-04:00,700.9548121157454,704.9188720421186,695.0236535754563,696.19189453125,10066100,0.0,0.0,META
2025-06-18 00:00:00-04:00,697.1404546983404,700.5454115912661,693.8653700649246,694.7340698242188,10068300,0.0,0.0,META
2025-06-20 00:00:00-04:00,699.7067372671455,700.7751515856344,677.6595924698036,681.3341064453125,22538600,0.0,0.0,META
2025-06-23 00:00:00-04:00,682.6721183845542,698.009235646563,677.7394706648903,697.4900512695312,11080100,0.0,0.0,META
2025-06-24 00:00:00-04:00,703.840534417847,712.1281647182683,701.0646441862544,711.1396484375,13823200,0.0,0.0,META
2025-06-25 00:00:00-04:00,712.2579843149763,715.5131404309827,704.329803307428,707.6248779296875,9320400,0.0,0.0,META
2025-06-26 00:00:00-04:00,713.296455236712,727.1358060173088,709.9913855606367,725.009033203125,13964800,0.0,0.0,META
2025-06-27 00:00:00-04:00,725.4383202717177,734.335027558332,724.7792688020234,732.5377197265625,18775700,0.0,0.0,META
2025-06-30 00:00:00-04:00,743.4414316060685,746.7864803769392,733.1567794055785,736.9910888671875,15402100,0.0,0.0,META
2025-07-01 00:00:00-04:00,735.7829112020786,736.6516110389775,714.3049263192432,718.149169921875,13431200,0.0,0.0,META
2025-07-02 00:00:00-04:00,714.2650188208597,719.227590127805,711.7387562844411,712.5076293945312,9336700,0.0,0.0,META
2025-07-03 00:00:00-04:00,725.5281745483136,727.9446154194361,713.3563211505465,717.9395141601562,8601700,0.0,0.0,META
2025-07-07 00:00:00-04:00,716.5315731843128,725.9176023238477,712.4476967305745,717.2804565429688,9457100,0.0,0.0,META
2025-07-08 00:00:00-04:00,720.4957303517299,721.8337012243448,713.7457849218606,719.5970458984375,7770700,0.0,0.0,META
2025-07-09 00:00:00-04:00,721.6439452565418,736.4319538163115,721.6439452565418,731.6890258789062,11418000,0.0,0.0,META
2025-07-10 00:00:00-04:00,730.4608071076664,734.704479422628,718.5285868802704,726.1572265625,9913600,0.0,0.0,META
2025-07-11 00:00:00-04:00,721.4242720797871,724.0802847988808,708.6433421473682,716.4417114257812,10873900,0.0,0.0,META
2025-07-14 00:00:00-04:00,716.5316151789124,726.9161560719408,715.4831906042045,719.8466796875,8939400,0.0,0.0,META
2025-07-15 00:00:00-04:00,722.82223154618,723.3913292594382,708.7631777682402,709.3323364257812,11529500,0.0,0.0,META
2025-07-16 00:00:00-04:00,712.3079132030501,712.9069955313189,698.2289299901618,701.8634643554688,13067600,0.0,0.0,META
2025-07-17 00:00:00-04:00,703.3412662167694,704.8490277671435,696.0720759709156,700.3656616210938,11803300,0.0,0.0,META
2025-07-18 00:00:00-04:00,701.1445302429636,703.6607977835126,690.6202449112741,703.2314453125,12779800,0.0,0.0,META
2025-07-21 00:00:00-04:00,705.7477111980942,715.9325377312456,704.7092814794039,711.9085083007812,9404400,0.0,0.0,META
2025-07-22 00:00:00-04:00,715.1237435600664,715.5331063393245,700.3657186718685,703.7606811523438,8921100,0.0,0.0,META
2025-07-23 00:00:00-04:00,705.3183514682154,713.5660637312985,703.8804929024444,712.5176391601562,8771600,0.0,0.0,META
2025-07-24 00:00:00-04:00,715.9823677348465,722.5425929354744,712.9369210871259,713.7357177734375,10920800,0.0,0.0,META
2025-07-25 00:00:00-04:00,715.8526352732038,719.5771235060619,710.8401504714777,711.6189575195312,8271700,0.0,0.0,META
2025-07-28 00:00:00-04:00,714.1352096135126,723.6609843506268,711.6189419324959,716.5615844726562,8715700,0.0,0.0,META
2025-07-29 00:00:00-04:00,718.9280482700893,723.3913639831756,698.8679318855118,698.9578247070312,13267000,0.0,0.0,META
2025-07-30 00:00:00-04:00,707.0358168226334,707.4451795959043,690.1709481616012,694.1749877929688,27077300,0.0,0.0,META
2025-07-31 00:00:00-04:00,774.0458414913344,783.5816106103192,764.3702661872821,772.2884521484375,38831100,0.0,0.0,META
2025-08-01 00:00:00-04:00,759.5973820600149,764.8595554226001,744.2003568990668,748.8933715820312,19028700,0.0,0.0,META
2025-08-04 00:00:00-04:00,758.8684286204626,775.6933161141383,757.280769171418,775.2140502929688,15801700,0.0,0.0,META
2025-08-05 00:00:00-04:00,775.2940146810766,781.9640620224704,761.8640271769766,762.3233642578125,11640300,0.0,0.0,META
2025-08-06 00:00:00-04:00,768.853609707056,772.488205034118,759.327834976083,770.8406372070312,9733900,0.0,0.0,META
2025-08-07 00:00:00-04:00,772.3383525306105,773.8461140652291,758.4191051508143,760.6957397460938,9019700,0.0,0.0,META
2025-08-08 00:00:00-04:00,761.6144268371896,768.7538063796192,757.4506521481833,768.1546630859375,7320800,0.0,0.0,META
2025-08-11 00:00:00-04:00,768.9334288760205,772.3084011990011,763.5314498091643,764.7296752929688,7612000,0.0,0.0,META
2025-08-12 00:00:00-04:00,771.849102319645,792.4883102810505,771.2799436630941,788.8237915039062,14563100,0.0,0.0,META
2025-08-13 00:00:00-04:00,789.9721665216805,794.2757473900336,777.0713578354987,778.9186401367188,8811800,0.0,0.0,META
2025-08-14 00:00:00-04:00,776.7218428333804,786.6370510429252,771.3598429397638,780.9655151367188,8116200,0.0,0.0,META
2025-08-15 00:00:00-04:00,782.9825648931883,795.0645257736991,779.6575056048304,784.0609130859375,13375400,0.0,0.0,META
2025-08-18 00:00:00-04:00,773.9360156125421,774.6549143701418,755.4335751910228,766.2274780273438,16513700,0.0,0.0,META
2025-08-19 00:00:00-04:00,765.977874147037,766.0277875160474,748.2443062415024,750.3611450195312,12286700,0.0,0.0,META
2025-08-20 00:00:00-04:00,746.4570103778062,749.083099657565,729.911672806752,746.6067504882812,11898200,0.0,0.0,META
2025-08-21 00:00:00-04:00,743.6012666698691,744.3900685450179,732.0185006665147,737.9995727539062,8876300,0.0,0.0,META
2025-08-22 00:00:00-04:00,738.1293678852983,755.7731035460037,733.2966081137474,753.6661987304688,10612700,0.0,0.0,META
2025-08-25 00:00:00-04:00,753.6961621486424,757.7501148109367,749.0131426125197,752.1784057617188,6861200,0.0,0.0,META
2025-08-26 00:00:00-04:00,749.6821592803592,753.7461069744401,746.8264320177999,752.9772338867188,7601800,0.0,0.0,META
2025-08-27 00:00:00-04:00,751.1799307743298,753.0272129802489,741.7340542390842,746.2672729492188,8315400,0.0,0.0,META
2025-08-28 00:00:00-04:00,742.8922995313089,751.9288132977724,739.6970516455432,749.99169921875,7468000,0.0,0.0,META
2025-08-29 00:00:00-04:00,744.1703787664815,746.0275947781304,734.2551099537487,737.6001586914062,9070500,0.0,0.0,META
2025-09-02 00:00:00-04:00,724.9589996576248,734.9041924629622,720.655419120511,734.0155029296875,9350900,0.0,0.0,META
2025-09-03 00:00:00-04:00,734.9042121918441,739.1478846127889,732.8971950134412,735.95263671875,7699300,0.0,0.0,META
2025-09-04 00:00:00-04:00,747.4555024338443,760.0267237435045,744.7095967582477,747.535400390625,11439100,0.0,0.0,META
2025-09-05 00:00:00-04:00,751.499502790698,756.8215846100361,743.9208368275713,751.3297729492188,9663400,0.0,0.0,META
2025-09-08 00:00:00-04:00,754.8744351124396,765.3687971294402,750.9003802075373,751.179931640625,13087800,0.0,0.0,META
2025-09-09 00:00:00-04:00,756.3621991005824,765.1590798691678,752.3082462809408,764.5599975585938,10999000,0.0,0.0,META
2025-09-10 00:00:00-04:00,763.990858904295,764.5600175863916,749.8818911499914,750.8604125976562,12478300,0.0,0.0,META
2025-09-11 00:00:00-04:00,753.5264602522736,755.9727638030715,747.2557810059183,749.7820434570312,7923300,0.0,0.0,META
2025-09-12 00:00:00-04:00,747.6152548910696,756.4421205211297,742.6526835890741,754.465087890625,8248600,0.0,0.0,META
2025-09-15 00:00:00-04:00,756.3421855933647,772.9175066813722,750.8703641812288,763.5614624023438,10533800,0.0,0.0,META
2025-09-16 00:00:00-04:00,765.8580156945753,780.1966205012909,763.960820221922,777.8401489257812,11782500,0.0,0.0,META
2025-09-17 00:00:00-04:00,778.828725718326,782.1238004242355,765.1691000860621,774.5650634765625,9400900,0.0,0.0,META
2025-09-18 00:00:00-04:00,779.5875734416616,787.6056471582369,772.2085614820411,779.0883178710938,10955000,0.0,0.0,META
2025-09-19 00:00:00-04:00,785.2490765825911,789.6225600448605,768.0447499547826,777.2210693359375,23696800,0.0,0.0,META
2025-09-22 00:00:00-04:00,781.2128396094075,785.0896826443245,763.8469978355404,764.5364379882812,11706900,0.525,0.0,META
2025-09-23 00:00:00-04:00,768.6231126086477,769.9719880546131,750.4579354131178,754.784423828125,10872600,0.0,0.0,META
2025-09-24 00:00:00-04:00,756.8827020619125,760.4897455830934,751.9167814613187,760.0401000976562,8828200,0.0,0.0,META
2025-09-25 00:00:00-04:00,752.8360219788784,756.1533238123261,743.9432502397539,748.2996826171875,10591100,0.0,0.0,META
2025-09-26 00:00:00-04:00,749.3888277967437,751.3172477286904,736.7491118404043,743.1439208984375,9696300,0.0,0.0,META
2025-09-29 00:00:00-04:00,748.1098002440084,750.1681799899285,738.5476529969768,742.794189453125,9246800,0.0,0.0,META
2025-09-30 00:00:00-04:00,741.6451369970716,742.3645209926972,725.7081225297242,733.7815551757812,16226800,0.0,0.0,META
2025-10-01 00:00:00-04:00,720.9020135039985,721.2617054862658,709.6212362201944,716.7554321289062,20419600,0.0,0.0,META
2025-10-02 00:00:00-04:00,721.9911913779041,727.176964520395,717.5548070653372,726.45751953125,11415300,0.0,0.0,META
2025-10-03 00:00:00-04:00,729.0354240673363,730.4043027655052,709.6012618171895,709.98095703125,16154300,0.0,0.0,META
2025-10-06 00:00:00-04:00,704.6153434967972,716.2958197616522,689.9473135389625,715.0767822265625,21654700,0.0,0.0,META
2025-10-07 00:00:00-04:00,717.135073707775,717.9144673294414,705.1748577839295,712.4989013671875,12062900,0.0,0.0,META
2025-10-08 00:00:00-04:00,712.8686286502683,719.063588526951,707.233209995552,717.2550659179688,10790600,0.0,0.0,META
2025-10-09 00:00:00-04:00,717.694662739213,732.9122314453125,711.8593952481671,732.9122314453125,12717200,0.0,0.0,META
2025-10-10 00:00:00-04:00,730.3243364156914,734.6708280741015,703.9358854737135,704.7252197265625,16980100,0.0,0.0,META
2025-10-13 00:00:00-04:00,712.4289500007787,719.353295154282,707.0633311027989,715.1167602539062,9251800,0.0,0.0,META
2025-10-14 00:00:00-04:00,707.2032236513401,714.966850016347,698.7600977854659,708.072509765625,8829800,0.0,0.0,META
2025-10-15 00:00:00-04:00,716.4756800447307,723.3101331023296,708.9318445822669,716.9652709960938,10246800,0.0,0.0,META
2025-10-16 00:00:00-04:00,716.9652609619593,724.898793146875,703.3064176322127,711.48974609375,9017000,0.0,0.0,META
2025-10-17 00:00:00-04:00,706.5038073054051,717.9544293541486,705.5445676686097,716.3357543945312,12232400,0.0,0.0,META
2025-10-20 00:00:00-04:00,720.602270855396,733.1720358988009,719.5930841941394,731.5733032226562,8900200,0.0,0.0,META
2025-10-21 00:00:00-04:00,735.4202444049121,737.898203963144,728.156149137632,732.6724853515625,7647300,0.0,0.0,META
2025-10-22 00:00:00-04:00,733.2320185457676,739.9964601984101,723.4400167690366,732.8123168945312,8734500,0.0,0.0,META
2025-10-23 00:00:00-04:00,734.1012972282697,741.8049752352916,732.5025644943078,733.40185546875,9856000,0.0,0.0,META
2025-10-24 00:00:00-04:00,736.1895728454068,740.6060149267306,730.5542151922721,737.75830078125,9151300,0.0,0.0,META
2025-10-27 00:00:00-04:00,749.1189913399045,755.1341048828856,747.4004223192904,750.2081298828125,11321100,0.0,0.0,META
2025-10-28 00:00:00-04:00,752.0166693998259,757.7819868095911,744.9124781386814,750.82763671875,12193800,0.0,0.0,META
2025-10-29 00:00:00-04:00,754.1349412128479,758.5413205942342,741.9049255575367,751.0574340820312,26818600,0.0,0.0,META
2025-10-30 00:00:00-04:00,668.6047496805471,680.405123547836,649.6401745693712,665.9268798828125,88440100,0.0,0.0,META
2025-10-31 00:00:00-04:00,673.9603724515775,674.3400676801817,645.0439523217459,647.8216552734375,56953200,0.0,0.0,META
2025-11-03 00:00:00-05:00,655.4654426520216,658.792746197499,635.6615861365713,637.1903686523438,33003600,0.0,0.0,META
2025-11-04 00:00:00-05:00,627.528160823027,641.2170082918374,625.4998468710925,626.8087768554688,27356600,0.0,0.0,META
2025-11-05 00:00:00-05:00,631.7947143740674,641.7066132741587,626.0293969573662,635.4317626953125,20219900,0.0,0.0,META
2025-11-06 00:00:00-05:00,635.3318005623231,635.4817027165644,617.4963715076051,618.4356079101562,23628800,0.0,0.0,META
2025-11-07 00:00:00-05:00,615.9875913853423,621.6230097922952,600.7100736857968,621.203369140625,29946800,0.0,0.0,META
2025-11-10 00:00:00-05:00,630.5757412925083,634.4825281361091,617.606277436272,631.2451782226562,19245000,0.0,0.0,META
2025-11-11 00:00:00-05:00,627.4882640088713,629.0469903781388,618.8852946435945,626.5690307617188,13302200,0.0,0.0,META
2025-11-12 00:00:00-05:00,627.6181473129036,628.4774318700306,607.2747531328254,608.5137329101562,24493300,0.0,0.0,META
2025-11-13 00:00:00-05:00,612.5704066192014,617.1466913787408,602.5086055074847,609.3930053710938,20973800,0.0,0.0,META
2025-11-14 00:00:00-05:00,601.2995852054279,613.1799107961393,594.7149894844074,608.96337890625,20724100,0.0,0.0,META
2025-11-17 00:00:00-05:00,608.54364845602,611.1915132655756,594.914810553651,601.5194091796875,16501300,0.0,0.0,META
2025-11-18 00:00:00-05:00,591.1178778321469,603.1680476389258,583.3043040560937,597.2029418945312,25500600,0.0,0.0,META
2025-11-19 00:00:00-05:00,593.236120814011,594.8448550993957,580.7763124672824,589.8389282226562,24744700,0.0,0.0,META
2025-11-20 00:00:00-05:00,603.0082035639184,606.225550290049,582.8745995478572,588.669921875,20603000,0.0,0.0,META
2025-11-21 00:00:00-05:00,588.0204327318114,597.6325885375659,581.38582901572,593.7657470703125,21052600,0.0,0.0,META
2025-11-24 00:00:00-05:00,598.2320754408486,616.1974650582393,597.1429978306941,612.5504150390625,23554900,0.0,0.0,META
2025-11-25 00:00:00-05:00,623.4914651316196,636.5308177101258,617.7960982049689,635.7014770507812,25213000,0.0,0.0,META
2025-11-26 00:00:00-05:00,637.1703200291516,637.8397569399452,631.1152610365342,633.0936279296875,15209500,0.0,0.0,META
2025-11-28 00:00:00-05:00,635.5616748244524,647.5218911860414,634.9821303911365,647.4219970703125,11033200,0.0,0.0,META
2025-12-01 00:00:00-05:00,639.028785702615,644.7941029489796,637.2402664201815,640.3477172851562,13029900,0.0,0.0,META
2025-12-02 00:00:00-05:00,641.8165621493692,647.3420238521164,637.5500224020741,646.5726318359375,11640900,0.0,0.0,META
2025-12-03 00:00:00-05:00,643.8848130159247,648.3211970895987,637.0304181904862,639.0787353515625,11134300,0.0,0.0,META
2025-12-04 00:00:00-05:00,675.4491463216154,675.5490404402168,659.512131337801,660.990966796875,29874600,0.0,0.0,META
2025-12-05 00:00:00-05:00,663.4589092143041,674.1402004180294,661.8502358329807,672.8712158203125,21207900,0.0,0.0,META
2025-12-08 00:00:00-05:00,668.7945609027437,676.1585499822719,664.528021142878,666.256591796875,13161000,0.0,0.0,META
2025-12-09 00:00:00-05:00,663.2291308887899,663.9385132978894,652.807637338328,656.4246826171875,12997100,0.0,0.0,META
2025-12-10 00:00:00-05:00,649.4203737252112,653.9766553823684,642.8757234590145,649.6002197265625,16910900,0.0,0.0,META
2025-12-11 00:00:00-05:00,642.7657334383907,654.7460135009795,640.2777724038347,652.1781005859375,13056700,0.0,0.0,META
2025-12-12 00:00:00-05:00,649.2704855848336,710.4206277669183,638.0896015354143,643.7050170898438,14016900,0.0,0.0,META
2025-12-15 00:00:00-05:00,645.7000122070312,653.0,638.7000122070312,647.510009765625,15549100,0.525,0.0,META
2025-12-16 00:00:00-05:00,643.5,662.5399780273438,643.2000122070312,657.1500244140625,14309100,0.0,0.0,META
2025-12-17 00:00:00-05:00,655.6099853515625,661.22998046875,649.2000122070312,649.5,15598500,0.0,0.0,META
2025-12-18 00:00:00-05:00,657.030029296875,670.5599975585938,656.4600219726562,664.4500122070312,20260300,0.0,0.0,META
2025-12-19 00:00:00-05:00,666.4199829101562,671.0,658.1799926757812,658.77001953125,49977100,0.0,0.0,META
2025-12-22 00:00:00-05:00,661.6500244140625,673.5800170898438,656.6500244140625,661.5,15659400,0.0,0.0,META
2025-12-23 00:00:00-05:00,660.0499877929688,666.0,658.25,664.9400024414062,8486800,0.0,0.0,META
2025-12-24 00:00:00-05:00,662.530029296875,668.1799926757812,662.2000122070312,667.5499877929688,5627500,0.0,0.0,META
2025-12-26 00:00:00-05:00,668.0599975585938,668.9500122070312,661.3200073242188,663.2899780273438,7133800,0.0,0.0,META
2025-12-29 00:00:00-05:00,658.010009765625,660.25,654.3900146484375,658.6900024414062,8506500,0.0,0.0,META
2025-12-30 00:00:00-05:00,658.6900024414062,672.219970703125,657.8400268554688,665.9500122070312,9187500,0.0,0.0,META
2025-12-31 00:00:00-05:00,664.75,665.0,659.4400024414062,660.0900268554688,7940400,0.0,0.0,META
2026-01-02 00:00:00-05:00,662.72998046875,664.3900146484375,643.5,650.4099731445312,13726500,0.0,0.0,META
2026-01-05 00:00:00-05:00,651.010009765625,664.5399780273438,647.75,658.7899780273438,12213700,0.0,0.0,META
2026-01-06 00:00:00-05:00,659.5700073242188,665.52001953125,651.9000244140625,660.6199951171875,11074400,0.0,0.0,META
2026-01-07 00:00:00-05:00,655.6400146484375,659.1500244140625,644.8099975585938,648.6900024414062,12846300,0.0,0.0,META
2026-01-08 00:00:00-05:00,645.8800048828125,647.0999755859375,635.719970703125,646.0599975585938,11921700,0.0,0.0,META
2026-01-09 00:00:00-05:00,645.4400024414062,654.9500122070312,642.8499755859375,653.0599975585938,11634900,0.0,0.0,META
2026-01-12 00:00:00-05:00,652.530029296875,653.969970703125,641.22998046875,641.969970703125,14797200,0.0,0.0,META
2026-01-13 00:00:00-05:00,642.27001953125,642.27001953125,624.0999755859375,631.0900268554688,18030400,0.0,0.0,META
2026-01-14 00:00:00-05:00,626.5,628.4500122070312,614.8200073242188,615.52001953125,15527900,0.0,0.0,META
2026-01-15 00:00:00-05:00,618.47998046875,624.1699829101562,614.22998046875,620.7999877929688,13076100,0.0,0.0,META
2026-01-16 00:00:00-05:00,624.1799926757812,629.0800170898438,620.0800170898438,620.25,17012500,0.0,0.0,META
2026-01-20 00:00:00-05:00,607.8800048828125,611.4000244140625,600.0,604.1199951171875,15169600,0.0,0.0,META
2026-01-21 00:00:00-05:00,606.739990234375,618.27001953125,600.0800170898438,612.9600219726562,14494700,0.0,0.0,META
2026-01-22 00:00:00-05:00,629.3499755859375,660.5700073242188,626.5499877929688,647.6300048828125,21394700,0.0,0.0,META
2026-01-23 00:00:00-05:00,644.77001953125,666.489990234375,644.4500122070312,658.760009765625,22797700,0.0,0.0,META
2026-01-26 00:00:00-05:00,665.1300048828125,675.280029296875,661.2899780273438,672.3599853515625,16327400,0.0,0.0,META
2026-01-27 00:00:00-05:00,674.5900268554688,676.8200073242188,664.6599731445312,672.969970703125,13297400,0.0,0.0,META
2026-01-28 00:00:00-05:00,674.5,677.6799926757812,666.0999755859375,668.72998046875,25709600,0.0,0.0,META
2026-01-29 00:00:00-05:00,737.4299926757812,744.0,712.5499877929688,738.3099975585938,59852900,0.0,0.0,META
2026-01-30 00:00:00-05:00,727.5,732.1699829101562,713.5900268554688,716.5,23702600,0.0,0.0,META
