date,open,high,low,close,volume,dividends,stock_splits,symbol
2006-12-04 00:00:00-05:00,0.5501004633140186,0.5721044709170656,0.5481136416476609,0.5650750994682312,621570000,0.0,0.0,NVDA
2006-12-05 00:00:00-05:00,0.5591158288849066,0.5624778575640244,0.5530042070035229,0.5592689514160156,663354000,0.0,0.0,NVDA
2006-12-06 00:00:00-05:00,0.5611028764975059,0.5611028764975059,0.5508645918281827,0.5585054755210876,478242000,0.0,0.0,NVDA
2006-12-07 00:00:00-05:00,0.5585051977393437,0.5615610360090858,0.5401685286933603,0.545058012008667,486894000,0.0,0.0,NVDA
2006-12-08 00:00:00-05:00,0.5410854328991656,0.5507122074606121,0.5332923583076858,0.5432243943214417,564858000,0.0,0.0,NVDA
2006-12-11 00:00:00-05:00,0.5433775097222223,0.5591159068909879,0.5421544419681611,0.5525458455085754,515484000,0.0,0.0,NVDA
2006-12-12 00:00:00-05:00,0.5484203121148743,0.5502539580679373,0.5395572892592526,0.5468919277191162,568116000,0.0,0.0,NVDA
2006-12-13 00:00:00-05:00,0.551322673335306,0.5577404846750591,0.551322673335306,0.553309440612793,491952000,0.0,0.0,NVDA
2006-12-14 00:00:00-05:00,0.5577405153728421,0.5701178095126546,0.5572821314791025,0.5630893111228943,715380000,0.0,0.0,NVDA
2006-12-15 00:00:00-05:00,0.5667567268875757,0.5730214715003967,0.5632415755649447,0.5730214715003967,746094000,0.0,0.0,NVDA
2006-12-18 00:00:00-05:00,0.5736328718140906,0.5898297028915334,0.5733266814463386,0.5829534530639648,688356000,0.0,0.0,NVDA
2006-12-19 00:00:00-05:00,0.575466952286671,0.594414263053147,0.5747023228983943,0.5913584232330322,545622000,0.0,0.0,NVDA
2006-12-20 00:00:00-05:00,0.5883023641944813,0.5953308089031532,0.5841765806980089,0.5846350193023682,306594000,0.0,0.0,NVDA
2006-12-21 00:00:00-05:00,0.5878441608155001,0.5895247387200546,0.5730217074256634,0.5795926451683044,367920000,0.0,0.0,NVDA
2006-12-22 00:00:00-05:00,0.5786755659145407,0.5806614591281928,0.5630893644520935,0.5658398866653442,370170000,0.0,0.0,NVDA
2006-12-26 00:00:00-05:00,0.5688957231206859,0.5739382742988107,0.5633946787117002,0.5656867623329163,228192000,0.0,0.0,NVDA
2006-12-27 00:00:00-05:00,0.5681318125769832,0.5751602550336773,0.5681318125769832,0.5731744170188904,264954000,0.0,0.0,NVDA
2006-12-28 00:00:00-05:00,0.5737850026454743,0.5743965636005465,0.566450369752352,0.5690486431121826,213912000,0.0,0.0,NVDA
2006-12-29 00:00:00-05:00,0.5690487891909466,0.5809676458423321,0.5649230605449354,0.5655336380004883,386094000,0.0,0.0,NVDA
2007-01-03 00:00:00-05:00,0.5664505211386908,0.5733267720529587,0.531610773333115,0.5513227581977844,1154820000,0.0,0.0,NVDA
2007-01-04 00:00:00-05:00,0.5493368730723501,0.5513227663235676,0.5352781259728807,0.5487253665924072,797298000,0.0,0.0,NVDA
2007-01-05 00:00:00-05:00,0.5357366676022965,0.5378765581605555,0.5106768102785847,0.5143441557884216,1243344000,0.0,0.0,NVDA
2007-01-08 00:00:00-05:00,0.5161777479161139,0.5280965500209464,0.5073146747893145,0.5181645154953003,657270000,0.0,0.0,NVDA
2007-01-09 00:00:00-05:00,0.5189281409235568,0.522442362629923,0.5074677244035726,0.5080792307853699,764166000,0.0,0.0,NVDA
2007-01-10 00:00:00-05:00,0.5027305763093916,0.5378765192672182,0.4950906243717421,0.5331392288208008,1108746000,0.0,0.0,NVDA
2007-01-11 00:00:00-05:00,0.5331393145763929,0.5372650991331099,0.52244259321779,0.5311525464057922,924504000,0.0,0.0,NVDA
2007-01-12 00:00:00-05:00,0.5232072005075022,0.5404739271312876,0.5207619939726604,0.5383349657058716,698190000,0.0,0.0,NVDA
2007-01-16 00:00:00-05:00,0.5424608909675765,0.5427662071782179,0.5331394291250986,0.539251983165741,711864000,0.0,0.0,NVDA
2007-01-17 00:00:00-05:00,0.5317639046334646,0.5349728654977711,0.5259575986810356,0.52794349193573,707934000,0.0,0.0,NVDA
2007-01-18 00:00:00-05:00,0.5233592070808167,0.5233592070808167,0.4776706117078054,0.4842415452003479,1501638000,0.0,0.0,NVDA
2007-01-19 00:00:00-05:00,0.479045760506316,0.49722935576602434,0.47568373291274446,0.48714420199394226,942606000,0.0,0.0,NVDA
2007-01-22 00:00:00-05:00,0.4917283677673947,0.4996745611344187,0.4853105028960213,0.48714420199394226,730644000,0.0,0.0,NVDA
2007-01-23 00:00:00-05:00,0.4848522985911385,0.49509063443646995,0.4758370851725237,0.48729750514030457,630354000,0.0,0.0,NVDA
2007-01-24 00:00:00-05:00,0.49356217526651275,0.5089961833103956,0.4912700916225944,0.5024251937866211,685722000,0.0,0.0,NVDA
2007-01-25 00:00:00-05:00,0.5070094233583317,0.5088431232872791,0.48240800672553896,0.48485228419303894,616284000,0.0,0.0,NVDA
2007-01-26 00:00:00-05:00,0.48897808501463413,0.49371537558105877,0.47216974221575553,0.48087969422340393,829584000,0.0,0.0,NVDA
2007-01-29 00:00:00-05:00,0.4787407243578919,0.4790459858085979,0.4570419688177041,0.46116775274276733,1258284000,0.0,0.0,NVDA
2007-01-30 00:00:00-05:00,0.46422363706654385,0.47308665874126016,0.46009790689805685,0.47003087401390076,636174000,0.0,0.0,NVDA
2007-01-31 00:00:00-05:00,0.46773882441312875,0.4727814324594025,0.46193158703297843,0.4683494567871094,467976000,0.0,0.0,NVDA
2007-02-01 00:00:00-05:00,0.46391831211563167,0.4767539957765764,0.463001489278622,0.4743087887763977,650898000,0.0,0.0,NVDA
2007-02-02 00:00:00-05:00,0.4769069356446378,0.48897798541843157,0.47293340065126066,0.4866859018802643,586590000,0.0,0.0,NVDA
2007-02-05 00:00:00-05:00,0.48897824819362273,0.4987581486938299,0.48821454782264995,0.494632363319397,579906000,0.0,0.0,NVDA
2007-02-06 00:00:00-05:00,0.5057871976207732,0.5186228763250897,0.4982994405847134,0.5122050642967224,775386000,0.0,0.0,NVDA
2007-02-07 00:00:00-05:00,0.5163306974539246,0.5334443496587866,0.5132739855199892,0.5322222113609314,761058000,0.0,0.0,NVDA
2007-02-08 00:00:00-05:00,0.5241241401087295,0.5328340393174704,0.5195399711256858,0.5253462791442871,726276000,0.0,0.0,NVDA
2007-02-09 00:00:00-05:00,0.5279434760821771,0.5323754497754234,0.496924195978908,0.49891096353530884,937956000,0.0,0.0,NVDA
2007-02-12 00:00:00-05:00,0.5025785137002827,0.5207621221083463,0.4972297153070349,0.5099132061004639,789360000,0.0,0.0,NVDA
2007-02-13 00:00:00-05:00,0.5181646312567273,0.5236656222761913,0.5129689017120327,0.5195398926734924,849732000,0.0,0.0,NVDA
2007-02-14 00:00:00-05:00,0.5241240836568651,0.5271798680974686,0.5114405945205167,0.5126636624336243,1081848000,0.0,0.0,NVDA
2007-02-15 00:00:00-05:00,0.512357147523542,0.5183165743514009,0.5074676654730613,0.5157191753387451,488682000,0.0,0.0,NVDA
2007-02-16 00:00:00-05:00,0.5135804935822207,0.514191071215755,0.4984527263911784,0.4999801814556122,915060000,0.0,0.0,NVDA
2007-02-20 00:00:00-05:00,0.5007447691435648,0.5071625827419952,0.49722961721998316,0.5044121146202087,625578000,0.0,0.0,NVDA
2007-02-21 00:00:00-05:00,0.5002862203346247,0.5056341421339294,0.49188158596206244,0.49692419171333313,655332000,0.0,0.0,NVDA
2007-02-22 00:00:00-05:00,0.5047172643407302,0.512815708293653,0.4989109586198639,0.5001330971717834,655452000,0.0,0.0,NVDA
2007-02-23 00:00:00-05:00,0.5048703918431705,0.5051757078938255,0.4987578956531029,0.49891096353530884,403050000,0.0,0.0,NVDA
2007-02-26 00:00:00-05:00,0.5002864183219584,0.5041059580224179,0.4905065736446808,0.4912702739238739,494070000,0.0,0.0,NVDA
2007-02-27 00:00:00-05:00,0.485922191941275,0.4973826653332154,0.4756839118364979,0.47644859552383423,714630000,0.0,0.0,NVDA
2007-02-28 00:00:00-05:00,0.47507331089466154,0.48393540037417077,0.46926607603501597,0.47369804978370667,780048000,0.0,0.0,NVDA
2007-03-01 00:00:00-05:00,0.46345975445618154,0.47660074935430347,0.457347203749499,0.46789079904556274,837228000,0.0,0.0,NVDA
2007-03-02 00:00:00-05:00,0.4637650911703365,0.46941920355840117,0.45398609709068827,0.4549029469490051,682728000,0.0,0.0,NVDA
2007-03-05 00:00:00-05:00,0.4469568254703096,0.4558198455316923,0.4379415845353506,0.43946903944015503,663558000,0.0,0.0,NVDA
2007-03-06 00:00:00-05:00,0.44909584524655366,0.47048928819131647,0.44726217230977516,0.46544668078422546,805974000,0.0,0.0,NVDA
2007-03-07 00:00:00-05:00,0.4631545361945342,0.46529349767755385,0.4503188546306209,0.4523047208786011,811656000,0.0,0.0,NVDA
2007-03-08 00:00:00-05:00,0.461779316069185,0.47614245381985815,0.4614730709241693,0.47094765305519104,770622000,0.0,0.0,NVDA
2007-03-09 00:00:00-05:00,0.4775176881580446,0.48286648555281075,0.4608624671074525,0.46621033549308777,555306000,0.0,0.0,NVDA
2007-03-12 00:00:00-04:00,0.46086233068248744,0.4701828579430223,0.4602507696174321,0.46345973014831543,428010000,0.0,0.0,NVDA
2007-03-13 00:00:00-04:00,0.45872258063434196,0.46147304880977835,0.4435947870790563,0.44390103220939636,617070000,0.0,0.0,NVDA
2007-03-14 00:00:00-04:00,0.44512310538128397,0.4477204779321263,0.42846695763059534,0.4417610764503479,971610000,0.0,0.0,NVDA
2007-03-15 00:00:00-04:00,0.44069212660509116,0.4446647885321192,0.4306069393554204,0.43733009696006775,655752000,0.0,0.0,NVDA
2007-03-16 00:00:00-04:00,0.43763536609442505,0.43839999523100076,0.4301484817606423,0.4332042932510376,525648000,0.0,0.0,NVDA
2007-03-19 00:00:00-04:00,0.43549636076249393,0.44237261261889743,0.43396800423264814,0.43534326553344727,461508000,0.0,0.0,NVDA
2007-03-20 00:00:00-04:00,0.4339680207023108,0.4439010133191721,0.4315237431136344,0.4332042932510376,656490000,0.0,0.0,NVDA
2007-03-21 00:00:00-04:00,0.4507773081800949,0.46514041866938427,0.44221957610476537,0.4579588770866394,1268376000,0.0,0.0,NVDA
2007-03-22 00:00:00-04:00,0.4584172672958255,0.47079451077941253,0.45627830571134975,0.4680440425872803,810954000,0.0,0.0,NVDA
2007-03-23 00:00:00-04:00,0.46452990195942684,0.4727814172942832,0.45948729407490174,0.46284839510917664,524640000,0.0,0.0,NVDA
2007-03-26 00:00:00-04:00,0.46315457168884816,0.4675856175533016,0.45536146895502677,0.4637652039527893,447336000,0.0,0.0,NVDA
2007-03-27 00:00:00-04:00,0.46269608812182267,0.4636129107904099,0.4545967956797903,0.45505520701408386,469020000,0.0,0.0,NVDA
2007-03-28 00:00:00-04:00,0.45123565531919535,0.45505519407920964,0.4455815422650723,0.4463452696800232,459504000,0.0,0.0,NVDA
2007-03-29 00:00:00-04:00,0.4530693003093018,0.4536799051356592,0.43137057374333293,0.4385521411895752,719016000,0.0,0.0,NVDA
2007-03-30 00:00:00-04:00,0.444511710318874,0.4477206177090425,0.4374832631955918,0.43977534770965576,581244000,0.0,0.0,NVDA
2007-04-02 00:00:00-04:00,0.4387052455650434,0.4423725630835273,0.4321342832172589,0.4393167793750763,400830000,0.0,0.0,NVDA
2007-04-03 00:00:00-04:00,0.4393168412796259,0.44420629809819323,0.4335096054503074,0.4376353621482849,473724000,0.0,0.0,NVDA
2007-04-04 00:00:00-04:00,0.43702453253852785,0.4405387810767526,0.4354961766548004,0.43671831488609314,361692000,0.0,0.0,NVDA
2007-04-05 00:00:00-04:00,0.43855202980263014,0.47262801657608405,0.43855202980263014,0.47216957807540894,1332900000,0.0,0.0,NVDA
2007-04-09 00:00:00-04:00,0.472169652503903,0.47751757426155916,0.46269600218012547,0.463612824678421,640950000,0.0,0.0,NVDA
2007-04-10 00:00:00-04:00,0.4630014153619378,0.4683493382415704,0.45795883591581305,0.4588756859302521,794220000,0.0,0.0,NVDA
2007-04-11 00:00:00-04:00,0.4597924710915761,0.4643766388182096,0.4490957518438919,0.45062410831451416,810150000,0.0,0.0,NVDA
2007-04-12 00:00:00-04:00,0.4481788460113154,0.4648349911404683,0.44527613051738774,0.46345973014831543,743640000,0.0,0.0,NVDA
2007-04-13 00:00:00-04:00,0.4619315597964773,0.4681972355923448,0.45627837435715535,0.4672803580760956,638694000,0.0,0.0,NVDA
2007-04-16 00:00:00-04:00,0.46605727598633584,0.4695723733629837,0.45887570738957345,0.46483513712882996,671838000,0.0,0.0,NVDA
2007-04-17 00:00:00-04:00,0.4766007764786779,0.48745056279766136,0.46697400312839527,0.4692660868167877,1059108000,0.0,0.0,NVDA
2007-04-18 00:00:00-04:00,0.46850231829576877,0.4791990364106025,0.4660571667920898,0.47507330775260925,683802000,0.0,0.0,NVDA
2007-04-19 00:00:00-04:00,0.4712527584779886,0.48439375144796687,0.4698774976154935,0.4816432297229767,568056000,0.0,0.0,NVDA
2007-04-20 00:00:00-04:00,0.48867276646595686,0.48897808256809544,0.4808796918173845,0.48729750514030457,590052000,0.0,0.0,NVDA
2007-04-23 00:00:00-04:00,0.4850054251797151,0.48592224785524263,0.4779760505849853,0.47935131192207336,595272000,0.0,0.0,NVDA
2007-04-24 00:00:00-04:00,0.4874506976899539,0.5018138359180004,0.4842417905677204,0.497382789850235,1028088000,0.0,0.0,NVDA
2007-04-25 00:00:00-04:00,0.4966191298175103,0.5086901860280237,0.4943270450571213,0.5059396624565125,509640000,0.0,0.0,NVDA
2007-04-26 00:00:00-04:00,0.5059393911366026,0.5160246023920111,0.5013552240741739,0.5122050642967224,500070000,0.0,0.0,NVDA
2007-04-27 00:00:00-04:00,0.5105234527574772,0.5161775630545914,0.49722933965663196,0.5053286552429199,554058000,0.0,0.0,NVDA
2007-04-30 00:00:00-04:00,0.5122052128097384,0.5186230266989398,0.5024253147592179,0.5025784373283386,563388000,0.0,0.0,NVDA
2007-05-01 00:00:00-04:00,0.5117468183709041,0.515107973813756,0.5038006197783407,0.5079264044761658,544554000,0.0,0.0,NVDA
2007-05-02 00:00:00-04:00,0.5105237232050893,0.5126636136830484,0.4993694935397036,0.5019668936729431,659658000,0.0,0.0,NVDA
2007-05-03 00:00:00-04:00,0.5067039179866915,0.5148023045983683,0.5057870411398045,0.5114402770996094,500250000,0.0,0.0,NVDA
2007-05-04 00:00:00-04:00,0.5141911713064873,0.5177063242058487,0.5093016856500515,0.515108048915863,405246000,0.0,0.0,NVDA
2007-05-07 00:00:00-04:00,0.5225957013258673,0.5284020087381728,0.5042590273084121,0.5048705339431763,557100000,0.0,0.0,NVDA
2007-05-08 00:00:00-04:00,0.5018138066184699,0.5099131270683629,0.492034837606753,0.5086900591850281,737100000,0.0,0.0,NVDA
2007-05-09 00:00:00-04:00,0.5050224312869392,0.5138855016080605,0.49921612728031023,0.5109818577766418,417870000,0.0,0.0,NVDA
2007-05-10 00:00:00-04:00,0.5131217125645166,0.5198448383507994,0.49707713329347475,0.5015081763267517,802584000,0.0,0.0,NVDA
2007-05-11 00:00:00-04:00,0.5285551305435559,0.5421545134640127,0.5204567388908281,0.5369597673416138,1530630000,0.0,0.0,NVDA
2007-05-14 00:00:00-04:00,0.5348196878437652,0.5398622386224641,0.5265681765314818,0.5316107273101807,731568000,0.0,0.0,NVDA
2007-05-15 00:00:00-04:00,0.5331392882218776,0.5363481951756321,0.5256515289933951,0.5268745422363281,621360000,0.0,0.0,NVDA
2007-05-16 00:00:00-04:00,0.5273330208928171,0.5335977673530579,0.5172478605678756,0.5335977673530579,523104000,0.0,0.0,NVDA
2007-05-17 00:00:00-04:00,0.5320691257791198,0.5348196475585583,0.5216786543284461,0.5247344374656677,443664000,0.0,0.0,NVDA
2007-05-18 00:00:00-04:00,0.5287082168476012,0.53665348538263,0.5242762422174013,0.5351260304450989,604266000,0.0,0.0,NVDA
2007-05-21 00:00:00-04:00,0.5335976175041462,0.5501006422359845,0.5310002177044699,0.5368065237998962,645768000,0.0,0.0,NVDA
2007-05-22 00:00:00-04:00,0.5372650715551159,0.5445997082001225,0.5285551188141985,0.5397102236747742,401736000,0.0,0.0,NVDA
2007-05-23 00:00:00-04:00,0.5400156089605058,0.5432245163191154,0.5238178949309766,0.5253462791442871,448248000,0.0,0.0,NVDA
2007-05-24 00:00:00-04:00,0.5277915278244771,0.5293189285012874,0.5042591197082446,0.50639808177948,607800000,0.0,0.0,NVDA
2007-05-25 00:00:00-04:00,0.5100653036810332,0.5169415560191292,0.5085378487294552,0.5143441557884216,308976000,0.0,0.0,NVDA
2007-05-29 00:00:00-04:00,0.5122048822003875,0.5215254065274912,0.510676499170782,0.5198448300361633,316242000,0.0,0.0,NVDA
2007-05-30 00:00:00-04:00,0.5137325130157496,0.521067202091217,0.5073146464128203,0.521067202091217,331650000,0.0,0.0,NVDA
2007-05-31 00:00:00-04:00,0.5248875864449268,0.5325275911490538,0.5224423805475257,0.529318630695343,481572000,0.0,0.0,NVDA
2007-06-01 00:00:00-04:00,0.5352780687057346,0.5432242639445708,0.5320691628379386,0.5329859852790833,429084000,0.0,0.0,NVDA
2007-06-04 00:00:00-04:00,0.5280966744555344,0.5389455887088977,0.5259577128497372,0.5358898043632507,322002000,0.0,0.0,NVDA
2007-06-05 00:00:00-04:00,0.5374179846084718,0.5526979404015816,0.5365011621229974,0.5517811179161072,698586000,0.0,0.0,NVDA
2007-06-06 00:00:00-04:00,0.5479616294460212,0.5647699703388138,0.545669545700922,0.5559069514274597,950736000,0.0,0.0,NVDA
2007-06-07 00:00:00-04:00,0.5533095889127997,0.5615611018809221,0.5497953662932358,0.5499475598335266,791862000,0.0,0.0,NVDA
2007-06-08 00:00:00-04:00,0.5453635993078968,0.5592692305399478,0.5386404129555555,0.5585054755210876,533268000,0.0,0.0,NVDA
2007-06-11 00:00:00-04:00,0.5585052512512737,0.563853173664163,0.5554485383273098,0.560491144657135,434634000,0.0,0.0,NVDA
2007-06-12 00:00:00-04:00,0.5575884080617427,0.5653814819358259,0.5543795017191894,0.5546848177909851,526770000,0.0,0.0,NVDA
2007-06-13 00:00:00-04:00,0.5607974095692708,0.56813210072342,0.5536149666199486,0.5679789781570435,587232000,0.0,0.0,NVDA
2007-06-14 00:00:00-04:00,0.5653815304445426,0.580203105066576,0.5646169013335538,0.5780641436576843,508548000,0.0,0.0,NVDA
2007-06-15 00:00:00-04:00,0.5846351159527742,0.60893121840106,0.584481993389683,0.6043470501899719,1081998000,0.0,0.0,NVDA
2007-06-18 00:00:00-04:00,0.6104585918414704,0.6125984821073387,0.5997628019005504,0.6046522855758667,685662000,0.0,0.0,NVDA
2007-06-19 00:00:00-04:00,0.6008317703903959,0.6098479113400003,0.5967060417373973,0.6084727048873901,491952000,0.0,0.0,NVDA
2007-06-20 00:00:00-04:00,0.6112231850086889,0.6142790233239996,0.6049575661306339,0.6090832948684692,822792000,0.0,0.0,NVDA
2007-06-21 00:00:00-04:00,0.6208500692039586,0.6621076371928084,0.616112778493912,0.6567587852478027,1297326000,0.0,0.0,NVDA
2007-06-22 00:00:00-04:00,0.6570650037310071,0.6703591236127739,0.6471320386872719,0.666538655757904,882618000,0.0,0.0,NVDA
2007-06-25 00:00:00-04:00,0.647896640593402,0.663788105242277,0.6419372115620466,0.6489656567573547,819702000,0.0,0.0,NVDA
2007-06-26 00:00:00-04:00,0.6472850530754045,0.6491187528976159,0.617334841236304,0.6188632249832153,868482000,0.0,0.0,NVDA
2007-06-27 00:00:00-04:00,0.6188634066024921,0.6362832594640101,0.6158075672208647,0.6355195045471191,613140000,0.0,0.0,NVDA
2007-06-28 00:00:00-04:00,0.637353084249081,0.6485073139345674,0.6310874097232367,0.641631007194519,597534000,0.0,0.0,NVDA
2007-06-29 00:00:00-04:00,0.645909745584416,0.6460628134550583,0.6309350518618148,0.6312403678894043,516570000,0.0,0.0,NVDA
2007-07-02 00:00:00-04:00,0.6402557973068523,0.6578287146936148,0.6382699037545245,0.6575234532356262,563850000,0.0,0.0,NVDA
2007-07-03 00:00:00-04:00,0.6570648292671029,0.6637879568719316,0.6517160336067566,0.6585922837257385,238770000,0.0,0.0,NVDA
2007-07-05 00:00:00-04:00,0.6587455063434213,0.6677607186912033,0.6555365454155307,0.6656217575073242,373290000,0.0,0.0,NVDA
2007-07-06 00:00:00-04:00,0.6647049045130523,0.6714280328316973,0.6634827659441351,0.6688306331634521,282720000,0.0,0.0,NVDA
2007-07-09 00:00:00-04:00,0.6712759582243754,0.6914463304099323,0.6711228356668395,0.6882373690605164,536784000,0.0,0.0,NVDA
2007-07-10 00:00:00-04:00,0.6847223122473058,0.699086323801666,0.6773876210843405,0.6949605941772461,552654000,0.0,0.0,NVDA
2007-07-11 00:00:00-04:00,0.6948076194813786,0.6995449113710956,0.6822781250889537,0.6919049024581909,582612000,0.0,0.0,NVDA
2007-07-12 00:00:00-04:00,0.696794188558857,0.7059625245165905,0.6919047044784009,0.7051988244056702,438732000,0.0,0.0,NVDA
2007-07-13 00:00:00-04:00,0.7032121296034762,0.7116167116761944,0.7001562905379328,0.700920045375824,372630000,0.0,0.0,NVDA
2007-07-16 00:00:00-04:00,0.7015311975480918,0.7165058342427769,0.7013780750542099,0.7136022448539734,541710000,0.0,0.0,NVDA
2007-07-17 00:00:00-04:00,0.7165060413726873,0.7308701049092395,0.7099351062435367,0.710546612739563,643812000,0.0,0.0,NVDA
2007-07-18 00:00:00-04:00,0.7003084539488279,0.7024483445222764,0.6838054263612153,0.6975579857826233,550656000,0.0,0.0,NVDA
2007-07-19 00:00:00-04:00,0.7074909320584902,0.7110051549333076,0.6919047276204772,0.6967942118644714,407376000,0.0,0.0,NVDA
2007-07-20 00:00:00-04:00,0.7013785699017778,0.7038237771903941,0.6857924158912558,0.6891544461250305,505650000,0.0,0.0,NVDA
2007-07-23 00:00:00-04:00,0.6867090389159858,0.710241440330346,0.6851806550174838,0.6960304975509644,360474000,0.0,0.0,NVDA
2007-07-24 00:00:00-04:00,0.6932798667167116,0.6990861726335743,0.6734148137618826,0.6776936650276184,457560000,0.0,0.0,NVDA
2007-07-25 00:00:00-04:00,0.6778460090485853,0.6874727844247182,0.6588987034312124,0.67448490858078,437196000,0.0,0.0,NVDA
2007-07-26 00:00:00-04:00,0.6673022989449259,0.6873204755181607,0.6582870863423868,0.6778458952903748,710268000,0.0,0.0,NVDA
2007-07-27 00:00:00-04:00,0.6761654615402222,0.7073378160577395,0.6758601454255895,0.6761654615402222,615480000,0.0,0.0,NVDA
2007-07-30 00:00:00-04:00,0.6786105742957914,0.6961826154106525,0.6784574517551019,0.6951135993003845,538158000,0.0,0.0,NVDA
2007-07-31 00:00:00-04:00,0.7226187126237765,0.7323976813120424,0.6983226100960406,0.6992394328117371,711492000,0.0,0.0,NVDA
2007-08-01 00:00:00-04:00,0.6891543895739548,0.7061158039341886,0.6616493209429636,0.6940438747406006,705828000,0.0,0.0,NVDA
2007-08-02 00:00:00-04:00,0.7019898604332074,0.7026004379389402,0.6816663676416966,0.6909878253936768,468606000,0.0,0.0,NVDA
2007-08-03 00:00:00-04:00,0.6886954696571841,0.6937380738901581,0.6497300057563885,0.6500353217124939,623412000,0.0,0.0,NVDA
2007-08-06 00:00:00-04:00,0.6555365920066833,0.66042607586267,0.6371999209330277,0.6555365920066833,524724000,0.0,0.0,NVDA
2007-08-07 00:00:00-04:00,0.655536407319783,0.6767767174777103,0.6468265128727063,0.6659269332885742,565764000,0.0,0.0,NVDA
2007-08-08 00:00:00-04:00,0.6779990989388879,0.7174230212821018,0.6728034242347921,0.6966410875320435,660744000,0.0,0.0,NVDA
2007-08-09 00:00:00-04:00,0.701378353001256,0.7242992474276115,0.685333765156122,0.7048925757408142,1251834000,0.0,0.0,NVDA
2007-08-10 00:00:00-04:00,0.6471319079626915,0.6767768001891546,0.6324625297257569,0.6721926331520081,1141014000,0.0,0.0,NVDA
2007-08-13 00:00:00-04:00,0.6775406558425958,0.6821248235634483,0.6509524174845435,0.6648580431938171,700410000,0.0,0.0,NVDA
2007-08-14 00:00:00-04:00,0.6694421326932596,0.7013782351085057,0.6674553651493835,0.690681517124176,1092174000,0.0,0.0,NVDA
2007-08-15 00:00:00-04:00,0.6870143994259413,0.6967942427083544,0.6605792800724029,0.661496102809906,695142000,0.0,0.0,NVDA
2007-08-16 00:00:00-04:00,0.6549250842706795,0.6596623745787225,0.6188632487260028,0.6504940390586853,780030000,0.0,0.0,NVDA
2007-08-17 00:00:00-04:00,0.668525452399675,0.6894595252351202,0.6477435731165113,0.6888480186462402,728712000,0.0,0.0,NVDA
2007-08-20 00:00:00-04:00,0.689306464170672,0.6967942230745434,0.677693795454424,0.6860975027084351,519684000,0.0,0.0,NVDA
2007-08-21 00:00:00-04:00,0.6902231228868749,0.7287301594561713,0.6799857179943135,0.723229169845581,715338000,0.0,0.0,NVDA
2007-08-22 00:00:00-04:00,0.7415659106389202,0.7440111169623214,0.7265912692901432,0.7397322654724121,566154000,0.0,0.0,NVDA
2007-08-23 00:00:00-04:00,0.7432474817010717,0.7519574342605064,0.7302587316117806,0.7334676384925842,667986000,0.0,0.0,NVDA
2007-08-24 00:00:00-04:00,0.7313285644387767,0.738663199802977,0.7259797131396672,0.7372879385948181,361644000,0.0,0.0,NVDA
2007-08-27 00:00:00-04:00,0.7372879268051852,0.7617362737808707,0.7339258979291059,0.753943145275116,635946000,0.0,0.0,NVDA
2007-08-28 00:00:00-04:00,0.7563882923983662,0.7594441306027928,0.7062677149994158,0.7079492211341858,560022000,0.0,0.0,NVDA
2007-08-29 00:00:00-04:00,0.72277077519874,0.7490536409585173,0.7212433205237381,0.7481368184089661,538560000,0.0,0.0,NVDA
2007-08-30 00:00:00-04:00,0.7409551451576963,0.762347650034891,0.7406489547774384,0.7438578605651855,465660000,0.0,0.0,NVDA
2007-08-31 00:00:00-04:00,0.7594441696344563,0.7846570903296015,0.7553183861866991,0.7817543745040894,720834000,0.0,0.0,NVDA
2007-09-04 00:00:00-04:00,0.7852686611342471,0.8092594435115297,0.7730444878240035,0.8058974146842957,683268000,0.0,0.0,NVDA
2007-09-05 00:00:00-04:00,0.8023830482810305,0.825150758933653,0.7991741425677275,0.7997847199440002,656274000,0.0,0.0,NVDA
2007-09-06 00:00:00-04:00,0.8097179504515383,0.8170525862108924,0.7999380535725937,0.8033000826835632,425496000,0.0,0.0,NVDA
2007-09-07 00:00:00-04:00,0.7809899307249918,0.789089251367003,0.7589859110605442,0.7739614844322205,602304000,0.0,0.0,NVDA
2007-09-10 00:00:00-04:00,0.7907697790586437,0.8045222836498143,0.769682583493144,0.7761003971099854,872112000,0.0,0.0,NVDA
2007-09-11 00:00:00-04:00,0.7854980478137417,0.7985629228357308,0.7772465334189063,0.7926034927368164,405424000,0.0,1.5,NVDA
2007-09-12 00:00:00-04:00,0.8010837208601667,0.8049803110195172,0.7536376097282348,0.7614306807518005,554452000,0.0,0.0,NVDA
2007-09-13 00:00:00-04:00,0.7758709785453122,0.7767878009874986,0.7561590501241989,0.7616600394248962,452864000,0.0,0.0,NVDA
2007-09-14 00:00:00-04:00,0.7540963642997816,0.7550131869920025,0.7369057065683615,0.7391977906227112,487308000,0.0,0.0,NVDA
2007-09-17 00:00:00-04:00,0.7403437559230466,0.7481368296830494,0.7295709678464097,0.7375932335853577,374828000,0.0,0.0,NVDA
2007-09-18 00:00:00-04:00,0.7453864623120329,0.8136905995133239,0.7442403929678879,0.802230179309845,844740000,0.0,0.0,NVDA
2007-09-19 00:00:00-04:00,0.8095647148713383,0.825150861500509,0.7797675734080702,0.7875607013702393,521360000,0.0,0.0,NVDA
2007-09-20 00:00:00-04:00,0.7880191141065752,0.796499818276278,0.7742666119966379,0.782976508140564,324172000,0.0,0.0,NVDA
2007-09-21 00:00:00-04:00,0.7907697034130904,0.8022301228094213,0.7829765745055133,0.7905404567718506,457532000,0.0,0.0,NVDA
2007-09-24 00:00:00-04:00,0.7953537150519293,0.8228587162041766,0.7896234791547547,0.8107106685638428,456360000,0.0,0.0,NVDA
2007-09-25 00:00:00-04:00,0.8058975459499521,0.8244634107747525,0.8036054618488313,0.8210253119468689,360748000,0.0,0.0,NVDA
2007-09-26 00:00:00-04:00,0.825150914263837,0.8423415696959142,0.823088077144154,0.8405079245567322,518032000,0.0,0.0,NVDA
2007-09-27 00:00:00-04:00,0.8485303110878926,0.8526560952094926,0.8340901759574824,0.8430293202400208,378280000,0.0,0.0,NVDA
2007-09-28 00:00:00-04:00,0.8480717859071194,0.8510515001720167,0.8288182391727696,0.8306519389152527,404292000,0.0,0.0,NVDA
2007-10-01 00:00:00-04:00,0.8377573661282187,0.8698465918629044,0.8368405435981042,0.865720808506012,398200000,0.0,0.0,NVDA
2007-10-02 00:00:00-04:00,0.8636578207875217,0.8652623283462795,0.8448627697436657,0.8574692010879517,284960000,0.0,0.0,NVDA
2007-10-03 00:00:00-04:00,0.8423416995520525,0.8423416995520525,0.8075019993559772,0.8210253119468689,467196000,0.0,0.0,NVDA
2007-10-04 00:00:00-04:00,0.8201083797311777,0.8295059068966921,0.7964998565295996,0.8246925473213196,378976000,0.0,0.0,NVDA
2007-10-05 00:00:00-04:00,0.8377574244934519,0.8510515433728391,0.8288182812449938,0.8464673757553101,344840000,0.0,0.0,NVDA
2007-10-08 00:00:00-04:00,0.8524267035339748,0.8615950376821433,0.8423414922529237,0.8602197766304016,252484000,0.0,0.0,NVDA
2007-10-09 00:00:00-04:00,0.8602199425834856,0.8641164798834164,0.8324856881814935,0.8450921773910522,403008000,0.0,0.0,NVDA
2007-10-10 00:00:00-04:00,0.850822376090031,0.850822376090031,0.8256094518421552,0.8460090160369873,389136000,0.0,0.0,NVDA
2007-10-11 00:00:00-04:00,0.8382159578985309,0.8487595555406205,0.7992504740957836,0.8084188103675842,529104000,0.0,0.0,NVDA
2007-10-12 00:00:00-04:00,0.8173578738512709,0.8281306624412537,0.8047513853995871,0.8281306624412537,409952000,0.0,0.0,NVDA
2007-10-15 00:00:00-04:00,0.8308810883549523,0.8448628364162232,0.8269845517420817,0.834089994430542,355900000,0.0,0.0,NVDA
2007-10-16 00:00:00-04:00,0.833173356628091,0.856552636135622,0.8301936418551902,0.8416540622711182,276360000,0.0,0.0,NVDA
2007-10-17 00:00:00-04:00,0.8744309043788228,0.9088121648247383,0.8735140816964504,0.9062908887863159,717944000,0.0,0.0,NVDA
2007-10-18 00:00:00-04:00,0.9033112054947541,0.9092706351087988,0.8806195564170898,0.905603289604187,340620000,0.0,0.0,NVDA
2007-10-19 00:00:00-04:00,0.9035404552525768,0.9039988939627984,0.8567818927139423,0.8570111393928528,505768000,0.0,0.0,NVDA
2007-10-22 00:00:00-04:00,0.851509995170798,0.899414621631556,0.844633743196795,0.8975809216499329,537656000,0.0,0.0,NVDA
2007-10-23 00:00:00-04:00,0.9092705057771183,0.9092705057771183,0.8774105247933826,0.9019358158111572,294292000,0.0,0.0,NVDA
2007-10-24 00:00:00-04:00,0.8824531202996388,0.8824531202996388,0.8285891213816466,0.8714511394500732,565500000,0.0,0.0,NVDA
2007-10-25 00:00:00-04:00,0.8446337846245475,0.8526561063114945,0.7699117772649584,0.7953539490699768,806192000,0.0,0.0,NVDA
2007-10-26 00:00:00-04:00,0.8205668351505461,0.8260678804557774,0.7770172392522203,0.7884776592254639,616580000,0.0,0.0,NVDA
2007-10-29 00:00:00-04:00,0.7614311194047049,0.7735791713829279,0.7463033524395517,0.7699118256568909,813896000,0.0,0.0,NVDA
2007-10-30 00:00:00-04:00,0.7761005081459809,0.8143783672506201,0.7632648244283129,0.7981045842170715,525212000,0.0,0.0,NVDA
2007-10-31 00:00:00-04:00,0.8029177068016764,0.811398411197613,0.777933977574541,0.8109400272369385,455188000,0.0,0.0,NVDA
2007-11-01 00:00:00-04:00,0.7983335393094086,0.827213805440213,0.7873315045394137,0.8109400272369385,587236000,0.0,0.0,NVDA
2007-11-02 00:00:00-04:00,0.8221713595390164,0.8480719710293855,0.8107109385752945,0.8421125411987305,491844000,0.0,0.0,NVDA
2007-11-05 00:00:00-05:00,0.8350070419479045,0.8622829148834397,0.8297352428398327,0.8421125411987305,436636000,0.0,0.0,NVDA
2007-11-06 00:00:00-05:00,0.850134760194759,0.875576875257374,0.8462381683563668,0.8687006235122681,554620000,0.0,0.0,NVDA
2007-11-07 00:00:00-05:00,0.8682423071663885,0.8716804059830233,0.8205668705829045,0.8274431228637695,546768000,0.0,0.0,NVDA
2007-11-08 00:00:00-05:00,0.8194205054860111,0.8343190730479102,0.7520331635818395,0.775641679763794,996824000,0.0,0.0,NVDA
2007-11-09 00:00:00-05:00,0.7919157907010184,0.7976460282488282,0.7483661929985259,0.7646399736404419,871056000,0.0,0.0,NVDA
2007-11-12 00:00:00-05:00,0.7644106830561361,0.7699116732323242,0.6883134245872498,0.6883134245872498,715732000,0.0,0.0,NVDA
2007-11-13 00:00:00-05:00,0.6995447485218905,0.7497414069624612,0.6883135199802679,0.7490537762641907,726696000,0.0,0.0,NVDA
2007-11-14 00:00:00-05:00,0.7680780199607383,0.7754126552358208,0.7334675167821488,0.7373640537261963,666720000,0.0,0.0,NVDA
2007-11-15 00:00:00-05:00,0.732550854152463,0.7394271069635157,0.7105467795799748,0.7275082468986511,496436000,0.0,0.0,NVDA
2007-11-16 00:00:00-05:00,0.7334676913613274,0.7458449357352123,0.7275082612116492,0.7437820434570312,423592000,0.0,0.0,NVDA
2007-11-19 00:00:00-05:00,0.7332382087580585,0.736905553412328,0.6896886207766175,0.6935851573944092,568412000,0.0,0.0,NVDA
2007-11-20 00:00:00-05:00,0.7066500949396023,0.7077961641604184,0.6672262318230091,0.6883134245872498,622628000,0.0,0.0,NVDA
2007-11-21 00:00:00-05:00,0.673873272252506,0.6972525481527344,0.6718103805016541,0.6809787154197693,648452000,0.0,0.0,NVDA
2007-11-23 00:00:00-05:00,0.6857920681748296,0.695648032795145,0.6770821179929974,0.6926683187484741,141976000,0.0,0.0,NVDA
2007-11-26 00:00:00-05:00,0.6922099643034474,0.7064209057416244,0.6752485550901185,0.6766237616539001,385896000,0.0,0.0,NVDA
2007-11-27 00:00:00-05:00,0.6862504430211313,0.7077960715851845,0.6809786455195888,0.7057331800460815,458856000,0.0,0.0,NVDA
2007-11-28 00:00:00-05:00,0.7279667522914814,0.7630356503048232,0.7245285982472299,0.7529504895210266,574548000,0.0,0.0,NVDA
2007-11-29 00:00:00-05:00,0.751804251215098,0.7816013974186451,0.7485953445924367,0.7591389417648315,489084000,0.0,0.0,NVDA
2007-11-30 00:00:00-05:00,0.7838934294921404,0.7838934294921404,0.7206318506455754,0.7229239344596863,652656000,0.0,0.0,NVDA
2007-12-03 00:00:00-05:00,0.7334676384925842,0.7469909513732245,0.7222364097621747,0.7334676384925842,490688000,0.0,0.0,NVDA
2007-12-04 00:00:00-05:00,0.7366762774607813,0.739197552714825,0.7185688028649613,0.7327797412872314,371712000,0.0,0.0,NVDA
2007-12-05 00:00:00-05:00,0.760743386684594,0.7850394873840406,0.7513458589225784,0.7708285450935364,666704000,0.0,0.0,NVDA
2007-12-06 00:00:00-05:00,0.7689949520138785,0.7889360781859615,0.7621186997253121,0.7864148020744324,371152000,0.0,0.0,NVDA
2007-12-07 00:00:00-05:00,0.7896236293967256,0.7905404520133954,0.7685364359753697,0.7765587568283081,320292000,0.0,0.0,NVDA
2007-12-10 00:00:00-05:00,0.7790798778912857,0.79420763932718,0.7767877944812285,0.7850393056869507,336360000,0.0,0.0,NVDA
2007-12-11 00:00:00-05:00,0.8017715973868077,0.8164409763442972,0.7841225588916365,0.7859562039375305,582436000,0.0,0.0,NVDA
2007-12-12 00:00:00-05:00,0.819191565248622,0.8272138864697083,0.7971875482008223,0.8130029439926147,617504000,0.0,0.0,NVDA
2007-12-13 00:00:00-05:00,0.8031468776042484,0.8084186755461057,0.7673903611778875,0.790769636631012,500364000,0.0,0.0,NVDA
2007-12-14 00:00:00-05:00,0.7871025735912859,0.8125447498642459,0.7818307737620962,0.8038347959518433,354016000,0.0,0.0,NVDA
2007-12-17 00:00:00-05:00,0.795353786624026,0.8029176680863086,0.7609724774422408,0.7628061771392822,507408000,0.0,0.0,NVDA
2007-12-18 00:00:00-05:00,0.7744959579757095,0.7907697936284203,0.766702882826646,0.7822890877723694,396896000,0.0,0.0,NVDA
2007-12-19 00:00:00-05:00,0.7795384601913194,0.7969583082497613,0.7763295537549829,0.7896236181259155,253536000,0.0,0.0,NVDA
2007-12-20 00:00:00-05:00,0.8022301763626382,0.8079604137671231,0.7854979574622697,0.8061267137527466,279940000,0.0,0.0,NVDA
2007-12-21 00:00:00-05:00,0.8157533801785221,0.8228588233403739,0.7985627248963548,0.8058974146842957,433408000,0.0,0.0,NVDA
2007-12-24 00:00:00-05:00,0.8118569007627763,0.8240049508445275,0.8058974717192621,0.8201084136962891,104008000,0.0,0.0,NVDA
2007-12-26 00:00:00-05:00,0.8217127721629437,0.8311102986335754,0.8136904521495967,0.8311102986335754,215340000,0.0,0.0,NVDA
2007-12-27 00:00:00-05:00,0.8297352785948418,0.834319501825472,0.803376336566219,0.8054391741752625,241368000,0.0,0.0,NVDA
2007-12-28 00:00:00-05:00,0.8040636913743868,0.8136904646082851,0.7905403813820878,0.7974166870117188,262064000,0.0,0.0,NVDA
2007-12-31 00:00:00-05:00,0.7909990407649626,0.8054391773226953,0.7795386192626033,0.7797678112983704,276236000,0.0,0.0,NVDA
2008-01-02 00:00:00-05:00,0.7820597809003987,0.7850394955187613,0.7463032601276401,0.7566176652908325,483964000,0.0,0.0,NVDA
2008-01-03 00:00:00-05:00,0.760972503882453,0.7761002673326367,0.7479076321702723,0.7506581544876099,475308000,0.0,0.0,NVDA
2008-01-04 00:00:00-05:00,0.7281958227176801,0.7318631682031385,0.6830417168148415,0.6876258850097656,736092000,0.0,0.0,NVDA
2008-01-07 00:00:00-05:00,0.692209745831116,0.6979399808540759,0.6039644652924742,0.6165709495544434,1006800000,0.0,0.0,NVDA
2008-01-08 00:00:00-05:00,0.6200093923221949,0.6713521256332569,0.605569255409409,0.6296361684799194,1106956000,0.0,0.0,NVDA
2008-01-09 00:00:00-05:00,0.6381167920549483,0.6624129486511919,0.6287192638097518,0.6621837019920349,741036000,0.0,0.0,NVDA
2008-01-10 00:00:00-05:00,0.6440760874994117,0.6587454661384974,0.6355953837129559,0.6484310626983643,554432000,0.0,0.0,NVDA
2008-01-11 00:00:00-05:00,0.6330742312294744,0.6463682967268165,0.6154251350390325,0.6200093030929565,572612000,0.0,0.0,NVDA
2008-01-14 00:00:00-05:00,0.6291776326548918,0.6621836860178274,0.6190924739707029,0.6612668633460999,539188000,0.0,0.0,NVDA
2008-01-15 00:00:00-05:00,0.63605387007123,0.6436177519228685,0.6019017511007279,0.6126745939254761,725692000,0.0,0.0,NVDA
2008-01-16 00:00:00-05:00,0.5741676023857689,0.5812730462254905,0.5308471447559696,0.5434536337852478,1464472000,0.0,0.0,NVDA
2008-01-17 00:00:00-05:00,0.5519344171770876,0.5666037455847139,0.5326808655790033,0.5340561270713806,1133900000,0.0,0.0,NVDA
2008-01-18 00:00:00-05:00,0.5356605500730662,0.5723339509737707,0.516177862199901,0.569354236125946,920428000,0.0,0.0,NVDA
2008-01-22 00:00:00-05:00,0.5150315736574507,0.5542262340412737,0.5118226681552267,0.5409321188926697,709092000,0.0,0.0,NVDA
2008-01-23 00:00:00-05:00,0.5189281916609673,0.5670620003986869,0.5138856406876925,0.5507882237434387,929880000,0.0,0.0,NVDA
2008-01-24 00:00:00-05:00,0.5615611363592621,0.5931919289045118,0.5562893376017205,0.5929626822471619,597092000,0.0,0.0,NVDA
2008-01-25 00:00:00-05:00,0.6156544767820677,0.6294069830678962,0.5691251037359855,0.5718755722045898,688012000,0.0,0.0,NVDA
2008-01-28 00:00:00-05:00,0.5698125171634563,0.5755426986063402,0.5528510554960342,0.5649991035461426,577608000,0.0,0.0,NVDA
2008-01-29 00:00:00-05:00,0.5750842845611338,0.5847110566437703,0.5601857152246225,0.5824189186096191,414484000,0.0,0.0,NVDA
2008-01-30 00:00:00-05:00,0.5730215683152978,0.5860864421484754,0.5608735171875442,0.5773765444755554,530476000,0.0,0.0,NVDA
2008-01-31 00:00:00-05:00,0.5647702182569329,0.5741678039904247,0.546204293518403,0.5636242032051086,588708000,0.0,0.0,NVDA
2008-02-01 00:00:00-05:00,0.5624779261906819,0.6188632558666075,0.5576645663814017,0.6156543493270874,593104000,0.0,0.0,NVDA
2008-02-04 00:00:00-05:00,0.6289486619406354,0.6323868164787989,0.5931921279817974,0.596401035785675,565128000,0.0,0.0,NVDA
2008-02-05 00:00:00-05:00,0.584481941105823,0.5847111877491874,0.5588105795610806,0.5590397715568542,494928000,0.0,0.0,NVDA
2008-02-06 00:00:00-05:00,0.5649992890257687,0.5805854947763579,0.546891806984425,0.5572062134742737,557380000,0.0,0.0,NVDA
2008-02-07 00:00:00-05:00,0.5411616626897593,0.5785226442727345,0.5294719938718422,0.562707245349884,664128000,0.0,0.0,NVDA
2008-02-08 00:00:00-05:00,0.5574353393494931,0.5771472725680504,0.5501007033793367,0.5727923512458801,393932000,0.0,0.0,NVDA
2008-02-11 00:00:00-05:00,0.5776058631789184,0.5870034482516151,0.5707296094086464,0.5746261477470398,503732000,0.0,0.0,NVDA
2008-02-12 00:00:00-05:00,0.583336118577633,0.6041940725467195,0.5801271563421045,0.5959425568580627,609688000,0.0,0.0,NVDA
2008-02-13 00:00:00-05:00,0.6005264764834863,0.6211552844519451,0.5941086639760271,0.6193215847015381,742312000,0.0,0.0,NVDA
2008-02-14 00:00:00-05:00,0.6012142802716081,0.6016727190031846,0.5168655429364418,0.518240749835968,2184296000,0.0,0.0,NVDA
2008-02-15 00:00:00-05:00,0.5161778589856845,0.5301595557633395,0.5021961075604332,0.51044762134552,817364000,0.0,0.0,NVDA
2008-02-19 00:00:00-05:00,0.5198450821103051,0.5207619593594892,0.49852869704717023,0.5028836727142334,558608000,0.0,0.0,NVDA
2008-02-20 00:00:00-05:00,0.4882142212441001,0.506550887137656,0.48615132993680255,0.4992161989212036,759016000,0.0,0.0,NVDA
2008-02-21 00:00:00-05:00,0.5042589686763476,0.5067802446663098,0.48500541947862197,0.48798513412475586,644272000,0.0,0.0,NVDA
2008-02-22 00:00:00-05:00,0.491881767361801,0.5125105819034542,0.48821447598760825,0.511593759059906,723052000,0.0,0.0,NVDA
2008-02-25 00:00:00-05:00,0.5111353275438719,0.5170947580826311,0.49784120485777794,0.5113645195960999,671784000,0.0,0.0,NVDA
2008-02-26 00:00:00-05:00,0.5083844877586772,0.5235122467378359,0.5005914163595865,0.5157191753387451,565420000,0.0,0.0,NVDA
2008-02-27 00:00:00-05:00,0.5131980077876908,0.5278673313700867,0.5099890471451446,0.523741602897644,537816000,0.0,0.0,NVDA
2008-02-28 00:00:00-05:00,0.5191574487837006,0.5200742712839972,0.5040296316146851,0.5040296316146851,503608000,0.0,0.0,NVDA
2008-02-29 00:00:00-05:00,0.4957783665751231,0.502425373263629,0.48821448238345394,0.49027732014656067,540576000,0.0,0.0,NVDA
2008-03-03 00:00:00-05:00,0.4895896912632659,0.4930278452946026,0.4781292689048176,0.48454713821411133,449028000,0.0,0.0,NVDA
2008-03-04 00:00:00-05:00,0.4813380993250398,0.4822549766852959,0.4609385343922656,0.4797336459159851,778888000,0.0,0.0,NVDA
2008-03-05 00:00:00-05:00,0.48431791944125496,0.4966952200201854,0.4792753661013273,0.485234797000885,644656000,0.0,0.0,NVDA
2008-03-06 00:00:00-05:00,0.4792752610943017,0.4824841679071274,0.4540622813282823,0.4547499120235443,1075284000,0.0,0.0,NVDA
2008-03-07 00:00:00-05:00,0.4464982918881486,0.46575183747047944,0.4354962853580962,0.44810277223587036,767500000,0.0,0.0,NVDA
2008-03-10 00:00:00-04:00,0.4426018123125333,0.4481028299479424,0.4217438383437226,0.42243146896362305,776100000,0.0,0.0,NVDA
2008-03-11 00:00:00-04:00,0.4354962892802033,0.4407680869695598,0.4180764431737535,0.43641313910484314,857940000,0.0,0.0,NVDA
2008-03-12 00:00:00-04:00,0.44053894011262534,0.4444354771258808,0.4208269810881822,0.42449432611465454,743320000,0.0,0.0,NVDA
2008-03-13 00:00:00-04:00,0.4178472658295881,0.45795878708197596,0.41532599003727727,0.4515409469604492,1220528000,0.0,0.0,NVDA
2008-03-14 00:00:00-04:00,0.4538329717916217,0.45429138302849076,0.41670116977699173,0.41991010308265686,1154972000,0.0,0.0,NVDA
2008-03-17 00:00:00-04:00,0.4015733592721562,0.4235773965503293,0.3967599735559508,0.4093664586544037,800952000,0.0,0.0,NVDA
2008-03-18 00:00:00-04:00,0.41899330666160695,0.43549633188157694,0.4070744763656908,0.4348087012767792,1075256000,0.0,0.0,NVDA
2008-03-19 00:00:00-04:00,0.4247234726224433,0.430682873114204,0.40478232502937317,0.40478232502937317,880476000,0.0,0.0,NVDA
2008-03-20 00:00:00-04:00,0.409595754021982,0.42541114870937546,0.4022610912928316,0.42449432611465454,633460000,0.0,0.0,NVDA
2008-03-24 00:00:00-04:00,0.43389188641288307,0.4616261118178556,0.43228743318897933,0.45910483598709106,887440000,0.0,0.0,NVDA
2008-03-25 00:00:00-04:00,0.46116780730296447,0.4744618740121465,0.4568128308604743,0.465751975774765,735388000,0.0,0.0,NVDA
2008-03-26 00:00:00-04:00,0.4595632388805767,0.4627721450788729,0.4458107095804419,0.45085328817367554,721652000,0.0,0.0,NVDA
2008-03-27 00:00:00-04:00,0.44397691710136494,0.4565833738366286,0.43710064064925414,0.44443532824516296,601308000,0.0,0.0,NVDA
2008-03-28 00:00:00-04:00,0.45245785118187326,0.46277225749345224,0.44787368274286005,0.45108261704444885,561788000,0.0,0.0,NVDA
2008-03-31 00:00:00-04:00,0.4558960076920157,0.4643767417246647,0.4478737123926566,0.45360392332077026,569992000,0.0,0.0,NVDA
2008-04-01 00:00:00-04:00,0.46712702200414913,0.4824839738437814,0.460479964388574,0.48133790493011475,676872000,0.0,0.0,NVDA
2008-04-02 00:00:00-04:00,0.48271340461801154,0.48271340461801154,0.4630014685889373,0.4666688144207001,616536000,0.0,0.0,NVDA
2008-04-03 00:00:00-04:00,0.46277226495472923,0.46345989569642776,0.44443556357923447,0.4579588770866394,841984000,0.0,0.0,NVDA
2008-04-04 00:00:00-04:00,0.44879035553500457,0.4510824663123871,0.42930764617946904,0.43045368790626526,1535528000,0.0,0.0,NVDA
2008-04-07 00:00:00-04:00,0.44099731216088894,0.4474151517241258,0.4373299674608131,0.4407680928707123,729496000,0.0,0.0,NVDA
2008-04-08 00:00:00-04:00,0.4354963213677195,0.4524577574734695,0.4354963213677195,0.43824681639671326,639476000,0.0,0.0,NVDA
2008-04-09 00:00:00-04:00,0.44328949759524156,0.45154101140396646,0.4391637406908791,0.4469568431377411,675232000,0.0,0.0,NVDA
2008-04-10 00:00:00-04:00,0.45177018593498525,0.47010691293766865,0.4421434384133228,0.45566675066947937,1092184000,0.0,0.0,NVDA
2008-04-11 00:00:00-04:00,0.4469568014552556,0.4497072966937244,0.42197304301619637,0.4247235655784607,1106280000,0.0,0.0,NVDA
2008-04-14 00:00:00-04:00,0.4231191185295992,0.42403596856432624,0.4079913525326824,0.41051265597343445,780004000,0.0,0.0,NVDA
2008-04-15 00:00:00-04:00,0.41257544716769473,0.41693042257755786,0.4036363316967957,0.41532596945762634,439916000,0.0,0.0,NVDA
2008-04-16 00:00:00-04:00,0.4311413724143115,0.4373299930494747,0.42357749060520383,0.43182897567749023,646836000,0.0,0.0,NVDA
2008-04-17 00:00:00-04:00,0.4118878331921187,0.4274740073593811,0.41165861389932973,0.42586955428123474,596968000,0.0,0.0,NVDA
2008-04-18 00:00:00-04:00,0.4389344640329193,0.4428310284094443,0.42999534801054995,0.435954749584198,573540000,0.0,0.0,NVDA
2008-04-21 00:00:00-04:00,0.432516559543722,0.4584171358045193,0.432516559543722,0.45543742179870605,679892000,0.0,0.0,NVDA
2008-04-22 00:00:00-04:00,0.44718603515677346,0.45199942276582933,0.43733006791962936,0.4469568431377411,587668000,0.0,0.0,NVDA
2008-04-23 00:00:00-04:00,0.45314550240967016,0.4735450692802946,0.44718607223986967,0.4685024619102478,1020496000,0.0,0.0,NVDA
2008-04-24 00:00:00-04:00,0.47125285019557106,0.4735449338633015,0.45039487788970733,0.45727112889289856,655764000,0.0,0.0,NVDA
2008-04-25 00:00:00-04:00,0.4616261946533195,0.4630014561341861,0.4471860583994191,0.4618554413318634,552208000,0.0,0.0,NVDA
2008-04-28 00:00:00-04:00,0.4597925729821738,0.46666882609591015,0.4517702503590137,0.45360392332077026,535700000,0.0,0.0,NVDA
2008-04-29 00:00:00-04:00,0.4485612079761988,0.4687315771525396,0.4485612079761988,0.4630013406276703,573408000,0.0,0.0,NVDA
2008-04-30 00:00:00-04:00,0.468502407667341,0.4760662905228693,0.46529350091592775,0.4710237383842468,1068320000,0.0,0.0,NVDA
2008-05-01 00:00:00-04:00,0.4767540101786354,0.4939446711441852,0.47446192569306905,0.49279865622520447,1014624000,0.0,0.0,NVDA
2008-05-02 00:00:00-04:00,0.5063219248325689,0.5161778926849365,0.49875804125638906,0.5161778926849365,1131016000,0.0,0.0,NVDA
2008-05-05 00:00:00-04:00,0.5127396189764656,0.5150317027163536,0.5021960228434634,0.5033420920372009,943392000,0.0,0.0,NVDA
2008-05-06 00:00:00-04:00,0.5019668785418395,0.517553027594455,0.4941737493679396,0.5164070129394531,729036000,0.0,0.0,NVDA
2008-05-07 00:00:00-04:00,0.5177821679511964,0.5246584184124008,0.5001330759179489,0.5044880509376526,715632000,0.0,0.0,NVDA
2008-05-08 00:00:00-04:00,0.508384771173365,0.5099892247295373,0.48156739014539834,0.5031129717826843,1360000000,0.0,0.0,NVDA
2008-05-09 00:00:00-04:00,0.5044881545009174,0.5370357685578165,0.5035713318473974,0.5164070129394531,2030352000,0.0,0.0,NVDA
2008-05-12 00:00:00-04:00,0.5230540339382848,0.5230540339382848,0.49669504306109014,0.5017375946044922,1006652000,0.0,0.0,NVDA
2008-05-13 00:00:00-04:00,0.5042591435618636,0.5042591435618636,0.48775611128245444,0.49142345786094666,854108000,0.0,0.0,NVDA
2008-05-14 00:00:00-04:00,0.49761209063533723,0.5189284849594734,0.491423467076409,0.505863606929779,751148000,0.0,0.0,NVDA
2008-05-15 00:00:00-04:00,0.5047172745304022,0.5473500956394148,0.5024251908996543,0.545058012008667,1165464000,0.0,0.0,NVDA
2008-05-16 00:00:00-04:00,0.554226392625895,0.5606442601143049,0.5416199042845251,0.5594981908798218,1091556000,0.0,0.0,NVDA
2008-05-19 00:00:00-04:00,0.559727147196784,0.5801267010121676,0.5439117590940101,0.5478083491325378,1158532000,0.0,0.0,NVDA
2008-05-20 00:00:00-04:00,0.5329101365754935,0.5390987589259713,0.5274091450025801,0.5335977673530579,771404000,0.0,0.0,NVDA
2008-05-21 00:00:00-04:00,0.53497275084944,0.5556014995115178,0.5280964466478404,0.5292425155639648,1066660000,0.0,0.0,NVDA
2008-05-22 00:00:00-04:00,0.536806636267358,0.5464334118191203,0.5283259301456714,0.54207843542099,693108000,0.0,0.0,NVDA
2008-05-23 00:00:00-04:00,0.5411616548666343,0.5455166316043766,0.5219081022616693,0.5297012329101562,802672000,0.0,0.0,NVDA
2008-05-27 00:00:00-04:00,0.5306179654274192,0.5361189561007544,0.5205327521041124,0.5354313254356384,832856000,0.0,0.0,NVDA
2008-05-28 00:00:00-04:00,0.550100773423548,0.5514759802728371,0.534285375504526,0.540473997592926,751736000,0.0,0.0,NVDA
2008-05-29 00:00:00-04:00,0.540703193165027,0.5416200159530862,0.5292427716952868,0.5390987396240234,693460000,0.0,0.0,NVDA
2008-05-30 00:00:00-04:00,0.5544552838363017,0.5679785874406671,0.5528508314964697,0.5661449432373047,830244000,0.0,0.0,NVDA
2008-06-02 00:00:00-04:00,0.5661453134033817,0.5727923736198851,0.5599566918612422,0.568437397480011,734660000,0.0,0.0,NVDA
2008-06-03 00:00:00-04:00,0.570270978914016,0.571187856159896,0.5425367810920722,0.5491837859153748,840696000,0.0,0.0,NVDA
2008-06-04 00:00:00-04:00,0.5370356815310452,0.5567476113015654,0.5340559674042747,0.5556015968322754,831724000,0.0,0.0,NVDA
2008-06-05 00:00:00-04:00,0.5748550343922453,0.5810437086803042,0.5631654255877347,0.5695832371711731,827860000,0.0,0.0,NVDA
2008-06-06 00:00:00-04:00,0.5627070490821962,0.5633946796344456,0.5482669167801264,0.5514758229255676,784876000,0.0,0.0,NVDA
2008-06-09 00:00:00-04:00,0.5482670131915024,0.5558308959487517,0.5319932329867869,0.5429952144622803,637916000,0.0,0.0,NVDA
2008-06-10 00:00:00-04:00,0.5283260752103882,0.5290137061277197,0.5074680648957645,0.5109062194824219,1225208000,0.0,0.0,NVDA
2008-06-11 00:00:00-04:00,0.5109059493439846,0.5232831900163333,0.48638060532042504,0.487068235874176,999428000,0.0,0.0,NVDA
2008-06-12 00:00:00-04:00,0.49807055430085456,0.5076972782515017,0.48592244401756157,0.49004822969436646,825992000,0.0,0.0,NVDA
2008-06-13 00:00:00-04:00,0.49073566728484624,0.4964658500480504,0.47400344836604347,0.4884435832500458,705748000,0.0,0.0,NVDA
2008-06-16 00:00:00-04:00,0.4831717045852932,0.48775587189664105,0.47789990671248467,0.4817964434623718,630496000,0.0,0.0,NVDA
2008-06-17 00:00:00-04:00,0.48867273260297983,0.4889019245921755,0.46896080069483265,0.4701068699359894,687912000,0.0,0.0,NVDA
2008-06-18 00:00:00-04:00,0.46529355723652965,0.48133814758327864,0.44879052816369025,0.45635443925857544,1065272000,0.0,0.0,NVDA
2008-06-19 00:00:00-04:00,0.4588756441418497,0.4652934570394867,0.44420626383709777,0.45520827174186707,784928000,0.0,0.0,NVDA
2008-06-20 00:00:00-04:00,0.4451230426355928,0.4579587210272632,0.4448938233585382,0.45291611552238464,741008000,0.0,0.0,NVDA
2008-06-23 00:00:00-04:00,0.4563543158686965,0.45681272714704035,0.4396220719569053,0.44351860880851746,776616000,0.0,0.0,NVDA
2008-06-24 00:00:00-04:00,0.4409973107423132,0.46873156054626125,0.4409973107423132,0.45818793773651123,1078928000,0.0,0.0,NVDA
2008-06-25 00:00:00-04:00,0.46529353164044396,0.46873168527798437,0.4533746992175672,0.4607093632221222,900976000,0.0,0.0,NVDA
2008-06-26 00:00:00-04:00,0.4469566694123939,0.45039479427571544,0.43710067868232727,0.43710067868232727,845532000,0.0,0.0,NVDA
2008-06-27 00:00:00-04:00,0.43893451578505666,0.44443553402908687,0.428849356656698,0.44191423058509827,584140000,0.0,0.0,NVDA
2008-06-30 00:00:00-04:00,0.43687159081614235,0.4407681277913128,0.42609877515259686,0.42907848954200745,653940000,0.0,0.0,NVDA
2008-07-01 00:00:00-04:00,0.42403587967257295,0.43022449998350304,0.41624277896817147,0.42976608872413635,881464000,0.0,0.0,NVDA
2008-07-02 00:00:00-04:00,0.4277032118778314,0.4304537066773268,0.4125754221711284,0.4132630527019501,763196000,0.0,0.0,NVDA
2008-07-03 00:00:00-04:00,0.2975127839630947,0.3009509099869048,0.28421869120626964,0.286281555891037,2987520000,0.0,0.0,NVDA
2008-07-07 00:00:00-04:00,0.29063650020168785,0.2924701726790585,0.2695493076976156,0.27734240889549255,2202692000,0.0,0.0,NVDA
2008-07-08 00:00:00-04:00,0.279176064224031,0.28605231509894113,0.2704661136605943,0.2757379114627838,1805288000,0.0,0.0,NVDA
2008-07-09 00:00:00-04:00,0.27642546704783344,0.280551221918624,0.27092447876930237,0.27092447876930237,1413168000,0.0,0.0,NVDA
2008-07-10 00:00:00-04:00,0.27229986371799636,0.27550879810280365,0.2651943915237372,0.270236998796463,1056992000,0.0,0.0,NVDA
2008-07-11 00:00:00-04:00,0.2647359895691608,0.27413354637734183,0.25946419007490806,0.2674865126609802,807760000,0.0,0.0,NVDA
2008-07-14 00:00:00-04:00,0.2695493751685856,0.27161224014461277,0.25350475746830525,0.2553384304046631,882316000,0.0,0.0,NVDA
2008-07-15 00:00:00-04:00,0.25304633907581514,0.26336074564246026,0.24525326346629647,0.25808894634246826,1122484000,0.0,0.0,NVDA
2008-07-16 00:00:00-04:00,0.2590057333795112,0.266340396586337,0.25190026217439476,0.2594641447067261,1034392000,0.0,0.0,NVDA
2008-07-17 00:00:00-04:00,0.26358979931849447,0.26358979931849447,0.25029571202986206,0.26038089394569397,862080000,0.0,0.0,NVDA
2008-07-18 00:00:00-04:00,0.2585472484499807,0.26656954002576927,0.25121256000737197,0.26496508717536926,899720000,0.0,0.0,NVDA
2008-07-21 00:00:00-04:00,0.26909091768157506,0.2729874549266483,0.2642775304634401,0.2665696144104004,571636000,0.0,0.0,NVDA
2008-07-22 00:00:00-04:00,0.26404833941783923,0.2651943815140563,0.25579685271935576,0.26083943247795105,555924000,0.0,0.0,NVDA
2008-07-23 00:00:00-04:00,0.2626731014240879,0.27138302669168746,0.26152705934476683,0.26863253116607666,594876000,0.0,0.0,NVDA
2008-07-24 00:00:00-04:00,0.2658819351688705,0.26840323797925086,0.25212943400052124,0.2528170645236969,705628000,0.0,0.0,NVDA
2008-07-25 00:00:00-04:00,0.2553383154253923,0.2658819095688012,0.2500665183536879,0.26496508717536926,1039600000,0.0,0.0,NVDA
2008-07-28 00:00:00-04:00,0.2615271111322669,0.27298753419486593,0.260381068826007,0.2642776072025299,734808000,0.0,0.0,NVDA
2008-07-29 00:00:00-04:00,0.2647359792642612,0.27367512431711466,0.2617562642466434,0.2670280635356903,764636000,0.0,0.0,NVDA
2008-07-30 00:00:00-04:00,0.27229980461390135,0.27275824322922443,0.257172040726884,0.2631314694881439,588492000,0.0,0.0,NVDA
2008-07-31 00:00:00-04:00,0.2624439122971509,0.267944931305572,0.2594641970830647,0.262214720249176,487236000,0.0,0.0,NVDA
2008-08-01 00:00:00-04:00,0.2553383466188084,0.2562551964480356,0.24525318976385035,0.24846209585666656,881060000,0.0,0.0,NVDA
2008-08-04 00:00:00-04:00,0.24846213342041604,0.24983739471027996,0.2418150736178015,0.24250270426273346,522052000,0.0,0.0,NVDA
2008-08-05 00:00:00-04:00,0.24708686434500152,0.25648441910743713,0.24433636917573584,0.25648441910743713,685844000,0.0,0.0,NVDA
2008-08-06 00:00:00-04:00,0.25717208951138926,0.26565282297051096,0.2489205754034111,0.26336073875427246,814864000,0.0,0.0,NVDA
2008-08-07 00:00:00-04:00,0.2610687276054877,0.2727583713095004,0.25625533847470444,0.25923505425453186,819232000,0.0,0.0,NVDA
2008-08-08 00:00:00-04:00,0.26129776970743196,0.2635898532494786,0.2512125857281523,0.2521294355392456,853764000,0.0,0.0,NVDA
2008-08-11 00:00:00-04:00,0.2539631321116829,0.2635898784436541,0.2530462822129562,0.2574012577533722,1196436000,0.0,0.0,NVDA
2008-08-12 00:00:00-04:00,0.25946414283018715,0.2601517734779343,0.2500665877331669,0.25373393297195435,1410868000,0.0,0.0,NVDA
2008-08-13 00:00:00-04:00,0.27390434831403043,0.2851355505047826,0.2672572874199973,0.2810097932815552,2095260000,0.0,0.0,NVDA
2008-08-14 00:00:00-04:00,0.2789469703251536,0.3092025096343589,0.2789469703251536,0.29797127842903137,1635304000,0.0,0.0,NVDA
2008-08-15 00:00:00-04:00,0.30324291044431145,0.3066810628445367,0.29499139933134916,0.2970542907714844,777652000,0.0,0.0,NVDA
2008-08-18 00:00:00-04:00,0.29911714863684513,0.3057642067066507,0.2959082428954139,0.30301371216773987,893968000,0.0,0.0,NVDA
2008-08-19 00:00:00-04:00,0.29682517720298424,0.3094316676295436,0.29682517720298424,0.3075979948043823,1014140000,0.0,0.0,NVDA
2008-08-20 00:00:00-04:00,0.3121821454047129,0.32364256575374745,0.309890061334906,0.32272574305534363,1143692000,0.0,0.0,NVDA
2008-08-21 00:00:00-04:00,0.3169955761674526,0.31951687991805017,0.3057643462974647,0.3121821880340576,1021560000,0.0,0.0,NVDA
2008-08-22 00:00:00-04:00,0.3144741920720381,0.3181415370770667,0.30530585688326084,0.3119528889656067,459264000,0.0,0.0,NVDA
2008-08-25 00:00:00-04:00,0.3101192479912115,0.31745391077691143,0.30645190293646424,0.3073687255382538,471600000,0.0,0.0,NVDA
2008-08-26 00:00:00-04:00,0.3089732503841461,0.30920244240556255,0.2968251715637237,0.3000341057777405,613112000,0.0,0.0,NVDA
2008-08-27 00:00:00-04:00,0.29315780758988286,0.30599348779667124,0.2904072851714324,0.30232614278793335,454620000,0.0,0.0,NVDA
2008-08-28 00:00:00-04:00,0.30278457760236543,0.30599351156521887,0.29820040964725747,0.3011801242828369,365192000,0.0,0.0,NVDA
2008-08-29 00:00:00-04:00,0.2970543334292191,0.2979711559850777,0.28880282113131933,0.28971967101097107,516004000,0.0,0.0,NVDA
2008-09-02 00:00:00-04:00,0.29453304123820934,0.2970543443451612,0.27848845465453714,0.282384991645813,693928000,0.0,0.0,NVDA
2008-09-03 00:00:00-04:00,0.27848847105928987,0.2796345130256328,0.2647359401393789,0.2672572433948517,714856000,0.0,0.0,NVDA
2008-09-04 00:00:00-04:00,0.26427745967111754,0.26702795420593234,0.2619853763381404,0.2635898292064667,716128000,0.0,0.0,NVDA
2008-09-05 00:00:00-04:00,0.26129786302818736,0.2681741161101342,0.261068670986403,0.2674865126609802,791100000,0.0,0.0,NVDA
2008-09-08 00:00:00-04:00,0.2700077302856687,0.2700077302856687,0.2521294706997494,0.25648441910743713,1314840000,0.0,0.0,NVDA
2008-09-09 00:00:00-04:00,0.25556765973157114,0.27115383931254694,0.24685773343716103,0.24777455627918243,1098296000,0.0,0.0,NVDA
2008-09-10 00:00:00-04:00,0.2507541863507171,0.25579679224087926,0.24639923834425975,0.24800369143486023,644284000,0.0,0.0,NVDA
2008-09-11 00:00:00-04:00,0.2337927058294772,0.24112739395483412,0.22829170339735308,0.23608478903770447,1066976000,0.0,0.0,NVDA
2008-09-12 00:00:00-04:00,0.23402199839000226,0.2356264516736181,0.2202694811706048,0.2335635870695114,1209200000,0.0,0.0,NVDA
2008-09-15 00:00:00-04:00,0.22531205150034872,0.22875019091667834,0.2104134929025781,0.21316400170326233,863984000,0.0,0.0,NVDA
2008-09-16 00:00:00-04:00,0.2056001516850058,0.22141554901938315,0.20170360035769708,0.2198110818862915,1240840000,0.0,0.0,NVDA
2008-09-17 00:00:00-04:00,0.21476849801243603,0.2342512281915603,0.2127056194135264,0.22920864820480347,1392580000,0.0,0.0,NVDA
2008-09-18 00:00:00-04:00,0.2319590366790243,0.2617561460798401,0.2315006254964429,0.2496080994606018,1611060000,0.0,0.0,NVDA
2008-09-19 00:00:00-04:00,0.261526882648468,0.2635897460679871,0.2498372504077801,0.261526882648468,1107344000,0.0,0.0,NVDA
2008-09-22 00:00:00-04:00,0.2594642764820245,0.26702816285586106,0.25465088679218034,0.25602614879608154,700072000,0.0,0.0,NVDA
2008-09-23 00:00:00-04:00,0.2539631943320444,0.26336075098455763,0.24777454480176475,0.2486913949251175,821468000,0.0,0.0,NVDA
2008-09-24 00:00:00-04:00,0.2454823228708468,0.2629021648878304,0.24410708944242288,0.25785958766937256,866036000,0.0,0.0,NVDA
2008-09-25 00:00:00-04:00,0.25785971001793545,0.26909093862651107,0.2535047337854599,0.26290228962898254,588328000,0.0,0.0,NVDA
2008-09-26 00:00:00-04:00,0.2564844539907113,0.2697785749851236,0.25167109362080203,0.26794490218162537,646852000,0.0,0.0,NVDA
2008-09-29 00:00:00-04:00,0.26083937421189846,0.2640482804349842,0.22920858663340452,0.23150067031383514,975240000,0.0,0.0,NVDA
2008-09-30 00:00:00-04:00,0.23516795177094882,0.24777440861677077,0.23264664947227026,0.24548232555389404,659044000,0.0,0.0,NVDA
2008-10-01 00:00:00-04:00,0.24181507643517336,0.2461700523546181,0.23425119390038707,0.23860616981983185,557208000,0.0,0.0,NVDA
2008-10-02 00:00:00-04:00,0.2402106082658671,0.2402106082658671,0.21270557511641397,0.21385163068771362,787728000,0.0,0.0,NVDA
2008-10-03 00:00:00-04:00,0.21728979303249377,0.22347842858328273,0.20560015265719217,0.20697540044784546,915828000,0.0,0.0,NVDA
2008-10-06 00:00:00-04:00,0.19711937505351293,0.19757778629523606,0.16755146742929644,0.1799287348985672,1677440000,0.0,0.0,NVDA
2008-10-07 00:00:00-04:00,0.1863465959202786,0.18680500721530047,0.1645717725069008,0.16594702005386353,1059984000,0.0,0.0,NVDA
2008-10-08 00:00:00-04:00,0.1599875960880767,0.17924111533158799,0.15838312932016924,0.1693851500749588,1219456000,0.0,0.0,NVDA
2008-10-09 00:00:00-04:00,0.17557377687282605,0.17809507993326634,0.15677868188153604,0.15861234068870544,909636000,0.0,0.0,NVDA
2008-10-10 00:00:00-04:00,0.14485987780894144,0.1680099410047156,0.14394304132344238,0.1560910940170288,1200252000,0.0,0.0,NVDA
2008-10-13 00:00:00-04:00,0.16938519109855152,0.18474216362095003,0.1673223125612861,0.18451295793056488,916536000,0.0,0.0,NVDA
2008-10-14 00:00:00-04:00,0.19138919275472702,0.19253523476161352,0.17534459099641742,0.18038718402385712,1209012000,0.0,0.0,NVDA
2008-10-15 00:00:00-04:00,0.1792410877184708,0.18015792377861745,0.1609044075012207,0.1609044075012207,854064000,0.0,0.0,NVDA
2008-10-16 00:00:00-04:00,0.16571783151559083,0.17740747102639226,0.1581539487335309,0.1764906346797943,1019820000,0.0,0.0,NVDA
2008-10-17 00:00:00-04:00,0.17144804911647693,0.18542977216129672,0.16823912884943798,0.1753445863723755,839416000,0.0,0.0,NVDA
2008-10-20 00:00:00-04:00,0.1813040499519583,0.18267929785229348,0.17442778312648133,0.17878274619579315,595764000,0.0,0.0,NVDA
2008-10-21 00:00:00-04:00,0.17534458916446785,0.17717826182108795,0.1641133748819408,0.16503021121025085,659116000,0.0,0.0,NVDA
2008-10-22 00:00:00-04:00,0.16273811756641993,0.16961438336714393,0.1544866177322091,0.1588415801525116,600996000,0.0,0.0,NVDA
2008-10-23 00:00:00-04:00,0.1583831521657382,0.16227970316822166,0.1434845924834052,0.14990243315696716,832192000,0.0,0.0,NVDA
2008-10-24 00:00:00-04:00,0.13752513680237252,0.15929994215997645,0.13683750633669764,0.15150685608386993,798336000,0.0,0.0,NVDA
2008-10-27 00:00:00-04:00,0.15059009691173925,0.1691559923461955,0.14577670851797575,0.15975844860076904,698936000,0.0,0.0,NVDA
2008-10-28 00:00:00-04:00,0.16823909603418208,0.18405447495971516,0.16525938201129345,0.1838252693414688,849920000,0.0,0.0,NVDA
2008-10-29 00:00:00-04:00,0.1826792642175771,0.20170358026072865,0.18176242789886043,0.18978473544120789,977284000,0.0,0.0,NVDA
2008-10-30 00:00:00-04:00,0.20055758316488517,0.20170362540430384,0.18565902039054116,0.19780707359313965,657176000,0.0,0.0,NVDA
2008-10-31 00:00:00-04:00,0.19161841814397965,0.20468330563269457,0.1911599931295921,0.200786754488945,608672000,0.0,0.0,NVDA
2008-11-03 00:00:00-05:00,0.20514166736196124,0.20880901194234555,0.19024311074341482,0.19345203042030334,723924000,0.0,0.0,NVDA
2008-11-04 00:00:00-05:00,0.20009905488261875,0.20582926273345947,0.19482725819508806,0.20582926273345947,619560000,0.0,0.0,NVDA
2008-11-05 00:00:00-05:00,0.1982654783286024,0.2039956889373309,0.19505655765533447,0.19505655765533447,787620000,0.0,0.0,NVDA
2008-11-06 00:00:00-05:00,0.18359605559669911,0.19047230581109786,0.17419850270750506,0.1746569275856018,797936000,0.0,0.0,NVDA
2008-11-07 00:00:00-05:00,0.19895303498816674,0.20789217721750122,0.18565894494819143,0.19986987113952637,1132068000,0.0,0.0,NVDA
2008-11-10 00:00:00-05:00,0.2074337659057906,0.20857982141652268,0.18267924284428702,0.18703420460224152,576396000,0.0,0.0,NVDA
2008-11-11 00:00:00-05:00,0.184283765120935,0.18565901302127014,0.1769490868826465,0.17878274619579315,576484000,0.0,0.0,NVDA
2008-11-12 00:00:00-05:00,0.17328163414501802,0.17740738896536276,0.166176179653884,0.1682390570640564,646092000,0.0,0.0,NVDA
2008-11-13 00:00:00-05:00,0.16044601865772992,0.18222084240409833,0.15723709855781326,0.18199163675308228,797228000,0.0,0.0,NVDA
2008-11-14 00:00:00-05:00,0.17465692643803937,0.17557374886441954,0.1636549070406362,0.16434253752231598,741024000,0.0,0.0,NVDA
2008-11-17 00:00:00-05:00,0.16273806595961976,0.1670930269988956,0.15929994098049052,0.1609044075012207,388224000,0.0,0.0,NVDA
2008-11-18 00:00:00-05:00,0.16411336325014989,0.16503019951347772,0.15036084662402674,0.1556326448917389,564488000,0.0,0.0,NVDA
2008-11-19 00:00:00-05:00,0.15425736640673968,0.15815391667444384,0.14210931801609689,0.14279694855213165,500220000,0.0,0.0,NVDA
2008-11-20 00:00:00-05:00,0.141650868051402,0.14875633679405217,0.13362857697205544,0.13523302972316742,847036000,0.0,0.0,NVDA
2008-11-21 00:00:00-05:00,0.13958803327314284,0.14623507857322693,0.1317949324891445,0.14623507857322693,599064000,0.0,0.0,NVDA
2008-11-24 00:00:00-05:00,0.1551742387579765,0.1576955422035375,0.1466935193705146,0.15586186945438385,600308000,0.0,0.0,NVDA
2008-11-25 00:00:00-05:00,0.16273809773029513,0.16319652268081195,0.15563264078530506,0.1602168083190918,528256000,0.0,0.0,NVDA
2008-11-26 00:00:00-05:00,0.15746632375648667,0.1748861876484393,0.15654950103860932,0.17442776262760162,600792000,0.0,0.0,NVDA
2008-11-28 00:00:00-05:00,0.1716771925839096,0.17419848128677393,0.16892668463923602,0.17121876776218414,175248000,0.0,0.0,NVDA
2008-12-01 00:00:00-05:00,0.16434257140172176,0.16594702464054154,0.15632026422193043,0.15654948353767395,547112000,0.0,0.0,NVDA
2008-12-02 00:00:00-05:00,0.15952919709675245,0.16732229924482445,0.15746631872366262,0.16525942087173462,479988000,0.0,0.0,NVDA
2008-12-03 00:00:00-05:00,0.15884158785881142,0.17396935422767937,0.1574663264348058,0.17374014854431152,584632000,0.0,0.0,NVDA
2008-12-04 00:00:00-05:00,0.17030198889312145,0.17878270748926012,0.1583831444595503,0.16227969527244568,466292000,0.0,0.0,NVDA
2008-12-05 00:00:00-05:00,0.1572371167362012,0.16938518158727323,0.15448662128222557,0.1686975508928299,438484000,0.0,0.0,NVDA
2008-12-08 00:00:00-05:00,0.17190645829709197,0.17534458418417834,0.15929998304921084,0.16319653391838074,707992000,0.0,0.0,NVDA
2008-12-09 00:00:00-05:00,0.16113363923589827,0.18542975095386885,0.159299966818192,0.17901191115379333,829760000,0.0,0.0,NVDA
2008-12-10 00:00:00-05:00,0.18245005497167527,0.2005575343406402,0.17947034040981566,0.19597336649894714,961124000,0.0,0.0,NVDA
2008-12-11 00:00:00-05:00,0.1948272575232644,0.20170350692056185,0.18542970575077675,0.18772178888320923,582700000,0.0,0.0,NVDA
2008-12-12 00:00:00-05:00,0.18222085517925102,0.19826545680369034,0.17855350985829443,0.19711941480636597,679268000,0.0,0.0,NVDA
2008-12-15 00:00:00-05:00,0.19826542574710318,0.19941146756490985,0.18451291027152675,0.19070154428482056,476996000,0.0,0.0,NVDA
2008-12-16 00:00:00-05:00,0.19253521912517124,0.20399565192519392,0.19070156026020954,0.2035372406244278,521940000,0.0,0.0,NVDA
2008-12-17 00:00:00-05:00,0.1998698898884052,0.21660212048102684,0.19711939483821064,0.21362240612506866,674180000,0.0,0.0,NVDA
2008-12-18 00:00:00-05:00,0.2122470985112883,0.21293472891011225,0.19138911758652263,0.1939104199409485,550808000,0.0,0.0,NVDA
2008-12-19 00:00:00-05:00,0.19643179447324993,0.2039956775181227,0.1945981217163417,0.19528575241565704,593120000,0.0,0.0,NVDA
2008-12-22 00:00:00-05:00,0.1982654145575238,0.1987238257940165,0.17671981320445984,0.1838252693414688,522464000,0.0,0.0,NVDA
2008-12-23 00:00:00-05:00,0.1849713240009858,0.1888678744306373,0.17855348427091056,0.1813039928674698,377452000,0.0,0.0,NVDA
2008-12-24 00:00:00-05:00,0.17763662611700964,0.18199160093878153,0.17328166495713238,0.17694900929927826,146616000,0.0,0.0,NVDA
2008-12-26 00:00:00-05:00,0.1769490685595215,0.17924115271003435,0.16732230693022804,0.17213568091392517,226156000,0.0,0.0,NVDA
2008-12-29 00:00:00-05:00,0.17442773322749228,0.17763665318489075,0.163196520207546,0.17763665318489075,460168000,0.0,0.0,NVDA
2008-12-30 00:00:00-05:00,0.1799287328455948,0.1865757777461111,0.1758029770695791,0.1838252693414688,409860000,0.0,0.0,NVDA
2008-12-31 00:00:00-05:00,0.18153322151605583,0.18955552902664696,0.178324301244199,0.18497134745121002,441580000,0.0,0.0,NVDA
2009-01-02 00:00:00-05:00,0.18497133828935383,0.20101593885392938,0.1842837213335203,0.199640691280365,497124000,0.0,0.0,NVDA
2009-01-05 00:00:00-05:00,0.1973485732704283,0.2078921680534504,0.19597332593495867,0.20330800116062164,705736000,0.0,0.0,NVDA
2009-01-06 00:00:00-05:00,0.20926743988570407,0.21614370469177566,0.20468327245625403,0.2101842761039734,657904000,0.0,0.0,NVDA
2009-01-07 00:00:00-05:00,0.2053709209316101,0.2053709209316101,0.1904723481638313,0.1975778192281723,870096000,0.0,0.0,NVDA
2009-01-08 00:00:00-05:00,0.19505653984499552,0.19505653984499552,0.18061639130284976,0.19253523647785187,1014496000,0.0,0.0,NVDA
2009-01-09 00:00:00-05:00,0.19253519831168864,0.19253519831168864,0.1813039860380653,0.18176239728927612,761352000,0.0,0.0,NVDA
2009-01-12 00:00:00-05:00,0.18176244000391342,0.18267927638368978,0.17190647282964092,0.17442776262760162,645532000,0.0,0.0,NVDA
2009-01-13 00:00:00-05:00,0.1684683345123912,0.18199164623130457,0.16525941424535226,0.1753445863723755,1824424000,0.0,0.0,NVDA
2009-01-14 00:00:00-05:00,0.16915595592998836,0.17121883427437226,0.1650302129031189,0.16755150258541107,974908000,0.0,0.0,NVDA
2009-01-15 00:00:00-05:00,0.16846837459105526,0.17626146461872827,0.165030247843132,0.17351096868515015,998204000,0.0,0.0,NVDA
2009-01-16 00:00:00-05:00,0.17832429791171822,0.18474213833549688,0.17259408812687935,0.1831376850605011,831324000,0.0,0.0,NVDA
2009-01-20 00:00:00-05:00,0.18267927054502767,0.18336690122335714,0.1638841595150757,0.16525942087173462,705788000,0.0,0.0,NVDA
2009-01-21 00:00:00-05:00,0.16846832609005014,0.17442774133839087,0.1622796915283177,0.1732816994190216,648472000,0.0,0.0,NVDA
2009-01-22 00:00:00-05:00,0.16778069522408123,0.17465696039196513,0.1638841445068838,0.1700727790594101,547656000,0.0,0.0,NVDA
2009-01-23 00:00:00-05:00,0.16525939719405425,0.1819916274535919,0.16503019155475024,0.17671982944011688,633616000,0.0,0.0,NVDA
2009-01-26 00:00:00-05:00,0.1776366872634212,0.1879510796987764,0.17465698603711796,0.18267928063869476,581748000,0.0,0.0,NVDA
2009-01-27 00:00:00-05:00,0.1856589436798299,0.19482729146889521,0.18497131315553397,0.19345203042030334,725300000,0.0,0.0,NVDA
2009-01-28 00:00:00-05:00,0.20032831180718233,0.2046832736223497,0.1939104719046308,0.2014743536710739,723752000,0.0,0.0,NVDA
2009-01-29 00:00:00-05:00,0.19482732836320063,0.1971194123290433,0.1888678991224912,0.18978473544120789,413128000,0.0,0.0,NVDA
2009-01-30 00:00:00-05:00,0.1884094502851108,0.1934520285413178,0.17992873310271404,0.18222081661224365,506760000,0.0,0.0,NVDA
2009-02-02 00:00:00-05:00,0.17947032790550554,0.19413968037113682,0.1785534916686665,0.19207680225372314,577992000,0.0,0.0,NVDA
2009-02-03 00:00:00-05:00,0.19253528531595684,0.19597342590127367,0.18726348523529332,0.19436895847320557,396948000,0.0,0.0,NVDA
2009-02-04 00:00:00-05:00,0.19482729279989192,0.20972584952022044,0.19482729279989192,0.19986987113952637,779232000,0.0,0.0,NVDA
2009-02-05 00:00:00-05:00,0.19459809395468353,0.2168313285591974,0.19253521581292982,0.21453924477100372,919192000,0.0,0.0,NVDA
2009-02-06 00:00:00-05:00,0.2152268846793406,0.22760414040319918,0.21155953953012502,0.22622889280319214,1157880000,0.0,0.0,NVDA
2009-02-09 00:00:00-05:00,0.22531207541017442,0.22852099585388386,0.21706057545627788,0.22324919700622559,716128000,0.0,0.0,NVDA
2009-02-10 00:00:00-05:00,0.22301996048067665,0.22599967483663483,0.20949664988787994,0.21362240612506866,1129664000,0.0,0.0,NVDA
2009-02-11 00:00:00-05:00,0.19666096009318815,0.20376643033242206,0.1801579496283207,0.18680499494075775,1983400000,0.0,0.0,NVDA
2009-02-12 00:00:00-05:00,0.1826792378982776,0.19184758610262725,0.1801579486314821,0.19070154428482056,1024020000,0.0,0.0,NVDA
2009-02-13 00:00:00-05:00,0.18634660664613767,0.19276444711722865,0.1849713453581197,0.19047234952449799,764304000,0.0,0.0,NVDA
2009-02-17 00:00:00-05:00,0.1833669115730505,0.18772187423717887,0.17878272956194216,0.17947036027908325,779576000,0.0,0.0,NVDA
2009-02-18 00:00:00-05:00,0.17947034605326684,0.19024314901713535,0.1792411403863544,0.18428373336791992,646252000,0.0,0.0,NVDA
2009-02-19 00:00:00-05:00,0.18795105210163143,0.1895555189835,0.1700727790594101,0.1700727790594101,743988000,0.0,0.0,NVDA
2009-02-20 00:00:00-05:00,0.16778071595159685,0.17717827176693068,0.16617626253341247,0.17442776262760162,770056000,0.0,0.0,NVDA
2009-02-23 00:00:00-05:00,0.1774074467038344,0.17832428292473412,0.16525939751618057,0.16640543937683105,679548000,0.0,0.0,NVDA
2009-02-24 00:00:00-05:00,0.16732227157422705,0.181533198501709,0.16709305227809154,0.1813039928674698,659524000,0.0,0.0,NVDA
2009-02-25 00:00:00-05:00,0.18084560612837294,0.1888679143160796,0.1746569843875097,0.18336690962314606,702360000,0.0,0.0,NVDA
2009-02-26 00:00:00-05:00,0.18978472618502826,0.19574414147318703,0.187034217363026,0.18932630121707916,1117556000,0.0,0.0,NVDA
2009-02-27 00:00:00-05:00,0.1845129368550105,0.19413969770868858,0.1831376892078845,0.18978473544120789,755444000,0.0,0.0,NVDA
2009-03-02 00:00:00-05:00,0.18520058299359604,0.18909712059654735,0.1730525178323087,0.17374014854431152,700064000,0.0,0.0,NVDA
2009-03-03 00:00:00-05:00,0.1769490765132182,0.18749267500902161,0.17121885221746863,0.18061640858650208,1041372000,0.0,0.0,NVDA
2009-03-04 00:00:00-05:00,0.18542970422365604,0.19941142214586113,0.18382523784703114,0.1939104199409485,1108668000,0.0,0.0,NVDA
2009-03-05 00:00:00-05:00,0.19115997376508068,0.19895306160124093,0.18840947860497584,0.18932630121707916,955252000,0.0,0.0,NVDA
2009-03-06 00:00:00-05:00,0.18932631216897347,0.19918229243819402,0.18680502251604628,0.1923060268163681,974756000,0.0,0.0,NVDA
2009-03-09 00:00:00-04:00,0.19093078544758366,0.2053709341658659,0.18978474341650237,0.19024315476417542,682768000,0.0,0.0,NVDA
2009-03-10 00:00:00-04:00,0.19711939797226347,0.21110112007509274,0.1952857254683818,0.2074337750673294,1254800000,0.0,0.0,NVDA
2009-03-11 00:00:00-04:00,0.2074337784506445,0.27161218051430336,0.20399565269621223,0.21316400170326233,864916000,0.0,0.0,NVDA
2009-03-12 00:00:00-04:00,0.21247636827883515,0.22806255728621314,0.20972587317640776,0.2257704734802246,1604604000,0.0,0.0,NVDA
2009-03-13 00:00:00-04:00,0.22256157660248035,0.2278333753701472,0.21889423120137372,0.22462445497512817,1195156000,0.0,0.0,NVDA
2009-03-16 00:00:00-04:00,0.22691650892081727,0.2271457145625091,0.21408082904331371,0.21591448783874512,699344000,0.0,0.0,NVDA
2009-03-17 00:00:00-04:00,0.21660212687915226,0.22714572342743397,0.21385163174771188,0.22668731212615967,1005384000,0.0,0.0,NVDA
2009-03-18 00:00:00-04:00,0.2232491989441543,0.2404398570135854,0.2230199932665923,0.23379279673099518,1359560000,0.0,0.0,NVDA
2009-03-19 00:00:00-04:00,0.23539725963054334,0.23539725963054334,0.22943785712596412,0.2310423105955124,822648000,0.0,0.0,NVDA
2009-03-20 00:00:00-04:00,0.23448045818208507,0.23470967755161237,0.21247642335001504,0.2184358537197113,1093672000,0.0,0.0,NVDA
2009-03-23 00:00:00-04:00,0.22531209936232338,0.23470966967880122,0.22026951931607705,0.2342512309551239,816048000,0.0,0.0,NVDA
2009-03-24 00:00:00-04:00,0.22852099817995905,0.23058389026680448,0.22301999360073468,0.22416603565216064,1114868000,0.0,0.0,NVDA
2009-03-25 00:00:00-04:00,0.23104229572926002,0.23837695920653626,0.21912343683941435,0.22783337533473969,1243852000,0.0,0.0,NVDA
2009-03-26 00:00:00-04:00,0.23150070251484822,0.24250271117601827,0.22897941284805043,0.24204429984092712,1333664000,0.0,0.0,NVDA
2009-03-27 00:00:00-04:00,0.23952295413487762,0.2454823824080863,0.23608482874428607,0.2397521734237671,731892000,0.0,0.0,NVDA
2009-03-30 00:00:00-04:00,0.23058387904812305,0.23356359370161697,0.22118631009223552,0.22439523041248322,780052000,0.0,0.0,NVDA
2009-03-31 00:00:00-04:00,0.22783332563969338,0.23150065657841262,0.2243951866611431,0.225999653339386,805272000,0.0,0.0,NVDA
2009-04-01 00:00:00-04:00,0.2232491344955314,0.23379272923859715,0.21476841757880002,0.23172986507415771,887920000,0.0,0.0,NVDA
2009-04-02 00:00:00-04:00,0.24043983965173335,0.24685768013143866,0.23700171375086937,0.24250270426273346,1002860000,0.0,0.0,NVDA
2009-04-03 00:00:00-04:00,0.2427319263349135,0.2601517753594464,0.23860616974238769,0.2594641447067261,1003208000,0.0,0.0,NVDA
2009-04-06 00:00:00-04:00,0.2551091944765583,0.2624438576363493,0.2516710685588004,0.26015177369117737,887288000,0.0,0.0,NVDA
2009-04-07 00:00:00-04:00,0.25510916094700564,0.25785965585494924,0.24960814380732613,0.25121259689331055,607804000,0.0,0.0,NVDA
2009-04-08 00:00:00-04:00,0.25396300457059817,0.2622145128962344,0.25190011382729915,0.261526882648468,731652000,0.0,0.0,NVDA
2009-04-09 00:00:00-04:00,0.268174020677053,0.27688394361274404,0.26611115641608535,0.2759671211242676,904412000,0.0,0.0,NVDA
2009-04-13 00:00:00-04:00,0.2725290821814001,0.2727583015380629,0.2610686608242545,0.2670280635356903,767628000,0.0,0.0,NVDA
2009-04-14 00:00:00-04:00,0.2633607321364402,0.2750503722750342,0.26221469005711917,0.26863253116607666,711960000,0.0,0.0,NVDA
2009-04-15 00:00:00-04:00,0.2592349989817678,0.2622147141262755,0.2500666341818204,0.2610686719417572,1045368000,0.0,0.0,NVDA
2009-04-16 00:00:00-04:00,0.26588199005210855,0.27092459671376196,0.25579683137639503,0.2677156627178192,1038772000,0.0,0.0,NVDA
2009-04-17 00:00:00-04:00,0.26771569691209324,0.2720706734648746,0.2612978554242787,0.2695493698120117,695764000,0.0,0.0,NVDA
2009-04-20 00:00:00-04:00,0.2592349731464079,0.26152705728701536,0.2519002820374254,0.2532755434513092,590660000,0.0,0.0,NVDA
2009-04-21 00:00:00-04:00,0.24983744842192912,0.26313154356141183,0.2461701024097264,0.2525879442691803,932184000,0.0,0.0,NVDA
2009-04-22 00:00:00-04:00,0.25029580726217887,0.2706953707684866,0.24617005069611023,0.26015177369117737,916404000,0.0,0.0,NVDA
2009-04-23 00:00:00-04:00,0.2626732120498573,0.2649652971738193,0.24800385086221458,0.25602614879608154,753952000,0.0,0.0,NVDA
2009-04-24 00:00:00-04:00,0.2585472955927746,0.263819093625724,0.2523586476754291,0.2619854211807251,759508000,0.0,0.0,NVDA
2009-04-27 00:00:00-04:00,0.2585473747080593,0.26588203940866306,0.25098349063526726,0.2525879442691803,787024000,0.0,0.0,NVDA
2009-04-28 00:00:00-04:00,0.24937900587703615,0.25854734243946603,0.24708689441263043,0.2532755434513092,634392000,0.0,0.0,NVDA
2009-04-29 00:00:00-04:00,0.25442154310889,0.2555675849881456,0.24639924995410067,0.249378964304924,859668000,0.0,0.0,NVDA
2009-04-30 00:00:00-04:00,0.254192326346254,0.27046613212399107,0.25212946187247615,0.2631314694881439,1110276000,0.0,0.0,NVDA
2009-05-01 00:00:00-04:00,0.26244390520851185,0.2736751349699722,0.26221471316672745,0.2674865126609802,840548000,0.0,0.0,NVDA
2009-05-04 00:00:00-04:00,0.27207054928787083,0.28398937671171237,0.2684032051618638,0.2819265127182007,927704000,0.0,0.0,NVDA
2009-05-05 00:00:00-04:00,0.27573785619180563,0.277571528188985,0.2647358515325159,0.27046605944633484,837076000,0.0,0.0,NVDA
2009-05-06 00:00:00-04:00,0.2734457899478738,0.27596709251549406,0.2596932901036648,0.26496508717536926,935088000,0.0,0.0,NVDA
2009-05-07 00:00:00-04:00,0.2709244948107423,0.2709244948107423,0.24250262016826213,0.24594074487686157,1289196000,0.0,0.0,NVDA
2009-05-08 00:00:00-04:00,0.24066903106275886,0.24066903106275886,0.2088090480649932,0.2120179682970047,2930564000,0.0,0.0,NVDA
2009-05-11 00:00:00-04:00,0.20857985916764274,0.22141554112726397,0.20674618641286857,0.21614374220371246,1038596000,0.0,0.0,NVDA
2009-05-12 00:00:00-04:00,0.22095702238919343,0.22095702238919343,0.2017035076160969,0.20582926273345947,1201384000,0.0,0.0,NVDA
2009-05-13 00:00:00-04:00,0.20445409531475245,0.20560013733185467,0.19093078311866818,0.19253523647785187,1305608000,0.0,0.0,NVDA
2009-05-14 00:00:00-04:00,0.1923060376011559,0.1994115092877511,0.1909307898644242,0.19528575241565704,1017864000,0.0,0.0,NVDA
2009-05-15 00:00:00-04:00,0.19666100447275575,0.20720460256375775,0.19436892030721606,0.20032835006713867,780308000,0.0,0.0,NVDA
2009-05-18 00:00:00-04:00,0.20537097311554414,0.21385169395109782,0.2049125480190297,0.2124764323234558,938320000,0.0,0.0,NVDA
2009-05-19 00:00:00-04:00,0.21385165124333166,0.21912343633617345,0.21041351152274995,0.2166021466255188,859768000,0.0,0.0,NVDA
2009-05-20 00:00:00-04:00,0.22049871236741017,0.23493884823989558,0.21958187595834927,0.22302000224590302,1309436000,0.0,0.0,NVDA
2009-05-21 00:00:00-04:00,0.22026948174885852,0.22462444395254566,0.21545609456157921,0.22164472937583923,965600000,0.0,0.0,NVDA
2009-05-22 00:00:00-04:00,0.2216447774562007,0.2282918250340678,0.2175190200183795,0.2250829041004181,718260000,0.0,0.0,NVDA
2009-05-26 00:00:00-04:00,0.22301994087249075,0.23906453946095457,0.22072785731155245,0.23723086714744568,865540000,0.0,0.0,NVDA
2009-05-27 00:00:00-04:00,0.23608492219145424,0.2447948487599422,0.23379283769047332,0.23768937587738037,814152000,0.0,0.0,NVDA
2009-05-28 00:00:00-04:00,0.24135663299756221,0.24296108609177547,0.2305838452806533,0.2408982217311859,995288000,0.0,0.0,NVDA
2009-05-29 00:00:00-04:00,0.24112739099216282,0.24158580216341846,0.23081298935808348,0.23906449973583221,834232000,0.0,0.0,NVDA
2009-06-01 00:00:00-04:00,0.24181494903238354,0.2521293487446921,0.24089812686069384,0.25075408816337585,1022764000,0.0,0.0,NVDA
2009-06-02 00:00:00-04:00,0.2507542598860104,0.25625527865472564,0.24410722627975504,0.2486913949251175,907984000,0.0,0.0,NVDA
2009-06-03 00:00:00-04:00,0.24548238904253375,0.2463992388990788,0.23493879329691675,0.2408982217311859,735688000,0.0,0.0,NVDA
2009-06-04 00:00:00-04:00,0.24158580813217112,0.2500665106431832,0.24135658887898667,0.2496080994606018,673180000,0.0,0.0,NVDA
2009-06-05 00:00:00-04:00,0.25419237571860076,0.25419237571860076,0.24525325816424026,0.24823294579982758,559992000,0.0,0.0,NVDA
2009-06-08 00:00:00-04:00,0.2463992616211145,0.25029579873032604,0.2406690246297158,0.2468576729297638,473948000,0.0,0.0,NVDA
2009-06-09 00:00:00-04:00,0.25029571202986206,0.2631313881686352,0.2484620401066394,0.26038089394569397,725032000,0.0,0.0,NVDA
2009-06-10 00:00:00-04:00,0.26175625136635194,0.27023698461236645,0.25602604096974674,0.26863253116607666,833320000,0.0,0.0,NVDA
2009-06-11 00:00:00-04:00,0.26932005253063007,0.27963445542696774,0.26358984387921475,0.265194296836853,835156000,0.0,0.0,NVDA
2009-06-12 00:00:00-04:00,0.2612979429864433,0.26473607057949805,0.25533851089562476,0.26381924748420715,595000000,0.0,0.0,NVDA
2009-06-15 00:00:00-04:00,0.2590057333795112,0.2624438593193167,0.25487997678698543,0.2594641447067261,445164000,0.0,0.0,NVDA
2009-06-16 00:00:00-04:00,0.25946411560899946,0.26267304918722817,0.2486913276704876,0.25235864520072937,594912000,0.0,0.0,NVDA
2009-06-17 00:00:00-04:00,0.25625519270457153,0.2610685790972719,0.2463992279580559,0.25854727625846863,799016000,0.0,0.0,NVDA
2009-06-18 00:00:00-04:00,0.2576305406051138,0.26244392913074593,0.2507542868963842,0.25350478291511536,566376000,0.0,0.0,NVDA
2009-06-19 00:00:00-04:00,0.2560259901460721,0.2626730492809066,0.25281708389049196,0.25625520944595337,747564000,0.0,0.0,NVDA
2009-06-22 00:00:00-04:00,0.2571720754474551,0.2571720754474551,0.2408982674726058,0.24181509017944336,574864000,0.0,0.0,NVDA
2009-06-23 00:00:00-04:00,0.24410710455848364,0.24456551572967822,0.2312714004985281,0.24066895246505737,589764000,0.0,0.0,NVDA
2009-06-24 00:00:00-04:00,0.24364878755617844,0.2544216057318206,0.24364878755617844,0.2486913949251175,515096000,0.0,0.0,NVDA
2009-06-25 00:00:00-04:00,0.24639931156659056,0.26221470984925654,0.24387800787225522,0.2617562711238861,870444000,0.0,0.0,NVDA
2009-06-26 00:00:00-04:00,0.2606101299157208,0.26611114661535357,0.25831804645515466,0.265194296836853,513956000,0.0,0.0,NVDA
2009-06-29 00:00:00-04:00,0.2658819273397809,0.27000768303355793,0.2624438021489317,0.265194296836853,510056000,0.0,0.0,NVDA
2009-06-30 00:00:00-04:00,0.26427756409155895,0.26794490980286684,0.2539631850177799,0.25877654552459717,589844000,0.0,0.0,NVDA
2009-07-01 00:00:00-04:00,0.26038085342037576,0.26336056641638095,0.255567468786538,0.25992241501808167,696420000,0.0,0.0,NVDA
2009-07-02 00:00:00-04:00,0.25144179185512905,0.2546506977165711,0.2463992137912387,0.24983733892440796,552312000,0.0,0.0,NVDA
2009-07-06 00:00:00-04:00,0.24960819248275334,0.24983741182136157,0.23768933335107897,0.24181509017944336,752456000,0.0,0.0,NVDA
2009-07-07 00:00:00-04:00,0.2427319224953789,0.24410718377906562,0.2305838722354649,0.23127147555351257,1072996000,0.0,0.0,NVDA
2009-07-08 00:00:00-04:00,0.23264668751973305,0.23333431801580948,0.2225615176613499,0.23172986507415771,1205860000,0.0,0.0,NVDA
2009-07-09 00:00:00-04:00,0.23562650988634598,0.24066909030513184,0.23493887907382918,0.2367725521326065,714564000,0.0,0.0,NVDA
2009-07-10 00:00:00-04:00,0.236772553006509,0.23929385688710905,0.23172997256911151,0.23768937587738037,520008000,0.0,0.0,NVDA
2009-07-13 00:00:00-04:00,0.24250271178670518,0.24250271178670518,0.22806257709029265,0.24043984711170197,556012000,0.0,0.0,NVDA
2009-07-14 00:00:00-04:00,0.2422734201953808,0.24639917517331597,0.2395228986609004,0.24548232555389404,452568000,0.0,0.0,NVDA
2009-07-15 00:00:00-04:00,0.2544215682712251,0.26061018956650234,0.2521294842860264,0.25556761026382446,1022808000,0.0,0.0,NVDA
2009-07-16 00:00:00-04:00,0.25831805617571546,0.26977850123359504,0.25694282244189953,0.26886165142059326,952076000,0.0,0.0,NVDA
2009-07-17 00:00:00-04:00,0.2688616207421723,0.2775715426909932,0.2661111262645941,0.2766547203063965,850356000,0.0,0.0,NVDA
2009-07-20 00:00:00-04:00,0.2789469422257302,0.2830726996544548,0.27527959621713016,0.2800929844379425,782756000,0.0,0.0,NVDA
2009-07-21 00:00:00-04:00,0.27940526190956266,0.2805513037454985,0.2679448435502045,0.2743626832962036,941296000,0.0,0.0,NVDA
2009-07-22 00:00:00-04:00,0.2688617032094822,0.28376027645739293,0.2670280305540627,0.28123897314071655,600908000,0.0,0.0,NVDA
2009-07-23 00:00:00-04:00,0.28169746644677107,0.2988881286854401,0.2787177509301003,0.29797127842903137,1046120000,0.0,0.0,NVDA
2009-07-24 00:00:00-04:00,0.2888027796585221,0.2979711131956849,0.2869691074863317,0.2970542907714844,650592000,0.0,0.0,NVDA
2009-07-27 00:00:00-04:00,0.2943038813961844,0.30278458690904614,0.2915533586795398,0.2984296381473541,677484000,0.0,0.0,NVDA
2009-07-28 00:00:00-04:00,0.296366694918853,0.302096904049096,0.293845391972029,0.2988879978656769,563180000,0.0,0.0,NVDA
2009-07-29 00:00:00-04:00,0.29544993959441856,0.2972836123979659,0.2899489211837766,0.29292863607406616,373972000,0.0,0.0,NVDA
2009-07-30 00:00:00-04:00,0.29797116818827246,0.30186773251973525,0.2926993699667001,0.29522067308425903,468444000,0.0,0.0,NVDA
2009-07-31 00:00:00-04:00,0.2952206200891043,0.3004924173643346,0.28834436990153167,0.2963666617870331,541560000,0.0,0.0,NVDA
2009-08-03 00:00:00-04:00,0.3034722962210127,0.3078272734349214,0.29774208461624135,0.3043891191482544,471900000,0.0,0.0,NVDA
2009-08-04 00:00:00-04:00,0.2991173135229356,0.31172380614610284,0.2986589020677195,0.3064520061016083,695380000,0.0,0.0,NVDA
2009-08-05 00:00:00-04:00,0.30461824243890945,0.3094316295978785,0.3009508972393334,0.3071395456790924,610768000,0.0,0.0,NVDA
2009-08-06 00:00:00-04:00,0.30828546514184,0.31378645343160116,0.29888791387939784,0.30072158575057983,957588000,0.0,0.0,NVDA
2009-08-07 00:00:00-04:00,0.316995510608524,0.32616384624357864,0.30989003956183847,0.3142450153827667,1401872000,0.0,0.0,NVDA
2009-08-10 00:00:00-04:00,0.31653706819972255,0.3211212355669707,0.3020969082043395,0.3039305806159973,693312000,0.0,0.0,NVDA
2009-08-11 00:00:00-04:00,0.3018677775035259,0.30645194580127083,0.29522071707751674,0.2968251705169678,481884000,0.0,0.0,NVDA
2009-08-12 00:00:00-04:00,0.29705435844416433,0.3110360812030638,0.29682513912400055,0.3078271746635437,634940000,0.0,0.0,NVDA
2009-08-13 00:00:00-04:00,0.3101192208332925,0.31814151352969955,0.30461820373290954,0.3169954717159271,564028000,0.0,0.0,NVDA
2009-08-14 00:00:00-04:00,0.3165371395806191,0.31699555095595966,0.3034722377787191,0.3075979948043823,427148000,0.0,0.0,NVDA
2009-08-17 00:00:00-04:00,0.2982004396785151,0.2991172624323499,0.2915533790799166,0.2947623133659363,465032000,0.0,0.0,NVDA
2009-08-18 00:00:00-04:00,0.29476228863780074,0.3089732313966511,0.29453306930667217,0.30553507804870605,636200000,0.0,0.0,NVDA
2009-08-19 00:00:00-04:00,0.30095089119009244,0.30393060568938,0.2979711766908049,0.3020969331264496,552996000,0.0,0.0,NVDA
2009-08-20 00:00:00-04:00,0.30072165609553964,0.3153910071726726,0.3000340255675224,0.3140157461166382,819840000,0.0,0.0,NVDA
2009-08-21 00:00:00-04:00,0.3165371324217726,0.31974603930038265,0.31011929134075433,0.31928762793540955,607324000,0.0,0.0,NVDA
2009-08-24 00:00:00-04:00,0.3174539221901515,0.32089204805616306,0.30851477854424414,0.3103484511375427,461456000,0.0,0.0,NVDA
2009-08-25 00:00:00-04:00,0.3119528978204253,0.31630787355298745,0.30668112679627385,0.3130989670753479,444088000,0.0,0.0,NVDA
2009-08-26 00:00:00-04:00,0.3124114609221984,0.3174540419634553,0.31126541853446704,0.3167664110660553,434308000,0.0,0.0,NVDA
2009-08-27 00:00:00-04:00,0.3181415312758576,0.32249647948159804,0.3147034056427592,0.3211212456226349,551072000,0.0,0.0,NVDA
2009-08-28 00:00:00-04:00,0.329831121996576,0.34450047231899394,0.32937271077607944,0.3376242220401764,883992000,0.0,0.0,NVDA
2009-08-31 00:00:00-04:00,0.3337277013126652,0.3353321817766105,0.32845590328891433,0.3328108787536621,431796000,0.0,0.0,NVDA
2009-09-01 00:00:00-04:00,0.33258164188929784,0.3419791955798903,0.31974596279831174,0.32157963514328003,736856000,0.0,0.0,NVDA
2009-09-02 00:00:00-04:00,0.3220381897998442,0.3293728824458027,0.3202045166383546,0.3261639475822449,404656000,0.0,0.0,NVDA
2009-09-03 00:00:00-04:00,0.326163854970808,0.33441536819266277,0.3252470323122892,0.3339569568634033,534020000,0.0,0.0,NVDA
2009-09-04 00:00:00-04:00,0.33258163090315707,0.34862624289878524,0.33258163090315707,0.34633415937423706,513048000,0.0,0.0,NVDA
2009-09-08 00:00:00-04:00,0.3488554356795405,0.3559609055519104,0.3461049409083554,0.3559609055519104,549712000,0.0,0.0,NVDA
2009-09-09 00:00:00-04:00,0.35527335330760373,0.36650458147328835,0.35023077389540513,0.36581695079803467,571684000,0.0,0.0,NVDA
2009-09-10 00:00:00-04:00,0.36696292867682234,0.3779649629103239,0.3628371726702073,0.3775065243244171,607952000,0.0,0.0,NVDA
2009-09-11 00:00:00-04:00,0.3765897122014385,0.37796497334955836,0.37131791423203625,0.37406840920448303,712732000,0.0,0.0,NVDA
2009-09-14 00:00:00-04:00,0.3685674982751891,0.3715472131857284,0.3646709332947459,0.36787986755371094,490516000,0.0,0.0,NVDA
2009-09-15 00:00:00-04:00,0.3713178226632828,0.3800277440312834,0.36787969796463404,0.37544357776641846,546136000,0.0,0.0,NVDA
2009-09-16 00:00:00-04:00,0.3745268979649059,0.37521452868122934,0.3598575701943992,0.3653585612773895,707064000,0.0,0.0,NVDA
2009-09-17 00:00:00-04:00,0.36444161657239665,0.36444161657239665,0.34312520811921315,0.3493138551712036,923096000,0.0,0.0,NVDA
2009-09-18 00:00:00-04:00,0.352752090115677,0.3552733662517387,0.3461050297777732,0.34885552525520325,604740000,0.0,0.0,NVDA
2009-09-21 00:00:00-04:00,0.34472960633847266,0.35321033544959846,0.34174992024406103,0.34725090861320496,588776000,0.0,0.0,NVDA
2009-09-22 00:00:00-04:00,0.34977232932549474,0.3518351938314907,0.3451881616910197,0.3479386568069458,361388000,0.0,0.0,NVDA
2009-09-23 00:00:00-04:00,0.3500014152948543,0.3529811288194441,0.34197912436453587,0.3424375355243683,478936000,0.0,0.0,NVDA
2009-09-24 00:00:00-04:00,0.34816798854526526,0.34816798854526526,0.33670753843458434,0.3378535807132721,552876000,0.0,0.0,NVDA
2009-09-25 00:00:00-04:00,0.3360196865082237,0.33762416650171273,0.32983106774006066,0.3323523700237274,377556000,0.0,0.0,NVDA
2009-09-28 00:00:00-04:00,0.33349856706659037,0.34839711383412714,0.33349856706659037,0.3399164080619812,467708000,0.0,0.0,NVDA
2009-09-29 00:00:00-04:00,0.34197916904516534,0.3461049246702719,0.33304002730346965,0.3337276577949524,470928000,0.0,0.0,NVDA
2009-09-30 00:00:00-04:00,0.34060388882300535,0.34862620767210556,0.3330400084915249,0.34450045228004456,875956000,0.0,0.0,NVDA
2009-10-01 00:00:00-04:00,0.34335447300952665,0.34335447300952665,0.31974597801476473,0.31997519731521606,999960000,0.0,0.0,NVDA
2009-10-02 00:00:00-04:00,0.3167662902061775,0.32433017254402136,0.3149326176206706,0.31745392084121704,612476000,0.0,0.0,NVDA
2009-10-05 00:00:00-04:00,0.32089209265503804,0.32203813476965676,0.31034849427102595,0.31584951281547546,754276000,0.0,0.0,NVDA
2009-10-06 00:00:00-04:00,0.31974598443987806,0.3266222357060748,0.31745390068447915,0.3211212456226349,761272000,0.0,0.0,NVDA
2009-10-07 00:00:00-04:00,0.31882924812034885,0.32226737468356614,0.31516190219006335,0.31860002875328064,459608000,0.0,0.0,NVDA
2009-10-08 00:00:00-04:00,0.32043369634341123,0.32135051914870316,0.30920246669768214,0.3206629157066345,1241524000,0.0,0.0,NVDA
2009-10-09 00:00:00-04:00,0.31882917133583716,0.3252470115063101,0.31837076003590215,0.3247886002063751,618540000,0.0,0.0,NVDA
2009-10-12 00:00:00-04:00,0.31928757315355705,0.32730986629745323,0.3190583538484997,0.3211212456226349,499008000,0.0,0.0,NVDA
2009-10-13 00:00:00-04:00,0.3229549116021177,0.3266222291427871,0.31699548302831443,0.31997519731521606,602124000,0.0,0.0,NVDA
2009-10-14 00:00:00-04:00,0.33235258136903906,0.33235258136903906,0.3179124161877485,0.3195168972015381,1101948000,0.0,0.0,NVDA
2009-10-15 00:00:00-04:00,0.31905835728899007,0.32203807166789844,0.30805634967967904,0.31011924147605896,1092196000,0.0,0.0,NVDA
2009-10-16 00:00:00-04:00,0.3062226179091711,0.3071394676380005,0.29751269576612954,0.30301371216773987,1018832000,0.0,0.0,NVDA
2009-10-19 00:00:00-04:00,0.3055350151440778,0.3165370489447709,0.3030137396397362,0.3140157461166382,695588000,0.0,0.0,NVDA
2009-10-20 00:00:00-04:00,0.31928759451728767,0.32157967842605134,0.3117237121536085,0.3142450153827667,660180000,0.0,0.0,NVDA
2009-10-21 00:00:00-04:00,0.31309902747796453,0.31791238812301054,0.3050767050886208,0.30668118596076965,503956000,0.0,0.0,NVDA
2009-10-22 00:00:00-04:00,0.30507666793942584,0.3103484666624531,0.29980486921639854,0.30874401330947876,379328000,0.0,0.0,NVDA
2009-10-23 00:00:00-04:00,0.3128697534645705,0.3128697534645705,0.29957566135632163,0.3014093339443207,429528000,0.0,0.0,NVDA
2009-10-26 00:00:00-04:00,0.3037014485265318,0.30828561679769784,0.2959083460712706,0.29751279950141907,481652000,0.0,0.0,NVDA
2009-10-27 00:00:00-04:00,0.2961376178490761,0.3004925675482608,0.2844479757582916,0.2874276638031006,591836000,0.0,0.0,NVDA
2009-10-28 00:00:00-04:00,0.28100978241056185,0.2874276236957718,0.27413352974579397,0.2755087912082672,773632000,0.0,0.0,NVDA
2009-10-29 00:00:00-04:00,0.2798637408979225,0.2890321051276746,0.27734246464306506,0.28765684366226196,637100000,0.0,0.0,NVDA
2009-10-30 00:00:00-04:00,0.28628158523336317,0.28742762735876304,0.2727582990831645,0.2741335332393646,604144000,0.0,0.0,NVDA
2009-11-02 00:00:00-05:00,0.2736750065707751,0.2826141477776392,0.2688616207421723,0.2766547203063965,593136000,0.0,0.0,NVDA
2009-11-03 00:00:00-05:00,0.267715552967315,0.27665469330161285,0.26496505875821774,0.2752794325351715,876472000,0.0,0.0,NVDA
2009-11-04 00:00:00-05:00,0.27734241540014976,0.2803221298302877,0.2734458510479262,0.2745918929576874,916840000,0.0,0.0,NVDA
2009-11-05 00:00:00-05:00,0.27780084715822867,0.2839894684619476,0.27688399716862067,0.28123897314071655,955156000,0.0,0.0,NVDA
2009-11-06 00:00:00-05:00,0.2988880482246217,0.30782719236821177,0.2952207028338468,0.30163854360580444,1641112000,0.0,0.0,NVDA
2009-11-09 00:00:00-05:00,0.3057644558792698,0.3128699309419674,0.3055352364293205,0.30851495265960693,818124000,0.0,0.0,NVDA
2009-11-10 00:00:00-05:00,0.3096607474860334,0.3096607474860334,0.29705428894974584,0.300950825214386,781472000,0.0,0.0,NVDA
2009-11-11 00:00:00-05:00,0.30599348680349797,0.31676627516148287,0.30553504818604804,0.30943161249160767,871512000,0.0,0.0,NVDA
2009-11-12 00:00:00-05:00,0.3121822999159304,0.31745410135046626,0.30759812950743154,0.30851495265960693,505864000,0.0,0.0,NVDA
2009-11-13 00:00:00-05:00,0.30828556492753917,0.3124113211421749,0.3069103037480627,0.31080684065818787,388524000,0.0,0.0,NVDA
2009-11-16 00:00:00-05:00,0.3135574303264134,0.31882922954767684,0.31195294949800323,0.31516188383102417,402820000,0.0,0.0,NVDA
2009-11-17 00:00:00-05:00,0.31539097575829317,0.31539097575829317,0.30874391774792564,0.3147033452987671,350124000,0.0,0.0,NVDA
2009-11-18 00:00:00-05:00,0.31172376431783905,0.3128698064640009,0.3046182920821152,0.30989009141921997,455516000,0.0,0.0,NVDA
2009-11-19 00:00:00-05:00,0.3032430098403766,0.3032430098403766,0.29201180850553904,0.29751279950141907,833840000,0.0,0.0,NVDA
2009-11-20 00:00:00-05:00,0.29063663053528815,0.29705447342221736,0.28994899963243753,0.2956792116165161,426748000,0.0,0.0,NVDA
2009-11-23 00:00:00-05:00,0.30003417101309776,0.3055351632563327,0.2965960440301248,0.29797127842903137,390924000,0.0,0.0,NVDA
2009-11-24 00:00:00-05:00,0.2965959230094497,0.2986587874279967,0.29132412498852683,0.2961375117301941,418504000,0.0,0.0,NVDA
2009-11-25 00:00:00-05:00,0.2995755672454834,0.30370132244143777,0.29751267598561276,0.2995755672454834,441760000,0.0,0.0,NVDA
2009-11-27 00:00:00-05:00,0.2888028695555304,0.29659597188218745,0.2871984161518591,0.2931578457355499,279932000,0.0,0.0,NVDA
2009-11-30 00:00:00-05:00,0.2943038677833548,0.29957566631468385,0.2910949338702956,0.2993464469909668,509836000,0.0,0.0,NVDA
2009-12-01 00:00:00-05:00,0.30095098074581955,0.3087440846263642,0.299346527022232,0.30530595779418945,461936000,0.0,0.0,NVDA
2009-12-02 00:00:00-05:00,0.3059934905715827,0.3151618258527765,0.304159818050585,0.3144741952419281,602292000,0.0,0.0,NVDA
2009-12-03 00:00:00-05:00,0.31814151352969955,0.32387172259856173,0.3165370604551766,0.3169954717159271,660036000,0.0,0.0,NVDA
2009-12-04 00:00:00-05:00,0.3229548909629802,0.3282266886223169,0.3179122852656547,0.32685142755508423,824564000,0.0,0.0,NVDA
2009-12-07 00:00:00-05:00,0.36329562676488786,0.3770481291581588,0.3461049714495058,0.36879661679267883,2732184000,0.0,0.0,NVDA
2009-12-08 00:00:00-05:00,0.3628371207269222,0.364441600900316,0.3488554016293848,0.3509182929992676,1075512000,0.0,0.0,NVDA
2009-12-09 00:00:00-05:00,0.3545858286164327,0.36237890513464227,0.3511476744774542,0.3596284091472626,671588000,0.0,0.0,NVDA
2009-12-10 00:00:00-05:00,0.36214965346577477,0.3644417376319545,0.35206446674030495,0.3532105088233948,417012000,0.0,0.0,NVDA
2009-12-11 00:00:00-05:00,0.3561902591645358,0.3566486705786489,0.3477095250463367,0.34862637519836426,416744000,0.0,0.0,NVDA
2009-12-14 00:00:00-05:00,0.35366894130053494,0.3603160021734638,0.34977240345022503,0.35916996002197266,405488000,0.0,0.0,NVDA
2009-12-15 00:00:00-05:00,0.3566485299538924,0.3646708221710268,0.3557317074871647,0.3587114214897156,446152000,0.0,0.0,NVDA
2009-12-16 00:00:00-05:00,0.37154721944080493,0.39171756610887554,0.36948432724164126,0.38759180903434753,1683400000,0.0,0.0,NVDA
2009-12-17 00:00:00-05:00,0.3887378166363217,0.4006566754209884,0.3800278918797564,0.38575810194015503,1016132000,0.0,0.0,NVDA
2009-12-18 00:00:00-05:00,0.38896704822557676,0.39034228228913137,0.38094472656441847,0.38552892208099365,812828000,0.0,0.0,NVDA
2009-12-21 00:00:00-05:00,0.3878209633445313,0.4008858357862389,0.3873625520406423,0.39928138256073,427792000,0.0,0.0,NVDA
2009-12-22 00:00:00-05:00,0.39928148722149004,0.4139508440576733,0.398823075797441,0.40982508659362793,793044000,0.0,0.0,NVDA
2009-12-23 00:00:00-05:00,0.41372147695155964,0.41670119112958126,0.4084496791479509,0.4155551493167877,442196000,0.0,0.0,NVDA
2009-12-24 00:00:00-05:00,0.4167012348253232,0.4173888654498634,0.4130339170341002,0.41463837027549744,136812000,0.0,0.0,NVDA
2009-12-28 00:00:00-05:00,0.41395077924812795,0.4176181247139521,0.40386559287901025,0.40799134969711304,465760000,0.0,0.0,NVDA
2009-12-29 00:00:00-05:00,0.4066161505970433,0.41418003419319877,0.4056993004898669,0.41303399205207825,475848000,0.0,0.0,NVDA
2009-12-30 00:00:00-05:00,0.4169304918236129,0.430453804249158,0.4139507770638286,0.4279325008392334,704008000,0.0,0.0,NVDA
2009-12-31 00:00:00-05:00,0.4288492217711263,0.43435021096113735,0.4277031800795582,0.4281615912914276,700340000,0.0,0.0,NVDA
2010-01-04 00:00:00-05:00,0.4242651084293198,0.42678641156015223,0.4150967731518118,0.42380669713020325,800204000,0.0,0.0,NVDA
2010-01-05 00:00:00-05:00,0.4222021100691683,0.43457937516407247,0.4222021100691683,0.42999520897865295,728648000,0.0,0.0,NVDA
2010-01-06 00:00:00-05:00,0.42976604087893616,0.4336625771354454,0.42564028535636617,0.4327457547187805,649168000,0.0,0.0,NVDA
2010-01-07 00:00:00-05:00,0.43045382521564873,0.4322874980281994,0.42105626912870103,0.42426517605781555,547792000,0.0,0.0,NVDA
2010-01-08 00:00:00-05:00,0.42082694998425574,0.42816163949508296,0.41830567437322713,0.42518192529678345,478168000,0.0,0.0,NVDA
2010-01-11 00:00:00-05:00,0.4274740464650178,0.42930771900369885,0.4132631047830855,0.41922253370285034,556612000,0.0,0.0,NVDA
2010-01-12 00:00:00-05:00,0.41303388472012403,0.41463833783599585,0.39630164101928445,0.4050115644931793,627432000,0.0,0.0,NVDA
2010-01-13 00:00:00-05:00,0.407762160516849,0.4118879173636261,0.3919467638248364,0.41051265597343445,508868000,0.0,0.0,NVDA
2010-01-14 00:00:00-05:00,0.4054700766451813,0.40844976411928635,0.39721856294695757,0.4040948152542114,608524000,0.0,0.0,NVDA
2010-01-15 00:00:00-05:00,0.40111505626594973,0.4045531820408025,0.3869041145375225,0.39217591285705566,818192000,0.0,0.0,NVDA
2010-01-19 00:00:00-05:00,0.3891961588201429,0.40203183800418324,0.38805011701170333,0.39951056241989136,545328000,0.0,0.0,NVDA
2010-01-20 00:00:00-05:00,0.39446793970911476,0.3995105453093136,0.3891961421513192,0.3979060649871826,719728000,0.0,0.0,NVDA
2010-01-21 00:00:00-05:00,0.3976771183015553,0.40478259252146204,0.3871335166830758,0.3908008635044098,608632000,0.0,0.0,NVDA
2010-01-22 00:00:00-05:00,0.38621649050514395,0.39332196149054927,0.37498529037858225,0.3772773742675781,1067916000,0.0,0.0,NVDA
2010-01-25 00:00:00-05:00,0.38346593609912827,0.3910298172297728,0.38071544132174595,0.38369515538215637,643676000,0.0,0.0,NVDA
2010-01-26 00:00:00-05:00,0.38186153997742567,0.384382843171184,0.3713179432156301,0.3715471625328064,714636000,0.0,0.0,NVDA
2010-01-27 00:00:00-05:00,0.3713180373801175,0.3830076790446415,0.36719227989123826,0.38163241744041443,812504000,0.0,0.0,NVDA
2010-01-28 00:00:00-05:00,0.38461201093921643,0.3859872721080609,0.36352481874383297,0.36879661679267883,687764000,0.0,0.0,NVDA
2010-01-29 00:00:00-05:00,0.37292234065347823,0.37704809647863047,0.34725098321866005,0.3527520000934601,774700000,0.0,0.0,NVDA
2010-02-01 00:00:00-05:00,0.35412717813419026,0.38048616194898427,0.3511474645443625,0.3797985315322876,949832000,0.0,0.0,NVDA
2010-02-02 00:00:00-05:00,0.3784233577866289,0.38850854173541866,0.37727731601907033,0.38369515538215637,849812000,0.0,0.0,NVDA
2010-02-03 00:00:00-05:00,0.380257029527925,0.3885085411718942,0.37842335723773285,0.3869040608406067,562296000,0.0,0.0,NVDA
2010-02-04 00:00:00-05:00,0.3834659318183412,0.3834659318183412,0.36031587744257587,0.3644416332244873,783480000,0.0,0.0,NVDA
2010-02-05 00:00:00-05:00,0.36398326839546097,0.372693192306953,0.3575654009619466,0.3717763423919678,604856000,0.0,0.0,NVDA
2010-02-08 00:00:00-05:00,0.37063045093745445,0.3800280092688953,0.3637541967409285,0.3710888624191284,445160000,0.0,0.0,NVDA
2010-02-09 00:00:00-05:00,0.377048161323024,0.3788818339299773,0.364441699720439,0.3681090176105499,930144000,0.0,0.0,NVDA
2010-02-10 00:00:00-05:00,0.37040109805821564,0.3786525831175892,0.3678797950178609,0.37521445751190186,535828000,0.0,0.0,NVDA
2010-02-11 00:00:00-05:00,0.38117389553602765,0.3965308788116296,0.3784234004485656,0.39240512251853943,695980000,0.0,0.0,NVDA
2010-02-12 00:00:00-05:00,0.3896546801718393,0.40569926889813746,0.3852997039804225,0.3976769745349884,780212000,0.0,0.0,NVDA
2010-02-16 00:00:00-05:00,0.40294870010474315,0.406616044932844,0.3981353134333349,0.4050115644931793,457024000,0.0,0.0,NVDA
2010-02-17 00:00:00-05:00,0.41005417058204413,0.41028336255649656,0.39721849100375034,0.4089081287384033,876560000,0.0,0.0,NVDA
2010-02-18 00:00:00-05:00,0.3864456655143353,0.38850855717218097,0.37154712194410466,0.3820907175540924,1515508000,0.0,0.0,NVDA
2010-02-19 00:00:00-05:00,0.3804863015434361,0.38461205823350475,0.3781942175293754,0.3800278902053833,510548000,0.0,0.0,NVDA
2010-02-22 00:00:00-05:00,0.38163216261733723,0.38736239725956173,0.37819403822627284,0.38071534037590027,458084000,0.0,0.0,NVDA
2010-02-23 00:00:00-05:00,0.38186153997742567,0.38346599322627406,0.3676505980835808,0.3715471625328064,489764000,0.0,0.0,NVDA
2010-02-24 00:00:00-05:00,0.3747560931724538,0.38300760658923333,0.37361005116033424,0.379340261220932,445868000,0.0,0.0,NVDA
2010-02-25 00:00:00-05:00,0.3706303178430294,0.37681896625658534,0.36123276288627787,0.37590211629867554,576972000,0.0,0.0,NVDA
2010-02-26 00:00:00-05:00,0.37406841810690583,0.3768189404686051,0.36902583931678,0.37131792306900024,393396000,0.0,0.0,NVDA
2010-03-01 00:00:00-05:00,0.37154722280518004,0.38805022392892796,0.3685675078174951,0.38621655106544495,555868000,0.0,0.0,NVDA
2010-03-02 00:00:00-05:00,0.38965462679245133,0.3944679863566725,0.3832367867163623,0.3859872817993164,538648000,0.0,0.0,NVDA
2010-03-03 00:00:00-05:00,0.3882794403612228,0.390342305239742,0.3779650613210281,0.3811739683151245,399300000,0.0,0.0,NVDA
2010-03-04 00:00:00-05:00,0.38277830056281437,0.3857580145842168,0.3770480918000369,0.38186147809028625,557396000,0.0,0.0,NVDA
2010-03-05 00:00:00-05:00,0.3791111520620968,0.39630178600065685,0.3791111520620968,0.3935512900352478,632832000,0.0,0.0,NVDA
2010-03-08 00:00:00-05:00,0.3937802669066566,0.3949263084634345,0.38621635984337904,0.387820839881897,439312000,0.0,0.0,NVDA
2010-03-09 00:00:00-05:00,0.391717453217296,0.40615758515464945,0.39148823393107157,0.40226104855537415,830832000,0.0,0.0,NVDA
2010-03-10 00:00:00-05:00,0.4011150228378304,0.4075328625474647,0.400885803542425,0.4031778872013092,418520000,0.0,0.0,NVDA
2010-03-11 00:00:00-05:00,0.3999688981476498,0.40134415898758735,0.392405018175567,0.39400947093963623,540660000,0.0,0.0,NVDA
2010-03-12 00:00:00-05:00,0.39836453257166815,0.3995105744145157,0.39332192660410464,0.395384818315506,520352000,0.0,0.0,NVDA
2010-03-15 00:00:00-04:00,0.3949264716683728,0.3988230091069202,0.3896546728638453,0.3933219909667969,358904000,0.0,0.0,NVDA
2010-03-16 00:00:00-04:00,0.3930927589708248,0.40936656507648067,0.3928635396585445,0.4070744812488556,664988000,0.0,0.0,NVDA
2010-03-17 00:00:00-04:00,0.409366559946808,0.4203685676463038,0.409366559946808,0.4148675501346588,651168000,0.0,0.0,NVDA
2010-03-18 00:00:00-04:00,0.4155551461126063,0.4155551461126063,0.3965308467021639,0.40019819140434265,740964000,0.0,0.0,NVDA
2010-03-19 00:00:00-04:00,0.40615760617351443,0.407303648016362,0.3903422123479425,0.395384818315506,584612000,0.0,0.0,NVDA
2010-03-22 00:00:00-04:00,0.3903422422080892,0.4034071420750158,0.3903422422080892,0.4018026888370514,435336000,0.0,0.0,NVDA
2010-03-23 00:00:00-04:00,0.4047824084363889,0.4121170714196251,0.40203188590935446,0.41005420684814453,493612000,0.0,0.0,NVDA
2010-03-24 00:00:00-04:00,0.40661615302385246,0.4077621951718129,0.3956141156148719,0.3963017463684082,436252000,0.0,0.0,NVDA
2010-03-25 00:00:00-04:00,0.4020318126083981,0.4045531153572149,0.39653082320489463,0.3974476456642151,495184000,0.0,0.0,NVDA
2010-03-26 00:00:00-04:00,0.4008857708723524,0.4050115265868751,0.3942387397328031,0.3974476456642151,344676000,0.0,0.0,NVDA
2010-03-29 00:00:00-04:00,0.3999691035020115,0.4034072300432906,0.3944680846416844,0.40249040722846985,394456000,0.0,0.0,NVDA
2010-03-30 00:00:00-04:00,0.4070745300521143,0.4091373948147713,0.39721856294695757,0.4040948152542114,324104000,0.0,0.0,NVDA
2010-03-31 00:00:00-04:00,0.40249024808999057,0.404323920318427,0.3967600121297054,0.3988229036331177,389840000,0.0,0.0,NVDA
2010-04-01 00:00:00-04:00,0.40065667837192553,0.405240846454008,0.39057149219706583,0.39469724893569946,339664000,0.0,0.0,NVDA
2010-04-05 00:00:00-04:00,0.3972185738859678,0.40134433084869897,0.39676013519382103,0.40065670013427734,413636000,0.0,0.0,NVDA
2010-04-06 00:00:00-04:00,0.395614225468127,0.39653107583536434,0.3839245813834566,0.3908008635044098,809260000,0.0,0.0,NVDA
2010-04-07 00:00:00-04:00,0.38827941149786516,0.3999690511373046,0.3850704774185105,0.3933219909667969,817468000,0.0,0.0,NVDA
2010-04-08 00:00:00-04:00,0.39080062470368665,0.39378033875977503,0.3848411965915099,0.3869040608406067,1037600000,0.0,0.0,NVDA
2010-04-09 00:00:00-04:00,0.3859872713278821,0.3908006580853152,0.38392437957878506,0.3894253969192505,817572000,0.0,0.0,NVDA
2010-04-12 00:00:00-04:00,0.3898838074317675,0.39813531976430994,0.38919617685009006,0.3965308666229248,546460000,0.0,0.0,NVDA
2010-04-13 00:00:00-04:00,0.39813526672375327,0.40615755868572273,0.3965308137961173,0.40478232502937317,648696000,0.0,0.0,NVDA
2010-04-14 00:00:00-04:00,0.41349243263362423,0.41555529770374594,0.40340724468553535,0.40982508659362793,900720000,0.0,0.0,NVDA
2010-04-15 00:00:00-04:00,0.41120021007414187,0.41532596615241313,0.4070744539958706,0.41280466318130493,957596000,0.0,0.0,NVDA
2010-04-16 00:00:00-04:00,0.39607250098279473,0.39767695430906214,0.382319969735912,0.39102989435195923,1917736000,0.0,0.0,NVDA
2010-04-19 00:00:00-04:00,0.38805014536558863,0.3903422291499449,0.3761313151516951,0.3891961872577667,1094492000,0.0,0.0,NVDA
2010-04-20 00:00:00-04:00,0.39194676622994473,0.3960725231020388,0.38552892524266485,0.3905715048313141,678188000,0.0,0.0,NVDA
2010-04-21 00:00:00-04:00,0.39263438784636917,0.3930927991940422,0.37590214140402567,0.38048630952835083,895908000,0.0,0.0,NVDA
2010-04-22 00:00:00-04:00,0.37429761683077345,0.3832367593671871,0.3690258190257796,0.3820907175540924,656932000,0.0,0.0,NVDA
2010-04-23 00:00:00-04:00,0.380944774383937,0.3818616245318622,0.3701719832433746,0.37681904435157776,752916000,0.0,0.0,NVDA
2010-04-26 00:00:00-04:00,0.37727740277084215,0.38507047765267594,0.37658977208743394,0.38048630952835083,491092000,0.0,0.0,NVDA
2010-04-27 00:00:00-04:00,0.37773574825743556,0.38163228501896185,0.3685674136073536,0.3697134554386139,606704000,0.0,0.0,NVDA
2010-04-28 00:00:00-04:00,0.3694842048391371,0.3756728520626574,0.3628371463867091,0.3704010546207428,672164000,0.0,0.0,NVDA
2010-04-29 00:00:00-04:00,0.37154725675542266,0.38209085619102484,0.3660462376623164,0.38163241744041443,987128000,0.0,0.0,NVDA
2010-04-30 00:00:00-04:00,0.37704827085717607,0.3777359017000178,0.359857636405152,0.3600868284702301,1068048000,0.0,0.0,NVDA
2010-05-03 00:00:00-04:00,0.36192035416526497,0.36398324585337793,0.35068912783787454,0.35619014501571655,1078972000,0.0,0.0,NVDA
2010-05-04 00:00:00-04:00,0.35068919325055153,0.3513768239415169,0.3330401239188968,0.3380827307701111,1311376000,0.0,0.0,NVDA
2010-05-05 00:00:00-04:00,0.3312063284991126,0.34083307184112016,0.3282266150703569,0.3323523700237274,1330840000,0.0,0.0,NVDA
2010-05-06 00:00:00-04:00,0.3300603338572565,0.33693658398166876,0.2988879617066163,0.32547613978385925,1002888000,0.0,0.0,NVDA
2010-05-07 00:00:00-04:00,0.32845590157501836,0.32845590157501836,0.30851475144471896,0.31997519731521606,1153712000,0.0,0.0,NVDA
2010-05-10 00:00:00-04:00,0.3392286744030243,0.34335443002813076,0.3300603407133608,0.3337276577949524,979156000,0.0,0.0,NVDA
2010-05-11 00:00:00-04:00,0.3305188337537076,0.33670745506147853,0.32753911910217454,0.3300604224205017,829124000,0.0,0.0,NVDA
2010-05-12 00:00:00-04:00,0.332352359307768,0.33831175864934654,0.3302894682357035,0.3364781141281128,901236000,0.0,0.0,NVDA
2010-05-13 00:00:00-04:00,0.33510288452478854,0.35045986374426596,0.33258158208833455,0.3357905149459839,1252000000,0.0,0.0,NVDA
2010-05-14 00:00:00-04:00,0.3130989017853086,0.3140157242095092,0.2888027796585221,0.2970542907714844,2493068000,0.0,0.0,NVDA
2010-05-17 00:00:00-04:00,0.2975127600478999,0.3014093244207016,0.28834442472139155,0.29774197936058044,856060000,0.0,0.0,NVDA
2010-05-18 00:00:00-04:00,0.30026326571699535,0.30209693831139744,0.2862815429239493,0.28788602352142334,674112000,0.0,0.0,NVDA
2010-05-19 00:00:00-04:00,0.28651072874244293,0.29292856841050263,0.28444786439232733,0.29247015714645386,826520000,0.0,0.0,NVDA
2010-05-20 00:00:00-04:00,0.283989416745585,0.2924701478170281,0.2752794937113246,0.2855938971042633,1129136000,0.0,0.0,NVDA
2010-05-21 00:00:00-04:00,0.27734245231679255,0.2998048822028113,0.27734245231679255,0.29178258776664734,1069600000,0.0,0.0,NVDA
2010-05-24 00:00:00-04:00,0.29086577063931324,0.2943038968923516,0.282385037356113,0.28330186009407043,664564000,0.0,0.0,NVDA
2010-05-25 00:00:00-04:00,0.27436275057941295,0.2922410130691369,0.27161222763960974,0.29086577892303467,966652000,0.0,0.0,NVDA
2010-05-26 00:00:00-04:00,0.30255547496357754,0.3082856865999739,0.291324243761958,0.29224106669425964,995028000,0.0,0.0,NVDA
2010-05-27 00:00:00-04:00,0.2995756467209344,0.30943161249160767,0.29888801611855365,0.30943161249160767,713560000,0.0,0.0,NVDA
2010-05-28 00:00:00-04:00,0.3089732262007983,0.3089732262007983,0.2965959563277289,0.3011801242828369,545116000,0.0,0.0,NVDA
2010-06-01 00:00:00-04:00,0.2970544595244217,0.30049258655401495,0.2881153128531966,0.28834453225135803,527492000,0.0,0.0,NVDA
2010-06-02 00:00:00-04:00,0.2888027054020408,0.2920116377092459,0.28696903370132104,0.29155319929122925,649088000,0.0,0.0,NVDA
2010-06-03 00:00:00-04:00,0.2855939677801711,0.2917825894883987,0.2846771177306348,0.29109495878219604,586360000,0.0,0.0,NVDA
2010-06-04 00:00:00-04:00,0.28261420702151063,0.28765678584143467,0.2757379284004221,0.27734240889549255,671456000,0.0,0.0,NVDA
2010-06-07 00:00:00-04:00,0.2784883981946066,0.280322070325746,0.2624437875399781,0.2635898292064667,577248000,0.0,0.0,NVDA
2010-06-08 00:00:00-04:00,0.26244382998102533,0.26244382998102533,0.24960815031111883,0.25625520944595337,967636000,0.0,0.0,NVDA
2010-06-09 00:00:00-04:00,0.2576304298794121,0.26450670795662373,0.24914972608161903,0.2500665485858917,697152000,0.0,0.0,NVDA
2010-06-10 00:00:00-04:00,0.2551091944765583,0.2612978156637633,0.25442156382824754,0.26015177369117737,611768000,0.0,0.0,NVDA
2010-06-11 00:00:00-04:00,0.2574011844053714,0.2672571472344574,0.2567135540082192,0.2661111056804657,442104000,0.0,0.0,NVDA
2010-06-14 00:00:00-04:00,0.2700076373878811,0.27046604853774037,0.2596932635590123,0.26038089394569397,375080000,0.0,0.0,NVDA
2010-06-15 00:00:00-04:00,0.2633606699684292,0.274591868765058,0.2629022313858795,0.2732166349887848,528632000,0.0,0.0,NVDA
2010-06-16 00:00:00-04:00,0.2713830329568256,0.273904336519058,0.26611123380548457,0.2697785794734955,366480000,0.0,0.0,NVDA
2010-06-17 00:00:00-04:00,0.2791761615976933,0.28078061523003023,0.2695493851560687,0.2800929844379425,859068000,0.0,0.0,NVDA
2010-06-18 00:00:00-04:00,0.2816972934639049,0.28536463758991193,0.27963442947039313,0.2819265127182007,932832000,0.0,0.0,NVDA
2010-06-21 00:00:00-04:00,0.28788591669745595,0.2885735197568912,0.27275815756174293,0.2752794325351715,579836000,0.0,0.0,NVDA
2010-06-22 00:00:00-04:00,0.2787175870195782,0.28215571198063044,0.263589826261433,0.26496508717536926,818164000,0.0,0.0,NVDA
2010-06-23 00:00:00-04:00,0.2674864908117005,0.27069539772497336,0.2599225802508459,0.26794490218162537,614060000,0.0,0.0,NVDA
2010-06-24 00:00:00-04:00,0.2663404425629765,0.2677157041058197,0.25373397860751684,0.2546508014202118,725028000,0.0,0.0,NVDA
2010-06-25 00:00:00-04:00,0.25648447867724095,0.256713698046165,0.2498374448640591,0.2539632022380829,507220000,0.0,0.0,NVDA
2010-06-28 00:00:00-04:00,0.2557967932794919,0.25808887693931126,0.2498373648344445,0.25442153215408325,372008000,0.0,0.0,NVDA
2010-06-29 00:00:00-04:00,0.24892057792611685,0.24914979727958342,0.23860619884851184,0.2402106523513794,660808000,0.0,0.0,NVDA
2010-06-30 00:00:00-04:00,0.24066905440078903,0.24319035789594118,0.23402202129364014,0.23402202129364014,623072000,0.0,0.0,NVDA
2010-07-01 00:00:00-04:00,0.23470967829808445,0.239523039159254,0.22760419204385537,0.23791858553886414,737008000,0.0,0.0,NVDA
2010-07-02 00:00:00-04:00,0.23883536452533866,0.23929377580544747,0.22691650729974952,0.23493880033493042,737096000,0.0,0.0,NVDA
2010-07-06 00:00:00-04:00,0.23402202200996913,0.24158590519477982,0.23035467642830382,0.23241756856441498,712020000,0.0,0.0,NVDA
2010-07-07 00:00:00-04:00,0.2333343745991495,0.24502401389580458,0.23287596326519758,0.24364875257015228,608412000,0.0,0.0,NVDA
2010-07-08 00:00:00-04:00,0.24525326296149078,0.2454824549943579,0.2333344028908068,0.23631411790847778,783272000,0.0,0.0,NVDA
2010-07-09 00:00:00-04:00,0.23746008643305602,0.23883534749913557,0.2342511530534676,0.23723086714744568,571516000,0.0,0.0,NVDA
2010-07-12 00:00:00-04:00,0.2372309778318152,0.24456567050798336,0.23700178576306252,0.24158595502376556,565396000,0.0,0.0,NVDA
2010-07-13 00:00:00-04:00,0.24548240120478973,0.25190024122340265,0.24410716733752585,0.2502957880496979,723316000,0.0,0.0,NVDA
2010-07-14 00:00:00-04:00,0.26129776811275407,0.26313144039995884,0.2491497199492874,0.2528170645236969,1355664000,0.0,0.0,NVDA
2010-07-15 00:00:00-04:00,0.2530463947636519,0.2532756141712349,0.24273201325092414,0.24571172893047333,953088000,0.0,0.0,NVDA
2010-07-16 00:00:00-04:00,0.24571166767147826,0.24639929839898633,0.22943785885691637,0.2303546816110611,1288604000,0.0,0.0,NVDA
2010-07-19 00:00:00-04:00,0.23356355318546065,0.24066899593174146,0.2319590728108179,0.2397521734237671,798440000,0.0,0.0,NVDA
2010-07-20 00:00:00-04:00,0.23356367412849946,0.2470869634045535,0.23150078143167035,0.24571172893047333,1160988000,0.0,0.0,NVDA
2010-07-21 00:00:00-04:00,0.248003783455597,0.24823297551141357,0.23539729137639945,0.23768937587738037,624940000,0.0,0.0,NVDA
2010-07-22 00:00:00-04:00,0.240210693316033,0.24410725904667388,0.23883545893210456,0.24158595502376556,462612000,0.0,0.0,NVDA
2010-07-23 00:00:00-04:00,0.24135670411390822,0.24158592347653265,0.23516808188485439,0.2374601662158966,817604000,0.0,0.0,NVDA
2010-07-26 00:00:00-04:00,0.2367725106442414,0.24273194021007857,0.2331051651692958,0.24181509017944336,683548000,0.0,0.0,NVDA
2010-07-27 00:00:00-04:00,0.24250266827148198,0.24296107952546916,0.23677245928716273,0.2397521734237671,683472000,0.0,0.0,NVDA
2010-07-28 00:00:00-04:00,0.2358556895010286,0.239981446356745,0.2315007133051843,0.23218834400177002,1320808000,0.0,0.0,NVDA
2010-07-29 00:00:00-04:00,0.21545610229680276,0.2200402703259161,0.2078922195840064,0.20926746726036072,2664476000,0.0,0.0,NVDA
2010-07-30 00:00:00-04:00,0.2076629959028705,0.21431004170091988,0.2044540758284435,0.2106427103281021,984288000,0.0,0.0,NVDA
2010-08-02 00:00:00-04:00,0.21431006670633432,0.2152269030719883,0.20949667920212556,0.21041351556777954,917020000,0.0,0.0,NVDA
2010-08-03 00:00:00-04:00,0.2088090950488348,0.20903830076085933,0.2033080896507413,0.20491254329681396,955444000,0.0,0.0,NVDA
2010-08-04 00:00:00-04:00,0.20674615483768538,0.21431003671856574,0.20582931860032155,0.21362240612506866,855496000,0.0,0.0,NVDA
2010-08-05 00:00:00-04:00,0.2143099995981053,0.2168312885677227,0.21041344967970152,0.21637287735939026,800504000,0.0,0.0,NVDA
2010-08-06 00:00:00-04:00,0.21545608764992558,0.22118629729677303,0.21362241509817542,0.21889421343803406,739904000,0.0,0.0,NVDA
2010-08-09 00:00:00-04:00,0.22118632097057567,0.22141554031050112,0.21568531638844438,0.22095711529254913,466456000,0.0,0.0,NVDA
2010-08-10 00:00:00-04:00,0.2172897779801222,0.2177481893246178,0.21087193718579236,0.21178877353668213,772560000,0.0,0.0,NVDA
2010-08-11 00:00:00-04:00,0.20743377766663154,0.20743377766663154,0.20284961001138138,0.2035372406244278,796148000,0.0,0.0,NVDA
2010-08-12 00:00:00-04:00,0.19986988570606437,0.20995507044413378,0.19826543257067406,0.20537090301513672,1343584000,0.0,0.0,NVDA
2010-08-13 00:00:00-04:00,0.21201792438572423,0.21820655790756077,0.21155949949786873,0.21522684395313263,1797392000,0.0,0.0,NVDA
2010-08-16 00:00:00-04:00,0.21224713095781056,0.21660209227169444,0.2069753335259677,0.20972584187984467,814008000,0.0,0.0,NVDA
2010-08-17 00:00:00-04:00,0.21178881517153605,0.21637298416527279,0.2097259363919743,0.2124764323234558,481224000,0.0,0.0,NVDA
2010-08-18 00:00:00-04:00,0.2117887473122379,0.2154560785997963,0.21041348612524374,0.21362240612506866,352920000,0.0,0.0,NVDA
2010-08-19 00:00:00-04:00,0.21591446284490665,0.2271456882685658,0.2147684211072143,0.22645805776119232,1615100000,0.0,0.0,NVDA
2010-08-20 00:00:00-04:00,0.22485368705051018,0.2340220379679654,0.22462448135150134,0.22852101922035217,1305308000,0.0,0.0,NVDA
2010-08-23 00:00:00-04:00,0.2292086615382393,0.23493887261193494,0.22439527330681427,0.2250829041004181,748620000,0.0,0.0,NVDA
2010-08-24 00:00:00-04:00,0.21774819925549638,0.22508287673522986,0.21728978789009393,0.22279079258441925,641332000,0.0,0.0,NVDA
2010-08-25 00:00:00-04:00,0.22026949802895976,0.22920862875787162,0.2191234423162234,0.22737495601177216,757532000,0.0,0.0,NVDA
2010-08-26 00:00:00-04:00,0.23035466508698407,0.2328759684657195,0.22462445497512817,0.22462445497512817,657596000,0.0,0.0,NVDA
2010-08-27 00:00:00-04:00,0.2259996745932023,0.23379276210955519,0.22026946519322177,0.23195908963680267,1060416000,0.0,0.0,NVDA
2010-08-30 00:00:00-04:00,0.22920862899669553,0.2310423017447056,0.22095711529254913,0.22095711529254913,602804000,0.0,0.0,NVDA
2010-08-31 00:00:00-04:00,0.21774816771492306,0.22462443283323494,0.21316400007731326,0.21385163068771362,931488000,0.0,0.0,NVDA
2010-09-01 00:00:00-04:00,0.21706056529579992,0.21981106059771677,0.21431005633198494,0.21545609831809998,851440000,0.0,0.0,NVDA
2010-09-02 00:00:00-04:00,0.21614374207532475,0.22004027959953162,0.21408086364290388,0.21935266256332397,596292000,0.0,0.0,NVDA
2010-09-03 00:00:00-04:00,0.22462442316631923,0.22760412380539316,0.22187391450498567,0.22691650688648224,566484000,0.0,0.0,NVDA
2010-09-07 00:00:00-04:00,0.22622892923842555,0.23425122413604216,0.22577051785189312,0.2289794385433197,899820000,0.0,0.0,NVDA
2010-09-08 00:00:00-04:00,0.22943780992539314,0.23814773352742466,0.2269165069035074,0.23654325306415558,1224156000,0.0,0.0,NVDA
2010-09-09 00:00:00-04:00,0.2395230293931244,0.2397522487540347,0.23035469213751783,0.23333440721035004,697748000,0.0,0.0,NVDA
2010-09-10 00:00:00-04:00,0.23493879744723914,0.23562642802084718,0.22875017693235267,0.23081304132938385,609292000,0.0,0.0,NVDA
2010-09-13 00:00:00-04:00,0.23493878990689615,0.24685764660345283,0.23493878990689615,0.24387793242931366,1015792000,0.0,0.0,NVDA
2010-09-14 00:00:00-04:00,0.24181514709251825,0.24479486257673605,0.23952306246216673,0.24158595502376556,698536000,0.0,0.0,NVDA
2010-09-15 00:00:00-04:00,0.23929380450658375,0.242273519170371,0.2360848705133527,0.24204429984092712,555572000,0.0,0.0,NVDA
2010-09-16 00:00:00-04:00,0.23883544239952118,0.24433643420205545,0.23883544239952118,0.24227356910705566,365280000,0.0,0.0,NVDA
2010-09-17 00:00:00-04:00,0.2445656129475514,0.24479480496236194,0.24112748681121401,0.24181509017944336,416884000,0.0,0.0,NVDA
2010-09-20 00:00:00-04:00,0.24181498172377713,0.24639917517331597,0.2395228986609004,0.24548232555389404,443168000,0.0,0.0,NVDA
2010-09-21 00:00:00-04:00,0.24410721732696458,0.26290230261886866,0.24410721732696458,0.25877654552459717,1779624000,0.0,0.0,NVDA
2010-09-22 00:00:00-04:00,0.2578597374308254,0.2633607563107938,0.25625528383726,0.2610686719417572,999996000,0.0,0.0,NVDA
2010-09-23 00:00:00-04:00,0.2640482911729522,0.27459188746122326,0.2617562073993101,0.26634037494659424,1240872000,0.0,0.0,NVDA
2010-09-24 00:00:00-04:00,0.2722998674378085,0.2819266433999392,0.2702370024880949,0.2810097932815552,1086976000,0.0,0.0,NVDA
2010-09-27 00:00:00-04:00,0.28307260508606785,0.2833017970576613,0.27138296749723484,0.2750503122806549,999504000,0.0,0.0,NVDA
2010-09-28 00:00:00-04:00,0.2752795058354352,0.27825922007362686,0.2695492966557561,0.2743626832962036,723192000,0.0,0.0,NVDA
2010-09-29 00:00:00-04:00,0.2718412958087925,0.2803220246169878,0.2693199936241208,0.27229970693588257,974904000,0.0,0.0,NVDA
2010-09-30 00:00:00-04:00,0.27573795672198115,0.2789468907179239,0.2654235787166301,0.2677156627178192,787632000,0.0,0.0,NVDA
2010-10-01 00:00:00-04:00,0.271612193417037,0.2720706320651081,0.258088909070041,0.26015177369117737,999120000,0.0,0.0,NVDA
2010-10-04 00:00:00-04:00,0.2576303780078888,0.2619853523358288,0.25235858136026984,0.2576303780078888,749500000,0.0,0.0,NVDA
2010-10-05 00:00:00-04:00,0.263131489972037,0.26358990129925186,0.25877651405400576,0.2594641447067261,753588000,0.0,0.0,NVDA
2010-10-06 00:00:00-04:00,0.2594641684002427,0.26061021048483113,0.24456562130059342,0.24708689749240875,1057604000,0.0,0.0,NVDA
2010-10-07 00:00:00-04:00,0.24823290737488857,0.24846212669159012,0.23791852995162946,0.24525322020053864,761488000,0.0,0.0,NVDA
2010-10-08 00:00:00-04:00,0.24433628934929527,0.25098334677082323,0.24089816468002476,0.24892045557498932,706932000,0.0,0.0,NVDA
2010-10-11 00:00:00-04:00,0.25006664070803764,0.25212953308828834,0.24662851406475483,0.24777455627918243,442680000,0.0,0.0,NVDA
2010-10-12 00:00:00-04:00,0.2457116909891515,0.25373398648251844,0.24364879861086183,0.2525879442691803,605208000,0.0,0.0,NVDA
2010-10-13 00:00:00-04:00,0.25671351014471067,0.26358975829374676,0.2539630163498525,0.25992241501808167,968732000,0.0,0.0,NVDA
2010-10-14 00:00:00-04:00,0.2601518290225095,0.26061024044428355,0.25465080998981515,0.255796879529953,599172000,0.0,0.0,NVDA
2010-10-15 00:00:00-04:00,0.2599225876439059,0.26290230261886866,0.25579685787343387,0.25877654552459717,639940000,0.0,0.0,NVDA
2010-10-18 00:00:00-04:00,0.2590056331723306,0.26152693548223493,0.2544214670261667,0.26038089394569397,448156000,0.0,0.0,NVDA
2010-10-19 00:00:00-04:00,0.2546507884303257,0.2606102183802511,0.25258792354508963,0.25877654552459717,866136000,0.0,0.0,NVDA
2010-10-20 00:00:00-04:00,0.25900576487797866,0.26588201759383134,0.2544215964007436,0.25877654552459717,763532000,0.0,0.0,NVDA
2010-10-21 00:00:00-04:00,0.2590056485568484,0.25946405973393655,0.25029572689702456,0.2541922628879547,1014428000,0.0,0.0,NVDA
2010-10-22 00:00:00-04:00,0.25579673811647297,0.27252895068958166,0.25304621645881054,0.27046605944633484,1322676000,0.0,0.0,NVDA
2010-10-25 00:00:00-04:00,0.2725289843000954,0.2750502870226382,0.27000768157755267,0.27298739552497864,673136000,0.0,0.0,NVDA
2010-10-26 00:00:00-04:00,0.2697785031185335,0.2761963425592226,0.26748641955570107,0.27207058668136597,675248000,0.0,0.0,NVDA
2010-10-27 00:00:00-04:00,0.26954928173355885,0.27688394361274404,0.2688616512053059,0.2759671211242676,496796000,0.0,0.0,NVDA
2010-10-28 00:00:00-04:00,0.2796344861567477,0.2805513087122102,0.2736750575748622,0.27619636058807373,704448000,0.0,0.0,NVDA
2010-10-29 00:00:00-04:00,0.2757379832361466,0.27848850616109316,0.2727582956071199,0.2755087912082672,554664000,0.0,0.0,NVDA
2010-11-01 00:00:00-04:00,0.27734238218077345,0.2816973299867234,0.27367503757928524,0.2759671211242676,473920000,0.0,0.0,NVDA
2010-11-02 00:00:00-04:00,0.2771132829916841,0.2862816211449736,0.275508829279619,0.28169745206832886,581036000,0.0,0.0,NVDA
2010-11-03 00:00:00-04:00,0.28353100052979946,0.28559389210177,0.27619633869608334,0.2837602198123932,671748000,0.0,0.0,NVDA
2010-11-04 00:00:00-04:00,0.2865107828166348,0.2894904975810123,0.28376028738943915,0.2842186987400055,700016000,0.0,0.0,NVDA
2010-11-05 00:00:00-04:00,0.28628154921489934,0.2915533477932282,0.28490631523172405,0.28903207182884216,735116000,0.0,0.0,NVDA
2010-11-08 00:00:00-05:00,0.28880279947715104,0.29269933603308096,0.28651071593556976,0.2901780605316162,605156000,0.0,0.0,NVDA
2010-11-09 00:00:00-05:00,0.2901781032780497,0.2924701871572802,0.28696916945284995,0.28857362270355225,633964000,0.0,0.0,NVDA
2010-11-10 00:00:00-05:00,0.2906365657313974,0.2920118272304535,0.28651080855802896,0.2920118272304535,521016000,0.0,0.0,NVDA
2010-11-11 00:00:00-05:00,0.2851355072336886,0.2938454317556498,0.28123896996233105,0.28903207182884216,1089980000,0.0,0.0,NVDA
2010-11-12 00:00:00-05:00,0.30003404381859494,0.31355735394625267,0.2986587826789034,0.3039305806159973,2142560000,0.0,0.0,NVDA
2010-11-15 00:00:00-05:00,0.3053059530426327,0.30966090269942215,0.2995757417448556,0.30026334524154663,733548000,0.0,0.0,NVDA
2010-11-16 00:00:00-05:00,0.2952206454823941,0.29934640141457086,0.2908656975851913,0.29132410883903503,739356000,0.0,0.0,NVDA
2010-11-17 00:00:00-05:00,0.29109490568700236,0.29957563731030123,0.2883444106876753,0.2961375117301941,551764000,0.0,0.0,NVDA
2010-11-18 00:00:00-05:00,0.3000341578534276,0.3082856731801682,0.3000341578534276,0.30530595779418945,993120000,0.0,0.0,NVDA
2010-11-19 00:00:00-05:00,0.30461828538849745,0.3163079259520032,0.3041598740048657,0.31516188383102417,716484000,0.0,0.0,NVDA
2010-11-22 00:00:00-05:00,0.3130989205637797,0.31722464904391695,0.3103483984786337,0.31539100408554077,462668000,0.0,0.0,NVDA
2010-11-23 00:00:00-05:00,0.31172369955806195,0.3149326059711534,0.30576427070655565,0.3080563545227051,457832000,0.0,0.0,NVDA
2010-11-24 00:00:00-05:00,0.3112652363498116,0.3167662256616512,0.31103601707690587,0.31562018394470215,397784000,0.0,0.0,NVDA
2010-11-26 00:00:00-05:00,0.315391084407075,0.3172247298324308,0.3117237389087677,0.3117237389087677,143104000,0.0,0.0,NVDA
2010-11-29 00:00:00-05:00,0.31034849599339254,0.3163079259520032,0.30897326184249735,0.31516188383102417,468192000,0.0,0.0,NVDA
2010-11-30 00:00:00-05:00,0.3103484357723295,0.31355736948267804,0.3062226794726209,0.3119528889656067,720936000,0.0,0.0,NVDA
2010-12-01 00:00:00-05:00,0.3181415272872428,0.32776827347446674,0.317683116006669,0.3257054090499878,626536000,0.0,0.0,NVDA
2010-12-02 00:00:00-05:00,0.3257053772010206,0.3316648052371203,0.3254761579212512,0.329601913690567,529316000,0.0,0.0,NVDA
2010-12-03 00:00:00-05:00,0.32799750214443923,0.33899950981140137,0.32730987154204266,0.33899950981140137,606044000,0.0,0.0,NVDA
2010-12-06 00:00:00-05:00,0.3401455510564758,0.34083318165755633,0.3312064352138114,0.33258166909217834,438424000,0.0,0.0,NVDA
2010-12-07 00:00:00-05:00,0.3403748084596053,0.351376817336859,0.33968717778156504,0.3433545231819153,1026812000,0.0,0.0,NVDA
2010-12-08 00:00:00-05:00,0.3428960340874148,0.3500014766192396,0.34037473128089546,0.34633415937423706,613252000,0.0,0.0,NVDA
2010-12-09 00:00:00-05:00,0.3380827903029748,0.34289617866352234,0.33326940194242716,0.3406040668487549,942408000,0.0,0.0,NVDA
2010-12-10 00:00:00-05:00,0.34060403177605664,0.3458758310271887,0.3396872090035987,0.3426669239997864,451900000,0.0,0.0,NVDA
2010-12-13 00:00:00-05:00,0.344042142726092,0.34472974605808304,0.33304010688108826,0.3339569568634033,609108000,0.0,0.0,NVDA
2010-12-14 00:00:00-05:00,0.34037474491375774,0.3465633652131494,0.3339569053232141,0.3344153165817261,755160000,0.0,0.0,NVDA
2010-12-15 00:00:00-05:00,0.3351029905170887,0.3392287470254411,0.32662225817955487,0.32708069682121277,624176000,0.0,0.0,NVDA
2010-12-16 00:00:00-05:00,0.330518710475034,0.33235238244772114,0.32662214728665406,0.32753899693489075,631872000,0.0,0.0,NVDA
2010-12-17 00:00:00-05:00,0.32776840174740174,0.33120655600671856,0.32387186335191465,0.3293728828430176,593156000,0.0,0.0,NVDA
2010-12-20 00:00:00-05:00,0.3305187787613308,0.3321232318224976,0.3277682565721398,0.32799747586250305,344088000,0.0,0.0,NVDA
2010-12-21 00:00:00-05:00,0.33120641154515035,0.3408331573009491,0.3309771922532393,0.3408331573009491,466952000,0.0,0.0,NVDA
2010-12-22 00:00:00-05:00,0.3401454776291737,0.34495886347387616,0.33693657194856413,0.34450045228004456,477988000,0.0,0.0,NVDA
2010-12-23 00:00:00-05:00,0.34450053859415536,0.34450053859415536,0.34060397416083754,0.3419792354106903,273784000,0.0,0.0,NVDA
2010-12-27 00:00:00-05:00,0.34106244705268784,0.34633424594161016,0.3348737981305021,0.3438129425048828,255500000,0.0,0.0,NVDA
2010-12-28 00:00:00-05:00,0.3438127963276516,0.3461048794505997,0.34037467164322943,0.3424375355243683,194260000,0.0,0.0,NVDA
2010-12-29 00:00:00-05:00,0.34220834360634517,0.3449588378891257,0.33922863008175536,0.3424375355243683,177660000,0.0,0.0,NVDA
2010-12-30 00:00:00-05:00,0.34197919040528413,0.3456465350397288,0.3408331486224941,0.3435836434364319,174488000,0.0,0.0,NVDA
2010-12-31 00:00:00-05:00,0.3438129332174062,0.3534397080257354,0.34335452187505644,0.3529812693595886,391252000,0.0,0.0,NVDA
2011-01-03 00:00:00-05:00,0.3557317347363859,0.3660461112342164,0.35527329614411496,0.3626079857349396,817448000,0.0,0.0,NVDA
2011-01-04 00:00:00-05:00,0.36329563974589063,0.36490009295100934,0.3534396738804553,0.36146196722984314,651384000,0.0,0.0,NVDA
2011-01-05 00:00:00-05:00,0.36810899458265434,0.38965462587367317,0.3644416769219608,0.3891961872577667,1428216000,0.0,0.0,NVDA
2011-01-06 00:00:00-05:00,0.3992814873486006,0.4432895578711603,0.39813544512621213,0.44306033849716187,3493312000,0.0,0.0,NVDA
2011-01-07 00:00:00-05:00,0.43801757632148275,0.4568126828240939,0.4281616118363114,0.45543742179870605,2579984000,0.0,0.0,NVDA
2011-01-10 00:00:00-05:00,0.447185994268805,0.4737741787113693,0.44374786838349733,0.47285735607147217,1750348000,0.0,0.0,NVDA
2011-01-11 00:00:00-05:00,0.4792752045388055,0.4838593722012137,0.45543748897621145,0.4655226469039917,2711088000,0.0,0.0,NVDA
2011-01-12 00:00:00-05:00,0.46575199052196814,0.5356605892542565,0.4641475369707957,0.5352022051811218,3431896000,0.0,0.0,NVDA
2011-01-13 00:00:00-05:00,0.5294720416072954,0.5464335115953529,0.5129690104044967,0.5361191034317017,2695192000,0.0,0.0,NVDA
2011-01-14 00:00:00-05:00,0.5269506139994181,0.5496422617429364,0.5237417073643975,0.5407031178474426,1595352000,0.0,0.0,NVDA
2011-01-18 00:00:00-05:00,0.5333683545512706,0.5370356993402652,0.515031685253883,0.5280965566635132,1813348000,0.0,0.0,NVDA
2011-01-19 00:00:00-05:00,0.5283257556250759,0.5409321873060662,0.5125103633884411,0.5136563777923584,1197896000,0.0,0.0,NVDA
2011-01-20 00:00:00-05:00,0.5086139848582149,0.5170946908109926,0.49944559354300955,0.5141149759292603,1111408000,0.0,0.0,NVDA
2011-01-21 00:00:00-05:00,0.5196160097641459,0.5269507015609085,0.5083847800277287,0.5093016028404236,739244000,0.0,0.0,NVDA
2011-01-24 00:00:00-05:00,0.5326806108770709,0.5741674092538902,0.5267212383389167,0.5668327212333679,2056900000,0.0,0.0,NVDA
2011-01-25 00:00:00-05:00,0.5643116651297184,0.5702710952052576,0.5457457987998617,0.5494131445884705,1086856000,0.0,0.0,NVDA
2011-01-26 00:00:00-05:00,0.5551432556597551,0.573021543557248,0.5512467183443615,0.5624779462814331,1074660000,0.0,0.0,NVDA
2011-01-27 00:00:00-05:00,0.5705004045847812,0.5718756115899936,0.5501008357949249,0.5608736276626587,657396000,0.0,0.0,NVDA
2011-01-28 00:00:00-05:00,0.562248501840683,0.5716460255792742,0.5317637383705378,0.5445994138717651,1094796000,0.0,0.0,NVDA
2011-01-31 00:00:00-05:00,0.545516598166329,0.5558309499711283,0.5365774531939304,0.5482670664787292,750160000,0.0,0.0,NVDA
2011-02-01 00:00:00-05:00,0.5530805511601626,0.5649993579735078,0.5494132049685156,0.5608736276626587,654104000,0.0,0.0,NVDA
2011-02-02 00:00:00-05:00,0.5576646129253227,0.5998390040421528,0.5576646129253227,0.5863156914710999,1606616000,0.0,0.0,NVDA
2011-02-03 00:00:00-05:00,0.5872325471613019,0.5872325471613019,0.5627071967550396,0.5753136873245239,1030776000,0.0,0.0,NVDA
2011-02-04 00:00:00-05:00,0.5833357598513742,0.5929624766951187,0.581043676605591,0.5883783102035522,872900000,0.0,0.0,NVDA
2011-02-07 00:00:00-05:00,0.5803560466796456,0.5828773218579613,0.5617901341191021,0.5638530254364014,934236000,0.0,0.0,NVDA
2011-02-08 00:00:00-05:00,0.5645405300768903,0.56820787338569,0.5445993610817101,0.5471206903457642,1076584000,0.0,0.0,NVDA
2011-02-09 00:00:00-05:00,0.5491839067162434,0.554684952811202,0.5239709791555528,0.5338269472122192,1277520000,0.0,0.0,NVDA
2011-02-10 00:00:00-05:00,0.5219076966681387,0.5319929038703386,0.5180111616958362,0.523053765296936,1042352000,0.0,0.0,NVDA
2011-02-11 00:00:00-05:00,0.5212202099694813,0.5549138827993572,0.5127395074414418,0.5379524230957031,1359276000,0.0,0.0,NVDA
2011-02-14 00:00:00-05:00,0.5443705620849276,0.5615612223434459,0.5276383405637095,0.5297012329101562,1287828000,0.0,0.0,NVDA
2011-02-15 00:00:00-05:00,0.5306178743031612,0.532451519330179,0.5145732344026279,0.5168653726577759,886980000,0.0,0.0,NVDA
2011-02-16 00:00:00-05:00,0.5237417527793486,0.5434536876003067,0.5219080526520519,0.5358898043632507,1318364000,0.0,0.0,NVDA
2011-02-17 00:00:00-05:00,0.520762031772397,0.5961716712341499,0.5182407009579284,0.5886077880859375,3470096000,0.0,0.0,NVDA
2011-02-18 00:00:00-05:00,0.5853989366713435,0.5947965216929207,0.5782934908749957,0.5874618291854858,1394412000,0.0,0.0,NVDA
2011-02-22 00:00:00-05:00,0.5682081055416005,0.5698125586483225,0.5301594509836735,0.5319931507110596,1396648000,0.0,0.0,NVDA
2011-02-23 00:00:00-05:00,0.5319934340612126,0.5370359880402207,0.49921655995958747,0.5067804455757141,1491604000,0.0,0.0,NVDA
2011-02-24 00:00:00-05:00,0.5093014494008068,0.5280965573127704,0.5056341592548886,0.5191574692726135,1246120000,0.0,0.0,NVDA
2011-02-25 00:00:00-05:00,0.5331390800515385,0.5386400690597068,0.5258043916089298,0.5299301743507385,775652000,0.0,0.0,NVDA
2011-02-28 00:00:00-05:00,0.5386402023533278,0.5388694489940984,0.507467850729596,0.5193867087364197,903696000,0.0,0.0,NVDA
2011-03-01 00:00:00-05:00,0.5203034365479585,0.5269504949672865,0.49623653292655945,0.49623653292655945,988448000,0.0,0.0,NVDA
2011-03-02 00:00:00-05:00,0.49554899640134425,0.5049465786101733,0.4641474525513314,0.47560787200927734,1718140000,0.0,0.0,NVDA
2011-03-03 00:00:00-05:00,0.48660981076607274,0.48936033305725385,0.4639181658065864,0.47835829854011536,1593704000,0.0,0.0,NVDA
2011-03-04 00:00:00-05:00,0.47881688627205315,0.48363024713322267,0.4705653714760461,0.47583717107772827,959760000,0.0,0.0,NVDA
2011-03-07 00:00:00-05:00,0.47927506205321735,0.48087951479330715,0.45727102556201293,0.46918985247612,1019140000,0.0,0.0,NVDA
2011-03-08 00:00:00-05:00,0.47423254116021873,0.47675381667674055,0.43824678015966145,0.44810277223587036,1947184000,0.0,0.0,NVDA
2011-03-09 00:00:00-05:00,0.44672761951569656,0.4510825957211731,0.4348087602786431,0.43870532512664795,1318976000,0.0,0.0,NVDA
2011-03-10 00:00:00-05:00,0.4286200644681205,0.4318289707389012,0.4102833674283392,0.41074180603027344,1722736000,0.0,0.0,NVDA
2011-03-11 00:00:00-05:00,0.4141800001096473,0.425182009223791,0.40478244439627925,0.41372156143188477,1486832000,0.0,0.0,NVDA
2011-03-14 00:00:00-04:00,0.4169304870199536,0.42747408456423647,0.41028342689028063,0.41715970635414124,1003360000,0.0,0.0,NVDA
2011-03-15 00:00:00-04:00,0.3967600057436141,0.4116585752824899,0.3898837554904974,0.40478232502937317,1256280000,0.0,0.0,NVDA
2011-03-16 00:00:00-04:00,0.40111505821398236,0.42059779835656164,0.3965308904919155,0.4018026888370514,1476520000,0.0,0.0,NVDA
2011-03-17 00:00:00-04:00,0.41257536424934904,0.4132629946836337,0.39423869839529013,0.4093664586544037,1238516000,0.0,0.0,NVDA
2011-03-18 00:00:00-04:00,0.41578446506996397,0.4171597264938907,0.4034071942260182,0.40386560559272766,886960000,0.0,0.0,NVDA
2011-03-21 00:00:00-04:00,0.412575471505638,0.41670122786012204,0.40294872489437156,0.4070744812488556,751832000,0.0,0.0,NVDA
2011-03-22 00:00:00-04:00,0.40592841019641823,0.40982494695891813,0.3981353093476258,0.3999689817428589,718332000,0.0,0.0,NVDA
2011-03-23 00:00:00-04:00,0.39928147354340243,0.40936666114600545,0.39057154748963646,0.4082206189632416,782396000,0.0,0.0,NVDA
2011-03-24 00:00:00-04:00,0.41693040696780276,0.4458106986642646,0.41601358445467973,0.4407680928707123,1780592000,0.0,0.0,NVDA
2011-03-25 00:00:00-04:00,0.44466463765383546,0.44581067940763236,0.42632794226929493,0.4270155727863312,1196392000,0.0,0.0,NVDA
2011-03-28 00:00:00-04:00,0.4371009200445043,0.4501658235984477,0.4332043818458732,0.4428311586380005,1204284000,0.0,0.0,NVDA
2011-03-29 00:00:00-04:00,0.4428311403354598,0.44443559395990023,0.43343358331204934,0.439393013715744,715764000,0.0,0.0,NVDA
2011-03-30 00:00:00-04:00,0.44283094639989184,0.4446646185921198,0.4173887823029396,0.4228897988796234,1176320000,0.0,0.0,NVDA
2011-03-31 00:00:00-04:00,0.4235775664396496,0.42816173474179153,0.4153260525662748,0.42311912775039673,655112000,0.0,0.0,NVDA
2011-04-01 00:00:00-04:00,0.42862012658758036,0.4290785379321585,0.41142946891362453,0.41715970635414124,850072000,0.0,0.0,NVDA
2011-04-04 00:00:00-04:00,0.41715961906517646,0.41830566084871573,0.3992813344534137,0.40226104855537415,924328000,0.0,0.0,NVDA
2011-04-05 00:00:00-04:00,0.40822050538080784,0.41142941167018693,0.40203185745675857,0.4029487073421478,821076000,0.0,0.0,NVDA
2011-04-06 00:00:00-04:00,0.405928400424127,0.40638681168095137,0.3967600386686801,0.40019819140434265,856984000,0.0,0.0,NVDA
2011-04-07 00:00:00-04:00,0.4011150473412376,0.41738885324297037,0.39951059414676393,0.4148675501346588,1021208000,0.0,0.0,NVDA
2011-04-08 00:00:00-04:00,0.4180764415624913,0.4180764415624913,0.4011150067718348,0.40226104855537415,746552000,0.0,0.0,NVDA
2011-04-11 00:00:00-04:00,0.4038655978914515,0.40592848998800457,0.3926343966641438,0.3969893455505371,546208000,0.0,0.0,NVDA
2011-04-12 00:00:00-04:00,0.3930928141935447,0.400885889372744,0.385758123055712,0.39813539385795593,840756000,0.0,0.0,NVDA
2011-04-13 00:00:00-04:00,0.4022610942813251,0.4095957570649665,0.39721851532530883,0.4070744812488556,749588000,0.0,0.0,NVDA
2011-04-14 00:00:00-04:00,0.40340719904717487,0.4244943954058089,0.4011151148624363,0.42426517605781555,1254704000,0.0,0.0,NVDA
2011-04-15 00:00:00-04:00,0.4210562959706202,0.4341211985155437,0.4189934036785689,0.42884939908981323,969720000,0.0,0.0,NVDA
2011-04-18 00:00:00-04:00,0.4187641266989439,0.4215146218733099,0.40799131067000177,0.41463837027549744,743584000,0.0,0.0,NVDA
2011-04-19 00:00:00-04:00,0.41486763761883116,0.41647211847543986,0.40180276267481707,0.41303399205207825,659860000,0.0,0.0,NVDA
2011-04-20 00:00:00-04:00,0.4281616775811707,0.43435029849810675,0.4187641228868567,0.42564037442207336,650516000,0.0,0.0,NVDA
2011-04-21 00:00:00-04:00,0.43022453564114616,0.43297505807289755,0.4235775035199336,0.42449432611465454,421300000,0.0,0.0,NVDA
2011-04-25 00:00:00-04:00,0.42632796019518643,0.43824678947106893,0.4260987409052728,0.43114134669303894,619612000,0.0,0.0,NVDA
2011-04-26 00:00:00-04:00,0.43480867888542873,0.4467275358913535,0.43045373081896665,0.44237256050109863,676000000,0.0,0.0,NVDA
2011-04-27 00:00:00-04:00,0.44466467150698574,0.44466467150698574,0.4332042257727213,0.44237256050109863,450004000,0.0,0.0,NVDA
2011-04-28 00:00:00-04:00,0.442372547074117,0.45612507607305625,0.4373299685913214,0.4471859335899353,684000000,0.0,0.0,NVDA
2011-04-29 00:00:00-04:00,0.4501657820139684,0.4685024563831206,0.44947815126036517,0.45841729640960693,836000000,0.0,0.0,NVDA
2011-05-02 00:00:00-04:00,0.46804397054376956,0.46827316252926976,0.4499364921471335,0.4522285759449005,613824000,0.0,0.0,NVDA
2011-05-03 00:00:00-04:00,0.4469567599392046,0.4483319937688011,0.42518193740409926,0.4306829273700714,808000000,0.0,0.0,NVDA
2011-05-04 00:00:00-04:00,0.43205815921120144,0.4368715455977158,0.4194516996809689,0.4274739921092987,639356000,0.0,0.0,NVDA
2011-05-05 00:00:00-04:00,0.42403591633582166,0.4327458403120391,0.4183057067888094,0.42770326137542725,544000000,0.0,0.0,NVDA
2011-05-06 00:00:00-04:00,0.43664250860768933,0.4469569162169404,0.4332043818458732,0.4428311586380005,841080000,0.0,0.0,NVDA
2011-05-09 00:00:00-04:00,0.44420626320669326,0.454979079106284,0.4430602212874853,0.45268699526786804,706328000,0.0,0.0,NVDA
2011-05-10 00:00:00-04:00,0.4563543386962941,0.45681274999756843,0.4487904292681926,0.45337462425231934,690976000,0.0,0.0,NVDA
2011-05-11 00:00:00-04:00,0.4556666410775342,0.4602507807399824,0.4492488018320419,0.45543742179870605,616000000,0.0,0.0,NVDA
2011-05-12 00:00:00-04:00,0.45383301459949904,0.470336039273763,0.45268697273733033,0.46987760066986084,1224000000,0.0,0.0,NVDA
2011-05-13 00:00:00-04:00,0.4400805406518322,0.4412265826591106,0.41532602782986083,0.41853493452072144,2025192000,0.0,0.0,NVDA
2011-05-16 00:00:00-04:00,0.4173887698411099,0.41830561957174456,0.4054699419331687,0.40569913387298584,728188000,0.0,0.0,NVDA
2011-05-17 00:00:00-04:00,0.4043240345939723,0.4045532266099354,0.3924051754023608,0.4040948152542114,1420364000,0.0,0.0,NVDA
2011-05-18 00:00:00-04:00,0.4056992205497536,0.41693044771398224,0.4043239866456689,0.4134923219680786,658844000,0.0,0.0,NVDA
2011-05-19 00:00:00-04:00,0.41670123606280024,0.4169304553795927,0.40134427958017255,0.4075329005718231,650884000,0.0,0.0,NVDA
2011-05-20 00:00:00-04:00,0.4066160767447163,0.4155551928923545,0.4047824041872073,0.41463837027549744,575820000,0.0,0.0,NVDA
2011-05-23 00:00:00-04:00,0.4086789921994429,0.41715972541880453,0.40340719318637447,0.4141800105571747,588000000,0.0,0.0,NVDA
2011-05-24 00:00:00-04:00,0.41624288956873295,0.43251669852882957,0.4150968474539036,0.41578447818756104,720372000,0.0,0.0,NVDA
2011-05-25 00:00:00-04:00,0.41372155954816475,0.42357755389441987,0.40959580273367113,0.4208270311355591,545312000,0.0,0.0,NVDA
2011-05-26 00:00:00-04:00,0.4208270185620181,0.4350379613122099,0.41968097655466696,0.4313706159591675,706436000,0.0,0.0,NVDA
2011-05-27 00:00:00-04:00,0.4332043110152669,0.4476444465186364,0.43274589965340404,0.4469568431377411,658824000,0.0,0.0,NVDA
2011-05-31 00:00:00-04:00,0.4556666390631036,0.4595632028432129,0.4446646328800108,0.45933395624160767,1200716000,0.0,0.0,NVDA
2011-06-01 00:00:00-04:00,0.4572712173565367,0.4579588480546433,0.43778847508790647,0.43870532512664795,762208000,0.0,0.0,NVDA
2011-06-02 00:00:00-04:00,0.4393929609981047,0.4426018678619862,0.43137063919080454,0.43664243817329407,607592000,0.0,0.0,NVDA
2011-06-03 00:00:00-04:00,0.431599860968398,0.43549639856045896,0.4210562629439522,0.42311912775039673,549300000,0.0,0.0,NVDA
2011-06-06 00:00:00-04:00,0.42243152443187304,0.42632806202455903,0.41372157186784825,0.4141800105571747,435988000,0.0,0.0,NVDA
2011-06-07 00:00:00-04:00,0.4173889272032738,0.41968101140832914,0.4121171280668869,0.4139508008956909,433956000,0.0,0.0,NVDA
2011-06-08 00:00:00-04:00,0.4118879515774914,0.4144092279038779,0.39951068000903023,0.4027195870876312,569288000,0.0,0.0,NVDA
2011-06-09 00:00:00-04:00,0.4024903701365189,0.4034071928668488,0.3836952582505705,0.39813539385795593,741632000,0.0,0.0,NVDA
2011-06-10 00:00:00-04:00,0.398822962605147,0.4013442657075338,0.38919618881333856,0.39240512251853943,493548000,0.0,0.0,NVDA
2011-06-13 00:00:00-04:00,0.392405131533709,0.39744771053053735,0.38690411390860957,0.38965463638305664,574760000,0.0,0.0,NVDA
2011-06-14 00:00:00-04:00,0.3930927611550609,0.4015734658996382,0.39125908861801306,0.39286354184150696,534576000,0.0,0.0,NVDA
2011-06-15 00:00:00-04:00,0.3875917504756284,0.3898838343569813,0.37636052306272216,0.38438284397125244,935916000,0.0,0.0,NVDA
2011-06-16 00:00:00-04:00,0.38461217873324594,0.3905716099664238,0.36558786999142984,0.3710888624191284,1024908000,0.0,0.0,NVDA
2011-06-17 00:00:00-04:00,0.3754436443003112,0.37567286358368984,0.3509183285780239,0.3623787462711334,1467884000,0.0,0.0,NVDA
2011-06-20 00:00:00-04:00,0.359169864153179,0.3667337457988468,0.3552733000191308,0.35802382230758667,745960000,0.0,0.0,NVDA
2011-06-21 00:00:00-04:00,0.35939911003532876,0.36856747349904934,0.3559609839828574,0.36581695079803467,704276000,0.0,0.0,NVDA
2011-06-22 00:00:00-04:00,0.3632956713923833,0.36810903142702855,0.36008673737882296,0.36077436804771423,651720000,0.0,0.0,NVDA
2011-06-23 00:00:00-04:00,0.3561901787006705,0.3740684384027696,0.35298124487917854,0.3715471625328064,744024000,0.0,0.0,NVDA
2011-06-24 00:00:00-04:00,0.3697135120957071,0.37292241878547067,0.3584822840339412,0.36077436804771423,529052000,0.0,0.0,NVDA
2011-06-27 00:00:00-04:00,0.36077439203654754,0.36306647620272725,0.34060401858560785,0.3532105088233948,1142152000,0.0,0.0,NVDA
2011-06-28 00:00:00-04:00,0.353210441940358,0.35939906255242193,0.35068913890546843,0.3552733063697815,692200000,0.0,0.0,NVDA
2011-06-29 00:00:00-04:00,0.3575654340341539,0.3644417133992698,0.3451881912892983,0.36077436804771423,960544000,0.0,0.0,NVDA
2011-06-30 00:00:00-04:00,0.36169121567286355,0.3692550989048243,0.3561902245898732,0.3653585612773895,652300000,0.0,0.0,NVDA
2011-07-01 00:00:00-04:00,0.36535851745082787,0.3715471658315813,0.35802385444540363,0.3701719045639038,540804000,0.0,0.0,NVDA
2011-07-05 00:00:00-04:00,0.3697134830910524,0.37315160884198506,0.3607743397443506,0.36398327350616455,535296000,0.0,0.0,NVDA
2011-07-06 00:00:00-04:00,0.3637541286279373,0.364441759383592,0.3548149834520261,0.35916996002197266,529580000,0.0,0.0,NVDA
2011-07-07 00:00:00-04:00,0.36100359706031726,0.3628372424614746,0.3541273175107874,0.36054515838623047,986136000,0.0,0.0,NVDA
2011-07-08 00:00:00-04:00,0.3555025111147907,0.35802381404643363,0.3506891245448514,0.35366883873939514,619516000,0.0,0.0,NVDA
2011-07-11 00:00:00-04:00,0.34702187374833793,0.3483971078010944,0.3403748135267238,0.3412916362285614,714388000,0.0,0.0,NVDA
2011-07-12 00:00:00-04:00,0.3396871575436705,0.3428960914087443,0.3309772332296067,0.3367074429988861,867604000,0.0,0.0,NVDA
2011-07-13 00:00:00-04:00,0.3412916124928589,0.3435836964118436,0.3328109074573744,0.3360198140144348,634368000,0.0,0.0,NVDA
2011-07-14 00:00:00-04:00,0.3373950974963863,0.33945796222969354,0.32112128967123826,0.32272574305534363,1088996000,0.0,0.0,NVDA
2011-07-15 00:00:00-04:00,0.32455942378364544,0.32662228856784875,0.3165371293413911,0.32318416237831116,827736000,0.0,0.0,NVDA
2011-07-18 00:00:00-04:00,0.3206629086776188,0.32249655424800866,0.3121821749574659,0.316307932138443,818200000,0.0,0.0,NVDA
2011-07-19 00:00:00-04:00,0.31722466801923044,0.3266222219500973,0.31722466801923044,0.32593461871147156,602224000,0.0,0.0,NVDA
2011-07-20 00:00:00-04:00,0.3270806121018639,0.32891425689836873,0.32089196528040054,0.3218088150024414,662956000,0.0,0.0,NVDA
2011-07-21 00:00:00-04:00,0.3222673281820629,0.3392287665074346,0.3174539407585851,0.33693668246269226,1143420000,0.0,0.0,NVDA
2011-07-22 00:00:00-04:00,0.3399164050039568,0.34495898455361385,0.33556142882450024,0.3438129425048828,737192000,0.0,0.0,NVDA
2011-07-25 00:00:00-04:00,0.3385411001367765,0.3399163613481466,0.33349852123474316,0.3383118808269501,566920000,0.0,0.0,NVDA
2011-07-26 00:00:00-04:00,0.3286851610970875,0.3369366743899797,0.32524703511234854,0.3300604224205017,698276000,0.0,0.0,NVDA
2011-07-27 00:00:00-04:00,0.32547623513283985,0.3270807158242702,0.31676631029223484,0.3176831603050232,652212000,0.0,0.0,NVDA
2011-07-28 00:00:00-04:00,0.3165370604551766,0.3236425033062904,0.31149445461554415,0.3169954717159271,648176000,0.0,0.0,NVDA
2011-07-29 00:00:00-04:00,0.31378653824308905,0.3199751858964939,0.31218208516856605,0.3169954717159271,677656000,0.0,0.0,NVDA
2011-08-01 00:00:00-04:00,0.32433018232997407,0.3348737795219222,0.32157968703062123,0.3339569568634033,1019620000,0.0,0.0,NVDA
2011-08-02 00:00:00-04:00,0.331664883766086,0.3525228595072292,0.33051884174346924,0.33051884174346924,1356432000,0.0,0.0,NVDA
2011-08-03 00:00:00-04:00,0.3312063273702475,0.3406038514457881,0.32799739471799194,0.33945780992507935,765236000,0.0,0.0,NVDA
2011-08-04 00:00:00-04:00,0.3332693187475316,0.3332693187475316,0.3071395456790924,0.3071395456790924,979732000,0.0,0.0,NVDA
2011-08-05 00:00:00-04:00,0.3142450483017162,0.3181415858900397,0.28880287599591414,0.2968251705169678,1270588000,0.0,0.0,NVDA
2011-08-08 00:00:00-04:00,0.28238511083786605,0.29247030019874126,0.2716122905826894,0.2734459638595581,1084180000,0.0,0.0,NVDA
2011-08-09 00:00:00-04:00,0.27871759777989846,0.2968250730014467,0.27505028074079996,0.2963666617870331,1329832000,0.0,0.0,NVDA
2011-08-10 00:00:00-04:00,0.28765676770052856,0.29590827966642297,0.28123892809636536,0.28284338116645813,1140052000,0.0,0.0,NVDA
2011-08-11 00:00:00-04:00,0.2828434067167464,0.3114944818938958,0.2828434067167464,0.3073687255382538,1078792000,0.0,0.0,NVDA
2011-08-12 00:00:00-04:00,0.3401455539608515,0.3406039652575547,0.2904072861593898,0.29522067308425903,3195784000,0.0,0.0,NVDA
2011-08-15 00:00:00-04:00,0.29820049061250337,0.3071396369463343,0.29659603685734515,0.3064520061016083,864152000,0.0,0.0,NVDA
2011-08-16 00:00:00-04:00,0.3030137776380816,0.3071395339997693,0.2922409617703987,0.29774197936058044,716868000,0.0,0.0,NVDA
2011-08-17 00:00:00-04:00,0.2986588447456721,0.3037014517566253,0.28971972745134333,0.29361626505851746,553328000,0.0,0.0,NVDA
2011-08-18 00:00:00-04:00,0.2803222049713728,0.28307270082731817,0.27046620911694835,0.2736751437187195,802564000,0.0,0.0,NVDA
2011-08-19 00:00:00-04:00,0.2690908707047915,0.28398941375910647,0.2670279791183809,0.26886165142059326,761332000,0.0,0.0,NVDA
2011-08-22 00:00:00-04:00,0.27642563957466487,0.279634574176436,0.2706954284898612,0.2736751437187195,611876000,0.0,0.0,NVDA
2011-08-23 00:00:00-04:00,0.2803221422251645,0.3034722007554737,0.2798637035819539,0.3032429814338684,938312000,0.0,0.0,NVDA
2011-08-24 00:00:00-04:00,0.3025553426385494,0.3034721651698713,0.2910948970542709,0.2988879978656769,687500000,0.0,0.0,NVDA
2011-08-25 00:00:00-04:00,0.29292868940896566,0.2982004894326011,0.2855940241831181,0.2860524356365204,690968000,0.0,0.0,NVDA
2011-08-26 00:00:00-04:00,0.28490642053256154,0.3011802336100417,0.27986381209245925,0.2982005178928375,732660000,0.0,0.0,NVDA
2011-08-29 00:00:00-04:00,0.30668114569289173,0.30736874903490013,0.2995756743525678,0.30622270703315735,601528000,0.0,0.0,NVDA
2011-08-30 00:00:00-04:00,0.3041597446659545,0.31607857219109176,0.3020968533311231,0.31355729699134827,684760000,0.0,0.0,NVDA
2011-08-31 00:00:00-04:00,0.31584950603319006,0.3190584129556974,0.30255541232431904,0.3050766885280609,705808000,0.0,0.0,NVDA
2011-09-01 00:00:00-04:00,0.30920250782578396,0.3158495696816012,0.30415992707834605,0.3043891191482544,762312000,0.0,0.0,NVDA
2011-09-02 00:00:00-04:00,0.297512745567961,0.3016385017288482,0.2938454006863294,0.2961375117301941,471356000,0.0,0.0,NVDA
2011-09-06 00:00:00-04:00,0.2865107573272336,0.3027845637530229,0.2837602621447355,0.3020969331264496,696248000,0.0,0.0,NVDA
2011-09-07 00:00:00-04:00,0.3266223073005676,0.3355614523003296,0.31768318962460534,0.3266223073005676,1606620000,0.0,0.0,NVDA
2011-09-08 00:00:00-04:00,0.3234132082929295,0.33120630653784533,0.31974586472781813,0.32501766085624695,880164000,0.0,0.0,NVDA
2011-09-09 00:00:00-04:00,0.3222672761018967,0.33097719952910554,0.31539102507890965,0.31814152002334595,869828000,0.0,0.0,NVDA
2011-09-12 00:00:00-04:00,0.313786551812308,0.32845590405722414,0.313786551812308,0.3257054090499878,916480000,0.0,0.0,NVDA
2011-09-13 00:00:00-04:00,0.3284559501212406,0.33464459891018566,0.3234133706801496,0.33304011821746826,853836000,0.0,0.0,NVDA
2011-09-14 00:00:00-04:00,0.34174999029153363,0.3545856688821402,0.3415207710109264,0.35023069381713867,1547192000,0.0,0.0,NVDA
2011-09-15 00:00:00-04:00,0.358023828707404,0.35985750115788795,0.3520644000742797,0.3552733063697815,752908000,0.0,0.0,NVDA
2011-09-16 00:00:00-04:00,0.35596092079877867,0.36902581933815065,0.35252279535658443,0.35435646772384644,1391588000,0.0,0.0,NVDA
2011-09-19 00:00:00-04:00,0.3483971716751881,0.35091847555318617,0.3380827914314183,0.3470219373703003,968204000,0.0,0.0,NVDA
2011-09-20 00:00:00-04:00,0.3513768239415169,0.35275208532344765,0.33647827737372366,0.3380827307701111,792436000,0.0,0.0,NVDA
2011-09-21 00:00:00-04:00,0.33991625098072525,0.3458756505395182,0.3314355218038749,0.3316647410392761,715252000,0.0,0.0,NVDA
2011-09-22 00:00:00-04:00,0.3185999351840897,0.3190583464597949,0.303701391119015,0.30966079235076904,1314632000,0.0,0.0,NVDA
2011-09-23 00:00:00-04:00,0.3078272061613556,0.32501783721877264,0.3059935333838048,0.31607869267463684,1011440000,0.0,0.0,NVDA
2011-09-26 00:00:00-04:00,0.31997534614598666,0.3208921691266494,0.3025554909229474,0.3167664110660553,972124000,0.0,0.0,NVDA
2011-09-27 00:00:00-04:00,0.32478859055873177,0.32753908560043427,0.31470340564076427,0.3172246813774109,781388000,0.0,0.0,NVDA
2011-09-28 00:00:00-04:00,0.3179123737066408,0.3259346957321964,0.30255541502803796,0.3075979948043823,1236532000,0.0,0.0,NVDA
2011-09-29 00:00:00-04:00,0.3130990073314257,0.31837080635718307,0.29224100324981267,0.3000341057777405,866416000,0.0,0.0,NVDA
2011-09-30 00:00:00-04:00,0.2952206800359936,0.2968251332741329,0.2862815365827119,0.2867399752140045,677784000,0.0,0.0,NVDA
2011-10-03 00:00:00-04:00,0.28307262765270375,0.29201177102849923,0.27069535851478577,0.27069535851478577,949896000,0.0,0.0,NVDA
2011-10-04 00:00:00-04:00,0.264048408675835,0.2956792116165161,0.26290236627901925,0.2956792116165161,1361548000,0.0,0.0,NVDA
2011-10-05 00:00:00-04:00,0.29499147902180006,0.3089732296963773,0.28903207700701555,0.30622270703315735,856708000,0.0,0.0,NVDA
2011-10-06 00:00:00-04:00,0.30782710535715185,0.3192875223091516,0.30736866682004044,0.3183706998825073,773192000,0.0,0.0,NVDA
2011-10-07 00:00:00-04:00,0.3197459542014899,0.32914350763941586,0.3130989228689605,0.3243301212787628,806976000,0.0,0.0,NVDA
2011-10-10 00:00:00-04:00,0.3298311574327826,0.3387703001499176,0.3291435268662656,0.3387703001499176,534376000,0.0,0.0,NVDA
2011-10-11 00:00:00-04:00,0.33601982784663864,0.34152084587292797,0.33395696316415313,0.33510300517082214,816080000,0.0,0.0,NVDA
2011-10-12 00:00:00-04:00,0.34152085573422836,0.3417500750716995,0.33464460349566477,0.3348737955093384,612064000,0.0,0.0,NVDA
2011-10-13 00:00:00-04:00,0.33326927648602117,0.35504409827704375,0.3323524539642862,0.35435646772384644,854832000,0.0,0.0,NVDA
2011-10-14 00:00:00-04:00,0.3605451407267668,0.3642124859970502,0.3516060242006707,0.3603159487247467,702452000,0.0,0.0,NVDA
2011-10-17 00:00:00-04:00,0.35619006158584315,0.35619006158584315,0.34060386356125255,0.3424375355243683,611780000,0.0,0.0,NVDA
2011-10-18 00:00:00-04:00,0.340603974979165,0.35573176679250595,0.33854111042322466,0.35481491684913635,590916000,0.0,0.0,NVDA
2011-10-19 00:00:00-04:00,0.35527329896639437,0.36146194677328913,0.3467925947988997,0.34770941734313965,557568000,0.0,0.0,NVDA
2011-10-20 00:00:00-04:00,0.338311834896693,0.33968709592135343,0.3172246449121157,0.3302895426750183,990308000,0.0,0.0,NVDA
2011-10-21 00:00:00-04:00,0.3344153432160386,0.3399163607276836,0.3263930499198762,0.33189404010772705,628428000,0.0,0.0,NVDA
2011-10-24 00:00:00-04:00,0.333269352440629,0.34954316083878956,0.3325817217307155,0.34427136182785034,535256000,0.0,0.0,NVDA
2011-10-25 00:00:00-04:00,0.3394579263094822,0.34220844876123807,0.3305188103126592,0.33120644092559814,577996000,0.0,0.0,NVDA
2011-10-26 00:00:00-04:00,0.3376243085150127,0.33945795386664573,0.325476230455765,0.33510300517082214,503116000,0.0,0.0,NVDA
2011-10-27 00:00:00-04:00,0.3474802894726578,0.35298128040051435,0.33968718711376356,0.34954315423965454,577732000,0.0,0.0,NVDA
2011-10-28 00:00:00-04:00,0.3465634818651039,0.36077442692886935,0.34564665903948083,0.3575654923915863,490156000,0.0,0.0,NVDA
2011-10-31 00:00:00-04:00,0.34610500106013303,0.3481678929898881,0.3392287492752075,0.3392287492752075,519984000,0.0,0.0,NVDA
2011-11-01 00:00:00-04:00,0.3268514615323126,0.32776828412324666,0.3190583602141959,0.3222672939300537,790824000,0.0,0.0,NVDA
2011-11-02 00:00:00-04:00,0.3254763386775749,0.3270808198794435,0.3101193761467356,0.3167664110660553,961608000,0.0,0.0,NVDA
2011-11-03 00:00:00-04:00,0.320204316478179,0.33647814536717924,0.3117236141468681,0.3357905149459839,749372000,0.0,0.0,NVDA
2011-11-04 00:00:00-04:00,0.3328109750493387,0.34083327039506667,0.327539175500243,0.3396872282028198,654840000,0.0,0.0,NVDA
2011-11-07 00:00:00-05:00,0.3371659498812988,0.3428961885985409,0.33006050414771654,0.3378535807132721,613536000,0.0,0.0,NVDA
2011-11-08 00:00:00-05:00,0.34220840508766837,0.34770939464153977,0.3367073882100059,0.34564653038978577,549728000,0.0,0.0,NVDA
2011-11-09 00:00:00-05:00,0.3376243002837236,0.3419792488733734,0.32685148382463897,0.3282267451286316,532244000,0.0,0.0,NVDA
2011-11-10 00:00:00-05:00,0.3362489071570178,0.33968703174532405,0.323413231097827,0.3316647410392761,990484000,0.0,0.0,NVDA
2011-11-11 00:00:00-05:00,0.34106243913764567,0.3461050185702794,0.3224965201257457,0.3433545231819153,1751560000,0.0,0.0,NVDA
2011-11-14 00:00:00-05:00,0.34335450272552753,0.3467926285870952,0.3357906203653196,0.3367074429988861,500292000,0.0,0.0,NVDA
2011-11-15 00:00:00-05:00,0.3334985731763951,0.34358373255120267,0.33258172311808626,0.3410624563694,505660000,0.0,0.0,NVDA
2011-11-16 00:00:00-05:00,0.33464460520216716,0.3435837222283653,0.33304012447928233,0.3341861665248871,512420000,0.0,0.0,NVDA
2011-11-17 00:00:00-05:00,0.3334985209498645,0.3344153435407986,0.31630786511759945,0.3222672939300537,657504000,0.0,0.0,NVDA
2011-11-18 00:00:00-05:00,0.32410101557712284,0.32410101557712284,0.3158495017124138,0.31928762793540955,501352000,0.0,0.0,NVDA
2011-11-21 00:00:00-05:00,0.31424504858683056,0.3385411515164418,0.3094316609403118,0.3353322446346283,1330788000,0.0,0.0,NVDA
2011-11-22 00:00:00-05:00,0.3389994717447508,0.3474802026823399,0.3371657994521967,0.34564653038978577,1287480000,0.0,0.0,NVDA
2011-11-23 00:00:00-05:00,0.3419792394205551,0.3445005426335836,0.3307480119451862,0.3309772312641144,825340000,0.0,0.0,NVDA
2011-11-25 00:00:00-05:00,0.32662217357894924,0.3341860539977912,0.32089196528040054,0.3218088150024414,406620000,0.0,0.0,NVDA
2011-11-28 00:00:00-05:00,0.3323525250075491,0.3449589876570033,0.3323525250075491,0.3399164080619812,690616000,0.0,0.0,NVDA
2011-11-29 00:00:00-05:00,0.33945788507425406,0.3461049437601615,0.3362489790353962,0.34174999594688416,623440000,0.0,0.0,NVDA
2011-11-30 00:00:00-05:00,0.3520644697371116,0.3591699416422705,0.34908475483095464,0.3582530915737152,730324000,0.0,0.0,NVDA
2011-12-01 00:00:00-05:00,0.35527329614411496,0.3635248082718963,0.3536688430425443,0.3626079857349396,529760000,0.0,0.0,NVDA
2011-12-02 00:00:00-05:00,0.3665045699600283,0.36787983126733365,0.3568778227802796,0.3603159487247467,546464000,0.0,0.0,NVDA
2011-12-05 00:00:00-05:00,0.3662753635365889,0.3667337748463762,0.35183520234982635,0.35481491684913635,644696000,0.0,0.0,NVDA
2011-12-06 00:00:00-05:00,0.35687777455099445,0.3575653777879267,0.3461049595218236,0.34977230429649353,573832000,0.0,0.0,NVDA
2011-12-07 00:00:00-05:00,0.34748022536897605,0.35023072032548885,0.3403747550178413,0.34770941734313965,510016000,0.0,0.0,NVDA
2011-12-08 00:00:00-05:00,0.34427132535909405,0.35000153512837345,0.33556140104503024,0.3367074429988861,491488000,0.0,0.0,NVDA
2011-12-09 00:00:00-05:00,0.334186096863416,0.34427128115674854,0.32960192963657176,0.3415207862854004,555840000,0.0,0.0,NVDA
2011-12-12 00:00:00-05:00,0.3341861602415252,0.33556142159991237,0.32685149675232034,0.33304011821746826,573208000,0.0,0.0,NVDA
2011-12-13 00:00:00-05:00,0.33739497984392103,0.3415207351956474,0.3218088081395037,0.3238716721534729,516596000,0.0,0.0,NVDA
2011-12-14 00:00:00-05:00,0.3211212557059319,0.3229549282325876,0.30782716404242133,0.3112652897834778,636020000,0.0,0.0,NVDA
2011-12-15 00:00:00-05:00,0.31653727819829086,0.318600143952591,0.30782734895738084,0.30851495265960693,435148000,0.0,0.0,NVDA
2011-12-16 00:00:00-05:00,0.3110360535016778,0.31699548205722483,0.30828555852365336,0.30966079235076904,619116000,0.0,0.0,NVDA
2011-12-19 00:00:00-05:00,0.311036099092292,0.314703444483067,0.3004925015866619,0.30163854360580444,463276000,0.0,0.0,NVDA
2011-12-20 00:00:00-05:00,0.3085148411068959,0.31974607094101976,0.3085148411068959,0.31860002875328064,445208000,0.0,0.0,NVDA
2011-12-21 00:00:00-05:00,0.31676627906222654,0.3202044047926742,0.30828557439188115,0.3144741952419281,548424000,0.0,0.0,NVDA
2011-12-22 00:00:00-05:00,0.3153910160159481,0.3289142983763721,0.3153910160159481,0.32799747586250305,576560000,0.0,0.0,NVDA
2011-12-23 00:00:00-05:00,0.32960195984138396,0.3300603984651134,0.32203807775917637,0.3247886002063751,248948000,0.0,0.0,NVDA
2011-12-27 00:00:00-05:00,0.32341333583061843,0.3273098728277796,0.32135044401532536,0.3222672939300537,195712000,0.0,0.0,NVDA
2011-12-28 00:00:00-05:00,0.32226730906343953,0.3229549397008277,0.3140157960623721,0.3142450153827667,233960000,0.0,0.0,NVDA
2011-12-29 00:00:00-05:00,0.317453852745688,0.32089197785959417,0.3128696859271465,0.32020434737205505,211112000,0.0,0.0,NVDA
2011-12-30 00:00:00-05:00,0.31905839433851,0.3224965204079227,0.31722472163673043,0.3176831603050232,186956000,0.0,0.0,NVDA
2012-01-03 00:00:00-05:00,0.327768215238659,0.33006032588186696,0.3211211845418579,0.3218088150024414,468044000,0.0,0.0,NVDA
2012-01-04 00:00:00-05:00,0.3220380147216531,0.32685140073825736,0.31905830086965004,0.32547613978385925,347372000,0.0,0.0,NVDA
2012-01-05 00:00:00-05:00,0.3238717698766909,0.3387703429543875,0.3224965085698894,0.33716586232185364,563548000,0.0,0.0,NVDA
2012-01-06 00:00:00-05:00,0.33693667317901155,0.33716586518289254,0.32937279057501145,0.333269327878952,533252000,0.0,0.0,NVDA
2012-01-09 00:00:00-05:00,0.33349854720662936,0.339687168492158,0.3309772438973639,0.333269327878952,508244000,0.0,0.0,NVDA
2012-01-10 00:00:00-05:00,0.33831188020941577,0.3385410995188238,0.3296019563088235,0.33189404010772705,546328000,0.0,0.0,NVDA
2012-01-11 00:00:00-05:00,0.32891433734308045,0.33189405185185156,0.323871758271819,0.32524701952934265,484272000,0.0,0.0,NVDA
2012-01-12 00:00:00-05:00,0.3259346851889797,0.3261638772073367,0.31607869065708094,0.32318416237831116,652364000,0.0,0.0,NVDA
2012-01-13 00:00:00-05:00,0.320891964786925,0.3215795952464511,0.3130988924423985,0.3147033452987671,504300000,0.0,0.0,NVDA
2012-01-17 00:00:00-05:00,0.31951686730602,0.31951686730602,0.30943168002551524,0.30989009141921997,627176000,0.0,0.0,NVDA
2012-01-18 00:00:00-05:00,0.3158494491043969,0.3229549197112838,0.3142449959323303,0.3204336166381836,632676000,0.0,0.0,NVDA
2012-01-19 00:00:00-05:00,0.32318413448934924,0.32937278295551,0.31974600859650243,0.3289143443107605,608312000,0.0,0.0,NVDA
2012-01-20 00:00:00-05:00,0.3284558943419485,0.3323524584210544,0.32478857688203866,0.32593461871147156,546272000,0.0,0.0,NVDA
2012-01-23 00:00:00-05:00,0.3261638705423983,0.33510301484680954,0.3220381137345007,0.3348737955093384,562792000,0.0,0.0,NVDA
2012-01-24 00:00:00-05:00,0.33258157263093413,0.3438127963276516,0.332352380712911,0.3424375355243683,730920000,0.0,0.0,NVDA
2012-01-25 00:00:00-05:00,0.3332693263429333,0.3412916202415175,0.3236425518055953,0.34037479758262634,1274152000,0.0,0.0,NVDA
2012-01-26 00:00:00-05:00,0.3454173755150708,0.3493139401097432,0.3353322170111797,0.33716586232185364,799672000,0.0,0.0,NVDA
2012-01-27 00:00:00-05:00,0.33510293726097673,0.3435836409269223,0.33235244246712836,0.34174999594688416,449996000,0.0,0.0,NVDA
2012-01-30 00:00:00-05:00,0.33579062338274474,0.34083320256026434,0.33074801688142946,0.3392287492752075,399076000,0.0,0.0,NVDA
2012-01-31 00:00:00-05:00,0.3401456334708046,0.340374852834634,0.3325817496738439,0.338541179895401,357900000,0.0,0.0,NVDA
2012-02-01 00:00:00-05:00,0.34243760723587097,0.3461049519300987,0.33762424806396296,0.3422084152698517,428020000,0.0,0.0,NVDA
2012-02-02 00:00:00-05:00,0.3440420609983131,0.3564193005670645,0.3406039085361157,0.35504406690597534,696236000,0.0,0.0,NVDA
2012-02-03 00:00:00-05:00,0.360315902068755,0.365587699965738,0.3596282715041411,0.3626079857349396,495232000,0.0,0.0,NVDA
2012-02-06 00:00:00-05:00,0.36077429228058067,0.3612327035223038,0.35664853645749045,0.3598574697971344,278868000,0.0,0.0,NVDA
2012-02-07 00:00:00-05:00,0.360315956709719,0.36283723273059126,0.3543565273443904,0.36077436804771423,410296000,0.0,0.0,NVDA
2012-02-08 00:00:00-05:00,0.3607744162685019,0.3809447637504146,0.358940743347637,0.3738393187522888,847612000,0.0,0.0,NVDA
2012-02-09 00:00:00-05:00,0.37842337647245367,0.3804862408264029,0.3729223593222683,0.3736099898815155,561944000,0.0,0.0,NVDA
2012-02-10 00:00:00-05:00,0.36994262271784206,0.3713178837530761,0.3623787416716362,0.3644416332244873,440268000,0.0,0.0,NVDA
2012-02-13 00:00:00-05:00,0.37361003040930224,0.37498529167697975,0.3626080222392682,0.3701719045639038,610668000,0.0,0.0,NVDA
2012-02-14 00:00:00-05:00,0.3701719564526974,0.3754437556193743,0.36696302215290316,0.3722348213195801,453756000,0.0,0.0,NVDA
2012-02-15 00:00:00-05:00,0.37567283980472344,0.3873624760412926,0.369713412052004,0.3706302344799042,1110856000,0.0,0.0,NVDA
2012-02-16 00:00:00-05:00,0.34518826319099616,0.38002796931639177,0.3438130015667507,0.3770482540130615,1888588000,0.0,0.0,NVDA
2012-02-17 00:00:00-05:00,0.3772773669011083,0.37979864273549785,0.35985751875535,0.36329564452171326,1020360000,0.0,0.0,NVDA
2012-02-21 00:00:00-05:00,0.36306645956658906,0.3740684685248862,0.3623788288834835,0.36512935161590576,518176000,0.0,0.0,NVDA
2012-02-22 00:00:00-05:00,0.3632956162995534,0.3722347316681561,0.3621495744664612,0.3626079857349396,492432000,0.0,0.0,NVDA
2012-02-23 00:00:00-05:00,0.36329566848762584,0.3667337944807956,0.35756543117521306,0.36467090249061584,323968000,0.0,0.0,NVDA
2012-02-24 00:00:00-05:00,0.36581695378162116,0.36627539245139396,0.36031596298232,0.36192041635513306,366668000,0.0,0.0,NVDA
2012-02-27 00:00:00-05:00,0.35733620223311824,0.35894065539932374,0.3495431010598729,0.3545857071876526,745268000,0.0,0.0,NVDA
2012-02-28 00:00:00-05:00,0.3545856454194492,0.3587114009308451,0.3477093680179301,0.3513767123222351,699884000,0.0,0.0,NVDA
2012-02-29 00:00:00-05:00,0.35252270507250916,0.35848213190890266,0.3470217167033653,0.34725090861320496,689196000,0.0,0.0,NVDA
2012-03-01 00:00:00-05:00,0.34862633152627776,0.3536689110974459,0.3472510701324147,0.34954315423965454,449944000,0.0,0.0,NVDA
2012-03-02 00:00:00-05:00,0.34839712285481134,0.35756545956452784,0.34839712285481134,0.3525228798389435,684076000,0.0,0.0,NVDA
2012-03-05 00:00:00-05:00,0.35000162419123254,0.3506892550032826,0.3380827903029748,0.3406040668487549,514848000,0.0,0.0,NVDA
2012-03-06 00:00:00-05:00,0.33670747109121646,0.33945796654519206,0.33143567219888115,0.3373951017856598,471400000,0.0,0.0,NVDA
2012-03-07 00:00:00-05:00,0.3392286180152087,0.3408330706794439,0.33464445193237374,0.33945780992507935,441984000,0.0,0.0,NVDA
2012-03-08 00:00:00-05:00,0.34037487479393985,0.3440422209090049,0.3385412017364073,0.3406040668487549,430852000,0.0,0.0,NVDA
2012-03-09 00:00:00-05:00,0.34152090117517503,0.34404220492763854,0.3378535552304646,0.3396872282028198,367836000,0.0,0.0,NVDA
2012-03-12 00:00:00-04:00,0.3410623754634217,0.3433544590797736,0.3334984940647021,0.3344153165817261,299948000,0.0,0.0,NVDA
2012-03-13 00:00:00-04:00,0.335790603431943,0.3408331823098607,0.33418612291841976,0.33899950981140137,553288000,0.0,0.0,NVDA
2012-03-14 00:00:00-04:00,0.33899963279769274,0.3396872636495561,0.32822684053117995,0.3293728828430176,735708000,0.0,0.0,NVDA
2012-03-15 00:00:00-04:00,0.33028962903459036,0.33601983926261425,0.3291435869889856,0.3341861665248871,382380000,0.0,0.0,NVDA
2012-03-16 00:00:00-04:00,0.3344153367405627,0.3360197899039684,0.3325816642721875,0.3346445560455322,428340000,0.0,0.0,NVDA
2012-03-19 00:00:00-04:00,0.33647830439897125,0.3380827579242251,0.33395700077085816,0.33556145429611206,405400000,0.0,0.0,NVDA
2012-03-20 00:00:00-04:00,0.33372774040994546,0.33372774040994546,0.32708070776896864,0.3300604224205017,449616000,0.0,0.0,NVDA
2012-03-21 00:00:00-04:00,0.3300605353263189,0.334415485467194,0.32639318875856715,0.33143576979637146,467840000,0.0,0.0,NVDA
2012-03-22 00:00:00-04:00,0.3289143393651469,0.3337277264722757,0.3279975167370249,0.3309772312641144,425372000,0.0,0.0,NVDA
2012-03-23 00:00:00-04:00,0.3300604411627872,0.3344153900612312,0.3277683297190086,0.3334985673427582,315456000,0.0,0.0,NVDA
2012-03-26 00:00:00-04:00,0.33670747109121646,0.3389995551901624,0.3334985642822112,0.3373951017856598,288600000,0.0,0.0,NVDA
2012-03-27 00:00:00-04:00,0.3387704053785428,0.3438129855596687,0.33808277459843444,0.3396872282028198,419968000,0.0,0.0,NVDA
2012-03-28 00:00:00-04:00,0.34404217085240746,0.35206446540357716,0.3415208673496633,0.34748029708862305,892448000,0.0,0.0,NVDA
2012-03-29 00:00:00-04:00,0.3470218701967658,0.35183523031784764,0.34266689409811396,0.349084734916687,372700000,0.0,0.0,NVDA
2012-03-30 00:00:00-04:00,0.3520644466748892,0.35504416138585787,0.34702186726144824,0.3529812693595886,527240000,0.0,0.0,NVDA
2012-04-02 00:00:00-04:00,0.3520643427947659,0.3550440566265401,0.34633413439665744,0.3513767123222351,407776000,0.0,0.0,NVDA
2012-04-03 00:00:00-04:00,0.3538980420443839,0.35435645328657467,0.3438128580972316,0.34564653038978577,430476000,0.0,0.0,NVDA
2012-04-04 00:00:00-04:00,0.34037468132223697,0.3447296284501627,0.33372762368239783,0.3357905149459839,495896000,0.0,0.0,NVDA
2012-04-05 00:00:00-04:00,0.33624906736548976,0.3403748243019632,0.3341861752353539,0.3353322446346283,369424000,0.0,0.0,NVDA
2012-04-09 00:00:00-04:00,0.3300604086359924,0.3321232732111646,0.3245593908958744,0.3309772312641144,365504000,0.0,0.0,NVDA
2012-04-10 00:00:00-04:00,0.3296019696416999,0.33418613742494324,0.3229549372855153,0.32455939054489136,470360000,0.0,0.0,NVDA
2012-04-11 00:00:00-04:00,0.32891426698933235,0.3357905444823408,0.3277682252944625,0.32868507504463196,372960000,0.0,0.0,NVDA
2012-04-12 00:00:00-04:00,0.3291434267480402,0.33831175864934654,0.3277681660333305,0.3364781141281128,384868000,0.0,0.0,NVDA
2012-04-13 00:00:00-04:00,0.33349853411649294,0.33533220669454933,0.3243301712262111,0.32455939054489136,311324000,0.0,0.0,NVDA
2012-04-16 00:00:00-04:00,0.3268515379518564,0.32776836075714827,0.3153911162667046,0.3206629157066345,463468000,0.0,0.0,NVDA
2012-04-17 00:00:00-04:00,0.32157961495462656,0.3254761513656911,0.3202043539512908,0.3213503956794739,460696000,0.0,0.0,NVDA
2012-04-18 00:00:00-04:00,0.31928760146890356,0.3208920547752116,0.314015802899209,0.31791234016418457,400764000,0.0,0.0,NVDA
2012-04-19 00:00:00-04:00,0.3137865703749886,0.3257054283177525,0.3114944865127332,0.3130989670753479,667188000,0.0,0.0,NVDA
2012-04-20 00:00:00-04:00,0.3149326299858594,0.31584947997650886,0.3062227053555707,0.30691033601760864,509592000,0.0,0.0,NVDA
2012-04-23 00:00:00-04:00,0.30163852815401826,0.3046182427159089,0.2959083183518423,0.3032429814338684,706244000,0.0,0.0,NVDA
2012-04-24 00:00:00-04:00,0.304159819685951,0.30668112283135335,0.29224096189727977,0.29384541511535645,730440000,0.0,0.0,NVDA
2012-04-25 00:00:00-04:00,0.29820041297649297,0.3020969503170781,0.2926993949746699,0.2998048663139343,727112000,0.0,0.0,NVDA
2012-04-26 00:00:00-04:00,0.2995756944111091,0.3025554092799109,0.29751280227557003,0.3000341057777405,539208000,0.0,0.0,NVDA
2012-04-27 00:00:00-04:00,0.2995756916177227,0.3014093643909488,0.2943038926411221,0.29751279950141907,475356000,0.0,0.0,NVDA
2012-04-30 00:00:00-04:00,0.29590841316876937,0.29957575954679555,0.293845520584703,0.29797127842903137,262268000,0.0,0.0,NVDA
2012-05-01 00:00:00-04:00,0.2963667296712572,0.3064519153173643,0.2963667296712572,0.3032429814338684,408680000,0.0,0.0,NVDA
2012-05-02 00:00:00-04:00,0.3020969567380314,0.30324299876396194,0.29292862053058677,0.2945330739021301,684008000,0.0,0.0,NVDA
2012-05-03 00:00:00-04:00,0.2952206100394229,0.2970542821584463,0.2876567296258191,0.28949040174484253,419536000,0.0,0.0,NVDA
2012-05-04 00:00:00-04:00,0.28765685417558834,0.28926130772801,0.2810097932815552,0.2810097932815552,545092000,0.0,0.0,NVDA
2012-05-07 00:00:00-04:00,0.2860522067616586,0.2908655914806271,0.2835309047995738,0.2858229875564575,604440000,0.0,0.0,NVDA
2012-05-08 00:00:00-04:00,0.2833017862095502,0.2874275421019674,0.278259207818281,0.2855938971042633,462312000,0.0,0.0,NVDA
2012-05-09 00:00:00-04:00,0.28055132692950374,0.2890320590752878,0.2778008317607228,0.2867399752140045,520608000,0.0,0.0,NVDA
2012-05-10 00:00:00-04:00,0.2894905056882127,0.2899489170516169,0.28009294978133453,0.284677118062973,597092000,0.0,0.0,NVDA
2012-05-11 00:00:00-04:00,0.30828564045740536,0.3135574398385958,0.30163857955979995,0.30278462171554565,1435140000,0.0,0.0,NVDA
2012-05-14 00:00:00-04:00,0.30026319473855795,0.3055349919548542,0.2940745751036837,0.300950825214386,437472000,0.0,0.0,NVDA
2012-05-15 00:00:00-04:00,0.3009509939457021,0.30759805584039907,0.2965960440301248,0.29797127842903137,599940000,0.0,0.0,NVDA
2012-05-16 00:00:00-04:00,0.29842966868638215,0.3018677951102225,0.2910949771231494,0.2920118272304535,470484000,0.0,0.0,NVDA
2012-05-17 00:00:00-04:00,0.29315775419696016,0.2959082487906679,0.28994882106781006,0.28994882106781006,335364000,0.0,0.0,NVDA
2012-05-18 00:00:00-04:00,0.29063661429669857,0.29201187602556056,0.27550884457443475,0.2768840789794922,567288000,0.0,0.0,NVDA
2012-05-21 00:00:00-04:00,0.27734250237503755,0.28307271372084347,0.275508829279619,0.28169745206832886,416260000,0.0,0.0,NVDA
2012-05-22 00:00:00-04:00,0.2814682416851028,0.28192665309816395,0.2741335497809197,0.2782593071460724,410140000,0.0,0.0,NVDA
2012-05-23 00:00:00-04:00,0.27527956984052865,0.28559397608594034,0.2711538128071238,0.28513553738594055,496000000,0.0,0.0,NVDA
2012-05-24 00:00:00-04:00,0.28673995074107256,0.2871983620094454,0.2755087243850801,0.27757158875465393,520420000,0.0,0.0,NVDA
2012-05-25 00:00:00-04:00,0.27734244651011764,0.2865107828166348,0.27734244651011764,0.2842186987400055,391752000,0.0,0.0,NVDA
2012-05-29 00:00:00-04:00,0.2888027054020408,0.293386870991949,0.2876566640045637,0.29155319929122925,310000000,0.0,0.0,NVDA
2012-05-30 00:00:00-04:00,0.28834451216974943,0.29040737731431626,0.2830727122934308,0.2881152927875519,379792000,0.0,0.0,NVDA
2012-05-31 00:00:00-04:00,0.28811520434504784,0.2892612462566304,0.28123895287555234,0.2849062979221344,358192000,0.0,0.0,NVDA
2012-06-01 00:00:00-04:00,0.2789468686090565,0.28169736372772447,0.2741334816585418,0.2745918929576874,440984000,0.0,0.0,NVDA
2012-06-04 00:00:00-04:00,0.27596712134524454,0.2775715743632587,0.26656956787377556,0.26886165142059326,432856000,0.0,0.0,NVDA
2012-06-05 00:00:00-04:00,0.26748638716527723,0.277342350756738,0.26748638716527723,0.2766547203063965,365224000,0.0,0.0,NVDA
2012-06-06 00:00:00-04:00,0.2787176900579014,0.284677119789698,0.276654825248171,0.28398948907852173,368968000,0.0,0.0,NVDA
2012-06-07 00:00:00-04:00,0.28811518015817783,0.2897196605587351,0.2722997867117418,0.2725290060043335,526780000,0.0,0.0,NVDA
2012-06-08 00:00:00-04:00,0.27344582320815264,0.2787176209210863,0.2729874119556783,0.2778007984161377,370308000,0.0,0.0,NVDA
2012-06-11 00:00:00-04:00,0.28674003138100457,0.2917826113988157,0.2803221898475175,0.2810097932815552,839080000,0.0,0.0,NVDA
2012-06-12 00:00:00-04:00,0.28421867203707496,0.28949047038278547,0.2837602607295773,0.2867399752140045,496128000,0.0,0.0,NVDA
2012-06-13 00:00:00-04:00,0.286510687728931,0.2871983181884672,0.27780076566364553,0.2791760265827179,494276000,0.0,0.0,NVDA
2012-06-14 00:00:00-04:00,0.2787176256400033,0.2810097092649734,0.2729874165775782,0.2757379114627838,589884000,0.0,0.0,NVDA
2012-06-15 00:00:00-04:00,0.2778009138179414,0.28192667145168226,0.2752796098962656,0.28169745206832886,385288000,0.0,0.0,NVDA
2012-06-18 00:00:00-04:00,0.2796345305867469,0.2865107828166348,0.27734244651011764,0.2842186987400055,304424000,0.0,0.0,NVDA
2012-06-19 00:00:00-04:00,0.29590816363491695,0.3078270156506537,0.2945329030719377,0.30347204208374023,960476000,0.0,0.0,NVDA
2012-06-20 00:00:00-04:00,0.3064518028487288,0.31401568247639605,0.3046181309202359,0.3082854747772217,972720000,0.0,0.0,NVDA
2012-06-21 00:00:00-04:00,0.30805639892197373,0.30805639892197373,0.29361626333425883,0.29430389404296875,516376000,0.0,0.0,NVDA
2012-06-22 00:00:00-04:00,0.29797127842903137,0.30140943273580867,0.293845520584703,0.29797127842903137,865360000,0.0,0.0,NVDA
2012-06-25 00:00:00-04:00,0.29820039685535643,0.29911721947753056,0.287427580763937,0.28857362270355225,494616000,0.0,0.0,NVDA
2012-06-26 00:00:00-04:00,0.29017813434417417,0.29384545254928457,0.28605237745510165,0.29178258776664734,437152000,0.0,0.0,NVDA
2012-06-27 00:00:00-04:00,0.29201178837262093,0.30324298893311696,0.29201178837262093,0.3011801242828369,506064000,0.0,0.0,NVDA
2012-06-28 00:00:00-04:00,0.29842946555911853,0.30530571372645215,0.29590816363491695,0.30347204208374023,545896000,0.0,0.0,NVDA
2012-06-29 00:00:00-04:00,0.31057778763706706,0.3174540419634553,0.3103485682299984,0.3167664110660553,616508000,0.0,0.0,NVDA
2012-07-02 00:00:00-04:00,0.3183706567220399,0.31859984863573554,0.30576417246007076,0.3082854747772217,581684000,0.0,0.0,NVDA
2012-07-03 00:00:00-04:00,0.3082856371346876,0.3169955628892392,0.30805641777648884,0.316307932138443,219284000,0.0,0.0,NVDA
2012-07-05 00:00:00-04:00,0.3142450090064756,0.3156202429295519,0.30828558003509365,0.3130989670753479,280076000,0.0,0.0,NVDA
2012-07-06 00:00:00-04:00,0.31080686355487286,0.31172371351666467,0.3037014198009132,0.3071395456790924,382760000,0.0,0.0,NVDA
2012-07-09 00:00:00-04:00,0.3053057955041304,0.3066810564354801,0.3004924095681949,0.30301371216773987,306336000,0.0,0.0,NVDA
2012-07-10 00:00:00-04:00,0.29980484400969204,0.3087439873511955,0.2915533312827342,0.29384541511535645,512028000,0.0,0.0,NVDA
2012-07-11 00:00:00-04:00,0.29476228173489616,0.29842962700428916,0.28765681052187075,0.28903207182884216,485216000,0.0,0.0,NVDA
2012-07-12 00:00:00-04:00,0.2858231521288865,0.2862815634794528,0.2816973953261943,0.2842186987400055,472160000,0.0,0.0,NVDA
2012-07-13 00:00:00-04:00,0.2844478976533427,0.28926125747437825,0.2826142250589406,0.28788602352142334,324260000,0.0,0.0,NVDA
2012-07-16 00:00:00-04:00,0.28605239630366286,0.29109497624532904,0.28330187331384504,0.2888028919696808,334460000,0.0,0.0,NVDA
2012-07-17 00:00:00-04:00,0.28971974911148857,0.29132420267865444,0.27871771153257846,0.2835310995578766,447476000,0.0,0.0,NVDA
2012-07-18 00:00:00-04:00,0.2828434207496244,0.3034722035513024,0.2814681867787098,0.2993464469909668,616008000,0.0,0.0,NVDA
2012-07-19 00:00:00-04:00,0.301409320197646,0.30622267978234596,0.2993464283838081,0.30232614278793335,403036000,0.0,0.0,NVDA
2012-07-20 00:00:00-04:00,0.30049251753840067,0.30255540967664474,0.29040733084029285,0.29361626505851746,451000000,0.0,0.0,NVDA
2012-07-23 00:00:00-04:00,0.2858231594804263,0.2995756916177227,0.28261425262012935,0.29751279950141907,451584000,0.0,0.0,NVDA
2012-07-24 00:00:00-04:00,0.2979712122830911,0.29980488506505143,0.2908657678232175,0.29430389404296875,351164000,0.0,0.0,NVDA
2012-07-25 00:00:00-04:00,0.2933870453282904,0.30301382064654236,0.2920118112283962,0.3000341057777405,415044000,0.0,0.0,NVDA
2012-07-26 00:00:00-04:00,0.3055350631125743,0.3089732162924447,0.2991172227164753,0.3014093339443207,338440000,0.0,0.0,NVDA
2012-07-27 00:00:00-04:00,0.3025553824361406,0.30989004562288164,0.3002632711587508,0.3089732229709625,376516000,0.0,0.0,NVDA
2012-07-30 00:00:00-04:00,0.3089732313966511,0.31286976875925987,0.3030138020252754,0.30553507804870605,363552000,0.0,0.0,NVDA
2012-07-31 00:00:00-04:00,0.3055350639956083,0.31470342696210135,0.3050766526782326,0.3103484511375427,387788000,0.0,0.0,NVDA
2012-08-01 00:00:00-04:00,0.3121821346615042,0.3151618493144709,0.3055350746935328,0.30691033601760864,335912000,0.0,0.0,NVDA
2012-08-02 00:00:00-04:00,0.30530585940808463,0.312640522155004,0.30026325315352037,0.3080563545227051,367912000,0.0,0.0,NVDA
2012-08-03 00:00:00-04:00,0.312869742032478,0.3176831289846226,0.30553505194848746,0.3144741952419281,326548000,0.0,0.0,NVDA
2012-08-06 00:00:00-04:00,0.31745390068447915,0.3227256987866554,0.31699548939815814,0.3211212456226349,360324000,0.0,0.0,NVDA
2012-08-07 00:00:00-04:00,0.32501775180511194,0.3277682465867175,0.32249644898309543,0.3243301212787628,407340000,0.0,0.0,NVDA
2012-08-08 00:00:00-04:00,0.32410108235294655,0.32960207451361145,0.32318423211029973,0.3261639475822449,517064000,0.0,0.0,NVDA
2012-08-09 00:00:00-04:00,0.32662226516649795,0.3378534929752544,0.32616385383882945,0.33716586232185364,822300000,0.0,0.0,NVDA
2012-08-10 00:00:00-04:00,0.3461050138996041,0.34885550925085035,0.33074802915120183,0.33510300517082214,1278744000,0.0,0.0,NVDA
2012-08-13 00:00:00-04:00,0.33556127421942666,0.33968702915873517,0.3341860134650621,0.33945780992507935,447244000,0.0,0.0,NVDA
2012-08-14 00:00:00-04:00,0.34060393688111773,0.3410623754634217,0.3330400554823981,0.3344153165817261,388828000,0.0,0.0,NVDA
2012-08-15 00:00:00-04:00,0.3355613851154904,0.33831188020941577,0.3302895869132534,0.33189404010772705,594404000,0.0,0.0,NVDA
2012-08-16 00:00:00-04:00,0.33487373604758575,0.3399163419861816,0.3337276942113217,0.3387703001499176,371008000,0.0,0.0,NVDA
2012-08-17 00:00:00-04:00,0.33877022855530575,0.33877022855530575,0.33281080133666197,0.3357905149459839,309864000,0.0,0.0,NVDA
2012-08-20 00:00:00-04:00,0.3346444733519206,0.3362489261188518,0.3307479100730759,0.3357905149459839,314392000,0.0,0.0,NVDA
2012-08-21 00:00:00-04:00,0.33693668757518597,0.33899955231723605,0.3314356693900566,0.3348737955093384,340248000,0.0,0.0,NVDA
2012-08-22 00:00:00-04:00,0.33281095863513405,0.336936715788501,0.3316649164994099,0.33556145429611206,313556000,0.0,0.0,NVDA
2012-08-23 00:00:00-04:00,0.33487372668789667,0.33510294597825985,0.32662221476790754,0.32799747586250305,379040000,0.0,0.0,NVDA
2012-08-24 00:00:00-04:00,0.32799749676314627,0.3362490092089379,0.32730986617203134,0.3346445560455322,347724000,0.0,0.0,NVDA
2012-08-27 00:00:00-04:00,0.33441536213359274,0.335332212099296,0.3286851523121815,0.3289143443107605,340944000,0.0,0.0,NVDA
2012-08-28 00:00:00-04:00,0.3263929553674346,0.3307479023942535,0.32570532496220367,0.32753899693489075,310764000,0.0,0.0,NVDA
2012-08-29 00:00:00-04:00,0.32730989515137116,0.33028960976082444,0.32662226449937487,0.3282267451286316,250412000,0.0,0.0,NVDA
2012-08-30 00:00:00-04:00,0.32753913226176795,0.32868517430272565,0.320433660678311,0.32203811407089233,307488000,0.0,0.0,NVDA
2012-08-31 00:00:00-04:00,0.32433012999883654,0.32662221359909893,0.3183707290324294,0.32157963514328003,485064000,0.0,0.0,NVDA
2012-09-04 00:00:00-04:00,0.3163079811452221,0.3174540234661763,0.3014094309728167,0.3043891191482544,694452000,0.0,0.0,NVDA
2012-09-05 00:00:00-04:00,0.3055351498553859,0.3098901269037558,0.3020970230232112,0.30530595779418945,480256000,0.0,0.0,NVDA
2012-09-06 00:00:00-04:00,0.3075978760899783,0.32295485616550323,0.30736865682887343,0.3147033452987671,657296000,0.0,0.0,NVDA
2012-09-07 00:00:00-04:00,0.3066811343600943,0.30920241027648165,0.2968251407207592,0.3071395456790924,781064000,0.0,0.0,NVDA
2012-09-10 00:00:00-04:00,0.3064520117202546,0.3108069616103591,0.3037015156147252,0.3043891191482544,371108000,0.0,0.0,NVDA
2012-09-11 00:00:00-04:00,0.3041598175000099,0.31286974146613666,0.3030137755919352,0.3080563545227051,382808000,0.0,0.0,NVDA
2012-09-12 00:00:00-04:00,0.310577706506119,0.31309901003002055,0.30759799161163504,0.31149452924728394,322608000,0.0,0.0,NVDA
2012-09-13 00:00:00-04:00,0.31424492743629207,0.3153909690699358,0.30759786956688573,0.31355729699134827,433836000,0.0,0.0,NVDA
2012-09-14 00:00:00-04:00,0.3133281444580162,0.3227256987846096,0.3133281444580162,0.3172246813774109,339468000,0.0,0.0,NVDA
2012-09-17 00:00:00-04:00,0.317912512926554,0.317912512926554,0.3050768248532328,0.30851495265960693,493348000,0.0,0.0,NVDA
2012-09-18 00:00:00-04:00,0.30507667246467207,0.3142450360258001,0.3048474804530172,0.3105776906013489,359952000,0.0,0.0,NVDA
2012-09-19 00:00:00-04:00,0.31126530083661486,0.3185999638798995,0.3075979556530748,0.3142450153827667,451936000,0.0,0.0,NVDA
2012-09-20 00:00:00-04:00,0.31355736948267804,0.3151618226759552,0.3094316131829694,0.3119528889656067,320596000,0.0,0.0,NVDA
2012-09-21 00:00:00-04:00,0.3124114729302189,0.3151619693017327,0.31126543049843763,0.3133282959461212,340136000,0.0,0.0,NVDA
2012-09-24 00:00:00-04:00,0.30828558003509365,0.31355737838304,0.30782716872740157,0.3130989670753479,357832000,0.0,0.0,NVDA
2012-09-25 00:00:00-04:00,0.3172246914645668,0.31859995269104563,0.30691031423735904,0.3073687255382538,481544000,0.0,0.0,NVDA
2012-09-26 00:00:00-04:00,0.3062226895620943,0.30645190887888374,0.29842961532438383,0.3020969331264496,436812000,0.0,0.0,NVDA
2012-09-27 00:00:00-04:00,0.30278466536367926,0.30484755793567947,0.3002633613280582,0.3043891191482544,558888000,0.0,0.0,NVDA
2012-09-28 00:00:00-04:00,0.30301385151108623,0.3101193240509207,0.2991172861883247,0.3057643473148346,485508000,0.0,0.0,NVDA
2012-10-01 00:00:00-04:00,0.30713942363782437,0.30897309550900637,0.2995755442465642,0.30072158575057983,504236000,0.0,0.0,NVDA
2012-10-02 00:00:00-04:00,0.3027844862451974,0.3027844862451974,0.2984295389313528,0.30186766386032104,295492000,0.0,0.0,NVDA
2012-10-03 00:00:00-04:00,0.3025553426385494,0.3034721651698713,0.2972835447739673,0.2988879978656769,430872000,0.0,0.0,NVDA
2012-10-04 00:00:00-04:00,0.29957572392867193,0.31401586100505574,0.2979712430016728,0.3121821880340576,502608000,0.0,0.0,NVDA
2012-10-05 00:00:00-04:00,0.3130990535847566,0.3163079609490187,0.3037014962234422,0.3048475384712219,483068000,0.0,0.0,NVDA
2012-10-08 00:00:00-04:00,0.30370133595386173,0.3050765695311762,0.29957558057434225,0.30186766386032104,240596000,0.0,0.0,NVDA
2012-10-09 00:00:00-04:00,0.3014092505727331,0.3023260729512364,0.29453297343880686,0.295449823141098,366360000,0.0,0.0,NVDA
2012-10-10 00:00:00-04:00,0.2940745848340128,0.29544984583117345,0.28926119866774036,0.2904072403907776,326568000,0.0,0.0,NVDA
2012-10-11 00:00:00-04:00,0.2931578693717336,0.29407469215523774,0.28971974294789327,0.2920118272304535,320516000,0.0,0.0,NVDA
2012-10-12 00:00:00-04:00,0.28994881294365127,0.2922408962614834,0.2876567296258191,0.28949040174484253,260696000,0.0,0.0,NVDA
2012-10-15 00:00:00-04:00,0.28994891160440955,0.29338703775104713,0.28651078545777203,0.2931578457355499,249580000,0.0,0.0,NVDA
2012-10-16 00:00:00-04:00,0.2956791141767444,0.3025553936153967,0.29292861879556176,0.30163854360580444,367696000,0.0,0.0,NVDA
2012-10-17 00:00:00-04:00,0.2979711856962563,0.3007217082856773,0.29499147110691415,0.2993464469909668,391752000,0.0,0.0,NVDA
2012-10-18 00:00:00-04:00,0.2986588510554325,0.2986588510554325,0.29361627126174333,0.2947623133659363,254772000,0.0,0.0,NVDA
2012-10-19 00:00:00-04:00,0.2904072682118474,0.29247015990521386,0.2759671356534529,0.27757158875465393,709412000,0.0,0.0,NVDA
2012-10-22 00:00:00-04:00,0.2787176313432427,0.2803221117725869,0.27207059962433194,0.2743626832962036,480840000,0.0,0.0,NVDA
2012-10-23 00:00:00-04:00,0.2718413859669836,0.2844478737475922,0.27115375538639863,0.28261420130729675,573948000,0.0,0.0,NVDA
2012-10-24 00:00:00-04:00,0.2844479550232222,0.2855939972103926,0.27619644034607493,0.2789469361305237,332916000,0.0,0.0,NVDA
2012-10-25 00:00:00-04:00,0.2812388906375381,0.2842186044130027,0.2780299849247537,0.2791760265827179,307356000,0.0,0.0,NVDA
2012-10-26 00:00:00-04:00,0.2796344861567477,0.2812389392907036,0.27619636058807373,0.27619636058807373,389376000,0.0,0.0,NVDA
2012-10-31 00:00:00-04:00,0.27734241540014976,0.2796344992196721,0.2739042896708662,0.2745918929576874,347112000,0.0,0.0,NVDA
2012-11-01 00:00:00-04:00,0.2759672031776524,0.2878860630144305,0.27573798382548387,0.28765684366226196,473220000,0.0,0.0,NVDA
2012-11-02 00:00:00-04:00,0.2906365319154745,0.29109494325388985,0.28444791053737567,0.286281555891037,256700000,0.0,0.0,NVDA
2012-11-05 00:00:00-05:00,0.2855939565490032,0.299575680171357,0.2855939565490032,0.2984296381473541,444840000,0.0,0.0,NVDA
2012-11-06 00:00:00-05:00,0.29911734088714365,0.29911734088714365,0.29315793677654145,0.2982005178928375,350804000,0.0,0.0,NVDA
2012-11-07 00:00:00-05:00,0.2959083237161069,0.29774199635080345,0.28765681052187075,0.28903207182884216,324620000,0.0,0.0,NVDA
2012-11-08 00:00:00-05:00,0.29224096288038015,0.2998048450182374,0.28994887904004735,0.29063650965690613,839024000,0.0,0.0,NVDA
2012-11-09 00:00:00-05:00,0.2922408833857315,0.2956790082110004,0.27848838408465576,0.2794052064418793,846280000,0.0,0.0,NVDA
2012-11-12 00:00:00-05:00,0.2798636665502521,0.28100970835904243,0.2704661127886543,0.2732166349887848,643624000,0.0,0.0,NVDA
2012-11-13 00:00:00-05:00,0.2718414084752736,0.2780300568891608,0.2709245858411102,0.2711537778377533,492120000,0.0,0.0,NVDA
2012-11-14 00:00:00-05:00,0.2727581169708747,0.27550861077065353,0.26427738904619985,0.26450660824775696,619300000,0.0,0.0,NVDA
2012-11-15 00:00:00-05:00,0.2661111572077449,0.27298740786314823,0.2638190736559438,0.26565274596214294,466688000,0.0,0.0,NVDA
2012-11-16 00:00:00-05:00,0.2656528202115822,0.2665696429590363,0.2555676333705928,0.26083943247795105,624552000,0.0,0.0,NVDA
2012-11-19 00:00:00-05:00,0.2656526878701344,0.26909081244599886,0.2624437552050564,0.2681739628314972,404092000,0.0,0.0,NVDA
2012-11-20 00:00:00-05:00,0.2671359723027938,0.26828940805107565,0.26229153115997894,0.26505979895591736,336976000,0.001875,0.0,NVDA
2012-11-21 00:00:00-05:00,0.2650597062025976,0.27336442418408,0.2648290081336393,0.2726723849773407,422312000,0.0,0.0,NVDA
2012-11-23 00:00:00-05:00,0.2738259757032932,0.2777476526004476,0.27244184150425826,0.27451804280281067,276932000,0.0,0.0,NVDA
2012-11-26 00:00:00-05:00,0.274979423920028,0.2800545370418419,0.27451805499987847,0.2793624699115753,364600000,0.0,0.0,NVDA
2012-11-27 00:00:00-05:00,0.2782090075102896,0.2846682542808421,0.2759021356279553,0.2805158793926239,451404000,0.0,0.0,NVDA
2012-11-28 00:00:00-05:00,0.27936242061638733,0.28420686217333785,0.27590211307573126,0.28282272815704346,398332000,0.0,0.0,NVDA
2012-11-29 00:00:00-05:00,0.28328407914715525,0.28466818544179917,0.27682483393859064,0.27774757146835327,488688000,0.0,0.0,NVDA
2012-11-30 00:00:00-05:00,0.27751683875193367,0.27959303918527817,0.2745179284038894,0.276132732629776,460504000,0.0,0.0,NVDA
2012-12-03 00:00:00-05:00,0.27959308167997593,0.27959308167997593,0.2703655961295063,0.2710576355457306,391380000,0.0,0.0,NVDA
2012-12-04 00:00:00-05:00,0.2715190005253647,0.27959304945133134,0.269904168740113,0.279131680727005,528068000,0.0,0.0,NVDA
2012-12-05 00:00:00-05:00,0.2768247977614183,0.2786702725797655,0.2719803576130773,0.27590203285217285,633024000,0.0,0.0,NVDA
2012-12-06 00:00:00-05:00,0.2752099967671175,0.27820893493181276,0.27428725925493813,0.27636343240737915,412896000,0.0,0.0,NVDA
2012-12-07 00:00:00-05:00,0.276594099659089,0.2779782332729212,0.2726724244199934,0.27590203285217285,338288000,0.0,0.0,NVDA
2012-12-10 00:00:00-05:00,0.2759021197262764,0.2872058077982732,0.2752100527014471,0.2851296067237854,513644000,0.0,0.0,NVDA
2012-12-11 00:00:00-05:00,0.28605230501723716,0.29551048797748963,0.28536023815427924,0.2918194830417633,816724000,0.0,0.0,NVDA
2012-12-12 00:00:00-05:00,0.29274232848612103,0.2943571332768035,0.28766718842957373,0.28882062435150146,399404000,0.0,0.0,NVDA
2012-12-13 00:00:00-05:00,0.2883592273411496,0.2945877752116856,0.28628305388433056,0.2890512943267822,377556000,0.0,0.0,NVDA
2012-12-14 00:00:00-05:00,0.2902046435854371,0.2934342518884184,0.28812844324774567,0.2904353141784668,338660000,0.0,0.0,NVDA
2012-12-17 00:00:00-05:00,0.2897433307749194,0.2913581352378174,0.28489888988614964,0.2892819344997406,445232000,0.0,0.0,NVDA
2012-12-18 00:00:00-05:00,0.28928187826481633,0.2929728827482786,0.2883591408939861,0.2897432744503021,416436000,0.0,0.0,NVDA
2012-12-19 00:00:00-05:00,0.2918194830417633,0.295279789856479,0.2906660474368581,0.2918194830417633,458544000,0.0,0.0,NVDA
2012-12-20 00:00:00-05:00,0.2929729492391765,0.29320364738427684,0.2883592063377842,0.29158884286880493,334332000,0.0,0.0,NVDA
2012-12-21 00:00:00-05:00,0.28766705698694406,0.28766705698694406,0.2816691819334738,0.2848988175392151,462172000,0.0,0.0,NVDA
2012-12-24 00:00:00-05:00,0.2846682317112235,0.28559099689104606,0.2816692930019402,0.2825920581817627,127376000,0.0,0.0,NVDA
2012-12-26 00:00:00-05:00,0.2819000490741679,0.28651379342070354,0.2812079819221704,0.2823614180088043,196740000,0.0,0.0,NVDA
2012-12-27 00:00:00-05:00,0.2828227512749582,0.28328414765149074,0.2772862697573887,0.2805158793926239,299804000,0.0,0.0,NVDA
2012-12-28 00:00:00-05:00,0.2779782451661526,0.28351472485821483,0.27751684894175327,0.279131680727005,220600000,0.0,0.0,NVDA
2012-12-31 00:00:00-05:00,0.27820898476950195,0.28397616400392883,0.2775169177613548,0.28282272815704346,326460000,0.0,0.0,NVDA
2013-01-02 00:00:00-05:00,0.28974328515592757,0.29366496037696266,0.28858984964973655,0.2934342622756958,478836000,0.0,0.0,NVDA
2013-01-03 00:00:00-05:00,0.29343435328744577,0.2968946608792696,0.2902047438684423,0.2936650514602661,298888000,0.0,0.0,NVDA
2013-01-04 00:00:00-05:00,0.2941263632537358,0.3042766133876093,0.2932036257415995,0.303353875875473,524968000,0.0,0.0,NVDA
2013-01-07 00:00:00-05:00,0.3031231464143784,0.3040458838311338,0.2925115286213311,0.2945877015590668,610732000,0.0,0.0,NVDA
2013-01-08 00:00:00-05:00,0.2952798073914879,0.29620257243025433,0.28605232200427755,0.28812849521636963,466424000,0.0,0.0,NVDA
2013-01-09 00:00:00-05:00,0.2904354374328978,0.29181957157875493,0.27982384314829517,0.2816693186759949,695020000,0.0,0.0,NVDA
2013-01-10 00:00:00-05:00,0.28420692199489067,0.2855910563025258,0.2805159155079207,0.28213074803352356,506368000,0.0,0.0,NVDA
2013-01-11 00:00:00-05:00,0.28328415101285565,0.2835148217037769,0.27890107788436297,0.2816693186759949,513172000,0.0,0.0,NVDA
2013-01-14 00:00:00-05:00,0.2835148224246967,0.2835148224246967,0.2782090115188626,0.2814386487007141,305684000,0.0,0.0,NVDA
2013-01-15 00:00:00-05:00,0.28005443745624636,0.28005443745624636,0.2747486280110278,0.27636343240737915,375888000,0.0,0.0,NVDA
2013-01-16 00:00:00-05:00,0.27590210197281273,0.2812079121549837,0.27590210197281273,0.27890104055404663,337376000,0.0,0.0,NVDA
2013-01-17 00:00:00-05:00,0.27982381764245495,0.2837454940314809,0.27913175063260803,0.2825920581817627,580736000,0.0,0.0,NVDA
2013-01-18 00:00:00-05:00,0.28259199219186976,0.28259199219186976,0.2772861830221439,0.2807464897632599,397088000,0.0,0.0,NVDA
2013-01-22 00:00:00-05:00,0.28051590596199144,0.2830534762729407,0.2779783631511268,0.2793624699115753,308224000,0.0,0.0,NVDA
2013-01-23 00:00:00-05:00,0.2802851786891801,0.28051584935266216,0.276824871236237,0.27982380986213684,421808000,0.0,0.0,NVDA
2013-01-24 00:00:00-05:00,0.2789009587891853,0.28236126517613946,0.2775168252343754,0.2812078297138214,396980000,0.0,0.0,NVDA
2013-01-25 00:00:00-05:00,0.28166939268468005,0.28651383596797597,0.2802852856752309,0.2862831652164459,393920000,0.0,0.0,NVDA
2013-01-28 00:00:00-05:00,0.28766719577900407,0.29274233596521293,0.28697512870814995,0.29089683294296265,422492000,0.0,0.0,NVDA
2013-01-29 00:00:00-05:00,0.28974337680349643,0.29043541632604997,0.28351480109987176,0.2846682369709015,388872000,0.0,0.0,NVDA
2013-01-30 00:00:00-05:00,0.28489902386312943,0.2888207015458307,0.2832842186408511,0.28420695662498474,287592000,0.0,0.0,NVDA
2013-01-31 00:00:00-05:00,0.28420686217333785,0.2874364990446648,0.28097725280209074,0.28282272815704346,470544000,0.0,0.0,NVDA
2013-02-01 00:00:00-05:00,0.28512963810335185,0.2862831016050638,0.2828227661000948,0.28536033630371094,288816000,0.0,0.0,NVDA
2013-02-04 00:00:00-05:00,0.28374551652794117,0.28951269623377696,0.2802852087044397,0.2805158793926239,511744000,0.0,0.0,NVDA
2013-02-05 00:00:00-05:00,0.2818999738091626,0.2885899178255299,0.28097723618625314,0.28697508573532104,367296000,0.0,0.0,NVDA
2013-02-06 00:00:00-05:00,0.2800544934867827,0.2869751087129609,0.2784396887673572,0.2846682369709015,530688000,0.0,0.0,NVDA
2013-02-07 00:00:00-05:00,0.28374549585899195,0.28605236757328617,0.2807465571303934,0.2835147976875305,440000000,0.0,0.0,NVDA
2013-02-08 00:00:00-05:00,0.28536033630371094,0.28766720830696796,0.2835148332010886,0.28536033630371094,307232000,0.0,0.0,NVDA
2013-02-11 00:00:00-05:00,0.2876670406012145,0.2915887427205222,0.2848988013111665,0.28858980536460876,408308000,0.0,0.0,NVDA
2013-02-12 00:00:00-05:00,0.2860523785215704,0.2899740550859517,0.28559100966106926,0.28674444556236267,277804000,0.0,0.0,NVDA
2013-02-13 00:00:00-05:00,0.28697514120597417,0.292280952313482,0.28443759850244155,0.28536033630371094,856396000,0.0,0.0,NVDA
2013-02-14 00:00:00-05:00,0.2814386258024726,0.29389574963308646,0.2779783182106487,0.2936650514602661,882096000,0.0,0.0,NVDA
2013-02-15 00:00:00-05:00,0.2929729844418853,0.2950491854970277,0.2872058051221789,0.2936650514602661,733860000,0.0,0.0,NVDA
2013-02-19 00:00:00-05:00,0.29389564761917947,0.2941263182118517,0.287897772208571,0.2897432744503021,433552000,0.0,0.0,NVDA
2013-02-20 00:00:00-05:00,0.290666118684565,0.2952798622351008,0.2846682410688361,0.2855910062789917,713012000,0.0,0.0,NVDA
2013-02-21 00:00:00-05:00,0.28512960238752044,0.28835923928758045,0.2828227306732262,0.2835147976875305,580408000,0.0,0.0,NVDA
2013-02-22 00:00:00-05:00,0.2853603165857183,0.28905132253591964,0.2837455117950358,0.28882062435150146,370148000,0.0,0.0,NVDA
2013-02-25 00:00:00-05:00,0.2895126463754543,0.2918195178605116,0.2832840988658153,0.2837454676628113,644444000,0.0,0.0,NVDA
2013-02-26 00:00:00-05:00,0.28432579014194126,0.2887357258137092,0.28339736370081403,0.2871110141277313,487504000,0.001875,0.0,NVDA
2013-02-27 00:00:00-05:00,0.2871109641396566,0.2945382637003451,0.2864146513472432,0.29244932532310486,476980000,0.0,0.0,NVDA
2013-02-28 00:00:00-05:00,0.2915209337940596,0.29825189305705263,0.2903604216681096,0.2938419580459595,591392000,0.0,0.0,NVDA
2013-03-01 00:00:00-05:00,0.2917529510844608,0.29593079929025173,0.2891998416083778,0.29500240087509155,389396000,0.0,0.0,NVDA
2013-03-04 00:00:00-05:00,0.29291353174392454,0.29662718161448104,0.29059250749202464,0.2938419580459595,353680000,0.0,0.0,NVDA
2013-03-05 00:00:00-05:00,0.295466534948482,0.2975554447564947,0.2940739099639542,0.2970912456512451,366168000,0.0,0.0,NVDA
2013-03-06 00:00:00-05:00,0.2989482049287432,0.301733428488529,0.29546666856181303,0.2968592941761017,342928000,0.0,0.0,NVDA
2013-03-07 00:00:00-05:00,0.29848389690585025,0.301501232858702,0.29453816266078936,0.296162873506546,314824000,0.0,0.0,NVDA
2013-03-08 00:00:00-05:00,0.2968593401924059,0.29894825126885044,0.29546671436224564,0.2975556254386902,246464000,0.0,0.0,NVDA
2013-03-11 00:00:00-04:00,0.29453827416645684,0.2959308721319773,0.29221722221967233,0.29477035999298096,299748000,0.0,0.0,NVDA
2013-03-12 00:00:00-04:00,0.29430610675847674,0.29662713061129103,0.291520883668857,0.29569873213768005,310856000,0.0,0.0,NVDA
2013-03-13 00:00:00-04:00,0.29569873213768005,0.3008049790801141,0.2929134813792734,0.29569873213768005,485840000,0.0,0.0,NVDA
2013-03-14 00:00:00-04:00,0.2975555139024264,0.29848393999745215,0.29407397830084686,0.29593080282211304,383304000,0.0,0.0,NVDA
2013-03-15 00:00:00-04:00,0.2959307769488163,0.2959307769488163,0.2922171282309692,0.29337766766548157,355776000,0.0,0.0,NVDA
2013-03-18 00:00:00-04:00,0.29152084690588576,0.29407395622074306,0.28919982334577,0.29128873348236084,298312000,0.0,0.0,NVDA
2013-03-19 00:00:00-04:00,0.2915208075067265,0.29291340485331585,0.2873429601293993,0.2894318699836731,355480000,0.0,0.0,NVDA
2013-03-20 00:00:00-04:00,0.2922171243058073,0.2938418628910308,0.2896640150567668,0.29291343688964844,340588000,0.0,0.0,NVDA
2013-03-21 00:00:00-04:00,0.2912887335144583,0.2917529326927759,0.287807198173901,0.28827139735221863,339032000,0.0,0.0,NVDA
2013-03-22 00:00:00-04:00,0.28919989039383165,0.29082460172882885,0.2880393783447208,0.289664089679718,232476000,0.0,0.0,NVDA
2013-03-25 00:00:00-04:00,0.2912887788933311,0.29152089235304174,0.2859504183390752,0.28803935647010803,362076000,0.0,0.0,NVDA
2013-03-26 00:00:00-04:00,0.2887357244372197,0.2903604637842477,0.28757521214294,0.29012835025787354,232540000,0.0,0.0,NVDA
2013-03-27 00:00:00-04:00,0.2889677501874971,0.2952345091392737,0.28827143748868034,0.2936097979545593,254944000,0.0,0.0,NVDA
2013-03-28 00:00:00-04:00,0.2929134754585757,0.2980197499665828,0.29082456510078103,0.2977876365184784,349276000,0.0,0.0,NVDA
2013-04-01 00:00:00-04:00,0.29709133869822063,0.29709133869822063,0.2859504183390752,0.28803935647010803,442828000,0.0,0.0,NVDA
2013-04-02 00:00:00-04:00,0.28827135234265344,0.28896766483580205,0.28316510684086205,0.28502193093299866,371524000,0.0,0.0,NVDA
2013-04-03 00:00:00-04:00,0.2845577319486882,0.2861824704809689,0.2794514859482137,0.2815404236316681,353156000,0.0,0.0,NVDA
2013-04-04 00:00:00-04:00,0.28061201055742285,0.28525405762007144,0.27968361221240634,0.28432565927505493,294676000,0.0,0.0,NVDA
2013-04-05 00:00:00-04:00,0.28014784930518777,0.2891998589038849,0.2794515366177823,0.2891998589038849,551352000,0.0,0.0,NVDA
2013-04-08 00:00:00-04:00,0.2894320157468815,0.2894320157468815,0.2831652553592264,0.28850361704826355,326660000,0.0,0.0,NVDA
2013-04-09 00:00:00-04:00,0.28873569373507796,0.2952345674257583,0.28664678289501305,0.29314565658569336,380584000,0.0,0.0,NVDA
2013-04-10 00:00:00-04:00,0.29337770235478455,0.298251835745901,0.29268138967925755,0.2977876365184784,384688000,0.0,0.0,NVDA
2013-04-11 00:00:00-04:00,0.2936098103538449,0.2982518583169431,0.2854862264184231,0.29639503359794617,969220000,0.0,0.0,NVDA
2013-04-12 00:00:00-04:00,0.29778754819874476,0.30707164066880577,0.29523441170196674,0.30382221937179565,770548000,0.0,0.0,NVDA
2013-04-15 00:00:00-04:00,0.30289398756257674,0.3038224140056155,0.2956988278902043,0.2975556254386902,430420000,0.0,0.0,NVDA
2013-04-16 00:00:00-04:00,0.3003408329344036,0.3028939430225392,0.29871609381519987,0.3008050322532654,468844000,0.0,0.0,NVDA
2013-04-17 00:00:00-04:00,0.29848400561357746,0.3012692291733633,0.2950024692466473,0.2968592941761017,532948000,0.0,0.0,NVDA
2013-04-18 00:00:00-04:00,0.2975555657220754,0.2994123905667098,0.29105669260025024,0.29105669260025024,402548000,0.0,0.0,NVDA
2013-04-19 00:00:00-04:00,0.29082462521608765,0.2926814501783818,0.2871109752914994,0.29175302386283875,303028000,0.0,0.0,NVDA
2013-04-22 00:00:00-04:00,0.29152090995043983,0.2947703325698114,0.28919988588837753,0.2922171950340271,245568000,0.0,0.0,NVDA
2013-04-23 00:00:00-04:00,0.29477029625903817,0.30289387947556673,0.29430609703756516,0.2998765707015991,376948000,0.0,0.0,NVDA
2013-04-24 00:00:00-04:00,0.30080501481397204,0.3126422489370331,0.3005729013336022,0.310089111328125,556556000,0.0,0.0,NVDA
2013-04-25 00:00:00-04:00,0.31171381819431565,0.31333852938291656,0.3089285673923858,0.3126422166824341,353224000,0.0,0.0,NVDA
2013-04-26 00:00:00-04:00,0.3121779204209856,0.3126421195207829,0.3096247838689324,0.3112494945526123,324332000,0.0,0.0,NVDA
2013-04-29 00:00:00-04:00,0.311713769874171,0.316123703512311,0.3103211446890831,0.3149631917476654,269712000,0.0,0.0,NVDA
2013-04-30 00:00:00-04:00,0.3156595852150904,0.3196053206920624,0.3135706469022534,0.3196053206920624,276712000,0.0,0.0,NVDA
2013-05-01 00:00:00-04:00,0.31960539854912623,0.32169433737083647,0.31565966211095814,0.3168201744556427,341316000,0.0,0.0,NVDA
2013-05-02 00:00:00-04:00,0.3165879597925015,0.3214621211507574,0.3147311351003665,0.32053372263908386,323480000,0.0,0.0,NVDA
2013-05-03 00:00:00-04:00,0.3226225188217769,0.3242472294759756,0.320765694787502,0.32192620635032654,293864000,0.0,0.0,NVDA
2013-05-06 00:00:00-04:00,0.3219264117947883,0.3237832370140373,0.3191411878003128,0.32099801301956177,217116000,0.0,0.0,NVDA
2013-05-07 00:00:00-04:00,0.32099802443026637,0.32169433737083647,0.31380283682570353,0.3168201744556427,448068000,0.0,0.0,NVDA
2013-05-08 00:00:00-04:00,0.317284325125186,0.32447951162457506,0.316123812958755,0.322622686624527,334032000,0.0,0.0,NVDA
2013-05-09 00:00:00-04:00,0.31682017151211606,0.3242474449153321,0.3163559721123144,0.3228548467159271,566800000,0.0,0.0,NVDA
2013-05-10 00:00:00-04:00,0.3295856508506023,0.3388697727868219,0.3295856508506023,0.3374771475791931,861136000,0.0,0.0,NVDA
2013-05-13 00:00:00-04:00,0.3351562413399292,0.3365488670350722,0.3291215668860338,0.33051419258117676,289812000,0.0,0.0,NVDA
2013-05-14 00:00:00-04:00,0.33445987659407744,0.33817352609234813,0.33121045403468224,0.33538830280303955,454140000,0.0,0.0,NVDA
2013-05-15 00:00:00-04:00,0.3337636336319044,0.34235144643344356,0.3337636336319044,0.3411909341812134,313172000,0.0,0.0,NVDA
2013-05-16 00:00:00-04:00,0.34072668324587035,0.34420821947563834,0.3384056314239013,0.339566171169281,308368000,0.0,0.0,NVDA
2013-05-17 00:00:00-04:00,0.3411909066506113,0.34745766677323225,0.338637768834199,0.3451366424560547,312116000,0.0,0.0,NVDA
2013-05-20 00:00:00-04:00,0.3437439984018196,0.34583293677675947,0.3425834863053388,0.3444403111934662,236380000,0.0,0.0,NVDA
2013-05-21 00:00:00-04:00,0.3464232328334621,0.3494558967714767,0.34245745436498365,0.34805619716644287,357784000,0.001875,0.0,NVDA
2013-05-22 00:00:00-04:00,0.34945584501004107,0.34945584501004107,0.3345258200686899,0.33592551946640015,480404000,0.0,0.0,NVDA
2013-05-23 00:00:00-04:00,0.3319597270378272,0.34245741732136986,0.33102661260829835,0.34129101037979126,393884000,0.0,0.0,NVDA
2013-05-24 00:00:00-04:00,0.3394246696171837,0.3422240400215469,0.335458864750897,0.33919137716293335,283304000,0.0,0.0,NVDA
2013-05-28 00:00:00-04:00,0.3417576931351217,0.342690807907419,0.3356923636871533,0.3389582931995392,279300000,0.0,0.0,NVDA
2013-05-29 00:00:00-04:00,0.3368586003780365,0.338958121456595,0.3354589011194434,0.3368586003780365,335052000,0.0,0.0,NVDA
2013-05-30 00:00:00-04:00,0.336392090101427,0.3447902312045271,0.3354589478625631,0.34129101037979126,284504000,0.0,0.0,NVDA
2013-05-31 00:00:00-04:00,0.3394246747465654,0.3443235660759009,0.33755841851234436,0.33755841851234436,577508000,0.0,0.0,NVDA
2013-06-03 00:00:00-04:00,0.3380250670271106,0.34059117351925566,0.33009348283914897,0.33709195256233215,444468000,0.0,0.0,NVDA
2013-06-04 00:00:00-04:00,0.33919138228878953,0.3452567080976757,0.33545886982034745,0.33755841851234436,363676000,0.0,0.0,NVDA
2013-06-05 00:00:00-04:00,0.33709200360707464,0.33965808267845654,0.329393682964908,0.3303268253803253,464520000,0.0,0.0,NVDA
2013-06-06 00:00:00-04:00,0.3303267880544671,0.3349924161763318,0.33009349552463896,0.3324263095855713,341044000,0.0,0.0,NVDA
2013-06-07 00:00:00-04:00,0.33475911078171366,0.3391914740127518,0.3333594390845459,0.33709195256233215,274584000,0.0,0.0,NVDA
2013-06-10 00:00:00-04:00,0.33615875074873997,0.338958121456595,0.3342924943403928,0.3368586003780365,224148000,0.0,0.0,NVDA
2013-06-11 00:00:00-04:00,0.33242628723111045,0.337091942848564,0.3305600583553314,0.3305600583553314,296336000,0.0,0.0,NVDA
2013-06-12 00:00:00-04:00,0.3321930600146432,0.33499243145355906,0.3258944395154094,0.3277606964111328,312588000,0.0,0.0,NVDA
2013-06-13 00:00:00-04:00,0.32659435435394635,0.33685875541944643,0.3263610895763734,0.33522579073905945,236256000,0.0,0.0,NVDA
2013-06-14 00:00:00-04:00,0.3363921681218582,0.33685872544483264,0.3324263613532215,0.3347591757774353,236012000,0.0,0.0,NVDA
2013-06-17 00:00:00-04:00,0.3373252432714241,0.34105775703687413,0.3354589863886991,0.3380250930786133,255336000,0.0,0.0,NVDA
2013-06-18 00:00:00-04:00,0.33965800484473746,0.3433905180324088,0.3331261206709797,0.33592551946640015,486772000,0.0,0.0,NVDA
2013-06-19 00:00:00-04:00,0.33895821087460765,0.3611199733322266,0.33779180378785606,0.346189945936203,1159588000,0.0,0.0,NVDA
2013-06-20 00:00:00-04:00,0.34339048390258575,0.3438570410523397,0.33452578681993544,0.3368586003780365,628696000,0.0,0.0,NVDA
2013-06-21 00:00:00-04:00,0.338725038645565,0.3398914460508518,0.33079345160400725,0.33639222383499146,714228000,0.0,0.0,NVDA
2013-06-24 00:00:00-04:00,0.33149311448470553,0.3356921843352768,0.32449467400353016,0.32939356565475464,580772000,0.0,0.0,NVDA
2013-06-25 00:00:00-04:00,0.33289286858810696,0.3335926905041385,0.3282272130221082,0.33172646164894104,457360000,0.0,0.0,NVDA
2013-06-26 00:00:00-04:00,0.3354590739278381,0.33592565912727995,0.32846062964835615,0.3298603296279907,579752000,0.0,0.0,NVDA
2013-06-27 00:00:00-04:00,0.3307932737743686,0.33125983092379974,0.32332827595547636,0.3268274962902069,808036000,0.0,0.0,NVDA
2013-06-28 00:00:00-04:00,0.32682761355620765,0.3307933924632939,0.3226285420860347,0.3275274634361267,431536000,0.0,0.0,NVDA
2013-07-01 00:00:00-04:00,0.3298603018202601,0.330560151751079,0.32682763732627373,0.3289271593093872,199524000,0.0,0.0,NVDA
2013-07-02 00:00:00-04:00,0.3270607261548993,0.3335926089798151,0.3256610548555569,0.3286937177181244,256392000,0.0,0.0,NVDA
2013-07-03 00:00:00-04:00,0.325894374984364,0.3335926657740314,0.325894374984364,0.3296268880367279,140388000,0.0,0.0,NVDA
2013-07-05 00:00:00-04:00,0.3305601418295513,0.33289295632270094,0.32846059210011114,0.3321931064128876,184684000,0.0,0.0,NVDA
2013-07-08 00:00:00-04:00,0.33312613696419524,0.33475910113516955,0.32869380167021706,0.3305600583553314,262084000,0.0,0.0,NVDA
2013-07-09 00:00:00-04:00,0.33125996393002227,0.33429262833298534,0.33032684925649936,0.3321931064128876,157364000,0.0,0.0,NVDA
2013-07-10 00:00:00-04:00,0.3321930613927927,0.337558539561755,0.33125991903639046,0.3366253972053528,208468000,0.0,0.0,NVDA
2013-07-11 00:00:00-04:00,0.3384916114725345,0.34175756759455567,0.3377917617457203,0.34129101037979126,239832000,0.0,0.0,NVDA
2013-07-12 00:00:00-04:00,0.34059118845374775,0.34479025934804713,0.33942478141696114,0.34152430295944214,216360000,0.0,0.0,NVDA
2013-07-15 00:00:00-04:00,0.3422242144477068,0.3422242144477068,0.3354590357289544,0.34082451462745667,201332000,0.0,0.0,NVDA
2013-07-16 00:00:00-04:00,0.34222414900530074,0.34455696305339295,0.34059118473350364,0.34269070625305176,162560000,0.0,0.0,NVDA
2013-07-17 00:00:00-04:00,0.34269077178467605,0.3438571790317703,0.3398913999535182,0.34082451462745667,166100000,0.0,0.0,NVDA
2013-07-18 00:00:00-04:00,0.34035790347828243,0.3415243105409622,0.33499242542808777,0.3394247889518738,344488000,0.0,0.0,NVDA
2013-07-19 00:00:00-04:00,0.3373252927359484,0.33895825731928475,0.3286938846731631,0.3321931064128876,480532000,0.0,0.0,NVDA
2013-07-22 00:00:00-04:00,0.3347591856630922,0.337791850065995,0.3305601418229801,0.3319598138332367,292384000,0.0,0.0,NVDA
2013-07-23 00:00:00-04:00,0.33615873638144034,0.33615873638144034,0.32986014560563315,0.3314931094646454,246792000,0.0,0.0,NVDA
2013-07-24 00:00:00-04:00,0.3345257725224281,0.3354588867820551,0.3310265523348319,0.3314931094646454,284252000,0.0,0.0,NVDA
2013-07-25 00:00:00-04:00,0.3312598729277922,0.3370919353678507,0.3289270590755027,0.3326595723628998,243320000,0.0,0.0,NVDA
2013-07-26 00:00:00-04:00,0.32869376833866903,0.33335939567366424,0.32869376833866903,0.3312598466873169,227360000,0.0,0.0,NVDA
2013-07-29 00:00:00-04:00,0.3305600583553314,0.33475910113516955,0.32962691610810657,0.3305600583553314,179540000,0.0,0.0,NVDA
2013-07-30 00:00:00-04:00,0.33172647660117155,0.3405911753002668,0.33149318407908895,0.336158812046051,266076000,0.0,0.0,NVDA
2013-07-31 00:00:00-04:00,0.33452578681993544,0.34012452823564554,0.3342924943403928,0.3368586003780365,270160000,0.0,0.0,NVDA
2013-08-01 00:00:00-04:00,0.3380250818490822,0.3422241527433816,0.3340593034858751,0.34152430295944214,277648000,0.0,0.0,NVDA
2013-08-02 00:00:00-04:00,0.340824414389175,0.3450234848056139,0.3384916005810794,0.34432363510131836,209628000,0.0,0.0,NVDA
2013-08-05 00:00:00-04:00,0.34339051726725683,0.34712303044661125,0.3415242606775796,0.34595662355422974,185188000,0.0,0.0,NVDA
2013-08-06 00:00:00-04:00,0.3461899935259589,0.346889843436084,0.3401246647173316,0.34082451462745667,206608000,0.0,0.0,NVDA
2013-08-07 00:00:00-04:00,0.3389582594471979,0.3440904736118201,0.33872499468202394,0.3405912518501282,244380000,0.0,0.0,NVDA
2013-08-08 00:00:00-04:00,0.3424574713466576,0.34455699304898074,0.3384916648721859,0.342924028635025,345696000,0.0,0.0,NVDA
2013-08-09 00:00:00-04:00,0.3293936584721774,0.34315727864910334,0.32916039374267314,0.3380250930786133,906224000,0.0,0.0,NVDA
2013-08-12 00:00:00-04:00,0.3242615397221523,0.34012468478022045,0.3058322874453732,0.33522579073905945,257568000,0.0,0.0,NVDA
2013-08-13 00:00:00-04:00,0.33569237382995015,0.3377918960357279,0.3335928238148263,0.33639222383499146,197468000,0.0,0.0,NVDA
2013-08-14 00:00:00-04:00,0.3356921268336656,0.3527216679826889,0.3354588344005222,0.35062214732170105,828508000,0.0,0.0,NVDA
2013-08-15 00:00:00-04:00,0.34688983388357425,0.3557545342792469,0.3454901341018685,0.352955162525177,723616000,0.0,0.0,NVDA
2013-08-16 00:00:00-04:00,0.3522553087490364,0.3592537519616908,0.35155545886590267,0.3543548583984375,660456000,0.0,0.0,NVDA
2013-08-19 00:00:00-04:00,0.35225523618625637,0.35342164314809155,0.34852272278464946,0.34875601530075073,393432000,0.0,0.0,NVDA
2013-08-20 00:00:00-04:00,0.34863874572615694,0.35285898768902335,0.3481698361635157,0.35051441192626953,234192000,0.001875,0.0,NVDA
2013-08-21 00:00:00-04:00,0.3484042605423012,0.35285897105121616,0.34746644146123834,0.34887319803237915,261540000,0.0,0.0,NVDA
2013-08-22 00:00:00-04:00,0.3486387911698832,0.3540313217170222,0.3486387911698832,0.3507489264011383,129016000,0.0,0.0,NVDA
2013-08-23 00:00:00-04:00,0.3512178360249001,0.3540313217170222,0.35004554799071996,0.3507489264011383,245120000,0.0,0.0,NVDA
2013-08-26 00:00:00-04:00,0.3509832920814899,0.352390048601095,0.3500454730347834,0.35145220160484314,300152000,0.0,0.0,NVDA
2013-08-27 00:00:00-04:00,0.34816984698841147,0.35051442282406015,0.3458252711527628,0.34699755907058716,277464000,0.0,0.0,NVDA
2013-08-28 00:00:00-04:00,0.34770093741119146,0.35027995406067586,0.3455908023893785,0.34699755907058716,318824000,0.0,0.0,NVDA
2013-08-29 00:00:00-04:00,0.3458254039119745,0.3495767378689347,0.3448875564479548,0.3462943136692047,276216000,0.0,0.0,NVDA
2013-08-30 00:00:00-04:00,0.3465286929506027,0.3474665122226521,0.34418411682092703,0.34582531452178955,378120000,0.0,0.0,NVDA
2013-09-03 00:00:00-04:00,0.34676308812354373,0.3509833301910451,0.3439496027283923,0.3460597097873688,284680000,0.0,0.0,NVDA
2013-09-04 00:00:00-04:00,0.3460597736550339,0.35145230462820537,0.3455908639942263,0.3493421971797943,222080000,0.0,0.0,NVDA
2013-09-05 00:00:00-04:00,0.34793541080319007,0.35168674367129515,0.347700969967403,0.3502799868583679,174904000,0.0,0.0,NVDA
2013-09-06 00:00:00-04:00,0.35051439539901247,0.3523900615106847,0.3462941536351365,0.34887319803237915,226756000,0.0,0.0,NVDA
2013-09-09 00:00:00-04:00,0.35168679370663203,0.35473474860191345,0.35074897433095553,0.35473474860191345,246408000,0.0,0.0,NVDA
2013-09-10 00:00:00-04:00,0.3573138001224235,0.362471862678888,0.3556725742616594,0.3622373938560486,292132000,0.0,0.0,NVDA
2013-09-11 00:00:00-04:00,0.3617684023716515,0.36927106761164663,0.35918935770170946,0.36833322048187256,396164000,0.0,0.0,NVDA
2013-09-12 00:00:00-04:00,0.36645759952346335,0.37278797759682974,0.36645759952346335,0.36809882521629333,303808000,0.0,0.0,NVDA
2013-09-13 00:00:00-04:00,0.3692710859103866,0.3720845715400286,0.3666920411126434,0.3704433739185333,159696000,0.0,0.0,NVDA
2013-09-16 00:00:00-04:00,0.3734914325600863,0.37607045012800655,0.3692711889631021,0.3706779181957245,231412000,0.0,0.0,NVDA
2013-09-17 00:00:00-04:00,0.37208460174268154,0.37489808760069837,0.3704434039879678,0.3718501329421997,168608000,0.0,0.0,NVDA
2013-09-18 00:00:00-04:00,0.37208457647613197,0.37607035016679635,0.3702089100483043,0.3751325309276581,268168000,0.0,0.0,NVDA
2013-09-19 00:00:00-04:00,0.3767736821132482,0.37747706043064816,0.37185006184099617,0.3734912872314453,227572000,0.0,0.0,NVDA
2013-09-20 00:00:00-04:00,0.3744291013420152,0.37677367706892695,0.36950548113568155,0.37020885944366455,356036000,0.0,0.0,NVDA
2013-09-23 00:00:00-04:00,0.36997440152192984,0.37302235564605163,0.3645818716022603,0.3666920065879822,271244000,0.0,0.0,NVDA
2013-09-24 00:00:00-04:00,0.36692653712115925,0.36950555416072256,0.36481640178018615,0.36809882521629333,229732000,0.0,0.0,NVDA
2013-09-25 00:00:00-04:00,0.367395476568845,0.3713812508256776,0.36575425074289475,0.3685677647590637,233156000,0.0,0.0,NVDA
2013-09-26 00:00:00-04:00,0.36950553810301967,0.3702089165194438,0.3652852955540266,0.36739543080329895,148816000,0.0,0.0,NVDA
2013-09-27 00:00:00-04:00,0.3645817800054899,0.3676297333638502,0.36317505165131364,0.36528515815734863,151920000,0.0,0.0,NVDA
2013-09-30 00:00:00-04:00,0.3615338838443949,0.36739532233483324,0.35942374921811104,0.364816278219223,226640000,0.0,0.0,NVDA
2013-10-01 00:00:00-04:00,0.36528529116393693,0.3669265167657191,0.36247180548160524,0.3645819127559662,226976000,0.0,0.0,NVDA
2013-10-02 00:00:00-04:00,0.3608306234455578,0.3657542166153358,0.3608306234455578,0.3643474876880646,162036000,0.0,0.0,NVDA
2013-10-03 00:00:00-04:00,0.3645819541268761,0.3678643777533619,0.35895498212369253,0.3605961799621582,436768000,0.0,0.0,NVDA
2013-10-04 00:00:00-04:00,0.36012726084263275,0.3685677465756144,0.35918941356699385,0.36551979184150696,246228000,0.0,0.0,NVDA
2013-10-07 00:00:00-04:00,0.3641130349028254,0.36809883691257184,0.3622373683011013,0.36551979184150696,169952000,0.0,0.0,NVDA
2013-10-08 00:00:00-04:00,0.3645819562523797,0.3697400465598497,0.3596583627082783,0.3624718487262726,290712000,0.0,0.0,NVDA
2013-10-09 00:00:00-04:00,0.3648163576823497,0.36505082645285586,0.3549691444634336,0.35684478282928467,275860000,0.0,0.0,NVDA
2013-10-10 00:00:00-04:00,0.3594237591666324,0.3617683346277034,0.35684471497963655,0.36083051562309265,223484000,0.0,0.0,NVDA
2013-10-11 00:00:00-04:00,0.35520358741963015,0.35965829843917885,0.3540312994591515,0.35778263211250305,213704000,0.0,0.0,NVDA
2013-10-14 00:00:00-04:00,0.3568448058186239,0.3631751835346222,0.3568448058186239,0.3631751835346222,166628000,0.0,0.0,NVDA
2013-10-15 00:00:00-04:00,0.3631752411087401,0.3652853487155538,0.36106510555237076,0.3612995743751526,208820000,0.0,0.0,NVDA
2013-10-16 00:00:00-04:00,0.3634095815232882,0.36716091395346834,0.3629406719569027,0.3657541573047638,210072000,0.0,0.0,NVDA
2013-10-17 00:00:00-04:00,0.3629407174074553,0.3673954287198449,0.3629407174074553,0.36645758152008057,213324000,0.0,0.0,NVDA
2013-10-18 00:00:00-04:00,0.36575429600764986,0.37185020653102235,0.3643475667750275,0.3706779181957245,255068000,0.0,0.0,NVDA
2013-10-21 00:00:00-04:00,0.37513257233357344,0.37536701319445925,0.3704434197212063,0.3716157078742981,195008000,0.0,0.0,NVDA
2013-10-22 00:00:00-04:00,0.37161567578073224,0.37185011662137124,0.36645758599294925,0.36974000930786133,179452000,0.0,0.0,NVDA
2013-10-23 00:00:00-04:00,0.3690366681946435,0.3690366681946435,0.3622373800368056,0.3634096682071686,252216000,0.0,0.0,NVDA
2013-10-24 00:00:00-04:00,0.36434737881469925,0.36669195427577034,0.3601271373948625,0.36083051562309265,236436000,0.0,0.0,NVDA
2013-10-25 00:00:00-04:00,0.3627062525779609,0.36294069340023094,0.356141434412056,0.35731372237205505,330492000,0.0,0.0,NVDA
2013-10-28 00:00:00-04:00,0.3568448880584406,0.3584861140368618,0.351686825132202,0.3566104471683502,394024000,0.0,0.0,NVDA
2013-10-29 00:00:00-04:00,0.3561414185530903,0.35778261603409667,0.35285899564152917,0.35707923769950867,387952000,0.0,0.0,NVDA
2013-10-30 00:00:00-04:00,0.3582515395532225,0.3598927370981169,0.3537968285604524,0.35684478282928467,204032000,0.0,0.0,NVDA
2013-10-31 00:00:00-04:00,0.3573137061253089,0.3598927227503115,0.3554380398846853,0.35614141821861267,293368000,0.0,0.0,NVDA
2013-11-01 00:00:00-04:00,0.358017072934869,0.3594238296672633,0.35520358741963015,0.35778263211250305,206136000,0.0,0.0,NVDA
2013-11-04 00:00:00-05:00,0.35895503033159903,0.35895503033159903,0.3467632094380739,0.3474665880203247,410264000,0.0,0.0,NVDA
2013-11-05 00:00:00-05:00,0.3453563615755428,0.3486387565656315,0.34160502905868545,0.34699755907058716,422368000,0.0,0.0,NVDA
2013-11-06 00:00:00-05:00,0.34699762092620273,0.34957666598497494,0.3434807565458153,0.3493421971797943,198044000,0.0,0.0,NVDA
2013-11-07 00:00:00-05:00,0.34816991622056115,0.34910773556148267,0.34043280883451893,0.3411361873149872,553076000,0.0,0.0,NVDA
2013-11-08 00:00:00-05:00,0.3516866448208237,0.3659885659173107,0.3502798884033011,0.364816278219223,734532000,0.0,0.0,NVDA
2013-11-11 00:00:00-05:00,0.3634096586461572,0.36880218967786454,0.3627063081220877,0.36786437034606934,297624000,0.0,0.0,NVDA
2013-11-12 00:00:00-05:00,0.3695055841314166,0.37161571964354334,0.3643475216843654,0.3685677647590637,316032000,0.0,0.0,NVDA
2013-11-13 00:00:00-05:00,0.3676298543273276,0.37864938378334045,0.36692650389358233,0.37864938378334045,332792000,0.0,0.0,NVDA
2013-11-14 00:00:00-05:00,0.3774771119730131,0.38263517375567085,0.3772426431853485,0.38029059767723083,307980000,0.0,0.0,NVDA
2013-11-15 00:00:00-05:00,0.3816973082752122,0.38216621784419835,0.37536693127048043,0.37911826372146606,450332000,0.0,0.0,NVDA
2013-11-18 00:00:00-05:00,0.3709122217912556,0.3741946164878714,0.36903655570052685,0.36997437477111816,316948000,0.0,0.0,NVDA
2013-11-19 00:00:00-05:00,0.36820646327777695,0.3715066347840208,0.36349191649690554,0.36396336555480957,206716000,0.002125,0.0,NVDA
2013-11-20 00:00:00-05:00,0.3641992642941181,0.3651421909982565,0.35783462847013586,0.3585418164730072,204776000,0.0,0.0,NVDA
2013-11-21 00:00:00-05:00,0.3590131110997867,0.36207757239133703,0.3573630252046189,0.36137038469314575,213568000,0.0,0.0,NVDA
2013-11-22 00:00:00-05:00,0.3618419080692459,0.3618419080692459,0.35712735991474215,0.3578345477581024,158668000,0.0,0.0,NVDA
2013-11-25 00:00:00-05:00,0.3578344817039377,0.36608493945133275,0.3578344817039377,0.36561349034309387,248208000,0.0,0.0,NVDA
2013-11-26 00:00:00-05:00,0.36962087202012234,0.37268533355832656,0.3672635982370299,0.3686779737472534,753176000,0.0,0.0,NVDA
2013-11-27 00:00:00-05:00,0.3684422776484422,0.3712710289953396,0.36608500359330987,0.37009239196777344,181272000,0.0,0.0,NVDA
2013-11-29 00:00:00-05:00,0.370092300035075,0.37103519818253816,0.3653777249950101,0.36773499846458435,116964000,0.0,0.0,NVDA
2013-12-02 00:00:00-05:00,0.3663206688445903,0.3738639386894884,0.3656134811495554,0.37127095460891724,373872000,0.0,0.0,NVDA
2013-12-03 00:00:00-05:00,0.37127107612392696,0.3762213354075292,0.368678063093759,0.3710353374481201,290560000,0.0,0.0,NVDA
2013-12-04 00:00:00-05:00,0.3700922860336842,0.3769283675964593,0.36914935982097763,0.3762211799621582,493176000,0.0,0.0,NVDA
2013-12-05 00:00:00-05:00,0.37692847548728775,0.37692847548728775,0.3696209146760083,0.37009239196777344,271812000,0.0,0.0,NVDA
2013-12-06 00:00:00-05:00,0.3745710566448236,0.3745710566448236,0.3637275889422981,0.3646705150604248,281000000,0.0,0.0,NVDA
2013-12-09 00:00:00-05:00,0.36467074169665226,0.36584937900112785,0.35783462847013586,0.3585418164730072,385220000,0.0,0.0,NVDA
2013-12-10 00:00:00-05:00,0.35854153864148774,0.3684420787070323,0.35807008970520626,0.3667919933795929,524268000,0.0,0.0,NVDA
2013-12-11 00:00:00-05:00,0.3674993142175678,0.3679707633249608,0.3625490283376457,0.36325621604919434,414156000,0.0,0.0,NVDA
2013-12-12 00:00:00-05:00,0.3620775772296418,0.3639634017497122,0.35547720545985456,0.3561843931674957,258724000,0.0,0.0,NVDA
2013-12-13 00:00:00-05:00,0.3568916963968489,0.3594846813629615,0.3535914953932593,0.35406294465065,184588000,0.0,0.0,NVDA
2013-12-16 00:00:00-05:00,0.35429858766694544,0.3575987596785404,0.35406284905143737,0.3545342981815338,237620000,0.0,0.0,NVDA
2013-12-17 00:00:00-05:00,0.3542985686474253,0.35712729137707183,0.3512341073149257,0.3561843931674957,274104000,0.0,0.0,NVDA
2013-12-18 00:00:00-05:00,0.35689160776171736,0.3618418658862989,0.35241277067652027,0.36113467812538147,426232000,0.0,0.0,NVDA
2013-12-19 00:00:00-05:00,0.36066324181435794,0.363020515700654,0.35830596792806185,0.3625490665435791,258544000,0.0,0.0,NVDA
2013-12-20 00:00:00-05:00,0.36325622404156377,0.3700923346023844,0.36231329770511317,0.369856595993042,382080000,0.0,0.0,NVDA
2013-12-23 00:00:00-05:00,0.37197813391685486,0.37504259535713586,0.36891370057749306,0.37197813391685486,168568000,0.0,0.0,NVDA
2013-12-24 00:00:00-05:00,0.37409965651853916,0.37409965651853916,0.36914937102904666,0.37292101979255676,79600000,0.0,0.0,NVDA
2013-12-26 00:00:00-05:00,0.37433549953028084,0.37551413658506066,0.36844228615545754,0.3693852126598358,168920000,0.0,0.0,NVDA
2013-12-27 00:00:00-05:00,0.37127092089802816,0.3722138190051824,0.3691493580055583,0.37150663137435913,210976000,0.0,0.0,NVDA
2013-12-30 00:00:00-05:00,0.3717424578863953,0.37669274437222156,0.37127100872129803,0.37645700573921204,248180000,0.0,0.0,NVDA
2013-12-31 00:00:00-05:00,0.3771641490731604,0.37952142272166806,0.3748068754246528,0.3776355981826782,235776000,0.0,0.0,NVDA
2014-01-02 00:00:00-05:00,0.3752783108484734,0.37669268622636576,0.3705637637233889,0.37386393547058105,260092000,0.0,0.0,NVDA
2014-01-03 00:00:00-05:00,0.3745712100806824,0.37527839793373513,0.36820657560505593,0.3693852126598358,259332000,0.0,0.0,NVDA
2014-01-06 00:00:00-05:00,0.37315683246803977,0.37716422091455587,0.3696209213217659,0.37433549761772156,409492000,0.0,0.0,NVDA
2014-01-07 00:00:00-05:00,0.37810698256481323,0.3818786309971318,0.37551399885589365,0.38046425580978394,333288000,0.0,0.0,NVDA
2014-01-08 00:00:00-05:00,0.3818788353038463,0.38753631097909647,0.38046445935980155,0.38565048575401306,308192000,0.0,0.0,NVDA
2014-01-09 00:00:00-05:00,0.37975712264658346,0.3804643103416184,0.37009231781749824,0.37127095460891724,292172000,0.0,0.0,NVDA
2014-01-10 00:00:00-05:00,0.37244962581224683,0.3750426101323928,0.3674993395905458,0.3707995116710663,218492000,0.0,0.0,NVDA
2014-01-13 00:00:00-05:00,0.3707995620348669,0.3731568361556781,0.36137046555162233,0.36207765340805054,243332000,0.0,0.0,NVDA
2014-01-14 00:00:00-05:00,0.36396336907740595,0.374099650374566,0.3623132552073981,0.3733924627304077,241828000,0.0,0.0,NVDA
2014-01-15 00:00:00-05:00,0.3750425881501231,0.3788142372504401,0.3733925022065789,0.37739986181259155,175044000,0.0,0.0,NVDA
2014-01-16 00:00:00-05:00,0.37739981756301694,0.37928564189206526,0.37574973181294286,0.37857845425605774,220652000,0.0,0.0,NVDA
2014-01-17 00:00:00-05:00,0.3785785946436804,0.3830574325986641,0.37457123402148235,0.37692850828170776,340400000,0.0,0.0,NVDA
2014-01-21 00:00:00-05:00,0.37739982146356615,0.38070002109873824,0.37433538851072046,0.37834274768829346,246076000,0.0,0.0,NVDA
2014-01-22 00:00:00-05:00,0.3790500012653273,0.3795214504092391,0.37339252723562305,0.3778713643550873,337940000,0.0,0.0,NVDA
2014-01-23 00:00:00-05:00,0.37669274437222156,0.3807001044269314,0.37362828264770637,0.37645700573921204,185028000,0.0,0.0,NVDA
2014-01-24 00:00:00-05:00,0.37339236279025867,0.3748067377000114,0.3667919933795929,0.3667919933795929,246696000,0.0,0.0,NVDA
2014-01-27 00:00:00-05:00,0.36679217182878804,0.3719781688527566,0.3623133345028302,0.3644348978996277,233812000,0.0,0.0,NVDA
2014-01-28 00:00:00-05:00,0.3637276369948212,0.36820647342057455,0.3623132616812325,0.367970734834671,167996000,0.0,0.0,NVDA
2014-01-29 00:00:00-05:00,0.3665564331955033,0.3686779965923007,0.3641991592663429,0.3644348978996277,162944000,0.0,0.0,NVDA
2014-01-30 00:00:00-05:00,0.3665563876387202,0.37127096301202056,0.36537775082062474,0.3705637753009796,202896000,0.0,0.0,NVDA
2014-01-31 00:00:00-05:00,0.3653778157565855,0.37221392737702313,0.36514210521162627,0.37009239196777344,335348000,0.0,0.0,NVDA
2014-02-03 00:00:00-05:00,0.3726852263133142,0.3731566753140831,0.363727582895057,0.36514195799827576,431728000,0.0,0.0,NVDA
2014-02-04 00:00:00-05:00,0.3649062820177761,0.36797074319960393,0.3630204575904269,0.3672635555267334,280692000,0.0,0.0,NVDA
2014-02-05 00:00:00-05:00,0.3646705531921234,0.3658491898873412,0.3611346150055544,0.36396336555480957,214676000,0.0,0.0,NVDA
2014-02-06 00:00:00-05:00,0.36443487531750296,0.36962087202012234,0.36396342618106853,0.3686779737472534,168380000,0.0,0.0,NVDA
2014-02-07 00:00:00-05:00,0.36962080579242385,0.3745710910903068,0.3663206343277786,0.37409964203834534,157248000,0.0,0.0,NVDA
2014-02-10 00:00:00-05:00,0.37362826762912743,0.38022863997794276,0.3733925290055938,0.3752783536911011,324372000,0.0,0.0,NVDA
2014-02-11 00:00:00-05:00,0.3773998525665438,0.38400022427993447,0.37551405616350475,0.3830573260784149,235384000,0.0,0.0,NVDA
2014-02-12 00:00:00-05:00,0.38423611717351247,0.3995584298578731,0.38423611717351247,0.3967296779155731,744528000,0.0,0.0,NVDA
2014-02-13 00:00:00-05:00,0.40663006592937345,0.4115803514438544,0.39955824553778135,0.4092230498790741,902836000,0.0,0.0,NVDA
2014-02-14 00:00:00-05:00,0.4054514495260578,0.4231310013914594,0.40521571092748543,0.4221881031990051,817536000,0.0,0.0,NVDA
2014-02-18 00:00:00-05:00,0.422423873864176,0.42383822126022197,0.4184164859897462,0.42195239663124084,428988000,0.0,0.0,NVDA
2014-02-19 00:00:00-05:00,0.42195250476950885,0.43138163033091703,0.4200666796572272,0.42760998010635376,450340000,0.0,0.0,NVDA
2014-02-20 00:00:00-05:00,0.42855278106842376,0.4436393504318708,0.4278456214005871,0.4426964521408081,398088000,0.0,0.0,NVDA
2014-02-21 00:00:00-05:00,0.4419891847465827,0.4476466577765125,0.43656745029741,0.4393961727619171,451052000,0.0,0.0,NVDA
2014-02-24 00:00:00-05:00,0.4384533164510018,0.44906104778012823,0.4344459569024043,0.4457608759403229,403112000,0.0,0.0,NVDA
2014-02-25 00:00:00-05:00,0.4451689379673437,0.4470632777173739,0.43901234083669677,0.4437481760978699,242184000,0.002125,0.0,NVDA
2014-02-26 00:00:00-05:00,0.4428009453227278,0.4494311192107265,0.4416169867080066,0.443037748336792,360884000,0.0,0.0,NVDA
2014-02-27 00:00:00-05:00,0.44303771897822275,0.4475367501249081,0.4368811232985287,0.4380650818347931,388848000,0.0,0.0,NVDA
2014-02-28 00:00:00-05:00,0.43569733617593553,0.4399595942289204,0.4288303570272907,0.4352237582206726,321692000,0.0,0.0,NVDA
2014-03-03 00:00:00-05:00,0.42551514542172514,0.43309247493743896,0.42172646654996815,0.43309247493743896,375948000,0.0,0.0,NVDA
2014-03-04 00:00:00-05:00,0.4352235761163795,0.4404329879001916,0.4345131953668148,0.4375914931297302,260344000,0.0,0.0,NVDA
2014-03-05 00:00:00-05:00,0.4371178868984004,0.4416169461579089,0.4352235758710257,0.4413801431655884,241472000,0.0,0.0,NVDA
2014-03-06 00:00:00-05:00,0.4420907091415082,0.4444586271456321,0.43451337717387356,0.4352237582206726,290144000,0.0,0.0,NVDA
2014-03-07 00:00:00-05:00,0.4371180276856412,0.43782840866360534,0.4314350363175409,0.43475010991096497,268452000,0.0,0.0,NVDA
2014-03-10 00:00:00-04:00,0.4333293453603412,0.4352236850909,0.42646236736554105,0.42835670709609985,300888000,0.0,0.0,NVDA
2014-03-11 00:00:00-04:00,0.4304878921128572,0.4364077153252368,0.4290671582532457,0.43261903524398804,297220000,0.0,0.0,NVDA
2014-03-12 00:00:00-04:00,0.4304878012700345,0.4364076232331956,0.4288302646696949,0.43380290269851685,239428000,0.0,0.0,NVDA
2014-03-13 00:00:00-04:00,0.434750031366029,0.4364075960910805,0.4179378069121177,0.4200689494609833,385172000,0.0,0.0,NVDA
2014-03-14 00:00:00-04:00,0.4158067061135083,0.4257519536482397,0.4158067061135083,0.42196327447891235,460048000,0.0,0.0,NVDA
2014-03-17 00:00:00-04:00,0.42314723319085185,0.426225531487455,0.421489696639697,0.42196327447891235,299656000,0.0,0.0,NVDA
2014-03-18 00:00:00-04:00,0.4236208661704931,0.4347500731242023,0.4217265264654821,0.43190857768058777,293904000,0.0,0.0,NVDA
2014-03-19 00:00:00-04:00,0.43522373753665816,0.4477737080076391,0.434039750363056,0.43948596715927124,366168000,0.0,0.0,NVDA
2014-03-20 00:00:00-04:00,0.4371179961529512,0.4435113962656169,0.43522368465210676,0.4397227168083191,191800000,0.0,0.0,NVDA
2014-03-21 00:00:00-04:00,0.44351146938225605,0.4470633463736033,0.4366444902622993,0.43901240825653076,566116000,0.0,0.0,NVDA
2014-03-24 00:00:00-04:00,0.4392491019826081,0.44280097808960733,0.43048778500310153,0.4368811845779419,306096000,0.0,0.0,NVDA
2014-03-25 00:00:00-04:00,0.44161701938727427,0.4420905972226471,0.433566083274728,0.4368811845779419,304424000,0.0,0.0,NVDA
2014-03-26 00:00:00-04:00,0.4409067024325933,0.4491944145502824,0.4231472910954533,0.42693597078323364,557756000,0.0,0.0,NVDA
2014-03-27 00:00:00-04:00,0.4259887409958528,0.42954061700088303,0.41651704342130436,0.42125290632247925,540728000,0.0,0.0,NVDA
2014-03-28 00:00:00-04:00,0.42054252650846097,0.4264623198647127,0.41935856783721065,0.42385759949684143,398820000,0.0,0.0,NVDA
2014-03-31 00:00:00-04:00,0.42456792690922485,0.4283566054715051,0.4217264321014136,0.4240943491458893,273404000,0.0,0.0,NVDA
2014-04-01 00:00:00-04:00,0.437591587679339,0.44682645473564847,0.43238214654213514,0.44161704182624817,656272000,0.0,0.0,NVDA
2014-04-02 00:00:00-04:00,0.44161697474635464,0.4425641303213569,0.4368811404157448,0.4387754797935486,239948000,0.0,0.0,NVDA
2014-04-03 00:00:00-04:00,0.4397226580904738,0.4541669648363385,0.4394858550705872,0.44351133704185486,599548000,0.0,0.0,NVDA
2014-04-04 00:00:00-04:00,0.4458793187389468,0.44848403942276094,0.42788313346195134,0.42977747321128845,368032000,0.0,0.0,NVDA
2014-04-07 00:00:00-04:00,0.4300142209814658,0.43948589090439755,0.42764630350073285,0.4311981797218323,428576000,0.0,0.0,NVDA
2014-04-08 00:00:00-04:00,0.43119818643377666,0.4477736372847204,0.4304878055329386,0.4465896785259247,470692000,0.0,0.0,NVDA
2014-04-09 00:00:00-04:00,0.4487207805064858,0.4525094597202618,0.4425641838410504,0.44611606001853943,421968000,0.0,0.0,NVDA
2014-04-10 00:00:00-04:00,0.44422185228190525,0.45037842215594187,0.43380299612707457,0.4352237582206726,372748000,0.0,0.0,NVDA
2014-04-11 00:00:00-04:00,0.4319086006495812,0.4385387758558119,0.42338408563759805,0.42906710505485535,353112000,0.0,0.0,NVDA
2014-04-14 00:00:00-04:00,0.43190856305764164,0.4354604392988564,0.42906706771023045,0.43380290269851685,290184000,0.0,0.0,NVDA
2014-04-15 00:00:00-04:00,0.43427646414168825,0.4392491019826081,0.4300142071677287,0.4368811845779419,304636000,0.0,0.0,NVDA
2014-04-16 00:00:00-04:00,0.43901226098336216,0.4394858387777779,0.4323820871781422,0.43782830238342285,235136000,0.0,0.0,NVDA
2014-04-17 00:00:00-04:00,0.4361708934021704,0.4435114501572181,0.43522373753665816,0.43948596715927124,153532000,0.0,0.0,NVDA
2014-04-21 00:00:00-04:00,0.43972264727889265,0.4442217069515132,0.4368811522491218,0.443037748336792,117004000,0.0,0.0,NVDA
2014-04-22 00:00:00-04:00,0.44374815952692476,0.4496679816101312,0.4413802419847636,0.4468264579772949,255120000,0.0,0.0,NVDA
2014-04-23 00:00:00-04:00,0.4475368141106138,0.45321983283388023,0.4468264332417302,0.4520358741283417,261580000,0.0,0.0,NVDA
2014-04-24 00:00:00-04:00,0.45511414799307154,0.46079713818366397,0.45511414799307154,0.45606130361557007,391492000,0.0,0.0,NVDA
2014-04-25 00:00:00-04:00,0.4551141486880841,0.45937640545143765,0.4425641531901093,0.44351133704185486,313600000,0.0,0.0,NVDA
2014-04-28 00:00:00-04:00,0.4470632577792681,0.4494311753042504,0.4361708258732282,0.44161704182624817,226788000,0.0,0.0,NVDA
2014-04-29 00:00:00-04:00,0.44327457032408746,0.444221754253403,0.43759157965940604,0.4425641894340515,171300000,0.0,0.0,NVDA
2014-04-30 00:00:00-04:00,0.4418538032914698,0.4423273811063419,0.43640758785093814,0.4373547434806824,305740000,0.0,0.0,NVDA
2014-05-01 00:00:00-04:00,0.44398497414082805,0.4449321298912503,0.43617084040252896,0.4397227168083191,198104000,0.0,0.0,NVDA
2014-05-02 00:00:00-04:00,0.44185384158776675,0.44185384158776675,0.43380290512594744,0.4364076256752014,156376000,0.0,0.0,NVDA
2014-05-05 00:00:00-04:00,0.4359339532112804,0.4444584662309797,0.4354603754274747,0.4411433935165405,239260000,0.0,0.0,NVDA
2014-05-06 00:00:00-04:00,0.4454057061151533,0.449194357090493,0.4309613984094514,0.432145357131958,416188000,0.0,0.0,NVDA
2014-05-07 00:00:00-04:00,0.43214545729078424,0.43617091223473037,0.4278831992563316,0.43261903524398804,293900000,0.0,0.0,NVDA
2014-05-08 00:00:00-04:00,0.4309613306172068,0.4449320300540073,0.42883018831525205,0.4380650818347931,432728000,0.0,0.0,NVDA
2014-05-09 00:00:00-04:00,0.4248047483536431,0.4288302018585138,0.4193585332692657,0.42740944027900696,539532000,0.0,0.0,NVDA
2014-05-12 00:00:00-04:00,0.4283565966374001,0.4409065623598599,0.4281197936467171,0.43995940685272217,299856000,0.0,0.0,NVDA
2014-05-13 00:00:00-04:00,0.4340396840533079,0.44114346487061223,0.4314349917071731,0.4328557252883911,221104000,0.0,0.0,NVDA
2014-05-14 00:00:00-04:00,0.43309251686943284,0.4347500534508841,0.42835668193511345,0.4285934567451477,214320000,0.0,0.0,NVDA
2014-05-15 00:00:00-04:00,0.42764639451104586,0.43001431249571137,0.42196337441116316,0.4262256324291229,325896000,0.0,0.0,NVDA
2014-05-16 00:00:00-04:00,0.42291044824492713,0.4283566638348242,0.42291044824492713,0.42527836561203003,283960000,0.0,0.0,NVDA
2014-05-19 00:00:00-04:00,0.4297775393701516,0.4413803262507623,0.4278831993292046,0.43901240825653076,360076000,0.0,0.0,NVDA
2014-05-20 00:00:00-04:00,0.43913125931775754,0.4403206711567749,0.4317569229305388,0.43389785289764404,256200000,0.002125,0.0,NVDA
2014-05-21 00:00:00-04:00,0.4355630238007054,0.43936915302868707,0.43128113550867975,0.43389785289764404,216712000,0.0,0.0,NVDA
2014-05-22 00:00:00-04:00,0.4329463865174052,0.4381797935630408,0.4329463865174052,0.4358009696006775,130364000,0.0,0.0,NVDA
2014-05-23 00:00:00-04:00,0.4381796760698708,0.44198580473220705,0.43556295906978826,0.43984484672546387,182656000,0.0,0.0,NVDA
2014-05-27 00:00:00-04:00,0.44246155175554336,0.44769495725631714,0.4410342464563277,0.44769495725631714,209680000,0.0,0.0,NVDA
2014-05-28 00:00:00-04:00,0.44936017159119135,0.4543556835936546,0.44507828390492926,0.45150110125541687,224676000,0.0,0.0,NVDA
2014-05-29 00:00:00-04:00,0.4512632436806435,0.4550693726746703,0.4498359665762435,0.4507874846458435,171884000,0.0,0.0,NVDA
2014-05-30 00:00:00-04:00,0.45078754301706087,0.45316636685690154,0.4484087191772202,0.4519769549369812,239128000,0.0,0.0,NVDA
2014-06-02 00:00:00-04:00,0.4534041549775815,0.45625873724894056,0.44674344410587025,0.45054957270622253,181500000,0.0,0.0,NVDA
2014-06-03 00:00:00-04:00,0.4515011579089038,0.4519769169653389,0.44269948775468876,0.44864657521247864,243212000,0.0,0.0,NVDA
2014-06-04 00:00:00-04:00,0.44745713889947175,0.4524526512553167,0.44721924520536877,0.4491223096847534,161236000,0.0,0.0,NVDA
2014-06-05 00:00:00-04:00,0.44983595504771795,0.45245264385096345,0.4472192378866598,0.4510253667831421,188696000,0.0,0.0,NVDA
2014-06-06 00:00:00-04:00,0.4531663306048999,0.45673456607921237,0.45150115972178373,0.45269057154655457,161052000,0.0,0.0,NVDA
2014-06-09 00:00:00-04:00,0.4522149069127468,0.45744831436293476,0.4491224298510564,0.4531664252281189,247456000,0.0,0.0,NVDA
2014-06-10 00:00:00-04:00,0.4515011921731426,0.4576861454496163,0.4495981274451648,0.45554518699645996,217608000,0.0,0.0,NVDA
2014-06-11 00:00:00-04:00,0.45387992346422806,0.46268159249206153,0.45387992346422806,0.4614921808242798,266228000,0.0,0.0,NVDA
2014-06-12 00:00:00-04:00,0.4614923618350324,0.4664878757844151,0.45744833789214173,0.4643469452857971,337148000,0.0,0.0,NVDA
2014-06-13 00:00:00-04:00,0.46910453880864794,0.46934243255073854,0.4603028673607605,0.4648226499557495,227852000,0.0,0.0,NVDA
2014-06-16 00:00:00-04:00,0.4626816730885837,0.46648777407379977,0.4593513028239767,0.46339529752731323,198620000,0.0,0.0,NVDA
2014-06-17 00:00:00-04:00,0.46387104661594514,0.4683908000240646,0.4614922230626583,0.46648773550987244,157608000,0.0,0.0,NVDA
2014-06-18 00:00:00-04:00,0.46529834826242716,0.4681529593631092,0.4610164599692193,0.46601200103759766,215536000,0.0,0.0,NVDA
2014-06-19 00:00:00-04:00,0.4574481450482724,0.4598269683140528,0.45197684586541564,0.4553072154521942,474592000,0.0,0.0,NVDA
2014-06-20 00:00:00-04:00,0.456496733248423,0.458161904250161,0.44674354424738816,0.4503117799758911,353148000,0.0,0.0,NVDA
2014-06-23 00:00:00-04:00,0.44436472013852385,0.44531623832237727,0.4391312850538798,0.44507837295532227,414200000,0.0,0.0,NVDA
2014-06-24 00:00:00-04:00,0.44436462369044494,0.44793285864214505,0.4362766074519049,0.4381796717643738,275780000,0.0,0.0,NVDA
2014-06-25 00:00:00-04:00,0.43936920934931323,0.4429374453237604,0.43532521424983683,0.4426995515823364,215420000,0.0,0.0,NVDA
2014-06-26 00:00:00-04:00,0.44269949777987694,0.44293739149238903,0.4353251613436003,0.43675243854522705,256908000,0.0,0.0,NVDA
2014-06-27 00:00:00-04:00,0.4362766563779737,0.4398448917298321,0.433659939110152,0.4372282028198242,302820000,0.0,0.0,NVDA
2014-06-30 00:00:00-04:00,0.43556307583655796,0.44222378860236045,0.43556307583655796,0.44103437662124634,180512000,0.0,0.0,NVDA
2014-07-01 00:00:00-04:00,0.44055857148892225,0.44864658913048555,0.43913126591752416,0.4460298717021942,321180000,0.0,0.0,NVDA
2014-07-02 00:00:00-04:00,0.4443645775318146,0.44626764164660154,0.44174786082925654,0.4443645775318146,179284000,0.0,0.0,NVDA
2014-07-03 00:00:00-04:00,0.44032067547583814,0.4495981049258643,0.44032067547583814,0.44840869307518005,136892000,0.0,0.0,NVDA
2014-07-07 00:00:00-04:00,0.44912219893739713,0.4493600925728388,0.4441266594555704,0.44484031200408936,127496000,0.0,0.0,NVDA
2014-07-08 00:00:00-04:00,0.44365102273226503,0.44555408726651974,0.4369903110412805,0.44127219915390015,221940000,0.0,0.0,NVDA
2014-07-09 00:00:00-04:00,0.44507845091768067,0.45649681291310756,0.4417480799751944,0.4545937478542328,387668000,0.0,0.0,NVDA
2014-07-10 00:00:00-04:00,0.4460298251166508,0.4541178419134619,0.4424615899186551,0.452214777469635,266308000,0.0,0.0,NVDA
2014-07-11 00:00:00-04:00,0.45269066607043285,0.45459373105899775,0.4510254948396213,0.4531664252281189,191188000,0.0,0.0,NVDA
2014-07-14 00:00:00-04:00,0.4550694076322337,0.4600649487759152,0.45340423670361174,0.45887553691864014,272636000,0.0,0.0,NVDA
2014-07-15 00:00:00-04:00,0.459589241630016,0.46196806561333115,0.45649676478014267,0.4607786536216736,395440000,0.0,0.0,NVDA
2014-07-16 00:00:00-04:00,0.462681592026445,0.4662498270261992,0.4576860516836646,0.4603027403354645,319728000,0.0,0.0,NVDA
2014-07-17 00:00:00-04:00,0.45506933564551266,0.463871004683278,0.45506933564551266,0.45911332964897156,324832000,0.0,0.0,NVDA
2014-07-18 00:00:00-04:00,0.4495981263364636,0.4531663620584415,0.4379418726299792,0.4386555254459381,567816000,0.0,0.0,NVDA
2014-07-21 00:00:00-04:00,0.4369903110412805,0.4443646754773373,0.4369903110412805,0.44127219915390015,243364000,0.0,0.0,NVDA
2014-07-22 00:00:00-04:00,0.44460251818761815,0.44698134164488706,0.43841759421340654,0.4393691122531891,298816000,0.0,0.0,NVDA
2014-07-23 00:00:00-04:00,0.43960709256503755,0.4398449579429475,0.4296160093895512,0.4300917685031891,297352000,0.0,0.0,NVDA
2014-07-24 00:00:00-04:00,0.43247049621429656,0.43365990791268316,0.42771284942075016,0.4308053255081177,254576000,0.0,0.0,NVDA
2014-07-25 00:00:00-04:00,0.4293780209432448,0.4303295673184502,0.42247944442261187,0.423193097114563,266132000,0.0,0.0,NVDA
2014-07-28 00:00:00-04:00,0.42509609735027615,0.42509609735027615,0.4143913929459321,0.4215278625488281,330352000,0.0,0.0,NVDA
2014-07-29 00:00:00-04:00,0.4217658032441476,0.42866440831091246,0.4215279095543992,0.4229552149772644,217972000,0.0,0.0,NVDA
2014-07-30 00:00:00-04:00,0.4255720143869019,0.4312811804661929,0.4243826024238981,0.4300917685031891,246184000,0.0,0.0,NVDA
2014-07-31 00:00:00-04:00,0.4248583216071121,0.4281886634473924,0.41558089215293337,0.41629454493522644,401880000,0.0,0.0,NVDA
2014-08-01 00:00:00-04:00,0.4162945237248717,0.4231931291251308,0.4148672182330073,0.42081430554389954,219884000,0.0,0.0,NVDA
2014-08-04 00:00:00-04:00,0.42033841671530026,0.42390665122614546,0.4177217284220314,0.41986265778541565,241724000,0.0,0.0,NVDA
2014-08-05 00:00:00-04:00,0.41867344272182344,0.42628570260284954,0.4151052065367751,0.42010074853897095,298136000,0.0,0.0,NVDA
2014-08-06 00:00:00-04:00,0.41724607254547524,0.4248583312523288,0.414153624348359,0.419624924659729,223456000,0.0,0.0,NVDA
2014-08-07 00:00:00-04:00,0.4231931400788468,0.42699924089264363,0.4124884053284161,0.4153430163860321,407696000,0.0,0.0,NVDA
2014-08-08 00:00:00-04:00,0.4334221233146606,0.4543557787768219,0.4334221233146606,0.4519769549369812,894348000,0.0,0.0,NVDA
2014-08-11 00:00:00-04:00,0.4524527465074462,0.4543558113874715,0.4484087513610293,0.44959816336631775,344624000,0.0,0.0,NVDA
2014-08-12 00:00:00-04:00,0.4493602979799515,0.4519769873768946,0.44460262160097863,0.44959816336631775,296152000,0.0,0.0,NVDA
2014-08-13 00:00:00-04:00,0.45031171302580814,0.4560209063572888,0.44745713053897407,0.452214777469635,256596000,0.0,0.0,NVDA
2014-08-14 00:00:00-04:00,0.4538799339490474,0.4538799339490474,0.44531615840006783,0.44721922278404236,255992000,0.0,0.0,NVDA
2014-08-15 00:00:00-04:00,0.4486465360319253,0.4555451126423142,0.44436464818231985,0.45292842388153076,369796000,0.0,0.0,NVDA
2014-08-18 00:00:00-04:00,0.45483144196856345,0.4595891170028699,0.4503116889690173,0.45911332964897156,284076000,0.0,0.0,NVDA
2014-08-19 00:00:00-04:00,0.45923293323863806,0.465206300606004,0.4575603675891657,0.4628169536590576,248260000,0.002125,0.0,NVDA
2014-08-20 00:00:00-04:00,0.4611442559465115,0.46329468467287815,0.4587549096838291,0.4599495828151703,221468000,0.0,0.0,NVDA
2014-08-21 00:00:00-04:00,0.45875490587913414,0.46114425212200044,0.45493196898050053,0.4556487500667572,272796000,0.0,0.0,NVDA
2014-08-22 00:00:00-04:00,0.455170984770384,0.45971076070176164,0.45230377435666447,0.4558877944946289,251224000,0.0,0.0,NVDA
2014-08-25 00:00:00-04:00,0.45779936296175117,0.4609055200238286,0.45564893338803664,0.4566046893596649,153380000,0.0,0.0,NVDA
2014-08-26 00:00:00-04:00,0.45779926274483296,0.4656841124891817,0.45612672576470065,0.46472838521003723,269636000,0.0,0.0,NVDA
2014-08-27 00:00:00-04:00,0.46186116858080994,0.4654451887745651,0.45875501204957,0.45947182178497314,182972000,0.0,0.0,NVDA
2014-08-28 00:00:00-04:00,0.45851602185428353,0.4642504418629466,0.45708240261048977,0.46329471468925476,179704000,0.0,0.0,NVDA
2014-08-29 00:00:00-04:00,0.46496730278819376,0.4656841124891817,0.4599496633645375,0.46472838521003723,207932000,0.0,0.0,NVDA
2014-09-02 00:00:00-04:00,0.46592310070991516,0.46592310070991516,0.4616222705980838,0.46592310070991516,192636000,0.0,0.0,NVDA
2014-09-03 00:00:00-04:00,0.46831233150840273,0.4718963509658746,0.46520617561527616,0.4702238142490387,259456000,0.0,0.0,NVDA
2014-09-04 00:00:00-04:00,0.46950706157342714,0.48145382302974626,0.46926811552066267,0.4785865843296051,491832000,0.0,0.0,NVDA
2014-09-05 00:00:00-04:00,0.4781086708128862,0.48025909974168923,0.47404678748060086,0.477152943611145,253792000,0.0,0.0,NVDA
2014-09-08 00:00:00-04:00,0.47667510665220286,0.4776308339073607,0.47094065767148,0.4728521406650543,319288000,0.0,0.0,NVDA
2014-09-09 00:00:00-04:00,0.4707017978426974,0.47380795452789626,0.46640096770036527,0.46687883138656616,198588000,0.0,0.0,NVDA
2014-09-10 00:00:00-04:00,0.4695070636486655,0.4702238733268691,0.46425047833067784,0.46855130791664124,172376000,0.0,0.0,NVDA
2014-09-11 00:00:00-04:00,0.46520624411845973,0.4668787810815824,0.458754985358437,0.46377262473106384,250720000,0.0,0.0,NVDA
2014-09-12 00:00:00-04:00,0.4666398583472096,0.4666398583472096,0.45636566151268193,0.4568435251712799,262536000,0.0,0.0,NVDA
2014-09-15 00:00:00-04:00,0.4582771045864988,0.4589939142533917,0.4487197183166139,0.45063120126724243,294152000,0.0,0.0,NVDA
2014-09-16 00:00:00-04:00,0.4494364676922342,0.4597106622507432,0.44800284855076633,0.45732131600379944,219936000,0.0,0.0,NVDA
2014-09-17 00:00:00-04:00,0.4561267396669379,0.4618611604831016,0.45397631049843146,0.45756033062934875,173584000,0.0,0.0,NVDA
2014-09-18 00:00:00-04:00,0.4604273988976994,0.46496714465457334,0.4589937799832921,0.46448928117752075,219604000,0.0,0.0,NVDA
2014-09-19 00:00:00-04:00,0.4659230736675374,0.46640093732261395,0.455170984770384,0.4558877944946289,601316000,0.0,0.0,NVDA
2014-09-22 00:00:00-04:00,0.46520625310144254,0.46520625310144254,0.4508701444004345,0.45134803652763367,221464000,0.0,0.0,NVDA
2014-09-23 00:00:00-04:00,0.448958593712153,0.45445409599778885,0.44728605696867824,0.4494364857673645,196144000,0.0,0.0,NVDA
2014-09-24 00:00:00-04:00,0.4491975722584987,0.4534984016839659,0.44871970865194843,0.45206478238105774,159592000,0.0,0.0,NVDA
2014-09-25 00:00:00-04:00,0.45158696014743704,0.4527816335148935,0.44131276349065957,0.4422684907913208,298440000,0.0,0.0,NVDA
2014-09-26 00:00:00-04:00,0.44370208509123293,0.4465692953140579,0.4417906021149302,0.4432242214679718,241188000,0.0,0.0,NVDA
2014-09-29 00:00:00-04:00,0.439640235368964,0.44561360232711694,0.43533940546244176,0.44250744581222534,208540000,0.0,0.0,NVDA
2014-09-30 00:00:00-04:00,0.440595904033041,0.4439410061742341,0.43557826506287967,0.4408348500728607,277204000,0.0,0.0,NVDA
2014-10-01 00:00:00-04:00,0.44155177683487534,0.4446579052769222,0.43533946298425324,0.4365341365337372,350976000,0.0,0.0,NVDA
2014-10-02 00:00:00-04:00,0.43581716948500276,0.4379675697050046,0.4245872193844817,0.43462249636650085,288996000,0.0,0.0,NVDA
2014-10-03 00:00:00-04:00,0.4372508520429048,0.44322421850183974,0.43557828664779663,0.43557828664779663,239140000,0.0,0.0,NVDA
2014-10-06 00:00:00-04:00,0.4372508192587206,0.440834838865359,0.430082751562188,0.4329499900341034,199032000,0.0,0.0,NVDA
2014-10-07 00:00:00-04:00,0.431038524611361,0.435339354009567,0.42793236846358684,0.42841023206710815,301896000,0.0,0.0,NVDA
2014-10-08 00:00:00-04:00,0.4279324376062912,0.438445580998695,0.4245873348746466,0.43629515171051025,260172000,0.0,0.0,NVDA
2014-10-09 00:00:00-04:00,0.434383581432509,0.43486147350070925,0.4243483322156555,0.42793235182762146,306956000,0.0,0.0,NVDA
2014-10-10 00:00:00-04:00,0.4245871822146417,0.42602080122464153,0.40236625845915247,0.40260517597198486,691376000,0.0,0.0,NVDA
2014-10-13 00:00:00-04:00,0.40523356781635755,0.4133573634020577,0.4006938206385093,0.4011716842651367,397628000,0.0,0.0,NVDA
2014-10-14 00:00:00-04:00,0.4066671596965328,0.42172004805918784,0.40427781324161155,0.41049012541770935,376620000,0.0,0.0,NVDA
2014-10-15 00:00:00-04:00,0.40451674090163564,0.41885284847252335,0.40188847682552437,0.41670241951942444,404428000,0.0,0.0,NVDA
2014-10-16 00:00:00-04:00,0.4092954127140288,0.42172000738462556,0.4083396571342883,0.4169413149356842,351116000,0.0,0.0,NVDA
2014-10-17 00:00:00-04:00,0.4219590784145369,0.4267377722792658,0.4145520915309022,0.4162246286869049,290716000,0.0,0.0,NVDA
2014-10-20 00:00:00-04:00,0.41622454687618976,0.42363153230394973,0.41335733681756726,0.419808566570282,200336000,0.0,0.0,NVDA
2014-10-21 00:00:00-04:00,0.42291481822622784,0.4382066561328381,0.42172014472492686,0.43772879242897034,351092000,0.0,0.0,NVDA
2014-10-22 00:00:00-04:00,0.43701194825367085,0.4384455677357605,0.42745456099510193,0.42745456099510193,239512000,0.0,0.0,NVDA
2014-10-23 00:00:00-04:00,0.43486155638483787,0.44011811378763077,0.4317553997657862,0.4370119571685791,214476000,0.0,0.0,NVDA
2014-10-24 00:00:00-04:00,0.43964014300692106,0.44417988954807797,0.43701185070419585,0.4415516257286072,210156000,0.0,0.0,NVDA
2014-10-27 00:00:00-04:00,0.44131268737927387,0.4434630876765209,0.43653399473360954,0.44179055094718933,145092000,0.0,0.0,NVDA
2014-10-28 00:00:00-04:00,0.4405959802130101,0.4527816606856135,0.4401181165340036,0.45230379700660706,192580000,0.0,0.0,NVDA
2014-10-29 00:00:00-04:00,0.4503922129112772,0.45302050528191984,0.4453745741975977,0.4494364857673645,168340000,0.0,0.0,NVDA
2014-10-30 00:00:00-04:00,0.44824188905175066,0.4501533436656098,0.44083490273163645,0.4465693235397339,170260000,0.0,0.0,NVDA
2014-10-31 00:00:00-04:00,0.45684355156003714,0.4671177774712976,0.45445420464577063,0.46687883138656616,256316000,0.0,0.0,NVDA
2014-11-03 00:00:00-05:00,0.47763078215409205,0.47930334739427677,0.4723742258537763,0.47476357221603394,308732000,0.0,0.0,NVDA
2014-11-04 00:00:00-05:00,0.47786976968504824,0.48264846282457746,0.46998492030817346,0.4809759259223938,360196000,0.0,0.0,NVDA
2014-11-05 00:00:00-05:00,0.48384316459271764,0.48408208215973936,0.4773919060677469,0.4809759259223938,335652000,0.0,0.0,NVDA
2014-11-06 00:00:00-05:00,0.4819316108310632,0.4838431220989047,0.47452462572201265,0.48312631249427795,394088000,0.0,0.0,NVDA
2014-11-07 00:00:00-05:00,0.48862186824122744,0.49435628873869175,0.46807344742274787,0.4728521406650543,450800000,0.0,0.0,NVDA
2014-11-10 00:00:00-05:00,0.47237417594626024,0.4814537253434687,0.47117950289135163,0.4783475697040558,293388000,0.0,0.0,NVDA
2014-11-11 00:00:00-05:00,0.4754803356994418,0.47810859935302863,0.4685512148310709,0.472613126039505,212992000,0.0,0.0,NVDA
2014-11-12 00:00:00-05:00,0.4709408087498613,0.47213548244369064,0.46305595667393384,0.46950721740722656,204584000,0.0,0.0,NVDA
2014-11-13 00:00:00-05:00,0.4711796705427771,0.4718964803274223,0.4632948198782044,0.4671177864074707,225328000,0.0,0.0,NVDA
2014-11-14 00:00:00-05:00,0.4675955837951689,0.4728521406650543,0.4630558081250227,0.4728521406650543,160248000,0.0,0.0,NVDA
2014-11-17 00:00:00-05:00,0.470701664686203,0.475719303180031,0.4675955088797026,0.470701664686203,158732000,0.0,0.0,NVDA
2014-11-18 00:00:00-05:00,0.47094062178367846,0.48312632849951587,0.4697459485641413,0.4819316267967224,207772000,0.0,0.0,NVDA
2014-11-19 00:00:00-05:00,0.4822916029169659,0.4837312894189523,0.47509322761463524,0.4801320731639862,240300000,0.002125,0.0,NVDA
2014-11-20 00:00:00-05:00,0.47677274596541486,0.48853010706692046,0.47533305975582807,0.4880501925945282,220968000,0.0,0.0,NVDA
2014-11-21 00:00:00-05:00,0.49236913049766257,0.49308897342595526,0.48661044427889677,0.4906895160675049,198976000,0.0,0.0,NVDA
2014-11-24 00:00:00-05:00,0.4918895026364112,0.4959685768008132,0.4899699585146723,0.4938091039657593,136004000,0.0,0.0,NVDA
2014-11-25 00:00:00-05:00,0.49284923277492515,0.49716829249286704,0.49188946079569507,0.4935690760612488,190240000,0.0,0.0,NVDA
2014-11-26 00:00:00-05:00,0.4906897426252645,0.5024471062724701,0.4904497567333117,0.501967191696167,219264000,0.0,0.0,NVDA
2014-11-28 00:00:00-05:00,0.5036467689216739,0.5060462272070413,0.4990877810171966,0.5031668543815613,124832000,0.0,0.0,NVDA
2014-12-01 00:00:00-05:00,0.501007480233694,0.5038867964163023,0.4930892606182049,0.4938091039657593,190060000,0.0,0.0,NVDA
2014-12-02 00:00:00-05:00,0.49332901289407277,0.4966882425095034,0.48877002572593764,0.49452877044677734,245952000,0.0,0.0,NVDA
2014-12-03 00:00:00-05:00,0.4969282236625912,0.5074858268720099,0.4954885374959459,0.5072458982467651,284424000,0.0,0.0,NVDA
2014-12-04 00:00:00-05:00,0.5065261819942742,0.5084457258920504,0.49932780656620984,0.5026870369911194,185332000,0.0,0.0,NVDA
2014-12-05 00:00:00-05:00,0.5029267365857107,0.5082055657114125,0.5026868080096805,0.5055661797523499,165680000,0.0,0.0,NVDA
2014-12-08 00:00:00-05:00,0.5048464962152993,0.509885341148343,0.49500867779340174,0.49908775091171265,226944000,0.0,0.0,NVDA
2014-12-09 00:00:00-05:00,0.49596849497133333,0.49860793921275587,0.4885301912173239,0.4974081814289093,239448000,0.0,0.0,NVDA
2014-12-10 00:00:00-05:00,0.49596851657480695,0.49788811767105584,0.4858908253480092,0.48637068271636963,204364000,0.0,0.0,NVDA
2014-12-11 00:00:00-05:00,0.48925001588705863,0.49260924602224143,0.4851709425503942,0.4861307144165039,135652000,0.0,0.0,NVDA
2014-12-12 00:00:00-05:00,0.4796521446687256,0.4839711751879297,0.4705341977068054,0.4710141122341156,323964000,0.0,0.0,NVDA
2014-12-15 00:00:00-05:00,0.476532899470061,0.48517099013118115,0.468134794704702,0.4695744812488556,254696000,0.0,0.0,NVDA
2014-12-16 00:00:00-05:00,0.469094510830759,0.4765328136931719,0.46405563743703054,0.46429556608200073,185308000,0.0,0.0,NVDA
2014-12-17 00:00:00-05:00,0.4736535879579748,0.4839712659658487,0.45829703529859395,0.4832514226436615,345596000,0.0,0.0,NVDA
2014-12-18 00:00:00-05:00,0.4892499738075162,0.4950086617164773,0.4806119133402783,0.4851709008216858,226156000,0.0,0.0,NVDA
2014-12-19 00:00:00-05:00,0.4885301632114435,0.49188939328148024,0.48397117542633844,0.4899698495864868,325528000,0.0,0.0,NVDA
2014-12-22 00:00:00-05:00,0.48948972347378483,0.49860769510269165,0.4878101091647908,0.49860769510269165,148976000,0.0,0.0,NVDA
2014-12-23 00:00:00-05:00,0.5024468785913857,0.5048463359703959,0.4950085206711509,0.4954884350299835,109280000,0.0,0.0,NVDA
2014-12-24 00:00:00-05:00,0.4966883778994498,0.49740822118577344,0.493089218675436,0.4935690760612488,45644000,0.0,0.0,NVDA
2014-12-26 00:00:00-05:00,0.49356906827281355,0.4966883700617925,0.49236936761960814,0.49404898285865784,52636000,0.0,0.0,NVDA
2014-12-29 00:00:00-05:00,0.49260914549750723,0.49668821800177204,0.4902096877180817,0.4933289885520935,82944000,0.0,0.0,NVDA
2014-12-30 00:00:00-05:00,0.4899699747249016,0.49236943356026386,0.4880503733320451,0.4887702167034149,112120000,0.0,0.0,NVDA
2014-12-31 00:00:00-05:00,0.48948993208047287,0.4921293761545239,0.4796521419864007,0.48109185695648193,166300000,0.0,0.0,NVDA
2015-01-02 00:00:00-05:00,0.483011394739151,0.48661061061088934,0.4753331056845062,0.483011394739151,113680000,0.0,0.0,NVDA
2015-01-05 00:00:00-05:00,0.48301148347715955,0.48445117009035155,0.47269380569275826,0.4748533070087433,197952000,0.0,0.0,NVDA
2015-01-06 00:00:00-05:00,0.4755730834134183,0.4760529693490393,0.45997660458104156,0.4604564905166626,197764000,0.0,0.0,NVDA
2015-01-07 00:00:00-05:00,0.46381566739240015,0.46789476888611964,0.4578170223766901,0.45925670862197876,321808000,0.0,0.0,NVDA
2015-01-08 00:00:00-05:00,0.4645356136001299,0.479412279423408,0.4642956563047343,0.476532906293869,283780000,0.0,0.0,NVDA
2015-01-09 00:00:00-05:00,0.4782124260402477,0.4820515701473654,0.47173386678401236,0.4784523546695709,209540000,0.0,0.0,NVDA
2015-01-12 00:00:00-05:00,0.4796521477317403,0.47989210499692775,0.46813474247491293,0.472453773021698,190732000,0.0,0.0,NVDA
2015-01-13 00:00:00-05:00,0.4760529281790926,0.48565076047667055,0.4683746680617895,0.4717338979244232,236720000,0.0,0.0,NVDA
2015-01-14 00:00:00-05:00,0.4666950192382002,0.47509312188869485,0.4654952902881295,0.4736534357070923,155260000,0.0,0.0,NVDA
2015-01-15 00:00:00-05:00,0.4770127254215444,0.47989206937104695,0.47005427988946713,0.4702942371368408,188932000,0.0,0.0,NVDA
2015-01-16 00:00:00-05:00,0.4695745046822056,0.4794122964826572,0.4681348180662067,0.4789324104785919,181512000,0.0,0.0,NVDA
2015-01-20 00:00:00-05:00,0.482291465572171,0.4849308519357792,0.4743732492737612,0.4803719222545624,140308000,0.0,0.0,NVDA
2015-01-21 00:00:00-05:00,0.47773270986130717,0.48829034560389745,0.47437345042347195,0.4870905876159668,144780000,0.0,0.0,NVDA
2015-01-22 00:00:00-05:00,0.48805007710974874,0.49692812089890487,0.48301123377610045,0.4954884350299835,159712000,0.0,0.0,NVDA
2015-01-23 00:00:00-05:00,0.49596850510641377,0.4978881061582753,0.49188943153165954,0.496928334236145,120416000,0.0,0.0,NVDA
2015-01-26 00:00:00-05:00,0.4947688579559326,0.4971683166242742,0.49164955596632787,0.4947688579559326,133240000,0.0,0.0,NVDA
2015-01-27 00:00:00-05:00,0.4870904765964548,0.48757039112376505,0.47005431178329343,0.4710141122341156,357948000,0.0,0.0,NVDA
2015-01-28 00:00:00-05:00,0.4767727585887648,0.47869233071777273,0.46309582504695557,0.463335782289505,272728000,0.0,0.0,NVDA
2015-01-29 00:00:00-05:00,0.46357573121108003,0.47725263590359923,0.46141620187828525,0.4746132493019104,235340000,0.0,0.0,NVDA
2015-01-30 00:00:00-05:00,0.471254032356879,0.476772791886786,0.45997658464155466,0.46069639921188354,298200000,0.0,0.0,NVDA
2015-02-02 00:00:00-05:00,0.4635758281321847,0.4726937760347776,0.4544578802295917,0.47077420353889465,259604000,0.0,0.0,NVDA
2015-02-03 00:00:00-05:00,0.47413335489852776,0.48301137263622196,0.4717338968297015,0.48253145813941956,183468000,0.0,0.0,NVDA
2015-02-04 00:00:00-05:00,0.48109200138688024,0.48925015030154395,0.4796522859845768,0.48373138904571533,181516000,0.0,0.0,NVDA
2015-02-05 00:00:00-05:00,0.4842112353318631,0.4918895266082322,0.4837313778818476,0.4916495978832245,140448000,0.0,0.0,NVDA
2015-02-06 00:00:00-05:00,0.49116970737354504,0.49692845471775193,0.48733056154661214,0.4894900918006897,210524000,0.0,0.0,NVDA
2015-02-09 00:00:00-05:00,0.48661060763006236,0.4904496949262722,0.4834913062961955,0.4890100657939911,273944000,0.0,0.0,NVDA
2015-02-10 00:00:00-05:00,0.4894899867692,0.5029269656764408,0.4873304569784999,0.5026870369911194,226204000,0.0,0.0,NVDA
2015-02-11 00:00:00-05:00,0.5038866795475593,0.5038866795475593,0.4959684617685787,0.49932774901390076,320832000,0.0,0.0,NVDA
2015-02-12 00:00:00-05:00,0.5278814015137714,0.5398786943920743,0.5247620996446521,0.5350797772407532,676904000,0.0,0.0,NVDA
2015-02-13 00:00:00-05:00,0.5338799994028449,0.5360395292025387,0.5257218519919162,0.5353196859359741,310084000,0.0,0.0,NVDA
2015-02-17 00:00:00-05:00,0.5343598388153991,0.5396386696251059,0.5310006088490378,0.5369992256164551,203340000,0.0,0.0,NVDA
2015-02-18 00:00:00-05:00,0.5362793453421438,0.5372391743011966,0.5298008145102874,0.5307605862617493,170948000,0.0,0.0,NVDA
2015-02-19 00:00:00-05:00,0.5374793481227408,0.5384391203120283,0.5298010561932055,0.5322005152702332,169432000,0.0,0.0,NVDA
2015-02-20 00:00:00-05:00,0.5317204696984029,0.5362794002868315,0.5278813250916236,0.5360394716262817,157752000,0.0,0.0,NVDA
2015-02-23 00:00:00-05:00,0.535799532650007,0.535799532650007,0.5290810154155954,0.5317204594612122,125008000,0.0,0.0,NVDA
2015-02-24 00:00:00-05:00,0.5337680344861672,0.5373810529708862,0.5289506382212796,0.5373810529708862,149356000,0.002125,0.0,NVDA
2015-02-25 00:00:00-05:00,0.5352132090200079,0.5376219645875311,0.530877575339832,0.5332862734794617,123820000,0.0,0.0,NVDA
2015-02-26 00:00:00-05:00,0.5337679800275863,0.5378627606921745,0.5303957570439071,0.5347314476966858,152864000,0.0,0.0,NVDA
2015-02-27 00:00:00-05:00,0.5332858914508027,0.5344902683717879,0.5294319657026436,0.5313589572906494,157492000,0.0,0.0,NVDA
2015-03-02 00:00:00-05:00,0.5299138790811867,0.5472565211798736,0.5291912642080857,0.5443660616874695,301512000,0.0,0.0,NVDA
2015-03-03 00:00:00-05:00,0.5402716173674051,0.5429211685931169,0.5325637588934564,0.5342498421669006,160344000,0.0,0.0,NVDA
2015-03-04 00:00:00-05:00,0.532322693477623,0.5414757215072913,0.530154848380643,0.5402714014053345,226840000,0.0,0.0,NVDA
2015-03-05 00:00:00-05:00,0.5402713177580932,0.5515921891319931,0.538826087917197,0.5506287217140198,323056000,0.0,0.0,NVDA
2015-03-06 00:00:00-05:00,0.5474975018751325,0.550147052078398,0.5426801065448957,0.5431618690490723,257392000,0.0,0.0,NVDA
2015-03-09 00:00:00-04:00,0.5434026636713899,0.5487018209410193,0.5421982862532521,0.5446069836616516,222388000,0.0,0.0,NVDA
2015-03-10 00:00:00-04:00,0.547015674468412,0.5576139888797653,0.546052207002255,0.5540009140968323,527212000,0.0,0.0,NVDA
2015-03-11 00:00:00-04:00,0.5540010881783846,0.561227182587002,0.5496654545043714,0.5511106848716736,262120000,0.0,0.0,NVDA
2015-03-12 00:00:00-04:00,0.5458112458126183,0.5499060247993538,0.535694695862654,0.546052098274231,406972000,0.0,0.0,NVDA
2015-03-13 00:00:00-04:00,0.5434029360389555,0.5482203332703582,0.5359359301307478,0.5467751026153564,359288000,0.0,0.0,NVDA
2015-03-16 00:00:00-04:00,0.5511107175505527,0.5566507293351183,0.5474976414180548,0.5532785058021545,236956000,0.0,0.0,NVDA
2015-03-17 00:00:00-04:00,0.552074004297407,0.5602635642743803,0.5482200768294555,0.5600227117538452,299900000,0.0,0.0,NVDA
2015-03-18 00:00:00-04:00,0.5600224865029624,0.5629128878704474,0.545811159805633,0.5508694052696228,413844000,0.0,0.0,NVDA
2015-03-19 00:00:00-04:00,0.5527967646667036,0.5612271793813235,0.548701983601332,0.5593002438545227,310756000,0.0,0.0,NVDA
2015-03-20 00:00:00-04:00,0.5638768089208767,0.568694205348645,0.5585776498791732,0.5653219819068909,462084000,0.0,0.0,NVDA
2015-03-23 00:00:00-04:00,0.548460956617132,0.5556870494433374,0.5467748740338054,0.5470157265663147,426012000,0.0,0.0,NVDA
2015-03-24 00:00:00-04:00,0.5453296774266359,0.5491836053225396,0.5371401165402682,0.5395488142967224,330480000,0.0,0.0,NVDA
2015-03-25 00:00:00-04:00,0.5393078406774597,0.5393078406774597,0.5051042598153078,0.5067903995513916,542552000,0.0,0.0,NVDA
2015-03-26 00:00:00-04:00,0.49643303857817045,0.5072721482693773,0.49281996372918385,0.5051043033599854,311920000,0.0,0.0,NVDA
2015-03-27 00:00:00-04:00,0.5079947193811918,0.5169068933354196,0.49980516033437383,0.5149799585342407,318288000,0.0,0.0,NVDA
2015-03-30 00:00:00-04:00,0.5173888704764389,0.5197975686915066,0.5106444810175121,0.5171480178833008,253252000,0.0,0.0,NVDA
2015-03-31 00:00:00-04:00,0.515702514440459,0.5161842193717064,0.503659029741299,0.5041407346725464,357276000,0.0,0.0,NVDA
2015-04-01 00:00:00-04:00,0.5060678124427795,0.5077538948436103,0.4973964905043109,0.5060678124427795,330768000,0.0,0.0,NVDA
2015-04-02 00:00:00-04:00,0.508958266467093,0.5104034965081862,0.5029365511997121,0.5072721838951111,192204000,0.0,0.0,NVDA
2015-04-06 00:00:00-04:00,0.5051043251550684,0.5236513478003699,0.4998052250517356,0.5219652652740479,515864000,0.0,0.0,NVDA
2015-04-07 00:00:00-04:00,0.5219652863937821,0.5323226919230413,0.5190748262729169,0.5265418291091919,413964000,0.0,0.0,NVDA
2015-04-08 00:00:00-04:00,0.5270235215183449,0.5323226791366854,0.5219652738562106,0.5303956866264343,366432000,0.0,0.0,NVDA
2015-04-09 00:00:00-04:00,0.5263009645906366,0.5443662270501267,0.5260601120357284,0.5426801443099976,379432000,0.0,0.0,NVDA
2015-04-10 00:00:00-04:00,0.5431618503246355,0.5484609505484904,0.5412348578022407,0.5482200980186462,258728000,0.0,0.0,NVDA
2015-04-13 00:00:00-04:00,0.5470157393709559,0.550147052078398,0.5407531139560717,0.5431618690490723,236724000,0.0,0.0,NVDA
2015-04-14 00:00:00-04:00,0.5409940626561491,0.5431619079383335,0.533286206604751,0.538585364818573,220276000,0.0,0.0,NVDA
2015-04-15 00:00:00-04:00,0.5400304614214216,0.549183487968907,0.5373808542559907,0.5450887084007263,243560000,0.0,0.0,NVDA
2015-04-16 00:00:00-04:00,0.5419577262882712,0.5465342710630012,0.537862944226426,0.5417168736457825,155284000,0.0,0.0,NVDA
2015-04-17 00:00:00-04:00,0.5303957570439071,0.5400306060185639,0.530154904483604,0.5347314476966858,293636000,0.0,0.0,NVDA
2015-04-20 00:00:00-04:00,0.5371400902349569,0.5405122554432713,0.5311183174247827,0.5320818424224854,231624000,0.0,0.0,NVDA
2015-04-21 00:00:00-04:00,0.5385850465330031,0.5385850465330031,0.528709351035623,0.5313589572906494,230456000,0.0,0.0,NVDA
2015-04-22 00:00:00-04:00,0.5344906496686896,0.5381036681534087,0.526301030076066,0.5373810529708862,207420000,0.0,0.0,NVDA
2015-04-23 00:00:00-04:00,0.5275052558800315,0.5402713580468121,0.5214834835698701,0.535213053226471,259380000,0.0,0.0,NVDA
2015-04-24 00:00:00-04:00,0.534972181256434,0.5352130337631611,0.5246147769047952,0.5306365489959717,240960000,0.0,0.0,NVDA
2015-04-27 00:00:00-04:00,0.5323227498099934,0.5441253866831521,0.5277462065969117,0.5347314476966858,248456000,0.0,0.0,NVDA
2015-04-28 00:00:00-04:00,0.5337680344861672,0.5393080459335773,0.5287097282085098,0.5373810529708862,234484000,0.0,0.0,NVDA
2015-04-29 00:00:00-04:00,0.5335271260650566,0.5388262849433991,0.531118427925427,0.5332862734794617,195156000,0.0,0.0,NVDA
2015-04-30 00:00:00-04:00,0.5306366670320976,0.5373809981436811,0.5294322893748076,0.5347314476966858,218844000,0.0,0.0,NVDA
2015-05-01 00:00:00-04:00,0.5390671203408314,0.549665437759589,0.5366584222780031,0.5479793548583984,256968000,0.0,0.0,NVDA
2015-05-04 00:00:00-04:00,0.5474974435228814,0.5511105183494188,0.5429209012185595,0.5446069836616516,200720000,0.0,0.0,NVDA
2015-05-05 00:00:00-04:00,0.54268003575045,0.5434026506985061,0.528227851645076,0.5306365489959717,292928000,0.0,0.0,NVDA
2015-05-06 00:00:00-04:00,0.533527024919577,0.5385853302533766,0.5253374642829831,0.5323227047920227,316484000,0.0,0.0,NVDA
2015-05-07 00:00:00-04:00,0.5301550853877133,0.5434029569990183,0.5284690020344773,0.5417168736457825,534564000,0.0,0.0,NVDA
2015-05-08 00:00:00-04:00,0.5060678606782423,0.5260600563151863,0.49354261030352253,0.5017321705818176,1146552000,0.0,0.0,NVDA
2015-05-11 00:00:00-04:00,0.4947467511028481,0.501972898645102,0.49089288231745853,0.4969145953655243,544144000,0.0,0.0,NVDA
2015-05-12 00:00:00-04:00,0.49330175777412566,0.5058269507209652,0.4930608478168486,0.5017321705818176,388800000,0.0,0.0,NVDA
2015-05-13 00:00:00-04:00,0.5053451935624818,0.5091991207749033,0.49980518396235235,0.5046225786209106,308524000,0.0,0.0,NVDA
2015-05-14 00:00:00-04:00,0.5060679257003508,0.5154618646883702,0.5048635480428617,0.5128122568130493,293052000,0.0,0.0,NVDA
2015-05-15 00:00:00-04:00,0.514980114170766,0.5173888121141286,0.5099218657180712,0.5130531787872314,215824000,0.0,0.0,NVDA
2015-05-18 00:00:00-04:00,0.5118487695438494,0.5154618449500755,0.5094400717489938,0.5123305320739746,324972000,0.0,0.0,NVDA
2015-05-19 00:00:00-04:00,0.5130079081098828,0.5147018525464316,0.508168215217804,0.5091361999511719,253808000,0.00245,0.0,NVDA
2015-05-20 00:00:00-04:00,0.5093781672876687,0.5154278122496124,0.5086522075844879,0.5091361999511719,196824000,0.0,0.0,NVDA
2015-05-21 00:00:00-04:00,0.5093782221678282,0.5115561015120145,0.5050224634794559,0.5055064558982849,239692000,0.0,0.0,NVDA
2015-05-22 00:00:00-04:00,0.5067163233782216,0.5086521773424805,0.5035705174160358,0.5047804117202759,212592000,0.0,0.0,NVDA
2015-05-26 00:00:00-04:00,0.5023606171176948,0.5057483907506383,0.4977628913623043,0.5016346573829651,259732000,0.0,0.0,NVDA
2015-05-27 00:00:00-04:00,0.5050224493889142,0.5309148603530734,0.5033285625108178,0.5284950137138367,432332000,0.0,0.0,NVDA
2015-05-28 00:00:00-04:00,0.5284951977919363,0.5374486277062773,0.5275272703378455,0.5357547402381897,327656000,0.0,0.0,NVDA
2015-05-29 00:00:00-04:00,0.535754355018647,0.5391421275189369,0.5347864282605175,0.535512387752533,335168000,0.0,0.0,NVDA
2015-06-01 00:00:00-04:00,0.5389004447835656,0.546885945718278,0.5355126704945854,0.5415622591972351,372660000,0.0,0.0,NVDA
2015-06-02 00:00:00-04:00,0.5381746244426153,0.5410784646967461,0.5304310888940791,0.5309150815010071,224304000,0.0,0.0,NVDA
2015-06-03 00:00:00-04:00,0.5323666234899883,0.5364803557988919,0.5241391011785033,0.5251070857048035,250788000,0.0,0.0,NVDA
2015-06-04 00:00:00-04:00,0.5219615960354298,0.53623871295927,0.5219615960354298,0.534544825553894,323712000,0.0,0.0,NVDA
2015-06-05 00:00:00-04:00,0.5328507025504876,0.541078227092998,0.5272850496365953,0.5386583805084229,313320000,0.0,0.0,NVDA
2015-06-08 00:00:00-04:00,0.5369647339077113,0.5405944765616817,0.5202677676957773,0.5263173580169678,342812000,0.0,0.0,NVDA
2015-06-09 00:00:00-04:00,0.5268011241570654,0.5328507118775492,0.5258331970450313,0.5289790034294128,256888000,0.0,0.0,NVDA
2015-06-10 00:00:00-04:00,0.5226875477472918,0.5260753225044079,0.5166379005149742,0.5195417404174805,529460000,0.0,0.0,NVDA
2015-06-11 00:00:00-04:00,0.5195414343001273,0.5287368257505569,0.5195414343001273,0.5251070857048035,283052000,0.0,0.0,NVDA
2015-06-12 00:00:00-04:00,0.5217195675134491,0.5248653748725814,0.5096203306297522,0.510830283164978,323728000,0.0,0.0,NVDA
2015-06-15 00:00:00-04:00,0.5081681805987429,0.5122819712010782,0.5042964727037929,0.5098621249198914,306548000,0.0,0.0,NVDA
2015-06-16 00:00:00-04:00,0.5088942129235651,0.5168797125611957,0.5038125523155073,0.5161537528038025,256892000,0.0,0.0,NVDA
2015-06-17 00:00:00-04:00,0.5159118320974116,0.525107284726705,0.5147019375214887,0.5222034454345703,233544000,0.0,0.0,NVDA
2015-06-18 00:00:00-04:00,0.5265593788135297,0.5343028566683472,0.5251074586864642,0.5309150815010071,299404000,0.0,0.0,NVDA
2015-06-19 00:00:00-04:00,0.5309146460630245,0.5352703451781069,0.5243810685435651,0.5292207598686218,355656000,0.0,0.0,NVDA
2015-06-22 00:00:00-04:00,0.5301890905129361,0.5330929305976935,0.5190577804463198,0.5270432829856873,514236000,0.0,0.0,NVDA
2015-06-23 00:00:00-04:00,0.5280110693381939,0.5321248032297262,0.5093782542905355,0.5134919881820679,414064000,0.0,0.0,NVDA
2015-06-24 00:00:00-04:00,0.5127659758054277,0.5154278474635126,0.5059904283710897,0.5084102749824524,253368000,0.0,0.0,NVDA
2015-06-25 00:00:00-04:00,0.5084102479818298,0.5154278200902012,0.5084102479818298,0.5122820138931274,350460000,0.0,0.0,NVDA
2015-06-26 00:00:00-04:00,0.5081683255093542,0.5086523179810827,0.49969888995687667,0.501876711845398,421296000,0.0,0.0,NVDA
2015-06-29 00:00:00-04:00,0.49606896009751067,0.5011506777852911,0.48614760743465674,0.4868735671043396,391724000,0.0,0.0,NVDA
2015-06-30 00:00:00-04:00,0.48977737844559077,0.4919552575896236,0.4832437987071834,0.4866315722465515,315916000,0.0,0.0,NVDA
2015-07-01 00:00:00-04:00,0.4987310235583369,0.5057485402455537,0.4892936019109229,0.49364930391311646,302892000,0.0,0.0,NVDA
2015-07-02 00:00:00-04:00,0.4934071848908211,0.4972789508663083,0.4909873383678531,0.4941331446170807,145764000,0.0,0.0,NVDA
2015-07-06 00:00:00-04:00,0.49001942347365174,0.49679497082884755,0.48445377056315797,0.48808351159095764,214776000,0.0,0.0,NVDA
2015-07-07 00:00:00-04:00,0.48517976619453396,0.48711562052672314,0.4636430838570166,0.4788881242275238,594252000,0.0,0.0,NVDA
2015-07-08 00:00:00-04:00,0.47622642441164825,0.4791302354538173,0.47162869715192957,0.4755004644393921,332492000,0.0,0.0,NVDA
2015-07-09 00:00:00-04:00,0.48300189327858895,0.4851797727017848,0.46678889667768897,0.4696927070617676,357588000,0.0,0.0,NVDA
2015-07-10 00:00:00-04:00,0.4757422953070703,0.48227590433509343,0.4745323719828953,0.47792017459869385,216708000,0.0,0.0,NVDA
2015-07-13 00:00:00-04:00,0.4827598455443783,0.4837277726201658,0.4779201524717483,0.481065958738327,212472000,0.0,0.0,NVDA
2015-07-14 00:00:00-04:00,0.4817919161762298,0.4822758797118209,0.4750163401374167,0.4813079237937927,249216000,0.0,0.0,NVDA
2015-07-15 00:00:00-04:00,0.4800980250434699,0.48324383145569444,0.47356444486229426,0.47792017459869385,265732000,0.0,0.0,NVDA
2015-07-16 00:00:00-04:00,0.48082399853556895,0.4885675311088562,0.47913011160273045,0.4885675311088562,282848000,0.0,0.0,NVDA
2015-07-17 00:00:00-04:00,0.48687360452707895,0.4873575392149394,0.47937203992832256,0.48566365242004395,220372000,0.0,0.0,NVDA
2015-07-20 00:00:00-04:00,0.4856636565441349,0.48759956839309165,0.47550030684161254,0.4767102301120758,188412000,0.0,0.0,NVDA
2015-07-21 00:00:00-04:00,0.4757423176674431,0.4856637009307324,0.4757423176674431,0.4788881242275238,149720000,0.0,0.0,NVDA
2015-07-22 00:00:00-04:00,0.47550035667677404,0.47550035667677404,0.4638850862936103,0.4696927070617676,356472000,0.0,0.0,NVDA
2015-07-23 00:00:00-04:00,0.4706607697534918,0.4825180101952051,0.4696928135081983,0.4755004644393921,169916000,0.0,0.0,NVDA
2015-07-24 00:00:00-04:00,0.4788882203744589,0.47937218405467213,0.46799890775881525,0.4699347913265228,188844000,0.0,0.0,NVDA
2015-07-27 00:00:00-04:00,0.46582098773328606,0.4725965652121911,0.46194924977880614,0.46727290749549866,192420000,0.0,0.0,NVDA
2015-07-28 00:00:00-04:00,0.46848284667097373,0.4805820822709075,0.46364315243100024,0.4774363040924072,198308000,0.0,0.0,NVDA
2015-07-29 00:00:00-04:00,0.4764683349379285,0.48711567928351546,0.47453245152538065,0.4832439124584198,232680000,0.0,0.0,NVDA
2015-07-30 00:00:00-04:00,0.48203383281632084,0.48929340047395004,0.48203383281632084,0.4844537079334259,190180000,0.0,0.0,NVDA
2015-07-31 00:00:00-04:00,0.48638972315415496,0.48663169055330935,0.47985614182734543,0.482759952545166,218340000,0.0,0.0,NVDA
2015-08-03 00:00:00-04:00,0.48663154284787974,0.49147123552422467,0.48033995967673754,0.49098730087280273,397132000,0.0,0.0,NVDA
2015-08-04 00:00:00-04:00,0.4892934887195995,0.49437514949553785,0.4873575767380303,0.49292322993278503,260100000,0.0,0.0,NVDA
2015-08-05 00:00:00-04:00,0.5050225185664995,0.5055065110381217,0.49703701779380094,0.4980050027370453,234628000,0.0,0.0,NVDA
2015-08-06 00:00:00-04:00,0.49679483383400774,0.5004246315545573,0.48663145791014645,0.494858980178833,655676000,0.0,0.0,NVDA
2015-08-07 00:00:00-04:00,0.5434978950185896,0.5655184743914967,0.5294627548254778,0.5560811161994934,1405248000,0.0,0.0,NVDA
2015-08-10 00:00:00-04:00,0.5522095685275156,0.5795538424657566,0.5488217369357066,0.5754401087760925,662304000,0.0,0.0,NVDA
2015-08-11 00:00:00-04:00,0.5669705771987131,0.5781018829758474,0.5669705771987131,0.5725362300872803,435008000,0.0,0.0,NVDA
2015-08-12 00:00:00-04:00,0.5633408264288188,0.578101872963809,0.5633408264288188,0.573988139629364,384048000,0.0,0.0,NVDA
2015-08-13 00:00:00-04:00,0.5747140738325168,0.5759240258914511,0.5676965018942914,0.5691484212875366,276884000,0.0,0.0,NVDA
2015-08-14 00:00:00-04:00,0.5686644262829872,0.5730201844424843,0.5652766528436157,0.5696324110031128,214652000,0.0,0.0,NVDA
2015-08-17 00:00:00-04:00,0.5686647204920655,0.5686647204920655,0.558985329832515,0.5660029053688049,273880000,0.0,0.0,NVDA
2015-08-18 00:00:00-04:00,0.5642532451283108,0.5681413028863215,0.5564771296122895,0.5608512163162231,287084000,0.00245,0.0,NVDA
2015-08-19 00:00:00-04:00,0.5601219328679964,0.566440016448458,0.5525888064744783,0.5586639046669006,249248000,0.0,0.0,NVDA
2015-08-20 00:00:00-04:00,0.5523459814214221,0.5550189952750667,0.5358217535730676,0.5384948253631592,426932000,0.0,0.0,NVDA
2015-08-21 00:00:00-04:00,0.5346067780773429,0.5435978775091638,0.5212415926928862,0.5217276215553284,382664000,0.0,0.0,NVDA
2015-08-24 00:00:00-04:00,0.49256724834834303,0.5304757635264796,0.48600617700949666,0.5032594203948975,682284000,0.0,0.0,NVDA
2015-08-25 00:00:00-04:00,0.5253725859718261,0.5273166433028155,0.4928102195262909,0.4928102195262909,622684000,0.0,0.0,NVDA
2015-08-26 00:00:00-04:00,0.5088481911196037,0.5304754499684575,0.5049601361223556,0.5299894213676453,614976000,0.0,0.0,NVDA
2015-08-27 00:00:00-04:00,0.5355789581857581,0.550159133730536,0.5324199143574094,0.54991614818573,463764000,0.0,0.0,NVDA
2015-08-28 00:00:00-04:00,0.549915903354423,0.5557479593885165,0.5460278466862134,0.5523459315299988,320944000,0.0,0.0,NVDA
2015-08-31 00:00:00-04:00,0.5496726933067538,0.5535607483861996,0.544083624993129,0.5462706089019775,219352000,0.0,0.0,NVDA
2015-09-01 00:00:00-04:00,0.5304757644683742,0.5394668643907743,0.5200266358155413,0.523914635181427,353408000,0.0,0.0,NVDA
2015-09-02 00:00:00-04:00,0.5382517183855177,0.5399527322674856,0.5292606201794986,0.539709746837616,344044000,0.0,0.0,NVDA
2015-09-03 00:00:00-04:00,0.5477288056757721,0.5504018769562934,0.5401957364680208,0.5411677360534668,262556000,0.0,0.0,NVDA
2015-09-04 00:00:00-04:00,0.5319337587385378,0.5404388880837903,0.5282887446880394,0.5285317301750183,287972000,0.0,0.0,NVDA
2015-09-08 00:00:00-04:00,0.5414106609952756,0.5533178139122713,0.5392236766563966,0.5511307716369629,238448000,0.0,0.0,NVDA
2015-09-09 00:00:00-04:00,0.5528318101566374,0.5574488218804584,0.5389806011758964,0.540195643901825,289392000,0.0,0.0,NVDA
2015-09-10 00:00:00-04:00,0.5370366984908811,0.5555049225020527,0.5346066705403699,0.5487008094787598,357076000,0.0,0.0,NVDA
2015-09-11 00:00:00-04:00,0.5426257540281962,0.5540468792958658,0.5404387115504187,0.5504018664360046,301584000,0.0,0.0,NVDA
2015-09-14 00:00:00-04:00,0.5530749725994013,0.5547759866111561,0.5484579014609556,0.5513739585876465,192460000,0.0,0.0,NVDA
2015-09-15 00:00:00-04:00,0.5516168090929244,0.5603649203964844,0.549915795497292,0.5574488639831543,327976000,0.0,0.0,NVDA
2015-09-16 00:00:00-04:00,0.5564768790414881,0.5644959764513973,0.5523458376388731,0.5613369345664978,173508000,0.0,0.0,NVDA
2015-09-17 00:00:00-04:00,0.5710569980375222,0.5761600964691076,0.5652249434807087,0.5664399862289429,268712000,0.0,0.0,NVDA
2015-09-18 00:00:00-04:00,0.5586643578104209,0.5708145061140569,0.5552623278726982,0.5659544467926025,326412000,0.0,0.0,NVDA
2015-09-21 00:00:00-04:00,0.5666831824482386,0.5730012680423834,0.5637671251166491,0.5717862248420715,281840000,0.0,0.0,NVDA
2015-09-22 00:00:00-04:00,0.5593929247279441,0.5632809806601511,0.5533178264707898,0.5562338829040527,228356000,0.0,0.0,NVDA
2015-09-23 00:00:00-04:00,0.556719870412989,0.5623089401203898,0.5545328859587605,0.5589069128036499,161632000,0.0,0.0,NVDA
2015-09-24 00:00:00-04:00,0.5555047795495397,0.5754310267905238,0.5467566695916339,0.5695989727973938,382440000,0.0,0.0,NVDA
2015-09-25 00:00:00-04:00,0.5766460497392866,0.5849081895421165,0.5681409825051715,0.5737300515174866,369692000,0.0,0.0,NVDA
2015-09-28 00:00:00-04:00,0.573730164949484,0.5773751779314947,0.5625520247148277,0.5661970376968384,395584000,0.0,0.0,NVDA
2015-09-29 00:00:00-04:00,0.572272254563144,0.5771323114987438,0.5642531548257593,0.5761603116989136,380736000,0.0,0.0,NVDA
2015-09-30 00:00:00-04:00,0.5815061391839241,0.5997313753803799,0.5781041120886049,0.5990023612976074,556380000,0.0,0.0,NVDA
2015-10-01 00:00:00-04:00,0.5990026216976031,0.6007036359847322,0.5703282484312471,0.5873385071754456,489296000,0.0,0.0,NVDA
2015-10-02 00:00:00-04:00,0.5841793757439437,0.602647602558136,0.5781042759773977,0.602647602558136,386144000,0.0,0.0,NVDA
2015-10-05 00:00:00-04:00,0.6065357840698884,0.6252470001793229,0.6033767408120863,0.6177139282226562,482024000,0.0,0.0,NVDA
2015-10-06 00:00:00-04:00,0.6111526706234381,0.6284058526153288,0.6087226425427589,0.6257328391075134,453216000,0.0,0.0,NVDA
2015-10-07 00:00:00-04:00,0.6271907203853524,0.6386118438911608,0.6169845816665918,0.6322937607765198,310152000,0.0,0.0,NVDA
2015-10-08 00:00:00-04:00,0.6296207991983109,0.6376398964300823,0.618928630931662,0.6359388828277588,460068000,0.0,0.0,NVDA
2015-10-09 00:00:00-04:00,0.6325371607023574,0.638612262428408,0.6216020587065159,0.6335092186927795,423248000,0.0,0.0,NVDA
2015-10-12 00:00:00-04:00,0.634237929913467,0.6439581005020011,0.6296209169592318,0.6403130292892456,227588000,0.0,0.0,NVDA
2015-10-13 00:00:00-04:00,0.6352100442027736,0.6454161286362172,0.6330230012799872,0.6415281295776367,298444000,0.0,0.0,NVDA
2015-10-14 00:00:00-04:00,0.642257047938672,0.6753055014723021,0.6415280916106643,0.6648563742637634,612148000,0.0,0.0,NVDA
2015-10-15 00:00:00-04:00,0.6660714023678831,0.6801656018075981,0.6592673460428116,0.6665574312210083,526048000,0.0,0.0,NVDA
2015-10-16 00:00:00-04:00,0.6687443990578051,0.6833245677768979,0.6670433272311146,0.6770064830780029,448396000,0.0,0.0,NVDA
2015-10-19 00:00:00-04:00,0.6791937078371233,0.6823527510334102,0.6680155639020244,0.6757916212081909,294712000,0.0,0.0,NVDA
2015-10-20 00:00:00-04:00,0.6728754700468785,0.6779785119374034,0.6677723702199108,0.6748194694519043,264824000,0.0,0.0,NVDA
2015-10-21 00:00:00-04:00,0.6789503284372342,0.6830814274469854,0.6648561917127422,0.6660711765289307,386280000,0.0,0.0,NVDA
2015-10-22 00:00:00-04:00,0.6738473254069531,0.6923155475444577,0.6728753259126488,0.69012850522995,306884000,0.0,0.0,NVDA
2015-10-23 00:00:00-04:00,0.6962038076748294,0.69936285041028,0.6857546796890573,0.6947457790374756,381776000,0.0,0.0,NVDA
2015-10-26 00:00:00-04:00,0.6952318643584423,0.6969328785946866,0.685268706485002,0.6915867924690247,247436000,0.0,0.0,NVDA
2015-10-27 00:00:00-04:00,0.6881847188751854,0.6954748042395887,0.6876986900096459,0.6911007761955261,208268000,0.0,0.0,NVDA
2015-10-28 00:00:00-04:00,0.6954747414409139,0.696689784526825,0.6852685996777449,0.696689784526825,217036000,0.0,0.0,NVDA
2015-10-29 00:00:00-04:00,0.6855117911958898,0.6925588340458446,0.671417589623069,0.6726325750350952,327168000,0.0,0.0,NVDA
2015-10-30 00:00:00-04:00,0.6799225898271706,0.6942597741659668,0.6748194898459793,0.6893996596336365,301160000,0.0,0.0,NVDA
2015-11-02 00:00:00-05:00,0.6915865157652824,0.6981475846046987,0.6874554745677399,0.6974185705184937,190088000,0.0,0.0,NVDA
2015-11-03 00:00:00-05:00,0.6932874814239929,0.6971755369696637,0.6847824142332364,0.6925584673881531,376768000,0.0,0.0,NVDA
2015-11-04 00:00:00-05:00,0.690614689357209,0.6957177313029884,0.6779785192783913,0.6811375617980957,442264000,0.0,0.0,NVDA
2015-11-05 00:00:00-05:00,0.6845395617144487,0.6864836189973138,0.6714174212849848,0.6733614206314087,478800000,0.0,0.0,NVDA
2015-11-06 00:00:00-05:00,0.7399443270196026,0.7761517653592531,0.7246351432367019,0.7666746377944946,1172272000,0.0,0.0,NVDA
2015-11-09 00:00:00-05:00,0.7591416006740759,0.7654596859925676,0.7525804719642564,0.7632726430892944,492568000,0.0,0.0,NVDA
2015-11-10 00:00:00-05:00,0.7533093461645809,0.757440445747942,0.7326541379299516,0.7486923336982727,552260000,0.0,0.0,NVDA
2015-11-11 00:00:00-05:00,0.7491783833708603,0.7545244685018035,0.7387292564806814,0.7414023280143738,619896000,0.0,0.0,NVDA
2015-11-12 00:00:00-05:00,0.7397011187978505,0.746505231149769,0.7355700774832428,0.7387291193008423,291080000,0.0,0.0,NVDA
2015-11-13 00:00:00-05:00,0.739458291578981,0.7426173340723046,0.7205040366190391,0.7241491079330444,292940000,0.0,0.0,NVDA
2015-11-16 00:00:00-05:00,0.7336260784892263,0.7392151480175617,0.727793965634316,0.7387291193008423,344280000,0.0,0.0,NVDA
2015-11-17 00:00:00-05:00,0.7406731762312893,0.7450472029360414,0.7355700774832428,0.7387291193008423,257048000,0.0,0.0,NVDA
2015-11-18 00:00:00-05:00,0.7417782157252268,0.7578773704618018,0.7337286674351562,0.7569016218185425,350216000,0.002875,0.0,NVDA
2015-11-19 00:00:00-05:00,0.7595849140666029,0.7666587143719514,0.753486746182473,0.7590970396995544,254072000,0.0,0.0,NVDA
2015-11-20 00:00:00-05:00,0.7647073047779935,0.7700736899902001,0.7600727020109259,0.7656829953193665,239744000,0.0,0.0,NVDA
2015-11-23 00:00:00-05:00,0.7720249065930498,0.7720249065930498,0.7515351769638069,0.754218339920044,242552000,0.0,0.0,NVDA
2015-11-24 00:00:00-05:00,0.7542186205233136,0.7669027740471909,0.7508036740073301,0.760316789150238,195428000,0.0,0.0,NVDA
2015-11-25 00:00:00-05:00,0.7588533043982161,0.7678785460705224,0.7566579564812382,0.7593411207199097,138300000,0.0,0.0,NVDA
2015-11-27 00:00:00-05:00,0.7608044844560649,0.7681222507510173,0.7569016641341362,0.7656829953193665,86996000,0.0,0.0,NVDA
2015-11-30 00:00:00-05:00,0.7664148947886232,0.7771476668518265,0.7656831122317482,0.7737326622009277,327244000,0.0,0.0,NVDA
2015-12-01 00:00:00-05:00,0.7805627027574459,0.7995889351027041,0.7798309201167473,0.7988571524620056,409496000,0.0,0.0,NVDA
2015-12-02 00:00:00-05:00,0.8000765290530973,0.80836998580067,0.7910512898682169,0.7927587628364563,294240000,0.0,0.0,NVDA
2015-12-03 00:00:00-05:00,0.7991010578595455,0.8073945168835082,0.7871486856447453,0.7910515069961548,246656000,0.0,0.0,NVDA
2015-12-04 00:00:00-05:00,0.791051322910587,0.8247130838070562,0.791051322910587,0.8232495188713074,458756000,0.0,0.0,NVDA
2015-12-07 00:00:00-05:00,0.8230057851263315,0.8230057851263315,0.8051992103339782,0.8076384663581848,333588000,0.0,0.0,NVDA
2015-12-08 00:00:00-05:00,0.7976373496002727,0.8220299059784539,0.7925149302077871,0.8186149597167969,314488000,0.0,0.0,NVDA
2015-12-09 00:00:00-05:00,0.8183711614557039,0.8232496733862174,0.7895879061718047,0.7978813648223877,372676000,0.0,0.0,NVDA
2015-12-10 00:00:00-05:00,0.8003204148183798,0.8088578375778248,0.7976372513940672,0.8044672012329102,236596000,0.0,0.0,NVDA
2015-12-11 00:00:00-05:00,0.7964176210410161,0.8020279139091466,0.7908073281728855,0.7925148010253906,227320000,0.0,0.0,NVDA
2015-12-14 00:00:00-05:00,0.7932465989249532,0.7988568919027924,0.7849530844209082,0.7944661974906921,275892000,0.0,0.0,NVDA
2015-12-15 00:00:00-05:00,0.8034915165513291,0.8098335925650916,0.7991008798568069,0.8042232990264893,307296000,0.0,0.0,NVDA
2015-12-16 00:00:00-05:00,0.8059306632042921,0.8117849222146815,0.7988568638274571,0.8091017007827759,236356000,0.0,0.0,NVDA
2015-12-17 00:00:00-05:00,0.8103215124388473,0.8186149700811426,0.7964177609428951,0.7969055771827698,254160000,0.0,0.0,NVDA
2015-12-18 00:00:00-05:00,0.7912952754784234,0.7993448249209193,0.7830018179184101,0.7839775085449219,395896000,0.0,0.0,NVDA
2015-12-21 00:00:00-05:00,0.7925149925224136,0.8032477065414272,0.7854411331695983,0.8025159239768982,284216000,0.0,0.0,NVDA
2015-12-22 00:00:00-05:00,0.8049551634311556,0.8112972400904239,0.7983691786408217,0.8032476902008057,130012000,0.0,0.0,NVDA
2015-12-23 00:00:00-05:00,0.80446709773256,0.809589515835331,0.8030035330870747,0.8064184784889221,122524000,0.0,0.0,NVDA
2015-12-24 00:00:00-05:00,0.8039792823051165,0.8110531398383828,0.8027596256258083,0.8091017007827759,52448000,0.0,0.0,NVDA
2015-12-28 00:00:00-05:00,0.8005643526497681,0.8083699345588684,0.7893437668642268,0.8083699345588684,142024000,0.0,0.0,NVDA
2015-12-29 00:00:00-05:00,0.8088578730388026,0.8239812800568593,0.8066625256918822,0.8215420246124268,203660000,0.0,0.0,NVDA
2015-12-30 00:00:00-05:00,0.820810160924953,0.8278840184606137,0.814224177692467,0.8144680857658386,180344000,0.0,0.0,NVDA
2015-12-31 00:00:00-05:00,0.8132486630943279,0.816907517611796,0.8039794564247131,0.8039794564247131,148528000,0.0,0.0,NVDA
2016-01-04 00:00:00-05:00,0.7876364739550524,0.7947102750893791,0.7815383053562789,0.7895878553390503,358076000,0.0,0.0,NVDA
2016-01-05 00:00:00-05:00,0.8044673097125422,0.8156878974093572,0.7927588476198664,0.8022719621658325,490272000,0.0,0.0,NVDA
2016-01-06 00:00:00-05:00,0.7890995984576815,0.7927585094748508,0.7600724509616703,0.7690977454185486,449344000,0.0,0.0,NVDA
2016-01-07 00:00:00-05:00,0.7498279370385001,0.7549504150501084,0.7288503250272015,0.7386074066162109,645304000,0.0,0.0,NVDA
2016-01-08 00:00:00-05:00,0.7481202776467782,0.7488520600378228,0.7212884698820651,0.722752034664154,398472000,0.0,0.0,NVDA
2016-01-11 00:00:00-05:00,0.7234839082922674,0.7290942018934896,0.7110436642321294,0.7239717245101929,409372000,0.0,0.0,NVDA
2016-01-12 00:00:00-05:00,0.7368999287597227,0.7469009192148522,0.7310457259057757,0.7361681461334229,469356000,0.0,0.0,NVDA
2016-01-13 00:00:00-05:00,0.7417783496530301,0.7466569192808498,0.7129951552344928,0.7137269377708435,481672000,0.0,0.0,NVDA
2016-01-14 00:00:00-05:00,0.6990912512256063,0.7073847661372521,0.678601517431431,0.6993352174758911,600236000,0.0,0.0,NVDA
2016-01-15 00:00:00-05:00,0.6712838263924773,0.6793333759553956,0.649818341505881,0.6612828373908997,841452000,0.0,0.0,NVDA
2016-01-19 00:00:00-05:00,0.6749427403945292,0.6939689712790597,0.663966059783231,0.6666492819786072,457140000,0.0,0.0,NVDA
2016-01-20 00:00:00-05:00,0.6539650468341219,0.6788454771482242,0.6451837150670011,0.6703080534934998,481180000,0.0,0.0,NVDA
2016-01-21 00:00:00-05:00,0.6776257636079273,0.688602382839539,0.6637219567413585,0.678113579750061,481456000,0.0,0.0,NVDA
2016-01-22 00:00:00-05:00,0.6910415246804519,0.6986032552076205,0.6895779601812307,0.693968653678894,257996000,0.0,0.0,NVDA
2016-01-25 00:00:00-05:00,0.6937251195643661,0.7017746704923536,0.6917736797947752,0.6932372450828552,270728000,0.0,0.0,NVDA
2016-01-26 00:00:00-05:00,0.69470059722726,0.7029940537732303,0.6876267392761982,0.7000669240951538,227944000,0.0,0.0,NVDA
2016-01-27 00:00:00-05:00,0.699091240325746,0.701286587605462,0.6786015068510357,0.6917734742164612,231700000,0.0,0.0,NVDA
2016-01-28 00:00:00-05:00,0.6973839400014069,0.6998231959749415,0.6707960324429455,0.6842119693756104,276776000,0.0,0.0,NVDA
2016-01-29 00:00:00-05:00,0.6900661452092647,0.7159222691531697,0.6873829811897955,0.714458703994751,310504000,0.0,0.0,NVDA
2016-02-01 00:00:00-05:00,0.7137269750918113,0.7183615205224486,0.7076288063554952,0.7147026658058167,289884000,0.0,0.0,NVDA
2016-02-02 00:00:00-05:00,0.7073848008565312,0.7110436550695837,0.6795772413177124,0.6844557523727417,341908000,0.0,0.0,NVDA
2016-02-03 00:00:00-05:00,0.6898219412317385,0.6939686686312635,0.6720153751392015,0.6878705024719238,326772000,0.0,0.0,NVDA
2016-02-04 00:00:00-05:00,0.6888465463954466,0.7037260492213413,0.6812848699799607,0.6881148219108582,348140000,0.0,0.0,NVDA
2016-02-05 00:00:00-05:00,0.6834801830024253,0.691041859031788,0.6427445561280174,0.6446959376335144,600428000,0.0,0.0,NVDA
2016-02-08 00:00:00-05:00,0.63493874087329,0.6381097785734563,0.6061554934891454,0.6151807904243469,608852000,0.0,0.0,NVDA
2016-02-09 00:00:00-05:00,0.6078629972968846,0.6476228626520985,0.6049358678105401,0.6217667460441589,425372000,0.0,0.0,NVDA
2016-02-10 00:00:00-05:00,0.6256697187891561,0.6437201999464984,0.6168883863417761,0.6203033328056335,335800000,0.0,0.0,NVDA
2016-02-11 00:00:00-05:00,0.6044481525297221,0.623474382883546,0.6044481525297221,0.617132306098938,340144000,0.0,0.0,NVDA
2016-02-12 00:00:00-05:00,0.626889093546645,0.6288405323688495,0.6037161428192779,0.6276208758354187,340816000,0.0,0.0,NVDA
2016-02-16 00:00:00-05:00,0.6366461467813636,0.6593312826174911,0.6346947660126179,0.6583555340766907,485352000,0.0,0.0,NVDA
2016-02-17 00:00:00-05:00,0.6666492205151507,0.6810408464230201,0.6639659985671612,0.6746987700462341,771468000,0.0,0.0,NVDA
2016-02-18 00:00:00-05:00,0.7300699341898357,0.7556821481000559,0.7293381516647057,0.7327530980110168,1068660000,0.0,0.0,NVDA
2016-02-19 00:00:00-05:00,0.7288501790321875,0.7490960625714203,0.7232398858666098,0.7425100207328796,525628000,0.0,0.0,NVDA
2016-02-22 00:00:00-05:00,0.7532428575159879,0.7773915052575247,0.7517792925335116,0.7688540816307068,449668000,0.0,0.0,NVDA
2016-02-23 00:00:00-05:00,0.7627560472611851,0.7781233647857234,0.7590971344427491,0.7708055973052979,369380000,0.0,0.0,NVDA
2016-02-24 00:00:00-05:00,0.767634674294189,0.7773916990679535,0.7464130930704418,0.7761720418930054,336852000,0.0,0.0,NVDA
2016-02-25 00:00:00-05:00,0.7790989545669498,0.7817821181819499,0.7639755471371228,0.7778792977333069,349616000,0.0,0.0,NVDA
2016-02-26 00:00:00-05:00,0.7815382059856678,0.7834895871215525,0.7649512337048942,0.7727568745613098,361964000,0.0,0.0,NVDA
2016-02-29 00:00:00-05:00,0.7738584885336195,0.7838958540150575,0.7672485104489347,0.7677381038665771,323344000,0.002875,0.0,NVDA
2016-03-01 00:00:00-05:00,0.7696967031549656,0.8017674088478088,0.7684726027938975,0.8017674088478088,348700000,0.0,0.0,NVDA
2016-03-02 00:00:00-05:00,0.7973605974005719,0.8093565106365849,0.79589170053603,0.8064187169075012,233812000,0.0,0.0,NVDA
2016-03-03 00:00:00-05:00,0.8054396540403337,0.8088670419209336,0.7885474530123908,0.799319326877594,302004000,0.0,0.0,NVDA
2016-03-04 00:00:00-05:00,0.805439715260151,0.8061741639144353,0.7907508589111193,0.7968712449073792,175304000,0.0,0.0,NVDA
2016-03-07 00:00:00-05:00,0.7924644352127702,0.7978503717543366,0.781447765404031,0.7917299866676331,239968000,0.0,0.0,NVDA
2016-03-08 00:00:00-05:00,0.7836511153418237,0.7883026033637904,0.7748377911201093,0.7772859334945679,274940000,0.0,0.0,NVDA
2016-03-09 00:00:00-05:00,0.784140768074284,0.785364810078775,0.7667589163376284,0.7767963409423828,222788000,0.0,0.0,NVDA
2016-03-10 00:00:00-05:00,0.7814477703828444,0.7858544616817434,0.7599041408159546,0.7755722403526306,286084000,0.0,0.0,NVDA
2016-03-11 00:00:00-05:00,0.7870786775445391,0.7890372268994487,0.7777757578057953,0.7887923717498779,277400000,0.0,0.0,NVDA
2016-03-14 00:00:00-04:00,0.7851199495072301,0.7939332730224942,0.7814477070557394,0.7907506823539734,190312000,0.0,0.0,NVDA
2016-03-15 00:00:00-04:00,0.7865890855501206,0.7917301681763859,0.7728794735117489,0.7868338823318481,226216000,0.0,0.0,NVDA
2016-03-16 00:00:00-04:00,0.7809582238766793,0.8130289317961324,0.7772859809068358,0.8103359341621399,363644000,0.0,0.0,NVDA
2016-03-17 00:00:00-04:00,0.8073982612167032,0.8113152428660443,0.7924645497973661,0.8034812211990356,353680000,0.0,0.0,NVDA
2016-03-18 00:00:00-04:00,0.8130288089345932,0.8384894756608178,0.8078876695537199,0.827717661857605,545512000,0.0,0.0,NVDA
2016-03-21 00:00:00-04:00,0.8203731759223998,0.8304105405149628,0.8115598531338599,0.8301657438278198,337780000,0.0,0.0,NVDA
2016-03-22 00:00:00-04:00,0.82747304322438,0.8345726161405068,0.8184148627743931,0.8286970853805542,242012000,0.0,0.0,NVDA
2016-03-23 00:00:00-04:00,0.8323692052641609,0.8490165496789885,0.8286969626030566,0.8428962230682373,429008000,0.0,0.0,NVDA
2016-03-24 00:00:00-04:00,0.8353069400453448,0.8455891611160642,0.832614001009237,0.8441202640533447,244956000,0.0,0.0,NVDA
2016-03-28 00:00:00-04:00,0.842651306138183,0.8563609137863244,0.8416720609565256,0.852688729763031,265388000,0.0,0.0,NVDA
2016-03-29 00:00:00-04:00,0.849016601339457,0.8683569443386768,0.8470581107132437,0.8663984537124634,261812000,0.0,0.0,NVDA
2016-03-30 00:00:00-04:00,0.8695811597642299,0.887452607973248,0.8690915078587566,0.875456690788269,376700000,0.0,0.0,NVDA
2016-03-31 00:00:00-04:00,0.8793735521265637,0.8813320426135863,0.865419146893657,0.8722739219665527,379884000,0.0,0.0,NVDA
2016-04-01 00:00:00-04:00,0.86688798240161,0.8854939338018022,0.8602780040717081,0.8850042819976807,348292000,0.0,0.0,NVDA
2016-04-04 00:00:00-04:00,0.8923487714340395,0.8970002596103173,0.873008428523714,0.8764358162879944,393940000,0.0,0.0,NVDA
2016-04-05 00:00:00-04:00,0.8686018556558874,0.8832907114080579,0.8651744092857215,0.8752118349075317,339568000,0.0,0.0,NVDA
2016-04-06 00:00:00-04:00,0.8641951040096213,0.8769254681264573,0.8477925553934335,0.8764358162879944,453376000,0.0,0.0,NVDA
2016-04-07 00:00:00-04:00,0.870805086199125,0.8786391654351636,0.8637055139078055,0.8673776984214783,378104000,0.0,0.0,NVDA
2016-04-08 00:00:00-04:00,0.8744773271536795,0.8801080606481115,0.8644399022105684,0.8730084300041199,255936000,0.0,0.0,NVDA
2016-04-11 00:00:00-04:00,0.878149510207267,0.892838423310256,0.8754565710164071,0.878394365310669,387524000,0.0,0.0,NVDA
2016-04-12 00:00:00-04:00,0.8813321617096532,0.8825562622056947,0.860278123471664,0.8774151802062988,292764000,0.0,0.0,NVDA
2016-04-13 00:00:00-04:00,0.8813319188432451,0.8996930126458769,0.8813319188432451,0.8994482159614563,350716000,0.0,0.0,NVDA
2016-04-14 00:00:00-04:00,0.8970003700453797,0.9058136956445334,0.8933281267255959,0.9018966555595398,416564000,0.0,0.0,NVDA
2016-04-15 00:00:00-04:00,0.9016517966384336,0.9170751007816562,0.8987140021851252,0.9089962244033813,436972000,0.0,0.0,NVDA
2016-04-18 00:00:00-04:00,0.9072824720562561,0.9072824720562561,0.8962658019334561,0.9050791263580322,307320000,0.0,0.0,NVDA
2016-04-19 00:00:00-04:00,0.9085065196085208,0.9102202134836693,0.8832906465811191,0.8889213800430298,309152000,0.0,0.0,NVDA
2016-04-20 00:00:00-04:00,0.8874525999987704,0.8977348229746909,0.8864733545649511,0.8923488855361938,200172000,0.0,0.0,NVDA
2016-04-21 00:00:00-04:00,0.8925936233418715,0.8967555183052606,0.8874525413776717,0.8913695812225342,178280000,0.0,0.0,NVDA
2016-04-22 00:00:00-04:00,0.894307317370733,0.9004276443048942,0.8850043410498927,0.8879421353340149,223540000,0.0,0.0,NVDA
2016-04-25 00:00:00-04:00,0.8881870486662167,0.8972451710736175,0.8857389058975048,0.8923488855361938,191972000,0.0,0.0,NVDA
2016-04-26 00:00:00-04:00,0.8977347029087724,0.9080169245095157,0.8891661751800998,0.8930832147598267,214536000,0.0,0.0,NVDA
2016-04-27 00:00:00-04:00,0.890880036563406,0.9138926265332149,0.8891663423691113,0.9134029746055603,352396000,0.0,0.0,NVDA
2016-04-28 00:00:00-04:00,0.9077722542935087,0.913158192108627,0.8840252736132872,0.8862285614013672,381224000,0.0,0.0,NVDA
2016-04-29 00:00:00-04:00,0.88255626462678,0.88451475538383,0.8602781258316345,0.8698258996009827,321904000,0.0,0.0,NVDA
2016-05-02 00:00:00-04:00,0.878149508414866,0.8867180361767603,0.87398767208537,0.8813320994377136,256076000,0.0,0.0,NVDA
2016-05-03 00:00:00-04:00,0.8712946769067251,0.8749668611627459,0.8632158015014997,0.870805025100708,224024000,0.0,0.0,NVDA
2016-05-04 00:00:00-04:00,0.8602781944299583,0.8610126431144979,0.8421619491935276,0.8509752750396729,525764000,0.0,0.0,NVDA
2016-05-05 00:00:00-04:00,0.8580748439991722,0.8661537205700216,0.8497511123058282,0.8561162948608398,246884000,0.0,0.0,NVDA
2016-05-06 00:00:00-04:00,0.8546473940308423,0.867132962334566,0.8529337000221596,0.8649296164512634,183240000,0.0,0.0,NVDA
2016-05-09 00:00:00-04:00,0.8671327839645705,0.8708049679797121,0.8566057669564187,0.8637053966522217,333336000,0.0,0.0,NVDA
2016-05-10 00:00:00-04:00,0.8690914466159788,0.8818218115779256,0.8607677733877785,0.8803529143333435,269676000,0.0,0.0,NVDA
2016-05-11 00:00:00-04:00,0.8830457917852066,0.8925935058377802,0.878149448847457,0.8828009366989136,328176000,0.0,0.0,NVDA
2016-05-12 00:00:00-04:00,0.8891661214857611,0.8930831608289487,0.8551369260962742,0.870805025100708,670540000,0.0,0.0,NVDA
2016-05-13 00:00:00-04:00,0.9594277098515847,1.0037391193860477,0.9547762810693097,1.0032495260238647,2110256000,0.0,0.0,NVDA
2016-05-16 00:00:00-04:00,0.9956605281784314,1.0478060883781726,0.992477936946569,1.0328723192214966,973032000,0.0,0.0,NVDA
2016-05-17 00:00:00-04:00,1.0282205353692178,1.0424197934582082,1.0150005807381839,1.0350754261016846,628392000,0.0,0.0,NVDA
2016-05-18 00:00:00-04:00,1.0282211087534732,1.0735119052336337,1.0282211087534732,1.0615159273147583,541072000,0.0,0.0,NVDA
2016-05-19 00:00:00-04:00,1.0573534963781248,1.0737561589133167,1.0558847162200025,1.066166877746582,398880000,0.0,0.0,NVDA
2016-05-20 00:00:00-04:00,1.072776852589039,1.089669108465937,1.0710631590057735,1.085262417793274,391084000,0.0,0.0,NVDA
2016-05-23 00:00:00-04:00,1.089913486355617,1.0940752620001064,1.0803657186019173,1.0869756937026978,413636000,0.0,0.0,NVDA
2016-05-24 00:00:00-04:00,1.0902901385678037,1.1167988375564126,1.0873447145646453,1.113362431526184,415788000,0.002875,0.0,NVDA
2016-05-25 00:00:00-04:00,1.1167987014110177,1.12146215230106,1.0998625739773948,1.108698844909668,458076000,0.0,0.0,NVDA
2016-05-26 00:00:00-04:00,1.110662299290579,1.12858015460491,1.1074714435343371,1.1204802989959717,309964000,0.0,0.0,NVDA
2016-05-27 00:00:00-04:00,1.12170783461938,1.1283349800833653,1.1180259961084207,1.1266168355941772,277416000,0.0,0.0,NVDA
2016-05-31 00:00:00-04:00,1.1315257879487393,1.14919821410661,1.130789373462264,1.146743655204773,412524000,0.0,0.0,NVDA
2016-06-01 00:00:00-04:00,1.1413434939531018,1.1599976452098166,1.1379072060121223,1.1489524841308594,387132000,0.0,0.0,NVDA
2016-06-02 00:00:00-04:00,1.1550883471786813,1.1668700365481806,1.143797639559411,1.1570520401000977,329208000,0.0,0.0,NVDA
2016-06-03 00:00:00-04:00,1.145761328151124,1.147233922276997,1.1207253553752958,1.1408522129058838,461076000,0.0,0.0,NVDA
2016-06-06 00:00:00-04:00,1.1437981163707631,1.1526343870814346,1.1290711155594424,1.1349619626998901,322512000,0.0,0.0,NVDA
2016-06-07 00:00:00-04:00,1.1418339996052198,1.1482157086423475,1.136679569315173,1.137170433998108,193400000,0.0,0.0,NVDA
2016-06-08 00:00:00-04:00,1.1374162849156726,1.1415889873754295,1.124161997280824,1.1334891319274902,234616000,0.0,0.0,NVDA
2016-06-09 00:00:00-04:00,1.1295620892029543,1.1646613882104297,1.1271075305658957,1.1629432439804077,472168000,0.0,0.0,NVDA
2016-06-10 00:00:00-04:00,1.1491982590919918,1.1595071259877028,1.13250756220965,1.1339802742004395,400024000,0.0,0.0,NVDA
2016-06-13 00:00:00-04:00,1.135207174615957,1.1707974489223256,1.135207174615957,1.1484614610671997,475588000,0.0,0.0,NVDA
2016-06-14 00:00:00-04:00,1.1457611732422108,1.1560700329680411,1.1329977562256208,1.1506701707839966,298344000,0.0,0.0,NVDA
2016-06-15 00:00:00-04:00,1.160243093093014,1.172515532230706,1.1474796721211804,1.1624521017074585,301036000,0.0,0.0,NVDA
2016-06-16 00:00:00-04:00,1.1538614023312,1.1690792645747983,1.142570692589249,1.1671156883239746,246456000,0.0,0.0,NVDA
2016-06-17 00:00:00-04:00,1.1685887846798424,1.168834217162064,1.1420800869231311,1.146743655204773,471000000,0.0,0.0,NVDA
2016-06-20 00:00:00-04:00,1.165152012578297,1.1823334496055589,1.1644155983972648,1.1673610210418701,293768000,0.0,0.0,NVDA
2016-06-21 00:00:00-04:00,1.1722701609395105,1.175461016348796,1.158524892622674,1.1602431535720825,212508000,0.0,0.0,NVDA
2016-06-22 00:00:00-04:00,1.1626978729234259,1.1703068646523596,1.1572980074924624,1.1592615842819214,202620000,0.0,0.0,NVDA
2016-06-23 00:00:00-04:00,1.1703069716375545,1.191415687393481,1.1695705571243096,1.1901884078979492,297880000,0.0,0.0,NVDA
2016-06-24 00:00:00-04:00,1.1413434959524376,1.1624522055124176,1.1118894989440626,1.1224437952041626,1017684000,0.0,0.0,NVDA
2016-06-27 00:00:00-04:00,1.1131166435889681,1.1217074803615654,1.0939715107217336,1.1104167699813843,449088000,0.0,0.0,NVDA
2016-06-28 00:00:00-04:00,1.1315258365689742,1.132752999032812,1.111153418151668,1.1266168355941772,381920000,0.0,0.0,NVDA
2016-06-29 00:00:00-04:00,1.136433941576451,1.1538609222614415,1.1334885199057874,1.1450246572494507,318932000,0.0,0.0,NVDA
2016-06-30 00:00:00-04:00,1.1469889480194728,1.1609796511607668,1.1376619296317396,1.15386164188385,430940000,0.0,0.0,NVDA
2016-07-01 00:00:00-04:00,1.1474794728658229,1.1624518998521973,1.1413431958426328,1.1452703475952148,218488000,0.0,0.0,NVDA
2016-07-05 00:00:00-04:00,1.1388883495727118,1.1641697483217492,1.1298067695566345,1.1622061729431152,371084000,0.0,0.0,NVDA
2016-07-06 00:00:00-04:00,1.1541070295498763,1.17644302040279,1.148216182763238,1.1695703268051147,273104000,0.0,0.0,NVDA
2016-07-07 00:00:00-04:00,1.1774247049294875,1.204178829844307,1.1720248402757625,1.200006127357483,395400000,0.0,0.0,NVDA
2016-07-08 00:00:00-04:00,1.2127695035361288,1.2540051937914394,1.2081059363620292,1.2481143474578857,481932000,0.0,0.0,NVDA
2016-07-11 00:00:00-04:00,1.2660323755253557,1.286159241526496,1.264559663739931,1.2768322229385376,448776000,0.0,0.0,NVDA
2016-07-12 00:00:00-04:00,1.2910681162818853,1.3077586906612715,1.2748682896857118,1.2959771156311035,436760000,0.0,0.0,NVDA
2016-07-13 00:00:00-04:00,1.2984316349715799,1.3057951929586957,1.2935226353267637,1.2954862117767334,324604000,0.0,0.0,NVDA
2016-07-14 00:00:00-04:00,1.302358902445066,1.3205221893925119,1.2915590564310084,1.308740496635437,316892000,0.0,0.0,NVDA
2016-07-15 00:00:00-04:00,1.2920497657326289,1.2994133228193014,1.2724137695545281,1.2935224771499634,428616000,0.0,0.0,NVDA
2016-07-18 00:00:00-04:00,1.3094769329694942,1.31144050944876,1.2952407986751922,1.3001497983932495,252992000,0.0,0.0,NVDA
2016-07-19 00:00:00-04:00,1.2994130482186892,1.318803607902787,1.2969584906952554,1.3136491775512695,382652000,0.0,0.0,NVDA
2016-07-20 00:00:00-04:00,1.3180672742398205,1.3379488168653444,1.3126674112144847,1.330830693244934,296460000,0.0,0.0,NVDA
2016-07-21 00:00:00-04:00,1.3278856722430374,1.3320583747328512,1.3018679616495064,1.306286096572876,361308000,0.0,0.0,NVDA
2016-07-22 00:00:00-04:00,1.310949909829655,1.3418766260147095,1.3013773408866849,1.3418766260147095,315768000,0.0,0.0,NVDA
2016-07-25 00:00:00-04:00,1.3499761003351733,1.3698575300236995,1.3440852543357098,1.3666666746139526,312528000,0.0,0.0,NVDA
2016-07-26 00:00:00-04:00,1.3786936602750974,1.3971023766111568,1.37673008415281,1.389984369277954,514508000,0.0,0.0,NVDA
2016-07-27 00:00:00-04:00,1.402011678153573,1.4044662366162335,1.367648678954849,1.3759939670562744,446676000,0.0,0.0,NVDA
2016-07-28 00:00:00-04:00,1.379184584159751,1.3892480146276012,1.3747664499154135,1.378939151763916,221916000,0.0,0.0,NVDA
2016-07-29 00:00:00-04:00,1.3840936218274975,1.4052023299754766,1.3593031935596935,1.4015206098556519,409588000,0.0,0.0,NVDA
2016-08-01 00:00:00-04:00,1.407411676276708,1.412566108660322,1.3833575414467183,1.3924391269683838,301120000,0.0,0.0,NVDA
2016-08-02 00:00:00-04:00,1.3990660939174182,1.3998025081874421,1.3622486575299408,1.3755029439926147,282748000,0.0,0.0,NVDA
2016-08-03 00:00:00-04:00,1.373784977272062,1.3818848330483848,1.366175986379216,1.3791848421096802,299828000,0.0,0.0,NVDA
2016-08-04 00:00:00-04:00,1.3858116675540535,1.411093075876775,1.383111794275926,1.404711365699768,272712000,0.0,0.0,NVDA
2016-08-05 00:00:00-04:00,1.4209115684708629,1.4292568576769777,1.4140389911293334,1.4285205602645874,371588000,0.0,0.0,NVDA
2016-08-08 00:00:00-04:00,1.4481563180277257,1.4515926061186122,1.4265566256853168,1.441774606704712,305064000,0.0,0.0,NVDA
2016-08-09 00:00:00-04:00,1.4488926738421792,1.459447088010337,1.4417746649435026,1.4454563856124878,372344000,0.0,0.0,NVDA
2016-08-10 00:00:00-04:00,1.4582194067548926,1.46042841513932,1.4314652885713441,1.436128854751587,375740000,0.0,0.0,NVDA
2016-08-11 00:00:00-04:00,1.4437379431655135,1.4714737927508286,1.4407925204230478,1.4653375148773193,681064000,0.0,0.0,NVDA
2016-08-12 00:00:00-04:00,1.5193364641917624,1.555663028857614,1.488164330277717,1.5473177433013916,1425744000,0.0,0.0,NVDA
2016-08-15 00:00:00-04:00,1.5490362449080561,1.558608811533775,1.5249821121336686,1.54584538936615,573304000,0.0,0.0,NVDA
2016-08-16 00:00:00-04:00,1.5436361039929476,1.5460905447948041,1.5318545306565652,1.5365180969238281,287652000,0.0,0.0,NVDA
2016-08-17 00:00:00-04:00,1.5365184387006092,1.5399547268114178,1.4889010359313228,1.5009280443191528,595212000,0.0,0.0,NVDA
2016-08-18 00:00:00-04:00,1.4987190131317163,1.526700299503784,1.4928281667208456,1.5242458581924438,331684000,0.0,0.0,NVDA
2016-08-19 00:00:00-04:00,1.5235095215543029,1.5397092329704296,1.51688237752405,1.5281730890274048,291560000,0.0,0.0,NVDA
2016-08-22 00:00:00-04:00,1.5328364568219746,1.5367637264644711,1.5146731712147798,1.5345546007156372,244748000,0.0,0.0,NVDA
2016-08-23 00:00:00-04:00,1.5501693677886295,1.5570546079141554,1.5425463563608248,1.546972632408142,339764000,0.002875,0.0,NVDA
2016-08-24 00:00:00-04:00,1.5523827934415875,1.5531204475972302,1.5159891582207474,1.5231202840805054,298448000,0.0,0.0,NVDA
2016-08-25 00:00:00-04:00,1.523612021063597,1.5243496751467585,1.494103747138907,1.513038158416748,406032000,0.0,0.0,NVDA
2016-08-26 00:00:00-04:00,1.5169726196965787,1.5339398356538696,1.5049233319901236,1.525333285331726,300024000,0.0,0.0,NVDA
2016-08-29 00:00:00-04:00,1.5314811714991814,1.5376286416445561,1.5218909632951672,1.5243499279022217,274652000,0.0,0.0,NVDA
2016-08-30 00:00:00-04:00,1.5223824479598433,1.5304972289793297,1.5113168161595518,1.5154972076416016,285544000,0.0,0.0,NVDA
2016-08-31 00:00:00-04:00,1.518448081931136,1.5226283562224499,1.5039398297471056,1.5083659887313843,388544000,0.0,0.0,NVDA
2016-09-01 00:00:00-04:00,1.509595572812963,1.5585301457822343,1.5083660320573657,1.5528744459152222,428492000,0.0,0.0,NVDA
2016-09-02 00:00:00-04:00,1.5560712923369153,1.5577926026151452,1.5201695439561582,1.5376285314559937,323148000,0.0,0.0,NVDA
2016-09-06 00:00:00-04:00,1.5430381025104196,1.5521364212036133,1.5351692071166838,1.5521364212036133,306812000,0.0,0.0,NVDA
2016-09-07 00:00:00-04:00,1.5472187818302514,1.5548417945624062,1.520415470788743,1.5292679071426392,397988000,0.0,0.0,NVDA
2016-09-08 00:00:00-04:00,1.5277920959965725,1.5427922329511887,1.5103331124189734,1.5403331518173218,315808000,0.0,0.0,NVDA
2016-09-09 00:00:00-04:00,1.5233664095228632,1.5319729616469342,1.4508251351757535,1.4636120796203613,697760000,0.0,0.0,NVDA
2016-09-12 00:00:00-04:00,1.444185285062499,1.496808353302352,1.4095129691564934,1.493857502937317,598260000,0.0,0.0,NVDA
2016-09-13 00:00:00-04:00,1.4901691464402842,1.5073823637736596,1.463857609710134,1.4722182750701904,471768000,0.0,0.0,NVDA
2016-09-14 00:00:00-04:00,1.475661100144788,1.4901693535153748,1.4633660437028035,1.4852513074874878,319048000,0.0,0.0,NVDA
2016-09-15 00:00:00-04:00,1.4877104116487623,1.5432843443306599,1.4842676738472085,1.5415630340576172,515212000,0.0,0.0,NVDA
2016-09-16 00:00:00-04:00,1.5469726795601657,1.555333345289632,1.527546382002849,1.5452513694763184,902444000,0.0,0.0,NVDA
2016-09-19 00:00:00-04:00,1.561480800797911,1.6047596684706198,1.5543496763699092,1.5656611919403076,417128000,0.0,0.0,NVDA
2016-09-20 00:00:00-04:00,1.5836121110869488,1.5836121110869488,1.5427923233671221,1.5513988733291626,331112000,0.0,0.0,NVDA
2016-09-21 00:00:00-04:00,1.5560713716022267,1.5978748243551957,1.5558254868721642,1.594923973083496,336212000,0.0,0.0,NVDA
2016-09-22 00:00:00-04:00,1.6042679306981502,1.6091859759448552,1.5897596796320537,1.5988579988479614,308732000,0.0,0.0,NVDA
2016-09-23 00:00:00-04:00,1.6008259553244262,1.6054980005228667,1.5900062045229177,1.5971373319625854,276132000,0.0,0.0,NVDA
2016-09-26 00:00:00-04:00,1.5789398958144971,1.5885301014068942,1.5622185658225745,1.582136631011963,230040000,0.0,0.0,NVDA
2016-09-27 00:00:00-04:00,1.57598938056332,1.6386945572561809,1.5752517264017962,1.6362354755401611,402752000,0.0,0.0,NVDA
2016-09-28 00:00:00-04:00,1.6386945492567058,1.6433667106899594,1.6212354443756989,1.6421371698379517,319788000,0.0,0.0,NVDA
2016-09-29 00:00:00-04:00,1.6394317382338714,1.6625466541220872,1.6241858346635232,1.657382607460022,336684000,0.0,0.0,NVDA
2016-09-30 00:00:00-04:00,1.6664814842173918,1.7013996933159405,1.6566453920991604,1.6849242448806763,429932000,0.0,0.0,NVDA
2016-10-03 00:00:00-04:00,1.6849238129745259,1.7092681523151452,1.6802516528276874,1.6832023859024048,242596000,0.0,0.0,NVDA
2016-10-04 00:00:00-04:00,1.6856617560593623,1.7139404891870202,1.6669731122664733,1.6795141696929932,281624000,0.0,0.0,NVDA
2016-10-05 00:00:00-04:00,1.693776344171113,1.710989560583855,1.6726287385954008,1.6777926683425903,305440000,0.0,0.0,NVDA
2016-10-06 00:00:00-04:00,1.6576290604002721,1.667956922023707,1.6293502074108468,1.6559077501296997,360212000,0.0,0.0,NVDA
2016-10-07 00:00:00-04:00,1.6669732372953396,1.6713995138817666,1.6391862714711245,1.6438584327697754,286260000,0.0,0.0,NVDA
2016-10-10 00:00:00-04:00,1.6524647814897246,1.6613173335778288,1.6345139098868737,1.65000581741333,287876000,0.0,0.0,NVDA
2016-10-11 00:00:00-04:00,1.6445962298562127,1.6470551942723346,1.613612410522615,1.6261534690856934,388540000,0.0,0.0,NVDA
2016-10-12 00:00:00-04:00,1.6195140142880167,1.642137048367444,1.6059894176827683,1.6335304975509644,419920000,0.0,0.0,NVDA
2016-10-13 00:00:00-04:00,1.6143501797743087,1.6180386850213087,1.5663991425414399,1.6069730520248413,390116000,0.0,0.0,NVDA
2016-10-14 00:00:00-04:00,1.626644735927959,1.6377103655201926,1.613120142679358,1.6227103471755981,330636000,0.0,0.0,NVDA
2016-10-17 00:00:00-04:00,1.6224648025555524,1.6377107087353258,1.61115328595267,1.6133663654327393,195328000,0.0,0.0,NVDA
2016-10-18 00:00:00-04:00,1.6357437778441652,1.6473011810032465,1.6291044210773629,1.6379568576812744,269372000,0.0,0.0,NVDA
2016-10-19 00:00:00-04:00,1.6268911983764713,1.642137105677089,1.6185304147138637,1.6345140933990479,199060000,0.0,0.0,NVDA
2016-10-20 00:00:00-04:00,1.6536941380040224,1.6709073536437657,1.630333454230135,1.6654974222183228,312084000,0.0,0.0,NVDA
2016-10-21 00:00:00-04:00,1.6595960694608891,1.6637763436830437,1.6450878175168868,1.6608256101608276,279508000,0.0,0.0,NVDA
2016-10-24 00:00:00-04:00,1.6721370110403293,1.7407437592287165,1.6718910091129844,1.7387765645980835,339836000,0.0,0.0,NVDA
2016-10-25 00:00:00-04:00,1.7358259697455305,1.7778753034764434,1.727465303392065,1.7673014402389526,397460000,0.0,0.0,NVDA
2016-10-26 00:00:00-04:00,1.7525469256276498,1.793858596351546,1.7508256157854407,1.7744323015213013,333792000,0.0,0.0,NVDA
2016-10-27 00:00:00-04:00,1.787957491720214,1.791400112552424,1.7309081287405592,1.738039255142212,388664000,0.0,0.0,NVDA
2016-10-28 00:00:00-04:00,1.7463998659641486,1.7729572910302829,1.7318916126117878,1.7350883483886719,290856000,0.0,0.0,NVDA
2016-10-31 00:00:00-04:00,1.7407439678359582,1.7613998070715766,1.7397603117750389,1.7498424053192139,252388000,0.0,0.0,NVDA
2016-11-01 00:00:00-04:00,1.7562360595815212,1.7658262674668341,1.6792685117720312,1.697957158088684,473224000,0.0,0.0,NVDA
2016-11-02 00:00:00-04:00,1.7109898907731604,1.734104695391086,1.6878749688997683,1.6908258199691772,295848000,0.0,0.0,NVDA
2016-11-03 00:00:00-04:00,1.6986945039368566,1.700169929286442,1.6386943029903744,1.6711534261703491,309664000,0.0,0.0,NVDA
2016-11-04 00:00:00-04:00,1.660088209154478,1.6900883757456602,1.6372192864093422,1.6615636348724365,328780000,0.0,0.0,NVDA
2016-11-07 00:00:00-05:00,1.7102521629180334,1.763613016472672,1.7090226220652334,1.7525473833084106,487580000,0.0,0.0,NVDA
2016-11-08 00:00:00-05:00,1.7591866102483733,1.7648424274016028,1.733612842474541,1.7498424053192139,429884000,0.0,0.0,NVDA
2016-11-09 00:00:00-05:00,1.7023832975806161,1.7434490951446877,1.6898423558640976,1.7203341722488403,456532000,0.0,0.0,NVDA
2016-11-10 00:00:00-05:00,1.7579570413905072,1.7582029260715417,1.6416451448687412,1.6664812564849854,869280000,0.0,0.0,NVDA
2016-11-11 00:00:00-05:00,1.9551711864445604,2.182876854777623,1.9303349534355565,2.1632046699523926,2175344000,0.0,0.0,NVDA
2016-11-14 00:00:00-05:00,2.1661556417926504,2.1686147236605224,2.056237308821463,2.0567290782928467,1348796000,0.0,0.0,NVDA
2016-11-15 00:00:00-05:00,2.0727127370870666,2.1504179454153847,2.0638601826606724,2.119434356689453,626092000,0.0,0.0,NVDA
2016-11-16 00:00:00-05:00,2.1477131201034654,2.2760741054308524,2.1233687710402402,2.2532052993774414,987984000,0.0,0.0,NVDA
2016-11-17 00:00:00-05:00,2.269926427370767,2.3309102954554772,2.2291065139924275,2.2718937397003174,832988000,0.0,0.0,NVDA
2016-11-18 00:00:00-05:00,2.27189351302514,2.3195984285198454,2.257385260261217,2.295746088027954,576060000,0.0,0.0,NVDA
2016-11-21 00:00:00-05:00,2.313697667600042,2.320091140846664,2.2721399742415027,2.286402463912964,436436000,0.0,0.0,NVDA
2016-11-22 00:00:00-05:00,2.2942703989841298,2.30509002874976,2.2716473661935153,2.3028769493103027,330368000,0.0,0.0,NVDA
2016-11-23 00:00:00-05:00,2.3080485008412905,2.3457278807664426,2.284652957858194,2.3142054080963135,443236000,0.0035,0.0,NVDA
2016-11-25 00:00:00-05:00,2.3252876538888483,2.3420340192136915,2.300414123848623,2.3188846111297607,195564000,0.0,0.0,NVDA
2016-11-28 00:00:00-05:00,2.311743117777561,2.3331686427086087,2.3050937035552144,2.3176536560058594,278736000,0.0,0.0,NVDA
2016-11-29 00:00:00-05:00,2.314944714134478,2.3257807800715975,2.2787430754950133,2.2964744567871094,444568000,0.0,0.0,NVDA
2016-11-30 00:00:00-05:00,2.3050933201920456,2.3188846520517683,2.268152814701874,2.270615577697754,440500000,0.0,0.0,NVDA
2016-12-01 00:00:00-05:00,2.268152377475334,2.269876264267739,2.087636065218775,2.158315658569336,1035524000,0.0,0.0,NVDA
2016-12-02 00:00:00-05:00,2.1240840629651454,2.18688309822755,2.0962555040254545,2.1782636642456055,478292000,0.0,0.0,NVDA
2016-12-05 00:00:00-05:00,2.2161894670416156,2.2807123976389354,2.191808678468315,2.2627346515655518,602284000,0.0,0.0,NVDA
2016-12-06 00:00:00-05:00,2.27086203952567,2.3082952908858023,2.2551006828930897,2.299921989440918,498796000,0.0,0.0,NVDA
2016-12-07 00:00:00-05:00,2.2863772211752935,2.346959648445298,2.2681531015081657,2.3412954807281494,480804000,0.0,0.0,NVDA
2016-12-08 00:00:00-05:00,2.3442509781252485,2.379467604374983,2.2915491064693914,2.302138566970825,381544000,0.0,0.0,NVDA
2016-12-09 00:00:00-05:00,2.3198695662818256,2.3215934533344424,2.2339211141610815,2.2612571716308594,382312000,0.0,0.0,NVDA
2016-12-12 00:00:00-05:00,2.212742642950851,2.2152054068608824,2.1558541118568537,2.2063395977020264,601332000,0.0,0.0,NVDA
2016-12-13 00:00:00-05:00,2.218653034228819,2.272832662320932,2.2176680226754226,2.2452502250671387,387796000,0.0,0.0,NVDA
2016-12-14 00:00:00-05:00,2.2789883781184272,2.391534238352923,2.255100096532094,2.3752803802490234,983980000,0.0,0.0,NVDA
2016-12-15 00:00:00-05:00,2.386362134540399,2.461228611263134,2.378974081918219,2.4309372901916504,746548000,0.0,0.0,NVDA
2016-12-16 00:00:00-05:00,2.458520467611613,2.479945993238574,2.4068036087272766,2.472804307937622,1089528000,0.0,0.0,NVDA
2016-12-19 00:00:00-05:00,2.455319131186831,2.5230434848841337,2.438080021171726,2.5028493404388428,744656000,0.0,0.0,NVDA
2016-12-20 00:00:00-05:00,2.5754985520133324,2.6136704377314692,2.5641699835263894,2.5900285243988037,848056000,0.0,0.0,NVDA
2016-12-21 00:00:00-05:00,2.60160307886889,2.609237502546528,2.554072884696677,2.6062822341918945,576136000,0.0,0.0,NVDA
2016-12-22 00:00:00-05:00,2.6306633046021286,2.6811487725529908,2.6235213857392914,2.637805223464966,718612000,0.0,0.0,NVDA
2016-12-23 00:00:00-05:00,2.6198273314017486,2.7050371504690864,2.6171184328848396,2.703559398651123,647692000,0.0,0.0,NVDA
2016-12-27 00:00:00-05:00,2.7597097301766182,2.890233144173725,2.7390228453134537,2.8892481327056885,1194272000,0.0,0.0,NVDA
2016-12-28 00:00:00-05:00,2.945398067809631,2.9535250003728497,2.6767167874411086,2.6905078887939453,2295764000,0.0,0.0,NVDA
2016-12-29 00:00:00-05:00,2.5833797597826993,2.745672259662873,2.531662899921924,2.744194507598877,2175368000,0.0,0.0,NVDA
2016-12-30 00:00:00-05:00,2.7422242414238465,2.7562617104763802,2.6178575124362924,2.6286933422088623,1212932000,0.0,0.0,NVDA
2017-01-03 00:00:00-05:00,2.571066050487868,2.619581503259775,2.4474381925833324,2.512207508087158,1501996000,0.0,0.0,NVDA
2017-01-04 00:00:00-05:00,2.546439297368074,2.5981561582669985,2.500386604816702,2.5708200931549072,1199220000,0.0,0.0,NVDA
2017-01-05 00:00:00-05:00,2.5742668728977383,2.6060357122834366,2.4885645653257074,2.5055572986602783,984296000,0.0,0.0,NVDA
2017-01-06 00:00:00-05:00,2.532893671723845,2.5673716482821622,2.492259022680329,2.539050579071045,822856000,0.0,0.0,NVDA
2017-01-09 00:00:00-05:00,2.5489014749680172,2.659723227170538,2.5489014749680172,2.64199161529541,916248000,0.0,0.0,NVDA
2017-01-10 00:00:00-05:00,2.655044556781006,2.689029800128496,2.6013574405719244,2.622044324874878,880920000,0.0,0.0,NVDA
2017-01-11 00:00:00-05:00,2.610469839315776,2.6153951318014066,2.564909650797821,2.589782953262329,525664000,0.0,0.0,NVDA
2017-01-12 00:00:00-05:00,2.5668805406684028,2.578455250950679,2.5026037081837122,2.5474250316619873,625616000,0.0,0.0,NVDA
2017-01-13 00:00:00-05:00,2.551364923653108,2.5858429137197243,2.5380663273796356,2.5471785068511963,457820000,0.0,0.0,NVDA
2017-01-17 00:00:00-05:00,2.5365888451711247,2.541514138184968,2.4767450436786165,2.4900436401367188,580612000,0.0,0.0,NVDA
2017-01-18 00:00:00-05:00,2.468616961620765,2.5422518311151547,2.440788399687641,2.535356283187866,654424000,0.0,0.0,NVDA
2017-01-19 00:00:00-05:00,2.5383124607340313,2.621798176436176,2.536096067372394,2.589782953262329,644872000,0.0,0.0,NVDA
2017-01-20 00:00:00-05:00,2.6124384542843977,2.630170061344461,2.5395424737804317,2.561460494995117,492024000,0.0,0.0,NVDA
2017-01-23 00:00:00-05:00,2.5562896261092978,2.608006477080313,2.553826863000674,2.5880584716796875,369904000,0.0,0.0,NVDA
2017-01-24 00:00:00-05:00,2.5981556105554597,2.6493799549120256,2.5833792670441382,2.6432230472564697,428052000,0.0,0.0,NVDA
2017-01-25 00:00:00-05:00,2.685581956244005,2.691738864749506,2.6185964827108714,2.6545519828796387,522760000,0.0,0.0,NVDA
2017-01-26 00:00:00-05:00,2.6572607346836925,2.7077462073253162,2.6277082800785005,2.7003581523895264,458800000,0.0,0.0,NVDA
2017-01-27 00:00:00-05:00,2.7072534841989855,2.7555225599691218,2.6806563006767914,2.7525672912597656,471996000,0.0,0.0,NVDA
2017-01-30 00:00:00-05:00,2.731634192447159,2.733850585196769,2.657506811285291,2.709469795227051,496004000,0.0,0.0,NVDA
2017-01-31 00:00:00-05:00,2.683119239672819,2.710208930612465,2.6646487503127574,2.6887834072113037,362756000,0.0,0.0,NVDA
2017-02-01 00:00:00-05:00,2.7232614255993473,2.810441279814016,2.705530045267542,2.8062548637390137,590004000,0.0,0.0,NVDA
2017-02-02 00:00:00-05:00,2.7902467617026248,2.8503369142048207,2.759709297225785,2.84171724319458,483240000,0.0,0.0,NVDA
2017-02-03 00:00:00-05:00,2.8431959984488073,2.8542782016539463,2.8050240956656074,2.816844940185547,372744000,0.0,0.0,NVDA
2017-02-06 00:00:00-05:00,2.8074859242921404,2.889494113602575,2.8074859242921404,2.8890016078948975,506768000,0.0,0.0,NVDA
2017-02-07 00:00:00-05:00,2.9232327005691077,2.9779048170495623,2.9035310665947818,2.9338223934173584,746224000,0.0,0.0,NVDA
2017-02-08 00:00:00-05:00,2.915845269125967,2.9382558062266355,2.8660984330863104,2.9210169315338135,449580000,0.0,0.0,NVDA
2017-02-09 00:00:00-05:00,2.9271728451176613,2.93209837081462,2.846888796070365,2.8660976886749268,842568000,0.0,0.0,NVDA
2017-02-10 00:00:00-05:00,2.9535238437908116,2.972486600725261,2.773007510419997,2.7981271743774414,1651092000,0.0,0.0,NVDA
2017-02-13 00:00:00-05:00,2.792462414305275,2.806992384206661,2.664647953211892,2.669080972671509,1180724000,0.0,0.0,NVDA
2017-02-14 00:00:00-05:00,2.6594766921335626,2.712671289600811,2.6176106629171327,2.6789321899414062,850632000,0.0,0.0,NVDA
2017-02-15 00:00:00-05:00,2.6818882003068087,2.704052367615708,2.6538132595753208,2.6843507289886475,373020000,0.0,0.0,NVDA
2017-02-16 00:00:00-05:00,2.693954612036443,2.6951859934423403,2.6020956259419994,2.6412527561187744,647176000,0.0,0.0,NVDA
2017-02-17 00:00:00-05:00,2.6277084368350474,2.6451936812870613,2.5806707360148833,2.640760660171509,563740000,0.0,0.0,NVDA
2017-02-21 00:00:00-05:00,2.665387699782976,2.7392689546752673,2.665141329508407,2.7353286743164062,551952000,0.0,0.0,NVDA
2017-02-22 00:00:00-05:00,2.747411174407058,2.7567812979238364,2.712149870613193,2.7311367988586426,433772000,0.0035,0.0,NVDA
2017-02-23 00:00:00-05:00,2.6014348350766414,2.62338052618306,2.457924458672057,2.4778974056243896,1592888000,0.0,0.0,NVDA
2017-02-24 00:00:00-05:00,2.393566488901127,2.515131172013375,2.3597848037945206,2.5018157958984375,1029904000,0.0,0.0,NVDA
2017-02-27 00:00:00-05:00,2.520062865311889,2.58959874312167,2.5042816181477665,2.574557304382324,715400000,0.0,0.0,NVDA
2017-02-28 00:00:00-05:00,2.5841745824448,2.5940380703928367,2.485048927183683,2.502309560775757,625360000,0.0,0.0,NVDA
2017-03-01 00:00:00-05:00,2.559268751749771,2.573570614804738,2.493185010883901,2.5346107482910156,504804000,0.0,0.0,NVDA
2017-03-02 00:00:00-05:00,2.5217894169174278,2.5358446039199056,2.4384447847129223,2.441157102584839,754332000,0.0,0.0,NVDA
2017-03-03 00:00:00-05:00,2.4305532602496216,2.435484766604196,2.3726064732643226,2.4271011352539062,864692000,0.0,0.0,NVDA
2017-03-06 00:00:00-05:00,2.390854598255757,2.418964972381745,2.3467165277545172,2.4083619117736816,883568000,0.0,0.0,NVDA
2017-03-07 00:00:00-05:00,2.4083610074850954,2.4542251239927957,2.395538761135984,2.4347450733184814,603400000,0.0,0.0,NVDA
2017-03-08 00:00:00-05:00,2.483075039422944,2.497870029375298,2.4280874833466703,2.4303066730499268,638712000,0.0,0.0,NVDA
2017-03-09 00:00:00-05:00,2.414279533640161,2.4522529187243305,2.4017037305219344,2.429814100265503,478060000,0.0,0.0,NVDA
2017-03-10 00:00:00-05:00,2.456198553740133,2.468034313950776,2.425868991975661,2.4441158771514893,499740000,0.0,0.0,NVDA
2017-03-13 00:00:00-04:00,2.4544721021172577,2.5212956588131687,2.4537322937341925,2.511432409286499,774136000,0.0,0.0,NVDA
2017-03-14 00:00:00-04:00,2.524254329153352,2.533624215101391,2.477403723621219,2.5097060203552246,522016000,0.0,0.0,NVDA
2017-03-15 00:00:00-04:00,2.521296295770668,2.5395431826676056,2.473705863744291,2.528693675994873,615036000,0.0,0.0,NVDA
2017-03-16 00:00:00-04:00,2.539295930089379,2.560255363366531,2.525240747516456,2.5597620010375977,523100000,0.0,0.0,NVDA
2017-03-17 00:00:00-04:00,2.577269659324882,2.6167228953899326,2.559762349019845,2.615489959716797,1119688000,0.0,0.0,NVDA
2017-03-20 00:00:00-04:00,2.632996880352132,2.702779430046828,2.6169689541318464,2.69883394241333,748568000,0.0,0.0,NVDA
2017-03-21 00:00:00-04:00,2.681573364355289,2.71140979235719,2.603653627139775,2.611544132232666,913484000,0.0,0.0,NVDA
2017-03-22 00:00:00-04:00,2.600447738988547,2.6694907112208086,2.59650248675886,2.6648056507110596,616764000,0.0,0.0,NVDA
2017-03-23 00:00:00-04:00,2.65691558781957,2.676888770359785,2.631024643006741,2.640641212463379,533940000,0.0,0.0,NVDA
2017-03-24 00:00:00-04:00,2.6869991504120105,2.6948896581972224,2.6241208287465017,2.6500117778778076,439500000,0.0,0.0,NVDA
2017-03-27 00:00:00-04:00,2.6034076874915404,2.673190258324086,2.5540914287184195,2.6692450046539307,506644000,0.0,0.0,NVDA
2017-03-28 00:00:00-04:00,2.6704777174218557,2.685026030181421,2.645079899186131,2.6554362773895264,432444000,0.0,0.0,NVDA
2017-03-29 00:00:00-04:00,2.662833216755274,2.675162337170746,2.6445863348861156,2.64680552482605,349992000,0.0,0.0,NVDA
2017-03-30 00:00:00-04:00,2.653956150055052,2.712396071070881,2.6482848347711885,2.697601079940796,525532000,0.0,0.0,NVDA
2017-03-31 00:00:00-04:00,2.6879850123036766,2.709684258279853,2.672943572364645,2.6860122680664062,440808000,0.0,0.0,NVDA
2017-04-03 00:00:00-04:00,2.6865047696716267,2.7037653943728235,2.6487776061472803,2.6724495887756348,445232000,0.0,0.0,NVDA
2017-04-04 00:00:00-04:00,2.5496521764514792,2.5748035421363564,2.474198314555238,2.4850478172302246,1271280000,0.0,0.0,NVDA
2017-04-05 00:00:00-04:00,2.4663084373225983,2.524255247609131,2.453486186422967,2.466555118560791,747048000,0.0,0.0,NVDA
2017-04-06 00:00:00-04:00,2.4717322836052444,2.4966369665254264,2.426607742922434,2.4845545291900635,635120000,0.0,0.0,NVDA
2017-04-07 00:00:00-04:00,2.49096623776576,2.5084735477835816,2.458910616265414,2.473952054977417,429068000,0.0,0.0,NVDA
2017-04-10 00:00:00-04:00,2.474691962668723,2.481349533271372,2.406635463943814,2.410827398300171,756332000,0.0,0.0,NVDA
2017-04-11 00:00:00-04:00,2.3807444807074165,2.4386912877018054,2.375812972649988,2.4194579124450684,618148000,0.0,0.0,NVDA
2017-04-12 00:00:00-04:00,2.419457336579162,2.4337589652160156,2.3943059695131326,2.399484157562256,414092000,0.0,0.0,NVDA
2017-04-13 00:00:00-04:00,2.3753191376947957,2.397018142936356,2.3546061515808105,2.3546061515808105,506892000,0.0,0.0,NVDA
2017-04-17 00:00:00-04:00,2.3674287655966304,2.4470745729379186,2.362250577053552,2.4468281269073486,497292000,0.0,0.0,NVDA
2017-04-18 00:00:00-04:00,2.4325260304544023,2.4544719533265704,2.406635090200816,2.4483072757720947,370116000,0.0,0.0,NVDA
2017-04-19 00:00:00-04:00,2.4658151111832276,2.489979993921836,2.4512667982647116,2.4579246044158936,380828000,0.0,0.0,NVDA
2017-04-20 00:00:00-04:00,2.472472783374026,2.501569407634582,2.4512666654532906,2.496884346008301,404016000,0.0,0.0,NVDA
2017-04-21 00:00:00-04:00,2.4865275447285375,2.5099528510853704,2.4746917861154194,2.5072405338287354,341896000,0.0,0.0,NVDA
2017-04-24 00:00:00-04:00,2.538803021825287,2.551625271185942,2.5178438199579856,2.5385565757751465,371820000,0.0,0.0,NVDA
2017-04-25 00:00:00-04:00,2.5531045441059486,2.5972426024536075,2.5316519827120727,2.5826942920684814,388440000,0.0,0.0,NVDA
2017-04-26 00:00:00-04:00,2.5962572275732203,2.598722864369877,2.562968661654182,2.56494140625,327004000,0.0,0.0,NVDA
2017-04-27 00:00:00-04:00,2.572338022619069,2.6132704031829403,2.5543375859803685,2.604886770248413,319700000,0.0,0.0,NVDA
2017-04-28 00:00:00-04:00,2.5979826797906536,2.6048869315142014,2.566173503432033,2.571845054626465,348248000,0.0,0.0,NVDA
2017-05-01 00:00:00-04:00,2.5826938899281413,2.6347226807263406,2.5755429588574863,2.629544258117676,307732000,0.0,0.0,NVDA
2017-05-02 00:00:00-04:00,2.6026673163983265,2.603900251884576,2.5289392793343435,2.5516247749328613,629972000,0.0,0.0,NVDA
2017-05-03 00:00:00-04:00,2.5447207762775395,2.580228522258433,2.52992601929458,2.5706119537353516,336904000,0.0,0.0,NVDA
2017-05-04 00:00:00-04:00,2.576776988647386,2.5878731765132277,2.5528585496991707,2.5607492923736572,209788000,0.0,0.0,NVDA
2017-05-05 00:00:00-04:00,2.549159580913157,2.568146273343506,2.533624779220795,2.56099534034729,228428000,0.0,0.0,NVDA
2017-05-08 00:00:00-04:00,2.572830885214799,2.5743102667010582,2.522774833307852,2.5341176986694336,365240000,0.0,0.0,NVDA
2017-05-09 00:00:00-04:00,2.539789667990145,2.58737986118692,2.531405798599897,2.5383100509643555,847672000,0.0,0.0,NVDA
2017-05-10 00:00:00-04:00,2.8181795719448335,3.003855481221614,2.8115220021195158,2.990786552429199,2129096000,0.0,0.0,NVDA
2017-05-11 00:00:00-04:00,2.9602110673048863,3.2161627020200703,2.9567589412015742,3.119256019592285,1939792000,0.0,0.0,NVDA
2017-05-12 00:00:00-04:00,3.1224619372300086,3.1956966346265623,3.1015024977971484,3.153531074523926,962620000,0.0,0.0,NVDA
2017-05-15 00:00:00-04:00,3.194709935046448,3.314301875649034,3.1902713195094625,3.311836004257202,1087540000,0.0,0.0,NVDA
2017-05-16 00:00:00-04:00,3.362878215121293,3.3890160748119182,3.288410829692858,3.373481273651123,1120700000,0.0,0.0,NVDA
2017-05-17 00:00:00-04:00,3.3066578411676644,3.3253980876379554,3.1451470262805272,3.149338960647583,1271368000,0.0,0.0,NVDA
2017-05-18 00:00:00-04:00,3.1932296367206923,3.2901362923457884,3.1328172114633026,3.281259298324585,1156032000,0.0,0.0,NVDA
2017-05-19 00:00:00-04:00,3.3824644911444244,3.4118384616334136,3.337786300672824,3.3570399284362793,1018372000,0.0035,0.0,NVDA
2017-05-22 00:00:00-04:00,3.4007320657926816,3.4429418035145334,3.3898708961775497,3.4286251068115234,836608000,0.0,0.0,NVDA
2017-05-23 00:00:00-04:00,3.448370804035899,3.450592330989123,3.3498811473924963,3.3824641704559326,681248000,0.0,0.0,NVDA
2017-05-24 00:00:00-04:00,3.4794739577158422,3.4821893675940068,3.4083836561027616,3.4204790592193604,815996000,0.0,0.0,NVDA
2017-05-25 00:00:00-04:00,3.4557768548365067,3.456517442478721,3.3679013994248352,3.4128265380859375,608228000,0.0,0.0,NVDA
2017-05-26 00:00:00-04:00,3.404680808489597,3.5861090101276765,3.3844398842146854,3.5011956691741943,779140000,0.0,0.0,NVDA
2017-05-30 00:00:00-04:00,3.547107494988647,3.61103931308788,3.531062922922893,3.5759880542755127,989652000,0.0,0.0,NVDA
2017-05-31 00:00:00-04:00,3.620913203452091,3.628565313962293,3.5063789576044573,3.563152551651001,887316000,0.0,0.0,NVDA
2017-06-01 00:00:00-04:00,3.578950002280388,3.5799375307970247,3.517980297691154,3.563399076461792,503340000,0.0,0.0,NVDA
2017-06-02 00:00:00-04:00,3.5604374575019078,3.5866026118236496,3.5397028868565665,3.5456271171569824,487456000,0.0,0.0,NVDA
2017-06-05 00:00:00-04:00,3.5293346306421047,3.6663313004734905,3.517733114247822,3.6534955501556396,817376000,0.0,0.0,NVDA
2017-06-06 00:00:00-04:00,3.6488068251489807,3.69496620124793,3.6236291976460384,3.636958599090576,758728000,0.0,0.0,NVDA
2017-06-07 00:00:00-04:00,3.6613947582434827,3.699655069901555,3.6458438338660963,3.6808950901031494,612612000,0.0,0.0,NVDA
2017-06-08 00:00:00-04:00,3.788024754830071,3.9494589594789793,3.74680232213848,3.9479780197143555,1161744000,0.0,0.0,NVDA
2017-06-09 00:00:00-04:00,4.066461778895721,4.159273925836498,3.5236577068552033,3.692744016647339,3692928000,0.0,0.0,NVDA
2017-06-12 00:00:00-04:00,3.6009189799688066,3.7445804830455662,3.507859896765143,3.7018768787384033,1697532000,0.0,0.0,NVDA
2017-06-13 00:00:00-04:00,3.8112278717575587,3.8203611577511185,3.595241830409164,3.737175703048706,1672504000,0.0,0.0,NVDA
2017-06-14 00:00:00-04:00,3.740138047299247,3.8028356418674316,3.6655919920164597,3.74507474899292,1184640000,0.0,0.0,NVDA
2017-06-15 00:00:00-04:00,3.627577730222422,3.7914801520644636,3.6162229181602283,3.7611188888549805,963824000,0.0,0.0,NVDA
2017-06-16 00:00:00-04:00,3.770745658213769,3.8186329046912255,3.7085417201511537,3.742605686187744,924960000,0.0,0.0,NVDA
2017-06-19 00:00:00-04:00,3.786790928191132,3.888489669301935,3.7830884606780635,3.8833060264587402,778176000,0.0,0.0,NVDA
2017-06-20 00:00:00-04:00,3.925515579554226,3.992409522258953,3.873432212451151,3.8776283264160156,1095444000,0.0,0.0,NVDA
2017-06-21 00:00:00-04:00,3.9052737693856163,3.9400783198925233,3.8433165423393434,3.936375617980957,682652000,0.0,0.0,NVDA
2017-06-22 00:00:00-04:00,3.9445219975320556,3.9578516323588255,3.885280170016598,3.909223794937134,469132000,0.0,0.0,NVDA
2017-06-23 00:00:00-04:00,3.9168763834962874,3.9326742531761063,3.7821009622756008,3.7971584796905518,1088588000,0.0,0.0,NVDA
2017-06-26 00:00:00-04:00,3.8299875323316153,3.8655326738965305,3.661395109731288,3.755688428878784,1063960000,0.0,0.0,NVDA
2017-06-27 00:00:00-04:00,3.738162989604319,3.746802393577929,3.6125208673750255,3.6181981563568115,999492000,0.0,0.0,NVDA
2017-06-28 00:00:00-04:00,3.6858323884445774,3.7505047956732276,3.5977100041620442,3.745814800262451,994948000,0.0,0.0,NVDA
2017-06-29 00:00:00-04:00,3.717429030364174,3.720390910436152,3.556488442812971,3.6206672191619873,1064424000,0.0,0.0,NVDA
2017-06-30 00:00:00-04:00,3.6379451177454887,3.651521457332143,3.542170859321787,3.568336009979248,731060000,0.0,0.0,NVDA
2017-07-03 00:00:00-04:00,3.5804308545517953,3.595241191499181,3.4207245557172294,3.439237594604492,709072000,0.0,0.0,NVDA
2017-07-05 00:00:00-04:00,3.5026761658314762,3.5599434049981373,3.483669478240256,3.5310630798339844,820188000,0.0,0.0,NVDA
2017-07-06 00:00:00-04:00,3.5019362145538038,3.5885774353702766,3.4498526114954027,3.541677474975586,746284000,0.0,0.0,NVDA
2017-07-07 00:00:00-04:00,3.598451466763625,3.640908141361102,3.5754951306853524,3.6226418018341064,654972000,0.0,0.0,NVDA
2017-07-10 00:00:00-04:00,3.6962011982570524,3.8013554915303773,3.6700360366291855,3.793950319290161,958492000,0.0,0.0,NVDA
2017-07-11 00:00:00-04:00,3.79765189707112,3.8554127883929534,3.7556888744753865,3.8477606773376465,757956000,0.0,0.0,NVDA
2017-07-12 00:00:00-04:00,3.907496865338356,4.023512080278035,3.864546541705107,4.011416912078857,1145208000,0.0,0.0,NVDA
2017-07-13 00:00:00-04:00,4.023509958988561,4.104967507555675,3.9186026741472384,3.9650087356567383,1369132000,0.0,0.0,NVDA
2017-07-14 00:00:00-04:00,3.981301113947039,4.073125964109027,3.9743895913978657,4.071645259857178,941948000,0.0,0.0,NVDA
2017-07-17 00:00:00-04:00,4.10571056998922,4.134591140786141,3.9926572267327245,4.054367542266846,930792000,0.0,0.0,NVDA
2017-07-18 00:00:00-04:00,3.993395850161199,4.111139368068078,3.981547392544041,4.096575736999512,776640000,0.0,0.0,NVDA
2017-07-19 00:00:00-04:00,4.105708685234267,4.132120774787683,4.063252259992133,4.075347423553467,687044000,0.0,0.0,NVDA
2017-07-20 00:00:00-04:00,4.095837126498058,4.134837808266001,4.0459752748699715,4.134591102600098,699596000,0.0,0.0,NVDA
2017-07-21 00:00:00-04:00,4.114102031003843,4.179021383909583,4.099785102754026,4.149400234222412,648332000,0.0,0.0,NVDA
2017-07-24 00:00:00-04:00,4.156559041368289,4.166185738711283,4.090652393568662,4.101266384124756,652524000,0.0,0.0,NVDA
2017-07-25 00:00:00-04:00,4.078310547287298,4.0958365340906395,4.037828695754412,4.081519603729248,496556000,0.0,0.0,NVDA
2017-07-26 00:00:00-04:00,4.139033209410651,4.1945725743035975,4.093861129856091,4.128665924072266,640404000,0.0,0.0,NVDA
2017-07-27 00:00:00-04:00,4.153597483345288,4.165199240140094,3.8892304895037424,3.992410182952881,782856000,0.0,0.0,NVDA
2017-07-28 00:00:00-04:00,3.9566169095934502,4.082259255988734,3.9316862285042915,4.057821750640869,513348000,0.0,0.0,NVDA
2017-07-31 00:00:00-04:00,4.07139934177569,4.107438140723695,3.964764120453458,4.011416912078857,559672000,0.0,0.0,NVDA
2017-08-01 00:00:00-04:00,4.002036274297123,4.062018694339238,3.974143474396219,4.060290813446045,431384000,0.0,0.0,NVDA
2017-08-02 00:00:00-04:00,4.091392541148992,4.095341713576656,3.980807709367627,4.057821750640869,478444000,0.0,0.0,NVDA
2017-08-03 00:00:00-04:00,4.057329536022742,4.11311561491851,4.040297430172129,4.109413146972656,442420000,0.0,0.0,NVDA
2017-08-04 00:00:00-04:00,4.132121152702893,4.19802779443059,4.109411998457126,4.127431392669678,589096000,0.0,0.0,NVDA
2017-08-07 00:00:00-04:00,4.156558665447548,4.254801158043025,4.146931498163025,4.254307746887207,717412000,0.0,0.0,NVDA
2017-08-08 00:00:00-04:00,4.292320132857126,4.308858348198628,4.164456521940732,4.203704357147217,755336000,0.0,0.0,NVDA
2017-08-09 00:00:00-04:00,4.157545963172341,4.250851990252031,4.138785981362695,4.248383522033691,530784000,0.0,0.0,NVDA
2017-08-10 00:00:00-04:00,4.249618873948356,4.261961218970244,4.056342411947575,4.066462993621826,1328088000,0.0,0.0,NVDA
2017-08-11 00:00:00-04:00,3.8788613278374275,3.9247737445009094,3.77444768580478,3.84973406791687,1497196000,0.0,0.0,NVDA
2017-08-14 00:00:00-04:00,3.9413135811520457,4.160508459597006,3.9297120612925163,4.156805992126465,1279020000,0.0,0.0,NVDA
2017-08-15 00:00:00-04:00,4.16198930970338,4.1881542271919665,4.08744325920215,4.121754169464111,764532000,0.0,0.0,NVDA
2017-08-16 00:00:00-04:00,4.136811062009823,4.16026080197758,4.044245629930377,4.0765814781188965,596632000,0.0,0.0,NVDA
2017-08-17 00:00:00-04:00,4.068191029696258,4.085222666093812,3.9835243757913883,3.985745668411255,525444000,0.0,0.0,NVDA
2017-08-18 00:00:00-04:00,4.040048570222623,4.057080666991094,3.9405713981177763,3.9864838123321533,601204000,0.0,0.0,NVDA
2017-08-21 00:00:00-04:00,4.01092287152525,4.02227745018217,3.884540153979132,3.9284777641296387,623672000,0.0,0.0,NVDA
2017-08-22 00:00:00-04:00,3.965041528216996,4.0218648660309855,3.9457709496404267,4.01593542098999,450456000,0.0035,0.0,NVDA
2017-08-23 00:00:00-04:00,3.982583342949593,4.107347681731615,3.9739358616700096,4.0962300300598145,579520000,0.0,0.0,NVDA
2017-08-24 00:00:00-04:00,4.128347766638082,4.132795204652275,4.054724713764202,4.081159591674805,469700000,0.0,0.0,NVDA
2017-08-25 00:00:00-04:00,4.105371076819752,4.115500565398194,4.040641496009872,4.047065258026123,357200000,0.0,0.0,NVDA
2017-08-28 00:00:00-04:00,4.066090379592057,4.0789374377715,4.010502101774578,4.075725555419922,389496000,0.0,0.0,NVDA
2017-08-29 00:00:00-04:00,4.016924193418326,4.090794629376174,4.008771029495037,4.0690531730651855,324096000,0.0,0.0,NVDA
2017-08-30 00:00:00-04:00,4.088819524764588,4.104384619490382,4.05843151763243,4.09326696395874,384400000,0.0,0.0,NVDA
2017-08-31 00:00:00-04:00,4.113523782958517,4.190111783263288,4.106112329809888,4.186159133911133,612684000,0.0,0.0,NVDA
2017-09-01 00:00:00-04:00,4.198757463259495,4.246933772970901,4.190109986250281,4.211357116699219,445432000,0.0,0.0,NVDA
2017-09-05 00:00:00-04:00,4.159972362983429,4.164913647862037,4.0408905075062584,4.098948955535889,695364000,0.0,0.0,NVDA
2017-09-06 00:00:00-04:00,4.1318082262832085,4.145643447465461,4.061643486378747,4.096478462219238,397672000,0.0,0.0,NVDA
2017-09-07 00:00:00-04:00,4.113277208102748,4.147865248993115,4.075230363123344,4.1155009269714355,352868000,0.0,0.0,NVDA
2017-09-08 00:00:00-04:00,4.103887614487085,4.118710988411114,4.019887710206655,4.0440993309021,498856000,0.0,0.0,NVDA
2017-09-11 00:00:00-04:00,4.089805337859583,4.185911049148933,4.084369739669247,4.175287246704102,567444000,0.0,0.0,NVDA
2017-09-12 00:00:00-04:00,4.1999952431551755,4.1999952431551755,4.125136628813396,4.190360069274902,411488000,0.0,0.0,NVDA
2017-09-13 00:00:00-04:00,4.165159719340718,4.238042007108358,4.1327953938231845,4.209136486053467,580960000,0.0,0.0,NVDA
2017-09-14 00:00:00-04:00,4.170100830350117,4.263242095381917,4.145642277300084,4.185171604156494,513712000,0.0,0.0,NVDA
2017-09-15 00:00:00-04:00,4.270653406068114,4.449770927429199,4.265465199763645,4.449770927429199,1364792000,0.0,0.0,NVDA
2017-09-18 00:00:00-04:00,4.574040736232068,4.723758399252469,4.567123128871037,4.633581638336182,1684460000,0.0,0.0,NVDA
2017-09-19 00:00:00-04:00,4.583182360964218,4.690405753276462,4.56119398114663,4.628641128540039,874280000,0.0,0.0,NVDA
2017-09-20 00:00:00-04:00,4.632347100099268,4.679782194921176,4.5510647327853,4.591335296630859,724920000,0.0,0.0,NVDA
2017-09-21 00:00:00-04:00,4.487570836847353,4.513759262321546,4.388006283692316,4.465829849243164,1075600000,0.0,0.0,NVDA
2017-09-22 00:00:00-04:00,4.454465418068465,4.504124234846626,4.412465449567007,4.422347545623779,491232000,0.0,0.0,NVDA
2017-09-25 00:00:00-04:00,4.3914647501691135,4.392700306558007,4.203947627340066,4.224700450897217,874580000,0.0,0.0,NVDA
2017-09-26 00:00:00-04:00,4.359347447608947,4.414441388843439,4.208641608289688,4.248417854309082,1125620000,0.0,0.0,NVDA
2017-09-27 00:00:00-04:00,4.3388413689716705,4.354900303134278,4.26793541860981,4.341558933258057,713720000,0.0,0.0,NVDA
2017-09-28 00:00:00-04:00,4.348724974088555,4.352678096113213,4.2928897761412825,4.340325355529785,435244000,0.0,0.0,NVDA
2017-09-29 00:00:00-04:00,4.424324402428257,4.440382867643851,4.379112551817594,4.416665554046631,619092000,0.0,0.0,NVDA
2017-10-02 00:00:00-04:00,4.466818155946116,4.49597106971505,4.372936122886428,4.422347545623779,503480000,0.0,0.0,NVDA
2017-10-03 00:00:00-04:00,4.428524032029293,4.461383145014506,4.387265302102384,4.431488990783691,390332000,0.0,0.0,NVDA
2017-10-04 00:00:00-04:00,4.437665976848528,4.490783606724383,4.401101131563518,4.46854829788208,427848000,0.0,0.0,NVDA
2017-10-05 00:00:00-04:00,4.493004117923693,4.496462920330476,4.436180329663917,4.466074466705322,437364000,0.0,0.0,NVDA
2017-10-06 00:00:00-04:00,4.438406388138381,4.492512170561095,4.42234745225509,4.479170799255371,318800000,0.0,0.0,NVDA
2017-10-09 00:00:00-04:00,4.515982095754633,4.613323392271761,4.497205597226185,4.580217361450195,563492000,0.0,0.0,NVDA
2017-10-10 00:00:00-04:00,4.729441560872815,4.7669945646375025,4.62641819457424,4.66767692565918,974876000,0.0,0.0,NVDA
2017-10-11 00:00:00-04:00,4.684229191072911,4.718817703406691,4.638276575205916,4.717335224151611,529508000,0.0,0.0,NVDA
2017-10-12 00:00:00-04:00,4.720792847065051,4.770451648644534,4.6923811816607905,4.719557762145996,528292000,0.0,0.0,NVDA
2017-10-13 00:00:00-04:00,4.781817696953885,4.8176412966128614,4.734876915911171,4.807511806488037,628728000,0.0,0.0,NVDA
2017-10-16 00:00:00-04:00,4.837405180822676,4.892993434921235,4.774158079660464,4.890028476715088,576640000,0.0,0.0,NVDA
2017-10-17 00:00:00-04:00,4.869277537964243,4.913995081317996,4.850995349784598,4.885583400726318,478596000,0.0,0.0,NVDA
2017-10-18 00:00:00-04:00,4.894475480390317,4.895216248649555,4.7761344523907425,4.881381034851074,567316000,0.0,0.0,NVDA
2017-10-19 00:00:00-04:00,4.80380615606033,4.891758744636096,4.7546416552198325,4.886817932128906,570772000,0.0,0.0,NVDA
2017-10-20 00:00:00-04:00,4.903864461806197,4.931040576734188,4.855687657833784,4.864582061767578,451620000,0.0,0.0,NVDA
2017-10-23 00:00:00-04:00,4.8863231800094376,4.9127585272818415,4.837405606345006,4.857664585113525,428696000,0.0,0.0,NVDA
2017-10-24 00:00:00-04:00,4.866806745256573,4.9102892016880055,4.84086570785153,4.908559799194336,407244000,0.0,0.0,NVDA
2017-10-25 00:00:00-04:00,4.869028694174797,4.921899383664581,4.7230172267585555,4.784534454345703,828160000,0.0,0.0,NVDA
2017-10-26 00:00:00-04:00,4.81220690881994,4.846300640348931,4.7882421977497645,4.834689140319824,322744000,0.0,0.0,NVDA
2017-10-27 00:00:00-04:00,4.886817696309636,4.987370412186639,4.860876193571652,4.987123489379883,572192000,0.0,0.0,NVDA
2017-10-30 00:00:00-04:00,4.9871232100075185,5.091628569845273,4.971311197953049,5.036040782928467,504056000,0.0,0.0,NVDA
2017-10-31 00:00:00-04:00,5.067912732021352,5.136100669602403,5.06223020754508,5.1094183921813965,411908000,0.0,0.0,NVDA
2017-11-01 00:00:00-04:00,5.172169066524548,5.187486759903278,5.054816196101893,5.119051456451416,502576000,0.0,0.0,NVDA
2017-11-02 00:00:00-04:00,5.089406006174081,5.134123541490991,5.0313470986192215,5.087923526763916,342308000,0.0,0.0,NVDA
2017-11-03 00:00:00-04:00,5.119051056686102,5.155862808227539,5.073098451365165,5.155862808227539,353640000,0.0,0.0,NVDA
2017-11-06 00:00:00-05:00,5.119051939110113,5.187734171800686,5.106699202627933,5.179087162017822,389944000,0.0,0.0,NVDA
2017-11-07 00:00:00-05:00,5.201817020250571,5.259875921080676,5.189711205998855,5.238381385803223,427700000,0.0,0.0,NVDA
2017-11-08 00:00:00-05:00,5.233934697736557,5.237640896029847,5.1200410801021095,5.167476177215576,522988000,0.0,0.0,NVDA
2017-11-09 00:00:00-05:00,5.071370524589968,5.097558479826564,4.950311902064383,5.072605609893799,978564000,0.0,0.0,NVDA
2017-11-10 00:00:00-05:00,5.264323998698677,5.4024297391543135,5.228500393977329,5.339923858642578,1253256000,0.0,0.0,NVDA
2017-11-13 00:00:00-05:00,5.339923280958787,5.365369997294561,5.237888079112497,5.2532057762146,582376000,0.0,0.0,NVDA
2017-11-14 00:00:00-05:00,5.262347173743451,5.306817790229044,5.218617797029527,5.291500091552734,529292000,0.0,0.0,NVDA
2017-11-15 00:00:00-05:00,5.236405256732466,5.237640813219607,5.133876215956097,5.187734603881836,501948000,0.0,0.0,NVDA
2017-11-16 00:00:00-05:00,5.261852684387913,5.291993761130126,5.219111475522284,5.228005409240723,441768000,0.0,0.0,NVDA
2017-11-17 00:00:00-05:00,5.2850746006574525,5.320403873566843,5.206757208686107,5.221827507019043,515664000,0.0,0.0,NVDA
2017-11-20 00:00:00-05:00,5.237393509074331,5.301134936310986,5.200581747489465,5.289029121398926,396100000,0.0,0.0,NVDA
2017-11-21 00:00:00-05:00,5.328805003612129,5.349310904953259,5.296934527800828,5.337698936462402,399176000,0.0,0.0,NVDA
2017-11-22 00:00:00-05:00,5.364894666353506,5.364894666353506,5.28108346849205,5.313717842102051,356640000,0.00375,0.0,NVDA
2017-11-24 00:00:00-05:00,5.330036533860649,5.364896181149841,5.305560510965207,5.3639068603515625,180752000,0.0,0.0,NVDA
2017-11-27 00:00:00-05:00,5.37255936951022,5.373795312950632,5.290972955818318,5.294187068939209,422896000,0.0,0.0,NVDA
2017-11-28 00:00:00-05:00,5.299378203743134,5.308772975975196,5.148320564993011,5.209386348724365,512752000,0.0,0.0,NVDA
2017-11-29 00:00:00-05:00,5.192080948600009,5.19480040139779,4.727782599790891,4.856095314025879,1396788000,0.0,0.0,NVDA
2017-11-30 00:00:00-05:00,4.924823825493435,5.010859798414919,4.861780354729663,4.962155342102051,823768000,0.0,0.0,NVDA
2017-12-01 00:00:00-05:00,4.927544197043412,4.947817250986927,4.75843876594354,4.8872456550598145,811548000,0.0,0.0,NVDA
2017-12-04 00:00:00-05:00,4.945838941724896,4.95202007271624,4.561396454700136,4.614798069000244,1240844000,0.0,0.0,NVDA
2017-12-05 00:00:00-05:00,4.509477576362793,4.7641247835091916,4.464481888253141,4.641498565673828,981488000,0.0,0.0,NVDA
2017-12-06 00:00:00-05:00,4.5910639435784715,4.700834193729968,4.569802040659538,4.679078102111816,467032000,0.0,0.0,NVDA
2017-12-07 00:00:00-05:00,4.7458288327199245,4.786374931652519,4.700338490122133,4.746570587158203,542600000,0.0,0.0,NVDA
2017-12-08 00:00:00-05:00,4.796510288960597,4.815547392637218,4.725802663489476,4.734208583831787,466876000,0.0,0.0,NVDA
2017-12-11 00:00:00-05:00,4.7483025906836165,4.815549511456508,4.732480063180663,4.812582492828369,372748000,0.0,0.0,NVDA
2017-12-12 00:00:00-05:00,4.769068889448816,4.792308485063112,4.694652481691829,4.718139171600342,455016000,0.0,0.0,NVDA
2017-12-13 00:00:00-05:00,4.759179979672569,4.760415922832858,4.595513472183002,4.602930545806885,554280000,0.0,0.0,NVDA
2017-12-14 00:00:00-05:00,4.596501109855693,4.681054029293897,4.56386674899616,4.610098838806152,438164000,0.0,0.0,NVDA
2017-12-15 00:00:00-05:00,4.654108374324491,4.756214466107102,4.589086715607168,4.735941410064697,670036000,0.0,0.0,NVDA
2017-12-18 00:00:00-05:00,4.776486463239005,4.895651483320043,4.746819109056578,4.8926849365234375,477704000,0.0,0.0,NVDA
2017-12-19 00:00:00-05:00,4.883291231130757,4.888483042824579,4.820000170102468,4.848431587219238,373100000,0.0,0.0,NVDA
2017-12-20 00:00:00-05:00,4.887739276321822,4.896886480843627,4.809861661414073,4.865488529205322,288820000,0.0,0.0,NVDA
2017-12-21 00:00:00-05:00,4.8689508828196235,4.893921087746571,4.834585905306429,4.842991828918457,300904000,0.0,0.0,NVDA
2017-12-22 00:00:00-05:00,4.806154424199499,4.8370581940822435,4.728276792059835,4.827663421630859,466276000,0.0,0.0,NVDA
2017-12-26 00:00:00-05:00,4.772282936236339,4.888975584385179,4.742368019699331,4.881311416625977,355080000,0.0,0.0,NVDA
2017-12-27 00:00:00-05:00,4.867962754307378,4.943862229295616,4.853376168782072,4.874637603759766,329488000,0.0,0.0,NVDA
2017-12-28 00:00:00-05:00,4.898369764995479,4.92927352662231,4.874141321508135,4.880321979522705,240248000,0.0,0.0,NVDA
2017-12-29 00:00:00-05:00,4.906529338415578,4.906529338415578,4.783903121948242,4.783903121948242,279964000,0.0,0.0,NVDA
2018-01-02 00:00:00-05:00,4.8402718238970985,4.932241850273964,4.808626771034557,4.92853307723999,355616000,0.0,0.0,NVDA
2018-01-03 00:00:00-05:00,5.045967551442448,5.283308751359066,5.037314533526364,5.252899169921875,914704000,0.0,0.0,NVDA
2018-01-04 00:00:00-05:00,5.334236844096128,5.390852561261847,5.258336925821881,5.280587673187256,583268000,0.0,0.0,NVDA
2018-01-05 00:00:00-05:00,5.295422017377992,5.362668450590756,5.218533247472981,5.325336933135986,580124000,0.0,0.0,NVDA
2018-01-08 00:00:00-05:00,5.448952394339711,5.562678029939186,5.403956234443299,5.488509178161621,881216000,0.0,0.0,NVDA
2018-01-09 00:00:00-05:00,5.493948628878952,5.533505416633515,5.40544028091156,5.487026214599609,497000000,0.0,0.0,NVDA
2018-01-10 00:00:00-05:00,5.394561406614446,5.533504808749186,5.340170947315524,5.530043601989746,582664000,0.0,0.0,NVDA
2018-01-11 00:00:00-05:00,5.562677664819072,5.594076089799403,5.5184232623627505,5.539932727813721,406032000,0.0,0.0,NVDA
2018-01-12 00:00:00-05:00,5.528066565771384,5.562431543153365,5.472192590731405,5.512738227844238,359916000,0.0,0.0,NVDA
2018-01-16 00:00:00-05:00,5.539192368368986,5.624733705324499,5.357230940283199,5.441783428192139,702348000,0.0,0.0,NVDA
2018-01-17 00:00:00-05:00,5.456368527184232,5.565644097724936,5.36242129157781,5.555755138397217,538408000,0.0,0.0,NVDA
2018-01-18 00:00:00-05:00,5.536472055944906,5.603224313227922,5.505321191167811,5.548833847045898,408632000,0.0,0.0,NVDA
2018-01-19 00:00:00-05:00,5.639071650799622,5.7132404960728875,5.612123753333659,5.689012050628662,609380000,0.0,0.0,NVDA
2018-01-22 00:00:00-05:00,5.696924523479651,5.77925221387393,5.639319943950275,5.77752161026001,550944000,0.0,0.0,NVDA
2018-01-23 00:00:00-05:00,5.830923313653374,5.929321098289492,5.812381333897702,5.906576156616211,475228000,0.0,0.0,NVDA
2018-01-24 00:00:00-05:00,5.909790992926198,5.945639487878094,5.774061655418843,5.829688549041748,579972000,0.0,0.0,NVDA
2018-01-25 00:00:00-05:00,5.8840778163280145,5.927343378708648,5.828451405709394,5.843285083770752,409884000,0.0,0.0,NVDA
2018-01-26 00:00:00-05:00,5.887043674331371,6.016097638287807,5.874187696798124,6.01585054397583,516356000,0.0,0.0,NVDA
2018-01-29 00:00:00-05:00,6.001264298261663,6.1340270420813825,5.9486044420742274,6.102875709533691,455116000,0.0,0.0,NVDA
2018-01-30 00:00:00-05:00,5.960965263714578,6.092244487539131,5.894213020097887,6.000769138336182,570832000,0.0,0.0,NVDA
2018-01-31 00:00:00-05:00,6.076175416884301,6.162706065166608,6.043541044074206,6.0769171714782715,478576000,0.0,0.0,NVDA
2018-02-01 00:00:00-05:00,5.896934093794209,6.104113294596944,5.885561622425427,5.94588565826416,519224000,0.0,0.0,NVDA
2018-02-02 00:00:00-05:00,5.859354748914135,5.883336103665258,5.715219526064751,5.773318290710449,718464000,0.0,0.0,NVDA
2018-02-05 00:00:00-05:00,5.612125599243824,5.766149810354088,5.068218983160977,5.283309459686279,1165204000,0.0,0.0,NVDA
2018-02-06 00:00:00-05:00,5.05338432630635,5.57998433084788,5.0434948941007605,5.577017784118652,1114800000,0.0,0.0,NVDA
2018-02-07 00:00:00-05:00,5.675909474090779,5.809166407208525,5.604707168935576,5.656625270843506,802932000,0.0,0.0,NVDA
2018-02-08 00:00:00-05:00,5.782218840951147,5.815347401730895,5.377502830833202,5.377750396728516,1144000000,0.0,0.0,NVDA
2018-02-09 00:00:00-05:00,5.890257312804555,5.906079835470888,5.377749327545512,5.737716197967529,1674604000,0.0,0.0,NVDA
2018-02-12 00:00:00-05:00,5.818808628460244,5.82177564678138,5.563420121542526,5.637588977813721,1093172000,0.0,0.0,NVDA
2018-02-13 00:00:00-05:00,5.601246328630242,5.797547222970472,5.568859050623406,5.751315116882324,625524000,0.0,0.0,NVDA
2018-02-14 00:00:00-05:00,5.71101699980953,5.997556863844,5.699891623339251,5.968630790710449,744988000,0.0,0.0,NVDA
2018-02-15 00:00:00-05:00,6.051947731374953,6.140456088711402,5.971103543738226,6.094223976135254,698900000,0.0,0.0,NVDA
2018-02-16 00:00:00-05:00,6.067027962216665,6.180753602150273,6.019312348241568,6.0284600257873535,637656000,0.0,0.0,NVDA
2018-02-20 00:00:00-05:00,6.050959659179915,6.226987547387252,6.047250885265722,6.158010482788086,686240000,0.0,0.0,NVDA
2018-02-21 00:00:00-05:00,6.222535918326724,6.229458332478876,5.967146934630271,5.970855236053467,892292000,0.0,0.0,NVDA
2018-02-22 00:00:00-05:00,6.004747284195494,6.07648834238074,5.924842326398158,5.99039888381958,534364000,0.00375,0.0,NVDA
2018-02-23 00:00:00-05:00,6.0502672929596075,6.083911418914795,5.999553620133253,6.083911418914795,415300000,0.0,0.0,NVDA
2018-02-26 00:00:00-05:00,6.13017112926487,6.134623951132203,6.037649446205183,6.099990367889404,469312000,0.0,0.0,NVDA
2018-02-27 00:00:00-05:00,6.073271874464876,6.157630120817602,6.064118983738408,6.087125778198242,455436000,0.0,0.0,NVDA
2018-02-28 00:00:00-05:00,6.098010078024938,6.137591445047274,5.975060403629006,5.986687660217285,523116000,0.0,0.0,NVDA
2018-03-01 00:00:00-05:00,5.984461315186211,6.038391083821471,5.643319137357673,5.744499206542969,1040120000,0.0,0.0,NVDA
2018-03-02 00:00:00-05:00,5.636888609401748,5.8580500352262685,5.488210947132156,5.851617813110352,913428000,0.0,0.0,NVDA
2018-03-05 00:00:00-05:00,5.801397073485821,5.869180270679983,5.677952431461967,5.829598903656006,620776000,0.0,0.0,NVDA
2018-03-06 00:00:00-05:00,5.914945562921351,6.009941117653981,5.8719008422627255,5.990644931793213,636808000,0.0,0.0,NVDA
2018-03-07 00:00:00-05:00,5.887734807945896,6.034928484845222,5.886498096441713,5.982730388641357,581208000,0.0,0.0,NVDA
2018-03-08 00:00:00-05:00,6.01018947484931,6.01018947484931,5.92212061882495,5.966402530670166,411912000,0.0,0.0,NVDA
2018-03-09 00:00:00-05:00,6.013900047772053,6.0819304984239935,5.997820440496951,6.069067001342773,505524000,0.0,0.0,NVDA
2018-03-12 00:00:00-04:00,6.110379835581523,6.2588097329259025,6.102215936430128,6.178657531738281,605060000,0.0,0.0,NVDA
2018-03-13 00:00:00-04:00,6.221453679402571,6.29591633188752,6.086629523082086,6.1279425621032715,619772000,0.0,0.0,NVDA
2018-03-14 00:00:00-04:00,6.170989734540224,6.198202107584009,6.0910847665644345,6.153425693511963,505496000,0.0,0.0,NVDA
2018-03-15 00:00:00-04:00,6.167029585275466,6.249407945741046,6.126211040898413,6.168266296386719,401952000,0.0,0.0,NVDA
2018-03-16 00:00:00-04:00,6.184595753727851,6.21551873249649,6.14699330585141,6.196470260620117,399456000,0.0,0.0,NVDA
2018-03-19 00:00:00-04:00,6.139570518015361,6.168514090312586,5.862995459305732,5.961948871612549,713772000,0.0,0.0,NVDA
2018-03-20 00:00:00-04:00,5.964918429506009,6.213044460247804,5.964918429506009,6.174205303192139,554696000,0.0,0.0,NVDA
2018-03-21 00:00:00-04:00,6.16777421938077,6.234073479083232,6.118544978312256,6.14897346496582,438688000,0.0,0.0,NVDA
2018-03-22 00:00:00-04:00,6.0856433543150175,6.132151454371844,5.945624086336577,5.982978820800781,551196000,0.0,0.0,NVDA
2018-03-23 00:00:00-04:00,5.996582066781193,5.999055960912495,5.752167177512115,5.763299465179443,735620000,0.0,0.0,NVDA
2018-03-26 00:00:00-04:00,5.887733155839293,6.049274716986019,5.835782793991371,6.048038005828857,611424000,0.0,0.0,NVDA
2018-03-27 00:00:00-04:00,6.128933082184735,6.184594527299858,5.438732578298572,5.578999042510986,1409000000,0.0,0.0,NVDA
2018-03-28 00:00:00-04:00,5.544613718812532,5.67473738103299,5.368229213181982,5.475841045379639,945904000,0.0,0.0,NVDA
2018-03-29 00:00:00-04:00,5.544118839592493,5.825889006817757,5.459761051720373,5.729162216186523,916628000,0.0,0.0,NVDA
2018-04-02 00:00:00-04:00,5.65865796983592,5.804861717973978,5.380598403789468,5.468419551849365,922092000,0.0,0.0,NVDA
2018-04-03 00:00:00-04:00,5.635401125274345,5.698483764177449,5.475838517902926,5.57479190826416,667432000,0.0,0.0,NVDA
2018-04-04 00:00:00-04:00,5.318999012022968,5.607201368983579,5.294013289444341,5.596811294555664,789168000,0.0,0.0,NVDA
2018-04-05 00:00:00-04:00,5.65519464058194,5.6683058593191,5.405089661716826,5.476583480834961,701240000,0.0,0.0,NVDA
2018-04-06 00:00:00-04:00,5.373919505434089,5.482026320609433,5.271007728689748,5.300199031829834,662988000,0.0,0.0,NVDA
2018-04-09 00:00:00-04:00,5.363280468933006,5.491177933291414,5.308855734914123,5.328894138336182,499524000,0.0,0.0,NVDA
2018-04-10 00:00:00-04:00,5.55920803036693,5.665088157849503,5.50206215759997,5.638123512268066,761676000,0.0,0.0,NVDA
2018-04-11 00:00:00-04:00,5.62328144829461,5.664594498095268,5.564156640111601,5.596811294555664,460244000,0.0,0.0,NVDA
2018-04-12 00:00:00-04:00,5.689826888185787,5.821434956028327,5.645544980581532,5.803623199462891,593920000,0.0,0.0,NVDA
2018-04-13 00:00:00-04:00,5.867201385591195,5.875612532985618,5.678695144028108,5.726934909820557,503036000,0.0,0.0,NVDA
2018-04-16 00:00:00-04:00,5.733614147299692,5.760084299811818,5.632434078425284,5.726687431335449,350792000,0.0,0.0,NVDA
2018-04-17 00:00:00-04:00,5.778884293411235,5.897628374875211,5.723222857772798,5.8763532638549805,447224000,0.0,0.0,NVDA
2018-04-18 00:00:00-04:00,5.82588736447339,5.918656274556387,5.7583518923655435,5.847409725189209,391364000,0.0,0.0,NVDA
2018-04-19 00:00:00-04:00,5.733119074287897,5.766515942150485,5.610664363972203,5.666078090667725,471996000,0.0,0.0,NVDA
2018-04-20 00:00:00-04:00,5.657420147679795,5.74177792762923,5.626744891600924,5.657915115356445,386200000,0.0,0.0,NVDA
2018-04-23 00:00:00-04:00,5.675727360244763,5.726935521966214,5.512454071565692,5.538429260253906,427508000,0.0,0.0,NVDA
2018-04-24 00:00:00-04:00,5.564156045646277,5.660140599894155,5.406820043029598,5.4721293449401855,414596000,0.0,0.0,NVDA
2018-04-25 00:00:00-04:00,5.442442150977919,5.481529015007431,5.20248009873155,5.359816074371338,588492000,0.0,0.0,NVDA
2018-04-26 00:00:00-04:00,5.521607051664017,5.579742403142693,5.455555519484757,5.571578502655029,375824000,0.0,0.0,NVDA
2018-04-27 00:00:00-04:00,5.677459130979078,5.697249818657661,5.556735605846674,5.599038124084473,400848000,0.0,0.0,NVDA
2018-04-30 00:00:00-04:00,5.615363736106558,5.6650879239614875,5.5443649075919055,5.563660621643066,327844000,0.0,0.0,NVDA
2018-05-01 00:00:00-04:00,5.55550003222237,5.621798825933117,5.496869700997208,5.619077682495117,253788000,0.0,0.0,NVDA
2018-05-02 00:00:00-04:00,5.615612710506377,5.660141400230439,5.572320260380041,5.598543167114258,268248000,0.0,0.0,NVDA
2018-05-03 00:00:00-04:00,5.630454679177173,5.790017324562317,5.585183309460886,5.763794422149658,443144000,0.0,0.0,NVDA
2018-05-04 00:00:00-04:00,5.7350996632564755,5.917174183353301,5.717782870070184,5.9139580726623535,400660000,0.0,0.0,NVDA
2018-05-07 00:00:00-04:00,6.018599654032743,6.209085263741218,6.008704077080421,6.151939392089844,687616000,0.0,0.0,NVDA
2018-05-08 00:00:00-04:00,6.152186975524751,6.197211098158286,6.103204999372075,6.1944899559021,506616000,0.0,0.0,NVDA
2018-05-09 00:00:00-04:00,6.214528257984125,6.329809005936761,6.18731589010323,6.327582359313965,596760000,0.0,0.0,NVDA
2018-05-10 00:00:00-04:00,6.38052298278593,6.444347860329408,6.362711224455021,6.435194969177246,994080000,0.0,0.0,NVDA
2018-05-11 00:00:00-04:00,6.25336796809054,6.42678407310929,6.197954235801118,6.29665994644165,1214456000,0.0,0.0,NVDA
2018-05-14 00:00:00-04:00,6.334758021090902,6.3946250532774735,6.293444965477421,6.317193508148193,523140000,0.0,0.0,NVDA
2018-05-15 00:00:00-04:00,6.2536154975445495,6.256337112175295,5.974319233008207,6.074757099151611,963528000,0.0,0.0,NVDA
2018-05-16 00:00:00-04:00,6.03616466563345,6.147982060929388,5.99930443766662,6.085888862609863,553828000,0.0,0.0,NVDA
2018-05-17 00:00:00-04:00,6.087618986315074,6.221700927249059,6.071538911199685,6.1279425621032715,519784000,0.0,0.0,NVDA
2018-05-18 00:00:00-04:00,6.179896227947224,6.243226150538267,6.079210630280666,6.084158420562744,483716000,0.0,0.0,NVDA
2018-05-21 00:00:00-04:00,6.181626102984507,6.185336708689338,5.949332465811545,6.0421013832092285,640624000,0.0,0.0,NVDA
2018-05-22 00:00:00-04:00,6.055460350202838,6.080693318451757,5.943395244493414,6.00400447845459,518264000,0.0,0.0,NVDA
2018-05-23 00:00:00-04:00,5.947814596051334,6.128764231744381,5.947071921391003,6.12752628326416,442956000,0.00375,0.0,NVDA
2018-05-24 00:00:00-04:00,6.123811230313286,6.17356616582147,6.070590795700604,6.131237030029297,437372000,0.0,0.0,NVDA
2018-05-25 00:00:00-04:00,6.143864101308028,6.1869354572427975,6.108219020311304,6.170598030090332,292112000,0.0,0.0,NVDA
2018-05-29 00:00:00-04:00,6.1525262172712605,6.2215892810621005,6.106732047673409,6.1535162925720215,352684000,0.0,0.0,NVDA
2018-05-30 00:00:00-04:00,6.1871816591618956,6.271096324244064,6.162427888193122,6.26243257522583,390996000,0.0,0.0,NVDA
2018-05-31 00:00:00-04:00,6.23050265921606,6.317140652893605,6.219858755752501,6.242631912231445,493868000,0.0,0.0,NVDA
2018-06-01 00:00:00-04:00,6.287435040575867,6.3832320453425755,6.278771289775133,6.3770432472229,421968000,0.0,0.0,NVDA
2018-06-04 00:00:00-04:00,6.411202417021347,6.5780421515053655,6.379022843816979,6.55601167678833,642024000,0.0,0.0,NVDA
2018-06-05 00:00:00-04:00,6.559228656896307,6.599082372375803,6.514424565200413,6.561456680297852,391712000,0.0,0.0,NVDA
2018-06-06 00:00:00-04:00,6.471353845429838,6.566655560807269,6.4550164219976764,6.563437461853027,371356000,0.0,0.0,NVDA
2018-06-07 00:00:00-04:00,6.559724903965108,6.571606752925351,6.417391061532925,6.507742404937744,369448000,0.0,0.0,NVDA
2018-06-08 00:00:00-04:00,6.434965830829202,6.534970517946887,6.416152983762505,6.49239444732666,360456000,0.0,0.0,NVDA
2018-06-11 00:00:00-04:00,6.479771591277142,6.5213575972940445,6.438432986113474,6.451304912567139,265372000,0.0,0.0,NVDA
2018-06-12 00:00:00-04:00,6.47778975869628,6.511949480997829,6.4275395423305595,6.499820232391357,319160000,0.0,0.0,NVDA
2018-06-13 00:00:00-04:00,6.501307976268065,6.576311519053559,6.486208024075457,6.495367050170898,338208000,0.0,0.0,NVDA
2018-06-14 00:00:00-04:00,6.540416994936527,6.663690110712842,6.525564448253936,6.607004165649414,430016000,0.0,0.0,NVDA
2018-06-15 00:00:00-04:00,6.549822778805801,6.621113395780901,6.518880682219291,6.566160202026367,432260000,0.0,0.0,NVDA
2018-06-18 00:00:00-04:00,6.522100293417708,6.579528924871867,6.494871563162496,6.561954021453857,356268000,0.0,0.0,NVDA
2018-06-19 00:00:00-04:00,6.458730498002067,6.526060826800312,6.312684208010467,6.4401655197143555,594932000,0.0,0.0,NVDA
2018-06-20 00:00:00-04:00,6.481255987302386,6.546110411737297,6.442887614438491,6.493137836456299,369780000,0.0,0.0,NVDA
2018-06-21 00:00:00-04:00,6.525069924612877,6.543387499735003,6.356744832151095,6.3644185066223145,359516000,0.0,0.0,NVDA
2018-06-22 00:00:00-04:00,6.3852119506341705,6.398579149720356,6.19658911913783,6.211935997009277,434160000,0.0,0.0,NVDA
2018-06-25 00:00:00-04:00,6.1054945805374725,6.1092074809555,5.830481217478698,5.9190993309021,665816000,0.0,0.0,NVDA
2018-06-26 00:00:00-04:00,6.032472449941895,6.080742053809958,5.938655595739779,5.990143299102783,478884000,0.0,0.0,NVDA
2018-06-27 00:00:00-04:00,6.03370900509341,6.100048775178411,5.82949097298852,5.83493709564209,453892000,0.0,0.0,NVDA
2018-06-28 00:00:00-04:00,5.82503595400182,5.974053404221776,5.817362279104554,5.96217155456543,338012000,0.0,0.0,NVDA
2018-06-29 00:00:00-04:00,6.027273062771362,6.039897113250916,5.862908284353152,5.8641462326049805,392300000,0.0,0.0,NVDA
2018-07-02 00:00:00-04:00,5.794587684549925,6.000043161271461,5.774042089663885,5.996330261230469,357572000,0.0,0.0,NVDA
2018-07-03 00:00:00-04:00,6.030987436168551,6.036928361667056,5.85424596490085,5.862662315368652,222732000,0.0,0.0,NVDA
2018-07-05 00:00:00-04:00,5.917861779456704,6.013410898540981,5.878998606440352,6.008460521697998,306216000,0.0,0.0,NVDA
2018-07-06 00:00:00-04:00,5.983954725536616,6.130744154216776,5.962666450577031,6.12232780456543,296352000,0.0,0.0,NVDA
2018-07-09 00:00:00-04:00,6.196587602076419,6.206241425642423,6.09113680088328,6.169853210449219,303880000,0.0,0.0,NVDA
2018-07-10 00:00:00-04:00,6.182231429035553,6.290899875958122,6.14188290579733,6.268869400024414,360016000,0.0,0.0,NVDA
2018-07-11 00:00:00-04:00,6.176042720387159,6.210697717776225,6.1166334789502885,6.127277851104736,367508000,0.0,0.0,NVDA
2018-07-12 00:00:00-04:00,6.17257832095089,6.266889505248286,6.162676621566726,6.218867301940918,345508000,0.0,0.0,NVDA
2018-07-13 00:00:00-04:00,6.237431960918624,6.237431960918624,6.129505717590321,6.171586990356445,246988000,0.0,0.0,NVDA
2018-07-16 00:00:00-04:00,6.143863677978516,6.196836730180683,6.131487026073601,6.143863677978516,197036000,0.0,0.0,NVDA
2018-07-17 00:00:00-04:00,6.094603051902498,6.294860308062987,6.069106605259504,6.279760360717773,362136000,0.0,0.0,NVDA
2018-07-18 00:00:00-04:00,6.272334568278364,6.286196567361284,6.179508276871868,6.2305006980896,277640000,0.0,0.0,NVDA
2018-07-19 00:00:00-04:00,6.211687121314572,6.272333832325408,6.196587647859032,6.238668441772461,235752000,0.0,0.0,NVDA
2018-07-20 00:00:00-04:00,6.236195934323171,6.275059117017528,6.199560303728143,6.210452079772949,222352000,0.0,0.0,NVDA
2018-07-23 00:00:00-04:00,6.183964349724735,6.185697099749566,6.02207497853552,6.1738152503967285,301584000,0.0,0.0,NVDA
2018-07-24 00:00:00-04:00,6.221838124975976,6.30847610776311,6.138913043462612,6.156488418579102,354620000,0.0,0.0,NVDA
2018-07-25 00:00:00-04:00,6.165894536300026,6.24733426437983,6.107970635344366,6.234709739685059,319112000,0.0,0.0,NVDA
2018-07-26 00:00:00-04:00,6.214658568117562,6.345110083676577,6.197825870812432,6.308227062225342,325124000,0.0,0.0,NVDA
2018-07-27 00:00:00-04:00,6.3448642640258255,6.351795265316582,6.184460214467215,6.2384233474731445,295420000,0.0,0.0,NVDA
2018-07-30 00:00:00-04:00,6.252532890852481,6.258473816234488,6.008213691917127,6.043116569519043,340340000,0.0,0.0,NVDA
2018-07-31 00:00:00-04:00,6.032719637282077,6.135942441196427,5.99385646029376,6.06118631362915,283988000,0.0,0.0,NVDA
2018-08-01 00:00:00-04:00,6.09262210375238,6.147822691981243,6.037173642616299,6.101037979125977,283556000,0.0,0.0,NVDA
2018-08-02 00:00:00-04:00,6.029749141047984,6.207728078501281,5.970835635437559,6.203767776489258,269668000,0.0,0.0,NVDA
2018-08-03 00:00:00-04:00,6.228272971902883,6.264165919607523,6.211440745986463,6.2404022216796875,214288000,0.0,0.0,NVDA
2018-08-06 00:00:00-04:00,6.227778637630707,6.291642990430668,6.181241785812209,6.288177490234375,207508000,0.0,0.0,NVDA
2018-08-07 00:00:00-04:00,6.336941596463925,6.379022867511441,6.310207673604659,6.360457420349121,258132000,0.0,0.0,NVDA
2018-08-08 00:00:00-04:00,6.36169554042197,6.441897311165495,6.326792668784326,6.39684534072876,262100000,0.0,0.0,NVDA
2018-08-09 00:00:00-04:00,6.414667882430087,6.417390707637706,6.340654439531383,6.348328113555908,204280000,0.0,0.0,NVDA
2018-08-10 00:00:00-04:00,6.266394220993968,6.339417595842179,6.255255046114106,6.306990146636963,256396000,0.0,0.0,NVDA
2018-08-13 00:00:00-04:00,6.315653913857038,6.460710588509444,6.3139211638074855,6.339912414550781,375208000,0.0,0.0,NVDA
2018-08-14 00:00:00-04:00,6.445362283991163,6.485463402153292,6.362189821795851,6.471353530883789,466220000,0.0,0.0,NVDA
2018-08-15 00:00:00-04:00,6.492147034403031,6.526059830539484,6.334466318825714,6.413183212280273,591136000,0.0,0.0,NVDA
2018-08-16 00:00:00-04:00,6.4829869361970145,6.485462360094606,6.312433865122016,6.372585296630859,801260000,0.0,0.0,NVDA
2018-08-17 00:00:00-04:00,6.261195376416525,6.2619380509565366,6.033213650329379,6.060195446014404,1143188000,0.0,0.0,NVDA
2018-08-20 00:00:00-04:00,6.019600487129649,6.267632104777929,5.909198806587006,6.134952545166016,854388000,0.0,0.0,NVDA
2018-08-21 00:00:00-04:00,6.1512889373044874,6.275057324485106,6.131486014241146,6.270601749420166,673988000,0.0,0.0,NVDA
2018-08-22 00:00:00-04:00,6.237927115238175,6.510712472351774,6.23446161538752,6.505761623382568,749856000,0.0,0.0,NVDA
2018-08-23 00:00:00-04:00,6.467145678553846,6.670621033220095,6.453283679521441,6.605271339416504,720684000,0.0,0.0,NVDA
2018-08-24 00:00:00-04:00,6.613688238675756,6.753051387281747,6.6092326632070675,6.7384467124938965,531512000,0.0,0.0,NVDA
2018-08-27 00:00:00-04:00,6.768149910104254,6.903800138730226,6.736713013293034,6.8295392990112305,505776000,0.0,0.0,NVDA
2018-08-28 00:00:00-04:00,6.823597320533472,6.846370937067826,6.67185709363683,6.79191255569458,475384000,0.0,0.0,NVDA
2018-08-29 00:00:00-04:00,6.784235953539835,6.922437160639441,6.763431582500513,6.8974223136901855,420108000,0.00375,0.0,NVDA
2018-08-30 00:00:00-04:00,6.866216251597537,6.977421393707401,6.843678179797916,6.880581378936768,346608000,0.0,0.0,NVDA
2018-08-31 00:00:00-04:00,6.860518705353162,6.964541026663691,6.850611592658287,6.951662063598633,306592000,0.0,0.0,NVDA
2018-09-04 00:00:00-04:00,6.93853665598784,7.064106456076372,6.91005440916586,7.026460647583008,391720000,0.0,0.0,NVDA
2018-09-05 00:00:00-04:00,7.008874900336056,7.044291934808449,6.814699814857266,6.895688533782959,393156000,0.0,0.0,NVDA
2018-09-06 00:00:00-04:00,6.879341871254845,6.881818649609334,6.721574916490937,6.754515171051025,322796000,0.0,0.0,NVDA
2018-09-07 00:00:00-04:00,6.66238174160701,6.858786077065272,6.617553136187918,6.733216285705566,295420000,0.0,0.0,NVDA
2018-09-10 00:00:00-04:00,6.755755333634524,6.83401975233547,6.711917338819199,6.8042988777160645,220140000,0.0,0.0,NVDA
2018-09-11 00:00:00-04:00,6.757983072323888,6.845659048570117,6.7371786994648915,6.756497383117676,243112000,0.0,0.0,NVDA
2018-09-12 00:00:00-04:00,6.716620597432651,6.736186813534296,6.487028513639197,6.642566680908203,419092000,0.0,0.0,NVDA
2018-09-13 00:00:00-04:00,6.708448566653494,6.810984736361112,6.69111159018085,6.7203369140625,305536000,0.0,0.0,NVDA
2018-09-14 00:00:00-04:00,6.810738545076135,6.912531654120937,6.773835342555874,6.846403121948242,386936000,0.0,0.0,NVDA
2018-09-17 00:00:00-04:00,6.8208925129725895,6.869931596503318,6.765166174324665,6.784484386444092,205528000,0.0,0.0,NVDA
2018-09-18 00:00:00-04:00,6.788446558357534,6.891230262542851,6.705724144855776,6.712410926818848,299520000,0.0,0.0,NVDA
2018-09-19 00:00:00-04:00,6.6938356354449295,6.7540199784345045,6.643805941808614,6.73618745803833,224860000,0.0,0.0,NVDA
2018-09-20 00:00:00-04:00,6.6140847677748225,6.6564365884042935,6.541021464397834,6.5950140953063965,430584000,0.0,0.0,NVDA
2018-09-21 00:00:00-04:00,6.606903132517118,6.652474816805509,6.491735532568908,6.524923324584961,435128000,0.0,0.0,NVDA
2018-09-24 00:00:00-04:00,6.493964493880408,6.5841172482116885,6.406784062740959,6.5806498527526855,293912000,0.0,0.0,NVDA
2018-09-25 00:00:00-04:00,6.646778834141386,6.672784301880277,6.56108408628115,6.647769451141357,280388000,0.0,0.0,NVDA
2018-09-26 00:00:00-04:00,6.652723305428943,6.693093902462129,6.595015729129467,6.610866546630859,268548000,0.0,0.0,NVDA
2018-09-27 00:00:00-04:00,6.64603620513164,6.66733612546946,6.591300951083376,6.62275505065918,214428000,0.0,0.0,NVDA
2018-09-28 00:00:00-04:00,6.754764526446273,6.982374975561883,6.726777350617428,6.960084438323975,709396000,0.0,0.0,NVDA
2018-10-01 00:00:00-04:00,7.037853482459887,7.233514279165872,6.999216584387794,7.166643142700195,622060000,0.0,0.0,NVDA
2018-10-02 00:00:00-04:00,7.139152020710632,7.250851773853942,7.073023488005332,7.095314025878906,383964000,0.0,0.0,NVDA
2018-10-03 00:00:00-04:00,7.165650658107738,7.17308099288932,6.9974815240731525,7.101503849029541,320552000,0.0,0.0,NVDA
2018-10-04 00:00:00-04:00,7.0653451557867974,7.089616926258841,6.840211021337104,6.917237281799316,391220000,0.0,0.0,NVDA
2018-10-05 00:00:00-04:00,6.892469238547144,6.954634819894774,6.626221455154507,6.683681488037109,426636000,0.0,0.0,NVDA
2018-10-08 00:00:00-04:00,6.600464169125509,6.715879318403089,6.441458564377645,6.58238410949707,408612000,0.0,0.0,NVDA
2018-10-09 00:00:00-04:00,6.561827616433509,6.656438396168938,6.5088260603266175,6.576688289642334,273500000,0.0,0.0,NVDA
2018-10-10 00:00:00-04:00,6.470684637036501,6.5165043403647696,6.082829923114764,6.08505916595459,684940000,0.0,0.0,NVDA
2018-10-11 00:00:00-04:00,5.997876745600445,6.131372408899937,5.801968439552873,5.823515892028809,725436000,0.0,0.0,NVDA
2018-10-12 00:00:00-04:00,6.080600648548569,6.180412520150822,5.935464622139236,6.106110572814941,608236000,0.0,0.0,NVDA
2018-10-15 00:00:00-04:00,6.092736036089197,6.092736036089197,5.828717482398618,5.829708099365234,449760000,0.0,0.0,NVDA
2018-10-16 00:00:00-04:00,5.942397739304742,6.09966960692304,5.893111130196268,6.088524341583252,408712000,0.0,0.0,NVDA
2018-10-17 00:00:00-04:00,6.150691238671365,6.18883306305501,5.9708812655397425,6.019920349121094,329668000,0.0,0.0,NVDA
2018-10-18 00:00:00-04:00,6.089269584093853,6.127658477584331,5.872060837098693,5.932492733001709,524020000,0.0,0.0,NVDA
2018-10-19 00:00:00-04:00,5.987724800716101,6.007290554325579,5.63949756358555,5.675905227661133,613608000,0.0,0.0,NVDA
2018-10-22 00:00:00-04:00,5.7281631027129825,5.828222512161618,5.623893216443317,5.726676940917969,368844000,0.0,0.0,NVDA
2018-10-23 00:00:00-04:00,5.459437637880404,5.5525627131488395,5.367303651916718,5.475041389465332,626436000,0.0,0.0,NVDA
2018-10-24 00:00:00-04:00,5.436652507320217,5.483214812828313,4.924961746632418,4.938831329345703,884288000,0.0,0.0,NVDA
2018-10-25 00:00:00-04:00,4.841247951462722,5.194923672745789,4.796914422998775,5.147618293762207,951720000,0.0,0.0,NVDA
2018-10-26 00:00:00-04:00,4.911586399881422,5.073316288477235,4.783044773124897,4.911091327667236,664784000,0.0,0.0,NVDA
2018-10-29 00:00:00-04:00,5.05226475298095,5.055732148323563,4.359277922325678,4.597290992736816,758016000,0.0,0.0,NVDA
2018-10-30 00:00:00-04:00,4.620324855073283,5.037652361196186,4.597291239462398,5.027745246887207,807192000,0.0,0.0,NVDA
2018-10-31 00:00:00-04:00,5.192447210599568,5.265262985331463,5.052759834934126,5.221672534942627,745772000,0.0,0.0,NVDA
2018-11-01 00:00:00-04:00,5.258081557102045,5.411391018012727,5.13152112145707,5.401979446411133,566528000,0.0,0.0,NVDA
2018-11-02 00:00:00-04:00,5.392567752912931,5.498323808647172,5.206318031805415,5.322971820831299,452960000,0.0,0.0,NVDA
2018-11-05 00:00:00-05:00,5.309843043696832,5.333124664286265,5.084213887872453,5.244953155517578,379332000,0.0,0.0,NVDA
2018-11-06 00:00:00-05:00,5.237029369432599,5.32123796466394,5.190219050063657,5.227370262145996,299012000,0.0,0.0,NVDA
2018-11-07 00:00:00-05:00,5.2939946770840605,5.384642533553554,5.230342912384613,5.294985294342041,483812000,0.0,0.0,NVDA
2018-11-08 00:00:00-05:00,5.2357897563210765,5.236532837110258,5.048301922821317,5.101799488067627,511352000,0.0,0.0,NVDA
2018-11-09 00:00:00-05:00,5.012885720975398,5.184274758919661,4.979202378116688,5.093874454498291,413240000,0.0,0.0,NVDA
2018-11-12 00:00:00-05:00,5.0024819154930995,5.024524909985202,4.672582440769583,4.694377899169922,617116000,0.0,0.0,NVDA
2018-11-13 00:00:00-05:00,4.792209242510594,5.05771347185057,4.786017060091339,4.936354160308838,644712000,0.0,0.0,NVDA
2018-11-14 00:00:00-05:00,5.109476398130589,5.123841523086037,4.775862444353351,4.883847236633301,526580000,0.0,0.0,NVDA
2018-11-15 00:00:00-05:00,4.877901930600584,5.084708379606464,4.841989362749707,5.012635707855225,840708000,0.0,0.0,NVDA
2018-11-16 00:00:00-05:00,4.044982374724914,4.2267735763869965,4.002630075136236,4.072474002838135,1963520000,0.0,0.0,NVDA
2018-11-19 00:00:00-05:00,4.007087631783452,4.00783024002771,3.582082115700434,3.583815813064575,1697820000,0.0,0.0,NVDA
2018-11-20 00:00:00-05:00,3.3202929620390345,3.8205905950425256,3.301717597552509,3.6922965049743652,1692032000,0.0,0.0,NVDA
2018-11-21 00:00:00-05:00,3.829506923156681,3.846348590406735,3.5568199157351574,3.584063768386841,1025496000,0.0,0.0,NVDA
2018-11-23 00:00:00-05:00,3.5493900878109654,3.704928044678346,3.536511123131653,3.5912466049194336,411968000,0.0,0.0,NVDA
2018-11-26 00:00:00-05:00,3.712358774710127,3.80102537531958,3.6298838847705808,3.790623188018799,814832000,0.0,0.0,NVDA
2018-11-27 00:00:00-05:00,3.7646169920100623,3.8887008511493266,3.7287046496562755,3.807464361190796,738060000,0.0,0.0,NVDA
2018-11-28 00:00:00-05:00,3.925108768197922,3.9696898380597876,3.79260418410694,3.9644887447357178,804524000,0.0,0.0,NVDA
2018-11-29 00:00:00-05:00,3.9667195785409217,4.003907480015778,3.8710225481507523,3.901268720626831,549172000,0.004,0.0,NVDA
2018-11-30 00:00:00-05:00,3.910938095276004,4.062417237761142,3.8606103158096103,4.051756858825684,729564000,0.0,0.0,NVDA
2018-12-03 00:00:00-05:00,4.27909913175207,4.330666535641296,4.148692973451854,4.215631484985352,890804000,0.0,0.0,NVDA
2018-12-04 00:00:00-05:00,4.171006228867709,4.175964742708844,3.879948181145754,3.895071506500244,812112000,0.0,0.0,NVDA
2018-12-06 00:00:00-05:00,3.754499492150649,3.92928302663204,3.7388806044084895,3.9243247509002686,692308000,0.0,0.0,NVDA
2018-12-07 00:00:00-05:00,3.92853953583074,3.9387043447738557,3.6102104517790283,3.659546375274658,681676000,0.0,0.0,NVDA
2018-12-10 00:00:00-05:00,3.6146744912092763,3.789706136613395,3.6109556051563363,3.764914035797119,629472000,0.0,0.0,NVDA
2018-12-11 00:00:00-05:00,3.856643263096135,3.864824620788069,3.5948398169542557,3.67392635345459,671912000,0.0,0.0,NVDA
2018-12-12 00:00:00-05:00,3.679629029508132,3.787722128739641,3.590377905222886,3.6915292739868164,654136000,0.0,0.0,NVDA
2018-12-13 00:00:00-05:00,3.7383857739369306,3.802597010032099,3.6553325649979467,3.6912808418273926,471384000,0.0,0.0,NVDA
2018-12-14 00:00:00-05:00,3.64963030147416,3.733427336423378,3.6072360981481406,3.630788564682007,471820000,0.0,0.0,NVDA
2018-12-17 00:00:00-05:00,3.6007890067277692,3.672933558746282,3.5016208955714716,3.559634208679199,662868000,0.0,0.0,NVDA
2018-12-18 00:00:00-05:00,3.603517562228325,3.726981771873274,3.5762464443172974,3.642936944961548,564372000,0.0,0.0,NVDA
2018-12-19 00:00:00-05:00,3.6092193217512043,3.662770180692982,3.382372527549566,3.4339399337768555,745364000,0.0,0.0,NVDA
2018-12-20 00:00:00-05:00,3.4255108095773554,3.515505750691875,3.2896505634525437,3.3493993282318115,749588000,0.0,0.0,NVDA
2018-12-21 00:00:00-05:00,3.375926757710307,3.408900212447757,3.1847804484955375,3.2122995853424072,863740000,0.0,0.0,NVDA
2018-12-24 00:00:00-05:00,3.1359397725935407,3.22246383728928,3.0866036091849454,3.150567054748535,463840000,0.0,0.0,NVDA
2018-12-26 00:00:00-05:00,3.1966806020349923,3.300807024493587,3.085612449603817,3.2998154163360596,695100000,0.0,0.0,NVDA
2018-12-27 00:00:00-05:00,3.2475042416371585,3.2819651082807484,3.103462632882509,3.251966714859009,637044000,0.0,0.0,NVDA
2018-12-28 00:00:00-05:00,3.2725442573613304,3.4061732765302746,3.2306458547945347,3.313451051712036,628728000,0.0,0.0,NVDA
2018-12-31 00:00:00-05:00,3.3568368961659942,3.38931430937357,3.2789899815613777,3.30973219871521,465140000,0.0,0.0,NVDA
2019-01-02 00:00:00-05:00,3.238826546457952,3.4331956664336545,3.2241992643265656,3.3771657943725586,508752000,0.0,0.0,NVDA
2019-01-03 00:00:00-05:00,3.316921962937244,3.350887027376785,3.165690831876521,3.173128366470337,705552000,0.0,0.0,NVDA
2019-01-04 00:00:00-05:00,3.246263811964424,3.4146014344991835,3.2155218382166844,3.3764219284057617,585620000,0.0,0.0,NVDA
2019-01-07 00:00:00-05:00,3.4336924044276866,3.5921132835916265,3.3823727782146125,3.55517315864563,709160000,0.0,0.0,NVDA
2019-01-08 00:00:00-05:00,3.6367381035703574,3.6389695763201972,3.394024420567132,3.466665029525757,786016000,0.0,0.0,NVDA
2019-01-09 00:00:00-05:00,3.51798468814783,3.5821961609359905,3.467409127423472,3.5348434448242188,617260000,0.0,0.0,NVDA
2019-01-10 00:00:00-05:00,3.5155051779777278,3.609218752586293,3.455012598727183,3.600541591644287,523156000,0.0,0.0,NVDA
2019-01-11 00:00:00-05:00,3.5782286999005897,3.7126015097739375,3.5504617853290545,3.6897928714752197,874764000,0.0,0.0,NVDA
2019-01-14 00:00:00-05:00,3.6374820240857297,3.754996091985834,3.6139295591717535,3.729708194732666,730168000,0.0,0.0,NVDA
2019-01-15 00:00:00-05:00,3.762433800893337,3.8018531789337877,3.6972309567970747,3.7155771255493164,617012000,0.0,0.0,NVDA
2019-01-16 00:00:00-05:00,3.742848096532631,3.7758213112496786,3.6845869843535026,3.6900410652160645,470104000,0.0,0.0,NVDA
2019-01-17 00:00:00-05:00,3.657067287380578,3.801356643612419,3.6297959415273335,3.761441469192505,493436000,0.0,0.0,NVDA
2019-01-18 00:00:00-05:00,3.8112739906322273,3.9166400322433517,3.759706588014555,3.890608310699463,651336000,0.0,0.0,NVDA
2019-01-22 00:00:00-05:00,3.8603623976914765,3.872014620828446,3.6580596786916066,3.6883058547973633,661552000,0.0,0.0,NVDA
2019-01-23 00:00:00-05:00,3.7435918218628452,3.8323471262187803,3.66995960425008,3.701197385787964,591020000,0.0,0.0,NVDA
2019-01-24 00:00:00-05:00,3.7857385189506694,3.930771492182378,3.781028025703517,3.9131693840026855,708972000,0.0,0.0,NVDA
2019-01-25 00:00:00-05:00,3.8536686981251767,3.9885371072718394,3.751029919855189,3.9704389572143555,1154572000,0.0,0.0,NVDA
2019-01-28 00:00:00-05:00,3.385348246922362,3.511539510000543,3.2477527787136116,3.4215445518493652,2511528000,0.0,0.0,NVDA
2019-01-29 00:00:00-05:00,3.375430457917276,3.423775014606278,3.24799960382134,3.262626886367798,1153932000,0.0,0.0,NVDA
2019-01-30 00:00:00-05:00,3.338738438929054,3.420552015040799,3.2591560991776434,3.406172752380371,974228000,0.0,0.0,NVDA
2019-01-31 00:00:00-05:00,3.402949580069,3.5995501776869787,3.3811325482138828,3.563849687576294,842852000,0.0,0.0,NVDA
2019-02-01 00:00:00-05:00,3.582444584184719,3.6392182968898834,3.534844075763737,3.588146686553955,625048000,0.0,0.0,NVDA
2019-02-04 00:00:00-05:00,3.6040129444490905,3.7356584977000353,3.5819481270012767,3.6984705924987793,528592000,0.0,0.0,NVDA
2019-02-05 00:00:00-05:00,3.710370779418393,3.754252632633249,3.676653737426789,3.7175605297088623,542424000,0.0,0.0,NVDA
2019-02-06 00:00:00-05:00,3.7507817335825715,3.857635433064282,3.7453276522844168,3.7931761741638184,702464000,0.0,0.0,NVDA
2019-02-07 00:00:00-05:00,3.7468150492407886,3.7490462858022933,3.6119466466132097,3.654836654663086,637120000,0.0,0.0,NVDA
2019-02-08 00:00:00-05:00,3.587650428919434,3.684091298596783,3.573271164667842,3.673430919647217,461604000,0.0,0.0,NVDA
2019-02-11 00:00:00-05:00,3.629300916040426,3.6835953627593336,3.5824440032246034,3.630788564682007,495180000,0.0,0.0,NVDA
2019-02-12 00:00:00-05:00,3.6692160490049512,3.7634256774212536,3.6548365490287362,3.7478065490722656,591060000,0.0,0.0,NVDA
2019-02-13 00:00:00-05:00,3.777309335102418,3.863337609920423,3.7636736587213666,3.790201187133789,605372000,0.0,0.0,NVDA
2019-02-14 00:00:00-05:00,3.7892094553256914,3.8593708148593726,3.74607119097593,3.8311078548431396,827264000,0.0,0.0,NVDA
2019-02-15 00:00:00-05:00,4.039857113844911,4.062665523224921,3.8779653562602068,3.9007740020751953,1516748000,0.0,0.0,NVDA
2019-02-19 00:00:00-05:00,3.8901134609066754,3.9639937182747698,3.8710237004773944,3.8834195137023926,551892000,0.0,0.0,NVDA
2019-02-20 00:00:00-05:00,3.9126729655131918,3.997957403350524,3.901516784095004,3.9307711124420166,540988000,0.0,0.0,NVDA
2019-02-21 00:00:00-05:00,3.9434155827157973,3.9679594207848594,3.847222500961773,3.861849784851074,448548000,0.0,0.0,NVDA
2019-02-22 00:00:00-05:00,3.913665129913193,3.9654803184270264,3.9000294544369494,3.946638345718384,401740000,0.0,0.0,NVDA
2019-02-25 00:00:00-05:00,4.03018730106737,4.097621376367747,3.925564850678126,3.9342422485351562,656020000,0.0,0.0,NVDA
2019-02-26 00:00:00-05:00,3.929532439339813,3.985562322643165,3.8613542914970975,3.8948235511779785,488464000,0.0,0.0,NVDA
2019-02-27 00:00:00-05:00,3.880443958985459,3.906971249647877,3.795903100622869,3.8529248237609863,500256000,0.0,0.0,NVDA
2019-02-28 00:00:00-05:00,3.846720389002192,3.8690562226778793,3.806019715350334,3.828355312347412,324944000,0.004,0.0,NVDA
2019-03-01 00:00:00-05:00,3.878238618181043,3.9248955454090013,3.819917459146095,3.8827059268951416,357188000,0.0,0.0,NVDA
2019-03-04 00:00:00-05:00,3.921172951744745,3.9440050996638467,3.8343114319756366,3.8908956050872803,409992000,0.0,0.0,NVDA
2019-03-05 00:00:00-05:00,3.875260864007676,3.922662386693749,3.8209104567408554,3.884443521499634,362924000,0.0,0.0,NVDA
2019-03-06 00:00:00-05:00,3.8755092338834474,3.8839470639310143,3.7707791741875525,3.7735090255737305,403524000,0.0,0.0,NVDA
2019-03-07 00:00:00-05:00,3.7499320399349445,3.7596110121209874,3.6581071254970987,3.704267740249634,450104000,0.0,0.0,NVDA
2019-03-08 00:00:00-05:00,3.614924877014932,3.7491879337455924,3.5935816709617354,3.738516330718994,422416000,0.0,0.0,NVDA
2019-03-11 00:00:00-04:00,3.762092168923421,4.0219316406329035,3.7149386955701456,3.9990997314453125,859728000,0.0,0.0,NVDA
2019-03-12 00:00:00-04:00,4.0268957547605755,4.079756975177056,3.9507058339743053,4.033348560333252,579576000,0.0,0.0,NVDA
2019-03-13 00:00:00-04:00,4.070823294632877,4.214020495872586,4.063377858129775,4.1847357749938965,768900000,0.0,0.0,NVDA
2019-03-14 00:00:00-04:00,4.193917065335535,4.205829570513756,4.101099308625447,4.108792781829834,519384000,0.0,0.0,NVDA
2019-03-15 00:00:00-04:00,4.151976292489557,4.256954619660461,4.148501850393394,4.214268684387207,661484000,0.0,0.0,NVDA
2019-03-18 00:00:00-04:00,4.245788123764582,4.299642467640638,4.16587545544401,4.19292688369751,486992000,0.0,0.0,NVDA
2019-03-19 00:00:00-04:00,4.28748022396908,4.405115656151409,4.270604564374885,4.360692024230957,854972000,0.0,0.0,NVDA
2019-03-20 00:00:00-04:00,4.389728595971831,4.44308637144721,4.293436371576382,4.328181266784668,719148000,0.0,0.0,NVDA
2019-03-21 00:00:00-04:00,4.35126132600661,4.591246802463729,4.346297702344163,4.564939975738525,824312000,0.0,0.0,NVDA
2019-03-22 00:00:00-04:00,4.5376424166466345,4.586284618406917,4.391218786143442,4.405116558074951,747644000,0.0,0.0,NVDA
2019-03-25 00:00:00-04:00,4.364414761621294,4.4286919404417375,4.246531296109056,4.312794208526611,525212000,0.0,0.0,NVDA
2019-03-26 00:00:00-04:00,4.4545018787963055,4.510589499851069,4.333143980399348,4.389480113983154,703508000,0.0,0.0,NVDA
2019-03-27 00:00:00-04:00,4.415040631664383,4.461449026674979,4.310806943822274,4.380295753479004,474372000,0.0,0.0,NVDA
2019-03-28 00:00:00-04:00,4.40635691692071,4.464678325754755,4.345802208245104,4.398911952972412,480264000,0.0,0.0,NVDA
2019-03-29 00:00:00-04:00,4.465670874893994,4.480561749234591,4.415291456111182,4.456240177154541,456896000,0.0,0.0,NVDA
2019-04-01 00:00:00-04:00,4.548064724877347,4.554020979133716,4.4763421079600105,4.523743629455566,483824000,0.0,0.0,NVDA
2019-04-02 00:00:00-04:00,4.547815482944268,4.58603433707097,4.504881045156304,4.5416107177734375,440920000,0.0,0.0,NVDA
2019-04-03 00:00:00-04:00,4.591246187729545,4.740151564165175,4.5862825647316905,4.681085586547852,783504000,0.0,0.0,NVDA
2019-04-04 00:00:00-04:00,4.665700189350782,4.71459089807257,4.609364517015921,4.672152996063232,457376000,0.0,0.0,NVDA
2019-04-05 00:00:00-04:00,4.715335123514189,4.756284313640403,4.678853479238198,4.7389116287231445,481744000,0.0,0.0,NVDA
2019-04-08 00:00:00-04:00,4.708385486749751,4.784823678760386,4.6843124336172295,4.759757995605469,424192000,0.0,0.0,NVDA
2019-04-09 00:00:00-04:00,4.72625566418395,4.737423583659175,4.654781074213969,4.6969709396362305,439972000,0.0,0.0,NVDA
2019-04-10 00:00:00-04:00,4.696225225969831,4.793261561895307,4.691758153919017,4.767451286315918,444772000,0.0,0.0,NVDA
2019-04-11 00:00:00-04:00,4.769932969819874,4.8014514592230695,4.704166613377398,4.75355339050293,374600000,0.0,0.0,NVDA
2019-04-12 00:00:00-04:00,4.792268601306097,4.796239594720298,4.706896266436853,4.715582370758057,471708000,0.0,0.0,NVDA
2019-04-15 00:00:00-04:00,4.707889997802594,4.712853622392226,4.544094173203101,4.583802223205566,440092000,0.0,0.0,NVDA
2019-04-16 00:00:00-04:00,4.623014184493045,4.689773183653292,4.590255019645924,4.67091178894043,394964000,0.0,0.0,NVDA
2019-04-17 00:00:00-04:00,4.705903760183431,4.726750411102566,4.625743085798759,4.648078918457031,351004000,0.0,0.0,NVDA
2019-04-18 00:00:00-04:00,4.654780337476299,4.6887801690019675,4.5957143458909,4.623509883880615,380988000,0.0,0.0,NVDA
2019-04-22 00:00:00-04:00,4.599933045157507,4.69299886151223,4.5684150280058,4.677363872528076,279936000,0.0,0.0,NVDA
2019-04-23 00:00:00-04:00,4.690516940172109,4.763232654575449,4.680838205315907,4.731962203979492,346856000,0.0,0.0,NVDA
2019-04-24 00:00:00-04:00,4.742385203991273,4.785071607469191,4.6815824746477706,4.744370937347412,318204000,0.0,0.0,NVDA
2019-04-25 00:00:00-04:00,4.704167313840032,4.726503150176021,4.558984851013382,4.638648986816406,499296000,0.0,0.0,NVDA
2019-04-26 00:00:00-04:00,4.484780097311116,4.489247643416205,4.300882210132827,4.419758319854736,868988000,0.0,0.0,NVDA
2019-04-29 00:00:00-04:00,4.427699571996782,4.478327497963614,4.355480401234242,4.450531959533691,391920000,0.0,0.0,NVDA
2019-04-30 00:00:00-04:00,4.418269331332889,4.517539459799083,4.399159896689777,4.491977691650391,362920000,0.0,0.0,NVDA
2019-05-01 00:00:00-04:00,4.544342465302367,4.5865323255526995,4.478575626073827,4.478824138641357,354280000,0.0,0.0,NVDA
2019-05-02 00:00:00-04:00,4.488502741728818,4.588020898179105,4.4453202525601405,4.546327590942383,394684000,0.0,0.0,NVDA
2019-05-03 00:00:00-04:00,4.55476476314629,4.5646915362434095,4.480311834810655,4.5418596267700195,336824000,0.0,0.0,NVDA
2019-05-06 00:00:00-04:00,4.355479918183428,4.47559715026055,4.318253687149516,4.463436603546143,422176000,0.0,0.0,NVDA
2019-05-07 00:00:00-04:00,4.41504300097071,4.41504300097071,4.248020782373717,4.296166896820068,555220000,0.0,0.0,NVDA
2019-05-08 00:00:00-04:00,4.268618415510849,4.396428635343332,4.256705909243241,4.316267967224121,419168000,0.0,0.0,NVDA
2019-05-09 00:00:00-04:00,4.247275112005189,4.25695384560498,4.104822538607881,4.223698139190674,660248000,0.0,0.0,NVDA
2019-05-10 00:00:00-04:00,4.192924144339976,4.258442444913997,4.070077094085146,4.189697742462158,569500000,0.0,0.0,NVDA
2019-05-13 00:00:00-04:00,4.05766927014251,4.08074969246832,3.9164573587367038,3.932340621948242,656912000,0.0,0.0,NVDA
2019-05-14 00:00:00-04:00,3.9720499026159475,4.056678149293447,3.9333347151910654,4.021437168121338,524880000,0.0,0.0,NVDA
2019-05-15 00:00:00-04:00,3.965843831679988,3.9968657649190815,3.9065300524814104,3.9603841304779053,502320000,0.0,0.0,NVDA
2019-05-16 00:00:00-04:00,3.9549248575161338,4.018209640365021,3.912486963102783,3.9755232334136963,781088000,0.0,0.0,NVDA
2019-05-17 00:00:00-04:00,3.9335821803930817,4.062881606672626,3.8452317064220436,3.8846914768218994,1022068000,0.0,0.0,NVDA
2019-05-20 00:00:00-04:00,3.7859177135199875,3.841012711110579,3.741246042678183,3.766063690185547,572064000,0.0,0.0,NVDA
2019-05-21 00:00:00-04:00,3.82686641393149,3.864092646059629,3.788150999978203,3.8482093811035156,361848000,0.0,0.0,NVDA
2019-05-22 00:00:00-04:00,3.809494300630132,3.8355526164462623,3.7663115767827158,3.777231454849243,325868000,0.0,0.0,NVDA
2019-05-23 00:00:00-04:00,3.714938721475612,3.714938721475612,3.5963109198118848,3.656121253967285,591844000,0.0,0.0,NVDA
2019-05-24 00:00:00-04:00,3.674982014502758,3.710222978087084,3.5955659452141235,3.602266788482666,357584000,0.0,0.0,NVDA
2019-05-28 00:00:00-04:00,3.619888290924512,3.6526474524105756,3.555114322219888,3.5570998191833496,428356000,0.0,0.0,NVDA
2019-05-29 00:00:00-04:00,3.5094495250992,3.5444422177887507,3.448150243932549,3.4828948974609375,559800000,0.0,0.0,NVDA
2019-05-30 00:00:00-04:00,3.4861255389026726,3.5219036202131853,3.4180477843987265,3.456310510635376,394300000,0.004,0.0,NVDA
2019-05-31 00:00:00-04:00,3.407364374636139,3.4746966956602843,3.3638840314531473,3.3656232357025146,389720000,0.0,0.0,NVDA
2019-06-03 00:00:00-04:00,3.376803667722783,3.415563277116883,3.294563955112986,3.3238821029663086,478644000,0.0,0.0,NVDA
2019-06-04 00:00:00-04:00,3.3879838757820697,3.558178245912716,3.365871106712142,3.5529606342315674,641836000,0.0,0.0,NVDA
2019-06-05 00:00:00-04:00,3.6267526623672257,3.632218832975695,3.473950577102758,3.510225534439087,511616000,0.0,0.0,NVDA
2019-06-06 00:00:00-04:00,3.514449406044464,3.596937662493112,3.5119647614833687,3.572340250015259,408140000,0.0,0.0,NVDA
2019-06-07 00:00:00-04:00,3.578302800607378,3.6493618242838055,3.5591713245071204,3.615074634552002,348856000,0.0,0.0,NVDA
2019-06-10 00:00:00-04:00,3.671226530412332,3.756447984830279,3.671226530412332,3.687873363494873,402780000,0.0,0.0,NVDA
2019-06-11 00:00:00-04:00,3.7477526243264987,3.7855184698542477,3.706011725941666,3.745516538619995,383872000,0.0,0.0,NVDA
2019-06-12 00:00:00-04:00,3.702036146671256,3.708247759044303,3.617311791662439,3.632467746734619,358892000,0.0,0.0,NVDA
2019-06-13 00:00:00-04:00,3.654580194738311,3.702035819104979,3.636939596277801,3.683650016784668,308080000,0.0,0.0,NVDA
2019-06-14 00:00:00-04:00,3.590478427749487,3.6148272857316397,3.5489858506867122,3.5937082767486572,394428000,0.0,0.0,NVDA
2019-06-17 00:00:00-04:00,3.5919695732665216,3.6404192105974738,3.56911135695591,3.6033987998962402,276040000,0.0,0.0,NVDA
2019-06-18 00:00:00-04:00,3.664766984360565,3.8538440352609276,3.6538348796125053,3.7984378337860107,581920000,0.0,0.0,NVDA
2019-06-19 00:00:00-04:00,3.8337185840806733,3.845147569041455,3.7783121520962957,3.8044004440307617,331644000,0.0,0.0,NVDA
2019-06-20 00:00:00-04:00,3.8950877133006165,3.909001342206579,3.8143386694658727,3.828749179840088,350168000,0.0,0.0,NVDA
2019-06-21 00:00:00-04:00,3.8138425849617086,3.863037414829606,3.7641506365729565,3.7706105709075928,434428000,0.0,0.0,NVDA
2019-06-24 00:00:00-04:00,3.791978324666796,3.8225387938745508,3.744771018752774,3.7929720878601074,282948000,0.0,0.0,NVDA
2019-06-25 00:00:00-04:00,3.79794046832816,3.8729750212785437,3.760920073330648,3.763653039932251,311868000,0.0,0.0,NVDA
2019-06-26 00:00:00-04:00,3.891113053531932,4.0180756486661435,3.878193185474219,3.9569544792175293,584072000,0.0,0.0,NVDA
2019-06-27 00:00:00-04:00,4.042672669367494,4.074723779025369,4.006646033577113,4.0555925369262695,445440000,0.0,0.0,NVDA
2019-06-28 00:00:00-04:00,4.099568898336915,4.10876203403874,4.033727488889581,4.080437660217285,397668000,0.0,0.0,NVDA
2019-07-01 00:00:00-04:00,4.2876526706371365,4.321940099690546,4.091121707048046,4.128639221191406,709756000,0.0,0.0,NVDA
2019-07-02 00:00:00-04:00,4.111993366040826,4.13311261260208,4.017579221013296,4.030747413635254,400228000,0.0,0.0,NVDA
2019-07-03 00:00:00-04:00,4.05410206361352,4.0598167941486585,3.983788462677283,4.043666839599609,246636000,0.0,0.0,NVDA
2019-07-05 00:00:00-04:00,3.9852791083025343,3.9897512792010867,3.9176980046329453,3.98105525970459,396552000,0.0,0.0,NVDA
2019-07-08 00:00:00-04:00,3.9214253941983426,3.9403083168245847,3.875957528668214,3.9060208797454834,329788000,0.0,0.0,NVDA
2019-07-09 00:00:00-04:00,3.863782307750123,3.9365807835488655,3.851110999361085,3.9085049629211426,342860000,0.0,0.0,NVDA
2019-07-10 00:00:00-04:00,3.95198546291179,4.034225165195638,3.9380718316297507,3.9768314361572266,452076000,0.0,0.0,NVDA
2019-07-11 00:00:00-04:00,4.049875852282089,4.1721176535607105,4.012607149130491,4.131370544433594,682560000,0.0,0.0,NVDA
2019-07-12 00:00:00-04:00,4.159201084264136,4.235478227826064,4.159201084264136,4.164418697357178,506392000,0.0,0.0,NVDA
2019-07-15 00:00:00-04:00,4.185537038267442,4.201686518778212,4.127646188167227,4.155970096588135,289840000,0.0,0.0,NVDA
2019-07-16 00:00:00-04:00,4.141061556255157,4.178330270515237,4.095593468953256,4.151248455047607,341444000,0.0,0.0,NVDA
2019-07-17 00:00:00-04:00,4.15298958045273,4.223551990126137,4.12367142952488,4.21659517288208,348204000,0.0,0.0,NVDA
2019-07-18 00:00:00-04:00,4.227030352368349,4.2911325888131415,4.170381577804617,4.228272438049316,442192000,0.0,0.0,NVDA
2019-07-19 00:00:00-04:00,4.266534737588228,4.272994435132429,4.179076944192116,4.18503999710083,344896000,0.0,0.0,NVDA
2019-07-22 00:00:00-04:00,4.206407966203841,4.269516435468309,4.198954030880598,4.256596565246582,315940000,0.0,0.0,NVDA
2019-07-23 00:00:00-04:00,4.295852695096325,4.366414615941003,4.280199385711847,4.364427089691162,428176000,0.0,0.0,NVDA
2019-07-24 00:00:00-04:00,4.407658697138014,4.444679097034165,4.331630371171994,4.438964366912842,366236000,0.0,0.0,NVDA
2019-07-25 00:00:00-04:00,4.397472484005741,4.410144031614596,4.284423740461101,4.307778835296631,392700000,0.0,0.0,NVDA
2019-07-26 00:00:00-04:00,4.334860291406818,4.396477865521099,4.334860291406818,4.349767684936523,274160000,0.0,0.0,NVDA
2019-07-29 00:00:00-04:00,4.342563117771423,4.359706835836158,4.255354119627276,4.343556880950928,248160000,0.0,0.0,NVDA
2019-07-30 00:00:00-04:00,4.297094369279475,4.371383487104763,4.2826836206034615,4.359209060668945,197772000,0.0,0.0,NVDA
2019-07-31 00:00:00-04:00,4.327655938614953,4.328650175850589,4.149759505876463,4.191997528076172,359416000,0.0,0.0,NVDA
2019-08-01 00:00:00-04:00,4.202431691299694,4.292870766755365,4.0454057500594125,4.0975823402404785,421212000,0.0,0.0,NVDA
2019-08-02 00:00:00-04:00,4.004907608032227,4.074227926198215,3.9574522139465893,4.004907608032227,428348000,0.0,0.0,NVDA
2019-08-05 00:00:00-04:00,3.8212960318814724,3.8225383542046103,3.699551287599022,3.7465100288391113,589156000,0.0,0.0,NVDA
2019-08-06 00:00:00-04:00,3.8212961363345754,3.8667639972502372,3.7375655524461435,3.7852694988250732,361272000,0.0,0.0,NVDA
2019-08-07 00:00:00-04:00,3.724397475229639,3.8354586875198855,3.7070054344924217,3.8235325813293457,372560000,0.0,0.0,NVDA
2019-08-08 00:00:00-04:00,3.8811748458948316,3.933351201478096,3.8237808784481175,3.9321088790893555,309300000,0.0,0.0,NVDA
2019-08-09 00:00:00-04:00,3.891113082948864,3.8945914907638715,3.780300440523427,3.830737590789795,341816000,0.0,0.0,NVDA
2019-08-12 00:00:00-04:00,3.778561054705098,3.83073740636705,3.7410437744003078,3.7629082202911377,279200000,0.0,0.0,NVDA
2019-08-13 00:00:00-04:00,3.7614172480245873,3.9231639105801226,3.7224093240755445,3.8771989345550537,351956000,0.0,0.0,NVDA
2019-08-14 00:00:00-04:00,3.788995771950651,3.800176434168042,3.684891641759546,3.7286202907562256,419880000,0.0,0.0,NVDA
2019-08-15 00:00:00-04:00,3.7475040811256988,3.7673807659323457,3.6620342890673627,3.696321487426758,477200000,0.0,0.0,NVDA
2019-08-16 00:00:00-04:00,3.9591910241168424,4.0136032294484005,3.897821528919343,3.9644086360931396,1007960000,0.0,0.0,NVDA
2019-08-19 00:00:00-04:00,4.077705679120632,4.259080475618772,4.061555725655108,4.243178844451904,815112000,0.0,0.0,NVDA
2019-08-20 00:00:00-04:00,4.237713609816223,4.238210728393089,4.1497591640304305,4.1708784103393555,463188000,0.0,0.0,NVDA
2019-08-21 00:00:00-04:00,4.236967207520183,4.309517121630065,4.215351321436691,4.254359245300293,427244000,0.0,0.0,NVDA
2019-08-22 00:00:00-04:00,4.264048933215801,4.306535258976932,4.221313811307028,4.260570526123047,303488000,0.0,0.0,NVDA
2019-08-23 00:00:00-04:00,4.184047084515512,4.238459538708789,4.016088753553501,4.035965442657471,568056000,0.0,0.0,NVDA
2019-08-26 00:00:00-04:00,4.114725724287434,4.13882625430878,4.0724877161807695,4.110750198364258,318208000,0.0,0.0,NVDA
2019-08-27 00:00:00-04:00,4.149012799746123,4.151745766566678,3.9907447813609203,4.0200629234313965,290968000,0.0,0.0,NVDA
2019-08-28 00:00:00-04:00,3.993700906842057,4.062343184476461,3.9544053221293782,4.009617805480957,255612000,0.004,0.0,NVDA
2019-08-29 00:00:00-04:00,4.101141654504439,4.185701315369826,4.097659802858218,4.153369903564453,357976000,0.0,0.0,NVDA
2019-08-30 00:00:00-04:00,4.1996280139551665,4.2493691499726784,4.147897384294275,4.16605281829834,290616000,0.0,0.0,NVDA
2019-09-03 00:00:00-04:00,4.093181907869908,4.126259488032992,4.060104327706823,4.082984924316406,296140000,0.0,0.0,NVDA
2019-09-04 00:00:00-04:00,4.143669611988816,4.204602483677924,4.143669611988816,4.197141170501709,227728000,0.0,0.0,NVDA
2019-09-05 00:00:00-04:00,4.299358455537441,4.47643618128141,4.297617530169217,4.470218658447266,695676000,0.0,0.0,NVDA
2019-09-06 00:00:00-04:00,4.44683993111891,4.50379333151845,4.405057722699997,4.443109512329102,376976000,0.0,0.0,NVDA
2019-09-09 00:00:00-04:00,4.474198806687141,4.575670589296728,4.472706449022284,4.489120960235596,417524000,0.0,0.0,NVDA
2019-09-10 00:00:00-04:00,4.456290990717848,4.582384276165567,4.446591616691087,4.5557732582092285,352812000,0.0,0.0,NVDA
2019-09-11 00:00:00-04:00,4.570447499025006,4.632623687982583,4.54134889838539,4.584374904632568,361512000,0.0,0.0,NVDA
2019-09-12 00:00:00-04:00,4.6308816543812075,4.68559651680179,4.574923002833702,4.582881450653076,327840000,0.0,0.0,NVDA
2019-09-13 00:00:00-04:00,4.51622918760056,4.553286233268547,4.481161635519684,4.524933815002441,324592000,0.0,0.0,NVDA
2019-09-16 00:00:00-04:00,4.4498240601450725,4.516476825248026,4.439378509414749,4.481906890869141,231832000,0.0,0.0,NVDA
2019-09-17 00:00:00-04:00,4.48862326853421,4.507524882061295,4.442115413456599,4.503296852111816,223048000,0.0,0.0,NVDA
2019-09-18 00:00:00-04:00,4.496333587675958,4.512001919644385,4.389639030414716,4.4761881828308105,258152000,0.0,0.0,NVDA
2019-09-19 00:00:00-04:00,4.4821543449049095,4.5005588125029075,4.389884862020374,4.400579452514648,245476000,0.0,0.0,NVDA
2019-09-20 00:00:00-04:00,4.399586381787043,4.42321315808413,4.284684834184158,4.294881343841553,350244000,0.0,0.0,NVDA
2019-09-23 00:00:00-04:00,4.295130401616108,4.393866010859159,4.291399508443675,4.348352909088135,249712000,0.0,0.0,NVDA
2019-09-24 00:00:00-04:00,4.37969077395028,4.409286510001265,4.255338399669958,4.290903091430664,317268000,0.0,0.0,NVDA
2019-09-25 00:00:00-04:00,4.290404701956607,4.452311706754026,4.245637779443651,4.432663917541504,308432000,0.0,0.0,NVDA
2019-09-26 00:00:00-04:00,4.422964656764894,4.431669283656626,4.359544690134751,4.410529136657715,234564000,0.0,0.0,NVDA
2019-09-27 00:00:00-04:00,4.368748020423596,4.419483911546021,4.211069001460452,4.271753311157227,362056000,0.0,0.0,NVDA
2019-09-30 00:00:00-04:00,4.297616954651383,4.339399157893467,4.266279827853299,4.329202175140381,186184000,0.0,0.0,NVDA
2019-10-01 00:00:00-04:00,4.352331805006264,4.50155470462264,4.322736077759915,4.327461242675781,366008000,0.0,0.0,NVDA
2019-10-02 00:00:00-04:00,4.305576930574959,4.317514842701942,4.231214259477042,4.303587436676025,293372000,0.0,0.0,NVDA
2019-10-03 00:00:00-04:00,4.308063755416518,4.515483423463696,4.277721840777722,4.509265899658203,450588000,0.0,0.0,NVDA
2019-10-04 00:00:00-04:00,4.511503618614806,4.5550272306781165,4.446343196125105,4.525680065155029,265524000,0.0,0.0,NVDA
2019-10-07 00:00:00-04:00,4.590592428654991,4.684105280229583,4.581887800150264,4.584374904632568,480984000,0.0,0.0,NVDA
2019-10-08 00:00:00-04:00,4.492602216350679,4.492602216350679,4.389638564091479,4.407793998718262,444436000,0.0,0.0,NVDA
2019-10-09 00:00:00-04:00,4.484643429882052,4.543835369834429,4.455793875766572,4.494342803955078,292412000,0.0,0.0,NVDA
2019-10-10 00:00:00-04:00,4.492104838733436,4.603026934245614,4.4868820622460905,4.552042484283447,309124000,0.0,0.0,NVDA
2019-10-11 00:00:00-04:00,4.636105496736535,4.708975807367671,4.617203882338242,4.625659942626953,446404000,0.0,0.0,NVDA
2019-10-14 00:00:00-04:00,4.616953738324988,4.6599797339112445,4.585865651549163,4.6390886306762695,200040000,0.0,0.0,NVDA
2019-10-15 00:00:00-04:00,4.729368645375923,4.956436057481802,4.7154407688692315,4.883813858032227,664124000,0.0,0.0,NVDA
2019-10-16 00:00:00-04:00,4.849742128344207,4.954695742202176,4.818654037777898,4.830094337463379,428944000,0.0,0.0,NVDA
2019-10-17 00:00:00-04:00,4.874612568063043,4.919628061305716,4.777617405465998,4.8320841789245605,263436000,0.0,0.0,NVDA
2019-10-18 00:00:00-04:00,4.832581686678378,4.865162136271647,4.663213821403918,4.737576484680176,307440000,0.0,0.0,NVDA
2019-10-21 00:00:00-04:00,4.799006223870478,4.8882915079634115,4.780104611767795,4.874861240386963,261868000,0.0,0.0,NVDA
2019-10-22 00:00:00-04:00,4.931815295939197,5.037017491288982,4.8572040588339185,4.8649139404296875,328720000,0.0,0.0,NVDA
2019-10-23 00:00:00-04:00,4.782841272859669,4.866157136443434,4.751007000334431,4.851981163024902,279916000,0.0,0.0,NVDA
2019-10-24 00:00:00-04:00,4.893264715786042,4.92957557871951,4.859192388663499,4.896000862121582,232020000,0.0,0.0,NVDA
2019-10-25 00:00:00-04:00,4.976581143670677,5.107897195960004,4.968871263754706,5.087006092071533,423092000,0.0,0.0,NVDA
2019-10-28 00:00:00-04:00,5.130778363782464,5.195441650413245,5.101431198094903,5.142965316772461,330792000,0.0,0.0,NVDA
2019-10-29 00:00:00-04:00,5.129037321267588,5.135503886966472,5.0273174648628975,5.046716213226318,211236000,0.0,0.0,NVDA
2019-10-30 00:00:00-04:00,5.073577102857461,5.079297490805015,4.980561384281455,5.048706531524658,205960000,0.0,0.0,NVDA
2019-10-31 00:00:00-04:00,5.027814066057341,5.048705169569233,4.919627655466068,4.999461650848389,209732000,0.0,0.0,NVDA
2019-11-01 00:00:00-04:00,4.964145762847227,5.070840295500885,4.939026628988037,5.038508892059326,283640000,0.0,0.0,NVDA
2019-11-04 00:00:00-05:00,5.119586992030212,5.24767025937287,5.096457822450334,5.23523473739624,376716000,0.0,0.0,NVDA
2019-11-05 00:00:00-05:00,5.234986288413269,5.261100173608546,5.165100218724003,5.213100433349609,300868000,0.0,0.0,NVDA
2019-11-06 00:00:00-05:00,5.188974684389315,5.214590952245611,5.076311206589392,5.16385555267334,269012000,0.0,0.0,NVDA
2019-11-07 00:00:00-05:00,5.250405579746332,5.265079162637917,5.136747335773103,5.181514263153076,280340000,0.0,0.0,NVDA
2019-11-08 00:00:00-05:00,5.164603992699474,5.199173944250834,5.127049325533082,5.167588233947754,189100000,0.0,0.0,NVDA
2019-11-11 00:00:00-05:00,5.166840461900579,5.200664224118962,5.080539893721595,5.177535057067871,243436000,0.0,0.0,NVDA
2019-11-12 00:00:00-05:00,5.2158361059367335,5.269059097601395,5.180768549841169,5.213100433349609,283504000,0.0,0.0,NVDA
2019-11-13 00:00:00-05:00,5.181762582915754,5.209368821852523,5.120830192520741,5.187234401702881,300188000,0.0,0.0,NVDA
2019-11-14 00:00:00-05:00,5.196186837359422,5.21981408576045,5.136249202497248,5.217575550079346,518080000,0.0,0.0,NVDA
2019-11-15 00:00:00-05:00,5.215337882919801,5.26706851096581,4.990011369192455,5.078301906585693,1053628000,0.0,0.0,NVDA
2019-11-18 00:00:00-05:00,5.070841308927021,5.306115798093272,5.067857068134432,5.279504776000977,574588000,0.0,0.0,NVDA
2019-11-19 00:00:00-05:00,5.24841605089638,5.272042829358788,5.114612880246556,5.172809600830078,414564000,0.0,0.0,NVDA
2019-11-20 00:00:00-05:00,5.149928311927276,5.335959223031733,5.137244224454281,5.252145767211914,472588000,0.0,0.0,NVDA
2019-11-21 00:00:00-05:00,5.247669818095416,5.3033794338927756,5.205638563772144,5.227275848388672,288388000,0.0,0.0,NVDA
2019-11-22 00:00:00-05:00,5.249906861397849,5.296414704487735,5.221305880354842,5.244933128356934,224100000,0.0,0.0,NVDA
2019-11-25 00:00:00-05:00,5.373017475427545,5.506572090196298,5.360084816961732,5.501597881317139,506476000,0.0,0.0,NVDA
2019-11-26 00:00:00-05:00,5.483938334519332,5.48866397418946,5.390425505825156,5.396892070770264,385244000,0.0,0.0,NVDA
2019-11-27 00:00:00-05:00,5.442439910912744,5.4767861387721615,5.40535551713588,5.431737422943115,215784000,0.004,0.0,NVDA
2019-11-29 00:00:00-05:00,5.400874794693056,5.429247658021355,5.37051002040027,5.394403457641602,141556000,0.0,0.0,NVDA
2019-12-02 00:00:00-05:00,5.387434453929182,5.400874630648359,5.192803966022088,5.207985877990723,372036000,0.0,0.0,NVDA
2019-12-03 00:00:00-05:00,5.024307223097743,5.172395562482075,4.986974080154775,5.1684136390686035,465232000,0.0,0.0,NVDA
2019-12-04 00:00:00-05:00,5.252039891448717,5.274439872857708,5.183595714795328,5.212217807769775,273424000,0.0,0.0,NVDA
2019-12-05 00:00:00-05:00,5.234121468591353,5.249801364176723,5.1646813206488424,5.1952948570251465,184884000,0.0,0.0,NVDA
2019-12-06 00:00:00-05:00,5.264484189049856,5.313515297936631,5.254528431528692,5.280661582946777,232236000,0.0,0.0,NVDA
2019-12-09 00:00:00-05:00,5.257764100194735,5.335417299879885,5.24905304972204,5.280661582946777,211880000,0.0,0.0,NVDA
2019-12-10 00:00:00-05:00,5.3107766616725405,5.3774790918331785,5.258012385749654,5.325710296630859,256388000,0.0,0.0,NVDA
2019-12-11 00:00:00-05:00,5.336163276439111,5.414811945838758,5.333674337409913,5.409336090087891,233796000,0.0,0.0,NVDA
2019-12-12 00:00:00-05:00,5.380465329039514,5.595006844438924,5.371505528179108,5.57683801651001,404348000,0.0,0.0,NVDA
2019-12-13 00:00:00-05:00,5.579826531441564,5.699044040912334,5.520839655613084,5.574848651885986,454704000,0.0,0.0,NVDA
2019-12-16 00:00:00-05:00,5.622385087709869,5.6761448460180475,5.594260501579074,5.603718280792236,320976000,0.0,0.0,NVDA
2019-12-17 00:00:00-05:00,5.622385612100623,5.70451871570871,5.612927832005348,5.681869983673096,321196000,0.0,0.0,NVDA
2019-12-18 00:00:00-05:00,5.716714398393536,5.772714351725524,5.708252098829291,5.7122344970703125,343548000,0.0,0.0,NVDA
2019-12-19 00:00:00-05:00,5.746829124275014,5.873762175351524,5.741851245868105,5.860321998596191,445360000,0.0,0.0,NVDA
2019-12-20 00:00:00-05:00,5.926775034446558,5.983023729631733,5.9076107253155365,5.957637310028076,603044000,0.0,0.0,NVDA
2019-12-23 00:00:00-05:00,5.986259283901261,6.018365791078846,5.933246258070049,5.943948268890381,355060000,0.0,0.0,NVDA
2019-12-24 00:00:00-05:00,5.928517306160932,5.95614391368666,5.894170610379411,5.938970565795898,138864000,0.0,0.0,NVDA
2019-12-26 00:00:00-05:00,5.94245589111793,5.981282493413734,5.923540330405871,5.953158378601074,182852000,0.0,0.0,NVDA
2019-12-27 00:00:00-05:00,5.9683379236900045,5.981778096914768,5.869031506726832,5.895413875579834,254644000,0.0,0.0,NVDA
2019-12-30 00:00:00-05:00,5.873513370996427,5.878740000861669,5.750811470198197,5.782171249389648,258056000,0.0,0.0,NVDA
2019-12-31 00:00:00-05:00,5.7468289828147485,5.865797710341713,5.7276646736081585,5.856339931488037,231004000,0.0,0.0,NVDA
2020-01-02 00:00:00-05:00,5.942205651578887,5.971076488494873,5.891681568296773,5.971076488494873,237536000,0.0,0.0,NVDA
2020-01-03 00:00:00-05:00,5.851361830304913,5.9193084896201915,5.826472914547734,5.875504016876221,205384000,0.0,0.0,NVDA
2020-01-06 00:00:00-05:00,5.78217132471316,5.905370730122537,5.756038175046519,5.900144100189209,262636000,0.0,0.0,NVDA
2020-01-07 00:00:00-05:00,5.928517039782527,6.017370217404022,5.883468334889304,5.971574783325195,314856000,0.0,0.0,NVDA
2020-01-08 00:00:00-05:00,5.967343121727442,6.024089787792034,5.927272298369914,5.982774257659912,277108000,0.0,0.0,NVDA
2020-01-09 00:00:00-05:00,6.069139710447324,6.120908509266958,5.99472218082326,6.0484819412231445,255112000,0.0,0.0,NVDA
2020-01-10 00:00:00-05:00,6.155752757707768,6.1861170582643075,6.066650817633669,6.080837249755859,316296000,0.0,0.0,NVDA
2020-01-13 00:00:00-05:00,6.163965815587761,6.296622997009059,6.141316611691496,6.271485328674316,319840000,0.0,0.0,NVDA
2020-01-14 00:00:00-05:00,6.228676412859519,6.254063307729737,6.141316688702072,6.154508113861084,359088000,0.0,0.0,NVDA
2020-01-15 00:00:00-05:00,6.167200749117624,6.189600725851947,6.086063140007359,6.111947536468506,263104000,0.0,0.0,NVDA
2020-01-16 00:00:00-05:00,6.165459211777373,6.201548119865506,6.142063751814368,6.195574760437012,284192000,0.0,0.0,NVDA
2020-01-17 00:00:00-05:00,6.214738881645233,6.222205699382475,6.156747973897517,6.204285621643066,253792000,0.0,0.0,NVDA
2020-01-21 00:00:00-05:00,6.167699008739332,6.2045346437613595,6.136836732767271,6.170934677124023,217916000,0.0,0.0,NVDA
2020-01-22 00:00:00-05:00,6.216232587499454,6.311556638293385,6.19731702825236,6.2249436378479,239240000,0.0,0.0,NVDA
2020-01-23 00:00:00-05:00,6.265015025340445,6.301850188800662,6.176161835918426,6.2933878898620605,244516000,0.0,0.0,NVDA
2020-01-24 00:00:00-05:00,6.408872747111983,6.458650589403411,6.179895527061451,6.2341532707214355,373512000,0.0,0.0,NVDA
2020-01-27 00:00:00-05:00,5.929512971699287,6.029317393777205,5.779931189053332,5.97829532623291,470536000,0.0,0.0,NVDA
2020-01-28 00:00:00-05:00,6.044250844374252,6.204037143136165,5.990988586548067,6.171681880950928,310976000,0.0,0.0,NVDA
2020-01-29 00:00:00-05:00,6.157245952413688,6.1933348594066695,6.071379209932689,6.111201763153076,258848000,0.0,0.0,NVDA
2020-01-30 00:00:00-05:00,6.0133873406747975,6.131360573548575,5.958383358696446,6.117920398712158,290504000,0.0,0.0,NVDA
2020-01-31 00:00:00-05:00,6.072125914926748,6.084072633373489,5.842651224069046,5.884464263916016,370420000,0.0,0.0,NVDA
2020-02-03 00:00:00-05:00,5.8662955798175345,6.000944205107071,5.860073468931658,5.981531143188477,255564000,0.0,0.0,NVDA
2020-02-04 00:00:00-05:00,6.123396622531818,6.169938784887105,6.073370040522834,6.150774002075195,271544000,0.0,0.0,NVDA
2020-02-05 00:00:00-05:00,6.271734343043309,6.281938851591867,6.157743488432498,6.241121292114258,208220000,0.0,0.0,NVDA
2020-02-06 00:00:00-05:00,6.275467851868339,6.3279829025268555,6.1943302377118075,6.3279829025268555,218284000,0.0,0.0,NVDA
2020-02-07 00:00:00-05:00,6.287911980673991,6.3100632069700815,6.236391936795416,6.261778831481934,189752000,0.0,0.0,NVDA
2020-02-10 00:00:00-05:00,6.284427711474743,6.545760159094966,6.279449833018814,6.545013904571533,529608000,0.0,0.0,NVDA
2020-02-11 00:00:00-05:00,6.653280684758316,6.782204708941897,6.591307374736193,6.66746711730957,638556000,0.0,0.0,NVDA
2020-02-12 00:00:00-05:00,6.720231472438191,6.789671601503967,6.681404871426681,6.783200263977051,374644000,0.0,0.0,NVDA
2020-02-13 00:00:00-05:00,6.725209186080892,6.806595557928401,6.697831327462878,6.739395618438721,528016000,0.0,0.0,NVDA
2020-02-14 00:00:00-05:00,7.149562784000862,7.341455573951124,7.118203005797297,7.212531566619873,1041924000,0.0,0.0,NVDA
2020-02-18 00:00:00-05:00,7.109244022181215,7.399697049462996,7.0898309582554475,7.381278991699219,620164000,0.0,0.0,NVDA
2020-02-19 00:00:00-05:00,7.50373169839315,7.850184182869734,7.50373169839315,7.832512855529785,694332000,0.0,0.0,NVDA
2020-02-20 00:00:00-05:00,7.784477262238204,7.872832469799487,7.375802739932594,7.68317985534668,810052000,0.0,0.0,NVDA
2020-02-21 00:00:00-05:00,7.570931672861622,7.596069343806653,7.234185718205437,7.319056510925293,768180000,0.0,0.0,NVDA
2020-02-24 00:00:00-05:00,6.724710209301433,7.015411926138312,6.6702037264038765,6.801616668701172,856916000,0.0,0.0,NVDA
2020-02-25 00:00:00-05:00,6.876780723963402,6.938754022182925,6.420319858510135,6.522115230560303,1055496000,0.0,0.0,NVDA
2020-02-26 00:00:00-05:00,6.522365711253271,6.855627272496365,6.520872727258311,6.661494255065918,747732000,0.0,0.0,NVDA
2020-02-27 00:00:00-05:00,6.347955488412159,6.649290620071094,6.198284236261924,6.290677070617676,906416000,0.004,0.0,NVDA
2020-02-28 00:00:00-05:00,6.038154678531449,6.7852661121284985,6.021469330447976,6.725746154785156,1133252000,0.0,0.0,NVDA
2020-03-02 00:00:00-05:00,6.895837826861566,6.913021448545588,6.499868777188003,6.8841328620910645,890744000,0.0,0.0,NVDA
2020-03-03 00:00:00-05:00,6.939916728422714,6.999685572996747,6.536227533507572,6.621647357940674,652792000,0.0,0.0,NVDA
2020-03-04 00:00:00-05:00,6.728981858935505,7.094817286738061,6.654270451674621,7.085353851318359,597408000,0.0,0.0,NVDA
2020-03-05 00:00:00-05:00,6.885876083361158,7.052730968165958,6.761357526790429,6.805935382843018,540328000,0.0,0.0,NVDA
2020-03-06 00:00:00-05:00,6.626378499509414,6.683906288532201,6.425156400568952,6.625382423400879,515412000,0.0,0.0,NVDA
2020-03-09 00:00:00-04:00,5.974399911526816,6.460022441611554,5.931565785360691,6.112366676330566,614160000,0.0,0.0,NVDA
2020-03-10 00:00:00-04:00,6.388797187781808,6.50186014175415,6.126063463078123,6.50186014175415,580648000,0.0,0.0,NVDA
2020-03-11 00:00:00-04:00,6.36190107562578,6.390291382312683,6.04089239234254,6.138016700744629,499964000,0.0,0.0,NVDA
2020-03-12 00:00:00-04:00,5.614791586437089,5.880265190226763,5.374221793181292,5.386922836303711,816540000,0.0,0.0,NVDA
2020-03-13 00:00:00-04:00,5.740304494178519,6.002291513290289,5.469103414722863,5.997808933258057,634836000,0.0,0.0,NVDA
2020-03-16 00:00:00-04:00,5.289797871920905,5.63073007365907,4.831320580815074,4.89108943939209,726972000,0.0,0.0,NVDA
2020-03-17 00:00:00-04:00,5.003403997386374,5.500233193091708,4.7566084388934895,5.410828590393066,833632000,0.0,0.0,NVDA
2020-03-18 00:00:00-04:00,4.983230738370787,5.22828297548241,4.499600994751919,5.050968647003174,874268000,0.0,0.0,NVDA
2020-03-19 00:00:00-04:00,5.029553080920315,5.397381175638423,4.816128672882115,5.303743362426758,765512000,0.0,0.0,NVDA
2020-03-20 00:00:00-04:00,5.453911927886964,5.735821893342123,5.1084977163710255,5.123938083648682,804636000,0.0,0.0,NVDA
2020-03-23 00:00:00-04:00,5.122941742356388,5.391155078470453,4.943884109658483,5.296769618988037,643876000,0.0,0.0,NVDA
2020-03-24 00:00:00-04:00,5.702947787489231,6.29216967087157,5.679289441072946,6.205504417419434,1101644000,0.0,0.0,NVDA
2020-03-25 00:00:00-04:00,6.320561989030691,6.520289773591496,6.068038360857843,6.116849899291992,793432000,0.0,0.0,NVDA
2020-03-26 00:00:00-04:00,6.324047752504339,6.530250721317108,6.22592736148756,6.406230449676514,696108000,0.0,0.0,NVDA
2020-03-27 00:00:00-04:00,6.225927488151051,6.5526642311293,6.193054598613622,6.293914794921875,638828000,0.0,0.0,NVDA
2020-03-30 00:00:00-04:00,6.3594097687061435,6.623389376845132,6.3153302006018475,6.614174842834473,602252000,0.0,0.0,NVDA
2020-03-31 00:00:00-04:00,6.654271627041957,6.858482462958431,6.418931626352314,6.5646185874938965,949960000,0.0,0.0,NVDA
2020-04-01 00:00:00-04:00,6.366632732890536,6.513066364473172,6.008766400221248,6.053343772888184,656912000,0.0,0.0,NVDA
2020-04-02 00:00:00-04:00,6.082481747363266,6.375349509282011,6.034417867069975,6.3621506690979,675764000,0.0,0.0,NVDA
2020-04-03 00:00:00-04:00,6.32454562778288,6.366134774325188,5.936795093852247,6.074263572692871,663212000,0.0,0.0,NVDA
2020-04-06 00:00:00-04:00,6.356422660936497,6.721013131709734,6.298894869543771,6.684155464172363,727884000,0.0,0.0,NVDA
2020-04-07 00:00:00-04:00,6.905798751803751,6.929457580587798,6.407724545831599,6.450808048248291,784520000,0.0,0.0,NVDA
2020-04-08 00:00:00-04:00,6.5598854395602135,6.672948388475926,6.489905987863526,6.648044586181641,542444000,0.0,0.0,NVDA
2020-04-09 00:00:00-04:00,6.773810171653583,6.796721352167685,6.485424937569646,6.548431396484375,525564000,0.0,0.0,NVDA
2020-04-13 00:00:00-04:00,6.488662221958455,6.728983080179184,6.400254158571719,6.720266819000244,398408000,0.0,0.0,NVDA
2020-04-14 00:00:00-04:00,6.848520424449045,7.105526615595516,6.820877290444887,7.071408748626709,530948000,0.0,0.0,NVDA
2020-04-15 00:00:00-04:00,6.903307939292964,7.076886915806902,6.857983386674097,6.99395751953125,366148000,0.0,0.0,NVDA
2020-04-16 00:00:00-04:00,7.14935765781439,7.446209763060646,7.136158815907621,7.339123725891113,745620000,0.0,0.0,NVDA
2020-04-17 00:00:00-04:00,7.421305667821515,7.442722969423419,7.145870875710724,7.279852867126465,539120000,0.0,0.0,NVDA
2020-04-20 00:00:00-04:00,7.153343025175355,7.309240137666798,7.104282583304815,7.148611068725586,449388000,0.0,0.0,NVDA
2020-04-21 00:00:00-04:00,7.0305668136923725,7.091829539403619,6.652030295879827,6.711799144744873,735160000,0.0,0.0,NVDA
2020-04-22 00:00:00-04:00,6.904055709260202,7.169031464681237,6.858482252430744,7.12619686126709,483356000,0.0,0.0,NVDA
2020-04-23 00:00:00-04:00,7.168284705768839,7.30027407803628,7.047750448452174,7.072903156280518,424160000,0.0,0.0,NVDA
2020-04-24 00:00:00-04:00,7.0626905746716115,7.213855669672141,6.987979178006971,7.2118635177612305,352328000,0.0,0.0,NVDA
2020-04-27 00:00:00-04:00,7.346345919337004,7.558276460300396,7.321691013396195,7.398394584655762,479388000,0.0,0.0,NVDA
2020-04-28 00:00:00-04:00,7.545824293467083,7.575708955867215,7.2504665488320335,7.255945205688477,442904000,0.0,0.0,NVDA
2020-04-29 00:00:00-04:00,7.390675190513507,7.485558469737009,7.315465963084503,7.432762622833252,379160000,0.0,0.0,NVDA
2020-04-30 00:00:00-04:00,7.378719436080781,7.432760720852031,7.264909785203958,7.278855800628662,375916000,0.0,0.0,NVDA
2020-05-01 00:00:00-04:00,7.0813689006672105,7.1946807476885954,6.993956931536458,7.042270183563232,342096000,0.0,0.0,NVDA
2020-05-04 00:00:00-04:00,6.994954166898053,7.267899006058061,6.994954166898053,7.254201889038086,317556000,0.0,0.0,NVDA
2020-05-05 00:00:00-04:00,7.358299087604405,7.477836776300249,7.254201291822987,7.315215587615967,368896000,0.0,0.0,NVDA
2020-05-06 00:00:00-04:00,7.394659355932291,7.520921167389781,7.35680560752675,7.416076183319092,323464000,0.0,0.0,NVDA
2020-05-07 00:00:00-04:00,7.5552877802756075,7.6556497065405225,7.503986290733421,7.5923943519592285,373732000,0.0,0.0,NVDA
2020-05-08 00:00:00-04:00,7.664117415604735,7.788635977921629,7.630248446454644,7.782410144805908,339216000,0.0,0.0,NVDA
2020-05-11 00:00:00-04:00,7.777430455957823,8.081256097625532,7.748791239325336,8.03443717956543,469060000,0.0,0.0,NVDA
2020-05-12 00:00:00-04:00,8.092212807458,8.141023874758188,7.762736678179775,7.772449016571045,493060000,0.0,0.0,NVDA
2020-05-13 00:00:00-04:00,7.887005510227171,8.047385189290235,7.56549850114975,7.750035285949707,625852000,0.0,0.0,NVDA
2020-05-14 00:00:00-04:00,7.811547553370342,8.005049503643653,7.657891504633286,7.999570846557617,602312000,0.0,0.0,NVDA
2020-05-15 00:00:00-04:00,7.859361447082682,8.467758774357401,7.843672178972516,8.458046913146973,987660000,0.0,0.0,NVDA
2020-05-18 00:00:00-04:00,8.726758578966196,8.882157876251767,8.647066777794294,8.716547966003418,774460000,0.0,0.0,NVDA
2020-05-19 00:00:00-04:00,8.756393994968642,9.052498925226844,8.728999759788941,8.771585464477539,717320000,0.0,0.0,NVDA
2020-05-20 00:00:00-04:00,8.956370532987304,9.008170295929782,8.854514259220592,8.93545150756836,587536000,0.0,0.0,NVDA
2020-05-21 00:00:00-04:00,9.016639099197258,9.017634700566356,8.703848319064196,8.741453170776367,761068000,0.0,0.0,NVDA
2020-05-22 00:00:00-04:00,8.79125766258948,9.057977113329207,8.679689536790752,8.991483688354492,1038764000,0.0,0.0,NVDA
2020-05-26 00:00:00-04:00,9.121482924873183,9.146387208523647,8.638600122405887,8.684173583984375,770780000,0.0,0.0,NVDA
2020-05-27 00:00:00-04:00,8.591779842948718,8.599499552152,7.96594949684625,8.492414474487305,1175892000,0.0,0.0,NVDA
2020-05-28 00:00:00-04:00,8.379850276661402,8.726759399702443,8.346977381836325,8.454313278198242,734896000,0.0,0.0,NVDA
2020-05-29 00:00:00-04:00,8.521552438303598,8.841316223144531,8.452320144155864,8.841316223144531,745256000,0.0,0.0,NVDA
2020-06-01 00:00:00-04:00,8.799230539284187,8.806701350524737,8.656033973831253,8.772334098815918,389876000,0.0,0.0,NVDA
2020-06-02 00:00:00-04:00,8.762368323979896,8.803209812078899,8.624650495509748,8.791255950927734,391320000,0.0,0.0,NVDA
2020-06-03 00:00:00-04:00,8.788269951310621,8.832100150941315,8.666490263414596,8.735722541809082,365440000,0.0,0.0,NVDA
2020-06-04 00:00:00-04:00,8.698351038544422,8.91286985853475,8.64802266856335,8.73672103881836,424280000,0.004,0.0,NVDA
2020-06-05 00:00:00-04:00,8.764626517663563,8.9664380418545,8.678420180221178,8.889699935913086,481748000,0.0,0.0,NVDA
2020-06-08 00:00:00-04:00,8.847096125961984,8.859553476790385,8.656246888070454,8.775092124938965,387736000,0.0,0.0,NVDA
2020-06-09 00:00:00-04:00,8.770106557565944,9.078803940290415,8.721522237530877,9.015270233154297,468488000,0.0,0.0,NVDA
2020-06-10 00:00:00-04:00,9.136609826741134,9.467730900066782,9.122407477646574,9.334933280944824,632180000,0.0,0.0,NVDA
2020-06-11 00:00:00-04:00,9.118917422183276,9.229789434182623,8.756154547254663,8.766369819641113,583652000,0.0,0.0,NVDA
2020-06-12 00:00:00-04:00,9.131375052473425,9.156040732560726,8.673684691916993,8.902155876159668,570908000,0.0,0.0,NVDA
2020-06-15 00:00:00-04:00,8.785305919887975,9.151058886983924,8.714048022300092,9.142587661743164,400004000,0.0,0.0,NVDA
2020-06-16 00:00:00-04:00,9.193661221979534,9.235269343312108,8.80872289575929,9.037692070007324,535716000,0.0,0.0,NVDA
2020-06-17 00:00:00-04:00,9.082788929393113,9.267408922984542,9.039435811792522,9.204623222351074,408304000,0.0,0.0,NVDA
2020-06-18 00:00:00-04:00,9.195656722193018,9.250968222748897,9.083538687223703,9.186687469482422,254408000,0.0,0.0,NVDA
2020-06-19 00:00:00-04:00,9.211103234912088,9.412914727632721,9.195904834357798,9.229788780212402,524160000,0.0,0.0,NVDA
2020-06-22 00:00:00-04:00,9.268406603167174,9.498870819857128,9.241746914536822,9.494385719299316,398468000,0.0,0.0,NVDA
2020-06-23 00:00:00-04:00,9.518554914018466,9.609744370023234,9.375543006727439,9.417898178100586,375108000,0.0,0.0,NVDA
2020-06-24 00:00:00-04:00,9.444056887430383,9.524034998889025,9.113433995386977,9.20412540435791,449372000,0.0,0.0,NVDA
2020-06-25 00:00:00-04:00,9.323970950821685,9.47271401647352,9.151060225914934,9.457764625549316,376072000,0.0,0.0,NVDA
2020-06-26 00:00:00-04:00,9.467728722723272,9.467728722723272,9.094002588931565,9.123900413513184,592084000,0.0,0.0,NVDA
2020-06-29 00:00:00-04:00,9.138602013071738,9.173233957575357,8.869767718362187,9.16874885559082,342248000,0.0,0.0,NVDA
2020-06-30 00:00:00-04:00,9.282361506421937,9.493890273450207,9.235023200799287,9.465487480163574,367892000,0.0,0.0,NVDA
2020-07-01 00:00:00-04:00,9.48840899138642,9.543222465918335,9.38102506839929,9.497627258300781,326648000,0.0,0.0,NVDA
2020-07-02 00:00:00-04:00,9.60625621550432,9.704421861503496,9.545712575907153,9.579597473144531,364056000,0.0,0.0,NVDA
2020-07-06 00:00:00-04:00,9.708654709005456,9.875087187570324,9.67950393378695,9.80582332611084,315892000,0.0,0.0,NVDA
2020-07-07 00:00:00-04:00,9.912459954611553,10.035789277439298,9.817284400641967,9.838212966918945,357800000,0.0,0.0,NVDA
2020-07-08 00:00:00-04:00,9.95980133623924,10.190266551563438,9.931647558636042,10.181296348571777,365480000,0.0,0.0,NVDA
2020-07-09 00:00:00-04:00,10.344990331412106,10.534095507053468,10.198738363384658,10.473302841186523,494548000,0.0,0.0,NVDA
2020-07-10 00:00:00-04:00,10.55277915164797,10.619052957502204,10.343492498515767,10.44365119934082,497676000,0.0,0.0,NVDA
2020-07-13 00:00:00-04:00,10.559010299091566,10.755589678607524,9.990945875656424,10.01810359954834,457076000,0.0,0.0,NVDA
2020-07-14 00:00:00-04:00,10.04077503952507,10.367411878218995,9.752258235184744,10.34174919128418,542676000,0.0,0.0,NVDA
2020-07-15 00:00:00-04:00,10.37887180037714,10.397557343822024,10.021589192844909,10.192506790161133,403984000,0.0,0.0,NVDA
2020-07-16 00:00:00-04:00,9.980980432503275,10.172078651972994,9.861886201857047,10.100323677062988,344964000,0.0,0.0,NVDA
2020-07-17 00:00:00-04:00,10.190764916562662,10.21368655172987,10.05348316903242,10.16684627532959,266284000,0.0,0.0,NVDA
2020-07-20 00:00:00-04:00,10.239348798460751,10.495475748934792,10.122247637300884,10.475045204162598,284852000,0.0,0.0,NVDA
2020-07-21 00:00:00-04:00,10.477286144387909,10.524127364124078,10.251805035504514,10.293413162231445,277036000,0.0,0.0,NVDA
2020-07-22 00:00:00-04:00,10.332280922279889,10.566482262810977,10.256538888598485,10.403288841247559,367292000,0.0,0.0,NVDA
2020-07-23 00:00:00-04:00,10.414501453841453,10.511172069225427,9.997174125900164,10.09533977508545,411660000,0.0,0.0,NVDA
2020-07-24 00:00:00-04:00,9.841455491581248,10.329541762567553,9.743788814776028,10.159870147705078,473292000,0.0,0.0,NVDA
2020-07-27 00:00:00-04:00,10.197491742615112,10.406279442311487,10.183040382548999,10.386098861694336,292132000,0.0,0.0,NVDA
2020-07-28 00:00:00-04:00,10.339010768533832,10.346734002040979,10.17457128474858,10.18079948425293,271636000,0.0,0.0,NVDA
2020-07-29 00:00:00-04:00,10.355451837217872,10.48052523133756,10.311850649072026,10.429947853088379,284508000,0.0,0.0,NVDA
2020-07-30 00:00:00-04:00,10.339756314835071,10.586914007838889,10.260277163298035,10.5779447555542,308880000,0.0,0.0,NVDA
2020-07-31 00:00:00-04:00,10.527365160235048,10.729925581420863,10.39755765547587,10.578690528869629,386080000,0.0,0.0,NVDA
2020-08-03 00:00:00-04:00,10.696041448492522,11.061047324167738,10.678849986437134,10.972847938537598,412720000,0.0,0.0,NVDA
2020-08-04 00:00:00-04:00,11.012463703459618,11.18960952758789,10.86895281349992,11.18960952758789,310336000,0.0,0.0,NVDA
2020-08-05 00:00:00-04:00,11.205807934276038,11.333123450747907,11.128321822436973,11.248412132263184,249924000,0.0,0.0,NVDA
2020-08-06 00:00:00-04:00,11.31119274116081,11.319414950364918,11.140774125561245,11.296991348266602,244316000,0.0,0.0,NVDA
2020-08-07 00:00:00-04:00,11.274071207483068,11.465668381238801,11.000005768248506,11.161455154418945,342516000,0.0,0.0,NVDA
2020-08-10 00:00:00-04:00,11.295747876802203,11.369495904917775,10.819620023247541,11.12707233428955,427796000,0.0,0.0,NVDA
2020-08-11 00:00:00-04:00,11.036131858187444,11.098918523004569,10.759076349780809,10.813142776489258,354512000,0.0,0.0,NVDA
2020-08-12 00:00:00-04:00,10.953414108119377,11.428045955610024,10.921024246348408,11.401387214660645,464412000,0.0,0.0,NVDA
2020-08-13 00:00:00-04:00,11.506777872851407,11.681931581652819,11.317174705404247,11.404128074645996,374460000,0.0,0.0,NVDA
2020-08-14 00:00:00-04:00,11.490834334969986,11.664991066649911,11.401638875499208,11.52471923828125,366436000,0.0,0.0,NVDA
2020-08-17 00:00:00-04:00,11.810993335687185,12.367596510208923,11.77710938203919,12.295093536376953,621300000,0.0,0.0,NVDA
2020-08-18 00:00:00-04:00,12.407708076223617,12.453552296628299,12.045194202427965,12.219100952148438,503448000,0.0,0.0,NVDA
2020-08-19 00:00:00-04:00,12.254727537527799,12.273164067350274,12.056901234463606,12.097264289855957,622624000,0.0,0.0,NVDA
2020-08-20 00:00:00-04:00,11.934320736199705,12.33296153702045,11.838397169779482,12.099756240844727,921388000,0.0,0.0,NVDA
2020-08-21 00:00:00-04:00,12.160301181206735,12.765239587965969,12.153823018009948,12.64041519165039,999868000,0.0,0.0,NVDA
2020-08-24 00:00:00-04:00,12.83998356587323,12.868636319650925,12.465011429685445,12.67703914642334,490564000,0.0,0.0,NVDA
2020-08-25 00:00:00-04:00,12.587844615488446,12.717901163534192,12.53103807773133,12.706689834594727,289076000,0.0,0.0,NVDA
2020-08-26 00:00:00-04:00,12.75576829206091,12.824783143783407,12.634681034243552,12.729607582092285,321244000,0.0,0.0,NVDA
2020-08-27 00:00:00-04:00,12.73808302554578,12.80635085836099,12.523813196214713,12.58535385131836,317604000,0.0,0.0,NVDA
2020-08-28 00:00:00-04:00,12.631943630422956,13.103336439127528,12.599553765736271,13.103087425231934,537160000,0.0,0.0,NVDA
2020-08-31 00:00:00-04:00,13.137967138426383,13.528884701935283,12.993460206549758,13.329066276550293,500840000,0.0,0.0,NVDA
2020-09-01 00:00:00-04:00,13.438225815701944,13.950383810695971,13.394860672886267,13.778169631958008,511316000,0.004,0.0,NVDA
2020-09-02 00:00:00-04:00,14.658184187185185,14.681113627395069,13.856924891107246,14.302042007446289,874012000,0.0,0.0,NVDA
2020-09-03 00:00:00-04:00,13.785898768535327,13.841475910571585,12.83884270592642,12.97516918182373,945128000,0.0,0.0,NVDA
2020-09-04 00:00:00-04:00,12.744135910810883,13.13417413255134,11.668479943380701,12.583386421203613,1463684000,0.0,0.0,NVDA
2020-09-08 00:00:00-04:00,11.698134467030483,12.51110747382029,11.667978615527215,11.876081466674805,795728000,0.0,0.0,NVDA
2020-09-09 00:00:00-04:00,12.361572823047036,12.769554842405869,12.193844135233684,12.675597190856934,736200000,0.0,0.0,NVDA
2020-09-10 00:00:00-04:00,12.948997994743744,13.024762692469325,12.129295687593542,12.273597717285156,698684000,0.0,0.0,NVDA
2020-09-11 00:00:00-04:00,12.446810700699576,12.613293024359079,11.858887908507215,12.126805305480957,636928000,0.0,0.0,NVDA
2020-09-14 00:00:00-04:00,13.040464102573118,13.273738223310861,12.592107869364126,12.83236026763916,1201744000,0.0,0.0,NVDA
2020-09-15 00:00:00-04:00,13.23884768114521,13.257539768805044,12.787999584615463,12.950743675231934,727556000,0.0,0.0,NVDA
2020-09-16 00:00:00-04:00,12.917095450622478,13.05217549389546,12.47497027949737,12.475717544555664,556384000,0.0,0.0,NVDA
2020-09-17 00:00:00-04:00,12.094654408006981,12.55073716303664,11.99745669318927,12.424878120422363,792512000,0.0,0.0,NVDA
2020-09-18 00:00:00-04:00,12.554725337708717,12.59335495759462,11.951600527210127,12.15147876739502,698460000,0.0,0.0,NVDA
2020-09-21 00:00:00-04:00,11.888045766743714,12.483694019829388,11.867609111725981,12.478460311889648,721044000,0.0,0.0,NVDA
2020-09-22 00:00:00-04:00,12.536032575534035,12.608806318519358,12.11783311712791,12.598587989807129,646452000,0.0,0.0,NVDA
2020-09-23 00:00:00-04:00,12.536530607405997,12.68756183930577,12.0418191842963,12.086180686950684,647012000,0.0,0.0,NVDA
2020-09-24 00:00:00-04:00,12.034838725055069,12.530547362627683,11.976768814615303,12.309733390808105,731240000,0.0,0.0,NVDA
2020-09-25 00:00:00-04:00,12.408927017578229,12.843575780040306,12.207802412776056,12.833855628967285,588016000,0.0,0.0,NVDA
2020-09-28 00:00:00-04:00,12.999841634274576,13.011306356370335,12.710491215075473,12.994607925415039,573808000,0.0,0.0,NVDA
2020-09-29 00:00:00-04:00,12.897409079611174,13.401093380463369,12.893172675497496,13.184765815734863,621460000,0.0,0.0,NVDA
2020-09-30 00:00:00-04:00,13.116727827913346,13.580287038831065,13.109500461527388,13.488572120666504,689184000,0.0,0.0,NVDA
2020-10-01 00:00:00-04:00,13.715366086554479,13.720100667181514,13.41903648100408,13.572310447692871,525004000,0.0,0.0,NVDA
2020-10-02 00:00:00-04:00,13.184017327139697,13.477604097994039,13.010555799305992,13.021771430969238,552496000,0.0,0.0,NVDA
2020-10-05 00:00:00-04:00,13.194985220785789,13.601970018218562,13.18177592914348,13.600225448608398,479820000,0.0,0.0,NVDA
2020-10-06 00:00:00-04:00,13.787144848699635,14.098178326883055,13.622656172875551,13.693934440612793,784420000,0.0,0.0,NVDA
2020-10-07 00:00:00-04:00,13.956367334628082,14.07549718453107,13.820539055423023,13.920727729797363,418084000,0.0,0.0,NVDA
2020-10-08 00:00:00-04:00,14.031383838958014,14.040854902094079,13.71536672951191,13.795866012573242,378900000,0.0,0.0,NVDA
2020-10-09 00:00:00-04:00,13.724341573215094,13.781414200357583,13.618420991139637,13.720104217529297,346892000,0.0,0.0,NVDA
2020-10-12 00:00:00-04:00,13.946145565872362,14.302537723382745,13.869384529135532,14.181912422180176,434744000,0.0,0.0,NVDA
2020-10-13 00:00:00-04:00,14.252195558476652,14.304034456862693,13.975306286500945,14.204094886779785,344604000,0.0,0.0,NVDA
2020-10-14 00:00:00-04:00,14.246215398362194,14.298303391544927,13.916739922173088,14.051570892333984,276100000,0.0,0.0,NVDA
2020-10-15 00:00:00-04:00,13.767953352964803,13.962348784110764,13.725086380494536,13.92671012878418,267224000,0.0,0.0,NVDA
2020-10-16 00:00:00-04:00,13.99325283964249,14.07774039175941,13.749759423521498,13.76870059967041,242392000,0.0,0.0,NVDA
2020-10-19 00:00:00-04:00,13.859914912818727,13.940165095952667,13.365202624051472,13.455921173095703,298068000,0.0,0.0,NVDA
2020-10-20 00:00:00-04:00,13.541407070698842,13.756987368926554,13.465144191368136,13.603215217590332,229212000,0.0,0.0,NVDA
2020-10-21 00:00:00-04:00,13.582779175429115,13.748763320474952,13.435736206877356,13.482839584350586,219596000,0.0,0.0,NVDA
2020-10-22 00:00:00-04:00,13.480595803068136,13.569568842575757,13.190746292496502,13.319596290588379,290480000,0.0,0.0,NVDA
2020-10-23 00:00:00-04:00,13.408320166954695,13.551126719467236,13.250062529011627,13.548135757446289,233484000,0.0,0.0,NVDA
2020-10-26 00:00:00-04:00,13.385391699339385,13.650318109771362,12.998095392130589,13.100526809692383,336896000,0.0,0.0,NVDA
2020-10-27 00:00:00-04:00,13.264764686716392,13.400343856284257,13.150619474653467,13.355234146118164,250520000,0.0,0.0,NVDA
2020-10-28 00:00:00-04:00,13.157101249805214,13.218909394525857,12.569926727116144,12.587870597839355,376520000,0.0,0.0,NVDA
2020-10-29 00:00:00-04:00,12.798716304089377,13.151868514765228,12.710490523520622,12.983641624450684,320080000,0.0,0.0,NVDA
2020-10-30 00:00:00-04:00,12.810178913074825,12.89641007077862,12.261883143706681,12.495158195495605,416820000,0.0,0.0,NVDA
2020-11-02 00:00:00-05:00,12.618526270619803,12.796971486220077,12.35659080784414,12.541765213012695,299652000,0.0,0.0,NVDA
2020-11-03 00:00:00-05:00,12.669118451633498,13.064389401209851,12.563696069043367,12.979154586791992,272900000,0.0,0.0,NVDA
2020-11-04 00:00:00-05:00,13.347759223710232,13.784651715579656,13.295671227164691,13.751503944396973,410228000,0.0,0.0,NVDA
2020-11-05 00:00:00-05:00,14.118614077596797,14.294566513756212,13.947645310964258,14.116121292114258,319028000,0.0,0.0,NVDA
2020-11-06 00:00:00-05:00,14.06602622889892,14.543541985718917,13.851942362045998,14.516875267028809,383348000,0.0,0.0,NVDA
2020-11-09 00:00:00-05:00,14.507402211518222,14.645971395758417,13.568571079455158,13.588508605957031,582976000,0.0,0.0,NVDA
2020-11-10 00:00:00-05:00,13.564334744395342,13.564334744395342,12.589116673777136,12.730427742004395,644068000,0.0,0.0,NVDA
2020-11-11 00:00:00-05:00,13.01329951780789,13.393368493454396,12.908126217082737,13.376420974731445,404744000,0.0,0.0,NVDA
2020-11-12 00:00:00-05:00,13.437230778580004,13.723341113846628,13.27473578360391,13.41504955291748,365812000,0.0,0.0,NVDA
2020-11-13 00:00:00-05:00,13.58502189438396,13.626393386360808,13.018782160079738,13.2557954788208,346312000,0.0,0.0,NVDA
2020-11-16 00:00:00-05:00,13.131681153069124,13.607203277120108,13.115232761882497,13.473369598388672,413776000,0.0,0.0,NVDA
2020-11-17 00:00:00-05:00,13.510501631287235,13.554115863305508,13.262522754338525,13.380655288696289,312028000,0.0,0.0,NVDA
2020-11-18 00:00:00-05:00,13.423523328788992,13.563588009896126,13.1441421824514,13.387136459350586,510924000,0.0,0.0,NVDA
2020-11-19 00:00:00-05:00,13.17180655068119,13.445704907564874,13.059405888959795,13.398601531982422,565936000,0.0,0.0,NVDA
2020-11-20 00:00:00-05:00,13.412310574058976,13.452684764910122,13.024515078130138,13.047195434570312,341088000,0.0,0.0,NVDA
2020-11-23 00:00:00-05:00,13.130433515692037,13.341028219522052,12.975165900762292,13.09928035736084,361356000,0.0,0.0,NVDA
2020-11-24 00:00:00-05:00,13.101771016021454,13.121210364508935,12.845069318637616,12.917593955993652,346500000,0.0,0.0,NVDA
2020-11-25 00:00:00-05:00,12.992114247965226,13.228379329098729,12.979653173979193,13.193737030029297,259916000,0.0,0.0,NVDA
2020-11-27 00:00:00-05:00,13.333552723080512,13.365952276272498,13.129686242574325,13.220154762268066,167276000,0.0,0.0,NVDA
2020-11-30 00:00:00-05:00,13.223897459147322,13.370940454186348,12.932054215814151,13.359973907470703,286952000,0.0,0.0,NVDA
2020-12-01 00:00:00-05:00,13.450442092292175,13.486828967158198,13.187259257531718,13.348508834838867,296948000,0.0,0.0,NVDA
2020-12-02 00:00:00-05:00,13.309127241026008,13.631126226473347,13.193237458838539,13.50252628326416,283360000,0.0,0.0,NVDA
2020-12-03 00:00:00-05:00,13.549396414005608,13.621693331672965,13.29162217345362,13.358433723449707,199520000,0.004,0.0,NVDA
2020-12-04 00:00:00-05:00,13.410786363398698,13.521974424507142,13.351204314555789,13.52022933959961,202244000,0.0,0.0,NVDA
2020-12-07 00:00:00-05:00,13.563109561551247,13.692745134365365,13.462143787465276,13.568593978881836,223244000,0.0,0.0,NVDA
2020-12-08 00:00:00-05:00,13.546905529989491,13.560617048875113,13.2442564174415,13.312564849853516,271920000,0.0,0.0,NVDA
2020-12-09 00:00:00-05:00,13.263201471655023,13.37638282728768,12.832163602712681,12.894488334655762,401300000,0.0,0.0,NVDA
2020-12-10 00:00:00-05:00,12.832913961572821,13.032103781438378,12.81346791192631,12.935873985290527,207764000,0.0,0.0,NVDA
2020-12-11 00:00:00-05:00,12.930886519220268,12.983489181090265,12.787041115310338,12.976758003234863,209264000,0.0,0.0,NVDA
2020-12-14 00:00:00-05:00,13.05129824509495,13.351204645640843,13.040827735390105,13.271429061889648,270156000,0.0,0.0,NVDA
2020-12-15 00:00:00-05:00,13.40206047490147,13.426242500782983,13.149770658003526,13.323033332824707,193016000,0.0,0.0,NVDA
2020-12-16 00:00:00-05:00,13.384856871515465,13.399565985120317,13.175445768851608,13.205362319946289,223116000,0.0,0.0,NVDA
2020-12-17 00:00:00-05:00,13.329265612676407,13.341980481922512,13.141543929806868,13.303837776184082,231384000,0.0,0.0,NVDA
2020-12-18 00:00:00-05:00,13.341480601086888,13.367407711372202,13.033846398297575,13.234781265258789,342064000,0.0,0.0,NVDA
2020-12-21 00:00:00-05:00,13.038083274086588,13.332505217650821,12.931133831680992,13.29486083984375,302332000,0.0,0.0,NVDA
2020-12-22 00:00:00-05:00,13.281899872364148,13.299849046264637,13.017393488830592,13.24101448059082,185580000,0.0,0.0,NVDA
2020-12-23 00:00:00-05:00,13.218825746792993,13.237772518322112,12.968530174223998,12.97276782989502,179144000,0.0,0.0,NVDA
2020-12-24 00:00:00-05:00,13.000687677493834,13.095670686086326,12.90246461252926,12.95730972290039,97884000,0.0,0.0,NVDA
2020-12-28 00:00:00-05:00,13.025866637699117,13.025866637699117,12.727456224694288,12.863821983337402,212564000,0.0,0.0,NVDA
2020-12-29 00:00:00-05:00,12.888753571154453,13.035839963058338,12.806235314111813,12.906951904296875,170372000,0.0,0.0,NVDA
2020-12-30 00:00:00-05:00,12.953821418799093,13.176694914698261,12.860584432443018,13.108885765075684,225396000,0.0,0.0,NVDA
2020-12-31 00:00:00-05:00,13.099662161368183,13.114121164807875,12.87878290992759,13.018390655517578,192424000,0.0,0.0,NVDA
2021-01-04 00:00:00-05:00,13.067503164125954,13.61421596546019,12.926150323127079,13.076726913452148,560640000,0.0,0.0,NVDA
2021-01-05 00:00:00-05:00,13.063014829846537,13.405800875139692,13.050300910946934,13.367159843444824,322760000,0.0,0.0,NVDA
2021-01-06 00:00:00-05:00,13.18541820256076,13.207855140807311,12.55070381903022,12.579123497009277,580424000,0.0,0.0,NVDA
2021-01-07 00:00:00-05:00,12.93113434405788,13.34023452196622,12.850362120145352,13.306578636169434,461480000,0.0,0.0,NVDA
2021-01-08 00:00:00-05:00,13.325029238416239,13.383364531567597,13.00542760762959,13.239519119262695,292528000,0.0,0.0,NVDA
2021-01-11 00:00:00-05:00,13.381119906111909,13.921849917900058,13.32502802714216,13.583301544189453,518344000,0.0,0.0,NVDA
2021-01-12 00:00:00-05:00,13.7139365572636,13.715931755564213,13.307579902038292,13.446937561035156,291476000,0.0,0.0,NVDA
2021-01-13 00:00:00-05:00,13.452166345350392,13.586787958870872,13.347461279945366,13.493799209594727,210028000,0.0,0.0,NVDA
2021-01-14 00:00:00-05:00,13.536934007155532,13.561614361959876,13.143540449455568,13.16323471069336,283120000,0.0,0.0,NVDA
2021-01-15 00:00:00-05:00,13.190906014849554,13.287883293274248,12.81247076358303,12.823439598083496,277780000,0.0,0.0,NVDA
2021-01-19 00:00:00-05:00,12.979748217546279,13.057280388815155,12.807981463243154,12.988723754882812,226188000,0.0,0.0,NVDA
2021-01-20 00:00:00-05:00,13.074980630078048,13.392837146187576,13.020135512164993,13.328269004821777,258572000,0.0,0.0,NVDA
2021-01-21 00:00:00-05:00,13.380868311151506,13.959990085566904,13.215832761074779,13.828609466552734,337780000,0.0,0.0,NVDA
2021-01-22 00:00:00-05:00,13.701466685293624,13.802931705716695,13.589032833311224,13.674043655395508,246820000,0.0,0.0,NVDA
2021-01-25 00:00:00-05:00,13.743101253478759,13.789720219870421,13.199380371226189,13.614961624145508,251112000,0.0,0.0,NVDA
2021-01-26 00:00:00-05:00,13.542417439336141,13.606487262954001,13.349958806472381,13.397575378417969,163980000,0.0,0.0,NVDA
2021-01-27 00:00:00-05:00,13.192897604485092,13.195640288057769,12.757871281264219,12.881524085998535,371272000,0.0,0.0,NVDA
2021-01-28 00:00:00-05:00,12.959804528349476,13.3023413819018,12.924154394726525,13.014400482177734,228316000,0.0,0.0,NVDA
2021-01-29 00:00:00-05:00,13.038332282925575,13.297354205271604,12.875290969662462,12.95332145690918,271552000,0.0,0.0,NVDA
2021-02-01 00:00:00-05:00,13.016646669284185,13.233536494186444,12.866568401432255,13.199881553649902,217204000,0.0,0.0,NVDA
2021-02-02 00:00:00-05:00,13.36117799763432,13.533941422844492,13.248244838960066,13.5187349319458,220440000,0.0,0.0,NVDA
2021-02-03 00:00:00-05:00,13.597760947043264,13.892682206778403,13.478596845978661,13.492557525634766,245408000,0.0,0.0,NVDA
2021-02-04 00:00:00-05:00,13.493053287958364,13.635153579480152,13.300345542291058,13.625929832458496,201340000,0.0,0.0,NVDA
2021-02-05 00:00:00-05:00,13.686511968620373,13.69872756323,13.507763916332621,13.552886962890625,169152000,0.0,0.0,NVDA
2021-02-08 00:00:00-05:00,13.688755187120892,14.43316181497627,13.688755187120892,14.398260116577148,434624000,0.0,0.0,NVDA
2021-02-09 00:00:00-05:00,14.300534356614135,14.542354624618508,14.182616068463537,14.223252296447754,287560000,0.0,0.0,NVDA
2021-02-10 00:00:00-05:00,14.422691425140114,14.863202216590143,14.301282965701423,14.722846984863281,485352000,0.0,0.0,NVDA
2021-02-11 00:00:00-05:00,14.938240455389991,15.229421401855387,14.883145228492026,15.20798110961914,450828000,0.0,0.0,NVDA
2021-02-12 00:00:00-05:00,15.007794401549177,15.248367885003656,14.733565033067464,14.919293403625488,374756000,0.0,0.0,NVDA
2021-02-16 00:00:00-05:00,15.0220061893389,15.329392207780066,14.908076391399229,15.287260055541992,321960000,0.0,0.0,NVDA
2021-02-17 00:00:00-05:00,15.128455897288585,15.180809395697596,14.738552573585007,14.8641996383667,274756000,0.0,0.0,NVDA
2021-02-18 00:00:00-05:00,14.687695554072727,14.83154095008502,14.53412713480313,14.787415504455566,233868000,0.0,0.0,NVDA
2021-02-19 00:00:00-05:00,14.982367357934063,15.134439861142546,14.80511617951891,14.884642601013184,271724000,0.0,0.0,NVDA
2021-02-22 00:00:00-05:00,14.733318293645503,15.090813464605944,14.284829539167944,14.3154935836792,325884000,0.0,0.0,NVDA
2021-02-23 00:00:00-05:00,14.035776416282213,14.198818673240451,13.35194955644747,14.102339744567871,391780000,0.0,0.0,NVDA
2021-02-24 00:00:00-05:00,14.083145503096832,14.466068467380678,13.717423274073871,14.45833969116211,448320000,0.0,0.0,NVDA
2021-02-25 00:00:00-05:00,14.00611199836621,14.33443901715153,13.179188080871866,13.270181655883789,824436000,0.0,0.0,NVDA
2021-02-26 00:00:00-05:00,13.713932284643422,13.815646473279205,13.323530680452917,13.676039695739746,500932000,0.0,0.0,NVDA
2021-03-01 00:00:00-05:00,13.8360922172584,13.885952199232316,13.515244769121345,13.802935600280762,353184000,0.0,0.0,NVDA
2021-03-02 00:00:00-05:00,13.861019225401146,13.881461918922543,13.358432904337935,13.368654251098633,264116000,0.0,0.0,NVDA
2021-03-03 00:00:00-05:00,13.388597869897936,13.413776541433187,12.762857098855966,12.768840789794922,377592000,0.0,0.0,NVDA
2021-03-04 00:00:00-05:00,12.764852623838904,12.938614575428367,12.049863300020087,12.335559844970703,573344000,0.0,0.0,NVDA
2021-03-05 00:00:00-05:00,12.514804603359082,12.514804603359082,11.646496134063495,12.426552772521973,542840000,0.0,0.0,NVDA
2021-03-08 00:00:00-05:00,12.415087507609316,12.436277690098503,11.53406492027041,11.56074047088623,543112000,0.0,0.0,NVDA
2021-03-09 00:00:00-05:00,12.100408589821392,12.5857115477266,12.029583156574535,12.489449501037598,521824000,0.004,0.0,NVDA
2021-03-10 00:00:00-05:00,12.808912065236347,12.948068558380744,12.426854829102174,12.437578201293945,384376000,0.0,0.0,NVDA
2021-03-11 00:00:00-05:00,12.918142518050555,13.014156273626458,12.703172774674462,12.961535453796387,299916000,0.0,0.0,NVDA
2021-03-12 00:00:00-05:00,12.617134005807182,12.857042807221505,12.559027830206189,12.824373245239258,243964000,0.0,0.0,NVDA
2021-03-15 00:00:00-04:00,12.83310149724649,13.174260154911902,12.735841507996014,13.158798217773438,221988000,0.0,0.0,NVDA
2021-03-16 00:00:00-04:00,13.323640516436615,13.479256868126042,13.084480431649451,13.258551597595215,272128000,0.0,0.0,NVDA
2021-03-17 00:00:00-04:00,13.007671116067991,13.420153700648893,12.957544682409727,13.308429718017578,243864000,0.0,0.0,NVDA
2021-03-18 00:00:00-04:00,13.104185207444301,13.151568017279345,12.685716806925916,12.691203117370605,293896000,0.0,0.0,NVDA
2021-03-19 00:00:00-04:00,12.718632702400825,12.889710986982735,12.581471167444477,12.814146995544434,299208000,0.0,0.0,NVDA
2021-03-22 00:00:00-04:00,12.880982909051182,13.361547266325193,12.874997152443814,13.153809547424316,297804000,0.0,0.0,NVDA
2021-03-23 00:00:00-04:00,13.221645047668831,13.311673054214847,12.98921840921638,13.038597106933594,222048000,0.0,0.0,NVDA
2021-03-24 00:00:00-04:00,13.118896401350066,13.126877093413306,12.605662461359328,12.611896514892578,245840000,0.0,0.0,NVDA
2021-03-25 00:00:00-04:00,12.468752111186024,12.68347262186374,12.241811788187613,12.504413604736328,295144000,0.0,0.0,NVDA
2021-03-26 00:00:00-04:00,12.523614443030619,12.82462229390924,12.343059962632033,12.807663917541504,363968000,0.0,0.0,NVDA
2021-03-29 00:00:00-04:00,12.788709827744805,13.030364297959583,12.668755911865413,12.91639518737793,273520000,0.0,0.0,NVDA
2021-03-30 00:00:00-04:00,12.810407393306773,12.943329820806323,12.673744343397683,12.840084075927734,200204000,0.0,0.0,NVDA
2021-03-31 00:00:00-04:00,12.98347986602582,13.437360417469511,12.950561058891067,13.315411567687988,314776000,0.0,0.0,NVDA
2021-04-01 00:00:00-04:00,13.538859226814786,13.835876207679082,13.47800848016425,13.777770042419434,308276000,0.0,0.0,NVDA
2021-04-05 00:00:00-04:00,13.833382202251482,13.97952140413328,13.699212609252072,13.953086853027344,255672000,0.0,0.0,NVDA
2021-04-06 00:00:00-04:00,13.965308533350179,14.019674081792544,13.739615448630643,13.827398300170898,191744000,0.0,0.0,NVDA
2021-04-07 00:00:00-04:00,13.846602230892788,14.208459897547266,13.677769060228261,14.1087064743042,251284000,0.0,0.0,NVDA
2021-04-08 00:00:00-04:00,14.217687357595498,14.435899213055192,14.213945783814793,14.281779289245605,244416000,0.0,0.0,NVDA
2021-04-09 00:00:00-04:00,14.179032137087,14.372555124634204,14.140128521718337,14.364574432373047,195172000,0.0,0.0,NVDA
2021-04-12 00:00:00-04:00,14.254596927138556,15.314732396380426,14.104466864397924,15.171585083007812,869324000,0.0,0.0,NVDA
2021-04-13 00:00:00-04:00,15.194028535206293,15.661376111521582,15.088538607928012,15.640926361083984,676212000,0.0,0.0,NVDA
2021-04-14 00:00:00-04:00,15.586561501348141,15.681826557633755,15.190039338700716,15.239418029785156,385500000,0.0,0.0,NVDA
2021-04-15 00:00:00-04:00,15.623972472177224,16.17436541470877,15.593048591540859,16.09755516052246,598480000,0.0,0.0,NVDA
2021-04-16 00:00:00-04:00,16.01350454424651,16.12597815172674,15.826216599727163,15.873351097106934,335208000,0.0,0.0,NVDA
2021-04-19 00:00:00-04:00,15.49827785931113,15.768611067379295,15.195524339740611,15.323957443237305,404420000,0.0,0.0,NVDA
2021-04-20 00:00:00-04:00,15.285552882888071,15.458875362058153,14.926189618252145,15.133927345275879,334132000,0.0,0.0,NVDA
2021-04-21 00:00:00-04:00,15.0815550200728,15.32470592597656,15.06509609224263,15.322710990905762,216776000,0.0,0.0,NVDA
2021-04-22 00:00:00-04:00,15.33717668577237,15.400520875772711,14.747131525503809,14.81371784210205,277788000,0.0,0.0,NVDA
2021-04-23 00:00:00-04:00,14.89750944608486,15.29727370248584,14.863593646617081,15.22769546508789,227500000,0.0,0.0,NVDA
2021-04-26 00:00:00-04:00,15.147644806930623,15.44092122976747,15.087791990367876,15.439923286437988,197796000,0.0,0.0,NVDA
2021-04-27 00:00:00-04:00,15.540173958472135,15.63194762998392,15.316725060501184,15.343908309936523,164572000,0.0,0.0,NVDA
2021-04-28 00:00:00-04:00,15.326703691397503,15.494041387544131,15.178070060901838,15.239169120788574,209416000,0.0,0.0,NVDA
2021-04-29 00:00:00-04:00,15.362113842578646,15.39852402553531,15.034422195968673,15.287049293518066,173196000,0.0,0.0,NVDA
2021-04-30 00:00:00-04:00,15.137169225880765,15.327199878603071,14.960105175895864,14.972574234008789,201912000,0.0,0.0,NVDA
2021-05-03 00:00:00-04:00,15.087789925219155,15.209240277723236,14.75112061320419,14.800249099731445,203912000,0.0,0.0,NVDA
2021-05-04 00:00:00-04:00,14.6012413438704,14.601490591862607,13.975783949931254,14.31594467163086,405324000,0.0,0.0,NVDA
2021-05-05 00:00:00-04:00,14.672814191288305,14.777057880701475,14.35210528482162,14.422930717468262,292024000,0.0,0.0,NVDA
2021-05-06 00:00:00-04:00,14.459589562260682,14.535402805545267,14.183022295182871,14.487271308898926,193380000,0.0,0.0,NVDA
2021-05-07 00:00:00-04:00,14.771819417961543,14.93391906739071,14.635654875272314,14.775809288024902,229328000,0.0,0.0,NVDA
2021-05-10 00:00:00-04:00,14.750871407443766,14.76957547077731,14.214943531610285,14.2306547164917,268904000,0.0,0.0,NVDA
2021-05-11 00:00:00-04:00,13.790988399639572,14.319435012067427,13.71617310026738,14.2710542678833,285584000,0.0,0.0,NVDA
2021-05-12 00:00:00-04:00,13.975035218815083,14.225168896948256,13.675524752489777,13.724653244018555,303408000,0.0,0.0,NVDA
2021-05-13 00:00:00-04:00,13.999225058319066,14.046110316134385,13.42588905794775,13.631631851196289,285404000,0.0,0.0,NVDA
2021-05-14 00:00:00-04:00,13.855830733479957,14.292752972906976,13.714678353750243,14.207962036132812,258616000,0.0,0.0,NVDA
2021-05-17 00:00:00-04:00,14.122170379507207,14.134390188646014,13.819417829880699,14.13064956665039,216980000,0.0,0.0,NVDA
2021-05-18 00:00:00-04:00,14.231901032825663,14.368813321991661,13.969547568974676,13.981268882751465,186256000,0.0,0.0,NVDA
2021-05-19 00:00:00-04:00,13.533125715779056,14.04486420754391,13.50993328439384,14.031147956848145,344000000,0.0,0.0,NVDA
2021-05-20 00:00:00-04:00,14.267314594726596,14.647627072883193,14.23539372799806,14.576552391052246,321592000,0.0,0.0,NVDA
2021-05-21 00:00:00-04:00,15.126448002011402,15.1845551375528,14.832922299304304,14.95487117767334,672992000,0.0,0.0,NVDA
2021-05-24 00:00:00-04:00,15.175074181777035,15.706264404068651,15.138664001057602,15.573592185974121,554816000,0.0,0.0,NVDA
2021-05-25 00:00:00-04:00,15.727211901641097,15.779582511558072,15.444409656761364,15.6092529296875,435408000,0.0,0.0,NVDA
2021-05-26 00:00:00-04:00,15.69554295501756,15.754896323009897,15.547907279022002,15.661376953125,370440000,0.0,0.0,NVDA
2021-05-27 00:00:00-04:00,15.66112686872143,15.71125330157703,15.421966770902706,15.449897766113281,581476000,0.0,0.0,NVDA
2021-05-28 00:00:00-04:00,15.462868522430515,16.237458110287374,15.462868522430515,16.204538345336914,644536000,0.0,0.0,NVDA
2021-06-01 00:00:00-04:00,16.22996884163976,16.347927786199005,15.8641204983863,16.2244815826416,472804000,0.0,0.0,NVDA
2021-06-02 00:00:00-04:00,16.212269621300088,16.87713010157178,16.195560491961704,16.736974716186523,594168000,0.0,0.0,NVDA
2021-06-03 00:00:00-04:00,16.659665958022718,17.21654307093119,16.54220545944608,16.928003311157227,580008000,0.0,0.0,NVDA
2021-06-04 00:00:00-04:00,17.070399745238127,17.61755040818045,17.053443272743788,17.535005569458008,617120000,0.0,0.0,NVDA
2021-06-07 00:00:00-04:00,17.528023884085115,17.76867947172536,17.150455047093143,17.575654983520508,575756000,0.0,0.0,NVDA
2021-06-08 00:00:00-04:00,17.484127777541314,17.578145619108973,17.208556601691306,17.414051055908203,323848000,0.0,0.0,NVDA
2021-06-09 00:00:00-04:00,17.476666914175155,17.535784584212863,17.21724683977424,17.319517135620117,381656000,0.004,0.0,NVDA
2021-06-10 00:00:00-04:00,17.311284529275444,17.452967859710565,17.137673016665815,17.38611602783203,287772000,0.0,0.0,NVDA
2021-06-11 00:00:00-04:00,17.440497358543247,17.89922263315235,17.404827691754896,17.785476684570312,416308000,0.0,0.0,NVDA
2021-06-14 00:00:00-04:00,17.866042920276705,17.999244162607233,17.62333583892256,17.978540420532227,321376000,0.0,0.0,NVDA
2021-06-15 00:00:00-04:00,17.87502480453141,17.9760485675202,17.688441808318867,17.74880599975586,243032000,0.0,0.0,NVDA
2021-06-16 00:00:00-04:00,17.751050591544338,17.91468418538893,17.545259694850984,17.770505905151367,307124000,0.0,0.0,NVDA
2021-06-17 00:00:00-04:00,17.734834323579165,18.792966905127752,17.716625537466296,18.61561393737793,809656000,0.0,0.0,NVDA
2021-06-18 00:00:00-04:00,18.74208463201298,19.331765442705965,18.54253016298032,18.597158432006836,968856000,0.0,0.0,NVDA
2021-06-21 00:00:00-04:00,18.394110948679845,18.495136607237573,17.782978507688828,18.38612937927246,672384000,0.0,0.0,NVDA
2021-06-22 00:00:00-04:00,18.430280361670633,18.92143232381055,18.344970443440133,18.844602584838867,580144000,0.0,0.0,NVDA
2021-06-23 00:00:00-04:00,18.965337575311207,19.110014493625204,18.86556032464318,19.014726638793945,332356000,0.0,0.0,NVDA
2021-06-24 00:00:00-04:00,19.184842999806214,19.37666328306946,19.045652733544433,19.162641525268555,320924000,0.0,0.0,NVDA
2021-06-25 00:00:00-04:00,19.237478474504314,19.302333968295713,18.852340103189597,18.988534927368164,278364000,0.0,0.0,NVDA
2021-06-28 00:00:00-04:00,19.31804423186524,20.0339437763487,19.275888834778623,19.94040298461914,495436000,0.0,0.0,NVDA
2021-06-29 00:00:00-04:00,19.838132408460762,20.053899319285392,19.61313549933401,19.9820613861084,367632000,0.0,0.0,NVDA
2021-06-30 00:00:00-04:00,19.954623798999663,20.117509490168736,19.81942620130902,19.957866668701172,326568000,0.0,0.0,NVDA
2021-07-01 00:00:00-04:00,20.08008726884415,20.41034795573493,19.974322929566206,20.166893005371094,480136000,0.0,0.0,NVDA
2021-07-02 00:00:00-04:00,20.39464128513215,20.459496781014884,20.242481411960746,20.441286087036133,342764000,0.0,0.0,NVDA
2021-07-06 00:00:00-04:00,20.691218122883416,20.795484721302476,20.30483337664297,20.652305603027344,446708000,0.0,0.0,NVDA
2021-07-07 00:00:00-04:00,20.80696363579524,20.82841529094071,20.28662778206436,20.3262882232666,418428000,0.0,0.0,NVDA
2021-07-08 00:00:00-04:00,19.81219121733982,20.088073010027667,19.656788496494755,19.85833740234375,503300000,0.0,0.0,NVDA
2021-07-09 00:00:00-04:00,19.91795284925319,20.035440254937832,19.71016751816278,20.00550651550293,296624000,0.0,0.0,NVDA
2021-07-12 00:00:00-04:00,20.194831526051157,20.486927621817394,20.142698220207457,20.466724395751953,321984000,0.0,0.0,NVDA
2021-07-13 00:00:00-04:00,20.35497651465563,20.41559191282485,20.069116801359257,20.20481300354004,290708000,0.0,0.0,NVDA
2021-07-14 00:00:00-04:00,20.312320711528482,20.37218628598519,19.708671252768255,19.797222137451172,380100000,0.0,0.0,NVDA
2021-07-15 00:00:00-04:00,19.767541563589802,19.802712615853245,18.81641780631907,18.923927307128906,550564000,0.0,0.0,NVDA
2021-07-16 00:00:00-04:00,18.98803672242513,19.114253634630632,18.032672782425777,18.12047576904297,688224000,0.0,0.0,NVDA
2021-07-19 00:00:00-04:00,17.875275342534227,18.999510194615794,17.825635073987275,18.73784637451172,749060000,0.0,0.0,NVDA
2021-07-20 00:00:00-04:00,18.688203709705867,18.795962510715192,18.123466749051826,18.570466995239258,434687000,0.0,4.0,NVDA
2021-07-21 00:00:00-04:00,18.83986423648893,19.48342535694125,18.700177259556888,19.36668586730957,371017000,0.0,0.0,NVDA
2021-07-22 00:00:00-04:00,19.59817284947794,19.842625113327063,19.232988381513685,19.55027961730957,323826000,0.0,0.0,NVDA
2021-07-23 00:00:00-04:00,19.612137498497777,19.656039936097546,19.207043356145515,19.51435661315918,195672000,0.0,0.0,NVDA
2021-07-26 00:00:00-04:00,19.267910216356587,19.398616517231275,18.87179481933325,19.250947952270508,203943000,0.0,0.0,NVDA
2021-07-27 00:00:00-04:00,19.222006433543775,19.578210080581876,18.699175656661474,19.16513442993164,248863000,0.0,0.0,NVDA
2021-07-28 00:00:00-04:00,19.27589652531745,19.60216660209847,18.952620013886673,19.45948600769043,202191000,0.0,0.0,NVDA
2021-07-29 00:00:00-04:00,19.475443459730137,19.808699693651445,19.284869681606036,19.618125915527344,190781000,0.0,0.0,NVDA
2021-07-30 00:00:00-04:00,19.374669578351813,19.586196410986457,19.220016666249848,19.455490112304688,183497000,0.0,0.0,NVDA
2021-08-02 00:00:00-04:00,19.65604303889912,19.91646033514249,19.31779876840227,19.705930709838867,217444000,0.0,0.0,NVDA
2021-08-03 00:00:00-04:00,19.695947175204367,20.176871874335998,19.177107171863515,19.770780563354492,301811000,0.0,0.0,NVDA
2021-08-04 00:00:00-04:00,19.945393101365298,20.27266220607287,19.783753941478007,20.228759765625,231309000,0.0,0.0,NVDA
2021-08-05 00:00:00-04:00,20.454252790573072,20.686732636563846,20.296604434887584,20.590946197509766,211435000,0.0,0.0,NVDA
2021-08-06 00:00:00-04:00,20.478195428994542,20.52409229585206,20.164895122150707,20.320547103881836,178497000,0.0,0.0,NVDA
2021-08-09 00:00:00-04:00,20.400376028225207,20.462237955728927,20.098052643578864,20.249713897705078,146443000,0.0,0.0,NVDA
2021-08-10 00:00:00-04:00,20.276652149351023,20.38441095043881,19.79073746939865,19.89151382446289,179238000,0.0,0.0,NVDA
2021-08-11 00:00:00-04:00,19.998272961888595,20.004260090424093,19.386641917461688,19.655040740966797,185925000,0.0,0.0,NVDA
2021-08-12 00:00:00-04:00,19.825660607005055,19.984304288652414,19.576218486098607,19.86058235168457,151652000,0.0,0.0,NVDA
2021-08-13 00:00:00-04:00,19.860582533688213,20.168893013178696,19.806702182493282,20.1429500579834,183063000,0.0,0.0,NVDA
2021-08-16 00:00:00-04:00,20.090066043847173,20.241727260005828,19.409586914753046,19.905479431152344,210876000,0.0,0.0,NVDA
2021-08-17 00:00:00-04:00,19.64107405193435,19.725885371220297,19.224007514423867,19.414581298828125,204585000,0.0,0.0,NVDA
2021-08-18 00:00:00-04:00,19.456481498919505,19.590183225168474,18.957597357921568,18.997509002685547,285913000,0.0,0.0,NVDA
2021-08-19 00:00:00-04:00,19.45049795314663,20.449265542336242,18.720131086069024,19.753820419311523,766555000,0.0,0.0,NVDA
2021-08-20 00:00:00-04:00,19.946390500496992,20.818440769765257,19.888521263811523,20.769550323486328,675741000,0.0,0.0,NVDA
2021-08-23 00:00:00-04:00,20.924203397298,21.947912925807106,20.903250350633197,21.909000396728516,575807000,0.0,0.0,NVDA
2021-08-24 00:00:00-04:00,21.70445975402652,21.90999945326239,21.486945796783075,21.744369506835938,297299000,0.0,0.0,NVDA
2021-08-25 00:00:00-04:00,21.688491659774787,22.419855713761294,21.673525742463315,22.163429260253906,347701000,0.0,0.0,NVDA
2021-08-26 00:00:00-04:00,22.15046228289111,22.290149269083127,21.74137733496381,22.018756866455078,237940000,0.0,0.0,NVDA
2021-08-27 00:00:00-04:00,22.134500078800222,22.67129972712439,22.11753781357418,22.585491180419922,304722000,0.0,0.0,NVDA
2021-08-30 00:00:00-04:00,22.779060143567747,22.991584229455466,22.500683336395806,22.63737678527832,262580000,0.0,0.0,NVDA
2021-08-31 00:00:00-04:00,22.648351539197673,22.648351539197673,22.07453455787261,22.3389892578125,259850000,0.004,0.0,NVDA
2021-09-01 00:00:00-04:00,22.438782848035817,22.650346976918826,22.311045692279038,22.394872665405273,201767000,0.0,0.0,NVDA
2021-09-02 00:00:00-04:00,22.471711189943935,22.546557779786212,22.249170019657587,22.34996223449707,187834000,0.0,0.0,NVDA
2021-09-03 00:00:00-04:00,22.279110432537877,22.938751008342507,22.154367377268184,22.796045303344727,280532000,0.0,0.0,NVDA
2021-09-07 00:00:00-04:00,22.786067428844145,22.85193175199729,22.475705860557778,22.615419387817383,198107000,0.0,0.0,NVDA
2021-09-08 00:00:00-04:00,22.466723400904264,22.563524132265776,21.931823984385463,22.293081283569336,254434000,0.0,0.0,NVDA
2021-09-09 00:00:00-04:00,22.266137144440457,22.491672425697235,22.08550944017978,22.13141441345215,196856000,0.0,0.0,NVDA
2021-09-10 00:00:00-04:00,22.30206317714799,22.579491625302524,22.224224389626503,22.43179702758789,248376000,0.0,0.0,NVDA
2021-09-13 00:00:00-04:00,22.637372339454643,22.916797475878276,21.81306999526155,22.10646629333496,297500000,0.0,0.0,NVDA
2021-09-14 00:00:00-04:00,22.229212641217604,22.363935372792017,22.040601959070237,22.19628143310547,199755000,0.0,0.0,NVDA
2021-09-15 00:00:00-04:00,22.26314446387039,22.321025809840197,21.92084908003349,22.29507827758789,166538000,0.0,0.0,NVDA
2021-09-16 00:00:00-04:00,22.13740269427345,22.231209337206835,21.881928392765175,22.19628143310547,156033000,0.0,0.0,NVDA
2021-09-17 00:00:00-04:00,22.25416170484627,22.275118448091163,21.78512847263095,21.854984283447266,294503000,0.0,0.0,NVDA
2021-09-20 00:00:00-04:00,21.10253035461788,21.388941027272594,20.619526053194374,21.069599151611328,349440000,0.0,0.0,NVDA
2021-09-21 00:00:00-04:00,21.37297767708859,21.380960654634446,20.90693852871404,21.202329635620117,204688000,0.0,0.0,NVDA
2021-09-22 00:00:00-04:00,21.32208186520741,21.91486077380473,21.15243122045159,21.89590072631836,268726000,0.0,0.0,NVDA
2021-09-23 00:00:00-04:00,22.094491122204907,22.488679665471388,21.845004991544315,22.435789108276367,248555000,0.0,0.0,NVDA
2021-09-24 00:00:00-04:00,22.02463313008802,22.10347121162325,21.816063110959004,22.03561019897461,217655000,0.0,0.0,NVDA
2021-09-27 00:00:00-04:00,21.665376892847107,21.754194664924476,21.281169887279056,21.615480422973633,245215000,0.0,0.0,NVDA
2021-09-28 00:00:00-04:00,21.170390970412182,21.37496947470969,20.608546703103997,20.656448364257812,343069000,0.0,0.0,NVDA
2021-09-29 00:00:00-04:00,20.896959603658967,20.97380099971787,20.42493035007335,20.474828720092773,218394000,0.0,0.0,NVDA
2021-09-30 00:00:00-04:00,20.725307380902738,21.022695124605836,20.645471911080165,20.67341423034668,221009000,0.0,0.0,NVDA
2021-10-01 00:00:00-04:00,20.707348593286746,20.816123798789594,20.161472062841753,20.699365615844727,240978000,0.0,0.0,NVDA
2021-10-04 00:00:00-04:00,20.461853071607546,20.499775067963235,19.51480436585159,19.69144058227539,345635000,0.0,0.0,NVDA
2021-10-05 00:00:00-04:00,19.90899634754412,20.60556166121766,19.813192992009895,20.408966064453125,279282000,0.0,0.0,NVDA
2021-10-06 00:00:00-04:00,20.0786401958577,20.67740525437845,20.038721510128212,20.657447814941406,297202000,0.0,0.0,NVDA
2021-10-07 00:00:00-04:00,21.048646320675772,21.27817502268132,20.92889403595207,21.03168296813965,256919000,0.0,0.0,NVDA
2021-10-08 00:00:00-04:00,21.057628709469974,21.162412435012104,20.732298558657803,20.788183212280273,151258000,0.0,0.0,NVDA
2021-10-11 00:00:00-04:00,20.53270403754998,21.01969980396993,20.46883452336904,20.652456283569336,163388000,0.0,0.0,NVDA
2021-10-12 00:00:00-04:00,20.78518639102628,21.013715764405212,20.485803813514003,20.628509521484375,162134000,0.0,0.0,NVDA
2021-10-13 00:00:00-04:00,20.87500120476158,20.946853707427614,20.67042266932905,20.895957946777344,180652000,0.0,0.0,NVDA
2021-10-14 00:00:00-04:00,21.24424093983298,21.710280040317638,21.07858180049667,21.7012996673584,243589000,0.0,0.0,NVDA
2021-10-15 00:00:00-04:00,21.765167314945042,21.88591887935075,21.61747272820035,21.817060470581055,226994000,0.0,0.0,NVDA
2021-10-18 00:00:00-04:00,21.70429374523038,22.245179438302365,21.599508134493956,22.176321029663086,189494000,0.0,0.0,NVDA
2021-10-19 00:00:00-04:00,22.23021142807593,22.333000354248618,21.991704268986588,22.244184494018555,161473000,0.0,0.0,NVDA
2021-10-20 00:00:00-04:00,22.259153972227175,22.38689113624754,21.93681792130958,22.05756950378418,146276000,0.0,0.0,NVDA
2021-10-21 00:00:00-04:00,22.05158081081339,22.66431908339026,22.037609648043592,22.645357131958008,187590000,0.0,0.0,NVDA
2021-10-22 00:00:00-04:00,22.77608961237726,23.08245781345406,22.51462899454063,22.679288864135742,249384000,0.0,0.0,NVDA
2021-10-25 00:00:00-04:00,22.925773646601172,23.306988333243538,22.72319183981587,23.118377685546875,230235000,0.0,0.0,NVDA
2021-10-26 00:00:00-04:00,23.939688832608766,25.207078693379014,23.874821912832736,24.66619110107422,485898000,0.0,0.0,NVDA
2021-10-27 00:00:00-04:00,24.423698834994163,25.03843197643781,24.232092117928374,24.400745391845703,245990000,0.0,0.0,NVDA
2021-10-28 00:00:00-04:00,24.826864037496623,24.89871654547079,24.47259418957567,24.889734268188477,234204000,0.0,0.0,NVDA
2021-10-29 00:00:00-04:00,24.949613421658967,25.656158410221902,24.94861602520532,25.514450073242188,292503000,0.0,0.0,NVDA
2021-11-01 00:00:00-04:00,25.596276915985833,25.840772236021916,25.17514348229192,25.773910522460938,265740000,0.0,0.0,NVDA
2021-11-02 00:00:00-04:00,25.768924631119912,26.623164159534607,25.74696858717895,26.34673309326172,294112000,0.0,0.0,NVDA
2021-11-03 00:00:00-04:00,26.615176012880656,26.728941989079054,26.181070751596593,26.543323516845703,239910000,0.0,0.0,NVDA
2021-11-04 00:00:00-04:00,27.17303221163715,31.30053054584952,27.062260305806582,29.73974609375,1153631000,0.0,0.0,NVDA
2021-11-05 00:00:00-04:00,30.124946942378365,31.335452807247698,29.34954374126454,29.690841674804688,851260000,0.0,0.0,NVDA
2021-11-08 00:00:00-05:00,30.08702828256524,31.03607369583626,29.8455251398631,30.74068260192871,503101000,0.0,0.0,NVDA
2021-11-09 00:00:00-05:00,32.215648353623784,32.24359067998347,29.902412030400054,30.59398651123047,646746000,0.0,0.0,NVDA
2021-11-10 00:00:00-05:00,29.29565811512244,30.786586602763936,28.718845203917095,29.39844512939453,636206000,0.0,0.0,NVDA
2021-11-11 00:00:00-05:00,30.405370591178073,30.527119549916076,29.715791021450595,30.327529907226562,332172000,0.0,0.0,NVDA
2021-11-12 00:00:00-05:00,29.948311870229972,30.616934698783563,29.56909192980548,30.327529907226562,413054000,0.0,0.0,NVDA
2021-11-15 00:00:00-05:00,30.48919684042176,30.581006779573574,29.186879115830916,29.963279724121094,384909000,0.0,0.0,NVDA
2021-11-16 00:00:00-05:00,29.697827367892437,30.32752888145792,29.644934915209124,30.140913009643555,264484000,0.0,0.0,NVDA
2021-11-17 00:00:00-05:00,30.355474709419386,30.446289165355424,28.740800497149056,29.20085334777832,428508000,0.0,0.0,NVDA
2021-11-18 00:00:00-05:00,32.30046694089971,32.69265683604596,31.256615668173605,31.609888076782227,781711000,0.0,0.0,NVDA
2021-11-19 00:00:00-05:00,32.17672282311157,33.01998709870693,31.839418254930216,32.917198181152344,533867000,0.0,0.0,NVDA
2021-11-22 00:00:00-05:00,33.44810039838388,34.575778624471646,31.834425645300712,31.890310287475586,754335000,0.0,0.0,NVDA
2021-11-23 00:00:00-05:00,31.47017556009909,32.29348042683594,30.8165213124232,31.680742263793945,532163000,0.0,0.0,NVDA
2021-11-24 00:00:00-05:00,31.396332208296116,32.787465936329255,30.86442684819975,32.60683822631836,435162000,0.0,0.0,NVDA
2021-11-26 00:00:00-05:00,32.53298910580226,32.64276360965814,31.285560386970182,31.43824577331543,283069000,0.0,0.0,NVDA
2021-11-29 00:00:00-05:00,32.29947733857546,33.343325056327004,31.970153780150458,33.30739974975586,454964000,0.0,0.0,NVDA
2021-11-30 00:00:00-05:00,33.10082385631525,33.28444758524314,31.79850772473219,32.60883712768555,622066000,0.0,0.0,NVDA
2021-12-01 00:00:00-05:00,33.15477887681169,33.22464323996772,31.31933164435788,31.374225616455078,484368000,0.004,0.0,NVDA
2021-12-02 00:00:00-05:00,31.15364560383076,32.41520148440624,30.96500997117329,32.063880920410156,472890000,0.0,0.0,NVDA
2021-12-03 00:00:00-05:00,31.938133623399295,32.06688583887325,30.07174810217101,30.6336612701416,544325000,0.0,0.0,NVDA
2021-12-06 00:00:00-05:00,29.82222966105633,30.182531770501555,27.983791897824226,29.978927612304688,658938000,0.0,0.0,NVDA
2021-12-07 00:00:00-05:00,30.89715192628836,32.3862680389149,30.591741852503894,32.36430740356445,593053000,0.0,0.0,NVDA
2021-12-08 00:00:00-05:00,31.937135010758553,32.22757276894839,31.36025147158854,31.764469146728516,475551000,0.0,0.0,NVDA
2021-12-09 00:00:00-05:00,31.672647606673255,32.14273959159787,30.369172752689572,30.431053161621094,488507000,0.0,0.0,NVDA
2021-12-10 00:00:00-05:00,31.089775108201945,31.24447612099294,29.80326766525303,30.139616012573242,488825000,0.0,0.0,NVDA
2021-12-13 00:00:00-05:00,30.190518430638814,30.235431505717692,28.06164095629319,28.10655403137207,598344000,0.0,0.0,NVDA
2021-12-14 00:00:00-05:00,27.64544809567348,28.62255545688328,27.197316754829743,28.282215118408203,667035000,0.0,0.0,NVDA
2021-12-15 00:00:00-05:00,28.345092875773645,30.441033250824958,27.7841791365001,30.40011215209961,698297000,0.0,0.0,NVDA
2021-12-16 00:00:00-05:00,31.091770564933462,31.099754518870387,28.038684877718026,28.332115173339844,707366000,0.0,0.0,NVDA
2021-12-17 00:00:00-05:00,27.930899629261937,28.86608848233591,27.706334221568074,27.747255325317383,713758000,0.0,0.0,NVDA
2021-12-20 00:00:00-05:00,27.25220994036055,28.08958664914624,27.092519430074276,27.665409088134766,461847000,0.0,0.0,NVDA
2021-12-21 00:00:00-05:00,28.319144340098806,29.063702367832537,27.3480239896124,29.018789291381836,524385000,0.0,0.0,NVDA
2021-12-22 00:00:00-05:00,28.835140182439634,29.497855901035386,28.393993446436667,29.343154907226562,395184000,0.0,0.0,NVDA
2021-12-23 00:00:00-05:00,29.697472444063603,30.00088555963705,29.374099442198006,29.58269500732422,343022000,0.0,0.0,NVDA
2021-12-27 00:00:00-05:00,29.602660065610202,31.02690138341364,29.582698273453072,30.885175704956055,403686000,0.0,0.0,NVDA
2021-12-28 00:00:00-05:00,31.251463920554766,31.269428770384458,29.95397610422819,30.263378143310547,420591000,0.0,0.0,NVDA
2021-12-29 00:00:00-05:00,30.214472371231356,30.488940318885827,29.309224428409372,29.942996978759766,343139000,0.0,0.0,NVDA
2021-12-30 00:00:00-05:00,29.769334255327937,30.39811732399104,29.482890369605972,29.52880096435547,308864000,0.0,0.0,NVDA
2021-12-31 00:00:00-05:00,29.616629435851035,29.97194206030295,29.274292165132447,29.354137420654297,266530000,0.0,0.0,NVDA
2022-01-03 00:00:00-05:00,29.757355089698684,30.651622638194823,29.72741240751005,30.062763214111328,391547000,0.0,0.0,NVDA
2022-01-04 00:00:00-05:00,30.218464956704405,30.409095675209777,28.29419292188651,29.233373641967773,527154000,0.0,0.0,NVDA
2022-01-05 00:00:00-05:00,28.893029463658266,29.359127526177748,27.479768693565187,27.550630569458008,498064000,0.0,0.0,NVDA
2022-01-06 00:00:00-05:00,27.586563706783856,28.383021289445175,27.012676481336786,28.123523712158203,454186000,0.0,0.0,NVDA
2022-01-07 00:00:00-05:00,28.086593233674098,28.367050088301752,27.00468748968169,27.194320678710938,409939000,0.0,0.0,NVDA
2022-01-10 00:00:00-05:00,26.52961181550805,27.415895582129004,25.59442299105561,27.347028732299805,594681000,0.0,0.0,NVDA
2022-01-11 00:00:00-05:00,27.27017354560003,28.010739538240262,26.78711005956988,27.76321792602539,404089000,0.0,0.0,NVDA
2022-01-12 00:00:00-05:00,28.012735506788296,28.539714564955542,27.554623289676226,27.944868087768555,383413000,0.0,0.0,NVDA
2022-01-13 00:00:00-05:00,28.324129660760377,28.424934212395414,26.44676600697782,26.523618698120117,540171000,0.0,0.0,NVDA
2022-01-14 00:00:00-05:00,26.249148927885333,27.144415867632727,26.159322788062372,26.889907836914062,395832000,0.0,0.0,NVDA
2022-01-18 00:00:00-05:00,26.20922874593393,26.586498173895528,25.72017634780918,25.85291862487793,424270000,0.0,0.0,NVDA
2022-01-19 00:00:00-05:00,26.02858007768311,26.49168179020978,25.003565223757168,25.018535614013672,488315000,0.0,0.0,NVDA
2022-01-20 00:00:00-05:00,25.25507979883061,25.529547751569282,24.031448328745114,24.103309631347656,435181000,0.0,0.0,NVDA
2022-01-21 00:00:00-05:00,23.46155585638915,24.775011728644085,23.218028078937195,23.328813552856445,718958000,0.0,0.0,NVDA
2022-01-24 00:00:00-05:00,22.286829332930466,23.33479860637558,20.847617715138355,23.326814651489258,913982000,0.0,0.0,NVDA
2022-01-25 00:00:00-05:00,22.502406991705346,22.89864065896213,21.957463151064083,22.28083610534668,664616000,0.0,0.0,NVDA
2022-01-26 00:00:00-05:00,23.19506566521454,24.010485447475997,22.256882604649295,22.727970123291016,755959000,0.0,0.0,NVDA
2022-01-27 00:00:00-05:00,23.522437945377376,23.948612493124184,21.633096035086837,21.90157699584961,573353000,0.0,0.0,NVDA
2022-01-28 00:00:00-05:00,21.96943921654881,22.813804156653173,21.254823989187226,22.795839309692383,543774000,0.0,0.0,NVDA
2022-01-31 00:00:00-05:00,23.137178118250812,24.461614007193518,23.007430303531233,24.438657760620117,564680000,0.0,0.0,NVDA
2022-02-01 00:00:00-05:00,25.0554650218014,25.0963861195441,23.843811420300632,24.59036636352539,518925000,0.0,0.0,NVDA
2022-02-02 00:00:00-05:00,25.74413394762899,25.76708829461429,24.505532004420324,25.193201065063477,543419000,0.0,0.0,NVDA
2022-02-03 00:00:00-05:00,24.410713264329317,25.028515976458163,23.734024607139915,23.90169906616211,410178000,0.0,0.0,NVDA
2022-02-04 00:00:00-05:00,23.925652956622258,24.58737122731306,23.58631015608026,24.271982192993164,354829000,0.0,0.0,NVDA
2022-02-07 00:00:00-05:00,24.32487655899554,25.13330989362577,24.155205177291837,24.68018913269043,376868000,0.0,0.0,NVDA
2022-02-08 00:00:00-05:00,24.311907144504435,25.181223570518206,23.93364013673913,25.059459686279297,410359000,0.0,0.0,NVDA
2022-02-09 00:00:00-05:00,25.572463535153865,26.673331693511606,25.303984503910602,26.653369903564453,524282000,0.0,0.0,NVDA
2022-02-10 00:00:00-05:00,25.944743476270883,26.87294386426825,25.55050669154954,25.774072647094727,513200000,0.0,0.0,NVDA
2022-02-11 00:00:00-05:00,25.865894587572004,26.1014383680604,23.727038196145745,23.90269660949707,605472000,0.0,0.0,NVDA
2022-02-14 00:00:00-05:00,23.88772874556484,24.82690950810967,23.70907395093763,24.22008514404297,440424000,0.0,0.0,NVDA
2022-02-15 00:00:00-05:00,24.900764591183574,26.49367965605607,24.73608458162661,26.443777084350586,699869000,0.0,0.0,NVDA
2022-02-16 00:00:00-05:00,26.208231811287334,26.530607279677454,25.502597989095346,26.45974349975586,732676000,0.0,0.0,NVDA
2022-02-17 00:00:00-05:00,25.580445575519956,25.73514658054274,24.118279789032503,24.459617614746094,810595000,0.0,0.0,NVDA
2022-02-18 00:00:00-05:00,24.620305983753607,24.93769195223297,23.05533867775434,23.596290588378906,761255000,0.0,0.0,NVDA
2022-02-22 00:00:00-05:00,22.990461104391425,24.01747083730385,22.955528930051596,23.34477424621582,633422000,0.0,0.0,NVDA
2022-02-23 00:00:00-05:00,23.755984848582248,24.10830305125006,22.257887203863643,22.343719482421875,566511000,0.0,0.0,NVDA
2022-02-24 00:00:00-05:00,20.974366220614726,23.7539811823335,20.849607912086377,23.70208168029785,735801000,0.0,0.0,NVDA
2022-02-25 00:00:00-05:00,23.675138387578873,24.1701778047602,23.33579559273523,24.110294342041016,528866000,0.0,0.0,NVDA
2022-02-28 00:00:00-05:00,23.945614559981106,24.617313720025166,23.661165729918974,24.337854385375977,477319000,0.0,0.0,NVDA
2022-03-01 00:00:00-05:00,24.24403349765344,24.32986765752615,23.087274038657856,23.43160629272461,412056000,0.0,0.0,NVDA
2022-03-02 00:00:00-05:00,23.714113121544962,24.365961607628535,23.373714780503384,24.17729377746582,389642000,0.004,0.0,NVDA
2022-03-03 00:00:00-05:00,24.219219994125485,24.283108229788855,23.427618955251905,23.67218780517578,365095000,0.0,0.0,NVDA
2022-03-04 00:00:00-05:00,23.342763503030408,23.638241040034575,22.44235373771478,22.895553588867188,431415000,0.0,0.0,NVDA
2022-03-07 00:00:00-05:00,22.776767102643568,22.99238774615269,21.29238955966222,21.314350128173828,450821000,0.0,0.0,NVDA
2022-03-08 00:00:00-05:00,21.27142812022773,22.333551259586635,20.613589668860968,21.47606658935547,557467000,0.0,0.0,NVDA
2022-03-09 00:00:00-05:00,22.347522120331348,23.17905339926174,22.20776960420363,22.973417282104492,492742000,0.0,0.0,NVDA
2022-03-10 00:00:00-05:00,22.49127084816649,22.7478176453068,21.843415073164238,22.6180477142334,428066000,0.0,0.0,NVDA
2022-03-11 00:00:00-05:00,22.981402566936854,23.10418676650878,22.00712380434614,22.0610294342041,367209000,0.0,0.0,NVDA
2022-03-14 00:00:00-04:00,21.83043806016922,22.22274473627401,21.12169091105155,21.292388916015625,385354000,0.0,0.0,NVDA
2022-03-15 00:00:00-04:00,21.480055192344064,22.99737530841706,21.284401668232853,22.9324893951416,491996000,0.0,0.0,NVDA
2022-03-16 00:00:00-04:00,23.45856243097872,24.553628211845854,23.131141677093435,24.45280647277832,671422000,0.0,0.0,NVDA
2022-03-17 00:00:00-04:00,24.077465581339958,24.798190563093428,23.86384226644761,24.722326278686523,471941000,0.0,0.0,NVDA
2022-03-18 00:00:00-04:00,24.755272049910502,26.522151490123896,24.580581386606394,26.406354904174805,730719000,0.0,0.0,NVDA
2022-03-21 00:00:00-04:00,26.46025822521899,27.104121306196102,25.921209533056214,26.686857223510742,591727000,0.0,0.0,NVDA
2022-03-22 00:00:00-04:00,26.679867392282006,27.18996785031838,26.026023674593535,26.47722625732422,547007000,0.0,0.0,NVDA
2022-03-23 00:00:00-04:00,26.079931563168326,26.56507466192013,25.529904449568786,25.58880043029785,502120000,0.0,0.0,NVDA
2022-03-24 00:00:00-04:00,26.119865453340214,28.270066930927037,25.861321335623835,28.100366592407227,877379000,0.0,0.0,NVDA
2022-03-25 00:00:00-04:00,27.836827561473978,28.307995393290817,27.2229122356588,27.643169403076172,579016000,0.0,0.0,NVDA
2022-03-28 00:00:00-04:00,27.70705614407583,28.200184516498037,27.158024860655512,28.169239044189453,425494000,0.0,0.0,NVDA
2022-03-29 00:00:00-04:00,28.644401446440966,28.894958306684245,27.930662062478252,28.605470657348633,488984000,0.0,0.0,NVDA
2022-03-30 00:00:00-04:00,28.254093909967974,28.445754802964743,27.454505676769504,27.641176223754883,463487000,0.0,0.0,NVDA
2022-03-31 00:00:00-04:00,27.733010189112925,28.198188071817484,27.22191389271316,27.237884521484375,523440000,0.0,0.0,NVDA
2022-04-01 00:00:00-04:00,27.326725030544928,27.447511940176994,26.220679152437228,26.664894104003906,517235000,0.0,0.0,NVDA
2022-04-04 00:00:00-04:00,26.680874310241915,27.509410792991396,26.5660773046545,27.31175994873047,397120000,0.0,0.0,NVDA
2022-04-05 00:00:00-04:00,27.205945967215584,27.270831893546518,25.77447435397992,25.885278701782227,436615000,0.0,0.0,NVDA
2022-04-06 00:00:00-04:00,24.89003332893193,25.25538717602562,23.960675226004746,24.363962173461914,703833000,0.0,0.0,NVDA
2022-04-07 00:00:00-04:00,24.397902669017775,24.678407313051004,23.436601401606985,24.165313720703125,557992000,0.0,0.0,NVDA
2022-04-08 00:00:00-04:00,23.874826939519217,23.88081687759532,23.021335019105305,23.07823371887207,524781000,0.0,0.0,NVDA
2022-04-11 00:00:00-04:00,22.17483029611759,22.280642378826183,21.621806322763018,21.878353118896484,575207000,0.0,0.0,NVDA
2022-04-12 00:00:00-04:00,22.497259071532707,22.684927279513232,21.244471063259667,21.466079711914062,662258000,0.0,0.0,NVDA
2022-04-13 00:00:00-04:00,21.689684227915237,22.46032219872816,21.417164936005605,22.16384506225586,516943000,0.0,0.0,NVDA
2022-04-14 00:00:00-04:00,22.465319189569,22.736840873608053,21.125686298057552,21.220518112182617,569097000,0.0,0.0,NVDA
2022-04-18 00:00:00-04:00,21.162618586314927,22.049051350332444,21.041831657437864,21.744590759277344,525701000,0.0,0.0,NVDA
2022-04-19 00:00:00-04:00,21.681699582090733,22.33354799958623,21.276415360813395,22.158857345581055,512781000,0.0,0.0,NVDA
2022-04-20 00:00:00-04:00,22.477297203232133,22.630027304843697,21.16261996089313,21.444122314453125,468974000,0.0,0.0,NVDA
2022-04-21 00:00:00-04:00,21.670721632732782,22.35251790891269,19.964735361645406,20.14741325378418,656209000,0.0,0.0,NVDA
2022-04-22 00:00:00-04:00,20.267197567812772,20.44987543262351,19.465614065609277,19.480587005615234,624713000,0.0,0.0,NVDA
2022-04-25 00:00:00-04:00,19.168138831768125,19.90982865501306,19.06232675761767,19.866905212402344,641566000,0.0,0.0,NVDA
2022-04-26 00:00:00-04:00,19.683231811083985,19.753108075976066,18.63707940645143,18.754871368408203,653143000,0.0,0.0,NVDA
2022-04-27 00:00:00-04:00,18.565202340141518,19.133199162742606,18.257746832922344,18.382526397705078,499460000,0.0,0.0,NVDA
2022-04-28 00:00:00-04:00,18.933550894731976,20.001665557180907,18.457392796518747,19.747114181518555,570327000,0.0,0.0,NVDA
2022-04-29 00:00:00-04:00,19.36779142646502,20.09251119840402,18.484351602327767,18.514299392700195,500435000,0.0,0.0,NVDA
2022-05-02 00:00:00-04:00,18.508306677557925,19.53948420995558,18.35857155612756,19.498558044433594,572049000,0.0,0.0,NVDA
2022-05-03 00:00:00-04:00,19.365794615900857,19.790046421879733,19.09926517746787,19.56743812561035,475751000,0.0,0.0,NVDA
2022-05-04 00:00:00-04:00,19.887865092599608,20.36402316249291,18.717931091859636,20.298139572143555,648855000,0.0,0.0,NVDA
2022-05-05 00:00:00-04:00,19.831970796985615,19.889867190140663,18.46738053235109,18.810773849487305,626331000,0.0,0.0,NVDA
2022-05-06 00:00:00-04:00,18.702964035272345,19.477594833502064,17.95827912135431,18.642070770263672,633297000,0.0,0.0,NVDA
2022-05-09 00:00:00-04:00,18.00219675457979,18.22280577893438,16.797324613625292,16.920108795166016,644455000,0.0,0.0,NVDA
2022-05-10 00:00:00-04:00,17.657808494966158,18.16591176162213,16.994979755458832,17.563974380493164,761474000,0.0,0.0,NVDA
2022-05-11 00:00:00-04:00,17.316412260690328,17.72169650040984,16.538786536925784,16.600675582885742,670167000,0.0,0.0,NVDA
2022-05-12 00:00:00-04:00,16.190399781878746,16.75839666865511,15.539550023935458,16.14647674560547,708728000,0.0,0.0,NVDA
2022-05-13 00:00:00-04:00,16.758399254402644,17.896388580108713,16.5637433859514,17.674779891967773,670437000,0.0,0.0,NVDA
2022-05-16 00:00:00-04:00,17.478129423094728,17.756636828299225,17.075840102694613,17.23356056213379,521446000,0.0,0.0,NVDA
2022-05-17 00:00:00-04:00,18.042129937144267,18.33860712731935,17.60290714990144,18.144948959350586,585830000,0.0,0.0,NVDA
2022-05-18 00:00:00-04:00,17.673780282023053,18.08605213605823,16.834263633079882,16.908132553100586,545161000,0.0,0.0,NVDA
2022-05-19 00:00:00-04:00,16.90713478134416,17.655812285056605,16.704491716469843,17.09380531311035,621310000,0.0,0.0,NVDA
2022-05-20 00:00:00-04:00,17.301439650730654,17.379301231839957,15.727219718341468,16.66456413269043,739105000,0.0,0.0,NVDA
2022-05-23 00:00:00-04:00,16.245302043892696,16.885172429110426,16.150470255550008,16.868202209472656,639889000,0.0,0.0,NVDA
2022-05-24 00:00:00-04:00,16.480886198685138,16.567732674703276,15.752172998727668,16.125513076782227,588550000,0.0,0.0,NVDA
2022-05-25 00:00:00-04:00,15.99174698712689,17.080822462784457,15.971781802916901,16.9450626373291,781132000,0.0,0.0,NVDA
2022-05-26 00:00:00-04:00,16.00772445863074,18.060099054501247,15.993749204502766,17.81952476501465,996575000,0.0,0.0,NVDA
2022-05-27 00:00:00-04:00,18.15393407231878,18.84770829801262,18.068085271445213,18.77783203125,738379000,0.0,0.0,NVDA
2022-05-31 00:00:00-04:00,18.946531790942434,19.166145079805915,18.317643518254673,18.639076232910156,664100000,0.0,0.0,NVDA
2022-06-01 00:00:00-04:00,18.690981817760978,19.01940020610704,18.09004223537034,18.28769302368164,544514000,0.0,0.0,NVDA
2022-06-02 00:00:00-04:00,18.259744381633755,19.584404063861257,18.165910274840577,19.557451248168945,648656000,0.0,0.0,NVDA
2022-06-03 00:00:00-04:00,19.048351903370342,19.29791105823147,18.489338025612042,18.686988830566406,598779000,0.0,0.0,NVDA
2022-06-06 00:00:00-04:00,19.105248690909416,19.30289947612781,18.531261930448878,18.752870559692383,422406000,0.0,0.0,NVDA
2022-06-07 00:00:00-04:00,18.439425936365755,18.966494720425693,18.155926356094692,18.89262580871582,388914000,0.0,0.0,NVDA
2022-06-08 00:00:00-04:00,18.76981947875276,19.15022859840962,18.506229327517012,18.619054794311523,363252000,0.004,0.0,NVDA
2022-06-09 00:00:00-04:00,18.45231168223878,18.90360967908765,18.012994188635677,18.019983291625977,395574000,0.0,0.0,NVDA
2022-06-10 00:00:00-04:00,17.572678573964275,17.669528115431987,16.84281246150541,16.947650909423828,465248000,0.0,0.0,NVDA
2022-06-13 00:00:00-04:00,15.975162900820372,16.286678851618216,15.581774461064812,15.622711181640625,604153000,0.0,0.0,NVDA
2022-06-14 00:00:00-04:00,15.706581974951327,16.04106201936239,15.388076889347474,15.811419486999512,469680000,0.0,0.0,NVDA
2022-06-15 00:00:00-04:00,16.070016042814906,16.841816878842977,15.901278698602091,16.501346588134766,563936000,0.0,0.0,NVDA
2022-06-16 00:00:00-04:00,15.835381941791066,15.91725539358905,15.377094762123194,15.576784133911133,545749000,0.0,0.0,NVDA
2022-06-17 00:00:00-04:00,15.62370932462703,15.970170797325055,15.304206366327632,15.85534954071045,630334000,0.0,0.0,NVDA
2022-06-21 00:00:00-04:00,16.44942865985989,16.981600402488183,16.381533414039843,16.540287017822266,483089000,0.0,0.0,NVDA
2022-06-22 00:00:00-04:00,16.200811500397187,16.63613550115512,16.154883380504458,16.334604263305664,437135000,0.0,0.0,NVDA
2022-06-23 00:00:00-04:00,16.493356178297404,16.559253709347978,15.828390615966093,16.199813842773438,463680000,0.0,0.0,NVDA
2022-06-24 00:00:00-04:00,16.474388949004762,17.113394941258946,16.284683330908774,17.099416732788086,472153000,0.0,0.0,NVDA
2022-06-27 00:00:00-04:00,17.285124651366967,17.303096357266742,16.600188793856667,16.842811584472656,427968000,0.0,0.0,NVDA
2022-06-28 00:00:00-04:00,16.873765723191674,17.175296973833603,15.920248247332506,15.957191467285156,461149000,0.0,0.0,NVDA
2022-06-29 00:00:00-04:00,15.789451847143027,15.795442099062868,15.146451483578412,15.517873764038086,482352000,0.0,0.0,NVDA
2022-06-30 00:00:00-04:00,15.337153608855383,15.542834141531504,14.83892866134479,15.135467529296875,686070000,0.0,0.0,NVDA
2022-07-01 00:00:00-04:00,14.875873577381968,15.039618570774806,14.369660585584475,14.500456809997559,577610000,0.0,0.0,NVDA
2022-07-05 00:00:00-04:00,14.152997214317173,14.94776116044216,14.033183597161376,14.94077205657959,651397000,0.0,0.0,NVDA
2022-07-06 00:00:00-04:00,14.986700366030874,15.295220723870164,14.766042751623154,15.106513977050781,529066000,0.0,0.0,NVDA
2022-07-07 00:00:00-04:00,15.432008107054722,15.92024840415713,15.36511172210343,15.833383560180664,492903000,0.0,0.0,NVDA
2022-07-08 00:00:00-04:00,15.406050717209292,16.012108915989483,15.365113989485575,15.813417434692383,467972000,0.0,0.0,NVDA
2022-07-11 00:00:00-04:00,15.501899970385464,15.502898821877375,15.014657546488467,15.128480911254883,437321000,0.0,0.0,NVDA
2022-07-12 00:00:00-04:00,15.244300136553319,15.407047229010848,14.85390726583204,15.058588981628418,458483000,0.0,0.0,NVDA
2022-07-13 00:00:00-04:00,14.567352563950944,15.35113388131245,14.442546597436209,15.140460968017578,521918000,0.0,0.0,NVDA
2022-07-14 00:00:00-04:00,15.08454678517,15.448979946164094,14.705136566748275,15.348136901855469,456235000,0.0,0.0,NVDA
2022-07-15 00:00:00-04:00,15.63469281563619,15.757501074374188,15.421024308590031,15.737532615661621,385935000,0.0,0.0,NVDA
2022-07-18 00:00:00-04:00,16.276696063894367,16.870771818679195,15.977162485969991,16.076007843017578,670517000,0.0,0.0,NVDA
2022-07-19 00:00:00-04:00,16.460410653190557,17.083442634965255,16.146898863611145,16.965625762939453,702366000,0.0,0.0,NVDA
2022-07-20 00:00:00-04:00,16.920692343350403,17.90516175903346,16.774919082030355,17.779356002807617,760538000,0.0,0.0,NVDA
2022-07-21 00:00:00-04:00,17.857239294768945,18.11583614993519,17.517766887314608,18.021982192993164,557049000,0.0,0.0,NVDA
2022-07-22 00:00:00-04:00,17.865224557589684,17.93910909409701,17.110397569443286,17.292116165161133,536671000,0.0,0.0,NVDA
2022-07-25 00:00:00-04:00,16.992580547570068,17.097419003652497,16.623155964154584,16.997573852539062,480748000,0.0,0.0,NVDA
2022-07-26 00:00:00-04:00,16.86278006629462,16.892734177406542,16.452418837315058,16.507333755493164,397865000,0.0,0.0,NVDA
2022-07-27 00:00:00-04:00,17.005561604819313,17.908159601580824,16.886746840994853,17.762386322021484,569776000,0.0,0.0,NVDA
2022-07-28 00:00:00-04:00,17.947102208311605,18.11184512910209,17.412932709609702,17.956087112426758,474646000,0.0,0.0,NVDA
2022-07-29 00:00:00-04:00,17.785348603490437,18.21567931837126,17.664536142339635,18.13480567932129,435460000,0.0,0.0,NVDA
2022-08-01 00:00:00-04:00,18.153773877924205,18.816744561755613,17.962072498125625,18.412372589111328,476469000,0.0,0.0,NVDA
2022-08-02 00:00:00-04:00,18.093869755691863,18.90860309946713,18.06391563779565,18.497241973876953,489527000,0.0,0.0,NVDA
2022-08-03 00:00:00-04:00,18.155771359130984,18.938554681641246,18.10884343781565,18.863670349121094,418146000,0.0,0.0,NVDA
2022-08-04 00:00:00-04:00,18.819747560287922,19.244087204822115,18.73088498615586,19.185178756713867,409652000,0.0,0.0,NVDA
2022-08-05 00:00:00-04:00,18.780799269497617,19.199149448487784,18.637023710548704,18.959522247314453,386068000,0.0,0.0,NVDA
2022-08-08 00:00:00-04:00,17.474834090197074,18.210689626521116,17.21523743534715,17.765380859375,981859000,0.0,0.0,NVDA
2022-08-09 00:00:00-04:00,17.225219526625484,17.41991651210645,16.69803929354924,17.059476852416992,668263000,0.0,0.0,NVDA
2022-08-10 00:00:00-04:00,17.67052787955639,18.089876002325298,17.290118776438867,18.06890869140625,597422000,0.0,0.0,NVDA
2022-08-11 00:00:00-04:00,18.10285603043002,18.677962127300052,17.848250796763534,17.914148330688477,509327000,0.0,0.0,NVDA
2022-08-12 00:00:00-04:00,18.13181260063338,18.688947058394234,17.925133166712452,18.679960250854492,478094000,0.0,0.0,NVDA
2022-08-15 00:00:00-04:00,18.671967344799143,19.134247892935015,18.58410461786617,19.002452850341797,457666000,0.0,0.0,NVDA
2022-08-16 00:00:00-04:00,18.890631929999405,19.112287457353222,18.47228168872419,18.849695205688477,451240000,0.0,0.0,NVDA
2022-08-17 00:00:00-04:00,18.49424742554819,18.65899030543156,18.11683393671878,18.306537628173828,446799000,0.0,0.0,NVDA
2022-08-18 00:00:00-04:00,18.272594646326187,18.835718409468257,18.15477776988283,18.74386215209961,415447000,0.0,0.0,NVDA
2022-08-19 00:00:00-04:00,18.37742938799248,18.491252751209018,17.742416940160584,17.8212947845459,441588000,0.0,0.0,NVDA
2022-08-22 00:00:00-04:00,17.462846440533408,17.530741662346703,16.939659786121275,17.00755500793457,409593000,0.0,0.0,NVDA
2022-08-23 00:00:00-04:00,16.962627909583983,17.437888836392574,16.94365639819852,17.154329299926758,369986000,0.0,0.0,NVDA
2022-08-24 00:00:00-04:00,16.985593596633255,17.37898304673185,16.868776526107535,17.195268630981445,522661000,0.0,0.0,NVDA
2022-08-25 00:00:00-04:00,16.81785208888546,17.919140487325382,16.806869484666464,17.88519287109375,770691000,0.0,0.0,NVDA
2022-08-26 00:00:00-04:00,17.82928142778485,17.89617686185633,16.21179527063193,16.234760284423828,769127000,0.0,0.0,NVDA
2022-08-29 00:00:00-04:00,15.99513199090072,16.312637235028117,15.742524473597898,15.776471138000488,496132000,0.0,0.0,NVDA
2022-08-30 00:00:00-04:00,15.935225659002597,16.014102549024937,15.158433454249854,15.443989753723145,530181000,0.0,0.0,NVDA
2022-08-31 00:00:00-04:00,15.360118825458853,15.515876799554972,14.93577837401633,15.070569038391113,573710000,0.0,0.0,NVDA
2022-09-01 00:00:00-04:00,14.186944285529073,14.3576793375617,13.249402633212377,13.915367126464844,1178865000,0.0,0.0,NVDA
2022-09-02 00:00:00-04:00,14.078112245537563,14.149001175520134,13.56990161470963,13.625815391540527,743157000,0.0,0.0,NVDA
2022-09-06 00:00:00-04:00,13.709685355906469,13.757611180820414,13.330275114521564,13.444098472595215,535751000,0.0,0.0,NVDA
2022-09-07 00:00:00-04:00,13.545971666562709,13.820626981375675,13.329244097845045,13.696782112121582,512657000,0.004,0.0,NVDA
2022-09-08 00:00:00-04:00,13.442099708429629,13.990411090298151,13.352213517895981,13.972433090209961,624873000,0.0,0.0,NVDA
2022-09-09 00:00:00-04:00,14.139223880637113,14.455826240046429,14.108263619948604,14.368935585021973,486612000,0.0,0.0,NVDA
2022-09-12 00:00:00-04:00,14.350958876155167,14.528734878407432,14.18017310182383,14.486787796020508,484159000,0.0,0.0,NVDA
2022-09-13 00:00:00-04:00,13.784670424242124,13.904519639420537,13.082553033818995,13.11451244354248,714956000,0.0,0.0,NVDA
2022-09-14 00:00:00-04:00,13.23735723747835,13.273312285293565,12.896785812619402,13.111515998840332,588507000,0.0,0.0,NVDA
2022-09-15 00:00:00-04:00,12.99865891833725,13.216384660038566,12.77394104372565,12.912766456604004,523625000,0.0,0.0,NVDA
2022-09-16 00:00:00-04:00,12.726001122679447,13.195411270329165,12.601158069233653,13.181428909301758,670751000,0.0,0.0,NVDA
2022-09-19 00:00:00-04:00,12.995663732250092,13.446097722537223,12.993666387993636,13.365199089050293,569685000,0.0,0.0,NVDA
2022-09-20 00:00:00-04:00,13.198408752850991,13.466071929007782,13.040607129076797,13.159457206726074,524818000,0.0,0.0,NVDA
2022-09-21 00:00:00-04:00,13.196411314775915,14.013384151989733,13.0935399916861,13.24435043334961,807679000,0.0,0.0,NVDA
2022-09-22 00:00:00-04:00,13.053586733041543,13.132487999348257,12.41239369411393,12.545226097106934,759162000,0.0,0.0,NVDA
2022-09-23 00:00:00-04:00,12.404406911108035,12.595167097596889,12.241611449028817,12.500286102294922,663309000,0.0,0.0,NVDA
2022-09-26 00:00:00-04:00,12.475317729313494,12.643107026349453,12.198665076002735,12.212647438049316,547343000,0.0,0.0,NVDA
2022-09-27 00:00:00-04:00,12.491296042868766,12.720008599389836,12.24260909385547,12.397414207458496,553854000,0.0,0.0,NVDA
2022-09-28 00:00:00-04:00,12.394417959508273,12.806899506976707,12.338488516455438,12.720008850097656,542414000,0.0,0.0,NVDA
2022-09-29 00:00:00-04:00,12.432370007378605,12.48430476090285,11.93100047295723,12.204656600952148,532763000,0.0,0.0,NVDA
2022-09-30 00:00:00-04:00,12.071824510658695,12.617139480743118,12.059839492993778,12.123759269714355,565638000,0.0,0.0,NVDA
2022-10-03 00:00:00-04:00,12.331497416498822,12.662082145584952,12.089800688912364,12.49629020690918,547478000,0.0,0.0,NVDA
2022-10-04 00:00:00-04:00,12.862828434100942,13.203400820052057,12.862828434100942,13.150466918945312,584182000,0.0,0.0,NVDA
2022-10-05 00:00:00-04:00,12.894789072692479,13.304274120258059,12.605153237647787,13.192414283752441,507131000,0.0,0.0,NVDA
2022-10-06 00:00:00-04:00,13.203400133760168,13.638852526314174,13.086546469597781,13.113512992858887,644157000,0.0,0.0,NVDA
2022-10-07 00:00:00-04:00,12.48929899981872,12.654091789877265,12.006905646417971,12.060837745666504,672478000,0.0,0.0,NVDA
2022-10-10 00:00:00-04:00,12.021884697060255,12.108775343435799,11.393674829483297,11.655345916748047,698699000,0.0,0.0,NVDA
2022-10-11 00:00:00-04:00,11.546482009689733,11.831123965214879,11.268831233353577,11.571451187133789,667482000,0.0,0.0,NVDA
2022-10-12 00:00:00-04:00,11.564461695947893,11.720265004547636,11.330755304332975,11.485560417175293,492590000,0.0,0.0,NVDA
2022-10-13 00:00:00-04:00,10.95722491597618,12.062835356186497,10.799423302844042,11.94498348236084,850103000,0.0,0.0,NVDA
2022-10-14 00:00:00-04:00,12.0418607547837,12.095792850477494,11.189932138993667,11.212903022766113,713432000,0.0,0.0,NVDA
2022-10-17 00:00:00-04:00,11.503536397037033,11.932996747101859,11.502538201372328,11.873071670532227,580774000,0.0,0.0,NVDA
2022-10-18 00:00:00-04:00,12.328500398811965,12.476314329749629,11.603412151905342,11.951973915100098,659362000,0.0,0.0,NVDA
2022-10-19 00:00:00-04:00,11.864082792963758,12.334492010680163,11.81913922499752,12.035866737365723,523131000,0.0,0.0,NVDA
2022-10-20 00:00:00-04:00,12.097791329296781,12.75296781971056,12.089801000398303,12.178689956665039,652398000,0.0,0.0,NVDA
2022-10-21 00:00:00-04:00,12.082808061772408,12.482306351508834,11.872073525922902,12.450345993041992,609494000,0.0,0.0,NVDA
2022-10-24 00:00:00-04:00,12.492295085152598,12.694041114749616,12.048852336359209,12.58318042755127,517457000,0.0,0.0,NVDA
2022-10-25 00:00:00-04:00,12.678062868329203,13.283301979197523,12.648099847684048,13.24435043334961,505482000,0.0,0.0,NVDA
2022-10-26 00:00:00-04:00,12.852842851331863,13.371190325371368,12.692044742302587,12.87980842590332,532953000,0.0,0.0,NVDA
2022-10-27 00:00:00-04:00,13.61288768328681,13.820626722681087,13.105525102649018,13.159457206726074,583113000,0.0,0.0,NVDA
2022-10-28 00:00:00-04:00,13.087547371735592,13.832611021415424,13.04460113938634,13.816630363464355,521040000,0.0,0.0,NVDA
2022-10-31 00:00:00-04:00,13.760700262393152,13.820625345662009,13.280304257896672,13.480052947998047,486341000,0.0,0.0,NVDA
2022-11-01 00:00:00-04:00,13.793659368317671,13.907516554815446,13.502026173930659,13.525996208190918,432817000,0.0,0.0,NVDA
2022-11-02 00:00:00-04:00,13.832611349969781,14.192159017824103,13.194413691854113,13.20240306854248,672628000,0.0,0.0,NVDA
2022-11-03 00:00:00-04:00,13.02662341252142,13.7636966949046,12.939732756516582,13.40414810180664,500065000,0.0,0.0,NVDA
2022-11-04 00:00:00-04:00,13.9684389349222,14.211133849312025,13.679801299085328,14.138225555419922,612576000,0.0,0.0,NVDA
2022-11-07 00:00:00-05:00,14.210134614268167,14.393903593979909,13.936479441145188,14.283042907714844,410061000,0.0,0.0,NVDA
2022-11-08 00:00:00-05:00,14.782416354106235,14.872303507657966,14.198150808496923,14.583666801452637,595292000,0.0,0.0,NVDA
2022-11-09 00:00:00-05:00,14.14421826011374,14.193157476096932,13.741724378458798,13.758703231811523,454414000,0.0,0.0,NVDA
2022-11-10 00:00:00-05:00,14.78141670505855,15.753194539745545,14.528734123134546,15.730223655700684,700819000,0.0,0.0,NVDA
2022-11-11 00:00:00-05:00,15.787156581766027,16.368425737488906,15.462564766373632,16.306503295898438,655487000,0.0,0.0,NVDA
2022-11-14 00:00:00-05:00,16.19763886291601,16.519235097810885,15.902010008121769,16.2745418548584,527852000,0.0,0.0,NVDA
2022-11-15 00:00:00-05:00,16.70100428796189,16.976656817848582,16.361431033277864,16.64507484436035,545876000,0.0,0.0,NVDA
2022-11-16 00:00:00-05:00,16.14170859646812,16.34145634523152,15.853070937382359,15.890024185180664,649547000,0.0,0.0,NVDA
2022-11-17 00:00:00-05:00,15.695268602256101,16.245577368149426,15.51549430312848,15.657316207885742,710894000,0.0,0.0,NVDA
2022-11-18 00:00:00-05:00,15.945952068716577,15.981908069637043,15.101014621390979,15.389652252197266,492072000,0.0,0.0,NVDA
2022-11-21 00:00:00-05:00,15.127981966089996,15.45756754683471,15.06106570167587,15.297768592834473,404739000,0.0,0.0,NVDA
2022-11-22 00:00:00-05:00,15.308755601738653,16.037839574271395,15.103013909275052,16.017864227294922,472866000,0.0,0.0,NVDA
2022-11-23 00:00:00-05:00,16.07778951044673,16.506251780380016,16.027853044396444,16.498260498046875,427241000,0.0,0.0,NVDA
2022-11-25 00:00:00-05:00,16.297514736034802,16.466301288756735,16.151698119802433,16.249574661254883,167934000,0.0,0.0,NVDA
2022-11-28 00:00:00-05:00,16.005876536577063,16.336462207153392,15.7052557881983,15.807126998901367,303741000,0.0,0.0,NVDA
2022-11-29 00:00:00-05:00,15.807126494631538,15.911995146685767,15.500512771594675,15.619362831115723,298384000,0.0,0.0,NVDA
2022-11-30 00:00:00-05:00,15.681298173391307,16.91306558413823,15.581398772907361,16.90607261657715,565298000,0.004,0.0,NVDA
2022-12-01 00:00:00-05:00,16.98199904158871,17.247731843848307,16.618362775160893,17.117862701416016,470977000,0.0,0.0,NVDA
2022-12-02 00:00:00-05:00,16.64234306074741,16.916069255801844,16.428556338164015,16.8591251373291,371389000,0.0,0.0,NVDA
2022-12-05 00:00:00-05:00,16.66231883516899,16.978002762737614,16.455525140941326,16.593387603759766,352255000,0.0,0.0,NVDA
2022-12-06 00:00:00-05:00,16.513470276741486,16.55642654398754,15.803180852280665,15.971013069152832,352694000,0.0,0.0,NVDA
2022-12-07 00:00:00-05:00,15.7562255561555,16.169811994462453,15.6513300790908,16.103878021240234,372388000,0.0,0.0,NVDA
2022-12-08 00:00:00-05:00,16.256728622158576,17.16182280977595,15.943041522391448,17.151832580566406,515456000,0.0,0.0,NVDA
2022-12-09 00:00:00-05:00,17.142840656143218,17.56541801143264,16.95802618094961,16.983999252319336,465338000,0.0,0.0,NVDA
2022-12-12 00:00:00-05:00,17.019964378211757,17.520462850697957,16.78020459668349,17.517465591430664,457328000,0.0,0.0,NVDA
2022-12-13 00:00:00-05:00,18.512469006153694,18.77121078174227,17.693289316822757,18.05392837524414,656589000,0.0,0.0,NVDA
2022-12-14 00:00:00-05:00,17.969011087419783,18.233747362128558,17.402578696343596,17.65632438659668,496888000,0.0,0.0,NVDA
2022-12-15 00:00:00-05:00,17.128853387661163,17.302679168965806,16.683300254847847,16.935047149658203,478542000,0.0,0.0,NVDA
2022-12-16 00:00:00-05:00,16.84713627352837,17.02395931877001,16.39358980223308,16.554428100585938,478232000,0.0,0.0,NVDA
2022-12-19 00:00:00-05:00,16.555426124711342,16.592387869431995,16.128853140261523,16.237743377685547,354039000,0.0,0.0,NVDA
2022-12-20 00:00:00-05:00,16.047931694768067,16.293685931071373,15.836144800146958,16.068910598754883,403260000,0.0,0.0,NVDA
2022-12-21 00:00:00-05:00,16.097886834196,16.610374338355122,16.08589779725307,16.484498977661133,325025000,0.0,0.0,NVDA
2022-12-22 00:00:00-05:00,16.0779039686439,16.121860588450037,14.867116217993509,15.32365894317627,565045000,0.0,0.0,NVDA
2022-12-23 00:00:00-05:00,15.180802809610176,15.323659446874593,14.868116110553647,15.19079303741455,349326000,0.0,0.0,NVDA
2022-12-27 00:00:00-05:00,15.058927317212897,15.084901341732282,14.041944650329466,14.106880187988281,464902000,0.0,0.0,NVDA
2022-12-28 00:00:00-05:00,13.913071922510106,14.247736933600988,13.87011470494691,14.021963119506836,351066000,0.0,0.0,NVDA
2022-12-29 00:00:00-05:00,14.387597820165574,14.668315992800219,14.212772636992952,14.588396072387695,354923000,0.0,0.0,NVDA
2022-12-30 00:00:00-05:00,14.319663660456738,14.614368696054798,14.218764842042592,14.599384307861328,310490000,0.0,0.0,NVDA
2023-01-03 00:00:00-05:00,14.836148204062967,14.981003655234762,14.081903121676092,14.300683975219727,401277000,0.0,0.0,NVDA
2023-01-04 00:00:00-05:00,14.552433809742093,14.83814711680598,14.226759586910239,14.734251022338867,431324000,0.0,0.0,NVDA
2023-01-05 00:00:00-05:00,14.476506207917225,14.549433147238126,14.133848866579553,14.250732421875,389168000,0.0,0.0,NVDA
2023-01-06 00:00:00-05:00,14.45952485401676,14.994989063943777,14.01996530735585,14.84414005279541,405044000,0.0,0.0,NVDA
2023-01-09 00:00:00-05:00,15.268714667138873,16.03994193956856,15.125857081198152,15.612370491027832,504231000,0.0,0.0,NVDA
2023-01-10 00:00:00-05:00,15.491492779879401,15.946037698097602,15.456527932742713,15.893091201782227,384101000,0.0,0.0,NVDA
2023-01-11 00:00:00-05:00,15.824159457593446,16.011971174963055,15.547436042925577,15.984997749328613,353285000,0.0,0.0,NVDA
2023-01-12 00:00:00-05:00,16.083895766750675,16.620357362874767,15.47650318645187,16.494483947753906,551409000,0.0,0.0,NVDA
2023-01-13 00:00:00-05:00,16.261719936070204,16.905076865313244,16.148833986111153,16.882099151611328,447287000,0.0,0.0,NVDA
2023-01-17 00:00:00-05:00,16.882101069354157,17.71027253708016,16.882101069354157,17.684297561645508,511102000,0.0,0.0,NVDA
2023-01-18 00:00:00-05:00,17.64933195026429,17.8551253151724,17.264716740500983,17.359622955322266,439624000,0.0,0.0,NVDA
2023-01-19 00:00:00-05:00,17.018962694085385,17.179802892609352,16.71426930548233,16.748233795166016,452932000,0.0,0.0,NVDA
2023-01-20 00:00:00-05:00,16.993986450014212,17.838142558730407,16.808173556686363,17.82115936279297,564967000,0.0,0.0,NVDA
2023-01-23 00:00:00-05:00,18.045934566497856,19.22575518813864,17.80018219062393,19.17380714416504,655163000,0.0,0.0,NVDA
2023-01-24 00:00:00-05:00,18.808169697179686,19.47550276564291,18.801176728770063,19.245731353759766,496204000,0.0,0.0,NVDA
2023-01-25 00:00:00-05:00,18.894086765066024,19.350630488500357,18.561419588158877,19.30367660522461,449537000,0.0,0.0,NVDA
2023-01-26 00:00:00-05:00,19.681297222805807,20.14583232825715,19.258719930188406,19.782196044921875,489535000,0.0,0.0,NVDA
2023-01-27 00:00:00-05:00,19.442538121142203,20.607372500637613,19.38559591313847,20.344635009765625,542142000,0.0,0.0,NVDA
2023-01-30 00:00:00-05:00,19.930045613036928,20.119854192080133,19.13084467625423,19.142833709716797,488611000,0.0,0.0,NVDA
2023-01-31 00:00:00-05:00,19.150828232771158,19.667311381220713,18.931048939885837,19.5174617767334,498017000,0.0,0.0,NVDA
2023-02-01 00:00:00-05:00,19.67130927886173,21.170807752513607,19.5913893538845,20.92205810546875,660477000,0.0,0.0,NVDA
2023-02-02 00:00:00-05:00,20.979001417003055,21.927051886540376,20.679302158936718,21.687292098999023,564276000,0.0,0.0,NVDA
2023-02-03 00:00:00-05:00,20.978999007184377,21.723254810357187,20.76820957509745,21.078899383544922,429366000,0.0,0.0,NVDA
2023-02-06 00:00:00-05:00,20.78519132864185,21.54842717853091,20.76521087366942,21.067909240722656,452197000,0.0,0.0,NVDA
2023-02-07 00:00:00-05:00,21.360614360794933,22.23673802068742,21.12884604934928,22.15082359313965,664150000,0.0,0.0,NVDA
2023-02-08 00:00:00-05:00,22.364609852385264,22.85511993042836,21.985989180590057,22.18279266357422,559651000,0.0,0.0,NVDA
2023-02-09 00:00:00-05:00,22.583394939904977,22.996980498584975,22.097880878059367,22.31466293334961,523876000,0.0,0.0,NVDA
2023-02-10 00:00:00-05:00,21.668308556927258,22.05591910392087,20.790187926657033,21.243732452392578,550737000,0.0,0.0,NVDA
2023-02-13 00:00:00-05:00,21.51645868835971,22.025948836069368,20.94103456636859,21.76620864868164,474919000,0.0,0.0,NVDA
2023-02-14 00:00:00-05:00,21.556420076698707,23.025949676572004,21.34463219361314,22.948028564453125,675474000,0.0,0.0,NVDA
2023-02-15 00:00:00-05:00,22.526448693208266,22.832142420903672,22.08389284711268,22.741233825683594,420575000,0.0,0.0,NVDA
2023-02-16 00:00:00-05:00,22.110865240742353,22.52744803558797,21.905071876709787,21.979997634887695,412026000,0.0,0.0,NVDA
2023-02-17 00:00:00-05:00,21.609366570739,21.71825680895327,20.954022522936867,21.366609573364258,465888000,0.0,0.0,NVDA
2023-02-21 00:00:00-05:00,20.97899644931204,21.47250184750639,20.597378544387798,20.634342193603516,410015000,0.0,0.0,NVDA
2023-02-22 00:00:00-05:00,20.68629767666919,21.082900112074974,20.40058241794298,20.73324966430664,513184000,0.0,0.0,NVDA
2023-02-23 00:00:00-05:00,23.41656006308935,23.864112008367524,23.001974156806483,23.640335083007812,1117995000,0.0,0.0,NVDA
2023-02-24 00:00:00-05:00,23.201772660724565,23.450524180326013,22.924050815235166,23.262710571289062,589716000,0.0,0.0,NVDA
2023-02-27 00:00:00-05:00,23.646330637168564,23.85611972753348,23.43054702838142,23.47749900817871,452994000,0.0,0.0,NVDA
2023-02-28 00:00:00-05:00,23.348627491238524,23.801175507716838,23.182793127166743,23.19278335571289,455963000,0.0,0.0,NVDA
2023-03-01 00:00:00-05:00,23.168807999209974,23.232745083054898,22.48549196735542,22.675302505493164,460026000,0.0,0.0,NVDA
2023-03-02 00:00:00-05:00,22.465509649279113,23.356615814296525,22.40956399575206,23.290681838989258,389415000,0.0,0.0,NVDA
2023-03-03 00:00:00-05:00,23.296676418290033,23.876096260572954,23.106865911464638,23.866106033325195,412393000,0.0,0.0,NVDA
2023-03-06 00:00:00-05:00,23.867109901704033,24.22375134917666,23.463512664360874,23.530447006225586,437429000,0.0,0.0,NVDA
2023-03-07 00:00:00-05:00,23.580402685270712,24.104966338425466,23.22169964405819,23.268661499023438,515154000,0.004,0.0,NVDA
2023-03-08 00:00:00-05:00,23.467497114785473,24.179906326422394,23.4045497011768,24.160921096801758,513573000,0.0,0.0,NVDA
2023-03-09 00:00:00-05:00,24.154922945379216,24.43369248287704,23.363580850091193,23.41653823852539,501257000,0.0,0.0,NVDA
2023-03-10 00:00:00-05:00,23.389562036275382,23.607381425129905,22.70712862155447,22.94593048095703,474866000,0.0,0.0,NVDA
2023-03-13 00:00:00-04:00,22.733108829622278,23.278654989366956,22.27848671220757,22.946929931640625,421890000,0.0,0.0,NVDA
2023-03-14 00:00:00-04:00,23.476487867060463,24.19888701960605,23.44051655907677,24.04301643371582,474910000,0.0,0.0,NVDA
2023-03-15 00:00:00-04:00,23.74126688899198,24.26583051123997,23.340600837359847,24.2078800201416,524486000,0.0,0.0,NVDA
2023-03-16 00:00:00-04:00,24.007047963864338,25.56675059825911,23.874157083100002,25.519790649414062,583253000,0.0,0.0,NVDA
2023-03-17 00:00:00-04:00,25.960424630848856,26.377078166810012,25.646684297201393,25.703638076782227,848547000,0.0,0.0,NVDA
2023-03-20 00:00:00-04:00,25.59373105710644,26.002391851549323,25.109133153737865,25.878494262695312,432747000,0.0,0.0,NVDA
2023-03-21 00:00:00-04:00,26.15826276917553,26.370086636571166,25.35992640091997,26.17724609375,547408000,0.0,0.0,NVDA
2023-03-22 00:00:00-04:00,26.403052757385783,27.56608749620391,26.21520916949981,26.44601821899414,797295000,0.0,0.0,NVDA
2023-03-23 00:00:00-04:00,27.092483687984217,27.476165594948146,26.66783736695665,27.168420791625977,564889000,0.0,0.0,NVDA
2023-03-24 00:00:00-04:00,27.008555018771276,27.14444177136707,26.333115738961876,26.756763458251953,454920000,0.0,0.0,NVDA
2023-03-27 00:00:00-04:00,26.814712072493617,26.977576809585415,26.34310394111267,26.50896644592285,361026000,0.0,0.0,NVDA
2023-03-28 00:00:00-04:00,26.42504099387314,26.49098617741666,25.828536573761543,26.388071060180664,356104000,0.0,0.0,NVDA
2023-03-29 00:00:00-04:00,26.80272526365729,27.055513525700643,26.57491395467883,26.961591720581055,393694000,0.0,0.0,NVDA
2023-03-30 00:00:00-04:00,27.206388565387414,27.47616480917353,27.079493220776026,27.360260009765625,364516000,0.0,0.0,NVDA
2023-03-31 00:00:00-04:00,27.117462777878853,27.81088673556325,27.082491993767807,27.753934860229492,433933000,0.0,0.0,NVDA
2023-04-03 00:00:00-04:00,27.486155591511658,27.97674705699484,27.31329892606636,27.941776275634766,398716000,0.0,0.0,NVDA
2023-04-04 00:00:00-04:00,27.94277892614299,27.9767510917249,27.284325709406502,27.430204391479492,368592000,0.0,0.0,NVDA
2023-04-05 00:00:00-04:00,26.806718144947666,26.975576504462577,26.373078580341303,26.858675003051758,515015000,0.0,0.0,NVDA
2023-04-06 00:00:00-04:00,26.561924402993725,27.057512816555565,26.40505518671545,27.014549255371094,397654000,0.0,0.0,NVDA
2023-04-10 00:00:00-04:00,26.80072620018478,27.598063878336834,26.64685475224009,27.55609893798828,395279000,0.0,0.0,NVDA
2023-04-11 00:00:00-04:00,27.700979959709233,27.766925140537275,27.103475037618352,27.146440505981445,314378000,0.0,0.0,NVDA
2023-04-12 00:00:00-04:00,27.347272978771652,27.445191173354328,26.426037716955808,26.472999572753906,446259000,0.0,0.0,NVDA
2023-04-13 00:00:00-04:00,26.71179965358217,26.864672482211642,26.307137180511106,26.441024780273438,353615000,0.0,0.0,NVDA
2023-04-14 00:00:00-04:00,26.48199191641149,26.86067692126086,26.198227341528817,26.735780715942383,395660000,0.0,0.0,NVDA
2023-04-17 00:00:00-04:00,26.542940633883788,26.98357440686349,26.41105027878462,26.979578018188477,321471000,0.0,0.0,NVDA
2023-04-18 00:00:00-04:00,27.510138201217032,28.086658738816173,27.334283752804854,27.644025802612305,604812000,0.0,0.0,NVDA
2023-04-19 00:00:00-04:00,27.338280018329133,27.97674934416324,27.209387427098346,27.907806396484375,358660000,0.0,0.0,NVDA
2023-04-20 00:00:00-04:00,27.648021986147068,28.00672503718342,26.97757964609056,27.081493377685547,427713000,0.0,0.0,NVDA
2023-04-21 00:00:00-04:00,26.929618278406625,27.160427351710336,26.69980973159089,27.096479415893555,345103000,0.0,0.0,NVDA
2023-04-24 00:00:00-04:00,26.990569353375054,27.34327496276754,26.64885238383688,27.01954460144043,339282000,0.0,0.0,NVDA
2023-04-25 00:00:00-04:00,27.055516518782692,27.22437682483663,26.2032260217168,26.21921157836914,378527000,0.0,0.0,NVDA
2023-04-26 00:00:00-04:00,26.97958178612592,27.3073085724239,26.682827492826057,26.933618545532227,406337000,0.0,0.0,NVDA
2023-04-27 00:00:00-04:00,27.340279304100545,27.47216966404172,26.60289125219407,27.203392028808594,377161000,0.0,0.0,NVDA
2023-04-28 00:00:00-04:00,27.202394701984563,27.734951176667415,27.048521337557332,27.72595977783203,292216000,0.0,0.0,NVDA
2023-05-01 00:00:00-04:00,27.81688459114848,29.03387369698628,27.756934942782742,28.885995864868164,570329000,0.0,0.0,NVDA
2023-05-02 00:00:00-04:00,28.65618201325228,28.812052594905946,28.059677690450954,28.18657112121582,402730000,0.0,0.0,NVDA
2023-05-03 00:00:00-04:00,27.8168839597217,28.3434468063841,27.449189488099005,27.778915405273438,383387000,0.0,0.0,NVDA
2023-05-04 00:00:00-04:00,27.628038892272958,27.835866361148614,27.217380869969254,27.539113998413086,321850000,0.0,0.0,NVDA
2023-05-05 00:00:00-04:00,27.802894198913098,28.731121728563178,27.707973770612693,28.656185150146484,361494000,0.0,0.0,NVDA
2023-05-08 00:00:00-04:00,28.498317367315533,29.195737767876224,28.32646120146538,29.126794815063477,344979000,0.0,0.0,NVDA
2023-05-09 00:00:00-04:00,28.875000355164328,28.94893830563209,28.426373831725307,28.547271728515625,314869000,0.0,0.0,NVDA
2023-05-10 00:00:00-04:00,28.98091460956097,29.08882663839483,28.437367605326653,28.86101531982422,369350000,0.0,0.0,NVDA
2023-05-11 00:00:00-04:00,28.872004608217654,28.92596062028458,28.22254475076314,28.55426788330078,322149000,0.0,0.0,NVDA
2023-05-12 00:00:00-04:00,28.505307600656668,28.756100516190692,28.022708903166627,28.316465377807617,274222000,0.0,0.0,NVDA
2023-05-15 00:00:00-04:00,28.48432681161874,28.944944446377114,28.128623434840744,28.928956985473633,293926000,0.0,0.0,NVDA
2023-05-16 00:00:00-04:00,28.817050841568992,29.845197623603145,28.808059443130762,29.18874168395996,449405000,0.0,0.0,NVDA
2023-05-17 00:00:00-04:00,29.55943225417957,30.173921312310178,29.40556081091014,30.152938842773438,432535000,0.0,0.0,NVDA
2023-05-18 00:00:00-04:00,30.384744840658275,31.801566483071674,30.294819431722896,31.651691436767578,748725000,0.0,0.0,NVDA
2023-05-19 00:00:00-04:00,31.509810589762786,31.553774675559076,30.89032652886848,31.238037109375,473908000,0.0,0.0,NVDA
2023-05-22 00:00:00-04:00,30.875335205487943,31.49382250168603,30.654519985100055,31.150108337402344,372000000,0.0,0.0,NVDA
2023-05-23 00:00:00-04:00,30.974254895318953,31.262015821714414,30.605561863481356,30.662513732910156,356253000,0.0,0.0,NVDA
2023-05-24 00:00:00-04:00,30.184909476760378,30.581581031014146,29.781245672310558,30.512638092041016,721419000,0.0,0.0,NVDA
2023-05-25 00:00:00-04:00,38.49101183651756,39.447217938255974,36.60457902009647,37.948463439941406,1543911000,0.0,0.0,NVDA
2023-05-26 00:00:00-04:00,37.858535295090505,39.137471155324974,37.51881748077454,38.913658142089844,714397000,0.0,0.0,NVDA
2023-05-30 00:00:00-04:00,40.56129320908205,41.903176556488546,39.91582970590061,40.077693939208984,923401000,0.0,0.0,NVDA
2023-05-31 00:00:00-04:00,39.455203631645354,40.26153261415584,37.79058690184261,37.80257797241211,1002580000,0.0,0.0,NVDA
2023-06-01 00:00:00-04:00,38.457038285135596,40.01674290011226,38.30816374839411,39.736976623535156,635873000,0.0,0.0,NVDA
2023-06-02 00:00:00-04:00,40.06369919155993,40.46636437435307,39.02556062706971,39.29433822631836,482731000,0.0,0.0,NVDA
2023-06-05 00:00:00-04:00,38.87668625179113,39.53213967153062,38.6748543493484,39.13846969604492,396094000,0.0,0.0,NVDA
2023-06-06 00:00:00-04:00,38.797754990174724,39.12747895572034,38.11631834652575,38.62189865112305,388729000,0.0,0.0,NVDA
2023-06-07 00:00:00-04:00,38.886705495226614,39.47028049803264,37.32883713586247,37.447750091552734,511998000,0.004,0.0,NVDA
2023-06-08 00:00:00-04:00,37.69657436729438,38.835744998272645,37.47773561947334,38.48200225830078,417772000,0.0,0.0,NVDA
2023-06-09 00:00:00-04:00,39.00862167695387,39.682131514283476,38.53896592503453,38.741817474365234,427717000,0.0,0.0,NVDA
2023-06-12 00:00:00-04:00,39.17150019392895,39.50125828347373,38.58992260823452,39.45329284667969,388701000,0.0,0.0,NVDA
2023-06-13 00:00:00-04:00,40.15678156104173,41.07111717890854,39.71110670175383,40.99217224121094,613208000,0.0,0.0,NVDA
2023-06-14 00:00:00-04:00,40.79432339392405,42.96874019088657,40.52251795887016,42.96574401855469,740465000,0.0,0.0,NVDA
2023-06-15 00:00:00-04:00,42.571032403423146,43.25753327513272,42.116361328067455,42.62199401855469,568622000,0.0,0.0,NVDA
2023-06-16 00:00:00-04:00,43.41840556812391,43.68920841570231,42.62997783526068,42.66095733642578,655709000,0.0,0.0,NVDA
2023-06-20 00:00:00-04:00,42.96674106849241,43.95802045275375,42.642975308832675,43.77614974975586,451153000,0.0,0.0,NVDA
2023-06-21 00:00:00-04:00,43.469375994641815,43.583295347445485,42.04941138244555,43.01370620727539,551603000,0.0,0.0,NVDA
2023-06-22 00:00:00-04:00,42.22227910485018,43.39442663272672,42.20329572401854,42.99372100830078,417737000,0.0,0.0,NVDA
2023-06-23 00:00:00-04:00,42.433133732195444,42.77788036050008,41.98445879780496,42.17831802368164,358140000,0.0,0.0,NVDA
2023-06-26 00:00:00-04:00,42.43012776772855,42.73290887794561,40.070844243899195,40.60245895385742,594322000,0.0,0.0,NVDA
2023-06-27 00:00:00-04:00,40.769337698334375,41.90950699852485,40.41859495947549,41.84555435180664,462175000,0.0,0.0,NVDA
2023-06-28 00:00:00-04:00,40.63044011815251,41.81457999808646,40.488545059577945,41.08710861206055,582639000,0.0,0.0,NVDA
2023-06-29 00:00:00-04:00,41.52778911037634,41.569758396555315,40.57048532152346,40.79232406616211,380514000,0.0,0.0,NVDA
2023-06-30 00:00:00-04:00,41.64970217474364,42.51906868482128,41.47083144000187,42.27124786376953,501148000,0.0,0.0,NVDA
2023-07-03 00:00:00-04:00,42.48608466102656,42.86680815864475,42.171315066266786,42.38216018676758,198209000,0.0,0.0,NVDA
2023-07-05 00:00:00-04:00,42.104365108899316,43.14560736549417,42.05440222255246,42.28623580932617,323618000,0.0,0.0,NVDA
2023-07-06 00:00:00-04:00,41.81358093287342,42.14833647102733,41.31594188398918,42.072391510009766,303582000,0.0,0.0,NVDA
2023-07-07 00:00:00-04:00,42.29122733401887,43.18258088740522,42.149332286394056,42.47209548950195,355881000,0.0,0.0,NVDA
2023-07-10 00:00:00-04:00,42.62598448947878,42.77987184120869,41.61871419976329,42.149330139160156,353908000,0.0,0.0,NVDA
2023-07-11 00:00:00-04:00,42.45011335397041,42.72691238917329,42.0364166991454,42.374168395996094,298244000,0.0,0.0,NVDA
2023-07-12 00:00:00-04:00,43.001715152832105,43.903059808967086,42.74590075117866,43.87008285522461,481277000,0.0,0.0,NVDA
2023-07-13 00:00:00-04:00,44.485637843052004,46.12144500110187,44.459655768689124,45.94357681274414,478204000,0.0,0.0,NVDA
2023-07-14 00:00:00-04:00,46.54913208580055,48.05303894524698,45.027240569884796,45.435943603515625,772075000,0.0,0.0,NVDA
2023-07-17 00:00:00-04:00,46.25534736982459,46.46219379188679,45.22909361606182,46.42721939086914,510488000,0.0,0.0,NVDA
2023-07-18 00:00:00-04:00,46.66704612621804,47.86117699331049,45.700750131517545,47.459468841552734,569164000,0.0,0.0,NVDA
2023-07-19 00:00:00-04:00,47.42949388429487,47.7832366141332,46.70801866375325,47.04277420043945,427502000,0.0,0.0,NVDA
2023-07-20 00:00:00-04:00,46.47318603639003,47.052766164408155,45.029236960247545,45.48690414428711,537865000,0.0,0.0,NVDA
2023-07-21 00:00:00-04:00,45.754707765315004,45.83265398251241,44.067935310129315,44.27678298950195,963769000,0.0,0.0,NVDA
2023-07-24 00:00:00-04:00,44.69847992512501,45.076207287411634,44.00798419764258,44.579566955566406,382516000,0.0,0.0,NVDA
2023-07-25 00:00:00-04:00,44.90832394413835,46.149417616243355,44.89033547721247,45.64578628540039,348081000,0.0,0.0,NVDA
2023-07-26 00:00:00-04:00,45.98754720872081,46.019525442170895,44.597559486500465,45.41896057128906,364237000,0.0,0.0,NVDA
2023-07-27 00:00:00-04:00,46.48518000024853,47.360542567448725,45.716738084889066,45.86663055419922,455976000,0.0,0.0,NVDA
2023-07-28 00:00:00-04:00,46.63406993246034,46.9928100852104,46.34727984222391,46.71601104736328,331194000,0.0,0.0,NVDA
2023-07-31 00:00:00-04:00,46.72000592982109,47.09573198444392,46.47218515731192,46.69502258300781,251055000,0.0,0.0,NVDA
2023-08-01 00:00:00-04:00,46.42621978047181,46.86590231278374,45.99353594015361,46.47318649291992,237858000,0.0,0.0,NVDA
2023-08-02 00:00:00-04:00,45.79768107011527,45.80667339857495,43.35545767140817,44.23681640625,530142000,0.0,0.0,NVDA
2023-08-03 00:00:00-04:00,43.76815517445485,45.08519773730657,43.76815517445485,44.482635498046875,324176000,0.0,0.0,NVDA
2023-08-04 00:00:00-04:00,44.95229288862931,45.608812879018394,44.360724265707994,44.64751434326172,362666000,0.0,0.0,NVDA
2023-08-07 00:00:00-04:00,45.078202515862756,45.50689146915822,44.53060059886417,45.38397979736328,322154000,0.0,0.0,NVDA
2023-08-08 00:00:00-04:00,44.82040019713184,45.209117399814986,44.02397859516087,44.63153839111328,353843000,0.0,0.0,NVDA
2023-08-09 00:00:00-04:00,44.24180267216037,44.27977705165341,42.103359467679276,42.52305603027344,586449000,0.0,0.0,NVDA
2023-08-10 00:00:00-04:00,42.129350474246436,43.54232399177734,41.80458597956359,42.35718536376953,492705000,0.0,0.0,NVDA
2023-08-11 00:00:00-04:00,41.72064683355446,41.98745483103536,40.609455735906536,40.82529830932617,533085000,0.0,0.0,NVDA
2023-08-14 00:00:00-04:00,40.456568112182865,43.768158123210526,40.28169609363209,43.72119140625,690286000,0.0,0.0,NVDA
2023-08-15 00:00:00-04:00,44.52760635786077,45.23509182651046,43.67822201869262,43.90805435180664,676512000,0.0,0.0,NVDA
2023-08-16 00:00:00-04:00,44.487632483624076,44.642518572075744,43.374440183849174,43.454383850097656,527451000,0.0,0.0,NVDA
2023-08-17 00:00:00-04:00,43.93802900451183,44.029961162547856,42.9697318315635,43.31248474121094,452395000,0.0,0.0,NVDA
2023-08-18 00:00:00-04:00,42.60399466417195,43.546309718807755,41.62970519720013,43.267513275146484,583768000,0.0,0.0,NVDA
2023-08-21 00:00:00-04:00,44.46164840109401,47.03077820241426,44.189846809598315,46.9328498840332,692573000,0.0,0.0,NVDA
2023-08-22 00:00:00-04:00,48.10000155373569,48.15196569860594,45.30004062070193,45.634796142578125,755293000,0.0,0.0,NVDA
2023-08-23 00:00:00-04:00,45.83265396797378,47.16568370903834,45.17513142560614,47.08174514770508,779046000,0.0,0.0,NVDA
2023-08-24 00:00:00-04:00,50.179489575369686,50.22945246000163,47.124712989648934,47.12870788574219,1156044000,0.0,0.0,NVDA
2023-08-25 00:00:00-04:00,46.97781961200935,47.77024230669421,44.99126226942635,45.98454284667969,925341000,0.0,0.0,NVDA
2023-08-28 00:00:00-04:00,46.448201308441945,46.94584030968212,44.85536235157386,46.80094528198242,685192000,0.0,0.0,NVDA
2023-08-29 00:00:00-04:00,46.632067581998406,49.045312450204435,46.35726602113391,48.74852752685547,701397000,0.0,0.0,NVDA
2023-08-30 00:00:00-04:00,49.008342472169936,49.89069992908974,48.38979301948212,49.22818374633789,735206000,0.0,0.0,NVDA
2023-08-31 00:00:00-04:00,49.34410566617648,49.70783948086103,48.922411542832535,49.319122314453125,528570000,0.0,0.0,NVDA
2023-09-01 00:00:00-04:00,49.72582320725818,49.76379378137674,48.10699823052651,48.473731994628906,463830000,0.0,0.0,NVDA
2023-09-05 00:00:00-04:00,48.18794226373671,48.81548788347983,47.82520719547016,48.5127067565918,382653000,0.0,0.0,NVDA
2023-09-06 00:00:00-04:00,48.40977397493204,48.51770224742843,46.54997362392489,47.030662536621094,468670000,0.004,0.0,NVDA
2023-09-07 00:00:00-04:00,45.495643764855785,46.314115859350295,45.12288320387807,46.211181640625,433330000,0.0,0.0,NVDA
2023-09-08 00:00:00-04:00,45.9123819993529,46.575951562479766,45.24181316746759,45.54261779785156,473069000,0.0,0.0,NVDA
2023-09-11 00:00:00-04:00,46.1182482612765,46.133237981165,44.28343335195331,45.14887619018555,473966000,0.0,0.0,NVDA
2023-09-12 00:00:00-04:00,44.709153407474325,45.643551923371255,44.502286142152805,44.841068267822266,349256000,0.0,0.0,NVDA
2023-09-13 00:00:00-04:00,44.571249185878756,45.900393693899545,44.47431159036819,45.45568084716797,398355000,0.0,0.0,NVDA
2023-09-14 00:00:00-04:00,45.92037826774396,45.9573531646138,45.10190600685458,45.55161666870117,370097000,0.0,0.0,NVDA
2023-09-15 00:00:00-04:00,45.31176544872774,45.56959852066616,43.779752923471165,43.87169647216797,506831000,0.0,0.0,NVDA
2023-09-18 00:00:00-04:00,42.720443095064276,44.213479451862526,41.972924204170205,43.93765640258789,500271000,0.0,0.0,NVDA
2023-09-19 00:00:00-04:00,43.80473745342954,43.937651117962965,42.97427198636258,43.491939544677734,373064000,0.0,0.0,NVDA
2023-09-20 00:00:00-04:00,43.571891798323115,43.874697872716084,42.1957805773011,42.211769104003906,367108000,0.0,0.0,NVDA
2023-09-21 00:00:00-04:00,41.55619180268766,42.0728567871405,40.953579913724376,40.99055480957031,450736000,0.0,0.0,NVDA
2023-09-22 00:00:00-04:00,41.54519814398996,42.087851165439716,41.204418374834624,41.58317565917969,479236000,0.0,0.0,NVDA
2023-09-25 00:00:00-04:00,41.56418098921053,42.508571331474215,41.15044647985263,42.19477462768555,419091000,0.0,0.0,NVDA
2023-09-26 00:00:00-04:00,41.97392192797056,42.79239417282539,41.62814431891952,41.88397979736328,402282000,0.0,0.0,NVDA
2023-09-27 00:00:00-04:00,42.30271271186717,42.844363114706354,41.60216441597511,42.44062042236328,444935000,0.0,0.0,NVDA
2023-09-28 00:00:00-04:00,42.43262220486007,43.41798652388978,42.08784724239294,43.06121826171875,424663000,0.0,0.0,NVDA
2023-09-29 00:00:00-04:00,43.7987463785024,44.11554336483788,43.27908114153103,43.4709587097168,397830000,0.0,0.0,NVDA
2023-10-02 00:00:00-04:00,44.00161019361143,45.14587240598545,43.83272043820974,44.75312805175781,433298000,0.0,0.0,NVDA
2023-10-03 00:00:00-04:00,44.77910527291115,45.100900048116756,43.21811221740107,43.48893737792969,470850000,0.0,0.0,NVDA
2023-10-04 00:00:00-04:00,43.713800550252934,44.11454300550294,43.26408989829739,44.01260757446289,361821000,0.0,0.0,NVDA
2023-10-05 00:00:00-04:00,44.021601937102886,44.87105626291606,43.859707622537925,44.6591911315918,393483000,0.0,0.0,NVDA
2023-10-06 00:00:00-04:00,44.16450577901021,45.759477372005065,43.99761364120761,45.73249435424805,434436000,0.0,0.0,NVDA
2023-10-09 00:00:00-04:00,44.81309443716581,45.57560310444914,44.33940094783517,45.24381637573242,409675000,0.0,0.0,NVDA
2023-10-10 00:00:00-04:00,45.28078645305619,46.229172057316305,45.058929471918596,45.768470764160156,368582000,0.0,0.0,NVDA
2023-10-11 00:00:00-04:00,46.16621813703432,46.82879273607268,46.02031234982247,46.77582550048828,378137000,0.0,0.0,NVDA
2023-10-12 00:00:00-04:00,46.74684673062692,47.57831113328324,46.30013628160048,46.914737701416016,481325000,0.0,0.0,NVDA
2023-10-13 00:00:00-04:00,46.92972043199577,47.085621890391806,45.25080334969889,45.43168640136719,474115000,0.0,0.0,NVDA
2023-10-16 00:00:00-04:00,45.03395227290401,46.195202001343034,44.88304863104429,46.06528854370117,375099000,0.0,0.0,NVDA
2023-10-17 00:00:00-04:00,43.97163208495719,44.72514757843825,42.45261161000831,43.909671783447266,812333000,0.0,0.0,NVDA
2023-10-18 00:00:00-04:00,42.56354235108208,43.19113966201485,41.79803732924531,42.16879653930664,627294000,0.0,0.0,NVDA
2023-10-19 00:00:00-04:00,42.783401532452814,43.26908828015481,41.85499958396407,42.07386016845703,501233000,0.0,0.0,NVDA
2023-10-20 00:00:00-04:00,41.86299127969732,42.44261916103959,41.05151453316081,41.36031723022461,477266000,0.0,0.0,NVDA
2023-10-23 00:00:00-04:00,41.20242325687503,43.22012278548461,40.91860593108143,42.947296142578125,478530000,0.0,0.0,NVDA
2023-10-24 00:00:00-04:00,43.049228794577566,43.66882802570082,42.66347986731124,43.634849548339844,401463000,0.0,0.0,NVDA
2023-10-25 00:00:00-04:00,43.37001943801499,43.62185968396837,41.52820914347359,41.7520637512207,398379000,0.0,0.0,NVDA
2023-10-26 00:00:00-04:00,41.82601906009142,42.22875913409801,39.85429143072344,40.30000305175781,541001000,0.0,0.0,NVDA
2023-10-27 00:00:00-04:00,41.10348715819275,41.17943837928563,39.98920425077625,40.47389221191406,416784000,0.0,0.0,NVDA
2023-10-30 00:00:00-04:00,41.06051446991565,41.73907378443747,40.45490233078289,41.134464263916016,388028000,0.0,0.0,NVDA
2023-10-31 00:00:00-04:00,40.42392640316341,40.852650720636724,39.204711603972164,40.75371170043945,517969000,0.0,0.0,NVDA
2023-11-01 00:00:00-04:00,40.857648711306,42.353685526231295,40.84265898891911,42.29772186279297,437593000,0.0,0.0,NVDA
2023-11-02 00:00:00-04:00,43.30006060911841,43.85570184848127,42.866342349318806,43.47794723510742,409172000,0.0,0.0,NVDA
2023-11-03 00:00:00-04:00,43.99162089726106,45.27978753454021,43.694811487819166,44.97598648071289,424610000,0.0,0.0,NVDA
2023-11-06 00:00:00-05:00,45.255801257875405,45.90538367968417,44.87004855474041,45.721500396728516,400733000,0.0,0.0,NVDA
2023-11-07 00:00:00-05:00,45.68952517362853,46.18820018807057,45.12888604597762,45.92537307739258,343165000,0.0,0.0,NVDA
2023-11-08 00:00:00-05:00,46.07027857367067,46.83678620591324,45.93836370236791,46.543975830078125,346719000,0.0,0.0,NVDA
2023-11-09 00:00:00-05:00,47.43639611181253,48.198904678121394,46.719859321767146,46.91973114013672,540496000,0.0,0.0,NVDA
2023-11-10 00:00:00-05:00,47.46937607383316,48.44074953358826,47.252516922257165,48.303836822509766,421245000,0.0,0.0,NVDA
2023-11-13 00:00:00-05:00,48.28885152839415,49.084339842163374,48.067993319046685,48.58865737915039,384136000,0.0,0.0,NVDA
2023-11-14 00:00:00-05:00,49.647968075180216,49.80186810947218,49.00838133866222,49.62398147583008,416954000,0.0,0.0,NVDA
2023-11-15 00:00:00-05:00,49.902809365822506,49.927790961524366,48.168927272564574,48.856483459472656,475497000,0.0,0.0,NVDA
2023-11-16 00:00:00-05:00,48.64761873945954,49.49307401570829,48.29884470682521,49.44810104370117,339756000,0.0,0.0,NVDA
2023-11-17 00:00:00-05:00,49.49207615888525,49.68495254819164,48.975411113822275,49.2662239074707,325205000,0.0,0.0,NVDA
2023-11-20 00:00:00-05:00,49.280206345168914,50.51540949473078,49.14929028900057,50.37649917602539,414120000,0.0,0.0,NVDA
2023-11-21 00:00:00-05:00,50.09367842406972,50.484425150048665,49.19026199029503,49.91179656982422,565747000,0.0,0.0,NVDA
2023-11-22 00:00:00-05:00,49.81985852243295,50.302544998111564,47.65924993569592,48.68458938598633,899420000,0.0,0.0,NVDA
2023-11-24 00:00:00-05:00,48.438750082118126,48.88945951237367,47.7142152401005,47.74519729614258,294645000,0.0,0.0,NVDA
2023-11-27 00:00:00-05:00,47.769182964937485,48.49871188238506,47.62127956875629,48.210899353027344,395662000,0.0,0.0,NVDA
2023-11-28 00:00:00-05:00,48.20490597283938,48.29185168991899,47.442397333062274,47.7901725769043,401491000,0.0,0.0,NVDA
2023-11-29 00:00:00-05:00,48.34781882043628,48.730571377443304,47.8291523366515,48.108970642089844,382005000,0.0,0.0,NVDA
2023-11-30 00:00:00-05:00,47.99304239147562,48.078989304931206,46.39207765014372,46.73985290527344,526247000,0.0,0.0,NVDA
2023-12-01 00:00:00-05:00,46.49501248567539,47.16957663238465,46.157229102972245,46.73485565185547,369317000,0.0,0.0,NVDA
2023-12-04 00:00:00-05:00,46.04729530005155,46.04729530005155,44.98098181883111,45.48065948486328,437543000,0.0,0.0,NVDA
2023-12-05 00:00:00-05:00,45.44068360016381,46.57405104711008,45.24579248346221,46.54007339477539,371718000,0.004,0.0,NVDA
2023-12-06 00:00:00-05:00,47.188709647488736,47.36061475805966,45.38671220041947,45.4776611328125,380590000,0.0,0.0,NVDA
2023-12-07 00:00:00-05:00,45.67455588233509,46.6030394870367,45.578608662273986,46.5700569152832,350823000,0.0,0.0,NVDA
2023-12-08 00:00:00-05:00,46.56905734985708,47.71441917110969,46.52408042310089,47.479549407958984,359224000,0.0,0.0,NVDA
2023-12-11 00:00:00-05:00,47.46455720613541,47.504532035793474,45.8044827851011,46.601036071777344,509728000,0.0,0.0,NVDA
2023-12-12 00:00:00-05:00,46.02035970624614,47.63945650611494,46.02035970624614,47.630462646484375,372387000,0.0,0.0,NVDA
2023-12-13 00:00:00-05:00,47.60248560623417,48.56694852407048,47.58149738885303,48.06122970581055,447792000,0.0,0.0,NVDA
2023-12-14 00:00:00-05:00,48.36305679932983,48.64289968086901,47.395597257027774,48.32307815551758,391232000,0.0,0.0,NVDA
2023-12-15 00:00:00-05:00,48.167169853296684,49.37649531142181,48.09320973878579,48.8627815246582,479948000,0.0,0.0,NVDA
2023-12-18 00:00:00-05:00,49.37248931296249,50.40491113993481,49.12262854480493,50.049110412597656,412587000,0.0,0.0,NVDA
2023-12-19 00:00:00-05:00,49.396473996646186,49.67232125952952,48.86776928450163,49.57637405395508,464444000,0.0,0.0,NVDA
2023-12-20 00:00:00-05:00,49.62734444732078,49.97115463261809,48.07121237951516,48.084205627441406,397894000,0.0,0.0,NVDA
2023-12-21 00:00:00-05:00,48.783821596134075,49.06766385409553,48.39203776733346,48.96272277832031,300425000,0.0,0.0,NVDA
2023-12-22 00:00:00-05:00,49.16760912555352,49.35550417725914,48.440013817586234,48.80281448364258,252507000,0.0,0.0,NVDA
2023-12-26 00:00:00-05:00,48.9407287654443,49.572376781102484,48.93273380006729,49.251556396484375,244200000,0.0,0.0,NVDA
2023-12-27 00:00:00-05:00,49.483430013348695,49.65233461998989,49.05766474220859,49.38948059082031,233648000,0.0,0.0,NVDA
2023-12-28 00:00:00-05:00,49.615361553511725,49.85622468658464,49.38448736257904,49.49442672729492,246587000,0.0,0.0,NVDA
2023-12-29 00:00:00-05:00,49.78526507165566,49.96916454651592,48.72385609264306,49.49442672729492,389293000,0.0,0.0,NVDA
2024-01-02 00:00:00-05:00,49.216575301212856,49.26754558758411,47.568495374432075,48.14117431640625,411254000,0.0,0.0,NVDA
2024-01-03 00:00:00-05:00,47.45855812854748,48.15716638258974,47.29364909537562,47.542510986328125,320896000,0.0,0.0,NVDA
2024-01-04 00:00:00-05:00,47.74040114665584,48.47299471292731,47.48154648897857,47.971275329589844,306535000,0.0,0.0,NVDA
2024-01-05 00:00:00-05:00,48.43501546755193,49.5194103643003,48.27910029347317,49.06966018676758,415039000,0.0,0.0,NVDA
2024-01-08 00:00:00-05:00,49.48442892614956,52.2458907620678,49.4514463575837,52.223899841308594,642510000,0.0,0.0,NVDA
2024-01-09 00:00:00-05:00,52.37182563719699,54.29475419696261,51.66121915258384,53.11041259765625,773100000,0.0,0.0,NVDA
2024-01-10 00:00:00-05:00,53.58615158748565,54.56960111335146,53.45921957741913,54.319740295410156,533796000,0.0,0.0,NVDA
2024-01-11 00:00:00-05:00,54.9683767860804,55.315183696465496,53.530178853161665,54.791473388671875,596759000,0.0,0.0,NVDA
2024-01-12 00:00:00-05:00,54.58958487431233,54.93939227133335,54.29974925258684,54.679534912109375,352994000,0.0,0.0,NVDA
2024-01-16 00:00:00-05:00,54.98736982997111,56.803355729677996,54.86943549694436,56.350608825683594,449580000,0.0,0.0,NVDA
2024-01-17 00:00:00-05:00,56.31562839717504,56.43955990801359,54.70952466514394,56.021793365478516,474394000,0.0,0.0,NVDA
2024-01-18 00:00:00-05:00,57.22811380906235,57.56792463682623,56.07575596466505,57.075199127197266,491650000,0.0,0.0,NVDA
2024-01-19 00:00:00-05:00,57.95670795373914,59.46686815803494,57.1931334387279,59.4578742980957,543501000,0.0,0.0,NVDA
2024-01-22 00:00:00-05:00,60.01556528618006,60.29740976678535,59.037110289114665,59.620784759521484,452955000,0.0,0.0,NVDA
2024-01-23 00:00:00-05:00,59.536831763324194,59.876642607504685,58.55237959065836,59.839664459228516,294654000,0.0,0.0,NVDA
2024-01-24 00:00:00-05:00,60.27041798826244,62.813998865952584,59.904620682519884,61.32782745361328,560271000,0.0,0.0,NVDA
2024-01-25 00:00:00-05:00,62.31528094129938,62.68407876992676,60.81611616664833,61.58269119262695,482777000,0.0,0.0,NVDA
2024-01-26 00:00:00-05:00,60.926057292697806,61.748600916766215,60.53927554518053,60.99701690673828,390309000,0.0,0.0,NVDA
2024-01-29 00:00:00-05:00,61.197906346142304,62.45420645662032,60.87309034622641,62.43022155761719,348733000,0.0,0.0,NVDA
2024-01-30 00:00:00-05:00,62.86497729318725,63.457645602005435,62.225330458008614,62.739044189453125,410735000,0.0,0.0,NVDA
2024-01-31 00:00:00-05:00,61.40578727537811,62.23432804617364,60.66620146120928,61.492740631103516,453795000,0.0,0.0,NVDA
2024-02-01 00:00:00-05:00,62.065426957341195,63.15582300584299,61.61568052564377,62.991912841796875,369146000,0.0,0.0,NVDA
2024-02-02 00:00:00-05:00,63.93837399186544,66.56291110918288,63.654531745686434,66.12316131591797,476578000,0.0,0.0,NVDA
2024-02-05 00:00:00-05:00,68.18701012748092,69.45830503749701,67.16758142852466,69.29339599609375,680078000,0.0,0.0,NVDA
2024-02-06 00:00:00-05:00,69.59122707783612,69.71515858330277,66.26308702618283,68.18501281738281,683111000,0.0,0.0,NVDA
2024-02-07 00:00:00-05:00,68.28095938687078,70.18090186277372,67.56235796585537,70.05996704101562,495575000,0.0,0.0,NVDA
2024-02-08 00:00:00-05:00,70.03498384281633,70.75458420328539,69.41633280176669,69.60222625732422,414422000,0.0,0.0,NVDA
2024-02-09 00:00:00-05:00,70.49372682596147,72.14480747716068,70.17290640154854,72.09284210205078,436637000,0.0,0.0,NVDA
2024-02-12 00:00:00-05:00,72.55957267433736,74.56945447682682,71.21032591879988,72.20777130126953,613710000,0.0,0.0,NVDA
2024-02-13 00:00:00-05:00,70.36080999462226,73.40910749101484,69.58124543898839,72.08784484863281,602580000,0.0,0.0,NVDA
2024-02-14 00:00:00-05:00,73.16124677886643,74.19466766232887,71.89795059750436,73.85885620117188,504917000,0.0,0.0,NVDA
2024-02-15 00:00:00-05:00,73.82787028335872,73.93380643951798,72.35968650824275,72.61753845214844,420122000,0.0,0.0,NVDA
2024-02-16 00:00:00-05:00,74.05874240761452,74.36057621751523,72.46063364613941,72.57257080078125,495327000,0.0,0.0,NVDA
2024-02-20 00:00:00-05:00,71.90693589131082,71.91593356383504,67.6962844049487,69.413330078125,704833000,0.0,0.0,NVDA
2024-02-21 00:00:00-05:00,67.9681399359681,68.84965273678795,66.21112295055113,67.43444061279297,673755000,0.0,0.0,NVDA
2024-02-22 00:00:00-05:00,74.9832259524774,78.53124465919488,74.17867388920303,78.49427032470703,865100000,0.0,0.0,NVDA
2024-02-23 00:00:00-05:00,80.74501027740159,82.34811331480627,77.52680222303147,78.77310943603516,829388000,0.0,0.0,NVDA
2024-02-26 00:00:00-05:00,79.65562156391138,80.60110162092384,78.46128722131758,79.04796600341797,503973000,0.0,0.0,NVDA
2024-02-27 00:00:00-05:00,79.3367948159067,79.43574633865495,77.11903628247967,78.65717315673828,391705000,0.0,0.0,NVDA
2024-02-28 00:00:00-05:00,77.57678328073024,78.88904810428491,77.08205615581203,77.61975860595703,393110000,0.0,0.0,NVDA
2024-02-29 00:00:00-05:00,79.04997492303941,79.94547226995613,78.3063857687766,79.06796264648438,507289000,0.0,0.0,NVDA
2024-03-01 00:00:00-05:00,79.9554544760787,82.25417684232451,79.39076663879457,82.23318481445312,479135000,0.0,0.0,NVDA
2024-03-04 00:00:00-05:00,84.08315120139147,87.64616854479111,83.67238457234258,85.18953704833984,615616000,0.0,0.0,NVDA
2024-03-05 00:00:00-05:00,85.22651962468665,86.05310143549691,83.37446759481172,85.920166015625,520639000,0.004,0.0,NVDA
2024-03-06 00:00:00-05:00,87.97712182383515,89.67824984643924,86.9856232402923,88.65476989746094,582520000,0.0,0.0,NVDA
2024-03-07 00:00:00-05:00,90.11202114454544,92.71969184649807,89.55630492024456,92.62174224853516,608119000,0.0,0.0,NVDA
2024-03-08 00:00:00-05:00,95.08948806655721,97.35033567284756,86.46188588221935,87.48336791992188,1142269000,0.0,0.0,NVDA
2024-03-11 00:00:00-04:00,86.38491984001777,88.75170831683343,84.12307354021831,85.73025512695312,678364000,0.0,0.0,NVDA
2024-03-12 00:00:00-04:00,88.00410652239347,91.91310774958505,86.10607276758905,91.86613464355469,668075000,0.0,0.0,NVDA
2024-03-13 00:00:00-04:00,91.00857421482128,91.45734278263059,88.3899073255105,90.84165954589844,635713000,0.0,0.0,NVDA
2024-03-14 00:00:00-04:00,89.53132517509458,90.59978030033041,86.55583824442805,87.89915466308594,602318000,0.0,0.0,NVDA
2024-03-15 00:00:00-04:00,86.8856706502334,89.50033394584524,86.2130173215006,87.79220581054688,642086000,0.0,0.0,NVDA
2024-03-18 00:00:00-04:00,90.3419098330075,92.35787961611925,87.04059269589636,88.40989685058594,668976000,0.0,0.0,NVDA
2024-03-19 00:00:00-04:00,86.65579447616338,90.49783644933297,84.96666127835144,89.35242462158203,672171000,0.0,0.0,NVDA
2024-03-20 00:00:00-04:00,89.75120114679406,90.3638951089495,88.17800637840647,90.32591247558594,479063000,0.0,0.0,NVDA
2024-03-21 00:00:00-04:00,92.2529387505123,92.60076087628697,90.3589007516049,91.38837432861328,480372000,0.0,0.0,NVDA
2024-03-22 00:00:00-04:00,91.09452364541656,94.72967008042832,90.78768098585184,94.24092102050781,586719000,0.0,0.0,NVDA
2024-03-25 00:00:00-04:00,93.89309629655145,96.71665262612369,93.46231633076846,94.95355224609375,552136000,0.0,0.0,NVDA
2024-03-26 00:00:00-04:00,95.8021170685874,96.32585191995982,92.45482592449682,92.5137939453125,513648000,0.0,0.0,NVDA
2024-03-27 00:00:00-04:00,93.06451960589087,93.19245268869888,89.07755527294492,90.2039794921875,586067000,0.0,0.0,NVDA
2024-03-28 00:00:00-04:00,89.95411521705981,91.2534554870637,89.14752744366601,90.3099365234375,435212000,0.0,0.0,NVDA
2024-04-01 00:00:00-04:00,90.25296231719115,92.17797517190813,89.15851941119853,90.31692504882812,452441000,0.0,0.0,NVDA
2024-04-02 00:00:00-04:00,88.4028863469108,90.04805054821496,87.57531335437362,89.40637969970703,433064000,0.0,0.0,NVDA
2024-04-03 00:00:00-04:00,88.43888912667452,90.32792493292138,88.35493231864154,88.91864013671875,370067000,0.0,0.0,NVDA
2024-04-04 00:00:00-04:00,90.35989492370194,90.58778310646065,85.8362020197599,85.86119079589844,434965000,0.0,0.0,NVDA
2024-04-05 00:00:00-04:00,86.82169600485652,88.43587785170828,85.88218058642197,87.96311950683594,399678000,0.0,0.0,NVDA
2024-04-08 00:00:00-04:00,88.65475649731144,88.7846950725735,86.68776556126254,87.08856201171875,283220000,0.0,0.0,NVDA
2024-04-09 00:00:00-04:00,87.39739525078261,87.59029759028141,82.97965182031417,85.31045532226562,501700000,0.0,0.0,NVDA
2024-04-10 00:00:00-04:00,83.88320224037439,87.35542960706438,83.66631003801581,86.99461364746094,431929000,0.0,0.0,NVDA
2024-04-11 00:00:00-04:00,87.37542414329695,90.69273208355851,86.8816803570947,90.56979370117188,431637000,0.0,0.0,NVDA
2024-04-12 00:00:00-04:00,89.65325833959419,90.1290211698629,87.48536563341473,88.14102935791016,426805000,0.0,0.0,NVDA
2024-04-15 00:00:00-04:00,89.05255868186178,90.56678540632922,85.88517618535235,85.95713806152344,443077000,0.0,0.0,NVDA
2024-04-16 00:00:00-04:00,86.38891334763994,88.07305147013663,86.02010588805292,87.37041473388672,370453000,0.0,0.0,NVDA
2024-04-17 00:00:00-04:00,88.29494666403578,88.72973001771733,83.90718598900048,83.99214935302734,495400000,0.0,0.0,NVDA
2024-04-18 00:00:00-04:00,84.9266740115763,86.14605313921993,82.35998267211264,84.62782287597656,447260000,0.0,0.0,NVDA
2024-04-19 00:00:00-04:00,83.10760101811651,84.28099833646611,75.56744919546927,76.16114044189453,875198000,0.0,0.0,NVDA
2024-04-22 00:00:00-04:00,78.06417460921173,80.0321724749778,76.36104864748893,79.47745513916016,596341000,0.0,0.0,NVDA
2024-04-23 00:00:00-04:00,80.72781776562408,82.72679808163171,80.22307798101387,82.38097381591797,438559000,0.0,0.0,NVDA
2024-04-24 00:00:00-04:00,83.90719970245839,84.03913619183639,79.14263160089992,79.63638305664062,512208000,0.0,0.0,NVDA
2024-04-25 00:00:00-04:00,78.82778575977734,83.28051623028156,78.18311796504497,82.58987426757812,424641000,0.0,0.0,NVDA
2024-04-26 00:00:00-04:00,83.77525942235107,88.28595859317252,83.34447944649524,87.69026184082031,551011000,0.0,0.0,NVDA
2024-04-29 00:00:00-04:00,87.55033742522801,87.94713054569272,85.22252257935692,87.7122573852539,388971000,0.0,0.0,NVDA
2024-04-30 00:00:00-04:00,87.19551848613133,88.77371581096726,86.25600293117195,86.35794830322266,363709000,0.0,0.0,NVDA
2024-05-01 00:00:00-04:00,85.03361435183398,85.95614014617317,81.21355734292688,82.99864959716797,559863000,0.0,0.0,NVDA
2024-05-02 00:00:00-04:00,84.40593290133356,86.19302312746696,83.15756927733226,85.77323913574219,377898000,0.0,0.0,NVDA
2024-05-03 00:00:00-04:00,87.7442309865165,89.23546686580507,86.99561241116382,88.74372100830078,398341000,0.0,0.0,NVDA
2024-05-06 00:00:00-04:00,89.34440498858073,92.17296334453319,89.00957677425819,92.09300231933594,376203000,0.0,0.0,NVDA
2024-05-07 00:00:00-04:00,91.05154141921548,91.73419176081896,88.96560776051032,90.50782012939453,437342000,0.0,0.0,NVDA
2024-05-08 00:00:00-04:00,89.43736345879935,91.14748934800362,89.37439205191707,90.36589050292969,325721000,0.0,0.0,NVDA
2024-05-09 00:00:00-04:00,90.48283300975697,91.02555536852674,88.18600837888344,88.70174407958984,378013000,0.0,0.0,NVDA
2024-05-10 00:00:00-04:00,90.25894513362616,91.35438684926548,89.18149198091324,89.83216094970703,335325000,0.0,0.0,NVDA
2024-05-13 00:00:00-04:00,90.43185974293648,90.95159885169748,88.48385608988069,90.3529052734375,289680000,0.0,0.0,NVDA
2024-05-14 00:00:00-04:00,89.55331737042562,91.60427311943869,88.8886555026712,91.3094253540039,296507000,0.0,0.0,NVDA
2024-05-15 00:00:00-04:00,92.42485211295921,94.81363293144179,91.55229612488634,94.58174896240234,417735000,0.0,0.0,NVDA
2024-05-16 00:00:00-04:00,94.8616117597436,95.77014487035822,94.05501639356171,94.3108901977539,323952000,0.0,0.0,NVDA
2024-05-17 00:00:00-04:00,94.32087446247381,94.69167982059238,91.75917807166952,92.43183135986328,359691000,0.0,0.0,NVDA
2024-05-20 00:00:00-04:00,93.70220057081201,95.15145822277206,93.39236106775267,94.73167419433594,318764000,0.0,0.0,NVDA
2024-05-21 00:00:00-04:00,93.55126534071833,95.35134936664903,93.1324803037148,95.33735656738281,328946000,0.0,0.0,NVDA
2024-05-22 00:00:00-04:00,95.41033161983772,95.97104261511556,93.20145926272119,94.9015884399414,548648000,0.0,0.0,NVDA
2024-05-23 00:00:00-04:00,101.97597026948286,106.26578136298583,101.46822609300973,103.7460708618164,835065000,0.0,0.0,NVDA
2024-05-24 00:00:00-04:00,104.39572928386976,106.42069701496759,102.94747076428304,106.41470336914062,429494000,0.0,0.0,NVDA
2024-05-28 00:00:00-04:00,110.18778556165118,114.88039109228285,109.8269695886833,113.8429183959961,652728000,0.0,0.0,NVDA
2024-05-29 00:00:00-04:00,112.99235261607853,115.43310102209165,110.84444643564275,114.76644134521484,557442000,0.0,0.0,NVDA
2024-05-30 00:00:00-04:00,114.59153447828542,115.75993705260656,109.60707814261482,110.44364929199219,484553000,0.0,0.0,NVDA
2024-05-31 00:00:00-04:00,112.46261619518734,112.6595219559155,106.88546755499186,109.57709503173828,613263000,0.0,0.0,NVDA
2024-06-03 00:00:00-04:00,113.56305829627723,114.94135284423828,111.94587959300615,114.94135284423828,438392000,0.0,0.0,NVDA
2024-06-04 00:00:00-04:00,115.65700669071254,116.54055105021374,113.98685338816156,116.37763214111328,403324000,0.0,0.0,NVDA
2024-06-05 00:00:00-04:00,118.31063824188061,122.3865539456356,117.408098853795,122.3775634765625,528402000,0.0,0.0,NVDA
2024-06-06 00:00:00-04:00,123.98475018522349,125.52296698440452,118.2596737996934,120.93630981445312,664696000,0.0,0.0,NVDA
2024-06-07 00:00:00-04:00,119.70892124903274,121.62994584355768,117.9618191498612,120.82635498046875,412386000,0.0,0.0,NVDA
2024-06-10 00:00:00-04:00,120.30862356189567,123.0372272074531,116.95033628620642,121.72789764404297,313434100,0.0,10.0,NVDA
2024-06-11 00:00:00-04:00,121.71790911261488,122.81744468477636,118.68920642560704,120.85828399658203,222551200,0.01,0.0,NVDA
2024-06-12 00:00:00-04:00,123.00734716397616,126.8257124975509,122.51755894250634,125.14643096923828,299595000,0.0,0.0,NVDA
2024-06-13 00:00:00-04:00,129.33464307228707,129.74447132445016,127.10560139337456,129.55455017089844,260704500,0.0,0.0,NVDA
2024-06-14 00:00:00-04:00,129.90441625095465,132.78317395786428,128.26511837192902,131.82359313964844,309320400,0.0,0.0,NVDA
2024-06-17 00:00:00-04:00,132.9331153831068,133.67278906643185,129.52457044327446,130.92396545410156,288504400,0.0,0.0,NVDA
2024-06-18 00:00:00-04:00,131.08390008465824,136.27168233747813,130.63409563692056,135.52200317382812,294335100,0.0,0.0,NVDA
2024-06-20 00:00:00-04:00,139.74020619139688,140.69978702792184,129.46460449105635,130.72406005859375,517768400,0.0,0.0,NVDA
2024-06-21 00:00:00-04:00,127.0656139833598,130.57411435219748,124.24682083583242,126.5158462524414,649445800,0.0,0.0,NVDA
2024-06-24 00:00:00-04:00,123.18726572238242,124.40674492687346,117.98949375774167,118.05946350097656,476060900,0.0,0.0,NVDA
2024-06-25 00:00:00-04:00,121.14814167969276,126.44587713171062,119.26894878077069,126.03604888916016,414192600,0.0,0.0,NVDA
2024-06-26 00:00:00-04:00,126.07604323280044,128.06518984478126,122.54755446405669,126.34593200683594,362975900,0.0,0.0,NVDA
2024-06-27 00:00:00-04:00,124.04690423190566,126.35592112032522,122.86740877139376,123.93695068359375,252571700,0.0,0.0,NVDA
2024-06-28 00:00:00-04:00,124.52670811618471,127.65536639722576,122.69748913626472,123.48715209960938,315516700,0.0,0.0,NVDA
2024-07-01 00:00:00-04:00,123.41718700299181,124.78659610560356,118.77917237025213,124.24683380126953,284885500,0.0,0.0,NVDA
2024-07-02 00:00:00-04:00,121.07817351581278,123.35720445635805,120.97821782460922,122.61751556396484,218374000,0.0,0.0,NVDA
2024-07-03 00:00:00-04:00,121.60795022813568,128.22511291503906,121.30807553564613,128.22511291503906,215749000,0.0,0.0,NVDA
2024-07-05 00:00:00-04:00,127.32549339805952,128.79487325497558,125.62622385121296,125.77616119384766,214176700,0.0,0.0,NVDA
2024-07-08 00:00:00-04:00,127.43543114348468,130.71403368367476,126.98562679747023,128.14512634277344,237677300,0.0,0.0,NVDA
2024-07-09 00:00:00-04:00,130.29424856790877,133.76276548705792,128.59496354527897,131.3238067626953,285366600,0.0,0.0,NVDA
2024-07-10 00:00:00-04:00,133.9726664675838,135.04221608834806,132.36335454676214,134.852294921875,248978600,0.0,0.0,NVDA
2024-07-11 00:00:00-04:00,135.69192330087128,136.09174607157163,126.99564839391957,127.34549713134766,374782700,0.0,0.0,NVDA
2024-07-12 00:00:00-04:00,128.20514625821357,131.86358478076724,127.16559770787343,129.1847381591797,252680500,0.0,0.0,NVDA
2024-07-15 00:00:00-04:00,130.50414372087192,131.33379047542198,127.1255924372887,128.3850555419922,208326200,0.0,0.0,NVDA
2024-07-16 00:00:00-04:00,128.3850428883488,128.98477699663783,124.52669397454281,126.3059310913086,214769500,0.0,0.0,NVDA
2024-07-17 00:00:00-04:00,121.29807714631912,121.79786321418705,116.670060903269,117.93951416015625,390086200,0.0,0.0,NVDA
2024-07-18 00:00:00-04:00,121.79787742553259,122.34764521478614,116.51013929538239,121.03820037841797,320979500,0.0,0.0,NVDA
2024-07-19 00:00:00-04:00,120.29851774276338,121.54798304467437,117.31979673364096,117.87955474853516,217223800,0.0,0.0,NVDA
2024-07-22 00:00:00-04:00,120.29851430002402,124.0169241522775,119.8087260510085,123.48715209960938,258068900,0.0,0.0,NVDA
2024-07-23 00:00:00-04:00,122.72746539631609,124.63665183286045,122.04775604012886,122.53754425048828,173911000,0.0,0.0,NVDA
2024-07-24 00:00:00-04:00,119.1190116312528,119.89867669033677,113.39146746574805,114.20111846923828,327776900,0.0,0.0,NVDA
2024-07-25 00:00:00-04:00,112.99163342891377,116.580093681362,106.25451947131738,112.2319564819336,460067000,0.0,0.0,NVDA
2024-07-26 00:00:00-04:00,116.14029297278634,116.15028320368103,111.53226465502331,113.01162719726562,293399100,0.0,0.0,NVDA
2024-07-29 00:00:00-04:00,113.64135918454429,116.23024736996389,111.2523823769322,111.54225158691406,248152100,0.0,0.0,NVDA
2024-07-30 00:00:00-04:00,111.47228355856528,111.94208369239041,102.49612986212257,103.68562316894531,486833300,0.0,0.0,NVDA
2024-07-31 00:00:00-04:00,112.85169271533529,118.28935980657482,110.83255278301941,116.96992492675781,473174200,0.0,0.0,NVDA
2024-08-01 00:00:00-04:00,117.47971689042026,120.10859659996095,106.76430191931924,109.16327667236328,523462300,0.0,0.0,NVDA
2024-08-02 00:00:00-04:00,103.71561292679569,108.67349009112934,101.3266359945612,107.22410583496094,482027500,0.0,0.0,NVDA
2024-08-05 00:00:00-04:00,92.020610744235,103.36576087778293,90.65120176374947,100.40702056884766,552842400,0.0,0.0,NVDA
2024-08-06 00:00:00-04:00,103.79557030996848,107.66391734722711,100.50698458680512,104.20539855957031,409012100,0.0,0.0,NVDA
2024-08-07 00:00:00-04:00,107.76386930019544,108.75345120343057,98.64777632103673,98.86768341064453,411440400,0.0,0.0,NVDA
2024-08-08 00:00:00-04:00,101.95635654950479,105.45485898012505,97.47827008281362,104.92508697509766,391910000,0.0,0.0,NVDA
2024-08-09 00:00:00-04:00,105.59480355882924,106.55439192807604,103.38574997554278,104.70518493652344,290844200,0.0,0.0,NVDA
2024-08-12 00:00:00-04:00,106.27452369861088,111.02249199260416,106.21455180262768,108.9733657836914,325559900,0.0,0.0,NVDA
2024-08-13 00:00:00-04:00,112.3918952304853,116.18027460234957,111.53226256952769,116.0903091430664,312646700,0.0,0.0,NVDA
2024-08-14 00:00:00-04:00,118.47929205094907,118.5492618001431,114.02120093884069,118.02948760986328,339246400,0.0,0.0,NVDA
2024-08-15 00:00:00-04:00,118.7091971963176,123.18727640390337,117.41974813678404,122.80744171142578,318086700,0.0,0.0,NVDA
2024-08-16 00:00:00-04:00,121.88782549205811,124.94651370725,121.12814855340164,124.52669525146484,302589900,0.0,0.0,NVDA
2024-08-19 00:00:00-04:00,124.22682769827617,129.9443817138672,123.36719502454015,129.9443817138672,318333600,0.0,0.0,NVDA
2024-08-20 00:00:00-04:00,128.345066215563,129.82444407435935,125.83614544847738,127.19556427001953,300087400,0.0,0.0,NVDA
2024-08-21 00:00:00-04:00,127.26552712895132,129.29466502006431,126.60581346882094,128.4450225830078,257883600,0.0,0.0,NVDA
2024-08-22 00:00:00-04:00,129.96438511048203,130.6940685649148,123.04733950988674,123.68706512451172,376189100,0.0,0.0,NVDA
2024-08-23 00:00:00-04:00,125.80614369005178,129.54454879248973,125.16641816339359,129.31463623046875,323230300,0.0,0.0,NVDA
2024-08-26 00:00:00-04:00,129.5145768150302,131.20384101513017,124.3167968178151,126.40589904785156,331964700,0.0,0.0,NVDA
2024-08-27 00:00:00-04:00,124.99650751528328,129.14472607274774,123.8270022374259,128.2451171875,303134600,0.0,0.0,NVDA
2024-08-28 00:00:00-04:00,128.06518755846798,128.27510443502842,122.58753608006307,125.55626678466797,448101100,0.0,0.0,NVDA
2024-08-29 00:00:00-04:00,121.30807947152184,124.37676573622443,116.66006734390899,117.53968811035156,453023300,0.0,0.0,NVDA
2024-08-30 00:00:00-04:00,119.47885915972935,121.69791057687668,117.169849908653,119.31893157958984,333751600,0.0,0.0,NVDA
2024-09-03 00:00:00-04:00,115.96036355880885,116.1602749319815,107.24409346859224,107.95378875732422,477155100,0.0,0.0,NVDA
2024-09-04 00:00:00-04:00,105.36489768479619,113.22152729745075,104.07544877334824,106.16455078125,372470300,0.0,0.0,NVDA
2024-09-05 00:00:00-04:00,104.94507973247826,109.6030896936583,104.715182404582,107.16413116455078,306850700,0.0,0.0,NVDA
2024-09-06 00:00:00-04:00,107.99378096807179,108.10373451971928,100.90681013303441,102.7860107421875,413638100,0.0,0.0,NVDA
2024-09-09 00:00:00-04:00,104.83512245061276,106.50441370678206,103.64563679939363,106.42444610595703,273912000,0.0,0.0,NVDA
2024-09-10 00:00:00-04:00,107.76386463370491,109.35318822314704,104.90508784485718,108.05374145507812,268283700,0.0,0.0,NVDA
2024-09-11 00:00:00-04:00,109.34319126914343,117.13985668962943,107.37403301447969,116.85997772216797,441422400,0.0,0.0,NVDA
2024-09-12 00:00:00-04:00,116.80000446674823,120.74865704096976,115.34050510922769,119.0992202758789,366052700,0.01,0.0,NVDA
2024-09-13 00:00:00-04:00,119.03923719212747,119.91893319621943,117.5597404845181,119.0592269897461,238358300,0.0,0.0,NVDA
2024-09-16 00:00:00-04:00,116.75001946408975,118.13954300655384,114.32085103611607,116.74002075195312,248772300,0.0,0.0,NVDA
2024-09-17 00:00:00-04:00,118.12954900355818,118.75933823796504,114.79069593440207,115.55043029785156,231925900,0.0,0.0,NVDA
2024-09-18 00:00:00-04:00,115.850318172966,117.659695980885,113.18123422247302,113.33118438720703,310318900,0.0,0.0,NVDA
2024-09-19 00:00:00-04:00,117.30982462581498,119.6190390017094,117.20986038538442,117.82965087890625,293506400,0.0,0.0,NVDA
2024-09-20 00:00:00-04:00,117.0199313836397,118.57940262799143,115.35050480567513,115.96029663085938,382462400,0.0,0.0,NVDA
2024-09-23 00:00:00-04:00,116.51010886475667,116.94995306986277,114.82068489843978,116.22020721435547,206228500,0.0,0.0,NVDA
2024-09-24 00:00:00-04:00,116.48011145817397,121.75831050299728,115.34050229413268,120.82862854003906,354966800,0.0,0.0,NVDA
2024-09-25 00:00:00-04:00,121.9782246233193,124.8972307941946,121.56836894761845,123.46772003173828,284692900,0.0,0.0,NVDA
2024-09-26 00:00:00-04:00,126.75660075164774,127.62629807870698,121.75831219877176,123.99754333496094,302582900,0.0,0.0,NVDA
2024-09-27 00:00:00-04:00,123.9275641535197,123.9875411739155,119.21917738287792,121.35844421386719,271009200,0.0,0.0,NVDA
2024-09-30 00:00:00-04:00,118.26949648274505,121.45840689022769,118.10955522149155,121.39842987060547,226553700,0.0,0.0,NVDA
2024-10-01 00:00:00-04:00,121.72831727949749,122.3980937486427,115.7503683814151,116.95995330810547,302094500,0.0,0.0,NVDA
2024-10-02 00:00:00-04:00,116.40013992758973,119.33912825058258,115.10058192382681,118.80931091308594,221845900,0.0,0.0,NVDA
2024-10-03 00:00:00-04:00,120.87860561160097,124.31743049345978,120.2988023230489,122.80794525146484,277118000,0.0,0.0,NVDA
2024-10-04 00:00:00-04:00,124.89723283717322,124.99719707970252,121.78829684578011,124.87723541259766,243678100,0.0,0.0,NVDA
2024-10-07 00:00:00-04:00,124.94720840149982,130.59527568838965,124.90722118000957,127.67627716064453,346250200,0.0,0.0,NVDA
2024-10-08 00:00:00-04:00,130.2153933149511,133.43429200303964,129.3756845929013,132.84449768066406,285722500,0.0,0.0,NVDA
2024-10-09 00:00:00-04:00,134.06409064908044,134.473953954377,131.33502948270424,132.60458374023438,246191600,0.0,0.0,NVDA
2024-10-10 00:00:00-04:00,131.86485368985453,134.9537923881041,130.95516150253064,134.76385498046875,242311300,0.0,0.0,NVDA
2024-10-11 00:00:00-04:00,133.9641223517835,135.73352074472976,133.61425131031754,134.7538604736328,170209500,0.0,0.0,NVDA
2024-10-14 00:00:00-04:00,136.42329237635488,139.5522259694365,136.25335239175735,138.0227508544922,232347700,0.0,0.0,NVDA
2024-10-15 00:00:00-04:00,137.82280508502743,138.52257769243778,128.6959404665834,131.55496215820312,377831000,0.0,0.0,NVDA
2024-10-16 00:00:00-04:00,133.9341283963689,136.57322399642072,131.53495612489098,135.6735382080078,264879700,0.0,0.0,NVDA
2024-10-17 00:00:00-04:00,139.2923118529861,140.8417844676902,136.8231559081479,136.8831329345703,306435900,0.0,0.0,NVDA
2024-10-18 00:00:00-04:00,138.62252759913224,138.85244459278235,137.23300404466042,137.9527587890625,176090200,0.0,0.0,NVDA
2024-10-21 00:00:00-04:00,138.0827206747143,143.6608123779297,137.95276029474488,143.6608123779297,264554500,0.0,0.0,NVDA
2024-10-22 00:00:00-04:00,142.86110303968678,144.3705808600113,141.731484819394,143.54086303710938,226311600,0.0,0.0,NVDA
2024-10-23 00:00:00-04:00,141.9813779606296,142.38123492807873,137.41295033058282,139.51222229003906,285930000,0.0,0.0,NVDA
2024-10-24 00:00:00-04:00,140.7718017861216,141.30161913611144,138.41260905173522,140.3619384765625,172354900,0.0,0.0,NVDA
2024-10-25 00:00:00-04:00,140.8817548130095,144.08067171203157,140.75180968215267,141.49154663085938,205122100,0.0,0.0,NVDA
2024-10-28 00:00:00-04:00,142.95105547012693,143.09100694226274,140.00206821568727,140.47190856933594,173586700,0.0,0.0,NVDA
2024-10-29 00:00:00-04:00,140.2419668294209,142.21129364579818,138.8524432880062,141.20164489746094,157593600,0.0,0.0,NVDA
2024-10-30 00:00:00-04:00,139.49222584841445,140.28196395700422,136.76316465511044,139.29229736328125,179418100,0.0,0.0,NVDA
2024-10-31 00:00:00-04:00,137.55292462080052,137.5629157078968,132.06479759847417,132.71456909179688,270039600,0.0,0.0,NVDA
2024-11-01 00:00:00-04:00,134.65389558133728,137.26300291330367,134.52395044654537,135.35365295410156,207127800,0.0,0.0,NVDA
2024-11-04 00:00:00-05:00,137.16303982117785,138.91244079735898,135.52360180221356,136.00343322753906,187528200,0.0,0.0,NVDA
2024-11-05 00:00:00-05:00,137.40294177771256,140.3219403030432,137.28298774012364,139.8621063232422,160537400,0.0,0.0,NVDA
2024-11-06 00:00:00-05:00,142.91106349142868,146.43985375430594,141.9114058474733,145.56015014648438,242043900,0.0,0.0,NVDA
2024-11-07 00:00:00-05:00,146.3398874087156,148.8790112085744,146.1199614984642,148.82904052734375,207323300,0.0,0.0,NVDA
2024-11-08 00:00:00-05:00,148.71907691535895,149.71873459260812,146.2099263831815,147.5794677734375,175665800,0.0,0.0,NVDA
2024-11-11 00:00:00-05:00,148.62909347800425,148.79904870323992,143.52085748188875,145.21026611328125,182325600,0.0,0.0,NVDA
2024-11-12 00:00:00-05:00,146.7297346202135,149.59874692031187,145.95999403229789,148.2392120361328,198634700,0.0,0.0,NVDA
2024-11-13 00:00:00-05:00,149.01896932454213,149.27887481548683,145.85004123347073,146.2199249267578,191903300,0.0,0.0,NVDA
2024-11-14 00:00:00-05:00,147.58945090415918,148.94898588208457,145.5001701321721,146.70974731445312,194463300,0.0,0.0,NVDA
2024-11-15 00:00:00-05:00,144.8203910682193,145.1902747512061,140.03203789439084,141.93138122558594,250132900,0.0,0.0,NVDA
2024-11-18 00:00:00-05:00,139.45223367342163,141.50153478170088,137.10303223771245,140.1020050048828,221205300,0.0,0.0,NVDA
2024-11-19 00:00:00-05:00,141.27163159656618,147.0796403153284,140.94174272954967,146.9596710205078,227834900,0.0,0.0,NVDA
2024-11-20 00:00:00-05:00,147.35954130772643,147.50948385732136,142.68113546401185,145.84005737304688,309871700,0.0,0.0,NVDA
2024-11-21 00:00:00-05:00,149.29888738883682,152.83766902515802,140.65183891204953,146.6197967529297,400946600,0.0,0.0,NVDA
2024-11-22 00:00:00-05:00,145.88003080645086,147.10962067545384,141.05169787065546,141.90139770507812,236406200,0.0,0.0,NVDA
2024-11-25 00:00:00-05:00,141.94140761937004,142.00138464304115,135.77352121027207,135.97344970703125,344941900,0.0,0.0,NVDA
2024-11-26 00:00:00-05:00,137.6528702588759,139.25232877348597,135.6235662299349,136.87313842773438,190287700,0.0,0.0,NVDA
2024-11-27 00:00:00-05:00,134.96376655836661,137.17301655731904,131.7548742168772,135.2936553955078,226370900,0.0,0.0,NVDA
2024-11-29 00:00:00-05:00,136.7331843976686,139.30231211006736,136.0034385187834,138.2026824951172,141863200,0.0,0.0,NVDA
2024-12-02 00:00:00-05:00,138.78246325473978,140.401903648449,137.77281459318448,138.58253479003906,171682800,0.0,0.0,NVDA
2024-12-03 00:00:00-05:00,138.21267485883047,140.49189330582607,137.90278339727084,140.2119903564453,164414000,0.0,0.0,NVDA
2024-12-04 00:00:00-05:00,141.95139223046513,145.7400881706811,140.24197086598,145.09031677246094,231224300,0.0,0.0,NVDA
2024-12-05 00:00:00-05:00,145.07032934736787,146.49993108099994,143.9106428157812,145.0203399658203,172621200,0.01,0.0,NVDA
2024-12-06 00:00:00-05:00,144.5604751692698,145.66016529709515,141.27136605108353,142.40106201171875,188505600,0.0,0.0,NVDA
2024-12-09 00:00:00-05:00,138.93199359328304,139.91172129670065,137.0925004855475,138.77203369140625,189308600,0.0,0.0,NVDA
2024-12-10 00:00:00-05:00,138.97197539548316,141.7812196768295,133.7534018405272,135.03306579589844,210020900,0.0,0.0,NVDA
2024-12-11 00:00:00-05:00,137.32243273699547,140.13166176303284,135.173026862483,139.2718963623047,184905200,0.0,0.0,NVDA
2024-12-12 00:00:00-05:00,137.04252103958567,138.40214979482639,135.76287224107875,137.3024444580078,159211400,0.0,0.0,NVDA
2024-12-13 00:00:00-05:00,138.9020072444441,139.56183041879834,132.50374826625531,134.21328735351562,231514900,0.0,0.0,NVDA
2024-12-16 00:00:00-05:00,134.14327863720246,134.36321966164874,130.3843129319086,131.96388244628906,237951100,0.0,0.0,NVDA
2024-12-17 00:00:00-05:00,129.0546920799943,131.5540083659402,126.82530622422306,130.35433959960938,259410300,0.0,0.0,NVDA
2024-12-18 00:00:00-05:00,133.82339933223892,136.6626191312432,128.2449232385065,128.874755859375,277444500,0.0,0.0,NVDA
2024-12-19 00:00:00-05:00,131.72394769790225,133.99333094415113,129.51456085077075,130.6442413330078,209719200,0.0,0.0,NVDA
2024-12-20 00:00:00-05:00,129.7745000485284,135.24300545668208,128.1849385069714,134.6631622314453,306528600,0.0,0.0,NVDA
2024-12-23 00:00:00-05:00,136.24273302531586,139.75176772445488,135.08304656610844,139.63180541992188,176053500,0.0,0.0,NVDA
2024-12-24 00:00:00-05:00,139.9617148258363,141.86118913948326,138.61207790245493,140.18165588378906,105157000,0.0,0.0,NVDA
2024-12-26 00:00:00-05:00,139.66180603983884,140.8115008078877,137.69234337416663,139.89173889160156,116205600,0.0,0.0,NVDA
2024-12-27 00:00:00-05:00,138.51210623580144,138.98197889967045,134.6731602308685,136.97251892089844,170582600,0.0,0.0,NVDA
2024-12-30 00:00:00-05:00,134.79311660884966,140.2316308377207,133.98334063995796,137.452392578125,167734700,0.0,0.0,NVDA
2024-12-31 00:00:00-05:00,137.99226367763055,138.0322612848829,133.79341493856927,134.25328063964844,155659200,0.0,0.0,NVDA
2025-01-02 00:00:00-05:00,135.96280522543205,138.84202245285945,134.5931847895647,138.2721710205078,198247200,0.0,0.0,NVDA
2025-01-03 00:00:00-05:00,139.9717090810043,144.86037131104774,139.69178686675932,144.4304962158203,229322500,0.0,0.0,NVDA
2025-01-06 00:00:00-05:00,148.54936300568127,152.11839407781596,147.77958455274808,149.38912963867188,265377400,0.0,0.0,NVDA
2025-01-07 00:00:00-05:00,152.98814312185272,153.08812187242287,139.97169998670535,140.10166931152344,351782200,0.0,0.0,NVDA
2025-01-08 00:00:00-05:00,142.54101155921632,143.91063203422854,137.5223800692543,140.07168579101562,227349900,0.0,0.0,NVDA
2025-01-10 00:00:00-05:00,137.41242079266553,139.88174676307978,134.18330808313058,135.8728485107422,207602500,0.0,0.0,NVDA
2025-01-13 00:00:00-05:00,129.95446851982027,133.4535116815908,129.4745887600242,133.19357299804688,204808900,0.0,0.0,NVDA
2025-01-14 00:00:00-05:00,136.01278831507346,136.3426998783518,130.01442953826418,131.7239532470703,195590500,0.0,0.0,NVDA
2025-01-15 00:00:00-05:00,133.61345527658474,136.4126928345012,131.25409986764885,136.2027587890625,185217300,0.0,0.0,NVDA
2025-01-16 00:00:00-05:00,138.6020991142272,138.71206965350657,133.4535130811874,133.5334930419922,209235600,0.0,0.0,NVDA
2025-01-17 00:00:00-05:00,136.65262268416788,138.46212527408701,135.4229633158422,137.67234802246094,201188800,0.0,0.0,NVDA
2025-01-21 00:00:00-05:00,139.12194717769367,141.7912151745994,137.05250594430132,140.79148864746094,197749000,0.0,0.0,NVDA
2025-01-22 00:00:00-05:00,144.62047062339892,147.74960487622204,143.63073568135124,147.02981567382812,237651400,0.0,0.0,NVDA
2025-01-23 00:00:00-05:00,145.01034368405638,147.1897403093082,143.6807055002306,147.17974853515625,155915500,0.0,0.0,NVDA
2025-01-24 00:00:00-05:00,148.32942123311412,148.92926325643236,141.84120577881646,142.58099365234375,234657600,0.0,0.0,NVDA
2025-01-27 00:00:00-05:00,124.7658794397831,128.3648859520762,116.668088091544,118.38761901855469,818830900,0.0,0.0,NVDA
2025-01-28 00:00:00-05:00,121.77668294561497,128.96471894622445,116.21820602712087,128.95472717285156,579666400,0.0,0.0,NVDA
2025-01-29 00:00:00-05:00,126.46541333864903,126.8553060976507,120.01717989918284,123.66617584228516,467120600,0.0,0.0,NVDA
2025-01-30 00:00:00-05:00,123.0663342199192,124.96581615087412,118.06770157388424,124.61591339111328,392925500,0.0,0.0,NVDA
2025-01-31 00:00:00-05:00,123.74615511454752,127.81504199868698,119.15741376372098,120.03717041015625,388161100,0.0,0.0,NVDA
2025-02-03 00:00:00-05:00,114.71862375628316,118.53757894355685,112.97910166242248,116.62810516357422,371235700,0.0,0.0,NVDA
2025-02-04 00:00:00-05:00,116.92801344303115,121.16685177317855,116.66808241089754,118.6175537109375,256550000,0.0,0.0,NVDA
2025-02-05 00:00:00-05:00,121.72670769553925,124.96581960402936,120.72698113870702,124.79586791992188,262230800,0.0,0.0,NVDA
2025-02-06 00:00:00-05:00,127.38515593926263,128.7347928917548,125.17576116570511,128.64480590820312,251483600,0.0,0.0,NVDA
2025-02-07 00:00:00-05:00,129.18464838201572,130.3343276557766,124.96580169637689,129.80447387695312,228186300,0.0,0.0,NVDA
2025-02-10 00:00:00-05:00,130.05443339276326,134.9630947980064,129.92447930424598,133.5334930419922,216989100,0.0,0.0,NVDA
2025-02-11 00:00:00-05:00,132.54376130884148,134.4432358451655,130.9841901729766,132.76370239257812,178902400,0.0,0.0,NVDA
2025-02-12 00:00:00-05:00,129.9844674915493,132.20386194641324,129.0447219695379,131.10415649414062,160278600,0.0,0.0,NVDA
2025-02-13 00:00:00-05:00,131.52401516963508,136.46266649297655,131.13412244698262,135.25299072265625,197430000,0.0,0.0,NVDA
2025-02-14 00:00:00-05:00,136.44266486168982,139.21191146517995,135.46293718873886,138.81202697753906,195479600,0.0,0.0,NVDA
2025-02-18 00:00:00-05:00,141.23137649622348,143.40078131766987,137.89227816645598,139.36187744140625,219176600,0.0,0.0,NVDA
2025-02-19 00:00:00-05:00,139.47184726600554,141.32134750878612,137.18248014952957,139.19192504882812,167536000,0.0,0.0,NVDA
2025-02-20 00:00:00-05:00,139.991705837455,140.62153843760984,136.7525863640224,140.07168579101562,143903600,0.0,0.0,NVDA
2025-02-21 00:00:00-05:00,140.0017008694862,141.42132600995674,133.99334973043614,134.3932342529297,228217600,0.0,0.0,NVDA
2025-02-24 00:00:00-05:00,136.52266681200447,138.55211066034528,130.04444248958205,130.244384765625,251381100,0.0,0.0,NVDA
2025-02-25 00:00:00-05:00,129.94444977330787,130.16439082972744,124.4059715229826,126.59536743164062,271428700,0.0,0.0,NVDA
2025-02-26 00:00:00-05:00,129.95446947322534,133.69343728770713,128.4548795357506,131.24411010742188,322553800,0.0,0.0,NVDA
2025-02-27 00:00:00-05:00,134.9630788743497,134.97307064778977,119.9771806223922,120.11714172363281,443175800,0.0,0.0,NVDA
2025-02-28 00:00:00-05:00,117.98772650698133,125.05579305607802,116.36817434407594,124.8858413696289,389091100,0.0,0.0,NVDA
2025-03-03 00:00:00-05:00,123.47622912906817,123.66617198823369,112.2492965435478,114.02880859375,411381400,0.0,0.0,NVDA
2025-03-04 00:00:00-05:00,110.6197462594264,119.27737437091366,110.07989299750376,115.95828247070312,398163300,0.0,0.0,NVDA
2025-03-05 00:00:00-05:00,117.54784364725772,118.24764914601728,114.4786835987416,117.2679214477539,284337900,0.0,0.0,NVDA
2025-03-06 00:00:00-05:00,113.49895407905146,115.31845609620828,110.18986163701831,110.53976440429688,321181900,0.0,0.0,NVDA
2025-03-07 00:00:00-05:00,111.21957864470976,113.44897220636766,107.5305852358904,112.65918731689453,341755500,0.0,0.0,NVDA
2025-03-10 00:00:00-04:00,109.86995202425706,111.81941579292103,105.43116359430405,106.95075225830078,366487400,0.0,0.0,NVDA
2025-03-11 00:00:00-04:00,106.96074247458567,112.20930691241836,104.74134829193281,108.73026275634766,354865700,0.0,0.0,NVDA
2025-03-12 00:00:00-04:00,114.09930053195751,116.73882100614277,112.85951998498375,115.71900177001953,323857500,0.01,0.0,NVDA
2025-03-13 00:00:00-04:00,117.00876245655117,117.73863334670654,113.76935252443205,115.55902862548828,299033100,0.0,0.0,NVDA
2025-03-14 00:00:00-04:00,118.58847644066721,121.85787967708788,118.12856083227834,121.64791870117188,277593500,0.0,0.0,NVDA
2025-03-17 00:00:00-04:00,122.71772499646224,122.86769930249316,118.00858060635532,119.50830841064453,255501500,0.0,0.0,NVDA
2025-03-18 00:00:00-04:00,117.97858323274161,118.99839474842913,114.51921213127834,115.40904998779297,299686900,0.0,0.0,NVDA
2025-03-19 00:00:00-04:00,117.24871784817985,120.42814113812437,115.65901001721268,117.49867248535156,273426200,0.0,0.0,NVDA
2025-03-20 00:00:00-04:00,116.5288475567653,120.17817892707569,116.44886024718888,118.50848388671875,248829700,0.0,0.0,NVDA
2025-03-21 00:00:00-04:00,116.91877807414131,117.96858292451893,115.39904967929496,117.67863464355469,266498500,0.0,0.0,NVDA
2025-03-24 00:00:00-04:00,119.85824123014483,122.19782052957932,119.31833831489072,121.38796997070312,228452500,0.0,0.0,NVDA
2025-03-25 00:00:00-04:00,120.52812446850508,121.26798803028822,118.89841541478116,120.66809844970703,167447200,0.0,0.0,NVDA
2025-03-26 00:00:00-04:00,118.70845626054094,118.81842927999459,112.68954449720724,113.7393569946289,293463300,0.0,0.0,NVDA
2025-03-27 00:00:00-04:00,111.32979509417153,114.42923110356094,110.63992547504299,111.40978240966797,236902100,0.0,0.0,NVDA
2025-03-28 00:00:00-04:00,111.46977019973694,112.84952470784617,109.05021109179135,109.65010070800781,229872500,0.0,0.0,NVDA
2025-03-31 00:00:00-04:00,105.11091847763528,110.93986229194257,103.63119133667838,108.3603286743164,299212700,0.0,0.0,NVDA
2025-04-01 00:00:00-04:00,108.50029591126088,110.17999122900144,106.45067264528599,110.1300048828125,222614000,0.0,0.0,NVDA
2025-04-02 00:00:00-04:00,107.2705266243207,111.95967777974947,106.77061737970816,110.39995574951172,220601200,0.0,0.0,NVDA
2025-04-03 00:00:00-04:00,103.49121334940355,105.61082365222038,101.58155638472346,101.78152465820312,338769400,0.0,0.0,NVDA
2025-04-04 00:00:00-04:00,98.89205625014841,100.11182847125419,92.09328707213024,94.29288482666016,532273800,0.0,0.0,NVDA
2025-04-07 00:00:00-04:00,87.444123819458,101.73153089146867,86.60427995314998,97.62227630615234,611041300,0.0,0.0,NVDA
2025-04-08 00:00:00-04:00,103.79115551332612,105.83078615825814,94.44285411172834,96.28252410888672,476243400,0.0,0.0,NVDA
2025-04-09 00:00:00-04:00,98.87204993981901,115.07910675948129,97.51229618216108,114.30924987792969,612918300,0.0,0.0,NVDA
2025-04-10 00:00:00-04:00,109.35015243101728,110.83987986480561,99.13200610877084,107.55047607421875,437812400,0.0,0.0,NVDA
2025-04-11 00:00:00-04:00,108.4803070767672,111.52975654810143,107.46049556472005,110.90986633300781,313417300,0.0,0.0,NVDA
2025-04-14 00:00:00-04:00,114.08928762467488,114.26925525660798,109.05020155855789,110.68990325927734,264705000,0.0,0.0,NVDA
2025-04-15 00:00:00-04:00,110.94986159507806,113.59938217981927,110.4799456735416,112.17963409423828,228966900,0.0,0.0,NVDA
2025-04-16 00:00:00-04:00,104.53103311878802,106.77062454919468,100.4317709352981,104.47103881835938,397016900,0.0,0.0,NVDA
2025-04-17 00:00:00-04:00,104.43103458781992,104.45103522860795,100.0318394876262,101.47157287597656,292517500,0.0,0.0,NVDA
2025-04-21 00:00:00-04:00,98.75207336541831,99.42195758129023,95.02275450080649,96.89241790771484,288501100,0.0,0.0,NVDA
2025-04-22 00:00:00-04:00,98.76206678289148,99.7918785816798,97.26233908492571,98.8720474243164,241004800,0.0,0.0,NVDA
2025-04-23 00:00:00-04:00,104.5010295750129,104.78098517141211,102.00148324580945,102.69136047363281,247526000,0.0,0.0,NVDA
2025-04-24 00:00:00-04:00,103.46122117055545,106.52066332286202,103.09128558149489,106.41068267822266,220815000,0.0,0.0,NVDA
2025-04-25 00:00:00-04:00,106.83061166162848,111.89969145813895,105.71081975581805,110.98986053466797,251064700,0.0,0.0,NVDA
2025-04-28 00:00:00-04:00,109.67009863041305,110.34997554606154,106.00075877336346,108.71027374267578,207708500,0.0,0.0,NVDA
2025-04-29 00:00:00-04:00,107.65046012276234,110.1799998026459,107.42050613077843,109.00021362304688,170444300,0.0,0.0,NVDA
2025-04-30 00:00:00-04:00,104.45104108413872,108.90023040771484,104.06111247501677,108.90023040771484,235044600,0.0,0.0,NVDA
2025-05-01 00:00:00-04:00,113.05947899879722,114.9191420385801,111.27980327057723,111.5897445678711,236121500,0.0,0.0,NVDA
2025-05-02 00:00:00-04:00,114.15928352450368,115.37906338859757,113.34943293159324,114.4792251586914,190194800,0.0,0.0,NVDA
2025-05-05 00:00:00-04:00,112.88951601094917,114.64919116473993,112.63956137373921,113.79934692382812,133163200,0.0,0.0,NVDA
2025-05-06 00:00:00-04:00,111.45977773347964,114.71918078517231,110.79989381468877,113.51940155029297,158525600,0.0,0.0,NVDA
2025-05-07 00:00:00-04:00,113.02949042053457,117.65864757290291,112.25962586336117,117.03875732421875,206758800,0.0,0.0,NVDA
2025-05-08 00:00:00-04:00,118.22854670795566,118.658469001105,115.82898059800607,117.34870910644531,198428100,0.0,0.0,NVDA
2025-05-09 00:00:00-04:00,117.32869985728382,118.20854502226882,115.18908887008638,116.62882995605469,132972200,0.0,0.0,NVDA
2025-05-12 00:00:00-04:00,121.94787211512306,122.9776840209961,120.25817629208265,122.9776840209961,225023300,0.0,0.0,NVDA
2025-05-13 00:00:00-04:00,124.95732666651305,131.19619232916256,124.44741706637032,129.9064178466797,330430100,0.0,0.0,NVDA
2025-05-14 00:00:00-04:00,133.17581874633882,135.4154176381041,131.65609038206884,135.3154296875,281180800,0.0,0.0,NVDA
2025-05-15 00:00:00-04:00,134.2656162138544,136.2752611112406,132.6359224746836,134.80552673339844,226632600,0.0,0.0,NVDA
2025-05-16 00:00:00-04:00,136.19528579014883,136.32526708518697,133.43579205010155,135.37542724609375,226542500,0.0,0.0,NVDA
2025-05-19 00:00:00-04:00,132.36596428610483,135.84532822832756,132.36596428610483,135.54539489746094,193154600,0.0,0.0,NVDA
2025-05-20 00:00:00-04:00,134.26561082544316,134.55556671475182,132.59591587093482,134.35560607910156,161514200,0.0,0.0,NVDA
2025-05-21 00:00:00-04:00,133.0358430493297,137.3750515435132,130.56629021032253,131.7760772705078,270608700,0.0,0.0,NVDA
2025-05-22 00:00:00-04:00,132.20599574301846,134.22563338103308,131.52612648714359,132.80589294433594,187344000,0.0,0.0,NVDA
2025-05-23 00:00:00-04:00,129.97641506418768,132.65592152877483,129.13657112060253,131.26617431640625,198821300,0.0,0.0,NVDA
2025-05-27 00:00:00-04:00,134.1256417936587,135.63537744884945,133.2857979393918,135.47540283203125,192953600,0.0,0.0,NVDA
2025-05-28 00:00:00-04:00,136.00531758419635,137.22509744866613,134.76553707682788,134.78553771972656,304021100,0.0,0.0,NVDA
2025-05-29 00:00:00-04:00,142.22419152756274,143.46397204605128,137.88498259688382,139.1647491455078,369241900,0.0,0.0,NVDA
2025-05-30 00:00:00-04:00,138.6948289010735,139.59465948344436,132.8958783257386,135.10548400878906,333170900,0.0,0.0,NVDA
2025-06-02 00:00:00-04:00,135.46541564458173,138.09492795630163,135.37542038395227,137.35507202148438,197663100,0.0,0.0,NVDA
2025-06-03 00:00:00-04:00,138.75480693174418,141.97422364617418,137.9249557656252,141.19436645507812,225578800,0.0,0.0,NVDA
2025-06-04 00:00:00-04:00,142.1641966028205,142.36415725393297,139.5146683935161,141.8942413330078,167120800,0.0,0.0,NVDA
2025-06-05 00:00:00-04:00,142.14419665233672,143.97386636815438,138.80480646885346,139.964599609375,231397900,0.0,0.0,NVDA
2025-06-06 00:00:00-04:00,142.4841247816278,143.24399658328852,141.4843063108272,141.69427490234375,153986200,0.0,0.0,NVDA
2025-06-09 00:00:00-04:00,143.16402192873528,144.97369107987248,141.91424872977086,142.6041259765625,185114500,0.0,0.0,NVDA
2025-06-10 00:00:00-04:00,142.66410985007164,144.26381035974757,141.50431668274294,143.9338836669922,155881900,0.0,0.0,NVDA
2025-06-11 00:00:00-04:00,144.59379466225064,144.97375695921582,141.85409623212945,142.81399536132812,167694000,0.01,0.0,NVDA
2025-06-12 00:00:00-04:00,141.9540901919345,144.98374938964844,141.83410852298076,144.98374938964844,162365000,0.0,0.0,NVDA
2025-06-13 00:00:00-04:00,142.4640236398758,143.5639064320885,140.83421673860605,141.95408630371094,180820600,0.0,0.0,NVDA
2025-06-16 00:00:00-04:00,143.33393622751285,146.16360555156524,143.18394388862185,144.6737823486328,183133700,0.0,0.0,NVDA
2025-06-17 00:00:00-04:00,144.4738049491523,145.20371882793046,143.7638778428329,144.1038360595703,139108000,0.0,0.0,NVDA
2025-06-18 00:00:00-04:00,143.9938476821936,145.63366319028128,143.10394808189747,145.46368408203125,161494100,0.0,0.0,NVDA
2025-06-20 00:00:00-04:00,145.43368901636921,146.1836049259659,142.63399990245927,143.83387756347656,242956200,0.0,0.0,NVDA
2025-06-23 00:00:00-04:00,142.48402812138661,144.76377135076248,142.01407957999888,144.15383911132812,154308900,0.0,0.0,NVDA
2025-06-24 00:00:00-04:00,145.54367367470394,147.94341367999496,145.4836828445603,147.88340759277344,187566100,0.0,0.0,NVDA
2025-06-25 00:00:00-04:00,149.25328072295656,154.43269305532343,149.24327207878133,154.29270935058594,269146500,0.0,0.0,NVDA
2025-06-26 00:00:00-04:00,155.9625083392563,156.70243086817015,153.98273459501658,155.00262451171875,198145700,0.0,0.0,NVDA
2025-06-27 00:00:00-04:00,156.02250005395288,158.69221415352254,155.24258871826237,157.73231506347656,263234500,0.0,0.0,NVDA
2025-06-30 00:00:00-04:00,158.38224776867892,158.6422284044636,155.94253394670602,157.97230529785156,194580300,0.0,0.0,NVDA
2025-07-01 00:00:00-04:00,156.27249233706732,157.18239409932116,151.47304203431221,153.2828369140625,213143600,0.0,0.0,NVDA
2025-07-02 00:00:00-04:00,152.962850389823,157.58234297497486,152.95285700312823,157.2323760986328,171224100,0.0,0.0,NVDA
2025-07-03 00:00:00-04:00,158.35225101493015,160.96195919540767,157.7523273944205,159.3221435546875,143716100,0.0,0.0,NVDA
2025-07-07 00:00:00-04:00,158.18227071828886,159.29214695363126,157.3223664705724,158.22227478027344,140139000,0.0,0.0,NVDA
2025-07-08 00:00:00-04:00,159.31214783171163,160.20204749093682,158.3722507239072,159.98207092285156,138133000,0.0,0.0,NVDA
2025-07-09 00:00:00-04:00,161.20193770023792,164.40157611225678,161.14194686393122,162.86175537109375,183656400,0.0,0.0,NVDA
2025-07-10 00:00:00-04:00,164.30159583301895,164.48156834124046,161.5918927660757,164.0816192626953,167704100,0.0,0.0,NVDA
2025-07-11 00:00:00-04:00,163.70165728031435,167.87118822352508,163.4516852914618,164.90151977539062,193633300,0.0,0.0,NVDA
2025-07-14 00:00:00-04:00,165.35146259057728,165.4714595173457,162.00184716942397,164.05162048339844,136975800,0.0,0.0,NVDA
2025-07-15 00:00:00-04:00,171.17081299302788,172.38066881478494,169.18103056842588,170.6808624267578,230627400,0.0,0.0,NVDA
2025-07-16 00:00:00-04:00,171.04083672550954,171.73076187811773,168.88107501049606,171.35079956054688,158831500,0.0,0.0,NVDA
2025-07-17 00:00:00-04:00,172.00073538495315,174.1404950617398,170.81086624213197,172.98062133789062,160841100,0.0,0.0,NVDA
2025-07-18 00:00:00-04:00,173.62054394819432,174.23047621121117,171.24080573231237,172.39068603515625,146456400,0.0,0.0,NVDA
2025-07-21 00:00:00-04:00,172.73065099594356,173.36058531454748,170.9808470061149,171.36080932617188,123126100,0.0,0.0,NVDA
2025-07-22 00:00:00-04:00,171.32080634495316,171.37080379639445,164.5615689540832,167.01129150390625,193114300,0.0,0.0,NVDA
2025-07-23 00:00:00-04:00,169.511004310231,171.24080620570157,167.95118153678195,170.7608642578125,154082200,0.0,0.0,NVDA
2025-07-24 00:00:00-04:00,172.42067791171223,173.81052153075,171.28080627636527,173.7205352783203,128984600,0.0,0.0,NVDA
2025-07-25 00:00:00-04:00,173.59054858813744,174.70042482917586,172.9406275198062,173.48056030273438,122316800,0.0,0.0,NVDA
2025-07-28 00:00:00-04:00,174.00050427681666,176.98016607778243,173.9505068282037,176.73019409179688,140023500,0.0,0.0,NVDA
2025-07-29 00:00:00-04:00,177.94006357342778,179.35990260986108,175.00039060425894,175.49032592773438,154077500,0.0,0.0,NVDA
2025-07-30 00:00:00-04:00,176.49022309733303,179.869849375745,176.0202745228646,179.2499237060547,174312200,0.0,0.0,NVDA
2025-07-31 00:00:00-04:00,182.87950237318685,183.2794667127293,175.9102820488597,177.85006713867188,221685400,0.0,0.0,NVDA
2025-08-01 00:00:00-04:00,174.07048465468185,176.52020701181988,170.8708463561498,173.70053100585938,204529000,0.0,0.0,NVDA
2025-08-04 00:00:00-04:00,175.14037394842856,180.17980241597786,174.500446281802,179.97982788085938,148174600,0.0,0.0,NVDA
2025-08-05 00:00:00-04:00,179.59986897635343,180.23979665506658,175.8802845759961,178.24002075195312,156407600,0.0,0.0,NVDA
2025-08-06 00:00:00-04:00,176.31023710297544,179.87982901005608,176.23024423927978,179.39988708496094,137192300,0.0,0.0,NVDA
2025-08-07 00:00:00-04:00,181.54965397485878,183.85939259097617,178.77996020998395,180.74974060058594,151878400,0.0,0.0,NVDA
2025-08-08 00:00:00-04:00,181.52965464990967,183.27945850723472,180.3797743894202,182.6795196533203,123396700,0.0,0.0,NVDA
2025-08-11 00:00:00-04:00,182.02960317073044,183.8193958765311,180.22980182096376,182.0395965576172,138323200,0.0,0.0,NVDA
2025-08-12 00:00:00-04:00,182.9395060522284,184.4593247511904,179.43989822709233,183.1394805908203,145485700,0.0,0.0,NVDA
2025-08-13 00:00:00-04:00,182.59952443546638,183.9493792108361,179.32990196930365,181.56964111328125,179871700,0.0,0.0,NVDA
2025-08-14 00:00:00-04:00,179.7298534235828,182.99949119039164,179.43989264021437,181.99960327148438,129554000,0.0,0.0,NVDA
2025-08-15 00:00:00-04:00,181.85962676701382,181.87961354108583,178.02004541114613,180.42977905273438,156602200,0.0,0.0,NVDA
2025-08-18 00:00:00-04:00,180.57976314427117,182.91949719839158,180.56975450061333,181.98959350585938,132008000,0.0,0.0,NVDA
2025-08-19 00:00:00-04:00,182.4095478886331,182.47954736718557,175.47033846497254,175.6203155517578,185229200,0.0,0.0,NVDA
2025-08-20 00:00:00-04:00,175.1503706193276,175.9802794498554,168.7810892510499,175.38034057617188,215142700,0.0,0.0,NVDA
2025-08-21 00:00:00-04:00,174.83041312567687,176.88017120538285,173.79052111986658,174.96038818359375,140040900,0.0,0.0,NVDA
2025-08-22 00:00:00-04:00,172.59066018618677,178.56998587344157,171.18081451068767,177.97006225585938,172789400,0.0,0.0,NVDA
2025-08-25 00:00:00-04:00,178.33002804439553,181.88962682620624,176.5502286534902,179.78985595703125,163012800,0.0,0.0,NVDA
2025-08-26 00:00:00-04:00,180.0398187111229,182.36955942503778,178.78995879531527,181.7496337890625,168688200,0.0,0.0,NVDA
2025-08-27 00:00:00-04:00,181.95959791056248,182.46955051009175,179.07993109949993,181.57965087890625,235518900,0.0,0.0,NVDA
2025-08-28 00:00:00-04:00,180.79974711518173,184.44933204343067,176.39023757757423,180.14981079101562,281787800,0.0,0.0,NVDA
2025-08-29 00:00:00-04:00,178.09004428153852,178.130033086625,173.13059331145078,174.1604766845703,243257900,0.0,0.0,NVDA
2025-09-02 00:00:00-04:00,169.980952871088,172.36069109354864,167.20126556823303,170.7608642578125,231164900,0.0,0.0,NVDA
2025-09-03 00:00:00-04:00,171.0408442884315,172.3906992342715,168.86109570238054,170.60089111328125,164424900,0.0,0.0,NVDA
2025-09-04 00:00:00-04:00,170.55090333056648,171.8407521362954,169.39102958990665,171.64077758789062,141670100,0.0,0.0,NVDA
2025-09-05 00:00:00-04:00,168.01117837826322,169.0110663720669,164.05163046676552,167.0012969970703,224441400,0.0,0.0,NVDA
2025-09-08 00:00:00-04:00,167.53122834914853,170.940849905597,167.33125381142952,168.2911376953125,163769100,0.0,0.0,NVDA
2025-09-09 00:00:00-04:00,169.0710489481518,170.96083655380463,166.7213214317911,170.74085998535156,157548400,0.0,0.0,NVDA
2025-09-10 00:00:00-04:00,176.62020974984335,179.26990675759993,175.45034266016896,177.3101348876953,226852000,0.0,0.0,NVDA
2025-09-11 00:00:00-04:00,179.66999584989978,180.26996857097555,176.4701769393558,177.16014099121094,151159300,0.01,0.0,NVDA
2025-09-12 00:00:00-04:00,177.76010410307373,178.59005971058946,176.44017029123495,177.8101043701172,124911000,0.0,0.0,NVDA
2025-09-15 00:00:00-04:00,175.66021109761542,178.84004186496986,174.50027206258352,177.74009704589844,147061600,0.0,0.0,NVDA
2025-09-16 00:00:00-04:00,176.99014687805604,177.49011904437822,174.37029760906842,174.87026977539062,140737800,0.0,0.0,NVDA
2025-09-17 00:00:00-04:00,172.63039291663662,173.1903593144249,168.40063256525568,170.280517578125,211843800,0.0,0.0,NVDA
2025-09-18 00:00:00-04:00,173.9703101424577,177.09014682532762,172.95037791227023,176.23019409179688,191763300,0.0,0.0,NVDA
2025-09-19 00:00:00-04:00,175.7602124903078,178.07008136373162,175.17023376194967,176.66015625,237182100,0.0,0.0,NVDA
2025-09-22 00:00:00-04:00,175.29024236301854,184.53972732383275,174.70027887607205,183.5997772216797,269637000,0.0,0.0,NVDA
2025-09-23 00:00:00-04:00,181.9598706713119,182.409842567533,176.20019683221489,178.42005920410156,192559600,0.0,0.0,NVDA
2025-09-24 00:00:00-04:00,179.75999113536878,179.76998508551358,175.39022416770254,176.96014404296875,143564100,0.0,0.0,NVDA
2025-09-25 00:00:00-04:00,174.47028665549124,180.24996380236055,173.12037093203185,177.68011474609375,191586700,0.0,0.0,NVDA
2025-09-26 00:00:00-04:00,178.16008106951017,179.75999811527313,174.920255917913,178.18008422851562,148573700,0.0,0.0,NVDA
2025-09-29 00:00:00-04:00,180.4199550960203,183.98976381560166,180.30997586310093,181.8398895263672,193063500,0.0,0.0,NVDA
2025-09-30 00:00:00-04:00,182.06986121505474,187.3395719841704,181.4698885277926,186.56961059570312,236981000,0.0,0.0,NVDA
2025-10-01 00:00:00-04:00,185.22969505995906,188.12952754318238,183.88975804814035,187.22958374023438,173844900,0.0,0.0,NVDA
2025-10-02 00:00:00-04:00,189.5894532800495,191.0393695238543,188.04953044946197,188.87948608398438,136805800,0.0,0.0,NVDA
2025-10-03 00:00:00-04:00,189.1794627061203,190.34939569471342,185.36967740169,187.6095428466797,137596900,0.0,0.0,NVDA
2025-10-06 00:00:00-04:00,185.48967202648717,187.21957143407985,183.31979467524326,185.5296630859375,157678100,0.0,0.0,NVDA
2025-10-07 00:00:00-04:00,186.21962980709273,189.0494741147918,183.9897582054133,185.02969360351562,140088000,0.0,0.0,NVDA
2025-10-08 00:00:00-04:00,186.55962017208088,189.58945025835604,186.52960780500513,189.09947204589844,130168900,0.0,0.0,NVDA
2025-10-09 00:00:00-04:00,192.21928773885006,195.28912405123697,191.04935474353755,192.5592803955078,182997200,0.0,0.0,NVDA
2025-10-10 00:00:00-04:00,193.49922565779727,195.6091088464203,182.0398719523004,183.14981079101562,268774400,0.0,0.0,NVDA
2025-10-13 00:00:00-04:00,187.9595379156231,190.09941818271824,185.94965529464977,188.3095245361328,153482800,0.0,0.0,NVDA
2025-10-14 00:00:00-04:00,184.75971529942103,184.78971240822688,179.68999030007896,180.0199737548828,205641400,0.0,0.0,NVDA
2025-10-15 00:00:00-04:00,184.7897166440438,184.85970481354866,177.2801249034248,179.8199920654297,214450500,0.0,0.0,NVDA
2025-10-16 00:00:00-04:00,182.21985578014733,183.26980040587233,179.76000120804414,181.7998809814453,179723300,0.0,0.0,NVDA
2025-10-17 00:00:00-04:00,180.16996892604442,184.08976427610557,179.74000017155936,183.20980834960938,173135200,0.0,0.0,NVDA
2025-10-20 00:00:00-04:00,183.1198152646831,185.18969215276272,181.71988400794234,182.6298370361328,128544700,0.0,0.0,NVDA
2025-10-21 00:00:00-04:00,182.77981647710283,182.77981647710283,179.78999271004406,181.14991760253906,124240200,0.0,0.0,NVDA
2025-10-22 00:00:00-04:00,181.1299112106735,183.42978616900905,176.7501502622395,180.26995849609375,162249600,0.0,0.0,NVDA
2025-10-23 00:00:00-04:00,180.40994799999942,183.01980322210497,179.7799782111653,182.1498565673828,111363700,0.0,0.0,NVDA
2025-10-24 00:00:00-04:00,183.8297551720498,187.45955783835475,183.48977777431884,186.24961853027344,131296700,0.0,0.0,NVDA
2025-10-27 00:00:00-04:00,189.979423148828,191.98930570001696,188.41949722334647,191.47933959960938,153452700,0.0,0.0,NVDA
2025-10-28 00:00:00-04:00,193.03926234185508,203.1386912540773,191.89932637827522,201.01881408691406,297986200,0.0,0.0,NVDA
2025-10-29 00:00:00-04:00,207.96842303697136,212.1781954922272,204.76860414707738,207.02847290039062,308829600,0.0,0.0,NVDA
2025-10-30 00:00:00-04:00,205.1385766163601,206.1485301715792,201.39879452489242,202.8787078857422,178864400,0.0,0.0,NVDA
2025-10-31 00:00:00-04:00,206.43850017947892,207.95841980607935,202.05875446792163,202.47872924804688,179802200,0.0,0.0,NVDA
2025-11-03 00:00:00-05:00,208.06841462190084,211.32822759164594,205.5485506791992,206.8684844970703,180267300,0.0,0.0,NVDA
2025-11-04 00:00:00-05:00,202.98869740675082,203.9586446199207,197.9189723693821,198.67893981933594,188919300,0.0,0.0,NVDA
2025-11-05 00:00:00-05:00,198.75894188581304,202.90870481768462,194.63916080574026,195.1991424560547,171350300,0.0,0.0,NVDA
2025-11-06 00:00:00-05:00,196.40906647995496,197.60899664277025,186.3696319662745,188.0695343017578,223029800,0.0,0.0,NVDA
2025-11-07 00:00:00-05:00,184.8897071775586,188.3095303364016,178.90005019006267,188.1395263671875,264942300,0.0,0.0,NVDA
2025-11-10 00:00:00-05:00,195.09914200543773,199.9288750287355,193.7792081445882,199.03892517089844,198897100,0.0,0.0,NVDA
2025-11-11 00:00:00-05:00,195.14913483203398,195.40911485928362,191.28934919242405,193.1492462158203,176483300,0.0,0.0,NVDA
2025-11-12 00:00:00-05:00,195.70910637927892,195.87909508520013,191.1193655455878,193.78921508789062,154935300,0.0,0.0,NVDA
2025-11-13 00:00:00-05:00,191.03936321053533,191.42934088057365,183.8397672401686,186.84959411621094,207423100,0.0,0.0,NVDA
2025-11-14 00:00:00-05:00,182.8498180673128,190.99935813210442,180.56994624954729,190.15940856933594,186591900,0.0,0.0,NVDA
2025-11-17 00:00:00-05:00,185.95964506857126,188.98947511566342,184.30974305565786,186.58961486816406,173628900,0.0,0.0,NVDA
2025-11-18 00:00:00-05:00,183.36979105504545,184.7897101334883,179.63998782140993,181.3498992919922,213598900,0.0,0.0,NVDA
2025-11-19 00:00:00-05:00,184.7796984316032,187.8495347223247,182.8198161698128,186.50961303710938,247246400,0.0,0.0,NVDA
2025-11-20 00:00:00-05:00,195.9390891568929,195.9890894251709,179.83999453744622,180.62994384765625,343504800,0.0,0.0,NVDA
2025-11-21 00:00:00-05:00,181.22991004695137,184.54971718190046,172.92036011460985,178.8700408935547,346926200,0.0,0.0,NVDA
2025-11-24 00:00:00-05:00,179.48001348627363,183.4897847612219,176.47017128450955,182.5398406982422,256618300,0.0,0.0,NVDA
2025-11-25 00:00:00-05:00,174.90026276869568,178.15008177330986,169.54056066153746,177.8101043701172,320600300,0.0,0.0,NVDA
2025-11-26 00:00:00-05:00,181.61988829154,182.8998157763143,178.2300777211247,180.2499542236328,183852000,0.0,0.0,NVDA
2025-11-28 00:00:00-05:00,179.0000253919654,179.28000857805475,176.49017066740046,176.99014282226562,121332800,0.0,0.0,NVDA
2025-12-01 00:00:00-05:00,174.75027181562072,180.28997214473748,173.67033006996684,179.9099884033203,188131000,0.0,0.0,NVDA
2025-12-02 00:00:00-05:00,181.74987648908228,185.6496685428864,179.98997995570696,181.4499053955078,182632200,0.0,0.0,NVDA
2025-12-03 00:00:00-05:00,181.06992440272873,182.43984327721986,179.1000328161426,179.5800018310547,165138000,0.0,0.0,NVDA
2025-12-04 00:00:00-05:00,181.6199951171875,184.52000427246094,179.9600067138672,183.3800048828125,167364900,0.01,0.0,NVDA
2025-12-05 00:00:00-05:00,183.88999938964844,184.66000366210938,180.91000366210938,182.41000366210938,143971100,0.0,0.0,NVDA
2025-12-08 00:00:00-05:00,182.63999938964844,188.0,182.39999389648438,185.5500030517578,204378100,0.0,0.0,NVDA
2025-12-09 00:00:00-05:00,185.55999755859375,185.72000122070312,183.32000732421875,184.97000122070312,144719700,0.0,0.0,NVDA
2025-12-10 00:00:00-05:00,184.97000122070312,185.47999572753906,182.0399932861328,183.77999877929688,162785400,0.0,0.0,NVDA
2025-12-11 00:00:00-05:00,180.27999877929688,181.32000732421875,176.6199951171875,180.92999267578125,182136600,0.0,0.0,NVDA
2025-12-12 00:00:00-05:00,181.11000061035156,182.82000732421875,174.6199951171875,175.02000427246094,204274900,0.0,0.0,NVDA
2025-12-15 00:00:00-05:00,177.94000244140625,178.4199981689453,175.02999877929688,176.2899932861328,164775600,0.0,0.0,NVDA
2025-12-16 00:00:00-05:00,176.25999450683594,178.49000549316406,174.89999389648438,177.72000122070312,148588100,0.0,0.0,NVDA
2025-12-17 00:00:00-05:00,176.10000610351562,176.1300048828125,170.30999755859375,170.94000244140625,222775500,0.0,0.0,NVDA
2025-12-18 00:00:00-05:00,174.52999877929688,176.14999389648438,171.82000732421875,174.13999938964844,176096000,0.0,0.0,NVDA
2025-12-19 00:00:00-05:00,176.6699981689453,181.4499969482422,176.33999633789062,180.99000549316406,324925900,0.0,0.0,NVDA
2025-12-22 00:00:00-05:00,183.9199981689453,184.16000366210938,182.35000610351562,183.69000244140625,129064400,0.0,0.0,NVDA
2025-12-23 00:00:00-05:00,182.97000122070312,189.3300018310547,182.89999389648438,189.2100067138672,174873600,0.0,0.0,NVDA
2025-12-24 00:00:00-05:00,187.94000244140625,188.91000366210938,186.58999633789062,188.61000061035156,65528500,0.0,0.0,NVDA
2025-12-26 00:00:00-05:00,189.9199981689453,192.69000244140625,188.0,190.52999877929688,139740300,0.0,0.0,NVDA
2025-12-29 00:00:00-05:00,187.7100067138672,188.75999450683594,185.91000366210938,188.22000122070312,120006100,0.0,0.0,NVDA
2025-12-30 00:00:00-05:00,188.24000549316406,188.99000549316406,186.92999267578125,187.5399932861328,97687300,0.0,0.0,NVDA
2025-12-31 00:00:00-05:00,189.57000732421875,190.55999755859375,186.49000549316406,186.5,120100500,0.0,0.0,NVDA
2026-01-02 00:00:00-05:00,189.83999633789062,192.92999267578125,188.25999450683594,188.85000610351562,148240500,0.0,0.0,NVDA
2026-01-05 00:00:00-05:00,191.75999450683594,193.6300048828125,186.14999389648438,188.1199951171875,183529700,0.0,0.0,NVDA
2026-01-06 00:00:00-05:00,190.52000427246094,192.1699981689453,186.82000732421875,187.24000549316406,176862600,0.0,0.0,NVDA
2026-01-07 00:00:00-05:00,188.57000732421875,191.3699951171875,186.55999755859375,189.11000061035156,153543200,0.0,0.0,NVDA
2026-01-08 00:00:00-05:00,189.11000061035156,189.5500030517578,183.7100067138672,185.0399932861328,172457000,0.0,0.0,NVDA
2026-01-09 00:00:00-05:00,185.0800018310547,186.33999633789062,183.6699981689453,184.86000061035156,131327500,0.0,0.0,NVDA
2026-01-12 00:00:00-05:00,183.22000122070312,187.1199951171875,183.02000427246094,184.94000244140625,137968500,0.0,0.0,NVDA
2026-01-13 00:00:00-05:00,185.0,188.11000061035156,183.39999389648438,185.80999755859375,160128900,0.0,0.0,NVDA
2026-01-14 00:00:00-05:00,184.32000732421875,184.4600067138672,180.8000030517578,183.13999938964844,159586100,0.0,0.0,NVDA
2026-01-15 00:00:00-05:00,186.5,189.6999969482422,186.3300018310547,187.0500030517578,206188600,0.0,0.0,NVDA
2026-01-16 00:00:00-05:00,189.0800018310547,190.44000244140625,186.0800018310547,186.22999572753906,187967200,0.0,0.0,NVDA
2026-01-20 00:00:00-05:00,181.89999389648438,182.3800048828125,177.61000061035156,178.07000732421875,223345300,0.0,0.0,NVDA
2026-01-21 00:00:00-05:00,179.0500030517578,185.3800048828125,178.39999389648438,183.32000732421875,200381000,0.0,0.0,NVDA
2026-01-22 00:00:00-05:00,184.75,186.1699981689453,183.92999267578125,184.83999633789062,139636600,0.0,0.0,NVDA
2026-01-23 00:00:00-05:00,187.5,189.60000610351562,186.82000732421875,187.6699981689453,142748100,0.0,0.0,NVDA
2026-01-26 00:00:00-05:00,187.16000366210938,189.1199951171875,185.99000549316406,186.47000122070312,124799600,0.0,0.0,NVDA
2026-01-27 00:00:00-05:00,187.24000549316406,190.0,185.6999969482422,188.52000427246094,143711600,0.0,0.0,NVDA
2026-01-28 00:00:00-05:00,191.27000427246094,192.35000610351562,189.83999633789062,191.52000427246094,148552700,0.0,0.0,NVDA
2026-01-29 00:00:00-05:00,191.33999633789062,193.47999572753906,186.05999755859375,192.50999450683594,171764400,0.0,0.0,NVDA
2026-01-30 00:00:00-05:00,191.2100067138672,194.49000549316406,189.47000122070312,191.1300048828125,178936900,0.0,0.0,NVDA
